frame_index,measured_elapsed_ms,dt_ms,event_ms,update_ms,render_ms,debug_gui_ms,render_capture_ms,display_ms,frame_ms,existing_chunks,loaded_chunks,save_dirty_chunks,save_transactions,save_total_ms,save_max_ms,sections,mesh_dirty_sections,cpu_ready_sections,gpu_buffered_sections,queued_chunk_updates,random_tick_sections,random_tick_blocks,random_tick_sections_processed,random_ticks_dispatched,mesh_rebuilds,mesh_build_total_ms,mesh_build_last_ms,mesh_build_max_ms,solid_faces,transparent_faces,water_faces,flora_faces,solid_vertices,transparent_vertices,water_vertices,flora_vertices,terrain_vertex_stride_bytes,terrain_index_stride_bytes,resident_terrain_vertices,resident_terrain_indices,resident_terrain_vertex_bytes,resident_terrain_index_bytes,resident_terrain_buffer_bytes,actor_count,natural_mob_count,natural_mob_world_cap,natural_mob_local_cap,natural_mob_spawn_attempts,natural_mobs_spawned,natural_mobs_despawned,player_health,player_max_health,terrain_seed,terrain_generation_version,difficulty_profile_version,difficulty_id,post_victory_event_version,post_victory_completed_events,post_victory_active_event,post_victory_event_wave,world_time,day_cycle,daylight,fog_density,simulation_ticks
0,296.119,8,0,4.87875,297.837,0,0,0,302.716,336,335,0,1,2.94392,2.94392,1697,371,2,1136,0,0,0,0,0,1202,1542.93,1.00871,4.07829,154089,12,28048,310,424575,48,112192,1240,32,4,596119,1217910,19075808,4871640,23947448,4,4,12,4,4,4,0,20,20,20260807,5,1,1,1,0,0,0,6102,0.25425,1,0.0015,1
1,303.056,300,0,3.48904,3.35867,0,0,0,6.84771,349,349,0,1,2.94392,2.94392,1769,368,69,1140,0,0,0,0,0,1277,1645.56,1.83337,4.07829,162088,12,29059,392,446785,48,116236,1568,32,4,598472,1223094,19151104,4892376,24043480,4,4,12,4,4,4,0,20,20,20260807,5,1,1,1,0,0,0,6107,0.254458,1,0.0015,5
2,309.769,7,0,2.71871,3.78067,0,0,0,6.49937,350,349,0,1,2.94392,2.94392,1769,366,63,1147,0,0,0,0,0,1279,1649.49,2.00196,4.07829,162193,12,29059,392,447110,48,116236,1568,32,4,601910,1230258,19261120,4921032,24182152,4,4,12,4,4,4,0,20,20,20260807,5,1,1,1,0,0,0,6107,0.254458,1,0.0015,0
3,319.545,10,0,6.42325,3.27771,0,0,0,9.70096,350,350,0,1,2.94392,2.94392,1774,369,56,1154,0,0,0,0,0,1280,1649.94,0.448917,4.07829,162216,12,29127,392,447190,48,116508,1568,32,4,605627,1237788,19380064,4951152,24331216,4,4,12,4,4,4,0,20,20,20260807,5,1,1,1,0,0,0,6107,0.254458,1,0.0015,0
4,338.225,19,0,14.7719,3.81542,0,0,0,18.5873,351,351,0,1,2.94392,2.94392,1779,369,53,1161,0,0,0,0,0,1285,1656.58,1.62058,4.07829,163099,12,29127,408,449629,48,116508,1632,32,4,609945,1247178,19518240,4988712,24506952,4,4,12,4,4,4,0,20,20,20260807,5,1,1,1,0,0,0,6107,0.254458,1,0.0015,0
5,345.208,7,0,3.70808,3.19642,0,0,0,6.9045,351,351,0,1,2.94392,2.94392,1779,367,47,1168,0,0,0,0,0,1287,1660.95,2.13471,4.07829,163099,12,29127,408,449629,48,116508,1632,32,4,612851,1252650,19611232,5010600,24621832,4,4,12,4,4,4,0,20,20,20260807,5,1,1,1,0,0,0,6107,0.254458,1,0.0015,0
6,356.649,11,0,7.99183,3.37763,0,0,0,11.3695,352,352,0,1,2.94392,2.94392,1784,371,41,1174,0,0,0,0,0,1289,1663.35,0.992167,4.07829,163263,12,29127,408,450087,48,116508,1632,32,4,615593,1258134,19698976,5032536,24731512,4,4,12,4,4,4,0,20,20,20260807,5,1,1,1,0,0,0,6107,0.254458,1,0.0015,0
7,362.54,6,0,2.6845,3.12017,0,0,0,5.80467,352,352,0,1,2.94392,2.94392,1784,367,36,1180,0,0,0,0,0,1292,1666.94,1.17729,4.07829,163407,12,29381,408,450479,48,117524,1632,32,4,617427,1262298,19757664,5049192,24806856,4,4,12,4,4,4,0,20,20,20260807,5,1,1,1,0,0,0,6108,0.2545,1,0.0015,1
8,386.558,24,0,19.5915,4.35667,0,0,0,23.9482,353,353,0,1,2.94392,2.94392,1789,367,33,1186,0,0,0,0,0,1297,1672.06,1.49158,4.07829,163564,12,29381,408,450893,48,117524,1632,32,4,620412,1268004,19853184,5072016,24925200,4,4,12,4,4,4,0,20,20,20260807,5,1,1,1,0,0,0,6108,0.2545,1,0.0015,0
9,394.51,8,0,3.66129,4.20658,0,0,0,7.86787,353,353,0,1,2.94392,2.94392,1789,367,25,1190,0,0,0,0,0,1297,1672.06,1.49158,4.07829,163564,12,29381,408,450893,48,117524,1632,32,4,622457,1272462,19918624,5089848,25008472,4,4,12,4,4,4,0,20,20,20260807,5,1,1,1,0,0,0,6108,0.2545,1,0.0015,0
10,403.929,9,0,5.10529,4.23217,0,0,0,9.33746,353,353,0,1,2.94392,2.94392,1789,367,17,1196,0,0,0,0,0,1297,1672.06,1.49158,4.07829,163564,12,29381,408,450893,48,117524,1632,32,4,624839,1277100,19994848,5108400,25103248,4,4,12,4,4,4,0,20,20,20260807,5,1,1,1,0,0,0,6108,0.2545,1,0.0015,0
11,419.901,16,0,11.6847,4.14658,0,0,0,15.8313,353,353,0,1,2.94392,2.94392,1789,366,10,1202,0,0,0,0,0,1298,1701.4,29.338,29.338,163909,12,29381,408,451816,48,117524,1632,32,4,627809,1283352,20089888,5133408,25223296,4,4,12,4,4,4,0,20,20,20260807,5,1,1,1,0,0,0,6109,0.254542,1,0.0015,1
12,426.749,7,0,2.71954,4.04387,0,0,0,6.76342,353,353,0,1,2.94392,2.94392,1789,366,2,1208,0,0,0,0,0,1298,1701.4,29.338,29.338,163909,12,29381,408,451816,48,117524,1632,32,4,630749,1289106,20183968,5156424,25340392,4,4,12,4,4,4,0,20,20,20260807,5,1,1,1,0,0,0,6109,0.254542,1,0.0015,0
13,438.695,12,0,7.57367,4.29842,0,0,0,11.8721,354,353,0,1,2.94392,2.94392,1789,366,0,1209,0,0,0,0,0,1299,1712.69,11.2941,29.338,163909,12,29381,408,451816,48,117524,1632,32,4,630897,1289424,20188704,5157696,25346400,4,4,12,4,4,4,0,20,20,20260807,5,1,1,1,0,0,0,6109,0.254542,1,0.0015,0
14,444.408,6,0,2.08629,3.55262,0,0,0,5.63892,354,353,0,1,2.94392,2.94392,1789,366,0,1209,0,0,0,0,0,1299,1712.69,11.2941,29.338,163909,12,29381,408,451816,48,117524,1632,32,4,630897,1289424,20188704,5157696,25346400,4,4,12,4,4,4,0,20,20,20260807,5,1,1,1,0,0,0,6109,0.254542,1,0.0015,0
15,451.238,7,0,2.07388,4.68262,0,0,0,6.7565,354,353,0,1,2.94392,2.94392,1789,366,0,1209,0,0,0,0,0,1299,1712.69,11.2941,29.338,163909,12,29381,408,451816,48,117524,1632,32,4,630897,1289424,20188704,5157696,25346400,4,4,12,4,4,4,0,20,20,20260807,5,1,1,1,0,0,0,6109,0.254542,1,0.0015,0
16,458.2,7,0,2.62387,4.24804,0,0,0,6.87192,354,353,0,1,2.94392,2.94392,1789,366,0,1209,0,0,0,0,0,1299,1712.69,11.2941,29.338,163909,12,29381,408,451816,48,117524,1632,32,4,630897,1289424,20188704,5157696,25346400,4,4,12,4,4,4,0,20,20,20260807,5,1,1,1,0,0,0,6110,0.254583,1,0.0015,1
17,470.001,11,0,1.97679,9.74658,0,0,0,11.7234,354,353,0,1,2.94392,2.94392,1789,366,0,1209,0,0,0,0,0,1299,1712.69,11.2941,29.338,163909,12,29381,408,451816,48,117524,1632,32,4,630897,1289424,20188704,5157696,25346400,4,4,12,4,4,4,0,20,20,20260807,5,1,1,1,0,0,0,6110,0.254583,1,0.0015,0
18,476.354,7,0,2.09775,4.17938,0,0,0,6.27712,354,354,0,1,2.94392,2.94392,1794,370,0,1209,0,0,0,0,0,1299,1712.69,11.2941,29.338,163909,12,29381,408,451816,48,117524,1632,32,4,630897,1289424,20188704,5157696,25346400,4,4,12,4,4,4,0,20,20,20260807,5,1,1,1,0,0,0,6110,0.254583,1,0.0015,0
19,486.086,9,0,5.61025,4.04758,0,0,0,9.65783,354,354,0,1,2.94392,2.94392,1794,369,0,1210,0,0,0,0,0,1300,1715.31,2.61742,29.338,163926,12,29381,408,451865,48,117524,1632,32,4,630946,1289526,20190272,5158104,25348376,4,4,12,4,4,4,0,20,20,20260807,5,1,1,1,0,0,0,6110,0.254583,1,0.0015,0
20,492.269,7,0,2.09554,4.00971,0,0,0,6.10525,354,354,0,1,2.94392,2.94392,1794,369,0,1210,0,0,0,0,0,1300,1715.31,2.61742,29.338,163926,12,29381,408,451865,48,117524,1632,32,4,630946,1289526,20190272,5158104,25348376,4,4,12,4,4,4,0,20,20,20260807,5,1,1,1,0,0,0,6110,0.254583,1,0.0015,0
21,503.822,11,0,2.24758,9.23158,0,0,0,11.4792,354,354,0,1,2.94392,2.94392,1794,369,1,1210,0,0,0,0,0,1301,1733.89,18.5817,29.338,164371,12,29381,408,453057,48,117524,1632,32,4,630946,1289526,20190272,5158104,25348376,4,4,12,4,4,4,0,20,20,20260807,5,1,1,1,0,0,0,6110,0.254583,1,0.0015,0
22,518.923,15,0,11.6148,3.41229,0,0,0,15.027,355,354,0,1,2.94392,2.94392,1794,366,1,1212,0,0,0,0,0,1304,1742.18,2.98717,29.338,164567,12,29381,408,453577,48,117524,1632,32,4,632658,1293372,20245056,5173488,25418544,4,4,12,4,4,4,0,20,20,20260807,5,1,1,1,0,0,0,6111,0.254625,1,0.0015,1
23,525.879,7,0,3.31087,3.54992,0,0,0,6.86079,355,355,0,1,2.94392,2.94392,1800,371,0,1212,0,0,0,0,0,1304,1742.18,2.98717,29.338,164567,12,29381,408,453577,48,117524,1632,32,4,632658,1293372,20245056,5173488,25418544,4,4,12,4,4,4,0,20,20,20260807,5,1,1,1,0,0,0,6111,0.254625,1,0.0015,0
24,535.924,10,0,6.56325,3.40921,0,0,0,9.97246,355,355,0,1,2.94392,2.94392,1800,367,2,1214,0,0,0,0,0,1308,1747.32,1.07808,29.338,165338,12,29381,428,455690,48,117524,1712,32,4,634112,1296468,20291584,5185872,25477456,4,4,12,4,4,4,0,20,20,20260807,5,1,1,1,0,0,0,6111,0.254625,1,0.0015,0
25,564.431,29,0,25.2837,3.10967,0,0,0,28.3934,357,356,0,1,2.94392,2.94392,1805,367,5,1216,0,0,0,0,0,1314,1754.74,2.1885,29.338,166381,12,29433,428,458601,48,117732,1712,32,4,634851,1298118,20315232,5192472,25507704,4,4,12,4,4,4,0,20,20,20260807,5,1,1,1,0,0,0,6111,0.254625,1,0.0015,0
26,572.712,8,0,4.53629,3.67046,0,0,0,8.20675,357,357,0,1,2.94392,2.94392,1810,371,0,1220,0,0,0,0,0,1314,1754.74,2.1885,29.338,166381,12,29433,428,458601,48,117732,1712,32,4,637970,1304688,20415040,5218752,25633792,4,4,12,4,4,4,0,20,20,20260807,5,1,1,1,0,0,0,6112,0.254667,1,0.0015,1
27,585.292,13,0,9.15496,3.34646,0,0,0,12.5014,358,357,0,1,2.94392,2.94392,1810,367,3,1221,0,0,0,0,0,1319,1762.34,1.66146,29.338,166484,12,29433,428,458885,48,117732,1712,32,4,638080,1304940,20418560,5219760,25638320,4,4,12,4,4,4,0,20,20,20260807,5,1,1,1,0,0,0,6112,0.254667,1,0.0015,0
28,593.454,8,0,3.98442,4.10671,0,0,0,8.09112,358,358,0,1,2.94392,2.94392,1815,371,0,1222,0,0,0,0,0,1319,1762.34,1.66146,29.338,166484,12,29433,428,458885,48,117732,1712,32,4,638254,1305306,20424128,5221224,25645352,4,4,12,4,4,4,0,20,20,20260807,5,1,1,1,0,0,0,6112,0.254667,1,0.0015,0
29,601.611,8,0,4.90808,3.17683,0,0,0,8.08492,359,358,0,1,2.94392,2.94392,1815,367,2,1225,0,0,0,0,0,1324,1767.5,1.00517,29.338,166896,12,29433,442,460091,48,117732,1768,32,4,639516,1307862,20464512,5231448,25695960,4,4,12,4,4,4,0,20,20,20260807,5,1,1,1,0,0,0,6112,0.254667,1,0.0015,0
30,607.573,6,0,2.18021,3.70775,0,0,0,5.88796,359,358,0,1,2.94392,2.94392,1815,367,0,1225,0,0,0,0,0,1324,1767.5,1.00517,29.338,166896,12,29433,442,460091,48,117732,1768,32,4,639516,1307862,20464512,5231448,25695960,4,4,12,4,4,4,0,20,20,20260807,5,1,1,1,0,0,0,6113,0.254708,1,0.0015,1
31,616.332,9,0,2.49071,6.19583,0,0,0,8.68654,359,359,0,1,2.94392,2.94392,1820,372,0,1225,0,0,0,0,0,1324,1767.5,1.00517,29.338,166896,12,29433,442,460091,48,117732,1768,32,4,639516,1307862,20464512,5231448,25695960,4,4,12,4,4,4,0,20,20,20260807,5,1,1,1,0,0,0,6113,0.254708,1,0.0015,0
32,622.305,6,0,2.86221,3.02862,0,0,0,5.89083,360,359,0,1,2.94392,2.94392,1820,367,1,1228,0,0,0,0,0,1329,1772.55,0.955834,29.338,167283,12,29433,470,461152,48,117732,1880,32,4,640689,1310352,20502048,5241408,25743456,4,4,12,4,4,4,0,20,20,20260807,5,1,1,1,0,0,0,6113,0.254708,1,0.0015,0
33,633.056,10,0,2.23292,8.35042,0,0,0,10.5833,360,359,0,1,2.94392,2.94392,1820,367,0,1228,0,0,0,0,0,1329,1772.55,0.955834,29.338,167283,12,29433,470,461152,48,117732,1880,32,4,640689,1310352,20502048,5241408,25743456,4,4,12,4,4,4,0,20,20,20260807,5,1,1,1,0,0,0,6113,0.254708,1,0.0015,0
34,638.569,6,0,2.16363,3.26833,0,0,0,5.43196,360,360,0,1,2.94392,2.94392,1825,371,0,1228,0,0,0,0,0,1329,1772.55,0.955834,29.338,167283,12,29433,470,461152,48,117732,1880,32,4,640689,1310352,20502048,5241408,25743456,4,4,12,4,4,4,0,20,20,20260807,5,1,1,1,0,0,0,6113,0.254708,1,0.0015,0
35,654.241,16,0,12.584,3.00446,0,0,0,15.5885,361,361,0,1,2.94392,2.94392,1830,372,2,1231,0,0,0,0,0,1334,1778.28,1.05558,29.338,167884,12,29433,470,462830,48,117732,1880,32,4,642334,1313898,20554688,5255592,25810280,4,4,12,4,4,4,0,20,20,20260807,5,1,1,1,0,0,0,6113,0.254708,1,0.0015,0
36,660.252,6,0,2.64863,3.28983,0,0,0,5.93846,361,361,0,1,2.94392,2.94392,1830,369,1,1233,0,0,0,0,0,1336,1781.81,2.66258,29.338,168224,12,29433,486,463779,48,117732,1944,32,4,642708,1314594,20566656,5258376,25825032,4,4,12,4,4,4,0,20,20,20260807,5,1,1,1,0,0,0,6114,0.25475,1,0.0015,1
37,668.617,9,0,4.84008,3.44238,0,0,0,8.28246,361,361,0,1,2.94392,2.94392,1830,367,2,1235,0,0,0,0,0,1339,1785.99,0.953667,29.338,168732,12,29433,486,465155,48,117732,1944,32,4,644756,1319142,20632192,5276568,25908760,4,4,12,4,4,4,0,20,20,20260807,5,1,1,1,0,0,0,6114,0.25475,1,0.0015,0
38,674.379,6,0,2.11525,3.57058,0,0,0,5.68583,361,361,0,1,2.94392,2.94392,1830,367,0,1235,0,0,0,0,0,1339,1785.99,0.953667,29.338,168732,12,29433,486,465155,48,117732,1944,32,4,644756,1319142,20632192,5276568,25908760,4,4,12,4,4,4,0,20,20,20260807,5,1,1,1,0,0,0,6114,0.25475,1,0.0015,0
39,682.893,8,0,2.11692,6.31529,0,0,0,8.43221,361,361,0,1,2.94392,2.94392,1830,367,0,1235,0,0,0,0,0,1339,1785.99,0.953667,29.338,168732,12,29433,486,465155,48,117732,1944,32,4,644756,1319142,20632192,5276568,25908760,4,4,12,4,4,4,0,20,20,20260807,5,1,1,1,0,0,0,6114,0.25475,1,0.0015,0
40,689.19,7,0,2.18642,3.99425,0,0,0,6.18067,361,361,0,1,2.94392,2.94392,1830,367,0,1235,0,0,0,0,0,1339,1785.99,0.953667,29.338,168732,12,29433,486,465155,48,117732,1944,32,4,644756,1319142,20632192,5276568,25908760,4,4,12,4,4,4,0,20,20,20260807,5,1,1,1,0,0,0,6114,0.25475,1,0.0015,0
41,700.456,11,0,2.30246,8.88012,0,0,0,11.1826,361,361,0,1,2.94392,2.94392,1830,367,0,1235,0,0,0,0,0,1339,1785.99,0.953667,29.338,168732,12,29433,486,465155,48,117732,1944,32,4,644756,1319142,20632192,5276568,25908760,4,4,12,4,4,4,0,20,20,20260807,5,1,1,1,0,0,0,6114,0.25475,1,0.0015,0
42,705.98,5,0,2.24812,3.18908,0,0,0,5.43721,361,361,0,1,2.94392,2.94392,1830,367,0,1235,0,0,0,0,0,1339,1785.99,0.953667,29.338,168732,12,29433,486,465155,48,117732,1944,32,4,644756,1319142,20632192,5276568,25908760,4,4,12,4,4,4,0,20,20,20260807,5,1,1,1,0,0,0,6115,0.254792,1,0.0015,1
43,716.413,11,0,2.22304,8.13508,0,0,0,10.3581,361,361,0,1,2.94392,2.94392,1830,367,0,1235,0,0,0,0,0,1339,1785.99,0.953667,29.338,168732,12,29433,486,465155,48,117732,1944,32,4,644756,1319142,20632192,5276568,25908760,4,4,12,4,4,4,0,20,20,20260807,5,1,1,1,0,0,0,6115,0.254792,1,0.0015,0
44,722.255,6,0,2.26863,3.48896,0,0,0,5.75758,361,361,0,1,2.94392,2.94392,1830,367,0,1235,0,0,0,0,0,1339,1785.99,0.953667,29.338,168732,12,29433,486,465155,48,117732,1944,32,4,644756,1319142,20632192,5276568,25908760,4,4,12,4,4,4,0,20,20,20260807,5,1,1,1,0,0,0,6115,0.254792,1,0.0015,0
45,736.627,14,0,2.73296,11.5603,0,0,0,14.2933,361,361,0,1,2.94392,2.94392,1830,367,0,1235,0,0,0,0,0,1339,1785.99,0.953667,29.338,168732,12,29433,486,465155,48,117732,1944,32,4,644756,1319142,20632192,5276568,25908760,4,4,12,4,4,4,0,20,20,20260807,5,1,1,1,0,0,0,6115,0.254792,1,0.0015,0
46,749.958,13,0,2.15867,11.0875,0,0,0,13.2461,361,361,0,1,2.94392,2.94392,1830,367,0,1235,0,0,0,0,0,1339,1785.99,0.953667,29.338,168732,12,29433,486,465155,48,117732,1944,32,4,644756,1319142,20632192,5276568,25908760,4,4,12,4,4,4,0,20,20,20260807,5,1,1,1,0,0,0,6115,0.254792,1,0.0015,0
47,755.869,6,0,2.20583,3.60804,0,0,0,5.81388,361,361,0,1,2.94392,2.94392,1830,367,0,1235,0,0,0,0,0,1339,1785.99,0.953667,29.338,168732,12,29433,486,465155,48,117732,1944,32,4,644756,1319142,20632192,5276568,25908760,4,4,12,4,4,4,0,20,20,20260807,5,1,1,1,0,0,0,6116,0.254833,1,0.0015,1
48,766.995,11,0,2.42317,8.61546,0,0,0,11.0386,361,361,0,1,2.94392,2.94392,1830,367,0,1235,0,0,0,0,0,1339,1785.99,0.953667,29.338,168732,12,29433,486,465155,48,117732,1944,32,4,644756,1319142,20632192,5276568,25908760,4,4,12,4,4,4,0,20,20,20260807,5,1,1,1,0,0,0,6116,0.254833,1,0.0015,0
49,773.102,6,0,2.21687,3.812,0,0,0,6.02888,361,361,0,1,2.94392,2.94392,1830,367,0,1235,0,0,0,0,0,1339,1785.99,0.953667,29.338,168732,12,29433,486,465155,48,117732,1944,32,4,644756,1319142,20632192,5276568,25908760,4,4,12,4,4,4,0,20,20,20260807,5,1,1,1,0,0,0,6116,0.254833,1,0.0015,0
50,782.875,10,0,2.24412,7.44075,0,0,0,9.68487,361,361,0,1,2.94392,2.94392,1830,367,0,1235,0,0,0,0,0,1339,1785.99,0.953667,29.338,168732,12,29433,486,465155,48,117732,1944,32,4,644756,1319142,20632192,5276568,25908760,4,4,12,4,4,4,0,20,20,20260807,5,1,1,1,0,0,0,6116,0.254833,1,0.0015,0
51,788.395,6,0,2.29483,3.13158,0,0,0,5.42642,361,361,0,1,2.94392,2.94392,1830,367,0,1235,0,0,0,0,0,1339,1785.99,0.953667,29.338,168732,12,29433,486,465155,48,117732,1944,32,4,644756,1319142,20632192,5276568,25908760,4,4,12,4,4,4,0,20,20,20260807,5,1,1,1,0,0,0,6116,0.254833,1,0.0015,0
52,799.595,11,0,2.24313,8.88092,0,0,0,11.124,361,361,0,1,2.94392,2.94392,1830,367,0,1235,0,0,0,0,0,1339,1785.99,0.953667,29.338,168732,12,29433,486,465155,48,117732,1944,32,4,644756,1319142,20632192,5276568,25908760,4,4,12,4,4,4,0,20,20,20260807,5,1,1,1,0,0,0,6116,0.254833,1,0.0015,0
53,805.094,5,0,2.2925,3.11154,0,0,0,5.40404,361,361,0,1,2.94392,2.94392,1830,367,0,1235,0,0,0,0,0,1339,1785.99,0.953667,29.338,168732,12,29433,486,465155,48,117732,1944,32,4,644756,1319142,20632192,5276568,25908760,4,4,12,4,4,4,0,20,20,20260807,5,1,1,1,0,0,0,6117,0.254875,1,0.0015,1
54,817.305,13,0,2.38596,9.70875,0,0,0,12.0947,361,361,0,1,2.94392,2.94392,1830,367,0,1235,0,0,0,0,0,1339,1785.99,0.953667,29.338,168732,12,29433,486,465155,48,117732,1944,32,4,644756,1319142,20632192,5276568,25908760,4,4,12,4,4,4,0,20,20,20260807,5,1,1,1,0,0,0,6117,0.254875,1,0.0015,0
55,823.653,6,0,2.47729,3.78421,0,0,0,6.2615,361,361,0,1,2.94392,2.94392,1830,367,0,1235,0,0,0,0,0,1339,1785.99,0.953667,29.338,168732,12,29433,486,465155,48,117732,1944,32,4,644756,1319142,20632192,5276568,25908760,4,4,12,4,4,4,0,20,20,20260807,5,1,1,1,0,0,0,6117,0.254875,1,0.0015,0
56,840.154,16,0,2.33129,14.0966,0,0,0,16.4279,361,361,0,1,2.94392,2.94392,1830,367,0,1235,0,0,0,0,0,1339,1785.99,0.953667,29.338,168732,12,29433,486,465155,48,117732,1944,32,4,644756,1319142,20632192,5276568,25908760,4,4,12,4,4,4,0,20,20,20260807,5,1,1,1,0,0,0,6117,0.254875,1,0.0015,0
57,847.736,8,0,4.21017,3.24275,0,0,0,7.45292,361,361,0,1,2.94392,2.94392,1830,367,0,1235,0,0,0,0,0,1339,1785.99,0.953667,29.338,168732,12,29433,486,465155,48,117732,1944,32,4,644756,1319142,20632192,5276568,25908760,4,4,12,4,4,4,0,20,20,20260807,5,1,1,1,0,0,0,6117,0.254875,1,0.0015,0
58,853.324,6,0,2.34054,3.17254,0,0,0,5.51308,361,361,0,1,2.94392,2.94392,1830,367,0,1235,0,0,0,0,0,1339,1785.99,0.953667,29.338,168732,12,29433,486,465155,48,117732,1944,32,4,644756,1319142,20632192,5276568,25908760,4,4,12,4,4,4,0,20,20,20260807,5,1,1,1,0,0,0,6118,0.254917,1,0.0015,1
59,867.58,14,0,2.15617,12.0154,0,0,0,14.1716,361,361,0,1,2.94392,2.94392,1830,367,0,1235,0,0,0,0,0,1339,1785.99,0.953667,29.338,168732,12,29433,486,465155,48,117732,1944,32,4,644756,1319142,20632192,5276568,25908760,4,4,12,4,4,4,0,20,20,20260807,5,1,1,1,0,0,0,6118,0.254917,1,0.0015,0
60,874.308,7,0,2.35058,4.29171,0,0,0,6.64229,361,361,0,1,2.94392,2.94392,1830,367,0,1235,0,0,0,0,0,1339,1785.99,0.953667,29.338,168732,12,29433,486,465155,48,117732,1944,32,4,644756,1319142,20632192,5276568,25908760,4,4,12,4,4,4,0,20,20,20260807,5,1,1,1,0,0,0,6118,0.254917,1,0.0015,0
61,886.745,12,0,2.38017,9.92812,0,0,0,12.3083,361,361,0,1,2.94392,2.94392,1830,367,0,1235,0,0,0,0,0,1339,1785.99,0.953667,29.338,168732,12,29433,486,465155,48,117732,1944,32,4,644756,1319142,20632192,5276568,25908760,4,4,12,4,4,4,0,20,20,20260807,5,1,1,1,0,0,0,6118,0.254917,1,0.0015,0
62,892.061,5,0,2.09858,3.13071,0,0,0,5.22929,361,361,0,1,2.94392,2.94392,1830,367,0,1235,0,0,0,0,0,1339,1785.99,0.953667,29.338,168732,12,29433,486,465155,48,117732,1944,32,4,644756,1319142,20632192,5276568,25908760,4,4,12,4,4,4,0,20,20,20260807,5,1,1,1,0,0,0,6118,0.254917,1,0.0015,0
63,900.369,9,0,2.42908,5.80283,0,0,0,8.23192,361,361,0,1,2.94392,2.94392,1830,367,0,1235,0,0,0,0,0,1339,1785.99,0.953667,29.338,168732,12,29433,486,465155,48,117732,1944,32,4,644756,1319142,20632192,5276568,25908760,4,4,12,4,4,4,0,20,20,20260807,5,1,1,1,0,0,0,6118,0.254917,1,0.0015,0
64,908.098,7,0,2.23367,5.41533,0,0,0,7.649,361,361,0,1,2.94392,2.94392,1830,367,0,1235,0,0,0,0,0,1339,1785.99,0.953667,29.338,168732,12,29433,486,465155,48,117732,1944,32,4,644756,1319142,20632192,5276568,25908760,4,4,12,4,4,4,0,20,20,20260807,5,1,1,1,0,0,0,6119,0.254958,1,0.0015,1
65,917.621,10,0,2.23525,7.14546,0,0,0,9.38071,361,361,0,1,2.94392,2.94392,1830,367,0,1235,0,0,0,0,0,1339,1785.99,0.953667,29.338,168732,12,29433,486,465155,48,117732,1944,32,4,644756,1319142,20632192,5276568,25908760,4,4,12,4,4,4,0,20,20,20260807,5,1,1,1,0,0,0,6119,0.254958,1,0.0015,0
66,924.336,7,0,2.23117,4.39508,0,0,0,6.62625,361,361,0,1,2.94392,2.94392,1830,367,0,1235,0,0,0,0,0,1339,1785.99,0.953667,29.338,168732,12,29433,486,465155,48,117732,1944,32,4,644756,1319142,20632192,5276568,25908760,4,4,12,4,4,4,0,20,20,20260807,5,1,1,1,0,0,0,6119,0.254958,1,0.0015,0
67,933.129,8,0,2.36371,6.35092,0,0,0,8.71462,361,361,0,1,2.94392,2.94392,1830,367,0,1235,0,0,0,0,0,1339,1785.99,0.953667,29.338,168732,12,29433,486,465155,48,117732,1944,32,4,644756,1319142,20632192,5276568,25908760,4,4,12,4,4,4,0,20,20,20260807,5,1,1,1,0,0,0,6119,0.254958,1,0.0015,0
68,939.645,7,0,2.26479,4.11763,0,0,0,6.38242,361,361,0,1,2.94392,2.94392,1830,367,0,1235,0,0,0,0,0,1339,1785.99,0.953667,29.338,168732,12,29433,486,465155,48,117732,1944,32,4,644756,1319142,20632192,5276568,25908760,4,4,12,4,4,4,0,20,20,20260807,5,1,1,1,0,0,0,6119,0.254958,1,0.0015,0
69,950.555,11,0,2.29321,8.53012,0,0,0,10.8233,361,361,0,1,2.94392,2.94392,1830,367,0,1235,0,0,0,0,0,1339,1785.99,0.953667,29.338,168732,12,29433,486,465155,48,117732,1944,32,4,644756,1319142,20632192,5276568,25908760,4,4,12,4,4,4,0,20,20,20260807,5,1,1,1,0,0,0,6119,0.254958,1,0.0015,0
70,956.601,6,0,2.18404,3.7775,0,0,0,5.96154,361,361,0,1,2.94392,2.94392,1830,367,0,1235,0,0,0,0,0,1339,1785.99,0.953667,29.338,168732,12,29433,486,465155,48,117732,1944,32,4,644756,1319142,20632192,5276568,25908760,4,4,12,4,4,4,0,20,20,20260807,5,1,1,1,0,0,0,6120,0.255,1,0.0015,1
71,969.76,13,0,2.14596,10.9012,0,0,0,13.0472,361,361,0,1,2.94392,2.94392,1830,367,0,1235,0,0,0,0,0,1339,1785.99,0.953667,29.338,168732,12,29433,486,465155,48,117732,1944,32,4,644756,1319142,20632192,5276568,25908760,4,4,12,4,4,4,0,20,20,20260807,5,1,1,1,0,0,0,6120,0.255,1,0.0015,0
72,976.683,7,0,3.77633,3.06937,0,0,0,6.84571,361,361,0,1,2.94392,2.94392,1830,367,0,1235,0,0,0,0,0,1339,1785.99,0.953667,29.338,168732,12,29433,486,465155,48,117732,1944,32,4,644756,1319142,20632192,5276568,25908760,4,4,12,4,4,4,0,20,20,20260807,5,1,1,1,0,0,0,6120,0.255,1,0.0015,0
73,983.616,7,0,2.10317,4.74529,0,0,0,6.84846,361,361,0,1,2.94392,2.94392,1830,367,0,1235,0,0,0,0,0,1339,1785.99,0.953667,29.338,168732,12,29433,486,465155,48,117732,1944,32,4,644756,1319142,20632192,5276568,25908760,4,4,12,4,4,4,0,20,20,20260807,5,1,1,1,0,0,0,6120,0.255,1,0.0015,0
74,990.397,7,0,2.12604,4.57492,0,0,0,6.70096,361,361,0,1,2.94392,2.94392,1830,367,0,1235,0,0,0,0,0,1339,1785.99,0.953667,29.338,168732,12,29433,486,465155,48,117732,1944,32,4,644756,1319142,20632192,5276568,25908760,4,4,12,4,4,4,0,20,20,20260807,5,1,1,1,0,0,0,6120,0.255,1,0.0015,0
75,999.711,9,0,2.1775,7.05037,0,0,0,9.22787,361,361,0,1,2.94392,2.94392,1830,367,0,1235,0,0,0,0,0,1339,1785.99,0.953667,29.338,168732,12,29433,486,465155,48,117732,1944,32,4,644756,1319142,20632192,5276568,25908760,4,4,12,4,4,4,0,20,20,20260807,5,1,1,1,0,0,0,6120,0.255,1,0.0015,0
76,1005.25,6,0,2.26325,3.186,0,0,0,5.44925,361,361,0,1,2.94392,2.94392,1830,367,0,1235,0,0,0,0,0,1339,1785.99,0.953667,29.338,168732,12,29433,486,465155,48,117732,1944,32,4,644756,1319142,20632192,5276568,25908760,4,4,12,4,4,4,0,20,20,20260807,5,1,1,1,0,0,0,6121,0.255042,1,0.0015,1
77,1021.88,16,0,2.73692,13.8081,0,0,0,16.545,361,361,0,1,2.94392,2.94392,1830,367,0,1235,0,0,0,0,0,1339,1785.99,0.953667,29.338,168732,12,29433,486,465155,48,117732,1944,32,4,644756,1319142,20632192,5276568,25908760,4,4,12,4,4,4,0,20,20,20260807,5,1,1,1,0,0,0,6121,0.255042,1,0.0015,0
78,1027.92,6,0,2.19013,3.77679,0,0,0,5.96692,361,361,0,1,2.94392,2.94392,1830,367,0,1235,0,0,0,0,0,1339,1785.99,0.953667,29.338,168732,12,29433,486,465155,48,117732,1944,32,4,644756,1319142,20632192,5276568,25908760,4,4,12,4,4,4,0,20,20,20260807,5,1,1,1,0,0,0,6121,0.255042,1,0.0015,0
79,1036.8,9,0,3.63325,5.17229,0,0,0,8.80554,361,361,0,1,2.94392,2.94392,1830,367,0,1235,0,0,0,0,0,1339,1785.99,0.953667,29.338,168732,12,29433,486,465155,48,117732,1944,32,4,644756,1319142,20632192,5276568,25908760,4,4,12,4,4,4,0,20,20,20260807,5,1,1,1,0,0,0,6121,0.255042,1,0.0015,0
80,1049.83,13,0,2.231,10.7169,0,0,0,12.9479,361,361,0,1,2.94392,2.94392,1830,367,0,1235,0,0,0,0,0,1339,1785.99,0.953667,29.338,168732,12,29433,486,465155,48,117732,1944,32,4,644756,1319142,20632192,5276568,25908760,4,4,12,4,4,4,0,20,20,20260807,5,1,1,1,0,0,0,6121,0.255042,1,0.0015,0
81,1057.55,8,0,3.68825,3.94238,0,0,0,7.63063,361,361,0,1,2.94392,2.94392,1830,367,0,1235,0,0,0,0,0,1339,1785.99,0.953667,29.338,168732,12,29433,486,465155,48,117732,1944,32,4,644756,1319142,20632192,5276568,25908760,4,4,12,4,4,4,0,20,20,20260807,5,1,1,1,0,0,0,6122,0.255083,1,0.0015,1
82,1067.34,10,0,2.38779,7.31746,0,0,0,9.70525,361,361,0,1,2.94392,2.94392,1830,367,0,1235,0,0,0,0,0,1339,1785.99,0.953667,29.338,168732,12,29433,486,465155,48,117732,1944,32,4,644756,1319142,20632192,5276568,25908760,4,4,12,4,4,4,0,20,20,20260807,5,1,1,1,0,0,0,6122,0.255083,1,0.0015,0
83,1074.34,7,0,2.50517,4.381,0,0,0,6.88617,361,361,0,1,2.94392,2.94392,1830,367,0,1235,0,0,0,0,0,1339,1785.99,0.953667,29.338,168732,12,29433,486,465155,48,117732,1944,32,4,644756,1319142,20632192,5276568,25908760,4,4,12,4,4,4,0,20,20,20260807,5,1,1,1,0,0,0,6122,0.255083,1,0.0015,0
84,1083.14,8,0,2.3785,6.32692,0,0,0,8.70542,361,361,0,1,2.94392,2.94392,1830,367,0,1235,0,0,0,0,0,1339,1785.99,0.953667,29.338,168732,12,29433,486,465155,48,117732,1944,32,4,644756,1319142,20632192,5276568,25908760,4,4,12,4,4,4,0,20,20,20260807,5,1,1,1,0,0,0,6122,0.255083,1,0.0015,0
85,1088.57,6,0,2.21804,3.12842,0,0,0,5.34646,361,361,0,1,2.94392,2.94392,1830,367,0,1235,0,0,0,0,0,1339,1785.99,0.953667,29.338,168732,12,29433,486,465155,48,117732,1944,32,4,644756,1319142,20632192,5276568,25908760,4,4,12,4,4,4,0,20,20,20260807,5,1,1,1,0,0,0,6122,0.255083,1,0.0015,0
86,1101.27,13,0,2.34608,10.2644,0,0,0,12.6105,361,361,0,1,2.94392,2.94392,1830,367,0,1235,0,0,0,0,0,1339,1785.99,0.953667,29.338,168732,12,29433,486,465155,48,117732,1944,32,4,644756,1319142,20632192,5276568,25908760,4,4,12,4,4,4,0,20,20,20260807,5,1,1,1,0,0,0,6122,0.255083,1,0.0015,0
87,1107.81,6,0,2.20121,4.26667,0,0,0,6.46788,361,361,0,1,2.94392,2.94392,1830,367,0,1235,0,0,0,0,0,1339,1785.99,0.953667,29.338,168732,12,29433,486,465155,48,117732,1944,32,4,644756,1319142,20632192,5276568,25908760,4,4,12,4,4,4,0,20,20,20260807,5,1,1,1,0,0,0,6123,0.255125,1,0.0015,1
88,1117.51,10,0,2.16633,7.42496,0,0,0,9.59129,361,361,0,1,2.94392,2.94392,1830,367,0,1235,0,0,0,0,0,1339,1785.99,0.953667,29.338,168732,12,29433,486,465155,48,117732,1944,32,4,644756,1319142,20632192,5276568,25908760,4,4,12,4,4,4,0,20,20,20260807,5,1,1,1,0,0,0,6123,0.255125,1,0.0015,0
89,1123.9,6,0,2.48738,3.82275,0,0,0,6.31013,361,361,0,1,2.94392,2.94392,1830,367,0,1235,0,0,0,0,0,1339,1785.99,0.953667,29.338,168732,12,29433,486,465155,48,117732,1944,32,4,644756,1319142,20632192,5276568,25908760,4,4,12,4,4,4,0,20,20,20260807,5,1,1,1,0,0,0,6123,0.255125,1,0.0015,0
90,1134.75,11,0,2.42696,8.34938,0,0,0,10.7763,361,361,0,1,2.94392,2.94392,1830,367,0,1235,0,0,0,0,0,1339,1785.99,0.953667,29.338,168732,12,29433,486,465155,48,117732,1944,32,4,644756,1319142,20632192,5276568,25908760,4,4,12,4,4,4,0,20,20,20260807,5,1,1,1,0,0,0,6123,0.255125,1,0.0015,0
91,1141.22,7,0,2.61529,3.77,0,0,0,6.38529,361,361,0,1,2.94392,2.94392,1830,367,0,1235,0,0,0,0,0,1339,1785.99,0.953667,29.338,168732,12,29433,486,465155,48,117732,1944,32,4,644756,1319142,20632192,5276568,25908760,4,4,12,4,4,4,0,20,20,20260807,5,1,1,1,0,0,0,6123,0.255125,1,0.0015,0
92,1150.12,8,0,2.46429,6.35463,0,0,0,8.81892,361,361,0,1,2.94392,2.94392,1830,367,0,1235,0,0,0,0,0,1339,1785.99,0.953667,29.338,168732,12,29433,486,465155,48,117732,1944,32,4,644756,1319142,20632192,5276568,25908760,4,4,12,4,4,4,0,20,20,20260807,5,1,1,1,0,0,0,6123,0.255125,1,0.0015,0
93,1156.43,7,0,2.23979,3.98387,0,0,0,6.22367,361,361,0,1,2.94392,2.94392,1830,367,0,1235,0,0,0,0,0,1339,1785.99,0.953667,29.338,168732,12,29433,486,465155,48,117732,1944,32,4,644756,1319142,20632192,5276568,25908760,4,4,12,4,4,4,0,20,20,20260807,5,1,1,1,0,0,0,6124,0.255167,1,0.0015,1
94,1166.3,10,0,2.23079,7.36088,0,0,0,9.59167,361,361,0,1,2.94392,2.94392,1830,367,0,1235,0,0,0,0,0,1339,1785.99,0.953667,29.338,168732,12,29433,486,465155,48,117732,1944,32,4,644756,1319142,20632192,5276568,25908760,4,4,12,4,4,4,0,20,20,20260807,5,1,1,1,0,0,0,6124,0.255167,1,0.0015,0
95,1171.74,5,0,2.18825,3.15579,0,0,0,5.34404,361,361,0,1,2.94392,2.94392,1830,367,0,1235,0,0,0,0,0,1339,1785.99,0.953667,29.338,168732,12,29433,486,465155,48,117732,1944,32,4,644756,1319142,20632192,5276568,25908760,4,4,12,4,4,4,0,20,20,20260807,5,1,1,1,0,0,0,6124,0.255167,1,0.0015,0
96,1183.11,11,0,2.24788,9.05004,0,0,0,11.2979,361,361,0,1,2.94392,2.94392,1830,367,0,1235,0,0,0,0,0,1339,1785.99,0.953667,29.338,168732,12,29433,486,465155,48,117732,1944,32,4,644756,1319142,20632192,5276568,25908760,4,4,12,4,4,4,0,20,20,20260807,5,1,1,1,0,0,0,6124,0.255167,1,0.0015,0
97,1188.96,6,0,2.24063,3.48208,0,0,0,5.72271,361,361,0,1,2.94392,2.94392,1830,367,0,1235,0,0,0,0,0,1339,1785.99,0.953667,29.338,168732,12,29433,486,465155,48,117732,1944,32,4,644756,1319142,20632192,5276568,25908760,4,4,12,4,4,4,0,20,20,20260807,5,1,1,1,0,0,0,6124,0.255167,1,0.0015,0
98,1199.74,11,0,2.43162,8.27746,0,0,0,10.7091,361,361,0,1,2.94392,2.94392,1830,367,0,1235,0,0,0,0,0,1339,1785.99,0.953667,29.338,168732,12,29433,486,465155,48,117732,1944,32,4,644756,1319142,20632192,5276568,25908760,4,4,12,4,4,4,0,20,20,20260807,5,1,1,1,0,0,0,6124,0.255167,1,0.0015,0
99,1205.28,6,0,2.22217,3.23092,0,0,0,5.45308,361,361,0,1,2.94392,2.94392,1830,367,0,1235,0,0,0,0,0,1339,1785.99,0.953667,29.338,168732,12,29433,486,465155,48,117732,1944,32,4,644756,1319142,20632192,5276568,25908760,4,4,12,4,4,4,0,20,20,20260807,5,1,1,1,0,0,0,6125,0.255208,1,0.0015,1
100,1216.7,11,0,2.17787,9.15404,0,0,0,11.3319,361,361,0,1,2.94392,2.94392,1830,367,0,1235,0,0,0,0,0,1339,1785.99,0.953667,29.338,168732,12,29433,486,465155,48,117732,1944,32,4,644756,1319142,20632192,5276568,25908760,4,4,12,4,4,4,0,20,20,20260807,5,1,1,1,0,0,0,6125,0.255208,1,0.0015,0
101,1221.98,5,0,2.05975,3.14188,0,0,0,5.20162,361,361,0,1,2.94392,2.94392,1830,367,0,1235,0,0,0,0,0,1339,1785.99,0.953667,29.338,168732,12,29433,486,465155,48,117732,1944,32,4,644756,1319142,20632192,5276568,25908760,4,4,12,4,4,4,0,20,20,20260807,5,1,1,1,0,0,0,6125,0.255208,1,0.0015,0
102,1233.28,11,0,2.31087,8.90625,0,0,0,11.2171,361,361,0,1,2.94392,2.94392,1830,367,0,1235,0,0,0,0,0,1339,1785.99,0.953667,29.338,168732,12,29433,486,465155,48,117732,1944,32,4,644756,1319142,20632192,5276568,25908760,4,4,12,4,4,4,0,20,20,20260807,5,1,1,1,0,0,0,6125,0.255208,1,0.0015,0
103,1240.55,7,0,2.21854,4.84367,0,0,0,7.06221,361,361,0,1,2.94392,2.94392,1830,367,0,1235,0,0,0,0,0,1339,1785.99,0.953667,29.338,168732,12,29433,486,465155,48,117732,1944,32,4,644756,1319142,20632192,5276568,25908760,4,4,12,4,4,4,0,20,20,20260807,5,1,1,1,0,0,0,6125,0.255208,1,0.0015,0
104,1249.84,9,0,2.22012,6.98562,0,0,0,9.20575,361,361,0,1,2.94392,2.94392,1830,367,0,1235,0,0,0,0,0,1339,1785.99,0.953667,29.338,168732,12,29433,486,465155,48,117732,1944,32,4,644756,1319142,20632192,5276568,25908760,4,4,12,4,4,4,0,20,20,20260807,5,1,1,1,0,0,0,6125,0.255208,1,0.0015,0
105,1255.84,6,0,2.227,3.68587,0,0,0,5.91287,361,361,0,1,2.94392,2.94392,1830,367,0,1235,0,0,0,0,0,1339,1785.99,0.953667,29.338,168732,12,29433,486,465155,48,117732,1944,32,4,644756,1319142,20632192,5276568,25908760,4,4,12,4,4,4,0,20,20,20260807,5,1,1,1,0,0,0,6126,0.25525,1,0.0015,1
106,1268.94,13,0,2.31458,10.7013,0,0,0,13.0159,361,361,0,1,2.94392,2.94392,1830,367,0,1235,0,0,0,0,0,1339,1785.99,0.953667,29.338,168732,12,29433,486,465155,48,117732,1944,32,4,644756,1319142,20632192,5276568,25908760,4,4,12,4,4,4,0,20,20,20260807,5,1,1,1,0,0,0,6126,0.25525,1,0.0015,0
107,1275.14,6,0,2.32642,3.79725,0,0,0,6.12367,361,361,0,1,2.94392,2.94392,1830,367,0,1235,0,0,0,0,0,1339,1785.99,0.953667,29.338,168732,12,29433,486,465155,48,117732,1944,32,4,644756,1319142,20632192,5276568,25908760,4,4,12,4,4,4,0,20,20,20260807,5,1,1,1,0,0,0,6126,0.25525,1,0.0015,0
108,1283.09,8,0,2.18858,5.6805,0,0,0,7.86908,361,361,0,1,2.94392,2.94392,1830,367,0,1235,0,0,0,0,0,1339,1785.99,0.953667,29.338,168732,12,29433,486,465155,48,117732,1944,32,4,644756,1319142,20632192,5276568,25908760,4,4,12,4,4,4,0,20,20,20260807,5,1,1,1,0,0,0,6126,0.25525,1,0.0015,0
109,1288.29,6,0,2.18629,2.91217,0,0,0,5.09846,361,361,0,1,2.94392,2.94392,1830,367,0,1235,0,0,0,0,0,1339,1785.99,0.953667,29.338,168732,12,29433,486,465155,48,117732,1944,32,4,644756,1319142,20632192,5276568,25908760,4,4,12,4,4,4,0,20,20,20260807,5,1,1,1,0,0,0,6126,0.25525,1,0.0015,0
110,1299.63,11,0,2.24683,9.02742,0,0,0,11.2743,361,361,0,1,2.94392,2.94392,1830,367,0,1235,0,0,0,0,0,1339,1785.99,0.953667,29.338,168732,12,29433,486,465155,48,117732,1944,32,4,644756,1319142,20632192,5276568,25908760,4,4,12,4,4,4,0,20,20,20260807,5,1,1,1,0,0,0,6126,0.25525,1,0.0015,0
111,1305.41,6,0,2.20529,3.43396,0,0,0,5.63925,361,361,0,1,2.94392,2.94392,1830,367,0,1235,0,0,0,0,0,1339,1785.99,0.953667,29.338,168732,12,29433,486,465155,48,117732,1944,32,4,644756,1319142,20632192,5276568,25908760,4,4,12,4,4,4,0,20,20,20260807,5,1,1,1,0,0,0,6127,0.255292,1,0.0015,1
112,1318.58,13,0,2.72208,10.3743,0,0,0,13.0964,361,361,0,1,2.94392,2.94392,1830,367,0,1235,0,0,0,0,0,1339,1785.99,0.953667,29.338,168732,12,29433,486,465155,48,117732,1944,32,4,644756,1319142,20632192,5276568,25908760,4,4,12,4,4,4,0,20,20,20260807,5,1,1,1,0,0,0,6127,0.255292,1,0.0015,0
113,1324.22,6,0,2.118,3.43962,0,0,0,5.55762,361,361,0,1,2.94392,2.94392,1830,367,0,1235,0,0,0,0,0,1339,1785.99,0.953667,29.338,168732,12,29433,486,465155,48,117732,1944,32,4,644756,1319142,20632192,5276568,25908760,4,4,12,4,4,4,0,20,20,20260807,5,1,1,1,0,0,0,6127,0.255292,1,0.0015,0
114,1336,11,0,2.18254,9.52404,0,0,0,11.7066,361,361,0,1,2.94392,2.94392,1830,367,0,1235,0,0,0,0,0,1339,1785.99,0.953667,29.338,168732,12,29433,486,465155,48,117732,1944,32,4,644756,1319142,20632192,5276568,25908760,4,4,12,4,4,4,0,20,20,20260807,5,1,1,1,0,0,0,6127,0.255292,1,0.0015,0
115,1349.89,14,0,2.01692,11.796,0,0,0,13.813,361,361,0,1,2.94392,2.94392,1830,367,0,1235,0,0,0,0,0,1339,1785.99,0.953667,29.338,168732,12,29433,486,465155,48,117732,1944,32,4,644756,1319142,20632192,5276568,25908760,4,4,12,4,4,4,0,20,20,20260807,5,1,1,1,0,0,0,6127,0.255292,1,0.0015,0
116,1355.27,6,0,2.21608,3.08004,0,0,0,5.29612,361,361,0,1,2.94392,2.94392,1830,367,0,1235,0,0,0,0,0,1339,1785.99,0.953667,29.338,168732,12,29433,486,465155,48,117732,1944,32,4,644756,1319142,20632192,5276568,25908760,4,4,12,4,4,4,0,20,20,20260807,5,1,1,1,0,0,0,6128,0.255333,1,0.0015,1
117,1368.43,13,0,2.21821,10.8573,0,0,0,13.0755,361,361,0,1,2.94392,2.94392,1830,367,0,1235,0,0,0,0,0,1339,1785.99,0.953667,29.338,168732,12,29433,486,465155,48,117732,1944,32,4,644756,1319142,20632192,5276568,25908760,4,4,12,4,4,4,0,20,20,20260807,5,1,1,1,0,0,0,6128,0.255333,1,0.0015,0
118,1385.06,16,0,2.13692,14.4135,0,0,0,16.5504,361,361,0,1,2.94392,2.94392,1830,367,0,1235,0,0,0,0,0,1339,1785.99,0.953667,29.338,168732,12,29433,486,465155,48,117732,1944,32,4,644756,1319142,20632192,5276568,25908760,4,4,12,4,4,4,0,20,20,20260807,5,1,1,1,0,0,0,6128,0.255333,1,0.0015,0
119,1391.41,7,0,2.19912,4.06954,0,0,0,6.26867,361,361,0,1,2.94392,2.94392,1830,367,0,1235,0,0,0,0,0,1339,1785.99,0.953667,29.338,168732,12,29433,486,465155,48,117732,1944,32,4,644756,1319142,20632192,5276568,25908760,4,4,12,4,4,4,0,20,20,20260807,5,1,1,1,0,0,0,6128,0.255333,1,0.0015,0
120,1401,9,0,2.28213,7.20679,0,0,0,9.48892,361,361,0,1,2.94392,2.94392,1830,367,0,1235,0,0,0,0,0,1339,1785.99,0.953667,29.338,168732,12,29433,486,465155,48,117732,1944,32,4,644756,1319142,20632192,5276568,25908760,4,4,12,4,4,4,0,20,20,20260807,5,1,1,1,0,0,0,6128,0.255333,1,0.0015,0
121,1407.41,7,0,2.23446,3.67738,0,0,0,5.91183,361,361,0,1,2.94392,2.94392,1830,367,0,1235,0,0,0,0,0,1339,1785.99,0.953667,29.338,168732,12,29433,486,465155,48,117732,1944,32,4,644756,1319142,20632192,5276568,25908760,4,4,12,4,4,4,0,20,20,20260807,5,1,1,1,0,0,0,6129,0.255375,1,0.0015,1
122,1418.74,11,0,3.53775,7.71129,0,0,0,11.249,361,361,0,1,2.94392,2.94392,1830,367,0,1235,0,0,0,0,0,1339,1785.99,0.953667,29.338,168732,12,29433,486,465155,48,117732,1944,32,4,644756,1319142,20632192,5276568,25908760,4,4,12,4,4,4,0,20,20,20260807,5,1,1,1,0,0,0,6129,0.255375,1,0.0015,0
123,1425.39,7,0,2.32546,4.25188,0,0,0,6.57733,361,361,0,1,2.94392,2.94392,1830,367,0,1235,0,0,0,0,0,1339,1785.99,0.953667,29.338,168732,12,29433,486,465155,48,117732,1944,32,4,644756,1319142,20632192,5276568,25908760,4,4,12,4,4,4,0,20,20,20260807,5,1,1,1,0,0,0,6129,0.255375,1,0.0015,0
124,1433.82,8,0,2.40112,5.94654,0,0,0,8.34767,361,361,0,1,2.94392,2.94392,1830,367,0,1235,0,0,0,0,0,1339,1785.99,0.953667,29.338,168732,12,29433,486,465155,48,117732,1944,32,4,644756,1319142,20632192,5276568,25908760,4,4,12,4,4,4,0,20,20,20260807,5,1,1,1,0,0,0,6129,0.255375,1,0.0015,0
125,1439.16,6,0,2.20221,3.0575,0,0,0,5.25971,361,361,0,1,2.94392,2.94392,1830,367,0,1235,0,0,0,0,0,1339,1785.99,0.953667,29.338,168732,12,29433,486,465155,48,117732,1944,32,4,644756,1319142,20632192,5276568,25908760,4,4,12,4,4,4,0,20,20,20260807,5,1,1,1,0,0,0,6129,0.255375,1,0.0015,0
126,1450.26,11,0,2.41554,8.5585,0,0,0,10.974,361,361,0,1,2.94392,2.94392,1830,367,0,1235,0,0,0,0,0,1339,1785.99,0.953667,29.338,168732,12,29433,486,465155,48,117732,1944,32,4,644756,1319142,20632192,5276568,25908760,4,4,12,4,4,4,0,20,20,20260807,5,1,1,1,0,0,0,6129,0.255375,1,0.0015,0
127,1455.8,5,0,2.42846,3.02196,0,0,0,5.45042,361,361,0,1,2.94392,2.94392,1830,367,0,1235,0,0,0,0,0,1339,1785.99,0.953667,29.338,168732,12,29433,486,465155,48,117732,1944,32,4,644756,1319142,20632192,5276568,25908760,4,4,12,4,4,4,0,20,20,20260807,5,1,1,1,0,0,0,6130,0.255417,1,0.0015,1
128,1467.21,12,0,2.25225,9.07425,0,0,0,11.3265,361,361,0,1,2.94392,2.94392,1830,367,0,1235,0,0,0,0,0,1339,1785.99,0.953667,29.338,168732,12,29433,486,465155,48,117732,1944,32,4,644756,1319142,20632192,5276568,25908760,4,4,12,4,4,4,0,20,20,20260807,5,1,1,1,0,0,0,6130,0.255417,1,0.0015,0
129,1473.47,6,0,2.21942,3.71933,0,0,0,5.93875,361,361,0,1,2.94392,2.94392,1830,367,0,1235,0,0,0,0,0,1339,1785.99,0.953667,29.338,168732,12,29433,486,465155,48,117732,1944,32,4,644756,1319142,20632192,5276568,25908760,4,4,12,4,4,4,0,20,20,20260807,5,1,1,1,0,0,0,6130,0.255417,1,0.0015,0
130,1483.83,10,0,2.412,7.87404,0,0,0,10.286,361,361,0,1,2.94392,2.94392,1830,367,0,1235,0,0,0,0,0,1339,1785.99,0.953667,29.338,168732,12,29433,486,465155,48,117732,1944,32,4,644756,1319142,20632192,5276568,25908760,4,4,12,4,4,4,0,20,20,20260807,5,1,1,1,0,0,0,6130,0.255417,1,0.0015,0
131,1489.81,6,0,2.13246,3.76467,0,0,0,5.89712,361,361,0,1,2.94392,2.94392,1830,367,0,1235,0,0,0,0,0,1339,1785.99,0.953667,29.338,168732,12,29433,486,465155,48,117732,1944,32,4,644756,1319142,20632192,5276568,25908760,4,4,12,4,4,4,0,20,20,20260807,5,1,1,1,0,0,0,6130,0.255417,1,0.0015,0
132,1500.5,11,0,2.24392,8.36817,0,0,0,10.6121,361,361,0,1,2.94392,2.94392,1830,367,0,1235,0,0,0,0,0,1339,1785.99,0.953667,29.338,168732,12,29433,486,465155,48,117732,1944,32,4,644756,1319142,20632192,5276568,25908760,4,4,12,4,4,4,0,20,20,20260807,5,1,1,1,0,0,0,6130,0.255417,1,0.0015,0
133,1507,6,0,2.28946,4.11871,0,0,0,6.40817,361,361,0,1,2.94392,2.94392,1830,367,0,1235,0,0,0,0,0,1339,1785.99,0.953667,29.338,168732,12,29433,486,465155,48,117732,1944,32,4,644756,1319142,20632192,5276568,25908760,4,4,12,4,4,4,0,20,20,20260807,5,1,1,1,0,0,0,6131,0.255458,1,0.0015,1
134,1520.29,14,0,2.32863,10.8857,0,0,0,13.2143,361,361,0,1,2.94392,2.94392,1830,367,0,1235,0,0,0,0,0,1339,1785.99,0.953667,29.338,168732,12,29433,486,465155,48,117732,1944,32,4,644756,1319142,20632192,5276568,25908760,4,4,12,4,4,4,0,20,20,20260807,5,1,1,1,0,0,0,6131,0.255458,1,0.0015,0
135,1526.47,6,0,2.18712,3.91821,0,0,0,6.10533,361,361,0,1,2.94392,2.94392,1830,367,0,1235,0,0,0,0,0,1339,1785.99,0.953667,29.338,168732,12,29433,486,465155,48,117732,1944,32,4,644756,1319142,20632192,5276568,25908760,4,4,12,4,4,4,0,20,20,20260807,5,1,1,1,0,0,0,6131,0.255458,1,0.0015,0
136,1533.9,7,0,2.36704,4.97863,0,0,0,7.34567,361,361,0,1,2.94392,2.94392,1830,367,0,1235,0,0,0,0,0,1339,1785.99,0.953667,29.338,168732,12,29433,486,465155,48,117732,1944,32,4,644756,1319142,20632192,5276568,25908760,4,4,12,4,4,4,0,20,20,20260807,5,1,1,1,0,0,0,6131,0.255458,1,0.0015,0
137,1540.43,7,0,2.60738,3.83367,0,0,0,6.44104,361,361,0,1,2.94392,2.94392,1830,367,0,1235,0,0,0,0,0,1339,1785.99,0.953667,29.338,168732,12,29433,486,465155,48,117732,1944,32,4,644756,1319142,20632192,5276568,25908760,4,4,12,4,4,4,0,20,20,20260807,5,1,1,1,0,0,0,6131,0.255458,1,0.0015,0
138,1550.67,10,0,2.26542,7.89842,0,0,0,10.1638,361,361,0,1,2.94392,2.94392,1830,367,0,1235,0,0,0,0,0,1339,1785.99,0.953667,29.338,168732,12,29433,486,465155,48,117732,1944,32,4,644756,1319142,20632192,5276568,25908760,4,4,12,4,4,4,0,20,20,20260807,5,1,1,1,0,0,0,6131,0.255458,1,0.0015,0
139,1556.56,6,0,2.38088,3.43033,0,0,0,5.81121,361,361,0,1,2.94392,2.94392,1830,367,0,1235,0,0,0,0,0,1339,1785.99,0.953667,29.338,168732,12,29433,486,465155,48,117732,1944,32,4,644756,1319142,20632192,5276568,25908760,4,4,12,4,4,4,0,20,20,20260807,5,1,1,1,0,0,0,6132,0.2555,1,0.0015,1
140,1566.68,10,0,2.21721,7.76813,0,0,0,9.98533,361,361,0,1,2.94392,2.94392,1830,367,0,1235,0,0,0,0,0,1339,1785.99,0.953667,29.338,168732,12,29433,486,465155,48,117732,1944,32,4,644756,1319142,20632192,5276568,25908760,4,4,12,4,4,4,0,20,20,20260807,5,1,1,1,0,0,0,6132,0.2555,1,0.0015,0
141,1572.45,6,0,2.22254,3.47092,0,0,0,5.69346,361,361,0,1,2.94392,2.94392,1830,367,0,1235,0,0,0,0,0,1339,1785.99,0.953667,29.338,168732,12,29433,486,465155,48,117732,1944,32,4,644756,1319142,20632192,5276568,25908760,4,4,12,4,4,4,0,20,20,20260807,5,1,1,1,0,0,0,6132,0.2555,1,0.0015,0
142,1583.7,11,0,2.26267,8.90558,0,0,0,11.1683,361,361,0,1,2.94392,2.94392,1830,367,0,1235,0,0,0,0,0,1339,1785.99,0.953667,29.338,168732,12,29433,486,465155,48,117732,1944,32,4,644756,1319142,20632192,5276568,25908760,4,4,12,4,4,4,0,20,20,20260807,5,1,1,1,0,0,0,6132,0.2555,1,0.0015,0
143,1589.67,6,0,2.27529,3.614,0,0,0,5.88929,361,361,0,1,2.94392,2.94392,1830,367,0,1235,0,0,0,0,0,1339,1785.99,0.953667,29.338,168732,12,29433,486,465155,48,117732,1944,32,4,644756,1319142,20632192,5276568,25908760,4,4,12,4,4,4,0,20,20,20260807,5,1,1,1,0,0,0,6132,0.2555,1,0.0015,0
144,1600.47,11,0,2.21275,8.50538,0,0,0,10.7181,361,361,0,1,2.94392,2.94392,1830,367,0,1235,0,0,0,0,0,1339,1785.99,0.953667,29.338,168732,12,29433,486,465155,48,117732,1944,32,4,644756,1319142,20632192,5276568,25908760,4,4,12,4,4,4,0,20,20,20260807,5,1,1,1,0,0,0,6132,0.2555,1,0.0015,0
145,1606.67,6,0,2.3635,3.76208,0,0,0,6.12558,361,361,0,1,2.94392,2.94392,1830,367,0,1235,0,0,0,0,0,1339,1785.99,0.953667,29.338,168732,12,29433,486,465155,48,117732,1944,32,4,644756,1319142,20632192,5276568,25908760,4,4,12,4,4,4,0,20,20,20260807,5,1,1,1,0,0,0,6133,0.255542,1,0.0015,1
146,1617.13,10,0,2.60588,7.77175,0,0,0,10.3776,361,361,0,1,2.94392,2.94392,1830,367,0,1235,0,0,0,0,0,1339,1785.99,0.953667,29.338,168732,12,29433,486,465155,48,117732,1944,32,4,644756,1319142,20632192,5276568,25908760,4,4,12,4,4,4,0,20,20,20260807,5,1,1,1,0,0,0,6133,0.255542,1,0.0015,0
147,1622.89,6,0,2.32238,3.36704,0,0,0,5.68942,361,361,0,1,2.94392,2.94392,1830,367,0,1235,0,0,0,0,0,1339,1785.99,0.953667,29.338,168732,12,29433,486,465155,48,117732,1944,32,4,644756,1319142,20632192,5276568,25908760,4,4,12,4,4,4,0,20,20,20260807,5,1,1,1,0,0,0,6133,0.255542,1,0.0015,0
148,1633.28,11,0,2.38579,7.91292,0,0,0,10.2987,361,361,0,1,2.94392,2.94392,1830,367,0,1235,0,0,0,0,0,1339,1785.99,0.953667,29.338,168732,12,29433,486,465155,48,117732,1944,32,4,644756,1319142,20632192,5276568,25908760,4,4,12,4,4,4,0,20,20,20260807,5,1,1,1,0,0,0,6133,0.255542,1,0.0015,0
149,1638.63,5,0,2.1755,3.08546,0,0,0,5.26096,361,361,0,1,2.94392,2.94392,1830,367,0,1235,0,0,0,0,0,1339,1785.99,0.953667,29.338,168732,12,29433,486,465155,48,117732,1944,32,4,644756,1319142,20632192,5276568,25908760,4,4,12,4,4,4,0,20,20,20260807,5,1,1,1,0,0,0,6133,0.255542,1,0.0015,0
150,1651.56,13,0,2.46629,10.3884,0,0,0,12.8547,361,361,0,1,2.94392,2.94392,1830,367,0,1235,0,0,0,0,0,1339,1785.99,0.953667,29.338,168732,12,29433,486,465155,48,117732,1944,32,4,644756,1319142,20632192,5276568,25908760,4,4,12,4,4,4,0,20,20,20260807,5,1,1,1,0,0,0,6133,0.255542,1,0.0015,0
151,1658.3,7,0,2.55954,4.09517,0,0,0,6.65471,361,361,0,1,2.94392,2.94392,1830,367,0,1235,0,0,0,0,0,1339,1785.99,0.953667,29.338,168732,12,29433,486,465155,48,117732,1944,32,4,644756,1319142,20632192,5276568,25908760,4,4,12,4,4,4,0,20,20,20260807,5,1,1,1,0,0,0,6134,0.255583,1,0.0015,1
152,1666.49,9,0,2.30971,5.80817,0,0,0,8.11787,361,361,0,1,2.94392,2.94392,1830,367,0,1235,0,0,0,0,0,1339,1785.99,0.953667,29.338,168732,12,29433,486,465155,48,117732,1944,32,4,644756,1319142,20632192,5276568,25908760,4,4,12,4,4,4,0,20,20,20260807,5,1,1,1,0,0,0,6134,0.255583,1,0.0015,0
153,1672.82,6,0,2.51842,3.72121,0,0,0,6.23963,361,361,0,1,2.94392,2.94392,1830,367,0,1235,0,0,0,0,0,1339,1785.99,0.953667,29.338,168732,12,29433,486,465155,48,117732,1944,32,4,644756,1319142,20632192,5276568,25908760,4,4,12,4,4,4,0,20,20,20260807,5,1,1,1,0,0,0,6134,0.255583,1,0.0015,0
154,1685.85,13,0,2.28167,10.6341,0,0,0,12.9157,361,361,0,1,2.94392,2.94392,1830,367,0,1235,0,0,0,0,0,1339,1785.99,0.953667,29.338,168732,12,29433,486,465155,48,117732,1944,32,4,644756,1319142,20632192,5276568,25908760,4,4,12,4,4,4,0,20,20,20260807,5,1,1,1,0,0,0,6134,0.255583,1,0.0015,0
155,1692.67,7,0,2.10733,4.63067,0,0,0,6.738,361,361,0,1,2.94392,2.94392,1830,367,0,1235,0,0,0,0,0,1339,1785.99,0.953667,29.338,168732,12,29433,486,465155,48,117732,1944,32,4,644756,1319142,20632192,5276568,25908760,4,4,12,4,4,4,0,20,20,20260807,5,1,1,1,0,0,0,6134,0.255583,1,0.0015,0
156,1702.34,10,0,2.14917,7.44813,0,0,0,9.59729,361,361,0,1,2.94392,2.94392,1830,367,0,1235,0,0,0,0,0,1339,1785.99,0.953667,29.338,168732,12,29433,486,465155,48,117732,1944,32,4,644756,1319142,20632192,5276568,25908760,4,4,12,4,4,4,0,20,20,20260807,5,1,1,1,0,0,0,6134,0.255583,1,0.0015,0
157,1708.3,6,0,2.07746,3.79179,0,0,0,5.86925,361,361,0,1,2.94392,2.94392,1830,367,0,1235,0,0,0,0,0,1339,1785.99,0.953667,29.338,168732,12,29433,486,465155,48,117732,1944,32,4,644756,1319142,20632192,5276568,25908760,4,4,12,4,4,4,0,20,20,20260807,5,1,1,1,0,0,0,6135,0.255625,1,0.0015,1
158,1717.8,9,0,2.20396,7.21142,0,0,0,9.41537,361,361,0,1,2.94392,2.94392,1830,367,0,1235,0,0,0,0,0,1339,1785.99,0.953667,29.338,168732,12,29433,486,465155,48,117732,1944,32,4,644756,1319142,20632192,5276568,25908760,4,4,12,4,4,4,0,20,20,20260807,5,1,1,1,0,0,0,6135,0.255625,1,0.0015,0
159,1723.73,6,0,2.16692,3.6835,0,0,0,5.85042,361,361,0,1,2.94392,2.94392,1830,367,0,1235,0,0,0,0,0,1339,1785.99,0.953667,29.338,168732,12,29433,486,465155,48,117732,1944,32,4,644756,1319142,20632192,5276568,25908760,4,4,12,4,4,4,0,20,20,20260807,5,1,1,1,0,0,0,6135,0.255625,1,0.0015,0
160,1733.36,10,0,2.17217,7.35158,0,0,0,9.52375,361,361,0,1,2.94392,2.94392,1830,367,0,1235,0,0,0,0,0,1339,1785.99,0.953667,29.338,168732,12,29433,486,465155,48,117732,1944,32,4,644756,1319142,20632192,5276568,25908760,4,4,12,4,4,4,0,20,20,20260807,5,1,1,1,0,0,0,6135,0.255625,1,0.0015,0
161,1738.67,5,0,2.15263,3.08204,0,0,0,5.23467,361,361,0,1,2.94392,2.94392,1830,367,0,1235,0,0,0,0,0,1339,1785.99,0.953667,29.338,168732,12,29433,486,465155,48,117732,1944,32,4,644756,1319142,20632192,5276568,25908760,4,4,12,4,4,4,0,20,20,20260807,5,1,1,1,0,0,0,6135,0.255625,1,0.0015,0
162,1750.09,11,0,2.53917,8.79792,0,0,0,11.3371,361,361,0,1,2.94392,2.94392,1830,367,0,1235,0,0,0,0,0,1339,1785.99,0.953667,29.338,168732,12,29433,486,465155,48,117732,1944,32,4,644756,1319142,20632192,5276568,25908760,4,4,12,4,4,4,0,20,20,20260807,5,1,1,1,0,0,0,6135,0.255625,1,0.0015,0
163,1758.09,8,0,2.26033,5.66167,0,0,0,7.922,361,361,0,1,2.94392,2.94392,1830,367,0,1235,0,0,0,0,0,1339,1785.99,0.953667,29.338,168732,12,29433,486,465155,48,117732,1944,32,4,644756,1319142,20632192,5276568,25908760,4,4,12,4,4,4,0,20,20,20260807,5,1,1,1,0,0,0,6136,0.255667,1,0.0015,1
164,1766.29,9,0,2.19946,5.91662,0,0,0,8.11608,361,361,0,1,2.94392,2.94392,1830,367,0,1235,0,0,0,0,0,1339,1785.99,0.953667,29.338,168732,12,29433,486,465155,48,117732,1944,32,4,644756,1319142,20632192,5276568,25908760,4,4,12,4,4,4,0,20,20,20260807,5,1,1,1,0,0,0,6136,0.255667,1,0.0015,0
165,1772.56,6,0,2.21475,3.98287,0,0,0,6.19763,361,361,0,1,2.94392,2.94392,1830,367,0,1235,0,0,0,0,0,1339,1785.99,0.953667,29.338,168732,12,29433,486,465155,48,117732,1944,32,4,644756,1319142,20632192,5276568,25908760,4,4,12,4,4,4,0,20,20,20260807,5,1,1,1,0,0,0,6136,0.255667,1,0.0015,0
166,1784,11,0,2.3285,9.02054,0,0,0,11.349,361,361,0,1,2.94392,2.94392,1830,367,0,1235,0,0,0,0,0,1339,1785.99,0.953667,29.338,168732,12,29433,486,465155,48,117732,1944,32,4,644756,1319142,20632192,5276568,25908760,4,4,12,4,4,4,0,20,20,20260807,5,1,1,1,0,0,0,6136,0.255667,1,0.0015,0
167,1790.65,7,0,2.43038,4.13517,0,0,0,6.56554,361,361,0,1,2.94392,2.94392,1830,367,0,1235,0,0,0,0,0,1339,1785.99,0.953667,29.338,168732,12,29433,486,465155,48,117732,1944,32,4,644756,1319142,20632192,5276568,25908760,4,4,12,4,4,4,0,20,20,20260807,5,1,1,1,0,0,0,6136,0.255667,1,0.0015,0
168,1800.89,10,0,2.13217,8.03179,0,0,0,10.164,361,361,0,1,2.94392,2.94392,1830,367,0,1235,0,0,0,0,0,1339,1785.99,0.953667,29.338,168732,12,29433,486,465155,48,117732,1944,32,4,644756,1319142,20632192,5276568,25908760,4,4,12,4,4,4,0,20,20,20260807,5,1,1,1,0,0,0,6136,0.255667,1,0.0015,0
169,1807.86,7,0,2.23637,3.67563,0,0,0,5.912,361,361,0,1,2.94392,2.94392,1830,367,0,1235,0,0,0,0,0,1339,1785.99,0.953667,29.338,168732,12,29433,486,465155,48,117732,1944,32,4,644756,1319142,20632192,5276568,25908760,4,4,12,4,4,4,0,20,20,20260807,5,1,1,1,0,0,0,6137,0.255708,1,0.0015,1
170,1816.88,9,0,2.14575,6.79896,0,0,0,8.94471,361,361,0,1,2.94392,2.94392,1830,367,0,1235,0,0,0,0,0,1339,1785.99,0.953667,29.338,168732,12,29433,486,465155,48,117732,1944,32,4,644756,1319142,20632192,5276568,25908760,4,4,12,4,4,4,0,20,20,20260807,5,1,1,1,0,0,0,6137,0.255708,1,0.0015,0
171,1822.54,6,0,2.14008,3.43146,0,0,0,5.57154,361,361,0,1,2.94392,2.94392,1830,367,0,1235,0,0,0,0,0,1339,1785.99,0.953667,29.338,168732,12,29433,486,465155,48,117732,1944,32,4,644756,1319142,20632192,5276568,25908760,4,4,12,4,4,4,0,20,20,20260807,5,1,1,1,0,0,0,6137,0.255708,1,0.0015,0
172,1834.64,12,0,2.27071,9.75608,0,0,0,12.0268,361,361,0,1,2.94392,2.94392,1830,367,0,1235,0,0,0,0,0,1339,1785.99,0.953667,29.338,168732,12,29433,486,465155,48,117732,1944,32,4,644756,1319142,20632192,5276568,25908760,4,4,12,4,4,4,0,20,20,20260807,5,1,1,1,0,0,0,6137,0.255708,1,0.0015,0
173,1849.73,15,0,2.13813,12.8625,0,0,0,15.0006,361,361,0,1,2.94392,2.94392,1830,367,0,1235,0,0,0,0,0,1339,1785.99,0.953667,29.338,168732,12,29433,486,465155,48,117732,1944,32,4,644756,1319142,20632192,5276568,25908760,4,4,12,4,4,4,0,20,20,20260807,5,1,1,1,0,0,0,6137,0.255708,1,0.0015,0
174,1856.01,6,0,3.00563,3.19,0,0,0,6.19562,361,361,0,1,2.94392,2.94392,1830,367,0,1235,0,0,0,0,0,1339,1785.99,0.953667,29.338,168732,12,29433,486,465155,48,117732,1944,32,4,644756,1319142,20632192,5276568,25908760,4,4,12,4,4,4,0,20,20,20260807,5,1,1,1,0,0,0,6138,0.25575,1,0.0015,1
175,1867.76,12,0,2.18142,9.48271,0,0,0,11.6641,361,361,0,1,2.94392,2.94392,1830,367,0,1235,0,0,0,0,0,1339,1785.99,0.953667,29.338,168732,12,29433,486,465155,48,117732,1944,32,4,644756,1319142,20632192,5276568,25908760,4,4,12,4,4,4,0,20,20,20260807,5,1,1,1,0,0,0,6138,0.25575,1,0.0015,0
176,1884.04,16,0,2.22679,13.9758,0,0,0,16.2026,361,361,0,1,2.94392,2.94392,1830,367,0,1235,0,0,0,0,0,1339,1785.99,0.953667,29.338,168732,12,29433,486,465155,48,117732,1944,32,4,644756,1319142,20632192,5276568,25908760,4,4,12,4,4,4,0,20,20,20260807,5,1,1,1,0,0,0,6138,0.25575,1,0.0015,0
177,1889.75,6,0,2.26538,3.35504,0,0,0,5.62042,361,361,0,1,2.94392,2.94392,1830,367,0,1235,0,0,0,0,0,1339,1785.99,0.953667,29.338,168732,12,29433,486,465155,48,117732,1944,32,4,644756,1319142,20632192,5276568,25908760,4,4,12,4,4,4,0,20,20,20260807,5,1,1,1,0,0,0,6138,0.25575,1,0.0015,0
178,1902.17,13,0,2.17425,10.1564,0,0,0,12.3306,361,361,0,1,2.94392,2.94392,1830,367,0,1235,0,0,0,0,0,1339,1785.99,0.953667,29.338,168732,12,29433,486,465155,48,117732,1944,32,4,644756,1319142,20632192,5276568,25908760,4,4,12,4,4,4,0,20,20,20260807,5,1,1,1,0,0,0,6138,0.25575,1,0.0015,0
179,1917.45,15,0,2.13346,13.0726,0,0,0,15.2061,361,361,0,1,2.94392,2.94392,1830,367,0,1235,0,0,0,0,0,1339,1785.99,0.953667,29.338,168732,12,29433,486,465155,48,117732,1944,32,4,644756,1319142,20632192,5276568,25908760,4,4,12,4,4,4,0,20,20,20260807,5,1,1,1,0,0,0,6139,0.255792,1,0.0015,1
180,1922.76,5,0,2.15496,3.06696,0,0,0,5.22192,361,361,0,1,2.94392,2.94392,1830,367,0,1235,0,0,0,0,0,1339,1785.99,0.953667,29.338,168732,12,29433,486,465155,48,117732,1944,32,4,644756,1319142,20632192,5276568,25908760,4,4,12,4,4,4,0,20,20,20260807,5,1,1,1,0,0,0,6139,0.255792,1,0.0015,0
181,1934.82,12,0,2.02908,9.95342,0,0,0,11.9825,361,361,0,1,2.94392,2.94392,1830,367,0,1235,0,0,0,0,0,1339,1785.99,0.953667,29.338,168732,12,29433,486,465155,48,117732,1944,32,4,644756,1319142,20632192,5276568,25908760,4,4,12,4,4,4,0,20,20,20260807,5,1,1,1,0,0,0,6139,0.255792,1,0.0015,0
182,1950.23,16,0,2.08196,13.2457,0,0,0,15.3277,361,361,0,1,2.94392,2.94392,1830,367,0,1235,0,0,0,0,0,1339,1785.99,0.953667,29.338,168732,12,29433,486,465155,48,117732,1944,32,4,644756,1319142,20632192,5276568,25908760,4,4,12,4,4,4,0,20,20,20260807,5,1,1,1,0,0,0,6139,0.255792,1,0.0015,0
183,1956.19,6,0,2.25975,3.57483,0,0,0,5.83458,361,361,0,1,2.94392,2.94392,1830,367,0,1235,0,0,0,0,0,1339,1785.99,0.953667,29.338,168732,12,29433,486,465155,48,117732,1944,32,4,644756,1319142,20632192,5276568,25908760,4,4,12,4,4,4,0,20,20,20260807,5,1,1,1,0,0,0,6140,0.255833,1,0.0015,1
184,1966.23,10,0,2.05554,7.89971,0,0,0,9.95525,361,361,0,1,2.94392,2.94392,1830,367,0,1235,0,0,0,0,0,1339,1785.99,0.953667,29.338,168732,12,29433,486,465155,48,117732,1944,32,4,644756,1319142,20632192,5276568,25908760,4,4,12,4,4,4,0,20,20,20260807,5,1,1,1,0,0,0,6140,0.255833,1,0.0015,0
185,1973.44,7,0,2.20767,4.93525,0,0,0,7.14292,361,361,0,1,2.94392,2.94392,1830,367,0,1235,0,0,0,0,0,1339,1785.99,0.953667,29.338,168732,12,29433,486,465155,48,117732,1944,32,4,644756,1319142,20632192,5276568,25908760,4,4,12,4,4,4,0,20,20,20260807,5,1,1,1,0,0,0,6140,0.255833,1,0.0015,0
186,1983.27,10,0,2.27467,7.46717,0,0,0,9.74183,361,361,0,1,2.94392,2.94392,1830,367,0,1235,0,0,0,0,0,1339,1785.99,0.953667,29.338,168732,12,29433,486,465155,48,117732,1944,32,4,644756,1319142,20632192,5276568,25908760,4,4,12,4,4,4,0,20,20,20260807,5,1,1,1,0,0,0,6140,0.255833,1,0.0015,0
187,1988.59,5,0,2.15742,3.08746,0,0,0,5.24488,361,361,0,1,2.94392,2.94392,1830,367,0,1235,0,0,0,0,0,1339,1785.99,0.953667,29.338,168732,12,29433,486,465155,48,117732,1944,32,4,644756,1319142,20632192,5276568,25908760,4,4,12,4,4,4,0,20,20,20260807,5,1,1,1,0,0,0,6140,0.255833,1,0.0015,0
188,2000.9,12,0,2.12646,10.1045,0,0,0,12.2309,361,361,0,1,2.94392,2.94392,1830,367,0,1235,0,0,0,0,0,1339,1785.99,0.953667,29.338,168732,12,29433,486,465155,48,117732,1944,32,4,644756,1319142,20632192,5276568,25908760,4,4,12,4,4,4,0,20,20,20260807,5,1,1,1,0,0,0,6140,0.255833,1,0.0015,0
189,2017.76,17,0,2.19058,14.5835,0,0,0,16.7741,361,361,0,1,2.94392,2.94392,1830,367,0,1235,0,0,0,0,0,1339,1785.99,0.953667,29.338,168732,12,29433,486,465155,48,117732,1944,32,4,644756,1319142,20632192,5276568,25908760,4,4,12,4,4,4,0,20,20,20260807,5,1,1,1,0,0,0,6141,0.255875,1,0.0015,1
190,2023.1,5,0,2.16696,3.09413,0,0,0,5.26108,361,361,0,1,2.94392,2.94392,1830,367,0,1235,0,0,0,0,0,1339,1785.99,0.953667,29.338,168732,12,29433,486,465155,48,117732,1944,32,4,644756,1319142,20632192,5276568,25908760,4,4,12,4,4,4,0,20,20,20260807,5,1,1,1,0,0,0,6141,0.255875,1,0.0015,0
191,2033.8,11,0,2.11071,8.50433,0,0,0,10.615,361,361,0,1,2.94392,2.94392,1830,367,0,1235,0,0,0,0,0,1339,1785.99,0.953667,29.338,168732,12,29433,486,465155,48,117732,1944,32,4,644756,1319142,20632192,5276568,25908760,4,4,12,4,4,4,0,20,20,20260807,5,1,1,1,0,0,0,6141,0.255875,1,0.0015,0
192,2039,5,0,2.17829,2.94217,0,0,0,5.12046,361,361,0,1,2.94392,2.94392,1830,367,0,1235,0,0,0,0,0,1339,1785.99,0.953667,29.338,168732,12,29433,486,465155,48,117732,1944,32,4,644756,1319142,20632192,5276568,25908760,4,4,12,4,4,4,0,20,20,20260807,5,1,1,1,0,0,0,6141,0.255875,1,0.0015,0
193,2050.59,12,0,2.18121,9.21525,0,0,0,11.3965,361,361,0,1,2.94392,2.94392,1830,367,0,1235,0,0,0,0,0,1339,1785.99,0.953667,29.338,168732,12,29433,486,465155,48,117732,1944,32,4,644756,1319142,20632192,5276568,25908760,4,4,12,4,4,4,0,20,20,20260807,5,1,1,1,0,0,0,6141,0.255875,1,0.0015,0
194,2056.02,5,0,2.22375,3.12096,0,0,0,5.34471,361,361,0,1,2.94392,2.94392,1830,367,0,1235,0,0,0,0,0,1339,1785.99,0.953667,29.338,168732,12,29433,486,465155,48,117732,1944,32,4,644756,1319142,20632192,5276568,25908760,4,4,12,4,4,4,0,20,20,20260807,5,1,1,1,0,0,0,6142,0.255917,1,0.0015,1
195,2068.17,13,0,2.13942,9.93367,0,0,0,12.0731,361,361,0,1,2.94392,2.94392,1830,367,0,1235,0,0,0,0,0,1339,1785.99,0.953667,29.338,168732,12,29433,486,465155,48,117732,1944,32,4,644756,1319142,20632192,5276568,25908760,4,4,12,4,4,4,0,20,20,20260807,5,1,1,1,0,0,0,6142,0.255917,1,0.0015,0
196,2088.21,20,0,2.20546,17.755,0,0,0,19.9604,361,361,0,1,2.94392,2.94392,1830,367,0,1235,0,0,0,0,0,1339,1785.99,0.953667,29.338,168732,12,29433,486,465155,48,117732,1944,32,4,644756,1319142,20632192,5276568,25908760,4,4,12,4,4,4,0,20,20,20260807,5,1,1,1,0,0,0,6142,0.255917,1,0.0015,0
197,2100.4,12,0,2.17988,9.88658,0,0,0,12.0665,361,361,0,1,2.94392,2.94392,1830,367,0,1235,0,0,0,0,0,1339,1785.99,0.953667,29.338,168732,12,29433,486,465155,48,117732,1944,32,4,644756,1319142,20632192,5276568,25908760,4,4,12,4,4,4,0,20,20,20260807,5,1,1,1,0,0,0,6142,0.255917,1,0.0015,0
198,2106.24,6,0,2.63133,3.12946,0,0,0,5.76079,361,361,0,1,2.94392,2.94392,1830,367,0,1235,0,0,0,0,0,1339,1785.99,0.953667,29.338,168732,12,29433,486,465155,48,117732,1944,32,4,644756,1319142,20632192,5276568,25908760,4,4,12,4,4,4,0,20,20,20260807,5,1,1,1,0,0,0,6143,0.255958,1,0.0015,1
199,2116.99,10,0,2.13596,8.53012,0,0,0,10.6661,361,361,0,1,2.94392,2.94392,1830,367,0,1235,0,0,0,0,0,1339,1785.99,0.953667,29.338,168732,12,29433,486,465155,48,117732,1944,32,4,644756,1319142,20632192,5276568,25908760,4,4,12,4,4,4,0,20,20,20260807,5,1,1,1,0,0,0,6143,0.255958,1,0.0015,0
200,2122.17,6,0,2.16233,2.93496,0,0,0,5.09729,361,361,0,1,2.94392,2.94392,1830,367,0,1235,0,0,0,0,0,1339,1785.99,0.953667,29.338,168732,12,29433,486,465155,48,117732,1944,32,4,644756,1319142,20632192,5276568,25908760,4,4,12,4,4,4,0,20,20,20260807,5,1,1,1,0,0,0,6143,0.255958,1,0.0015,0
201,2133.82,11,0,4.05704,7.526,0,0,0,11.583,361,361,0,1,2.94392,2.94392,1830,367,0,1235,0,0,0,0,0,1339,1785.99,0.953667,29.338,168732,12,29433,486,465155,48,117732,1944,32,4,644756,1319142,20632192,5276568,25908760,4,4,12,4,4,4,0,20,20,20260807,5,1,1,1,0,0,0,6143,0.255958,1,0.0015,0
202,2139.32,6,0,2.20404,3.20333,0,0,0,5.40738,361,361,0,1,2.94392,2.94392,1830,367,0,1235,0,0,0,0,0,1339,1785.99,0.953667,29.338,168732,12,29433,486,465155,48,117732,1944,32,4,644756,1319142,20632192,5276568,25908760,4,4,12,4,4,4,0,20,20,20260807,5,1,1,1,0,0,0,6143,0.255958,1,0.0015,0
203,2150.19,11,0,2.133,8.65571,0,0,0,10.7887,361,361,0,1,2.94392,2.94392,1830,367,0,1235,0,0,0,0,0,1339,1785.99,0.953667,29.338,168732,12,29433,486,465155,48,117732,1944,32,4,644756,1319142,20632192,5276568,25908760,4,4,12,4,4,4,0,20,20,20260807,5,1,1,1,0,0,0,6143,0.255958,1,0.0015,0
204,2155.51,5,0,2.19263,3.04479,0,0,0,5.23742,361,361,0,1,2.94392,2.94392,1830,367,0,1235,0,0,0,0,0,1339,1785.99,0.953667,29.338,168732,12,29433,486,465155,48,117732,1944,32,4,644756,1319142,20632192,5276568,25908760,4,4,12,4,4,4,0,20,20,20260807,5,1,1,1,0,0,0,6144,0.256,1,0.0015,1
205,2166.33,11,0,2.15904,8.58533,0,0,0,10.7444,361,361,0,1,2.94392,2.94392,1830,367,0,1235,0,0,0,0,0,1339,1785.99,0.953667,29.338,168732,12,29433,486,465155,48,117732,1944,32,4,644756,1319142,20632192,5276568,25908760,4,4,12,4,4,4,0,20,20,20260807,5,1,1,1,0,0,0,6144,0.256,1,0.0015,0
206,2172.62,6,0,2.15571,4.05871,0,0,0,6.21442,361,361,0,1,2.94392,2.94392,1830,367,0,1235,0,0,0,0,0,1339,1785.99,0.953667,29.338,168732,12,29433,486,465155,48,117732,1944,32,4,644756,1319142,20632192,5276568,25908760,4,4,12,4,4,4,0,20,20,20260807,5,1,1,1,0,0,0,6144,0.256,1,0.0015,0
207,2183.06,10,0,2.13758,8.21617,0,0,0,10.3537,361,361,0,1,2.94392,2.94392,1830,367,0,1235,0,0,0,0,0,1339,1785.99,0.953667,29.338,168732,12,29433,486,465155,48,117732,1944,32,4,644756,1319142,20632192,5276568,25908760,4,4,12,4,4,4,0,20,20,20260807,5,1,1,1,0,0,0,6144,0.256,1,0.0015,0
208,2189.43,7,0,2.19571,4.10254,0,0,0,6.29825,361,361,0,1,2.94392,2.94392,1830,367,0,1235,0,0,0,0,0,1339,1785.99,0.953667,29.338,168732,12,29433,486,465155,48,117732,1944,32,4,644756,1319142,20632192,5276568,25908760,4,4,12,4,4,4,0,20,20,20260807,5,1,1,1,0,0,0,6144,0.256,1,0.0015,0
209,2199.67,10,0,2.27217,7.88333,0,0,0,10.1555,361,361,0,1,2.94392,2.94392,1830,367,0,1235,0,0,0,0,0,1339,1785.99,0.953667,29.338,168732,12,29433,486,465155,48,117732,1944,32,4,644756,1319142,20632192,5276568,25908760,4,4,12,4,4,4,0,20,20,20260807,5,1,1,1,0,0,0,6144,0.256,1,0.0015,0
210,2206.01,6,0,2.23008,4.03908,0,0,0,6.26917,361,361,0,1,2.94392,2.94392,1830,367,0,1235,0,0,0,0,0,1339,1785.99,0.953667,29.338,168732,12,29433,486,465155,48,117732,1944,32,4,644756,1319142,20632192,5276568,25908760,4,4,12,4,4,4,0,20,20,20260807,5,1,1,1,0,0,0,6145,0.256042,1,0.0015,1
211,2218.06,12,0,2.04271,9.92583,0,0,0,11.9685,361,361,0,1,2.94392,2.94392,1830,367,0,1235,0,0,0,0,0,1339,1785.99,0.953667,29.338,168732,12,29433,486,465155,48,117732,1944,32,4,644756,1319142,20632192,5276568,25908760,4,4,12,4,4,4,0,20,20,20260807,5,1,1,1,0,0,0,6145,0.256042,1,0.0015,0
212,2233.28,15,0,2.11108,12.9847,0,0,0,15.0958,361,361,0,1,2.94392,2.94392,1830,367,0,1235,0,0,0,0,0,1339,1785.99,0.953667,29.338,168732,12,29433,486,465155,48,117732,1944,32,4,644756,1319142,20632192,5276568,25908760,4,4,12,4,4,4,0,20,20,20260807,5,1,1,1,0,0,0,6145,0.256042,1,0.0015,0
213,2238.56,5,0,2.19362,2.99467,0,0,0,5.18829,361,361,0,1,2.94392,2.94392,1830,367,0,1235,0,0,0,0,0,1339,1785.99,0.953667,29.338,168732,12,29433,486,465155,48,117732,1944,32,4,644756,1319142,20632192,5276568,25908760,4,4,12,4,4,4,0,20,20,20260807,5,1,1,1,0,0,0,6145,0.256042,1,0.0015,0
214,2250.03,11,0,2.48704,8.91508,0,0,0,11.4021,361,361,0,1,2.94392,2.94392,1830,367,0,1235,0,0,0,0,0,1339,1785.99,0.953667,29.338,168732,12,29433,486,465155,48,117732,1944,32,4,644756,1319142,20632192,5276568,25908760,4,4,12,4,4,4,0,20,20,20260807,5,1,1,1,0,0,0,6145,0.256042,1,0.0015,0
215,2255.27,6,0,2.21883,2.93038,0,0,0,5.14921,361,361,0,1,2.94392,2.94392,1830,367,0,1235,0,0,0,0,0,1339,1785.99,0.953667,29.338,168732,12,29433,486,465155,48,117732,1944,32,4,644756,1319142,20632192,5276568,25908760,4,4,12,4,4,4,0,20,20,20260807,5,1,1,1,0,0,0,6146,0.256083,1,0.0015,1
216,2266.73,11,0,2.5965,8.78775,0,0,0,11.3842,361,361,0,1,2.94392,2.94392,1830,367,0,1235,0,0,0,0,0,1339,1785.99,0.953667,29.338,168732,12,29433,486,465155,48,117732,1944,32,4,644756,1319142,20632192,5276568,25908760,4,4,12,4,4,4,0,20,20,20260807,5,1,1,1,0,0,0,6146,0.256083,1,0.0015,0
217,2271.98,5,0,2.14988,3.01046,0,0,0,5.16033,361,361,0,1,2.94392,2.94392,1830,367,0,1235,0,0,0,0,0,1339,1785.99,0.953667,29.338,168732,12,29433,486,465155,48,117732,1944,32,4,644756,1319142,20632192,5276568,25908760,4,4,12,4,4,4,0,20,20,20260807,5,1,1,1,0,0,0,6146,0.256083,1,0.0015,0
218,2283.99,12,0,2.28158,9.64808,0,0,0,11.9297,361,361,0,1,2.94392,2.94392,1830,367,0,1235,0,0,0,0,0,1339,1785.99,0.953667,29.338,168732,12,29433,486,465155,48,117732,1944,32,4,644756,1319142,20632192,5276568,25908760,4,4,12,4,4,4,0,20,20,20260807,5,1,1,1,0,0,0,6146,0.256083,1,0.0015,0
219,2289.43,6,0,2.23425,3.132,0,0,0,5.36625,361,361,0,1,2.94392,2.94392,1830,367,0,1235,0,0,0,0,0,1339,1785.99,0.953667,29.338,168732,12,29433,486,465155,48,117732,1944,32,4,644756,1319142,20632192,5276568,25908760,4,4,12,4,4,4,0,20,20,20260807,5,1,1,1,0,0,0,6146,0.256083,1,0.0015,0
220,2303.37,14,0,2.19504,11.6674,0,0,0,13.8625,361,361,0,1,2.94392,2.94392,1830,367,0,1235,0,0,0,0,0,1339,1785.99,0.953667,29.338,168732,12,29433,486,465155,48,117732,1944,32,4,644756,1319142,20632192,5276568,25908760,4,4,12,4,4,4,0,20,20,20260807,5,1,1,1,0,0,0,6146,0.256083,1,0.0015,0
221,2317.78,14,0,2.11817,12.2131,0,0,0,14.3313,361,361,0,1,2.94392,2.94392,1830,367,0,1235,0,0,0,0,0,1339,1785.99,0.953667,29.338,168732,12,29433,486,465155,48,117732,1944,32,4,644756,1319142,20632192,5276568,25908760,4,4,12,4,4,4,0,20,20,20260807,5,1,1,1,0,0,0,6147,0.256125,1,0.0015,1
222,2323.16,6,0,2.16496,3.13121,0,0,0,5.29617,361,361,0,1,2.94392,2.94392,1830,367,0,1235,0,0,0,0,0,1339,1785.99,0.953667,29.338,168732,12,29433,486,465155,48,117732,1944,32,4,644756,1319142,20632192,5276568,25908760,4,4,12,4,4,4,0,20,20,20260807,5,1,1,1,0,0,0,6147,0.256125,1,0.0015,0
223,2333.36,10,0,2.182,7.94717,0,0,0,10.1292,361,361,0,1,2.94392,2.94392,1830,367,0,1235,0,0,0,0,0,1339,1785.99,0.953667,29.338,168732,12,29433,486,465155,48,117732,1944,32,4,644756,1319142,20632192,5276568,25908760,4,4,12,4,4,4,0,20,20,20260807,5,1,1,1,0,0,0,6147,0.256125,1,0.0015,0
224,2338.7,5,0,2.29962,2.95075,0,0,0,5.25038,361,361,0,1,2.94392,2.94392,1830,367,0,1235,0,0,0,0,0,1339,1785.99,0.953667,29.338,168732,12,29433,486,465155,48,117732,1944,32,4,644756,1319142,20632192,5276568,25908760,4,4,12,4,4,4,0,20,20,20260807,5,1,1,1,0,0,0,6147,0.256125,1,0.0015,0
225,2350.03,11,0,2.65375,8.59863,0,0,0,11.2524,361,361,0,1,2.94392,2.94392,1830,367,0,1235,0,0,0,0,0,1339,1785.99,0.953667,29.338,168732,12,29433,486,465155,48,117732,1944,32,4,644756,1319142,20632192,5276568,25908760,4,4,12,4,4,4,0,20,20,20260807,5,1,1,1,0,0,0,6147,0.256125,1,0.0015,0
226,2355.38,6,0,2.17121,3.0465,0,0,0,5.21771,361,361,0,1,2.94392,2.94392,1830,367,0,1235,0,0,0,0,0,1339,1785.99,0.953667,29.338,168732,12,29433,486,465155,48,117732,1944,32,4,644756,1319142,20632192,5276568,25908760,4,4,12,4,4,4,0,20,20,20260807,5,1,1,1,0,0,0,6148,0.256167,1,0.0015,1
227,2372.2,17,0,2.10221,14.6376,0,0,0,16.7398,361,361,0,1,2.94392,2.94392,1830,367,0,1235,0,0,0,0,0,1339,1785.99,0.953667,29.338,168732,12,29433,486,465155,48,117732,1944,32,4,644756,1319142,20632192,5276568,25908760,4,4,12,4,4,4,0,20,20,20260807,5,1,1,1,0,0,0,6148,0.256167,1,0.0015,0
228,2377.59,5,0,2.23025,3.08708,0,0,0,5.31733,361,361,0,1,2.94392,2.94392,1830,367,0,1235,0,0,0,0,0,1339,1785.99,0.953667,29.338,168732,12,29433,486,465155,48,117732,1944,32,4,644756,1319142,20632192,5276568,25908760,4,4,12,4,4,4,0,20,20,20260807,5,1,1,1,0,0,0,6148,0.256167,1,0.0015,0
229,2383.25,6,0,2.19946,3.37879,0,0,0,5.57825,361,361,0,1,2.94392,2.94392,1830,367,0,1235,0,0,0,0,0,1339,1785.99,0.953667,29.338,168732,12,29433,486,465155,48,117732,1944,32,4,644756,1319142,20632192,5276568,25908760,4,4,12,4,4,4,0,20,20,20260807,5,1,1,1,0,0,0,6148,0.256167,1,0.0015,0
230,2392.73,9,0,2.2445,7.15629,0,0,0,9.40079,361,361,0,1,2.94392,2.94392,1830,367,0,1235,0,0,0,0,0,1339,1785.99,0.953667,29.338,168732,12,29433,486,465155,48,117732,1944,32,4,644756,1319142,20632192,5276568,25908760,4,4,12,4,4,4,0,20,20,20260807,5,1,1,1,0,0,0,6148,0.256167,1,0.0015,0
231,2406.94,14,0,2.12133,12.0033,0,0,0,14.1247,361,361,0,1,2.94392,2.94392,1830,367,0,1235,0,0,0,0,0,1339,1785.99,0.953667,29.338,168732,12,29433,486,465155,48,117732,1944,32,4,644756,1319142,20632192,5276568,25908760,4,4,12,4,4,4,0,20,20,20260807,5,1,1,1,0,0,0,6148,0.256167,1,0.0015,0
232,2416.67,10,0,2.1855,7.46975,0,0,0,9.65525,361,361,0,1,2.94392,2.94392,1830,367,0,1235,0,0,0,0,0,1339,1785.99,0.953667,29.338,168732,12,29433,486,465155,48,117732,1944,32,4,644756,1319142,20632192,5276568,25908760,4,4,12,4,4,4,0,20,20,20260807,5,1,1,1,0,0,0,6149,0.256208,1,0.0015,1
233,2422.29,6,0,2.24538,3.29642,0,0,0,5.54179,361,361,0,1,2.94392,2.94392,1830,367,0,1235,0,0,0,0,0,1339,1785.99,0.953667,29.338,168732,12,29433,486,465155,48,117732,1944,32,4,644756,1319142,20632192,5276568,25908760,4,4,12,4,4,4,0,20,20,20260807,5,1,1,1,0,0,0,6149,0.256208,1,0.0015,0
234,2433.68,11,0,2.24938,9.05592,0,0,0,11.3053,361,361,0,1,2.94392,2.94392,1830,367,0,1235,0,0,0,0,0,1339,1785.99,0.953667,29.338,168732,12,29433,486,465155,48,117732,1944,32,4,644756,1319142,20632192,5276568,25908760,4,4,12,4,4,4,0,20,20,20260807,5,1,1,1,0,0,0,6149,0.256208,1,0.0015,0
235,2439.34,6,0,2.34975,3.20842,0,0,0,5.55817,361,361,0,1,2.94392,2.94392,1830,367,0,1235,0,0,0,0,0,1339,1785.99,0.953667,29.338,168732,12,29433,486,465155,48,117732,1944,32,4,644756,1319142,20632192,5276568,25908760,4,4,12,4,4,4,0,20,20,20260807,5,1,1,1,0,0,0,6149,0.256208,1,0.0015,0
236,2451.69,12,0,2.14708,10.1277,0,0,0,12.2747,361,361,0,1,2.94392,2.94392,1830,367,0,1235,0,0,0,0,0,1339,1785.99,0.953667,29.338,168732,12,29433,486,465155,48,117732,1944,32,4,644756,1319142,20632192,5276568,25908760,4,4,12,4,4,4,0,20,20,20260807,5,1,1,1,0,0,0,6149,0.256208,1,0.0015,0
237,2457.51,6,0,2.17342,3.55533,0,0,0,5.72875,361,361,0,1,2.94392,2.94392,1830,367,0,1235,0,0,0,0,0,1339,1785.99,0.953667,29.338,168732,12,29433,486,465155,48,117732,1944,32,4,644756,1319142,20632192,5276568,25908760,4,4,12,4,4,4,0,20,20,20260807,5,1,1,1,0,0,0,6150,0.25625,1,0.0015,1
238,2467.37,10,0,2.23279,7.54804,0,0,0,9.78083,361,361,0,1,2.94392,2.94392,1830,367,0,1235,0,0,0,0,0,1339,1785.99,0.953667,29.338,168732,12,29433,486,465155,48,117732,1944,32,4,644756,1319142,20632192,5276568,25908760,4,4,12,4,4,4,0,20,20,20260807,5,1,1,1,0,0,0,6150,0.25625,1,0.0015,0
239,2473.07,5,0,2.16175,3.46837,0,0,0,5.63012,361,361,0,1,2.94392,2.94392,1830,367,0,1235,0,0,0,0,0,1339,1785.99,0.953667,29.338,168732,12,29433,486,465155,48,117732,1944,32,4,644756,1319142,20632192,5276568,25908760,4,4,12,4,4,4,0,20,20,20260807,5,1,1,1,0,0,0,6150,0.25625,1,0.0015,0
240,2483.19,11,0,2.14625,7.83179,0,0,0,9.97804,361,361,0,1,2.94392,2.94392,1830,367,0,1235,0,0,0,0,0,1339,1785.99,0.953667,29.338,168732,12,29433,486,465155,48,117732,1944,32,4,644756,1319142,20632192,5276568,25908760,4,4,12,4,4,4,0,20,20,20260807,5,1,1,1,0,0,0,6150,0.25625,1,0.0015,0
241,2488.63,5,0,2.31125,3.04646,0,0,0,5.35771,361,361,0,1,2.94392,2.94392,1830,367,0,1235,0,0,0,0,0,1339,1785.99,0.953667,29.338,168732,12,29433,486,465155,48,117732,1944,32,4,644756,1319142,20632192,5276568,25908760,4,4,12,4,4,4,0,20,20,20260807,5,1,1,1,0,0,0,6150,0.25625,1,0.0015,0
242,2502.51,14,0,2.23062,11.5717,0,0,0,13.8023,361,361,0,1,2.94392,2.94392,1830,367,0,1235,0,0,0,0,0,1339,1785.99,0.953667,29.338,168732,12,29433,486,465155,48,117732,1944,32,4,644756,1319142,20632192,5276568,25908760,4,4,12,4,4,4,0,20,20,20260807,5,1,1,1,0,0,0,6150,0.25625,1,0.0015,0
243,2518.79,16,0,2.209,13.9934,0,0,0,16.2024,361,361,0,1,2.94392,2.94392,1830,367,0,1235,0,0,0,0,0,1339,1785.99,0.953667,29.338,168732,12,29433,486,465155,48,117732,1944,32,4,644756,1319142,20632192,5276568,25908760,4,4,12,4,4,4,0,20,20,20260807,5,1,1,1,0,0,0,6151,0.256292,1,0.0015,1
244,2524.33,6,0,2.38333,3.06679,0,0,0,5.45012,361,361,0,1,2.94392,2.94392,1830,367,0,1235,0,0,0,0,0,1339,1785.99,0.953667,29.338,168732,12,29433,486,465155,48,117732,1944,32,4,644756,1319142,20632192,5276568,25908760,4,4,12,4,4,4,0,20,20,20260807,5,1,1,1,0,0,0,6151,0.256292,1,0.0015,0
245,2541.42,17,0,2.20063,14.8097,0,0,0,17.0103,361,361,0,1,2.94392,2.94392,1830,367,0,1235,0,0,0,0,0,1339,1785.99,0.953667,29.338,168732,12,29433,486,465155,48,117732,1944,32,4,644756,1319142,20632192,5276568,25908760,4,4,12,4,4,4,0,20,20,20260807,5,1,1,1,0,0,0,6151,0.256292,1,0.0015,0
246,2551.85,10,0,2.13933,8.204,0,0,0,10.3433,361,361,0,1,2.94392,2.94392,1830,367,0,1235,0,0,0,0,0,1339,1785.99,0.953667,29.338,168732,12,29433,486,465155,48,117732,1944,32,4,644756,1319142,20632192,5276568,25908760,4,4,12,4,4,4,0,20,20,20260807,5,1,1,1,0,0,0,6151,0.256292,1,0.0015,0
247,2567.07,15,0,2.19517,12.948,0,0,0,15.1432,361,361,0,1,2.94392,2.94392,1830,367,0,1235,0,0,0,0,0,1339,1785.99,0.953667,29.338,168732,12,29433,486,465155,48,117732,1944,32,4,644756,1319142,20632192,5276568,25908760,4,4,12,4,4,4,0,20,20,20260807,5,1,1,1,0,0,0,6152,0.256333,1,0.0015,1
248,2581.55,15,0,2.21008,12.1912,0,0,0,14.4012,361,361,0,1,2.94392,2.94392,1830,367,0,1235,0,0,0,0,0,1339,1785.99,0.953667,29.338,168732,12,29433,486,465155,48,117732,1944,32,4,644756,1319142,20632192,5276568,25908760,4,4,12,4,4,4,0,20,20,20260807,5,1,1,1,0,0,0,6152,0.256333,1,0.0015,0
249,2587,5,0,2.34167,3.02304,0,0,0,5.36471,361,361,0,1,2.94392,2.94392,1830,367,0,1235,0,0,0,0,0,1339,1785.99,0.953667,29.338,168732,12,29433,486,465155,48,117732,1944,32,4,644756,1319142,20632192,5276568,25908760,4,4,12,4,4,4,0,20,20,20260807,5,1,1,1,0,0,0,6152,0.256333,1,0.0015,0
250,2599.96,13,0,2.11729,10.7762,0,0,0,12.8935,361,361,0,1,2.94392,2.94392,1830,367,0,1235,0,0,0,0,0,1339,1785.99,0.953667,29.338,168732,12,29433,486,465155,48,117732,1944,32,4,644756,1319142,20632192,5276568,25908760,4,4,12,4,4,4,0,20,20,20260807,5,1,1,1,0,0,0,6152,0.256333,1,0.0015,0
251,2605.23,6,0,2.25475,2.93463,0,0,0,5.18938,361,361,0,1,2.94392,2.94392,1830,367,0,1235,0,0,0,0,0,1339,1785.99,0.953667,29.338,168732,12,29433,486,465155,48,117732,1944,32,4,644756,1319142,20632192,5276568,25908760,4,4,12,4,4,4,0,20,20,20260807,5,1,1,1,0,0,0,6153,0.256375,1,0.0015,1
252,2617.54,12,0,2.78204,9.44833,0,0,0,12.2304,361,361,0,1,2.94392,2.94392,1830,367,0,1235,0,0,0,0,0,1339,1785.99,0.953667,29.338,168732,12,29433,486,465155,48,117732,1944,32,4,644756,1319142,20632192,5276568,25908760,4,4,12,4,4,4,0,20,20,20260807,5,1,1,1,0,0,0,6153,0.256375,1,0.0015,0
253,2625.41,8,0,2.17646,5.61337,0,0,0,7.78983,361,361,0,1,2.94392,2.94392,1830,367,0,1235,0,0,0,0,0,1339,1785.99,0.953667,29.338,168732,12,29433,486,465155,48,117732,1944,32,4,644756,1319142,20632192,5276568,25908760,4,4,12,4,4,4,0,20,20,20260807,5,1,1,1,0,0,0,6153,0.256375,1,0.0015,0
254,2634.25,9,0,2.18942,6.57375,0,0,0,8.76317,361,361,0,1,2.94392,2.94392,1830,367,0,1235,0,0,0,0,0,1339,1785.99,0.953667,29.338,168732,12,29433,486,465155,48,117732,1944,32,4,644756,1319142,20632192,5276568,25908760,4,4,12,4,4,4,0,20,20,20260807,5,1,1,1,0,0,0,6153,0.256375,1,0.0015,0
255,2639.74,5,0,2.19146,3.17775,0,0,0,5.36921,361,361,0,1,2.94392,2.94392,1830,367,0,1235,0,0,0,0,0,1339,1785.99,0.953667,29.338,168732,12,29433,486,465155,48,117732,1944,32,4,644756,1319142,20632192,5276568,25908760,4,4,12,4,4,4,0,20,20,20260807,5,1,1,1,0,0,0,6153,0.256375,1,0.0015,0
256,2650.96,11,0,2.40537,8.74362,0,0,0,11.149,361,361,0,1,2.94392,2.94392,1830,367,0,1235,0,0,0,0,0,1339,1785.99,0.953667,29.338,168732,12,29433,486,465155,48,117732,1944,32,4,644756,1319142,20632192,5276568,25908760,4,4,12,4,4,4,0,20,20,20260807,5,1,1,1,0,0,0,6153,0.256375,1,0.0015,0
257,2657.39,7,0,2.17246,3.6425,0,0,0,5.81496,361,361,0,1,2.94392,2.94392,1830,367,0,1235,0,0,0,0,0,1339,1785.99,0.953667,29.338,168732,12,29433,486,465155,48,117732,1944,32,4,644756,1319142,20632192,5276568,25908760,4,4,12,4,4,4,0,20,20,20260807,5,1,1,1,0,0,0,6154,0.256417,1,0.0015,1
258,2666.26,10,0,2.21017,6.57629,0,0,0,8.78646,361,361,0,1,2.94392,2.94392,1830,367,0,1235,0,0,0,0,0,1339,1785.99,0.953667,29.338,168732,12,29433,486,465155,48,117732,1944,32,4,644756,1319142,20632192,5276568,25908760,4,4,12,4,4,4,0,20,20,20260807,5,1,1,1,0,0,0,6154,0.256417,1,0.0015,0
259,2672.72,6,0,2.41812,3.96658,0,0,0,6.38471,361,361,0,1,2.94392,2.94392,1830,367,0,1235,0,0,0,0,0,1339,1785.99,0.953667,29.338,168732,12,29433,486,465155,48,117732,1944,32,4,644756,1319142,20632192,5276568,25908760,4,4,12,4,4,4,0,20,20,20260807,5,1,1,1,0,0,0,6154,0.256417,1,0.0015,0
260,2683.12,10,0,2.19979,8.12663,0,0,0,10.3264,361,361,0,1,2.94392,2.94392,1830,367,0,1235,0,0,0,0,0,1339,1785.99,0.953667,29.338,168732,12,29433,486,465155,48,117732,1944,32,4,644756,1319142,20632192,5276568,25908760,4,4,12,4,4,4,0,20,20,20260807,5,1,1,1,0,0,0,6154,0.256417,1,0.0015,0
261,2690.11,7,0,2.30158,4.60938,0,0,0,6.91096,361,361,0,1,2.94392,2.94392,1830,367,0,1235,0,0,0,0,0,1339,1785.99,0.953667,29.338,168732,12,29433,486,465155,48,117732,1944,32,4,644756,1319142,20632192,5276568,25908760,4,4,12,4,4,4,0,20,20,20260807,5,1,1,1,0,0,0,6154,0.256417,1,0.0015,0
262,2699.6,10,0,2.14962,7.252,0,0,0,9.40162,361,361,0,1,2.94392,2.94392,1830,367,0,1235,0,0,0,0,0,1339,1785.99,0.953667,29.338,168732,12,29433,486,465155,48,117732,1944,32,4,644756,1319142,20632192,5276568,25908760,4,4,12,4,4,4,0,20,20,20260807,5,1,1,1,0,0,0,6154,0.256417,1,0.0015,0
263,2705.92,6,0,2.44679,3.79942,0,0,0,6.24621,361,361,0,1,2.94392,2.94392,1830,367,0,1235,0,0,0,0,0,1339,1785.99,0.953667,29.338,168732,12,29433,486,465155,48,117732,1944,32,4,644756,1319142,20632192,5276568,25908760,4,4,12,4,4,4,0,20,20,20260807,5,1,1,1,0,0,0,6155,0.256458,1,0.0015,1
264,2716.26,11,0,2.17617,8.08454,0,0,0,10.2607,361,361,0,1,2.94392,2.94392,1830,367,0,1235,0,0,0,0,0,1339,1785.99,0.953667,29.338,168732,12,29433,486,465155,48,117732,1944,32,4,644756,1319142,20632192,5276568,25908760,4,4,12,4,4,4,0,20,20,20260807,5,1,1,1,0,0,0,6155,0.256458,1,0.0015,0
265,2722.7,6,0,2.40017,3.96671,0,0,0,6.36688,361,361,0,1,2.94392,2.94392,1830,367,0,1235,0,0,0,0,0,1339,1785.99,0.953667,29.338,168732,12,29433,486,465155,48,117732,1944,32,4,644756,1319142,20632192,5276568,25908760,4,4,12,4,4,4,0,20,20,20260807,5,1,1,1,0,0,0,6155,0.256458,1,0.0015,0
266,2733.86,11,0,2.27537,8.799,0,0,0,11.0744,361,361,0,1,2.94392,2.94392,1830,367,0,1235,0,0,0,0,0,1339,1785.99,0.953667,29.338,168732,12,29433,486,465155,48,117732,1944,32,4,644756,1319142,20632192,5276568,25908760,4,4,12,4,4,4,0,20,20,20260807,5,1,1,1,0,0,0,6155,0.256458,1,0.0015,0
267,2739.76,6,0,2.22688,3.59717,0,0,0,5.82404,361,361,0,1,2.94392,2.94392,1830,367,0,1235,0,0,0,0,0,1339,1785.99,0.953667,29.338,168732,12,29433,486,465155,48,117732,1944,32,4,644756,1319142,20632192,5276568,25908760,4,4,12,4,4,4,0,20,20,20260807,5,1,1,1,0,0,0,6155,0.256458,1,0.0015,0
268,2749.65,10,0,2.093,7.71817,0,0,0,9.81117,361,361,0,1,2.94392,2.94392,1830,367,0,1235,0,0,0,0,0,1339,1785.99,0.953667,29.338,168732,12,29433,486,465155,48,117732,1944,32,4,644756,1319142,20632192,5276568,25908760,4,4,12,4,4,4,0,20,20,20260807,5,1,1,1,0,0,0,6155,0.256458,1,0.0015,0
269,2754.96,5,0,2.24458,2.96946,0,0,0,5.21404,361,361,0,1,2.94392,2.94392,1830,367,0,1235,0,0,0,0,0,1339,1785.99,0.953667,29.338,168732,12,29433,486,465155,48,117732,1944,32,4,644756,1319142,20632192,5276568,25908760,4,4,12,4,4,4,0,20,20,20260807,5,1,1,1,0,0,0,6156,0.2565,1,0.0015,1
270,2766.36,12,0,2.08529,9.24108,0,0,0,11.3264,361,361,0,1,2.94392,2.94392,1830,367,0,1235,0,0,0,0,0,1339,1785.99,0.953667,29.338,168732,12,29433,486,465155,48,117732,1944,32,4,644756,1319142,20632192,5276568,25908760,4,4,12,4,4,4,0,20,20,20260807,5,1,1,1,0,0,0,6156,0.2565,1,0.0015,0
271,2772.36,6,0,2.11112,3.801,0,0,0,5.91212,361,361,0,1,2.94392,2.94392,1830,367,0,1235,0,0,0,0,0,1339,1785.99,0.953667,29.338,168732,12,29433,486,465155,48,117732,1944,32,4,644756,1319142,20632192,5276568,25908760,4,4,12,4,4,4,0,20,20,20260807,5,1,1,1,0,0,0,6156,0.2565,1,0.0015,0
272,2782.85,10,0,2.17429,8.23725,0,0,0,10.4115,361,361,0,1,2.94392,2.94392,1830,367,0,1235,0,0,0,0,0,1339,1785.99,0.953667,29.338,168732,12,29433,486,465155,48,117732,1944,32,4,644756,1319142,20632192,5276568,25908760,4,4,12,4,4,4,0,20,20,20260807,5,1,1,1,0,0,0,6156,0.2565,1,0.0015,0
273,2788.55,6,0,2.1335,3.49417,0,0,0,5.62767,361,361,0,1,2.94392,2.94392,1830,367,0,1235,0,0,0,0,0,1339,1785.99,0.953667,29.338,168732,12,29433,486,465155,48,117732,1944,32,4,644756,1319142,20632192,5276568,25908760,4,4,12,4,4,4,0,20,20,20260807,5,1,1,1,0,0,0,6156,0.2565,1,0.0015,0
274,2799.61,11,0,2.84633,8.14429,0,0,0,10.9906,361,361,0,1,2.94392,2.94392,1830,367,0,1235,0,0,0,0,0,1339,1785.99,0.953667,29.338,168732,12,29433,486,465155,48,117732,1944,32,4,644756,1319142,20632192,5276568,25908760,4,4,12,4,4,4,0,20,20,20260807,5,1,1,1,0,0,0,6156,0.2565,1,0.0015,0
275,2810.45,11,0,2.17304,8.588,0,0,0,10.761,361,361,0,1,2.94392,2.94392,1830,367,0,1235,0,0,0,0,0,1339,1785.99,0.953667,29.338,168732,12,29433,486,465155,48,117732,1944,32,4,644756,1319142,20632192,5276568,25908760,4,4,12,4,4,4,0,20,20,20260807,5,1,1,1,0,0,0,6157,0.256542,1,0.0015,1
276,2816.27,6,0,2.14046,3.587,0,0,0,5.72746,361,361,0,1,2.94392,2.94392,1830,367,0,1235,0,0,0,0,0,1339,1785.99,0.953667,29.338,168732,12,29433,486,465155,48,117732,1944,32,4,644756,1319142,20632192,5276568,25908760,4,4,12,4,4,4,0,20,20,20260807,5,1,1,1,0,0,0,6157,0.256542,1,0.0015,0
277,2822.62,6,0,2.30912,3.97,0,0,0,6.27912,361,361,0,1,2.94392,2.94392,1830,367,0,1235,0,0,0,0,0,1339,1785.99,0.953667,29.338,168732,12,29433,486,465155,48,117732,1944,32,4,644756,1319142,20632192,5276568,25908760,4,4,12,4,4,4,0,20,20,20260807,5,1,1,1,0,0,0,6157,0.256542,1,0.0015,0
278,2838.84,16,0,2.23504,13.8963,0,0,0,16.1313,361,361,0,1,2.94392,2.94392,1830,367,0,1235,0,0,0,0,0,1339,1785.99,0.953667,29.338,168732,12,29433,486,465155,48,117732,1944,32,4,644756,1319142,20632192,5276568,25908760,4,4,12,4,4,4,0,20,20,20260807,5,1,1,1,0,0,0,6157,0.256542,1,0.0015,0
279,2849.58,11,0,2.14521,8.51983,0,0,0,10.665,361,361,0,1,2.94392,2.94392,1830,367,0,1235,0,0,0,0,0,1339,1785.99,0.953667,29.338,168732,12,29433,486,465155,48,117732,1944,32,4,644756,1319142,20632192,5276568,25908760,4,4,12,4,4,4,0,20,20,20260807,5,1,1,1,0,0,0,6157,0.256542,1,0.0015,0
280,2855.08,5,0,2.19687,3.23362,0,0,0,5.4305,361,361,0,1,2.94392,2.94392,1830,367,0,1235,0,0,0,0,0,1339,1785.99,0.953667,29.338,168732,12,29433,486,465155,48,117732,1944,32,4,644756,1319142,20632192,5276568,25908760,4,4,12,4,4,4,0,20,20,20260807,5,1,1,1,0,0,0,6158,0.256583,1,0.0015,1
281,2866.36,12,0,5.84146,5.35996,0,0,0,11.2014,361,361,0,1,2.94392,2.94392,1830,367,0,1235,0,0,0,0,0,1339,1785.99,0.953667,29.338,168732,12,29433,486,465155,48,117732,1944,32,4,644756,1319142,20632192,5276568,25908760,4,4,12,4,4,4,0,20,20,20260807,5,1,1,1,0,0,0,6158,0.256583,1,0.0015,0
282,2872.22,6,0,2.14379,3.62938,0,0,0,5.77317,361,361,0,1,2.94392,2.94392,1830,367,0,1235,0,0,0,0,0,1339,1785.99,0.953667,29.338,168732,12,29433,486,465155,48,117732,1944,32,4,644756,1319142,20632192,5276568,25908760,4,4,12,4,4,4,0,20,20,20260807,5,1,1,1,0,0,0,6158,0.256583,1,0.0015,0
283,2882.82,10,0,7.00317,3.51987,0,0,0,10.523,361,361,0,1,2.94392,2.94392,1830,367,0,1235,0,0,0,0,0,1339,1785.99,0.953667,29.338,168732,12,29433,486,465155,48,117732,1944,32,4,644756,1319142,20632192,5276568,25908760,4,4,12,4,4,4,0,20,20,20260807,5,1,1,1,0,0,0,6158,0.256583,1,0.0015,0
284,2890.16,8,0,2.11421,5.11646,0,0,0,7.23067,361,361,0,1,2.94392,2.94392,1830,367,0,1235,0,0,0,0,0,1339,1785.99,0.953667,29.338,168732,12,29433,486,465155,48,117732,1944,32,4,644756,1319142,20632192,5276568,25908760,4,4,12,4,4,4,0,20,20,20260807,5,1,1,1,0,0,0,6158,0.256583,1,0.0015,0
285,2899.71,9,0,2.54417,6.92138,0,0,0,9.46554,361,361,0,1,2.94392,2.94392,1830,367,0,1235,0,0,0,0,0,1339,1785.99,0.953667,29.338,168732,12,29433,486,465155,48,117732,1944,32,4,644756,1319142,20632192,5276568,25908760,4,4,12,4,4,4,0,20,20,20260807,5,1,1,1,0,0,0,6158,0.256583,1,0.0015,0
286,2905.9,6,0,2.262,3.84617,0,0,0,6.10817,361,361,0,1,2.94392,2.94392,1830,367,0,1235,0,0,0,0,0,1339,1785.99,0.953667,29.338,168732,12,29433,486,465155,48,117732,1944,32,4,644756,1319142,20632192,5276568,25908760,4,4,12,4,4,4,0,20,20,20260807,5,1,1,1,0,0,0,6159,0.256625,1,0.0015,1
287,2916.34,11,0,2.19329,8.17729,0,0,0,10.3706,361,361,0,1,2.94392,2.94392,1830,367,0,1235,0,0,0,0,0,1339,1785.99,0.953667,29.338,168732,12,29433,486,465155,48,117732,1944,32,4,644756,1319142,20632192,5276568,25908760,4,4,12,4,4,4,0,20,20,20260807,5,1,1,1,0,0,0,6159,0.256625,1,0.0015,0
288,2922.9,6,0,2.22125,4.27233,0,0,0,6.49358,361,361,0,1,2.94392,2.94392,1830,367,0,1235,0,0,0,0,0,1339,1785.99,0.953667,29.338,168732,12,29433,486,465155,48,117732,1944,32,4,644756,1319142,20632192,5276568,25908760,4,4,12,4,4,4,0,20,20,20260807,5,1,1,1,0,0,0,6159,0.256625,1,0.0015,0
289,2933.03,10,0,2.14704,7.90329,0,0,0,10.0503,361,361,0,1,2.94392,2.94392,1830,367,0,1235,0,0,0,0,0,1339,1785.99,0.953667,29.338,168732,12,29433,486,465155,48,117732,1944,32,4,644756,1319142,20632192,5276568,25908760,4,4,12,4,4,4,0,20,20,20260807,5,1,1,1,0,0,0,6159,0.256625,1,0.0015,0
290,2945.34,13,0,2.20442,10.0305,0,0,0,12.2349,361,361,0,1,2.94392,2.94392,1830,367,0,1235,0,0,0,0,0,1339,1785.99,0.953667,29.338,168732,12,29433,486,465155,48,117732,1944,32,4,644756,1319142,20632192,5276568,25908760,4,4,12,4,4,4,0,20,20,20260807,5,1,1,1,0,0,0,6159,0.256625,1,0.0015,0
291,2950.62,5,0,2.04442,3.14846,0,0,0,5.19287,361,361,0,1,2.94392,2.94392,1830,367,0,1235,0,0,0,0,0,1339,1785.99,0.953667,29.338,168732,12,29433,486,465155,48,117732,1944,32,4,644756,1319142,20632192,5276568,25908760,4,4,12,4,4,4,0,20,20,20260807,5,1,1,1,0,0,0,6159,0.256625,1,0.0015,0
292,2955.96,5,0,2.17133,3.08425,0,0,0,5.25558,361,361,0,1,2.94392,2.94392,1830,367,0,1235,0,0,0,0,0,1339,1785.99,0.953667,29.338,168732,12,29433,486,465155,48,117732,1944,32,4,644756,1319142,20632192,5276568,25908760,4,4,12,4,4,4,0,20,20,20260807,5,1,1,1,0,0,0,6160,0.256667,1,0.0015,1
293,2966.32,11,0,2.19583,8.08962,0,0,0,10.2855,361,361,0,1,2.94392,2.94392,1830,367,0,1235,0,0,0,0,0,1339,1785.99,0.953667,29.338,168732,12,29433,486,465155,48,117732,1944,32,4,644756,1319142,20632192,5276568,25908760,4,4,12,4,4,4,0,20,20,20260807,5,1,1,1,0,0,0,6160,0.256667,1,0.0015,0
294,2972.64,6,0,2.18463,4.06175,0,0,0,6.24637,361,361,0,1,2.94392,2.94392,1830,367,0,1235,0,0,0,0,0,1339,1785.99,0.953667,29.338,168732,12,29433,486,465155,48,117732,1944,32,4,644756,1319142,20632192,5276568,25908760,4,4,12,4,4,4,0,20,20,20260807,5,1,1,1,0,0,0,6160,0.256667,1,0.0015,0
295,2983,10,0,2.19888,8.08004,0,0,0,10.2789,361,361,0,1,2.94392,2.94392,1830,367,0,1235,0,0,0,0,0,1339,1785.99,0.953667,29.338,168732,12,29433,486,465155,48,117732,1944,32,4,644756,1319142,20632192,5276568,25908760,4,4,12,4,4,4,0,20,20,20260807,5,1,1,1,0,0,0,6160,0.256667,1,0.0015,0
296,2989.07,6,0,2.16433,3.81529,0,0,0,5.97963,361,361,0,1,2.94392,2.94392,1830,367,0,1235,0,0,0,0,0,1339,1785.99,0.953667,29.338,168732,12,29433,486,465155,48,117732,1944,32,4,644756,1319142,20632192,5276568,25908760,4,4,12,4,4,4,0,20,20,20260807,5,1,1,1,0,0,0,6160,0.256667,1,0.0015,0
297,2999.62,11,0,2.13479,7.53413,0,0,0,9.66892,361,361,0,1,2.94392,2.94392,1830,367,0,1235,0,0,0,0,0,1339,1785.99,0.953667,29.338,168732,12,29433,486,465155,48,117732,1944,32,4,644756,1319142,20632192,5276568,25908760,4,4,12,4,4,4,0,20,20,20260807,5,1,1,1,0,0,0,6160,0.256667,1,0.0015,0
298,3005.74,6,0,2.16787,3.81996,0,0,0,5.98783,361,361,0,1,2.94392,2.94392,1830,367,0,1235,0,0,0,0,0,1339,1785.99,0.953667,29.338,168732,12,29433,486,465155,48,117732,1944,32,4,644756,1319142,20632192,5276568,25908760,4,4,12,4,4,4,0,20,20,20260807,5,1,1,1,0,0,0,6161,0.256708,1,0.0015,1
299,3016.41,11,0,2.25287,8.33667,0,0,0,10.5895,361,361,0,1,2.94392,2.94392,1830,367,0,1235,0,0,0,0,0,1339,1785.99,0.953667,29.338,168732,12,29433,486,465155,48,117732,1944,32,4,644756,1319142,20632192,5276568,25908760,4,4,12,4,4,4,0,20,20,20260807,5,1,1,1,0,0,0,6161,0.256708,1,0.0015,0
300,3022.2,6,0,2.15733,3.55383,0,0,0,5.71117,361,361,0,1,2.94392,2.94392,1830,367,0,1235,0,0,0,0,0,1339,1785.99,0.953667,29.338,168732,12,29433,486,465155,48,117732,1944,32,4,644756,1319142,20632192,5276568,25908760,4,4,12,4,4,4,0,20,20,20260807,5,1,1,1,0,0,0,6161,0.256708,1,0.0015,0
301,3032.97,10,0,2.17946,8.51262,0,0,0,10.6921,361,361,0,1,2.94392,2.94392,1830,367,0,1235,0,0,0,0,0,1339,1785.99,0.953667,29.338,168732,12,29433,486,465155,48,117732,1944,32,4,644756,1319142,20632192,5276568,25908760,4,4,12,4,4,4,0,20,20,20260807,5,1,1,1,0,0,0,6161,0.256708,1,0.0015,0
302,3038.9,6,0,2.13092,3.72692,0,0,0,5.85783,361,361,0,1,2.94392,2.94392,1830,367,0,1235,0,0,0,0,0,1339,1785.99,0.953667,29.338,168732,12,29433,486,465155,48,117732,1944,32,4,644756,1319142,20632192,5276568,25908760,4,4,12,4,4,4,0,20,20,20260807,5,1,1,1,0,0,0,6161,0.256708,1,0.0015,0
303,3049.62,11,0,3.45129,7.1865,0,0,0,10.6378,361,361,0,1,2.94392,2.94392,1830,367,0,1235,0,0,0,0,0,1339,1785.99,0.953667,29.338,168732,12,29433,486,465155,48,117732,1944,32,4,644756,1319142,20632192,5276568,25908760,4,4,12,4,4,4,0,20,20,20260807,5,1,1,1,0,0,0,6161,0.256708,1,0.0015,0
304,3055.66,6,0,2.24408,3.72117,0,0,0,5.96525,361,361,0,1,2.94392,2.94392,1830,367,0,1235,0,0,0,0,0,1339,1785.99,0.953667,29.338,168732,12,29433,486,465155,48,117732,1944,32,4,644756,1319142,20632192,5276568,25908760,4,4,12,4,4,4,0,20,20,20260807,5,1,1,1,0,0,0,6162,0.25675,1,0.0015,1
305,3066.35,11,0,3.63546,6.97271,0,0,0,10.6082,361,361,0,1,2.94392,2.94392,1830,367,0,1235,0,0,0,0,0,1339,1785.99,0.953667,29.338,168732,12,29433,486,465155,48,117732,1944,32,4,644756,1319142,20632192,5276568,25908760,4,4,12,4,4,4,0,20,20,20260807,5,1,1,1,0,0,0,6162,0.25675,1,0.0015,0
306,3072.53,6,0,2.10038,3.99737,0,0,0,6.09775,361,361,0,1,2.94392,2.94392,1830,367,0,1235,0,0,0,0,0,1339,1785.99,0.953667,29.338,168732,12,29433,486,465155,48,117732,1944,32,4,644756,1319142,20632192,5276568,25908760,4,4,12,4,4,4,0,20,20,20260807,5,1,1,1,0,0,0,6162,0.25675,1,0.0015,0
307,3082.99,10,0,2.22492,8.14237,0,0,0,10.3673,361,361,0,1,2.94392,2.94392,1830,367,0,1235,0,0,0,0,0,1339,1785.99,0.953667,29.338,168732,12,29433,486,465155,48,117732,1944,32,4,644756,1319142,20632192,5276568,25908760,4,4,12,4,4,4,0,20,20,20260807,5,1,1,1,0,0,0,6162,0.25675,1,0.0015,0
308,3090.95,8,0,2.10429,5.77775,0,0,0,7.88204,361,361,0,1,2.94392,2.94392,1830,367,0,1235,0,0,0,0,0,1339,1785.99,0.953667,29.338,168732,12,29433,486,465155,48,117732,1944,32,4,644756,1319142,20632192,5276568,25908760,4,4,12,4,4,4,0,20,20,20260807,5,1,1,1,0,0,0,6162,0.25675,1,0.0015,0
309,3099.82,9,0,2.09996,6.69217,0,0,0,8.79213,361,361,0,1,2.94392,2.94392,1830,367,0,1235,0,0,0,0,0,1339,1785.99,0.953667,29.338,168732,12,29433,486,465155,48,117732,1944,32,4,644756,1319142,20632192,5276568,25908760,4,4,12,4,4,4,0,20,20,20260807,5,1,1,1,0,0,0,6162,0.25675,1,0.0015,0
310,3105.05,5,0,2.20442,2.94687,0,0,0,5.15129,361,361,0,1,2.94392,2.94392,1830,367,0,1235,0,0,0,0,0,1339,1785.99,0.953667,29.338,168732,12,29433,486,465155,48,117732,1944,32,4,644756,1319142,20632192,5276568,25908760,4,4,12,4,4,4,0,20,20,20260807,5,1,1,1,0,0,0,6163,0.256792,1,0.0015,1
311,3116.35,12,0,2.16996,9.04729,0,0,0,11.2172,361,361,0,1,2.94392,2.94392,1830,367,0,1235,0,0,0,0,0,1339,1785.99,0.953667,29.338,168732,12,29433,486,465155,48,117732,1944,32,4,644756,1319142,20632192,5276568,25908760,4,4,12,4,4,4,0,20,20,20260807,5,1,1,1,0,0,0,6163,0.256792,1,0.0015,0
312,3122.48,6,0,2.23804,3.78154,0,0,0,6.01958,361,361,0,1,2.94392,2.94392,1830,367,0,1235,0,0,0,0,0,1339,1785.99,0.953667,29.338,168732,12,29433,486,465155,48,117732,1944,32,4,644756,1319142,20632192,5276568,25908760,4,4,12,4,4,4,0,20,20,20260807,5,1,1,1,0,0,0,6163,0.256792,1,0.0015,0
313,3133,10,0,2.23471,8.19412,0,0,0,10.4288,361,361,0,1,2.94392,2.94392,1830,367,0,1235,0,0,0,0,0,1339,1785.99,0.953667,29.338,168732,12,29433,486,465155,48,117732,1944,32,4,644756,1319142,20632192,5276568,25908760,4,4,12,4,4,4,0,20,20,20260807,5,1,1,1,0,0,0,6163,0.256792,1,0.0015,0
314,3139.09,6,0,2.19537,3.82008,0,0,0,6.01546,361,361,0,1,2.94392,2.94392,1830,367,0,1235,0,0,0,0,0,1339,1785.99,0.953667,29.338,168732,12,29433,486,465155,48,117732,1944,32,4,644756,1319142,20632192,5276568,25908760,4,4,12,4,4,4,0,20,20,20260807,5,1,1,1,0,0,0,6163,0.256792,1,0.0015,0
315,3149.51,11,0,2.14021,5.33613,0,0,0,7.47633,361,361,0,1,2.94392,2.94392,1830,367,0,1235,0,0,0,0,0,1339,1785.99,0.953667,29.338,168732,12,29433,486,465155,48,117732,1944,32,4,644756,1319142,20632192,5276568,25908760,4,4,12,4,4,4,0,20,20,20260807,5,1,1,1,0,0,0,6163,0.256792,1,0.0015,0
316,3155.5,6,0,2.04838,3.87142,0,0,0,5.91979,361,361,0,1,2.94392,2.94392,1830,367,0,1235,0,0,0,0,0,1339,1785.99,0.953667,29.338,168732,12,29433,486,465155,48,117732,1944,32,4,644756,1319142,20632192,5276568,25908760,4,4,12,4,4,4,0,20,20,20260807,5,1,1,1,0,0,0,6164,0.256833,1,0.0015,1
317,3166.21,11,0,7.28042,3.34825,0,0,0,10.6287,361,361,0,1,2.94392,2.94392,1830,367,0,1235,0,0,0,0,0,1339,1785.99,0.953667,29.338,168732,12,29433,486,465155,48,117732,1944,32,4,644756,1319142,20632192,5276568,25908760,4,4,12,4,4,4,0,20,20,20260807,5,1,1,1,0,0,0,6164,0.256833,1,0.0015,0
318,3172.26,6,0,2.10704,3.86492,0,0,0,5.97196,361,361,0,1,2.94392,2.94392,1830,367,0,1235,0,0,0,0,0,1339,1785.99,0.953667,29.338,168732,12,29433,486,465155,48,117732,1944,32,4,644756,1319142,20632192,5276568,25908760,4,4,12,4,4,4,0,20,20,20260807,5,1,1,1,0,0,0,6164,0.256833,1,0.0015,0
319,3183,10,0,2.19525,8.47575,0,0,0,10.671,361,361,0,1,2.94392,2.94392,1830,367,0,1235,0,0,0,0,0,1339,1785.99,0.953667,29.338,168732,12,29433,486,465155,48,117732,1944,32,4,644756,1319142,20632192,5276568,25908760,4,4,12,4,4,4,0,20,20,20260807,5,1,1,1,0,0,0,6164,0.256833,1,0.0015,0
320,3189.25,7,0,2.14196,4.01725,0,0,0,6.15921,361,361,0,1,2.94392,2.94392,1830,367,0,1235,0,0,0,0,0,1339,1785.99,0.953667,29.338,168732,12,29433,486,465155,48,117732,1944,32,4,644756,1319142,20632192,5276568,25908760,4,4,12,4,4,4,0,20,20,20260807,5,1,1,1,0,0,0,6164,0.256833,1,0.0015,0
321,3199.63,10,0,2.26033,8.0455,0,0,0,10.3058,361,361,0,1,2.94392,2.94392,1830,367,0,1235,0,0,0,0,0,1339,1785.99,0.953667,29.338,168732,12,29433,486,465155,48,117732,1944,32,4,644756,1319142,20632192,5276568,25908760,4,4,12,4,4,4,0,20,20,20260807,5,1,1,1,0,0,0,6164,0.256833,1,0.0015,0
322,3205.67,6,0,2.43671,3.52958,0,0,0,5.96629,361,361,0,1,2.94392,2.94392,1830,367,0,1235,0,0,0,0,0,1339,1785.99,0.953667,29.338,168732,12,29433,486,465155,48,117732,1944,32,4,644756,1319142,20632192,5276568,25908760,4,4,12,4,4,4,0,20,20,20260807,5,1,1,1,0,0,0,6165,0.256875,1,0.0015,1
323,3216.75,11,0,2.41688,8.58179,0,0,0,10.9987,361,361,0,1,2.94392,2.94392,1830,367,0,1235,0,0,0,0,0,1339,1785.99,0.953667,29.338,168732,12,29433,486,465155,48,117732,1944,32,4,644756,1319142,20632192,5276568,25908760,4,4,12,4,4,4,0,20,20,20260807,5,1,1,1,0,0,0,6165,0.256875,1,0.0015,0
324,3222.3,5,0,2.12258,3.35104,0,0,0,5.47363,361,361,0,1,2.94392,2.94392,1830,367,0,1235,0,0,0,0,0,1339,1785.99,0.953667,29.338,168732,12,29433,486,465155,48,117732,1944,32,4,644756,1319142,20632192,5276568,25908760,4,4,12,4,4,4,0,20,20,20260807,5,1,1,1,0,0,0,6165,0.256875,1,0.0015,0
325,3232.99,10,0,6.52304,4.07967,0,0,0,10.6027,361,361,0,1,2.94392,2.94392,1830,367,0,1235,0,0,0,0,0,1339,1785.99,0.953667,29.338,168732,12,29433,486,465155,48,117732,1944,32,4,644756,1319142,20632192,5276568,25908760,4,4,12,4,4,4,0,20,20,20260807,5,1,1,1,0,0,0,6165,0.256875,1,0.0015,0
326,3239.06,6,0,2.08517,3.9125,0,0,0,5.99767,361,361,0,1,2.94392,2.94392,1830,367,0,1235,0,0,0,0,0,1339,1785.99,0.953667,29.338,168732,12,29433,486,465155,48,117732,1944,32,4,644756,1319142,20632192,5276568,25908760,4,4,12,4,4,4,0,20,20,20260807,5,1,1,1,0,0,0,6165,0.256875,1,0.0015,0
327,3250.36,12,0,2.12446,3.26046,0,0,0,5.38492,361,361,0,1,2.94392,2.94392,1830,367,0,1235,0,0,0,0,0,1339,1785.99,0.953667,29.338,168732,12,29433,486,465155,48,117732,1944,32,4,644756,1319142,20632192,5276568,25908760,4,4,12,4,4,4,0,20,20,20260807,5,1,1,1,0,0,0,6165,0.256875,1,0.0015,0
328,3255.61,5,0,2.20379,2.96704,0,0,0,5.17083,361,361,0,1,2.94392,2.94392,1830,367,0,1235,0,0,0,0,0,1339,1785.99,0.953667,29.338,168732,12,29433,486,465155,48,117732,1944,32,4,644756,1319142,20632192,5276568,25908760,4,4,12,4,4,4,0,20,20,20260807,5,1,1,1,0,0,0,6166,0.256917,1,0.0015,1
329,3266.14,11,0,2.09262,8.36163,0,0,0,10.4543,361,361,0,1,2.94392,2.94392,1830,367,0,1235,0,0,0,0,0,1339,1785.99,0.953667,29.338,168732,12,29433,486,465155,48,117732,1944,32,4,644756,1319142,20632192,5276568,25908760,4,4,12,4,4,4,0,20,20,20260807,5,1,1,1,0,0,0,6166,0.256917,1,0.0015,0
330,3272.37,6,0,2.13954,4.01487,0,0,0,6.15442,361,361,0,1,2.94392,2.94392,1830,367,0,1235,0,0,0,0,0,1339,1785.99,0.953667,29.338,168732,12,29433,486,465155,48,117732,1944,32,4,644756,1319142,20632192,5276568,25908760,4,4,12,4,4,4,0,20,20,20260807,5,1,1,1,0,0,0,6166,0.256917,1,0.0015,0
331,3282.92,10,0,2.12162,8.33825,0,0,0,10.4599,361,361,0,1,2.94392,2.94392,1830,367,0,1235,0,0,0,0,0,1339,1785.99,0.953667,29.338,168732,12,29433,486,465155,48,117732,1944,32,4,644756,1319142,20632192,5276568,25908760,4,4,12,4,4,4,0,20,20,20260807,5,1,1,1,0,0,0,6166,0.256917,1,0.0015,0
332,3288.99,6,0,2.18187,3.81462,0,0,0,5.9965,361,361,0,1,2.94392,2.94392,1830,367,0,1235,0,0,0,0,0,1339,1785.99,0.953667,29.338,168732,12,29433,486,465155,48,117732,1944,32,4,644756,1319142,20632192,5276568,25908760,4,4,12,4,4,4,0,20,20,20260807,5,1,1,1,0,0,0,6166,0.256917,1,0.0015,0
333,3299.57,11,0,2.15358,8.3325,0,0,0,10.4861,361,361,0,1,2.94392,2.94392,1830,367,0,1235,0,0,0,0,0,1339,1785.99,0.953667,29.338,168732,12,29433,486,465155,48,117732,1944,32,4,644756,1319142,20632192,5276568,25908760,4,4,12,4,4,4,0,20,20,20260807,5,1,1,1,0,0,0,6166,0.256917,1,0.0015,0
334,3305.64,6,0,2.15542,3.84967,0,0,0,6.00508,361,361,0,1,2.94392,2.94392,1830,367,0,1235,0,0,0,0,0,1339,1785.99,0.953667,29.338,168732,12,29433,486,465155,48,117732,1944,32,4,644756,1319142,20632192,5276568,25908760,4,4,12,4,4,4,0,20,20,20260807,5,1,1,1,0,0,0,6167,0.256958,1,0.0015,1
335,3316.16,11,0,2.13179,8.28908,0,0,0,10.4209,361,361,0,1,2.94392,2.94392,1830,367,0,1235,0,0,0,0,0,1339,1785.99,0.953667,29.338,168732,12,29433,486,465155,48,117732,1944,32,4,644756,1319142,20632192,5276568,25908760,4,4,12,4,4,4,0,20,20,20260807,5,1,1,1,0,0,0,6167,0.256958,1,0.0015,0
336,3322.22,6,0,2.11679,3.87312,0,0,0,5.98992,361,361,0,1,2.94392,2.94392,1830,367,0,1235,0,0,0,0,0,1339,1785.99,0.953667,29.338,168732,12,29433,486,465155,48,117732,1944,32,4,644756,1319142,20632192,5276568,25908760,4,4,12,4,4,4,0,20,20,20260807,5,1,1,1,0,0,0,6167,0.256958,1,0.0015,0
337,3332.77,10,0,4.44738,6.01992,0,0,0,10.4673,361,361,0,1,2.94392,2.94392,1830,367,0,1235,0,0,0,0,0,1339,1785.99,0.953667,29.338,168732,12,29433,486,465155,48,117732,1944,32,4,644756,1319142,20632192,5276568,25908760,4,4,12,4,4,4,0,20,20,20260807,5,1,1,1,0,0,0,6167,0.256958,1,0.0015,0
338,3338.6,6,0,1.8865,3.87025,0,0,0,5.75675,361,361,0,1,2.94392,2.94392,1830,367,0,1235,0,0,0,0,0,1339,1785.99,0.953667,29.338,168732,12,29433,486,465155,48,117732,1944,32,4,644756,1319142,20632192,5276568,25908760,4,4,12,4,4,4,0,20,20,20260807,5,1,1,1,0,0,0,6167,0.256958,1,0.0015,0
339,3349.46,11,0,2.01092,8.78012,0,0,0,10.791,361,361,0,1,2.94392,2.94392,1830,367,0,1235,0,0,0,0,0,1339,1785.99,0.953667,29.338,168732,12,29433,486,465155,48,117732,1944,32,4,644756,1319142,20632192,5276568,25908760,4,4,12,4,4,4,0,20,20,20260807,5,1,1,1,0,0,0,6167,0.256958,1,0.0015,0
340,3355.11,5,0,2.21896,3.3575,0,0,0,5.57646,361,361,0,1,2.94392,2.94392,1830,367,0,1235,0,0,0,0,0,1339,1785.99,0.953667,29.338,168732,12,29433,486,465155,48,117732,1944,32,4,644756,1319142,20632192,5276568,25908760,4,4,12,4,4,4,0,20,20,20260807,5,1,1,1,0,0,0,6168,0.257,1,0.0015,1
341,3366.42,12,0,2.24371,8.97621,0,0,0,11.2199,361,361,0,1,2.94392,2.94392,1830,367,0,1235,0,0,0,0,0,1339,1785.99,0.953667,29.338,168732,12,29433,486,465155,48,117732,1944,32,4,644756,1319142,20632192,5276568,25908760,4,4,12,4,4,4,0,20,20,20260807,5,1,1,1,0,0,0,6168,0.257,1,0.0015,0
342,3372.07,5,0,1.99975,3.567,0,0,0,5.56675,361,361,0,1,2.94392,2.94392,1830,367,0,1235,0,0,0,0,0,1339,1785.99,0.953667,29.338,168732,12,29433,486,465155,48,117732,1944,32,4,644756,1319142,20632192,5276568,25908760,4,4,12,4,4,4,0,20,20,20260807,5,1,1,1,0,0,0,6168,0.257,1,0.0015,0
343,3383.56,12,0,2.17892,9.23921,0,0,0,11.4181,361,361,0,1,2.94392,2.94392,1830,367,0,1235,0,0,0,0,0,1339,1785.99,0.953667,29.338,168732,12,29433,486,465155,48,117732,1944,32,4,644756,1319142,20632192,5276568,25908760,4,4,12,4,4,4,0,20,20,20260807,5,1,1,1,0,0,0,6168,0.257,1,0.0015,0
344,3388.9,5,0,2.19758,3.06367,0,0,0,5.26125,361,361,0,1,2.94392,2.94392,1830,367,0,1235,0,0,0,0,0,1339,1785.99,0.953667,29.338,168732,12,29433,486,465155,48,117732,1944,32,4,644756,1319142,20632192,5276568,25908760,4,4,12,4,4,4,0,20,20,20260807,5,1,1,1,0,0,0,6168,0.257,1,0.0015,0
345,3399.62,11,0,3.90583,6.73167,0,0,0,10.6375,361,361,0,1,2.94392,2.94392,1830,367,0,1235,0,0,0,0,0,1339,1785.99,0.953667,29.338,168732,12,29433,486,465155,48,117732,1944,32,4,644756,1319142,20632192,5276568,25908760,4,4,12,4,4,4,0,20,20,20260807,5,1,1,1,0,0,0,6168,0.257,1,0.0015,0
346,3405.74,6,0,2.13967,3.9125,0,0,0,6.05217,361,361,0,1,2.94392,2.94392,1830,367,0,1235,0,0,0,0,0,1339,1785.99,0.953667,29.338,168732,12,29433,486,465155,48,117732,1944,32,4,644756,1319142,20632192,5276568,25908760,4,4,12,4,4,4,0,20,20,20260807,5,1,1,1,0,0,0,6169,0.257042,1,0.0015,1
347,3416.23,11,0,2.11246,6.76629,0,0,0,8.87875,361,361,0,1,2.94392,2.94392,1830,367,0,1235,0,0,0,0,0,1339,1785.99,0.953667,29.338,168732,12,29433,486,465155,48,117732,1944,32,4,644756,1319142,20632192,5276568,25908760,4,4,12,4,4,4,0,20,20,20260807,5,1,1,1,0,0,0,6169,0.257042,1,0.0015,0
348,3422.12,6,0,2.06383,3.75488,0,0,0,5.81871,361,361,0,1,2.94392,2.94392,1830,367,0,1235,0,0,0,0,0,1339,1785.99,0.953667,29.338,168732,12,29433,486,465155,48,117732,1944,32,4,644756,1319142,20632192,5276568,25908760,4,4,12,4,4,4,0,20,20,20260807,5,1,1,1,0,0,0,6169,0.257042,1,0.0015,0
349,3432.95,10,0,2.17558,8.56075,0,0,0,10.7363,361,361,0,1,2.94392,2.94392,1830,367,0,1235,0,0,0,0,0,1339,1785.99,0.953667,29.338,168732,12,29433,486,465155,48,117732,1944,32,4,644756,1319142,20632192,5276568,25908760,4,4,12,4,4,4,0,20,20,20260807,5,1,1,1,0,0,0,6169,0.257042,1,0.0015,0
350,3441.43,9,0,2.075,6.34367,0,0,0,8.41867,361,361,0,1,2.94392,2.94392,1830,367,0,1235,0,0,0,0,0,1339,1785.99,0.953667,29.338,168732,12,29433,486,465155,48,117732,1944,32,4,644756,1319142,20632192,5276568,25908760,4,4,12,4,4,4,0,20,20,20260807,5,1,1,1,0,0,0,6169,0.257042,1,0.0015,0
351,3449.58,8,0,2.27675,5.78783,0,0,0,8.06458,361,361,0,1,2.94392,2.94392,1830,367,0,1235,0,0,0,0,0,1339,1785.99,0.953667,29.338,168732,12,29433,486,465155,48,117732,1944,32,4,644756,1319142,20632192,5276568,25908760,4,4,12,4,4,4,0,20,20,20260807,5,1,1,1,0,0,0,6169,0.257042,1,0.0015,0
352,3455.4,6,0,2.19308,3.55304,0,0,0,5.74613,361,361,0,1,2.94392,2.94392,1830,367,0,1235,0,0,0,0,0,1339,1785.99,0.953667,29.338,168732,12,29433,486,465155,48,117732,1944,32,4,644756,1319142,20632192,5276568,25908760,4,4,12,4,4,4,0,20,20,20260807,5,1,1,1,0,0,0,6170,0.257083,1,0.0015,1
353,3466.22,11,0,2.14675,8.58967,0,0,0,10.7364,361,361,0,1,2.94392,2.94392,1830,367,0,1235,0,0,0,0,0,1339,1785.99,0.953667,29.338,168732,12,29433,486,465155,48,117732,1944,32,4,644756,1319142,20632192,5276568,25908760,4,4,12,4,4,4,0,20,20,20260807,5,1,1,1,0,0,0,6170,0.257083,1,0.0015,0
354,3472.48,6,0,2.09725,4.09413,0,0,0,6.19137,361,361,0,1,2.94392,2.94392,1830,367,0,1235,0,0,0,0,0,1339,1785.99,0.953667,29.338,168732,12,29433,486,465155,48,117732,1944,32,4,644756,1319142,20632192,5276568,25908760,4,4,12,4,4,4,0,20,20,20260807,5,1,1,1,0,0,0,6170,0.257083,1,0.0015,0
355,3482.91,10,0,2.15958,8.16,0,0,0,10.3196,361,361,0,1,2.94392,2.94392,1830,367,0,1235,0,0,0,0,0,1339,1785.99,0.953667,29.338,168732,12,29433,486,465155,48,117732,1944,32,4,644756,1319142,20632192,5276568,25908760,4,4,12,4,4,4,0,20,20,20260807,5,1,1,1,0,0,0,6170,0.257083,1,0.0015,0
356,3489.89,7,0,2.0575,4.838,0,0,0,6.8955,361,361,0,1,2.94392,2.94392,1830,367,0,1235,0,0,0,0,0,1339,1785.99,0.953667,29.338,168732,12,29433,486,465155,48,117732,1944,32,4,644756,1319142,20632192,5276568,25908760,4,4,12,4,4,4,0,20,20,20260807,5,1,1,1,0,0,0,6170,0.257083,1,0.0015,0
357,3499.58,10,0,2.10838,7.4965,0,0,0,9.60487,361,361,0,1,2.94392,2.94392,1830,367,0,1235,0,0,0,0,0,1339,1785.99,0.953667,29.338,168732,12,29433,486,465155,48,117732,1944,32,4,644756,1319142,20632192,5276568,25908760,4,4,12,4,4,4,0,20,20,20260807,5,1,1,1,0,0,0,6170,0.257083,1,0.0015,0
358,3505.24,6,0,2.18208,3.39375,0,0,0,5.57583,361,361,0,1,2.94392,2.94392,1830,367,0,1235,0,0,0,0,0,1339,1785.99,0.953667,29.338,168732,12,29433,486,465155,48,117732,1944,32,4,644756,1319142,20632192,5276568,25908760,4,4,12,4,4,4,0,20,20,20260807,5,1,1,1,0,0,0,6171,0.257125,1,0.0015,1
359,3516.34,11,0,2.10113,8.93142,0,0,0,11.0325,361,361,0,1,2.94392,2.94392,1830,367,0,1235,0,0,0,0,0,1339,1785.99,0.953667,29.338,168732,12,29433,486,465155,48,117732,1944,32,4,644756,1319142,20632192,5276568,25908760,4,4,12,4,4,4,0,20,20,20260807,5,1,1,1,0,0,0,6171,0.257125,1,0.0015,0
360,3522.26,6,0,2.1705,3.66063,0,0,0,5.83113,361,361,0,1,2.94392,2.94392,1830,367,0,1235,0,0,0,0,0,1339,1785.99,0.953667,29.338,168732,12,29433,486,465155,48,117732,1944,32,4,644756,1319142,20632192,5276568,25908760,4,4,12,4,4,4,0,20,20,20260807,5,1,1,1,0,0,0,6171,0.257125,1,0.0015,0
361,3538.85,16,0,7.97804,8.53758,0,0,0,16.5156,361,361,0,1,2.94392,2.94392,1830,367,0,1235,0,0,0,0,0,1339,1785.99,0.953667,29.338,168732,12,29433,486,465155,48,117732,1944,32,4,644756,1319142,20632192,5276568,25908760,4,4,12,4,4,4,0,20,20,20260807,5,1,1,1,0,0,0,6171,0.257125,1,0.0015,0
362,3550.26,12,0,2.27846,9.04825,0,0,0,11.3267,361,361,0,1,2.94392,2.94392,1830,367,0,1235,0,0,0,0,0,1339,1785.99,0.953667,29.338,168732,12,29433,486,465155,48,117732,1944,32,4,644756,1319142,20632192,5276568,25908760,4,4,12,4,4,4,0,20,20,20260807,5,1,1,1,0,0,0,6171,0.257125,1,0.0015,0
363,3555.43,5,0,2.18971,2.90563,0,0,0,5.09533,361,361,0,1,2.94392,2.94392,1830,367,0,1235,0,0,0,0,0,1339,1785.99,0.953667,29.338,168732,12,29433,486,465155,48,117732,1944,32,4,644756,1319142,20632192,5276568,25908760,4,4,12,4,4,4,0,20,20,20260807,5,1,1,1,0,0,0,6172,0.257167,1,0.0015,1
364,3566.51,11,0,2.20542,8.78983,0,0,0,10.9953,361,361,0,1,2.94392,2.94392,1830,367,0,1235,0,0,0,0,0,1339,1785.99,0.953667,29.338,168732,12,29433,486,465155,48,117732,1944,32,4,644756,1319142,20632192,5276568,25908760,4,4,12,4,4,4,0,20,20,20260807,5,1,1,1,0,0,0,6172,0.257167,1,0.0015,0
365,3573,6,0,2.27233,4.13025,0,0,0,6.40258,361,361,0,1,2.94392,2.94392,1830,367,0,1235,0,0,0,0,0,1339,1785.99,0.953667,29.338,168732,12,29433,486,465155,48,117732,1944,32,4,644756,1319142,20632192,5276568,25908760,4,4,12,4,4,4,0,20,20,20260807,5,1,1,1,0,0,0,6172,0.257167,1,0.0015,0
366,3583.17,11,0,2.04171,8.06304,0,0,0,10.1047,361,361,0,1,2.94392,2.94392,1830,367,0,1235,0,0,0,0,0,1339,1785.99,0.953667,29.338,168732,12,29433,486,465155,48,117732,1944,32,4,644756,1319142,20632192,5276568,25908760,4,4,12,4,4,4,0,20,20,20260807,5,1,1,1,0,0,0,6172,0.257167,1,0.0015,0
367,3590.08,6,0,2.20187,4.616,0,0,0,6.81787,361,361,0,1,2.94392,2.94392,1830,367,0,1235,0,0,0,0,0,1339,1785.99,0.953667,29.338,168732,12,29433,486,465155,48,117732,1944,32,4,644756,1319142,20632192,5276568,25908760,4,4,12,4,4,4,0,20,20,20260807,5,1,1,1,0,0,0,6172,0.257167,1,0.0015,0
368,3599.58,10,0,2.15808,7.26725,0,0,0,9.42533,361,361,0,1,2.94392,2.94392,1830,367,0,1235,0,0,0,0,0,1339,1785.99,0.953667,29.338,168732,12,29433,486,465155,48,117732,1944,32,4,644756,1319142,20632192,5276568,25908760,4,4,12,4,4,4,0,20,20,20260807,5,1,1,1,0,0,0,6172,0.257167,1,0.0015,0
369,3605.22,6,0,2.21292,3.34979,0,0,0,5.56271,361,361,0,1,2.94392,2.94392,1830,367,0,1235,0,0,0,0,0,1339,1785.99,0.953667,29.338,168732,12,29433,486,465155,48,117732,1944,32,4,644756,1319142,20632192,5276568,25908760,4,4,12,4,4,4,0,20,20,20260807,5,1,1,1,0,0,0,6173,0.257208,1,0.0015,1
370,3616.56,11,0,2.13729,9.09904,0,0,0,11.2363,361,361,0,1,2.94392,2.94392,1830,367,0,1235,0,0,0,0,0,1339,1785.99,0.953667,29.338,168732,12,29433,486,465155,48,117732,1944,32,4,644756,1319142,20632192,5276568,25908760,4,4,12,4,4,4,0,20,20,20260807,5,1,1,1,0,0,0,6173,0.257208,1,0.0015,0
371,3623.27,6,0,2.20758,4.41125,0,0,0,6.61883,361,361,0,1,2.94392,2.94392,1830,367,0,1235,0,0,0,0,0,1339,1785.99,0.953667,29.338,168732,12,29433,486,465155,48,117732,1944,32,4,644756,1319142,20632192,5276568,25908760,4,4,12,4,4,4,0,20,20,20260807,5,1,1,1,0,0,0,6173,0.257208,1,0.0015,0
372,3633.04,10,0,2.08525,7.58929,0,0,0,9.67454,361,361,0,1,2.94392,2.94392,1830,367,0,1235,0,0,0,0,0,1339,1785.99,0.953667,29.338,168732,12,29433,486,465155,48,117732,1944,32,4,644756,1319142,20632192,5276568,25908760,4,4,12,4,4,4,0,20,20,20260807,5,1,1,1,0,0,0,6173,0.257208,1,0.0015,0
373,3639.39,7,0,2.18279,4.08508,0,0,0,6.26788,361,361,0,1,2.94392,2.94392,1830,367,0,1235,0,0,0,0,0,1339,1785.99,0.953667,29.338,168732,12,29433,486,465155,48,117732,1944,32,4,644756,1319142,20632192,5276568,25908760,4,4,12,4,4,4,0,20,20,20260807,5,1,1,1,0,0,0,6173,0.257208,1,0.0015,0
374,3649.68,10,0,2.16275,8.049,0,0,0,10.2118,361,361,0,1,2.94392,2.94392,1830,367,0,1235,0,0,0,0,0,1339,1785.99,0.953667,29.338,168732,12,29433,486,465155,48,117732,1944,32,4,644756,1319142,20632192,5276568,25908760,4,4,12,4,4,4,0,20,20,20260807,5,1,1,1,0,0,0,6173,0.257208,1,0.0015,0
375,3659.13,10,0,2.22604,7.14246,0,0,0,9.3685,361,361,0,1,2.94392,2.94392,1830,367,0,1235,0,0,0,0,0,1339,1785.99,0.953667,29.338,168732,12,29433,486,465155,48,117732,1944,32,4,644756,1319142,20632192,5276568,25908760,4,4,12,4,4,4,0,20,20,20260807,5,1,1,1,0,0,0,6174,0.25725,1,0.0015,1
376,3666.29,8,0,2.1375,4.94425,0,0,0,7.08175,361,361,0,1,2.94392,2.94392,1830,367,0,1235,0,0,0,0,0,1339,1785.99,0.953667,29.338,168732,12,29433,486,465155,48,117732,1944,32,4,644756,1319142,20632192,5276568,25908760,4,4,12,4,4,4,0,20,20,20260807,5,1,1,1,0,0,0,6174,0.25725,1,0.0015,0
377,3672.49,6,0,2.18925,3.93517,0,0,0,6.12442,361,361,0,1,2.94392,2.94392,1830,367,0,1235,0,0,0,0,0,1339,1785.99,0.953667,29.338,168732,12,29433,486,465155,48,117732,1944,32,4,644756,1319142,20632192,5276568,25908760,4,4,12,4,4,4,0,20,20,20260807,5,1,1,1,0,0,0,6174,0.25725,1,0.0015,0
378,3682.93,10,0,2.11329,7.084,0,0,0,9.19729,361,361,0,1,2.94392,2.94392,1830,367,0,1235,0,0,0,0,0,1339,1785.99,0.953667,29.338,168732,12,29433,486,465155,48,117732,1944,32,4,644756,1319142,20632192,5276568,25908760,4,4,12,4,4,4,0,20,20,20260807,5,1,1,1,0,0,0,6174,0.25725,1,0.0015,0
379,3691.26,9,0,2.24033,6.024,0,0,0,8.26433,361,361,0,1,2.94392,2.94392,1830,367,0,1235,0,0,0,0,0,1339,1785.99,0.953667,29.338,168732,12,29433,486,465155,48,117732,1944,32,4,644756,1319142,20632192,5276568,25908760,4,4,12,4,4,4,0,20,20,20260807,5,1,1,1,0,0,0,6174,0.25725,1,0.0015,0
380,3705.71,14,0,2.13742,12.2255,0,0,0,14.3629,361,361,0,1,2.94392,2.94392,1830,367,0,1235,0,0,0,0,0,1339,1785.99,0.953667,29.338,168732,12,29433,486,465155,48,117732,1944,32,4,644756,1319142,20632192,5276568,25908760,4,4,12,4,4,4,0,20,20,20260807,5,1,1,1,0,0,0,6174,0.25725,1,0.0015,0
381,3716.35,11,0,7.25558,3.30804,0,0,0,10.5636,361,361,0,1,2.94392,2.94392,1830,367,0,1235,0,0,0,0,0,1339,1785.99,0.953667,29.338,168732,12,29433,486,465155,48,117732,1944,32,4,644756,1319142,20632192,5276568,25908760,4,4,12,4,4,4,0,20,20,20260807,5,1,1,1,0,0,0,6175,0.257292,1,0.0015,1
382,3725.64,9,0,2.18788,7.02196,0,0,0,9.20983,361,361,0,1,2.94392,2.94392,1830,367,0,1235,0,0,0,0,0,1339,1785.99,0.953667,29.338,168732,12,29433,486,465155,48,117732,1944,32,4,644756,1319142,20632192,5276568,25908760,4,4,12,4,4,4,0,20,20,20260807,5,1,1,1,0,0,0,6175,0.257292,1,0.0015,0
383,3733.05,7,0,2.06867,5.25029,0,0,0,7.31896,361,361,0,1,2.94392,2.94392,1830,367,0,1235,0,0,0,0,0,1339,1785.99,0.953667,29.338,168732,12,29433,486,465155,48,117732,1944,32,4,644756,1319142,20632192,5276568,25908760,4,4,12,4,4,4,0,20,20,20260807,5,1,1,1,0,0,0,6175,0.257292,1,0.0015,0
384,3741.5,9,0,2.2895,6.05333,0,0,0,8.34283,361,361,0,1,2.94392,2.94392,1830,367,0,1235,0,0,0,0,0,1339,1785.99,0.953667,29.338,168732,12,29433,486,465155,48,117732,1944,32,4,644756,1319142,20632192,5276568,25908760,4,4,12,4,4,4,0,20,20,20260807,5,1,1,1,0,0,0,6175,0.257292,1,0.0015,0
385,3749.69,8,0,2.10808,5.99183,0,0,0,8.09992,361,361,0,1,2.94392,2.94392,1830,367,0,1235,0,0,0,0,0,1339,1785.99,0.953667,29.338,168732,12,29433,486,465155,48,117732,1944,32,4,644756,1319142,20632192,5276568,25908760,4,4,12,4,4,4,0,20,20,20260807,5,1,1,1,0,0,0,6175,0.257292,1,0.0015,0
386,3756.03,6,0,2.27813,3.99071,0,0,0,6.26883,361,361,0,1,2.94392,2.94392,1830,367,0,1235,0,0,0,0,0,1339,1785.99,0.953667,29.338,168732,12,29433,486,465155,48,117732,1944,32,4,644756,1319142,20632192,5276568,25908760,4,4,12,4,4,4,0,20,20,20260807,5,1,1,1,0,0,0,6176,0.257333,1,0.0015,1
387,3766.41,11,0,2.31804,7.97204,0,0,0,10.2901,361,361,0,1,2.94392,2.94392,1830,367,0,1235,0,0,0,0,0,1339,1785.99,0.953667,29.338,168732,12,29433,486,465155,48,117732,1944,32,4,644756,1319142,20632192,5276568,25908760,4,4,12,4,4,4,0,20,20,20260807,5,1,1,1,0,0,0,6176,0.257333,1,0.0015,0
388,3771.92,5,0,2.20604,3.23133,0,0,0,5.43738,361,361,0,1,2.94392,2.94392,1830,367,0,1235,0,0,0,0,0,1339,1785.99,0.953667,29.338,168732,12,29433,486,465155,48,117732,1944,32,4,644756,1319142,20632192,5276568,25908760,4,4,12,4,4,4,0,20,20,20260807,5,1,1,1,0,0,0,6176,0.257333,1,0.0015,0
389,3783.07,11,0,2.11821,8.94396,0,0,0,11.0622,361,361,0,1,2.94392,2.94392,1830,367,0,1235,0,0,0,0,0,1339,1785.99,0.953667,29.338,168732,12,29433,486,465155,48,117732,1944,32,4,644756,1319142,20632192,5276568,25908760,4,4,12,4,4,4,0,20,20,20260807,5,1,1,1,0,0,0,6176,0.257333,1,0.0015,0
390,3789.19,7,0,2.1365,3.91863,0,0,0,6.05513,361,361,0,1,2.94392,2.94392,1830,367,0,1235,0,0,0,0,0,1339,1785.99,0.953667,29.338,168732,12,29433,486,465155,48,117732,1944,32,4,644756,1319142,20632192,5276568,25908760,4,4,12,4,4,4,0,20,20,20260807,5,1,1,1,0,0,0,6176,0.257333,1,0.0015,0
391,3799.75,10,0,2.25246,8.22375,0,0,0,10.4762,361,361,0,1,2.94392,2.94392,1830,367,0,1235,0,0,0,0,0,1339,1785.99,0.953667,29.338,168732,12,29433,486,465155,48,117732,1944,32,4,644756,1319142,20632192,5276568,25908760,4,4,12,4,4,4,0,20,20,20260807,5,1,1,1,0,0,0,6176,0.257333,1,0.0015,0
392,3807.02,7,0,2.17308,5.02062,0,0,0,7.19371,361,361,0,1,2.94392,2.94392,1830,367,0,1235,0,0,0,0,0,1339,1785.99,0.953667,29.338,168732,12,29433,486,465155,48,117732,1944,32,4,644756,1319142,20632192,5276568,25908760,4,4,12,4,4,4,0,20,20,20260807,5,1,1,1,0,0,0,6177,0.257375,1,0.0015,1
393,3816.59,10,0,2.12325,7.35658,0,0,0,9.47983,361,361,0,1,2.94392,2.94392,1830,367,0,1235,0,0,0,0,0,1339,1785.99,0.953667,29.338,168732,12,29433,486,465155,48,117732,1944,32,4,644756,1319142,20632192,5276568,25908760,4,4,12,4,4,4,0,20,20,20260807,5,1,1,1,0,0,0,6177,0.257375,1,0.0015,0
394,3827.08,10,0,2.2315,8.18225,0,0,0,10.4138,361,361,0,1,2.94392,2.94392,1830,367,0,1235,0,0,0,0,0,1339,1785.99,0.953667,29.338,168732,12,29433,486,465155,48,117732,1944,32,4,644756,1319142,20632192,5276568,25908760,4,4,12,4,4,4,0,20,20,20260807,5,1,1,1,0,0,0,6177,0.257375,1,0.0015,0
395,3832.97,6,0,2.05604,3.76046,0,0,0,5.8165,361,361,0,1,2.94392,2.94392,1830,367,0,1235,0,0,0,0,0,1339,1785.99,0.953667,29.338,168732,12,29433,486,465155,48,117732,1944,32,4,644756,1319142,20632192,5276568,25908760,4,4,12,4,4,4,0,20,20,20260807,5,1,1,1,0,0,0,6177,0.257375,1,0.0015,0
396,3839.44,7,0,2.07983,4.30825,0,0,0,6.38808,361,361,0,1,2.94392,2.94392,1830,367,0,1235,0,0,0,0,0,1339,1785.99,0.953667,29.338,168732,12,29433,486,465155,48,117732,1944,32,4,644756,1319142,20632192,5276568,25908760,4,4,12,4,4,4,0,20,20,20260807,5,1,1,1,0,0,0,6177,0.257375,1,0.0015,0
397,3849.74,10,0,2.20896,8.01767,0,0,0,10.2266,361,361,0,1,2.94392,2.94392,1830,367,0,1235,0,0,0,0,0,1339,1785.99,0.953667,29.338,168732,12,29433,486,465155,48,117732,1944,32,4,644756,1319142,20632192,5276568,25908760,4,4,12,4,4,4,0,20,20,20260807,5,1,1,1,0,0,0,6177,0.257375,1,0.0015,0
398,3855.56,6,0,2.25783,3.457,0,0,0,5.71483,361,361,0,1,2.94392,2.94392,1830,367,0,1235,0,0,0,0,0,1339,1785.99,0.953667,29.338,168732,12,29433,486,465155,48,117732,1944,32,4,644756,1319142,20632192,5276568,25908760,4,4,12,4,4,4,0,20,20,20260807,5,1,1,1,0,0,0,6178,0.257417,1,0.0015,1
399,3866.39,11,0,2.18067,8.57812,0,0,0,10.7588,361,361,0,1,2.94392,2.94392,1830,367,0,1235,0,0,0,0,0,1339,1785.99,0.953667,29.338,168732,12,29433,486,465155,48,117732,1944,32,4,644756,1319142,20632192,5276568,25908760,4,4,12,4,4,4,0,20,20,20260807,5,1,1,1,0,0,0,6178,0.257417,1,0.0015,0
400,3872.69,6,0,2.146,4.05938,0,0,0,6.20538,361,361,0,1,2.94392,2.94392,1830,367,0,1235,0,0,0,0,0,1339,1785.99,0.953667,29.338,168732,12,29433,486,465155,48,117732,1944,32,4,644756,1319142,20632192,5276568,25908760,4,4,12,4,4,4,0,20,20,20260807,5,1,1,1,0,0,0,6178,0.257417,1,0.0015,0
401,3883.02,10,0,2.16696,8.09004,0,0,0,10.257,361,361,0,1,2.94392,2.94392,1830,367,0,1235,0,0,0,0,0,1339,1785.99,0.953667,29.338,168732,12,29433,486,465155,48,117732,1944,32,4,644756,1319142,20632192,5276568,25908760,4,4,12,4,4,4,0,20,20,20260807,5,1,1,1,0,0,0,6178,0.257417,1,0.0015,0
402,3889.4,7,0,2.27413,4.02267,0,0,0,6.29679,361,361,0,1,2.94392,2.94392,1830,367,0,1235,0,0,0,0,0,1339,1785.99,0.953667,29.338,168732,12,29433,486,465155,48,117732,1944,32,4,644756,1319142,20632192,5276568,25908760,4,4,12,4,4,4,0,20,20,20260807,5,1,1,1,0,0,0,6178,0.257417,1,0.0015,0
403,3899.71,10,0,2.22671,8.00496,0,0,0,10.2317,361,361,0,1,2.94392,2.94392,1830,367,0,1235,0,0,0,0,0,1339,1785.99,0.953667,29.338,168732,12,29433,486,465155,48,117732,1944,32,4,644756,1319142,20632192,5276568,25908760,4,4,12,4,4,4,0,20,20,20260807,5,1,1,1,0,0,0,6178,0.257417,1,0.0015,0
404,3909.6,10,0,2.18958,7.62525,0,0,0,9.81483,361,361,0,1,2.94392,2.94392,1830,367,0,1235,0,0,0,0,0,1339,1785.99,0.953667,29.338,168732,12,29433,486,465155,48,117732,1944,32,4,644756,1319142,20632192,5276568,25908760,4,4,12,4,4,4,0,20,20,20260807,5,1,1,1,0,0,0,6179,0.257458,1,0.0015,1
405,3916.65,7,0,2.01633,4.94833,0,0,0,6.96467,361,361,0,1,2.94392,2.94392,1830,367,0,1235,0,0,0,0,0,1339,1785.99,0.953667,29.338,168732,12,29433,486,465155,48,117732,1944,32,4,644756,1319142,20632192,5276568,25908760,4,4,12,4,4,4,0,20,20,20260807,5,1,1,1,0,0,0,6179,0.257458,1,0.0015,0
406,3922.56,6,0,2.25608,3.58258,0,0,0,5.83867,361,361,0,1,2.94392,2.94392,1830,367,0,1235,0,0,0,0,0,1339,1785.99,0.953667,29.338,168732,12,29433,486,465155,48,117732,1944,32,4,644756,1319142,20632192,5276568,25908760,4,4,12,4,4,4,0,20,20,20260807,5,1,1,1,0,0,0,6179,0.257458,1,0.0015,0
407,3932.94,10,0,2.17983,8.11292,0,0,0,10.2927,361,361,0,1,2.94392,2.94392,1830,367,0,1235,0,0,0,0,0,1339,1785.99,0.953667,29.338,168732,12,29433,486,465155,48,117732,1944,32,4,644756,1319142,20632192,5276568,25908760,4,4,12,4,4,4,0,20,20,20260807,5,1,1,1,0,0,0,6179,0.257458,1,0.0015,0
408,3941.06,8,0,2.18554,5.86229,0,0,0,8.04783,361,361,0,1,2.94392,2.94392,1830,367,0,1235,0,0,0,0,0,1339,1785.99,0.953667,29.338,168732,12,29433,486,465155,48,117732,1944,32,4,644756,1319142,20632192,5276568,25908760,4,4,12,4,4,4,0,20,20,20260807,5,1,1,1,0,0,0,6179,0.257458,1,0.0015,0
409,3949.61,9,0,2.036,6.43042,0,0,0,8.46642,361,361,0,1,2.94392,2.94392,1830,367,0,1235,0,0,0,0,0,1339,1785.99,0.953667,29.338,168732,12,29433,486,465155,48,117732,1944,32,4,644756,1319142,20632192,5276568,25908760,4,4,12,4,4,4,0,20,20,20260807,5,1,1,1,0,0,0,6179,0.257458,1,0.0015,0
410,3956.12,7,0,2.11525,4.32196,0,0,0,6.43721,361,361,0,1,2.94392,2.94392,1830,367,0,1235,0,0,0,0,0,1339,1785.99,0.953667,29.338,168732,12,29433,486,465155,48,117732,1944,32,4,644756,1319142,20632192,5276568,25908760,4,4,12,4,4,4,0,20,20,20260807,5,1,1,1,0,0,0,6180,0.2575,1,0.0015,1
411,3966.31,10,0,2.18179,7.91783,0,0,0,10.0996,361,361,0,1,2.94392,2.94392,1830,367,0,1235,0,0,0,0,0,1339,1785.99,0.953667,29.338,168732,12,29433,486,465155,48,117732,1944,32,4,644756,1319142,20632192,5276568,25908760,4,4,12,4,4,4,0,20,20,20260807,5,1,1,1,0,0,0,6180,0.2575,1,0.0015,0
412,3972.59,6,0,2.16142,4.05146,0,0,0,6.21288,361,361,0,1,2.94392,2.94392,1830,367,0,1235,0,0,0,0,0,1339,1785.99,0.953667,29.338,168732,12,29433,486,465155,48,117732,1944,32,4,644756,1319142,20632192,5276568,25908760,4,4,12,4,4,4,0,20,20,20260807,5,1,1,1,0,0,0,6180,0.2575,1,0.0015,0
413,3982.99,10,0,2.26779,8.01675,0,0,0,10.2845,361,361,0,1,2.94392,2.94392,1830,367,0,1235,0,0,0,0,0,1339,1785.99,0.953667,29.338,168732,12,29433,486,465155,48,117732,1944,32,4,644756,1319142,20632192,5276568,25908760,4,4,12,4,4,4,0,20,20,20260807,5,1,1,1,0,0,0,6180,0.2575,1,0.0015,0
414,3990.84,8,0,2.05538,5.69738,0,0,0,7.75275,361,361,0,1,2.94392,2.94392,1830,367,0,1235,0,0,0,0,0,1339,1785.99,0.953667,29.338,168732,12,29433,486,465155,48,117732,1944,32,4,644756,1319142,20632192,5276568,25908760,4,4,12,4,4,4,0,20,20,20260807,5,1,1,1,0,0,0,6180,0.2575,1,0.0015,0
415,3999.73,9,0,2.10062,6.71175,0,0,0,8.81237,361,361,0,1,2.94392,2.94392,1830,367,0,1235,0,0,0,0,0,1339,1785.99,0.953667,29.338,168732,12,29433,486,465155,48,117732,1944,32,4,644756,1319142,20632192,5276568,25908760,4,4,12,4,4,4,0,20,20,20260807,5,1,1,1,0,0,0,6180,0.2575,1,0.0015,0
416,4005.74,6,0,2.18833,3.73833,0,0,0,5.92667,361,361,0,1,2.94392,2.94392,1830,367,0,1235,0,0,0,0,0,1339,1785.99,0.953667,29.338,168732,12,29433,486,465155,48,117732,1944,32,4,644756,1319142,20632192,5276568,25908760,4,4,12,4,4,4,0,20,20,20260807,5,1,1,1,0,0,0,6181,0.257542,1,0.0015,1
417,4016.23,11,0,2.30754,8.10412,0,0,0,10.4117,361,361,0,1,2.94392,2.94392,1830,367,0,1235,0,0,0,0,0,1339,1785.99,0.953667,29.338,168732,12,29433,486,465155,48,117732,1944,32,4,644756,1319142,20632192,5276568,25908760,4,4,12,4,4,4,0,20,20,20260807,5,1,1,1,0,0,0,6181,0.257542,1,0.0015,0
418,4024.91,8,0,2.09283,6.504,0,0,0,8.59683,361,361,0,1,2.94392,2.94392,1830,367,0,1235,0,0,0,0,0,1339,1785.99,0.953667,29.338,168732,12,29433,486,465155,48,117732,1944,32,4,644756,1319142,20632192,5276568,25908760,4,4,12,4,4,4,0,20,20,20260807,5,1,1,1,0,0,0,6181,0.257542,1,0.0015,0
419,4032.96,8,0,2.06446,5.9145,0,0,0,7.97896,361,361,0,1,2.94392,2.94392,1830,367,0,1235,0,0,0,0,0,1339,1785.99,0.953667,29.338,168732,12,29433,486,465155,48,117732,1944,32,4,644756,1319142,20632192,5276568,25908760,4,4,12,4,4,4,0,20,20,20260807,5,1,1,1,0,0,0,6181,0.257542,1,0.0015,0
420,4039.08,6,0,2.14483,3.89367,0,0,0,6.0385,361,361,0,1,2.94392,2.94392,1830,367,0,1235,0,0,0,0,0,1339,1785.99,0.953667,29.338,168732,12,29433,486,465155,48,117732,1944,32,4,644756,1319142,20632192,5276568,25908760,4,4,12,4,4,4,0,20,20,20260807,5,1,1,1,0,0,0,6181,0.257542,1,0.0015,0
421,4049.62,11,0,3.44842,7.01679,0,0,0,10.4652,361,361,0,1,2.94392,2.94392,1830,367,0,1235,0,0,0,0,0,1339,1785.99,0.953667,29.338,168732,12,29433,486,465155,48,117732,1944,32,4,644756,1319142,20632192,5276568,25908760,4,4,12,4,4,4,0,20,20,20260807,5,1,1,1,0,0,0,6181,0.257542,1,0.0015,0
422,4055.66,6,0,2.22975,3.72042,0,0,0,5.95017,361,361,0,1,2.94392,2.94392,1830,367,0,1235,0,0,0,0,0,1339,1785.99,0.953667,29.338,168732,12,29433,486,465155,48,117732,1944,32,4,644756,1319142,20632192,5276568,25908760,4,4,12,4,4,4,0,20,20,20260807,5,1,1,1,0,0,0,6182,0.257583,1,0.0015,1
423,4066.35,11,0,2.25129,8.36288,0,0,0,10.6142,361,361,0,1,2.94392,2.94392,1830,367,0,1235,0,0,0,0,0,1339,1785.99,0.953667,29.338,168732,12,29433,486,465155,48,117732,1944,32,4,644756,1319142,20632192,5276568,25908760,4,4,12,4,4,4,0,20,20,20260807,5,1,1,1,0,0,0,6182,0.257583,1,0.0015,0
424,4073,6,0,2.14917,4.42563,0,0,0,6.57479,361,361,0,1,2.94392,2.94392,1830,367,0,1235,0,0,0,0,0,1339,1785.99,0.953667,29.338,168732,12,29433,486,465155,48,117732,1944,32,4,644756,1319142,20632192,5276568,25908760,4,4,12,4,4,4,0,20,20,20260807,5,1,1,1,0,0,0,6182,0.257583,1,0.0015,0
425,4083.12,11,0,2.09654,7.93042,0,0,0,10.027,361,361,0,1,2.94392,2.94392,1830,367,0,1235,0,0,0,0,0,1339,1785.99,0.953667,29.338,168732,12,29433,486,465155,48,117732,1944,32,4,644756,1319142,20632192,5276568,25908760,4,4,12,4,4,4,0,20,20,20260807,5,1,1,1,0,0,0,6182,0.257583,1,0.0015,0
426,4089.06,5,0,2.10329,3.76908,0,0,0,5.87237,361,361,0,1,2.94392,2.94392,1830,367,0,1235,0,0,0,0,0,1339,1785.99,0.953667,29.338,168732,12,29433,486,465155,48,117732,1944,32,4,644756,1319142,20632192,5276568,25908760,4,4,12,4,4,4,0,20,20,20260807,5,1,1,1,0,0,0,6182,0.257583,1,0.0015,0
427,4099.69,11,0,2.21171,7.73783,0,0,0,9.94954,361,361,0,1,2.94392,2.94392,1830,367,0,1235,0,0,0,0,0,1339,1785.99,0.953667,29.338,168732,12,29433,486,465155,48,117732,1944,32,4,644756,1319142,20632192,5276568,25908760,4,4,12,4,4,4,0,20,20,20260807,5,1,1,1,0,0,0,6182,0.257583,1,0.0015,0
428,4105.51,6,0,2.22412,3.52521,0,0,0,5.74933,361,361,0,1,2.94392,2.94392,1830,367,0,1235,0,0,0,0,0,1339,1785.99,0.953667,29.338,168732,12,29433,486,465155,48,117732,1944,32,4,644756,1319142,20632192,5276568,25908760,4,4,12,4,4,4,0,20,20,20260807,5,1,1,1,0,0,0,6183,0.257625,1,0.0015,1
429,4117.02,11,0,2.07396,9.33962,0,0,0,11.4136,361,361,0,1,2.94392,2.94392,1830,367,0,1235,0,0,0,0,0,1339,1785.99,0.953667,29.338,168732,12,29433,486,465155,48,117732,1944,32,4,644756,1319142,20632192,5276568,25908760,4,4,12,4,4,4,0,20,20,20260807,5,1,1,1,0,0,0,6183,0.257625,1,0.0015,0
430,4122.34,6,0,2.20504,3.03179,0,0,0,5.23683,361,361,0,1,2.94392,2.94392,1830,367,0,1235,0,0,0,0,0,1339,1785.99,0.953667,29.338,168732,12,29433,486,465155,48,117732,1944,32,4,644756,1319142,20632192,5276568,25908760,4,4,12,4,4,4,0,20,20,20260807,5,1,1,1,0,0,0,6183,0.257625,1,0.0015,0
431,4132.92,10,0,2.86392,7.63371,0,0,0,10.4976,361,361,0,1,2.94392,2.94392,1830,367,0,1235,0,0,0,0,0,1339,1785.99,0.953667,29.338,168732,12,29433,486,465155,48,117732,1944,32,4,644756,1319142,20632192,5276568,25908760,4,4,12,4,4,4,0,20,20,20260807,5,1,1,1,0,0,0,6183,0.257625,1,0.0015,0
432,4143.89,11,0,2.19208,8.70562,0,0,0,10.8977,361,361,0,1,2.94392,2.94392,1830,367,0,1235,0,0,0,0,0,1339,1785.99,0.953667,29.338,168732,12,29433,486,465155,48,117732,1944,32,4,644756,1319142,20632192,5276568,25908760,4,4,12,4,4,4,0,20,20,20260807,5,1,1,1,0,0,0,6183,0.257625,1,0.0015,0
433,4150.43,7,0,2.16808,4.276,0,0,0,6.44408,361,361,0,1,2.94392,2.94392,1830,367,0,1235,0,0,0,0,0,1339,1785.99,0.953667,29.338,168732,12,29433,486,465155,48,117732,1944,32,4,644756,1319142,20632192,5276568,25908760,4,4,12,4,4,4,0,20,20,20260807,5,1,1,1,0,0,0,6183,0.257625,1,0.0015,0
434,4156.23,6,0,2.12988,3.59813,0,0,0,5.728,361,361,0,1,2.94392,2.94392,1830,367,0,1235,0,0,0,0,0,1339,1785.99,0.953667,29.338,168732,12,29433,486,465155,48,117732,1944,32,4,644756,1319142,20632192,5276568,25908760,4,4,12,4,4,4,0,20,20,20260807,5,1,1,1,0,0,0,6184,0.257667,1,0.0015,1
435,4166.69,10,0,2.07217,8.31167,0,0,0,10.3838,361,361,0,1,2.94392,2.94392,1830,367,0,1235,0,0,0,0,0,1339,1785.99,0.953667,29.338,168732,12,29433,486,465155,48,117732,1944,32,4,644756,1319142,20632192,5276568,25908760,4,4,12,4,4,4,0,20,20,20260807,5,1,1,1,0,0,0,6184,0.257667,1,0.0015,0
436,4172.87,6,0,2.24396,3.85179,0,0,0,6.09575,361,361,0,1,2.94392,2.94392,1830,367,0,1235,0,0,0,0,0,1339,1785.99,0.953667,29.338,168732,12,29433,486,465155,48,117732,1944,32,4,644756,1319142,20632192,5276568,25908760,4,4,12,4,4,4,0,20,20,20260807,5,1,1,1,0,0,0,6184,0.257667,1,0.0015,0
437,4183.27,11,0,2.10588,8.21492,0,0,0,10.3208,361,361,0,1,2.94392,2.94392,1830,367,0,1235,0,0,0,0,0,1339,1785.99,0.953667,29.338,168732,12,29433,486,465155,48,117732,1944,32,4,644756,1319142,20632192,5276568,25908760,4,4,12,4,4,4,0,20,20,20260807,5,1,1,1,0,0,0,6184,0.257667,1,0.0015,0
438,4189.93,6,0,2.30842,4.26371,0,0,0,6.57212,361,361,0,1,2.94392,2.94392,1830,367,0,1235,0,0,0,0,0,1339,1785.99,0.953667,29.338,168732,12,29433,486,465155,48,117732,1944,32,4,644756,1319142,20632192,5276568,25908760,4,4,12,4,4,4,0,20,20,20260807,5,1,1,1,0,0,0,6184,0.257667,1,0.0015,0
439,4204.26,15,0,2.22825,12.0304,0,0,0,14.2587,361,361,0,1,2.94392,2.94392,1830,367,0,1235,0,0,0,0,0,1339,1785.99,0.953667,29.338,168732,12,29433,486,465155,48,117732,1944,32,4,644756,1319142,20632192,5276568,25908760,4,4,12,4,4,4,0,20,20,20260807,5,1,1,1,0,0,0,6184,0.257667,1,0.0015,0
440,4209.58,5,0,2.19754,3.03946,0,0,0,5.237,361,361,0,1,2.94392,2.94392,1830,367,0,1235,0,0,0,0,0,1339,1785.99,0.953667,29.338,168732,12,29433,486,465155,48,117732,1944,32,4,644756,1319142,20632192,5276568,25908760,4,4,12,4,4,4,0,20,20,20260807,5,1,1,1,0,0,0,6185,0.257708,1,0.0015,1
441,4216.46,7,0,2.04529,4.72683,0,0,0,6.77212,361,361,0,1,2.94392,2.94392,1830,367,0,1235,0,0,0,0,0,1339,1785.99,0.953667,29.338,168732,12,29433,486,465155,48,117732,1944,32,4,644756,1319142,20632192,5276568,25908760,4,4,12,4,4,4,0,20,20,20260807,5,1,1,1,0,0,0,6185,0.257708,1,0.0015,0
442,4223.16,6,0,2.16258,4.45538,0,0,0,6.61796,361,361,0,1,2.94392,2.94392,1830,367,0,1235,0,0,0,0,0,1339,1785.99,0.953667,29.338,168732,12,29433,486,465155,48,117732,1944,32,4,644756,1319142,20632192,5276568,25908760,4,4,12,4,4,4,0,20,20,20260807,5,1,1,1,0,0,0,6185,0.257708,1,0.0015,0
443,4233.19,10,0,2.04783,7.9085,0,0,0,9.95633,361,361,0,1,2.94392,2.94392,1830,367,0,1235,0,0,0,0,0,1339,1785.99,0.953667,29.338,168732,12,29433,486,465155,48,117732,1944,32,4,644756,1319142,20632192,5276568,25908760,4,4,12,4,4,4,0,20,20,20260807,5,1,1,1,0,0,0,6185,0.257708,1,0.0015,0
444,4239.33,6,0,2.09154,3.96142,0,0,0,6.05296,361,361,0,1,2.94392,2.94392,1830,367,0,1235,0,0,0,0,0,1339,1785.99,0.953667,29.338,168732,12,29433,486,465155,48,117732,1944,32,4,644756,1319142,20632192,5276568,25908760,4,4,12,4,4,4,0,20,20,20260807,5,1,1,1,0,0,0,6185,0.257708,1,0.0015,0
445,4249.85,10,0,2.16175,8.27617,0,0,0,10.4379,361,361,0,1,2.94392,2.94392,1830,367,0,1235,0,0,0,0,0,1339,1785.99,0.953667,29.338,168732,12,29433,486,465155,48,117732,1944,32,4,644756,1319142,20632192,5276568,25908760,4,4,12,4,4,4,0,20,20,20260807,5,1,1,1,0,0,0,6185,0.257708,1,0.0015,0
446,4257.48,8,0,2.19442,5.36775,0,0,0,7.56217,361,361,0,1,2.94392,2.94392,1830,367,0,1235,0,0,0,0,0,1339,1785.99,0.953667,29.338,168732,12,29433,486,465155,48,117732,1944,32,4,644756,1319142,20632192,5276568,25908760,4,4,12,4,4,4,0,20,20,20260807,5,1,1,1,0,0,0,6186,0.25775,1,0.0015,1
447,4266.7,9,0,2.02642,7.10775,0,0,0,9.13417,361,361,0,1,2.94392,2.94392,1830,367,0,1235,0,0,0,0,0,1339,1785.99,0.953667,29.338,168732,12,29433,486,465155,48,117732,1944,32,4,644756,1319142,20632192,5276568,25908760,4,4,12,4,4,4,0,20,20,20260807,5,1,1,1,0,0,0,6186,0.25775,1,0.0015,0
448,4274.51,8,0,2.27633,5.45892,0,0,0,7.73525,361,361,0,1,2.94392,2.94392,1830,367,0,1235,0,0,0,0,0,1339,1785.99,0.953667,29.338,168732,12,29433,486,465155,48,117732,1944,32,4,644756,1319142,20632192,5276568,25908760,4,4,12,4,4,4,0,20,20,20260807,5,1,1,1,0,0,0,6186,0.25775,1,0.0015,0
449,4283.24,9,0,2.071,6.57733,0,0,0,8.64833,361,361,0,1,2.94392,2.94392,1830,367,0,1235,0,0,0,0,0,1339,1785.99,0.953667,29.338,168732,12,29433,486,465155,48,117732,1944,32,4,644756,1319142,20632192,5276568,25908760,4,4,12,4,4,4,0,20,20,20260807,5,1,1,1,0,0,0,6186,0.25775,1,0.0015,0
450,4289.87,6,0,2.17738,4.37208,0,0,0,6.54946,361,361,0,1,2.94392,2.94392,1830,367,0,1235,0,0,0,0,0,1339,1785.99,0.953667,29.338,168732,12,29433,486,465155,48,117732,1944,32,4,644756,1319142,20632192,5276568,25908760,4,4,12,4,4,4,0,20,20,20260807,5,1,1,1,0,0,0,6186,0.25775,1,0.0015,0
451,4299.83,10,0,2.12267,7.74742,0,0,0,9.87008,361,361,0,1,2.94392,2.94392,1830,367,0,1235,0,0,0,0,0,1339,1785.99,0.953667,29.338,168732,12,29433,486,465155,48,117732,1944,32,4,644756,1319142,20632192,5276568,25908760,4,4,12,4,4,4,0,20,20,20260807,5,1,1,1,0,0,0,6186,0.25775,1,0.0015,0
452,4306.28,7,0,2.24146,4.13687,0,0,0,6.37833,361,361,0,1,2.94392,2.94392,1830,367,0,1235,0,0,0,0,0,1339,1785.99,0.953667,29.338,168732,12,29433,486,465155,48,117732,1944,32,4,644756,1319142,20632192,5276568,25908760,4,4,12,4,4,4,0,20,20,20260807,5,1,1,1,0,0,0,6187,0.257792,1,0.0015,1
453,4316.59,10,0,2.17183,8.05421,0,0,0,10.226,361,361,0,1,2.94392,2.94392,1830,367,0,1235,0,0,0,0,0,1339,1785.99,0.953667,29.338,168732,12,29433,486,465155,48,117732,1944,32,4,644756,1319142,20632192,5276568,25908760,4,4,12,4,4,4,0,20,20,20260807,5,1,1,1,0,0,0,6187,0.257792,1,0.0015,0
454,4323,6,0,2.17533,4.16108,0,0,0,6.33642,361,361,0,1,2.94392,2.94392,1830,367,0,1235,0,0,0,0,0,1339,1785.99,0.953667,29.338,168732,12,29433,486,465155,48,117732,1944,32,4,644756,1319142,20632192,5276568,25908760,4,4,12,4,4,4,0,20,20,20260807,5,1,1,1,0,0,0,6187,0.257792,1,0.0015,0
455,4333.29,11,0,2.13679,8.07263,0,0,0,10.2094,361,361,0,1,2.94392,2.94392,1830,367,0,1235,0,0,0,0,0,1339,1785.99,0.953667,29.338,168732,12,29433,486,465155,48,117732,1944,32,4,644756,1319142,20632192,5276568,25908760,4,4,12,4,4,4,0,20,20,20260807,5,1,1,1,0,0,0,6187,0.257792,1,0.0015,0
456,4339.51,6,0,2.18254,3.92454,0,0,0,6.10708,361,361,0,1,2.94392,2.94392,1830,367,0,1235,0,0,0,0,0,1339,1785.99,0.953667,29.338,168732,12,29433,486,465155,48,117732,1944,32,4,644756,1319142,20632192,5276568,25908760,4,4,12,4,4,4,0,20,20,20260807,5,1,1,1,0,0,0,6187,0.257792,1,0.0015,0
457,4349.77,10,0,2.14363,8.04492,0,0,0,10.1885,361,361,0,1,2.94392,2.94392,1830,367,0,1235,0,0,0,0,0,1339,1785.99,0.953667,29.338,168732,12,29433,486,465155,48,117732,1944,32,4,644756,1319142,20632192,5276568,25908760,4,4,12,4,4,4,0,20,20,20260807,5,1,1,1,0,0,0,6187,0.257792,1,0.0015,0
458,4355.55,6,0,2.26733,3.41633,0,0,0,5.68367,361,361,0,1,2.94392,2.94392,1830,367,0,1235,0,0,0,0,0,1339,1785.99,0.953667,29.338,168732,12,29433,486,465155,48,117732,1944,32,4,644756,1319142,20632192,5276568,25908760,4,4,12,4,4,4,0,20,20,20260807,5,1,1,1,0,0,0,6188,0.257833,1,0.0015,1
459,4366.52,11,0,2.16113,8.73121,0,0,0,10.8923,361,361,0,1,2.94392,2.94392,1830,367,0,1235,0,0,0,0,0,1339,1785.99,0.953667,29.338,168732,12,29433,486,465155,48,117732,1944,32,4,644756,1319142,20632192,5276568,25908760,4,4,12,4,4,4,0,20,20,20260807,5,1,1,1,0,0,0,6188,0.257833,1,0.0015,0
460,4372.91,6,0,2.13937,4.17063,0,0,0,6.31,361,361,0,1,2.94392,2.94392,1830,367,0,1235,0,0,0,0,0,1339,1785.99,0.953667,29.338,168732,12,29433,486,465155,48,117732,1944,32,4,644756,1319142,20632192,5276568,25908760,4,4,12,4,4,4,0,20,20,20260807,5,1,1,1,0,0,0,6188,0.257833,1,0.0015,0
461,4384.98,12,0,2.07321,9.91575,0,0,0,11.989,361,361,0,1,2.94392,2.94392,1830,367,0,1235,0,0,0,0,0,1339,1785.99,0.953667,29.338,168732,12,29433,486,465155,48,117732,1944,32,4,644756,1319142,20632192,5276568,25908760,4,4,12,4,4,4,0,20,20,20260807,5,1,1,1,0,0,0,6188,0.257833,1,0.0015,0
462,4391.01,6,0,2.17492,3.75563,0,0,0,5.93054,361,361,0,1,2.94392,2.94392,1830,367,0,1235,0,0,0,0,0,1339,1785.99,0.953667,29.338,168732,12,29433,486,465155,48,117732,1944,32,4,644756,1319142,20632192,5276568,25908760,4,4,12,4,4,4,0,20,20,20260807,5,1,1,1,0,0,0,6188,0.257833,1,0.0015,0
463,4400.52,10,0,2.06233,7.36804,0,0,0,9.43037,361,361,0,1,2.94392,2.94392,1830,367,0,1235,0,0,0,0,0,1339,1785.99,0.953667,29.338,168732,12,29433,486,465155,48,117732,1944,32,4,644756,1319142,20632192,5276568,25908760,4,4,12,4,4,4,0,20,20,20260807,5,1,1,1,0,0,0,6188,0.257833,1,0.0015,0
464,4410.68,10,0,2.23296,7.84992,0,0,0,10.0829,361,361,0,1,2.94392,2.94392,1830,367,0,1235,0,0,0,0,0,1339,1785.99,0.953667,29.338,168732,12,29433,486,465155,48,117732,1944,32,4,644756,1319142,20632192,5276568,25908760,4,4,12,4,4,4,0,20,20,20260807,5,1,1,1,0,0,0,6189,0.257875,1,0.0015,1
465,4416.4,6,0,2.1625,3.46212,0,0,0,5.62462,361,361,0,1,2.94392,2.94392,1830,367,0,1235,0,0,0,0,0,1339,1785.99,0.953667,29.338,168732,12,29433,486,465155,48,117732,1944,32,4,644756,1319142,20632192,5276568,25908760,4,4,12,4,4,4,0,20,20,20260807,5,1,1,1,0,0,0,6189,0.257875,1,0.0015,0
466,4422.66,6,0,2.22388,3.9295,0,0,0,6.15337,361,361,0,1,2.94392,2.94392,1830,367,0,1235,0,0,0,0,0,1339,1785.99,0.953667,29.338,168732,12,29433,486,465155,48,117732,1944,32,4,644756,1319142,20632192,5276568,25908760,4,4,12,4,4,4,0,20,20,20260807,5,1,1,1,0,0,0,6189,0.257875,1,0.0015,0
467,4441.41,19,0,2.23712,16.4295,0,0,0,18.6667,361,361,0,1,2.94392,2.94392,1830,367,0,1235,0,0,0,0,0,1339,1785.99,0.953667,29.338,168732,12,29433,486,465155,48,117732,1944,32,4,644756,1319142,20632192,5276568,25908760,4,4,12,4,4,4,0,20,20,20260807,5,1,1,1,0,0,0,6189,0.257875,1,0.0015,0
468,4449.69,8,0,2.07642,6.12892,0,0,0,8.20533,361,361,0,1,2.94392,2.94392,1830,367,0,1235,0,0,0,0,0,1339,1785.99,0.953667,29.338,168732,12,29433,486,465155,48,117732,1944,32,4,644756,1319142,20632192,5276568,25908760,4,4,12,4,4,4,0,20,20,20260807,5,1,1,1,0,0,0,6189,0.257875,1,0.0015,0
469,4455.42,6,0,2.17238,3.47792,0,0,0,5.65029,361,361,0,1,2.94392,2.94392,1830,367,0,1235,0,0,0,0,0,1339,1785.99,0.953667,29.338,168732,12,29433,486,465155,48,117732,1944,32,4,644756,1319142,20632192,5276568,25908760,4,4,12,4,4,4,0,20,20,20260807,5,1,1,1,0,0,0,6190,0.257917,1,0.0015,1
470,4466.32,11,0,2.165,8.61513,0,0,0,10.7801,361,361,0,1,2.94392,2.94392,1830,367,0,1235,0,0,0,0,0,1339,1785.99,0.953667,29.338,168732,12,29433,486,465155,48,117732,1944,32,4,644756,1319142,20632192,5276568,25908760,4,4,12,4,4,4,0,20,20,20260807,5,1,1,1,0,0,0,6190,0.257917,1,0.0015,0
471,4475.14,9,0,2.143,6.58962,0,0,0,8.73263,361,361,0,1,2.94392,2.94392,1830,367,0,1235,0,0,0,0,0,1339,1785.99,0.953667,29.338,168732,12,29433,486,465155,48,117732,1944,32,4,644756,1319142,20632192,5276568,25908760,4,4,12,4,4,4,0,20,20,20260807,5,1,1,1,0,0,0,6190,0.257917,1,0.0015,0
472,4483.09,7,0,2.12354,5.75087,0,0,0,7.87442,361,361,0,1,2.94392,2.94392,1830,367,0,1235,0,0,0,0,0,1339,1785.99,0.953667,29.338,168732,12,29433,486,465155,48,117732,1944,32,4,644756,1319142,20632192,5276568,25908760,4,4,12,4,4,4,0,20,20,20260807,5,1,1,1,0,0,0,6190,0.257917,1,0.0015,0
473,4488.76,6,0,2.16446,3.42017,0,0,0,5.58462,361,361,0,1,2.94392,2.94392,1830,367,0,1235,0,0,0,0,0,1339,1785.99,0.953667,29.338,168732,12,29433,486,465155,48,117732,1944,32,4,644756,1319142,20632192,5276568,25908760,4,4,12,4,4,4,0,20,20,20260807,5,1,1,1,0,0,0,6190,0.257917,1,0.0015,0
474,4499.64,11,0,3.37725,7.42292,0,0,0,10.8002,361,361,0,1,2.94392,2.94392,1830,367,0,1235,0,0,0,0,0,1339,1785.99,0.953667,29.338,168732,12,29433,486,465155,48,117732,1944,32,4,644756,1319142,20632192,5276568,25908760,4,4,12,4,4,4,0,20,20,20260807,5,1,1,1,0,0,0,6190,0.257917,1,0.0015,0
475,4505.22,6,0,2.19571,3.30579,0,0,0,5.5015,361,361,0,1,2.94392,2.94392,1830,367,0,1235,0,0,0,0,0,1339,1785.99,0.953667,29.338,168732,12,29433,486,465155,48,117732,1944,32,4,644756,1319142,20632192,5276568,25908760,4,4,12,4,4,4,0,20,20,20260807,5,1,1,1,0,0,0,6191,0.257958,1,0.0015,1
476,4516.38,11,0,3.61133,7.4365,0,0,0,11.0478,361,361,0,1,2.94392,2.94392,1830,367,0,1235,0,0,0,0,0,1339,1785.99,0.953667,29.338,168732,12,29433,486,465155,48,117732,1944,32,4,644756,1319142,20632192,5276568,25908760,4,4,12,4,4,4,0,20,20,20260807,5,1,1,1,0,0,0,6191,0.257958,1,0.0015,0
477,4522.61,6,0,2.25117,3.90383,0,0,0,6.155,361,361,0,1,2.94392,2.94392,1830,367,0,1235,0,0,0,0,0,1339,1785.99,0.953667,29.338,168732,12,29433,486,465155,48,117732,1944,32,4,644756,1319142,20632192,5276568,25908760,4,4,12,4,4,4,0,20,20,20260807,5,1,1,1,0,0,0,6191,0.257958,1,0.0015,0
478,4533.13,11,0,2.11446,8.33488,0,0,0,10.4493,361,361,0,1,2.94392,2.94392,1830,367,0,1235,0,0,0,0,0,1339,1785.99,0.953667,29.338,168732,12,29433,486,465155,48,117732,1944,32,4,644756,1319142,20632192,5276568,25908760,4,4,12,4,4,4,0,20,20,20260807,5,1,1,1,0,0,0,6191,0.257958,1,0.0015,0
479,4539.09,5,0,2.18767,3.69571,0,0,0,5.88338,361,361,0,1,2.94392,2.94392,1830,367,0,1235,0,0,0,0,0,1339,1785.99,0.953667,29.338,168732,12,29433,486,465155,48,117732,1944,32,4,644756,1319142,20632192,5276568,25908760,4,4,12,4,4,4,0,20,20,20260807,5,1,1,1,0,0,0,6191,0.257958,1,0.0015,0
480,4549.85,11,0,2.43317,8.23129,0,0,0,10.6645,361,361,0,1,2.94392,2.94392,1830,367,0,1235,0,0,0,0,0,1339,1785.99,0.953667,29.338,168732,12,29433,486,465155,48,117732,1944,32,4,644756,1319142,20632192,5276568,25908760,4,4,12,4,4,4,0,20,20,20260807,5,1,1,1,0,0,0,6191,0.257958,1,0.0015,0
481,4563.23,14,0,2.20625,11.1007,0,0,0,13.307,361,361,0,1,2.94392,2.94392,1830,367,0,1235,0,0,0,0,0,1339,1785.99,0.953667,29.338,168732,12,29433,486,465155,48,117732,1944,32,4,644756,1319142,20632192,5276568,25908760,4,4,12,4,4,4,0,20,20,20260807,5,1,1,1,0,0,0,6192,0.258,1,0.0015,1
482,4583.26,20,0,2.13929,17.8029,0,0,0,19.9422,361,361,0,1,2.94392,2.94392,1830,367,0,1235,0,0,0,0,0,1339,1785.99,0.953667,29.338,168732,12,29433,486,465155,48,117732,1944,32,4,644756,1319142,20632192,5276568,25908760,4,4,12,4,4,4,0,20,20,20260807,5,1,1,1,0,0,0,6192,0.258,1,0.0015,0
483,4593.3,10,0,2.09292,7.85804,0,0,0,9.95096,361,361,0,1,2.94392,2.94392,1830,367,0,1235,0,0,0,0,0,1339,1785.99,0.953667,29.338,168732,12,29433,486,465155,48,117732,1944,32,4,644756,1319142,20632192,5276568,25908760,4,4,12,4,4,4,0,20,20,20260807,5,1,1,1,0,0,0,6192,0.258,1,0.0015,0
484,4599.66,6,0,2.14979,4.09858,0,0,0,6.24838,361,361,0,1,2.94392,2.94392,1830,367,0,1235,0,0,0,0,0,1339,1785.99,0.953667,29.338,168732,12,29433,486,465155,48,117732,1944,32,4,644756,1319142,20632192,5276568,25908760,4,4,12,4,4,4,0,20,20,20260807,5,1,1,1,0,0,0,6192,0.258,1,0.0015,0
485,4605.53,6,0,2.24087,3.54696,0,0,0,5.78783,361,361,0,1,2.94392,2.94392,1830,367,0,1235,0,0,0,0,0,1339,1785.99,0.953667,29.338,168732,12,29433,486,465155,48,117732,1944,32,4,644756,1319142,20632192,5276568,25908760,4,4,12,4,4,4,0,20,20,20260807,5,1,1,1,0,0,0,6193,0.258042,1,0.0015,1
486,4616.38,11,0,2.16942,8.6055,0,0,0,10.7749,361,361,0,1,2.94392,2.94392,1830,367,0,1235,0,0,0,0,0,1339,1785.99,0.953667,29.338,168732,12,29433,486,465155,48,117732,1944,32,4,644756,1319142,20632192,5276568,25908760,4,4,12,4,4,4,0,20,20,20260807,5,1,1,1,0,0,0,6193,0.258042,1,0.0015,0
487,4622.94,6,0,2.32187,4.14204,0,0,0,6.46392,361,361,0,1,2.94392,2.94392,1830,367,0,1235,0,0,0,0,0,1339,1785.99,0.953667,29.338,168732,12,29433,486,465155,48,117732,1944,32,4,644756,1319142,20632192,5276568,25908760,4,4,12,4,4,4,0,20,20,20260807,5,1,1,1,0,0,0,6193,0.258042,1,0.0015,0
488,4633.59,11,0,2.21704,8.35271,0,0,0,10.5698,361,361,0,1,2.94392,2.94392,1830,367,0,1235,0,0,0,0,0,1339,1785.99,0.953667,29.338,168732,12,29433,486,465155,48,117732,1944,32,4,644756,1319142,20632192,5276568,25908760,4,4,12,4,4,4,0,20,20,20260807,5,1,1,1,0,0,0,6193,0.258042,1,0.0015,0
489,4642.04,8,0,2.13579,6.23075,0,0,0,8.36654,361,361,0,1,2.94392,2.94392,1830,367,0,1235,0,0,0,0,0,1339,1785.99,0.953667,29.338,168732,12,29433,486,465155,48,117732,1944,32,4,644756,1319142,20632192,5276568,25908760,4,4,12,4,4,4,0,20,20,20260807,5,1,1,1,0,0,0,6193,0.258042,1,0.0015,0
490,4650.58,9,0,2.16479,6.30208,0,0,0,8.46687,361,361,0,1,2.94392,2.94392,1830,367,0,1235,0,0,0,0,0,1339,1785.99,0.953667,29.338,168732,12,29433,486,465155,48,117732,1944,32,4,644756,1319142,20632192,5276568,25908760,4,4,12,4,4,4,0,20,20,20260807,5,1,1,1,0,0,0,6193,0.258042,1,0.0015,0
491,4656.23,6,0,2.38442,3.17742,0,0,0,5.56183,361,361,0,1,2.94392,2.94392,1830,367,0,1235,0,0,0,0,0,1339,1785.99,0.953667,29.338,168732,12,29433,486,465155,48,117732,1944,32,4,644756,1319142,20632192,5276568,25908760,4,4,12,4,4,4,0,20,20,20260807,5,1,1,1,0,0,0,6194,0.258083,1,0.0015,1
492,4667.67,12,0,2.02637,9.33296,0,0,0,11.3593,361,361,0,1,2.94392,2.94392,1830,367,0,1235,0,0,0,0,0,1339,1785.99,0.953667,29.338,168732,12,29433,486,465155,48,117732,1944,32,4,644756,1319142,20632192,5276568,25908760,4,4,12,4,4,4,0,20,20,20260807,5,1,1,1,0,0,0,6194,0.258083,1,0.0015,0
493,4673.72,6,0,2.18242,3.79304,0,0,0,5.97546,361,361,0,1,2.94392,2.94392,1830,367,0,1235,0,0,0,0,0,1339,1785.99,0.953667,29.338,168732,12,29433,486,465155,48,117732,1944,32,4,644756,1319142,20632192,5276568,25908760,4,4,12,4,4,4,0,20,20,20260807,5,1,1,1,0,0,0,6194,0.258083,1,0.0015,0
494,4683.8,10,0,2.12592,7.85442,0,0,0,9.98033,361,361,0,1,2.94392,2.94392,1830,367,0,1235,0,0,0,0,0,1339,1785.99,0.953667,29.338,168732,12,29433,486,465155,48,117732,1944,32,4,644756,1319142,20632192,5276568,25908760,4,4,12,4,4,4,0,20,20,20260807,5,1,1,1,0,0,0,6194,0.258083,1,0.0015,0
495,4692.27,9,0,2.15088,6.24867,0,0,0,8.39954,361,361,0,1,2.94392,2.94392,1830,367,0,1235,0,0,0,0,0,1339,1785.99,0.953667,29.338,168732,12,29433,486,465155,48,117732,1944,32,4,644756,1319142,20632192,5276568,25908760,4,4,12,4,4,4,0,20,20,20260807,5,1,1,1,0,0,0,6194,0.258083,1,0.0015,0
496,4700.58,8,0,2.16596,6.06271,0,0,0,8.22867,361,361,0,1,2.94392,2.94392,1830,367,0,1235,0,0,0,0,0,1339,1785.99,0.953667,29.338,168732,12,29433,486,465155,48,117732,1944,32,4,644756,1319142,20632192,5276568,25908760,4,4,12,4,4,4,0,20,20,20260807,5,1,1,1,0,0,0,6194,0.258083,1,0.0015,0
497,4706.67,6,0,2.24008,3.77729,0,0,0,6.01738,361,361,0,1,2.94392,2.94392,1830,367,0,1235,0,0,0,0,0,1339,1785.99,0.953667,29.338,168732,12,29433,486,465155,48,117732,1944,32,4,644756,1319142,20632192,5276568,25908760,4,4,12,4,4,4,0,20,20,20260807,5,1,1,1,0,0,0,6195,0.258125,1,0.0015,1
498,4716.48,10,0,2.13925,7.59071,0,0,0,9.72996,361,361,0,1,2.94392,2.94392,1830,367,0,1235,0,0,0,0,0,1339,1785.99,0.953667,29.338,168732,12,29433,486,465155,48,117732,1944,32,4,644756,1319142,20632192,5276568,25908760,4,4,12,4,4,4,0,20,20,20260807,5,1,1,1,0,0,0,6195,0.258125,1,0.0015,0
499,4722.73,6,0,2.23696,3.90483,0,0,0,6.14179,361,361,0,1,2.94392,2.94392,1830,367,0,1235,0,0,0,0,0,1339,1785.99,0.953667,29.338,168732,12,29433,486,465155,48,117732,1944,32,4,644756,1319142,20632192,5276568,25908760,4,4,12,4,4,4,0,20,20,20260807,5,1,1,1,0,0,0,6195,0.258125,1,0.0015,0
500,4741.12,19,0,2.16029,16.1453,0,0,0,18.3056,361,361,0,1,2.94392,2.94392,1830,367,0,1235,0,0,0,0,0,1339,1785.99,0.953667,29.338,168732,12,29433,486,465155,48,117732,1944,32,4,644756,1319142,20632192,5276568,25908760,4,4,12,4,4,4,0,20,20,20260807,5,1,1,1,0,0,0,6195,0.258125,1,0.0015,0
501,4750.43,9,0,2.12604,7.10392,0,0,0,9.22996,361,361,0,1,2.94392,2.94392,1830,367,0,1235,0,0,0,0,0,1339,1785.99,0.953667,29.338,168732,12,29433,486,465155,48,117732,1944,32,4,644756,1319142,20632192,5276568,25908760,4,4,12,4,4,4,0,20,20,20260807,5,1,1,1,0,0,0,6195,0.258125,1,0.0015,0
502,4755.76,5,0,2.26408,2.98004,0,0,0,5.24413,361,361,0,1,2.94392,2.94392,1830,367,0,1235,0,0,0,0,0,1339,1785.99,0.953667,29.338,168732,12,29433,486,465155,48,117732,1944,32,4,644756,1319142,20632192,5276568,25908760,4,4,12,4,4,4,0,20,20,20260807,5,1,1,1,0,0,0,6196,0.258167,1,0.0015,1
503,4766.93,11,0,3.20954,7.87558,0,0,0,11.0851,361,361,0,1,2.94392,2.94392,1830,367,0,1235,0,0,0,0,0,1339,1785.99,0.953667,29.338,168732,12,29433,486,465155,48,117732,1944,32,4,644756,1319142,20632192,5276568,25908760,4,4,12,4,4,4,0,20,20,20260807,5,1,1,1,0,0,0,6196,0.258167,1,0.0015,0
504,4772.87,6,0,2.22379,3.64896,0,0,0,5.87275,361,361,0,1,2.94392,2.94392,1830,367,0,1235,0,0,0,0,0,1339,1785.99,0.953667,29.338,168732,12,29433,486,465155,48,117732,1944,32,4,644756,1319142,20632192,5276568,25908760,4,4,12,4,4,4,0,20,20,20260807,5,1,1,1,0,0,0,6196,0.258167,1,0.0015,0
505,4783.42,11,0,2.20146,8.25992,0,0,0,10.4614,361,361,0,1,2.94392,2.94392,1830,367,0,1235,0,0,0,0,0,1339,1785.99,0.953667,29.338,168732,12,29433,486,465155,48,117732,1944,32,4,644756,1319142,20632192,5276568,25908760,4,4,12,4,4,4,0,20,20,20260807,5,1,1,1,0,0,0,6196,0.258167,1,0.0015,0
506,4790.08,6,0,2.19425,4.38825,0,0,0,6.5825,361,361,0,1,2.94392,2.94392,1830,367,0,1235,0,0,0,0,0,1339,1785.99,0.953667,29.338,168732,12,29433,486,465155,48,117732,1944,32,4,644756,1319142,20632192,5276568,25908760,4,4,12,4,4,4,0,20,20,20260807,5,1,1,1,0,0,0,6196,0.258167,1,0.0015,0
507,4799.89,10,0,2.331,7.39379,0,0,0,9.72479,361,361,0,1,2.94392,2.94392,1830,367,0,1235,0,0,0,0,0,1339,1785.99,0.953667,29.338,168732,12,29433,486,465155,48,117732,1944,32,4,644756,1319142,20632192,5276568,25908760,4,4,12,4,4,4,0,20,20,20260807,5,1,1,1,0,0,0,6196,0.258167,1,0.0015,0
508,4809.24,10,0,2.17321,7.10313,0,0,0,9.27633,361,361,0,1,2.94392,2.94392,1830,367,0,1235,0,0,0,0,0,1339,1785.99,0.953667,29.338,168732,12,29433,486,465155,48,117732,1944,32,4,644756,1319142,20632192,5276568,25908760,4,4,12,4,4,4,0,20,20,20260807,5,1,1,1,0,0,0,6197,0.258208,1,0.0015,1
509,4817.31,8,0,2.54646,5.42492,0,0,0,7.97138,361,361,0,1,2.94392,2.94392,1830,367,0,1235,0,0,0,0,0,1339,1785.99,0.953667,29.338,168732,12,29433,486,465155,48,117732,1944,32,4,644756,1319142,20632192,5276568,25908760,4,4,12,4,4,4,0,20,20,20260807,5,1,1,1,0,0,0,6197,0.258208,1,0.0015,0
510,4823.8,6,0,2.24087,4.17638,0,0,0,6.41725,361,361,0,1,2.94392,2.94392,1830,367,0,1235,0,0,0,0,0,1339,1785.99,0.953667,29.338,168732,12,29433,486,465155,48,117732,1944,32,4,644756,1319142,20632192,5276568,25908760,4,4,12,4,4,4,0,20,20,20260807,5,1,1,1,0,0,0,6197,0.258208,1,0.0015,0
511,4833.1,10,0,2.26396,6.94175,0,0,0,9.20571,361,361,0,1,2.94392,2.94392,1830,367,0,1235,0,0,0,0,0,1339,1785.99,0.953667,29.338,168732,12,29433,486,465155,48,117732,1944,32,4,644756,1319142,20632192,5276568,25908760,4,4,12,4,4,4,0,20,20,20260807,5,1,1,1,0,0,0,6197,0.258208,1,0.0015,0
512,4839.33,6,0,2.13342,4.0255,0,0,0,6.15892,361,361,0,1,2.94392,2.94392,1830,367,0,1235,0,0,0,0,0,1339,1785.99,0.953667,29.338,168732,12,29433,486,465155,48,117732,1944,32,4,644756,1319142,20632192,5276568,25908760,4,4,12,4,4,4,0,20,20,20260807,5,1,1,1,0,0,0,6197,0.258208,1,0.0015,0
513,4852.07,12,0,2.74788,8.82525,0,0,0,11.5731,361,361,0,1,2.94392,2.94392,1830,367,0,1235,0,0,0,0,0,1339,1785.99,0.953667,29.338,168732,12,29433,486,465155,48,117732,1944,32,4,644756,1319142,20632192,5276568,25908760,4,4,12,4,4,4,0,20,20,20260807,5,1,1,1,0,0,0,6197,0.258208,1,0.0015,0
514,4857.73,6,0,2.27408,3.2945,0,0,0,5.56858,361,361,0,1,2.94392,2.94392,1830,367,0,1235,0,0,0,0,0,1339,1785.99,0.953667,29.338,168732,12,29433,486,465155,48,117732,1944,32,4,644756,1319142,20632192,5276568,25908760,4,4,12,4,4,4,0,20,20,20260807,5,1,1,1,0,0,0,6198,0.25825,1,0.0015,1
515,4867.88,10,0,2.18254,7.88625,0,0,0,10.0688,361,361,0,1,2.94392,2.94392,1830,367,0,1235,0,0,0,0,0,1339,1785.99,0.953667,29.338,168732,12,29433,486,465155,48,117732,1944,32,4,644756,1319142,20632192,5276568,25908760,4,4,12,4,4,4,0,20,20,20260807,5,1,1,1,0,0,0,6198,0.25825,1,0.0015,0
516,4873.48,6,0,2.25221,3.26154,0,0,0,5.51375,361,361,0,1,2.94392,2.94392,1830,367,0,1235,0,0,0,0,0,1339,1785.99,0.953667,29.338,168732,12,29433,486,465155,48,117732,1944,32,4,644756,1319142,20632192,5276568,25908760,4,4,12,4,4,4,0,20,20,20260807,5,1,1,1,0,0,0,6198,0.25825,1,0.0015,0
517,4884.11,11,0,2.10546,8.45442,0,0,0,10.5599,361,361,0,1,2.94392,2.94392,1830,367,0,1235,0,0,0,0,0,1339,1785.99,0.953667,29.338,168732,12,29433,486,465155,48,117732,1944,32,4,644756,1319142,20632192,5276568,25908760,4,4,12,4,4,4,0,20,20,20260807,5,1,1,1,0,0,0,6198,0.25825,1,0.0015,0
518,4889.96,5,0,2.17858,3.58821,0,0,0,5.76679,361,361,0,1,2.94392,2.94392,1830,367,0,1235,0,0,0,0,0,1339,1785.99,0.953667,29.338,168732,12,29433,486,465155,48,117732,1944,32,4,644756,1319142,20632192,5276568,25908760,4,4,12,4,4,4,0,20,20,20260807,5,1,1,1,0,0,0,6198,0.25825,1,0.0015,0
519,4900.45,11,0,2.14246,8.27475,0,0,0,10.4172,361,361,0,1,2.94392,2.94392,1830,367,0,1235,0,0,0,0,0,1339,1785.99,0.953667,29.338,168732,12,29433,486,465155,48,117732,1944,32,4,644756,1319142,20632192,5276568,25908760,4,4,12,4,4,4,0,20,20,20260807,5,1,1,1,0,0,0,6198,0.25825,1,0.0015,0
520,4908.22,8,0,2.223,5.46533,0,0,0,7.68833,361,361,0,1,2.94392,2.94392,1830,367,0,1235,0,0,0,0,0,1339,1785.99,0.953667,29.338,168732,12,29433,486,465155,48,117732,1944,32,4,644756,1319142,20632192,5276568,25908760,4,4,12,4,4,4,0,20,20,20260807,5,1,1,1,0,0,0,6199,0.258292,1,0.0015,1
521,4917.21,9,0,2.10708,6.8065,0,0,0,8.91358,361,361,0,1,2.94392,2.94392,1830,367,0,1235,0,0,0,0,0,1339,1785.99,0.953667,29.338,168732,12,29433,486,465155,48,117732,1944,32,4,644756,1319142,20632192,5276568,25908760,4,4,12,4,4,4,0,20,20,20260807,5,1,1,1,0,0,0,6199,0.258292,1,0.0015,0
522,4923.09,5,0,2.18312,3.62067,0,0,0,5.80379,361,361,0,1,2.94392,2.94392,1830,367,0,1235,0,0,0,0,0,1339,1785.99,0.953667,29.338,168732,12,29433,486,465155,48,117732,1944,32,4,644756,1319142,20632192,5276568,25908760,4,4,12,4,4,4,0,20,20,20260807,5,1,1,1,0,0,0,6199,0.258292,1,0.0015,0
523,4933.17,11,0,2.11233,7.88346,0,0,0,9.99579,361,361,0,1,2.94392,2.94392,1830,367,0,1235,0,0,0,0,0,1339,1785.99,0.953667,29.338,168732,12,29433,486,465155,48,117732,1944,32,4,644756,1319142,20632192,5276568,25908760,4,4,12,4,4,4,0,20,20,20260807,5,1,1,1,0,0,0,6199,0.258292,1,0.0015,0
524,4942.74,9,0,2.26425,7.22738,0,0,0,9.49163,361,361,0,1,2.94392,2.94392,1830,367,0,1235,0,0,0,0,0,1339,1785.99,0.953667,29.338,168732,12,29433,486,465155,48,117732,1944,32,4,644756,1319142,20632192,5276568,25908760,4,4,12,4,4,4,0,20,20,20260807,5,1,1,1,0,0,0,6199,0.258292,1,0.0015,0
525,4949.83,7,0,2.07408,4.93471,0,0,0,7.00879,361,361,0,1,2.94392,2.94392,1830,367,0,1235,0,0,0,0,0,1339,1785.99,0.953667,29.338,168732,12,29433,486,465155,48,117732,1944,32,4,644756,1319142,20632192,5276568,25908760,4,4,12,4,4,4,0,20,20,20260807,5,1,1,1,0,0,0,6199,0.258292,1,0.0015,0
526,4956.1,7,0,2.32254,3.86796,0,0,0,6.1905,361,361,0,1,2.94392,2.94392,1830,367,0,1235,0,0,0,0,0,1339,1785.99,0.953667,29.338,168732,12,29433,486,465155,48,117732,1944,32,4,644756,1319142,20632192,5276568,25908760,4,4,12,4,4,4,0,20,20,20260807,5,1,1,1,0,0,0,6200,0.258333,1,0.0015,1
527,4966.44,10,0,2.10633,8.1205,0,0,0,10.2268,361,361,0,1,2.94392,2.94392,1830,367,0,1235,0,0,0,0,0,1339,1785.99,0.953667,29.338,168732,12,29433,486,465155,48,117732,1944,32,4,644756,1319142,20632192,5276568,25908760,4,4,12,4,4,4,0,20,20,20260807,5,1,1,1,0,0,0,6200,0.258333,1,0.0015,0
528,4972.46,6,0,2.24917,3.69996,0,0,0,5.94913,361,361,0,1,2.94392,2.94392,1830,367,0,1235,0,0,0,0,0,1339,1785.99,0.953667,29.338,168732,12,29433,486,465155,48,117732,1944,32,4,644756,1319142,20632192,5276568,25908760,4,4,12,4,4,4,0,20,20,20260807,5,1,1,1,0,0,0,6200,0.258333,1,0.0015,0
529,4983.14,11,0,2.15521,8.43988,0,0,0,10.5951,361,361,0,1,2.94392,2.94392,1830,367,0,1235,0,0,0,0,0,1339,1785.99,0.953667,29.338,168732,12,29433,486,465155,48,117732,1944,32,4,644756,1319142,20632192,5276568,25908760,4,4,12,4,4,4,0,20,20,20260807,5,1,1,1,0,0,0,6200,0.258333,1,0.0015,0
530,4989.5,6,0,2.27221,4.00321,0,0,0,6.27542,361,361,0,1,2.94392,2.94392,1830,367,0,1235,0,0,0,0,0,1339,1785.99,0.953667,29.338,168732,12,29433,486,465155,48,117732,1944,32,4,644756,1319142,20632192,5276568,25908760,4,4,12,4,4,4,0,20,20,20260807,5,1,1,1,0,0,0,6200,0.258333,1,0.0015,0
531,5301.47,10,0,2.17462,309.71,0,0,0,311.885,361,361,0,1,2.94392,2.94392,1830,367,0,1235,0,0,0,0,0,1339,1785.99,0.953667,29.338,168732,12,29433,486,465155,48,117732,1944,32,4,644756,1319142,20632192,5276568,25908760,4,4,12,4,4,4,0,20,20,20260807,5,1,1,1,0,0,0,6200,0.258333,1,0.0015,0
532,5307.66,307,0,2.317,3.78092,0,0,0,6.09792,361,361,0,1,2.94392,2.94392,1830,367,0,1235,0,0,0,0,0,1339,1785.99,0.953667,29.338,168732,12,29433,486,465155,48,117732,1944,32,4,644756,1319142,20632192,5276568,25908760,4,4,12,4,4,4,0,20,20,20260807,5,1,1,1,0,0,0,6205,0.258542,1,0.0015,5
533,5312.82,5,0,2.08196,3.00629,0,0,0,5.08825,361,361,0,1,2.94392,2.94392,1830,367,0,1235,0,0,0,0,0,1339,1785.99,0.953667,29.338,168732,12,29433,486,465155,48,117732,1944,32,4,644756,1319142,20632192,5276568,25908760,4,4,12,4,4,4,0,20,20,20260807,5,1,1,1,0,0,0,6205,0.258542,1,0.0015,0
534,5324.04,11,0,2.14583,8.98888,0,0,0,11.1347,361,361,0,1,2.94392,2.94392,1830,367,0,1235,0,0,0,0,0,1339,1785.99,0.953667,29.338,168732,12,29433,486,465155,48,117732,1944,32,4,644756,1319142,20632192,5276568,25908760,4,4,12,4,4,4,0,20,20,20260807,5,1,1,1,0,0,0,6205,0.258542,1,0.0015,0
535,5333.28,10,0,2.11442,7.04925,0,0,0,9.16367,361,361,0,1,2.94392,2.94392,1830,367,0,1235,0,0,0,0,0,1339,1785.99,0.953667,29.338,168732,12,29433,486,465155,48,117732,1944,32,4,644756,1319142,20632192,5276568,25908760,4,4,12,4,4,4,0,20,20,20260807,5,1,1,1,0,0,0,6205,0.258542,1,0.0015,0
536,5341.57,8,0,2.27379,5.93179,0,0,0,8.20558,361,361,0,1,2.94392,2.94392,1830,367,0,1235,0,0,0,0,0,1339,1785.99,0.953667,29.338,168732,12,29433,486,465155,48,117732,1944,32,4,644756,1319142,20632192,5276568,25908760,4,4,12,4,4,4,0,20,20,20260807,5,1,1,1,0,0,0,6205,0.258542,1,0.0015,0
537,5351.65,10,0,2.1245,7.88308,0,0,0,10.0076,361,361,0,1,2.94392,2.94392,1830,367,0,1235,0,0,0,0,0,1339,1785.99,0.953667,29.338,168732,12,29433,486,465155,48,117732,1944,32,4,644756,1319142,20632192,5276568,25908760,4,4,12,4,4,4,0,20,20,20260807,5,1,1,1,0,0,0,6205,0.258542,1,0.0015,0
538,5358.71,7,0,2.23808,4.73471,0,0,0,6.97279,361,361,0,1,2.94392,2.94392,1830,367,0,1235,0,0,0,0,0,1339,1785.99,0.953667,29.338,168732,12,29433,486,465155,48,117732,1944,32,4,644756,1319142,20632192,5276568,25908760,4,4,12,4,4,4,0,20,20,20260807,5,1,1,1,0,0,0,6205,0.258542,1,0.0015,0
539,5366.65,8,0,2.162,5.70567,0,0,0,7.86767,361,361,0,1,2.94392,2.94392,1830,367,0,1235,0,0,0,0,0,1339,1785.99,0.953667,29.338,168732,12,29433,486,465155,48,117732,1944,32,4,644756,1319142,20632192,5276568,25908760,4,4,12,4,4,4,0,20,20,20260807,5,1,1,1,0,0,0,6206,0.258583,1,0.0015,1
540,5373.24,7,0,2.3535,4.16096,0,0,0,6.51446,361,361,0,1,2.94392,2.94392,1830,367,0,1235,0,0,0,0,0,1339,1785.99,0.953667,29.338,168732,12,29433,486,465155,48,117732,1944,32,4,644756,1319142,20632192,5276568,25908760,4,4,12,4,4,4,0,20,20,20260807,5,1,1,1,0,0,0,6206,0.258583,1,0.0015,0
541,5384.06,10,0,2.06475,8.68129,0,0,0,10.746,361,361,0,1,2.94392,2.94392,1830,367,0,1235,0,0,0,0,0,1339,1785.99,0.953667,29.338,168732,12,29433,486,465155,48,117732,1944,32,4,644756,1319142,20632192,5276568,25908760,4,4,12,4,4,4,0,20,20,20260807,5,1,1,1,0,0,0,6206,0.258583,1,0.0015,0
542,5389.9,6,0,2.17563,3.55696,0,0,0,5.73258,361,361,0,1,2.94392,2.94392,1830,367,0,1235,0,0,0,0,0,1339,1785.99,0.953667,29.338,168732,12,29433,486,465155,48,117732,1944,32,4,644756,1319142,20632192,5276568,25908760,4,4,12,4,4,4,0,20,20,20260807,5,1,1,1,0,0,0,6206,0.258583,1,0.0015,0
543,5399.91,10,0,2.10671,7.825,0,0,0,9.93171,361,361,0,1,2.94392,2.94392,1830,367,0,1235,0,0,0,0,0,1339,1785.99,0.953667,29.338,168732,12,29433,486,465155,48,117732,1944,32,4,644756,1319142,20632192,5276568,25908760,4,4,12,4,4,4,0,20,20,20260807,5,1,1,1,0,0,0,6206,0.258583,1,0.0015,0
544,5406.95,7,0,2.29754,4.66033,0,0,0,6.95787,361,361,0,1,2.94392,2.94392,1830,367,0,1235,0,0,0,0,0,1339,1785.99,0.953667,29.338,168732,12,29433,486,465155,48,117732,1944,32,4,644756,1319142,20632192,5276568,25908760,4,4,12,4,4,4,0,20,20,20260807,5,1,1,1,0,0,0,6206,0.258583,1,0.0015,0
545,5417.62,11,0,2.13775,8.43408,0,0,0,10.5718,361,361,0,1,2.94392,2.94392,1830,367,0,1235,0,0,0,0,0,1339,1785.99,0.953667,29.338,168732,12,29433,486,465155,48,117732,1944,32,4,644756,1319142,20632192,5276568,25908760,4,4,12,4,4,4,0,20,20,20260807,5,1,1,1,0,0,0,6207,0.258625,1,0.0015,1
546,5422.92,5,0,2.24987,2.97925,0,0,0,5.22912,361,361,0,1,2.94392,2.94392,1830,367,0,1235,0,0,0,0,0,1339,1785.99,0.953667,29.338,168732,12,29433,486,465155,48,117732,1944,32,4,644756,1319142,20632192,5276568,25908760,4,4,12,4,4,4,0,20,20,20260807,5,1,1,1,0,0,0,6207,0.258625,1,0.0015,0
547,5433.33,11,0,2.22208,8.10471,0,0,0,10.3268,361,361,0,1,2.94392,2.94392,1830,367,0,1235,0,0,0,0,0,1339,1785.99,0.953667,29.338,168732,12,29433,486,465155,48,117732,1944,32,4,644756,1319142,20632192,5276568,25908760,4,4,12,4,4,4,0,20,20,20260807,5,1,1,1,0,0,0,6207,0.258625,1,0.0015,0
548,5443.43,10,0,2.07996,7.94038,0,0,0,10.0203,361,361,0,1,2.94392,2.94392,1830,367,0,1235,0,0,0,0,0,1339,1785.99,0.953667,29.338,168732,12,29433,486,465155,48,117732,1944,32,4,644756,1319142,20632192,5276568,25908760,4,4,12,4,4,4,0,20,20,20260807,5,1,1,1,0,0,0,6207,0.258625,1,0.0015,0
549,5449.99,6,0,2.0655,4.41267,0,0,0,6.47817,361,361,0,1,2.94392,2.94392,1830,367,0,1235,0,0,0,0,0,1339,1785.99,0.953667,29.338,168732,12,29433,486,465155,48,117732,1944,32,4,644756,1319142,20632192,5276568,25908760,4,4,12,4,4,4,0,20,20,20260807,5,1,1,1,0,0,0,6207,0.258625,1,0.0015,0
550,5455.77,6,0,2.24613,3.45662,0,0,0,5.70275,361,361,0,1,2.94392,2.94392,1830,367,0,1235,0,0,0,0,0,1339,1785.99,0.953667,29.338,168732,12,29433,486,465155,48,117732,1944,32,4,644756,1319142,20632192,5276568,25908760,4,4,12,4,4,4,0,20,20,20260807,5,1,1,1,0,0,0,6207,0.258625,1,0.0015,0
551,5466.58,11,0,2.40196,8.327,0,0,0,10.729,361,361,0,1,2.94392,2.94392,1830,367,0,1235,0,0,0,0,0,1339,1785.99,0.953667,29.338,168732,12,29433,486,465155,48,117732,1944,32,4,644756,1319142,20632192,5276568,25908760,4,4,12,4,4,4,0,20,20,20260807,5,1,1,1,0,0,0,6208,0.258667,1,0.0015,1
552,5473.06,6,0,2.09638,4.30204,0,0,0,6.39842,361,361,0,1,2.94392,2.94392,1830,367,0,1235,0,0,0,0,0,1339,1785.99,0.953667,29.338,168732,12,29433,486,465155,48,117732,1944,32,4,644756,1319142,20632192,5276568,25908760,4,4,12,4,4,4,0,20,20,20260807,5,1,1,1,0,0,0,6208,0.258667,1,0.0015,0
553,5483.35,11,0,2.28467,7.91937,0,0,0,10.204,361,361,0,1,2.94392,2.94392,1830,367,0,1235,0,0,0,0,0,1339,1785.99,0.953667,29.338,168732,12,29433,486,465155,48,117732,1944,32,4,644756,1319142,20632192,5276568,25908760,4,4,12,4,4,4,0,20,20,20260807,5,1,1,1,0,0,0,6208,0.258667,1,0.0015,0
554,5490.32,7,0,2.19942,4.68321,0,0,0,6.88262,361,361,0,1,2.94392,2.94392,1830,367,0,1235,0,0,0,0,0,1339,1785.99,0.953667,29.338,168732,12,29433,486,465155,48,117732,1944,32,4,644756,1319142,20632192,5276568,25908760,4,4,12,4,4,4,0,20,20,20260807,5,1,1,1,0,0,0,6208,0.258667,1,0.0015,0
555,5500.03,9,0,2.14783,7.43483,0,0,0,9.58267,361,361,0,1,2.94392,2.94392,1830,367,0,1235,0,0,0,0,0,1339,1785.99,0.953667,29.338,168732,12,29433,486,465155,48,117732,1944,32,4,644756,1319142,20632192,5276568,25908760,4,4,12,4,4,4,0,20,20,20260807,5,1,1,1,0,0,0,6208,0.258667,1,0.0015,0
556,5505.55,6,0,2.29071,3.10571,0,0,0,5.39642,361,361,0,1,2.94392,2.94392,1830,367,0,1235,0,0,0,0,0,1339,1785.99,0.953667,29.338,168732,12,29433,486,465155,48,117732,1944,32,4,644756,1319142,20632192,5276568,25908760,4,4,12,4,4,4,0,20,20,20260807,5,1,1,1,0,0,0,6208,0.258667,1,0.0015,0
557,5516.62,11,0,2.73167,8.25629,0,0,0,10.988,361,361,0,1,2.94392,2.94392,1830,367,0,1235,0,0,0,0,0,1339,1785.99,0.953667,29.338,168732,12,29433,486,465155,48,117732,1944,32,4,644756,1319142,20632192,5276568,25908760,4,4,12,4,4,4,0,20,20,20260807,5,1,1,1,0,0,0,6209,0.258708,1,0.0015,1
558,5525.58,9,0,2.17021,6.71521,0,0,0,8.88542,361,361,0,1,2.94392,2.94392,1830,367,0,1235,0,0,0,0,0,1339,1785.99,0.953667,29.338,168732,12,29433,486,465155,48,117732,1944,32,4,644756,1319142,20632192,5276568,25908760,4,4,12,4,4,4,0,20,20,20260807,5,1,1,1,0,0,0,6209,0.258708,1,0.0015,0
559,5533.17,8,0,2.04525,5.46446,0,0,0,7.50971,361,361,0,1,2.94392,2.94392,1830,367,0,1235,0,0,0,0,0,1339,1785.99,0.953667,29.338,168732,12,29433,486,465155,48,117732,1944,32,4,644756,1319142,20632192,5276568,25908760,4,4,12,4,4,4,0,20,20,20260807,5,1,1,1,0,0,0,6209,0.258708,1,0.0015,0
560,5539.53,6,0,2.13279,4.13167,0,0,0,6.26446,361,361,0,1,2.94392,2.94392,1830,367,0,1235,0,0,0,0,0,1339,1785.99,0.953667,29.338,168732,12,29433,486,465155,48,117732,1944,32,4,644756,1319142,20632192,5276568,25908760,4,4,12,4,4,4,0,20,20,20260807,5,1,1,1,0,0,0,6209,0.258708,1,0.0015,0
561,5549.78,10,0,2.09342,8.08329,0,0,0,10.1767,361,361,0,1,2.94392,2.94392,1830,367,0,1235,0,0,0,0,0,1339,1785.99,0.953667,29.338,168732,12,29433,486,465155,48,117732,1944,32,4,644756,1319142,20632192,5276568,25908760,4,4,12,4,4,4,0,20,20,20260807,5,1,1,1,0,0,0,6209,0.258708,1,0.0015,0
562,5555.73,6,0,2.17504,3.69808,0,0,0,5.87312,361,361,0,1,2.94392,2.94392,1830,367,0,1235,0,0,0,0,0,1339,1785.99,0.953667,29.338,168732,12,29433,486,465155,48,117732,1944,32,4,644756,1319142,20632192,5276568,25908760,4,4,12,4,4,4,0,20,20,20260807,5,1,1,1,0,0,0,6209,0.258708,1,0.0015,0
563,5566.55,11,0,2.17421,8.56413,0,0,0,10.7383,361,361,0,1,2.94392,2.94392,1830,367,0,1235,0,0,0,0,0,1339,1785.99,0.953667,29.338,168732,12,29433,486,465155,48,117732,1944,32,4,644756,1319142,20632192,5276568,25908760,4,4,12,4,4,4,0,20,20,20260807,5,1,1,1,0,0,0,6210,0.25875,1,0.0015,1
564,5572.69,6,0,2.08188,3.982,0,0,0,6.06388,361,361,0,1,2.94392,2.94392,1830,367,0,1235,0,0,0,0,0,1339,1785.99,0.953667,29.338,168732,12,29433,486,465155,48,117732,1944,32,4,644756,1319142,20632192,5276568,25908760,4,4,12,4,4,4,0,20,20,20260807,5,1,1,1,0,0,0,6210,0.25875,1,0.0015,0
565,5583.17,11,0,2.08383,8.30837,0,0,0,10.3922,361,361,0,1,2.94392,2.94392,1830,367,0,1235,0,0,0,0,0,1339,1785.99,0.953667,29.338,168732,12,29433,486,465155,48,117732,1944,32,4,644756,1319142,20632192,5276568,25908760,4,4,12,4,4,4,0,20,20,20260807,5,1,1,1,0,0,0,6210,0.25875,1,0.0015,0
566,5589.17,6,0,2.11658,3.81375,0,0,0,5.93033,361,361,0,1,2.94392,2.94392,1830,367,0,1235,0,0,0,0,0,1339,1785.99,0.953667,29.338,168732,12,29433,486,465155,48,117732,1944,32,4,644756,1319142,20632192,5276568,25908760,4,4,12,4,4,4,0,20,20,20260807,5,1,1,1,0,0,0,6210,0.25875,1,0.0015,0
567,5601.24,12,0,2.10321,9.79058,0,0,0,11.8938,361,361,0,1,2.94392,2.94392,1830,367,0,1235,0,0,0,0,0,1339,1785.99,0.953667,29.338,168732,12,29433,486,465155,48,117732,1944,32,4,644756,1319142,20632192,5276568,25908760,4,4,12,4,4,4,0,20,20,20260807,5,1,1,1,0,0,0,6210,0.25875,1,0.0015,0
568,5608,6,0,2.20921,4.46896,0,0,0,6.67817,361,361,0,1,2.94392,2.94392,1830,367,0,1235,0,0,0,0,0,1339,1785.99,0.953667,29.338,168732,12,29433,486,465155,48,117732,1944,32,4,644756,1319142,20632192,5276568,25908760,4,4,12,4,4,4,0,20,20,20260807,5,1,1,1,0,0,0,6210,0.25875,1,0.0015,0
569,5616.79,9,0,2.16871,6.54654,0,0,0,8.71525,361,361,0,1,2.94392,2.94392,1830,367,0,1235,0,0,0,0,0,1339,1785.99,0.953667,29.338,168732,12,29433,486,465155,48,117732,1944,32,4,644756,1319142,20632192,5276568,25908760,4,4,12,4,4,4,0,20,20,20260807,5,1,1,1,0,0,0,6211,0.258792,1,0.0015,1
570,5623.36,7,0,2.19704,4.26738,0,0,0,6.46442,361,361,0,1,2.94392,2.94392,1830,367,0,1235,0,0,0,0,0,1339,1785.99,0.953667,29.338,168732,12,29433,486,465155,48,117732,1944,32,4,644756,1319142,20632192,5276568,25908760,4,4,12,4,4,4,0,20,20,20260807,5,1,1,1,0,0,0,6211,0.258792,1,0.0015,0
571,5633.22,10,0,2.04338,7.73279,0,0,0,9.77617,361,361,0,1,2.94392,2.94392,1830,367,0,1235,0,0,0,0,0,1339,1785.99,0.953667,29.338,168732,12,29433,486,465155,48,117732,1944,32,4,644756,1319142,20632192,5276568,25908760,4,4,12,4,4,4,0,20,20,20260807,5,1,1,1,0,0,0,6211,0.258792,1,0.0015,0
572,5641.19,8,0,2.15183,5.73433,0,0,0,7.88617,361,361,0,1,2.94392,2.94392,1830,367,0,1235,0,0,0,0,0,1339,1785.99,0.953667,29.338,168732,12,29433,486,465155,48,117732,1944,32,4,644756,1319142,20632192,5276568,25908760,4,4,12,4,4,4,0,20,20,20260807,5,1,1,1,0,0,0,6211,0.258792,1,0.0015,0
573,5649.79,8,0,2.09079,6.42479,0,0,0,8.51558,361,361,0,1,2.94392,2.94392,1830,367,0,1235,0,0,0,0,0,1339,1785.99,0.953667,29.338,168732,12,29433,486,465155,48,117732,1944,32,4,644756,1319142,20632192,5276568,25908760,4,4,12,4,4,4,0,20,20,20260807,5,1,1,1,0,0,0,6211,0.258792,1,0.0015,0
574,5655.94,6,0,2.25954,3.80733,0,0,0,6.06687,361,361,0,1,2.94392,2.94392,1830,367,0,1235,0,0,0,0,0,1339,1785.99,0.953667,29.338,168732,12,29433,486,465155,48,117732,1944,32,4,644756,1319142,20632192,5276568,25908760,4,4,12,4,4,4,0,20,20,20260807,5,1,1,1,0,0,0,6211,0.258792,1,0.0015,0
575,5666.49,12,0,2.13596,8.33492,0,0,0,10.4709,361,361,0,1,2.94392,2.94392,1830,367,0,1235,0,0,0,0,0,1339,1785.99,0.953667,29.338,168732,12,29433,486,465155,48,117732,1944,32,4,644756,1319142,20632192,5276568,25908760,4,4,12,4,4,4,0,20,20,20260807,5,1,1,1,0,0,0,6212,0.258833,1,0.0015,1
576,5672.86,6,0,2.15446,4.13663,0,0,0,6.29108,361,361,0,1,2.94392,2.94392,1830,367,0,1235,0,0,0,0,0,1339,1785.99,0.953667,29.338,168732,12,29433,486,465155,48,117732,1944,32,4,644756,1319142,20632192,5276568,25908760,4,4,12,4,4,4,0,20,20,20260807,5,1,1,1,0,0,0,6212,0.258833,1,0.0015,0
577,5683.17,11,0,2.10917,8.12758,0,0,0,10.2368,361,361,0,1,2.94392,2.94392,1830,367,0,1235,0,0,0,0,0,1339,1785.99,0.953667,29.338,168732,12,29433,486,465155,48,117732,1944,32,4,644756,1319142,20632192,5276568,25908760,4,4,12,4,4,4,0,20,20,20260807,5,1,1,1,0,0,0,6212,0.258833,1,0.0015,0
578,5691.7,8,0,2.22929,6.22483,0,0,0,8.45412,361,361,0,1,2.94392,2.94392,1830,367,0,1235,0,0,0,0,0,1339,1785.99,0.953667,29.338,168732,12,29433,486,465155,48,117732,1944,32,4,644756,1319142,20632192,5276568,25908760,4,4,12,4,4,4,0,20,20,20260807,5,1,1,1,0,0,0,6212,0.258833,1,0.0015,0
579,5699.66,8,0,2.07896,5.79608,0,0,0,7.87504,361,361,0,1,2.94392,2.94392,1830,367,0,1235,0,0,0,0,0,1339,1785.99,0.953667,29.338,168732,12,29433,486,465155,48,117732,1944,32,4,644756,1319142,20632192,5276568,25908760,4,4,12,4,4,4,0,20,20,20260807,5,1,1,1,0,0,0,6212,0.258833,1,0.0015,0
580,5708.68,9,0,2.22917,6.71258,0,0,0,8.94175,361,361,0,1,2.94392,2.94392,1830,367,0,1235,0,0,0,0,0,1339,1785.99,0.953667,29.338,168732,12,29433,486,465155,48,117732,1944,32,4,644756,1319142,20632192,5276568,25908760,4,4,12,4,4,4,0,20,20,20260807,5,1,1,1,0,0,0,6212,0.258833,1,0.0015,0
581,5716.48,8,0,2.10275,5.60492,0,0,0,7.70767,361,361,0,1,2.94392,2.94392,1830,367,0,1235,0,0,0,0,0,1339,1785.99,0.953667,29.338,168732,12,29433,486,465155,48,117732,1944,32,4,644756,1319142,20632192,5276568,25908760,4,4,12,4,4,4,0,20,20,20260807,5,1,1,1,0,0,0,6213,0.258875,1,0.0015,1
582,5722.94,6,0,2.27292,4.10592,0,0,0,6.37883,361,361,0,1,2.94392,2.94392,1830,367,0,1235,0,0,0,0,0,1339,1785.99,0.953667,29.338,168732,12,29433,486,465155,48,117732,1944,32,4,644756,1319142,20632192,5276568,25908760,4,4,12,4,4,4,0,20,20,20260807,5,1,1,1,0,0,0,6213,0.258875,1,0.0015,0
583,5733.2,11,0,2.049,8.13404,0,0,0,10.183,361,361,0,1,2.94392,2.94392,1830,367,0,1235,0,0,0,0,0,1339,1785.99,0.953667,29.338,168732,12,29433,486,465155,48,117732,1944,32,4,644756,1319142,20632192,5276568,25908760,4,4,12,4,4,4,0,20,20,20260807,5,1,1,1,0,0,0,6213,0.258875,1,0.0015,0
584,5739.25,6,0,2.22783,3.74442,0,0,0,5.97225,361,361,0,1,2.94392,2.94392,1830,367,0,1235,0,0,0,0,0,1339,1785.99,0.953667,29.338,168732,12,29433,486,465155,48,117732,1944,32,4,644756,1319142,20632192,5276568,25908760,4,4,12,4,4,4,0,20,20,20260807,5,1,1,1,0,0,0,6213,0.258875,1,0.0015,0
585,5749.83,10,0,2.06929,5.12063,0,0,0,7.18992,361,361,0,1,2.94392,2.94392,1830,367,0,1235,0,0,0,0,0,1339,1785.99,0.953667,29.338,168732,12,29433,486,465155,48,117732,1944,32,4,644756,1319142,20632192,5276568,25908760,4,4,12,4,4,4,0,20,20,20260807,5,1,1,1,0,0,0,6213,0.258875,1,0.0015,0
586,5756.57,7,0,2.18683,4.4525,0,0,0,6.63933,361,361,0,1,2.94392,2.94392,1830,367,0,1235,0,0,0,0,0,1339,1785.99,0.953667,29.338,168732,12,29433,486,465155,48,117732,1944,32,4,644756,1319142,20632192,5276568,25908760,4,4,12,4,4,4,0,20,20,20260807,5,1,1,1,0,0,0,6213,0.258875,1,0.0015,0
587,5766.49,10,0,2.13437,7.70375,0,0,0,9.83812,361,361,0,1,2.94392,2.94392,1830,367,0,1235,0,0,0,0,0,1339,1785.99,0.953667,29.338,168732,12,29433,486,465155,48,117732,1944,32,4,644756,1319142,20632192,5276568,25908760,4,4,12,4,4,4,0,20,20,20260807,5,1,1,1,0,0,0,6214,0.258917,1,0.0015,1
588,5771.98,5,0,2.20792,3.20725,0,0,0,5.41517,361,361,0,1,2.94392,2.94392,1830,367,0,1235,0,0,0,0,0,1339,1785.99,0.953667,29.338,168732,12,29433,486,465155,48,117732,1944,32,4,644756,1319142,20632192,5276568,25908760,4,4,12,4,4,4,0,20,20,20260807,5,1,1,1,0,0,0,6214,0.258917,1,0.0015,0
589,5783.28,12,0,2.15088,9.05833,0,0,0,11.2092,361,361,0,1,2.94392,2.94392,1830,367,0,1235,0,0,0,0,0,1339,1785.99,0.953667,29.338,168732,12,29433,486,465155,48,117732,1944,32,4,644756,1319142,20632192,5276568,25908760,4,4,12,4,4,4,0,20,20,20260807,5,1,1,1,0,0,0,6214,0.258917,1,0.0015,0
590,5792.43,9,0,2.08746,6.98779,0,0,0,9.07525,361,361,0,1,2.94392,2.94392,1830,367,0,1235,0,0,0,0,0,1339,1785.99,0.953667,29.338,168732,12,29433,486,465155,48,117732,1944,32,4,644756,1319142,20632192,5276568,25908760,4,4,12,4,4,4,0,20,20,20260807,5,1,1,1,0,0,0,6214,0.258917,1,0.0015,0
591,5799.85,7,0,2.12542,5.20767,0,0,0,7.33308,361,361,0,1,2.94392,2.94392,1830,367,0,1235,0,0,0,0,0,1339,1785.99,0.953667,29.338,168732,12,29433,486,465155,48,117732,1944,32,4,644756,1319142,20632192,5276568,25908760,4,4,12,4,4,4,0,20,20,20260807,5,1,1,1,0,0,0,6214,0.258917,1,0.0015,0
592,5806.81,7,0,2.14771,4.72867,0,0,0,6.87638,361,361,0,1,2.94392,2.94392,1830,367,0,1235,0,0,0,0,0,1339,1785.99,0.953667,29.338,168732,12,29433,486,465155,48,117732,1944,32,4,644756,1319142,20632192,5276568,25908760,4,4,12,4,4,4,0,20,20,20260807,5,1,1,1,0,0,0,6214,0.258917,1,0.0015,0
593,5816.77,10,0,2.20108,7.63621,0,0,0,9.83729,361,361,0,1,2.94392,2.94392,1830,367,0,1235,0,0,0,0,0,1339,1785.99,0.953667,29.338,168732,12,29433,486,465155,48,117732,1944,32,4,644756,1319142,20632192,5276568,25908760,4,4,12,4,4,4,0,20,20,20260807,5,1,1,1,0,0,0,6215,0.258958,1,0.0015,1
594,5822.54,6,0,2.18821,3.50446,0,0,0,5.69267,361,361,0,1,2.94392,2.94392,1830,367,0,1235,0,0,0,0,0,1339,1785.99,0.953667,29.338,168732,12,29433,486,465155,48,117732,1944,32,4,644756,1319142,20632192,5276568,25908760,4,4,12,4,4,4,0,20,20,20260807,5,1,1,1,0,0,0,6215,0.258958,1,0.0015,0
595,5837.11,15,0,2.30912,12.1893,0,0,0,14.4985,361,361,0,1,2.94392,2.94392,1830,367,0,1235,0,0,0,0,0,1339,1785.99,0.953667,29.338,168732,12,29433,486,465155,48,117732,1944,32,4,644756,1319142,20632192,5276568,25908760,4,4,12,4,4,4,0,20,20,20260807,5,1,1,1,0,0,0,6215,0.258958,1,0.0015,0
596,5842.43,5,0,2.16879,3.05346,0,0,0,5.22225,361,361,0,1,2.94392,2.94392,1830,367,0,1235,0,0,0,0,0,1339,1785.99,0.953667,29.338,168732,12,29433,486,465155,48,117732,1944,32,4,644756,1319142,20632192,5276568,25908760,4,4,12,4,4,4,0,20,20,20260807,5,1,1,1,0,0,0,6215,0.258958,1,0.0015,0
597,5849.84,7,0,2.15037,5.18017,0,0,0,7.33054,361,361,0,1,2.94392,2.94392,1830,367,0,1235,0,0,0,0,0,1339,1785.99,0.953667,29.338,168732,12,29433,486,465155,48,117732,1944,32,4,644756,1319142,20632192,5276568,25908760,4,4,12,4,4,4,0,20,20,20260807,5,1,1,1,0,0,0,6215,0.258958,1,0.0015,0
598,5856.23,7,0,2.14833,4.168,0,0,0,6.31633,361,361,0,1,2.94392,2.94392,1830,367,0,1235,0,0,0,0,0,1339,1785.99,0.953667,29.338,168732,12,29433,486,465155,48,117732,1944,32,4,644756,1319142,20632192,5276568,25908760,4,4,12,4,4,4,0,20,20,20260807,5,1,1,1,0,0,0,6215,0.258958,1,0.0015,0
599,5866.65,10,0,2.19521,8.11317,0,0,0,10.3084,361,361,0,1,2.94392,2.94392,1830,367,0,1235,0,0,0,0,0,1339,1785.99,0.953667,29.338,168732,12,29433,486,465155,48,117732,1944,32,4,644756,1319142,20632192,5276568,25908760,4,4,12,4,4,4,0,20,20,20260807,5,1,1,1,0,0,0,6216,0.259,1,0.0015,1
600,5872.76,6,0,2.16083,3.86987,0,0,0,6.03071,361,361,0,1,2.94392,2.94392,1830,367,0,1235,0,0,0,0,0,1339,1785.99,0.953667,29.338,168732,12,29433,486,465155,48,117732,1944,32,4,644756,1319142,20632192,5276568,25908760,4,4,12,4,4,4,0,20,20,20260807,5,1,1,1,0,0,0,6216,0.259,1,0.0015,0
601,5883.21,11,0,2.03533,8.3345,0,0,0,10.3698,361,361,0,1,2.94392,2.94392,1830,367,0,1235,0,0,0,0,0,1339,1785.99,0.953667,29.338,168732,12,29433,486,465155,48,117732,1944,32,4,644756,1319142,20632192,5276568,25908760,4,4,12,4,4,4,0,20,20,20260807,5,1,1,1,0,0,0,6216,0.259,1,0.0015,0
602,5889.86,6,0,2.04392,4.53062,0,0,0,6.57454,361,361,0,1,2.94392,2.94392,1830,367,0,1235,0,0,0,0,0,1339,1785.99,0.953667,29.338,168732,12,29433,486,465155,48,117732,1944,32,4,644756,1319142,20632192,5276568,25908760,4,4,12,4,4,4,0,20,20,20260807,5,1,1,1,0,0,0,6216,0.259,1,0.0015,0
603,5900.03,10,0,2.08763,7.99904,0,0,0,10.0867,361,361,0,1,2.94392,2.94392,1830,367,0,1235,0,0,0,0,0,1339,1785.99,0.953667,29.338,168732,12,29433,486,465155,48,117732,1944,32,4,644756,1319142,20632192,5276568,25908760,4,4,12,4,4,4,0,20,20,20260807,5,1,1,1,0,0,0,6216,0.259,1,0.0015,0
604,5907.43,8,0,2.26617,5.05467,0,0,0,7.32083,361,361,0,1,2.94392,2.94392,1830,367,0,1235,0,0,0,0,0,1339,1785.99,0.953667,29.338,168732,12,29433,486,465155,48,117732,1944,32,4,644756,1319142,20632192,5276568,25908760,4,4,12,4,4,4,0,20,20,20260807,5,1,1,1,0,0,0,6216,0.259,1,0.0015,0
605,5916.34,9,0,2.21342,6.58942,0,0,0,8.80283,361,361,0,1,2.94392,2.94392,1830,367,0,1235,0,0,0,0,0,1339,1785.99,0.953667,29.338,168732,12,29433,486,465155,48,117732,1944,32,4,644756,1319142,20632192,5276568,25908760,4,4,12,4,4,4,0,20,20,20260807,5,1,1,1,0,0,0,6217,0.259042,1,0.0015,1
606,5922.47,6,0,2.2345,3.82096,0,0,0,6.05546,361,361,0,1,2.94392,2.94392,1830,367,0,1235,0,0,0,0,0,1339,1785.99,0.953667,29.338,168732,12,29433,486,465155,48,117732,1944,32,4,644756,1319142,20632192,5276568,25908760,4,4,12,4,4,4,0,20,20,20260807,5,1,1,1,0,0,0,6217,0.259042,1,0.0015,0
607,5933.59,11,0,2.10796,8.93371,0,0,0,11.0417,361,361,0,1,2.94392,2.94392,1830,367,0,1235,0,0,0,0,0,1339,1785.99,0.953667,29.338,168732,12,29433,486,465155,48,117732,1944,32,4,644756,1319142,20632192,5276568,25908760,4,4,12,4,4,4,0,20,20,20260807,5,1,1,1,0,0,0,6217,0.259042,1,0.0015,0
608,5939.64,6,0,2.33637,3.63721,0,0,0,5.97358,361,361,0,1,2.94392,2.94392,1830,367,0,1235,0,0,0,0,0,1339,1785.99,0.953667,29.338,168732,12,29433,486,465155,48,117732,1944,32,4,644756,1319142,20632192,5276568,25908760,4,4,12,4,4,4,0,20,20,20260807,5,1,1,1,0,0,0,6217,0.259042,1,0.0015,0
609,5949.82,10,0,2.15421,7.95292,0,0,0,10.1071,361,361,0,1,2.94392,2.94392,1830,367,0,1235,0,0,0,0,0,1339,1785.99,0.953667,29.338,168732,12,29433,486,465155,48,117732,1944,32,4,644756,1319142,20632192,5276568,25908760,4,4,12,4,4,4,0,20,20,20260807,5,1,1,1,0,0,0,6217,0.259042,1,0.0015,0
610,5955.92,6,0,2.23075,3.79383,0,0,0,6.02458,361,361,0,1,2.94392,2.94392,1830,367,0,1235,0,0,0,0,0,1339,1785.99,0.953667,29.338,168732,12,29433,486,465155,48,117732,1944,32,4,644756,1319142,20632192,5276568,25908760,4,4,12,4,4,4,0,20,20,20260807,5,1,1,1,0,0,0,6217,0.259042,1,0.0015,0
611,5967.29,12,0,2.14438,7.041,0,0,0,9.18538,361,361,0,1,2.94392,2.94392,1830,367,0,1235,0,0,0,0,0,1339,1785.99,0.953667,29.338,168732,12,29433,486,465155,48,117732,1944,32,4,644756,1319142,20632192,5276568,25908760,4,4,12,4,4,4,0,20,20,20260807,5,1,1,1,0,0,0,6218,0.259083,1,0.0015,1
612,5972.59,5,0,2.13371,3.07817,0,0,0,5.21188,361,361,0,1,2.94392,2.94392,1830,367,0,1235,0,0,0,0,0,1339,1785.99,0.953667,29.338,168732,12,29433,486,465155,48,117732,1944,32,4,644756,1319142,20632192,5276568,25908760,4,4,12,4,4,4,0,20,20,20260807,5,1,1,1,0,0,0,6218,0.259083,1,0.0015,0
613,5983.28,11,0,2.32938,8.24896,0,0,0,10.5783,361,361,0,1,2.94392,2.94392,1830,367,0,1235,0,0,0,0,0,1339,1785.99,0.953667,29.338,168732,12,29433,486,465155,48,117732,1944,32,4,644756,1319142,20632192,5276568,25908760,4,4,12,4,4,4,0,20,20,20260807,5,1,1,1,0,0,0,6218,0.259083,1,0.0015,0
614,5989.68,6,0,2.22804,4.08488,0,0,0,6.31292,361,361,0,1,2.94392,2.94392,1830,367,0,1235,0,0,0,0,0,1339,1785.99,0.953667,29.338,168732,12,29433,486,465155,48,117732,1944,32,4,644756,1319142,20632192,5276568,25908760,4,4,12,4,4,4,0,20,20,20260807,5,1,1,1,0,0,0,6218,0.259083,1,0.0015,0
615,5999.96,10,0,2.03187,8.16608,0,0,0,10.198,361,361,0,1,2.94392,2.94392,1830,367,0,1235,0,0,0,0,0,1339,1785.99,0.953667,29.338,168732,12,29433,486,465155,48,117732,1944,32,4,644756,1319142,20632192,5276568,25908760,4,4,12,4,4,4,0,20,20,20260807,5,1,1,1,0,0,0,6218,0.259083,1,0.0015,0
616,6006.12,7,0,2.15233,3.92446,0,0,0,6.07679,361,361,0,1,2.94392,2.94392,1830,367,0,1235,0,0,0,0,0,1339,1785.99,0.953667,29.338,168732,12,29433,486,465155,48,117732,1944,32,4,644756,1319142,20632192,5276568,25908760,4,4,12,4,4,4,0,20,20,20260807,5,1,1,1,0,0,0,6218,0.259083,1,0.0015,0
617,6016.62,10,0,2.19963,8.23171,0,0,0,10.4313,361,361,0,1,2.94392,2.94392,1830,367,0,1235,0,0,0,0,0,1339,1785.99,0.953667,29.338,168732,12,29433,486,465155,48,117732,1944,32,4,644756,1319142,20632192,5276568,25908760,4,4,12,4,4,4,0,20,20,20260807,5,1,1,1,0,0,0,6219,0.259125,1,0.0015,1
618,6022.88,6,0,2.17075,3.99575,0,0,0,6.1665,361,361,0,1,2.94392,2.94392,1830,367,0,1235,0,0,0,0,0,1339,1785.99,0.953667,29.338,168732,12,29433,486,465155,48,117732,1944,32,4,644756,1319142,20632192,5276568,25908760,4,4,12,4,4,4,0,20,20,20260807,5,1,1,1,0,0,0,6219,0.259125,1,0.0015,0
619,6033.34,11,0,2.06333,8.31967,0,0,0,10.383,361,361,0,1,2.94392,2.94392,1830,367,0,1235,0,0,0,0,0,1339,1785.99,0.953667,29.338,168732,12,29433,486,465155,48,117732,1944,32,4,644756,1319142,20632192,5276568,25908760,4,4,12,4,4,4,0,20,20,20260807,5,1,1,1,0,0,0,6219,0.259125,1,0.0015,0
620,6039.29,6,0,2.21088,3.65542,0,0,0,5.86629,361,361,0,1,2.94392,2.94392,1830,367,0,1235,0,0,0,0,0,1339,1785.99,0.953667,29.338,168732,12,29433,486,465155,48,117732,1944,32,4,644756,1319142,20632192,5276568,25908760,4,4,12,4,4,4,0,20,20,20260807,5,1,1,1,0,0,0,6219,0.259125,1,0.0015,0
621,6050.08,11,0,2.37438,8.33054,0,0,0,10.7049,361,361,0,1,2.94392,2.94392,1830,367,0,1235,0,0,0,0,0,1339,1785.99,0.953667,29.338,168732,12,29433,486,465155,48,117732,1944,32,4,644756,1319142,20632192,5276568,25908760,4,4,12,4,4,4,0,20,20,20260807,5,1,1,1,0,0,0,6219,0.259125,1,0.0015,0
622,6056.95,6,0,2.16604,4.62625,0,0,0,6.79229,361,361,0,1,2.94392,2.94392,1830,367,0,1235,0,0,0,0,0,1339,1785.99,0.953667,29.338,168732,12,29433,486,465155,48,117732,1944,32,4,644756,1319142,20632192,5276568,25908760,4,4,12,4,4,4,0,20,20,20260807,5,1,1,1,0,0,0,6219,0.259125,1,0.0015,0
623,6066.36,10,0,2.32017,6.99767,0,0,0,9.31783,361,361,0,1,2.94392,2.94392,1830,367,0,1235,0,0,0,0,0,1339,1785.99,0.953667,29.338,168732,12,29433,486,465155,48,117732,1944,32,4,644756,1319142,20632192,5276568,25908760,4,4,12,4,4,4,0,20,20,20260807,5,1,1,1,0,0,0,6220,0.259167,1,0.0015,1
624,6072.53,6,0,2.10221,3.99521,0,0,0,6.09742,361,361,0,1,2.94392,2.94392,1830,367,0,1235,0,0,0,0,0,1339,1785.99,0.953667,29.338,168732,12,29433,486,465155,48,117732,1944,32,4,644756,1319142,20632192,5276568,25908760,4,4,12,4,4,4,0,20,20,20260807,5,1,1,1,0,0,0,6220,0.259167,1,0.0015,0
625,6083.28,11,0,2.10525,4.63921,0,0,0,6.74446,361,361,0,1,2.94392,2.94392,1830,367,0,1235,0,0,0,0,0,1339,1785.99,0.953667,29.338,168732,12,29433,486,465155,48,117732,1944,32,4,644756,1319142,20632192,5276568,25908760,4,4,12,4,4,4,0,20,20,20260807,5,1,1,1,0,0,0,6220,0.259167,1,0.0015,0
626,6091.91,8,0,2.16408,6.38863,0,0,0,8.55271,361,361,0,1,2.94392,2.94392,1830,367,0,1235,0,0,0,0,0,1339,1785.99,0.953667,29.338,168732,12,29433,486,465155,48,117732,1944,32,4,644756,1319142,20632192,5276568,25908760,4,4,12,4,4,4,0,20,20,20260807,5,1,1,1,0,0,0,6220,0.259167,1,0.0015,0
627,6100.07,8,0,2.14917,5.89358,0,0,0,8.04275,361,361,0,1,2.94392,2.94392,1830,367,0,1235,0,0,0,0,0,1339,1785.99,0.953667,29.338,168732,12,29433,486,465155,48,117732,1944,32,4,644756,1319142,20632192,5276568,25908760,4,4,12,4,4,4,0,20,20,20260807,5,1,1,1,0,0,0,6220,0.259167,1,0.0015,0
628,6106.44,7,0,2.16496,4.09446,0,0,0,6.25942,361,361,0,1,2.94392,2.94392,1830,367,0,1235,0,0,0,0,0,1339,1785.99,0.953667,29.338,168732,12,29433,486,465155,48,117732,1944,32,4,644756,1319142,20632192,5276568,25908760,4,4,12,4,4,4,0,20,20,20260807,5,1,1,1,0,0,0,6220,0.259167,1,0.0015,0
629,6116.62,10,0,2.08875,8.00617,0,0,0,10.0949,361,361,0,1,2.94392,2.94392,1830,367,0,1235,0,0,0,0,0,1339,1785.99,0.953667,29.338,168732,12,29433,486,465155,48,117732,1944,32,4,644756,1319142,20632192,5276568,25908760,4,4,12,4,4,4,0,20,20,20260807,5,1,1,1,0,0,0,6221,0.259208,1,0.0015,1
630,6123.1,7,0,2.06025,4.34842,0,0,0,6.40867,361,361,0,1,2.94392,2.94392,1830,367,0,1235,0,0,0,0,0,1339,1785.99,0.953667,29.338,168732,12,29433,486,465155,48,117732,1944,32,4,644756,1319142,20632192,5276568,25908760,4,4,12,4,4,4,0,20,20,20260807,5,1,1,1,0,0,0,6221,0.259208,1,0.0015,0
631,6133.27,10,0,2.10637,7.97929,0,0,0,10.0857,361,361,0,1,2.94392,2.94392,1830,367,0,1235,0,0,0,0,0,1339,1785.99,0.953667,29.338,168732,12,29433,486,465155,48,117732,1944,32,4,644756,1319142,20632192,5276568,25908760,4,4,12,4,4,4,0,20,20,20260807,5,1,1,1,0,0,0,6221,0.259208,1,0.0015,0
632,6143.07,10,0,2.19296,7.51417,0,0,0,9.70712,361,361,0,1,2.94392,2.94392,1830,367,0,1235,0,0,0,0,0,1339,1785.99,0.953667,29.338,168732,12,29433,486,465155,48,117732,1944,32,4,644756,1319142,20632192,5276568,25908760,4,4,12,4,4,4,0,20,20,20260807,5,1,1,1,0,0,0,6221,0.259208,1,0.0015,0
633,6149.94,6,0,2.07925,4.71304,0,0,0,6.79229,361,361,0,1,2.94392,2.94392,1830,367,0,1235,0,0,0,0,0,1339,1785.99,0.953667,29.338,168732,12,29433,486,465155,48,117732,1944,32,4,644756,1319142,20632192,5276568,25908760,4,4,12,4,4,4,0,20,20,20260807,5,1,1,1,0,0,0,6221,0.259208,1,0.0015,0
634,6156.38,7,0,2.23813,4.12079,0,0,0,6.35892,361,361,0,1,2.94392,2.94392,1830,367,0,1235,0,0,0,0,0,1339,1785.99,0.953667,29.338,168732,12,29433,486,465155,48,117732,1944,32,4,644756,1319142,20632192,5276568,25908760,4,4,12,4,4,4,0,20,20,20260807,5,1,1,1,0,0,0,6221,0.259208,1,0.0015,0
635,6166.51,10,0,2.13258,7.92004,0,0,0,10.0526,361,361,0,1,2.94392,2.94392,1830,367,0,1235,0,0,0,0,0,1339,1785.99,0.953667,29.338,168732,12,29433,486,465155,48,117732,1944,32,4,644756,1319142,20632192,5276568,25908760,4,4,12,4,4,4,0,20,20,20260807,5,1,1,1,0,0,0,6222,0.25925,1,0.0015,1
636,6175.56,9,0,2.21496,6.75242,0,0,0,8.96738,361,361,0,1,2.94392,2.94392,1830,367,0,1235,0,0,0,0,0,1339,1785.99,0.953667,29.338,168732,12,29433,486,465155,48,117732,1944,32,4,644756,1319142,20632192,5276568,25908760,4,4,12,4,4,4,0,20,20,20260807,5,1,1,1,0,0,0,6222,0.25925,1,0.0015,0
637,6183.14,8,0,2.0445,5.45421,0,0,0,7.49871,361,361,0,1,2.94392,2.94392,1830,367,0,1235,0,0,0,0,0,1339,1785.99,0.953667,29.338,168732,12,29433,486,465155,48,117732,1944,32,4,644756,1319142,20632192,5276568,25908760,4,4,12,4,4,4,0,20,20,20260807,5,1,1,1,0,0,0,6222,0.25925,1,0.0015,0
638,6189.38,6,0,2.23275,3.92437,0,0,0,6.15712,361,361,0,1,2.94392,2.94392,1830,367,0,1235,0,0,0,0,0,1339,1785.99,0.953667,29.338,168732,12,29433,486,465155,48,117732,1944,32,4,644756,1319142,20632192,5276568,25908760,4,4,12,4,4,4,0,20,20,20260807,5,1,1,1,0,0,0,6222,0.25925,1,0.0015,0
639,6199.82,10,0,2.2005,8.15904,0,0,0,10.3595,361,361,0,1,2.94392,2.94392,1830,367,0,1235,0,0,0,0,0,1339,1785.99,0.953667,29.338,168732,12,29433,486,465155,48,117732,1944,32,4,644756,1319142,20632192,5276568,25908760,4,4,12,4,4,4,0,20,20,20260807,5,1,1,1,0,0,0,6222,0.25925,1,0.0015,0
640,6206.13,7,0,2.09879,4.12492,0,0,0,6.22371,361,361,0,1,2.94392,2.94392,1830,367,0,1235,0,0,0,0,0,1339,1785.99,0.953667,29.338,168732,12,29433,486,465155,48,117732,1944,32,4,644756,1319142,20632192,5276568,25908760,4,4,12,4,4,4,0,20,20,20260807,5,1,1,1,0,0,0,6222,0.25925,1,0.0015,0
641,6216.45,10,0,2.16492,8.07283,0,0,0,10.2378,361,361,0,1,2.94392,2.94392,1830,367,0,1235,0,0,0,0,0,1339,1785.99,0.953667,29.338,168732,12,29433,486,465155,48,117732,1944,32,4,644756,1319142,20632192,5276568,25908760,4,4,12,4,4,4,0,20,20,20260807,5,1,1,1,0,0,0,6223,0.259292,1,0.0015,1
642,6223.42,6,0,2.21596,4.64775,0,0,0,6.86371,361,361,0,1,2.94392,2.94392,1830,367,0,1235,0,0,0,0,0,1339,1785.99,0.953667,29.338,168732,12,29433,486,465155,48,117732,1944,32,4,644756,1319142,20632192,5276568,25908760,4,4,12,4,4,4,0,20,20,20260807,5,1,1,1,0,0,0,6223,0.259292,1,0.0015,0
643,6233.14,10,0,1.99354,7.63967,0,0,0,9.63321,361,361,0,1,2.94392,2.94392,1830,367,0,1235,0,0,0,0,0,1339,1785.99,0.953667,29.338,168732,12,29433,486,465155,48,117732,1944,32,4,644756,1319142,20632192,5276568,25908760,4,4,12,4,4,4,0,20,20,20260807,5,1,1,1,0,0,0,6223,0.259292,1,0.0015,0
644,6239.43,6,0,2.20167,4.01683,0,0,0,6.2185,361,361,0,1,2.94392,2.94392,1830,367,0,1235,0,0,0,0,0,1339,1785.99,0.953667,29.338,168732,12,29433,486,465155,48,117732,1944,32,4,644756,1319142,20632192,5276568,25908760,4,4,12,4,4,4,0,20,20,20260807,5,1,1,1,0,0,0,6223,0.259292,1,0.0015,0
645,6249.88,10,0,2.09796,8.26629,0,0,0,10.3643,361,361,0,1,2.94392,2.94392,1830,367,0,1235,0,0,0,0,0,1339,1785.99,0.953667,29.338,168732,12,29433,486,465155,48,117732,1944,32,4,644756,1319142,20632192,5276568,25908760,4,4,12,4,4,4,0,20,20,20260807,5,1,1,1,0,0,0,6223,0.259292,1,0.0015,0
646,6257.37,8,0,2.171,5.246,0,0,0,7.417,361,361,0,1,2.94392,2.94392,1830,367,0,1235,0,0,0,0,0,1339,1785.99,0.953667,29.338,168732,12,29433,486,465155,48,117732,1944,32,4,644756,1319142,20632192,5276568,25908760,4,4,12,4,4,4,0,20,20,20260807,5,1,1,1,0,0,0,6223,0.259292,1,0.0015,0
647,6266.57,9,0,2.09042,7.00563,0,0,0,9.09604,361,361,0,1,2.94392,2.94392,1830,367,0,1235,0,0,0,0,0,1339,1785.99,0.953667,29.338,168732,12,29433,486,465155,48,117732,1944,32,4,644756,1319142,20632192,5276568,25908760,4,4,12,4,4,4,0,20,20,20260807,5,1,1,1,0,0,0,6224,0.259333,1,0.0015,1
648,6275.79,9,0,2.17563,6.96575,0,0,0,9.14138,361,361,0,1,2.94392,2.94392,1830,367,0,1235,0,0,0,0,0,1339,1785.99,0.953667,29.338,168732,12,29433,486,465155,48,117732,1944,32,4,644756,1319142,20632192,5276568,25908760,4,4,12,4,4,4,0,20,20,20260807,5,1,1,1,0,0,0,6224,0.259333,1,0.0015,0
649,6283.14,8,0,2.10613,5.15696,0,0,0,7.26308,361,361,0,1,2.94392,2.94392,1830,367,0,1235,0,0,0,0,0,1339,1785.99,0.953667,29.338,168732,12,29433,486,465155,48,117732,1944,32,4,644756,1319142,20632192,5276568,25908760,4,4,12,4,4,4,0,20,20,20260807,5,1,1,1,0,0,0,6224,0.259333,1,0.0015,0
650,6289.24,6,0,2.17671,3.839,0,0,0,6.01571,361,361,0,1,2.94392,2.94392,1830,367,0,1235,0,0,0,0,0,1339,1785.99,0.953667,29.338,168732,12,29433,486,465155,48,117732,1944,32,4,644756,1319142,20632192,5276568,25908760,4,4,12,4,4,4,0,20,20,20260807,5,1,1,1,0,0,0,6224,0.259333,1,0.0015,0
651,6300.21,11,0,2.08796,7.35479,0,0,0,9.44275,361,361,0,1,2.94392,2.94392,1830,367,0,1235,0,0,0,0,0,1339,1785.99,0.953667,29.338,168732,12,29433,486,465155,48,117732,1944,32,4,644756,1319142,20632192,5276568,25908760,4,4,12,4,4,4,0,20,20,20260807,5,1,1,1,0,0,0,6224,0.259333,1,0.0015,0
652,6305.88,5,0,2.27579,3.30908,0,0,0,5.58488,361,361,0,1,2.94392,2.94392,1830,367,0,1235,0,0,0,0,0,1339,1785.99,0.953667,29.338,168732,12,29433,486,465155,48,117732,1944,32,4,644756,1319142,20632192,5276568,25908760,4,4,12,4,4,4,0,20,20,20260807,5,1,1,1,0,0,0,6224,0.259333,1,0.0015,0
653,6316.52,11,0,2.14671,8.41858,0,0,0,10.5653,361,361,0,1,2.94392,2.94392,1830,367,0,1235,0,0,0,0,0,1339,1785.99,0.953667,29.338,168732,12,29433,486,465155,48,117732,1944,32,4,644756,1319142,20632192,5276568,25908760,4,4,12,4,4,4,0,20,20,20260807,5,1,1,1,0,0,0,6225,0.259375,1,0.0015,1
654,6322.78,6,0,2.19842,3.97696,0,0,0,6.17537,361,361,0,1,2.94392,2.94392,1830,367,0,1235,0,0,0,0,0,1339,1785.99,0.953667,29.338,168732,12,29433,486,465155,48,117732,1944,32,4,644756,1319142,20632192,5276568,25908760,4,4,12,4,4,4,0,20,20,20260807,5,1,1,1,0,0,0,6225,0.259375,1,0.0015,0
655,6333.17,11,0,2.14475,8.16096,0,0,0,10.3057,361,361,0,1,2.94392,2.94392,1830,367,0,1235,0,0,0,0,0,1339,1785.99,0.953667,29.338,168732,12,29433,486,465155,48,117732,1944,32,4,644756,1319142,20632192,5276568,25908760,4,4,12,4,4,4,0,20,20,20260807,5,1,1,1,0,0,0,6225,0.259375,1,0.0015,0
656,6339.32,6,0,2.25838,3.77504,0,0,0,6.03342,361,361,0,1,2.94392,2.94392,1830,367,0,1235,0,0,0,0,0,1339,1785.99,0.953667,29.338,168732,12,29433,486,465155,48,117732,1944,32,4,644756,1319142,20632192,5276568,25908760,4,4,12,4,4,4,0,20,20,20260807,5,1,1,1,0,0,0,6225,0.259375,1,0.0015,0
657,6349.99,10,0,2.12296,8.45896,0,0,0,10.5819,361,361,0,1,2.94392,2.94392,1830,367,0,1235,0,0,0,0,0,1339,1785.99,0.953667,29.338,168732,12,29433,486,465155,48,117732,1944,32,4,644756,1319142,20632192,5276568,25908760,4,4,12,4,4,4,0,20,20,20260807,5,1,1,1,0,0,0,6225,0.259375,1,0.0015,0
658,6356.16,7,0,2.2215,3.86317,0,0,0,6.08467,361,361,0,1,2.94392,2.94392,1830,367,0,1235,0,0,0,0,0,1339,1785.99,0.953667,29.338,168732,12,29433,486,465155,48,117732,1944,32,4,644756,1319142,20632192,5276568,25908760,4,4,12,4,4,4,0,20,20,20260807,5,1,1,1,0,0,0,6225,0.259375,1,0.0015,0
659,6366.56,10,0,2.18146,8.15221,0,0,0,10.3337,361,361,0,1,2.94392,2.94392,1830,367,0,1235,0,0,0,0,0,1339,1785.99,0.953667,29.338,168732,12,29433,486,465155,48,117732,1944,32,4,644756,1319142,20632192,5276568,25908760,4,4,12,4,4,4,0,20,20,20260807,5,1,1,1,0,0,0,6226,0.259417,1,0.0015,1
660,6372.17,6,0,2.33117,3.19083,0,0,0,5.522,361,361,0,1,2.94392,2.94392,1830,367,0,1235,0,0,0,0,0,1339,1785.99,0.953667,29.338,168732,12,29433,486,465155,48,117732,1944,32,4,644756,1319142,20632192,5276568,25908760,4,4,12,4,4,4,0,20,20,20260807,5,1,1,1,0,0,0,6226,0.259417,1,0.0015,0
661,6383.16,11,0,3.21396,7.68617,0,0,0,10.9001,361,361,0,1,2.94392,2.94392,1830,367,0,1235,0,0,0,0,0,1339,1785.99,0.953667,29.338,168732,12,29433,486,465155,48,117732,1944,32,4,644756,1319142,20632192,5276568,25908760,4,4,12,4,4,4,0,20,20,20260807,5,1,1,1,0,0,0,6226,0.259417,1,0.0015,0
662,6389.67,6,0,2.18225,4.24779,0,0,0,6.43004,361,361,0,1,2.94392,2.94392,1830,367,0,1235,0,0,0,0,0,1339,1785.99,0.953667,29.338,168732,12,29433,486,465155,48,117732,1944,32,4,644756,1319142,20632192,5276568,25908760,4,4,12,4,4,4,0,20,20,20260807,5,1,1,1,0,0,0,6226,0.259417,1,0.0015,0
663,6400.57,11,0,2.06937,8.74671,0,0,0,10.8161,361,361,0,1,2.94392,2.94392,1830,367,0,1235,0,0,0,0,0,1339,1785.99,0.953667,29.338,168732,12,29433,486,465155,48,117732,1944,32,4,644756,1319142,20632192,5276568,25908760,4,4,12,4,4,4,0,20,20,20260807,5,1,1,1,0,0,0,6226,0.259417,1,0.0015,0
664,6407.08,7,0,2.28779,4.13692,0,0,0,6.42471,361,361,0,1,2.94392,2.94392,1830,367,0,1235,0,0,0,0,0,1339,1785.99,0.953667,29.338,168732,12,29433,486,465155,48,117732,1944,32,4,644756,1319142,20632192,5276568,25908760,4,4,12,4,4,4,0,20,20,20260807,5,1,1,1,0,0,0,6226,0.259417,1,0.0015,0
665,6417.15,10,0,2.19067,7.80013,0,0,0,9.99079,361,361,0,1,2.94392,2.94392,1830,367,0,1235,0,0,0,0,0,1339,1785.99,0.953667,29.338,168732,12,29433,486,465155,48,117732,1944,32,4,644756,1319142,20632192,5276568,25908760,4,4,12,4,4,4,0,20,20,20260807,5,1,1,1,0,0,0,6227,0.259458,1,0.0015,1
666,6423.45,6,0,2.17354,4.05067,0,0,0,6.22421,361,361,0,1,2.94392,2.94392,1830,367,0,1235,0,0,0,0,0,1339,1785.99,0.953667,29.338,168732,12,29433,486,465155,48,117732,1944,32,4,644756,1319142,20632192,5276568,25908760,4,4,12,4,4,4,0,20,20,20260807,5,1,1,1,0,0,0,6227,0.259458,1,0.0015,0
667,6433.77,10,0,2.14542,8.09108,0,0,0,10.2365,361,361,0,1,2.94392,2.94392,1830,367,0,1235,0,0,0,0,0,1339,1785.99,0.953667,29.338,168732,12,29433,486,465155,48,117732,1944,32,4,644756,1319142,20632192,5276568,25908760,4,4,12,4,4,4,0,20,20,20260807,5,1,1,1,0,0,0,6227,0.259458,1,0.0015,0
668,6443.08,10,0,2.06296,7.16333,0,0,0,9.22629,361,361,0,1,2.94392,2.94392,1830,367,0,1235,0,0,0,0,0,1339,1785.99,0.953667,29.338,168732,12,29433,486,465155,48,117732,1944,32,4,644756,1319142,20632192,5276568,25908760,4,4,12,4,4,4,0,20,20,20260807,5,1,1,1,0,0,0,6227,0.259458,1,0.0015,0
669,6449.83,6,0,2.13154,4.53379,0,0,0,6.66533,361,361,0,1,2.94392,2.94392,1830,367,0,1235,0,0,0,0,0,1339,1785.99,0.953667,29.338,168732,12,29433,486,465155,48,117732,1944,32,4,644756,1319142,20632192,5276568,25908760,4,4,12,4,4,4,0,20,20,20260807,5,1,1,1,0,0,0,6227,0.259458,1,0.0015,0
670,6455.96,6,0,2.16683,3.8815,0,0,0,6.04833,361,361,0,1,2.94392,2.94392,1830,367,0,1235,0,0,0,0,0,1339,1785.99,0.953667,29.338,168732,12,29433,486,465155,48,117732,1944,32,4,644756,1319142,20632192,5276568,25908760,4,4,12,4,4,4,0,20,20,20260807,5,1,1,1,0,0,0,6227,0.259458,1,0.0015,0
671,6466.67,11,0,2.23667,8.25725,0,0,0,10.4939,361,361,0,1,2.94392,2.94392,1830,367,0,1235,0,0,0,0,0,1339,1785.99,0.953667,29.338,168732,12,29433,486,465155,48,117732,1944,32,4,644756,1319142,20632192,5276568,25908760,4,4,12,4,4,4,0,20,20,20260807,5,1,1,1,0,0,0,6228,0.2595,1,0.0015,1
672,6475.42,9,0,2.25171,6.41338,0,0,0,8.66508,361,361,0,1,2.94392,2.94392,1830,367,0,1235,0,0,0,0,0,1339,1785.99,0.953667,29.338,168732,12,29433,486,465155,48,117732,1944,32,4,644756,1319142,20632192,5276568,25908760,4,4,12,4,4,4,0,20,20,20260807,5,1,1,1,0,0,0,6228,0.2595,1,0.0015,0
673,6483.47,8,0,2.10038,5.8625,0,0,0,7.96288,361,361,0,1,2.94392,2.94392,1830,367,0,1235,0,0,0,0,0,1339,1785.99,0.953667,29.338,168732,12,29433,486,465155,48,117732,1944,32,4,644756,1319142,20632192,5276568,25908760,4,4,12,4,4,4,0,20,20,20260807,5,1,1,1,0,0,0,6228,0.2595,1,0.0015,0
674,6489.29,6,0,2.23321,3.50175,0,0,0,5.73496,361,361,0,1,2.94392,2.94392,1830,367,0,1235,0,0,0,0,0,1339,1785.99,0.953667,29.338,168732,12,29433,486,465155,48,117732,1944,32,4,644756,1319142,20632192,5276568,25908760,4,4,12,4,4,4,0,20,20,20260807,5,1,1,1,0,0,0,6228,0.2595,1,0.0015,0
675,6499.92,10,0,2.14183,8.41887,0,0,0,10.5607,361,361,0,1,2.94392,2.94392,1830,367,0,1235,0,0,0,0,0,1339,1785.99,0.953667,29.338,168732,12,29433,486,465155,48,117732,1944,32,4,644756,1319142,20632192,5276568,25908760,4,4,12,4,4,4,0,20,20,20260807,5,1,1,1,0,0,0,6228,0.2595,1,0.0015,0
676,6505.92,6,0,2.20442,3.70358,0,0,0,5.908,361,361,0,1,2.94392,2.94392,1830,367,0,1235,0,0,0,0,0,1339,1785.99,0.953667,29.338,168732,12,29433,486,465155,48,117732,1944,32,4,644756,1319142,20632192,5276568,25908760,4,4,12,4,4,4,0,20,20,20260807,5,1,1,1,0,0,0,6228,0.2595,1,0.0015,0
677,6517.24,12,0,2.14233,5.86004,0,0,0,8.00238,361,361,0,1,2.94392,2.94392,1830,367,0,1235,0,0,0,0,0,1339,1785.99,0.953667,29.338,168732,12,29433,486,465155,48,117732,1944,32,4,644756,1319142,20632192,5276568,25908760,4,4,12,4,4,4,0,20,20,20260807,5,1,1,1,0,0,0,6229,0.259542,1,0.0015,1
678,6523.02,5,0,2.14138,3.55646,0,0,0,5.69783,361,361,0,1,2.94392,2.94392,1830,367,0,1235,0,0,0,0,0,1339,1785.99,0.953667,29.338,168732,12,29433,486,465155,48,117732,1944,32,4,644756,1319142,20632192,5276568,25908760,4,4,12,4,4,4,0,20,20,20260807,5,1,1,1,0,0,0,6229,0.259542,1,0.0015,0
679,6533.19,11,0,2.10867,7.98787,0,0,0,10.0965,361,361,0,1,2.94392,2.94392,1830,367,0,1235,0,0,0,0,0,1339,1785.99,0.953667,29.338,168732,12,29433,486,465155,48,117732,1944,32,4,644756,1319142,20632192,5276568,25908760,4,4,12,4,4,4,0,20,20,20260807,5,1,1,1,0,0,0,6229,0.259542,1,0.0015,0
680,6540.51,7,0,2.20846,5.03,0,0,0,7.23846,361,361,0,1,2.94392,2.94392,1830,367,0,1235,0,0,0,0,0,1339,1785.99,0.953667,29.338,168732,12,29433,486,465155,48,117732,1944,32,4,644756,1319142,20632192,5276568,25908760,4,4,12,4,4,4,0,20,20,20260807,5,1,1,1,0,0,0,6229,0.259542,1,0.0015,0
681,6550.49,10,0,2.15017,7.74375,0,0,0,9.89392,361,361,0,1,2.94392,2.94392,1830,367,0,1235,0,0,0,0,0,1339,1785.99,0.953667,29.338,168732,12,29433,486,465155,48,117732,1944,32,4,644756,1319142,20632192,5276568,25908760,4,4,12,4,4,4,0,20,20,20260807,5,1,1,1,0,0,0,6229,0.259542,1,0.0015,0
682,6556.14,6,0,2.221,3.35217,0,0,0,5.57317,361,361,0,1,2.94392,2.94392,1830,367,0,1235,0,0,0,0,0,1339,1785.99,0.953667,29.338,168732,12,29433,486,465155,48,117732,1944,32,4,644756,1319142,20632192,5276568,25908760,4,4,12,4,4,4,0,20,20,20260807,5,1,1,1,0,0,0,6229,0.259542,1,0.0015,0
683,6566.62,10,0,2.16342,8.17517,0,0,0,10.3386,361,361,0,1,2.94392,2.94392,1830,367,0,1235,0,0,0,0,0,1339,1785.99,0.953667,29.338,168732,12,29433,486,465155,48,117732,1944,32,4,644756,1319142,20632192,5276568,25908760,4,4,12,4,4,4,0,20,20,20260807,5,1,1,1,0,0,0,6230,0.259583,1,0.0015,1
684,6573.09,7,0,2.24162,4.16554,0,0,0,6.40717,361,361,0,1,2.94392,2.94392,1830,367,0,1235,0,0,0,0,0,1339,1785.99,0.953667,29.338,168732,12,29433,486,465155,48,117732,1944,32,4,644756,1319142,20632192,5276568,25908760,4,4,12,4,4,4,0,20,20,20260807,5,1,1,1,0,0,0,6230,0.259583,1,0.0015,0
685,6583.36,10,0,2.13,8.01938,0,0,0,10.1494,361,361,0,1,2.94392,2.94392,1830,367,0,1235,0,0,0,0,0,1339,1785.99,0.953667,29.338,168732,12,29433,486,465155,48,117732,1944,32,4,644756,1319142,20632192,5276568,25908760,4,4,12,4,4,4,0,20,20,20260807,5,1,1,1,0,0,0,6230,0.259583,1,0.0015,0
686,6589.95,6,0,2.23354,4.28029,0,0,0,6.51383,361,361,0,1,2.94392,2.94392,1830,367,0,1235,0,0,0,0,0,1339,1785.99,0.953667,29.338,168732,12,29433,486,465155,48,117732,1944,32,4,644756,1319142,20632192,5276568,25908760,4,4,12,4,4,4,0,20,20,20260807,5,1,1,1,0,0,0,6230,0.259583,1,0.0015,0
687,6600.01,10,0,2.11558,7.85938,0,0,0,9.97496,361,361,0,1,2.94392,2.94392,1830,367,0,1235,0,0,0,0,0,1339,1785.99,0.953667,29.338,168732,12,29433,486,465155,48,117732,1944,32,4,644756,1319142,20632192,5276568,25908760,4,4,12,4,4,4,0,20,20,20260807,5,1,1,1,0,0,0,6230,0.259583,1,0.0015,0
688,6606.16,7,0,2.24242,3.82996,0,0,0,6.07238,361,361,0,1,2.94392,2.94392,1830,367,0,1235,0,0,0,0,0,1339,1785.99,0.953667,29.338,168732,12,29433,486,465155,48,117732,1944,32,4,644756,1319142,20632192,5276568,25908760,4,4,12,4,4,4,0,20,20,20260807,5,1,1,1,0,0,0,6230,0.259583,1,0.0015,0
689,6616.65,10,0,2.17179,8.24,0,0,0,10.4118,361,361,0,1,2.94392,2.94392,1830,367,0,1235,0,0,0,0,0,1339,1785.99,0.953667,29.338,168732,12,29433,486,465155,48,117732,1944,32,4,644756,1319142,20632192,5276568,25908760,4,4,12,4,4,4,0,20,20,20260807,5,1,1,1,0,0,0,6231,0.259625,1,0.0015,1
690,6622.24,6,0,2.25592,3.243,0,0,0,5.49892,361,361,0,1,2.94392,2.94392,1830,367,0,1235,0,0,0,0,0,1339,1785.99,0.953667,29.338,168732,12,29433,486,465155,48,117732,1944,32,4,644756,1319142,20632192,5276568,25908760,4,4,12,4,4,4,0,20,20,20260807,5,1,1,1,0,0,0,6231,0.259625,1,0.0015,0
691,6634.83,12,0,2.17117,10.3491,0,0,0,12.5203,361,361,0,1,2.94392,2.94392,1830,367,0,1235,0,0,0,0,0,1339,1785.99,0.953667,29.338,168732,12,29433,486,465155,48,117732,1944,32,4,644756,1319142,20632192,5276568,25908760,4,4,12,4,4,4,0,20,20,20260807,5,1,1,1,0,0,0,6231,0.259625,1,0.0015,0
692,6640.92,6,0,2.25246,3.75183,0,0,0,6.00429,361,361,0,1,2.94392,2.94392,1830,367,0,1235,0,0,0,0,0,1339,1785.99,0.953667,29.338,168732,12,29433,486,465155,48,117732,1944,32,4,644756,1319142,20632192,5276568,25908760,4,4,12,4,4,4,0,20,20,20260807,5,1,1,1,0,0,0,6231,0.259625,1,0.0015,0
693,6650.83,10,0,2.16683,7.66862,0,0,0,9.83546,361,361,0,1,2.94392,2.94392,1830,367,0,1235,0,0,0,0,0,1339,1785.99,0.953667,29.338,168732,12,29433,486,465155,48,117732,1944,32,4,644756,1319142,20632192,5276568,25908760,4,4,12,4,4,4,0,20,20,20260807,5,1,1,1,0,0,0,6231,0.259625,1,0.0015,0
694,6656.39,6,0,2.42654,3.04329,0,0,0,5.46983,361,361,0,1,2.94392,2.94392,1830,367,0,1235,0,0,0,0,0,1339,1785.99,0.953667,29.338,168732,12,29433,486,465155,48,117732,1944,32,4,644756,1319142,20632192,5276568,25908760,4,4,12,4,4,4,0,20,20,20260807,5,1,1,1,0,0,0,6231,0.259625,1,0.0015,0
695,6666.83,11,0,2.23033,8.14167,0,0,0,10.372,361,361,0,1,2.94392,2.94392,1830,367,0,1235,0,0,0,0,0,1339,1785.99,0.953667,29.338,168732,12,29433,486,465155,48,117732,1944,32,4,644756,1319142,20632192,5276568,25908760,4,4,12,4,4,4,0,20,20,20260807,5,1,1,1,0,0,0,6232,0.259667,1,0.0015,1
696,6673.34,7,0,2.95792,3.46942,0,0,0,6.42733,361,361,0,1,2.94392,2.94392,1830,367,0,1235,0,0,0,0,0,1339,1785.99,0.953667,29.338,168732,12,29433,486,465155,48,117732,1944,32,4,644756,1319142,20632192,5276568,25908760,4,4,12,4,4,4,0,20,20,20260807,5,1,1,1,0,0,0,6232,0.259667,1,0.0015,0
697,6690.52,17,0,2.23896,14.8622,0,0,0,17.1011,361,361,0,1,2.94392,2.94392,1830,367,0,1235,0,0,0,0,0,1339,1785.99,0.953667,29.338,168732,12,29433,486,465155,48,117732,1944,32,4,644756,1319142,20632192,5276568,25908760,4,4,12,4,4,4,0,20,20,20260807,5,1,1,1,0,0,0,6232,0.259667,1,0.0015,0
698,6701.26,11,0,2.125,8.52604,0,0,0,10.651,361,361,0,1,2.94392,2.94392,1830,367,0,1235,0,0,0,0,0,1339,1785.99,0.953667,29.338,168732,12,29433,486,465155,48,117732,1944,32,4,644756,1319142,20632192,5276568,25908760,4,4,12,4,4,4,0,20,20,20260807,5,1,1,1,0,0,0,6232,0.259667,1,0.0015,0
699,6707.61,6,0,2.67137,3.54375,0,0,0,6.21512,361,361,0,1,2.94392,2.94392,1830,367,0,1235,0,0,0,0,0,1339,1785.99,0.953667,29.338,168732,12,29433,486,465155,48,117732,1944,32,4,644756,1319142,20632192,5276568,25908760,4,4,12,4,4,4,0,20,20,20260807,5,1,1,1,0,0,0,6233,0.259708,1,0.0015,1
700,6719.04,11,0,2.437,8.88096,0,0,0,11.318,361,361,0,1,2.94392,2.94392,1830,367,0,1235,0,0,0,0,0,1339,1785.99,0.953667,29.338,168732,12,29433,486,465155,48,117732,1944,32,4,644756,1319142,20632192,5276568,25908760,4,4,12,4,4,4,0,20,20,20260807,5,1,1,1,0,0,0,6233,0.259708,1,0.0015,0
701,6724.72,6,0,2.34304,3.25129,0,0,0,5.59433,361,361,0,1,2.94392,2.94392,1830,367,0,1235,0,0,0,0,0,1339,1785.99,0.953667,29.338,168732,12,29433,486,465155,48,117732,1944,32,4,644756,1319142,20632192,5276568,25908760,4,4,12,4,4,4,0,20,20,20260807,5,1,1,1,0,0,0,6233,0.259708,1,0.0015,0
702,6733.42,9,0,2.25579,6.37887,0,0,0,8.63467,361,361,0,1,2.94392,2.94392,1830,367,0,1235,0,0,0,0,0,1339,1785.99,0.953667,29.338,168732,12,29433,486,465155,48,117732,1944,32,4,644756,1319142,20632192,5276568,25908760,4,4,12,4,4,4,0,20,20,20260807,5,1,1,1,0,0,0,6233,0.259708,1,0.0015,0
703,6739.6,6,0,2.30583,3.78858,0,0,0,6.09442,361,361,0,1,2.94392,2.94392,1830,367,0,1235,0,0,0,0,0,1339,1785.99,0.953667,29.338,168732,12,29433,486,465155,48,117732,1944,32,4,644756,1319142,20632192,5276568,25908760,4,4,12,4,4,4,0,20,20,20260807,5,1,1,1,0,0,0,6233,0.259708,1,0.0015,0
704,6750.11,11,0,2.77271,7.65496,0,0,0,10.4277,361,361,0,1,2.94392,2.94392,1830,367,0,1235,0,0,0,0,0,1339,1785.99,0.953667,29.338,168732,12,29433,486,465155,48,117732,1944,32,4,644756,1319142,20632192,5276568,25908760,4,4,12,4,4,4,0,20,20,20260807,5,1,1,1,0,0,0,6233,0.259708,1,0.0015,0
705,6756.8,6,0,2.2785,4.20496,0,0,0,6.48346,361,361,0,1,2.94392,2.94392,1830,367,0,1235,0,0,0,0,0,1339,1785.99,0.953667,29.338,168732,12,29433,486,465155,48,117732,1944,32,4,644756,1319142,20632192,5276568,25908760,4,4,12,4,4,4,0,20,20,20260807,5,1,1,1,0,0,0,6233,0.259708,1,0.0015,0
706,6766.57,10,0,2.19904,7.50379,0,0,0,9.70283,361,361,0,1,2.94392,2.94392,1830,367,0,1235,0,0,0,0,0,1339,1785.99,0.953667,29.338,168732,12,29433,486,465155,48,117732,1944,32,4,644756,1319142,20632192,5276568,25908760,4,4,12,4,4,4,0,20,20,20260807,5,1,1,1,0,0,0,6234,0.25975,1,0.0015,1
707,6776.9,10,0,2.18283,8.061,0,0,0,10.2438,361,361,0,1,2.94392,2.94392,1830,367,0,1235,0,0,0,0,0,1339,1785.99,0.953667,29.338,168732,12,29433,486,465155,48,117732,1944,32,4,644756,1319142,20632192,5276568,25908760,4,4,12,4,4,4,0,20,20,20260807,5,1,1,1,0,0,0,6234,0.25975,1,0.0015,0
708,6784.26,8,0,2.89883,4.38646,0,0,0,7.28529,361,361,0,1,2.94392,2.94392,1830,367,0,1235,0,0,0,0,0,1339,1785.99,0.953667,29.338,168732,12,29433,486,465155,48,117732,1944,32,4,644756,1319142,20632192,5276568,25908760,4,4,12,4,4,4,0,20,20,20260807,5,1,1,1,0,0,0,6234,0.25975,1,0.0015,0
709,6790.17,6,0,2.21308,3.61837,0,0,0,5.83146,361,361,0,1,2.94392,2.94392,1830,367,0,1235,0,0,0,0,0,1339,1785.99,0.953667,29.338,168732,12,29433,486,465155,48,117732,1944,32,4,644756,1319142,20632192,5276568,25908760,4,4,12,4,4,4,0,20,20,20260807,5,1,1,1,0,0,0,6234,0.25975,1,0.0015,0
710,6800.13,10,0,2.15483,7.71317,0,0,0,9.868,361,361,0,1,2.94392,2.94392,1830,367,0,1235,0,0,0,0,0,1339,1785.99,0.953667,29.338,168732,12,29433,486,465155,48,117732,1944,32,4,644756,1319142,20632192,5276568,25908760,4,4,12,4,4,4,0,20,20,20260807,5,1,1,1,0,0,0,6234,0.25975,1,0.0015,0
711,6806.51,6,0,2.31258,3.99233,0,0,0,6.30492,361,361,0,1,2.94392,2.94392,1830,367,0,1235,0,0,0,0,0,1339,1785.99,0.953667,29.338,168732,12,29433,486,465155,48,117732,1944,32,4,644756,1319142,20632192,5276568,25908760,4,4,12,4,4,4,0,20,20,20260807,5,1,1,1,0,0,0,6234,0.25975,1,0.0015,0
712,6816.72,10,0,2.25425,7.844,0,0,0,10.0983,361,361,0,1,2.94392,2.94392,1830,367,0,1235,0,0,0,0,0,1339,1785.99,0.953667,29.338,168732,12,29433,486,465155,48,117732,1944,32,4,644756,1319142,20632192,5276568,25908760,4,4,12,4,4,4,0,20,20,20260807,5,1,1,1,0,0,0,6235,0.259792,1,0.0015,1
713,6822.83,6,0,2.24708,3.78992,0,0,0,6.037,361,361,0,1,2.94392,2.94392,1830,367,0,1235,0,0,0,0,0,1339,1785.99,0.953667,29.338,168732,12,29433,486,465155,48,117732,1944,32,4,644756,1319142,20632192,5276568,25908760,4,4,12,4,4,4,0,20,20,20260807,5,1,1,1,0,0,0,6235,0.259792,1,0.0015,0
714,6833.76,11,0,2.18596,8.63529,0,0,0,10.8212,361,361,0,1,2.94392,2.94392,1830,367,0,1235,0,0,0,0,0,1339,1785.99,0.953667,29.338,168732,12,29433,486,465155,48,117732,1944,32,4,644756,1319142,20632192,5276568,25908760,4,4,12,4,4,4,0,20,20,20260807,5,1,1,1,0,0,0,6235,0.259792,1,0.0015,0
715,6839.94,6,0,2.2645,3.84008,0,0,0,6.10458,361,361,0,1,2.94392,2.94392,1830,367,0,1235,0,0,0,0,0,1339,1785.99,0.953667,29.338,168732,12,29433,486,465155,48,117732,1944,32,4,644756,1319142,20632192,5276568,25908760,4,4,12,4,4,4,0,20,20,20260807,5,1,1,1,0,0,0,6235,0.259792,1,0.0015,0
716,6849.96,10,0,2.20012,7.73396,0,0,0,9.93408,361,361,0,1,2.94392,2.94392,1830,367,0,1235,0,0,0,0,0,1339,1785.99,0.953667,29.338,168732,12,29433,486,465155,48,117732,1944,32,4,644756,1319142,20632192,5276568,25908760,4,4,12,4,4,4,0,20,20,20260807,5,1,1,1,0,0,0,6235,0.259792,1,0.0015,0
717,6855.83,6,0,2.22529,3.57092,0,0,0,5.79621,361,361,0,1,2.94392,2.94392,1830,367,0,1235,0,0,0,0,0,1339,1785.99,0.953667,29.338,168732,12,29433,486,465155,48,117732,1944,32,4,644756,1319142,20632192,5276568,25908760,4,4,12,4,4,4,0,20,20,20260807,5,1,1,1,0,0,0,6235,0.259792,1,0.0015,0
718,6866.7,11,0,2.12575,8.66221,0,0,0,10.788,361,361,0,1,2.94392,2.94392,1830,367,0,1235,0,0,0,0,0,1339,1785.99,0.953667,29.338,168732,12,29433,486,465155,48,117732,1944,32,4,644756,1319142,20632192,5276568,25908760,4,4,12,4,4,4,0,20,20,20260807,5,1,1,1,0,0,0,6236,0.259833,1,0.0015,1
719,6872.15,6,0,2.18867,3.17354,0,0,0,5.36221,361,361,0,1,2.94392,2.94392,1830,367,0,1235,0,0,0,0,0,1339,1785.99,0.953667,29.338,168732,12,29433,486,465155,48,117732,1944,32,4,644756,1319142,20632192,5276568,25908760,4,4,12,4,4,4,0,20,20,20260807,5,1,1,1,0,0,0,6236,0.259833,1,0.0015,0
720,6883.16,11,0,2.13596,8.79817,0,0,0,10.9341,361,361,0,1,2.94392,2.94392,1830,367,0,1235,0,0,0,0,0,1339,1785.99,0.953667,29.338,168732,12,29433,486,465155,48,117732,1944,32,4,644756,1319142,20632192,5276568,25908760,4,4,12,4,4,4,0,20,20,20260807,5,1,1,1,0,0,0,6236,0.259833,1,0.0015,0
721,6893.54,10,0,2.17117,8.12475,0,0,0,10.2959,361,361,0,1,2.94392,2.94392,1830,367,0,1235,0,0,0,0,0,1339,1785.99,0.953667,29.338,168732,12,29433,486,465155,48,117732,1944,32,4,644756,1319142,20632192,5276568,25908760,4,4,12,4,4,4,0,20,20,20260807,5,1,1,1,0,0,0,6236,0.259833,1,0.0015,0
722,6899.88,6,0,2.25567,4.00633,0,0,0,6.262,361,361,0,1,2.94392,2.94392,1830,367,0,1235,0,0,0,0,0,1339,1785.99,0.953667,29.338,168732,12,29433,486,465155,48,117732,1944,32,4,644756,1319142,20632192,5276568,25908760,4,4,12,4,4,4,0,20,20,20260807,5,1,1,1,0,0,0,6236,0.259833,1,0.0015,0
723,6906.44,7,0,2.24025,4.24367,0,0,0,6.48392,361,361,0,1,2.94392,2.94392,1830,367,0,1235,0,0,0,0,0,1339,1785.99,0.953667,29.338,168732,12,29433,486,465155,48,117732,1944,32,4,644756,1319142,20632192,5276568,25908760,4,4,12,4,4,4,0,20,20,20260807,5,1,1,1,0,0,0,6236,0.259833,1,0.0015,0
724,6916.48,10,0,2.13592,7.82558,0,0,0,9.9615,361,361,0,1,2.94392,2.94392,1830,367,0,1235,0,0,0,0,0,1339,1785.99,0.953667,29.338,168732,12,29433,486,465155,48,117732,1944,32,4,644756,1319142,20632192,5276568,25908760,4,4,12,4,4,4,0,20,20,20260807,5,1,1,1,0,0,0,6237,0.259875,1,0.0015,1
725,6922.72,6,0,2.18633,3.97367,0,0,0,6.16,361,361,0,1,2.94392,2.94392,1830,367,0,1235,0,0,0,0,0,1339,1785.99,0.953667,29.338,168732,12,29433,486,465155,48,117732,1944,32,4,644756,1319142,20632192,5276568,25908760,4,4,12,4,4,4,0,20,20,20260807,5,1,1,1,0,0,0,6237,0.259875,1,0.0015,0
726,6933.42,11,0,2.2055,8.41971,0,0,0,10.6252,361,361,0,1,2.94392,2.94392,1830,367,0,1235,0,0,0,0,0,1339,1785.99,0.953667,29.338,168732,12,29433,486,465155,48,117732,1944,32,4,644756,1319142,20632192,5276568,25908760,4,4,12,4,4,4,0,20,20,20260807,5,1,1,1,0,0,0,6237,0.259875,1,0.0015,0
727,6940.16,7,0,2.14683,4.50775,0,0,0,6.65458,361,361,0,1,2.94392,2.94392,1830,367,0,1235,0,0,0,0,0,1339,1785.99,0.953667,29.338,168732,12,29433,486,465155,48,117732,1944,32,4,644756,1319142,20632192,5276568,25908760,4,4,12,4,4,4,0,20,20,20260807,5,1,1,1,0,0,0,6237,0.259875,1,0.0015,0
728,6950.38,10,0,2.29075,7.81946,0,0,0,10.1102,361,361,0,1,2.94392,2.94392,1830,367,0,1235,0,0,0,0,0,1339,1785.99,0.953667,29.338,168732,12,29433,486,465155,48,117732,1944,32,4,644756,1319142,20632192,5276568,25908760,4,4,12,4,4,4,0,20,20,20260807,5,1,1,1,0,0,0,6237,0.259875,1,0.0015,0
729,6956.34,6,0,2.34096,3.534,0,0,0,5.87496,361,361,0,1,2.94392,2.94392,1830,367,0,1235,0,0,0,0,0,1339,1785.99,0.953667,29.338,168732,12,29433,486,465155,48,117732,1944,32,4,644756,1319142,20632192,5276568,25908760,4,4,12,4,4,4,0,20,20,20260807,5,1,1,1,0,0,0,6237,0.259875,1,0.0015,0
730,6966.53,10,0,2.18879,7.92012,0,0,0,10.1089,361,361,0,1,2.94392,2.94392,1830,367,0,1235,0,0,0,0,0,1339,1785.99,0.953667,29.338,168732,12,29433,486,465155,48,117732,1944,32,4,644756,1319142,20632192,5276568,25908760,4,4,12,4,4,4,0,20,20,20260807,5,1,1,1,0,0,0,6238,0.259917,1,0.0015,1
731,6972.95,6,0,2.36137,3.98558,0,0,0,6.34696,361,361,0,1,2.94392,2.94392,1830,367,0,1235,0,0,0,0,0,1339,1785.99,0.953667,29.338,168732,12,29433,486,465155,48,117732,1944,32,4,644756,1319142,20632192,5276568,25908760,4,4,12,4,4,4,0,20,20,20260807,5,1,1,1,0,0,0,6238,0.259917,1,0.0015,0
732,6983.36,11,0,2.10379,8.22346,0,0,0,10.3272,361,361,0,1,2.94392,2.94392,1830,367,0,1235,0,0,0,0,0,1339,1785.99,0.953667,29.338,168732,12,29433,486,465155,48,117732,1944,32,4,644756,1319142,20632192,5276568,25908760,4,4,12,4,4,4,0,20,20,20260807,5,1,1,1,0,0,0,6238,0.259917,1,0.0015,0
733,6989.21,6,0,2.16583,3.60925,0,0,0,5.77508,361,361,0,1,2.94392,2.94392,1830,367,0,1235,0,0,0,0,0,1339,1785.99,0.953667,29.338,168732,12,29433,486,465155,48,117732,1944,32,4,644756,1319142,20632192,5276568,25908760,4,4,12,4,4,4,0,20,20,20260807,5,1,1,1,0,0,0,6238,0.259917,1,0.0015,0
734,6999.78,10,0,2.09833,8.38225,0,0,0,10.4806,361,361,0,1,2.94392,2.94392,1830,367,0,1235,0,0,0,0,0,1339,1785.99,0.953667,29.338,168732,12,29433,486,465155,48,117732,1944,32,4,644756,1319142,20632192,5276568,25908760,4,4,12,4,4,4,0,20,20,20260807,5,1,1,1,0,0,0,6238,0.259917,1,0.0015,0
735,7006.23,7,0,2.1215,4.25696,0,0,0,6.37846,361,361,0,1,2.94392,2.94392,1830,367,0,1235,0,0,0,0,0,1339,1785.99,0.953667,29.338,168732,12,29433,486,465155,48,117732,1944,32,4,644756,1319142,20632192,5276568,25908760,4,4,12,4,4,4,0,20,20,20260807,5,1,1,1,0,0,0,6238,0.259917,1,0.0015,0
736,7017.03,10,0,2.12742,8.59812,0,0,0,10.7255,361,361,0,1,2.94392,2.94392,1830,367,0,1235,0,0,0,0,0,1339,1785.99,0.953667,29.338,168732,12,29433,486,465155,48,117732,1944,32,4,644756,1319142,20632192,5276568,25908760,4,4,12,4,4,4,0,20,20,20260807,5,1,1,1,0,0,0,6239,0.259958,1,0.0015,1
737,7022.45,6,0,2.111,3.23208,0,0,0,5.34308,361,361,0,1,2.94392,2.94392,1830,367,0,1235,0,0,0,0,0,1339,1785.99,0.953667,29.338,168732,12,29433,486,465155,48,117732,1944,32,4,644756,1319142,20632192,5276568,25908760,4,4,12,4,4,4,0,20,20,20260807,5,1,1,1,0,0,0,6239,0.259958,1,0.0015,0
738,7033.1,11,0,2.30321,8.26525,0,0,0,10.5685,361,361,0,1,2.94392,2.94392,1830,367,0,1235,0,0,0,0,0,1339,1785.99,0.953667,29.338,168732,12,29433,486,465155,48,117732,1944,32,4,644756,1319142,20632192,5276568,25908760,4,4,12,4,4,4,0,20,20,20260807,5,1,1,1,0,0,0,6239,0.259958,1,0.0015,0
739,7039.28,6,0,2.15608,3.94879,0,0,0,6.10487,361,361,0,1,2.94392,2.94392,1830,367,0,1235,0,0,0,0,0,1339,1785.99,0.953667,29.338,168732,12,29433,486,465155,48,117732,1944,32,4,644756,1319142,20632192,5276568,25908760,4,4,12,4,4,4,0,20,20,20260807,5,1,1,1,0,0,0,6239,0.259958,1,0.0015,0
740,7049.72,10,0,2.07662,8.28821,0,0,0,10.3648,361,361,0,1,2.94392,2.94392,1830,367,0,1235,0,0,0,0,0,1339,1785.99,0.953667,29.338,168732,12,29433,486,465155,48,117732,1944,32,4,644756,1319142,20632192,5276568,25908760,4,4,12,4,4,4,0,20,20,20260807,5,1,1,1,0,0,0,6239,0.259958,1,0.0015,0
741,7055.84,6,0,2.13563,3.89396,0,0,0,6.02958,361,361,0,1,2.94392,2.94392,1830,367,0,1235,0,0,0,0,0,1339,1785.99,0.953667,29.338,168732,12,29433,486,465155,48,117732,1944,32,4,644756,1319142,20632192,5276568,25908760,4,4,12,4,4,4,0,20,20,20260807,5,1,1,1,0,0,0,6239,0.259958,1,0.0015,0
742,7066.46,11,0,2.19975,8.30642,0,0,0,10.5062,361,361,0,1,2.94392,2.94392,1830,367,0,1235,0,0,0,0,0,1339,1785.99,0.953667,29.338,168732,12,29433,486,465155,48,117732,1944,32,4,644756,1319142,20632192,5276568,25908760,4,4,12,4,4,4,0,20,20,20260807,5,1,1,1,0,0,0,6240,0.26,1,0.0015,1
743,7075.72,9,0,2.1035,7.07583,0,0,0,9.17933,361,361,0,1,2.94392,2.94392,1830,367,0,1235,0,0,0,0,0,1339,1785.99,0.953667,29.338,168732,12,29433,486,465155,48,117732,1944,32,4,644756,1319142,20632192,5276568,25908760,4,4,12,4,4,4,0,20,20,20260807,5,1,1,1,0,0,0,6240,0.26,1,0.0015,0
744,7083.28,8,0,2.05029,5.43833,0,0,0,7.48862,361,361,0,1,2.94392,2.94392,1830,367,0,1235,0,0,0,0,0,1339,1785.99,0.953667,29.338,168732,12,29433,486,465155,48,117732,1944,32,4,644756,1319142,20632192,5276568,25908760,4,4,12,4,4,4,0,20,20,20260807,5,1,1,1,0,0,0,6240,0.26,1,0.0015,0
745,7089.22,6,0,2.15733,3.6955,0,0,0,5.85283,361,361,0,1,2.94392,2.94392,1830,367,0,1235,0,0,0,0,0,1339,1785.99,0.953667,29.338,168732,12,29433,486,465155,48,117732,1944,32,4,644756,1319142,20632192,5276568,25908760,4,4,12,4,4,4,0,20,20,20260807,5,1,1,1,0,0,0,6240,0.26,1,0.0015,0
746,7099.95,10,0,3.16529,7.49608,0,0,0,10.6614,361,361,0,1,2.94392,2.94392,1830,367,0,1235,0,0,0,0,0,1339,1785.99,0.953667,29.338,168732,12,29433,486,465155,48,117732,1944,32,4,644756,1319142,20632192,5276568,25908760,4,4,12,4,4,4,0,20,20,20260807,5,1,1,1,0,0,0,6240,0.26,1,0.0015,0
747,7106.11,7,0,2.19954,3.87663,0,0,0,6.07617,361,361,0,1,2.94392,2.94392,1830,367,0,1235,0,0,0,0,0,1339,1785.99,0.953667,29.338,168732,12,29433,486,465155,48,117732,1944,32,4,644756,1319142,20632192,5276568,25908760,4,4,12,4,4,4,0,20,20,20260807,5,1,1,1,0,0,0,6240,0.26,1,0.0015,0
748,7117.1,11,0,2.20804,8.70954,0,0,0,10.9176,361,361,0,1,2.94392,2.94392,1830,367,0,1235,0,0,0,0,0,1339,1785.99,0.953667,29.338,168732,12,29433,486,465155,48,117732,1944,32,4,644756,1319142,20632192,5276568,25908760,4,4,12,4,4,4,0,20,20,20260807,5,1,1,1,0,0,0,6241,0.260042,1,0.0015,1
749,7122.3,5,0,2.17479,2.93875,0,0,0,5.11354,361,361,0,1,2.94392,2.94392,1830,367,0,1235,0,0,0,0,0,1339,1785.99,0.953667,29.338,168732,12,29433,486,465155,48,117732,1944,32,4,644756,1319142,20632192,5276568,25908760,4,4,12,4,4,4,0,20,20,20260807,5,1,1,1,0,0,0,6241,0.260042,1,0.0015,0
750,7137.06,15,0,2.1725,12.5039,0,0,0,14.6764,361,361,0,1,2.94392,2.94392,1830,367,0,1235,0,0,0,0,0,1339,1785.99,0.953667,29.338,168732,12,29433,486,465155,48,117732,1944,32,4,644756,1319142,20632192,5276568,25908760,4,4,12,4,4,4,0,20,20,20260807,5,1,1,1,0,0,0,6241,0.260042,1,0.0015,0
751,7142.54,5,0,2.29875,3.10233,0,0,0,5.40108,361,361,0,1,2.94392,2.94392,1830,367,0,1235,0,0,0,0,0,1339,1785.99,0.953667,29.338,168732,12,29433,486,465155,48,117732,1944,32,4,644756,1319142,20632192,5276568,25908760,4,4,12,4,4,4,0,20,20,20260807,5,1,1,1,0,0,0,6241,0.260042,1,0.0015,0
752,7149.89,7,0,2.38083,4.88279,0,0,0,7.26363,361,361,0,1,2.94392,2.94392,1830,367,0,1235,0,0,0,0,0,1339,1785.99,0.953667,29.338,168732,12,29433,486,465155,48,117732,1944,32,4,644756,1319142,20632192,5276568,25908760,4,4,12,4,4,4,0,20,20,20260807,5,1,1,1,0,0,0,6241,0.260042,1,0.0015,0
753,7161.12,12,0,2.12871,9.02308,0,0,0,11.1518,361,361,0,1,2.94392,2.94392,1830,367,0,1235,0,0,0,0,0,1339,1785.99,0.953667,29.338,168732,12,29433,486,465155,48,117732,1944,32,4,644756,1319142,20632192,5276568,25908760,4,4,12,4,4,4,0,20,20,20260807,5,1,1,1,0,0,0,6241,0.260042,1,0.0015,0
754,7166.38,5,0,2.12604,3.05425,0,0,0,5.18029,361,361,0,1,2.94392,2.94392,1830,367,0,1235,0,0,0,0,0,1339,1785.99,0.953667,29.338,168732,12,29433,486,465155,48,117732,1944,32,4,644756,1319142,20632192,5276568,25908760,4,4,12,4,4,4,0,20,20,20260807,5,1,1,1,0,0,0,6242,0.260083,1,0.0015,1
755,7173.55,7,0,2.19367,4.90412,0,0,0,7.09779,361,361,0,1,2.94392,2.94392,1830,367,0,1235,0,0,0,0,0,1339,1785.99,0.953667,29.338,168732,12,29433,486,465155,48,117732,1944,32,4,644756,1319142,20632192,5276568,25908760,4,4,12,4,4,4,0,20,20,20260807,5,1,1,1,0,0,0,6242,0.260083,1,0.0015,0
756,7183.36,10,0,2.157,7.56538,0,0,0,9.72237,361,361,0,1,2.94392,2.94392,1830,367,0,1235,0,0,0,0,0,1339,1785.99,0.953667,29.338,168732,12,29433,486,465155,48,117732,1944,32,4,644756,1319142,20632192,5276568,25908760,4,4,12,4,4,4,0,20,20,20260807,5,1,1,1,0,0,0,6242,0.260083,1,0.0015,0
757,7190.79,7,0,2.25092,5.068,0,0,0,7.31892,361,361,0,1,2.94392,2.94392,1830,367,0,1235,0,0,0,0,0,1339,1785.99,0.953667,29.338,168732,12,29433,486,465155,48,117732,1944,32,4,644756,1319142,20632192,5276568,25908760,4,4,12,4,4,4,0,20,20,20260807,5,1,1,1,0,0,0,6242,0.260083,1,0.0015,0
758,7199.97,9,0,2.17254,6.92375,0,0,0,9.09629,361,361,0,1,2.94392,2.94392,1830,367,0,1235,0,0,0,0,0,1339,1785.99,0.953667,29.338,168732,12,29433,486,465155,48,117732,1944,32,4,644756,1319142,20632192,5276568,25908760,4,4,12,4,4,4,0,20,20,20260807,5,1,1,1,0,0,0,6242,0.260083,1,0.0015,0
759,7206.25,7,0,2.31537,3.88488,0,0,0,6.20025,361,361,0,1,2.94392,2.94392,1830,367,0,1235,0,0,0,0,0,1339,1785.99,0.953667,29.338,168732,12,29433,486,465155,48,117732,1944,32,4,644756,1319142,20632192,5276568,25908760,4,4,12,4,4,4,0,20,20,20260807,5,1,1,1,0,0,0,6242,0.260083,1,0.0015,0
760,7216.5,10,0,2.19867,7.97683,0,0,0,10.1755,361,361,0,1,2.94392,2.94392,1830,367,0,1235,0,0,0,0,0,1339,1785.99,0.953667,29.338,168732,12,29433,486,465155,48,117732,1944,32,4,644756,1319142,20632192,5276568,25908760,4,4,12,4,4,4,0,20,20,20260807,5,1,1,1,0,0,0,6243,0.260125,1,0.0015,1
761,7222.64,5,0,2.23317,3.8235,0,0,0,6.05667,361,361,0,1,2.94392,2.94392,1830,367,0,1235,0,0,0,0,0,1339,1785.99,0.953667,29.338,168732,12,29433,486,465155,48,117732,1944,32,4,644756,1319142,20632192,5276568,25908760,4,4,12,4,4,4,0,20,20,20260807,5,1,1,1,0,0,0,6243,0.260125,1,0.0015,0
762,7233.14,11,0,2.13871,6.582,0,0,0,8.72071,361,361,0,1,2.94392,2.94392,1830,367,0,1235,0,0,0,0,0,1339,1785.99,0.953667,29.338,168732,12,29433,486,465155,48,117732,1944,32,4,644756,1319142,20632192,5276568,25908760,4,4,12,4,4,4,0,20,20,20260807,5,1,1,1,0,0,0,6243,0.260125,1,0.0015,0
763,7239.38,6,0,2.24542,3.91492,0,0,0,6.16033,361,361,0,1,2.94392,2.94392,1830,367,0,1235,0,0,0,0,0,1339,1785.99,0.953667,29.338,168732,12,29433,486,465155,48,117732,1944,32,4,644756,1319142,20632192,5276568,25908760,4,4,12,4,4,4,0,20,20,20260807,5,1,1,1,0,0,0,6243,0.260125,1,0.0015,0
764,7249.86,10,0,2.22463,8.18171,0,0,0,10.4063,361,361,0,1,2.94392,2.94392,1830,367,0,1235,0,0,0,0,0,1339,1785.99,0.953667,29.338,168732,12,29433,486,465155,48,117732,1944,32,4,644756,1319142,20632192,5276568,25908760,4,4,12,4,4,4,0,20,20,20260807,5,1,1,1,0,0,0,6243,0.260125,1,0.0015,0
765,7256.41,7,0,2.17771,4.2885,0,0,0,6.46621,361,361,0,1,2.94392,2.94392,1830,367,0,1235,0,0,0,0,0,1339,1785.99,0.953667,29.338,168732,12,29433,486,465155,48,117732,1944,32,4,644756,1319142,20632192,5276568,25908760,4,4,12,4,4,4,0,20,20,20260807,5,1,1,1,0,0,0,6243,0.260125,1,0.0015,0
766,7267.44,11,0,2.07158,8.88529,0,0,0,10.9569,361,361,0,1,2.94392,2.94392,1830,367,0,1235,0,0,0,0,0,1339,1785.99,0.953667,29.338,168732,12,29433,486,465155,48,117732,1944,32,4,644756,1319142,20632192,5276568,25908760,4,4,12,4,4,4,0,20,20,20260807,5,1,1,1,0,0,0,6244,0.260167,1,0.0015,1
767,7279.32,12,0,2.18587,9.61058,0,0,0,11.7965,361,361,0,1,2.94392,2.94392,1830,367,0,1235,0,0,0,0,0,1339,1785.99,0.953667,29.338,168732,12,29433,486,465155,48,117732,1944,32,4,644756,1319142,20632192,5276568,25908760,4,4,12,4,4,4,0,20,20,20260807,5,1,1,1,0,0,0,6244,0.260167,1,0.0015,0
768,7290.04,10,0,2.09896,8.53679,0,0,0,10.6357,361,361,0,1,2.94392,2.94392,1830,367,0,1235,0,0,0,0,0,1339,1785.99,0.953667,29.338,168732,12,29433,486,465155,48,117732,1944,32,4,644756,1319142,20632192,5276568,25908760,4,4,12,4,4,4,0,20,20,20260807,5,1,1,1,0,0,0,6244,0.260167,1,0.0015,0
769,7300.5,11,0,2.05392,8.31833,0,0,0,10.3722,361,361,0,1,2.94392,2.94392,1830,367,0,1235,0,0,0,0,0,1339,1785.99,0.953667,29.338,168732,12,29433,486,465155,48,117732,1944,32,4,644756,1319142,20632192,5276568,25908760,4,4,12,4,4,4,0,20,20,20260807,5,1,1,1,0,0,0,6244,0.260167,1,0.0015,0
770,7306.44,6,0,2.21833,3.62596,0,0,0,5.84429,361,361,0,1,2.94392,2.94392,1830,367,0,1235,0,0,0,0,0,1339,1785.99,0.953667,29.338,168732,12,29433,486,465155,48,117732,1944,32,4,644756,1319142,20632192,5276568,25908760,4,4,12,4,4,4,0,20,20,20260807,5,1,1,1,0,0,0,6244,0.260167,1,0.0015,0
771,7318.26,12,0,2.08371,9.62729,0,0,0,11.711,361,361,0,1,2.94392,2.94392,1830,367,0,1235,0,0,0,0,0,1339,1785.99,0.953667,29.338,168732,12,29433,486,465155,48,117732,1944,32,4,644756,1319142,20632192,5276568,25908760,4,4,12,4,4,4,0,20,20,20260807,5,1,1,1,0,0,0,6245,0.260208,1,0.0015,1
772,7323.56,5,0,2.24354,2.97737,0,0,0,5.22092,361,361,0,1,2.94392,2.94392,1830,367,0,1235,0,0,0,0,0,1339,1785.99,0.953667,29.338,168732,12,29433,486,465155,48,117732,1944,32,4,644756,1319142,20632192,5276568,25908760,4,4,12,4,4,4,0,20,20,20260807,5,1,1,1,0,0,0,6245,0.260208,1,0.0015,0
773,7333.43,10,0,2.10062,7.69429,0,0,0,9.79492,361,361,0,1,2.94392,2.94392,1830,367,0,1235,0,0,0,0,0,1339,1785.99,0.953667,29.338,168732,12,29433,486,465155,48,117732,1944,32,4,644756,1319142,20632192,5276568,25908760,4,4,12,4,4,4,0,20,20,20260807,5,1,1,1,0,0,0,6245,0.260208,1,0.0015,0
774,7340.68,7,0,2.17954,4.98262,0,0,0,7.16217,361,361,0,1,2.94392,2.94392,1830,367,0,1235,0,0,0,0,0,1339,1785.99,0.953667,29.338,168732,12,29433,486,465155,48,117732,1944,32,4,644756,1319142,20632192,5276568,25908760,4,4,12,4,4,4,0,20,20,20260807,5,1,1,1,0,0,0,6245,0.260208,1,0.0015,0
775,7350.01,9,0,1.99,7.26237,0,0,0,9.25238,361,361,0,1,2.94392,2.94392,1830,367,0,1235,0,0,0,0,0,1339,1785.99,0.953667,29.338,168732,12,29433,486,465155,48,117732,1944,32,4,644756,1319142,20632192,5276568,25908760,4,4,12,4,4,4,0,20,20,20260807,5,1,1,1,0,0,0,6245,0.260208,1,0.0015,0
776,7359.15,10,0,2.14333,6.92183,0,0,0,9.06517,361,361,0,1,2.94392,2.94392,1830,367,0,1235,0,0,0,0,0,1339,1785.99,0.953667,29.338,168732,12,29433,486,465155,48,117732,1944,32,4,644756,1319142,20632192,5276568,25908760,4,4,12,4,4,4,0,20,20,20260807,5,1,1,1,0,0,0,6245,0.260208,1,0.0015,0
777,7366.43,7,0,2.16087,5.03729,0,0,0,7.19817,361,361,0,1,2.94392,2.94392,1830,367,0,1235,0,0,0,0,0,1339,1785.99,0.953667,29.338,168732,12,29433,486,465155,48,117732,1944,32,4,644756,1319142,20632192,5276568,25908760,4,4,12,4,4,4,0,20,20,20260807,5,1,1,1,0,0,0,6246,0.26025,1,0.0015,1
778,7372.1,6,0,2.16683,3.41167,0,0,0,5.5785,361,361,0,1,2.94392,2.94392,1830,367,0,1235,0,0,0,0,0,1339,1785.99,0.953667,29.338,168732,12,29433,486,465155,48,117732,1944,32,4,644756,1319142,20632192,5276568,25908760,4,4,12,4,4,4,0,20,20,20260807,5,1,1,1,0,0,0,6246,0.26025,1,0.0015,0
779,7383.43,11,0,3.27217,7.97513,0,0,0,11.2473,361,361,0,1,2.94392,2.94392,1830,367,0,1235,0,0,0,0,0,1339,1785.99,0.953667,29.338,168732,12,29433,486,465155,48,117732,1944,32,4,644756,1319142,20632192,5276568,25908760,4,4,12,4,4,4,0,20,20,20260807,5,1,1,1,0,0,0,6246,0.26025,1,0.0015,0
780,7389.87,6,0,2.14746,4.20904,0,0,0,6.3565,361,361,0,1,2.94392,2.94392,1830,367,0,1235,0,0,0,0,0,1339,1785.99,0.953667,29.338,168732,12,29433,486,465155,48,117732,1944,32,4,644756,1319142,20632192,5276568,25908760,4,4,12,4,4,4,0,20,20,20260807,5,1,1,1,0,0,0,6246,0.26025,1,0.0015,0
781,7400.01,10,0,2.06796,7.99154,0,0,0,10.0595,361,361,0,1,2.94392,2.94392,1830,367,0,1235,0,0,0,0,0,1339,1785.99,0.953667,29.338,168732,12,29433,486,465155,48,117732,1944,32,4,644756,1319142,20632192,5276568,25908760,4,4,12,4,4,4,0,20,20,20260807,5,1,1,1,0,0,0,6246,0.26025,1,0.0015,0
782,7406.57,7,0,2.15108,4.33563,0,0,0,6.48671,361,361,0,1,2.94392,2.94392,1830,367,0,1235,0,0,0,0,0,1339,1785.99,0.953667,29.338,168732,12,29433,486,465155,48,117732,1944,32,4,644756,1319142,20632192,5276568,25908760,4,4,12,4,4,4,0,20,20,20260807,5,1,1,1,0,0,0,6246,0.26025,1,0.0015,0
783,7416.68,10,0,2.12046,7.90738,0,0,0,10.0278,361,361,0,1,2.94392,2.94392,1830,367,0,1235,0,0,0,0,0,1339,1785.99,0.953667,29.338,168732,12,29433,486,465155,48,117732,1944,32,4,644756,1319142,20632192,5276568,25908760,4,4,12,4,4,4,0,20,20,20260807,5,1,1,1,0,0,0,6247,0.260292,1,0.0015,1
784,7422.8,6,0,2.22092,3.82467,0,0,0,6.04558,361,361,0,1,2.94392,2.94392,1830,367,0,1235,0,0,0,0,0,1339,1785.99,0.953667,29.338,168732,12,29433,486,465155,48,117732,1944,32,4,644756,1319142,20632192,5276568,25908760,4,4,12,4,4,4,0,20,20,20260807,5,1,1,1,0,0,0,6247,0.260292,1,0.0015,0
785,7433.35,11,0,2.04088,8.39875,0,0,0,10.4396,361,361,0,1,2.94392,2.94392,1830,367,0,1235,0,0,0,0,0,1339,1785.99,0.953667,29.338,168732,12,29433,486,465155,48,117732,1944,32,4,644756,1319142,20632192,5276568,25908760,4,4,12,4,4,4,0,20,20,20260807,5,1,1,1,0,0,0,6247,0.260292,1,0.0015,0
786,7443.11,10,0,2.12729,7.56833,0,0,0,9.69562,361,361,0,1,2.94392,2.94392,1830,367,0,1235,0,0,0,0,0,1339,1785.99,0.953667,29.338,168732,12,29433,486,465155,48,117732,1944,32,4,644756,1319142,20632192,5276568,25908760,4,4,12,4,4,4,0,20,20,20260807,5,1,1,1,0,0,0,6247,0.260292,1,0.0015,0
787,7449.72,6,0,2.162,4.35779,0,0,0,6.51979,361,361,0,1,2.94392,2.94392,1830,367,0,1235,0,0,0,0,0,1339,1785.99,0.953667,29.338,168732,12,29433,486,465155,48,117732,1944,32,4,644756,1319142,20632192,5276568,25908760,4,4,12,4,4,4,0,20,20,20260807,5,1,1,1,0,0,0,6247,0.260292,1,0.0015,0
788,7455.76,6,0,2.14217,3.82075,0,0,0,5.96292,361,361,0,1,2.94392,2.94392,1830,367,0,1235,0,0,0,0,0,1339,1785.99,0.953667,29.338,168732,12,29433,486,465155,48,117732,1944,32,4,644756,1319142,20632192,5276568,25908760,4,4,12,4,4,4,0,20,20,20260807,5,1,1,1,0,0,0,6247,0.260292,1,0.0015,0
789,7467.2,12,0,2.15467,9.21612,0,0,0,11.3708,361,361,0,1,2.94392,2.94392,1830,367,0,1235,0,0,0,0,0,1339,1785.99,0.953667,29.338,168732,12,29433,486,465155,48,117732,1944,32,4,644756,1319142,20632192,5276568,25908760,4,4,12,4,4,4,0,20,20,20260807,5,1,1,1,0,0,0,6248,0.260333,1,0.0015,1
790,7478.02,10,0,2.25425,8.47646,0,0,0,10.7307,361,361,0,1,2.94392,2.94392,1830,367,0,1235,0,0,0,0,0,1339,1785.99,0.953667,29.338,168732,12,29433,486,465155,48,117732,1944,32,4,644756,1319142,20632192,5276568,25908760,4,4,12,4,4,4,0,20,20,20260807,5,1,1,1,0,0,0,6248,0.260333,1,0.0015,0
791,7483.48,6,0,2.20071,3.18221,0,0,0,5.38292,361,361,0,1,2.94392,2.94392,1830,367,0,1235,0,0,0,0,0,1339,1785.99,0.953667,29.338,168732,12,29433,486,465155,48,117732,1944,32,4,644756,1319142,20632192,5276568,25908760,4,4,12,4,4,4,0,20,20,20260807,5,1,1,1,0,0,0,6248,0.260333,1,0.0015,0
792,7489.89,6,0,2.13967,4.18517,0,0,0,6.32483,361,361,0,1,2.94392,2.94392,1830,367,0,1235,0,0,0,0,0,1339,1785.99,0.953667,29.338,168732,12,29433,486,465155,48,117732,1944,32,4,644756,1319142,20632192,5276568,25908760,4,4,12,4,4,4,0,20,20,20260807,5,1,1,1,0,0,0,6248,0.260333,1,0.0015,0
793,7500.12,11,0,2.04363,8.1095,0,0,0,10.1531,361,361,0,1,2.94392,2.94392,1830,367,0,1235,0,0,0,0,0,1339,1785.99,0.953667,29.338,168732,12,29433,486,465155,48,117732,1944,32,4,644756,1319142,20632192,5276568,25908760,4,4,12,4,4,4,0,20,20,20260807,5,1,1,1,0,0,0,6248,0.260333,1,0.0015,0
794,7505.81,5,0,2.14996,3.46567,0,0,0,5.61562,361,361,0,1,2.94392,2.94392,1830,367,0,1235,0,0,0,0,0,1339,1785.99,0.953667,29.338,168732,12,29433,486,465155,48,117732,1944,32,4,644756,1319142,20632192,5276568,25908760,4,4,12,4,4,4,0,20,20,20260807,5,1,1,1,0,0,0,6248,0.260333,1,0.0015,0
795,7516.71,11,0,2.13479,8.67679,0,0,0,10.8116,361,361,0,1,2.94392,2.94392,1830,367,0,1235,0,0,0,0,0,1339,1785.99,0.953667,29.338,168732,12,29433,486,465155,48,117732,1944,32,4,644756,1319142,20632192,5276568,25908760,4,4,12,4,4,4,0,20,20,20260807,5,1,1,1,0,0,0,6249,0.260375,1,0.0015,1
796,7523.57,7,0,2.14567,4.64042,0,0,0,6.78608,361,361,0,1,2.94392,2.94392,1830,367,0,1235,0,0,0,0,0,1339,1785.99,0.953667,29.338,168732,12,29433,486,465155,48,117732,1944,32,4,644756,1319142,20632192,5276568,25908760,4,4,12,4,4,4,0,20,20,20260807,5,1,1,1,0,0,0,6249,0.260375,1,0.0015,0
797,7533.33,10,0,2.05804,7.63317,0,0,0,9.69121,361,361,0,1,2.94392,2.94392,1830,367,0,1235,0,0,0,0,0,1339,1785.99,0.953667,29.338,168732,12,29433,486,465155,48,117732,1944,32,4,644756,1319142,20632192,5276568,25908760,4,4,12,4,4,4,0,20,20,20260807,5,1,1,1,0,0,0,6249,0.260375,1,0.0015,0
798,7539.93,6,0,2.07742,4.43483,0,0,0,6.51225,361,361,0,1,2.94392,2.94392,1830,367,0,1235,0,0,0,0,0,1339,1785.99,0.953667,29.338,168732,12,29433,486,465155,48,117732,1944,32,4,644756,1319142,20632192,5276568,25908760,4,4,12,4,4,4,0,20,20,20260807,5,1,1,1,0,0,0,6249,0.260375,1,0.0015,0
799,7550.01,10,0,2.21663,7.77792,0,0,0,9.99454,361,361,0,1,2.94392,2.94392,1830,367,0,1235,0,0,0,0,0,1339,1785.99,0.953667,29.338,168732,12,29433,486,465155,48,117732,1944,32,4,644756,1319142,20632192,5276568,25908760,4,4,12,4,4,4,0,20,20,20260807,5,1,1,1,0,0,0,6249,0.260375,1,0.0015,0
800,7556.01,6,0,2.17596,3.72158,0,0,0,5.89754,361,361,0,1,2.94392,2.94392,1830,367,0,1235,0,0,0,0,0,1339,1785.99,0.953667,29.338,168732,12,29433,486,465155,48,117732,1944,32,4,644756,1319142,20632192,5276568,25908760,4,4,12,4,4,4,0,20,20,20260807,5,1,1,1,0,0,0,6249,0.260375,1,0.0015,0
801,7567.04,11,0,2.19612,8.75725,0,0,0,10.9534,361,361,0,1,2.94392,2.94392,1830,367,0,1235,0,0,0,0,0,1339,1785.99,0.953667,29.338,168732,12,29433,486,465155,48,117732,1944,32,4,644756,1319142,20632192,5276568,25908760,4,4,12,4,4,4,0,20,20,20260807,5,1,1,1,0,0,0,6250,0.260417,1,0.0015,1
802,7578.11,12,0,2.21825,8.77275,0,0,0,10.991,361,361,0,1,2.94392,2.94392,1830,367,0,1235,0,0,0,0,0,1339,1785.99,0.953667,29.338,168732,12,29433,486,465155,48,117732,1944,32,4,644756,1319142,20632192,5276568,25908760,4,4,12,4,4,4,0,20,20,20260807,5,1,1,1,0,0,0,6250,0.260417,1,0.0015,0
803,7583.64,5,0,2.22629,3.22121,0,0,0,5.4475,361,361,0,1,2.94392,2.94392,1830,367,0,1235,0,0,0,0,0,1339,1785.99,0.953667,29.338,168732,12,29433,486,465155,48,117732,1944,32,4,644756,1319142,20632192,5276568,25908760,4,4,12,4,4,4,0,20,20,20260807,5,1,1,1,0,0,0,6250,0.260417,1,0.0015,0
804,7592.25,9,0,2.30037,6.19621,0,0,0,8.49658,361,361,0,1,2.94392,2.94392,1830,367,0,1235,0,0,0,0,0,1339,1785.99,0.953667,29.338,168732,12,29433,486,465155,48,117732,1944,32,4,644756,1319142,20632192,5276568,25908760,4,4,12,4,4,4,0,20,20,20260807,5,1,1,1,0,0,0,6250,0.260417,1,0.0015,0
805,7599.91,7,0,2.15317,5.4225,0,0,0,7.57567,361,361,0,1,2.94392,2.94392,1830,367,0,1235,0,0,0,0,0,1339,1785.99,0.953667,29.338,168732,12,29433,486,465155,48,117732,1944,32,4,644756,1319142,20632192,5276568,25908760,4,4,12,4,4,4,0,20,20,20260807,5,1,1,1,0,0,0,6250,0.260417,1,0.0015,0
806,7606.61,7,0,2.14392,4.47671,0,0,0,6.62063,361,361,0,1,2.94392,2.94392,1830,367,0,1235,0,0,0,0,0,1339,1785.99,0.953667,29.338,168732,12,29433,486,465155,48,117732,1944,32,4,644756,1319142,20632192,5276568,25908760,4,4,12,4,4,4,0,20,20,20260807,5,1,1,1,0,0,0,6250,0.260417,1,0.0015,0
807,7617.09,11,0,2.1135,8.27596,0,0,0,10.3895,361,361,0,1,2.94392,2.94392,1830,367,0,1235,0,0,0,0,0,1339,1785.99,0.953667,29.338,168732,12,29433,486,465155,48,117732,1944,32,4,644756,1319142,20632192,5276568,25908760,4,4,12,4,4,4,0,20,20,20260807,5,1,1,1,0,0,0,6251,0.260458,1,0.0015,1
808,7622.63,5,0,2.19933,3.25846,0,0,0,5.45779,361,361,0,1,2.94392,2.94392,1830,367,0,1235,0,0,0,0,0,1339,1785.99,0.953667,29.338,168732,12,29433,486,465155,48,117732,1944,32,4,644756,1319142,20632192,5276568,25908760,4,4,12,4,4,4,0,20,20,20260807,5,1,1,1,0,0,0,6251,0.260458,1,0.0015,0
809,7633.43,11,0,2.07971,7.88758,0,0,0,9.96729,361,361,0,1,2.94392,2.94392,1830,367,0,1235,0,0,0,0,0,1339,1785.99,0.953667,29.338,168732,12,29433,486,465155,48,117732,1944,32,4,644756,1319142,20632192,5276568,25908760,4,4,12,4,4,4,0,20,20,20260807,5,1,1,1,0,0,0,6251,0.260458,1,0.0015,0
810,7638.86,5,0,2.18808,3.16375,0,0,0,5.35183,361,361,0,1,2.94392,2.94392,1830,367,0,1235,0,0,0,0,0,1339,1785.99,0.953667,29.338,168732,12,29433,486,465155,48,117732,1944,32,4,644756,1319142,20632192,5276568,25908760,4,4,12,4,4,4,0,20,20,20260807,5,1,1,1,0,0,0,6251,0.260458,1,0.0015,0
811,7656.01,17,0,2.11587,14.9594,0,0,0,17.0753,361,361,0,1,2.94392,2.94392,1830,367,0,1235,0,0,0,0,0,1339,1785.99,0.953667,29.338,168732,12,29433,486,465155,48,117732,1944,32,4,644756,1319142,20632192,5276568,25908760,4,4,12,4,4,4,0,20,20,20260807,5,1,1,1,0,0,0,6251,0.260458,1,0.0015,0
812,7666.55,12,0,2.12958,8.25546,0,0,0,10.385,361,361,0,1,2.94392,2.94392,1830,367,0,1235,0,0,0,0,0,1339,1785.99,0.953667,29.338,168732,12,29433,486,465155,48,117732,1944,32,4,644756,1319142,20632192,5276568,25908760,4,4,12,4,4,4,0,20,20,20260807,5,1,1,1,0,0,0,6252,0.2605,1,0.0015,1
813,7672.87,6,0,2.09192,4.14879,0,0,0,6.24071,361,361,0,1,2.94392,2.94392,1830,367,0,1235,0,0,0,0,0,1339,1785.99,0.953667,29.338,168732,12,29433,486,465155,48,117732,1944,32,4,644756,1319142,20632192,5276568,25908760,4,4,12,4,4,4,0,20,20,20260807,5,1,1,1,0,0,0,6252,0.2605,1,0.0015,0
814,7683.37,11,0,2.12787,8.25629,0,0,0,10.3842,361,361,0,1,2.94392,2.94392,1830,367,0,1235,0,0,0,0,0,1339,1785.99,0.953667,29.338,168732,12,29433,486,465155,48,117732,1944,32,4,644756,1319142,20632192,5276568,25908760,4,4,12,4,4,4,0,20,20,20260807,5,1,1,1,0,0,0,6252,0.2605,1,0.0015,0
815,7691.7,8,0,2.18671,6.07454,0,0,0,8.26125,361,361,0,1,2.94392,2.94392,1830,367,0,1235,0,0,0,0,0,1339,1785.99,0.953667,29.338,168732,12,29433,486,465155,48,117732,1944,32,4,644756,1319142,20632192,5276568,25908760,4,4,12,4,4,4,0,20,20,20260807,5,1,1,1,0,0,0,6252,0.2605,1,0.0015,0
816,7699.97,8,0,2.03112,6.14992,0,0,0,8.18104,361,361,0,1,2.94392,2.94392,1830,367,0,1235,0,0,0,0,0,1339,1785.99,0.953667,29.338,168732,12,29433,486,465155,48,117732,1944,32,4,644756,1319142,20632192,5276568,25908760,4,4,12,4,4,4,0,20,20,20260807,5,1,1,1,0,0,0,6252,0.2605,1,0.0015,0
817,7706.38,7,0,2.06679,4.27421,0,0,0,6.341,361,361,0,1,2.94392,2.94392,1830,367,0,1235,0,0,0,0,0,1339,1785.99,0.953667,29.338,168732,12,29433,486,465155,48,117732,1944,32,4,644756,1319142,20632192,5276568,25908760,4,4,12,4,4,4,0,20,20,20260807,5,1,1,1,0,0,0,6252,0.2605,1,0.0015,0
818,7716.63,10,0,2.12358,8.04492,0,0,0,10.1685,361,361,0,1,2.94392,2.94392,1830,367,0,1235,0,0,0,0,0,1339,1785.99,0.953667,29.338,168732,12,29433,486,465155,48,117732,1944,32,4,644756,1319142,20632192,5276568,25908760,4,4,12,4,4,4,0,20,20,20260807,5,1,1,1,0,0,0,6253,0.260542,1,0.0015,1
819,7722.71,6,0,2.20075,3.80221,0,0,0,6.00296,361,361,0,1,2.94392,2.94392,1830,367,0,1235,0,0,0,0,0,1339,1785.99,0.953667,29.338,168732,12,29433,486,465155,48,117732,1944,32,4,644756,1319142,20632192,5276568,25908760,4,4,12,4,4,4,0,20,20,20260807,5,1,1,1,0,0,0,6253,0.260542,1,0.0015,0
820,7733.27,11,0,2.18233,8.29846,0,0,0,10.4808,361,361,0,1,2.94392,2.94392,1830,367,0,1235,0,0,0,0,0,1339,1785.99,0.953667,29.338,168732,12,29433,486,465155,48,117732,1944,32,4,644756,1319142,20632192,5276568,25908760,4,4,12,4,4,4,0,20,20,20260807,5,1,1,1,0,0,0,6253,0.260542,1,0.0015,0
821,7741.41,8,0,2.15867,5.90125,0,0,0,8.05992,361,361,0,1,2.94392,2.94392,1830,367,0,1235,0,0,0,0,0,1339,1785.99,0.953667,29.338,168732,12,29433,486,465155,48,117732,1944,32,4,644756,1319142,20632192,5276568,25908760,4,4,12,4,4,4,0,20,20,20260807,5,1,1,1,0,0,0,6253,0.260542,1,0.0015,0
822,7750.01,8,0,2.06454,6.45654,0,0,0,8.52108,361,361,0,1,2.94392,2.94392,1830,367,0,1235,0,0,0,0,0,1339,1785.99,0.953667,29.338,168732,12,29433,486,465155,48,117732,1944,32,4,644756,1319142,20632192,5276568,25908760,4,4,12,4,4,4,0,20,20,20260807,5,1,1,1,0,0,0,6253,0.260542,1,0.0015,0
823,7755.94,6,0,2.20629,3.63912,0,0,0,5.84542,361,361,0,1,2.94392,2.94392,1830,367,0,1235,0,0,0,0,0,1339,1785.99,0.953667,29.338,168732,12,29433,486,465155,48,117732,1944,32,4,644756,1319142,20632192,5276568,25908760,4,4,12,4,4,4,0,20,20,20260807,5,1,1,1,0,0,0,6253,0.260542,1,0.0015,0
824,7766.61,11,0,2.27237,5.35254,0,0,0,7.62492,361,361,0,1,2.94392,2.94392,1830,367,0,1235,0,0,0,0,0,1339,1785.99,0.953667,29.338,168732,12,29433,486,465155,48,117732,1944,32,4,644756,1319142,20632192,5276568,25908760,4,4,12,4,4,4,0,20,20,20260807,5,1,1,1,0,0,0,6254,0.260583,1,0.0015,1
825,7772.02,5,0,2.14167,3.18487,0,0,0,5.32654,361,361,0,1,2.94392,2.94392,1830,367,0,1235,0,0,0,0,0,1339,1785.99,0.953667,29.338,168732,12,29433,486,465155,48,117732,1944,32,4,644756,1319142,20632192,5276568,25908760,4,4,12,4,4,4,0,20,20,20260807,5,1,1,1,0,0,0,6254,0.260583,1,0.0015,0
826,7783.2,12,0,2.20763,8.90317,0,0,0,11.1108,361,361,0,1,2.94392,2.94392,1830,367,0,1235,0,0,0,0,0,1339,1785.99,0.953667,29.338,168732,12,29433,486,465155,48,117732,1944,32,4,644756,1319142,20632192,5276568,25908760,4,4,12,4,4,4,0,20,20,20260807,5,1,1,1,0,0,0,6254,0.260583,1,0.0015,0
827,7789.28,6,0,2.12783,3.86658,0,0,0,5.99442,361,361,0,1,2.94392,2.94392,1830,367,0,1235,0,0,0,0,0,1339,1785.99,0.953667,29.338,168732,12,29433,486,465155,48,117732,1944,32,4,644756,1319142,20632192,5276568,25908760,4,4,12,4,4,4,0,20,20,20260807,5,1,1,1,0,0,0,6254,0.260583,1,0.0015,0
828,7799.82,10,0,2.09629,8.32396,0,0,0,10.4202,361,361,0,1,2.94392,2.94392,1830,367,0,1235,0,0,0,0,0,1339,1785.99,0.953667,29.338,168732,12,29433,486,465155,48,117732,1944,32,4,644756,1319142,20632192,5276568,25908760,4,4,12,4,4,4,0,20,20,20260807,5,1,1,1,0,0,0,6254,0.260583,1,0.0015,0
829,7806.21,7,0,2.11708,4.20404,0,0,0,6.32113,361,361,0,1,2.94392,2.94392,1830,367,0,1235,0,0,0,0,0,1339,1785.99,0.953667,29.338,168732,12,29433,486,465155,48,117732,1944,32,4,644756,1319142,20632192,5276568,25908760,4,4,12,4,4,4,0,20,20,20260807,5,1,1,1,0,0,0,6254,0.260583,1,0.0015,0
830,7816.52,10,0,2.1375,8.09096,0,0,0,10.2285,361,361,0,1,2.94392,2.94392,1830,367,0,1235,0,0,0,0,0,1339,1785.99,0.953667,29.338,168732,12,29433,486,465155,48,117732,1944,32,4,644756,1319142,20632192,5276568,25908760,4,4,12,4,4,4,0,20,20,20260807,5,1,1,1,0,0,0,6255,0.260625,1,0.0015,1
831,7822.55,6,0,2.05996,3.89896,0,0,0,5.95892,361,361,0,1,2.94392,2.94392,1830,367,0,1235,0,0,0,0,0,1339,1785.99,0.953667,29.338,168732,12,29433,486,465155,48,117732,1944,32,4,644756,1319142,20632192,5276568,25908760,4,4,12,4,4,4,0,20,20,20260807,5,1,1,1,0,0,0,6255,0.260625,1,0.0015,0
832,7833.42,11,0,2.12183,8.65904,0,0,0,10.7809,361,361,0,1,2.94392,2.94392,1830,367,0,1235,0,0,0,0,0,1339,1785.99,0.953667,29.338,168732,12,29433,486,465155,48,117732,1944,32,4,644756,1319142,20632192,5276568,25908760,4,4,12,4,4,4,0,20,20,20260807,5,1,1,1,0,0,0,6255,0.260625,1,0.0015,0
833,7841.23,6,0,2.1775,5.55121,0,0,0,7.72871,361,361,0,1,2.94392,2.94392,1830,367,0,1235,0,0,0,0,0,1339,1785.99,0.953667,29.338,168732,12,29433,486,465155,48,117732,1944,32,4,644756,1319142,20632192,5276568,25908760,4,4,12,4,4,4,0,20,20,20260807,5,1,1,1,0,0,0,6255,0.260625,1,0.0015,0
834,7849.96,10,0,2.0855,6.54846,0,0,0,8.63396,361,361,0,1,2.94392,2.94392,1830,367,0,1235,0,0,0,0,0,1339,1785.99,0.953667,29.338,168732,12,29433,486,465155,48,117732,1944,32,4,644756,1319142,20632192,5276568,25908760,4,4,12,4,4,4,0,20,20,20260807,5,1,1,1,0,0,0,6255,0.260625,1,0.0015,0
835,7855.95,6,0,2.14863,3.77267,0,0,0,5.92129,361,361,0,1,2.94392,2.94392,1830,367,0,1235,0,0,0,0,0,1339,1785.99,0.953667,29.338,168732,12,29433,486,465155,48,117732,1944,32,4,644756,1319142,20632192,5276568,25908760,4,4,12,4,4,4,0,20,20,20260807,5,1,1,1,0,0,0,6255,0.260625,1,0.0015,0
836,7866.55,11,0,2.19921,8.08413,0,0,0,10.2833,361,361,0,1,2.94392,2.94392,1830,367,0,1235,0,0,0,0,0,1339,1785.99,0.953667,29.338,168732,12,29433,486,465155,48,117732,1944,32,4,644756,1319142,20632192,5276568,25908760,4,4,12,4,4,4,0,20,20,20260807,5,1,1,1,0,0,0,6256,0.260667,1,0.0015,1
837,7872.55,6,0,2.21067,3.70375,0,0,0,5.91442,361,361,0,1,2.94392,2.94392,1830,367,0,1235,0,0,0,0,0,1339,1785.99,0.953667,29.338,168732,12,29433,486,465155,48,117732,1944,32,4,644756,1319142,20632192,5276568,25908760,4,4,12,4,4,4,0,20,20,20260807,5,1,1,1,0,0,0,6256,0.260667,1,0.0015,0
838,7883.27,11,0,2.88221,7.76621,0,0,0,10.6484,361,361,0,1,2.94392,2.94392,1830,367,0,1235,0,0,0,0,0,1339,1785.99,0.953667,29.338,168732,12,29433,486,465155,48,117732,1944,32,4,644756,1319142,20632192,5276568,25908760,4,4,12,4,4,4,0,20,20,20260807,5,1,1,1,0,0,0,6256,0.260667,1,0.0015,0
839,7891.39,8,0,2.16725,5.87175,0,0,0,8.039,361,361,0,1,2.94392,2.94392,1830,367,0,1235,0,0,0,0,0,1339,1785.99,0.953667,29.338,168732,12,29433,486,465155,48,117732,1944,32,4,644756,1319142,20632192,5276568,25908760,4,4,12,4,4,4,0,20,20,20260807,5,1,1,1,0,0,0,6256,0.260667,1,0.0015,0
840,7903.95,12,0,2.07892,10.3989,0,0,0,12.4778,361,361,0,1,2.94392,2.94392,1830,367,0,1235,0,0,0,0,0,1339,1785.99,0.953667,29.338,168732,12,29433,486,465155,48,117732,1944,32,4,644756,1319142,20632192,5276568,25908760,4,4,12,4,4,4,0,20,20,20260807,5,1,1,1,0,0,0,6256,0.260667,1,0.0015,0
841,7910.24,7,0,2.18033,4.03058,0,0,0,6.21092,361,361,0,1,2.94392,2.94392,1830,367,0,1235,0,0,0,0,0,1339,1785.99,0.953667,29.338,168732,12,29433,486,465155,48,117732,1944,32,4,644756,1319142,20632192,5276568,25908760,4,4,12,4,4,4,0,20,20,20260807,5,1,1,1,0,0,0,6257,0.260708,1,0.0015,1
842,7916.48,6,0,2.14142,4.02225,0,0,0,6.16367,361,361,0,1,2.94392,2.94392,1830,367,0,1235,0,0,0,0,0,1339,1785.99,0.953667,29.338,168732,12,29433,486,465155,48,117732,1944,32,4,644756,1319142,20632192,5276568,25908760,4,4,12,4,4,4,0,20,20,20260807,5,1,1,1,0,0,0,6257,0.260708,1,0.0015,0
843,7922.69,6,0,2.23108,3.84638,0,0,0,6.07746,361,361,0,1,2.94392,2.94392,1830,367,0,1235,0,0,0,0,0,1339,1785.99,0.953667,29.338,168732,12,29433,486,465155,48,117732,1944,32,4,644756,1319142,20632192,5276568,25908760,4,4,12,4,4,4,0,20,20,20260807,5,1,1,1,0,0,0,6257,0.260708,1,0.0015,0
844,7933.55,11,0,2.09608,8.68642,0,0,0,10.7825,361,361,0,1,2.94392,2.94392,1830,367,0,1235,0,0,0,0,0,1339,1785.99,0.953667,29.338,168732,12,29433,486,465155,48,117732,1944,32,4,644756,1319142,20632192,5276568,25908760,4,4,12,4,4,4,0,20,20,20260807,5,1,1,1,0,0,0,6257,0.260708,1,0.0015,0
845,7939.62,6,0,2.22233,3.77004,0,0,0,5.99238,361,361,0,1,2.94392,2.94392,1830,367,0,1235,0,0,0,0,0,1339,1785.99,0.953667,29.338,168732,12,29433,486,465155,48,117732,1944,32,4,644756,1319142,20632192,5276568,25908760,4,4,12,4,4,4,0,20,20,20260807,5,1,1,1,0,0,0,6257,0.260708,1,0.0015,0
846,7950.01,10,0,2.08317,8.23325,0,0,0,10.3164,361,361,0,1,2.94392,2.94392,1830,367,0,1235,0,0,0,0,0,1339,1785.99,0.953667,29.338,168732,12,29433,486,465155,48,117732,1944,32,4,644756,1319142,20632192,5276568,25908760,4,4,12,4,4,4,0,20,20,20260807,5,1,1,1,0,0,0,6257,0.260708,1,0.0015,0
847,7956.35,7,0,2.20875,4.04933,0,0,0,6.25808,361,361,0,1,2.94392,2.94392,1830,367,0,1235,0,0,0,0,0,1339,1785.99,0.953667,29.338,168732,12,29433,486,465155,48,117732,1944,32,4,644756,1319142,20632192,5276568,25908760,4,4,12,4,4,4,0,20,20,20260807,5,1,1,1,0,0,0,6257,0.260708,1,0.0015,0
848,7966.78,10,0,2.17996,8.17567,0,0,0,10.3556,361,361,0,1,2.94392,2.94392,1830,367,0,1235,0,0,0,0,0,1339,1785.99,0.953667,29.338,168732,12,29433,486,465155,48,117732,1944,32,4,644756,1319142,20632192,5276568,25908760,4,4,12,4,4,4,0,20,20,20260807,5,1,1,1,0,0,0,6258,0.26075,1,0.0015,1
849,7973.03,6,0,2.18067,3.99208,0,0,0,6.17275,361,361,0,1,2.94392,2.94392,1830,367,0,1235,0,0,0,0,0,1339,1785.99,0.953667,29.338,168732,12,29433,486,465155,48,117732,1944,32,4,644756,1319142,20632192,5276568,25908760,4,4,12,4,4,4,0,20,20,20260807,5,1,1,1,0,0,0,6258,0.26075,1,0.0015,0
850,7983.16,11,0,2.07192,7.96525,0,0,0,10.0372,361,361,0,1,2.94392,2.94392,1830,367,0,1235,0,0,0,0,0,1339,1785.99,0.953667,29.338,168732,12,29433,486,465155,48,117732,1944,32,4,644756,1319142,20632192,5276568,25908760,4,4,12,4,4,4,0,20,20,20260807,5,1,1,1,0,0,0,6258,0.26075,1,0.0015,0
851,7989.22,6,0,2.13792,3.8505,0,0,0,5.98842,361,361,0,1,2.94392,2.94392,1830,367,0,1235,0,0,0,0,0,1339,1785.99,0.953667,29.338,168732,12,29433,486,465155,48,117732,1944,32,4,644756,1319142,20632192,5276568,25908760,4,4,12,4,4,4,0,20,20,20260807,5,1,1,1,0,0,0,6258,0.26075,1,0.0015,0
852,8000.18,11,0,2.50242,8.37325,0,0,0,10.8757,361,361,0,1,2.94392,2.94392,1830,367,0,1235,0,0,0,0,0,1339,1785.99,0.953667,29.338,168732,12,29433,486,465155,48,117732,1944,32,4,644756,1319142,20632192,5276568,25908760,4,4,12,4,4,4,0,20,20,20260807,5,1,1,1,0,0,0,6258,0.26075,1,0.0015,0
853,8008.34,8,0,2.23129,5.8495,0,0,0,8.08079,361,361,0,1,2.94392,2.94392,1830,367,0,1235,0,0,0,0,0,1339,1785.99,0.953667,29.338,168732,12,29433,486,465155,48,117732,1944,32,4,644756,1319142,20632192,5276568,25908760,4,4,12,4,4,4,0,20,20,20260807,5,1,1,1,0,0,0,6258,0.26075,1,0.0015,0
854,8016.84,8,0,2.15404,6.26558,0,0,0,8.41962,361,361,0,1,2.94392,2.94392,1830,367,0,1235,0,0,0,0,0,1339,1785.99,0.953667,29.338,168732,12,29433,486,465155,48,117732,1944,32,4,644756,1319142,20632192,5276568,25908760,4,4,12,4,4,4,0,20,20,20260807,5,1,1,1,0,0,0,6259,0.260792,1,0.0015,1
855,8022.98,6,0,2.1525,3.91333,0,0,0,6.06583,361,361,0,1,2.94392,2.94392,1830,367,0,1235,0,0,0,0,0,1339,1785.99,0.953667,29.338,168732,12,29433,486,465155,48,117732,1944,32,4,644756,1319142,20632192,5276568,25908760,4,4,12,4,4,4,0,20,20,20260807,5,1,1,1,0,0,0,6259,0.260792,1,0.0015,0
856,8033.19,11,0,2.13496,7.99683,0,0,0,10.1318,361,361,0,1,2.94392,2.94392,1830,367,0,1235,0,0,0,0,0,1339,1785.99,0.953667,29.338,168732,12,29433,486,465155,48,117732,1944,32,4,644756,1319142,20632192,5276568,25908760,4,4,12,4,4,4,0,20,20,20260807,5,1,1,1,0,0,0,6259,0.260792,1,0.0015,0
857,8039.45,6,0,2.10663,4.02613,0,0,0,6.13275,361,361,0,1,2.94392,2.94392,1830,367,0,1235,0,0,0,0,0,1339,1785.99,0.953667,29.338,168732,12,29433,486,465155,48,117732,1944,32,4,644756,1319142,20632192,5276568,25908760,4,4,12,4,4,4,0,20,20,20260807,5,1,1,1,0,0,0,6259,0.260792,1,0.0015,0
858,8050,10,0,2.1135,8.367,0,0,0,10.4805,361,361,0,1,2.94392,2.94392,1830,367,0,1235,0,0,0,0,0,1339,1785.99,0.953667,29.338,168732,12,29433,486,465155,48,117732,1944,32,4,644756,1319142,20632192,5276568,25908760,4,4,12,4,4,4,0,20,20,20260807,5,1,1,1,0,0,0,6259,0.260792,1,0.0015,0
859,8056.03,6,0,2.08071,3.86671,0,0,0,5.94742,361,361,0,1,2.94392,2.94392,1830,367,0,1235,0,0,0,0,0,1339,1785.99,0.953667,29.338,168732,12,29433,486,465155,48,117732,1944,32,4,644756,1319142,20632192,5276568,25908760,4,4,12,4,4,4,0,20,20,20260807,5,1,1,1,0,0,0,6259,0.260792,1,0.0015,0
860,8067.35,12,0,2.1125,8.61663,0,0,0,10.7291,361,361,0,1,2.94392,2.94392,1830,367,0,1235,0,0,0,0,0,1339,1785.99,0.953667,29.338,168732,12,29433,486,465155,48,117732,1944,32,4,644756,1319142,20632192,5276568,25908760,4,4,12,4,4,4,0,20,20,20260807,5,1,1,1,0,0,0,6260,0.260833,1,0.0015,1
861,8072.84,5,0,2.15817,3.24475,0,0,0,5.40292,361,361,0,1,2.94392,2.94392,1830,367,0,1235,0,0,0,0,0,1339,1785.99,0.953667,29.338,168732,12,29433,486,465155,48,117732,1944,32,4,644756,1319142,20632192,5276568,25908760,4,4,12,4,4,4,0,20,20,20260807,5,1,1,1,0,0,0,6260,0.260833,1,0.0015,0
862,8083.32,11,0,2.08242,8.31704,0,0,0,10.3995,361,361,0,1,2.94392,2.94392,1830,367,0,1235,0,0,0,0,0,1339,1785.99,0.953667,29.338,168732,12,29433,486,465155,48,117732,1944,32,4,644756,1319142,20632192,5276568,25908760,4,4,12,4,4,4,0,20,20,20260807,5,1,1,1,0,0,0,6260,0.260833,1,0.0015,0
863,8089.33,6,0,2.11529,3.81813,0,0,0,5.93342,361,361,0,1,2.94392,2.94392,1830,367,0,1235,0,0,0,0,0,1339,1785.99,0.953667,29.338,168732,12,29433,486,465155,48,117732,1944,32,4,644756,1319142,20632192,5276568,25908760,4,4,12,4,4,4,0,20,20,20260807,5,1,1,1,0,0,0,6260,0.260833,1,0.0015,0
864,8099.97,10,0,2.01963,8.46054,0,0,0,10.4802,361,361,0,1,2.94392,2.94392,1830,367,0,1235,0,0,0,0,0,1339,1785.99,0.953667,29.338,168732,12,29433,486,465155,48,117732,1944,32,4,644756,1319142,20632192,5276568,25908760,4,4,12,4,4,4,0,20,20,20260807,5,1,1,1,0,0,0,6260,0.260833,1,0.0015,0
865,8106.31,7,0,2.0875,4.16146,0,0,0,6.24896,361,361,0,1,2.94392,2.94392,1830,367,0,1235,0,0,0,0,0,1339,1785.99,0.953667,29.338,168732,12,29433,486,465155,48,117732,1944,32,4,644756,1319142,20632192,5276568,25908760,4,4,12,4,4,4,0,20,20,20260807,5,1,1,1,0,0,0,6260,0.260833,1,0.0015,0
866,8116.74,10,0,2.13046,8.23354,0,0,0,10.364,361,361,0,1,2.94392,2.94392,1830,367,0,1235,0,0,0,0,0,1339,1785.99,0.953667,29.338,168732,12,29433,486,465155,48,117732,1944,32,4,644756,1319142,20632192,5276568,25908760,4,4,12,4,4,4,0,20,20,20260807,5,1,1,1,0,0,0,6261,0.260875,1,0.0015,1
867,8122.24,6,0,2.13662,3.2845,0,0,0,5.42112,361,361,0,1,2.94392,2.94392,1830,367,0,1235,0,0,0,0,0,1339,1785.99,0.953667,29.338,168732,12,29433,486,465155,48,117732,1944,32,4,644756,1319142,20632192,5276568,25908760,4,4,12,4,4,4,0,20,20,20260807,5,1,1,1,0,0,0,6261,0.260875,1,0.0015,0
868,8133.75,11,0,2.09275,9.33208,0,0,0,11.4248,361,361,0,1,2.94392,2.94392,1830,367,0,1235,0,0,0,0,0,1339,1785.99,0.953667,29.338,168732,12,29433,486,465155,48,117732,1944,32,4,644756,1319142,20632192,5276568,25908760,4,4,12,4,4,4,0,20,20,20260807,5,1,1,1,0,0,0,6261,0.260875,1,0.0015,0
869,8139.98,6,0,2.12237,4.03571,0,0,0,6.15808,361,361,0,1,2.94392,2.94392,1830,367,0,1235,0,0,0,0,0,1339,1785.99,0.953667,29.338,168732,12,29433,486,465155,48,117732,1944,32,4,644756,1319142,20632192,5276568,25908760,4,4,12,4,4,4,0,20,20,20260807,5,1,1,1,0,0,0,6261,0.260875,1,0.0015,0
870,8150.13,11,0,2.06158,8.01296,0,0,0,10.0745,361,361,0,1,2.94392,2.94392,1830,367,0,1235,0,0,0,0,0,1339,1785.99,0.953667,29.338,168732,12,29433,486,465155,48,117732,1944,32,4,644756,1319142,20632192,5276568,25908760,4,4,12,4,4,4,0,20,20,20260807,5,1,1,1,0,0,0,6261,0.260875,1,0.0015,0
871,8155.98,5,0,2.10442,3.62867,0,0,0,5.73308,361,361,0,1,2.94392,2.94392,1830,367,0,1235,0,0,0,0,0,1339,1785.99,0.953667,29.338,168732,12,29433,486,465155,48,117732,1944,32,4,644756,1319142,20632192,5276568,25908760,4,4,12,4,4,4,0,20,20,20260807,5,1,1,1,0,0,0,6261,0.260875,1,0.0015,0
872,8166.74,11,0,2.09292,8.586,0,0,0,10.6789,361,361,0,1,2.94392,2.94392,1830,367,0,1235,0,0,0,0,0,1339,1785.99,0.953667,29.338,168732,12,29433,486,465155,48,117732,1944,32,4,644756,1319142,20632192,5276568,25908760,4,4,12,4,4,4,0,20,20,20260807,5,1,1,1,0,0,0,6262,0.260917,1,0.0015,1
873,8172.71,6,0,2.22754,3.66404,0,0,0,5.89158,361,361,0,1,2.94392,2.94392,1830,367,0,1235,0,0,0,0,0,1339,1785.99,0.953667,29.338,168732,12,29433,486,465155,48,117732,1944,32,4,644756,1319142,20632192,5276568,25908760,4,4,12,4,4,4,0,20,20,20260807,5,1,1,1,0,0,0,6262,0.260917,1,0.0015,0
874,8183.37,11,0,2.05933,8.52325,0,0,0,10.5826,361,361,0,1,2.94392,2.94392,1830,367,0,1235,0,0,0,0,0,1339,1785.99,0.953667,29.338,168732,12,29433,486,465155,48,117732,1944,32,4,644756,1319142,20632192,5276568,25908760,4,4,12,4,4,4,0,20,20,20260807,5,1,1,1,0,0,0,6262,0.260917,1,0.0015,0
875,8189.42,6,0,2.19592,3.78425,0,0,0,5.98017,361,361,0,1,2.94392,2.94392,1830,367,0,1235,0,0,0,0,0,1339,1785.99,0.953667,29.338,168732,12,29433,486,465155,48,117732,1944,32,4,644756,1319142,20632192,5276568,25908760,4,4,12,4,4,4,0,20,20,20260807,5,1,1,1,0,0,0,6262,0.260917,1,0.0015,0
876,8199.88,10,0,2.11179,8.26883,0,0,0,10.3806,361,361,0,1,2.94392,2.94392,1830,367,0,1235,0,0,0,0,0,1339,1785.99,0.953667,29.338,168732,12,29433,486,465155,48,117732,1944,32,4,644756,1319142,20632192,5276568,25908760,4,4,12,4,4,4,0,20,20,20260807,5,1,1,1,0,0,0,6262,0.260917,1,0.0015,0
877,8206.32,7,0,2.18233,4.17604,0,0,0,6.35837,361,361,0,1,2.94392,2.94392,1830,367,0,1235,0,0,0,0,0,1339,1785.99,0.953667,29.338,168732,12,29433,486,465155,48,117732,1944,32,4,644756,1319142,20632192,5276568,25908760,4,4,12,4,4,4,0,20,20,20260807,5,1,1,1,0,0,0,6262,0.260917,1,0.0015,0
878,8216.58,10,0,2.07358,8.11296,0,0,0,10.1865,361,361,0,1,2.94392,2.94392,1830,367,0,1235,0,0,0,0,0,1339,1785.99,0.953667,29.338,168732,12,29433,486,465155,48,117732,1944,32,4,644756,1319142,20632192,5276568,25908760,4,4,12,4,4,4,0,20,20,20260807,5,1,1,1,0,0,0,6263,0.260958,1,0.0015,1
879,8222.64,5,0,2.27758,3.68671,0,0,0,5.96429,361,361,0,1,2.94392,2.94392,1830,367,0,1235,0,0,0,0,0,1339,1785.99,0.953667,29.338,168732,12,29433,486,465155,48,117732,1944,32,4,644756,1319142,20632192,5276568,25908760,4,4,12,4,4,4,0,20,20,20260807,5,1,1,1,0,0,0,6263,0.260958,1,0.0015,0
880,8236.7,14,0,2.06708,11.9248,0,0,0,13.9919,361,361,0,1,2.94392,2.94392,1830,367,0,1235,0,0,0,0,0,1339,1785.99,0.953667,29.338,168732,12,29433,486,465155,48,117732,1944,32,4,644756,1319142,20632192,5276568,25908760,4,4,12,4,4,4,0,20,20,20260807,5,1,1,1,0,0,0,6263,0.260958,1,0.0015,0
881,8242.03,5,0,2.16921,3.07587,0,0,0,5.24508,361,361,0,1,2.94392,2.94392,1830,367,0,1235,0,0,0,0,0,1339,1785.99,0.953667,29.338,168732,12,29433,486,465155,48,117732,1944,32,4,644756,1319142,20632192,5276568,25908760,4,4,12,4,4,4,0,20,20,20260807,5,1,1,1,0,0,0,6263,0.260958,1,0.0015,0
882,8249.95,8,0,2.08133,5.76092,0,0,0,7.84225,361,361,0,1,2.94392,2.94392,1830,367,0,1235,0,0,0,0,0,1339,1785.99,0.953667,29.338,168732,12,29433,486,465155,48,117732,1944,32,4,644756,1319142,20632192,5276568,25908760,4,4,12,4,4,4,0,20,20,20260807,5,1,1,1,0,0,0,6263,0.260958,1,0.0015,0
883,8256.25,7,0,2.13687,4.08462,0,0,0,6.2215,361,361,0,1,2.94392,2.94392,1830,367,0,1235,0,0,0,0,0,1339,1785.99,0.953667,29.338,168732,12,29433,486,465155,48,117732,1944,32,4,644756,1319142,20632192,5276568,25908760,4,4,12,4,4,4,0,20,20,20260807,5,1,1,1,0,0,0,6263,0.260958,1,0.0015,0
884,8266.62,10,0,2.20646,8.08679,0,0,0,10.2933,361,361,0,1,2.94392,2.94392,1830,367,0,1235,0,0,0,0,0,1339,1785.99,0.953667,29.338,168732,12,29433,486,465155,48,117732,1944,32,4,644756,1319142,20632192,5276568,25908760,4,4,12,4,4,4,0,20,20,20260807,5,1,1,1,0,0,0,6264,0.261,1,0.0015,1
885,8272.69,6,0,2.16183,3.82946,0,0,0,5.99129,361,361,0,1,2.94392,2.94392,1830,367,0,1235,0,0,0,0,0,1339,1785.99,0.953667,29.338,168732,12,29433,486,465155,48,117732,1944,32,4,644756,1319142,20632192,5276568,25908760,4,4,12,4,4,4,0,20,20,20260807,5,1,1,1,0,0,0,6264,0.261,1,0.0015,0
886,8283.21,11,0,2.13471,8.27487,0,0,0,10.4096,361,361,0,1,2.94392,2.94392,1830,367,0,1235,0,0,0,0,0,1339,1785.99,0.953667,29.338,168732,12,29433,486,465155,48,117732,1944,32,4,644756,1319142,20632192,5276568,25908760,4,4,12,4,4,4,0,20,20,20260807,5,1,1,1,0,0,0,6264,0.261,1,0.0015,0
887,8289.31,6,0,2.10017,3.91279,0,0,0,6.01296,361,361,0,1,2.94392,2.94392,1830,367,0,1235,0,0,0,0,0,1339,1785.99,0.953667,29.338,168732,12,29433,486,465155,48,117732,1944,32,4,644756,1319142,20632192,5276568,25908760,4,4,12,4,4,4,0,20,20,20260807,5,1,1,1,0,0,0,6264,0.261,1,0.0015,0
888,8299.84,10,0,2.01737,3.41729,0,0,0,5.43467,361,361,0,1,2.94392,2.94392,1830,367,0,1235,0,0,0,0,0,1339,1785.99,0.953667,29.338,168732,12,29433,486,465155,48,117732,1944,32,4,644756,1319142,20632192,5276568,25908760,4,4,12,4,4,4,0,20,20,20260807,5,1,1,1,0,0,0,6264,0.261,1,0.0015,0
889,8305.91,6,0,2.07029,3.93096,0,0,0,6.00125,361,361,0,1,2.94392,2.94392,1830,367,0,1235,0,0,0,0,0,1339,1785.99,0.953667,29.338,168732,12,29433,486,465155,48,117732,1944,32,4,644756,1319142,20632192,5276568,25908760,4,4,12,4,4,4,0,20,20,20260807,5,1,1,1,0,0,0,6264,0.261,1,0.0015,0
890,8316.56,11,0,5.49137,5.08146,0,0,0,10.5728,361,361,0,1,2.94392,2.94392,1830,367,0,1235,0,0,0,0,0,1339,1785.99,0.953667,29.338,168732,12,29433,486,465155,48,117732,1944,32,4,644756,1319142,20632192,5276568,25908760,4,4,12,4,4,4,0,20,20,20260807,5,1,1,1,0,0,0,6265,0.261042,1,0.0015,1
891,8322.96,6,0,2.15808,4.16062,0,0,0,6.31871,361,361,0,1,2.94392,2.94392,1830,367,0,1235,0,0,0,0,0,1339,1785.99,0.953667,29.338,168732,12,29433,486,465155,48,117732,1944,32,4,644756,1319142,20632192,5276568,25908760,4,4,12,4,4,4,0,20,20,20260807,5,1,1,1,0,0,0,6265,0.261042,1,0.0015,0
892,8333.2,11,0,2.06146,8.09892,0,0,0,10.1604,361,361,0,1,2.94392,2.94392,1830,367,0,1235,0,0,0,0,0,1339,1785.99,0.953667,29.338,168732,12,29433,486,465155,48,117732,1944,32,4,644756,1319142,20632192,5276568,25908760,4,4,12,4,4,4,0,20,20,20260807,5,1,1,1,0,0,0,6265,0.261042,1,0.0015,0
893,8339.93,6,0,2.2085,4.44671,0,0,0,6.65521,361,361,0,1,2.94392,2.94392,1830,367,0,1235,0,0,0,0,0,1339,1785.99,0.953667,29.338,168732,12,29433,486,465155,48,117732,1944,32,4,644756,1319142,20632192,5276568,25908760,4,4,12,4,4,4,0,20,20,20260807,5,1,1,1,0,0,0,6265,0.261042,1,0.0015,0
894,8349.82,10,0,2.15146,7.64733,0,0,0,9.79879,361,361,0,1,2.94392,2.94392,1830,367,0,1235,0,0,0,0,0,1339,1785.99,0.953667,29.338,168732,12,29433,486,465155,48,117732,1944,32,4,644756,1319142,20632192,5276568,25908760,4,4,12,4,4,4,0,20,20,20260807,5,1,1,1,0,0,0,6265,0.261042,1,0.0015,0
895,8355.94,6,0,2.20796,3.844,0,0,0,6.05196,361,361,0,1,2.94392,2.94392,1830,367,0,1235,0,0,0,0,0,1339,1785.99,0.953667,29.338,168732,12,29433,486,465155,48,117732,1944,32,4,644756,1319142,20632192,5276568,25908760,4,4,12,4,4,4,0,20,20,20260807,5,1,1,1,0,0,0,6265,0.261042,1,0.0015,0
896,8366.52,11,0,2.11112,8.38746,0,0,0,10.4986,361,361,0,1,2.94392,2.94392,1830,367,0,1235,0,0,0,0,0,1339,1785.99,0.953667,29.338,168732,12,29433,486,465155,48,117732,1944,32,4,644756,1319142,20632192,5276568,25908760,4,4,12,4,4,4,0,20,20,20260807,5,1,1,1,0,0,0,6266,0.261083,1,0.0015,1
897,8372.16,6,0,2.16775,3.39667,0,0,0,5.56442,361,361,0,1,2.94392,2.94392,1830,367,0,1235,0,0,0,0,0,1339,1785.99,0.953667,29.338,168732,12,29433,486,465155,48,117732,1944,32,4,644756,1319142,20632192,5276568,25908760,4,4,12,4,4,4,0,20,20,20260807,5,1,1,1,0,0,0,6266,0.261083,1,0.0015,0
898,8383.38,11,0,2.22233,8.92129,0,0,0,11.1436,361,361,0,1,2.94392,2.94392,1830,367,0,1235,0,0,0,0,0,1339,1785.99,0.953667,29.338,168732,12,29433,486,465155,48,117732,1944,32,4,644756,1319142,20632192,5276568,25908760,4,4,12,4,4,4,0,20,20,20260807,5,1,1,1,0,0,0,6266,0.261083,1,0.0015,0
899,8389.04,6,0,2.238,3.34529,0,0,0,5.58329,361,361,0,1,2.94392,2.94392,1830,367,0,1235,0,0,0,0,0,1339,1785.99,0.953667,29.338,168732,12,29433,486,465155,48,117732,1944,32,4,644756,1319142,20632192,5276568,25908760,4,4,12,4,4,4,0,20,20,20260807,5,1,1,1,0,0,0,6266,0.261083,1,0.0015,0
900,8401.29,12,0,2.03342,10.1117,0,0,0,12.1451,361,361,0,1,2.94392,2.94392,1830,367,0,1235,0,0,0,0,0,1339,1785.99,0.953667,29.338,168732,12,29433,486,465155,48,117732,1944,32,4,644756,1319142,20632192,5276568,25908760,4,4,12,4,4,4,0,20,20,20260807,5,1,1,1,0,0,0,6266,0.261083,1,0.0015,0
901,8416.79,15,0,3.25146,12.1559,0,0,0,15.4073,361,361,0,1,2.94392,2.94392,1830,367,0,1235,0,0,0,0,0,1339,1785.99,0.953667,29.338,168732,12,29433,486,465155,48,117732,1944,32,4,644756,1319142,20632192,5276568,25908760,4,4,12,4,4,4,0,20,20,20260807,5,1,1,1,0,0,0,6266,0.261083,1,0.0015,0
902,8422.28,6,0,2.19571,3.20983,0,0,0,5.40554,361,361,0,1,2.94392,2.94392,1830,367,0,1235,0,0,0,0,0,1339,1785.99,0.953667,29.338,168732,12,29433,486,465155,48,117732,1944,32,4,644756,1319142,20632192,5276568,25908760,4,4,12,4,4,4,0,20,20,20260807,5,1,1,1,0,0,0,6267,0.261125,1,0.0015,1
903,8434.01,11,0,2.03946,9.62054,0,0,0,11.66,361,361,0,1,2.94392,2.94392,1830,367,0,1235,0,0,0,0,0,1339,1785.99,0.953667,29.338,168732,12,29433,486,465155,48,117732,1944,32,4,644756,1319142,20632192,5276568,25908760,4,4,12,4,4,4,0,20,20,20260807,5,1,1,1,0,0,0,6267,0.261125,1,0.0015,0
904,8441.55,8,0,2.40638,5.05008,0,0,0,7.45646,361,361,0,1,2.94392,2.94392,1830,367,0,1235,0,0,0,0,0,1339,1785.99,0.953667,29.338,168732,12,29433,486,465155,48,117732,1944,32,4,644756,1319142,20632192,5276568,25908760,4,4,12,4,4,4,0,20,20,20260807,5,1,1,1,0,0,0,6267,0.261125,1,0.0015,0
905,8453.8,12,0,2.07412,10.0851,0,0,0,12.1592,361,361,0,1,2.94392,2.94392,1830,367,0,1235,0,0,0,0,0,1339,1785.99,0.953667,29.338,168732,12,29433,486,465155,48,117732,1944,32,4,644756,1319142,20632192,5276568,25908760,4,4,12,4,4,4,0,20,20,20260807,5,1,1,1,0,0,0,6267,0.261125,1,0.0015,0
906,8468.91,15,0,2.337,12.6924,0,0,0,15.0294,361,361,0,1,2.94392,2.94392,1830,367,0,1235,0,0,0,0,0,1339,1785.99,0.953667,29.338,168732,12,29433,486,465155,48,117732,1944,32,4,644756,1319142,20632192,5276568,25908760,4,4,12,4,4,4,0,20,20,20260807,5,1,1,1,0,0,0,6268,0.261167,1,0.0015,1
907,8483.23,15,0,2.14454,12.1018,0,0,0,14.2464,361,361,0,1,2.94392,2.94392,1830,367,0,1235,0,0,0,0,0,1339,1785.99,0.953667,29.338,168732,12,29433,486,465155,48,117732,1944,32,4,644756,1319142,20632192,5276568,25908760,4,4,12,4,4,4,0,20,20,20260807,5,1,1,1,0,0,0,6268,0.261167,1,0.0015,0
908,8488.48,5,0,2.1955,2.95554,0,0,0,5.15104,361,361,0,1,2.94392,2.94392,1830,367,0,1235,0,0,0,0,0,1339,1785.99,0.953667,29.338,168732,12,29433,486,465155,48,117732,1944,32,4,644756,1319142,20632192,5276568,25908760,4,4,12,4,4,4,0,20,20,20260807,5,1,1,1,0,0,0,6268,0.261167,1,0.0015,0
909,8499.71,11,0,2.11233,9.04462,0,0,0,11.157,361,361,0,1,2.94392,2.94392,1830,367,0,1235,0,0,0,0,0,1339,1785.99,0.953667,29.338,168732,12,29433,486,465155,48,117732,1944,32,4,644756,1319142,20632192,5276568,25908760,4,4,12,4,4,4,0,20,20,20260807,5,1,1,1,0,0,0,6268,0.261167,1,0.0015,0
910,8508.83,9,0,2.13762,6.90183,0,0,0,9.03946,361,361,0,1,2.94392,2.94392,1830,367,0,1235,0,0,0,0,0,1339,1785.99,0.953667,29.338,168732,12,29433,486,465155,48,117732,1944,32,4,644756,1319142,20632192,5276568,25908760,4,4,12,4,4,4,0,20,20,20260807,5,1,1,1,0,0,0,6268,0.261167,1,0.0015,0
911,8516.35,8,0,2.04363,5.40075,0,0,0,7.44437,361,361,0,1,2.94392,2.94392,1830,367,0,1235,0,0,0,0,0,1339,1785.99,0.953667,29.338,168732,12,29433,486,465155,48,117732,1944,32,4,644756,1319142,20632192,5276568,25908760,4,4,12,4,4,4,0,20,20,20260807,5,1,1,1,0,0,0,6269,0.261208,1,0.0015,1
912,8522.64,6,0,2.252,3.94804,0,0,0,6.20004,361,361,0,1,2.94392,2.94392,1830,367,0,1235,0,0,0,0,0,1339,1785.99,0.953667,29.338,168732,12,29433,486,465155,48,117732,1944,32,4,644756,1319142,20632192,5276568,25908760,4,4,12,4,4,4,0,20,20,20260807,5,1,1,1,0,0,0,6269,0.261208,1,0.0015,0
913,8538.23,16,0,2.26083,13.2574,0,0,0,15.5183,361,361,0,1,2.94392,2.94392,1830,367,0,1235,0,0,0,0,0,1339,1785.99,0.953667,29.338,168732,12,29433,486,465155,48,117732,1944,32,4,644756,1319142,20632192,5276568,25908760,4,4,12,4,4,4,0,20,20,20260807,5,1,1,1,0,0,0,6269,0.261208,1,0.0015,0
914,8544.13,6,0,2.21825,3.57721,0,0,0,5.79546,361,361,0,1,2.94392,2.94392,1830,367,0,1235,0,0,0,0,0,1339,1785.99,0.953667,29.338,168732,12,29433,486,465155,48,117732,1944,32,4,644756,1319142,20632192,5276568,25908760,4,4,12,4,4,4,0,20,20,20260807,5,1,1,1,0,0,0,6269,0.261208,1,0.0015,0
915,8552.18,8,0,2.05888,5.92117,0,0,0,7.98004,361,361,0,1,2.94392,2.94392,1830,367,0,1235,0,0,0,0,0,1339,1785.99,0.953667,29.338,168732,12,29433,486,465155,48,117732,1944,32,4,644756,1319142,20632192,5276568,25908760,4,4,12,4,4,4,0,20,20,20260807,5,1,1,1,0,0,0,6269,0.261208,1,0.0015,0
916,8569.27,17,0,2.13196,14.8673,0,0,0,16.9993,361,361,0,1,2.94392,2.94392,1830,367,0,1235,0,0,0,0,0,1339,1785.99,0.953667,29.338,168732,12,29433,486,465155,48,117732,1944,32,4,644756,1319142,20632192,5276568,25908760,4,4,12,4,4,4,0,20,20,20260807,5,1,1,1,0,0,0,6270,0.26125,1,0.0015,1
917,8583.45,14,0,2.15992,11.9465,0,0,0,14.1064,361,361,0,1,2.94392,2.94392,1830,367,0,1235,0,0,0,0,0,1339,1785.99,0.953667,29.338,168732,12,29433,486,465155,48,117732,1944,32,4,644756,1319142,20632192,5276568,25908760,4,4,12,4,4,4,0,20,20,20260807,5,1,1,1,0,0,0,6270,0.26125,1,0.0015,0
918,8588.75,5,0,2.25537,2.95996,0,0,0,5.21533,361,361,0,1,2.94392,2.94392,1830,367,0,1235,0,0,0,0,0,1339,1785.99,0.953667,29.338,168732,12,29433,486,465155,48,117732,1944,32,4,644756,1319142,20632192,5276568,25908760,4,4,12,4,4,4,0,20,20,20260807,5,1,1,1,0,0,0,6270,0.26125,1,0.0015,0
919,8600.02,11,0,2.18267,9.00546,0,0,0,11.1881,361,361,0,1,2.94392,2.94392,1830,367,0,1235,0,0,0,0,0,1339,1785.99,0.953667,29.338,168732,12,29433,486,465155,48,117732,1944,32,4,644756,1319142,20632192,5276568,25908760,4,4,12,4,4,4,0,20,20,20260807,5,1,1,1,0,0,0,6270,0.26125,1,0.0015,0
920,8606.21,7,0,2.16846,3.95558,0,0,0,6.12404,361,361,0,1,2.94392,2.94392,1830,367,0,1235,0,0,0,0,0,1339,1785.99,0.953667,29.338,168732,12,29433,486,465155,48,117732,1944,32,4,644756,1319142,20632192,5276568,25908760,4,4,12,4,4,4,0,20,20,20260807,5,1,1,1,0,0,0,6270,0.26125,1,0.0015,0
921,8617.76,11,0,2.27071,9.19829,0,0,0,11.469,361,361,0,1,2.94392,2.94392,1830,367,0,1235,0,0,0,0,0,1339,1785.99,0.953667,29.338,168732,12,29433,486,465155,48,117732,1944,32,4,644756,1319142,20632192,5276568,25908760,4,4,12,4,4,4,0,20,20,20260807,5,1,1,1,0,0,0,6271,0.261292,1,0.0015,1
922,8623.21,6,0,2.25387,3.11871,0,0,0,5.37258,361,361,0,1,2.94392,2.94392,1830,367,0,1235,0,0,0,0,0,1339,1785.99,0.953667,29.338,168732,12,29433,486,465155,48,117732,1944,32,4,644756,1319142,20632192,5276568,25908760,4,4,12,4,4,4,0,20,20,20260807,5,1,1,1,0,0,0,6271,0.261292,1,0.0015,0
923,8635.43,12,0,2.14196,9.98525,0,0,0,12.1272,361,361,0,1,2.94392,2.94392,1830,367,0,1235,0,0,0,0,0,1339,1785.99,0.953667,29.338,168732,12,29433,486,465155,48,117732,1944,32,4,644756,1319142,20632192,5276568,25908760,4,4,12,4,4,4,0,20,20,20260807,5,1,1,1,0,0,0,6271,0.261292,1,0.0015,0
924,8649.98,14,0,2.12604,12.3472,0,0,0,14.4732,361,361,0,1,2.94392,2.94392,1830,367,0,1235,0,0,0,0,0,1339,1785.99,0.953667,29.338,168732,12,29433,486,465155,48,117732,1944,32,4,644756,1319142,20632192,5276568,25908760,4,4,12,4,4,4,0,20,20,20260807,5,1,1,1,0,0,0,6271,0.261292,1,0.0015,0
925,8659.98,10,0,2.15546,7.76213,0,0,0,9.91758,361,361,0,1,2.94392,2.94392,1830,367,0,1235,0,0,0,0,0,1339,1785.99,0.953667,29.338,168732,12,29433,486,465155,48,117732,1944,32,4,644756,1319142,20632192,5276568,25908760,4,4,12,4,4,4,0,20,20,20260807,5,1,1,1,0,0,0,6271,0.261292,1,0.0015,0
926,8666.56,8,0,2.12425,4.378,0,0,0,6.50225,361,361,0,1,2.94392,2.94392,1830,367,0,1235,0,0,0,0,0,1339,1785.99,0.953667,29.338,168732,12,29433,486,465155,48,117732,1944,32,4,644756,1319142,20632192,5276568,25908760,4,4,12,4,4,4,0,20,20,20260807,5,1,1,1,0,0,0,6272,0.261333,1,0.0015,1
927,8675.06,9,0,2.06183,6.3605,0,0,0,8.42233,361,361,0,1,2.94392,2.94392,1830,367,0,1235,0,0,0,0,0,1339,1785.99,0.953667,29.338,168732,12,29433,486,465155,48,117732,1944,32,4,644756,1319142,20632192,5276568,25908760,4,4,12,4,4,4,0,20,20,20260807,5,1,1,1,0,0,0,6272,0.261333,1,0.0015,0
928,8683.14,8,0,2.14988,5.79725,0,0,0,7.94712,361,361,0,1,2.94392,2.94392,1830,367,0,1235,0,0,0,0,0,1339,1785.99,0.953667,29.338,168732,12,29433,486,465155,48,117732,1944,32,4,644756,1319142,20632192,5276568,25908760,4,4,12,4,4,4,0,20,20,20260807,5,1,1,1,0,0,0,6272,0.261333,1,0.0015,0
929,8689.66,6,0,2.22421,4.1645,0,0,0,6.38871,361,361,0,1,2.94392,2.94392,1830,367,0,1235,0,0,0,0,0,1339,1785.99,0.953667,29.338,168732,12,29433,486,465155,48,117732,1944,32,4,644756,1319142,20632192,5276568,25908760,4,4,12,4,4,4,0,20,20,20260807,5,1,1,1,0,0,0,6272,0.261333,1,0.0015,0
930,8700.58,11,0,2.29396,8.52329,0,0,0,10.8172,361,361,0,1,2.94392,2.94392,1830,367,0,1235,0,0,0,0,0,1339,1785.99,0.953667,29.338,168732,12,29433,486,465155,48,117732,1944,32,4,644756,1319142,20632192,5276568,25908760,4,4,12,4,4,4,0,20,20,20260807,5,1,1,1,0,0,0,6272,0.261333,1,0.0015,0
931,8706.22,6,0,2.10479,3.45412,0,0,0,5.55892,361,361,0,1,2.94392,2.94392,1830,367,0,1235,0,0,0,0,0,1339,1785.99,0.953667,29.338,168732,12,29433,486,465155,48,117732,1944,32,4,644756,1319142,20632192,5276568,25908760,4,4,12,4,4,4,0,20,20,20260807,5,1,1,1,0,0,0,6272,0.261333,1,0.0015,0
932,8717.3,11,0,2.26625,8.73483,0,0,0,11.0011,361,361,0,1,2.94392,2.94392,1830,367,0,1235,0,0,0,0,0,1339,1785.99,0.953667,29.338,168732,12,29433,486,465155,48,117732,1944,32,4,644756,1319142,20632192,5276568,25908760,4,4,12,4,4,4,0,20,20,20260807,5,1,1,1,0,0,0,6273,0.261375,1,0.0015,1
933,8723.04,6,0,2.27842,3.38738,0,0,0,5.66579,361,361,0,1,2.94392,2.94392,1830,367,0,1235,0,0,0,0,0,1339,1785.99,0.953667,29.338,168732,12,29433,486,465155,48,117732,1944,32,4,644756,1319142,20632192,5276568,25908760,4,4,12,4,4,4,0,20,20,20260807,5,1,1,1,0,0,0,6273,0.261375,1,0.0015,0
934,8733.41,10,0,2.19933,8.08204,0,0,0,10.2814,361,361,0,1,2.94392,2.94392,1830,367,0,1235,0,0,0,0,0,1339,1785.99,0.953667,29.338,168732,12,29433,486,465155,48,117732,1944,32,4,644756,1319142,20632192,5276568,25908760,4,4,12,4,4,4,0,20,20,20260807,5,1,1,1,0,0,0,6273,0.261375,1,0.0015,0
935,8739.48,6,0,2.24183,3.75358,0,0,0,5.99542,361,361,0,1,2.94392,2.94392,1830,367,0,1235,0,0,0,0,0,1339,1785.99,0.953667,29.338,168732,12,29433,486,465155,48,117732,1944,32,4,644756,1319142,20632192,5276568,25908760,4,4,12,4,4,4,0,20,20,20260807,5,1,1,1,0,0,0,6273,0.261375,1,0.0015,0
936,8749.96,10,0,2.21775,8.18812,0,0,0,10.4059,361,361,0,1,2.94392,2.94392,1830,367,0,1235,0,0,0,0,0,1339,1785.99,0.953667,29.338,168732,12,29433,486,465155,48,117732,1944,32,4,644756,1319142,20632192,5276568,25908760,4,4,12,4,4,4,0,20,20,20260807,5,1,1,1,0,0,0,6273,0.261375,1,0.0015,0
937,8756.02,6,0,2.20054,3.75842,0,0,0,5.95896,361,361,0,1,2.94392,2.94392,1830,367,0,1235,0,0,0,0,0,1339,1785.99,0.953667,29.338,168732,12,29433,486,465155,48,117732,1944,32,4,644756,1319142,20632192,5276568,25908760,4,4,12,4,4,4,0,20,20,20260807,5,1,1,1,0,0,0,6273,0.261375,1,0.0015,0
938,8766.66,11,0,2.24487,8.32021,0,0,0,10.5651,361,361,0,1,2.94392,2.94392,1830,367,0,1235,0,0,0,0,0,1339,1785.99,0.953667,29.338,168732,12,29433,486,465155,48,117732,1944,32,4,644756,1319142,20632192,5276568,25908760,4,4,12,4,4,4,0,20,20,20260807,5,1,1,1,0,0,0,6274,0.261417,1,0.0015,1
939,8772.74,6,0,2.23612,3.76208,0,0,0,5.99821,361,361,0,1,2.94392,2.94392,1830,367,0,1235,0,0,0,0,0,1339,1785.99,0.953667,29.338,168732,12,29433,486,465155,48,117732,1944,32,4,644756,1319142,20632192,5276568,25908760,4,4,12,4,4,4,0,20,20,20260807,5,1,1,1,0,0,0,6274,0.261417,1,0.0015,0
940,8783.36,11,0,2.19612,8.35571,0,0,0,10.5518,361,361,0,1,2.94392,2.94392,1830,367,0,1235,0,0,0,0,0,1339,1785.99,0.953667,29.338,168732,12,29433,486,465155,48,117732,1944,32,4,644756,1319142,20632192,5276568,25908760,4,4,12,4,4,4,0,20,20,20260807,5,1,1,1,0,0,0,6274,0.261417,1,0.0015,0
941,8789.58,6,0,2.19446,3.93483,0,0,0,6.12929,361,361,0,1,2.94392,2.94392,1830,367,0,1235,0,0,0,0,0,1339,1785.99,0.953667,29.338,168732,12,29433,486,465155,48,117732,1944,32,4,644756,1319142,20632192,5276568,25908760,4,4,12,4,4,4,0,20,20,20260807,5,1,1,1,0,0,0,6274,0.261417,1,0.0015,0
942,8800.09,11,0,2.22321,8.21975,0,0,0,10.443,361,361,0,1,2.94392,2.94392,1830,367,0,1235,0,0,0,0,0,1339,1785.99,0.953667,29.338,168732,12,29433,486,465155,48,117732,1944,32,4,644756,1319142,20632192,5276568,25908760,4,4,12,4,4,4,0,20,20,20260807,5,1,1,1,0,0,0,6274,0.261417,1,0.0015,0
943,8805.62,5,0,2.28283,3.11575,0,0,0,5.39858,361,361,0,1,2.94392,2.94392,1830,367,0,1235,0,0,0,0,0,1339,1785.99,0.953667,29.338,168732,12,29433,486,465155,48,117732,1944,32,4,644756,1319142,20632192,5276568,25908760,4,4,12,4,4,4,0,20,20,20260807,5,1,1,1,0,0,0,6274,0.261417,1,0.0015,0
944,8816.77,11,0,2.37792,8.64288,0,0,0,11.0208,361,361,0,1,2.94392,2.94392,1830,367,0,1235,0,0,0,0,0,1339,1785.99,0.953667,29.338,168732,12,29433,486,465155,48,117732,1944,32,4,644756,1319142,20632192,5276568,25908760,4,4,12,4,4,4,0,20,20,20260807,5,1,1,1,0,0,0,6275,0.261458,1,0.0015,1
945,8823.05,7,0,2.45279,3.73458,0,0,0,6.18738,361,361,0,1,2.94392,2.94392,1830,367,0,1235,0,0,0,0,0,1339,1785.99,0.953667,29.338,168732,12,29433,486,465155,48,117732,1944,32,4,644756,1319142,20632192,5276568,25908760,4,4,12,4,4,4,0,20,20,20260807,5,1,1,1,0,0,0,6275,0.261458,1,0.0015,0
946,8833.52,10,0,2.16646,8.21117,0,0,0,10.3776,361,361,0,1,2.94392,2.94392,1830,367,0,1235,0,0,0,0,0,1339,1785.99,0.953667,29.338,168732,12,29433,486,465155,48,117732,1944,32,4,644756,1319142,20632192,5276568,25908760,4,4,12,4,4,4,0,20,20,20260807,5,1,1,1,0,0,0,6275,0.261458,1,0.0015,0
947,8840.09,7,0,2.24733,4.24767,0,0,0,6.495,361,361,0,1,2.94392,2.94392,1830,367,0,1235,0,0,0,0,0,1339,1785.99,0.953667,29.338,168732,12,29433,486,465155,48,117732,1944,32,4,644756,1319142,20632192,5276568,25908760,4,4,12,4,4,4,0,20,20,20260807,5,1,1,1,0,0,0,6275,0.261458,1,0.0015,0
948,8849.74,9,0,2.31967,7.24629,0,0,0,9.56596,361,361,0,1,2.94392,2.94392,1830,367,0,1235,0,0,0,0,0,1339,1785.99,0.953667,29.338,168732,12,29433,486,465155,48,117732,1944,32,4,644756,1319142,20632192,5276568,25908760,4,4,12,4,4,4,0,20,20,20260807,5,1,1,1,0,0,0,6275,0.261458,1,0.0015,0
949,8856.1,7,0,2.09679,4.19171,0,0,0,6.2885,361,361,0,1,2.94392,2.94392,1830,367,0,1235,0,0,0,0,0,1339,1785.99,0.953667,29.338,168732,12,29433,486,465155,48,117732,1944,32,4,644756,1319142,20632192,5276568,25908760,4,4,12,4,4,4,0,20,20,20260807,5,1,1,1,0,0,0,6275,0.261458,1,0.0015,0
950,8867.06,11,0,2.37771,8.50362,0,0,0,10.8813,361,361,0,1,2.94392,2.94392,1830,367,0,1235,0,0,0,0,0,1339,1785.99,0.953667,29.338,168732,12,29433,486,465155,48,117732,1944,32,4,644756,1319142,20632192,5276568,25908760,4,4,12,4,4,4,0,20,20,20260807,5,1,1,1,0,0,0,6276,0.2615,1,0.0015,1
951,8872.78,5,0,2.18613,3.45363,0,0,0,5.63975,361,361,0,1,2.94392,2.94392,1830,367,0,1235,0,0,0,0,0,1339,1785.99,0.953667,29.338,168732,12,29433,486,465155,48,117732,1944,32,4,644756,1319142,20632192,5276568,25908760,4,4,12,4,4,4,0,20,20,20260807,5,1,1,1,0,0,0,6276,0.2615,1,0.0015,0
952,8883.6,11,0,2.14708,8.53825,0,0,0,10.6853,361,361,0,1,2.94392,2.94392,1830,367,0,1235,0,0,0,0,0,1339,1785.99,0.953667,29.338,168732,12,29433,486,465155,48,117732,1944,32,4,644756,1319142,20632192,5276568,25908760,4,4,12,4,4,4,0,20,20,20260807,5,1,1,1,0,0,0,6276,0.2615,1,0.0015,0
953,8890.57,7,0,2.18379,4.70629,0,0,0,6.89008,361,361,0,1,2.94392,2.94392,1830,367,0,1235,0,0,0,0,0,1339,1785.99,0.953667,29.338,168732,12,29433,486,465155,48,117732,1944,32,4,644756,1319142,20632192,5276568,25908760,4,4,12,4,4,4,0,20,20,20260807,5,1,1,1,0,0,0,6276,0.2615,1,0.0015,0
954,8900.61,10,0,2.18863,7.76925,0,0,0,9.95787,361,361,0,1,2.94392,2.94392,1830,367,0,1235,0,0,0,0,0,1339,1785.99,0.953667,29.338,168732,12,29433,486,465155,48,117732,1944,32,4,644756,1319142,20632192,5276568,25908760,4,4,12,4,4,4,0,20,20,20260807,5,1,1,1,0,0,0,6276,0.2615,1,0.0015,0
955,8906.74,6,0,2.20125,3.84833,0,0,0,6.04958,361,361,0,1,2.94392,2.94392,1830,367,0,1235,0,0,0,0,0,1339,1785.99,0.953667,29.338,168732,12,29433,486,465155,48,117732,1944,32,4,644756,1319142,20632192,5276568,25908760,4,4,12,4,4,4,0,20,20,20260807,5,1,1,1,0,0,0,6276,0.2615,1,0.0015,0
956,8920.15,14,0,2.20779,11.1146,0,0,0,13.3224,361,361,0,1,2.94392,2.94392,1830,367,0,1235,0,0,0,0,0,1339,1785.99,0.953667,29.338,168732,12,29433,486,465155,48,117732,1944,32,4,644756,1319142,20632192,5276568,25908760,4,4,12,4,4,4,0,20,20,20260807,5,1,1,1,0,0,0,6277,0.261542,1,0.0015,1
957,8925.73,5,0,2.29446,3.17387,0,0,0,5.46833,361,361,0,1,2.94392,2.94392,1830,367,0,1235,0,0,0,0,0,1339,1785.99,0.953667,29.338,168732,12,29433,486,465155,48,117732,1944,32,4,644756,1319142,20632192,5276568,25908760,4,4,12,4,4,4,0,20,20,20260807,5,1,1,1,0,0,0,6277,0.261542,1,0.0015,0
958,8933.92,8,0,2.22521,5.85008,0,0,0,8.07529,361,361,0,1,2.94392,2.94392,1830,367,0,1235,0,0,0,0,0,1339,1785.99,0.953667,29.338,168732,12,29433,486,465155,48,117732,1944,32,4,644756,1319142,20632192,5276568,25908760,4,4,12,4,4,4,0,20,20,20260807,5,1,1,1,0,0,0,6277,0.261542,1,0.0015,0
959,8939.34,6,0,2.25687,3.05229,0,0,0,5.30917,361,361,0,1,2.94392,2.94392,1830,367,0,1235,0,0,0,0,0,1339,1785.99,0.953667,29.338,168732,12,29433,486,465155,48,117732,1944,32,4,644756,1319142,20632192,5276568,25908760,4,4,12,4,4,4,0,20,20,20260807,5,1,1,1,0,0,0,6277,0.261542,1,0.0015,0
960,8950.2,11,0,2.16704,8.61562,0,0,0,10.7827,361,361,0,1,2.94392,2.94392,1830,367,0,1235,0,0,0,0,0,1339,1785.99,0.953667,29.338,168732,12,29433,486,465155,48,117732,1944,32,4,644756,1319142,20632192,5276568,25908760,4,4,12,4,4,4,0,20,20,20260807,5,1,1,1,0,0,0,6277,0.261542,1,0.0015,0
961,8955.86,5,0,2.30625,3.27042,0,0,0,5.57667,361,361,0,1,2.94392,2.94392,1830,367,0,1235,0,0,0,0,0,1339,1785.99,0.953667,29.338,168732,12,29433,486,465155,48,117732,1944,32,4,644756,1319142,20632192,5276568,25908760,4,4,12,4,4,4,0,20,20,20260807,5,1,1,1,0,0,0,6277,0.261542,1,0.0015,0
962,8967.37,12,0,2.14883,9.29096,0,0,0,11.4398,361,361,0,1,2.94392,2.94392,1830,367,0,1235,0,0,0,0,0,1339,1785.99,0.953667,29.338,168732,12,29433,486,465155,48,117732,1944,32,4,644756,1319142,20632192,5276568,25908760,4,4,12,4,4,4,0,20,20,20260807,5,1,1,1,0,0,0,6278,0.261583,1,0.0015,1
963,8974.14,7,0,2.26213,4.42037,0,0,0,6.6825,361,361,0,1,2.94392,2.94392,1830,367,0,1235,0,0,0,0,0,1339,1785.99,0.953667,29.338,168732,12,29433,486,465155,48,117732,1944,32,4,644756,1319142,20632192,5276568,25908760,4,4,12,4,4,4,0,20,20,20260807,5,1,1,1,0,0,0,6278,0.261583,1,0.0015,0
964,8983.34,9,0,2.08062,7.04129,0,0,0,9.12192,361,361,0,1,2.94392,2.94392,1830,367,0,1235,0,0,0,0,0,1339,1785.99,0.953667,29.338,168732,12,29433,486,465155,48,117732,1944,32,4,644756,1319142,20632192,5276568,25908760,4,4,12,4,4,4,0,20,20,20260807,5,1,1,1,0,0,0,6278,0.261583,1,0.0015,0
965,8990.17,7,0,2.48675,4.26079,0,0,0,6.74754,361,361,0,1,2.94392,2.94392,1830,367,0,1235,0,0,0,0,0,1339,1785.99,0.953667,29.338,168732,12,29433,486,465155,48,117732,1944,32,4,644756,1319142,20632192,5276568,25908760,4,4,12,4,4,4,0,20,20,20260807,5,1,1,1,0,0,0,6278,0.261583,1,0.0015,0
966,9000.02,10,0,2.20904,7.55925,0,0,0,9.76829,361,361,0,1,2.94392,2.94392,1830,367,0,1235,0,0,0,0,0,1339,1785.99,0.953667,29.338,168732,12,29433,486,465155,48,117732,1944,32,4,644756,1319142,20632192,5276568,25908760,4,4,12,4,4,4,0,20,20,20260807,5,1,1,1,0,0,0,6278,0.261583,1,0.0015,0
967,9006.4,6,0,2.25787,4.04392,0,0,0,6.30179,361,361,0,1,2.94392,2.94392,1830,367,0,1235,0,0,0,0,0,1339,1785.99,0.953667,29.338,168732,12,29433,486,465155,48,117732,1944,32,4,644756,1319142,20632192,5276568,25908760,4,4,12,4,4,4,0,20,20,20260807,5,1,1,1,0,0,0,6278,0.261583,1,0.0015,0
968,9016.58,10,0,2.15108,7.94917,0,0,0,10.1003,361,361,0,1,2.94392,2.94392,1830,367,0,1235,0,0,0,0,0,1339,1785.99,0.953667,29.338,168732,12,29433,486,465155,48,117732,1944,32,4,644756,1319142,20632192,5276568,25908760,4,4,12,4,4,4,0,20,20,20260807,5,1,1,1,0,0,0,6279,0.261625,1,0.0015,1
969,9023.03,7,0,2.21546,4.16483,0,0,0,6.38029,361,361,0,1,2.94392,2.94392,1830,367,0,1235,0,0,0,0,0,1339,1785.99,0.953667,29.338,168732,12,29433,486,465155,48,117732,1944,32,4,644756,1319142,20632192,5276568,25908760,4,4,12,4,4,4,0,20,20,20260807,5,1,1,1,0,0,0,6279,0.261625,1,0.0015,0
970,9033.29,10,0,2.10467,8.07983,0,0,0,10.1845,361,361,0,1,2.94392,2.94392,1830,367,0,1235,0,0,0,0,0,1339,1785.99,0.953667,29.338,168732,12,29433,486,465155,48,117732,1944,32,4,644756,1319142,20632192,5276568,25908760,4,4,12,4,4,4,0,20,20,20260807,5,1,1,1,0,0,0,6279,0.261625,1,0.0015,0
971,9039.44,6,0,2.11362,3.96167,0,0,0,6.07529,361,361,0,1,2.94392,2.94392,1830,367,0,1235,0,0,0,0,0,1339,1785.99,0.953667,29.338,168732,12,29433,486,465155,48,117732,1944,32,4,644756,1319142,20632192,5276568,25908760,4,4,12,4,4,4,0,20,20,20260807,5,1,1,1,0,0,0,6279,0.261625,1,0.0015,0
972,9049.85,10,0,2.15896,8.14883,0,0,0,10.3078,361,361,0,1,2.94392,2.94392,1830,367,0,1235,0,0,0,0,0,1339,1785.99,0.953667,29.338,168732,12,29433,486,465155,48,117732,1944,32,4,644756,1319142,20632192,5276568,25908760,4,4,12,4,4,4,0,20,20,20260807,5,1,1,1,0,0,0,6279,0.261625,1,0.0015,0
973,9056.04,7,0,2.18508,3.93733,0,0,0,6.12242,361,361,0,1,2.94392,2.94392,1830,367,0,1235,0,0,0,0,0,1339,1785.99,0.953667,29.338,168732,12,29433,486,465155,48,117732,1944,32,4,644756,1319142,20632192,5276568,25908760,4,4,12,4,4,4,0,20,20,20260807,5,1,1,1,0,0,0,6279,0.261625,1,0.0015,0
974,9067.33,11,0,2.13183,9.06492,0,0,0,11.1967,361,361,0,1,2.94392,2.94392,1830,367,0,1235,0,0,0,0,0,1339,1785.99,0.953667,29.338,168732,12,29433,486,465155,48,117732,1944,32,4,644756,1319142,20632192,5276568,25908760,4,4,12,4,4,4,0,20,20,20260807,5,1,1,1,0,0,0,6280,0.261667,1,0.0015,1
975,9073.32,6,0,2.22562,3.68646,0,0,0,5.91208,361,361,0,1,2.94392,2.94392,1830,367,0,1235,0,0,0,0,0,1339,1785.99,0.953667,29.338,168732,12,29433,486,465155,48,117732,1944,32,4,644756,1319142,20632192,5276568,25908760,4,4,12,4,4,4,0,20,20,20260807,5,1,1,1,0,0,0,6280,0.261667,1,0.0015,0
976,9083.26,10,0,2.18958,7.67638,0,0,0,9.86596,361,361,0,1,2.94392,2.94392,1830,367,0,1235,0,0,0,0,0,1339,1785.99,0.953667,29.338,168732,12,29433,486,465155,48,117732,1944,32,4,644756,1319142,20632192,5276568,25908760,4,4,12,4,4,4,0,20,20,20260807,5,1,1,1,0,0,0,6280,0.261667,1,0.0015,0
977,9089.7,6,0,2.13479,4.22129,0,0,0,6.35608,361,361,0,1,2.94392,2.94392,1830,367,0,1235,0,0,0,0,0,1339,1785.99,0.953667,29.338,168732,12,29433,486,465155,48,117732,1944,32,4,644756,1319142,20632192,5276568,25908760,4,4,12,4,4,4,0,20,20,20260807,5,1,1,1,0,0,0,6280,0.261667,1,0.0015,0
978,9099.91,10,0,2.32192,7.81004,0,0,0,10.132,361,361,0,1,2.94392,2.94392,1830,367,0,1235,0,0,0,0,0,1339,1785.99,0.953667,29.338,168732,12,29433,486,465155,48,117732,1944,32,4,644756,1319142,20632192,5276568,25908760,4,4,12,4,4,4,0,20,20,20260807,5,1,1,1,0,0,0,6280,0.261667,1,0.0015,0
979,9106,6,0,2.17333,3.84558,0,0,0,6.01892,361,361,0,1,2.94392,2.94392,1830,367,0,1235,0,0,0,0,0,1339,1785.99,0.953667,29.338,168732,12,29433,486,465155,48,117732,1944,32,4,644756,1319142,20632192,5276568,25908760,4,4,12,4,4,4,0,20,20,20260807,5,1,1,1,0,0,0,6280,0.261667,1,0.0015,0
980,9117.17,12,0,2.33738,8.75025,0,0,0,11.0876,361,361,0,1,2.94392,2.94392,1830,367,0,1235,0,0,0,0,0,1339,1785.99,0.953667,29.338,168732,12,29433,486,465155,48,117732,1944,32,4,644756,1319142,20632192,5276568,25908760,4,4,12,4,4,4,0,20,20,20260807,5,1,1,1,0,0,0,6281,0.261708,1,0.0015,1
981,9122.44,5,0,2.20521,2.97737,0,0,0,5.18258,361,361,0,1,2.94392,2.94392,1830,367,0,1235,0,0,0,0,0,1339,1785.99,0.953667,29.338,168732,12,29433,486,465155,48,117732,1944,32,4,644756,1319142,20632192,5276568,25908760,4,4,12,4,4,4,0,20,20,20260807,5,1,1,1,0,0,0,6281,0.261708,1,0.0015,0
982,9133.26,11,0,2.12454,8.61988,0,0,0,10.7444,361,361,0,1,2.94392,2.94392,1830,367,0,1235,0,0,0,0,0,1339,1785.99,0.953667,29.338,168732,12,29433,486,465155,48,117732,1944,32,4,644756,1319142,20632192,5276568,25908760,4,4,12,4,4,4,0,20,20,20260807,5,1,1,1,0,0,0,6281,0.261708,1,0.0015,0
983,9139.98,6,0,2.18788,4.44446,0,0,0,6.63233,361,361,0,1,2.94392,2.94392,1830,367,0,1235,0,0,0,0,0,1339,1785.99,0.953667,29.338,168732,12,29433,486,465155,48,117732,1944,32,4,644756,1319142,20632192,5276568,25908760,4,4,12,4,4,4,0,20,20,20260807,5,1,1,1,0,0,0,6281,0.261708,1,0.0015,0
984,9150.17,11,0,2.15092,7.96092,0,0,0,10.1118,361,361,0,1,2.94392,2.94392,1830,367,0,1235,0,0,0,0,0,1339,1785.99,0.953667,29.338,168732,12,29433,486,465155,48,117732,1944,32,4,644756,1319142,20632192,5276568,25908760,4,4,12,4,4,4,0,20,20,20260807,5,1,1,1,0,0,0,6281,0.261708,1,0.0015,0
985,9157.63,7,0,3.637,3.74196,0,0,0,7.37896,361,361,0,1,2.94392,2.94392,1830,367,0,1235,0,0,0,0,0,1339,1785.99,0.953667,29.338,168732,12,29433,486,465155,48,117732,1944,32,4,644756,1319142,20632192,5276568,25908760,4,4,12,4,4,4,0,20,20,20260807,5,1,1,1,0,0,0,6281,0.261708,1,0.0015,0
986,9166.75,9,0,2.33104,6.676,0,0,0,9.00704,361,361,0,1,2.94392,2.94392,1830,367,0,1235,0,0,0,0,0,1339,1785.99,0.953667,29.338,168732,12,29433,486,465155,48,117732,1944,32,4,644756,1319142,20632192,5276568,25908760,4,4,12,4,4,4,0,20,20,20260807,5,1,1,1,0,0,0,6282,0.26175,1,0.0015,1
987,9173.01,6,0,2.18812,4.00133,0,0,0,6.18946,361,361,0,1,2.94392,2.94392,1830,367,0,1235,0,0,0,0,0,1339,1785.99,0.953667,29.338,168732,12,29433,486,465155,48,117732,1944,32,4,644756,1319142,20632192,5276568,25908760,4,4,12,4,4,4,0,20,20,20260807,5,1,1,1,0,0,0,6282,0.26175,1,0.0015,0
988,9183.98,11,0,2.19979,8.68167,0,0,0,10.8815,361,361,0,1,2.94392,2.94392,1830,367,0,1235,0,0,0,0,0,1339,1785.99,0.953667,29.338,168732,12,29433,486,465155,48,117732,1944,32,4,644756,1319142,20632192,5276568,25908760,4,4,12,4,4,4,0,20,20,20260807,5,1,1,1,0,0,0,6282,0.26175,1,0.0015,0
989,9189.63,6,0,2.24112,3.32917,0,0,0,5.57029,361,361,0,1,2.94392,2.94392,1830,367,0,1235,0,0,0,0,0,1339,1785.99,0.953667,29.338,168732,12,29433,486,465155,48,117732,1944,32,4,644756,1319142,20632192,5276568,25908760,4,4,12,4,4,4,0,20,20,20260807,5,1,1,1,0,0,0,6282,0.26175,1,0.0015,0
990,9200.01,10,0,2.12579,8.17004,0,0,0,10.2958,361,361,0,1,2.94392,2.94392,1830,367,0,1235,0,0,0,0,0,1339,1785.99,0.953667,29.338,168732,12,29433,486,465155,48,117732,1944,32,4,644756,1319142,20632192,5276568,25908760,4,4,12,4,4,4,0,20,20,20260807,5,1,1,1,0,0,0,6282,0.26175,1,0.0015,0
991,9210.73,11,0,2.08433,8.56333,0,0,0,10.6477,361,361,0,1,2.94392,2.94392,1830,367,0,1235,0,0,0,0,0,1339,1785.99,0.953667,29.338,168732,12,29433,486,465155,48,117732,1944,32,4,644756,1319142,20632192,5276568,25908760,4,4,12,4,4,4,0,20,20,20260807,5,1,1,1,0,0,0,6282,0.26175,1,0.0015,0
992,9216.58,6,0,2.16225,3.60267,0,0,0,5.76492,361,361,0,1,2.94392,2.94392,1830,367,0,1235,0,0,0,0,0,1339,1785.99,0.953667,29.338,168732,12,29433,486,465155,48,117732,1944,32,4,644756,1319142,20632192,5276568,25908760,4,4,12,4,4,4,0,20,20,20260807,5,1,1,1,0,0,0,6283,0.261792,1,0.0015,1
993,9223.07,6,0,2.16196,4.24937,0,0,0,6.41133,361,361,0,1,2.94392,2.94392,1830,367,0,1235,0,0,0,0,0,1339,1785.99,0.953667,29.338,168732,12,29433,486,465155,48,117732,1944,32,4,644756,1319142,20632192,5276568,25908760,4,4,12,4,4,4,0,20,20,20260807,5,1,1,1,0,0,0,6283,0.261792,1,0.0015,0
994,9233.73,10,0,2.12375,8.44275,0,0,0,10.5665,361,361,0,1,2.94392,2.94392,1830,367,0,1235,0,0,0,0,0,1339,1785.99,0.953667,29.338,168732,12,29433,486,465155,48,117732,1944,32,4,644756,1319142,20632192,5276568,25908760,4,4,12,4,4,4,0,20,20,20260807,5,1,1,1,0,0,0,6283,0.261792,1,0.0015,0
995,9239.64,6,0,2.17171,3.66404,0,0,0,5.83575,361,361,0,1,2.94392,2.94392,1830,367,0,1235,0,0,0,0,0,1339,1785.99,0.953667,29.338,168732,12,29433,486,465155,48,117732,1944,32,4,644756,1319142,20632192,5276568,25908760,4,4,12,4,4,4,0,20,20,20260807,5,1,1,1,0,0,0,6283,0.261792,1,0.0015,0
996,9250.06,11,0,2.08833,8.25271,0,0,0,10.341,361,361,0,1,2.94392,2.94392,1830,367,0,1235,0,0,0,0,0,1339,1785.99,0.953667,29.338,168732,12,29433,486,465155,48,117732,1944,32,4,644756,1319142,20632192,5276568,25908760,4,4,12,4,4,4,0,20,20,20260807,5,1,1,1,0,0,0,6283,0.261792,1,0.0015,0
997,9256.47,6,0,2.22283,4.10971,0,0,0,6.33254,361,361,0,1,2.94392,2.94392,1830,367,0,1235,0,0,0,0,0,1339,1785.99,0.953667,29.338,168732,12,29433,486,465155,48,117732,1944,32,4,644756,1319142,20632192,5276568,25908760,4,4,12,4,4,4,0,20,20,20260807,5,1,1,1,0,0,0,6283,0.261792,1,0.0015,0
998,9266.57,10,0,2.16875,7.85592,0,0,0,10.0247,361,361,0,1,2.94392,2.94392,1830,367,0,1235,0,0,0,0,0,1339,1785.99,0.953667,29.338,168732,12,29433,486,465155,48,117732,1944,32,4,644756,1319142,20632192,5276568,25908760,4,4,12,4,4,4,0,20,20,20260807,5,1,1,1,0,0,0,6284,0.261833,1,0.0015,1
999,9272.79,6,0,2.25629,3.87858,0,0,0,6.13488,361,361,0,1,2.94392,2.94392,1830,367,0,1235,0,0,0,0,0,1339,1785.99,0.953667,29.338,168732,12,29433,486,465155,48,117732,1944,32,4,644756,1319142,20632192,5276568,25908760,4,4,12,4,4,4,0,20,20,20260807,5,1,1,1,0,0,0,6284,0.261833,1,0.0015,0
1000,9284.04,12,0,2.17904,8.96746,0,0,0,11.1465,361,361,0,1,2.94392,2.94392,1830,367,0,1235,0,0,0,0,0,1339,1785.99,0.953667,29.338,168732,12,29433,486,465155,48,117732,1944,32,4,644756,1319142,20632192,5276568,25908760,4,4,12,4,4,4,0,20,20,20260807,5,1,1,1,0,0,0,6284,0.261833,1,0.0015,0
1001,9289.87,5,0,2.17175,3.57146,0,0,0,5.74321,361,361,0,1,2.94392,2.94392,1830,367,0,1235,0,0,0,0,0,1339,1785.99,0.953667,29.338,168732,12,29433,486,465155,48,117732,1944,32,4,644756,1319142,20632192,5276568,25908760,4,4,12,4,4,4,0,20,20,20260807,5,1,1,1,0,0,0,6284,0.261833,1,0.0015,0
1002,9299.89,10,0,2.12692,7.82367,0,0,0,9.95058,361,361,0,1,2.94392,2.94392,1830,367,0,1235,0,0,0,0,0,1339,1785.99,0.953667,29.338,168732,12,29433,486,465155,48,117732,1944,32,4,644756,1319142,20632192,5276568,25908760,4,4,12,4,4,4,0,20,20,20260807,5,1,1,1,0,0,0,6284,0.261833,1,0.0015,0
1003,9306.09,7,0,2.19333,3.91117,0,0,0,6.1045,361,361,0,1,2.94392,2.94392,1830,367,0,1235,0,0,0,0,0,1339,1785.99,0.953667,29.338,168732,12,29433,486,465155,48,117732,1944,32,4,644756,1319142,20632192,5276568,25908760,4,4,12,4,4,4,0,20,20,20260807,5,1,1,1,0,0,0,6284,0.261833,1,0.0015,0
1004,9317.19,11,0,2.17221,8.85308,0,0,0,11.0253,361,361,0,1,2.94392,2.94392,1830,367,0,1235,0,0,0,0,0,1339,1785.99,0.953667,29.338,168732,12,29433,486,465155,48,117732,1944,32,4,644756,1319142,20632192,5276568,25908760,4,4,12,4,4,4,0,20,20,20260807,5,1,1,1,0,0,0,6285,0.261875,1,0.0015,1
1005,9322.71,5,0,2.18525,3.25558,0,0,0,5.44083,361,361,0,1,2.94392,2.94392,1830,367,0,1235,0,0,0,0,0,1339,1785.99,0.953667,29.338,168732,12,29433,486,465155,48,117732,1944,32,4,644756,1319142,20632192,5276568,25908760,4,4,12,4,4,4,0,20,20,20260807,5,1,1,1,0,0,0,6285,0.261875,1,0.0015,0
1006,9333.33,11,0,2.11125,8.22267,0,0,0,10.3339,361,361,0,1,2.94392,2.94392,1830,367,0,1235,0,0,0,0,0,1339,1785.99,0.953667,29.338,168732,12,29433,486,465155,48,117732,1944,32,4,644756,1319142,20632192,5276568,25908760,4,4,12,4,4,4,0,20,20,20260807,5,1,1,1,0,0,0,6285,0.261875,1,0.0015,0
1007,9340.14,7,0,2.20008,4.54525,0,0,0,6.74533,361,361,0,1,2.94392,2.94392,1830,367,0,1235,0,0,0,0,0,1339,1785.99,0.953667,29.338,168732,12,29433,486,465155,48,117732,1944,32,4,644756,1319142,20632192,5276568,25908760,4,4,12,4,4,4,0,20,20,20260807,5,1,1,1,0,0,0,6285,0.261875,1,0.0015,0
1008,9350.64,10,0,2.19837,8.22,0,0,0,10.4184,361,361,0,1,2.94392,2.94392,1830,367,0,1235,0,0,0,0,0,1339,1785.99,0.953667,29.338,168732,12,29433,486,465155,48,117732,1944,32,4,644756,1319142,20632192,5276568,25908760,4,4,12,4,4,4,0,20,20,20260807,5,1,1,1,0,0,0,6285,0.261875,1,0.0015,0
1009,9356.71,6,0,2.22358,3.77137,0,0,0,5.99496,361,361,0,1,2.94392,2.94392,1830,367,0,1235,0,0,0,0,0,1339,1785.99,0.953667,29.338,168732,12,29433,486,465155,48,117732,1944,32,4,644756,1319142,20632192,5276568,25908760,4,4,12,4,4,4,0,20,20,20260807,5,1,1,1,0,0,0,6285,0.261875,1,0.0015,0
1010,9366.63,10,0,2.17971,7.66317,0,0,0,9.84287,361,361,0,1,2.94392,2.94392,1830,367,0,1235,0,0,0,0,0,1339,1785.99,0.953667,29.338,168732,12,29433,486,465155,48,117732,1944,32,4,644756,1319142,20632192,5276568,25908760,4,4,12,4,4,4,0,20,20,20260807,5,1,1,1,0,0,0,6286,0.261917,1,0.0015,1
1011,9373.47,7,0,2.20204,4.55483,0,0,0,6.75687,361,361,0,1,2.94392,2.94392,1830,367,0,1235,0,0,0,0,0,1339,1785.99,0.953667,29.338,168732,12,29433,486,465155,48,117732,1944,32,4,644756,1319142,20632192,5276568,25908760,4,4,12,4,4,4,0,20,20,20260807,5,1,1,1,0,0,0,6286,0.261917,1,0.0015,0
1012,9383.35,10,0,2.24417,7.54996,0,0,0,9.79412,361,361,0,1,2.94392,2.94392,1830,367,0,1235,0,0,0,0,0,1339,1785.99,0.953667,29.338,168732,12,29433,486,465155,48,117732,1944,32,4,644756,1319142,20632192,5276568,25908760,4,4,12,4,4,4,0,20,20,20260807,5,1,1,1,0,0,0,6286,0.261917,1,0.0015,0
1013,9389.84,6,0,2.16771,4.25237,0,0,0,6.42008,361,361,0,1,2.94392,2.94392,1830,367,0,1235,0,0,0,0,0,1339,1785.99,0.953667,29.338,168732,12,29433,486,465155,48,117732,1944,32,4,644756,1319142,20632192,5276568,25908760,4,4,12,4,4,4,0,20,20,20260807,5,1,1,1,0,0,0,6286,0.261917,1,0.0015,0
1014,9399.94,10,0,2.43004,7.58871,0,0,0,10.0188,361,361,0,1,2.94392,2.94392,1830,367,0,1235,0,0,0,0,0,1339,1785.99,0.953667,29.338,168732,12,29433,486,465155,48,117732,1944,32,4,644756,1319142,20632192,5276568,25908760,4,4,12,4,4,4,0,20,20,20260807,5,1,1,1,0,0,0,6286,0.261917,1,0.0015,0
1015,9406.29,7,0,2.18363,4.05167,0,0,0,6.23529,361,361,0,1,2.94392,2.94392,1830,367,0,1235,0,0,0,0,0,1339,1785.99,0.953667,29.338,168732,12,29433,486,465155,48,117732,1944,32,4,644756,1319142,20632192,5276568,25908760,4,4,12,4,4,4,0,20,20,20260807,5,1,1,1,0,0,0,6286,0.261917,1,0.0015,0
1016,9416.74,10,0,2.18312,8.185,0,0,0,10.3681,361,361,0,1,2.94392,2.94392,1830,367,0,1235,0,0,0,0,0,1339,1785.99,0.953667,29.338,168732,12,29433,486,465155,48,117732,1944,32,4,644756,1319142,20632192,5276568,25908760,4,4,12,4,4,4,0,20,20,20260807,5,1,1,1,0,0,0,6287,0.261958,1,0.0015,1
1017,9422.69,6,0,2.17354,3.67,0,0,0,5.84354,361,361,0,1,2.94392,2.94392,1830,367,0,1235,0,0,0,0,0,1339,1785.99,0.953667,29.338,168732,12,29433,486,465155,48,117732,1944,32,4,644756,1319142,20632192,5276568,25908760,4,4,12,4,4,4,0,20,20,20260807,5,1,1,1,0,0,0,6287,0.261958,1,0.0015,0
1018,9433.81,11,0,2.07996,8.85004,0,0,0,10.93,361,361,0,1,2.94392,2.94392,1830,367,0,1235,0,0,0,0,0,1339,1785.99,0.953667,29.338,168732,12,29433,486,465155,48,117732,1944,32,4,644756,1319142,20632192,5276568,25908760,4,4,12,4,4,4,0,20,20,20260807,5,1,1,1,0,0,0,6287,0.261958,1,0.0015,0
1019,9441.8,8,0,2.09279,5.81158,0,0,0,7.90437,361,361,0,1,2.94392,2.94392,1830,367,0,1235,0,0,0,0,0,1339,1785.99,0.953667,29.338,168732,12,29433,486,465155,48,117732,1944,32,4,644756,1319142,20632192,5276568,25908760,4,4,12,4,4,4,0,20,20,20260807,5,1,1,1,0,0,0,6287,0.261958,1,0.0015,0
1020,9450.12,9,0,2.14733,6.09354,0,0,0,8.24088,361,361,0,1,2.94392,2.94392,1830,367,0,1235,0,0,0,0,0,1339,1785.99,0.953667,29.338,168732,12,29433,486,465155,48,117732,1944,32,4,644756,1319142,20632192,5276568,25908760,4,4,12,4,4,4,0,20,20,20260807,5,1,1,1,0,0,0,6287,0.261958,1,0.0015,0
1021,9455.84,5,0,2.238,3.397,0,0,0,5.635,361,361,0,1,2.94392,2.94392,1830,367,0,1235,0,0,0,0,0,1339,1785.99,0.953667,29.338,168732,12,29433,486,465155,48,117732,1944,32,4,644756,1319142,20632192,5276568,25908760,4,4,12,4,4,4,0,20,20,20260807,5,1,1,1,0,0,0,6287,0.261958,1,0.0015,0
1022,9467.86,12,0,2.168,9.78475,0,0,0,11.9527,361,361,0,1,2.94392,2.94392,1830,367,0,1235,0,0,0,0,0,1339,1785.99,0.953667,29.338,168732,12,29433,486,465155,48,117732,1944,32,4,644756,1319142,20632192,5276568,25908760,4,4,12,4,4,4,0,20,20,20260807,5,1,1,1,0,0,0,6288,0.262,1,0.0015,1
1023,9473.97,6,0,2.31396,3.70967,0,0,0,6.02363,361,361,0,1,2.94392,2.94392,1830,367,0,1235,0,0,0,0,0,1339,1785.99,0.953667,29.338,168732,12,29433,486,465155,48,117732,1944,32,4,644756,1319142,20632192,5276568,25908760,4,4,12,4,4,4,0,20,20,20260807,5,1,1,1,0,0,0,6288,0.262,1,0.0015,0
1024,9483.35,10,0,2.12229,7.18117,0,0,0,9.30346,361,361,0,1,2.94392,2.94392,1830,367,0,1235,0,0,0,0,0,1339,1785.99,0.953667,29.338,168732,12,29433,486,465155,48,117732,1944,32,4,644756,1319142,20632192,5276568,25908760,4,4,12,4,4,4,0,20,20,20260807,5,1,1,1,0,0,0,6288,0.262,1,0.0015,0
1025,9490.3,7,0,2.22388,3.93196,0,0,0,6.15583,361,361,0,1,2.94392,2.94392,1830,367,0,1235,0,0,0,0,0,1339,1785.99,0.953667,29.338,168732,12,29433,486,465155,48,117732,1944,32,4,644756,1319142,20632192,5276568,25908760,4,4,12,4,4,4,0,20,20,20260807,5,1,1,1,0,0,0,6288,0.262,1,0.0015,0
1026,9500.18,10,0,2.29904,7.49996,0,0,0,9.799,361,361,0,1,2.94392,2.94392,1830,367,0,1235,0,0,0,0,0,1339,1785.99,0.953667,29.338,168732,12,29433,486,465155,48,117732,1944,32,4,644756,1319142,20632192,5276568,25908760,4,4,12,4,4,4,0,20,20,20260807,5,1,1,1,0,0,0,6288,0.262,1,0.0015,0
1027,9505.53,5,0,2.21167,3.06783,0,0,0,5.2795,361,361,0,1,2.94392,2.94392,1830,367,0,1235,0,0,0,0,0,1339,1785.99,0.953667,29.338,168732,12,29433,486,465155,48,117732,1944,32,4,644756,1319142,20632192,5276568,25908760,4,4,12,4,4,4,0,20,20,20260807,5,1,1,1,0,0,0,6288,0.262,1,0.0015,0
1028,9516.62,11,0,2.27387,8.72658,0,0,0,11.0005,361,361,0,1,2.94392,2.94392,1830,367,0,1235,0,0,0,0,0,1339,1785.99,0.953667,29.338,168732,12,29433,486,465155,48,117732,1944,32,4,644756,1319142,20632192,5276568,25908760,4,4,12,4,4,4,0,20,20,20260807,5,1,1,1,0,0,0,6289,0.262042,1,0.0015,1
1029,9522.83,6,0,2.25829,3.8385,0,0,0,6.09679,361,361,0,1,2.94392,2.94392,1830,367,0,1235,0,0,0,0,0,1339,1785.99,0.953667,29.338,168732,12,29433,486,465155,48,117732,1944,32,4,644756,1319142,20632192,5276568,25908760,4,4,12,4,4,4,0,20,20,20260807,5,1,1,1,0,0,0,6289,0.262042,1,0.0015,0
1030,9533.29,11,0,2.08696,8.3015,0,0,0,10.3885,361,361,0,1,2.94392,2.94392,1830,367,0,1235,0,0,0,0,0,1339,1785.99,0.953667,29.338,168732,12,29433,486,465155,48,117732,1944,32,4,644756,1319142,20632192,5276568,25908760,4,4,12,4,4,4,0,20,20,20260807,5,1,1,1,0,0,0,6289,0.262042,1,0.0015,0
1031,9539.61,6,0,2.14346,4.09858,0,0,0,6.24204,361,361,0,1,2.94392,2.94392,1830,367,0,1235,0,0,0,0,0,1339,1785.99,0.953667,29.338,168732,12,29433,486,465155,48,117732,1944,32,4,644756,1319142,20632192,5276568,25908760,4,4,12,4,4,4,0,20,20,20260807,5,1,1,1,0,0,0,6289,0.262042,1,0.0015,0
1032,9550.42,11,0,2.17154,8.55883,0,0,0,10.7304,361,361,0,1,2.94392,2.94392,1830,367,0,1235,0,0,0,0,0,1339,1785.99,0.953667,29.338,168732,12,29433,486,465155,48,117732,1944,32,4,644756,1319142,20632192,5276568,25908760,4,4,12,4,4,4,0,20,20,20260807,5,1,1,1,0,0,0,6289,0.262042,1,0.0015,0
1033,9557.61,7,0,2.18688,4.92558,0,0,0,7.11246,361,361,0,1,2.94392,2.94392,1830,367,0,1235,0,0,0,0,0,1339,1785.99,0.953667,29.338,168732,12,29433,486,465155,48,117732,1944,32,4,644756,1319142,20632192,5276568,25908760,4,4,12,4,4,4,0,20,20,20260807,5,1,1,1,0,0,0,6289,0.262042,1,0.0015,0
1034,9567.2,10,0,2.18117,7.31396,0,0,0,9.49512,361,361,0,1,2.94392,2.94392,1830,367,0,1235,0,0,0,0,0,1339,1785.99,0.953667,29.338,168732,12,29433,486,465155,48,117732,1944,32,4,644756,1319142,20632192,5276568,25908760,4,4,12,4,4,4,0,20,20,20260807,5,1,1,1,0,0,0,6290,0.262083,1,0.0015,1
1035,9573.46,6,0,2.38821,3.78854,0,0,0,6.17675,361,361,0,1,2.94392,2.94392,1830,367,0,1235,0,0,0,0,0,1339,1785.99,0.953667,29.338,168732,12,29433,486,465155,48,117732,1944,32,4,644756,1319142,20632192,5276568,25908760,4,4,12,4,4,4,0,20,20,20260807,5,1,1,1,0,0,0,6290,0.262083,1,0.0015,0
1036,9584.47,11,0,2.21929,8.71354,0,0,0,10.9328,361,361,0,1,2.94392,2.94392,1830,367,0,1235,0,0,0,0,0,1339,1785.99,0.953667,29.338,168732,12,29433,486,465155,48,117732,1944,32,4,644756,1319142,20632192,5276568,25908760,4,4,12,4,4,4,0,20,20,20260807,5,1,1,1,0,0,0,6290,0.262083,1,0.0015,0
1037,9590.9,6,0,2.69713,3.64425,0,0,0,6.34138,361,361,0,1,2.94392,2.94392,1830,367,0,1235,0,0,0,0,0,1339,1785.99,0.953667,29.338,168732,12,29433,486,465155,48,117732,1944,32,4,644756,1319142,20632192,5276568,25908760,4,4,12,4,4,4,0,20,20,20260807,5,1,1,1,0,0,0,6290,0.262083,1,0.0015,0
1038,9601.81,11,0,2.27567,8.56179,0,0,0,10.8375,361,361,0,1,2.94392,2.94392,1830,367,0,1235,0,0,0,0,0,1339,1785.99,0.953667,29.338,168732,12,29433,486,465155,48,117732,1944,32,4,644756,1319142,20632192,5276568,25908760,4,4,12,4,4,4,0,20,20,20260807,5,1,1,1,0,0,0,6290,0.262083,1,0.0015,0
1039,9608.33,7,0,2.51412,3.92179,0,0,0,6.43592,361,361,0,1,2.94392,2.94392,1830,367,0,1235,0,0,0,0,0,1339,1785.99,0.953667,29.338,168732,12,29433,486,465155,48,117732,1944,32,4,644756,1319142,20632192,5276568,25908760,4,4,12,4,4,4,0,20,20,20260807,5,1,1,1,0,0,0,6290,0.262083,1,0.0015,0
1040,9617.15,9,0,2.14233,6.59579,0,0,0,8.73813,361,361,0,1,2.94392,2.94392,1830,367,0,1235,0,0,0,0,0,1339,1785.99,0.953667,29.338,168732,12,29433,486,465155,48,117732,1944,32,4,644756,1319142,20632192,5276568,25908760,4,4,12,4,4,4,0,20,20,20260807,5,1,1,1,0,0,0,6291,0.262125,1,0.0015,1
1041,9623.63,6,0,2.52421,3.85333,0,0,0,6.37754,361,361,0,1,2.94392,2.94392,1830,367,0,1235,0,0,0,0,0,1339,1785.99,0.953667,29.338,168732,12,29433,486,465155,48,117732,1944,32,4,644756,1319142,20632192,5276568,25908760,4,4,12,4,4,4,0,20,20,20260807,5,1,1,1,0,0,0,6291,0.262125,1,0.0015,0
1042,9637.23,14,0,2.32488,11.2062,0,0,0,13.5311,361,361,0,1,2.94392,2.94392,1830,367,0,1235,0,0,0,0,0,1339,1785.99,0.953667,29.338,168732,12,29433,486,465155,48,117732,1944,32,4,644756,1319142,20632192,5276568,25908760,4,4,12,4,4,4,0,20,20,20260807,5,1,1,1,0,0,0,6291,0.262125,1,0.0015,0
1043,9642.63,5,0,2.16996,3.10237,0,0,0,5.27233,361,361,0,1,2.94392,2.94392,1830,367,0,1235,0,0,0,0,0,1339,1785.99,0.953667,29.338,168732,12,29433,486,465155,48,117732,1944,32,4,644756,1319142,20632192,5276568,25908760,4,4,12,4,4,4,0,20,20,20260807,5,1,1,1,0,0,0,6291,0.262125,1,0.0015,0
1044,9650.18,8,0,2.29525,5.17604,0,0,0,7.47129,361,361,0,1,2.94392,2.94392,1830,367,0,1235,0,0,0,0,0,1339,1785.99,0.953667,29.338,168732,12,29433,486,465155,48,117732,1944,32,4,644756,1319142,20632192,5276568,25908760,4,4,12,4,4,4,0,20,20,20260807,5,1,1,1,0,0,0,6291,0.262125,1,0.0015,0
1045,9657.2,7,0,2.27738,4.67321,0,0,0,6.95058,361,361,0,1,2.94392,2.94392,1830,367,0,1235,0,0,0,0,0,1339,1785.99,0.953667,29.338,168732,12,29433,486,465155,48,117732,1944,32,4,644756,1319142,20632192,5276568,25908760,4,4,12,4,4,4,0,20,20,20260807,5,1,1,1,0,0,0,6291,0.262125,1,0.0015,0
1046,9668.03,12,0,2.25867,8.483,0,0,0,10.7417,361,361,0,1,2.94392,2.94392,1830,367,0,1235,0,0,0,0,0,1339,1785.99,0.953667,29.338,168732,12,29433,486,465155,48,117732,1944,32,4,644756,1319142,20632192,5276568,25908760,4,4,12,4,4,4,0,20,20,20260807,5,1,1,1,0,0,0,6292,0.262167,1,0.0015,1
1047,9673.44,5,0,2.13813,3.19188,0,0,0,5.33,361,361,0,1,2.94392,2.94392,1830,367,0,1235,0,0,0,0,0,1339,1785.99,0.953667,29.338,168732,12,29433,486,465155,48,117732,1944,32,4,644756,1319142,20632192,5276568,25908760,4,4,12,4,4,4,0,20,20,20260807,5,1,1,1,0,0,0,6292,0.262167,1,0.0015,0
1048,9683.28,10,0,2.12263,7.63583,0,0,0,9.75846,361,361,0,1,2.94392,2.94392,1830,367,0,1235,0,0,0,0,0,1339,1785.99,0.953667,29.338,168732,12,29433,486,465155,48,117732,1944,32,4,644756,1319142,20632192,5276568,25908760,4,4,12,4,4,4,0,20,20,20260807,5,1,1,1,0,0,0,6292,0.262167,1,0.0015,0
1049,9689.97,6,0,2.26037,4.35046,0,0,0,6.61083,361,361,0,1,2.94392,2.94392,1830,367,0,1235,0,0,0,0,0,1339,1785.99,0.953667,29.338,168732,12,29433,486,465155,48,117732,1944,32,4,644756,1319142,20632192,5276568,25908760,4,4,12,4,4,4,0,20,20,20260807,5,1,1,1,0,0,0,6292,0.262167,1,0.0015,0
1050,9703.13,14,0,2.14146,10.9447,0,0,0,13.0861,361,361,0,1,2.94392,2.94392,1830,367,0,1235,0,0,0,0,0,1339,1785.99,0.953667,29.338,168732,12,29433,486,465155,48,117732,1944,32,4,644756,1319142,20632192,5276568,25908760,4,4,12,4,4,4,0,20,20,20260807,5,1,1,1,0,0,0,6292,0.262167,1,0.0015,0
1051,9717.6,14,0,2.13579,12.2593,0,0,0,14.3951,361,361,0,1,2.94392,2.94392,1830,367,0,1235,0,0,0,0,0,1339,1785.99,0.953667,29.338,168732,12,29433,486,465155,48,117732,1944,32,4,644756,1319142,20632192,5276568,25908760,4,4,12,4,4,4,0,20,20,20260807,5,1,1,1,0,0,0,6293,0.262208,1,0.0015,1
1052,9723.73,6,0,2.28046,3.75954,0,0,0,6.04,361,361,0,1,2.94392,2.94392,1830,367,0,1235,0,0,0,0,0,1339,1785.99,0.953667,29.338,168732,12,29433,486,465155,48,117732,1944,32,4,644756,1319142,20632192,5276568,25908760,4,4,12,4,4,4,0,20,20,20260807,5,1,1,1,0,0,0,6293,0.262208,1,0.0015,0
1053,9733.43,10,0,2.24987,7.37554,0,0,0,9.62542,361,361,0,1,2.94392,2.94392,1830,367,0,1235,0,0,0,0,0,1339,1785.99,0.953667,29.338,168732,12,29433,486,465155,48,117732,1944,32,4,644756,1319142,20632192,5276568,25908760,4,4,12,4,4,4,0,20,20,20260807,5,1,1,1,0,0,0,6293,0.262208,1,0.0015,0
1054,9740.38,7,0,2.69533,4.1515,0,0,0,6.84683,361,361,0,1,2.94392,2.94392,1830,367,0,1235,0,0,0,0,0,1339,1785.99,0.953667,29.338,168732,12,29433,486,465155,48,117732,1944,32,4,644756,1319142,20632192,5276568,25908760,4,4,12,4,4,4,0,20,20,20260807,5,1,1,1,0,0,0,6293,0.262208,1,0.0015,0
1055,9750,9,0,2.91225,6.62863,0,0,0,9.54087,361,361,0,1,2.94392,2.94392,1830,367,0,1235,0,0,0,0,0,1339,1785.99,0.953667,29.338,168732,12,29433,486,465155,48,117732,1944,32,4,644756,1319142,20632192,5276568,25908760,4,4,12,4,4,4,0,20,20,20260807,5,1,1,1,0,0,0,6293,0.262208,1,0.0015,0
1056,9757.84,8,0,2.478,5.28621,0,0,0,7.76421,361,361,0,1,2.94392,2.94392,1830,367,0,1235,0,0,0,0,0,1339,1785.99,0.953667,29.338,168732,12,29433,486,465155,48,117732,1944,32,4,644756,1319142,20632192,5276568,25908760,4,4,12,4,4,4,0,20,20,20260807,5,1,1,1,0,0,0,6293,0.262208,1,0.0015,0
1057,9768,10,0,2.22196,7.85954,0,0,0,10.0815,361,361,0,1,2.94392,2.94392,1830,367,0,1235,0,0,0,0,0,1339,1785.99,0.953667,29.338,168732,12,29433,486,465155,48,117732,1944,32,4,644756,1319142,20632192,5276568,25908760,4,4,12,4,4,4,0,20,20,20260807,5,1,1,1,0,0,0,6294,0.26225,1,0.0015,1
1058,9783.38,16,0,2.29542,12.9679,0,0,0,15.2633,361,361,0,1,2.94392,2.94392,1830,367,0,1235,0,0,0,0,0,1339,1785.99,0.953667,29.338,168732,12,29433,486,465155,48,117732,1944,32,4,644756,1319142,20632192,5276568,25908760,4,4,12,4,4,4,0,20,20,20260807,5,1,1,1,0,0,0,6294,0.26225,1,0.0015,0
1059,9791.24,8,0,2.29813,5.47133,0,0,0,7.76946,361,361,0,1,2.94392,2.94392,1830,367,0,1235,0,0,0,0,0,1339,1785.99,0.953667,29.338,168732,12,29433,486,465155,48,117732,1944,32,4,644756,1319142,20632192,5276568,25908760,4,4,12,4,4,4,0,20,20,20260807,5,1,1,1,0,0,0,6294,0.26225,1,0.0015,0
1060,9800,8,0,2.17075,6.51825,0,0,0,8.689,361,361,0,1,2.94392,2.94392,1830,367,0,1235,0,0,0,0,0,1339,1785.99,0.953667,29.338,168732,12,29433,486,465155,48,117732,1944,32,4,644756,1319142,20632192,5276568,25908760,4,4,12,4,4,4,0,20,20,20260807,5,1,1,1,0,0,0,6294,0.26225,1,0.0015,0
1061,9805.38,6,0,2.15975,3.13867,0,0,0,5.29842,361,361,0,1,2.94392,2.94392,1830,367,0,1235,0,0,0,0,0,1339,1785.99,0.953667,29.338,168732,12,29433,486,465155,48,117732,1944,32,4,644756,1319142,20632192,5276568,25908760,4,4,12,4,4,4,0,20,20,20260807,5,1,1,1,0,0,0,6294,0.26225,1,0.0015,0
1062,9817.57,12,0,2.21921,9.88917,0,0,0,12.1084,361,361,0,1,2.94392,2.94392,1830,367,0,1235,0,0,0,0,0,1339,1785.99,0.953667,29.338,168732,12,29433,486,465155,48,117732,1944,32,4,644756,1319142,20632192,5276568,25908760,4,4,12,4,4,4,0,20,20,20260807,5,1,1,1,0,0,0,6295,0.262292,1,0.0015,1
1063,9824.58,7,0,2.24421,4.67229,0,0,0,6.9165,361,361,0,1,2.94392,2.94392,1830,367,0,1235,0,0,0,0,0,1339,1785.99,0.953667,29.338,168732,12,29433,486,465155,48,117732,1944,32,4,644756,1319142,20632192,5276568,25908760,4,4,12,4,4,4,0,20,20,20260807,5,1,1,1,0,0,0,6295,0.262292,1,0.0015,0
1064,9836.82,12,0,2.25192,9.90775,0,0,0,12.1597,361,361,0,1,2.94392,2.94392,1830,367,0,1235,0,0,0,0,0,1339,1785.99,0.953667,29.338,168732,12,29433,486,465155,48,117732,1944,32,4,644756,1319142,20632192,5276568,25908760,4,4,12,4,4,4,0,20,20,20260807,5,1,1,1,0,0,0,6295,0.262292,1,0.0015,0
1065,9842.85,6,0,2.36167,3.59463,0,0,0,5.95629,361,361,0,1,2.94392,2.94392,1830,367,0,1235,0,0,0,0,0,1339,1785.99,0.953667,29.338,168732,12,29433,486,465155,48,117732,1944,32,4,644756,1319142,20632192,5276568,25908760,4,4,12,4,4,4,0,20,20,20260807,5,1,1,1,0,0,0,6295,0.262292,1,0.0015,0
1066,9850.5,8,0,2.08196,5.47896,0,0,0,7.56092,361,361,0,1,2.94392,2.94392,1830,367,0,1235,0,0,0,0,0,1339,1785.99,0.953667,29.338,168732,12,29433,486,465155,48,117732,1944,32,4,644756,1319142,20632192,5276568,25908760,4,4,12,4,4,4,0,20,20,20260807,5,1,1,1,0,0,0,6295,0.262292,1,0.0015,0
1067,9856.45,6,0,2.51725,3.35229,0,0,0,5.86954,361,361,0,1,2.94392,2.94392,1830,367,0,1235,0,0,0,0,0,1339,1785.99,0.953667,29.338,168732,12,29433,486,465155,48,117732,1944,32,4,644756,1319142,20632192,5276568,25908760,4,4,12,4,4,4,0,20,20,20260807,5,1,1,1,0,0,0,6295,0.262292,1,0.0015,0
1068,9867.95,11,0,3.187,8.23521,0,0,0,11.4222,361,361,0,1,2.94392,2.94392,1830,367,0,1235,0,0,0,0,0,1339,1785.99,0.953667,29.338,168732,12,29433,486,465155,48,117732,1944,32,4,644756,1319142,20632192,5276568,25908760,4,4,12,4,4,4,0,20,20,20260807,5,1,1,1,0,0,0,6296,0.262333,1,0.0015,1
1069,9873.7,6,0,2.16842,3.48888,0,0,0,5.65729,361,361,0,1,2.94392,2.94392,1830,367,0,1235,0,0,0,0,0,1339,1785.99,0.953667,29.338,168732,12,29433,486,465155,48,117732,1944,32,4,644756,1319142,20632192,5276568,25908760,4,4,12,4,4,4,0,20,20,20260807,5,1,1,1,0,0,0,6296,0.262333,1,0.0015,0
1070,9884.69,11,0,2.26971,8.64971,0,0,0,10.9194,361,361,0,1,2.94392,2.94392,1830,367,0,1235,0,0,0,0,0,1339,1785.99,0.953667,29.338,168732,12,29433,486,465155,48,117732,1944,32,4,644756,1319142,20632192,5276568,25908760,4,4,12,4,4,4,0,20,20,20260807,5,1,1,1,0,0,0,6296,0.262333,1,0.0015,0
1071,9900.08,16,0,2.32367,12.9838,0,0,0,15.3075,361,361,0,1,2.94392,2.94392,1830,367,0,1235,0,0,0,0,0,1339,1785.99,0.953667,29.338,168732,12,29433,486,465155,48,117732,1944,32,4,644756,1319142,20632192,5276568,25908760,4,4,12,4,4,4,0,20,20,20260807,5,1,1,1,0,0,0,6296,0.262333,1,0.0015,0
1072,9907.6,7,0,2.29233,5.10154,0,0,0,7.39388,361,361,0,1,2.94392,2.94392,1830,367,0,1235,0,0,0,0,0,1339,1785.99,0.953667,29.338,168732,12,29433,486,465155,48,117732,1944,32,4,644756,1319142,20632192,5276568,25908760,4,4,12,4,4,4,0,20,20,20260807,5,1,1,1,0,0,0,6296,0.262333,1,0.0015,0
1073,9916.73,9,0,2.25054,6.80788,0,0,0,9.05842,361,361,0,1,2.94392,2.94392,1830,367,0,1235,0,0,0,0,0,1339,1785.99,0.953667,29.338,168732,12,29433,486,465155,48,117732,1944,32,4,644756,1319142,20632192,5276568,25908760,4,4,12,4,4,4,0,20,20,20260807,5,1,1,1,0,0,0,6297,0.262375,1,0.0015,1
1074,9923.89,7,0,2.209,4.86217,0,0,0,7.07117,361,361,0,1,2.94392,2.94392,1830,367,0,1235,0,0,0,0,0,1339,1785.99,0.953667,29.338,168732,12,29433,486,465155,48,117732,1944,32,4,644756,1319142,20632192,5276568,25908760,4,4,12,4,4,4,0,20,20,20260807,5,1,1,1,0,0,0,6297,0.262375,1,0.0015,0
1075,9933.34,10,0,2.15679,7.21617,0,0,0,9.37296,361,361,0,1,2.94392,2.94392,1830,367,0,1235,0,0,0,0,0,1339,1785.99,0.953667,29.338,168732,12,29433,486,465155,48,117732,1944,32,4,644756,1319142,20632192,5276568,25908760,4,4,12,4,4,4,0,20,20,20260807,5,1,1,1,0,0,0,6297,0.262375,1,0.0015,0
1076,9940.54,7,0,2.13725,4.98558,0,0,0,7.12283,361,361,0,1,2.94392,2.94392,1830,367,0,1235,0,0,0,0,0,1339,1785.99,0.953667,29.338,168732,12,29433,486,465155,48,117732,1944,32,4,644756,1319142,20632192,5276568,25908760,4,4,12,4,4,4,0,20,20,20260807,5,1,1,1,0,0,0,6297,0.262375,1,0.0015,0
1077,9950.69,10,0,2.27025,7.79938,0,0,0,10.0696,361,361,0,1,2.94392,2.94392,1830,367,0,1235,0,0,0,0,0,1339,1785.99,0.953667,29.338,168732,12,29433,486,465155,48,117732,1944,32,4,644756,1319142,20632192,5276568,25908760,4,4,12,4,4,4,0,20,20,20260807,5,1,1,1,0,0,0,6297,0.262375,1,0.0015,0
1078,9956.09,6,0,2.17529,3.14312,0,0,0,5.31842,361,361,0,1,2.94392,2.94392,1830,367,0,1235,0,0,0,0,0,1339,1785.99,0.953667,29.338,168732,12,29433,486,465155,48,117732,1944,32,4,644756,1319142,20632192,5276568,25908760,4,4,12,4,4,4,0,20,20,20260807,5,1,1,1,0,0,0,6297,0.262375,1,0.0015,0
1079,9966.69,10,0,2.21383,7.15254,0,0,0,9.36637,361,361,0,1,2.94392,2.94392,1830,367,0,1235,0,0,0,0,0,1339,1785.99,0.953667,29.338,168732,12,29433,486,465155,48,117732,1944,32,4,644756,1319142,20632192,5276568,25908760,4,4,12,4,4,4,0,20,20,20260807,5,1,1,1,0,0,0,6298,0.262417,1,0.0015,1
1080,9973.93,7,0,2.17129,4.99283,0,0,0,7.16413,361,361,0,1,2.94392,2.94392,1830,367,0,1235,0,0,0,0,0,1339,1785.99,0.953667,29.338,168732,12,29433,486,465155,48,117732,1944,32,4,644756,1319142,20632192,5276568,25908760,4,4,12,4,4,4,0,20,20,20260807,5,1,1,1,0,0,0,6298,0.262417,1,0.0015,0
1081,9983.37,10,0,2.24679,7.08458,0,0,0,9.33137,361,361,0,1,2.94392,2.94392,1830,367,0,1235,0,0,0,0,0,1339,1785.99,0.953667,29.338,168732,12,29433,486,465155,48,117732,1944,32,4,644756,1319142,20632192,5276568,25908760,4,4,12,4,4,4,0,20,20,20260807,5,1,1,1,0,0,0,6298,0.262417,1,0.0015,0
1082,9989.69,6,0,2.25033,3.988,0,0,0,6.23833,361,361,0,1,2.94392,2.94392,1830,367,0,1235,0,0,0,0,0,1339,1785.99,0.953667,29.338,168732,12,29433,486,465155,48,117732,1944,32,4,644756,1319142,20632192,5276568,25908760,4,4,12,4,4,4,0,20,20,20260807,5,1,1,1,0,0,0,6298,0.262417,1,0.0015,0
1083,10000.4,11,0,2.47808,8.14292,0,0,0,10.621,361,361,0,1,2.94392,2.94392,1830,367,0,1235,0,0,0,0,0,1339,1785.99,0.953667,29.338,168732,12,29433,486,465155,48,117732,1944,32,4,644756,1319142,20632192,5276568,25908760,4,4,12,4,4,4,0,20,20,20260807,5,1,1,1,0,0,0,6298,0.262417,1,0.0015,0
1084,10007.6,7,0,2.12108,5.00462,0,0,0,7.12571,361,361,0,1,2.94392,2.94392,1830,367,0,1235,0,0,0,0,0,1339,1785.99,0.953667,29.338,168732,12,29433,486,465155,48,117732,1944,32,4,644756,1319142,20632192,5276568,25908760,4,4,12,4,4,4,0,20,20,20260807,5,1,1,1,0,0,0,6298,0.262417,1,0.0015,0
1085,10016.7,9,0,2.47575,6.51675,0,0,0,8.9925,361,361,0,1,2.94392,2.94392,1830,367,0,1235,0,0,0,0,0,1339,1785.99,0.953667,29.338,168732,12,29433,486,465155,48,117732,1944,32,4,644756,1319142,20632192,5276568,25908760,4,4,12,4,4,4,0,20,20,20260807,5,1,1,1,0,0,0,6299,0.262458,1,0.0015,1
1086,10023.3,7,0,2.16646,4.36517,0,0,0,6.53163,361,361,0,1,2.94392,2.94392,1830,367,0,1235,0,0,0,0,0,1339,1785.99,0.953667,29.338,168732,12,29433,486,465155,48,117732,1944,32,4,644756,1319142,20632192,5276568,25908760,4,4,12,4,4,4,0,20,20,20260807,5,1,1,1,0,0,0,6299,0.262458,1,0.0015,0
1087,10034.3,11,0,2.29488,8.5505,0,0,0,10.8454,361,361,0,1,2.94392,2.94392,1830,367,0,1235,0,0,0,0,0,1339,1785.99,0.953667,29.338,168732,12,29433,486,465155,48,117732,1944,32,4,644756,1319142,20632192,5276568,25908760,4,4,12,4,4,4,0,20,20,20260807,5,1,1,1,0,0,0,6299,0.262458,1,0.0015,0
1088,10040.5,6,0,2.35621,3.77687,0,0,0,6.13308,361,361,0,1,2.94392,2.94392,1830,367,0,1235,0,0,0,0,0,1339,1785.99,0.953667,29.338,168732,12,29433,486,465155,48,117732,1944,32,4,644756,1319142,20632192,5276568,25908760,4,4,12,4,4,4,0,20,20,20260807,5,1,1,1,0,0,0,6299,0.262458,1,0.0015,0
1089,10050.1,10,0,2.40592,7.10912,0,0,0,9.51504,361,361,0,1,2.94392,2.94392,1830,367,0,1235,0,0,0,0,0,1339,1785.99,0.953667,29.338,168732,12,29433,486,465155,48,117732,1944,32,4,644756,1319142,20632192,5276568,25908760,4,4,12,4,4,4,0,20,20,20260807,5,1,1,1,0,0,0,6299,0.262458,1,0.0015,0
1090,10056.6,6,0,2.21033,4.17462,0,0,0,6.38496,361,361,0,1,2.94392,2.94392,1830,367,0,1235,0,0,0,0,0,1339,1785.99,0.953667,29.338,168732,12,29433,486,465155,48,117732,1944,32,4,644756,1319142,20632192,5276568,25908760,4,4,12,4,4,4,0,20,20,20260807,5,1,1,1,0,0,0,6299,0.262458,1,0.0015,0
1091,10066.6,10,0,2.2895,7.71863,0,0,0,10.0081,361,361,0,1,2.94392,2.94392,1830,367,0,1235,0,0,0,0,0,1339,1785.99,0.953667,29.338,168732,12,29433,486,465155,48,117732,1944,32,4,644756,1319142,20632192,5276568,25908760,4,4,12,4,4,4,0,20,20,20260807,5,1,1,1,0,0,0,6300,0.2625,1,0.0015,1
1092,10073.3,7,0,2.21792,4.36079,0,0,0,6.57871,361,361,0,1,2.94392,2.94392,1830,367,0,1235,0,0,0,0,0,1339,1785.99,0.953667,29.338,168732,12,29433,486,465155,48,117732,1944,32,4,644756,1319142,20632192,5276568,25908760,4,4,12,4,4,4,0,20,20,20260807,5,1,1,1,0,0,0,6300,0.2625,1,0.0015,0
1093,10087.3,14,0,2.26167,11.6933,0,0,0,13.9549,361,361,0,1,2.94392,2.94392,1830,367,0,1235,0,0,0,0,0,1339,1785.99,0.953667,29.338,168732,12,29433,486,465155,48,117732,1944,32,4,644756,1319142,20632192,5276568,25908760,4,4,12,4,4,4,0,20,20,20260807,5,1,1,1,0,0,0,6300,0.2625,1,0.0015,0
1094,10100,13,0,2.10529,10.5119,0,0,0,12.6172,361,361,0,1,2.94392,2.94392,1830,367,0,1235,0,0,0,0,0,1339,1785.99,0.953667,29.338,168732,12,29433,486,465155,48,117732,1944,32,4,644756,1319142,20632192,5276568,25908760,4,4,12,4,4,4,0,20,20,20260807,5,1,1,1,0,0,0,6300,0.2625,1,0.0015,0
1095,10106.6,6,0,2.17017,4.32562,0,0,0,6.49579,361,361,0,1,2.94392,2.94392,1830,367,0,1235,0,0,0,0,0,1339,1785.99,0.953667,29.338,168732,12,29433,486,465155,48,117732,1944,32,4,644756,1319142,20632192,5276568,25908760,4,4,12,4,4,4,0,20,20,20260807,5,1,1,1,0,0,0,6300,0.2625,1,0.0015,0
1096,10117.4,11,0,2.27137,8.41425,0,0,0,10.6856,361,361,0,1,2.94392,2.94392,1830,367,0,1235,0,0,0,0,0,1339,1785.99,0.953667,29.338,168732,12,29433,486,465155,48,117732,1944,32,4,644756,1319142,20632192,5276568,25908760,4,4,12,4,4,4,0,20,20,20260807,5,1,1,1,0,0,0,6301,0.262542,1,0.0015,1
1097,10133.7,16,0,2.2145,14.044,0,0,0,16.2585,361,361,0,1,2.94392,2.94392,1830,367,0,1235,0,0,0,0,0,1339,1785.99,0.953667,29.338,168732,12,29433,486,465155,48,117732,1944,32,4,644756,1319142,20632192,5276568,25908760,4,4,12,4,4,4,0,20,20,20260807,5,1,1,1,0,0,0,6301,0.262542,1,0.0015,0
1098,10139,6,0,2.2085,3.02508,0,0,0,5.23358,361,361,0,1,2.94392,2.94392,1830,367,0,1235,0,0,0,0,0,1339,1785.99,0.953667,29.338,168732,12,29433,486,465155,48,117732,1944,32,4,644756,1319142,20632192,5276568,25908760,4,4,12,4,4,4,0,20,20,20260807,5,1,1,1,0,0,0,6301,0.262542,1,0.0015,0
1099,10150.8,11,0,2.32092,9.32,0,0,0,11.6409,361,361,0,1,2.94392,2.94392,1830,367,0,1235,0,0,0,0,0,1339,1785.99,0.953667,29.338,168732,12,29433,486,465155,48,117732,1944,32,4,644756,1319142,20632192,5276568,25908760,4,4,12,4,4,4,0,20,20,20260807,5,1,1,1,0,0,0,6301,0.262542,1,0.0015,0
1100,10156.2,6,0,2.27562,3.101,0,0,0,5.37662,361,361,0,1,2.94392,2.94392,1830,367,0,1235,0,0,0,0,0,1339,1785.99,0.953667,29.338,168732,12,29433,486,465155,48,117732,1944,32,4,644756,1319142,20632192,5276568,25908760,4,4,12,4,4,4,0,20,20,20260807,5,1,1,1,0,0,0,6301,0.262542,1,0.0015,0
1101,10167.1,11,0,2.7305,8.04775,0,0,0,10.7782,361,361,0,1,2.94392,2.94392,1830,367,0,1235,0,0,0,0,0,1339,1785.99,0.953667,29.338,168732,12,29433,486,465155,48,117732,1944,32,4,644756,1319142,20632192,5276568,25908760,4,4,12,4,4,4,0,20,20,20260807,5,1,1,1,0,0,0,6302,0.262583,1,0.0015,1
1102,10172.4,5,0,2.25292,2.96671,0,0,0,5.21962,361,361,0,1,2.94392,2.94392,1830,367,0,1235,0,0,0,0,0,1339,1785.99,0.953667,29.338,168732,12,29433,486,465155,48,117732,1944,32,4,644756,1319142,20632192,5276568,25908760,4,4,12,4,4,4,0,20,20,20260807,5,1,1,1,0,0,0,6302,0.262583,1,0.0015,0
1103,10187,14,0,2.24571,12.2511,0,0,0,14.4968,361,361,0,1,2.94392,2.94392,1830,367,0,1235,0,0,0,0,0,1339,1785.99,0.953667,29.338,168732,12,29433,486,465155,48,117732,1944,32,4,644756,1319142,20632192,5276568,25908760,4,4,12,4,4,4,0,20,20,20260807,5,1,1,1,0,0,0,6302,0.262583,1,0.0015,0
1104,10192.8,6,0,2.09271,3.66975,0,0,0,5.76246,361,361,0,1,2.94392,2.94392,1830,367,0,1235,0,0,0,0,0,1339,1785.99,0.953667,29.338,168732,12,29433,486,465155,48,117732,1944,32,4,644756,1319142,20632192,5276568,25908760,4,4,12,4,4,4,0,20,20,20260807,5,1,1,1,0,0,0,6302,0.262583,1,0.0015,0
1105,10203.8,11,0,2.28867,8.56263,0,0,0,10.8513,361,361,0,1,2.94392,2.94392,1830,367,0,1235,0,0,0,0,0,1339,1785.99,0.953667,29.338,168732,12,29433,486,465155,48,117732,1944,32,4,644756,1319142,20632192,5276568,25908760,4,4,12,4,4,4,0,20,20,20260807,5,1,1,1,0,0,0,6302,0.262583,1,0.0015,0
1106,10218.7,15,0,2.20538,12.6005,0,0,0,14.8059,361,361,0,1,2.94392,2.94392,1830,367,0,1235,0,0,0,0,0,1339,1785.99,0.953667,29.338,168732,12,29433,486,465155,48,117732,1944,32,4,644756,1319142,20632192,5276568,25908760,4,4,12,4,4,4,0,20,20,20260807,5,1,1,1,0,0,0,6303,0.262625,1,0.0015,1
1107,10225,6,0,2.19263,4.10992,0,0,0,6.30254,361,361,0,1,2.94392,2.94392,1830,367,0,1235,0,0,0,0,0,1339,1785.99,0.953667,29.338,168732,12,29433,486,465155,48,117732,1944,32,4,644756,1319142,20632192,5276568,25908760,4,4,12,4,4,4,0,20,20,20260807,5,1,1,1,0,0,0,6303,0.262625,1,0.0015,0
1108,10235.8,10,0,2.18742,8.53721,0,0,0,10.7246,361,361,0,1,2.94392,2.94392,1830,367,0,1235,0,0,0,0,0,1339,1785.99,0.953667,29.338,168732,12,29433,486,465155,48,117732,1944,32,4,644756,1319142,20632192,5276568,25908760,4,4,12,4,4,4,0,20,20,20260807,5,1,1,1,0,0,0,6303,0.262625,1,0.0015,0
1109,10242.5,7,0,2.07317,4.46308,0,0,0,6.53625,361,361,0,1,2.94392,2.94392,1830,367,0,1235,0,0,0,0,0,1339,1785.99,0.953667,29.338,168732,12,29433,486,465155,48,117732,1944,32,4,644756,1319142,20632192,5276568,25908760,4,4,12,4,4,4,0,20,20,20260807,5,1,1,1,0,0,0,6303,0.262625,1,0.0015,0
1110,10250.1,8,0,2.27546,5.32271,0,0,0,7.59817,361,361,0,1,2.94392,2.94392,1830,367,0,1235,0,0,0,0,0,1339,1785.99,0.953667,29.338,168732,12,29433,486,465155,48,117732,1944,32,4,644756,1319142,20632192,5276568,25908760,4,4,12,4,4,4,0,20,20,20260807,5,1,1,1,0,0,0,6303,0.262625,1,0.0015,0
1111,10255.6,5,0,2.34108,3.04438,0,0,0,5.38546,361,361,0,1,2.94392,2.94392,1830,367,0,1235,0,0,0,0,0,1339,1785.99,0.953667,29.338,168732,12,29433,486,465155,48,117732,1944,32,4,644756,1319142,20632192,5276568,25908760,4,4,12,4,4,4,0,20,20,20260807,5,1,1,1,0,0,0,6303,0.262625,1,0.0015,0
1112,10267.5,12,0,2.30721,9.47654,0,0,0,11.7837,361,361,0,1,2.94392,2.94392,1830,367,0,1235,0,0,0,0,0,1339,1785.99,0.953667,29.338,168732,12,29433,486,465155,48,117732,1944,32,4,644756,1319142,20632192,5276568,25908760,4,4,12,4,4,4,0,20,20,20260807,5,1,1,1,0,0,0,6304,0.262667,1,0.0015,1
1113,10275.2,8,0,2.20096,5.42733,0,0,0,7.62829,361,361,0,1,2.94392,2.94392,1830,367,0,1235,0,0,0,0,0,1339,1785.99,0.953667,29.338,168732,12,29433,486,465155,48,117732,1944,32,4,644756,1319142,20632192,5276568,25908760,4,4,12,4,4,4,0,20,20,20260807,5,1,1,1,0,0,0,6304,0.262667,1,0.0015,0
1114,10283.6,8,0,2.13058,6.24413,0,0,0,8.37471,361,361,0,1,2.94392,2.94392,1830,367,0,1235,0,0,0,0,0,1339,1785.99,0.953667,29.338,168732,12,29433,486,465155,48,117732,1944,32,4,644756,1319142,20632192,5276568,25908760,4,4,12,4,4,4,0,20,20,20260807,5,1,1,1,0,0,0,6304,0.262667,1,0.0015,0
1115,10289.3,6,0,2.25787,3.31396,0,0,0,5.57183,361,361,0,1,2.94392,2.94392,1830,367,0,1235,0,0,0,0,0,1339,1785.99,0.953667,29.338,168732,12,29433,486,465155,48,117732,1944,32,4,644756,1319142,20632192,5276568,25908760,4,4,12,4,4,4,0,20,20,20260807,5,1,1,1,0,0,0,6304,0.262667,1,0.0015,0
1116,10300.1,11,0,2.20487,8.492,0,0,0,10.6969,361,361,0,1,2.94392,2.94392,1830,367,0,1235,0,0,0,0,0,1339,1785.99,0.953667,29.338,168732,12,29433,486,465155,48,117732,1944,32,4,644756,1319142,20632192,5276568,25908760,4,4,12,4,4,4,0,20,20,20260807,5,1,1,1,0,0,0,6304,0.262667,1,0.0015,0
1117,10305.7,5,0,2.16583,3.34612,0,0,0,5.51196,361,361,0,1,2.94392,2.94392,1830,367,0,1235,0,0,0,0,0,1339,1785.99,0.953667,29.338,168732,12,29433,486,465155,48,117732,1944,32,4,644756,1319142,20632192,5276568,25908760,4,4,12,4,4,4,0,20,20,20260807,5,1,1,1,0,0,0,6304,0.262667,1,0.0015,0
1118,10317.2,12,0,5.34363,6.06892,0,0,0,11.4125,361,361,0,1,2.94392,2.94392,1830,367,0,1235,0,0,0,0,0,1339,1785.99,0.953667,29.338,168732,12,29433,486,465155,48,117732,1944,32,4,644756,1319142,20632192,5276568,25908760,4,4,12,4,4,4,0,20,20,20260807,5,1,1,1,0,0,0,6305,0.262708,1,0.0015,1
1119,10323.9,6,0,2.201,4.43392,0,0,0,6.63492,361,361,0,1,2.94392,2.94392,1830,367,0,1235,0,0,0,0,0,1339,1785.99,0.953667,29.338,168732,12,29433,486,465155,48,117732,1944,32,4,644756,1319142,20632192,5276568,25908760,4,4,12,4,4,4,0,20,20,20260807,5,1,1,1,0,0,0,6305,0.262708,1,0.0015,0
1120,10335.5,12,0,2.2155,9.27508,0,0,0,11.4906,361,361,0,1,2.94392,2.94392,1830,367,0,1235,0,0,0,0,0,1339,1785.99,0.953667,29.338,168732,12,29433,486,465155,48,117732,1944,32,4,644756,1319142,20632192,5276568,25908760,4,4,12,4,4,4,0,20,20,20260807,5,1,1,1,0,0,0,6305,0.262708,1,0.0015,0
1121,10341.4,6,0,2.09121,3.722,0,0,0,5.81321,361,361,0,1,2.94392,2.94392,1830,367,0,1235,0,0,0,0,0,1339,1785.99,0.953667,29.338,168732,12,29433,486,465155,48,117732,1944,32,4,644756,1319142,20632192,5276568,25908760,4,4,12,4,4,4,0,20,20,20260807,5,1,1,1,0,0,0,6305,0.262708,1,0.0015,0
1122,10350.1,9,0,2.32958,6.28575,0,0,0,8.61533,361,361,0,1,2.94392,2.94392,1830,367,0,1235,0,0,0,0,0,1339,1785.99,0.953667,29.338,168732,12,29433,486,465155,48,117732,1944,32,4,644756,1319142,20632192,5276568,25908760,4,4,12,4,4,4,0,20,20,20260807,5,1,1,1,0,0,0,6305,0.262708,1,0.0015,0
1123,10355.5,5,0,2.29771,3.09704,0,0,0,5.39475,361,361,0,1,2.94392,2.94392,1830,367,0,1235,0,0,0,0,0,1339,1785.99,0.953667,29.338,168732,12,29433,486,465155,48,117732,1944,32,4,644756,1319142,20632192,5276568,25908760,4,4,12,4,4,4,0,20,20,20260807,5,1,1,1,0,0,0,6305,0.262708,1,0.0015,0
1124,10367.4,12,0,2.35288,9.40342,0,0,0,11.7563,361,361,0,1,2.94392,2.94392,1830,367,0,1235,0,0,0,0,0,1339,1785.99,0.953667,29.338,168732,12,29433,486,465155,48,117732,1944,32,4,644756,1319142,20632192,5276568,25908760,4,4,12,4,4,4,0,20,20,20260807,5,1,1,1,0,0,0,6306,0.26275,1,0.0015,1
1125,10373,6,0,2.10221,3.45246,0,0,0,5.55467,361,361,0,1,2.94392,2.94392,1830,367,0,1235,0,0,0,0,0,1339,1785.99,0.953667,29.338,168732,12,29433,486,465155,48,117732,1944,32,4,644756,1319142,20632192,5276568,25908760,4,4,12,4,4,4,0,20,20,20260807,5,1,1,1,0,0,0,6306,0.26275,1,0.0015,0
1126,10383.4,10,0,2.15796,8.12321,0,0,0,10.2812,361,361,0,1,2.94392,2.94392,1830,367,0,1235,0,0,0,0,0,1339,1785.99,0.953667,29.338,168732,12,29433,486,465155,48,117732,1944,32,4,644756,1319142,20632192,5276568,25908760,4,4,12,4,4,4,0,20,20,20260807,5,1,1,1,0,0,0,6306,0.26275,1,0.0015,0
1127,10388.7,5,0,2.261,3.00588,0,0,0,5.26687,361,361,0,1,2.94392,2.94392,1830,367,0,1235,0,0,0,0,0,1339,1785.99,0.953667,29.338,168732,12,29433,486,465155,48,117732,1944,32,4,644756,1319142,20632192,5276568,25908760,4,4,12,4,4,4,0,20,20,20260807,5,1,1,1,0,0,0,6306,0.26275,1,0.0015,0
1128,10400.1,12,0,3.40346,7.95517,0,0,0,11.3586,361,361,0,1,2.94392,2.94392,1830,367,0,1235,0,0,0,0,0,1339,1785.99,0.953667,29.338,168732,12,29433,486,465155,48,117732,1944,32,4,644756,1319142,20632192,5276568,25908760,4,4,12,4,4,4,0,20,20,20260807,5,1,1,1,0,0,0,6306,0.26275,1,0.0015,0
1129,10405.9,5,0,2.23542,3.40208,0,0,0,5.6375,361,361,0,1,2.94392,2.94392,1830,367,0,1235,0,0,0,0,0,1339,1785.99,0.953667,29.338,168732,12,29433,486,465155,48,117732,1944,32,4,644756,1319142,20632192,5276568,25908760,4,4,12,4,4,4,0,20,20,20260807,5,1,1,1,0,0,0,6306,0.26275,1,0.0015,0
1130,10417.7,12,0,4.44479,7.196,0,0,0,11.6408,361,361,0,1,2.94392,2.94392,1830,367,0,1235,0,0,0,0,0,1339,1785.99,0.953667,29.338,168732,12,29433,486,465155,48,117732,1944,32,4,644756,1319142,20632192,5276568,25908760,4,4,12,4,4,4,0,20,20,20260807,5,1,1,1,0,0,0,6307,0.262792,1,0.0015,1
1131,10423.4,6,0,2.26375,3.42313,0,0,0,5.68687,361,361,0,1,2.94392,2.94392,1830,367,0,1235,0,0,0,0,0,1339,1785.99,0.953667,29.338,168732,12,29433,486,465155,48,117732,1944,32,4,644756,1319142,20632192,5276568,25908760,4,4,12,4,4,4,0,20,20,20260807,5,1,1,1,0,0,0,6307,0.262792,1,0.0015,0
1132,10433.8,10,0,2.1605,8.02067,0,0,0,10.1812,361,361,0,1,2.94392,2.94392,1830,367,0,1235,0,0,0,0,0,1339,1785.99,0.953667,29.338,168732,12,29433,486,465155,48,117732,1944,32,4,644756,1319142,20632192,5276568,25908760,4,4,12,4,4,4,0,20,20,20260807,5,1,1,1,0,0,0,6307,0.262792,1,0.0015,0
1133,10439.9,6,0,2.39288,3.64588,0,0,0,6.03875,361,361,0,1,2.94392,2.94392,1830,367,0,1235,0,0,0,0,0,1339,1785.99,0.953667,29.338,168732,12,29433,486,465155,48,117732,1944,32,4,644756,1319142,20632192,5276568,25908760,4,4,12,4,4,4,0,20,20,20260807,5,1,1,1,0,0,0,6307,0.262792,1,0.0015,0
1134,10450.9,11,0,2.30408,8.66338,0,0,0,10.9675,361,361,0,1,2.94392,2.94392,1830,367,0,1235,0,0,0,0,0,1339,1785.99,0.953667,29.338,168732,12,29433,486,465155,48,117732,1944,32,4,644756,1319142,20632192,5276568,25908760,4,4,12,4,4,4,0,20,20,20260807,5,1,1,1,0,0,0,6307,0.262792,1,0.0015,0
1135,10456.8,6,0,2.08679,3.67254,0,0,0,5.75933,361,361,0,1,2.94392,2.94392,1830,367,0,1235,0,0,0,0,0,1339,1785.99,0.953667,29.338,168732,12,29433,486,465155,48,117732,1944,32,4,644756,1319142,20632192,5276568,25908760,4,4,12,4,4,4,0,20,20,20260807,5,1,1,1,0,0,0,6307,0.262792,1,0.0015,0
1136,10467.4,11,0,2.17163,8.35496,0,0,0,10.5266,361,361,0,1,2.94392,2.94392,1830,367,0,1235,0,0,0,0,0,1339,1785.99,0.953667,29.338,168732,12,29433,486,465155,48,117732,1944,32,4,644756,1319142,20632192,5276568,25908760,4,4,12,4,4,4,0,20,20,20260807,5,1,1,1,0,0,0,6308,0.262833,1,0.0015,1
1137,10473.3,6,0,2.12846,3.67983,0,0,0,5.80829,361,361,0,1,2.94392,2.94392,1830,367,0,1235,0,0,0,0,0,1339,1785.99,0.953667,29.338,168732,12,29433,486,465155,48,117732,1944,32,4,644756,1319142,20632192,5276568,25908760,4,4,12,4,4,4,0,20,20,20260807,5,1,1,1,0,0,0,6308,0.262833,1,0.0015,0
1138,10484.7,11,0,4.41483,6.90175,0,0,0,11.3166,361,361,0,1,2.94392,2.94392,1830,367,0,1235,0,0,0,0,0,1339,1785.99,0.953667,29.338,168732,12,29433,486,465155,48,117732,1944,32,4,644756,1319142,20632192,5276568,25908760,4,4,12,4,4,4,0,20,20,20260807,5,1,1,1,0,0,0,6308,0.262833,1,0.0015,0
1139,10503,19,0,2.15017,16.0617,0,0,0,18.2118,361,361,0,1,2.94392,2.94392,1830,367,0,1235,0,0,0,0,0,1339,1785.99,0.953667,29.338,168732,12,29433,486,465155,48,117732,1944,32,4,644756,1319142,20632192,5276568,25908760,4,4,12,4,4,4,0,20,20,20260807,5,1,1,1,0,0,0,6308,0.262833,1,0.0015,0
1140,10517.8,14,0,2.16225,12.5875,0,0,0,14.7497,361,361,0,1,2.94392,2.94392,1830,367,0,1235,0,0,0,0,0,1339,1785.99,0.953667,29.338,168732,12,29433,486,465155,48,117732,1944,32,4,644756,1319142,20632192,5276568,25908760,4,4,12,4,4,4,0,20,20,20260807,5,1,1,1,0,0,0,6309,0.262875,1,0.0015,1
1141,10524,7,0,2.30417,3.79879,0,0,0,6.10296,361,361,0,1,2.94392,2.94392,1830,367,0,1235,0,0,0,0,0,1339,1785.99,0.953667,29.338,168732,12,29433,486,465155,48,117732,1944,32,4,644756,1319142,20632192,5276568,25908760,4,4,12,4,4,4,0,20,20,20260807,5,1,1,1,0,0,0,6309,0.262875,1,0.0015,0
1142,10534.9,10,0,2.30925,8.51604,0,0,0,10.8253,361,361,0,1,2.94392,2.94392,1830,367,0,1235,0,0,0,0,0,1339,1785.99,0.953667,29.338,168732,12,29433,486,465155,48,117732,1944,32,4,644756,1319142,20632192,5276568,25908760,4,4,12,4,4,4,0,20,20,20260807,5,1,1,1,0,0,0,6309,0.262875,1,0.0015,0
1143,10540.5,6,0,2.29492,3.195,0,0,0,5.48992,361,361,0,1,2.94392,2.94392,1830,367,0,1235,0,0,0,0,0,1339,1785.99,0.953667,29.338,168732,12,29433,486,465155,48,117732,1944,32,4,644756,1319142,20632192,5276568,25908760,4,4,12,4,4,4,0,20,20,20260807,5,1,1,1,0,0,0,6309,0.262875,1,0.0015,0
1144,10550.7,10,0,2.23396,7.89588,0,0,0,10.1298,361,361,0,1,2.94392,2.94392,1830,367,0,1235,0,0,0,0,0,1339,1785.99,0.953667,29.338,168732,12,29433,486,465155,48,117732,1944,32,4,644756,1319142,20632192,5276568,25908760,4,4,12,4,4,4,0,20,20,20260807,5,1,1,1,0,0,0,6309,0.262875,1,0.0015,0
1145,10556.1,6,0,2.19379,3.09117,0,0,0,5.28496,361,361,0,1,2.94392,2.94392,1830,367,0,1235,0,0,0,0,0,1339,1785.99,0.953667,29.338,168732,12,29433,486,465155,48,117732,1944,32,4,644756,1319142,20632192,5276568,25908760,4,4,12,4,4,4,0,20,20,20260807,5,1,1,1,0,0,0,6309,0.262875,1,0.0015,0
1146,10571.8,15,0,2.10679,13.3567,0,0,0,15.4635,361,361,0,1,2.94392,2.94392,1830,367,0,1235,0,0,0,0,0,1339,1785.99,0.953667,29.338,168732,12,29433,486,465155,48,117732,1944,32,4,644756,1319142,20632192,5276568,25908760,4,4,12,4,4,4,0,20,20,20260807,5,1,1,1,0,0,0,6310,0.262917,1,0.0015,1
1147,10577.3,6,0,2.18021,3.23558,0,0,0,5.41579,361,361,0,1,2.94392,2.94392,1830,367,0,1235,0,0,0,0,0,1339,1785.99,0.953667,29.338,168732,12,29433,486,465155,48,117732,1944,32,4,644756,1319142,20632192,5276568,25908760,4,4,12,4,4,4,0,20,20,20260807,5,1,1,1,0,0,0,6310,0.262917,1,0.0015,0
1148,10583.2,6,0,2.08354,3.77858,0,0,0,5.86212,361,361,0,1,2.94392,2.94392,1830,367,0,1235,0,0,0,0,0,1339,1785.99,0.953667,29.338,168732,12,29433,486,465155,48,117732,1944,32,4,644756,1319142,20632192,5276568,25908760,4,4,12,4,4,4,0,20,20,20260807,5,1,1,1,0,0,0,6310,0.262917,1,0.0015,0
1149,10596.6,13,0,2.20167,11.1252,0,0,0,13.3269,361,361,0,1,2.94392,2.94392,1830,367,0,1235,0,0,0,0,0,1339,1785.99,0.953667,29.338,168732,12,29433,486,465155,48,117732,1944,32,4,644756,1319142,20632192,5276568,25908760,4,4,12,4,4,4,0,20,20,20260807,5,1,1,1,0,0,0,6310,0.262917,1,0.0015,0
1150,10606.3,10,0,2.18113,7.44858,0,0,0,9.62971,361,361,0,1,2.94392,2.94392,1830,367,0,1235,0,0,0,0,0,1339,1785.99,0.953667,29.338,168732,12,29433,486,465155,48,117732,1944,32,4,644756,1319142,20632192,5276568,25908760,4,4,12,4,4,4,0,20,20,20260807,5,1,1,1,0,0,0,6310,0.262917,1,0.0015,0
1151,10617.2,11,0,2.22633,8.53567,0,0,0,10.762,361,361,0,1,2.94392,2.94392,1830,367,0,1235,0,0,0,0,0,1339,1785.99,0.953667,29.338,168732,12,29433,486,465155,48,117732,1944,32,4,644756,1319142,20632192,5276568,25908760,4,4,12,4,4,4,0,20,20,20260807,5,1,1,1,0,0,0,6311,0.262958,1,0.0015,1
1152,10623.1,6,0,2.35267,3.53129,0,0,0,5.88396,361,361,0,1,2.94392,2.94392,1830,367,0,1235,0,0,0,0,0,1339,1785.99,0.953667,29.338,168732,12,29433,486,465155,48,117732,1944,32,4,644756,1319142,20632192,5276568,25908760,4,4,12,4,4,4,0,20,20,20260807,5,1,1,1,0,0,0,6311,0.262958,1,0.0015,0
1153,10633.4,10,0,2.22058,7.93496,0,0,0,10.1555,361,361,0,1,2.94392,2.94392,1830,367,0,1235,0,0,0,0,0,1339,1785.99,0.953667,29.338,168732,12,29433,486,465155,48,117732,1944,32,4,644756,1319142,20632192,5276568,25908760,4,4,12,4,4,4,0,20,20,20260807,5,1,1,1,0,0,0,6311,0.262958,1,0.0015,0
1154,10638.8,5,0,2.15537,3.20867,0,0,0,5.36404,361,361,0,1,2.94392,2.94392,1830,367,0,1235,0,0,0,0,0,1339,1785.99,0.953667,29.338,168732,12,29433,486,465155,48,117732,1944,32,4,644756,1319142,20632192,5276568,25908760,4,4,12,4,4,4,0,20,20,20260807,5,1,1,1,0,0,0,6311,0.262958,1,0.0015,0
1155,10650.2,12,0,2.75467,8.55508,0,0,0,11.3097,361,361,0,1,2.94392,2.94392,1830,367,0,1235,0,0,0,0,0,1339,1785.99,0.953667,29.338,168732,12,29433,486,465155,48,117732,1944,32,4,644756,1319142,20632192,5276568,25908760,4,4,12,4,4,4,0,20,20,20260807,5,1,1,1,0,0,0,6311,0.262958,1,0.0015,0
1156,10657.5,7,0,2.17258,5.04992,0,0,0,7.2225,361,361,0,1,2.94392,2.94392,1830,367,0,1235,0,0,0,0,0,1339,1785.99,0.953667,29.338,168732,12,29433,486,465155,48,117732,1944,32,4,644756,1319142,20632192,5276568,25908760,4,4,12,4,4,4,0,20,20,20260807,5,1,1,1,0,0,0,6311,0.262958,1,0.0015,0
1157,10666.6,10,0,2.09554,6.96592,0,0,0,9.06146,361,361,0,1,2.94392,2.94392,1830,367,0,1235,0,0,0,0,0,1339,1785.99,0.953667,29.338,168732,12,29433,486,465155,48,117732,1944,32,4,644756,1319142,20632192,5276568,25908760,4,4,12,4,4,4,0,20,20,20260807,5,1,1,1,0,0,0,6312,0.263,1,0.0015,1
1158,10674.2,8,0,2.10758,5.32163,0,0,0,7.42921,361,361,0,1,2.94392,2.94392,1830,367,0,1235,0,0,0,0,0,1339,1785.99,0.953667,29.338,168732,12,29433,486,465155,48,117732,1944,32,4,644756,1319142,20632192,5276568,25908760,4,4,12,4,4,4,0,20,20,20260807,5,1,1,1,0,0,0,6312,0.263,1,0.0015,0
1159,10683.8,9,0,2.11358,7.38383,0,0,0,9.49742,361,361,0,1,2.94392,2.94392,1830,367,0,1235,0,0,0,0,0,1339,1785.99,0.953667,29.338,168732,12,29433,486,465155,48,117732,1944,32,4,644756,1319142,20632192,5276568,25908760,4,4,12,4,4,4,0,20,20,20260807,5,1,1,1,0,0,0,6312,0.263,1,0.0015,0
1160,10689.5,6,0,2.19112,3.51379,0,0,0,5.70492,361,361,0,1,2.94392,2.94392,1830,367,0,1235,0,0,0,0,0,1339,1785.99,0.953667,29.338,168732,12,29433,486,465155,48,117732,1944,32,4,644756,1319142,20632192,5276568,25908760,4,4,12,4,4,4,0,20,20,20260807,5,1,1,1,0,0,0,6312,0.263,1,0.0015,0
1161,10700,10,0,2.23379,8.11875,0,0,0,10.3525,361,361,0,1,2.94392,2.94392,1830,367,0,1235,0,0,0,0,0,1339,1785.99,0.953667,29.338,168732,12,29433,486,465155,48,117732,1944,32,4,644756,1319142,20632192,5276568,25908760,4,4,12,4,4,4,0,20,20,20260807,5,1,1,1,0,0,0,6312,0.263,1,0.0015,0
1162,10706.8,7,0,2.11738,4.60158,0,0,0,6.71896,361,361,0,1,2.94392,2.94392,1830,367,0,1235,0,0,0,0,0,1339,1785.99,0.953667,29.338,168732,12,29433,486,465155,48,117732,1944,32,4,644756,1319142,20632192,5276568,25908760,4,4,12,4,4,4,0,20,20,20260807,5,1,1,1,0,0,0,6312,0.263,1,0.0015,0
1163,10716.6,10,0,2.22863,7.4855,0,0,0,9.71412,361,361,0,1,2.94392,2.94392,1830,367,0,1235,0,0,0,0,0,1339,1785.99,0.953667,29.338,168732,12,29433,486,465155,48,117732,1944,32,4,644756,1319142,20632192,5276568,25908760,4,4,12,4,4,4,0,20,20,20260807,5,1,1,1,0,0,0,6313,0.263042,1,0.0015,1
1164,10724,7,0,2.23454,5.0985,0,0,0,7.33304,361,361,0,1,2.94392,2.94392,1830,367,0,1235,0,0,0,0,0,1339,1785.99,0.953667,29.338,168732,12,29433,486,465155,48,117732,1944,32,4,644756,1319142,20632192,5276568,25908760,4,4,12,4,4,4,0,20,20,20260807,5,1,1,1,0,0,0,6313,0.263042,1,0.0015,0
1165,10734.1,11,0,2.12879,7.91721,0,0,0,10.046,361,361,0,1,2.94392,2.94392,1830,367,0,1235,0,0,0,0,0,1339,1785.99,0.953667,29.338,168732,12,29433,486,465155,48,117732,1944,32,4,644756,1319142,20632192,5276568,25908760,4,4,12,4,4,4,0,20,20,20260807,5,1,1,1,0,0,0,6313,0.263042,1,0.0015,0
1166,10740.3,6,0,2.26571,3.83192,0,0,0,6.09762,361,361,0,1,2.94392,2.94392,1830,367,0,1235,0,0,0,0,0,1339,1785.99,0.953667,29.338,168732,12,29433,486,465155,48,117732,1944,32,4,644756,1319142,20632192,5276568,25908760,4,4,12,4,4,4,0,20,20,20260807,5,1,1,1,0,0,0,6313,0.263042,1,0.0015,0
1167,10750.2,10,0,2.20958,7.64112,0,0,0,9.85071,361,361,0,1,2.94392,2.94392,1830,367,0,1235,0,0,0,0,0,1339,1785.99,0.953667,29.338,168732,12,29433,486,465155,48,117732,1944,32,4,644756,1319142,20632192,5276568,25908760,4,4,12,4,4,4,0,20,20,20260807,5,1,1,1,0,0,0,6313,0.263042,1,0.0015,0
1168,10755.9,5,0,2.25629,3.30063,0,0,0,5.55692,361,361,0,1,2.94392,2.94392,1830,367,0,1235,0,0,0,0,0,1339,1785.99,0.953667,29.338,168732,12,29433,486,465155,48,117732,1944,32,4,644756,1319142,20632192,5276568,25908760,4,4,12,4,4,4,0,20,20,20260807,5,1,1,1,0,0,0,6313,0.263042,1,0.0015,0
1169,10766.6,11,0,2.21042,8.42212,0,0,0,10.6325,361,361,0,1,2.94392,2.94392,1830,367,0,1235,0,0,0,0,0,1339,1785.99,0.953667,29.338,168732,12,29433,486,465155,48,117732,1944,32,4,644756,1319142,20632192,5276568,25908760,4,4,12,4,4,4,0,20,20,20260807,5,1,1,1,0,0,0,6314,0.263083,1,0.0015,1
1170,10774.9,8,0,2.08796,6.12167,0,0,0,8.20963,361,361,0,1,2.94392,2.94392,1830,367,0,1235,0,0,0,0,0,1339,1785.99,0.953667,29.338,168732,12,29433,486,465155,48,117732,1944,32,4,644756,1319142,20632192,5276568,25908760,4,4,12,4,4,4,0,20,20,20260807,5,1,1,1,0,0,0,6314,0.263083,1,0.0015,0
1171,10783.6,9,0,2.17842,6.47846,0,0,0,8.65687,361,361,0,1,2.94392,2.94392,1830,367,0,1235,0,0,0,0,0,1339,1785.99,0.953667,29.338,168732,12,29433,486,465155,48,117732,1944,32,4,644756,1319142,20632192,5276568,25908760,4,4,12,4,4,4,0,20,20,20260807,5,1,1,1,0,0,0,6314,0.263083,1,0.0015,0
1172,10793.1,10,0,2.16996,7.19117,0,0,0,9.36112,361,361,0,1,2.94392,2.94392,1830,367,0,1235,0,0,0,0,0,1339,1785.99,0.953667,29.338,168732,12,29433,486,465155,48,117732,1944,32,4,644756,1319142,20632192,5276568,25908760,4,4,12,4,4,4,0,20,20,20260807,5,1,1,1,0,0,0,6314,0.263083,1,0.0015,0
1173,10800,7,0,2.17079,4.67638,0,0,0,6.84717,361,361,0,1,2.94392,2.94392,1830,367,0,1235,0,0,0,0,0,1339,1785.99,0.953667,29.338,168732,12,29433,486,465155,48,117732,1944,32,4,644756,1319142,20632192,5276568,25908760,4,4,12,4,4,4,0,20,20,20260807,5,1,1,1,0,0,0,6314,0.263083,1,0.0015,0
1174,10806.3,6,0,2.18329,4.03925,0,0,0,6.22254,361,361,0,1,2.94392,2.94392,1830,367,0,1235,0,0,0,0,0,1339,1785.99,0.953667,29.338,168732,12,29433,486,465155,48,117732,1944,32,4,644756,1319142,20632192,5276568,25908760,4,4,12,4,4,4,0,20,20,20260807,5,1,1,1,0,0,0,6314,0.263083,1,0.0015,0
1175,10816.7,10,0,2.27254,8.00754,0,0,0,10.2801,361,361,0,1,2.94392,2.94392,1830,367,0,1235,0,0,0,0,0,1339,1785.99,0.953667,29.338,168732,12,29433,486,465155,48,117732,1944,32,4,644756,1319142,20632192,5276568,25908760,4,4,12,4,4,4,0,20,20,20260807,5,1,1,1,0,0,0,6315,0.263125,1,0.0015,1
1176,10823,7,0,2.32508,3.94875,0,0,0,6.27383,361,361,0,1,2.94392,2.94392,1830,367,0,1235,0,0,0,0,0,1339,1785.99,0.953667,29.338,168732,12,29433,486,465155,48,117732,1944,32,4,644756,1319142,20632192,5276568,25908760,4,4,12,4,4,4,0,20,20,20260807,5,1,1,1,0,0,0,6315,0.263125,1,0.0015,0
1177,10833.5,10,0,2.25292,8.11529,0,0,0,10.3682,361,361,0,1,2.94392,2.94392,1830,367,0,1235,0,0,0,0,0,1339,1785.99,0.953667,29.338,168732,12,29433,486,465155,48,117732,1944,32,4,644756,1319142,20632192,5276568,25908760,4,4,12,4,4,4,0,20,20,20260807,5,1,1,1,0,0,0,6315,0.263125,1,0.0015,0
1178,10840.8,7,0,2.44754,4.87354,0,0,0,7.32108,361,361,0,1,2.94392,2.94392,1830,367,0,1235,0,0,0,0,0,1339,1785.99,0.953667,29.338,168732,12,29433,486,465155,48,117732,1944,32,4,644756,1319142,20632192,5276568,25908760,4,4,12,4,4,4,0,20,20,20260807,5,1,1,1,0,0,0,6315,0.263125,1,0.0015,0
1179,10850,9,0,2.22833,6.82225,0,0,0,9.05058,361,361,0,1,2.94392,2.94392,1830,367,0,1235,0,0,0,0,0,1339,1785.99,0.953667,29.338,168732,12,29433,486,465155,48,117732,1944,32,4,644756,1319142,20632192,5276568,25908760,4,4,12,4,4,4,0,20,20,20260807,5,1,1,1,0,0,0,6315,0.263125,1,0.0015,0
1180,10858.1,9,0,2.12758,5.92646,0,0,0,8.05404,361,361,0,1,2.94392,2.94392,1830,367,0,1235,0,0,0,0,0,1339,1785.99,0.953667,29.338,168732,12,29433,486,465155,48,117732,1944,32,4,644756,1319142,20632192,5276568,25908760,4,4,12,4,4,4,0,20,20,20260807,5,1,1,1,0,0,0,6315,0.263125,1,0.0015,0
1181,10866.8,8,0,2.27417,6.28583,0,0,0,8.56,361,361,0,1,2.94392,2.94392,1830,367,0,1235,0,0,0,0,0,1339,1785.99,0.953667,29.338,168732,12,29433,486,465155,48,117732,1944,32,4,644756,1319142,20632192,5276568,25908760,4,4,12,4,4,4,0,20,20,20260807,5,1,1,1,0,0,0,6316,0.263167,1,0.0015,1
1182,10873.5,7,0,2.42238,4.24929,0,0,0,6.67167,361,361,0,1,2.94392,2.94392,1830,367,0,1235,0,0,0,0,0,1339,1785.99,0.953667,29.338,168732,12,29433,486,465155,48,117732,1944,32,4,644756,1319142,20632192,5276568,25908760,4,4,12,4,4,4,0,20,20,20260807,5,1,1,1,0,0,0,6316,0.263167,1,0.0015,0
1183,10883.5,10,0,2.33588,7.54688,0,0,0,9.88275,361,361,0,1,2.94392,2.94392,1830,367,0,1235,0,0,0,0,0,1339,1785.99,0.953667,29.338,168732,12,29433,486,465155,48,117732,1944,32,4,644756,1319142,20632192,5276568,25908760,4,4,12,4,4,4,0,20,20,20260807,5,1,1,1,0,0,0,6316,0.263167,1,0.0015,0
1184,10890,7,0,2.35354,4.07967,0,0,0,6.43321,361,361,0,1,2.94392,2.94392,1830,367,0,1235,0,0,0,0,0,1339,1785.99,0.953667,29.338,168732,12,29433,486,465155,48,117732,1944,32,4,644756,1319142,20632192,5276568,25908760,4,4,12,4,4,4,0,20,20,20260807,5,1,1,1,0,0,0,6316,0.263167,1,0.0015,0
1185,10901.1,11,0,2.32004,8.69729,0,0,0,11.0173,361,361,0,1,2.94392,2.94392,1830,367,0,1235,0,0,0,0,0,1339,1785.99,0.953667,29.338,168732,12,29433,486,465155,48,117732,1944,32,4,644756,1319142,20632192,5276568,25908760,4,4,12,4,4,4,0,20,20,20260807,5,1,1,1,0,0,0,6316,0.263167,1,0.0015,0
1186,10906.9,5,0,2.09646,3.59408,0,0,0,5.69054,361,361,0,1,2.94392,2.94392,1830,367,0,1235,0,0,0,0,0,1339,1785.99,0.953667,29.338,168732,12,29433,486,465155,48,117732,1944,32,4,644756,1319142,20632192,5276568,25908760,4,4,12,4,4,4,0,20,20,20260807,5,1,1,1,0,0,0,6317,0.263208,1,0.0015,1
1187,10917.2,11,0,2.97854,7.20688,0,0,0,10.1854,361,361,0,1,2.94392,2.94392,1830,367,0,1235,0,0,0,0,0,1339,1785.99,0.953667,29.338,168732,12,29433,486,465155,48,117732,1944,32,4,644756,1319142,20632192,5276568,25908760,4,4,12,4,4,4,0,20,20,20260807,5,1,1,1,0,0,0,6317,0.263208,1,0.0015,0
1188,10922.6,5,0,2.19537,3.139,0,0,0,5.33437,361,361,0,1,2.94392,2.94392,1830,367,0,1235,0,0,0,0,0,1339,1785.99,0.953667,29.338,168732,12,29433,486,465155,48,117732,1944,32,4,644756,1319142,20632192,5276568,25908760,4,4,12,4,4,4,0,20,20,20260807,5,1,1,1,0,0,0,6317,0.263208,1,0.0015,0
1189,10933.3,11,0,2.67483,8.00808,0,0,0,10.6829,361,361,0,1,2.94392,2.94392,1830,367,0,1235,0,0,0,0,0,1339,1785.99,0.953667,29.338,168732,12,29433,486,465155,48,117732,1944,32,4,644756,1319142,20632192,5276568,25908760,4,4,12,4,4,4,0,20,20,20260807,5,1,1,1,0,0,0,6317,0.263208,1,0.0015,0
1190,10939.1,6,0,2.30042,3.40679,0,0,0,5.70721,361,361,0,1,2.94392,2.94392,1830,367,0,1235,0,0,0,0,0,1339,1785.99,0.953667,29.338,168732,12,29433,486,465155,48,117732,1944,32,4,644756,1319142,20632192,5276568,25908760,4,4,12,4,4,4,0,20,20,20260807,5,1,1,1,0,0,0,6317,0.263208,1,0.0015,0
1191,10949.9,10,0,2.38104,8.34479,0,0,0,10.7258,361,361,0,1,2.94392,2.94392,1830,367,0,1235,0,0,0,0,0,1339,1785.99,0.953667,29.338,168732,12,29433,486,465155,48,117732,1944,32,4,644756,1319142,20632192,5276568,25908760,4,4,12,4,4,4,0,20,20,20260807,5,1,1,1,0,0,0,6317,0.263208,1,0.0015,0
1192,10955.8,6,0,2.23521,3.56575,0,0,0,5.80096,361,361,0,1,2.94392,2.94392,1830,367,0,1235,0,0,0,0,0,1339,1785.99,0.953667,29.338,168732,12,29433,486,465155,48,117732,1944,32,4,644756,1319142,20632192,5276568,25908760,4,4,12,4,4,4,0,20,20,20260807,5,1,1,1,0,0,0,6317,0.263208,1,0.0015,0
1193,10966.7,11,0,2.41179,8.36708,0,0,0,10.7789,361,361,0,1,2.94392,2.94392,1830,367,0,1235,0,0,0,0,0,1339,1785.99,0.953667,29.338,168732,12,29433,486,465155,48,117732,1944,32,4,644756,1319142,20632192,5276568,25908760,4,4,12,4,4,4,0,20,20,20260807,5,1,1,1,0,0,0,6318,0.26325,1,0.0015,1
1194,10972.4,6,0,2.21254,3.46879,0,0,0,5.68133,361,361,0,1,2.94392,2.94392,1830,367,0,1235,0,0,0,0,0,1339,1785.99,0.953667,29.338,168732,12,29433,486,465155,48,117732,1944,32,4,644756,1319142,20632192,5276568,25908760,4,4,12,4,4,4,0,20,20,20260807,5,1,1,1,0,0,0,6318,0.26325,1,0.0015,0
1195,10983.4,11,0,2.22317,8.62683,0,0,0,10.85,361,361,0,1,2.94392,2.94392,1830,367,0,1235,0,0,0,0,0,1339,1785.99,0.953667,29.338,168732,12,29433,486,465155,48,117732,1944,32,4,644756,1319142,20632192,5276568,25908760,4,4,12,4,4,4,0,20,20,20260807,5,1,1,1,0,0,0,6318,0.26325,1,0.0015,0
1196,10989.7,6,0,2.17696,4.07225,0,0,0,6.24921,361,361,0,1,2.94392,2.94392,1830,367,0,1235,0,0,0,0,0,1339,1785.99,0.953667,29.338,168732,12,29433,486,465155,48,117732,1944,32,4,644756,1319142,20632192,5276568,25908760,4,4,12,4,4,4,0,20,20,20260807,5,1,1,1,0,0,0,6318,0.26325,1,0.0015,0
1197,11000,11,0,2.25308,7.97217,0,0,0,10.2253,361,361,0,1,2.94392,2.94392,1830,367,0,1235,0,0,0,0,0,1339,1785.99,0.953667,29.338,168732,12,29433,486,465155,48,117732,1944,32,4,644756,1319142,20632192,5276568,25908760,4,4,12,4,4,4,0,20,20,20260807,5,1,1,1,0,0,0,6318,0.26325,1,0.0015,0
1198,11005.6,5,0,2.16075,3.39329,0,0,0,5.55404,361,361,0,1,2.94392,2.94392,1830,367,0,1235,0,0,0,0,0,1339,1785.99,0.953667,29.338,168732,12,29433,486,465155,48,117732,1944,32,4,644756,1319142,20632192,5276568,25908760,4,4,12,4,4,4,0,20,20,20260807,5,1,1,1,0,0,0,6318,0.26325,1,0.0015,0
1199,11016.6,11,0,4.13563,6.74538,0,0,0,10.881,361,361,0,1,2.94392,2.94392,1830,367,0,1235,0,0,0,0,0,1339,1785.99,0.953667,29.338,168732,12,29433,486,465155,48,117732,1944,32,4,644756,1319142,20632192,5276568,25908760,4,4,12,4,4,4,0,20,20,20260807,5,1,1,1,0,0,0,6319,0.263292,1,0.0015,1
1200,11024.5,8,0,2.17054,5.62704,0,0,0,7.79758,361,361,0,1,2.94392,2.94392,1830,367,0,1235,0,0,0,0,0,1339,1785.99,0.953667,29.338,168732,12,29433,486,465155,48,117732,1944,32,4,644756,1319142,20632192,5276568,25908760,4,4,12,4,4,4,0,20,20,20260807,5,1,1,1,0,0,0,6319,0.263292,1,0.0015,0
1201,11033.3,9,0,2.11567,6.60142,0,0,0,8.71708,361,361,0,1,2.94392,2.94392,1830,367,0,1235,0,0,0,0,0,1339,1785.99,0.953667,29.338,168732,12,29433,486,465155,48,117732,1944,32,4,644756,1319142,20632192,5276568,25908760,4,4,12,4,4,4,0,20,20,20260807,5,1,1,1,0,0,0,6319,0.263292,1,0.0015,0
1202,11039.7,6,0,2.06071,4.27521,0,0,0,6.33592,361,361,0,1,2.94392,2.94392,1830,367,0,1235,0,0,0,0,0,1339,1785.99,0.953667,29.338,168732,12,29433,486,465155,48,117732,1944,32,4,644756,1319142,20632192,5276568,25908760,4,4,12,4,4,4,0,20,20,20260807,5,1,1,1,0,0,0,6319,0.263292,1,0.0015,0
1203,11050.1,11,0,2.23321,8.05858,0,0,0,10.2918,361,361,0,1,2.94392,2.94392,1830,367,0,1235,0,0,0,0,0,1339,1785.99,0.953667,29.338,168732,12,29433,486,465155,48,117732,1944,32,4,644756,1319142,20632192,5276568,25908760,4,4,12,4,4,4,0,20,20,20260807,5,1,1,1,0,0,0,6319,0.263292,1,0.0015,0
1204,11056.2,6,0,2.08637,3.95154,0,0,0,6.03792,361,361,0,1,2.94392,2.94392,1830,367,0,1235,0,0,0,0,0,1339,1785.99,0.953667,29.338,168732,12,29433,486,465155,48,117732,1944,32,4,644756,1319142,20632192,5276568,25908760,4,4,12,4,4,4,0,20,20,20260807,5,1,1,1,0,0,0,6319,0.263292,1,0.0015,0
1205,11066.7,10,0,2.20846,8.19967,0,0,0,10.4081,361,361,0,1,2.94392,2.94392,1830,367,0,1235,0,0,0,0,0,1339,1785.99,0.953667,29.338,168732,12,29433,486,465155,48,117732,1944,32,4,644756,1319142,20632192,5276568,25908760,4,4,12,4,4,4,0,20,20,20260807,5,1,1,1,0,0,0,6320,0.263333,1,0.0015,1
1206,11073.1,7,0,2.06354,4.24821,0,0,0,6.31175,361,361,0,1,2.94392,2.94392,1830,367,0,1235,0,0,0,0,0,1339,1785.99,0.953667,29.338,168732,12,29433,486,465155,48,117732,1944,32,4,644756,1319142,20632192,5276568,25908760,4,4,12,4,4,4,0,20,20,20260807,5,1,1,1,0,0,0,6320,0.263333,1,0.0015,0
1207,11083.7,10,0,2.19854,8.37108,0,0,0,10.5696,361,361,0,1,2.94392,2.94392,1830,367,0,1235,0,0,0,0,0,1339,1785.99,0.953667,29.338,168732,12,29433,486,465155,48,117732,1944,32,4,644756,1319142,20632192,5276568,25908760,4,4,12,4,4,4,0,20,20,20260807,5,1,1,1,0,0,0,6320,0.263333,1,0.0015,0
1208,11093.7,10,0,2.21867,7.72267,0,0,0,9.94133,361,361,0,1,2.94392,2.94392,1830,367,0,1235,0,0,0,0,0,1339,1785.99,0.953667,29.338,168732,12,29433,486,465155,48,117732,1944,32,4,644756,1319142,20632192,5276568,25908760,4,4,12,4,4,4,0,20,20,20260807,5,1,1,1,0,0,0,6320,0.263333,1,0.0015,0
1209,11100,6,0,2.04838,4.09087,0,0,0,6.13925,361,361,0,1,2.94392,2.94392,1830,367,0,1235,0,0,0,0,0,1339,1785.99,0.953667,29.338,168732,12,29433,486,465155,48,117732,1944,32,4,644756,1319142,20632192,5276568,25908760,4,4,12,4,4,4,0,20,20,20260807,5,1,1,1,0,0,0,6320,0.263333,1,0.0015,0
1210,11106.2,7,0,2.08625,4.10471,0,0,0,6.19096,361,361,0,1,2.94392,2.94392,1830,367,0,1235,0,0,0,0,0,1339,1785.99,0.953667,29.338,168732,12,29433,486,465155,48,117732,1944,32,4,644756,1319142,20632192,5276568,25908760,4,4,12,4,4,4,0,20,20,20260807,5,1,1,1,0,0,0,6320,0.263333,1,0.0015,0
1211,11116.7,10,0,2.23283,8.17333,0,0,0,10.4062,361,361,0,1,2.94392,2.94392,1830,367,0,1235,0,0,0,0,0,1339,1785.99,0.953667,29.338,168732,12,29433,486,465155,48,117732,1944,32,4,644756,1319142,20632192,5276568,25908760,4,4,12,4,4,4,0,20,20,20260807,5,1,1,1,0,0,0,6321,0.263375,1,0.0015,1
1212,11123,7,0,2.29079,3.94725,0,0,0,6.23804,361,361,0,1,2.94392,2.94392,1830,367,0,1235,0,0,0,0,0,1339,1785.99,0.953667,29.338,168732,12,29433,486,465155,48,117732,1944,32,4,644756,1319142,20632192,5276568,25908760,4,4,12,4,4,4,0,20,20,20260807,5,1,1,1,0,0,0,6321,0.263375,1,0.0015,0
1213,11134.6,11,0,2.21754,9.25675,0,0,0,11.4743,361,361,0,1,2.94392,2.94392,1830,367,0,1235,0,0,0,0,0,1339,1785.99,0.953667,29.338,168732,12,29433,486,465155,48,117732,1944,32,4,644756,1319142,20632192,5276568,25908760,4,4,12,4,4,4,0,20,20,20260807,5,1,1,1,0,0,0,6321,0.263375,1,0.0015,0
1214,11140,5,0,2.30417,3.0115,0,0,0,5.31567,361,361,0,1,2.94392,2.94392,1830,367,0,1235,0,0,0,0,0,1339,1785.99,0.953667,29.338,168732,12,29433,486,465155,48,117732,1944,32,4,644756,1319142,20632192,5276568,25908760,4,4,12,4,4,4,0,20,20,20260807,5,1,1,1,0,0,0,6321,0.263375,1,0.0015,0
1215,11150,11,0,2.22975,7.73167,0,0,0,9.96142,361,361,0,1,2.94392,2.94392,1830,367,0,1235,0,0,0,0,0,1339,1785.99,0.953667,29.338,168732,12,29433,486,465155,48,117732,1944,32,4,644756,1319142,20632192,5276568,25908760,4,4,12,4,4,4,0,20,20,20260807,5,1,1,1,0,0,0,6321,0.263375,1,0.0015,0
1216,11156.4,6,0,2.2085,4.10496,0,0,0,6.31346,361,361,0,1,2.94392,2.94392,1830,367,0,1235,0,0,0,0,0,1339,1785.99,0.953667,29.338,168732,12,29433,486,465155,48,117732,1944,32,4,644756,1319142,20632192,5276568,25908760,4,4,12,4,4,4,0,20,20,20260807,5,1,1,1,0,0,0,6321,0.263375,1,0.0015,0
1217,11166.7,10,0,2.21488,7.96908,0,0,0,10.184,361,361,0,1,2.94392,2.94392,1830,367,0,1235,0,0,0,0,0,1339,1785.99,0.953667,29.338,168732,12,29433,486,465155,48,117732,1944,32,4,644756,1319142,20632192,5276568,25908760,4,4,12,4,4,4,0,20,20,20260807,5,1,1,1,0,0,0,6322,0.263417,1,0.0015,1
1218,11172.8,6,0,2.219,3.80829,0,0,0,6.02729,361,361,0,1,2.94392,2.94392,1830,367,0,1235,0,0,0,0,0,1339,1785.99,0.953667,29.338,168732,12,29433,486,465155,48,117732,1944,32,4,644756,1319142,20632192,5276568,25908760,4,4,12,4,4,4,0,20,20,20260807,5,1,1,1,0,0,0,6322,0.263417,1,0.0015,0
1219,11185.3,13,0,2.20596,10.2261,0,0,0,12.432,361,361,0,1,2.94392,2.94392,1830,367,0,1235,0,0,0,0,0,1339,1785.99,0.953667,29.338,168732,12,29433,486,465155,48,117732,1944,32,4,644756,1319142,20632192,5276568,25908760,4,4,12,4,4,4,0,20,20,20260807,5,1,1,1,0,0,0,6322,0.263417,1,0.0015,0
1220,11192,7,0,2.23025,4.38496,0,0,0,6.61521,361,361,0,1,2.94392,2.94392,1830,367,0,1235,0,0,0,0,0,1339,1785.99,0.953667,29.338,168732,12,29433,486,465155,48,117732,1944,32,4,644756,1319142,20632192,5276568,25908760,4,4,12,4,4,4,0,20,20,20260807,5,1,1,1,0,0,0,6322,0.263417,1,0.0015,0
1221,11200.1,8,0,2.03183,5.99483,0,0,0,8.02667,361,361,0,1,2.94392,2.94392,1830,367,0,1235,0,0,0,0,0,1339,1785.99,0.953667,29.338,168732,12,29433,486,465155,48,117732,1944,32,4,644756,1319142,20632192,5276568,25908760,4,4,12,4,4,4,0,20,20,20260807,5,1,1,1,0,0,0,6322,0.263417,1,0.0015,0
1222,11206.4,6,0,2.22012,3.99187,0,0,0,6.212,361,361,0,1,2.94392,2.94392,1830,367,0,1235,0,0,0,0,0,1339,1785.99,0.953667,29.338,168732,12,29433,486,465155,48,117732,1944,32,4,644756,1319142,20632192,5276568,25908760,4,4,12,4,4,4,0,20,20,20260807,5,1,1,1,0,0,0,6322,0.263417,1,0.0015,0
1223,11216.6,10,0,2.20904,7.90188,0,0,0,10.1109,361,361,0,1,2.94392,2.94392,1830,367,0,1235,0,0,0,0,0,1339,1785.99,0.953667,29.338,168732,12,29433,486,465155,48,117732,1944,32,4,644756,1319142,20632192,5276568,25908760,4,4,12,4,4,4,0,20,20,20260807,5,1,1,1,0,0,0,6323,0.263458,1,0.0015,1
1224,11222.9,5,0,2.08992,4.10821,0,0,0,6.19813,361,361,0,1,2.94392,2.94392,1830,367,0,1235,0,0,0,0,0,1339,1785.99,0.953667,29.338,168732,12,29433,486,465155,48,117732,1944,32,4,644756,1319142,20632192,5276568,25908760,4,4,12,4,4,4,0,20,20,20260807,5,1,1,1,0,0,0,6323,0.263458,1,0.0015,0
1225,11233.4,11,0,2.3285,8.10371,0,0,0,10.4322,361,361,0,1,2.94392,2.94392,1830,367,0,1235,0,0,0,0,0,1339,1785.99,0.953667,29.338,168732,12,29433,486,465155,48,117732,1944,32,4,644756,1319142,20632192,5276568,25908760,4,4,12,4,4,4,0,20,20,20260807,5,1,1,1,0,0,0,6323,0.263458,1,0.0015,0
1226,11239.4,6,0,2.19221,3.76363,0,0,0,5.95583,361,361,0,1,2.94392,2.94392,1830,367,0,1235,0,0,0,0,0,1339,1785.99,0.953667,29.338,168732,12,29433,486,465155,48,117732,1944,32,4,644756,1319142,20632192,5276568,25908760,4,4,12,4,4,4,0,20,20,20260807,5,1,1,1,0,0,0,6323,0.263458,1,0.0015,0
1227,11250,11,0,3.61908,6.88796,0,0,0,10.507,361,361,0,1,2.94392,2.94392,1830,367,0,1235,0,0,0,0,0,1339,1785.99,0.953667,29.338,168732,12,29433,486,465155,48,117732,1944,32,4,644756,1319142,20632192,5276568,25908760,4,4,12,4,4,4,0,20,20,20260807,5,1,1,1,0,0,0,6323,0.263458,1,0.0015,0
1228,11256.1,6,0,2.12113,3.92321,0,0,0,6.04433,361,361,0,1,2.94392,2.94392,1830,367,0,1235,0,0,0,0,0,1339,1785.99,0.953667,29.338,168732,12,29433,486,465155,48,117732,1944,32,4,644756,1319142,20632192,5276568,25908760,4,4,12,4,4,4,0,20,20,20260807,5,1,1,1,0,0,0,6323,0.263458,1,0.0015,0
1229,11266.7,10,0,2.33817,8.16579,0,0,0,10.504,361,361,0,1,2.94392,2.94392,1830,367,0,1235,0,0,0,0,0,1339,1785.99,0.953667,29.338,168732,12,29433,486,465155,48,117732,1944,32,4,644756,1319142,20632192,5276568,25908760,4,4,12,4,4,4,0,20,20,20260807,5,1,1,1,0,0,0,6324,0.2635,1,0.0015,1
1230,11272.9,6,0,2.14692,3.96104,0,0,0,6.10796,361,361,0,1,2.94392,2.94392,1830,367,0,1235,0,0,0,0,0,1339,1785.99,0.953667,29.338,168732,12,29433,486,465155,48,117732,1944,32,4,644756,1319142,20632192,5276568,25908760,4,4,12,4,4,4,0,20,20,20260807,5,1,1,1,0,0,0,6324,0.2635,1,0.0015,0
1231,11283.4,11,0,2.26788,8.12558,0,0,0,10.3935,361,361,0,1,2.94392,2.94392,1830,367,0,1235,0,0,0,0,0,1339,1785.99,0.953667,29.338,168732,12,29433,486,465155,48,117732,1944,32,4,644756,1319142,20632192,5276568,25908760,4,4,12,4,4,4,0,20,20,20260807,5,1,1,1,0,0,0,6324,0.2635,1,0.0015,0
1232,11289.6,6,0,2.14829,3.96617,0,0,0,6.11446,361,361,0,1,2.94392,2.94392,1830,367,0,1235,0,0,0,0,0,1339,1785.99,0.953667,29.338,168732,12,29433,486,465155,48,117732,1944,32,4,644756,1319142,20632192,5276568,25908760,4,4,12,4,4,4,0,20,20,20260807,5,1,1,1,0,0,0,6324,0.2635,1,0.0015,0
1233,11299.9,10,0,2.21892,8.06383,0,0,0,10.2828,361,361,0,1,2.94392,2.94392,1830,367,0,1235,0,0,0,0,0,1339,1785.99,0.953667,29.338,168732,12,29433,486,465155,48,117732,1944,32,4,644756,1319142,20632192,5276568,25908760,4,4,12,4,4,4,0,20,20,20260807,5,1,1,1,0,0,0,6324,0.2635,1,0.0015,0
1234,11306.8,7,0,2.1155,4.67975,0,0,0,6.79525,361,361,0,1,2.94392,2.94392,1830,367,0,1235,0,0,0,0,0,1339,1785.99,0.953667,29.338,168732,12,29433,486,465155,48,117732,1944,32,4,644756,1319142,20632192,5276568,25908760,4,4,12,4,4,4,0,20,20,20260807,5,1,1,1,0,0,0,6324,0.2635,1,0.0015,0
1235,11316.6,10,0,2.20562,7.45563,0,0,0,9.66125,361,361,0,1,2.94392,2.94392,1830,367,0,1235,0,0,0,0,0,1339,1785.99,0.953667,29.338,168732,12,29433,486,465155,48,117732,1944,32,4,644756,1319142,20632192,5276568,25908760,4,4,12,4,4,4,0,20,20,20260807,5,1,1,1,0,0,0,6325,0.263542,1,0.0015,1
1236,11322.7,6,0,2.12879,3.91896,0,0,0,6.04775,361,361,0,1,2.94392,2.94392,1830,367,0,1235,0,0,0,0,0,1339,1785.99,0.953667,29.338,168732,12,29433,486,465155,48,117732,1944,32,4,644756,1319142,20632192,5276568,25908760,4,4,12,4,4,4,0,20,20,20260807,5,1,1,1,0,0,0,6325,0.263542,1,0.0015,0
1237,11333.3,11,0,2.17225,8.38175,0,0,0,10.554,361,361,0,1,2.94392,2.94392,1830,367,0,1235,0,0,0,0,0,1339,1785.99,0.953667,29.338,168732,12,29433,486,465155,48,117732,1944,32,4,644756,1319142,20632192,5276568,25908760,4,4,12,4,4,4,0,20,20,20260807,5,1,1,1,0,0,0,6325,0.263542,1,0.0015,0
1238,11339.9,6,0,2.11033,4.38925,0,0,0,6.49958,361,361,0,1,2.94392,2.94392,1830,367,0,1235,0,0,0,0,0,1339,1785.99,0.953667,29.338,168732,12,29433,486,465155,48,117732,1944,32,4,644756,1319142,20632192,5276568,25908760,4,4,12,4,4,4,0,20,20,20260807,5,1,1,1,0,0,0,6325,0.263542,1,0.0015,0
1239,11350.1,11,0,2.19217,7.91629,0,0,0,10.1085,361,361,0,1,2.94392,2.94392,1830,367,0,1235,0,0,0,0,0,1339,1785.99,0.953667,29.338,168732,12,29433,486,465155,48,117732,1944,32,4,644756,1319142,20632192,5276568,25908760,4,4,12,4,4,4,0,20,20,20260807,5,1,1,1,0,0,0,6325,0.263542,1,0.0015,0
1240,11356.4,6,0,2.18183,4.08146,0,0,0,6.26329,361,361,0,1,2.94392,2.94392,1830,367,0,1235,0,0,0,0,0,1339,1785.99,0.953667,29.338,168732,12,29433,486,465155,48,117732,1944,32,4,644756,1319142,20632192,5276568,25908760,4,4,12,4,4,4,0,20,20,20260807,5,1,1,1,0,0,0,6325,0.263542,1,0.0015,0
1241,11366.7,10,0,2.24746,7.94617,0,0,0,10.1936,361,361,0,1,2.94392,2.94392,1830,367,0,1235,0,0,0,0,0,1339,1785.99,0.953667,29.338,168732,12,29433,486,465155,48,117732,1944,32,4,644756,1319142,20632192,5276568,25908760,4,4,12,4,4,4,0,20,20,20260807,5,1,1,1,0,0,0,6326,0.263583,1,0.0015,1
1242,11372.9,6,0,2.23488,3.89954,0,0,0,6.13442,361,361,0,1,2.94392,2.94392,1830,367,0,1235,0,0,0,0,0,1339,1785.99,0.953667,29.338,168732,12,29433,486,465155,48,117732,1944,32,4,644756,1319142,20632192,5276568,25908760,4,4,12,4,4,4,0,20,20,20260807,5,1,1,1,0,0,0,6326,0.263583,1,0.0015,0
1243,11383.3,11,0,2.23575,8.09342,0,0,0,10.3292,361,361,0,1,2.94392,2.94392,1830,367,0,1235,0,0,0,0,0,1339,1785.99,0.953667,29.338,168732,12,29433,486,465155,48,117732,1944,32,4,644756,1319142,20632192,5276568,25908760,4,4,12,4,4,4,0,20,20,20260807,5,1,1,1,0,0,0,6326,0.263583,1,0.0015,0
1244,11389,6,0,2.16308,3.44025,0,0,0,5.60333,361,361,0,1,2.94392,2.94392,1830,367,0,1235,0,0,0,0,0,1339,1785.99,0.953667,29.338,168732,12,29433,486,465155,48,117732,1944,32,4,644756,1319142,20632192,5276568,25908760,4,4,12,4,4,4,0,20,20,20260807,5,1,1,1,0,0,0,6326,0.263583,1,0.0015,0
1245,11400,10,0,2.1935,8.65679,0,0,0,10.8503,361,361,0,1,2.94392,2.94392,1830,367,0,1235,0,0,0,0,0,1339,1785.99,0.953667,29.338,168732,12,29433,486,465155,48,117732,1944,32,4,644756,1319142,20632192,5276568,25908760,4,4,12,4,4,4,0,20,20,20260807,5,1,1,1,0,0,0,6326,0.263583,1,0.0015,0
1246,11406.1,7,0,2.11983,3.94762,0,0,0,6.06746,361,361,0,1,2.94392,2.94392,1830,367,0,1235,0,0,0,0,0,1339,1785.99,0.953667,29.338,168732,12,29433,486,465155,48,117732,1944,32,4,644756,1319142,20632192,5276568,25908760,4,4,12,4,4,4,0,20,20,20260807,5,1,1,1,0,0,0,6326,0.263583,1,0.0015,0
1247,11416.8,10,0,2.24817,8.36367,0,0,0,10.6118,361,361,0,1,2.94392,2.94392,1830,367,0,1235,0,0,0,0,0,1339,1785.99,0.953667,29.338,168732,12,29433,486,465155,48,117732,1944,32,4,644756,1319142,20632192,5276568,25908760,4,4,12,4,4,4,0,20,20,20260807,5,1,1,1,0,0,0,6327,0.263625,1,0.0015,1
1248,11423.1,7,0,2.21167,3.996,0,0,0,6.20767,361,361,0,1,2.94392,2.94392,1830,367,0,1235,0,0,0,0,0,1339,1785.99,0.953667,29.338,168732,12,29433,486,465155,48,117732,1944,32,4,644756,1319142,20632192,5276568,25908760,4,4,12,4,4,4,0,20,20,20260807,5,1,1,1,0,0,0,6327,0.263625,1,0.0015,0
1249,11433.9,10,0,2.23983,8.48679,0,0,0,10.7266,361,361,0,1,2.94392,2.94392,1830,367,0,1235,0,0,0,0,0,1339,1785.99,0.953667,29.338,168732,12,29433,486,465155,48,117732,1944,32,4,644756,1319142,20632192,5276568,25908760,4,4,12,4,4,4,0,20,20,20260807,5,1,1,1,0,0,0,6327,0.263625,1,0.0015,0
1250,11442.4,9,0,2.09737,6.34808,0,0,0,8.44546,361,361,0,1,2.94392,2.94392,1830,367,0,1235,0,0,0,0,0,1339,1785.99,0.953667,29.338,168732,12,29433,486,465155,48,117732,1944,32,4,644756,1319142,20632192,5276568,25908760,4,4,12,4,4,4,0,20,20,20260807,5,1,1,1,0,0,0,6327,0.263625,1,0.0015,0
1251,11449.9,7,0,2.25079,5.17225,0,0,0,7.42304,361,361,0,1,2.94392,2.94392,1830,367,0,1235,0,0,0,0,0,1339,1785.99,0.953667,29.338,168732,12,29433,486,465155,48,117732,1944,32,4,644756,1319142,20632192,5276568,25908760,4,4,12,4,4,4,0,20,20,20260807,5,1,1,1,0,0,0,6327,0.263625,1,0.0015,0
1252,11456.1,7,0,2.12533,3.99092,0,0,0,6.11625,361,361,0,1,2.94392,2.94392,1830,367,0,1235,0,0,0,0,0,1339,1785.99,0.953667,29.338,168732,12,29433,486,465155,48,117732,1944,32,4,644756,1319142,20632192,5276568,25908760,4,4,12,4,4,4,0,20,20,20260807,5,1,1,1,0,0,0,6327,0.263625,1,0.0015,0
1253,11466.6,10,0,2.25921,8.17425,0,0,0,10.4335,361,361,0,1,2.94392,2.94392,1830,367,0,1235,0,0,0,0,0,1339,1785.99,0.953667,29.338,168732,12,29433,486,465155,48,117732,1944,32,4,644756,1319142,20632192,5276568,25908760,4,4,12,4,4,4,0,20,20,20260807,5,1,1,1,0,0,0,6328,0.263667,1,0.0015,1
1254,11473.4,7,0,2.09167,4.619,0,0,0,6.71067,361,361,0,1,2.94392,2.94392,1830,367,0,1235,0,0,0,0,0,1339,1785.99,0.953667,29.338,168732,12,29433,486,465155,48,117732,1944,32,4,644756,1319142,20632192,5276568,25908760,4,4,12,4,4,4,0,20,20,20260807,5,1,1,1,0,0,0,6328,0.263667,1,0.0015,0
1255,11483.2,10,0,2.26504,7.49625,0,0,0,9.76129,361,361,0,1,2.94392,2.94392,1830,367,0,1235,0,0,0,0,0,1339,1785.99,0.953667,29.338,168732,12,29433,486,465155,48,117732,1944,32,4,644756,1319142,20632192,5276568,25908760,4,4,12,4,4,4,0,20,20,20260807,5,1,1,1,0,0,0,6328,0.263667,1,0.0015,0
1256,11491,8,0,2.06354,5.63217,0,0,0,7.69571,361,361,0,1,2.94392,2.94392,1830,367,0,1235,0,0,0,0,0,1339,1785.99,0.953667,29.338,168732,12,29433,486,465155,48,117732,1944,32,4,644756,1319142,20632192,5276568,25908760,4,4,12,4,4,4,0,20,20,20260807,5,1,1,1,0,0,0,6328,0.263667,1,0.0015,0
1257,11500.2,9,0,2.24008,6.83875,0,0,0,9.07883,361,361,0,1,2.94392,2.94392,1830,367,0,1235,0,0,0,0,0,1339,1785.99,0.953667,29.338,168732,12,29433,486,465155,48,117732,1944,32,4,644756,1319142,20632192,5276568,25908760,4,4,12,4,4,4,0,20,20,20260807,5,1,1,1,0,0,0,6328,0.263667,1,0.0015,0
1258,11505.5,5,0,2.28412,2.96188,0,0,0,5.246,361,361,0,1,2.94392,2.94392,1830,367,0,1235,0,0,0,0,0,1339,1785.99,0.953667,29.338,168732,12,29433,486,465155,48,117732,1944,32,4,644756,1319142,20632192,5276568,25908760,4,4,12,4,4,4,0,20,20,20260807,5,1,1,1,0,0,0,6328,0.263667,1,0.0015,0
1259,11516.7,11,0,2.30279,8.82904,0,0,0,11.1318,361,361,0,1,2.94392,2.94392,1830,367,0,1235,0,0,0,0,0,1339,1785.99,0.953667,29.338,168732,12,29433,486,465155,48,117732,1944,32,4,644756,1319142,20632192,5276568,25908760,4,4,12,4,4,4,0,20,20,20260807,5,1,1,1,0,0,0,6329,0.263708,1,0.0015,1
1260,11522,6,0,2.23275,2.92358,0,0,0,5.15633,361,361,0,1,2.94392,2.94392,1830,367,0,1235,0,0,0,0,0,1339,1785.99,0.953667,29.338,168732,12,29433,486,465155,48,117732,1944,32,4,644756,1319142,20632192,5276568,25908760,4,4,12,4,4,4,0,20,20,20260807,5,1,1,1,0,0,0,6329,0.263708,1,0.0015,0
1261,11533.2,11,0,2.25796,8.93358,0,0,0,11.1915,361,361,0,1,2.94392,2.94392,1830,367,0,1235,0,0,0,0,0,1339,1785.99,0.953667,29.338,168732,12,29433,486,465155,48,117732,1944,32,4,644756,1319142,20632192,5276568,25908760,4,4,12,4,4,4,0,20,20,20260807,5,1,1,1,0,0,0,6329,0.263708,1,0.0015,0
1262,11539.4,6,0,2.17879,3.85829,0,0,0,6.03708,361,361,0,1,2.94392,2.94392,1830,367,0,1235,0,0,0,0,0,1339,1785.99,0.953667,29.338,168732,12,29433,486,465155,48,117732,1944,32,4,644756,1319142,20632192,5276568,25908760,4,4,12,4,4,4,0,20,20,20260807,5,1,1,1,0,0,0,6329,0.263708,1,0.0015,0
1263,11550,11,0,2.16975,8.39042,0,0,0,10.5602,361,361,0,1,2.94392,2.94392,1830,367,0,1235,0,0,0,0,0,1339,1785.99,0.953667,29.338,168732,12,29433,486,465155,48,117732,1944,32,4,644756,1319142,20632192,5276568,25908760,4,4,12,4,4,4,0,20,20,20260807,5,1,1,1,0,0,0,6329,0.263708,1,0.0015,0
1264,11556.4,6,0,2.07758,4.20937,0,0,0,6.28696,361,361,0,1,2.94392,2.94392,1830,367,0,1235,0,0,0,0,0,1339,1785.99,0.953667,29.338,168732,12,29433,486,465155,48,117732,1944,32,4,644756,1319142,20632192,5276568,25908760,4,4,12,4,4,4,0,20,20,20260807,5,1,1,1,0,0,0,6329,0.263708,1,0.0015,0
1265,11567.3,11,0,2.277,8.62975,0,0,0,10.9068,361,361,0,1,2.94392,2.94392,1830,367,0,1235,0,0,0,0,0,1339,1785.99,0.953667,29.338,168732,12,29433,486,465155,48,117732,1944,32,4,644756,1319142,20632192,5276568,25908760,4,4,12,4,4,4,0,20,20,20260807,5,1,1,1,0,0,0,6330,0.26375,1,0.0015,1
1266,11574.5,7,0,2.1575,4.8765,0,0,0,7.034,361,361,0,1,2.94392,2.94392,1830,367,0,1235,0,0,0,0,0,1339,1785.99,0.953667,29.338,168732,12,29433,486,465155,48,117732,1944,32,4,644756,1319142,20632192,5276568,25908760,4,4,12,4,4,4,0,20,20,20260807,5,1,1,1,0,0,0,6330,0.26375,1,0.0015,0
1267,11583.4,9,0,2.12525,6.74567,0,0,0,8.87092,361,361,0,1,2.94392,2.94392,1830,367,0,1235,0,0,0,0,0,1339,1785.99,0.953667,29.338,168732,12,29433,486,465155,48,117732,1944,32,4,644756,1319142,20632192,5276568,25908760,4,4,12,4,4,4,0,20,20,20260807,5,1,1,1,0,0,0,6330,0.26375,1,0.0015,0
1268,11589.7,6,0,2.15475,4.06133,0,0,0,6.21608,361,361,0,1,2.94392,2.94392,1830,367,0,1235,0,0,0,0,0,1339,1785.99,0.953667,29.338,168732,12,29433,486,465155,48,117732,1944,32,4,644756,1319142,20632192,5276568,25908760,4,4,12,4,4,4,0,20,20,20260807,5,1,1,1,0,0,0,6330,0.26375,1,0.0015,0
1269,11600.1,11,0,2.25762,8.07221,0,0,0,10.3298,361,361,0,1,2.94392,2.94392,1830,367,0,1235,0,0,0,0,0,1339,1785.99,0.953667,29.338,168732,12,29433,486,465155,48,117732,1944,32,4,644756,1319142,20632192,5276568,25908760,4,4,12,4,4,4,0,20,20,20260807,5,1,1,1,0,0,0,6330,0.26375,1,0.0015,0
1270,11608.8,8,0,2.22942,6.37892,0,0,0,8.60833,361,361,0,1,2.94392,2.94392,1830,367,0,1235,0,0,0,0,0,1339,1785.99,0.953667,29.338,168732,12,29433,486,465155,48,117732,1944,32,4,644756,1319142,20632192,5276568,25908760,4,4,12,4,4,4,0,20,20,20260807,5,1,1,1,0,0,0,6330,0.26375,1,0.0015,0
1271,11616.7,8,0,2.11717,5.69963,0,0,0,7.81679,361,361,0,1,2.94392,2.94392,1830,367,0,1235,0,0,0,0,0,1339,1785.99,0.953667,29.338,168732,12,29433,486,465155,48,117732,1944,32,4,644756,1319142,20632192,5276568,25908760,4,4,12,4,4,4,0,20,20,20260807,5,1,1,1,0,0,0,6331,0.263792,1,0.0015,1
1272,11623.7,7,0,2.21775,2.95138,0,0,0,5.16913,361,361,0,1,2.94392,2.94392,1830,367,0,1235,0,0,0,0,0,1339,1785.99,0.953667,29.338,168732,12,29433,486,465155,48,117732,1944,32,4,644756,1319142,20632192,5276568,25908760,4,4,12,4,4,4,0,20,20,20260807,5,1,1,1,0,0,0,6331,0.263792,1,0.0015,0
1273,11633.5,10,0,2.18979,7.53325,0,0,0,9.72304,361,361,0,1,2.94392,2.94392,1830,367,0,1235,0,0,0,0,0,1339,1785.99,0.953667,29.338,168732,12,29433,486,465155,48,117732,1944,32,4,644756,1319142,20632192,5276568,25908760,4,4,12,4,4,4,0,20,20,20260807,5,1,1,1,0,0,0,6331,0.263792,1,0.0015,0
1274,11639,6,0,2.14333,3.29783,0,0,0,5.44117,361,361,0,1,2.94392,2.94392,1830,367,0,1235,0,0,0,0,0,1339,1785.99,0.953667,29.338,168732,12,29433,486,465155,48,117732,1944,32,4,644756,1319142,20632192,5276568,25908760,4,4,12,4,4,4,0,20,20,20260807,5,1,1,1,0,0,0,6331,0.263792,1,0.0015,0
1275,11650,11,0,3.41275,7.54763,0,0,0,10.9604,361,361,0,1,2.94392,2.94392,1830,367,0,1235,0,0,0,0,0,1339,1785.99,0.953667,29.338,168732,12,29433,486,465155,48,117732,1944,32,4,644756,1319142,20632192,5276568,25908760,4,4,12,4,4,4,0,20,20,20260807,5,1,1,1,0,0,0,6331,0.263792,1,0.0015,0
1276,11656.9,6,0,2.09767,4.70587,0,0,0,6.80354,361,361,0,1,2.94392,2.94392,1830,367,0,1235,0,0,0,0,0,1339,1785.99,0.953667,29.338,168732,12,29433,486,465155,48,117732,1944,32,4,644756,1319142,20632192,5276568,25908760,4,4,12,4,4,4,0,20,20,20260807,5,1,1,1,0,0,0,6331,0.263792,1,0.0015,0
1277,11666.7,11,0,2.23808,7.494,0,0,0,9.73208,361,361,0,1,2.94392,2.94392,1830,367,0,1235,0,0,0,0,0,1339,1785.99,0.953667,29.338,168732,12,29433,486,465155,48,117732,1944,32,4,644756,1319142,20632192,5276568,25908760,4,4,12,4,4,4,0,20,20,20260807,5,1,1,1,0,0,0,6332,0.263833,1,0.0015,1
1278,11672.8,6,0,2.26863,3.73879,0,0,0,6.00742,361,361,0,1,2.94392,2.94392,1830,367,0,1235,0,0,0,0,0,1339,1785.99,0.953667,29.338,168732,12,29433,486,465155,48,117732,1944,32,4,644756,1319142,20632192,5276568,25908760,4,4,12,4,4,4,0,20,20,20260807,5,1,1,1,0,0,0,6332,0.263833,1,0.0015,0
1279,11683.3,11,0,2.11871,7.11487,0,0,0,9.23358,361,361,0,1,2.94392,2.94392,1830,367,0,1235,0,0,0,0,0,1339,1785.99,0.953667,29.338,168732,12,29433,486,465155,48,117732,1944,32,4,644756,1319142,20632192,5276568,25908760,4,4,12,4,4,4,0,20,20,20260807,5,1,1,1,0,0,0,6332,0.263833,1,0.0015,0
1280,11689.5,6,0,2.20587,3.88537,0,0,0,6.09125,361,361,0,1,2.94392,2.94392,1830,367,0,1235,0,0,0,0,0,1339,1785.99,0.953667,29.338,168732,12,29433,486,465155,48,117732,1944,32,4,644756,1319142,20632192,5276568,25908760,4,4,12,4,4,4,0,20,20,20260807,5,1,1,1,0,0,0,6332,0.263833,1,0.0015,0
1281,11700.1,11,0,2.22942,8.26229,0,0,0,10.4917,361,361,0,1,2.94392,2.94392,1830,367,0,1235,0,0,0,0,0,1339,1785.99,0.953667,29.338,168732,12,29433,486,465155,48,117732,1944,32,4,644756,1319142,20632192,5276568,25908760,4,4,12,4,4,4,0,20,20,20260807,5,1,1,1,0,0,0,6332,0.263833,1,0.0015,0
1282,11706.5,6,0,2.14058,4.19629,0,0,0,6.33688,361,361,0,1,2.94392,2.94392,1830,367,0,1235,0,0,0,0,0,1339,1785.99,0.953667,29.338,168732,12,29433,486,465155,48,117732,1944,32,4,644756,1319142,20632192,5276568,25908760,4,4,12,4,4,4,0,20,20,20260807,5,1,1,1,0,0,0,6332,0.263833,1,0.0015,0
1283,11716.8,10,0,2.27604,7.93121,0,0,0,10.2073,361,361,0,1,2.94392,2.94392,1830,367,0,1235,0,0,0,0,0,1339,1785.99,0.953667,29.338,168732,12,29433,486,465155,48,117732,1944,32,4,644756,1319142,20632192,5276568,25908760,4,4,12,4,4,4,0,20,20,20260807,5,1,1,1,0,0,0,6333,0.263875,1,0.0015,1
1284,11722.6,6,0,2.22438,3.47342,0,0,0,5.69779,361,361,0,1,2.94392,2.94392,1830,367,0,1235,0,0,0,0,0,1339,1785.99,0.953667,29.338,168732,12,29433,486,465155,48,117732,1944,32,4,644756,1319142,20632192,5276568,25908760,4,4,12,4,4,4,0,20,20,20260807,5,1,1,1,0,0,0,6333,0.263875,1,0.0015,0
1285,11733.4,11,0,2.36621,8.37096,0,0,0,10.7372,361,361,0,1,2.94392,2.94392,1830,367,0,1235,0,0,0,0,0,1339,1785.99,0.953667,29.338,168732,12,29433,486,465155,48,117732,1944,32,4,644756,1319142,20632192,5276568,25908760,4,4,12,4,4,4,0,20,20,20260807,5,1,1,1,0,0,0,6333,0.263875,1,0.0015,0
1286,11740.1,7,0,2.14221,4.43025,0,0,0,6.57246,361,361,0,1,2.94392,2.94392,1830,367,0,1235,0,0,0,0,0,1339,1785.99,0.953667,29.338,168732,12,29433,486,465155,48,117732,1944,32,4,644756,1319142,20632192,5276568,25908760,4,4,12,4,4,4,0,20,20,20260807,5,1,1,1,0,0,0,6333,0.263875,1,0.0015,0
1287,11755.2,15,0,2.34129,12.7136,0,0,0,15.0549,361,361,0,1,2.94392,2.94392,1830,367,0,1235,0,0,0,0,0,1339,1785.99,0.953667,29.338,168732,12,29433,486,465155,48,117732,1944,32,4,644756,1319142,20632192,5276568,25908760,4,4,12,4,4,4,0,20,20,20260807,5,1,1,1,0,0,0,6333,0.263875,1,0.0015,0
1288,11761.8,6,0,2.62521,3.89408,0,0,0,6.51929,361,361,0,1,2.94392,2.94392,1830,367,0,1235,0,0,0,0,0,1339,1785.99,0.953667,29.338,168732,12,29433,486,465155,48,117732,1944,32,4,644756,1319142,20632192,5276568,25908760,4,4,12,4,4,4,0,20,20,20260807,5,1,1,1,0,0,0,6334,0.263917,1,0.0015,1
1289,11768.9,7,0,3.5925,3.36792,0,0,0,6.96042,361,361,0,1,2.94392,2.94392,1830,367,0,1235,0,0,0,0,0,1339,1785.99,0.953667,29.338,168732,12,29433,486,465155,48,117732,1944,32,4,644756,1319142,20632192,5276568,25908760,4,4,12,4,4,4,0,20,20,20260807,5,1,1,1,0,0,0,6334,0.263917,1,0.0015,0
1290,11783.5,15,0,2.25517,12.3563,0,0,0,14.6115,361,361,0,1,2.94392,2.94392,1830,367,0,1235,0,0,0,0,0,1339,1785.99,0.953667,29.338,168732,12,29433,486,465155,48,117732,1944,32,4,644756,1319142,20632192,5276568,25908760,4,4,12,4,4,4,0,20,20,20260807,5,1,1,1,0,0,0,6334,0.263917,1,0.0015,0
1291,11789.5,6,0,2.16046,3.7345,0,0,0,5.89496,361,361,0,1,2.94392,2.94392,1830,367,0,1235,0,0,0,0,0,1339,1785.99,0.953667,29.338,168732,12,29433,486,465155,48,117732,1944,32,4,644756,1319142,20632192,5276568,25908760,4,4,12,4,4,4,0,20,20,20260807,5,1,1,1,0,0,0,6334,0.263917,1,0.0015,0
1292,11800.1,11,0,2.18867,8.3135,0,0,0,10.5022,361,361,0,1,2.94392,2.94392,1830,367,0,1235,0,0,0,0,0,1339,1785.99,0.953667,29.338,168732,12,29433,486,465155,48,117732,1944,32,4,644756,1319142,20632192,5276568,25908760,4,4,12,4,4,4,0,20,20,20260807,5,1,1,1,0,0,0,6334,0.263917,1,0.0015,0
1293,11805.7,5,0,2.15137,3.37567,0,0,0,5.52704,361,361,0,1,2.94392,2.94392,1830,367,0,1235,0,0,0,0,0,1339,1785.99,0.953667,29.338,168732,12,29433,486,465155,48,117732,1944,32,4,644756,1319142,20632192,5276568,25908760,4,4,12,4,4,4,0,20,20,20260807,5,1,1,1,0,0,0,6334,0.263917,1,0.0015,0
1294,11816.7,11,0,2.24987,8.67692,0,0,0,10.9268,361,361,0,1,2.94392,2.94392,1830,367,0,1235,0,0,0,0,0,1339,1785.99,0.953667,29.338,168732,12,29433,486,465155,48,117732,1944,32,4,644756,1319142,20632192,5276568,25908760,4,4,12,4,4,4,0,20,20,20260807,5,1,1,1,0,0,0,6335,0.263958,1,0.0015,1
1295,11823.3,7,0,2.13354,4.34642,0,0,0,6.47996,361,361,0,1,2.94392,2.94392,1830,367,0,1235,0,0,0,0,0,1339,1785.99,0.953667,29.338,168732,12,29433,486,465155,48,117732,1944,32,4,644756,1319142,20632192,5276568,25908760,4,4,12,4,4,4,0,20,20,20260807,5,1,1,1,0,0,0,6335,0.263958,1,0.0015,0
1296,11833.4,10,0,2.24275,7.81408,0,0,0,10.0568,361,361,0,1,2.94392,2.94392,1830,367,0,1235,0,0,0,0,0,1339,1785.99,0.953667,29.338,168732,12,29433,486,465155,48,117732,1944,32,4,644756,1319142,20632192,5276568,25908760,4,4,12,4,4,4,0,20,20,20260807,5,1,1,1,0,0,0,6335,0.263958,1,0.0015,0
1297,11838.8,5,0,2.2455,3.05983,0,0,0,5.30533,361,361,0,1,2.94392,2.94392,1830,367,0,1235,0,0,0,0,0,1339,1785.99,0.953667,29.338,168732,12,29433,486,465155,48,117732,1944,32,4,644756,1319142,20632192,5276568,25908760,4,4,12,4,4,4,0,20,20,20260807,5,1,1,1,0,0,0,6335,0.263958,1,0.0015,0
1298,11850,12,0,2.25979,8.888,0,0,0,11.1478,361,361,0,1,2.94392,2.94392,1830,367,0,1235,0,0,0,0,0,1339,1785.99,0.953667,29.338,168732,12,29433,486,465155,48,117732,1944,32,4,644756,1319142,20632192,5276568,25908760,4,4,12,4,4,4,0,20,20,20260807,5,1,1,1,0,0,0,6335,0.263958,1,0.0015,0
1299,11855.8,5,0,2.15013,3.55971,0,0,0,5.70983,361,361,0,1,2.94392,2.94392,1830,367,0,1235,0,0,0,0,0,1339,1785.99,0.953667,29.338,168732,12,29433,486,465155,48,117732,1944,32,4,644756,1319142,20632192,5276568,25908760,4,4,12,4,4,4,0,20,20,20260807,5,1,1,1,0,0,0,6335,0.263958,1,0.0015,0
1300,11866.6,11,0,2.22954,8.53008,0,0,0,10.7596,361,361,0,1,2.94392,2.94392,1830,367,0,1235,0,0,0,0,0,1339,1785.99,0.953667,29.338,168732,12,29433,486,465155,48,117732,1944,32,4,644756,1319142,20632192,5276568,25908760,4,4,12,4,4,4,0,20,20,20260807,5,1,1,1,0,0,0,6336,0.264,1,0.0015,1
1301,11873.1,7,0,2.1575,4.21233,0,0,0,6.36983,361,361,0,1,2.94392,2.94392,1830,367,0,1235,0,0,0,0,0,1339,1785.99,0.953667,29.338,168732,12,29433,486,465155,48,117732,1944,32,4,644756,1319142,20632192,5276568,25908760,4,4,12,4,4,4,0,20,20,20260807,5,1,1,1,0,0,0,6336,0.264,1,0.0015,0
1302,11883.4,10,0,2.10271,8.13104,0,0,0,10.2338,361,361,0,1,2.94392,2.94392,1830,367,0,1235,0,0,0,0,0,1339,1785.99,0.953667,29.338,168732,12,29433,486,465155,48,117732,1944,32,4,644756,1319142,20632192,5276568,25908760,4,4,12,4,4,4,0,20,20,20260807,5,1,1,1,0,0,0,6336,0.264,1,0.0015,0
1303,11889.4,6,0,2.22679,3.69192,0,0,0,5.91871,361,361,0,1,2.94392,2.94392,1830,367,0,1235,0,0,0,0,0,1339,1785.99,0.953667,29.338,168732,12,29433,486,465155,48,117732,1944,32,4,644756,1319142,20632192,5276568,25908760,4,4,12,4,4,4,0,20,20,20260807,5,1,1,1,0,0,0,6336,0.264,1,0.0015,0
1304,11900,11,0,3.24283,7.28246,0,0,0,10.5253,361,361,0,1,2.94392,2.94392,1830,367,0,1235,0,0,0,0,0,1339,1785.99,0.953667,29.338,168732,12,29433,486,465155,48,117732,1944,32,4,644756,1319142,20632192,5276568,25908760,4,4,12,4,4,4,0,20,20,20260807,5,1,1,1,0,0,0,6336,0.264,1,0.0015,0
1305,11906.9,6,0,2.32392,4.42008,0,0,0,6.744,361,361,0,1,2.94392,2.94392,1830,367,0,1235,0,0,0,0,0,1339,1785.99,0.953667,29.338,168732,12,29433,486,465155,48,117732,1944,32,4,644756,1319142,20632192,5276568,25908760,4,4,12,4,4,4,0,20,20,20260807,5,1,1,1,0,0,0,6336,0.264,1,0.0015,0
1306,11916.8,10,0,2.24746,7.61146,0,0,0,9.85892,361,361,0,1,2.94392,2.94392,1830,367,0,1235,0,0,0,0,0,1339,1785.99,0.953667,29.338,168732,12,29433,486,465155,48,117732,1944,32,4,644756,1319142,20632192,5276568,25908760,4,4,12,4,4,4,0,20,20,20260807,5,1,1,1,0,0,0,6337,0.264042,1,0.0015,1
1307,11924.8,8,0,2.08562,5.83733,0,0,0,7.92296,361,361,0,1,2.94392,2.94392,1830,367,0,1235,0,0,0,0,0,1339,1785.99,0.953667,29.338,168732,12,29433,486,465155,48,117732,1944,32,4,644756,1319142,20632192,5276568,25908760,4,4,12,4,4,4,0,20,20,20260807,5,1,1,1,0,0,0,6337,0.264042,1,0.0015,0
1308,11933.5,9,0,2.35387,6.24975,0,0,0,8.60362,361,361,0,1,2.94392,2.94392,1830,367,0,1235,0,0,0,0,0,1339,1785.99,0.953667,29.338,168732,12,29433,486,465155,48,117732,1944,32,4,644756,1319142,20632192,5276568,25908760,4,4,12,4,4,4,0,20,20,20260807,5,1,1,1,0,0,0,6337,0.264042,1,0.0015,0
1309,11939.3,6,0,2.23338,3.49358,0,0,0,5.72696,361,361,0,1,2.94392,2.94392,1830,367,0,1235,0,0,0,0,0,1339,1785.99,0.953667,29.338,168732,12,29433,486,465155,48,117732,1944,32,4,644756,1319142,20632192,5276568,25908760,4,4,12,4,4,4,0,20,20,20260807,5,1,1,1,0,0,0,6337,0.264042,1,0.0015,0
1310,11950.1,11,0,2.31742,8.40558,0,0,0,10.723,361,361,0,1,2.94392,2.94392,1830,367,0,1235,0,0,0,0,0,1339,1785.99,0.953667,29.338,168732,12,29433,486,465155,48,117732,1944,32,4,644756,1319142,20632192,5276568,25908760,4,4,12,4,4,4,0,20,20,20260807,5,1,1,1,0,0,0,6337,0.264042,1,0.0015,0
1311,11956.6,6,0,2.33725,4.04471,0,0,0,6.38196,361,361,0,1,2.94392,2.94392,1830,367,0,1235,0,0,0,0,0,1339,1785.99,0.953667,29.338,168732,12,29433,486,465155,48,117732,1944,32,4,644756,1319142,20632192,5276568,25908760,4,4,12,4,4,4,0,20,20,20260807,5,1,1,1,0,0,0,6337,0.264042,1,0.0015,0
1312,11966.7,10,0,3.44638,6.56242,0,0,0,10.0088,361,361,0,1,2.94392,2.94392,1830,367,0,1235,0,0,0,0,0,1339,1785.99,0.953667,29.338,168732,12,29433,486,465155,48,117732,1944,32,4,644756,1319142,20632192,5276568,25908760,4,4,12,4,4,4,0,20,20,20260807,5,1,1,1,0,0,0,6338,0.264083,1,0.0015,1
1313,11972.8,6,0,2.21325,3.82742,0,0,0,6.04067,361,361,0,1,2.94392,2.94392,1830,367,0,1235,0,0,0,0,0,1339,1785.99,0.953667,29.338,168732,12,29433,486,465155,48,117732,1944,32,4,644756,1319142,20632192,5276568,25908760,4,4,12,4,4,4,0,20,20,20260807,5,1,1,1,0,0,0,6338,0.264083,1,0.0015,0
1314,11983.4,11,0,2.21446,8.34879,0,0,0,10.5633,361,361,0,1,2.94392,2.94392,1830,367,0,1235,0,0,0,0,0,1339,1785.99,0.953667,29.338,168732,12,29433,486,465155,48,117732,1944,32,4,644756,1319142,20632192,5276568,25908760,4,4,12,4,4,4,0,20,20,20260807,5,1,1,1,0,0,0,6338,0.264083,1,0.0015,0
1315,11995.9,12,0,2.11046,10.2579,0,0,0,12.3683,361,361,0,1,2.94392,2.94392,1830,367,0,1235,0,0,0,0,0,1339,1785.99,0.953667,29.338,168732,12,29433,486,465155,48,117732,1944,32,4,644756,1319142,20632192,5276568,25908760,4,4,12,4,4,4,0,20,20,20260807,5,1,1,1,0,0,0,6338,0.264083,1,0.0015,0
1316,12001.1,6,0,2.04992,3.02813,0,0,0,5.07804,361,361,0,1,2.94392,2.94392,1830,367,0,1235,0,0,0,0,0,1339,1785.99,0.953667,29.338,168732,12,29433,486,465155,48,117732,1944,32,4,644756,1319142,20632192,5276568,25908760,4,4,12,4,4,4,0,20,20,20260807,5,1,1,1,0,0,0,6338,0.264083,1,0.0015,0
1317,12007.3,6,0,2.5005,3.63904,0,0,0,6.13954,361,361,0,1,2.94392,2.94392,1830,367,0,1235,0,0,0,0,0,1339,1785.99,0.953667,29.338,168732,12,29433,486,465155,48,117732,1944,32,4,644756,1319142,20632192,5276568,25908760,4,4,12,4,4,4,0,20,20,20260807,5,1,1,1,0,0,0,6339,0.264125,1,0.0015,1
1318,12017.2,10,0,2.22779,7.59621,0,0,0,9.824,361,361,0,1,2.94392,2.94392,1830,367,0,1235,0,0,0,0,0,1339,1785.99,0.953667,29.338,168732,12,29433,486,465155,48,117732,1944,32,4,644756,1319142,20632192,5276568,25908760,4,4,12,4,4,4,0,20,20,20260807,5,1,1,1,0,0,0,6339,0.264125,1,0.0015,0
1319,12022.9,5,0,2.20954,3.39921,0,0,0,5.60875,361,361,0,1,2.94392,2.94392,1830,367,0,1235,0,0,0,0,0,1339,1785.99,0.953667,29.338,168732,12,29433,486,465155,48,117732,1944,32,4,644756,1319142,20632192,5276568,25908760,4,4,12,4,4,4,0,20,20,20260807,5,1,1,1,0,0,0,6339,0.264125,1,0.0015,0
1320,12033.4,11,0,2.20183,8.19262,0,0,0,10.3945,361,361,0,1,2.94392,2.94392,1830,367,0,1235,0,0,0,0,0,1339,1785.99,0.953667,29.338,168732,12,29433,486,465155,48,117732,1944,32,4,644756,1319142,20632192,5276568,25908760,4,4,12,4,4,4,0,20,20,20260807,5,1,1,1,0,0,0,6339,0.264125,1,0.0015,0
1321,12039.7,6,0,2.23204,3.96571,0,0,0,6.19775,361,361,0,1,2.94392,2.94392,1830,367,0,1235,0,0,0,0,0,1339,1785.99,0.953667,29.338,168732,12,29433,486,465155,48,117732,1944,32,4,644756,1319142,20632192,5276568,25908760,4,4,12,4,4,4,0,20,20,20260807,5,1,1,1,0,0,0,6339,0.264125,1,0.0015,0
1322,12050.1,11,0,2.24162,8.08508,0,0,0,10.3267,361,361,0,1,2.94392,2.94392,1830,367,0,1235,0,0,0,0,0,1339,1785.99,0.953667,29.338,168732,12,29433,486,465155,48,117732,1944,32,4,644756,1319142,20632192,5276568,25908760,4,4,12,4,4,4,0,20,20,20260807,5,1,1,1,0,0,0,6339,0.264125,1,0.0015,0
1323,12059.3,9,0,2.13733,6.99988,0,0,0,9.13721,361,361,0,1,2.94392,2.94392,1830,367,0,1235,0,0,0,0,0,1339,1785.99,0.953667,29.338,168732,12,29433,486,465155,48,117732,1944,32,4,644756,1319142,20632192,5276568,25908760,4,4,12,4,4,4,0,20,20,20260807,5,1,1,1,0,0,0,6339,0.264125,1,0.0015,0
1324,12066.8,7,0,2.21238,5.17867,0,0,0,7.39104,361,361,0,1,2.94392,2.94392,1830,367,0,1235,0,0,0,0,0,1339,1785.99,0.953667,29.338,168732,12,29433,486,465155,48,117732,1944,32,4,644756,1319142,20632192,5276568,25908760,4,4,12,4,4,4,0,20,20,20260807,5,1,1,1,0,0,0,6340,0.264167,1,0.0015,1
1325,12073.9,7,0,2.18758,4.86217,0,0,0,7.04975,361,361,0,1,2.94392,2.94392,1830,367,0,1235,0,0,0,0,0,1339,1785.99,0.953667,29.338,168732,12,29433,486,465155,48,117732,1944,32,4,644756,1319142,20632192,5276568,25908760,4,4,12,4,4,4,0,20,20,20260807,5,1,1,1,0,0,0,6340,0.264167,1,0.0015,0
1326,12083.5,10,0,2.08446,7.462,0,0,0,9.54646,361,361,0,1,2.94392,2.94392,1830,367,0,1235,0,0,0,0,0,1339,1785.99,0.953667,29.338,168732,12,29433,486,465155,48,117732,1944,32,4,644756,1319142,20632192,5276568,25908760,4,4,12,4,4,4,0,20,20,20260807,5,1,1,1,0,0,0,6340,0.264167,1,0.0015,0
1327,12090.5,7,0,2.31283,4.55258,0,0,0,6.86542,361,361,0,1,2.94392,2.94392,1830,367,0,1235,0,0,0,0,0,1339,1785.99,0.953667,29.338,168732,12,29433,486,465155,48,117732,1944,32,4,644756,1319142,20632192,5276568,25908760,4,4,12,4,4,4,0,20,20,20260807,5,1,1,1,0,0,0,6340,0.264167,1,0.0015,0
1328,12100.7,10,0,2.28371,7.86821,0,0,0,10.1519,361,361,0,1,2.94392,2.94392,1830,367,0,1235,0,0,0,0,0,1339,1785.99,0.953667,29.338,168732,12,29433,486,465155,48,117732,1944,32,4,644756,1319142,20632192,5276568,25908760,4,4,12,4,4,4,0,20,20,20260807,5,1,1,1,0,0,0,6340,0.264167,1,0.0015,0
1329,12106.8,6,0,2.2835,3.68846,0,0,0,5.97196,361,361,0,1,2.94392,2.94392,1830,367,0,1235,0,0,0,0,0,1339,1785.99,0.953667,29.338,168732,12,29433,486,465155,48,117732,1944,32,4,644756,1319142,20632192,5276568,25908760,4,4,12,4,4,4,0,20,20,20260807,5,1,1,1,0,0,0,6340,0.264167,1,0.0015,0
1330,12116.7,10,0,2.25196,7.625,0,0,0,9.87696,361,361,0,1,2.94392,2.94392,1830,367,0,1235,0,0,0,0,0,1339,1785.99,0.953667,29.338,168732,12,29433,486,465155,48,117732,1944,32,4,644756,1319142,20632192,5276568,25908760,4,4,12,4,4,4,0,20,20,20260807,5,1,1,1,0,0,0,6341,0.264208,1,0.0015,1
1331,12122.8,6,0,2.13417,3.82458,0,0,0,5.95875,361,361,0,1,2.94392,2.94392,1830,367,0,1235,0,0,0,0,0,1339,1785.99,0.953667,29.338,168732,12,29433,486,465155,48,117732,1944,32,4,644756,1319142,20632192,5276568,25908760,4,4,12,4,4,4,0,20,20,20260807,5,1,1,1,0,0,0,6341,0.264208,1,0.0015,0
1332,12133.4,11,0,2.40192,8.15621,0,0,0,10.5581,361,361,0,1,2.94392,2.94392,1830,367,0,1235,0,0,0,0,0,1339,1785.99,0.953667,29.338,168732,12,29433,486,465155,48,117732,1944,32,4,644756,1319142,20632192,5276568,25908760,4,4,12,4,4,4,0,20,20,20260807,5,1,1,1,0,0,0,6341,0.264208,1,0.0015,0
1333,12139.1,6,0,2.1605,3.49629,0,0,0,5.65679,361,361,0,1,2.94392,2.94392,1830,367,0,1235,0,0,0,0,0,1339,1785.99,0.953667,29.338,168732,12,29433,486,465155,48,117732,1944,32,4,644756,1319142,20632192,5276568,25908760,4,4,12,4,4,4,0,20,20,20260807,5,1,1,1,0,0,0,6341,0.264208,1,0.0015,0
1334,12151,12,0,2.325,9.50258,0,0,0,11.8276,361,361,0,1,2.94392,2.94392,1830,367,0,1235,0,0,0,0,0,1339,1785.99,0.953667,29.338,168732,12,29433,486,465155,48,117732,1944,32,4,644756,1319142,20632192,5276568,25908760,4,4,12,4,4,4,0,20,20,20260807,5,1,1,1,0,0,0,6341,0.264208,1,0.0015,0
1335,12158.4,7,0,2.37383,4.92363,0,0,0,7.29746,361,361,0,1,2.94392,2.94392,1830,367,0,1235,0,0,0,0,0,1339,1785.99,0.953667,29.338,168732,12,29433,486,465155,48,117732,1944,32,4,644756,1319142,20632192,5276568,25908760,4,4,12,4,4,4,0,20,20,20260807,5,1,1,1,0,0,0,6342,0.26425,1,0.0015,1
1336,12167.5,9,0,2.15821,6.78308,0,0,0,8.94129,361,361,0,1,2.94392,2.94392,1830,367,0,1235,0,0,0,0,0,1339,1785.99,0.953667,29.338,168732,12,29433,486,465155,48,117732,1944,32,4,644756,1319142,20632192,5276568,25908760,4,4,12,4,4,4,0,20,20,20260807,5,1,1,1,0,0,0,6342,0.26425,1,0.0015,0
1337,12172.9,5,0,2.33954,3.066,0,0,0,5.40554,361,361,0,1,2.94392,2.94392,1830,367,0,1235,0,0,0,0,0,1339,1785.99,0.953667,29.338,168732,12,29433,486,465155,48,117732,1944,32,4,644756,1319142,20632192,5276568,25908760,4,4,12,4,4,4,0,20,20,20260807,5,1,1,1,0,0,0,6342,0.26425,1,0.0015,0
1338,12184.1,12,0,2.41746,8.62158,0,0,0,11.039,361,361,0,1,2.94392,2.94392,1830,367,0,1235,0,0,0,0,0,1339,1785.99,0.953667,29.338,168732,12,29433,486,465155,48,117732,1944,32,4,644756,1319142,20632192,5276568,25908760,4,4,12,4,4,4,0,20,20,20260807,5,1,1,1,0,0,0,6342,0.26425,1,0.0015,0
1339,12190.6,6,0,2.28717,4.1415,0,0,0,6.42867,361,361,0,1,2.94392,2.94392,1830,367,0,1235,0,0,0,0,0,1339,1785.99,0.953667,29.338,168732,12,29433,486,465155,48,117732,1944,32,4,644756,1319142,20632192,5276568,25908760,4,4,12,4,4,4,0,20,20,20260807,5,1,1,1,0,0,0,6342,0.26425,1,0.0015,0
1340,12200.5,10,0,2.28725,7.52538,0,0,0,9.81263,361,361,0,1,2.94392,2.94392,1830,367,0,1235,0,0,0,0,0,1339,1785.99,0.953667,29.338,168732,12,29433,486,465155,48,117732,1944,32,4,644756,1319142,20632192,5276568,25908760,4,4,12,4,4,4,0,20,20,20260807,5,1,1,1,0,0,0,6342,0.26425,1,0.0015,0
1341,12206.7,6,0,2.13142,4.05225,0,0,0,6.18367,361,361,0,1,2.94392,2.94392,1830,367,0,1235,0,0,0,0,0,1339,1785.99,0.953667,29.338,168732,12,29433,486,465155,48,117732,1944,32,4,644756,1319142,20632192,5276568,25908760,4,4,12,4,4,4,0,20,20,20260807,5,1,1,1,0,0,0,6342,0.26425,1,0.0015,0
1342,12217.3,11,0,2.23292,8.28813,0,0,0,10.521,361,361,0,1,2.94392,2.94392,1830,367,0,1235,0,0,0,0,0,1339,1785.99,0.953667,29.338,168732,12,29433,486,465155,48,117732,1944,32,4,644756,1319142,20632192,5276568,25908760,4,4,12,4,4,4,0,20,20,20260807,5,1,1,1,0,0,0,6343,0.264292,1,0.0015,1
1343,12227.9,9,0,2.26796,8.22492,0,0,0,10.4929,361,361,0,1,2.94392,2.94392,1830,367,0,1235,0,0,0,0,0,1339,1785.99,0.953667,29.338,168732,12,29433,486,465155,48,117732,1944,32,4,644756,1319142,20632192,5276568,25908760,4,4,12,4,4,4,0,20,20,20260807,5,1,1,1,0,0,0,6343,0.264292,1,0.0015,0
1344,12233.3,6,0,2.12604,3.14246,0,0,0,5.2685,361,361,0,1,2.94392,2.94392,1830,367,0,1235,0,0,0,0,0,1339,1785.99,0.953667,29.338,168732,12,29433,486,465155,48,117732,1944,32,4,644756,1319142,20632192,5276568,25908760,4,4,12,4,4,4,0,20,20,20260807,5,1,1,1,0,0,0,6343,0.264292,1,0.0015,0
1345,12240,7,0,2.23717,4.435,0,0,0,6.67217,361,361,0,1,2.94392,2.94392,1830,367,0,1235,0,0,0,0,0,1339,1785.99,0.953667,29.338,168732,12,29433,486,465155,48,117732,1944,32,4,644756,1319142,20632192,5276568,25908760,4,4,12,4,4,4,0,20,20,20260807,5,1,1,1,0,0,0,6343,0.264292,1,0.0015,0
1346,12250.6,10,0,2.21254,8.31104,0,0,0,10.5236,361,361,0,1,2.94392,2.94392,1830,367,0,1235,0,0,0,0,0,1339,1785.99,0.953667,29.338,168732,12,29433,486,465155,48,117732,1944,32,4,644756,1319142,20632192,5276568,25908760,4,4,12,4,4,4,0,20,20,20260807,5,1,1,1,0,0,0,6343,0.264292,1,0.0015,0
1347,12258.2,8,0,2.16896,5.30962,0,0,0,7.47858,361,361,0,1,2.94392,2.94392,1830,367,0,1235,0,0,0,0,0,1339,1785.99,0.953667,29.338,168732,12,29433,486,465155,48,117732,1944,32,4,644756,1319142,20632192,5276568,25908760,4,4,12,4,4,4,0,20,20,20260807,5,1,1,1,0,0,0,6343,0.264292,1,0.0015,0
1348,12266.9,8,0,2.19612,6.37338,0,0,0,8.5695,361,361,0,1,2.94392,2.94392,1830,367,0,1235,0,0,0,0,0,1339,1785.99,0.953667,29.338,168732,12,29433,486,465155,48,117732,1944,32,4,644756,1319142,20632192,5276568,25908760,4,4,12,4,4,4,0,20,20,20260807,5,1,1,1,0,0,0,6344,0.264333,1,0.0015,1
1349,12277.6,11,0,2.31438,8.32775,0,0,0,10.6421,361,361,0,1,2.94392,2.94392,1830,367,0,1235,0,0,0,0,0,1339,1785.99,0.953667,29.338,168732,12,29433,486,465155,48,117732,1944,32,4,644756,1319142,20632192,5276568,25908760,4,4,12,4,4,4,0,20,20,20260807,5,1,1,1,0,0,0,6344,0.264333,1,0.0015,0
1350,12283.3,6,0,2.11163,3.48958,0,0,0,5.60121,361,361,0,1,2.94392,2.94392,1830,367,0,1235,0,0,0,0,0,1339,1785.99,0.953667,29.338,168732,12,29433,486,465155,48,117732,1944,32,4,644756,1319142,20632192,5276568,25908760,4,4,12,4,4,4,0,20,20,20260807,5,1,1,1,0,0,0,6344,0.264333,1,0.0015,0
1351,12290.3,7,0,2.09925,4.84425,0,0,0,6.9435,361,361,0,1,2.94392,2.94392,1830,367,0,1235,0,0,0,0,0,1339,1785.99,0.953667,29.338,168732,12,29433,486,465155,48,117732,1944,32,4,644756,1319142,20632192,5276568,25908760,4,4,12,4,4,4,0,20,20,20260807,5,1,1,1,0,0,0,6344,0.264333,1,0.0015,0
1352,12300.1,10,0,2.22587,7.52238,0,0,0,9.74825,361,361,0,1,2.94392,2.94392,1830,367,0,1235,0,0,0,0,0,1339,1785.99,0.953667,29.338,168732,12,29433,486,465155,48,117732,1944,32,4,644756,1319142,20632192,5276568,25908760,4,4,12,4,4,4,0,20,20,20260807,5,1,1,1,0,0,0,6344,0.264333,1,0.0015,0
1353,12306.5,6,0,2.21437,4.13246,0,0,0,6.34683,361,361,0,1,2.94392,2.94392,1830,367,0,1235,0,0,0,0,0,1339,1785.99,0.953667,29.338,168732,12,29433,486,465155,48,117732,1944,32,4,644756,1319142,20632192,5276568,25908760,4,4,12,4,4,4,0,20,20,20260807,5,1,1,1,0,0,0,6344,0.264333,1,0.0015,0
1354,12316.8,10,0,2.28887,7.88117,0,0,0,10.17,361,361,0,1,2.94392,2.94392,1830,367,0,1235,0,0,0,0,0,1339,1785.99,0.953667,29.338,168732,12,29433,486,465155,48,117732,1944,32,4,644756,1319142,20632192,5276568,25908760,4,4,12,4,4,4,0,20,20,20260807,5,1,1,1,0,0,0,6345,0.264375,1,0.0015,1
1355,12323.2,7,0,2.17717,4.17696,0,0,0,6.35412,361,361,0,1,2.94392,2.94392,1830,367,0,1235,0,0,0,0,0,1339,1785.99,0.953667,29.338,168732,12,29433,486,465155,48,117732,1944,32,4,644756,1319142,20632192,5276568,25908760,4,4,12,4,4,4,0,20,20,20260807,5,1,1,1,0,0,0,6345,0.264375,1,0.0015,0
1356,12333.5,10,0,2.24121,7.97421,0,0,0,10.2154,361,361,0,1,2.94392,2.94392,1830,367,0,1235,0,0,0,0,0,1339,1785.99,0.953667,29.338,168732,12,29433,486,465155,48,117732,1944,32,4,644756,1319142,20632192,5276568,25908760,4,4,12,4,4,4,0,20,20,20260807,5,1,1,1,0,0,0,6345,0.264375,1,0.0015,0
1357,12340,7,0,2.11362,4.2725,0,0,0,6.38612,361,361,0,1,2.94392,2.94392,1830,367,0,1235,0,0,0,0,0,1339,1785.99,0.953667,29.338,168732,12,29433,486,465155,48,117732,1944,32,4,644756,1319142,20632192,5276568,25908760,4,4,12,4,4,4,0,20,20,20260807,5,1,1,1,0,0,0,6345,0.264375,1,0.0015,0
1358,12350.2,10,0,2.21658,7.90821,0,0,0,10.1248,361,361,0,1,2.94392,2.94392,1830,367,0,1235,0,0,0,0,0,1339,1785.99,0.953667,29.338,168732,12,29433,486,465155,48,117732,1944,32,4,644756,1319142,20632192,5276568,25908760,4,4,12,4,4,4,0,20,20,20260807,5,1,1,1,0,0,0,6345,0.264375,1,0.0015,0
1359,12356.5,6,0,2.19867,4.01638,0,0,0,6.21504,361,361,0,1,2.94392,2.94392,1830,367,0,1235,0,0,0,0,0,1339,1785.99,0.953667,29.338,168732,12,29433,486,465155,48,117732,1944,32,4,644756,1319142,20632192,5276568,25908760,4,4,12,4,4,4,0,20,20,20260807,5,1,1,1,0,0,0,6345,0.264375,1,0.0015,0
1360,12366.8,10,0,2.32208,7.88283,0,0,0,10.2049,361,361,0,1,2.94392,2.94392,1830,367,0,1235,0,0,0,0,0,1339,1785.99,0.953667,29.338,168732,12,29433,486,465155,48,117732,1944,32,4,644756,1319142,20632192,5276568,25908760,4,4,12,4,4,4,0,20,20,20260807,5,1,1,1,0,0,0,6346,0.264417,1,0.0015,1
1361,12372.9,6,0,2.18596,3.89725,0,0,0,6.08321,361,361,0,1,2.94392,2.94392,1830,367,0,1235,0,0,0,0,0,1339,1785.99,0.953667,29.338,168732,12,29433,486,465155,48,117732,1944,32,4,644756,1319142,20632192,5276568,25908760,4,4,12,4,4,4,0,20,20,20260807,5,1,1,1,0,0,0,6346,0.264417,1,0.0015,0
1362,12383.5,11,0,2.42046,8.01833,0,0,0,10.4388,361,361,0,1,2.94392,2.94392,1830,367,0,1235,0,0,0,0,0,1339,1785.99,0.953667,29.338,168732,12,29433,486,465155,48,117732,1944,32,4,644756,1319142,20632192,5276568,25908760,4,4,12,4,4,4,0,20,20,20260807,5,1,1,1,0,0,0,6346,0.264417,1,0.0015,0
1363,12390.8,7,0,2.193,5.09821,0,0,0,7.29121,361,361,0,1,2.94392,2.94392,1830,367,0,1235,0,0,0,0,0,1339,1785.99,0.953667,29.338,168732,12,29433,486,465155,48,117732,1944,32,4,644756,1319142,20632192,5276568,25908760,4,4,12,4,4,4,0,20,20,20260807,5,1,1,1,0,0,0,6346,0.264417,1,0.0015,0
1364,12399.9,9,0,2.08787,6.94454,0,0,0,9.03242,361,361,0,1,2.94392,2.94392,1830,367,0,1235,0,0,0,0,0,1339,1785.99,0.953667,29.338,168732,12,29433,486,465155,48,117732,1944,32,4,644756,1319142,20632192,5276568,25908760,4,4,12,4,4,4,0,20,20,20260807,5,1,1,1,0,0,0,6346,0.264417,1,0.0015,0
1365,12406.2,7,0,2.06567,4.07971,0,0,0,6.14537,361,361,0,1,2.94392,2.94392,1830,367,0,1235,0,0,0,0,0,1339,1785.99,0.953667,29.338,168732,12,29433,486,465155,48,117732,1944,32,4,644756,1319142,20632192,5276568,25908760,4,4,12,4,4,4,0,20,20,20260807,5,1,1,1,0,0,0,6346,0.264417,1,0.0015,0
1366,12416.9,10,0,2.30908,8.34321,0,0,0,10.6523,361,361,0,1,2.94392,2.94392,1830,367,0,1235,0,0,0,0,0,1339,1785.99,0.953667,29.338,168732,12,29433,486,465155,48,117732,1944,32,4,644756,1319142,20632192,5276568,25908760,4,4,12,4,4,4,0,20,20,20260807,5,1,1,1,0,0,0,6347,0.264458,1,0.0015,1
1367,12423,7,0,2.11854,3.89167,0,0,0,6.01021,361,361,0,1,2.94392,2.94392,1830,367,0,1235,0,0,0,0,0,1339,1785.99,0.953667,29.338,168732,12,29433,486,465155,48,117732,1944,32,4,644756,1319142,20632192,5276568,25908760,4,4,12,4,4,4,0,20,20,20260807,5,1,1,1,0,0,0,6347,0.264458,1,0.0015,0
1368,12433.3,10,0,2.35387,7.90175,0,0,0,10.2556,361,361,0,1,2.94392,2.94392,1830,367,0,1235,0,0,0,0,0,1339,1785.99,0.953667,29.338,168732,12,29433,486,465155,48,117732,1944,32,4,644756,1319142,20632192,5276568,25908760,4,4,12,4,4,4,0,20,20,20260807,5,1,1,1,0,0,0,6347,0.264458,1,0.0015,0
1369,12446.8,13,0,2.03079,11.3638,0,0,0,13.3946,361,361,0,1,2.94392,2.94392,1830,367,0,1235,0,0,0,0,0,1339,1785.99,0.953667,29.338,168732,12,29433,486,465155,48,117732,1944,32,4,644756,1319142,20632192,5276568,25908760,4,4,12,4,4,4,0,20,20,20260807,5,1,1,1,0,0,0,6347,0.264458,1,0.0015,0
1370,12455.5,9,0,2.08533,6.52167,0,0,0,8.607,361,361,0,1,2.94392,2.94392,1830,367,0,1235,0,0,0,0,0,1339,1785.99,0.953667,29.338,168732,12,29433,486,465155,48,117732,1944,32,4,644756,1319142,20632192,5276568,25908760,4,4,12,4,4,4,0,20,20,20260807,5,1,1,1,0,0,0,6347,0.264458,1,0.0015,0
1371,12466.6,11,0,2.33529,8.68308,0,0,0,11.0184,361,361,0,1,2.94392,2.94392,1830,367,0,1235,0,0,0,0,0,1339,1785.99,0.953667,29.338,168732,12,29433,486,465155,48,117732,1944,32,4,644756,1319142,20632192,5276568,25908760,4,4,12,4,4,4,0,20,20,20260807,5,1,1,1,0,0,0,6348,0.2645,1,0.0015,1
1372,12472.8,6,0,2.07912,4.09596,0,0,0,6.17508,361,361,0,1,2.94392,2.94392,1830,367,0,1235,0,0,0,0,0,1339,1785.99,0.953667,29.338,168732,12,29433,486,465155,48,117732,1944,32,4,644756,1319142,20632192,5276568,25908760,4,4,12,4,4,4,0,20,20,20260807,5,1,1,1,0,0,0,6348,0.2645,1,0.0015,0
1373,12483.5,11,0,2.09558,7.73125,0,0,0,9.82683,361,361,0,1,2.94392,2.94392,1830,367,0,1235,0,0,0,0,0,1339,1785.99,0.953667,29.338,168732,12,29433,486,465155,48,117732,1944,32,4,644756,1319142,20632192,5276568,25908760,4,4,12,4,4,4,0,20,20,20260807,5,1,1,1,0,0,0,6348,0.2645,1,0.0015,0
1374,12489.5,6,0,2.17208,3.76254,0,0,0,5.93462,361,361,0,1,2.94392,2.94392,1830,367,0,1235,0,0,0,0,0,1339,1785.99,0.953667,29.338,168732,12,29433,486,465155,48,117732,1944,32,4,644756,1319142,20632192,5276568,25908760,4,4,12,4,4,4,0,20,20,20260807,5,1,1,1,0,0,0,6348,0.2645,1,0.0015,0
1375,12500,11,0,2.15096,8.25242,0,0,0,10.4034,361,361,0,1,2.94392,2.94392,1830,367,0,1235,0,0,0,0,0,1339,1785.99,0.953667,29.338,168732,12,29433,486,465155,48,117732,1944,32,4,644756,1319142,20632192,5276568,25908760,4,4,12,4,4,4,0,20,20,20260807,5,1,1,1,0,0,0,6348,0.2645,1,0.0015,0
1376,12505.6,5,0,2.17004,3.41229,0,0,0,5.58233,361,361,0,1,2.94392,2.94392,1830,367,0,1235,0,0,0,0,0,1339,1785.99,0.953667,29.338,168732,12,29433,486,465155,48,117732,1944,32,4,644756,1319142,20632192,5276568,25908760,4,4,12,4,4,4,0,20,20,20260807,5,1,1,1,0,0,0,6348,0.2645,1,0.0015,0
1377,12516.8,11,0,2.20508,8.85225,0,0,0,11.0573,361,361,0,1,2.94392,2.94392,1830,367,0,1235,0,0,0,0,0,1339,1785.99,0.953667,29.338,168732,12,29433,486,465155,48,117732,1944,32,4,644756,1319142,20632192,5276568,25908760,4,4,12,4,4,4,0,20,20,20260807,5,1,1,1,0,0,0,6349,0.264542,1,0.0015,1
1378,12523.2,7,0,2.0935,4.2425,0,0,0,6.336,361,361,0,1,2.94392,2.94392,1830,367,0,1235,0,0,0,0,0,1339,1785.99,0.953667,29.338,168732,12,29433,486,465155,48,117732,1944,32,4,644756,1319142,20632192,5276568,25908760,4,4,12,4,4,4,0,20,20,20260807,5,1,1,1,0,0,0,6349,0.264542,1,0.0015,0
1379,12533.3,10,0,2.22304,7.77808,0,0,0,10.0011,361,361,0,1,2.94392,2.94392,1830,367,0,1235,0,0,0,0,0,1339,1785.99,0.953667,29.338,168732,12,29433,486,465155,48,117732,1944,32,4,644756,1319142,20632192,5276568,25908760,4,4,12,4,4,4,0,20,20,20260807,5,1,1,1,0,0,0,6349,0.264542,1,0.0015,0
1380,12539.9,6,0,2.05875,4.48417,0,0,0,6.54292,361,361,0,1,2.94392,2.94392,1830,367,0,1235,0,0,0,0,0,1339,1785.99,0.953667,29.338,168732,12,29433,486,465155,48,117732,1944,32,4,644756,1319142,20632192,5276568,25908760,4,4,12,4,4,4,0,20,20,20260807,5,1,1,1,0,0,0,6349,0.264542,1,0.0015,0
1381,12556,17,0,2.15088,13.9491,0,0,0,16.1,361,361,0,1,2.94392,2.94392,1830,367,0,1235,0,0,0,0,0,1339,1785.99,0.953667,29.338,168732,12,29433,486,465155,48,117732,1944,32,4,644756,1319142,20632192,5276568,25908760,4,4,12,4,4,4,0,20,20,20260807,5,1,1,1,0,0,0,6349,0.264542,1,0.0015,0
1382,12566.8,10,0,2.23775,8.40462,0,0,0,10.6424,361,361,0,1,2.94392,2.94392,1830,367,0,1235,0,0,0,0,0,1339,1785.99,0.953667,29.338,168732,12,29433,486,465155,48,117732,1944,32,4,644756,1319142,20632192,5276568,25908760,4,4,12,4,4,4,0,20,20,20260807,5,1,1,1,0,0,0,6350,0.264583,1,0.0015,1
1383,12573.2,7,0,2.14429,4.21,0,0,0,6.35429,361,361,0,1,2.94392,2.94392,1830,367,0,1235,0,0,0,0,0,1339,1785.99,0.953667,29.338,168732,12,29433,486,465155,48,117732,1944,32,4,644756,1319142,20632192,5276568,25908760,4,4,12,4,4,4,0,20,20,20260807,5,1,1,1,0,0,0,6350,0.264583,1,0.0015,0
1384,12583.5,10,0,2.21387,8.02388,0,0,0,10.2378,361,361,0,1,2.94392,2.94392,1830,367,0,1235,0,0,0,0,0,1339,1785.99,0.953667,29.338,168732,12,29433,486,465155,48,117732,1944,32,4,644756,1319142,20632192,5276568,25908760,4,4,12,4,4,4,0,20,20,20260807,5,1,1,1,0,0,0,6350,0.264583,1,0.0015,0
1385,12590.6,7,0,2.13004,4.87162,0,0,0,7.00167,361,361,0,1,2.94392,2.94392,1830,367,0,1235,0,0,0,0,0,1339,1785.99,0.953667,29.338,168732,12,29433,486,465155,48,117732,1944,32,4,644756,1319142,20632192,5276568,25908760,4,4,12,4,4,4,0,20,20,20260807,5,1,1,1,0,0,0,6350,0.264583,1,0.0015,0
1386,12600,10,0,4.32592,4.96692,0,0,0,9.29283,361,361,0,1,2.94392,2.94392,1830,367,0,1235,0,0,0,0,0,1339,1785.99,0.953667,29.338,168732,12,29433,486,465155,48,117732,1944,32,4,644756,1319142,20632192,5276568,25908760,4,4,12,4,4,4,0,20,20,20260807,5,1,1,1,0,0,0,6350,0.264583,1,0.0015,0
1387,12606.8,6,0,2.01683,4.70146,0,0,0,6.71829,361,361,0,1,2.94392,2.94392,1830,367,0,1235,0,0,0,0,0,1339,1785.99,0.953667,29.338,168732,12,29433,486,465155,48,117732,1944,32,4,644756,1319142,20632192,5276568,25908760,4,4,12,4,4,4,0,20,20,20260807,5,1,1,1,0,0,0,6350,0.264583,1,0.0015,0
1388,12617.1,11,0,2.19333,8.01129,0,0,0,10.2046,361,361,0,1,2.94392,2.94392,1830,367,0,1235,0,0,0,0,0,1339,1785.99,0.953667,29.338,168732,12,29433,486,465155,48,117732,1944,32,4,644756,1319142,20632192,5276568,25908760,4,4,12,4,4,4,0,20,20,20260807,5,1,1,1,0,0,0,6351,0.264625,1,0.0015,1
1389,12623.4,6,0,2.15317,4.08592,0,0,0,6.23908,361,361,0,1,2.94392,2.94392,1830,367,0,1235,0,0,0,0,0,1339,1785.99,0.953667,29.338,168732,12,29433,486,465155,48,117732,1944,32,4,644756,1319142,20632192,5276568,25908760,4,4,12,4,4,4,0,20,20,20260807,5,1,1,1,0,0,0,6351,0.264625,1,0.0015,0
1390,12634,11,0,2.1115,8.37425,0,0,0,10.4857,361,361,0,1,2.94392,2.94392,1830,367,0,1235,0,0,0,0,0,1339,1785.99,0.953667,29.338,168732,12,29433,486,465155,48,117732,1944,32,4,644756,1319142,20632192,5276568,25908760,4,4,12,4,4,4,0,20,20,20260807,5,1,1,1,0,0,0,6351,0.264625,1,0.0015,0
1391,12639.9,5,0,2.12242,3.69271,0,0,0,5.81513,361,361,0,1,2.94392,2.94392,1830,367,0,1235,0,0,0,0,0,1339,1785.99,0.953667,29.338,168732,12,29433,486,465155,48,117732,1944,32,4,644756,1319142,20632192,5276568,25908760,4,4,12,4,4,4,0,20,20,20260807,5,1,1,1,0,0,0,6351,0.264625,1,0.0015,0
1392,12650.1,11,0,2.20213,7.97054,0,0,0,10.1727,361,361,0,1,2.94392,2.94392,1830,367,0,1235,0,0,0,0,0,1339,1785.99,0.953667,29.338,168732,12,29433,486,465155,48,117732,1944,32,4,644756,1319142,20632192,5276568,25908760,4,4,12,4,4,4,0,20,20,20260807,5,1,1,1,0,0,0,6351,0.264625,1,0.0015,0
1393,12657.9,7,0,2.05292,5.64729,0,0,0,7.70021,361,361,0,1,2.94392,2.94392,1830,367,0,1235,0,0,0,0,0,1339,1785.99,0.953667,29.338,168732,12,29433,486,465155,48,117732,1944,32,4,644756,1319142,20632192,5276568,25908760,4,4,12,4,4,4,0,20,20,20260807,5,1,1,1,0,0,0,6351,0.264625,1,0.0015,0
1394,12666.8,10,0,2.21654,6.57983,0,0,0,8.79637,361,361,0,1,2.94392,2.94392,1830,367,0,1235,0,0,0,0,0,1339,1785.99,0.953667,29.338,168732,12,29433,486,465155,48,117732,1944,32,4,644756,1319142,20632192,5276568,25908760,4,4,12,4,4,4,0,20,20,20260807,5,1,1,1,0,0,0,6352,0.264667,1,0.0015,1
1395,12673.9,7,0,2.14458,4.89112,0,0,0,7.03571,361,361,0,1,2.94392,2.94392,1830,367,0,1235,0,0,0,0,0,1339,1785.99,0.953667,29.338,168732,12,29433,486,465155,48,117732,1944,32,4,644756,1319142,20632192,5276568,25908760,4,4,12,4,4,4,0,20,20,20260807,5,1,1,1,0,0,0,6352,0.264667,1,0.0015,0
1396,12683.5,10,0,2.17146,7.35917,0,0,0,9.53063,361,361,0,1,2.94392,2.94392,1830,367,0,1235,0,0,0,0,0,1339,1785.99,0.953667,29.338,168732,12,29433,486,465155,48,117732,1944,32,4,644756,1319142,20632192,5276568,25908760,4,4,12,4,4,4,0,20,20,20260807,5,1,1,1,0,0,0,6352,0.264667,1,0.0015,0
1397,12691.9,8,0,2.19467,6.17762,0,0,0,8.37229,361,361,0,1,2.94392,2.94392,1830,367,0,1235,0,0,0,0,0,1339,1785.99,0.953667,29.338,168732,12,29433,486,465155,48,117732,1944,32,4,644756,1319142,20632192,5276568,25908760,4,4,12,4,4,4,0,20,20,20260807,5,1,1,1,0,0,0,6352,0.264667,1,0.0015,0
1398,12700.1,9,0,2.07187,6.02971,0,0,0,8.10158,361,361,0,1,2.94392,2.94392,1830,367,0,1235,0,0,0,0,0,1339,1785.99,0.953667,29.338,168732,12,29433,486,465155,48,117732,1944,32,4,644756,1319142,20632192,5276568,25908760,4,4,12,4,4,4,0,20,20,20260807,5,1,1,1,0,0,0,6352,0.264667,1,0.0015,0
1399,12706.3,6,0,2.33596,3.81062,0,0,0,6.14658,361,361,0,1,2.94392,2.94392,1830,367,0,1235,0,0,0,0,0,1339,1785.99,0.953667,29.338,168732,12,29433,486,465155,48,117732,1944,32,4,644756,1319142,20632192,5276568,25908760,4,4,12,4,4,4,0,20,20,20260807,5,1,1,1,0,0,0,6352,0.264667,1,0.0015,0
1400,12716.9,10,0,2.17304,8.29154,0,0,0,10.4646,361,361,0,1,2.94392,2.94392,1830,367,0,1235,0,0,0,0,0,1339,1785.99,0.953667,29.338,168732,12,29433,486,465155,48,117732,1944,32,4,644756,1319142,20632192,5276568,25908760,4,4,12,4,4,4,0,20,20,20260807,5,1,1,1,0,0,0,6353,0.264708,1,0.0015,1
1401,12723.1,7,0,2.219,3.85904,0,0,0,6.07804,361,361,0,1,2.94392,2.94392,1830,367,0,1235,0,0,0,0,0,1339,1785.99,0.953667,29.338,168732,12,29433,486,465155,48,117732,1944,32,4,644756,1319142,20632192,5276568,25908760,4,4,12,4,4,4,0,20,20,20260807,5,1,1,1,0,0,0,6353,0.264708,1,0.0015,0
1402,12733.5,10,0,2.214,8.14325,0,0,0,10.3573,361,361,0,1,2.94392,2.94392,1830,367,0,1235,0,0,0,0,0,1339,1785.99,0.953667,29.338,168732,12,29433,486,465155,48,117732,1944,32,4,644756,1319142,20632192,5276568,25908760,4,4,12,4,4,4,0,20,20,20260807,5,1,1,1,0,0,0,6353,0.264708,1,0.0015,0
1403,12739.7,6,0,2.22879,3.92954,0,0,0,6.15833,361,361,0,1,2.94392,2.94392,1830,367,0,1235,0,0,0,0,0,1339,1785.99,0.953667,29.338,168732,12,29433,486,465155,48,117732,1944,32,4,644756,1319142,20632192,5276568,25908760,4,4,12,4,4,4,0,20,20,20260807,5,1,1,1,0,0,0,6353,0.264708,1,0.0015,0
1404,12750.1,11,0,2.20867,8.13138,0,0,0,10.34,361,361,0,1,2.94392,2.94392,1830,367,0,1235,0,0,0,0,0,1339,1785.99,0.953667,29.338,168732,12,29433,486,465155,48,117732,1944,32,4,644756,1319142,20632192,5276568,25908760,4,4,12,4,4,4,0,20,20,20260807,5,1,1,1,0,0,0,6353,0.264708,1,0.0015,0
1405,12755.7,5,0,2.20292,3.28029,0,0,0,5.48321,361,361,0,1,2.94392,2.94392,1830,367,0,1235,0,0,0,0,0,1339,1785.99,0.953667,29.338,168732,12,29433,486,465155,48,117732,1944,32,4,644756,1319142,20632192,5276568,25908760,4,4,12,4,4,4,0,20,20,20260807,5,1,1,1,0,0,0,6353,0.264708,1,0.0015,0
1406,12766.9,11,0,2.21492,8.90196,0,0,0,11.1169,361,361,0,1,2.94392,2.94392,1830,367,0,1235,0,0,0,0,0,1339,1785.99,0.953667,29.338,168732,12,29433,486,465155,48,117732,1944,32,4,644756,1319142,20632192,5276568,25908760,4,4,12,4,4,4,0,20,20,20260807,5,1,1,1,0,0,0,6354,0.26475,1,0.0015,1
1407,12776.3,10,0,2.20933,7.07742,0,0,0,9.28675,361,361,0,1,2.94392,2.94392,1830,367,0,1235,0,0,0,0,0,1339,1785.99,0.953667,29.338,168732,12,29433,486,465155,48,117732,1944,32,4,644756,1319142,20632192,5276568,25908760,4,4,12,4,4,4,0,20,20,20260807,5,1,1,1,0,0,0,6354,0.26475,1,0.0015,0
1408,12783.8,7,0,2.09558,5.39504,0,0,0,7.49062,361,361,0,1,2.94392,2.94392,1830,367,0,1235,0,0,0,0,0,1339,1785.99,0.953667,29.338,168732,12,29433,486,465155,48,117732,1944,32,4,644756,1319142,20632192,5276568,25908760,4,4,12,4,4,4,0,20,20,20260807,5,1,1,1,0,0,0,6354,0.26475,1,0.0015,0
1409,12790,7,0,2.1275,3.91979,0,0,0,6.04729,361,361,0,1,2.94392,2.94392,1830,367,0,1235,0,0,0,0,0,1339,1785.99,0.953667,29.338,168732,12,29433,486,465155,48,117732,1944,32,4,644756,1319142,20632192,5276568,25908760,4,4,12,4,4,4,0,20,20,20260807,5,1,1,1,0,0,0,6354,0.26475,1,0.0015,0
1410,12800.1,10,0,2.23263,7.85654,0,0,0,10.0892,361,361,0,1,2.94392,2.94392,1830,367,0,1235,0,0,0,0,0,1339,1785.99,0.953667,29.338,168732,12,29433,486,465155,48,117732,1944,32,4,644756,1319142,20632192,5276568,25908760,4,4,12,4,4,4,0,20,20,20260807,5,1,1,1,0,0,0,6354,0.26475,1,0.0015,0
1411,12807,7,0,2.13992,4.67158,0,0,0,6.8115,361,361,0,1,2.94392,2.94392,1830,367,0,1235,0,0,0,0,0,1339,1785.99,0.953667,29.338,168732,12,29433,486,465155,48,117732,1944,32,4,644756,1319142,20632192,5276568,25908760,4,4,12,4,4,4,0,20,20,20260807,5,1,1,1,0,0,0,6354,0.26475,1,0.0015,0
1412,12816.7,9,0,2.26525,7.33733,0,0,0,9.60258,361,361,0,1,2.94392,2.94392,1830,367,0,1235,0,0,0,0,0,1339,1785.99,0.953667,29.338,168732,12,29433,486,465155,48,117732,1944,32,4,644756,1319142,20632192,5276568,25908760,4,4,12,4,4,4,0,20,20,20260807,5,1,1,1,0,0,0,6355,0.264792,1,0.0015,1
1413,12823.1,7,0,2.06913,4.2675,0,0,0,6.33662,361,361,0,1,2.94392,2.94392,1830,367,0,1235,0,0,0,0,0,1339,1785.99,0.953667,29.338,168732,12,29433,486,465155,48,117732,1944,32,4,644756,1319142,20632192,5276568,25908760,4,4,12,4,4,4,0,20,20,20260807,5,1,1,1,0,0,0,6355,0.264792,1,0.0015,0
1414,12833.4,10,0,2.09612,8.11225,0,0,0,10.2084,361,361,0,1,2.94392,2.94392,1830,367,0,1235,0,0,0,0,0,1339,1785.99,0.953667,29.338,168732,12,29433,486,465155,48,117732,1944,32,4,644756,1319142,20632192,5276568,25908760,4,4,12,4,4,4,0,20,20,20260807,5,1,1,1,0,0,0,6355,0.264792,1,0.0015,0
1415,12839.5,6,0,2.12033,3.90933,0,0,0,6.02967,361,361,0,1,2.94392,2.94392,1830,367,0,1235,0,0,0,0,0,1339,1785.99,0.953667,29.338,168732,12,29433,486,465155,48,117732,1944,32,4,644756,1319142,20632192,5276568,25908760,4,4,12,4,4,4,0,20,20,20260807,5,1,1,1,0,0,0,6355,0.264792,1,0.0015,0
1416,12850.2,11,0,2.07208,8.24142,0,0,0,10.3135,361,361,0,1,2.94392,2.94392,1830,367,0,1235,0,0,0,0,0,1339,1785.99,0.953667,29.338,168732,12,29433,486,465155,48,117732,1944,32,4,644756,1319142,20632192,5276568,25908760,4,4,12,4,4,4,0,20,20,20260807,5,1,1,1,0,0,0,6355,0.264792,1,0.0015,0
1417,12856.6,6,0,2.12104,4.20812,0,0,0,6.32917,361,361,0,1,2.94392,2.94392,1830,367,0,1235,0,0,0,0,0,1339,1785.99,0.953667,29.338,168732,12,29433,486,465155,48,117732,1944,32,4,644756,1319142,20632192,5276568,25908760,4,4,12,4,4,4,0,20,20,20260807,5,1,1,1,0,0,0,6355,0.264792,1,0.0015,0
1418,12866.7,10,0,2.22946,7.83362,0,0,0,10.0631,361,361,0,1,2.94392,2.94392,1830,367,0,1235,0,0,0,0,0,1339,1785.99,0.953667,29.338,168732,12,29433,486,465155,48,117732,1944,32,4,644756,1319142,20632192,5276568,25908760,4,4,12,4,4,4,0,20,20,20260807,5,1,1,1,0,0,0,6356,0.264833,1,0.0015,1
1419,12873.1,7,0,2.13687,4.22646,0,0,0,6.36333,361,361,0,1,2.94392,2.94392,1830,367,0,1235,0,0,0,0,0,1339,1785.99,0.953667,29.338,168732,12,29433,486,465155,48,117732,1944,32,4,644756,1319142,20632192,5276568,25908760,4,4,12,4,4,4,0,20,20,20260807,5,1,1,1,0,0,0,6356,0.264833,1,0.0015,0
1420,12883.5,10,0,2.20592,8.07317,0,0,0,10.2791,361,361,0,1,2.94392,2.94392,1830,367,0,1235,0,0,0,0,0,1339,1785.99,0.953667,29.338,168732,12,29433,486,465155,48,117732,1944,32,4,644756,1319142,20632192,5276568,25908760,4,4,12,4,4,4,0,20,20,20260807,5,1,1,1,0,0,0,6356,0.264833,1,0.0015,0
1421,12889.8,6,0,2.10263,4.12587,0,0,0,6.2285,361,361,0,1,2.94392,2.94392,1830,367,0,1235,0,0,0,0,0,1339,1785.99,0.953667,29.338,168732,12,29433,486,465155,48,117732,1944,32,4,644756,1319142,20632192,5276568,25908760,4,4,12,4,4,4,0,20,20,20260807,5,1,1,1,0,0,0,6356,0.264833,1,0.0015,0
1422,12900.2,11,0,2.22696,8.05987,0,0,0,10.2868,361,361,0,1,2.94392,2.94392,1830,367,0,1235,0,0,0,0,0,1339,1785.99,0.953667,29.338,168732,12,29433,486,465155,48,117732,1944,32,4,644756,1319142,20632192,5276568,25908760,4,4,12,4,4,4,0,20,20,20260807,5,1,1,1,0,0,0,6356,0.264833,1,0.0015,0
1423,12906.5,6,0,2.02146,4.17804,0,0,0,6.1995,361,361,0,1,2.94392,2.94392,1830,367,0,1235,0,0,0,0,0,1339,1785.99,0.953667,29.338,168732,12,29433,486,465155,48,117732,1944,32,4,644756,1319142,20632192,5276568,25908760,4,4,12,4,4,4,0,20,20,20260807,5,1,1,1,0,0,0,6356,0.264833,1,0.0015,0
1424,12916.7,10,0,2.2335,7.95229,0,0,0,10.1858,361,361,0,1,2.94392,2.94392,1830,367,0,1235,0,0,0,0,0,1339,1785.99,0.953667,29.338,168732,12,29433,486,465155,48,117732,1944,32,4,644756,1319142,20632192,5276568,25908760,4,4,12,4,4,4,0,20,20,20260807,5,1,1,1,0,0,0,6357,0.264875,1,0.0015,1
1425,12922.9,6,0,2.13267,4.00638,0,0,0,6.13904,361,361,0,1,2.94392,2.94392,1830,367,0,1235,0,0,0,0,0,1339,1785.99,0.953667,29.338,168732,12,29433,486,465155,48,117732,1944,32,4,644756,1319142,20632192,5276568,25908760,4,4,12,4,4,4,0,20,20,20260807,5,1,1,1,0,0,0,6357,0.264875,1,0.0015,0
1426,12933.5,11,0,2.20221,8.25817,0,0,0,10.4604,361,361,0,1,2.94392,2.94392,1830,367,0,1235,0,0,0,0,0,1339,1785.99,0.953667,29.338,168732,12,29433,486,465155,48,117732,1944,32,4,644756,1319142,20632192,5276568,25908760,4,4,12,4,4,4,0,20,20,20260807,5,1,1,1,0,0,0,6357,0.264875,1,0.0015,0
1427,12939.7,6,0,2.15083,4.02758,0,0,0,6.17842,361,361,0,1,2.94392,2.94392,1830,367,0,1235,0,0,0,0,0,1339,1785.99,0.953667,29.338,168732,12,29433,486,465155,48,117732,1944,32,4,644756,1319142,20632192,5276568,25908760,4,4,12,4,4,4,0,20,20,20260807,5,1,1,1,0,0,0,6357,0.264875,1,0.0015,0
1428,12950.1,11,0,2.22642,8.08879,0,0,0,10.3152,361,361,0,1,2.94392,2.94392,1830,367,0,1235,0,0,0,0,0,1339,1785.99,0.953667,29.338,168732,12,29433,486,465155,48,117732,1944,32,4,644756,1319142,20632192,5276568,25908760,4,4,12,4,4,4,0,20,20,20260807,5,1,1,1,0,0,0,6357,0.264875,1,0.0015,0
1429,12956.9,6,0,2.13804,4.54033,0,0,0,6.67837,361,361,0,1,2.94392,2.94392,1830,367,0,1235,0,0,0,0,0,1339,1785.99,0.953667,29.338,168732,12,29433,486,465155,48,117732,1944,32,4,644756,1319142,20632192,5276568,25908760,4,4,12,4,4,4,0,20,20,20260807,5,1,1,1,0,0,0,6357,0.264875,1,0.0015,0
1430,12967,11,0,2.17983,7.82271,0,0,0,10.0025,361,361,0,1,2.94392,2.94392,1830,367,0,1235,0,0,0,0,0,1339,1785.99,0.953667,29.338,168732,12,29433,486,465155,48,117732,1944,32,4,644756,1319142,20632192,5276568,25908760,4,4,12,4,4,4,0,20,20,20260807,5,1,1,1,0,0,0,6358,0.264917,1,0.0015,1
1431,12972.8,5,0,2.18979,3.50967,0,0,0,5.69946,361,361,0,1,2.94392,2.94392,1830,367,0,1235,0,0,0,0,0,1339,1785.99,0.953667,29.338,168732,12,29433,486,465155,48,117732,1944,32,4,644756,1319142,20632192,5276568,25908760,4,4,12,4,4,4,0,20,20,20260807,5,1,1,1,0,0,0,6358,0.264917,1,0.0015,0
1432,12983.7,11,0,2.204,8.66571,0,0,0,10.8697,361,361,0,1,2.94392,2.94392,1830,367,0,1235,0,0,0,0,0,1339,1785.99,0.953667,29.338,168732,12,29433,486,465155,48,117732,1944,32,4,644756,1319142,20632192,5276568,25908760,4,4,12,4,4,4,0,20,20,20260807,5,1,1,1,0,0,0,6358,0.264917,1,0.0015,0
1433,12989.9,6,0,2.114,3.96233,0,0,0,6.07633,361,361,0,1,2.94392,2.94392,1830,367,0,1235,0,0,0,0,0,1339,1785.99,0.953667,29.338,168732,12,29433,486,465155,48,117732,1944,32,4,644756,1319142,20632192,5276568,25908760,4,4,12,4,4,4,0,20,20,20260807,5,1,1,1,0,0,0,6358,0.264917,1,0.0015,0
1434,13006.6,17,0,2.23192,14.4331,0,0,0,16.665,361,361,0,1,2.94392,2.94392,1830,367,0,1235,0,0,0,0,0,1339,1785.99,0.953667,29.338,168732,12,29433,486,465155,48,117732,1944,32,4,644756,1319142,20632192,5276568,25908760,4,4,12,4,4,4,0,20,20,20260807,5,1,1,1,0,0,0,6358,0.264917,1,0.0015,0
1435,13016.6,10,0,2.23042,7.68412,0,0,0,9.91454,361,361,0,1,2.94392,2.94392,1830,367,0,1235,0,0,0,0,0,1339,1785.99,0.953667,29.338,168732,12,29433,486,465155,48,117732,1944,32,4,644756,1319142,20632192,5276568,25908760,4,4,12,4,4,4,0,20,20,20260807,5,1,1,1,0,0,0,6359,0.264958,1,0.0015,1
1436,13022.9,6,0,2.15646,4.04358,0,0,0,6.20004,361,361,0,1,2.94392,2.94392,1830,367,0,1235,0,0,0,0,0,1339,1785.99,0.953667,29.338,168732,12,29433,486,465155,48,117732,1944,32,4,644756,1319142,20632192,5276568,25908760,4,4,12,4,4,4,0,20,20,20260807,5,1,1,1,0,0,0,6359,0.264958,1,0.0015,0
1437,13033.4,11,0,2.16279,8.22837,0,0,0,10.3912,361,361,0,1,2.94392,2.94392,1830,367,0,1235,0,0,0,0,0,1339,1785.99,0.953667,29.338,168732,12,29433,486,465155,48,117732,1944,32,4,644756,1319142,20632192,5276568,25908760,4,4,12,4,4,4,0,20,20,20260807,5,1,1,1,0,0,0,6359,0.264958,1,0.0015,0
1438,13039.3,6,0,2.13558,3.69608,0,0,0,5.83167,361,361,0,1,2.94392,2.94392,1830,367,0,1235,0,0,0,0,0,1339,1785.99,0.953667,29.338,168732,12,29433,486,465155,48,117732,1944,32,4,644756,1319142,20632192,5276568,25908760,4,4,12,4,4,4,0,20,20,20260807,5,1,1,1,0,0,0,6359,0.264958,1,0.0015,0
1439,13050,11,0,4.61475,6.05771,0,0,0,10.6725,361,361,0,1,2.94392,2.94392,1830,367,0,1235,0,0,0,0,0,1339,1785.99,0.953667,29.338,168732,12,29433,486,465155,48,117732,1944,32,4,644756,1319142,20632192,5276568,25908760,4,4,12,4,4,4,0,20,20,20260807,5,1,1,1,0,0,0,6359,0.264958,1,0.0015,0
1440,13056.1,6,0,2.06175,3.90504,0,0,0,5.96679,361,361,0,1,2.94392,2.94392,1830,367,0,1235,0,0,0,0,0,1339,1785.99,0.953667,29.338,168732,12,29433,486,465155,48,117732,1944,32,4,644756,1319142,20632192,5276568,25908760,4,4,12,4,4,4,0,20,20,20260807,5,1,1,1,0,0,0,6359,0.264958,1,0.0015,0
1441,13066.8,10,0,2.17733,8.51412,0,0,0,10.6915,361,361,0,1,2.94392,2.94392,1830,367,0,1235,0,0,0,0,0,1339,1785.99,0.953667,29.338,168732,12,29433,486,465155,48,117732,1944,32,4,644756,1319142,20632192,5276568,25908760,4,4,12,4,4,4,0,20,20,20260807,5,1,1,1,0,0,0,6360,0.265,1,0.0015,1
1442,13072.8,6,0,2.07671,3.86329,0,0,0,5.94,361,361,0,1,2.94392,2.94392,1830,367,0,1235,0,0,0,0,0,1339,1785.99,0.953667,29.338,168732,12,29433,486,465155,48,117732,1944,32,4,644756,1319142,20632192,5276568,25908760,4,4,12,4,4,4,0,20,20,20260807,5,1,1,1,0,0,0,6360,0.265,1,0.0015,0
1443,13083.5,11,0,2.22408,8.34796,0,0,0,10.572,361,361,0,1,2.94392,2.94392,1830,367,0,1235,0,0,0,0,0,1339,1785.99,0.953667,29.338,168732,12,29433,486,465155,48,117732,1944,32,4,644756,1319142,20632192,5276568,25908760,4,4,12,4,4,4,0,20,20,20260807,5,1,1,1,0,0,0,6360,0.265,1,0.0015,0
1444,13089.7,6,0,2.14842,3.86804,0,0,0,6.01646,361,361,0,1,2.94392,2.94392,1830,367,0,1235,0,0,0,0,0,1339,1785.99,0.953667,29.338,168732,12,29433,486,465155,48,117732,1944,32,4,644756,1319142,20632192,5276568,25908760,4,4,12,4,4,4,0,20,20,20260807,5,1,1,1,0,0,0,6360,0.265,1,0.0015,0
1445,13100.2,11,0,2.25663,8.14121,0,0,0,10.3978,361,361,0,1,2.94392,2.94392,1830,367,0,1235,0,0,0,0,0,1339,1785.99,0.953667,29.338,168732,12,29433,486,465155,48,117732,1944,32,4,644756,1319142,20632192,5276568,25908760,4,4,12,4,4,4,0,20,20,20260807,5,1,1,1,0,0,0,6360,0.265,1,0.0015,0
1446,13106.3,6,0,2.15208,3.85546,0,0,0,6.00754,361,361,0,1,2.94392,2.94392,1830,367,0,1235,0,0,0,0,0,1339,1785.99,0.953667,29.338,168732,12,29433,486,465155,48,117732,1944,32,4,644756,1319142,20632192,5276568,25908760,4,4,12,4,4,4,0,20,20,20260807,5,1,1,1,0,0,0,6360,0.265,1,0.0015,0
1447,13116.8,10,0,2.26858,8.22371,0,0,0,10.4923,361,361,0,1,2.94392,2.94392,1830,367,0,1235,0,0,0,0,0,1339,1785.99,0.953667,29.338,168732,12,29433,486,465155,48,117732,1944,32,4,644756,1319142,20632192,5276568,25908760,4,4,12,4,4,4,0,20,20,20260807,5,1,1,1,0,0,0,6361,0.265042,1,0.0015,1
1448,13122.9,6,0,2.16562,3.81671,0,0,0,5.98233,361,361,0,1,2.94392,2.94392,1830,367,0,1235,0,0,0,0,0,1339,1785.99,0.953667,29.338,168732,12,29433,486,465155,48,117732,1944,32,4,644756,1319142,20632192,5276568,25908760,4,4,12,4,4,4,0,20,20,20260807,5,1,1,1,0,0,0,6361,0.265042,1,0.0015,0
1449,13134,12,0,2.16879,8.87083,0,0,0,11.0396,361,361,0,1,2.94392,2.94392,1830,367,0,1235,0,0,0,0,0,1339,1785.99,0.953667,29.338,168732,12,29433,486,465155,48,117732,1944,32,4,644756,1319142,20632192,5276568,25908760,4,4,12,4,4,4,0,20,20,20260807,5,1,1,1,0,0,0,6361,0.265042,1,0.0015,0
1450,13140.1,6,0,2.12917,3.93712,0,0,0,6.06629,361,361,0,1,2.94392,2.94392,1830,367,0,1235,0,0,0,0,0,1339,1785.99,0.953667,29.338,168732,12,29433,486,465155,48,117732,1944,32,4,644756,1319142,20632192,5276568,25908760,4,4,12,4,4,4,0,20,20,20260807,5,1,1,1,0,0,0,6361,0.265042,1,0.0015,0
1451,13155.8,15,0,2.15942,13.4009,0,0,0,15.5603,361,361,0,1,2.94392,2.94392,1830,367,0,1235,0,0,0,0,0,1339,1785.99,0.953667,29.338,168732,12,29433,486,465155,48,117732,1944,32,4,644756,1319142,20632192,5276568,25908760,4,4,12,4,4,4,0,20,20,20260807,5,1,1,1,0,0,0,6361,0.265042,1,0.0015,0
1452,13166.8,11,0,2.21096,8.73558,0,0,0,10.9465,361,361,0,1,2.94392,2.94392,1830,367,0,1235,0,0,0,0,0,1339,1785.99,0.953667,29.338,168732,12,29433,486,465155,48,117732,1944,32,4,644756,1319142,20632192,5276568,25908760,4,4,12,4,4,4,0,20,20,20260807,5,1,1,1,0,0,0,6362,0.265083,1,0.0015,1
1453,13175.4,9,0,2.13017,6.3455,0,0,0,8.47567,361,361,0,1,2.94392,2.94392,1830,367,0,1235,0,0,0,0,0,1339,1785.99,0.953667,29.338,168732,12,29433,486,465155,48,117732,1944,32,4,644756,1319142,20632192,5276568,25908760,4,4,12,4,4,4,0,20,20,20260807,5,1,1,1,0,0,0,6362,0.265083,1,0.0015,0
1454,13183.5,8,0,2.22087,5.83121,0,0,0,8.05208,361,361,0,1,2.94392,2.94392,1830,367,0,1235,0,0,0,0,0,1339,1785.99,0.953667,29.338,168732,12,29433,486,465155,48,117732,1944,32,4,644756,1319142,20632192,5276568,25908760,4,4,12,4,4,4,0,20,20,20260807,5,1,1,1,0,0,0,6362,0.265083,1,0.0015,0
1455,13193.3,10,0,2.22613,7.44746,0,0,0,9.67358,361,361,0,1,2.94392,2.94392,1830,367,0,1235,0,0,0,0,0,1339,1785.99,0.953667,29.338,168732,12,29433,486,465155,48,117732,1944,32,4,644756,1319142,20632192,5276568,25908760,4,4,12,4,4,4,0,20,20,20260807,5,1,1,1,0,0,0,6362,0.265083,1,0.0015,0
1456,13200.1,7,0,2.06046,4.6725,0,0,0,6.73296,361,361,0,1,2.94392,2.94392,1830,367,0,1235,0,0,0,0,0,1339,1785.99,0.953667,29.338,168732,12,29433,486,465155,48,117732,1944,32,4,644756,1319142,20632192,5276568,25908760,4,4,12,4,4,4,0,20,20,20260807,5,1,1,1,0,0,0,6362,0.265083,1,0.0015,0
1457,13207.1,7,0,2.06633,4.91708,0,0,0,6.98342,361,361,0,1,2.94392,2.94392,1830,367,0,1235,0,0,0,0,0,1339,1785.99,0.953667,29.338,168732,12,29433,486,465155,48,117732,1944,32,4,644756,1319142,20632192,5276568,25908760,4,4,12,4,4,4,0,20,20,20260807,5,1,1,1,0,0,0,6362,0.265083,1,0.0015,0
1458,13216.7,9,0,2.12258,7.36979,0,0,0,9.49237,361,361,0,1,2.94392,2.94392,1830,367,0,1235,0,0,0,0,0,1339,1785.99,0.953667,29.338,168732,12,29433,486,465155,48,117732,1944,32,4,644756,1319142,20632192,5276568,25908760,4,4,12,4,4,4,0,20,20,20260807,5,1,1,1,0,0,0,6363,0.265125,1,0.0015,1
1459,13223.2,6,0,2.21683,4.19471,0,0,0,6.41154,361,361,0,1,2.94392,2.94392,1830,367,0,1235,0,0,0,0,0,1339,1785.99,0.953667,29.338,168732,12,29433,486,465155,48,117732,1944,32,4,644756,1319142,20632192,5276568,25908760,4,4,12,4,4,4,0,20,20,20260807,5,1,1,1,0,0,0,6363,0.265125,1,0.0015,0
1460,13233.7,10,0,2.24279,8.17463,0,0,0,10.4174,361,361,0,1,2.94392,2.94392,1830,367,0,1235,0,0,0,0,0,1339,1785.99,0.953667,29.338,168732,12,29433,486,465155,48,117732,1944,32,4,644756,1319142,20632192,5276568,25908760,4,4,12,4,4,4,0,20,20,20260807,5,1,1,1,0,0,0,6363,0.265125,1,0.0015,0
1461,13239.7,6,0,2.22512,3.68117,0,0,0,5.90629,361,361,0,1,2.94392,2.94392,1830,367,0,1235,0,0,0,0,0,1339,1785.99,0.953667,29.338,168732,12,29433,486,465155,48,117732,1944,32,4,644756,1319142,20632192,5276568,25908760,4,4,12,4,4,4,0,20,20,20260807,5,1,1,1,0,0,0,6363,0.265125,1,0.0015,0
1462,13250.2,11,0,2.20237,8.21258,0,0,0,10.415,361,361,0,1,2.94392,2.94392,1830,367,0,1235,0,0,0,0,0,1339,1785.99,0.953667,29.338,168732,12,29433,486,465155,48,117732,1944,32,4,644756,1319142,20632192,5276568,25908760,4,4,12,4,4,4,0,20,20,20260807,5,1,1,1,0,0,0,6363,0.265125,1,0.0015,0
1463,13256.5,6,0,2.23287,3.9735,0,0,0,6.20638,361,361,0,1,2.94392,2.94392,1830,367,0,1235,0,0,0,0,0,1339,1785.99,0.953667,29.338,168732,12,29433,486,465155,48,117732,1944,32,4,644756,1319142,20632192,5276568,25908760,4,4,12,4,4,4,0,20,20,20260807,5,1,1,1,0,0,0,6363,0.265125,1,0.0015,0
1464,13266.9,10,0,2.2515,8.01996,0,0,0,10.2715,361,361,0,1,2.94392,2.94392,1830,367,0,1235,0,0,0,0,0,1339,1785.99,0.953667,29.338,168732,12,29433,486,465155,48,117732,1944,32,4,644756,1319142,20632192,5276568,25908760,4,4,12,4,4,4,0,20,20,20260807,5,1,1,1,0,0,0,6364,0.265167,1,0.0015,1
1465,13273,7,0,2.20683,3.91442,0,0,0,6.12125,361,361,0,1,2.94392,2.94392,1830,367,0,1235,0,0,0,0,0,1339,1785.99,0.953667,29.338,168732,12,29433,486,465155,48,117732,1944,32,4,644756,1319142,20632192,5276568,25908760,4,4,12,4,4,4,0,20,20,20260807,5,1,1,1,0,0,0,6364,0.265167,1,0.0015,0
1466,13283.7,10,0,2.22887,8.38462,0,0,0,10.6135,361,361,0,1,2.94392,2.94392,1830,367,0,1235,0,0,0,0,0,1339,1785.99,0.953667,29.338,168732,12,29433,486,465155,48,117732,1944,32,4,644756,1319142,20632192,5276568,25908760,4,4,12,4,4,4,0,20,20,20260807,5,1,1,1,0,0,0,6364,0.265167,1,0.0015,0
1467,13290.3,7,0,2.24538,4.23304,0,0,0,6.47842,361,361,0,1,2.94392,2.94392,1830,367,0,1235,0,0,0,0,0,1339,1785.99,0.953667,29.338,168732,12,29433,486,465155,48,117732,1944,32,4,644756,1319142,20632192,5276568,25908760,4,4,12,4,4,4,0,20,20,20260807,5,1,1,1,0,0,0,6364,0.265167,1,0.0015,0
1468,13300.9,10,0,2.20475,8.33725,0,0,0,10.542,361,361,0,1,2.94392,2.94392,1830,367,0,1235,0,0,0,0,0,1339,1785.99,0.953667,29.338,168732,12,29433,486,465155,48,117732,1944,32,4,644756,1319142,20632192,5276568,25908760,4,4,12,4,4,4,0,20,20,20260807,5,1,1,1,0,0,0,6364,0.265167,1,0.0015,0
1469,13306.2,6,0,2.17713,3.071,0,0,0,5.24812,361,361,0,1,2.94392,2.94392,1830,367,0,1235,0,0,0,0,0,1339,1785.99,0.953667,29.338,168732,12,29433,486,465155,48,117732,1944,32,4,644756,1319142,20632192,5276568,25908760,4,4,12,4,4,4,0,20,20,20260807,5,1,1,1,0,0,0,6364,0.265167,1,0.0015,0
1470,13316.8,10,0,2.30283,8.15171,0,0,0,10.4545,361,361,0,1,2.94392,2.94392,1830,367,0,1235,0,0,0,0,0,1339,1785.99,0.953667,29.338,168732,12,29433,486,465155,48,117732,1944,32,4,644756,1319142,20632192,5276568,25908760,4,4,12,4,4,4,0,20,20,20260807,5,1,1,1,0,0,0,6365,0.265208,1,0.0015,1
1471,13323.1,7,0,2.11375,4.16771,0,0,0,6.28146,361,361,0,1,2.94392,2.94392,1830,367,0,1235,0,0,0,0,0,1339,1785.99,0.953667,29.338,168732,12,29433,486,465155,48,117732,1944,32,4,644756,1319142,20632192,5276568,25908760,4,4,12,4,4,4,0,20,20,20260807,5,1,1,1,0,0,0,6365,0.265208,1,0.0015,0
1472,13333.5,10,0,2.18954,7.87892,0,0,0,10.0685,361,361,0,1,2.94392,2.94392,1830,367,0,1235,0,0,0,0,0,1339,1785.99,0.953667,29.338,168732,12,29433,486,465155,48,117732,1944,32,4,644756,1319142,20632192,5276568,25908760,4,4,12,4,4,4,0,20,20,20260807,5,1,1,1,0,0,0,6365,0.265208,1,0.0015,0
1473,13340.3,7,0,2.14121,4.63004,0,0,0,6.77125,361,361,0,1,2.94392,2.94392,1830,367,0,1235,0,0,0,0,0,1339,1785.99,0.953667,29.338,168732,12,29433,486,465155,48,117732,1944,32,4,644756,1319142,20632192,5276568,25908760,4,4,12,4,4,4,0,20,20,20260807,5,1,1,1,0,0,0,6365,0.265208,1,0.0015,0
1474,13350.8,10,0,2.35592,8.01008,0,0,0,10.366,361,361,0,1,2.94392,2.94392,1830,367,0,1235,0,0,0,0,0,1339,1785.99,0.953667,29.338,168732,12,29433,486,465155,48,117732,1944,32,4,644756,1319142,20632192,5276568,25908760,4,4,12,4,4,4,0,20,20,20260807,5,1,1,1,0,0,0,6365,0.265208,1,0.0015,0
1475,13356.3,6,0,2.21712,3.25183,0,0,0,5.46896,361,361,0,1,2.94392,2.94392,1830,367,0,1235,0,0,0,0,0,1339,1785.99,0.953667,29.338,168732,12,29433,486,465155,48,117732,1944,32,4,644756,1319142,20632192,5276568,25908760,4,4,12,4,4,4,0,20,20,20260807,5,1,1,1,0,0,0,6365,0.265208,1,0.0015,0
1476,13366.7,10,0,2.39138,7.96312,0,0,0,10.3545,361,361,0,1,2.94392,2.94392,1830,367,0,1235,0,0,0,0,0,1339,1785.99,0.953667,29.338,168732,12,29433,486,465155,48,117732,1944,32,4,644756,1319142,20632192,5276568,25908760,4,4,12,4,4,4,0,20,20,20260807,5,1,1,1,0,0,0,6366,0.26525,1,0.0015,1
1477,13372.9,6,0,2.11108,3.98746,0,0,0,6.09854,361,361,0,1,2.94392,2.94392,1830,367,0,1235,0,0,0,0,0,1339,1785.99,0.953667,29.338,168732,12,29433,486,465155,48,117732,1944,32,4,644756,1319142,20632192,5276568,25908760,4,4,12,4,4,4,0,20,20,20260807,5,1,1,1,0,0,0,6366,0.26525,1,0.0015,0
1478,13383.5,11,0,2.21813,8.24646,0,0,0,10.4646,361,361,0,1,2.94392,2.94392,1830,367,0,1235,0,0,0,0,0,1339,1785.99,0.953667,29.338,168732,12,29433,486,465155,48,117732,1944,32,4,644756,1319142,20632192,5276568,25908760,4,4,12,4,4,4,0,20,20,20260807,5,1,1,1,0,0,0,6366,0.26525,1,0.0015,0
1479,13389.8,6,0,2.14833,4.10829,0,0,0,6.25662,361,361,0,1,2.94392,2.94392,1830,367,0,1235,0,0,0,0,0,1339,1785.99,0.953667,29.338,168732,12,29433,486,465155,48,117732,1944,32,4,644756,1319142,20632192,5276568,25908760,4,4,12,4,4,4,0,20,20,20260807,5,1,1,1,0,0,0,6366,0.26525,1,0.0015,0
1480,13401.5,12,0,2.21771,9.435,0,0,0,11.6527,361,361,0,1,2.94392,2.94392,1830,367,0,1235,0,0,0,0,0,1339,1785.99,0.953667,29.338,168732,12,29433,486,465155,48,117732,1944,32,4,644756,1319142,20632192,5276568,25908760,4,4,12,4,4,4,0,20,20,20260807,5,1,1,1,0,0,0,6366,0.26525,1,0.0015,0
1481,13407.4,6,0,2.17896,3.63692,0,0,0,5.81588,361,361,0,1,2.94392,2.94392,1830,367,0,1235,0,0,0,0,0,1339,1785.99,0.953667,29.338,168732,12,29433,486,465155,48,117732,1944,32,4,644756,1319142,20632192,5276568,25908760,4,4,12,4,4,4,0,20,20,20260807,5,1,1,1,0,0,0,6366,0.26525,1,0.0015,0
1482,13418.2,11,0,2.20217,8.47679,0,0,0,10.679,361,361,0,1,2.94392,2.94392,1830,367,0,1235,0,0,0,0,0,1339,1785.99,0.953667,29.338,168732,12,29433,486,465155,48,117732,1944,32,4,644756,1319142,20632192,5276568,25908760,4,4,12,4,4,4,0,20,20,20260807,5,1,1,1,0,0,0,6367,0.265292,1,0.0015,1
1483,13423.4,5,0,2.08967,2.98913,0,0,0,5.07879,361,361,0,1,2.94392,2.94392,1830,367,0,1235,0,0,0,0,0,1339,1785.99,0.953667,29.338,168732,12,29433,486,465155,48,117732,1944,32,4,644756,1319142,20632192,5276568,25908760,4,4,12,4,4,4,0,20,20,20260807,5,1,1,1,0,0,0,6367,0.265292,1,0.0015,0
1484,13434.1,11,0,2.17871,8.46658,0,0,0,10.6453,361,361,0,1,2.94392,2.94392,1830,367,0,1235,0,0,0,0,0,1339,1785.99,0.953667,29.338,168732,12,29433,486,465155,48,117732,1944,32,4,644756,1319142,20632192,5276568,25908760,4,4,12,4,4,4,0,20,20,20260807,5,1,1,1,0,0,0,6367,0.265292,1,0.0015,0
1485,13447.1,13,0,2.032,10.8574,0,0,0,12.8894,361,361,0,1,2.94392,2.94392,1830,367,0,1235,0,0,0,0,0,1339,1785.99,0.953667,29.338,168732,12,29433,486,465155,48,117732,1944,32,4,644756,1319142,20632192,5276568,25908760,4,4,12,4,4,4,0,20,20,20260807,5,1,1,1,0,0,0,6367,0.265292,1,0.0015,0
1486,13466.9,19,0,2.14033,17.5493,0,0,0,19.6897,361,361,0,1,2.94392,2.94392,1830,367,0,1235,0,0,0,0,0,1339,1785.99,0.953667,29.338,168732,12,29433,486,465155,48,117732,1944,32,4,644756,1319142,20632192,5276568,25908760,4,4,12,4,4,4,0,20,20,20260807,5,1,1,1,0,0,0,6367,0.265292,1,0.0015,0
1487,13475.3,9,0,2.05683,6.26046,0,0,0,8.31729,361,361,0,1,2.94392,2.94392,1830,367,0,1235,0,0,0,0,0,1339,1785.99,0.953667,29.338,168732,12,29433,486,465155,48,117732,1944,32,4,644756,1319142,20632192,5276568,25908760,4,4,12,4,4,4,0,20,20,20260807,5,1,1,1,0,0,0,6368,0.265333,1,0.0015,1
1488,13483.4,8,0,2.23212,5.77783,0,0,0,8.00996,361,361,0,1,2.94392,2.94392,1830,367,0,1235,0,0,0,0,0,1339,1785.99,0.953667,29.338,168732,12,29433,486,465155,48,117732,1944,32,4,644756,1319142,20632192,5276568,25908760,4,4,12,4,4,4,0,20,20,20260807,5,1,1,1,0,0,0,6368,0.265333,1,0.0015,0
1489,13490.4,7,0,2.04363,4.86038,0,0,0,6.904,361,361,0,1,2.94392,2.94392,1830,367,0,1235,0,0,0,0,0,1339,1785.99,0.953667,29.338,168732,12,29433,486,465155,48,117732,1944,32,4,644756,1319142,20632192,5276568,25908760,4,4,12,4,4,4,0,20,20,20260807,5,1,1,1,0,0,0,6368,0.265333,1,0.0015,0
1490,13500.1,10,0,2.06975,7.58079,0,0,0,9.65054,361,361,0,1,2.94392,2.94392,1830,367,0,1235,0,0,0,0,0,1339,1785.99,0.953667,29.338,168732,12,29433,486,465155,48,117732,1944,32,4,644756,1319142,20632192,5276568,25908760,4,4,12,4,4,4,0,20,20,20260807,5,1,1,1,0,0,0,6368,0.265333,1,0.0015,0
1491,13505.4,5,0,2.12475,3.10967,0,0,0,5.23442,361,361,0,1,2.94392,2.94392,1830,367,0,1235,0,0,0,0,0,1339,1785.99,0.953667,29.338,168732,12,29433,486,465155,48,117732,1944,32,4,644756,1319142,20632192,5276568,25908760,4,4,12,4,4,4,0,20,20,20260807,5,1,1,1,0,0,0,6368,0.265333,1,0.0015,0
1492,13516.7,11,0,2.28775,8.98875,0,0,0,11.2765,361,361,0,1,2.94392,2.94392,1830,367,0,1235,0,0,0,0,0,1339,1785.99,0.953667,29.338,168732,12,29433,486,465155,48,117732,1944,32,4,644756,1319142,20632192,5276568,25908760,4,4,12,4,4,4,0,20,20,20260807,5,1,1,1,0,0,0,6369,0.265375,1,0.0015,1
1493,13525.3,9,0,2.12312,6.34883,0,0,0,8.47196,361,361,0,1,2.94392,2.94392,1830,367,0,1235,0,0,0,0,0,1339,1785.99,0.953667,29.338,168732,12,29433,486,465155,48,117732,1944,32,4,644756,1319142,20632192,5276568,25908760,4,4,12,4,4,4,0,20,20,20260807,5,1,1,1,0,0,0,6369,0.265375,1,0.0015,0
1494,13533.4,8,0,2.10567,5.91079,0,0,0,8.01646,361,361,0,1,2.94392,2.94392,1830,367,0,1235,0,0,0,0,0,1339,1785.99,0.953667,29.338,168732,12,29433,486,465155,48,117732,1944,32,4,644756,1319142,20632192,5276568,25908760,4,4,12,4,4,4,0,20,20,20260807,5,1,1,1,0,0,0,6369,0.265375,1,0.0015,0
1495,13541,8,0,2.13258,5.42383,0,0,0,7.55642,361,361,0,1,2.94392,2.94392,1830,367,0,1235,0,0,0,0,0,1339,1785.99,0.953667,29.338,168732,12,29433,486,465155,48,117732,1944,32,4,644756,1319142,20632192,5276568,25908760,4,4,12,4,4,4,0,20,20,20260807,5,1,1,1,0,0,0,6369,0.265375,1,0.0015,0
1496,13550.1,9,0,1.97929,7.01912,0,0,0,8.99842,361,361,0,1,2.94392,2.94392,1830,367,0,1235,0,0,0,0,0,1339,1785.99,0.953667,29.338,168732,12,29433,486,465155,48,117732,1944,32,4,644756,1319142,20632192,5276568,25908760,4,4,12,4,4,4,0,20,20,20260807,5,1,1,1,0,0,0,6369,0.265375,1,0.0015,0
1497,13559.3,9,0,2.10038,7.00038,0,0,0,9.10075,361,361,0,1,2.94392,2.94392,1830,367,0,1235,0,0,0,0,0,1339,1785.99,0.953667,29.338,168732,12,29433,486,465155,48,117732,1944,32,4,644756,1319142,20632192,5276568,25908760,4,4,12,4,4,4,0,20,20,20260807,5,1,1,1,0,0,0,6369,0.265375,1,0.0015,0
1498,13566.8,7,0,2.13362,5.25387,0,0,0,7.3875,361,361,0,1,2.94392,2.94392,1830,367,0,1235,0,0,0,0,0,1339,1785.99,0.953667,29.338,168732,12,29433,486,465155,48,117732,1944,32,4,644756,1319142,20632192,5276568,25908760,4,4,12,4,4,4,0,20,20,20260807,5,1,1,1,0,0,0,6370,0.265417,1,0.0015,1
1499,13576.2,10,0,2.02879,7.33279,0,0,0,9.36158,361,361,0,1,2.94392,2.94392,1830,367,0,1235,0,0,0,0,0,1339,1785.99,0.953667,29.338,168732,12,29433,486,465155,48,117732,1944,32,4,644756,1319142,20632192,5276568,25908760,4,4,12,4,4,4,0,20,20,20260807,5,1,1,1,0,0,0,6370,0.265417,1,0.0015,0
1500,13584.4,8,0,2.1365,5.92513,0,0,0,8.06162,361,361,0,1,2.94392,2.94392,1830,367,0,1235,0,0,0,0,0,1339,1785.99,0.953667,29.338,168732,12,29433,486,465155,48,117732,1944,32,4,644756,1319142,20632192,5276568,25908760,4,4,12,4,4,4,0,20,20,20260807,5,1,1,1,0,0,0,6370,0.265417,1,0.0015,0
1501,13590.2,6,0,2.2195,3.49388,0,0,0,5.71338,361,361,0,1,2.94392,2.94392,1830,367,0,1235,0,0,0,0,0,1339,1785.99,0.953667,29.338,168732,12,29433,486,465155,48,117732,1944,32,4,644756,1319142,20632192,5276568,25908760,4,4,12,4,4,4,0,20,20,20260807,5,1,1,1,0,0,0,6370,0.265417,1,0.0015,0
1502,13600.3,10,0,1.99104,7.97808,0,0,0,9.96913,361,361,0,1,2.94392,2.94392,1830,367,0,1235,0,0,0,0,0,1339,1785.99,0.953667,29.338,168732,12,29433,486,465155,48,117732,1944,32,4,644756,1319142,20632192,5276568,25908760,4,4,12,4,4,4,0,20,20,20260807,5,1,1,1,0,0,0,6370,0.265417,1,0.0015,0
1503,13607,7,0,2.20312,4.44187,0,0,0,6.645,361,361,0,1,2.94392,2.94392,1830,367,0,1235,0,0,0,0,0,1339,1785.99,0.953667,29.338,168732,12,29433,486,465155,48,117732,1944,32,4,644756,1319142,20632192,5276568,25908760,4,4,12,4,4,4,0,20,20,20260807,5,1,1,1,0,0,0,6370,0.265417,1,0.0015,0
1504,13616.8,9,0,2.08842,7.69412,0,0,0,9.78254,361,361,0,1,2.94392,2.94392,1830,367,0,1235,0,0,0,0,0,1339,1785.99,0.953667,29.338,168732,12,29433,486,465155,48,117732,1944,32,4,644756,1319142,20632192,5276568,25908760,4,4,12,4,4,4,0,20,20,20260807,5,1,1,1,0,0,0,6371,0.265458,1,0.0015,1
1505,13623.4,7,0,2.08742,4.41871,0,0,0,6.50612,361,361,0,1,2.94392,2.94392,1830,367,0,1235,0,0,0,0,0,1339,1785.99,0.953667,29.338,168732,12,29433,486,465155,48,117732,1944,32,4,644756,1319142,20632192,5276568,25908760,4,4,12,4,4,4,0,20,20,20260807,5,1,1,1,0,0,0,6371,0.265458,1,0.0015,0
1506,13634,11,0,2.29442,8.20571,0,0,0,10.5001,361,361,0,1,2.94392,2.94392,1830,367,0,1235,0,0,0,0,0,1339,1785.99,0.953667,29.338,168732,12,29433,486,465155,48,117732,1944,32,4,644756,1319142,20632192,5276568,25908760,4,4,12,4,4,4,0,20,20,20260807,5,1,1,1,0,0,0,6371,0.265458,1,0.0015,0
1507,13641.9,7,0,2.19854,5.59054,0,0,0,7.78908,361,361,0,1,2.94392,2.94392,1830,367,0,1235,0,0,0,0,0,1339,1785.99,0.953667,29.338,168732,12,29433,486,465155,48,117732,1944,32,4,644756,1319142,20632192,5276568,25908760,4,4,12,4,4,4,0,20,20,20260807,5,1,1,1,0,0,0,6371,0.265458,1,0.0015,0
1508,13653.2,12,0,2.17025,9.13671,0,0,0,11.307,361,361,0,1,2.94392,2.94392,1830,367,0,1235,0,0,0,0,0,1339,1785.99,0.953667,29.338,168732,12,29433,486,465155,48,117732,1944,32,4,644756,1319142,20632192,5276568,25908760,4,4,12,4,4,4,0,20,20,20260807,5,1,1,1,0,0,0,6371,0.265458,1,0.0015,0
1509,13659.5,6,0,2.24063,3.90187,0,0,0,6.1425,361,361,0,1,2.94392,2.94392,1830,367,0,1235,0,0,0,0,0,1339,1785.99,0.953667,29.338,168732,12,29433,486,465155,48,117732,1944,32,4,644756,1319142,20632192,5276568,25908760,4,4,12,4,4,4,0,20,20,20260807,5,1,1,1,0,0,0,6372,0.2655,1,0.0015,1
1510,13666.7,8,0,2.10471,5.09892,0,0,0,7.20362,361,361,0,1,2.94392,2.94392,1830,367,0,1235,0,0,0,0,0,1339,1785.99,0.953667,29.338,168732,12,29433,486,465155,48,117732,1944,32,4,644756,1319142,20632192,5276568,25908760,4,4,12,4,4,4,0,20,20,20260807,5,1,1,1,0,0,0,6372,0.2655,1,0.0015,0
1511,13673.3,7,0,2.18767,4.31658,0,0,0,6.50425,361,361,0,1,2.94392,2.94392,1830,367,0,1235,0,0,0,0,0,1339,1785.99,0.953667,29.338,168732,12,29433,486,465155,48,117732,1944,32,4,644756,1319142,20632192,5276568,25908760,4,4,12,4,4,4,0,20,20,20260807,5,1,1,1,0,0,0,6372,0.2655,1,0.0015,0
1512,13683.5,10,0,2.17867,7.88312,0,0,0,10.0618,361,361,0,1,2.94392,2.94392,1830,367,0,1235,0,0,0,0,0,1339,1785.99,0.953667,29.338,168732,12,29433,486,465155,48,117732,1944,32,4,644756,1319142,20632192,5276568,25908760,4,4,12,4,4,4,0,20,20,20260807,5,1,1,1,0,0,0,6372,0.2655,1,0.0015,0
1513,13689.7,6,0,2.17229,3.98446,0,0,0,6.15675,361,361,0,1,2.94392,2.94392,1830,367,0,1235,0,0,0,0,0,1339,1785.99,0.953667,29.338,168732,12,29433,486,465155,48,117732,1944,32,4,644756,1319142,20632192,5276568,25908760,4,4,12,4,4,4,0,20,20,20260807,5,1,1,1,0,0,0,6372,0.2655,1,0.0015,0
1514,13700.6,11,0,2.24487,8.54771,0,0,0,10.7926,361,361,0,1,2.94392,2.94392,1830,367,0,1235,0,0,0,0,0,1339,1785.99,0.953667,29.338,168732,12,29433,486,465155,48,117732,1944,32,4,644756,1319142,20632192,5276568,25908760,4,4,12,4,4,4,0,20,20,20260807,5,1,1,1,0,0,0,6372,0.2655,1,0.0015,0
1515,13706.2,6,0,2.17708,3.3565,0,0,0,5.53358,361,361,0,1,2.94392,2.94392,1830,367,0,1235,0,0,0,0,0,1339,1785.99,0.953667,29.338,168732,12,29433,486,465155,48,117732,1944,32,4,644756,1319142,20632192,5276568,25908760,4,4,12,4,4,4,0,20,20,20260807,5,1,1,1,0,0,0,6372,0.2655,1,0.0015,0
1516,13716.8,10,0,2.22079,8.23558,0,0,0,10.4564,361,361,0,1,2.94392,2.94392,1830,367,0,1235,0,0,0,0,0,1339,1785.99,0.953667,29.338,168732,12,29433,486,465155,48,117732,1944,32,4,644756,1319142,20632192,5276568,25908760,4,4,12,4,4,4,0,20,20,20260807,5,1,1,1,0,0,0,6373,0.265542,1,0.0015,1
1517,13723.6,7,0,2.03867,4.71521,0,0,0,6.75387,361,361,0,1,2.94392,2.94392,1830,367,0,1235,0,0,0,0,0,1339,1785.99,0.953667,29.338,168732,12,29433,486,465155,48,117732,1944,32,4,644756,1319142,20632192,5276568,25908760,4,4,12,4,4,4,0,20,20,20260807,5,1,1,1,0,0,0,6373,0.265542,1,0.0015,0
1518,13733.9,10,0,2.18379,8.06413,0,0,0,10.2479,361,361,0,1,2.94392,2.94392,1830,367,0,1235,0,0,0,0,0,1339,1785.99,0.953667,29.338,168732,12,29433,486,465155,48,117732,1944,32,4,644756,1319142,20632192,5276568,25908760,4,4,12,4,4,4,0,20,20,20260807,5,1,1,1,0,0,0,6373,0.265542,1,0.0015,0
1519,13741.3,8,0,2.20121,5.15421,0,0,0,7.35542,361,361,0,1,2.94392,2.94392,1830,367,0,1235,0,0,0,0,0,1339,1785.99,0.953667,29.338,168732,12,29433,486,465155,48,117732,1944,32,4,644756,1319142,20632192,5276568,25908760,4,4,12,4,4,4,0,20,20,20260807,5,1,1,1,0,0,0,6373,0.265542,1,0.0015,0
1520,13751.2,10,0,2.49429,7.23246,0,0,0,9.72675,361,361,0,1,2.94392,2.94392,1830,367,0,1235,0,0,0,0,0,1339,1785.99,0.953667,29.338,168732,12,29433,486,465155,48,117732,1944,32,4,644756,1319142,20632192,5276568,25908760,4,4,12,4,4,4,0,20,20,20260807,5,1,1,1,0,0,0,6373,0.265542,1,0.0015,0
1521,13759.9,8,0,2.60371,6.09117,0,0,0,8.69487,361,361,0,1,2.94392,2.94392,1830,367,0,1235,0,0,0,0,0,1339,1785.99,0.953667,29.338,168732,12,29433,486,465155,48,117732,1944,32,4,644756,1319142,20632192,5276568,25908760,4,4,12,4,4,4,0,20,20,20260807,5,1,1,1,0,0,0,6374,0.265583,1,0.0015,1
1522,13767.5,8,0,2.2715,5.24029,0,0,0,7.51179,361,361,0,1,2.94392,2.94392,1830,367,0,1235,0,0,0,0,0,1339,1785.99,0.953667,29.338,168732,12,29433,486,465155,48,117732,1944,32,4,644756,1319142,20632192,5276568,25908760,4,4,12,4,4,4,0,20,20,20260807,5,1,1,1,0,0,0,6374,0.265583,1,0.0015,0
1523,13773.8,6,0,3.04075,3.114,0,0,0,6.15475,361,361,0,1,2.94392,2.94392,1830,367,0,1235,0,0,0,0,0,1339,1785.99,0.953667,29.338,168732,12,29433,486,465155,48,117732,1944,32,4,644756,1319142,20632192,5276568,25908760,4,4,12,4,4,4,0,20,20,20260807,5,1,1,1,0,0,0,6374,0.265583,1,0.0015,0
1524,13783.8,10,0,2.52738,7.44471,0,0,0,9.97208,361,361,0,1,2.94392,2.94392,1830,367,0,1235,0,0,0,0,0,1339,1785.99,0.953667,29.338,168732,12,29433,486,465155,48,117732,1944,32,4,644756,1319142,20632192,5276568,25908760,4,4,12,4,4,4,0,20,20,20260807,5,1,1,1,0,0,0,6374,0.265583,1,0.0015,0
1525,13790.7,7,0,2.43858,4.36625,0,0,0,6.80483,361,361,0,1,2.94392,2.94392,1830,367,0,1235,0,0,0,0,0,1339,1785.99,0.953667,29.338,168732,12,29433,486,465155,48,117732,1944,32,4,644756,1319142,20632192,5276568,25908760,4,4,12,4,4,4,0,20,20,20260807,5,1,1,1,0,0,0,6374,0.265583,1,0.0015,0
1526,13810.9,20,0,2.29325,17.8038,0,0,0,20.097,361,361,0,1,2.94392,2.94392,1830,367,0,1235,0,0,0,0,0,1339,1785.99,0.953667,29.338,168732,12,29433,486,465155,48,117732,1944,32,4,644756,1319142,20632192,5276568,25908760,4,4,12,4,4,4,0,20,20,20260807,5,1,1,1,0,0,0,6374,0.265583,1,0.0015,0
1527,13816.8,6,0,2.33483,3.53587,0,0,0,5.87071,361,361,0,1,2.94392,2.94392,1830,367,0,1235,0,0,0,0,0,1339,1785.99,0.953667,29.338,168732,12,29433,486,465155,48,117732,1944,32,4,644756,1319142,20632192,5276568,25908760,4,4,12,4,4,4,0,20,20,20260807,5,1,1,1,0,0,0,6375,0.265625,1,0.0015,1
1528,13826.1,10,0,2.68363,6.53287,0,0,0,9.2165,361,361,0,1,2.94392,2.94392,1830,367,0,1235,0,0,0,0,0,1339,1785.99,0.953667,29.338,168732,12,29433,486,465155,48,117732,1944,32,4,644756,1319142,20632192,5276568,25908760,4,4,12,4,4,4,0,20,20,20260807,5,1,1,1,0,0,0,6375,0.265625,1,0.0015,0
1529,13834.2,8,0,2.10396,5.88167,0,0,0,7.98562,361,361,0,1,2.94392,2.94392,1830,367,0,1235,0,0,0,0,0,1339,1785.99,0.953667,29.338,168732,12,29433,486,465155,48,117732,1944,32,4,644756,1319142,20632192,5276568,25908760,4,4,12,4,4,4,0,20,20,20260807,5,1,1,1,0,0,0,6375,0.265625,1,0.0015,0
1530,13839.8,5,0,2.16304,3.35496,0,0,0,5.518,361,361,0,1,2.94392,2.94392,1830,367,0,1235,0,0,0,0,0,1339,1785.99,0.953667,29.338,168732,12,29433,486,465155,48,117732,1944,32,4,644756,1319142,20632192,5276568,25908760,4,4,12,4,4,4,0,20,20,20260807,5,1,1,1,0,0,0,6375,0.265625,1,0.0015,0
1531,13850.3,11,0,2.40875,7.95221,0,0,0,10.361,361,361,0,1,2.94392,2.94392,1830,367,0,1235,0,0,0,0,0,1339,1785.99,0.953667,29.338,168732,12,29433,486,465155,48,117732,1944,32,4,644756,1319142,20632192,5276568,25908760,4,4,12,4,4,4,0,20,20,20260807,5,1,1,1,0,0,0,6375,0.265625,1,0.0015,0
1532,13857.7,7,0,2.24642,5.14421,0,0,0,7.39062,361,361,0,1,2.94392,2.94392,1830,367,0,1235,0,0,0,0,0,1339,1785.99,0.953667,29.338,168732,12,29433,486,465155,48,117732,1944,32,4,644756,1319142,20632192,5276568,25908760,4,4,12,4,4,4,0,20,20,20260807,5,1,1,1,0,0,0,6375,0.265625,1,0.0015,0
1533,13866.9,9,0,2.23738,6.78592,0,0,0,9.02329,361,361,0,1,2.94392,2.94392,1830,367,0,1235,0,0,0,0,0,1339,1785.99,0.953667,29.338,168732,12,29433,486,465155,48,117732,1944,32,4,644756,1319142,20632192,5276568,25908760,4,4,12,4,4,4,0,20,20,20260807,5,1,1,1,0,0,0,6376,0.265667,1,0.0015,1
1534,13876.2,10,0,2.24554,7.05471,0,0,0,9.30025,361,361,0,1,2.94392,2.94392,1830,367,0,1235,0,0,0,0,0,1339,1785.99,0.953667,29.338,168732,12,29433,486,465155,48,117732,1944,32,4,644756,1319142,20632192,5276568,25908760,4,4,12,4,4,4,0,20,20,20260807,5,1,1,1,0,0,0,6376,0.265667,1,0.0015,0
1535,13883.4,7,0,2.36858,4.7285,0,0,0,7.09708,361,361,0,1,2.94392,2.94392,1830,367,0,1235,0,0,0,0,0,1339,1785.99,0.953667,29.338,168732,12,29433,486,465155,48,117732,1944,32,4,644756,1319142,20632192,5276568,25908760,4,4,12,4,4,4,0,20,20,20260807,5,1,1,1,0,0,0,6376,0.265667,1,0.0015,0
1536,13890.1,7,0,2.26012,4.37554,0,0,0,6.63567,361,361,0,1,2.94392,2.94392,1830,367,0,1235,0,0,0,0,0,1339,1785.99,0.953667,29.338,168732,12,29433,486,465155,48,117732,1944,32,4,644756,1319142,20632192,5276568,25908760,4,4,12,4,4,4,0,20,20,20260807,5,1,1,1,0,0,0,6376,0.265667,1,0.0015,0
1537,13900.3,10,0,2.20033,7.92079,0,0,0,10.1211,361,361,0,1,2.94392,2.94392,1830,367,0,1235,0,0,0,0,0,1339,1785.99,0.953667,29.338,168732,12,29433,486,465155,48,117732,1944,32,4,644756,1319142,20632192,5276568,25908760,4,4,12,4,4,4,0,20,20,20260807,5,1,1,1,0,0,0,6376,0.265667,1,0.0015,0
1538,13906.2,6,0,2.22892,3.54637,0,0,0,5.77529,361,361,0,1,2.94392,2.94392,1830,367,0,1235,0,0,0,0,0,1339,1785.99,0.953667,29.338,168732,12,29433,486,465155,48,117732,1944,32,4,644756,1319142,20632192,5276568,25908760,4,4,12,4,4,4,0,20,20,20260807,5,1,1,1,0,0,0,6376,0.265667,1,0.0015,0
1539,13916.8,10,0,2.44908,8.08429,0,0,0,10.5334,361,361,0,1,2.94392,2.94392,1830,367,0,1235,0,0,0,0,0,1339,1785.99,0.953667,29.338,168732,12,29433,486,465155,48,117732,1944,32,4,644756,1319142,20632192,5276568,25908760,4,4,12,4,4,4,0,20,20,20260807,5,1,1,1,0,0,0,6377,0.265708,1,0.0015,1
1540,13923.5,7,0,2.18675,4.45942,0,0,0,6.64617,361,361,0,1,2.94392,2.94392,1830,367,0,1235,0,0,0,0,0,1339,1785.99,0.953667,29.338,168732,12,29433,486,465155,48,117732,1944,32,4,644756,1319142,20632192,5276568,25908760,4,4,12,4,4,4,0,20,20,20260807,5,1,1,1,0,0,0,6377,0.265708,1,0.0015,0
1541,13933.4,10,0,2.12913,7.68508,0,0,0,9.81421,361,361,0,1,2.94392,2.94392,1830,367,0,1235,0,0,0,0,0,1339,1785.99,0.953667,29.338,168732,12,29433,486,465155,48,117732,1944,32,4,644756,1319142,20632192,5276568,25908760,4,4,12,4,4,4,0,20,20,20260807,5,1,1,1,0,0,0,6377,0.265708,1,0.0015,0
1542,13940.4,7,0,2.07096,4.85583,0,0,0,6.92679,361,361,0,1,2.94392,2.94392,1830,367,0,1235,0,0,0,0,0,1339,1785.99,0.953667,29.338,168732,12,29433,486,465155,48,117732,1944,32,4,644756,1319142,20632192,5276568,25908760,4,4,12,4,4,4,0,20,20,20260807,5,1,1,1,0,0,0,6377,0.265708,1,0.0015,0
1543,13951,11,0,2.11817,8.35412,0,0,0,10.4723,361,361,0,1,2.94392,2.94392,1830,367,0,1235,0,0,0,0,0,1339,1785.99,0.953667,29.338,168732,12,29433,486,465155,48,117732,1944,32,4,644756,1319142,20632192,5276568,25908760,4,4,12,4,4,4,0,20,20,20260807,5,1,1,1,0,0,0,6377,0.265708,1,0.0015,0
1544,13957.4,6,0,2.41408,3.89213,0,0,0,6.30621,361,361,0,1,2.94392,2.94392,1830,367,0,1235,0,0,0,0,0,1339,1785.99,0.953667,29.338,168732,12,29433,486,465155,48,117732,1944,32,4,644756,1319142,20632192,5276568,25908760,4,4,12,4,4,4,0,20,20,20260807,5,1,1,1,0,0,0,6378,0.26575,1,0.0015,1
1545,13966.8,9,0,2.17354,7.19633,0,0,0,9.36988,361,361,0,1,2.94392,2.94392,1830,367,0,1235,0,0,0,0,0,1339,1785.99,0.953667,29.338,168732,12,29433,486,465155,48,117732,1944,32,4,644756,1319142,20632192,5276568,25908760,4,4,12,4,4,4,0,20,20,20260807,5,1,1,1,0,0,0,6378,0.26575,1,0.0015,0
1546,13974.8,8,0,2.21783,5.69571,0,0,0,7.91354,361,361,0,1,2.94392,2.94392,1830,367,0,1235,0,0,0,0,0,1339,1785.99,0.953667,29.338,168732,12,29433,486,465155,48,117732,1944,32,4,644756,1319142,20632192,5276568,25908760,4,4,12,4,4,4,0,20,20,20260807,5,1,1,1,0,0,0,6378,0.26575,1,0.0015,0
1547,13994,20,0,2.31696,16.772,0,0,0,19.089,361,361,0,1,2.94392,2.94392,1830,367,0,1235,0,0,0,0,0,1339,1785.99,0.953667,29.338,168732,12,29433,486,465155,48,117732,1944,32,4,644756,1319142,20632192,5276568,25908760,4,4,12,4,4,4,0,20,20,20260807,5,1,1,1,0,0,0,6378,0.26575,1,0.0015,0
1548,14000.3,6,0,2.13079,4.06104,0,0,0,6.19183,361,361,0,1,2.94392,2.94392,1830,367,0,1235,0,0,0,0,0,1339,1785.99,0.953667,29.338,168732,12,29433,486,465155,48,117732,1944,32,4,644756,1319142,20632192,5276568,25908760,4,4,12,4,4,4,0,20,20,20260807,5,1,1,1,0,0,0,6378,0.26575,1,0.0015,0
1549,14008.8,8,0,2.18033,6.28921,0,0,0,8.46954,361,361,0,1,2.94392,2.94392,1830,367,0,1235,0,0,0,0,0,1339,1785.99,0.953667,29.338,168732,12,29433,486,465155,48,117732,1944,32,4,644756,1319142,20632192,5276568,25908760,4,4,12,4,4,4,0,20,20,20260807,5,1,1,1,0,0,0,6378,0.26575,1,0.0015,0
1550,14017.9,9,0,2.30717,6.55892,0,0,0,8.86608,361,361,0,1,2.94392,2.94392,1830,367,0,1235,0,0,0,0,0,1339,1785.99,0.953667,29.338,168732,12,29433,486,465155,48,117732,1944,32,4,644756,1319142,20632192,5276568,25908760,4,4,12,4,4,4,0,20,20,20260807,5,1,1,1,0,0,0,6379,0.265792,1,0.0015,1
1551,14023.4,6,0,2.27171,3.13317,0,0,0,5.40487,361,361,0,1,2.94392,2.94392,1830,367,0,1235,0,0,0,0,0,1339,1785.99,0.953667,29.338,168732,12,29433,486,465155,48,117732,1944,32,4,644756,1319142,20632192,5276568,25908760,4,4,12,4,4,4,0,20,20,20260807,5,1,1,1,0,0,0,6379,0.265792,1,0.0015,0
1552,14033.4,10,0,2.17196,7.80279,0,0,0,9.97475,361,361,0,1,2.94392,2.94392,1830,367,0,1235,0,0,0,0,0,1339,1785.99,0.953667,29.338,168732,12,29433,486,465155,48,117732,1944,32,4,644756,1319142,20632192,5276568,25908760,4,4,12,4,4,4,0,20,20,20260807,5,1,1,1,0,0,0,6379,0.265792,1,0.0015,0
1553,14040.3,7,0,2.12933,4.69633,0,0,0,6.82567,361,361,0,1,2.94392,2.94392,1830,367,0,1235,0,0,0,0,0,1339,1785.99,0.953667,29.338,168732,12,29433,486,465155,48,117732,1944,32,4,644756,1319142,20632192,5276568,25908760,4,4,12,4,4,4,0,20,20,20260807,5,1,1,1,0,0,0,6379,0.265792,1,0.0015,0
1554,14050.3,10,0,2.53858,7.34842,0,0,0,9.887,361,361,0,1,2.94392,2.94392,1830,367,0,1235,0,0,0,0,0,1339,1785.99,0.953667,29.338,168732,12,29433,486,465155,48,117732,1944,32,4,644756,1319142,20632192,5276568,25908760,4,4,12,4,4,4,0,20,20,20260807,5,1,1,1,0,0,0,6379,0.265792,1,0.0015,0
1555,14056.4,6,0,2.21204,3.85233,0,0,0,6.06438,361,361,0,1,2.94392,2.94392,1830,367,0,1235,0,0,0,0,0,1339,1785.99,0.953667,29.338,168732,12,29433,486,465155,48,117732,1944,32,4,644756,1319142,20632192,5276568,25908760,4,4,12,4,4,4,0,20,20,20260807,5,1,1,1,0,0,0,6379,0.265792,1,0.0015,0
1556,14066.8,10,0,2.33767,7.98,0,0,0,10.3177,361,361,0,1,2.94392,2.94392,1830,367,0,1235,0,0,0,0,0,1339,1785.99,0.953667,29.338,168732,12,29433,486,465155,48,117732,1944,32,4,644756,1319142,20632192,5276568,25908760,4,4,12,4,4,4,0,20,20,20260807,5,1,1,1,0,0,0,6380,0.265833,1,0.0015,1
1557,14073.1,7,0,2.28504,3.91737,0,0,0,6.20242,361,361,0,1,2.94392,2.94392,1830,367,0,1235,0,0,0,0,0,1339,1785.99,0.953667,29.338,168732,12,29433,486,465155,48,117732,1944,32,4,644756,1319142,20632192,5276568,25908760,4,4,12,4,4,4,0,20,20,20260807,5,1,1,1,0,0,0,6380,0.265833,1,0.0015,0
1558,14083.7,10,0,2.75508,7.64971,0,0,0,10.4048,361,361,0,1,2.94392,2.94392,1830,367,0,1235,0,0,0,0,0,1339,1785.99,0.953667,29.338,168732,12,29433,486,465155,48,117732,1944,32,4,644756,1319142,20632192,5276568,25908760,4,4,12,4,4,4,0,20,20,20260807,5,1,1,1,0,0,0,6380,0.265833,1,0.0015,0
1559,14090,7,0,2.43479,3.85233,0,0,0,6.28712,361,361,0,1,2.94392,2.94392,1830,367,0,1235,0,0,0,0,0,1339,1785.99,0.953667,29.338,168732,12,29433,486,465155,48,117732,1944,32,4,644756,1319142,20632192,5276568,25908760,4,4,12,4,4,4,0,20,20,20260807,5,1,1,1,0,0,0,6380,0.265833,1,0.0015,0
1560,14101.4,11,0,2.21154,9.09842,0,0,0,11.31,361,361,0,1,2.94392,2.94392,1830,367,0,1235,0,0,0,0,0,1339,1785.99,0.953667,29.338,168732,12,29433,486,465155,48,117732,1944,32,4,644756,1319142,20632192,5276568,25908760,4,4,12,4,4,4,0,20,20,20260807,5,1,1,1,0,0,0,6380,0.265833,1,0.0015,0
1561,14117.2,16,0,2.35025,13.3685,0,0,0,15.7188,361,361,0,1,2.94392,2.94392,1830,367,0,1235,0,0,0,0,0,1339,1785.99,0.953667,29.338,168732,12,29433,486,465155,48,117732,1944,32,4,644756,1319142,20632192,5276568,25908760,4,4,12,4,4,4,0,20,20,20260807,5,1,1,1,0,0,0,6381,0.265875,1,0.0015,1
1562,14123.5,6,0,2.28021,3.97729,0,0,0,6.2575,361,361,0,1,2.94392,2.94392,1830,367,0,1235,0,0,0,0,0,1339,1785.99,0.953667,29.338,168732,12,29433,486,465155,48,117732,1944,32,4,644756,1319142,20632192,5276568,25908760,4,4,12,4,4,4,0,20,20,20260807,5,1,1,1,0,0,0,6381,0.265875,1,0.0015,0
1563,14133.5,10,0,2.15388,7.77017,0,0,0,9.92404,361,361,0,1,2.94392,2.94392,1830,367,0,1235,0,0,0,0,0,1339,1785.99,0.953667,29.338,168732,12,29433,486,465155,48,117732,1944,32,4,644756,1319142,20632192,5276568,25908760,4,4,12,4,4,4,0,20,20,20260807,5,1,1,1,0,0,0,6381,0.265875,1,0.0015,0
1564,14141.4,8,0,2.13238,5.681,0,0,0,7.81337,361,361,0,1,2.94392,2.94392,1830,367,0,1235,0,0,0,0,0,1339,1785.99,0.953667,29.338,168732,12,29433,486,465155,48,117732,1944,32,4,644756,1319142,20632192,5276568,25908760,4,4,12,4,4,4,0,20,20,20260807,5,1,1,1,0,0,0,6381,0.265875,1,0.0015,0
1565,14151.1,10,0,2.3425,7.21075,0,0,0,9.55325,361,361,0,1,2.94392,2.94392,1830,367,0,1235,0,0,0,0,0,1339,1785.99,0.953667,29.338,168732,12,29433,486,465155,48,117732,1944,32,4,644756,1319142,20632192,5276568,25908760,4,4,12,4,4,4,0,20,20,20260807,5,1,1,1,0,0,0,6381,0.265875,1,0.0015,0
1566,14160.3,9,0,5.43633,3.76721,0,0,0,9.20354,361,361,0,1,2.94392,2.94392,1830,367,0,1235,0,0,0,0,0,1339,1785.99,0.953667,29.338,168732,12,29433,486,465155,48,117732,1944,32,4,644756,1319142,20632192,5276568,25908760,4,4,12,4,4,4,0,20,20,20260807,5,1,1,1,0,0,0,6382,0.265917,1,0.0015,1
1567,14167.2,7,0,2.17175,4.59087,0,0,0,6.76262,361,361,0,1,2.94392,2.94392,1830,367,0,1235,0,0,0,0,0,1339,1785.99,0.953667,29.338,168732,12,29433,486,465155,48,117732,1944,32,4,644756,1319142,20632192,5276568,25908760,4,4,12,4,4,4,0,20,20,20260807,5,1,1,1,0,0,0,6382,0.265917,1,0.0015,0
1568,14175.6,8,0,4.99679,3.29775,0,0,0,8.29454,361,361,0,1,2.94392,2.94392,1830,367,0,1235,0,0,0,0,0,1339,1785.99,0.953667,29.338,168732,12,29433,486,465155,48,117732,1944,32,4,644756,1319142,20632192,5276568,25908760,4,4,12,4,4,4,0,20,20,20260807,5,1,1,1,0,0,0,6382,0.265917,1,0.0015,0
1569,14183.5,8,0,2.28596,5.54683,0,0,0,7.83279,361,361,0,1,2.94392,2.94392,1830,367,0,1235,0,0,0,0,0,1339,1785.99,0.953667,29.338,168732,12,29433,486,465155,48,117732,1944,32,4,644756,1319142,20632192,5276568,25908760,4,4,12,4,4,4,0,20,20,20260807,5,1,1,1,0,0,0,6382,0.265917,1,0.0015,0
1570,14190,7,0,2.19192,4.29375,0,0,0,6.48567,361,361,0,1,2.94392,2.94392,1830,367,0,1235,0,0,0,0,0,1339,1785.99,0.953667,29.338,168732,12,29433,486,465155,48,117732,1944,32,4,644756,1319142,20632192,5276568,25908760,4,4,12,4,4,4,0,20,20,20260807,5,1,1,1,0,0,0,6382,0.265917,1,0.0015,0
1571,14200.3,10,0,2.16071,8.04138,0,0,0,10.2021,361,361,0,1,2.94392,2.94392,1830,367,0,1235,0,0,0,0,0,1339,1785.99,0.953667,29.338,168732,12,29433,486,465155,48,117732,1944,32,4,644756,1319142,20632192,5276568,25908760,4,4,12,4,4,4,0,20,20,20260807,5,1,1,1,0,0,0,6382,0.265917,1,0.0015,0
1572,14208,8,0,2.11804,5.42121,0,0,0,7.53925,361,361,0,1,2.94392,2.94392,1830,367,0,1235,0,0,0,0,0,1339,1785.99,0.953667,29.338,168732,12,29433,486,465155,48,117732,1944,32,4,644756,1319142,20632192,5276568,25908760,4,4,12,4,4,4,0,20,20,20260807,5,1,1,1,0,0,0,6382,0.265917,1,0.0015,0
1573,14216.9,8,0,2.22783,6.59187,0,0,0,8.81971,361,361,0,1,2.94392,2.94392,1830,367,0,1235,0,0,0,0,0,1339,1785.99,0.953667,29.338,168732,12,29433,486,465155,48,117732,1944,32,4,644756,1319142,20632192,5276568,25908760,4,4,12,4,4,4,0,20,20,20260807,5,1,1,1,0,0,0,6383,0.265958,1,0.0015,1
1574,14223,6,0,2.26454,3.77992,0,0,0,6.04446,361,361,0,1,2.94392,2.94392,1830,367,0,1235,0,0,0,0,0,1339,1785.99,0.953667,29.338,168732,12,29433,486,465155,48,117732,1944,32,4,644756,1319142,20632192,5276568,25908760,4,4,12,4,4,4,0,20,20,20260807,5,1,1,1,0,0,0,6383,0.265958,1,0.0015,0
1575,14233.7,10,0,2.2385,8.35571,0,0,0,10.5942,361,361,0,1,2.94392,2.94392,1830,367,0,1235,0,0,0,0,0,1339,1785.99,0.953667,29.338,168732,12,29433,486,465155,48,117732,1944,32,4,644756,1319142,20632192,5276568,25908760,4,4,12,4,4,4,0,20,20,20260807,5,1,1,1,0,0,0,6383,0.265958,1,0.0015,0
1576,14240.2,7,0,2.28792,4.17,0,0,0,6.45792,361,361,0,1,2.94392,2.94392,1830,367,0,1235,0,0,0,0,0,1339,1785.99,0.953667,29.338,168732,12,29433,486,465155,48,117732,1944,32,4,644756,1319142,20632192,5276568,25908760,4,4,12,4,4,4,0,20,20,20260807,5,1,1,1,0,0,0,6383,0.265958,1,0.0015,0
1577,14250.3,10,0,2.2665,7.78433,0,0,0,10.0508,361,361,0,1,2.94392,2.94392,1830,367,0,1235,0,0,0,0,0,1339,1785.99,0.953667,29.338,168732,12,29433,486,465155,48,117732,1944,32,4,644756,1319142,20632192,5276568,25908760,4,4,12,4,4,4,0,20,20,20260807,5,1,1,1,0,0,0,6383,0.265958,1,0.0015,0
1578,14257,7,0,2.32567,4.22467,0,0,0,6.55033,361,361,0,1,2.94392,2.94392,1830,367,0,1235,0,0,0,0,0,1339,1785.99,0.953667,29.338,168732,12,29433,486,465155,48,117732,1944,32,4,644756,1319142,20632192,5276568,25908760,4,4,12,4,4,4,0,20,20,20260807,5,1,1,1,0,0,0,6383,0.265958,1,0.0015,0
1579,14266.9,9,0,2.31204,7.54938,0,0,0,9.86142,361,361,0,1,2.94392,2.94392,1830,367,0,1235,0,0,0,0,0,1339,1785.99,0.953667,29.338,168732,12,29433,486,465155,48,117732,1944,32,4,644756,1319142,20632192,5276568,25908760,4,4,12,4,4,4,0,20,20,20260807,5,1,1,1,0,0,0,6384,0.266,1,0.0015,1
1580,14273.3,7,0,2.22908,4.10775,0,0,0,6.33683,361,361,0,1,2.94392,2.94392,1830,367,0,1235,0,0,0,0,0,1339,1785.99,0.953667,29.338,168732,12,29433,486,465155,48,117732,1944,32,4,644756,1319142,20632192,5276568,25908760,4,4,12,4,4,4,0,20,20,20260807,5,1,1,1,0,0,0,6384,0.266,1,0.0015,0
1581,14283.7,10,0,2.22363,8.12617,0,0,0,10.3498,361,361,0,1,2.94392,2.94392,1830,367,0,1235,0,0,0,0,0,1339,1785.99,0.953667,29.338,168732,12,29433,486,465155,48,117732,1944,32,4,644756,1319142,20632192,5276568,25908760,4,4,12,4,4,4,0,20,20,20260807,5,1,1,1,0,0,0,6384,0.266,1,0.0015,0
1582,14290,7,0,2.27679,3.93258,0,0,0,6.20937,361,361,0,1,2.94392,2.94392,1830,367,0,1235,0,0,0,0,0,1339,1785.99,0.953667,29.338,168732,12,29433,486,465155,48,117732,1944,32,4,644756,1319142,20632192,5276568,25908760,4,4,12,4,4,4,0,20,20,20260807,5,1,1,1,0,0,0,6384,0.266,1,0.0015,0
1583,14300.4,10,0,2.23575,8.00938,0,0,0,10.2451,361,361,0,1,2.94392,2.94392,1830,367,0,1235,0,0,0,0,0,1339,1785.99,0.953667,29.338,168732,12,29433,486,465155,48,117732,1944,32,4,644756,1319142,20632192,5276568,25908760,4,4,12,4,4,4,0,20,20,20260807,5,1,1,1,0,0,0,6384,0.266,1,0.0015,0
1584,14306.2,6,0,2.20838,3.51633,0,0,0,5.72471,361,361,0,1,2.94392,2.94392,1830,367,0,1235,0,0,0,0,0,1339,1785.99,0.953667,29.338,168732,12,29433,486,465155,48,117732,1944,32,4,644756,1319142,20632192,5276568,25908760,4,4,12,4,4,4,0,20,20,20260807,5,1,1,1,0,0,0,6384,0.266,1,0.0015,0
1585,14316.9,10,0,2.41392,8.1925,0,0,0,10.6064,361,361,0,1,2.94392,2.94392,1830,367,0,1235,0,0,0,0,0,1339,1785.99,0.953667,29.338,168732,12,29433,486,465155,48,117732,1944,32,4,644756,1319142,20632192,5276568,25908760,4,4,12,4,4,4,0,20,20,20260807,5,1,1,1,0,0,0,6385,0.266042,1,0.0015,1
1586,14323.6,7,0,2.14579,4.56425,0,0,0,6.71004,361,361,0,1,2.94392,2.94392,1830,367,0,1235,0,0,0,0,0,1339,1785.99,0.953667,29.338,168732,12,29433,486,465155,48,117732,1944,32,4,644756,1319142,20632192,5276568,25908760,4,4,12,4,4,4,0,20,20,20260807,5,1,1,1,0,0,0,6385,0.266042,1,0.0015,0
1587,14333.6,10,0,2.29029,7.55004,0,0,0,9.84033,361,361,0,1,2.94392,2.94392,1830,367,0,1235,0,0,0,0,0,1339,1785.99,0.953667,29.338,168732,12,29433,486,465155,48,117732,1944,32,4,644756,1319142,20632192,5276568,25908760,4,4,12,4,4,4,0,20,20,20260807,5,1,1,1,0,0,0,6385,0.266042,1,0.0015,0
1588,14339.6,6,0,2.07608,3.86167,0,0,0,5.93775,361,361,0,1,2.94392,2.94392,1830,367,0,1235,0,0,0,0,0,1339,1785.99,0.953667,29.338,168732,12,29433,486,465155,48,117732,1944,32,4,644756,1319142,20632192,5276568,25908760,4,4,12,4,4,4,0,20,20,20260807,5,1,1,1,0,0,0,6385,0.266042,1,0.0015,0
1589,14356.3,17,0,2.35375,14.2066,0,0,0,16.5604,361,361,0,1,2.94392,2.94392,1830,367,0,1235,0,0,0,0,0,1339,1785.99,0.953667,29.338,168732,12,29433,486,465155,48,117732,1944,32,4,644756,1319142,20632192,5276568,25908760,4,4,12,4,4,4,0,20,20,20260807,5,1,1,1,0,0,0,6385,0.266042,1,0.0015,0
1590,14366.8,10,0,2.20875,8.25313,0,0,0,10.4619,361,361,0,1,2.94392,2.94392,1830,367,0,1235,0,0,0,0,0,1339,1785.99,0.953667,29.338,168732,12,29433,486,465155,48,117732,1944,32,4,644756,1319142,20632192,5276568,25908760,4,4,12,4,4,4,0,20,20,20260807,5,1,1,1,0,0,0,6386,0.266083,1,0.0015,1
1591,14372.8,6,0,2.17467,3.78083,0,0,0,5.9555,361,361,0,1,2.94392,2.94392,1830,367,0,1235,0,0,0,0,0,1339,1785.99,0.953667,29.338,168732,12,29433,486,465155,48,117732,1944,32,4,644756,1319142,20632192,5276568,25908760,4,4,12,4,4,4,0,20,20,20260807,5,1,1,1,0,0,0,6386,0.266083,1,0.0015,0
1592,14383.5,11,0,2.12629,8.42292,0,0,0,10.5492,361,361,0,1,2.94392,2.94392,1830,367,0,1235,0,0,0,0,0,1339,1785.99,0.953667,29.338,168732,12,29433,486,465155,48,117732,1944,32,4,644756,1319142,20632192,5276568,25908760,4,4,12,4,4,4,0,20,20,20260807,5,1,1,1,0,0,0,6386,0.266083,1,0.0015,0
1593,14389.5,6,0,2.05788,3.90979,0,0,0,5.96767,361,361,0,1,2.94392,2.94392,1830,367,0,1235,0,0,0,0,0,1339,1785.99,0.953667,29.338,168732,12,29433,486,465155,48,117732,1944,32,4,644756,1319142,20632192,5276568,25908760,4,4,12,4,4,4,0,20,20,20260807,5,1,1,1,0,0,0,6386,0.266083,1,0.0015,0
1594,14400,11,0,2.20617,8.24679,0,0,0,10.453,361,361,0,1,2.94392,2.94392,1830,367,0,1235,0,0,0,0,0,1339,1785.99,0.953667,29.338,168732,12,29433,486,465155,48,117732,1944,32,4,644756,1319142,20632192,5276568,25908760,4,4,12,4,4,4,0,20,20,20260807,5,1,1,1,0,0,0,6386,0.266083,1,0.0015,0
1595,14405.7,5,0,2.17558,3.39979,0,0,0,5.57538,361,361,0,1,2.94392,2.94392,1830,367,0,1235,0,0,0,0,0,1339,1785.99,0.953667,29.338,168732,12,29433,486,465155,48,117732,1944,32,4,644756,1319142,20632192,5276568,25908760,4,4,12,4,4,4,0,20,20,20260807,5,1,1,1,0,0,0,6386,0.266083,1,0.0015,0
1596,14417.1,12,0,2.27867,9.06604,0,0,0,11.3447,361,361,0,1,2.94392,2.94392,1830,367,0,1235,0,0,0,0,0,1339,1785.99,0.953667,29.338,168732,12,29433,486,465155,48,117732,1944,32,4,644756,1319142,20632192,5276568,25908760,4,4,12,4,4,4,0,20,20,20260807,5,1,1,1,0,0,0,6387,0.266125,1,0.0015,1
1597,14423.2,6,0,1.9965,3.97617,0,0,0,5.97267,361,361,0,1,2.94392,2.94392,1830,367,0,1235,0,0,0,0,0,1339,1785.99,0.953667,29.338,168732,12,29433,486,465155,48,117732,1944,32,4,644756,1319142,20632192,5276568,25908760,4,4,12,4,4,4,0,20,20,20260807,5,1,1,1,0,0,0,6387,0.266125,1,0.0015,0
1598,14433.4,10,0,2.21062,7.97408,0,0,0,10.1847,361,361,0,1,2.94392,2.94392,1830,367,0,1235,0,0,0,0,0,1339,1785.99,0.953667,29.338,168732,12,29433,486,465155,48,117732,1944,32,4,644756,1319142,20632192,5276568,25908760,4,4,12,4,4,4,0,20,20,20260807,5,1,1,1,0,0,0,6387,0.266125,1,0.0015,0
1599,14442.4,9,0,1.98812,6.95917,0,0,0,8.94729,361,361,0,1,2.94392,2.94392,1830,367,0,1235,0,0,0,0,0,1339,1785.99,0.953667,29.338,168732,12,29433,486,465155,48,117732,1944,32,4,644756,1319142,20632192,5276568,25908760,4,4,12,4,4,4,0,20,20,20260807,5,1,1,1,0,0,0,6387,0.266125,1,0.0015,0
1600,14450.1,8,0,2.13742,5.44196,0,0,0,7.57937,361,361,0,1,2.94392,2.94392,1830,367,0,1235,0,0,0,0,0,1339,1785.99,0.953667,29.338,168732,12,29433,486,465155,48,117732,1944,32,4,644756,1319142,20632192,5276568,25908760,4,4,12,4,4,4,0,20,20,20260807,5,1,1,1,0,0,0,6387,0.266125,1,0.0015,0
1601,14455.9,5,0,2.15533,3.48554,0,0,0,5.64088,361,361,0,1,2.94392,2.94392,1830,367,0,1235,0,0,0,0,0,1339,1785.99,0.953667,29.338,168732,12,29433,486,465155,48,117732,1944,32,4,644756,1319142,20632192,5276568,25908760,4,4,12,4,4,4,0,20,20,20260807,5,1,1,1,0,0,0,6387,0.266125,1,0.0015,0
1602,14466.7,11,0,2.287,8.48312,0,0,0,10.7701,361,361,0,1,2.94392,2.94392,1830,367,0,1235,0,0,0,0,0,1339,1785.99,0.953667,29.338,168732,12,29433,486,465155,48,117732,1944,32,4,644756,1319142,20632192,5276568,25908760,4,4,12,4,4,4,0,20,20,20260807,5,1,1,1,0,0,0,6388,0.266167,1,0.0015,1
1603,14473.1,7,0,2.02725,4.27896,0,0,0,6.30621,361,361,0,1,2.94392,2.94392,1830,367,0,1235,0,0,0,0,0,1339,1785.99,0.953667,29.338,168732,12,29433,486,465155,48,117732,1944,32,4,644756,1319142,20632192,5276568,25908760,4,4,12,4,4,4,0,20,20,20260807,5,1,1,1,0,0,0,6388,0.266167,1,0.0015,0
1604,14483.5,10,0,2.184,8.11017,0,0,0,10.2942,361,361,0,1,2.94392,2.94392,1830,367,0,1235,0,0,0,0,0,1339,1785.99,0.953667,29.338,168732,12,29433,486,465155,48,117732,1944,32,4,644756,1319142,20632192,5276568,25908760,4,4,12,4,4,4,0,20,20,20260807,5,1,1,1,0,0,0,6388,0.266167,1,0.0015,0
1605,14488.8,5,0,2.20042,3.10467,0,0,0,5.30508,361,361,0,1,2.94392,2.94392,1830,367,0,1235,0,0,0,0,0,1339,1785.99,0.953667,29.338,168732,12,29433,486,465155,48,117732,1944,32,4,644756,1319142,20632192,5276568,25908760,4,4,12,4,4,4,0,20,20,20260807,5,1,1,1,0,0,0,6388,0.266167,1,0.0015,0
1606,14500.3,12,0,2.18158,9.16521,0,0,0,11.3468,361,361,0,1,2.94392,2.94392,1830,367,0,1235,0,0,0,0,0,1339,1785.99,0.953667,29.338,168732,12,29433,486,465155,48,117732,1944,32,4,644756,1319142,20632192,5276568,25908760,4,4,12,4,4,4,0,20,20,20260807,5,1,1,1,0,0,0,6388,0.266167,1,0.0015,0
1607,14505.8,5,0,2.18575,3.24979,0,0,0,5.43554,361,361,0,1,2.94392,2.94392,1830,367,0,1235,0,0,0,0,0,1339,1785.99,0.953667,29.338,168732,12,29433,486,465155,48,117732,1944,32,4,644756,1319142,20632192,5276568,25908760,4,4,12,4,4,4,0,20,20,20260807,5,1,1,1,0,0,0,6388,0.266167,1,0.0015,0
1608,14516.9,11,0,5.01013,5.98733,0,0,0,10.9975,361,361,0,1,2.94392,2.94392,1830,367,0,1235,0,0,0,0,0,1339,1785.99,0.953667,29.338,168732,12,29433,486,465155,48,117732,1944,32,4,644756,1319142,20632192,5276568,25908760,4,4,12,4,4,4,0,20,20,20260807,5,1,1,1,0,0,0,6389,0.266208,1,0.0015,1
1609,14525.6,9,0,2.17896,6.48933,0,0,0,8.66829,361,361,0,1,2.94392,2.94392,1830,367,0,1235,0,0,0,0,0,1339,1785.99,0.953667,29.338,168732,12,29433,486,465155,48,117732,1944,32,4,644756,1319142,20632192,5276568,25908760,4,4,12,4,4,4,0,20,20,20260807,5,1,1,1,0,0,0,6389,0.266208,1,0.0015,0
1610,14533.3,8,0,2.1205,5.479,0,0,0,7.5995,361,361,0,1,2.94392,2.94392,1830,367,0,1235,0,0,0,0,0,1339,1785.99,0.953667,29.338,168732,12,29433,486,465155,48,117732,1944,32,4,644756,1319142,20632192,5276568,25908760,4,4,12,4,4,4,0,20,20,20260807,5,1,1,1,0,0,0,6389,0.266208,1,0.0015,0
1611,14541.2,8,0,2.10562,5.6665,0,0,0,7.77212,361,361,0,1,2.94392,2.94392,1830,367,0,1235,0,0,0,0,0,1339,1785.99,0.953667,29.338,168732,12,29433,486,465155,48,117732,1944,32,4,644756,1319142,20632192,5276568,25908760,4,4,12,4,4,4,0,20,20,20260807,5,1,1,1,0,0,0,6389,0.266208,1,0.0015,0
1612,14550.2,9,0,2.10671,6.79979,0,0,0,8.9065,361,361,0,1,2.94392,2.94392,1830,367,0,1235,0,0,0,0,0,1339,1785.99,0.953667,29.338,168732,12,29433,486,465155,48,117732,1944,32,4,644756,1319142,20632192,5276568,25908760,4,4,12,4,4,4,0,20,20,20260807,5,1,1,1,0,0,0,6389,0.266208,1,0.0015,0
1613,14558.7,8,0,2.09679,6.39654,0,0,0,8.49333,361,361,0,1,2.94392,2.94392,1830,367,0,1235,0,0,0,0,0,1339,1785.99,0.953667,29.338,168732,12,29433,486,465155,48,117732,1944,32,4,644756,1319142,20632192,5276568,25908760,4,4,12,4,4,4,0,20,20,20260807,5,1,1,1,0,0,0,6389,0.266208,1,0.0015,0
1614,14566.8,8,0,2.17821,5.831,0,0,0,8.00921,361,361,0,1,2.94392,2.94392,1830,367,0,1235,0,0,0,0,0,1339,1785.99,0.953667,29.338,168732,12,29433,486,465155,48,117732,1944,32,4,644756,1319142,20632192,5276568,25908760,4,4,12,4,4,4,0,20,20,20260807,5,1,1,1,0,0,0,6390,0.26625,1,0.0015,1
1615,14572.9,7,0,2.09437,3.88646,0,0,0,5.98083,361,361,0,1,2.94392,2.94392,1830,367,0,1235,0,0,0,0,0,1339,1785.99,0.953667,29.338,168732,12,29433,486,465155,48,117732,1944,32,4,644756,1319142,20632192,5276568,25908760,4,4,12,4,4,4,0,20,20,20260807,5,1,1,1,0,0,0,6390,0.26625,1,0.0015,0
1616,14583.4,10,0,2.16971,8.25454,0,0,0,10.4243,361,361,0,1,2.94392,2.94392,1830,367,0,1235,0,0,0,0,0,1339,1785.99,0.953667,29.338,168732,12,29433,486,465155,48,117732,1944,32,4,644756,1319142,20632192,5276568,25908760,4,4,12,4,4,4,0,20,20,20260807,5,1,1,1,0,0,0,6390,0.26625,1,0.0015,0
1617,14592.6,9,0,2.08892,7.00879,0,0,0,9.09771,361,361,0,1,2.94392,2.94392,1830,367,0,1235,0,0,0,0,0,1339,1785.99,0.953667,29.338,168732,12,29433,486,465155,48,117732,1944,32,4,644756,1319142,20632192,5276568,25908760,4,4,12,4,4,4,0,20,20,20260807,5,1,1,1,0,0,0,6390,0.26625,1,0.0015,0
1618,14600.2,8,0,2.08717,5.4555,0,0,0,7.54267,361,361,0,1,2.94392,2.94392,1830,367,0,1235,0,0,0,0,0,1339,1785.99,0.953667,29.338,168732,12,29433,486,465155,48,117732,1944,32,4,644756,1319142,20632192,5276568,25908760,4,4,12,4,4,4,0,20,20,20260807,5,1,1,1,0,0,0,6390,0.26625,1,0.0015,0
1619,14606.7,6,0,2.13537,4.24012,0,0,0,6.3755,361,361,0,1,2.94392,2.94392,1830,367,0,1235,0,0,0,0,0,1339,1785.99,0.953667,29.338,168732,12,29433,486,465155,48,117732,1944,32,4,644756,1319142,20632192,5276568,25908760,4,4,12,4,4,4,0,20,20,20260807,5,1,1,1,0,0,0,6390,0.26625,1,0.0015,0
1620,14618.6,12,0,2.10533,9.76096,0,0,0,11.8663,361,361,0,1,2.94392,2.94392,1830,367,0,1235,0,0,0,0,0,1339,1785.99,0.953667,29.338,168732,12,29433,486,465155,48,117732,1944,32,4,644756,1319142,20632192,5276568,25908760,4,4,12,4,4,4,0,20,20,20260807,5,1,1,1,0,0,0,6391,0.266292,1,0.0015,1
1621,14627.1,9,0,2.31317,6.05071,0,0,0,8.36388,361,361,0,1,2.94392,2.94392,1830,367,0,1235,0,0,0,0,0,1339,1785.99,0.953667,29.338,168732,12,29433,486,465155,48,117732,1944,32,4,644756,1319142,20632192,5276568,25908760,4,4,12,4,4,4,0,20,20,20260807,5,1,1,1,0,0,0,6391,0.266292,1,0.0015,0
1622,14633.5,6,0,2.08379,4.30125,0,0,0,6.38504,361,361,0,1,2.94392,2.94392,1830,367,0,1235,0,0,0,0,0,1339,1785.99,0.953667,29.338,168732,12,29433,486,465155,48,117732,1944,32,4,644756,1319142,20632192,5276568,25908760,4,4,12,4,4,4,0,20,20,20260807,5,1,1,1,0,0,0,6391,0.266292,1,0.0015,0
1623,14640.1,6,0,2.12333,4.33938,0,0,0,6.46271,361,361,0,1,2.94392,2.94392,1830,367,0,1235,0,0,0,0,0,1339,1785.99,0.953667,29.338,168732,12,29433,486,465155,48,117732,1944,32,4,644756,1319142,20632192,5276568,25908760,4,4,12,4,4,4,0,20,20,20260807,5,1,1,1,0,0,0,6391,0.266292,1,0.0015,0
1624,14650.1,11,0,2.10192,7.79812,0,0,0,9.90004,361,361,0,1,2.94392,2.94392,1830,367,0,1235,0,0,0,0,0,1339,1785.99,0.953667,29.338,168732,12,29433,486,465155,48,117732,1944,32,4,644756,1319142,20632192,5276568,25908760,4,4,12,4,4,4,0,20,20,20260807,5,1,1,1,0,0,0,6391,0.266292,1,0.0015,0
1625,14655.5,5,0,2.16858,3.20596,0,0,0,5.37454,361,361,0,1,2.94392,2.94392,1830,367,0,1235,0,0,0,0,0,1339,1785.99,0.953667,29.338,168732,12,29433,486,465155,48,117732,1944,32,4,644756,1319142,20632192,5276568,25908760,4,4,12,4,4,4,0,20,20,20260807,5,1,1,1,0,0,0,6391,0.266292,1,0.0015,0
1626,14666.7,12,0,2.12292,8.99942,0,0,0,11.1223,361,361,0,1,2.94392,2.94392,1830,367,0,1235,0,0,0,0,0,1339,1785.99,0.953667,29.338,168732,12,29433,486,465155,48,117732,1944,32,4,644756,1319142,20632192,5276568,25908760,4,4,12,4,4,4,0,20,20,20260807,5,1,1,1,0,0,0,6392,0.266333,1,0.0015,1
1627,14672.6,6,0,2.096,3.69988,0,0,0,5.79587,361,361,0,1,2.94392,2.94392,1830,367,0,1235,0,0,0,0,0,1339,1785.99,0.953667,29.338,168732,12,29433,486,465155,48,117732,1944,32,4,644756,1319142,20632192,5276568,25908760,4,4,12,4,4,4,0,20,20,20260807,5,1,1,1,0,0,0,6392,0.266333,1,0.0015,0
1628,14689.3,17,0,4.47583,12.1787,0,0,0,16.6545,361,361,0,1,2.94392,2.94392,1830,367,0,1235,0,0,0,0,0,1339,1785.99,0.953667,29.338,168732,12,29433,486,465155,48,117732,1944,32,4,644756,1319142,20632192,5276568,25908760,4,4,12,4,4,4,0,20,20,20260807,5,1,1,1,0,0,0,6392,0.266333,1,0.0015,0
1629,14700.2,11,0,2.19488,8.54633,0,0,0,10.7412,361,361,0,1,2.94392,2.94392,1830,367,0,1235,0,0,0,0,0,1339,1785.99,0.953667,29.338,168732,12,29433,486,465155,48,117732,1944,32,4,644756,1319142,20632192,5276568,25908760,4,4,12,4,4,4,0,20,20,20260807,5,1,1,1,0,0,0,6392,0.266333,1,0.0015,0
1630,14706.4,6,0,2.18504,3.98979,0,0,0,6.17483,361,361,0,1,2.94392,2.94392,1830,367,0,1235,0,0,0,0,0,1339,1785.99,0.953667,29.338,168732,12,29433,486,465155,48,117732,1944,32,4,644756,1319142,20632192,5276568,25908760,4,4,12,4,4,4,0,20,20,20260807,5,1,1,1,0,0,0,6392,0.266333,1,0.0015,0
1631,14717.4,11,0,2.27758,8.58646,0,0,0,10.864,361,361,0,1,2.94392,2.94392,1830,367,0,1235,0,0,0,0,0,1339,1785.99,0.953667,29.338,168732,12,29433,486,465155,48,117732,1944,32,4,644756,1319142,20632192,5276568,25908760,4,4,12,4,4,4,0,20,20,20260807,5,1,1,1,0,0,0,6393,0.266375,1,0.0015,1
1632,14722.9,6,0,2.19883,3.25933,0,0,0,5.45817,361,361,0,1,2.94392,2.94392,1830,367,0,1235,0,0,0,0,0,1339,1785.99,0.953667,29.338,168732,12,29433,486,465155,48,117732,1944,32,4,644756,1319142,20632192,5276568,25908760,4,4,12,4,4,4,0,20,20,20260807,5,1,1,1,0,0,0,6393,0.266375,1,0.0015,0
1633,14733.7,10,0,2.21608,8.51575,0,0,0,10.7318,361,361,0,1,2.94392,2.94392,1830,367,0,1235,0,0,0,0,0,1339,1785.99,0.953667,29.338,168732,12,29433,486,465155,48,117732,1944,32,4,644756,1319142,20632192,5276568,25908760,4,4,12,4,4,4,0,20,20,20260807,5,1,1,1,0,0,0,6393,0.266375,1,0.0015,0
1634,14740.6,7,0,2.57083,4.17754,0,0,0,6.74838,361,361,0,1,2.94392,2.94392,1830,367,0,1235,0,0,0,0,0,1339,1785.99,0.953667,29.338,168732,12,29433,486,465155,48,117732,1944,32,4,644756,1319142,20632192,5276568,25908760,4,4,12,4,4,4,0,20,20,20260807,5,1,1,1,0,0,0,6393,0.266375,1,0.0015,0
1635,14750.3,10,0,2.23942,7.39871,0,0,0,9.63813,361,361,0,1,2.94392,2.94392,1830,367,0,1235,0,0,0,0,0,1339,1785.99,0.953667,29.338,168732,12,29433,486,465155,48,117732,1944,32,4,644756,1319142,20632192,5276568,25908760,4,4,12,4,4,4,0,20,20,20260807,5,1,1,1,0,0,0,6393,0.266375,1,0.0015,0
1636,14756,6,0,2.26571,3.35479,0,0,0,5.6205,361,361,0,1,2.94392,2.94392,1830,367,0,1235,0,0,0,0,0,1339,1785.99,0.953667,29.338,168732,12,29433,486,465155,48,117732,1944,32,4,644756,1319142,20632192,5276568,25908760,4,4,12,4,4,4,0,20,20,20260807,5,1,1,1,0,0,0,6393,0.266375,1,0.0015,0
1637,14766.8,10,0,2.30867,8.39788,0,0,0,10.7065,361,361,0,1,2.94392,2.94392,1830,367,0,1235,0,0,0,0,0,1339,1785.99,0.953667,29.338,168732,12,29433,486,465155,48,117732,1944,32,4,644756,1319142,20632192,5276568,25908760,4,4,12,4,4,4,0,20,20,20260807,5,1,1,1,0,0,0,6394,0.266417,1,0.0015,1
1638,14773,7,0,2.10475,4.06663,0,0,0,6.17138,361,361,0,1,2.94392,2.94392,1830,367,0,1235,0,0,0,0,0,1339,1785.99,0.953667,29.338,168732,12,29433,486,465155,48,117732,1944,32,4,644756,1319142,20632192,5276568,25908760,4,4,12,4,4,4,0,20,20,20260807,5,1,1,1,0,0,0,6394,0.266417,1,0.0015,0
1639,14784.1,11,0,2.40458,8.5735,0,0,0,10.9781,361,361,0,1,2.94392,2.94392,1830,367,0,1235,0,0,0,0,0,1339,1785.99,0.953667,29.338,168732,12,29433,486,465155,48,117732,1944,32,4,644756,1319142,20632192,5276568,25908760,4,4,12,4,4,4,0,20,20,20260807,5,1,1,1,0,0,0,6394,0.266417,1,0.0015,0
1640,14789.7,5,0,2.23296,3.31617,0,0,0,5.54913,361,361,0,1,2.94392,2.94392,1830,367,0,1235,0,0,0,0,0,1339,1785.99,0.953667,29.338,168732,12,29433,486,465155,48,117732,1944,32,4,644756,1319142,20632192,5276568,25908760,4,4,12,4,4,4,0,20,20,20260807,5,1,1,1,0,0,0,6394,0.266417,1,0.0015,0
1641,14800.3,11,0,2.20358,8.33267,0,0,0,10.5363,361,361,0,1,2.94392,2.94392,1830,367,0,1235,0,0,0,0,0,1339,1785.99,0.953667,29.338,168732,12,29433,486,465155,48,117732,1944,32,4,644756,1319142,20632192,5276568,25908760,4,4,12,4,4,4,0,20,20,20260807,5,1,1,1,0,0,0,6394,0.266417,1,0.0015,0
1642,14806.9,6,0,2.05563,4.45025,0,0,0,6.50587,361,361,0,1,2.94392,2.94392,1830,367,0,1235,0,0,0,0,0,1339,1785.99,0.953667,29.338,168732,12,29433,486,465155,48,117732,1944,32,4,644756,1319142,20632192,5276568,25908760,4,4,12,4,4,4,0,20,20,20260807,5,1,1,1,0,0,0,6394,0.266417,1,0.0015,0
1643,14816.9,10,0,2.38021,7.51738,0,0,0,9.89758,361,361,0,1,2.94392,2.94392,1830,367,0,1235,0,0,0,0,0,1339,1785.99,0.953667,29.338,168732,12,29433,486,465155,48,117732,1944,32,4,644756,1319142,20632192,5276568,25908760,4,4,12,4,4,4,0,20,20,20260807,5,1,1,1,0,0,0,6395,0.266458,1,0.0015,1
1644,14822.9,6,0,2.10833,3.8095,0,0,0,5.91783,361,361,0,1,2.94392,2.94392,1830,367,0,1235,0,0,0,0,0,1339,1785.99,0.953667,29.338,168732,12,29433,486,465155,48,117732,1944,32,4,644756,1319142,20632192,5276568,25908760,4,4,12,4,4,4,0,20,20,20260807,5,1,1,1,0,0,0,6395,0.266458,1,0.0015,0
1645,14833.4,11,0,2.09708,8.31942,0,0,0,10.4165,361,361,0,1,2.94392,2.94392,1830,367,0,1235,0,0,0,0,0,1339,1785.99,0.953667,29.338,168732,12,29433,486,465155,48,117732,1944,32,4,644756,1319142,20632192,5276568,25908760,4,4,12,4,4,4,0,20,20,20260807,5,1,1,1,0,0,0,6395,0.266458,1,0.0015,0
1646,14842.3,9,0,1.96504,6.90883,0,0,0,8.87387,361,361,0,1,2.94392,2.94392,1830,367,0,1235,0,0,0,0,0,1339,1785.99,0.953667,29.338,168732,12,29433,486,465155,48,117732,1944,32,4,644756,1319142,20632192,5276568,25908760,4,4,12,4,4,4,0,20,20,20260807,5,1,1,1,0,0,0,6395,0.266458,1,0.0015,0
1647,14850.9,8,0,2.13163,6.33471,0,0,0,8.46633,361,361,0,1,2.94392,2.94392,1830,367,0,1235,0,0,0,0,0,1339,1785.99,0.953667,29.338,168732,12,29433,486,465155,48,117732,1944,32,4,644756,1319142,20632192,5276568,25908760,4,4,12,4,4,4,0,20,20,20260807,5,1,1,1,0,0,0,6395,0.266458,1,0.0015,0
1648,14856.7,6,0,2.14471,3.57538,0,0,0,5.72008,361,361,0,1,2.94392,2.94392,1830,367,0,1235,0,0,0,0,0,1339,1785.99,0.953667,29.338,168732,12,29433,486,465155,48,117732,1944,32,4,644756,1319142,20632192,5276568,25908760,4,4,12,4,4,4,0,20,20,20260807,5,1,1,1,0,0,0,6396,0.2665,1,0.0015,1
1649,14867.2,11,0,2.14579,8.33971,0,0,0,10.4855,361,361,0,1,2.94392,2.94392,1830,367,0,1235,0,0,0,0,0,1339,1785.99,0.953667,29.338,168732,12,29433,486,465155,48,117732,1944,32,4,644756,1319142,20632192,5276568,25908760,4,4,12,4,4,4,0,20,20,20260807,5,1,1,1,0,0,0,6396,0.2665,1,0.0015,0
1650,14873.2,6,0,2.20567,3.69488,0,0,0,5.90054,361,361,0,1,2.94392,2.94392,1830,367,0,1235,0,0,0,0,0,1339,1785.99,0.953667,29.338,168732,12,29433,486,465155,48,117732,1944,32,4,644756,1319142,20632192,5276568,25908760,4,4,12,4,4,4,0,20,20,20260807,5,1,1,1,0,0,0,6396,0.2665,1,0.0015,0
1651,14884.4,11,0,2.21167,8.88054,0,0,0,11.0922,361,361,0,1,2.94392,2.94392,1830,367,0,1235,0,0,0,0,0,1339,1785.99,0.953667,29.338,168732,12,29433,486,465155,48,117732,1944,32,4,644756,1319142,20632192,5276568,25908760,4,4,12,4,4,4,0,20,20,20260807,5,1,1,1,0,0,0,6396,0.2665,1,0.0015,0
1652,14891,7,0,2.48846,4.04812,0,0,0,6.53658,361,361,0,1,2.94392,2.94392,1830,367,0,1235,0,0,0,0,0,1339,1785.99,0.953667,29.338,168732,12,29433,486,465155,48,117732,1944,32,4,644756,1319142,20632192,5276568,25908760,4,4,12,4,4,4,0,20,20,20260807,5,1,1,1,0,0,0,6396,0.2665,1,0.0015,0
1653,14900.7,9,0,2.20717,7.42283,0,0,0,9.63,361,361,0,1,2.94392,2.94392,1830,367,0,1235,0,0,0,0,0,1339,1785.99,0.953667,29.338,168732,12,29433,486,465155,48,117732,1944,32,4,644756,1319142,20632192,5276568,25908760,4,4,12,4,4,4,0,20,20,20260807,5,1,1,1,0,0,0,6396,0.2665,1,0.0015,0
1654,14906.3,6,0,2.20875,3.26592,0,0,0,5.47467,361,361,0,1,2.94392,2.94392,1830,367,0,1235,0,0,0,0,0,1339,1785.99,0.953667,29.338,168732,12,29433,486,465155,48,117732,1944,32,4,644756,1319142,20632192,5276568,25908760,4,4,12,4,4,4,0,20,20,20260807,5,1,1,1,0,0,0,6396,0.2665,1,0.0015,0
1655,14917.5,11,0,2.36463,8.75713,0,0,0,11.1218,361,361,0,1,2.94392,2.94392,1830,367,0,1235,0,0,0,0,0,1339,1785.99,0.953667,29.338,168732,12,29433,486,465155,48,117732,1944,32,4,644756,1319142,20632192,5276568,25908760,4,4,12,4,4,4,0,20,20,20260807,5,1,1,1,0,0,0,6397,0.266542,1,0.0015,1
1656,14923.8,6,0,2.22812,4.00108,0,0,0,6.22921,361,361,0,1,2.94392,2.94392,1830,367,0,1235,0,0,0,0,0,1339,1785.99,0.953667,29.338,168732,12,29433,486,465155,48,117732,1944,32,4,644756,1319142,20632192,5276568,25908760,4,4,12,4,4,4,0,20,20,20260807,5,1,1,1,0,0,0,6397,0.266542,1,0.0015,0
1657,14934.3,11,0,2.36175,8.0305,0,0,0,10.3923,361,361,0,1,2.94392,2.94392,1830,367,0,1235,0,0,0,0,0,1339,1785.99,0.953667,29.338,168732,12,29433,486,465155,48,117732,1944,32,4,644756,1319142,20632192,5276568,25908760,4,4,12,4,4,4,0,20,20,20260807,5,1,1,1,0,0,0,6397,0.266542,1,0.0015,0
1658,14942,8,0,2.30617,5.33046,0,0,0,7.63663,361,361,0,1,2.94392,2.94392,1830,367,0,1235,0,0,0,0,0,1339,1785.99,0.953667,29.338,168732,12,29433,486,465155,48,117732,1944,32,4,644756,1319142,20632192,5276568,25908760,4,4,12,4,4,4,0,20,20,20260807,5,1,1,1,0,0,0,6397,0.266542,1,0.0015,0
1659,14950.9,8,0,2.5725,6.24333,0,0,0,8.81583,361,361,0,1,2.94392,2.94392,1830,367,0,1235,0,0,0,0,0,1339,1785.99,0.953667,29.338,168732,12,29433,486,465155,48,117732,1944,32,4,644756,1319142,20632192,5276568,25908760,4,4,12,4,4,4,0,20,20,20260807,5,1,1,1,0,0,0,6397,0.266542,1,0.0015,0
1660,14957.2,7,0,2.23408,4.03388,0,0,0,6.26796,361,361,0,1,2.94392,2.94392,1830,367,0,1235,0,0,0,0,0,1339,1785.99,0.953667,29.338,168732,12,29433,486,465155,48,117732,1944,32,4,644756,1319142,20632192,5276568,25908760,4,4,12,4,4,4,0,20,20,20260807,5,1,1,1,0,0,0,6398,0.266583,1,0.0015,1
1661,14967,10,0,3.39467,6.301,0,0,0,9.69567,361,361,0,1,2.94392,2.94392,1830,367,0,1235,0,0,0,0,0,1339,1785.99,0.953667,29.338,168732,12,29433,486,465155,48,117732,1944,32,4,644756,1319142,20632192,5276568,25908760,4,4,12,4,4,4,0,20,20,20260807,5,1,1,1,0,0,0,6398,0.266583,1,0.0015,0
1662,14973.1,6,0,2.27717,3.75625,0,0,0,6.03342,361,361,0,1,2.94392,2.94392,1830,367,0,1235,0,0,0,0,0,1339,1785.99,0.953667,29.338,168732,12,29433,486,465155,48,117732,1944,32,4,644756,1319142,20632192,5276568,25908760,4,4,12,4,4,4,0,20,20,20260807,5,1,1,1,0,0,0,6398,0.266583,1,0.0015,0
1663,14984.1,11,0,2.21871,8.65483,0,0,0,10.8735,361,361,0,1,2.94392,2.94392,1830,367,0,1235,0,0,0,0,0,1339,1785.99,0.953667,29.338,168732,12,29433,486,465155,48,117732,1944,32,4,644756,1319142,20632192,5276568,25908760,4,4,12,4,4,4,0,20,20,20260807,5,1,1,1,0,0,0,6398,0.266583,1,0.0015,0
1664,14990.2,6,0,2.117,3.88842,0,0,0,6.00542,361,361,0,1,2.94392,2.94392,1830,367,0,1235,0,0,0,0,0,1339,1785.99,0.953667,29.338,168732,12,29433,486,465155,48,117732,1944,32,4,644756,1319142,20632192,5276568,25908760,4,4,12,4,4,4,0,20,20,20260807,5,1,1,1,0,0,0,6398,0.266583,1,0.0015,0
1665,15000.3,10,0,2.22012,7.82871,0,0,0,10.0488,361,361,0,1,2.94392,2.94392,1830,367,0,1235,0,0,0,0,0,1339,1785.99,0.953667,29.338,168732,12,29433,486,465155,48,117732,1944,32,4,644756,1319142,20632192,5276568,25908760,4,4,12,4,4,4,0,20,20,20260807,5,1,1,1,0,0,0,6398,0.266583,1,0.0015,0
1666,15006.8,6,0,2.24429,4.15025,0,0,0,6.39454,361,361,0,1,2.94392,2.94392,1830,367,0,1235,0,0,0,0,0,1339,1785.99,0.953667,29.338,168732,12,29433,486,465155,48,117732,1944,32,4,644756,1319142,20632192,5276568,25908760,4,4,12,4,4,4,0,20,20,20260807,5,1,1,1,0,0,0,6398,0.266583,1,0.0015,0
1667,15017.1,11,0,2.31833,7.903,0,0,0,10.2213,361,361,0,1,2.94392,2.94392,1830,367,0,1235,0,0,0,0,0,1339,1785.99,0.953667,29.338,168732,12,29433,486,465155,48,117732,1944,32,4,644756,1319142,20632192,5276568,25908760,4,4,12,4,4,4,0,20,20,20260807,5,1,1,1,0,0,0,6399,0.266625,1,0.0015,1
1668,15023.2,6,0,2.29925,3.77017,0,0,0,6.06942,361,361,0,1,2.94392,2.94392,1830,367,0,1235,0,0,0,0,0,1339,1785.99,0.953667,29.338,168732,12,29433,486,465155,48,117732,1944,32,4,644756,1319142,20632192,5276568,25908760,4,4,12,4,4,4,0,20,20,20260807,5,1,1,1,0,0,0,6399,0.266625,1,0.0015,0
1669,15033.8,10,0,2.58962,7.95087,0,0,0,10.5405,361,361,0,1,2.94392,2.94392,1830,367,0,1235,0,0,0,0,0,1339,1785.99,0.953667,29.338,168732,12,29433,486,465155,48,117732,1944,32,4,644756,1319142,20632192,5276568,25908760,4,4,12,4,4,4,0,20,20,20260807,5,1,1,1,0,0,0,6399,0.266625,1,0.0015,0
1670,15039.7,6,0,2.25842,3.52004,0,0,0,5.77846,361,361,0,1,2.94392,2.94392,1830,367,0,1235,0,0,0,0,0,1339,1785.99,0.953667,29.338,168732,12,29433,486,465155,48,117732,1944,32,4,644756,1319142,20632192,5276568,25908760,4,4,12,4,4,4,0,20,20,20260807,5,1,1,1,0,0,0,6399,0.266625,1,0.0015,0
1671,15050.2,11,0,2.08642,8.3945,0,0,0,10.4809,361,361,0,1,2.94392,2.94392,1830,367,0,1235,0,0,0,0,0,1339,1785.99,0.953667,29.338,168732,12,29433,486,465155,48,117732,1944,32,4,644756,1319142,20632192,5276568,25908760,4,4,12,4,4,4,0,20,20,20260807,5,1,1,1,0,0,0,6399,0.266625,1,0.0015,0
1672,15056.4,6,0,2.29962,3.79054,0,0,0,6.09017,361,361,0,1,2.94392,2.94392,1830,367,0,1235,0,0,0,0,0,1339,1785.99,0.953667,29.338,168732,12,29433,486,465155,48,117732,1944,32,4,644756,1319142,20632192,5276568,25908760,4,4,12,4,4,4,0,20,20,20260807,5,1,1,1,0,0,0,6399,0.266625,1,0.0015,0
1673,15067.1,11,0,2.28117,8.28783,0,0,0,10.569,361,361,0,1,2.94392,2.94392,1830,367,0,1235,0,0,0,0,0,1339,1785.99,0.953667,29.338,168732,12,29433,486,465155,48,117732,1944,32,4,644756,1319142,20632192,5276568,25908760,4,4,12,4,4,4,0,20,20,20260807,5,1,1,1,0,0,0,6400,0.266667,1,0.0015,1
1674,15073.5,6,0,2.15767,4.16829,0,0,0,6.32596,361,361,0,1,2.94392,2.94392,1830,367,0,1235,0,0,0,0,0,1339,1785.99,0.953667,29.338,168732,12,29433,486,465155,48,117732,1944,32,4,644756,1319142,20632192,5276568,25908760,4,4,12,4,4,4,0,20,20,20260807,5,1,1,1,0,0,0,6400,0.266667,1,0.0015,0
1675,15083.7,10,0,2.19183,7.89633,0,0,0,10.0882,361,361,0,1,2.94392,2.94392,1830,367,0,1235,0,0,0,0,0,1339,1785.99,0.953667,29.338,168732,12,29433,486,465155,48,117732,1944,32,4,644756,1319142,20632192,5276568,25908760,4,4,12,4,4,4,0,20,20,20260807,5,1,1,1,0,0,0,6400,0.266667,1,0.0015,0
1676,15089,6,0,2.29129,2.976,0,0,0,5.26729,361,361,0,1,2.94392,2.94392,1830,367,0,1235,0,0,0,0,0,1339,1785.99,0.953667,29.338,168732,12,29433,486,465155,48,117732,1944,32,4,644756,1319142,20632192,5276568,25908760,4,4,12,4,4,4,0,20,20,20260807,5,1,1,1,0,0,0,6400,0.266667,1,0.0015,0
1677,15100.3,11,0,2.31604,8.87733,0,0,0,11.1934,361,361,0,1,2.94392,2.94392,1830,367,0,1235,0,0,0,0,0,1339,1785.99,0.953667,29.338,168732,12,29433,486,465155,48,117732,1944,32,4,644756,1319142,20632192,5276568,25908760,4,4,12,4,4,4,0,20,20,20260807,5,1,1,1,0,0,0,6400,0.266667,1,0.0015,0
1678,15106.3,6,0,2.34746,3.55025,0,0,0,5.89771,361,361,0,1,2.94392,2.94392,1830,367,0,1235,0,0,0,0,0,1339,1785.99,0.953667,29.338,168732,12,29433,486,465155,48,117732,1944,32,4,644756,1319142,20632192,5276568,25908760,4,4,12,4,4,4,0,20,20,20260807,5,1,1,1,0,0,0,6400,0.266667,1,0.0015,0
1679,15116.8,10,0,2.34154,8.08229,0,0,0,10.4238,361,361,0,1,2.94392,2.94392,1830,367,0,1235,0,0,0,0,0,1339,1785.99,0.953667,29.338,168732,12,29433,486,465155,48,117732,1944,32,4,644756,1319142,20632192,5276568,25908760,4,4,12,4,4,4,0,20,20,20260807,5,1,1,1,0,0,0,6401,0.266708,1,0.0015,1
1680,15123.1,7,0,2.21279,4.015,0,0,0,6.22779,361,361,0,1,2.94392,2.94392,1830,367,0,1235,0,0,0,0,0,1339,1785.99,0.953667,29.338,168732,12,29433,486,465155,48,117732,1944,32,4,644756,1319142,20632192,5276568,25908760,4,4,12,4,4,4,0,20,20,20260807,5,1,1,1,0,0,0,6401,0.266708,1,0.0015,0
1681,15133.5,10,0,2.342,8.03446,0,0,0,10.3765,361,361,0,1,2.94392,2.94392,1830,367,0,1235,0,0,0,0,0,1339,1785.99,0.953667,29.338,168732,12,29433,486,465155,48,117732,1944,32,4,644756,1319142,20632192,5276568,25908760,4,4,12,4,4,4,0,20,20,20260807,5,1,1,1,0,0,0,6401,0.266708,1,0.0015,0
1682,15139.5,6,0,2.15925,3.71537,0,0,0,5.87462,361,361,0,1,2.94392,2.94392,1830,367,0,1235,0,0,0,0,0,1339,1785.99,0.953667,29.338,168732,12,29433,486,465155,48,117732,1944,32,4,644756,1319142,20632192,5276568,25908760,4,4,12,4,4,4,0,20,20,20260807,5,1,1,1,0,0,0,6401,0.266708,1,0.0015,0
1683,15150.2,11,0,2.24229,8.40996,0,0,0,10.6523,361,361,0,1,2.94392,2.94392,1830,367,0,1235,0,0,0,0,0,1339,1785.99,0.953667,29.338,168732,12,29433,486,465155,48,117732,1944,32,4,644756,1319142,20632192,5276568,25908760,4,4,12,4,4,4,0,20,20,20260807,5,1,1,1,0,0,0,6401,0.266708,1,0.0015,0
1684,15156,6,0,2.30154,3.40792,0,0,0,5.70946,361,361,0,1,2.94392,2.94392,1830,367,0,1235,0,0,0,0,0,1339,1785.99,0.953667,29.338,168732,12,29433,486,465155,48,117732,1944,32,4,644756,1319142,20632192,5276568,25908760,4,4,12,4,4,4,0,20,20,20260807,5,1,1,1,0,0,0,6401,0.266708,1,0.0015,0
1685,15166.8,10,0,2.28133,8.46408,0,0,0,10.7454,361,361,0,1,2.94392,2.94392,1830,367,0,1235,0,0,0,0,0,1339,1785.99,0.953667,29.338,168732,12,29433,486,465155,48,117732,1944,32,4,644756,1319142,20632192,5276568,25908760,4,4,12,4,4,4,0,20,20,20260807,5,1,1,1,0,0,0,6402,0.26675,1,0.0015,1
1686,15172.9,6,0,2.19067,3.77413,0,0,0,5.96479,361,361,0,1,2.94392,2.94392,1830,367,0,1235,0,0,0,0,0,1339,1785.99,0.953667,29.338,168732,12,29433,486,465155,48,117732,1944,32,4,644756,1319142,20632192,5276568,25908760,4,4,12,4,4,4,0,20,20,20260807,5,1,1,1,0,0,0,6402,0.26675,1,0.0015,0
1687,15183.7,11,0,2.19567,8.50367,0,0,0,10.6993,361,361,0,1,2.94392,2.94392,1830,367,0,1235,0,0,0,0,0,1339,1785.99,0.953667,29.338,168732,12,29433,486,465155,48,117732,1944,32,4,644756,1319142,20632192,5276568,25908760,4,4,12,4,4,4,0,20,20,20260807,5,1,1,1,0,0,0,6402,0.26675,1,0.0015,0
1688,15189.9,7,0,2.22863,3.94221,0,0,0,6.17083,361,361,0,1,2.94392,2.94392,1830,367,0,1235,0,0,0,0,0,1339,1785.99,0.953667,29.338,168732,12,29433,486,465155,48,117732,1944,32,4,644756,1319142,20632192,5276568,25908760,4,4,12,4,4,4,0,20,20,20260807,5,1,1,1,0,0,0,6402,0.26675,1,0.0015,0
1689,15200.2,10,0,2.31062,7.84846,0,0,0,10.1591,361,361,0,1,2.94392,2.94392,1830,367,0,1235,0,0,0,0,0,1339,1785.99,0.953667,29.338,168732,12,29433,486,465155,48,117732,1944,32,4,644756,1319142,20632192,5276568,25908760,4,4,12,4,4,4,0,20,20,20260807,5,1,1,1,0,0,0,6402,0.26675,1,0.0015,0
1690,15206.3,6,0,2.20071,3.829,0,0,0,6.02971,361,361,0,1,2.94392,2.94392,1830,367,0,1235,0,0,0,0,0,1339,1785.99,0.953667,29.338,168732,12,29433,486,465155,48,117732,1944,32,4,644756,1319142,20632192,5276568,25908760,4,4,12,4,4,4,0,20,20,20260807,5,1,1,1,0,0,0,6402,0.26675,1,0.0015,0
1691,15217.3,11,0,2.19383,8.79167,0,0,0,10.9855,361,361,0,1,2.94392,2.94392,1830,367,0,1235,0,0,0,0,0,1339,1785.99,0.953667,29.338,168732,12,29433,486,465155,48,117732,1944,32,4,644756,1319142,20632192,5276568,25908760,4,4,12,4,4,4,0,20,20,20260807,5,1,1,1,0,0,0,6403,0.266792,1,0.0015,1
1692,15222.9,5,0,2.21196,3.29083,0,0,0,5.50279,361,361,0,1,2.94392,2.94392,1830,367,0,1235,0,0,0,0,0,1339,1785.99,0.953667,29.338,168732,12,29433,486,465155,48,117732,1944,32,4,644756,1319142,20632192,5276568,25908760,4,4,12,4,4,4,0,20,20,20260807,5,1,1,1,0,0,0,6403,0.266792,1,0.0015,0
1693,15233.7,10,0,2.23646,8.43371,0,0,0,10.6702,361,361,0,1,2.94392,2.94392,1830,367,0,1235,0,0,0,0,0,1339,1785.99,0.953667,29.338,168732,12,29433,486,465155,48,117732,1944,32,4,644756,1319142,20632192,5276568,25908760,4,4,12,4,4,4,0,20,20,20260807,5,1,1,1,0,0,0,6403,0.266792,1,0.0015,0
1694,15239.6,6,0,2.19263,3.64346,0,0,0,5.83608,361,361,0,1,2.94392,2.94392,1830,367,0,1235,0,0,0,0,0,1339,1785.99,0.953667,29.338,168732,12,29433,486,465155,48,117732,1944,32,4,644756,1319142,20632192,5276568,25908760,4,4,12,4,4,4,0,20,20,20260807,5,1,1,1,0,0,0,6403,0.266792,1,0.0015,0
1695,15250.3,11,0,6.37358,4.24658,0,0,0,10.6202,361,361,0,1,2.94392,2.94392,1830,367,0,1235,0,0,0,0,0,1339,1785.99,0.953667,29.338,168732,12,29433,486,465155,48,117732,1944,32,4,644756,1319142,20632192,5276568,25908760,4,4,12,4,4,4,0,20,20,20260807,5,1,1,1,0,0,0,6403,0.266792,1,0.0015,0
1696,15256.7,6,0,2.18929,4.15133,0,0,0,6.34063,361,361,0,1,2.94392,2.94392,1830,367,0,1235,0,0,0,0,0,1339,1785.99,0.953667,29.338,168732,12,29433,486,465155,48,117732,1944,32,4,644756,1319142,20632192,5276568,25908760,4,4,12,4,4,4,0,20,20,20260807,5,1,1,1,0,0,0,6403,0.266792,1,0.0015,0
1697,15266.9,10,0,2.069,8.05908,0,0,0,10.1281,361,361,0,1,2.94392,2.94392,1830,367,0,1235,0,0,0,0,0,1339,1785.99,0.953667,29.338,168732,12,29433,486,465155,48,117732,1944,32,4,644756,1319142,20632192,5276568,25908760,4,4,12,4,4,4,0,20,20,20260807,5,1,1,1,0,0,0,6404,0.266833,1,0.0015,1
1698,15273.2,7,0,2.14654,4.08796,0,0,0,6.2345,361,361,0,1,2.94392,2.94392,1830,367,0,1235,0,0,0,0,0,1339,1785.99,0.953667,29.338,168732,12,29433,486,465155,48,117732,1944,32,4,644756,1319142,20632192,5276568,25908760,4,4,12,4,4,4,0,20,20,20260807,5,1,1,1,0,0,0,6404,0.266833,1,0.0015,0
1699,15283.8,10,0,2.29358,8.24863,0,0,0,10.5422,361,361,0,1,2.94392,2.94392,1830,367,0,1235,0,0,0,0,0,1339,1785.99,0.953667,29.338,168732,12,29433,486,465155,48,117732,1944,32,4,644756,1319142,20632192,5276568,25908760,4,4,12,4,4,4,0,20,20,20260807,5,1,1,1,0,0,0,6404,0.266833,1,0.0015,0
1700,15289.6,6,0,2.39546,3.26292,0,0,0,5.65838,361,361,0,1,2.94392,2.94392,1830,367,0,1235,0,0,0,0,0,1339,1785.99,0.953667,29.338,168732,12,29433,486,465155,48,117732,1944,32,4,644756,1319142,20632192,5276568,25908760,4,4,12,4,4,4,0,20,20,20260807,5,1,1,1,0,0,0,6404,0.266833,1,0.0015,0
1701,15300.5,11,0,2.24721,8.592,0,0,0,10.8392,361,361,0,1,2.94392,2.94392,1830,367,0,1235,0,0,0,0,0,1339,1785.99,0.953667,29.338,168732,12,29433,486,465155,48,117732,1944,32,4,644756,1319142,20632192,5276568,25908760,4,4,12,4,4,4,0,20,20,20260807,5,1,1,1,0,0,0,6404,0.266833,1,0.0015,0
1702,15307.2,7,0,2.27429,4.28554,0,0,0,6.55983,361,361,0,1,2.94392,2.94392,1830,367,0,1235,0,0,0,0,0,1339,1785.99,0.953667,29.338,168732,12,29433,486,465155,48,117732,1944,32,4,644756,1319142,20632192,5276568,25908760,4,4,12,4,4,4,0,20,20,20260807,5,1,1,1,0,0,0,6404,0.266833,1,0.0015,0
1703,15317.2,10,0,2.24587,7.65629,0,0,0,9.90217,361,361,0,1,2.94392,2.94392,1830,367,0,1235,0,0,0,0,0,1339,1785.99,0.953667,29.338,168732,12,29433,486,465155,48,117732,1944,32,4,644756,1319142,20632192,5276568,25908760,4,4,12,4,4,4,0,20,20,20260807,5,1,1,1,0,0,0,6405,0.266875,1,0.0015,1
1704,15323.5,6,0,2.19017,4.03429,0,0,0,6.22446,361,361,0,1,2.94392,2.94392,1830,367,0,1235,0,0,0,0,0,1339,1785.99,0.953667,29.338,168732,12,29433,486,465155,48,117732,1944,32,4,644756,1319142,20632192,5276568,25908760,4,4,12,4,4,4,0,20,20,20260807,5,1,1,1,0,0,0,6405,0.266875,1,0.0015,0
1705,15333.6,10,0,2.25779,7.8485,0,0,0,10.1063,361,361,0,1,2.94392,2.94392,1830,367,0,1235,0,0,0,0,0,1339,1785.99,0.953667,29.338,168732,12,29433,486,465155,48,117732,1944,32,4,644756,1319142,20632192,5276568,25908760,4,4,12,4,4,4,0,20,20,20260807,5,1,1,1,0,0,0,6405,0.266875,1,0.0015,0
1706,15340.4,7,0,2.10079,4.57362,0,0,0,6.67442,361,361,0,1,2.94392,2.94392,1830,367,0,1235,0,0,0,0,0,1339,1785.99,0.953667,29.338,168732,12,29433,486,465155,48,117732,1944,32,4,644756,1319142,20632192,5276568,25908760,4,4,12,4,4,4,0,20,20,20260807,5,1,1,1,0,0,0,6405,0.266875,1,0.0015,0
1707,15350.2,10,0,2.23696,7.48604,0,0,0,9.723,361,361,0,1,2.94392,2.94392,1830,367,0,1235,0,0,0,0,0,1339,1785.99,0.953667,29.338,168732,12,29433,486,465155,48,117732,1944,32,4,644756,1319142,20632192,5276568,25908760,4,4,12,4,4,4,0,20,20,20260807,5,1,1,1,0,0,0,6405,0.266875,1,0.0015,0
1708,15356.5,6,0,2.07954,4.17162,0,0,0,6.25117,361,361,0,1,2.94392,2.94392,1830,367,0,1235,0,0,0,0,0,1339,1785.99,0.953667,29.338,168732,12,29433,486,465155,48,117732,1944,32,4,644756,1319142,20632192,5276568,25908760,4,4,12,4,4,4,0,20,20,20260807,5,1,1,1,0,0,0,6405,0.266875,1,0.0015,0
1709,15366.9,11,0,2.22571,8.08388,0,0,0,10.3096,361,361,0,1,2.94392,2.94392,1830,367,0,1235,0,0,0,0,0,1339,1785.99,0.953667,29.338,168732,12,29433,486,465155,48,117732,1944,32,4,644756,1319142,20632192,5276568,25908760,4,4,12,4,4,4,0,20,20,20260807,5,1,1,1,0,0,0,6406,0.266917,1,0.0015,1
1710,15373.2,6,0,2.23542,3.96342,0,0,0,6.19883,361,361,0,1,2.94392,2.94392,1830,367,0,1235,0,0,0,0,0,1339,1785.99,0.953667,29.338,168732,12,29433,486,465155,48,117732,1944,32,4,644756,1319142,20632192,5276568,25908760,4,4,12,4,4,4,0,20,20,20260807,5,1,1,1,0,0,0,6406,0.266917,1,0.0015,0
1711,15383.5,10,0,2.21746,7.96754,0,0,0,10.185,361,361,0,1,2.94392,2.94392,1830,367,0,1235,0,0,0,0,0,1339,1785.99,0.953667,29.338,168732,12,29433,486,465155,48,117732,1944,32,4,644756,1319142,20632192,5276568,25908760,4,4,12,4,4,4,0,20,20,20260807,5,1,1,1,0,0,0,6406,0.266917,1,0.0015,0
1712,15391.5,8,0,2.07908,5.85096,0,0,0,7.93004,361,361,0,1,2.94392,2.94392,1830,367,0,1235,0,0,0,0,0,1339,1785.99,0.953667,29.338,168732,12,29433,486,465155,48,117732,1944,32,4,644756,1319142,20632192,5276568,25908760,4,4,12,4,4,4,0,20,20,20260807,5,1,1,1,0,0,0,6406,0.266917,1,0.0015,0
1713,15400.8,9,0,2.36925,6.90904,0,0,0,9.27829,361,361,0,1,2.94392,2.94392,1830,367,0,1235,0,0,0,0,0,1339,1785.99,0.953667,29.338,168732,12,29433,486,465155,48,117732,1944,32,4,644756,1319142,20632192,5276568,25908760,4,4,12,4,4,4,0,20,20,20260807,5,1,1,1,0,0,0,6406,0.266917,1,0.0015,0
1714,15406.1,6,0,2.15133,3.06237,0,0,0,5.21371,361,361,0,1,2.94392,2.94392,1830,367,0,1235,0,0,0,0,0,1339,1785.99,0.953667,29.338,168732,12,29433,486,465155,48,117732,1944,32,4,644756,1319142,20632192,5276568,25908760,4,4,12,4,4,4,0,20,20,20260807,5,1,1,1,0,0,0,6406,0.266917,1,0.0015,0
1715,15416.8,10,0,2.41658,8.17504,0,0,0,10.5916,361,361,0,1,2.94392,2.94392,1830,367,0,1235,0,0,0,0,0,1339,1785.99,0.953667,29.338,168732,12,29433,486,465155,48,117732,1944,32,4,644756,1319142,20632192,5276568,25908760,4,4,12,4,4,4,0,20,20,20260807,5,1,1,1,0,0,0,6407,0.266958,1,0.0015,1
1716,15423.1,7,0,2.16042,4.00512,0,0,0,6.16554,361,361,0,1,2.94392,2.94392,1830,367,0,1235,0,0,0,0,0,1339,1785.99,0.953667,29.338,168732,12,29433,486,465155,48,117732,1944,32,4,644756,1319142,20632192,5276568,25908760,4,4,12,4,4,4,0,20,20,20260807,5,1,1,1,0,0,0,6407,0.266958,1,0.0015,0
1717,15433.6,10,0,2.26858,8.13479,0,0,0,10.4034,361,361,0,1,2.94392,2.94392,1830,367,0,1235,0,0,0,0,0,1339,1785.99,0.953667,29.338,168732,12,29433,486,465155,48,117732,1944,32,4,644756,1319142,20632192,5276568,25908760,4,4,12,4,4,4,0,20,20,20260807,5,1,1,1,0,0,0,6407,0.266958,1,0.0015,0
1718,15442.3,9,0,2.09546,6.56525,0,0,0,8.66071,361,361,0,1,2.94392,2.94392,1830,367,0,1235,0,0,0,0,0,1339,1785.99,0.953667,29.338,168732,12,29433,486,465155,48,117732,1944,32,4,644756,1319142,20632192,5276568,25908760,4,4,12,4,4,4,0,20,20,20260807,5,1,1,1,0,0,0,6407,0.266958,1,0.0015,0
1719,15450.2,8,0,2.22008,5.56192,0,0,0,7.782,361,361,0,1,2.94392,2.94392,1830,367,0,1235,0,0,0,0,0,1339,1785.99,0.953667,29.338,168732,12,29433,486,465155,48,117732,1944,32,4,644756,1319142,20632192,5276568,25908760,4,4,12,4,4,4,0,20,20,20260807,5,1,1,1,0,0,0,6407,0.266958,1,0.0015,0
1720,15456.1,6,0,2.2295,3.62633,0,0,0,5.85583,361,361,0,1,2.94392,2.94392,1830,367,0,1235,0,0,0,0,0,1339,1785.99,0.953667,29.338,168732,12,29433,486,465155,48,117732,1944,32,4,644756,1319142,20632192,5276568,25908760,4,4,12,4,4,4,0,20,20,20260807,5,1,1,1,0,0,0,6407,0.266958,1,0.0015,0
1721,15466.8,10,0,2.23108,8.36621,0,0,0,10.5973,361,361,0,1,2.94392,2.94392,1830,367,0,1235,0,0,0,0,0,1339,1785.99,0.953667,29.338,168732,12,29433,486,465155,48,117732,1944,32,4,644756,1319142,20632192,5276568,25908760,4,4,12,4,4,4,0,20,20,20260807,5,1,1,1,0,0,0,6408,0.267,1,0.0015,1
1722,15473.3,7,0,2.15025,4.28937,0,0,0,6.43963,361,361,0,1,2.94392,2.94392,1830,367,0,1235,0,0,0,0,0,1339,1785.99,0.953667,29.338,168732,12,29433,486,465155,48,117732,1944,32,4,644756,1319142,20632192,5276568,25908760,4,4,12,4,4,4,0,20,20,20260807,5,1,1,1,0,0,0,6408,0.267,1,0.0015,0
1723,15489.7,16,0,2.28617,13.9595,0,0,0,16.2457,361,361,0,1,2.94392,2.94392,1830,367,0,1235,0,0,0,0,0,1339,1785.99,0.953667,29.338,168732,12,29433,486,465155,48,117732,1944,32,4,644756,1319142,20632192,5276568,25908760,4,4,12,4,4,4,0,20,20,20260807,5,1,1,1,0,0,0,6408,0.267,1,0.0015,0
1724,15500.2,11,0,2.108,4.49954,0,0,0,6.60754,361,361,0,1,2.94392,2.94392,1830,367,0,1235,0,0,0,0,0,1339,1785.99,0.953667,29.338,168732,12,29433,486,465155,48,117732,1944,32,4,644756,1319142,20632192,5276568,25908760,4,4,12,4,4,4,0,20,20,20260807,5,1,1,1,0,0,0,6408,0.267,1,0.0015,0
1725,15505.7,5,0,2.10554,3.34792,0,0,0,5.45346,361,361,0,1,2.94392,2.94392,1830,367,0,1235,0,0,0,0,0,1339,1785.99,0.953667,29.338,168732,12,29433,486,465155,48,117732,1944,32,4,644756,1319142,20632192,5276568,25908760,4,4,12,4,4,4,0,20,20,20260807,5,1,1,1,0,0,0,6408,0.267,1,0.0015,0
1726,15516.9,11,0,2.48742,8.62712,0,0,0,11.1145,361,361,0,1,2.94392,2.94392,1830,367,0,1235,0,0,0,0,0,1339,1785.99,0.953667,29.338,168732,12,29433,486,465155,48,117732,1944,32,4,644756,1319142,20632192,5276568,25908760,4,4,12,4,4,4,0,20,20,20260807,5,1,1,1,0,0,0,6409,0.267042,1,0.0015,1
1727,15523.3,7,0,2.14162,4.19671,0,0,0,6.33833,361,361,0,1,2.94392,2.94392,1830,367,0,1235,0,0,0,0,0,1339,1785.99,0.953667,29.338,168732,12,29433,486,465155,48,117732,1944,32,4,644756,1319142,20632192,5276568,25908760,4,4,12,4,4,4,0,20,20,20260807,5,1,1,1,0,0,0,6409,0.267042,1,0.0015,0
1728,15533.6,10,0,2.26358,7.99092,0,0,0,10.2545,361,361,0,1,2.94392,2.94392,1830,367,0,1235,0,0,0,0,0,1339,1785.99,0.953667,29.338,168732,12,29433,486,465155,48,117732,1944,32,4,644756,1319142,20632192,5276568,25908760,4,4,12,4,4,4,0,20,20,20260807,5,1,1,1,0,0,0,6409,0.267042,1,0.0015,0
1729,15539.9,7,0,2.39717,3.79421,0,0,0,6.19137,361,361,0,1,2.94392,2.94392,1830,367,0,1235,0,0,0,0,0,1339,1785.99,0.953667,29.338,168732,12,29433,486,465155,48,117732,1944,32,4,644756,1319142,20632192,5276568,25908760,4,4,12,4,4,4,0,20,20,20260807,5,1,1,1,0,0,0,6409,0.267042,1,0.0015,0
1730,15550.4,10,0,2.21967,8.135,0,0,0,10.3547,361,361,0,1,2.94392,2.94392,1830,367,0,1235,0,0,0,0,0,1339,1785.99,0.953667,29.338,168732,12,29433,486,465155,48,117732,1944,32,4,644756,1319142,20632192,5276568,25908760,4,4,12,4,4,4,0,20,20,20260807,5,1,1,1,0,0,0,6409,0.267042,1,0.0015,0
1731,15560.7,10,0,2.37387,7.90883,0,0,0,10.2827,361,361,0,1,2.94392,2.94392,1830,367,0,1235,0,0,0,0,0,1339,1785.99,0.953667,29.338,168732,12,29433,486,465155,48,117732,1944,32,4,644756,1319142,20632192,5276568,25908760,4,4,12,4,4,4,0,20,20,20260807,5,1,1,1,0,0,0,6409,0.267042,1,0.0015,0
1732,15566.9,7,0,2.11187,3.98142,0,0,0,6.09329,361,361,0,1,2.94392,2.94392,1830,367,0,1235,0,0,0,0,0,1339,1785.99,0.953667,29.338,168732,12,29433,486,465155,48,117732,1944,32,4,644756,1319142,20632192,5276568,25908760,4,4,12,4,4,4,0,20,20,20260807,5,1,1,1,0,0,0,6410,0.267083,1,0.0015,1
1733,15573.9,6,0,2.34512,4.50233,0,0,0,6.84746,361,361,0,1,2.94392,2.94392,1830,367,0,1235,0,0,0,0,0,1339,1785.99,0.953667,29.338,168732,12,29433,486,465155,48,117732,1944,32,4,644756,1319142,20632192,5276568,25908760,4,4,12,4,4,4,0,20,20,20260807,5,1,1,1,0,0,0,6410,0.267083,1,0.0015,0
1734,15583.7,10,0,2.23267,7.50554,0,0,0,9.73821,361,361,0,1,2.94392,2.94392,1830,367,0,1235,0,0,0,0,0,1339,1785.99,0.953667,29.338,168732,12,29433,486,465155,48,117732,1944,32,4,644756,1319142,20632192,5276568,25908760,4,4,12,4,4,4,0,20,20,20260807,5,1,1,1,0,0,0,6410,0.267083,1,0.0015,0
1735,15590.2,7,0,2.40021,4.02283,0,0,0,6.42304,361,361,0,1,2.94392,2.94392,1830,367,0,1235,0,0,0,0,0,1339,1785.99,0.953667,29.338,168732,12,29433,486,465155,48,117732,1944,32,4,644756,1319142,20632192,5276568,25908760,4,4,12,4,4,4,0,20,20,20260807,5,1,1,1,0,0,0,6410,0.267083,1,0.0015,0
1736,15607.8,17,0,2.30146,15.2497,0,0,0,17.5512,361,361,0,1,2.94392,2.94392,1830,367,0,1235,0,0,0,0,0,1339,1785.99,0.953667,29.338,168732,12,29433,486,465155,48,117732,1944,32,4,644756,1319142,20632192,5276568,25908760,4,4,12,4,4,4,0,20,20,20260807,5,1,1,1,0,0,0,6410,0.267083,1,0.0015,0
1737,15619.9,12,0,2.28192,9.66029,0,0,0,11.9422,361,361,0,1,2.94392,2.94392,1830,367,0,1235,0,0,0,0,0,1339,1785.99,0.953667,29.338,168732,12,29433,486,465155,48,117732,1944,32,4,644756,1319142,20632192,5276568,25908760,4,4,12,4,4,4,0,20,20,20260807,5,1,1,1,0,0,0,6411,0.267125,1,0.0015,1
1738,15626.2,7,0,2.43225,3.76138,0,0,0,6.19362,361,361,0,1,2.94392,2.94392,1830,367,0,1235,0,0,0,0,0,1339,1785.99,0.953667,29.338,168732,12,29433,486,465155,48,117732,1944,32,4,644756,1319142,20632192,5276568,25908760,4,4,12,4,4,4,0,20,20,20260807,5,1,1,1,0,0,0,6411,0.267125,1,0.0015,0
1739,15635.1,9,0,2.15408,6.74087,0,0,0,8.89496,361,361,0,1,2.94392,2.94392,1830,367,0,1235,0,0,0,0,0,1339,1785.99,0.953667,29.338,168732,12,29433,486,465155,48,117732,1944,32,4,644756,1319142,20632192,5276568,25908760,4,4,12,4,4,4,0,20,20,20260807,5,1,1,1,0,0,0,6411,0.267125,1,0.0015,0
1740,15640.6,5,0,2.10225,3.29029,0,0,0,5.39254,361,361,0,1,2.94392,2.94392,1830,367,0,1235,0,0,0,0,0,1339,1785.99,0.953667,29.338,168732,12,29433,486,465155,48,117732,1944,32,4,644756,1319142,20632192,5276568,25908760,4,4,12,4,4,4,0,20,20,20260807,5,1,1,1,0,0,0,6411,0.267125,1,0.0015,0
1741,15651.2,11,0,2.41129,8.12654,0,0,0,10.5378,361,361,0,1,2.94392,2.94392,1830,367,0,1235,0,0,0,0,0,1339,1785.99,0.953667,29.338,168732,12,29433,486,465155,48,117732,1944,32,4,644756,1319142,20632192,5276568,25908760,4,4,12,4,4,4,0,20,20,20260807,5,1,1,1,0,0,0,6411,0.267125,1,0.0015,0
1742,15657.4,6,0,2.41621,3.62975,0,0,0,6.04596,361,361,0,1,2.94392,2.94392,1830,367,0,1235,0,0,0,0,0,1339,1785.99,0.953667,29.338,168732,12,29433,486,465155,48,117732,1944,32,4,644756,1319142,20632192,5276568,25908760,4,4,12,4,4,4,0,20,20,20260807,5,1,1,1,0,0,0,6411,0.267125,1,0.0015,0
1743,15667,11,0,2.27513,7.27046,0,0,0,9.54558,361,361,0,1,2.94392,2.94392,1830,367,0,1235,0,0,0,0,0,1339,1785.99,0.953667,29.338,168732,12,29433,486,465155,48,117732,1944,32,4,644756,1319142,20632192,5276568,25908760,4,4,12,4,4,4,0,20,20,20260807,5,1,1,1,0,0,0,6412,0.267167,1,0.0015,1
1744,15674.1,7,0,2.23442,4.78158,0,0,0,7.016,361,361,0,1,2.94392,2.94392,1830,367,0,1235,0,0,0,0,0,1339,1785.99,0.953667,29.338,168732,12,29433,486,465155,48,117732,1944,32,4,644756,1319142,20632192,5276568,25908760,4,4,12,4,4,4,0,20,20,20260807,5,1,1,1,0,0,0,6412,0.267167,1,0.0015,0
1745,15683.6,9,0,2.21646,7.22554,0,0,0,9.442,361,361,0,1,2.94392,2.94392,1830,367,0,1235,0,0,0,0,0,1339,1785.99,0.953667,29.338,168732,12,29433,486,465155,48,117732,1944,32,4,644756,1319142,20632192,5276568,25908760,4,4,12,4,4,4,0,20,20,20260807,5,1,1,1,0,0,0,6412,0.267167,1,0.0015,0
1746,15690.1,7,0,2.37321,3.981,0,0,0,6.35421,361,361,0,1,2.94392,2.94392,1830,367,0,1235,0,0,0,0,0,1339,1785.99,0.953667,29.338,168732,12,29433,486,465155,48,117732,1944,32,4,644756,1319142,20632192,5276568,25908760,4,4,12,4,4,4,0,20,20,20260807,5,1,1,1,0,0,0,6412,0.267167,1,0.0015,0
1747,15701.4,11,0,2.24912,8.97438,0,0,0,11.2235,361,361,0,1,2.94392,2.94392,1830,367,0,1235,0,0,0,0,0,1339,1785.99,0.953667,29.338,168732,12,29433,486,465155,48,117732,1944,32,4,644756,1319142,20632192,5276568,25908760,4,4,12,4,4,4,0,20,20,20260807,5,1,1,1,0,0,0,6412,0.267167,1,0.0015,0
1748,15707.8,6,0,2.16158,4.17875,0,0,0,6.34033,361,361,0,1,2.94392,2.94392,1830,367,0,1235,0,0,0,0,0,1339,1785.99,0.953667,29.338,168732,12,29433,486,465155,48,117732,1944,32,4,644756,1319142,20632192,5276568,25908760,4,4,12,4,4,4,0,20,20,20260807,5,1,1,1,0,0,0,6413,0.267208,1,0.0015,1
1749,15718.8,11,0,2.41642,8.52058,0,0,0,10.937,361,361,0,1,2.94392,2.94392,1830,367,0,1235,0,0,0,0,0,1339,1785.99,0.953667,29.338,168732,12,29433,486,465155,48,117732,1944,32,4,644756,1319142,20632192,5276568,25908760,4,4,12,4,4,4,0,20,20,20260807,5,1,1,1,0,0,0,6413,0.267208,1,0.0015,0
1750,15724.7,6,0,2.14158,3.70337,0,0,0,5.84496,361,361,0,1,2.94392,2.94392,1830,367,0,1235,0,0,0,0,0,1339,1785.99,0.953667,29.338,168732,12,29433,486,465155,48,117732,1944,32,4,644756,1319142,20632192,5276568,25908760,4,4,12,4,4,4,0,20,20,20260807,5,1,1,1,0,0,0,6413,0.267208,1,0.0015,0
1751,15734.7,10,0,2.27892,7.55275,0,0,0,9.83167,361,361,0,1,2.94392,2.94392,1830,367,0,1235,0,0,0,0,0,1339,1785.99,0.953667,29.338,168732,12,29433,486,465155,48,117732,1944,32,4,644756,1319142,20632192,5276568,25908760,4,4,12,4,4,4,0,20,20,20260807,5,1,1,1,0,0,0,6413,0.267208,1,0.0015,0
1752,15741.8,7,0,1.95087,5.14133,0,0,0,7.09221,361,361,0,1,2.94392,2.94392,1830,367,0,1235,0,0,0,0,0,1339,1785.99,0.953667,29.338,168732,12,29433,486,465155,48,117732,1944,32,4,644756,1319142,20632192,5276568,25908760,4,4,12,4,4,4,0,20,20,20260807,5,1,1,1,0,0,0,6413,0.267208,1,0.0015,0
1753,15751,10,0,2.45763,6.67912,0,0,0,9.13675,361,361,0,1,2.94392,2.94392,1830,367,0,1235,0,0,0,0,0,1339,1785.99,0.953667,29.338,168732,12,29433,486,465155,48,117732,1944,32,4,644756,1319142,20632192,5276568,25908760,4,4,12,4,4,4,0,20,20,20260807,5,1,1,1,0,0,0,6413,0.267208,1,0.0015,0
1754,15756.7,5,0,2.38762,3.20996,0,0,0,5.59758,361,361,0,1,2.94392,2.94392,1830,367,0,1235,0,0,0,0,0,1339,1785.99,0.953667,29.338,168732,12,29433,486,465155,48,117732,1944,32,4,644756,1319142,20632192,5276568,25908760,4,4,12,4,4,4,0,20,20,20260807,5,1,1,1,0,0,0,6414,0.26725,1,0.0015,1
1755,15767.6,11,0,2.3385,8.504,0,0,0,10.8425,361,361,0,1,2.94392,2.94392,1830,367,0,1235,0,0,0,0,0,1339,1785.99,0.953667,29.338,168732,12,29433,486,465155,48,117732,1944,32,4,644756,1319142,20632192,5276568,25908760,4,4,12,4,4,4,0,20,20,20260807,5,1,1,1,0,0,0,6414,0.26725,1,0.0015,0
1756,15774,7,0,2.30283,4.01067,0,0,0,6.3135,361,361,0,1,2.94392,2.94392,1830,367,0,1235,0,0,0,0,0,1339,1785.99,0.953667,29.338,168732,12,29433,486,465155,48,117732,1944,32,4,644756,1319142,20632192,5276568,25908760,4,4,12,4,4,4,0,20,20,20260807,5,1,1,1,0,0,0,6414,0.26725,1,0.0015,0
1757,15784.6,10,0,2.18242,8.319,0,0,0,10.5014,361,361,0,1,2.94392,2.94392,1830,367,0,1235,0,0,0,0,0,1339,1785.99,0.953667,29.338,168732,12,29433,486,465155,48,117732,1944,32,4,644756,1319142,20632192,5276568,25908760,4,4,12,4,4,4,0,20,20,20260807,5,1,1,1,0,0,0,6414,0.26725,1,0.0015,0
1758,15793.4,9,0,2.41162,6.22092,0,0,0,8.63254,361,361,0,1,2.94392,2.94392,1830,367,0,1235,0,0,0,0,0,1339,1785.99,0.953667,29.338,168732,12,29433,486,465155,48,117732,1944,32,4,644756,1319142,20632192,5276568,25908760,4,4,12,4,4,4,0,20,20,20260807,5,1,1,1,0,0,0,6414,0.26725,1,0.0015,0
1759,15802.2,9,0,2.075,6.65796,0,0,0,8.73296,361,361,0,1,2.94392,2.94392,1830,367,0,1235,0,0,0,0,0,1339,1785.99,0.953667,29.338,168732,12,29433,486,465155,48,117732,1944,32,4,644756,1319142,20632192,5276568,25908760,4,4,12,4,4,4,0,20,20,20260807,5,1,1,1,0,0,0,6414,0.26725,1,0.0015,0
1760,15819.6,17,0,2.20758,15.1301,0,0,0,17.3377,361,361,0,1,2.94392,2.94392,1830,367,0,1235,0,0,0,0,0,1339,1785.99,0.953667,29.338,168732,12,29433,486,465155,48,117732,1944,32,4,644756,1319142,20632192,5276568,25908760,4,4,12,4,4,4,0,20,20,20260807,5,1,1,1,0,0,0,6415,0.267292,1,0.0015,1
1761,15826,7,0,2.20679,4.12254,0,0,0,6.32933,361,361,0,1,2.94392,2.94392,1830,367,0,1235,0,0,0,0,0,1339,1785.99,0.953667,29.338,168732,12,29433,486,465155,48,117732,1944,32,4,644756,1319142,20632192,5276568,25908760,4,4,12,4,4,4,0,20,20,20260807,5,1,1,1,0,0,0,6415,0.267292,1,0.0015,0
1762,15833.6,7,0,2.15992,5.30987,0,0,0,7.46979,361,361,0,1,2.94392,2.94392,1830,367,0,1235,0,0,0,0,0,1339,1785.99,0.953667,29.338,168732,12,29433,486,465155,48,117732,1944,32,4,644756,1319142,20632192,5276568,25908760,4,4,12,4,4,4,0,20,20,20260807,5,1,1,1,0,0,0,6415,0.267292,1,0.0015,0
1763,15839.1,6,0,2.34125,3.08175,0,0,0,5.423,361,361,0,1,2.94392,2.94392,1830,367,0,1235,0,0,0,0,0,1339,1785.99,0.953667,29.338,168732,12,29433,486,465155,48,117732,1944,32,4,644756,1319142,20632192,5276568,25908760,4,4,12,4,4,4,0,20,20,20260807,5,1,1,1,0,0,0,6415,0.267292,1,0.0015,0
1764,15850.6,11,0,2.59308,8.83962,0,0,0,11.4327,361,361,0,1,2.94392,2.94392,1830,367,0,1235,0,0,0,0,0,1339,1785.99,0.953667,29.338,168732,12,29433,486,465155,48,117732,1944,32,4,644756,1319142,20632192,5276568,25908760,4,4,12,4,4,4,0,20,20,20260807,5,1,1,1,0,0,0,6415,0.267292,1,0.0015,0
1765,15856,6,0,2.19596,3.08542,0,0,0,5.28137,361,361,0,1,2.94392,2.94392,1830,367,0,1235,0,0,0,0,0,1339,1785.99,0.953667,29.338,168732,12,29433,486,465155,48,117732,1944,32,4,644756,1319142,20632192,5276568,25908760,4,4,12,4,4,4,0,20,20,20260807,5,1,1,1,0,0,0,6415,0.267292,1,0.0015,0
1766,15870.5,14,0,2.26117,12.1764,0,0,0,14.4376,361,361,0,1,2.94392,2.94392,1830,367,0,1235,0,0,0,0,0,1339,1785.99,0.953667,29.338,168732,12,29433,486,465155,48,117732,1944,32,4,644756,1319142,20632192,5276568,25908760,4,4,12,4,4,4,0,20,20,20260807,5,1,1,1,0,0,0,6416,0.267333,1,0.0015,1
1767,15876.3,6,0,2.14646,3.63021,0,0,0,5.77667,361,361,0,1,2.94392,2.94392,1830,367,0,1235,0,0,0,0,0,1339,1785.99,0.953667,29.338,168732,12,29433,486,465155,48,117732,1944,32,4,644756,1319142,20632192,5276568,25908760,4,4,12,4,4,4,0,20,20,20260807,5,1,1,1,0,0,0,6416,0.267333,1,0.0015,0
1768,15886.1,10,0,2.08596,7.62446,0,0,0,9.71042,361,361,0,1,2.94392,2.94392,1830,367,0,1235,0,0,0,0,0,1339,1785.99,0.953667,29.338,168732,12,29433,486,465155,48,117732,1944,32,4,644756,1319142,20632192,5276568,25908760,4,4,12,4,4,4,0,20,20,20260807,5,1,1,1,0,0,0,6416,0.267333,1,0.0015,0
1769,15891.7,5,0,2.22637,3.27758,0,0,0,5.50396,361,361,0,1,2.94392,2.94392,1830,367,0,1235,0,0,0,0,0,1339,1785.99,0.953667,29.338,168732,12,29433,486,465155,48,117732,1944,32,4,644756,1319142,20632192,5276568,25908760,4,4,12,4,4,4,0,20,20,20260807,5,1,1,1,0,0,0,6416,0.267333,1,0.0015,0
1770,15900.1,9,0,2.37988,5.93533,0,0,0,8.31521,361,361,0,1,2.94392,2.94392,1830,367,0,1235,0,0,0,0,0,1339,1785.99,0.953667,29.338,168732,12,29433,486,465155,48,117732,1944,32,4,644756,1319142,20632192,5276568,25908760,4,4,12,4,4,4,0,20,20,20260807,5,1,1,1,0,0,0,6416,0.267333,1,0.0015,0
1771,15906.3,6,0,2.88704,3.18142,0,0,0,6.06846,361,361,0,1,2.94392,2.94392,1830,367,0,1235,0,0,0,0,0,1339,1785.99,0.953667,29.338,168732,12,29433,486,465155,48,117732,1944,32,4,644756,1319142,20632192,5276568,25908760,4,4,12,4,4,4,0,20,20,20260807,5,1,1,1,0,0,0,6416,0.267333,1,0.0015,0
1772,15917.5,11,0,2.25642,8.90242,0,0,0,11.1588,361,361,0,1,2.94392,2.94392,1830,367,0,1235,0,0,0,0,0,1339,1785.99,0.953667,29.338,168732,12,29433,486,465155,48,117732,1944,32,4,644756,1319142,20632192,5276568,25908760,4,4,12,4,4,4,0,20,20,20260807,5,1,1,1,0,0,0,6417,0.267375,1,0.0015,1
1773,15924.7,7,0,2.2015,4.898,0,0,0,7.0995,361,361,0,1,2.94392,2.94392,1830,367,0,1235,0,0,0,0,0,1339,1785.99,0.953667,29.338,168732,12,29433,486,465155,48,117732,1944,32,4,644756,1319142,20632192,5276568,25908760,4,4,12,4,4,4,0,20,20,20260807,5,1,1,1,0,0,0,6417,0.267375,1,0.0015,0
1774,15933.8,9,0,2.44496,6.56508,0,0,0,9.01004,361,361,0,1,2.94392,2.94392,1830,367,0,1235,0,0,0,0,0,1339,1785.99,0.953667,29.338,168732,12,29433,486,465155,48,117732,1944,32,4,644756,1319142,20632192,5276568,25908760,4,4,12,4,4,4,0,20,20,20260807,5,1,1,1,0,0,0,6417,0.267375,1,0.0015,0
1775,15940,7,0,2.12737,3.95367,0,0,0,6.08104,361,361,0,1,2.94392,2.94392,1830,367,0,1235,0,0,0,0,0,1339,1785.99,0.953667,29.338,168732,12,29433,486,465155,48,117732,1944,32,4,644756,1319142,20632192,5276568,25908760,4,4,12,4,4,4,0,20,20,20260807,5,1,1,1,0,0,0,6417,0.267375,1,0.0015,0
1776,15950.4,10,0,2.2525,8.12821,0,0,0,10.3807,361,361,0,1,2.94392,2.94392,1830,367,0,1235,0,0,0,0,0,1339,1785.99,0.953667,29.338,168732,12,29433,486,465155,48,117732,1944,32,4,644756,1319142,20632192,5276568,25908760,4,4,12,4,4,4,0,20,20,20260807,5,1,1,1,0,0,0,6417,0.267375,1,0.0015,0
1777,15957.8,7,0,2.15779,5.12996,0,0,0,7.28775,361,361,0,1,2.94392,2.94392,1830,367,0,1235,0,0,0,0,0,1339,1785.99,0.953667,29.338,168732,12,29433,486,465155,48,117732,1944,32,4,644756,1319142,20632192,5276568,25908760,4,4,12,4,4,4,0,20,20,20260807,5,1,1,1,0,0,0,6417,0.267375,1,0.0015,0
1778,15967.2,10,0,2.12283,7.14438,0,0,0,9.26721,361,361,0,1,2.94392,2.94392,1830,367,0,1235,0,0,0,0,0,1339,1785.99,0.953667,29.338,168732,12,29433,486,465155,48,117732,1944,32,4,644756,1319142,20632192,5276568,25908760,4,4,12,4,4,4,0,20,20,20260807,5,1,1,1,0,0,0,6418,0.267417,1,0.0015,1
1779,15973.3,6,0,2.16004,3.89863,0,0,0,6.05867,361,361,0,1,2.94392,2.94392,1830,367,0,1235,0,0,0,0,0,1339,1785.99,0.953667,29.338,168732,12,29433,486,465155,48,117732,1944,32,4,644756,1319142,20632192,5276568,25908760,4,4,12,4,4,4,0,20,20,20260807,5,1,1,1,0,0,0,6418,0.267417,1,0.0015,0
1780,15984.3,11,0,2.20058,8.77279,0,0,0,10.9734,361,361,0,1,2.94392,2.94392,1830,367,0,1235,0,0,0,0,0,1339,1785.99,0.953667,29.338,168732,12,29433,486,465155,48,117732,1944,32,4,644756,1319142,20632192,5276568,25908760,4,4,12,4,4,4,0,20,20,20260807,5,1,1,1,0,0,0,6418,0.267417,1,0.0015,0
1781,15989.9,6,0,2.14908,3.38217,0,0,0,5.53125,361,361,0,1,2.94392,2.94392,1830,367,0,1235,0,0,0,0,0,1339,1785.99,0.953667,29.338,168732,12,29433,486,465155,48,117732,1944,32,4,644756,1319142,20632192,5276568,25908760,4,4,12,4,4,4,0,20,20,20260807,5,1,1,1,0,0,0,6418,0.267417,1,0.0015,0
1782,16000.4,10,0,2.54029,7.85129,0,0,0,10.3916,361,361,0,1,2.94392,2.94392,1830,367,0,1235,0,0,0,0,0,1339,1785.99,0.953667,29.338,168732,12,29433,486,465155,48,117732,1944,32,4,644756,1319142,20632192,5276568,25908760,4,4,12,4,4,4,0,20,20,20260807,5,1,1,1,0,0,0,6418,0.267417,1,0.0015,0
1783,16007.2,7,0,2.27913,4.42521,0,0,0,6.70433,361,361,0,1,2.94392,2.94392,1830,367,0,1235,0,0,0,0,0,1339,1785.99,0.953667,29.338,168732,12,29433,486,465155,48,117732,1944,32,4,644756,1319142,20632192,5276568,25908760,4,4,12,4,4,4,0,20,20,20260807,5,1,1,1,0,0,0,6418,0.267417,1,0.0015,0
1784,16016.9,10,0,2.25508,7.40283,0,0,0,9.65792,361,361,0,1,2.94392,2.94392,1830,367,0,1235,0,0,0,0,0,1339,1785.99,0.953667,29.338,168732,12,29433,486,465155,48,117732,1944,32,4,644756,1319142,20632192,5276568,25908760,4,4,12,4,4,4,0,20,20,20260807,5,1,1,1,0,0,0,6419,0.267458,1,0.0015,1
1785,16023.3,6,0,2.29575,3.97804,0,0,0,6.27379,361,361,0,1,2.94392,2.94392,1830,367,0,1235,0,0,0,0,0,1339,1785.99,0.953667,29.338,168732,12,29433,486,465155,48,117732,1944,32,4,644756,1319142,20632192,5276568,25908760,4,4,12,4,4,4,0,20,20,20260807,5,1,1,1,0,0,0,6419,0.267458,1,0.0015,0
1786,16033.7,10,0,2.11275,8.21771,0,0,0,10.3305,361,361,0,1,2.94392,2.94392,1830,367,0,1235,0,0,0,0,0,1339,1785.99,0.953667,29.338,168732,12,29433,486,465155,48,117732,1944,32,4,644756,1319142,20632192,5276568,25908760,4,4,12,4,4,4,0,20,20,20260807,5,1,1,1,0,0,0,6419,0.267458,1,0.0015,0
1787,16039.9,7,0,2.31921,3.782,0,0,0,6.10121,361,361,0,1,2.94392,2.94392,1830,367,0,1235,0,0,0,0,0,1339,1785.99,0.953667,29.338,168732,12,29433,486,465155,48,117732,1944,32,4,644756,1319142,20632192,5276568,25908760,4,4,12,4,4,4,0,20,20,20260807,5,1,1,1,0,0,0,6419,0.267458,1,0.0015,0
1788,16050.2,10,0,2.2285,8.01554,0,0,0,10.244,361,361,0,1,2.94392,2.94392,1830,367,0,1235,0,0,0,0,0,1339,1785.99,0.953667,29.338,168732,12,29433,486,465155,48,117732,1944,32,4,644756,1319142,20632192,5276568,25908760,4,4,12,4,4,4,0,20,20,20260807,5,1,1,1,0,0,0,6419,0.267458,1,0.0015,0
1789,16056.9,7,0,2.20117,4.40833,0,0,0,6.6095,361,361,0,1,2.94392,2.94392,1830,367,0,1235,0,0,0,0,0,1339,1785.99,0.953667,29.338,168732,12,29433,486,465155,48,117732,1944,32,4,644756,1319142,20632192,5276568,25908760,4,4,12,4,4,4,0,20,20,20260807,5,1,1,1,0,0,0,6419,0.267458,1,0.0015,0
1790,16067,10,0,3.58671,6.42213,0,0,0,10.0088,361,361,0,1,2.94392,2.94392,1830,367,0,1235,0,0,0,0,0,1339,1785.99,0.953667,29.338,168732,12,29433,486,465155,48,117732,1944,32,4,644756,1319142,20632192,5276568,25908760,4,4,12,4,4,4,0,20,20,20260807,5,1,1,1,0,0,0,6420,0.2675,1,0.0015,1
1791,16073.1,6,0,2.37504,3.67883,0,0,0,6.05387,361,361,0,1,2.94392,2.94392,1830,367,0,1235,0,0,0,0,0,1339,1785.99,0.953667,29.338,168732,12,29433,486,465155,48,117732,1944,32,4,644756,1319142,20632192,5276568,25908760,4,4,12,4,4,4,0,20,20,20260807,5,1,1,1,0,0,0,6420,0.2675,1,0.0015,0
1792,16083.6,10,0,2.25708,8.15012,0,0,0,10.4072,361,361,0,1,2.94392,2.94392,1830,367,0,1235,0,0,0,0,0,1339,1785.99,0.953667,29.338,168732,12,29433,486,465155,48,117732,1944,32,4,644756,1319142,20632192,5276568,25908760,4,4,12,4,4,4,0,20,20,20260807,5,1,1,1,0,0,0,6420,0.2675,1,0.0015,0
1793,16089.7,6,0,2.199,3.828,0,0,0,6.027,361,361,0,1,2.94392,2.94392,1830,367,0,1235,0,0,0,0,0,1339,1785.99,0.953667,29.338,168732,12,29433,486,465155,48,117732,1944,32,4,644756,1319142,20632192,5276568,25908760,4,4,12,4,4,4,0,20,20,20260807,5,1,1,1,0,0,0,6420,0.2675,1,0.0015,0
1794,16100.1,11,0,2.18829,5.72596,0,0,0,7.91425,361,361,0,1,2.94392,2.94392,1830,367,0,1235,0,0,0,0,0,1339,1785.99,0.953667,29.338,168732,12,29433,486,465155,48,117732,1944,32,4,644756,1319142,20632192,5276568,25908760,4,4,12,4,4,4,0,20,20,20260807,5,1,1,1,0,0,0,6420,0.2675,1,0.0015,0
1795,16107.7,7,0,2.05892,5.51796,0,0,0,7.57688,361,361,0,1,2.94392,2.94392,1830,367,0,1235,0,0,0,0,0,1339,1785.99,0.953667,29.338,168732,12,29433,486,465155,48,117732,1944,32,4,644756,1319142,20632192,5276568,25908760,4,4,12,4,4,4,0,20,20,20260807,5,1,1,1,0,0,0,6420,0.2675,1,0.0015,0
1796,16116.8,9,0,2.12729,6.873,0,0,0,9.00029,361,361,0,1,2.94392,2.94392,1830,367,0,1235,0,0,0,0,0,1339,1785.99,0.953667,29.338,168732,12,29433,486,465155,48,117732,1944,32,4,644756,1319142,20632192,5276568,25908760,4,4,12,4,4,4,0,20,20,20260807,5,1,1,1,0,0,0,6421,0.267542,1,0.0015,1
1797,16124.1,8,0,2.21675,4.95904,0,0,0,7.17579,361,361,0,1,2.94392,2.94392,1830,367,0,1235,0,0,0,0,0,1339,1785.99,0.953667,29.338,168732,12,29433,486,465155,48,117732,1944,32,4,644756,1319142,20632192,5276568,25908760,4,4,12,4,4,4,0,20,20,20260807,5,1,1,1,0,0,0,6421,0.267542,1,0.0015,0
1798,16133.6,9,0,2.07783,7.27154,0,0,0,9.34938,361,361,0,1,2.94392,2.94392,1830,367,0,1235,0,0,0,0,0,1339,1785.99,0.953667,29.338,168732,12,29433,486,465155,48,117732,1944,32,4,644756,1319142,20632192,5276568,25908760,4,4,12,4,4,4,0,20,20,20260807,5,1,1,1,0,0,0,6421,0.267542,1,0.0015,0
1799,16139.8,6,0,2.18725,4.01908,0,0,0,6.20633,361,361,0,1,2.94392,2.94392,1830,367,0,1235,0,0,0,0,0,1339,1785.99,0.953667,29.338,168732,12,29433,486,465155,48,117732,1944,32,4,644756,1319142,20632192,5276568,25908760,4,4,12,4,4,4,0,20,20,20260807,5,1,1,1,0,0,0,6421,0.267542,1,0.0015,0
1800,16150.3,11,0,2.19125,8.23142,0,0,0,10.4227,361,361,0,1,2.94392,2.94392,1830,367,0,1235,0,0,0,0,0,1339,1785.99,0.953667,29.338,168732,12,29433,486,465155,48,117732,1944,32,4,644756,1319142,20632192,5276568,25908760,4,4,12,4,4,4,0,20,20,20260807,5,1,1,1,0,0,0,6421,0.267542,1,0.0015,0
1801,16155.7,5,0,2.24863,3.00633,0,0,0,5.25496,361,361,0,1,2.94392,2.94392,1830,367,0,1235,0,0,0,0,0,1339,1785.99,0.953667,29.338,168732,12,29433,486,465155,48,117732,1944,32,4,644756,1319142,20632192,5276568,25908760,4,4,12,4,4,4,0,20,20,20260807,5,1,1,1,0,0,0,6421,0.267542,1,0.0015,0
1802,16166.8,11,0,2.28463,8.75046,0,0,0,11.0351,361,361,0,1,2.94392,2.94392,1830,367,0,1235,0,0,0,0,0,1339,1785.99,0.953667,29.338,168732,12,29433,486,465155,48,117732,1944,32,4,644756,1319142,20632192,5276568,25908760,4,4,12,4,4,4,0,20,20,20260807,5,1,1,1,0,0,0,6422,0.267583,1,0.0015,1
1803,16173.3,7,0,2.19917,4.16967,0,0,0,6.36883,361,361,0,1,2.94392,2.94392,1830,367,0,1235,0,0,0,0,0,1339,1785.99,0.953667,29.338,168732,12,29433,486,465155,48,117732,1944,32,4,644756,1319142,20632192,5276568,25908760,4,4,12,4,4,4,0,20,20,20260807,5,1,1,1,0,0,0,6422,0.267583,1,0.0015,0
1804,16183.6,10,0,2.23013,7.97808,0,0,0,10.2082,361,361,0,1,2.94392,2.94392,1830,367,0,1235,0,0,0,0,0,1339,1785.99,0.953667,29.338,168732,12,29433,486,465155,48,117732,1944,32,4,644756,1319142,20632192,5276568,25908760,4,4,12,4,4,4,0,20,20,20260807,5,1,1,1,0,0,0,6422,0.267583,1,0.0015,0
1805,16190.9,8,0,2.1105,5.19683,0,0,0,7.30733,361,361,0,1,2.94392,2.94392,1830,367,0,1235,0,0,0,0,0,1339,1785.99,0.953667,29.338,168732,12,29433,486,465155,48,117732,1944,32,4,644756,1319142,20632192,5276568,25908760,4,4,12,4,4,4,0,20,20,20260807,5,1,1,1,0,0,0,6422,0.267583,1,0.0015,0
1806,16200.2,9,0,3.13958,6.00996,0,0,0,9.14954,361,361,0,1,2.94392,2.94392,1830,367,0,1235,0,0,0,0,0,1339,1785.99,0.953667,29.338,168732,12,29433,486,465155,48,117732,1944,32,4,644756,1319142,20632192,5276568,25908760,4,4,12,4,4,4,0,20,20,20260807,5,1,1,1,0,0,0,6422,0.267583,1,0.0015,0
1807,16208,8,0,2.08658,5.64979,0,0,0,7.73637,361,361,0,1,2.94392,2.94392,1830,367,0,1235,0,0,0,0,0,1339,1785.99,0.953667,29.338,168732,12,29433,486,465155,48,117732,1944,32,4,644756,1319142,20632192,5276568,25908760,4,4,12,4,4,4,0,20,20,20260807,5,1,1,1,0,0,0,6422,0.267583,1,0.0015,0
1808,16217,9,0,2.23083,6.61342,0,0,0,8.84425,361,361,0,1,2.94392,2.94392,1830,367,0,1235,0,0,0,0,0,1339,1785.99,0.953667,29.338,168732,12,29433,486,465155,48,117732,1944,32,4,644756,1319142,20632192,5276568,25908760,4,4,12,4,4,4,0,20,20,20260807,5,1,1,1,0,0,0,6423,0.267625,1,0.0015,1
1809,16227.9,10,0,2.07362,8.78021,0,0,0,10.8538,361,361,0,1,2.94392,2.94392,1830,367,0,1235,0,0,0,0,0,1339,1785.99,0.953667,29.338,168732,12,29433,486,465155,48,117732,1944,32,4,644756,1319142,20632192,5276568,25908760,4,4,12,4,4,4,0,20,20,20260807,5,1,1,1,0,0,0,6423,0.267625,1,0.0015,0
1810,16233.3,5,0,2.11658,3.19892,0,0,0,5.3155,361,361,0,1,2.94392,2.94392,1830,367,0,1235,0,0,0,0,0,1339,1785.99,0.953667,29.338,168732,12,29433,486,465155,48,117732,1944,32,4,644756,1319142,20632192,5276568,25908760,4,4,12,4,4,4,0,20,20,20260807,5,1,1,1,0,0,0,6423,0.267625,1,0.0015,0
1811,16240.4,7,0,2.26925,4.80046,0,0,0,7.06971,361,361,0,1,2.94392,2.94392,1830,367,0,1235,0,0,0,0,0,1339,1785.99,0.953667,29.338,168732,12,29433,486,465155,48,117732,1944,32,4,644756,1319142,20632192,5276568,25908760,4,4,12,4,4,4,0,20,20,20260807,5,1,1,1,0,0,0,6423,0.267625,1,0.0015,0
1812,16250.2,10,0,2.29296,7.38008,0,0,0,9.67304,361,361,0,1,2.94392,2.94392,1830,367,0,1235,0,0,0,0,0,1339,1785.99,0.953667,29.338,168732,12,29433,486,465155,48,117732,1944,32,4,644756,1319142,20632192,5276568,25908760,4,4,12,4,4,4,0,20,20,20260807,5,1,1,1,0,0,0,6423,0.267625,1,0.0015,0
1813,16257.6,7,0,2.22021,5.13421,0,0,0,7.35442,361,361,0,1,2.94392,2.94392,1830,367,0,1235,0,0,0,0,0,1339,1785.99,0.953667,29.338,168732,12,29433,486,465155,48,117732,1944,32,4,644756,1319142,20632192,5276568,25908760,4,4,12,4,4,4,0,20,20,20260807,5,1,1,1,0,0,0,6423,0.267625,1,0.0015,0
1814,16266.9,10,0,2.31896,6.90437,0,0,0,9.22333,361,361,0,1,2.94392,2.94392,1830,367,0,1235,0,0,0,0,0,1339,1785.99,0.953667,29.338,168732,12,29433,486,465155,48,117732,1944,32,4,644756,1319142,20632192,5276568,25908760,4,4,12,4,4,4,0,20,20,20260807,5,1,1,1,0,0,0,6424,0.267667,1,0.0015,1
1815,16274.1,7,0,2.25671,4.80262,0,0,0,7.05933,361,361,0,1,2.94392,2.94392,1830,367,0,1235,0,0,0,0,0,1339,1785.99,0.953667,29.338,168732,12,29433,486,465155,48,117732,1944,32,4,644756,1319142,20632192,5276568,25908760,4,4,12,4,4,4,0,20,20,20260807,5,1,1,1,0,0,0,6424,0.267667,1,0.0015,0
1816,16284.4,10,0,2.14329,8.113,0,0,0,10.2563,361,361,0,1,2.94392,2.94392,1830,367,0,1235,0,0,0,0,0,1339,1785.99,0.953667,29.338,168732,12,29433,486,465155,48,117732,1944,32,4,644756,1319142,20632192,5276568,25908760,4,4,12,4,4,4,0,20,20,20260807,5,1,1,1,0,0,0,6424,0.267667,1,0.0015,0
1817,16290.7,6,0,2.37538,3.83771,0,0,0,6.21308,361,361,0,1,2.94392,2.94392,1830,367,0,1235,0,0,0,0,0,1339,1785.99,0.953667,29.338,168732,12,29433,486,465155,48,117732,1944,32,4,644756,1319142,20632192,5276568,25908760,4,4,12,4,4,4,0,20,20,20260807,5,1,1,1,0,0,0,6424,0.267667,1,0.0015,0
1818,16301.6,11,0,2.28262,8.54929,0,0,0,10.8319,361,361,0,1,2.94392,2.94392,1830,367,0,1235,0,0,0,0,0,1339,1785.99,0.953667,29.338,168732,12,29433,486,465155,48,117732,1944,32,4,644756,1319142,20632192,5276568,25908760,4,4,12,4,4,4,0,20,20,20260807,5,1,1,1,0,0,0,6424,0.267667,1,0.0015,0
1819,16307.8,6,0,2.31354,3.74946,0,0,0,6.063,361,361,0,1,2.94392,2.94392,1830,367,0,1235,0,0,0,0,0,1339,1785.99,0.953667,29.338,168732,12,29433,486,465155,48,117732,1944,32,4,644756,1319142,20632192,5276568,25908760,4,4,12,4,4,4,0,20,20,20260807,5,1,1,1,0,0,0,6424,0.267667,1,0.0015,0
1820,16318,11,0,2.39938,7.76821,0,0,0,10.1676,361,361,0,1,2.94392,2.94392,1830,367,0,1235,0,0,0,0,0,1339,1785.99,0.953667,29.338,168732,12,29433,486,465155,48,117732,1944,32,4,644756,1319142,20632192,5276568,25908760,4,4,12,4,4,4,0,20,20,20260807,5,1,1,1,0,0,0,6425,0.267708,1,0.0015,1
1821,16324.3,6,0,2.20367,3.96483,0,0,0,6.1685,361,361,0,1,2.94392,2.94392,1830,367,0,1235,0,0,0,0,0,1339,1785.99,0.953667,29.338,168732,12,29433,486,465155,48,117732,1944,32,4,644756,1319142,20632192,5276568,25908760,4,4,12,4,4,4,0,20,20,20260807,5,1,1,1,0,0,0,6425,0.267708,1,0.0015,0
1822,16334.6,10,0,2.31454,7.89858,0,0,0,10.2131,361,361,0,1,2.94392,2.94392,1830,367,0,1235,0,0,0,0,0,1339,1785.99,0.953667,29.338,168732,12,29433,486,465155,48,117732,1944,32,4,644756,1319142,20632192,5276568,25908760,4,4,12,4,4,4,0,20,20,20260807,5,1,1,1,0,0,0,6425,0.267708,1,0.0015,0
1823,16340.3,6,0,2.21238,3.38721,0,0,0,5.59958,361,361,0,1,2.94392,2.94392,1830,367,0,1235,0,0,0,0,0,1339,1785.99,0.953667,29.338,168732,12,29433,486,465155,48,117732,1944,32,4,644756,1319142,20632192,5276568,25908760,4,4,12,4,4,4,0,20,20,20260807,5,1,1,1,0,0,0,6425,0.267708,1,0.0015,0
1824,16351.7,11,0,2.25738,9.08996,0,0,0,11.3473,361,361,0,1,2.94392,2.94392,1830,367,0,1235,0,0,0,0,0,1339,1785.99,0.953667,29.338,168732,12,29433,486,465155,48,117732,1944,32,4,644756,1319142,20632192,5276568,25908760,4,4,12,4,4,4,0,20,20,20260807,5,1,1,1,0,0,0,6425,0.267708,1,0.0015,0
1825,16367.9,16,0,2.39533,13.7033,0,0,0,16.0986,361,361,0,1,2.94392,2.94392,1830,367,0,1235,0,0,0,0,0,1339,1785.99,0.953667,29.338,168732,12,29433,486,465155,48,117732,1944,32,4,644756,1319142,20632192,5276568,25908760,4,4,12,4,4,4,0,20,20,20260807,5,1,1,1,0,0,0,6425,0.267708,1,0.0015,0
1826,16374.3,7,0,2.27975,4.01504,0,0,0,6.29479,361,361,0,1,2.94392,2.94392,1830,367,0,1235,0,0,0,0,0,1339,1785.99,0.953667,29.338,168732,12,29433,486,465155,48,117732,1944,32,4,644756,1319142,20632192,5276568,25908760,4,4,12,4,4,4,0,20,20,20260807,5,1,1,1,0,0,0,6426,0.26775,1,0.0015,1
1827,16385.6,11,0,2.09779,9.19533,0,0,0,11.2931,361,361,0,1,2.94392,2.94392,1830,367,0,1235,0,0,0,0,0,1339,1785.99,0.953667,29.338,168732,12,29433,486,465155,48,117732,1944,32,4,644756,1319142,20632192,5276568,25908760,4,4,12,4,4,4,0,20,20,20260807,5,1,1,1,0,0,0,6426,0.26775,1,0.0015,0
1828,16391.8,6,0,2.34967,3.78892,0,0,0,6.13858,361,361,0,1,2.94392,2.94392,1830,367,0,1235,0,0,0,0,0,1339,1785.99,0.953667,29.338,168732,12,29433,486,465155,48,117732,1944,32,4,644756,1319142,20632192,5276568,25908760,4,4,12,4,4,4,0,20,20,20260807,5,1,1,1,0,0,0,6426,0.26775,1,0.0015,0
1829,16401.3,10,0,2.37725,6.99992,0,0,0,9.37717,361,361,0,1,2.94392,2.94392,1830,367,0,1235,0,0,0,0,0,1339,1785.99,0.953667,29.338,168732,12,29433,486,465155,48,117732,1944,32,4,644756,1319142,20632192,5276568,25908760,4,4,12,4,4,4,0,20,20,20260807,5,1,1,1,0,0,0,6426,0.26775,1,0.0015,0
1830,16407,6,0,2.15354,3.40596,0,0,0,5.5595,361,361,0,1,2.94392,2.94392,1830,367,0,1235,0,0,0,0,0,1339,1785.99,0.953667,29.338,168732,12,29433,486,465155,48,117732,1944,32,4,644756,1319142,20632192,5276568,25908760,4,4,12,4,4,4,0,20,20,20260807,5,1,1,1,0,0,0,6426,0.26775,1,0.0015,0
1831,16417.1,10,0,2.46163,7.58617,0,0,0,10.0478,361,361,0,1,2.94392,2.94392,1830,367,0,1235,0,0,0,0,0,1339,1785.99,0.953667,29.338,168732,12,29433,486,465155,48,117732,1944,32,4,644756,1319142,20632192,5276568,25908760,4,4,12,4,4,4,0,20,20,20260807,5,1,1,1,0,0,0,6427,0.267792,1,0.0015,1
1832,16422.6,5,0,2.217,3.14737,0,0,0,5.36437,361,361,0,1,2.94392,2.94392,1830,367,0,1235,0,0,0,0,0,1339,1785.99,0.953667,29.338,168732,12,29433,486,465155,48,117732,1944,32,4,644756,1319142,20632192,5276568,25908760,4,4,12,4,4,4,0,20,20,20260807,5,1,1,1,0,0,0,6427,0.267792,1,0.0015,0
1833,16434.9,13,0,2.20104,10.0672,0,0,0,12.2683,361,361,0,1,2.94392,2.94392,1830,367,0,1235,0,0,0,0,0,1339,1785.99,0.953667,29.338,168732,12,29433,486,465155,48,117732,1944,32,4,644756,1319142,20632192,5276568,25908760,4,4,12,4,4,4,0,20,20,20260807,5,1,1,1,0,0,0,6427,0.267792,1,0.0015,0
1834,16440.4,5,0,2.35038,3.04575,0,0,0,5.39612,361,361,0,1,2.94392,2.94392,1830,367,0,1235,0,0,0,0,0,1339,1785.99,0.953667,29.338,168732,12,29433,486,465155,48,117732,1944,32,4,644756,1319142,20632192,5276568,25908760,4,4,12,4,4,4,0,20,20,20260807,5,1,1,1,0,0,0,6427,0.267792,1,0.0015,0
1835,16450.2,10,0,2.39529,7.34325,0,0,0,9.73854,361,361,0,1,2.94392,2.94392,1830,367,0,1235,0,0,0,0,0,1339,1785.99,0.953667,29.338,168732,12,29433,486,465155,48,117732,1944,32,4,644756,1319142,20632192,5276568,25908760,4,4,12,4,4,4,0,20,20,20260807,5,1,1,1,0,0,0,6427,0.267792,1,0.0015,0
1836,16456.3,6,0,2.17296,3.88283,0,0,0,6.05579,361,361,0,1,2.94392,2.94392,1830,367,0,1235,0,0,0,0,0,1339,1785.99,0.953667,29.338,168732,12,29433,486,465155,48,117732,1944,32,4,644756,1319142,20632192,5276568,25908760,4,4,12,4,4,4,0,20,20,20260807,5,1,1,1,0,0,0,6427,0.267792,1,0.0015,0
1837,16466.9,11,0,2.38633,8.10883,0,0,0,10.4952,361,361,0,1,2.94392,2.94392,1830,367,0,1235,0,0,0,0,0,1339,1785.99,0.953667,29.338,168732,12,29433,486,465155,48,117732,1944,32,4,644756,1319142,20632192,5276568,25908760,4,4,12,4,4,4,0,20,20,20260807,5,1,1,1,0,0,0,6428,0.267833,1,0.0015,1
1838,16474.8,7,0,2.07979,5.68337,0,0,0,7.76317,361,361,0,1,2.94392,2.94392,1830,367,0,1235,0,0,0,0,0,1339,1785.99,0.953667,29.338,168732,12,29433,486,465155,48,117732,1944,32,4,644756,1319142,20632192,5276568,25908760,4,4,12,4,4,4,0,20,20,20260807,5,1,1,1,0,0,0,6428,0.267833,1,0.0015,0
1839,16483.6,9,0,2.48988,6.27517,0,0,0,8.76504,361,361,0,1,2.94392,2.94392,1830,367,0,1235,0,0,0,0,0,1339,1785.99,0.953667,29.338,168732,12,29433,486,465155,48,117732,1944,32,4,644756,1319142,20632192,5276568,25908760,4,4,12,4,4,4,0,20,20,20260807,5,1,1,1,0,0,0,6428,0.267833,1,0.0015,0
1840,16489.1,6,0,2.32313,3.08317,0,0,0,5.40629,361,361,0,1,2.94392,2.94392,1830,367,0,1235,0,0,0,0,0,1339,1785.99,0.953667,29.338,168732,12,29433,486,465155,48,117732,1944,32,4,644756,1319142,20632192,5276568,25908760,4,4,12,4,4,4,0,20,20,20260807,5,1,1,1,0,0,0,6428,0.267833,1,0.0015,0
1841,16500.8,11,0,2.25438,9.41996,0,0,0,11.6743,361,361,0,1,2.94392,2.94392,1830,367,0,1235,0,0,0,0,0,1339,1785.99,0.953667,29.338,168732,12,29433,486,465155,48,117732,1944,32,4,644756,1319142,20632192,5276568,25908760,4,4,12,4,4,4,0,20,20,20260807,5,1,1,1,0,0,0,6428,0.267833,1,0.0015,0
1842,16506.5,6,0,2.11829,3.39475,0,0,0,5.51304,361,361,0,1,2.94392,2.94392,1830,367,0,1235,0,0,0,0,0,1339,1785.99,0.953667,29.338,168732,12,29433,486,465155,48,117732,1944,32,4,644756,1319142,20632192,5276568,25908760,4,4,12,4,4,4,0,20,20,20260807,5,1,1,1,0,0,0,6428,0.267833,1,0.0015,0
1843,16517.1,11,0,2.28542,8.26671,0,0,0,10.5521,361,361,0,1,2.94392,2.94392,1830,367,0,1235,0,0,0,0,0,1339,1785.99,0.953667,29.338,168732,12,29433,486,465155,48,117732,1944,32,4,644756,1319142,20632192,5276568,25908760,4,4,12,4,4,4,0,20,20,20260807,5,1,1,1,0,0,0,6429,0.267875,1,0.0015,1
1844,16522.6,5,0,2.29242,3.01638,0,0,0,5.30879,361,361,0,1,2.94392,2.94392,1830,367,0,1235,0,0,0,0,0,1339,1785.99,0.953667,29.338,168732,12,29433,486,465155,48,117732,1944,32,4,644756,1319142,20632192,5276568,25908760,4,4,12,4,4,4,0,20,20,20260807,5,1,1,1,0,0,0,6429,0.267875,1,0.0015,0
1845,16534.4,12,0,2.11667,9.58475,0,0,0,11.7014,361,361,0,1,2.94392,2.94392,1830,367,0,1235,0,0,0,0,0,1339,1785.99,0.953667,29.338,168732,12,29433,486,465155,48,117732,1944,32,4,644756,1319142,20632192,5276568,25908760,4,4,12,4,4,4,0,20,20,20260807,5,1,1,1,0,0,0,6429,0.267875,1,0.0015,0
1846,16541.3,7,0,2.17308,4.69725,0,0,0,6.87033,361,361,0,1,2.94392,2.94392,1830,367,0,1235,0,0,0,0,0,1339,1785.99,0.953667,29.338,168732,12,29433,486,465155,48,117732,1944,32,4,644756,1319142,20632192,5276568,25908760,4,4,12,4,4,4,0,20,20,20260807,5,1,1,1,0,0,0,6429,0.267875,1,0.0015,0
1847,16551.2,10,0,2.23229,7.54396,0,0,0,9.77625,361,361,0,1,2.94392,2.94392,1830,367,0,1235,0,0,0,0,0,1339,1785.99,0.953667,29.338,168732,12,29433,486,465155,48,117732,1944,32,4,644756,1319142,20632192,5276568,25908760,4,4,12,4,4,4,0,20,20,20260807,5,1,1,1,0,0,0,6429,0.267875,1,0.0015,0
1848,16557.1,6,0,2.24337,3.60883,0,0,0,5.85221,361,361,0,1,2.94392,2.94392,1830,367,0,1235,0,0,0,0,0,1339,1785.99,0.953667,29.338,168732,12,29433,486,465155,48,117732,1944,32,4,644756,1319142,20632192,5276568,25908760,4,4,12,4,4,4,0,20,20,20260807,5,1,1,1,0,0,0,6429,0.267875,1,0.0015,0
1849,16567.2,10,0,2.393,7.6505,0,0,0,10.0435,361,361,0,1,2.94392,2.94392,1830,367,0,1235,0,0,0,0,0,1339,1785.99,0.953667,29.338,168732,12,29433,486,465155,48,117732,1944,32,4,644756,1319142,20632192,5276568,25908760,4,4,12,4,4,4,0,20,20,20260807,5,1,1,1,0,0,0,6430,0.267917,1,0.0015,1
1850,16574,7,0,2.10079,4.65271,0,0,0,6.7535,361,361,0,1,2.94392,2.94392,1830,367,0,1235,0,0,0,0,0,1339,1785.99,0.953667,29.338,168732,12,29433,486,465155,48,117732,1944,32,4,644756,1319142,20632192,5276568,25908760,4,4,12,4,4,4,0,20,20,20260807,5,1,1,1,0,0,0,6430,0.267917,1,0.0015,0
1851,16583.9,10,0,2.34679,7.40846,0,0,0,9.75525,361,361,0,1,2.94392,2.94392,1830,367,0,1235,0,0,0,0,0,1339,1785.99,0.953667,29.338,168732,12,29433,486,465155,48,117732,1944,32,4,644756,1319142,20632192,5276568,25908760,4,4,12,4,4,4,0,20,20,20260807,5,1,1,1,0,0,0,6430,0.267917,1,0.0015,0
1852,16589.8,5,0,2.23854,3.59875,0,0,0,5.83729,361,361,0,1,2.94392,2.94392,1830,367,0,1235,0,0,0,0,0,1339,1785.99,0.953667,29.338,168732,12,29433,486,465155,48,117732,1944,32,4,644756,1319142,20632192,5276568,25908760,4,4,12,4,4,4,0,20,20,20260807,5,1,1,1,0,0,0,6430,0.267917,1,0.0015,0
1853,16600.2,11,0,2.30362,8.05204,0,0,0,10.3557,361,361,0,1,2.94392,2.94392,1830,367,0,1235,0,0,0,0,0,1339,1785.99,0.953667,29.338,168732,12,29433,486,465155,48,117732,1944,32,4,644756,1319142,20632192,5276568,25908760,4,4,12,4,4,4,0,20,20,20260807,5,1,1,1,0,0,0,6430,0.267917,1,0.0015,0
1854,16607.9,8,0,2.15313,5.4445,0,0,0,7.59762,361,361,0,1,2.94392,2.94392,1830,367,0,1235,0,0,0,0,0,1339,1785.99,0.953667,29.338,168732,12,29433,486,465155,48,117732,1944,32,4,644756,1319142,20632192,5276568,25908760,4,4,12,4,4,4,0,20,20,20260807,5,1,1,1,0,0,0,6430,0.267917,1,0.0015,0
1855,16617.3,9,0,2.08171,7.22125,0,0,0,9.30296,361,361,0,1,2.94392,2.94392,1830,367,0,1235,0,0,0,0,0,1339,1785.99,0.953667,29.338,168732,12,29433,486,465155,48,117732,1944,32,4,644756,1319142,20632192,5276568,25908760,4,4,12,4,4,4,0,20,20,20260807,5,1,1,1,0,0,0,6431,0.267958,1,0.0015,1
1856,16622.8,5,0,2.14975,3.32675,0,0,0,5.4765,361,361,0,1,2.94392,2.94392,1830,367,0,1235,0,0,0,0,0,1339,1785.99,0.953667,29.338,168732,12,29433,486,465155,48,117732,1944,32,4,644756,1319142,20632192,5276568,25908760,4,4,12,4,4,4,0,20,20,20260807,5,1,1,1,0,0,0,6431,0.267958,1,0.0015,0
1857,16633.8,11,0,2.25054,8.6795,0,0,0,10.93,361,361,0,1,2.94392,2.94392,1830,367,0,1235,0,0,0,0,0,1339,1785.99,0.953667,29.338,168732,12,29433,486,465155,48,117732,1944,32,4,644756,1319142,20632192,5276568,25908760,4,4,12,4,4,4,0,20,20,20260807,5,1,1,1,0,0,0,6431,0.267958,1,0.0015,0
1858,16640.2,7,0,2.16988,4.07875,0,0,0,6.24862,361,361,0,1,2.94392,2.94392,1830,367,0,1235,0,0,0,0,0,1339,1785.99,0.953667,29.338,168732,12,29433,486,465155,48,117732,1944,32,4,644756,1319142,20632192,5276568,25908760,4,4,12,4,4,4,0,20,20,20260807,5,1,1,1,0,0,0,6431,0.267958,1,0.0015,0
1859,16650.2,10,0,2.28658,7.63167,0,0,0,9.91825,361,361,0,1,2.94392,2.94392,1830,367,0,1235,0,0,0,0,0,1339,1785.99,0.953667,29.338,168732,12,29433,486,465155,48,117732,1944,32,4,644756,1319142,20632192,5276568,25908760,4,4,12,4,4,4,0,20,20,20260807,5,1,1,1,0,0,0,6431,0.267958,1,0.0015,0
1860,16656.2,6,0,2.32613,3.64683,0,0,0,5.97296,361,361,0,1,2.94392,2.94392,1830,367,0,1235,0,0,0,0,0,1339,1785.99,0.953667,29.338,168732,12,29433,486,465155,48,117732,1944,32,4,644756,1319142,20632192,5276568,25908760,4,4,12,4,4,4,0,20,20,20260807,5,1,1,1,0,0,0,6431,0.267958,1,0.0015,0
1861,16667,12,0,2.26825,8.44392,0,0,0,10.7122,361,361,0,1,2.94392,2.94392,1830,367,0,1235,0,0,0,0,0,1339,1785.99,0.953667,29.338,168732,12,29433,486,465155,48,117732,1944,32,4,644756,1319142,20632192,5276568,25908760,4,4,12,4,4,4,0,20,20,20260807,5,1,1,1,0,0,0,6432,0.268,1,0.0015,1
1862,16675.1,8,0,2.17,5.79917,0,0,0,7.96917,361,361,0,1,2.94392,2.94392,1830,367,0,1235,0,0,0,0,0,1339,1785.99,0.953667,29.338,168732,12,29433,486,465155,48,117732,1944,32,4,644756,1319142,20632192,5276568,25908760,4,4,12,4,4,4,0,20,20,20260807,5,1,1,1,0,0,0,6432,0.268,1,0.0015,0
1863,16684.2,9,0,2.16408,6.85858,0,0,0,9.02267,361,361,0,1,2.94392,2.94392,1830,367,0,1235,0,0,0,0,0,1339,1785.99,0.953667,29.338,168732,12,29433,486,465155,48,117732,1944,32,4,644756,1319142,20632192,5276568,25908760,4,4,12,4,4,4,0,20,20,20260807,5,1,1,1,0,0,0,6432,0.268,1,0.0015,0
1864,16690.1,6,0,2.19329,3.66633,0,0,0,5.85963,361,361,0,1,2.94392,2.94392,1830,367,0,1235,0,0,0,0,0,1339,1785.99,0.953667,29.338,168732,12,29433,486,465155,48,117732,1944,32,4,644756,1319142,20632192,5276568,25908760,4,4,12,4,4,4,0,20,20,20260807,5,1,1,1,0,0,0,6432,0.268,1,0.0015,0
1865,16701.7,11,0,2.09079,9.35437,0,0,0,11.4452,361,361,0,1,2.94392,2.94392,1830,367,0,1235,0,0,0,0,0,1339,1785.99,0.953667,29.338,168732,12,29433,486,465155,48,117732,1944,32,4,644756,1319142,20632192,5276568,25908760,4,4,12,4,4,4,0,20,20,20260807,5,1,1,1,0,0,0,6432,0.268,1,0.0015,0
1866,16706.9,6,0,2.16513,3.04083,0,0,0,5.20596,361,361,0,1,2.94392,2.94392,1830,367,0,1235,0,0,0,0,0,1339,1785.99,0.953667,29.338,168732,12,29433,486,465155,48,117732,1944,32,4,644756,1319142,20632192,5276568,25908760,4,4,12,4,4,4,0,20,20,20260807,5,1,1,1,0,0,0,6433,0.268042,1,0.0015,1
1867,16718.8,11,0,2.19496,9.62617,0,0,0,11.8211,361,361,0,1,2.94392,2.94392,1830,367,0,1235,0,0,0,0,0,1339,1785.99,0.953667,29.338,168732,12,29433,486,465155,48,117732,1944,32,4,644756,1319142,20632192,5276568,25908760,4,4,12,4,4,4,0,20,20,20260807,5,1,1,1,0,0,0,6433,0.268042,1,0.0015,0
1868,16728.8,10,0,2.12263,3.46092,0,0,0,5.58354,361,361,0,1,2.94392,2.94392,1830,367,0,1235,0,0,0,0,0,1339,1785.99,0.953667,29.338,168732,12,29433,486,465155,48,117732,1944,32,4,644756,1319142,20632192,5276568,25908760,4,4,12,4,4,4,0,20,20,20260807,5,1,1,1,0,0,0,6433,0.268042,1,0.0015,0
1869,16733.9,6,0,2.11808,2.9555,0,0,0,5.07358,361,361,0,1,2.94392,2.94392,1830,367,0,1235,0,0,0,0,0,1339,1785.99,0.953667,29.338,168732,12,29433,486,465155,48,117732,1944,32,4,644756,1319142,20632192,5276568,25908760,4,4,12,4,4,4,0,20,20,20260807,5,1,1,1,0,0,0,6433,0.268042,1,0.0015,0
1870,16740.4,6,0,2.19554,4.224,0,0,0,6.41954,361,361,0,1,2.94392,2.94392,1830,367,0,1235,0,0,0,0,0,1339,1785.99,0.953667,29.338,168732,12,29433,486,465155,48,117732,1944,32,4,644756,1319142,20632192,5276568,25908760,4,4,12,4,4,4,0,20,20,20260807,5,1,1,1,0,0,0,6433,0.268042,1,0.0015,0
1871,16751,11,0,2.08808,8.40904,0,0,0,10.4971,361,361,0,1,2.94392,2.94392,1830,367,0,1235,0,0,0,0,0,1339,1785.99,0.953667,29.338,168732,12,29433,486,465155,48,117732,1944,32,4,644756,1319142,20632192,5276568,25908760,4,4,12,4,4,4,0,20,20,20260807,5,1,1,1,0,0,0,6433,0.268042,1,0.0015,0
1872,16756.2,5,0,2.17171,2.92996,0,0,0,5.10167,361,361,0,1,2.94392,2.94392,1830,367,0,1235,0,0,0,0,0,1339,1785.99,0.953667,29.338,168732,12,29433,486,465155,48,117732,1944,32,4,644756,1319142,20632192,5276568,25908760,4,4,12,4,4,4,0,20,20,20260807,5,1,1,1,0,0,0,6434,0.268083,1,0.0015,1
1873,16766.9,11,0,2.38587,8.28592,0,0,0,10.6718,361,361,0,1,2.94392,2.94392,1830,367,0,1235,0,0,0,0,0,1339,1785.99,0.953667,29.338,168732,12,29433,486,465155,48,117732,1944,32,4,644756,1319142,20632192,5276568,25908760,4,4,12,4,4,4,0,20,20,20260807,5,1,1,1,0,0,0,6434,0.268083,1,0.0015,0
1874,16773.8,6,0,2.17575,4.63021,0,0,0,6.80596,361,361,0,1,2.94392,2.94392,1830,367,0,1235,0,0,0,0,0,1339,1785.99,0.953667,29.338,168732,12,29433,486,465155,48,117732,1944,32,4,644756,1319142,20632192,5276568,25908760,4,4,12,4,4,4,0,20,20,20260807,5,1,1,1,0,0,0,6434,0.268083,1,0.0015,0
1875,16784.3,11,0,2.313,8.11529,0,0,0,10.4283,361,361,0,1,2.94392,2.94392,1830,367,0,1235,0,0,0,0,0,1339,1785.99,0.953667,29.338,168732,12,29433,486,465155,48,117732,1944,32,4,644756,1319142,20632192,5276568,25908760,4,4,12,4,4,4,0,20,20,20260807,5,1,1,1,0,0,0,6434,0.268083,1,0.0015,0
1876,16790.3,6,0,2.18121,3.68579,0,0,0,5.867,361,361,0,1,2.94392,2.94392,1830,367,0,1235,0,0,0,0,0,1339,1785.99,0.953667,29.338,168732,12,29433,486,465155,48,117732,1944,32,4,644756,1319142,20632192,5276568,25908760,4,4,12,4,4,4,0,20,20,20260807,5,1,1,1,0,0,0,6434,0.268083,1,0.0015,0
1877,16800.3,10,0,2.99246,6.95038,0,0,0,9.94283,361,361,0,1,2.94392,2.94392,1830,367,0,1235,0,0,0,0,0,1339,1785.99,0.953667,29.338,168732,12,29433,486,465155,48,117732,1944,32,4,644756,1319142,20632192,5276568,25908760,4,4,12,4,4,4,0,20,20,20260807,5,1,1,1,0,0,0,6434,0.268083,1,0.0015,0
1878,16806.2,6,0,2.16779,3.64092,0,0,0,5.80871,361,361,0,1,2.94392,2.94392,1830,367,0,1235,0,0,0,0,0,1339,1785.99,0.953667,29.338,168732,12,29433,486,465155,48,117732,1944,32,4,644756,1319142,20632192,5276568,25908760,4,4,12,4,4,4,0,20,20,20260807,5,1,1,1,0,0,0,6434,0.268083,1,0.0015,0
1879,16817,11,0,2.26246,8.51296,0,0,0,10.7754,361,361,0,1,2.94392,2.94392,1830,367,0,1235,0,0,0,0,0,1339,1785.99,0.953667,29.338,168732,12,29433,486,465155,48,117732,1944,32,4,644756,1319142,20632192,5276568,25908760,4,4,12,4,4,4,0,20,20,20260807,5,1,1,1,0,0,0,6435,0.268125,1,0.0015,1
1880,16824,7,0,2.15071,4.76171,0,0,0,6.91242,361,361,0,1,2.94392,2.94392,1830,367,0,1235,0,0,0,0,0,1339,1785.99,0.953667,29.338,168732,12,29433,486,465155,48,117732,1944,32,4,644756,1319142,20632192,5276568,25908760,4,4,12,4,4,4,0,20,20,20260807,5,1,1,1,0,0,0,6435,0.268125,1,0.0015,0
1881,16833.4,9,0,2.15608,7.1195,0,0,0,9.27558,361,361,0,1,2.94392,2.94392,1830,367,0,1235,0,0,0,0,0,1339,1785.99,0.953667,29.338,168732,12,29433,486,465155,48,117732,1944,32,4,644756,1319142,20632192,5276568,25908760,4,4,12,4,4,4,0,20,20,20260807,5,1,1,1,0,0,0,6435,0.268125,1,0.0015,0
1882,16840.3,7,0,2.07175,4.74492,0,0,0,6.81667,361,361,0,1,2.94392,2.94392,1830,367,0,1235,0,0,0,0,0,1339,1785.99,0.953667,29.338,168732,12,29433,486,465155,48,117732,1944,32,4,644756,1319142,20632192,5276568,25908760,4,4,12,4,4,4,0,20,20,20260807,5,1,1,1,0,0,0,6435,0.268125,1,0.0015,0
1883,16850.1,10,0,2.2225,7.56862,0,0,0,9.79112,361,361,0,1,2.94392,2.94392,1830,367,0,1235,0,0,0,0,0,1339,1785.99,0.953667,29.338,168732,12,29433,486,465155,48,117732,1944,32,4,644756,1319142,20632192,5276568,25908760,4,4,12,4,4,4,0,20,20,20260807,5,1,1,1,0,0,0,6435,0.268125,1,0.0015,0
1884,16856.9,7,0,2.21425,4.53367,0,0,0,6.74792,361,361,0,1,2.94392,2.94392,1830,367,0,1235,0,0,0,0,0,1339,1785.99,0.953667,29.338,168732,12,29433,486,465155,48,117732,1944,32,4,644756,1319142,20632192,5276568,25908760,4,4,12,4,4,4,0,20,20,20260807,5,1,1,1,0,0,0,6435,0.268125,1,0.0015,0
1885,16867.1,10,0,2.24379,7.78388,0,0,0,10.0277,361,361,0,1,2.94392,2.94392,1830,367,0,1235,0,0,0,0,0,1339,1785.99,0.953667,29.338,168732,12,29433,486,465155,48,117732,1944,32,4,644756,1319142,20632192,5276568,25908760,4,4,12,4,4,4,0,20,20,20260807,5,1,1,1,0,0,0,6436,0.268167,1,0.0015,1
1886,16873.7,6,0,2.12158,4.453,0,0,0,6.57458,361,361,0,1,2.94392,2.94392,1830,367,0,1235,0,0,0,0,0,1339,1785.99,0.953667,29.338,168732,12,29433,486,465155,48,117732,1944,32,4,644756,1319142,20632192,5276568,25908760,4,4,12,4,4,4,0,20,20,20260807,5,1,1,1,0,0,0,6436,0.268167,1,0.0015,0
1887,16883.5,10,0,2.10979,7.57838,0,0,0,9.68817,361,361,0,1,2.94392,2.94392,1830,367,0,1235,0,0,0,0,0,1339,1785.99,0.953667,29.338,168732,12,29433,486,465155,48,117732,1944,32,4,644756,1319142,20632192,5276568,25908760,4,4,12,4,4,4,0,20,20,20260807,5,1,1,1,0,0,0,6436,0.268167,1,0.0015,0
1888,16890.4,7,0,2.08167,4.70812,0,0,0,6.78979,361,361,0,1,2.94392,2.94392,1830,367,0,1235,0,0,0,0,0,1339,1785.99,0.953667,29.338,168732,12,29433,486,465155,48,117732,1944,32,4,644756,1319142,20632192,5276568,25908760,4,4,12,4,4,4,0,20,20,20260807,5,1,1,1,0,0,0,6436,0.268167,1,0.0015,0
1889,16900.7,10,0,2.19496,8.05958,0,0,0,10.2545,361,361,0,1,2.94392,2.94392,1830,367,0,1235,0,0,0,0,0,1339,1785.99,0.953667,29.338,168732,12,29433,486,465155,48,117732,1944,32,4,644756,1319142,20632192,5276568,25908760,4,4,12,4,4,4,0,20,20,20260807,5,1,1,1,0,0,0,6436,0.268167,1,0.0015,0
1890,16909,9,0,2.21929,5.9795,0,0,0,8.19879,361,361,0,1,2.94392,2.94392,1830,367,0,1235,0,0,0,0,0,1339,1785.99,0.953667,29.338,168732,12,29433,486,465155,48,117732,1944,32,4,644756,1319142,20632192,5276568,25908760,4,4,12,4,4,4,0,20,20,20260807,5,1,1,1,0,0,0,6436,0.268167,1,0.0015,0
1891,16917.8,8,0,2.104,6.5955,0,0,0,8.6995,361,361,0,1,2.94392,2.94392,1830,367,0,1235,0,0,0,0,0,1339,1785.99,0.953667,29.338,168732,12,29433,486,465155,48,117732,1944,32,4,644756,1319142,20632192,5276568,25908760,4,4,12,4,4,4,0,20,20,20260807,5,1,1,1,0,0,0,6437,0.268208,1,0.0015,1
1892,16923.7,6,0,2.11608,3.77571,0,0,0,5.89179,361,361,0,1,2.94392,2.94392,1830,367,0,1235,0,0,0,0,0,1339,1785.99,0.953667,29.338,168732,12,29433,486,465155,48,117732,1944,32,4,644756,1319142,20632192,5276568,25908760,4,4,12,4,4,4,0,20,20,20260807,5,1,1,1,0,0,0,6437,0.268208,1,0.0015,0
1893,16933.4,10,0,2.53029,7.06388,0,0,0,9.59417,361,361,0,1,2.94392,2.94392,1830,367,0,1235,0,0,0,0,0,1339,1785.99,0.953667,29.338,168732,12,29433,486,465155,48,117732,1944,32,4,644756,1319142,20632192,5276568,25908760,4,4,12,4,4,4,0,20,20,20260807,5,1,1,1,0,0,0,6437,0.268208,1,0.0015,0
1894,16938.8,5,0,2.27312,3.08608,0,0,0,5.35921,361,361,0,1,2.94392,2.94392,1830,367,0,1235,0,0,0,0,0,1339,1785.99,0.953667,29.338,168732,12,29433,486,465155,48,117732,1944,32,4,644756,1319142,20632192,5276568,25908760,4,4,12,4,4,4,0,20,20,20260807,5,1,1,1,0,0,0,6437,0.268208,1,0.0015,0
1895,16950.3,12,0,2.21963,9.14879,0,0,0,11.3684,361,361,0,1,2.94392,2.94392,1830,367,0,1235,0,0,0,0,0,1339,1785.99,0.953667,29.338,168732,12,29433,486,465155,48,117732,1944,32,4,644756,1319142,20632192,5276568,25908760,4,4,12,4,4,4,0,20,20,20260807,5,1,1,1,0,0,0,6437,0.268208,1,0.0015,0
1896,16956.9,6,0,2.13117,4.36658,0,0,0,6.49775,361,361,0,1,2.94392,2.94392,1830,367,0,1235,0,0,0,0,0,1339,1785.99,0.953667,29.338,168732,12,29433,486,465155,48,117732,1944,32,4,644756,1319142,20632192,5276568,25908760,4,4,12,4,4,4,0,20,20,20260807,5,1,1,1,0,0,0,6437,0.268208,1,0.0015,0
1897,16967,11,0,2.20587,7.85483,0,0,0,10.0607,361,361,0,1,2.94392,2.94392,1830,367,0,1235,0,0,0,0,0,1339,1785.99,0.953667,29.338,168732,12,29433,486,465155,48,117732,1944,32,4,644756,1319142,20632192,5276568,25908760,4,4,12,4,4,4,0,20,20,20260807,5,1,1,1,0,0,0,6438,0.26825,1,0.0015,1
1898,16972.9,6,0,2.13246,3.69792,0,0,0,5.83038,361,361,0,1,2.94392,2.94392,1830,367,0,1235,0,0,0,0,0,1339,1785.99,0.953667,29.338,168732,12,29433,486,465155,48,117732,1944,32,4,644756,1319142,20632192,5276568,25908760,4,4,12,4,4,4,0,20,20,20260807,5,1,1,1,0,0,0,6438,0.26825,1,0.0015,0
1899,16983.4,10,0,2.16521,8.21504,0,0,0,10.3803,361,361,0,1,2.94392,2.94392,1830,367,0,1235,0,0,0,0,0,1339,1785.99,0.953667,29.338,168732,12,29433,486,465155,48,117732,1944,32,4,644756,1319142,20632192,5276568,25908760,4,4,12,4,4,4,0,20,20,20260807,5,1,1,1,0,0,0,6438,0.26825,1,0.0015,0
1900,16997.4,14,0,2.04954,11.9083,0,0,0,13.9579,361,361,0,1,2.94392,2.94392,1830,367,0,1235,0,0,0,0,0,1339,1785.99,0.953667,29.338,168732,12,29433,486,465155,48,117732,1944,32,4,644756,1319142,20632192,5276568,25908760,4,4,12,4,4,4,0,20,20,20260807,5,1,1,1,0,0,0,6438,0.26825,1,0.0015,0
1901,17003.7,6,0,2.05175,3.76275,0,0,0,5.8145,361,361,0,1,2.94392,2.94392,1830,367,0,1235,0,0,0,0,0,1339,1785.99,0.953667,29.338,168732,12,29433,486,465155,48,117732,1944,32,4,644756,1319142,20632192,5276568,25908760,4,4,12,4,4,4,0,20,20,20260807,5,1,1,1,0,0,0,6438,0.26825,1,0.0015,0
1902,17018,15,0,2.09362,12.0821,0,0,0,14.1758,361,361,0,1,2.94392,2.94392,1830,367,0,1235,0,0,0,0,0,1339,1785.99,0.953667,29.338,168732,12,29433,486,465155,48,117732,1944,32,4,644756,1319142,20632192,5276568,25908760,4,4,12,4,4,4,0,20,20,20260807,5,1,1,1,0,0,0,6439,0.268292,1,0.0015,1
1903,17024.3,6,0,2.32512,3.92967,0,0,0,6.25479,361,361,0,1,2.94392,2.94392,1830,367,0,1235,0,0,0,0,0,1339,1785.99,0.953667,29.338,168732,12,29433,486,465155,48,117732,1944,32,4,644756,1319142,20632192,5276568,25908760,4,4,12,4,4,4,0,20,20,20260807,5,1,1,1,0,0,0,6439,0.268292,1,0.0015,0
1904,17034.4,10,0,2.0405,7.95729,0,0,0,9.99779,361,361,0,1,2.94392,2.94392,1830,367,0,1235,0,0,0,0,0,1339,1785.99,0.953667,29.338,168732,12,29433,486,465155,48,117732,1944,32,4,644756,1319142,20632192,5276568,25908760,4,4,12,4,4,4,0,20,20,20260807,5,1,1,1,0,0,0,6439,0.268292,1,0.0015,0
1905,17041.2,7,0,2.2845,4.38683,0,0,0,6.67133,361,361,0,1,2.94392,2.94392,1830,367,0,1235,0,0,0,0,0,1339,1785.99,0.953667,29.338,168732,12,29433,486,465155,48,117732,1944,32,4,644756,1319142,20632192,5276568,25908760,4,4,12,4,4,4,0,20,20,20260807,5,1,1,1,0,0,0,6439,0.268292,1,0.0015,0
1906,17050.8,9,0,2.18763,7.37929,0,0,0,9.56692,361,361,0,1,2.94392,2.94392,1830,367,0,1235,0,0,0,0,0,1339,1785.99,0.953667,29.338,168732,12,29433,486,465155,48,117732,1944,32,4,644756,1319142,20632192,5276568,25908760,4,4,12,4,4,4,0,20,20,20260807,5,1,1,1,0,0,0,6439,0.268292,1,0.0015,0
1907,17057.4,7,0,2.25033,4.27979,0,0,0,6.53012,361,361,0,1,2.94392,2.94392,1830,367,0,1235,0,0,0,0,0,1339,1785.99,0.953667,29.338,168732,12,29433,486,465155,48,117732,1944,32,4,644756,1319142,20632192,5276568,25908760,4,4,12,4,4,4,0,20,20,20260807,5,1,1,1,0,0,0,6440,0.268333,1,0.0015,1
1908,17067.7,10,0,2.15733,7.92863,0,0,0,10.086,361,361,0,1,2.94392,2.94392,1830,367,0,1235,0,0,0,0,0,1339,1785.99,0.953667,29.338,168732,12,29433,486,465155,48,117732,1944,32,4,644756,1319142,20632192,5276568,25908760,4,4,12,4,4,4,0,20,20,20260807,5,1,1,1,0,0,0,6440,0.268333,1,0.0015,0
1909,17072.9,6,0,2.13342,3.04908,0,0,0,5.1825,361,361,0,1,2.94392,2.94392,1830,367,0,1235,0,0,0,0,0,1339,1785.99,0.953667,29.338,168732,12,29433,486,465155,48,117732,1944,32,4,644756,1319142,20632192,5276568,25908760,4,4,12,4,4,4,0,20,20,20260807,5,1,1,1,0,0,0,6440,0.268333,1,0.0015,0
1910,17083.6,10,0,2.25358,8.32863,0,0,0,10.5822,361,361,0,1,2.94392,2.94392,1830,367,0,1235,0,0,0,0,0,1339,1785.99,0.953667,29.338,168732,12,29433,486,465155,48,117732,1944,32,4,644756,1319142,20632192,5276568,25908760,4,4,12,4,4,4,0,20,20,20260807,5,1,1,1,0,0,0,6440,0.268333,1,0.0015,0
1911,17090.5,7,0,2.08629,4.76325,0,0,0,6.84954,361,361,0,1,2.94392,2.94392,1830,367,0,1235,0,0,0,0,0,1339,1785.99,0.953667,29.338,168732,12,29433,486,465155,48,117732,1944,32,4,644756,1319142,20632192,5276568,25908760,4,4,12,4,4,4,0,20,20,20260807,5,1,1,1,0,0,0,6440,0.268333,1,0.0015,0
1912,17100.9,11,0,2.34825,7.93983,0,0,0,10.2881,361,361,0,1,2.94392,2.94392,1830,367,0,1235,0,0,0,0,0,1339,1785.99,0.953667,29.338,168732,12,29433,486,465155,48,117732,1944,32,4,644756,1319142,20632192,5276568,25908760,4,4,12,4,4,4,0,20,20,20260807,5,1,1,1,0,0,0,6440,0.268333,1,0.0015,0
1913,17107,6,0,2.60887,3.39396,0,0,0,6.00283,361,361,0,1,2.94392,2.94392,1830,367,0,1235,0,0,0,0,0,1339,1785.99,0.953667,29.338,168732,12,29433,486,465155,48,117732,1944,32,4,644756,1319142,20632192,5276568,25908760,4,4,12,4,4,4,0,20,20,20260807,5,1,1,1,0,0,0,6441,0.268375,1,0.0015,1
1914,17117.1,10,0,2.33012,7.70696,0,0,0,10.0371,361,361,0,1,2.94392,2.94392,1830,367,0,1235,0,0,0,0,0,1339,1785.99,0.953667,29.338,168732,12,29433,486,465155,48,117732,1944,32,4,644756,1319142,20632192,5276568,25908760,4,4,12,4,4,4,0,20,20,20260807,5,1,1,1,0,0,0,6441,0.268375,1,0.0015,0
1915,17123.5,6,0,2.54792,3.73263,0,0,0,6.28054,361,361,0,1,2.94392,2.94392,1830,367,0,1235,0,0,0,0,0,1339,1785.99,0.953667,29.338,168732,12,29433,486,465155,48,117732,1944,32,4,644756,1319142,20632192,5276568,25908760,4,4,12,4,4,4,0,20,20,20260807,5,1,1,1,0,0,0,6441,0.268375,1,0.0015,0
1916,17133.6,10,0,2.40263,7.59754,0,0,0,10.0002,361,361,0,1,2.94392,2.94392,1830,367,0,1235,0,0,0,0,0,1339,1785.99,0.953667,29.338,168732,12,29433,486,465155,48,117732,1944,32,4,644756,1319142,20632192,5276568,25908760,4,4,12,4,4,4,0,20,20,20260807,5,1,1,1,0,0,0,6441,0.268375,1,0.0015,0
1917,17141.2,8,0,2.08321,5.43367,0,0,0,7.51687,361,361,0,1,2.94392,2.94392,1830,367,0,1235,0,0,0,0,0,1339,1785.99,0.953667,29.338,168732,12,29433,486,465155,48,117732,1944,32,4,644756,1319142,20632192,5276568,25908760,4,4,12,4,4,4,0,20,20,20260807,5,1,1,1,0,0,0,6441,0.268375,1,0.0015,0
1918,17150.6,9,0,2.487,6.86775,0,0,0,9.35475,361,361,0,1,2.94392,2.94392,1830,367,0,1235,0,0,0,0,0,1339,1785.99,0.953667,29.338,168732,12,29433,486,465155,48,117732,1944,32,4,644756,1319142,20632192,5276568,25908760,4,4,12,4,4,4,0,20,20,20260807,5,1,1,1,0,0,0,6441,0.268375,1,0.0015,0
1919,17156.7,6,0,2.31792,3.69875,0,0,0,6.01667,361,361,0,1,2.94392,2.94392,1830,367,0,1235,0,0,0,0,0,1339,1785.99,0.953667,29.338,168732,12,29433,486,465155,48,117732,1944,32,4,644756,1319142,20632192,5276568,25908760,4,4,12,4,4,4,0,20,20,20260807,5,1,1,1,0,0,0,6441,0.268375,1,0.0015,0
1920,17167.2,11,0,2.42208,7.93058,0,0,0,10.3527,361,361,0,1,2.94392,2.94392,1830,367,0,1235,0,0,0,0,0,1339,1785.99,0.953667,29.338,168732,12,29433,486,465155,48,117732,1944,32,4,644756,1319142,20632192,5276568,25908760,4,4,12,4,4,4,0,20,20,20260807,5,1,1,1,0,0,0,6442,0.268417,1,0.0015,1
1921,17174.4,7,0,2.19958,5.00725,0,0,0,7.20683,361,361,0,1,2.94392,2.94392,1830,367,0,1235,0,0,0,0,0,1339,1785.99,0.953667,29.338,168732,12,29433,486,465155,48,117732,1944,32,4,644756,1319142,20632192,5276568,25908760,4,4,12,4,4,4,0,20,20,20260807,5,1,1,1,0,0,0,6442,0.268417,1,0.0015,0
1922,17184.2,10,0,2.23629,7.44983,0,0,0,9.68613,361,361,0,1,2.94392,2.94392,1830,367,0,1235,0,0,0,0,0,1339,1785.99,0.953667,29.338,168732,12,29433,486,465155,48,117732,1944,32,4,644756,1319142,20632192,5276568,25908760,4,4,12,4,4,4,0,20,20,20260807,5,1,1,1,0,0,0,6442,0.268417,1,0.0015,0
1923,17190.3,6,0,2.32737,3.62492,0,0,0,5.95229,361,361,0,1,2.94392,2.94392,1830,367,0,1235,0,0,0,0,0,1339,1785.99,0.953667,29.338,168732,12,29433,486,465155,48,117732,1944,32,4,644756,1319142,20632192,5276568,25908760,4,4,12,4,4,4,0,20,20,20260807,5,1,1,1,0,0,0,6442,0.268417,1,0.0015,0
1924,17200.2,10,0,2.32983,7.49242,0,0,0,9.82225,361,361,0,1,2.94392,2.94392,1830,367,0,1235,0,0,0,0,0,1339,1785.99,0.953667,29.338,168732,12,29433,486,465155,48,117732,1944,32,4,644756,1319142,20632192,5276568,25908760,4,4,12,4,4,4,0,20,20,20260807,5,1,1,1,0,0,0,6442,0.268417,1,0.0015,0
1925,17207.2,7,0,2.7565,4.22717,0,0,0,6.98367,361,361,0,1,2.94392,2.94392,1830,367,0,1235,0,0,0,0,0,1339,1785.99,0.953667,29.338,168732,12,29433,486,465155,48,117732,1944,32,4,644756,1319142,20632192,5276568,25908760,4,4,12,4,4,4,0,20,20,20260807,5,1,1,1,0,0,0,6442,0.268417,1,0.0015,0
1926,17217.4,10,0,2.24858,7.84596,0,0,0,10.0945,361,361,0,1,2.94392,2.94392,1830,367,0,1235,0,0,0,0,0,1339,1785.99,0.953667,29.338,168732,12,29433,486,465155,48,117732,1944,32,4,644756,1319142,20632192,5276568,25908760,4,4,12,4,4,4,0,20,20,20260807,5,1,1,1,0,0,0,6443,0.268458,1,0.0015,1
1927,17227.1,9,0,5.75537,3.84654,0,0,0,9.60192,361,361,0,1,2.94392,2.94392,1830,367,0,1235,0,0,0,0,0,1339,1785.99,0.953667,29.338,168732,12,29433,486,465155,48,117732,1944,32,4,644756,1319142,20632192,5276568,25908760,4,4,12,4,4,4,0,20,20,20260807,5,1,1,1,0,0,0,6443,0.268458,1,0.0015,0
1928,17234.5,7,0,2.16463,5.10429,0,0,0,7.26892,361,361,0,1,2.94392,2.94392,1830,367,0,1235,0,0,0,0,0,1339,1785.99,0.953667,29.338,168732,12,29433,486,465155,48,117732,1944,32,4,644756,1319142,20632192,5276568,25908760,4,4,12,4,4,4,0,20,20,20260807,5,1,1,1,0,0,0,6443,0.268458,1,0.0015,0
1929,17240.1,6,0,2.34725,3.153,0,0,0,5.50025,361,361,0,1,2.94392,2.94392,1830,367,0,1235,0,0,0,0,0,1339,1785.99,0.953667,29.338,168732,12,29433,486,465155,48,117732,1944,32,4,644756,1319142,20632192,5276568,25908760,4,4,12,4,4,4,0,20,20,20260807,5,1,1,1,0,0,0,6443,0.268458,1,0.0015,0
1930,17254.4,14,0,2.20504,12.0795,0,0,0,14.2846,361,361,0,1,2.94392,2.94392,1830,367,0,1235,0,0,0,0,0,1339,1785.99,0.953667,29.338,168732,12,29433,486,465155,48,117732,1944,32,4,644756,1319142,20632192,5276568,25908760,4,4,12,4,4,4,0,20,20,20260807,5,1,1,1,0,0,0,6443,0.268458,1,0.0015,0
1931,17267.7,13,0,2.69921,10.5131,0,0,0,13.2123,361,361,0,1,2.94392,2.94392,1830,367,0,1235,0,0,0,0,0,1339,1785.99,0.953667,29.338,168732,12,29433,486,465155,48,117732,1944,32,4,644756,1319142,20632192,5276568,25908760,4,4,12,4,4,4,0,20,20,20260807,5,1,1,1,0,0,0,6444,0.2685,1,0.0015,1
1932,17273.7,6,0,2.289,3.611,0,0,0,5.9,361,361,0,1,2.94392,2.94392,1830,367,0,1235,0,0,0,0,0,1339,1785.99,0.953667,29.338,168732,12,29433,486,465155,48,117732,1944,32,4,644756,1319142,20632192,5276568,25908760,4,4,12,4,4,4,0,20,20,20260807,5,1,1,1,0,0,0,6444,0.2685,1,0.0015,0
1933,17284.5,11,0,2.39821,8.26771,0,0,0,10.6659,361,361,0,1,2.94392,2.94392,1830,367,0,1235,0,0,0,0,0,1339,1785.99,0.953667,29.338,168732,12,29433,486,465155,48,117732,1944,32,4,644756,1319142,20632192,5276568,25908760,4,4,12,4,4,4,0,20,20,20260807,5,1,1,1,0,0,0,6444,0.2685,1,0.0015,0
1934,17290.4,6,0,2.24542,3.59633,0,0,0,5.84175,361,361,0,1,2.94392,2.94392,1830,367,0,1235,0,0,0,0,0,1339,1785.99,0.953667,29.338,168732,12,29433,486,465155,48,117732,1944,32,4,644756,1319142,20632192,5276568,25908760,4,4,12,4,4,4,0,20,20,20260807,5,1,1,1,0,0,0,6444,0.2685,1,0.0015,0
1935,17300.3,10,0,2.11137,7.68596,0,0,0,9.79733,361,361,0,1,2.94392,2.94392,1830,367,0,1235,0,0,0,0,0,1339,1785.99,0.953667,29.338,168732,12,29433,486,465155,48,117732,1944,32,4,644756,1319142,20632192,5276568,25908760,4,4,12,4,4,4,0,20,20,20260807,5,1,1,1,0,0,0,6444,0.2685,1,0.0015,0
1936,17306.2,6,0,2.24725,3.59554,0,0,0,5.84279,361,361,0,1,2.94392,2.94392,1830,367,0,1235,0,0,0,0,0,1339,1785.99,0.953667,29.338,168732,12,29433,486,465155,48,117732,1944,32,4,644756,1319142,20632192,5276568,25908760,4,4,12,4,4,4,0,20,20,20260807,5,1,1,1,0,0,0,6444,0.2685,1,0.0015,0
1937,17317.6,11,0,2.33983,8.98125,0,0,0,11.3211,361,361,0,1,2.94392,2.94392,1830,367,0,1235,0,0,0,0,0,1339,1785.99,0.953667,29.338,168732,12,29433,486,465155,48,117732,1944,32,4,644756,1319142,20632192,5276568,25908760,4,4,12,4,4,4,0,20,20,20260807,5,1,1,1,0,0,0,6445,0.268542,1,0.0015,1
1938,17323.7,6,0,2.25304,3.73563,0,0,0,5.98867,361,361,0,1,2.94392,2.94392,1830,367,0,1235,0,0,0,0,0,1339,1785.99,0.953667,29.338,168732,12,29433,486,465155,48,117732,1944,32,4,644756,1319142,20632192,5276568,25908760,4,4,12,4,4,4,0,20,20,20260807,5,1,1,1,0,0,0,6445,0.268542,1,0.0015,0
1939,17340.4,17,0,2.16333,14.4782,0,0,0,16.6415,361,361,0,1,2.94392,2.94392,1830,367,0,1235,0,0,0,0,0,1339,1785.99,0.953667,29.338,168732,12,29433,486,465155,48,117732,1944,32,4,644756,1319142,20632192,5276568,25908760,4,4,12,4,4,4,0,20,20,20260807,5,1,1,1,0,0,0,6445,0.268542,1,0.0015,0
1940,17356.9,17,0,2.10938,14.3015,0,0,0,16.4108,361,361,0,1,2.94392,2.94392,1830,367,0,1235,0,0,0,0,0,1339,1785.99,0.953667,29.338,168732,12,29433,486,465155,48,117732,1944,32,4,644756,1319142,20632192,5276568,25908760,4,4,12,4,4,4,0,20,20,20260807,5,1,1,1,0,0,0,6445,0.268542,1,0.0015,0
1941,17368.2,11,0,2.21537,9.07175,0,0,0,11.2871,361,361,0,1,2.94392,2.94392,1830,367,0,1235,0,0,0,0,0,1339,1785.99,0.953667,29.338,168732,12,29433,486,465155,48,117732,1944,32,4,644756,1319142,20632192,5276568,25908760,4,4,12,4,4,4,0,20,20,20260807,5,1,1,1,0,0,0,6446,0.268583,1,0.0015,1
1942,17375.8,7,0,2.65692,4.75533,0,0,0,7.41225,361,361,0,1,2.94392,2.94392,1830,367,0,1235,0,0,0,0,0,1339,1785.99,0.953667,29.338,168732,12,29433,486,465155,48,117732,1944,32,4,644756,1319142,20632192,5276568,25908760,4,4,12,4,4,4,0,20,20,20260807,5,1,1,1,0,0,0,6446,0.268583,1,0.0015,0
1943,17385.4,10,0,2.31663,7.25508,0,0,0,9.57171,361,361,0,1,2.94392,2.94392,1830,367,0,1235,0,0,0,0,0,1339,1785.99,0.953667,29.338,168732,12,29433,486,465155,48,117732,1944,32,4,644756,1319142,20632192,5276568,25908760,4,4,12,4,4,4,0,20,20,20260807,5,1,1,1,0,0,0,6446,0.268583,1,0.0015,0
1944,17391.7,6,0,2.18358,3.9375,0,0,0,6.12108,361,361,0,1,2.94392,2.94392,1830,367,0,1235,0,0,0,0,0,1339,1785.99,0.953667,29.338,168732,12,29433,486,465155,48,117732,1944,32,4,644756,1319142,20632192,5276568,25908760,4,4,12,4,4,4,0,20,20,20260807,5,1,1,1,0,0,0,6446,0.268583,1,0.0015,0
1945,17400.4,9,0,2.07788,6.58587,0,0,0,8.66375,361,361,0,1,2.94392,2.94392,1830,367,0,1235,0,0,0,0,0,1339,1785.99,0.953667,29.338,168732,12,29433,486,465155,48,117732,1944,32,4,644756,1319142,20632192,5276568,25908760,4,4,12,4,4,4,0,20,20,20260807,5,1,1,1,0,0,0,6446,0.268583,1,0.0015,0
1946,17406.5,6,0,2.39863,3.56929,0,0,0,5.96792,361,361,0,1,2.94392,2.94392,1830,367,0,1235,0,0,0,0,0,1339,1785.99,0.953667,29.338,168732,12,29433,486,465155,48,117732,1944,32,4,644756,1319142,20632192,5276568,25908760,4,4,12,4,4,4,0,20,20,20260807,5,1,1,1,0,0,0,6446,0.268583,1,0.0015,0
1947,17417.1,11,0,2.25988,8.26208,0,0,0,10.522,361,361,0,1,2.94392,2.94392,1830,367,0,1235,0,0,0,0,0,1339,1785.99,0.953667,29.338,168732,12,29433,486,465155,48,117732,1944,32,4,644756,1319142,20632192,5276568,25908760,4,4,12,4,4,4,0,20,20,20260807,5,1,1,1,0,0,0,6447,0.268625,1,0.0015,1
1948,17422.9,6,0,2.49475,3.29088,0,0,0,5.78562,361,361,0,1,2.94392,2.94392,1830,367,0,1235,0,0,0,0,0,1339,1785.99,0.953667,29.338,168732,12,29433,486,465155,48,117732,1944,32,4,644756,1319142,20632192,5276568,25908760,4,4,12,4,4,4,0,20,20,20260807,5,1,1,1,0,0,0,6447,0.268625,1,0.0015,0
1949,17433.6,10,0,2.24867,8.36671,0,0,0,10.6154,361,361,0,1,2.94392,2.94392,1830,367,0,1235,0,0,0,0,0,1339,1785.99,0.953667,29.338,168732,12,29433,486,465155,48,117732,1944,32,4,644756,1319142,20632192,5276568,25908760,4,4,12,4,4,4,0,20,20,20260807,5,1,1,1,0,0,0,6447,0.268625,1,0.0015,0
1950,17442.4,9,0,2.03021,6.67671,0,0,0,8.70692,361,361,0,1,2.94392,2.94392,1830,367,0,1235,0,0,0,0,0,1339,1785.99,0.953667,29.338,168732,12,29433,486,465155,48,117732,1944,32,4,644756,1319142,20632192,5276568,25908760,4,4,12,4,4,4,0,20,20,20260807,5,1,1,1,0,0,0,6447,0.268625,1,0.0015,0
1951,17451.2,9,0,2.11662,6.57867,0,0,0,8.69529,361,361,0,1,2.94392,2.94392,1830,367,0,1235,0,0,0,0,0,1339,1785.99,0.953667,29.338,168732,12,29433,486,465155,48,117732,1944,32,4,644756,1319142,20632192,5276568,25908760,4,4,12,4,4,4,0,20,20,20260807,5,1,1,1,0,0,0,6447,0.268625,1,0.0015,0
1952,17457.5,6,0,2.28396,3.91646,0,0,0,6.20042,361,361,0,1,2.94392,2.94392,1830,367,0,1235,0,0,0,0,0,1339,1785.99,0.953667,29.338,168732,12,29433,486,465155,48,117732,1944,32,4,644756,1319142,20632192,5276568,25908760,4,4,12,4,4,4,0,20,20,20260807,5,1,1,1,0,0,0,6447,0.268625,1,0.0015,0
1953,17467.3,10,0,2.26692,7.46654,0,0,0,9.73346,361,361,0,1,2.94392,2.94392,1830,367,0,1235,0,0,0,0,0,1339,1785.99,0.953667,29.338,168732,12,29433,486,465155,48,117732,1944,32,4,644756,1319142,20632192,5276568,25908760,4,4,12,4,4,4,0,20,20,20260807,5,1,1,1,0,0,0,6448,0.268667,1,0.0015,1
1954,17474.3,7,0,2.15146,4.77929,0,0,0,6.93075,361,361,0,1,2.94392,2.94392,1830,367,0,1235,0,0,0,0,0,1339,1785.99,0.953667,29.338,168732,12,29433,486,465155,48,117732,1944,32,4,644756,1319142,20632192,5276568,25908760,4,4,12,4,4,4,0,20,20,20260807,5,1,1,1,0,0,0,6448,0.268667,1,0.0015,0
1955,17484.4,10,0,2.11546,7.85288,0,0,0,9.96833,361,361,0,1,2.94392,2.94392,1830,367,0,1235,0,0,0,0,0,1339,1785.99,0.953667,29.338,168732,12,29433,486,465155,48,117732,1944,32,4,644756,1319142,20632192,5276568,25908760,4,4,12,4,4,4,0,20,20,20260807,5,1,1,1,0,0,0,6448,0.268667,1,0.0015,0
1956,17491.5,7,0,2.21417,4.87937,0,0,0,7.09354,361,361,0,1,2.94392,2.94392,1830,367,0,1235,0,0,0,0,0,1339,1785.99,0.953667,29.338,168732,12,29433,486,465155,48,117732,1944,32,4,644756,1319142,20632192,5276568,25908760,4,4,12,4,4,4,0,20,20,20260807,5,1,1,1,0,0,0,6448,0.268667,1,0.0015,0
1957,17500.3,9,0,2.11771,6.51504,0,0,0,8.63275,361,361,0,1,2.94392,2.94392,1830,367,0,1235,0,0,0,0,0,1339,1785.99,0.953667,29.338,168732,12,29433,486,465155,48,117732,1944,32,4,644756,1319142,20632192,5276568,25908760,4,4,12,4,4,4,0,20,20,20260807,5,1,1,1,0,0,0,6448,0.268667,1,0.0015,0
1958,17506.6,6,0,2.16196,4.04204,0,0,0,6.204,361,361,0,1,2.94392,2.94392,1830,367,0,1235,0,0,0,0,0,1339,1785.99,0.953667,29.338,168732,12,29433,486,465155,48,117732,1944,32,4,644756,1319142,20632192,5276568,25908760,4,4,12,4,4,4,0,20,20,20260807,5,1,1,1,0,0,0,6448,0.268667,1,0.0015,0
1959,17517.1,11,0,2.31113,8.14167,0,0,0,10.4528,361,361,0,1,2.94392,2.94392,1830,367,0,1235,0,0,0,0,0,1339,1785.99,0.953667,29.338,168732,12,29433,486,465155,48,117732,1944,32,4,644756,1319142,20632192,5276568,25908760,4,4,12,4,4,4,0,20,20,20260807,5,1,1,1,0,0,0,6449,0.268708,1,0.0015,1
1960,17524,7,0,2.22458,4.57096,0,0,0,6.79554,361,361,0,1,2.94392,2.94392,1830,367,0,1235,0,0,0,0,0,1339,1785.99,0.953667,29.338,168732,12,29433,486,465155,48,117732,1944,32,4,644756,1319142,20632192,5276568,25908760,4,4,12,4,4,4,0,20,20,20260807,5,1,1,1,0,0,0,6449,0.268708,1,0.0015,0
1961,17533.6,9,0,2.06804,7.52071,0,0,0,9.58875,361,361,0,1,2.94392,2.94392,1830,367,0,1235,0,0,0,0,0,1339,1785.99,0.953667,29.338,168732,12,29433,486,465155,48,117732,1944,32,4,644756,1319142,20632192,5276568,25908760,4,4,12,4,4,4,0,20,20,20260807,5,1,1,1,0,0,0,6449,0.268708,1,0.0015,0
1962,17539.4,6,0,2.4275,3.25679,0,0,0,5.68429,361,361,0,1,2.94392,2.94392,1830,367,0,1235,0,0,0,0,0,1339,1785.99,0.953667,29.338,168732,12,29433,486,465155,48,117732,1944,32,4,644756,1319142,20632192,5276568,25908760,4,4,12,4,4,4,0,20,20,20260807,5,1,1,1,0,0,0,6449,0.268708,1,0.0015,0
1963,17551.6,12,0,2.23683,9.86075,0,0,0,12.0976,361,361,0,1,2.94392,2.94392,1830,367,0,1235,0,0,0,0,0,1339,1785.99,0.953667,29.338,168732,12,29433,486,465155,48,117732,1944,32,4,644756,1319142,20632192,5276568,25908760,4,4,12,4,4,4,0,20,20,20260807,5,1,1,1,0,0,0,6449,0.268708,1,0.0015,0
1964,17557.7,6,0,2.35183,3.73171,0,0,0,6.08354,361,361,0,1,2.94392,2.94392,1830,367,0,1235,0,0,0,0,0,1339,1785.99,0.953667,29.338,168732,12,29433,486,465155,48,117732,1944,32,4,644756,1319142,20632192,5276568,25908760,4,4,12,4,4,4,0,20,20,20260807,5,1,1,1,0,0,0,6449,0.268708,1,0.0015,0
1965,17568.7,11,0,2.09733,8.76217,0,0,0,10.8595,361,361,0,1,2.94392,2.94392,1830,367,0,1235,0,0,0,0,0,1339,1785.99,0.953667,29.338,168732,12,29433,486,465155,48,117732,1944,32,4,644756,1319142,20632192,5276568,25908760,4,4,12,4,4,4,0,20,20,20260807,5,1,1,1,0,0,0,6450,0.26875,1,0.0015,1
1966,17585.5,17,0,2.09904,14.6729,0,0,0,16.7719,361,361,0,1,2.94392,2.94392,1830,367,0,1235,0,0,0,0,0,1339,1785.99,0.953667,29.338,168732,12,29433,486,465155,48,117732,1944,32,4,644756,1319142,20632192,5276568,25908760,4,4,12,4,4,4,0,20,20,20260807,5,1,1,1,0,0,0,6450,0.26875,1,0.0015,0
1967,17591.3,6,0,2.18167,3.50358,0,0,0,5.68525,361,361,0,1,2.94392,2.94392,1830,367,0,1235,0,0,0,0,0,1339,1785.99,0.953667,29.338,168732,12,29433,486,465155,48,117732,1944,32,4,644756,1319142,20632192,5276568,25908760,4,4,12,4,4,4,0,20,20,20260807,5,1,1,1,0,0,0,6450,0.26875,1,0.0015,0
1968,17600.9,9,0,2.19413,7.28712,0,0,0,9.48125,361,361,0,1,2.94392,2.94392,1830,367,0,1235,0,0,0,0,0,1339,1785.99,0.953667,29.338,168732,12,29433,486,465155,48,117732,1944,32,4,644756,1319142,20632192,5276568,25908760,4,4,12,4,4,4,0,20,20,20260807,5,1,1,1,0,0,0,6450,0.26875,1,0.0015,0
1969,17608,8,0,2.19125,4.86467,0,0,0,7.05592,361,361,0,1,2.94392,2.94392,1830,367,0,1235,0,0,0,0,0,1339,1785.99,0.953667,29.338,168732,12,29433,486,465155,48,117732,1944,32,4,644756,1319142,20632192,5276568,25908760,4,4,12,4,4,4,0,20,20,20260807,5,1,1,1,0,0,0,6450,0.26875,1,0.0015,0
1970,17617.7,9,0,2.3015,7.34629,0,0,0,9.64779,361,361,0,1,2.94392,2.94392,1830,367,0,1235,0,0,0,0,0,1339,1785.99,0.953667,29.338,168732,12,29433,486,465155,48,117732,1944,32,4,644756,1319142,20632192,5276568,25908760,4,4,12,4,4,4,0,20,20,20260807,5,1,1,1,0,0,0,6451,0.268792,1,0.0015,1
1971,17623.4,6,0,2.252,3.37679,0,0,0,5.62879,361,361,0,1,2.94392,2.94392,1830,367,0,1235,0,0,0,0,0,1339,1785.99,0.953667,29.338,168732,12,29433,486,465155,48,117732,1944,32,4,644756,1319142,20632192,5276568,25908760,4,4,12,4,4,4,0,20,20,20260807,5,1,1,1,0,0,0,6451,0.268792,1,0.0015,0
1972,17635,12,0,2.29042,9.12708,0,0,0,11.4175,361,361,0,1,2.94392,2.94392,1830,367,0,1235,0,0,0,0,0,1339,1785.99,0.953667,29.338,168732,12,29433,486,465155,48,117732,1944,32,4,644756,1319142,20632192,5276568,25908760,4,4,12,4,4,4,0,20,20,20260807,5,1,1,1,0,0,0,6451,0.268792,1,0.0015,0
1973,17640.6,5,0,2.22058,3.35821,0,0,0,5.57879,361,361,0,1,2.94392,2.94392,1830,367,0,1235,0,0,0,0,0,1339,1785.99,0.953667,29.338,168732,12,29433,486,465155,48,117732,1944,32,4,644756,1319142,20632192,5276568,25908760,4,4,12,4,4,4,0,20,20,20260807,5,1,1,1,0,0,0,6451,0.268792,1,0.0015,0
1974,17651.9,12,0,2.10787,9.13425,0,0,0,11.2421,361,361,0,1,2.94392,2.94392,1830,367,0,1235,0,0,0,0,0,1339,1785.99,0.953667,29.338,168732,12,29433,486,465155,48,117732,1944,32,4,644756,1319142,20632192,5276568,25908760,4,4,12,4,4,4,0,20,20,20260807,5,1,1,1,0,0,0,6451,0.268792,1,0.0015,0
1975,17668.4,17,0,2.16646,14.1734,0,0,0,16.3399,361,361,0,1,2.94392,2.94392,1830,367,0,1235,0,0,0,0,0,1339,1785.99,0.953667,29.338,168732,12,29433,486,465155,48,117732,1944,32,4,644756,1319142,20632192,5276568,25908760,4,4,12,4,4,4,0,20,20,20260807,5,1,1,1,0,0,0,6452,0.268833,1,0.0015,1
1976,17674,6,0,2.14529,3.37617,0,0,0,5.52146,361,361,0,1,2.94392,2.94392,1830,367,0,1235,0,0,0,0,0,1339,1785.99,0.953667,29.338,168732,12,29433,486,465155,48,117732,1944,32,4,644756,1319142,20632192,5276568,25908760,4,4,12,4,4,4,0,20,20,20260807,5,1,1,1,0,0,0,6452,0.268833,1,0.0015,0
1977,17685.2,11,0,2.17608,8.95933,0,0,0,11.1354,361,361,0,1,2.94392,2.94392,1830,367,0,1235,0,0,0,0,0,1339,1785.99,0.953667,29.338,168732,12,29433,486,465155,48,117732,1944,32,4,644756,1319142,20632192,5276568,25908760,4,4,12,4,4,4,0,20,20,20260807,5,1,1,1,0,0,0,6452,0.268833,1,0.0015,0
1978,17692.5,7,0,2.20808,5.06371,0,0,0,7.27179,361,361,0,1,2.94392,2.94392,1830,367,0,1235,0,0,0,0,0,1339,1785.99,0.953667,29.338,168732,12,29433,486,465155,48,117732,1944,32,4,644756,1319142,20632192,5276568,25908760,4,4,12,4,4,4,0,20,20,20260807,5,1,1,1,0,0,0,6452,0.268833,1,0.0015,0
1979,17702.7,10,0,2.78662,7.28492,0,0,0,10.0715,361,361,0,1,2.94392,2.94392,1830,367,0,1235,0,0,0,0,0,1339,1785.99,0.953667,29.338,168732,12,29433,486,465155,48,117732,1944,32,4,644756,1319142,20632192,5276568,25908760,4,4,12,4,4,4,0,20,20,20260807,5,1,1,1,0,0,0,6452,0.268833,1,0.0015,0
1980,17717.1,15,0,2.74662,11.5426,0,0,0,14.2892,361,361,0,1,2.94392,2.94392,1830,367,0,1235,0,0,0,0,0,1339,1785.99,0.953667,29.338,168732,12,29433,486,465155,48,117732,1944,32,4,644756,1319142,20632192,5276568,25908760,4,4,12,4,4,4,0,20,20,20260807,5,1,1,1,0,0,0,6453,0.268875,1,0.0015,1
1981,17722.7,5,0,2.25971,3.304,0,0,0,5.56371,361,361,0,1,2.94392,2.94392,1830,367,0,1235,0,0,0,0,0,1339,1785.99,0.953667,29.338,168732,12,29433,486,465155,48,117732,1944,32,4,644756,1319142,20632192,5276568,25908760,4,4,12,4,4,4,0,20,20,20260807,5,1,1,1,0,0,0,6453,0.268875,1,0.0015,0
1982,17733.5,11,0,2.29296,8.43304,0,0,0,10.726,361,361,0,1,2.94392,2.94392,1830,367,0,1235,0,0,0,0,0,1339,1785.99,0.953667,29.338,168732,12,29433,486,465155,48,117732,1944,32,4,644756,1319142,20632192,5276568,25908760,4,4,12,4,4,4,0,20,20,20260807,5,1,1,1,0,0,0,6453,0.268875,1,0.0015,0
1983,17739.6,6,0,2.17112,3.83937,0,0,0,6.0105,361,361,0,1,2.94392,2.94392,1830,367,0,1235,0,0,0,0,0,1339,1785.99,0.953667,29.338,168732,12,29433,486,465155,48,117732,1944,32,4,644756,1319142,20632192,5276568,25908760,4,4,12,4,4,4,0,20,20,20260807,5,1,1,1,0,0,0,6453,0.268875,1,0.0015,0
1984,17750.9,12,0,2.28767,8.94283,0,0,0,11.2305,361,361,0,1,2.94392,2.94392,1830,367,0,1235,0,0,0,0,0,1339,1785.99,0.953667,29.338,168732,12,29433,486,465155,48,117732,1944,32,4,644756,1319142,20632192,5276568,25908760,4,4,12,4,4,4,0,20,20,20260807,5,1,1,1,0,0,0,6453,0.268875,1,0.0015,0
1985,17756.8,5,0,2.39192,3.07471,0,0,0,5.46662,361,361,0,1,2.94392,2.94392,1830,367,0,1235,0,0,0,0,0,1339,1785.99,0.953667,29.338,168732,12,29433,486,465155,48,117732,1944,32,4,644756,1319142,20632192,5276568,25908760,4,4,12,4,4,4,0,20,20,20260807,5,1,1,1,0,0,0,6454,0.268917,1,0.0015,1
1986,17766.9,11,0,2.06712,7.93442,0,0,0,10.0015,361,361,0,1,2.94392,2.94392,1830,367,0,1235,0,0,0,0,0,1339,1785.99,0.953667,29.338,168732,12,29433,486,465155,48,117732,1944,32,4,644756,1319142,20632192,5276568,25908760,4,4,12,4,4,4,0,20,20,20260807,5,1,1,1,0,0,0,6454,0.268917,1,0.0015,0
1987,17772.7,5,0,2.32042,3.41579,0,0,0,5.73621,361,361,0,1,2.94392,2.94392,1830,367,0,1235,0,0,0,0,0,1339,1785.99,0.953667,29.338,168732,12,29433,486,465155,48,117732,1944,32,4,644756,1319142,20632192,5276568,25908760,4,4,12,4,4,4,0,20,20,20260807,5,1,1,1,0,0,0,6454,0.268917,1,0.0015,0
1988,17783.7,11,0,2.30638,8.59575,0,0,0,10.9021,361,361,0,1,2.94392,2.94392,1830,367,0,1235,0,0,0,0,0,1339,1785.99,0.953667,29.338,168732,12,29433,486,465155,48,117732,1944,32,4,644756,1319142,20632192,5276568,25908760,4,4,12,4,4,4,0,20,20,20260807,5,1,1,1,0,0,0,6454,0.268917,1,0.0015,0
1989,17790,7,0,2.37637,3.87925,0,0,0,6.25563,361,361,0,1,2.94392,2.94392,1830,367,0,1235,0,0,0,0,0,1339,1785.99,0.953667,29.338,168732,12,29433,486,465155,48,117732,1944,32,4,644756,1319142,20632192,5276568,25908760,4,4,12,4,4,4,0,20,20,20260807,5,1,1,1,0,0,0,6454,0.268917,1,0.0015,0
1990,17800.5,10,0,2.101,8.25188,0,0,0,10.3529,361,361,0,1,2.94392,2.94392,1830,367,0,1235,0,0,0,0,0,1339,1785.99,0.953667,29.338,168732,12,29433,486,465155,48,117732,1944,32,4,644756,1319142,20632192,5276568,25908760,4,4,12,4,4,4,0,20,20,20260807,5,1,1,1,0,0,0,6454,0.268917,1,0.0015,0
1991,17806,6,0,2.20879,3.21454,0,0,0,5.42333,361,361,0,1,2.94392,2.94392,1830,367,0,1235,0,0,0,0,0,1339,1785.99,0.953667,29.338,168732,12,29433,486,465155,48,117732,1944,32,4,644756,1319142,20632192,5276568,25908760,4,4,12,4,4,4,0,20,20,20260807,5,1,1,1,0,0,0,6454,0.268917,1,0.0015,0
1992,17817.1,11,0,2.21967,8.82542,0,0,0,11.0451,361,361,0,1,2.94392,2.94392,1830,367,0,1235,0,0,0,0,0,1339,1785.99,0.953667,29.338,168732,12,29433,486,465155,48,117732,1944,32,4,644756,1319142,20632192,5276568,25908760,4,4,12,4,4,4,0,20,20,20260807,5,1,1,1,0,0,0,6455,0.268958,1,0.0015,1
1993,17822.5,5,0,2.238,3.10421,0,0,0,5.34221,361,361,0,1,2.94392,2.94392,1830,367,0,1235,0,0,0,0,0,1339,1785.99,0.953667,29.338,168732,12,29433,486,465155,48,117732,1944,32,4,644756,1319142,20632192,5276568,25908760,4,4,12,4,4,4,0,20,20,20260807,5,1,1,1,0,0,0,6455,0.268958,1,0.0015,0
1994,17834.4,12,0,2.22812,9.56567,0,0,0,11.7938,361,361,0,1,2.94392,2.94392,1830,367,0,1235,0,0,0,0,0,1339,1785.99,0.953667,29.338,168732,12,29433,486,465155,48,117732,1944,32,4,644756,1319142,20632192,5276568,25908760,4,4,12,4,4,4,0,20,20,20260807,5,1,1,1,0,0,0,6455,0.268958,1,0.0015,0
1995,17839.7,5,0,2.21971,3.00287,0,0,0,5.22258,361,361,0,1,2.94392,2.94392,1830,367,0,1235,0,0,0,0,0,1339,1785.99,0.953667,29.338,168732,12,29433,486,465155,48,117732,1944,32,4,644756,1319142,20632192,5276568,25908760,4,4,12,4,4,4,0,20,20,20260807,5,1,1,1,0,0,0,6455,0.268958,1,0.0015,0
1996,17850.3,11,0,2.23492,8.31821,0,0,0,10.5531,361,361,0,1,2.94392,2.94392,1830,367,0,1235,0,0,0,0,0,1339,1785.99,0.953667,29.338,168732,12,29433,486,465155,48,117732,1944,32,4,644756,1319142,20632192,5276568,25908760,4,4,12,4,4,4,0,20,20,20260807,5,1,1,1,0,0,0,6455,0.268958,1,0.0015,0
1997,17857.5,7,0,2.24129,4.91046,0,0,0,7.15175,361,361,0,1,2.94392,2.94392,1830,367,0,1235,0,0,0,0,0,1339,1785.99,0.953667,29.338,168732,12,29433,486,465155,48,117732,1944,32,4,644756,1319142,20632192,5276568,25908760,4,4,12,4,4,4,0,20,20,20260807,5,1,1,1,0,0,0,6455,0.268958,1,0.0015,0
1998,17866.9,10,0,2.14829,7.16325,0,0,0,9.31154,361,361,0,1,2.94392,2.94392,1830,367,0,1235,0,0,0,0,0,1339,1785.99,0.953667,29.338,168732,12,29433,486,465155,48,117732,1944,32,4,644756,1319142,20632192,5276568,25908760,4,4,12,4,4,4,0,20,20,20260807,5,1,1,1,0,0,0,6456,0.269,1,0.0015,1
1999,17873.6,6,0,2.26762,4.34008,0,0,0,6.60771,361,361,0,1,2.94392,2.94392,1830,367,0,1235,0,0,0,0,0,1339,1785.99,0.953667,29.338,168732,12,29433,486,465155,48,117732,1944,32,4,644756,1319142,20632192,5276568,25908760,4,4,12,4,4,4,0,20,20,20260807,5,1,1,1,0,0,0,6456,0.269,1,0.0015,0
2000,17885.8,12,0,2.10029,9.95758,0,0,0,12.0579,361,361,0,1,2.94392,2.94392,1830,367,0,1235,0,0,0,0,0,1339,1785.99,0.953667,29.338,168732,12,29433,486,465155,48,117732,1944,32,4,644756,1319142,20632192,5276568,25908760,4,4,12,4,4,4,0,20,20,20260807,5,1,1,1,0,0,0,6456,0.269,1,0.0015,0
2001,17900.5,15,0,2.11167,12.459,0,0,0,14.5707,361,361,0,1,2.94392,2.94392,1830,367,0,1235,0,0,0,0,0,1339,1785.99,0.953667,29.338,168732,12,29433,486,465155,48,117732,1944,32,4,644756,1319142,20632192,5276568,25908760,4,4,12,4,4,4,0,20,20,20260807,5,1,1,1,0,0,0,6456,0.269,1,0.0015,0
2002,17907.1,7,0,2.80354,3.74521,0,0,0,6.54875,361,361,0,1,2.94392,2.94392,1830,367,0,1235,0,0,0,0,0,1339,1785.99,0.953667,29.338,168732,12,29433,486,465155,48,117732,1944,32,4,644756,1319142,20632192,5276568,25908760,4,4,12,4,4,4,0,20,20,20260807,5,1,1,1,0,0,0,6456,0.269,1,0.0015,0
2003,17917.2,10,0,2.43754,7.59633,0,0,0,10.0339,361,361,0,1,2.94392,2.94392,1830,367,0,1235,0,0,0,0,0,1339,1785.99,0.953667,29.338,168732,12,29433,486,465155,48,117732,1944,32,4,644756,1319142,20632192,5276568,25908760,4,4,12,4,4,4,0,20,20,20260807,5,1,1,1,0,0,0,6457,0.269042,1,0.0015,1
2004,17922.9,6,0,2.27992,3.31712,0,0,0,5.59704,361,361,0,1,2.94392,2.94392,1830,367,0,1235,0,0,0,0,0,1339,1785.99,0.953667,29.338,168732,12,29433,486,465155,48,117732,1944,32,4,644756,1319142,20632192,5276568,25908760,4,4,12,4,4,4,0,20,20,20260807,5,1,1,1,0,0,0,6457,0.269042,1,0.0015,0
2005,17933.7,10,0,2.48508,8.29142,0,0,0,10.7765,361,361,0,1,2.94392,2.94392,1830,367,0,1235,0,0,0,0,0,1339,1785.99,0.953667,29.338,168732,12,29433,486,465155,48,117732,1944,32,4,644756,1319142,20632192,5276568,25908760,4,4,12,4,4,4,0,20,20,20260807,5,1,1,1,0,0,0,6457,0.269042,1,0.0015,0
2006,17940.2,7,0,2.12425,4.25363,0,0,0,6.37788,361,361,0,1,2.94392,2.94392,1830,367,0,1235,0,0,0,0,0,1339,1785.99,0.953667,29.338,168732,12,29433,486,465155,48,117732,1944,32,4,644756,1319142,20632192,5276568,25908760,4,4,12,4,4,4,0,20,20,20260807,5,1,1,1,0,0,0,6457,0.269042,1,0.0015,0
2007,17950.9,11,0,2.191,8.38379,0,0,0,10.5748,361,361,0,1,2.94392,2.94392,1830,367,0,1235,0,0,0,0,0,1339,1785.99,0.953667,29.338,168732,12,29433,486,465155,48,117732,1944,32,4,644756,1319142,20632192,5276568,25908760,4,4,12,4,4,4,0,20,20,20260807,5,1,1,1,0,0,0,6457,0.269042,1,0.0015,0
2008,17956.7,5,0,2.27904,3.50462,0,0,0,5.78367,361,361,0,1,2.94392,2.94392,1830,367,0,1235,0,0,0,0,0,1339,1785.99,0.953667,29.338,168732,12,29433,486,465155,48,117732,1944,32,4,644756,1319142,20632192,5276568,25908760,4,4,12,4,4,4,0,20,20,20260807,5,1,1,1,0,0,0,6458,0.269083,1,0.0015,1
2009,17966.9,11,0,2.25829,7.84417,0,0,0,10.1025,361,361,0,1,2.94392,2.94392,1830,367,0,1235,0,0,0,0,0,1339,1785.99,0.953667,29.338,168732,12,29433,486,465155,48,117732,1944,32,4,644756,1319142,20632192,5276568,25908760,4,4,12,4,4,4,0,20,20,20260807,5,1,1,1,0,0,0,6458,0.269083,1,0.0015,0
2010,17972.9,6,0,2.19029,3.69392,0,0,0,5.88421,361,361,0,1,2.94392,2.94392,1830,367,0,1235,0,0,0,0,0,1339,1785.99,0.953667,29.338,168732,12,29433,486,465155,48,117732,1944,32,4,644756,1319142,20632192,5276568,25908760,4,4,12,4,4,4,0,20,20,20260807,5,1,1,1,0,0,0,6458,0.269083,1,0.0015,0
2011,17983.5,10,0,2.20142,8.31871,0,0,0,10.5201,361,361,0,1,2.94392,2.94392,1830,367,0,1235,0,0,0,0,0,1339,1785.99,0.953667,29.338,168732,12,29433,486,465155,48,117732,1944,32,4,644756,1319142,20632192,5276568,25908760,4,4,12,4,4,4,0,20,20,20260807,5,1,1,1,0,0,0,6458,0.269083,1,0.0015,0
2012,17990.8,7,0,2.09992,5.08275,0,0,0,7.18267,361,361,0,1,2.94392,2.94392,1830,367,0,1235,0,0,0,0,0,1339,1785.99,0.953667,29.338,168732,12,29433,486,465155,48,117732,1944,32,4,644756,1319142,20632192,5276568,25908760,4,4,12,4,4,4,0,20,20,20260807,5,1,1,1,0,0,0,6458,0.269083,1,0.0015,0
2013,18005.1,15,0,2.23113,12.068,0,0,0,14.2992,361,361,0,1,2.94392,2.94392,1830,367,0,1235,0,0,0,0,0,1339,1785.99,0.953667,29.338,168732,12,29433,486,465155,48,117732,1944,32,4,644756,1319142,20632192,5276568,25908760,4,4,12,4,4,4,0,20,20,20260807,5,1,1,1,0,0,0,6458,0.269083,1,0.0015,0
2014,18018.2,13,0,2.06796,10.9266,0,0,0,12.9945,361,361,0,1,2.94392,2.94392,1830,367,0,1235,0,0,0,0,0,1339,1785.99,0.953667,29.338,168732,12,29433,486,465155,48,117732,1944,32,4,644756,1319142,20632192,5276568,25908760,4,4,12,4,4,4,0,20,20,20260807,5,1,1,1,0,0,0,6459,0.269125,1,0.0015,1
2015,18024.8,6,0,2.13542,4.32463,0,0,0,6.46004,361,361,0,1,2.94392,2.94392,1830,367,0,1235,0,0,0,0,0,1339,1785.99,0.953667,29.338,168732,12,29433,486,465155,48,117732,1944,32,4,644756,1319142,20632192,5276568,25908760,4,4,12,4,4,4,0,20,20,20260807,5,1,1,1,0,0,0,6459,0.269125,1,0.0015,0
2016,18034.1,10,0,2.33196,6.89062,0,0,0,9.22258,361,361,0,1,2.94392,2.94392,1830,367,0,1235,0,0,0,0,0,1339,1785.99,0.953667,29.338,168732,12,29433,486,465155,48,117732,1944,32,4,644756,1319142,20632192,5276568,25908760,4,4,12,4,4,4,0,20,20,20260807,5,1,1,1,0,0,0,6459,0.269125,1,0.0015,0
2017,18039.4,5,0,2.21529,3.03963,0,0,0,5.25492,361,361,0,1,2.94392,2.94392,1830,367,0,1235,0,0,0,0,0,1339,1785.99,0.953667,29.338,168732,12,29433,486,465155,48,117732,1944,32,4,644756,1319142,20632192,5276568,25908760,4,4,12,4,4,4,0,20,20,20260807,5,1,1,1,0,0,0,6459,0.269125,1,0.0015,0
2018,18052.6,13,0,2.00896,11.1033,0,0,0,13.1123,361,361,0,1,2.94392,2.94392,1830,367,0,1235,0,0,0,0,0,1339,1785.99,0.953667,29.338,168732,12,29433,486,465155,48,117732,1944,32,4,644756,1319142,20632192,5276568,25908760,4,4,12,4,4,4,0,20,20,20260807,5,1,1,1,0,0,0,6459,0.269125,1,0.0015,0
2019,18058,6,0,2.10871,3.20179,0,0,0,5.3105,361,361,0,1,2.94392,2.94392,1830,367,0,1235,0,0,0,0,0,1339,1785.99,0.953667,29.338,168732,12,29433,486,465155,48,117732,1944,32,4,644756,1319142,20632192,5276568,25908760,4,4,12,4,4,4,0,20,20,20260807,5,1,1,1,0,0,0,6460,0.269167,1,0.0015,1
2020,18066.9,9,0,2.32308,6.45608,0,0,0,8.77917,361,361,0,1,2.94392,2.94392,1830,367,0,1235,0,0,0,0,0,1339,1785.99,0.953667,29.338,168732,12,29433,486,465155,48,117732,1944,32,4,644756,1319142,20632192,5276568,25908760,4,4,12,4,4,4,0,20,20,20260807,5,1,1,1,0,0,0,6460,0.269167,1,0.0015,0
2021,18073.1,6,0,2.18821,4.01654,0,0,0,6.20475,361,361,0,1,2.94392,2.94392,1830,367,0,1235,0,0,0,0,0,1339,1785.99,0.953667,29.338,168732,12,29433,486,465155,48,117732,1944,32,4,644756,1319142,20632192,5276568,25908760,4,4,12,4,4,4,0,20,20,20260807,5,1,1,1,0,0,0,6460,0.269167,1,0.0015,0
2022,18083.9,11,0,2.51392,8.13146,0,0,0,10.6454,361,361,0,1,2.94392,2.94392,1830,367,0,1235,0,0,0,0,0,1339,1785.99,0.953667,29.338,168732,12,29433,486,465155,48,117732,1944,32,4,644756,1319142,20632192,5276568,25908760,4,4,12,4,4,4,0,20,20,20260807,5,1,1,1,0,0,0,6460,0.269167,1,0.0015,0
2023,18089.5,5,0,2.47042,3.06525,0,0,0,5.53567,361,361,0,1,2.94392,2.94392,1830,367,0,1235,0,0,0,0,0,1339,1785.99,0.953667,29.338,168732,12,29433,486,465155,48,117732,1944,32,4,644756,1319142,20632192,5276568,25908760,4,4,12,4,4,4,0,20,20,20260807,5,1,1,1,0,0,0,6460,0.269167,1,0.0015,0
2024,18100.5,11,0,2.35904,8.5685,0,0,0,10.9275,361,361,0,1,2.94392,2.94392,1830,367,0,1235,0,0,0,0,0,1339,1785.99,0.953667,29.338,168732,12,29433,486,465155,48,117732,1944,32,4,644756,1319142,20632192,5276568,25908760,4,4,12,4,4,4,0,20,20,20260807,5,1,1,1,0,0,0,6460,0.269167,1,0.0015,0
2025,18106.4,6,0,2.38242,3.39454,0,0,0,5.77696,361,361,0,1,2.94392,2.94392,1830,367,0,1235,0,0,0,0,0,1339,1785.99,0.953667,29.338,168732,12,29433,486,465155,48,117732,1944,32,4,644756,1319142,20632192,5276568,25908760,4,4,12,4,4,4,0,20,20,20260807,5,1,1,1,0,0,0,6460,0.269167,1,0.0015,0
2026,18117.8,11,0,2.23842,9.0865,0,0,0,11.3249,361,361,0,1,2.94392,2.94392,1830,367,0,1235,0,0,0,0,0,1339,1785.99,0.953667,29.338,168732,12,29433,486,465155,48,117732,1944,32,4,644756,1319142,20632192,5276568,25908760,4,4,12,4,4,4,0,20,20,20260807,5,1,1,1,0,0,0,6461,0.269208,1,0.0015,1
2027,18123.6,6,0,2.14083,3.64429,0,0,0,5.78512,361,361,0,1,2.94392,2.94392,1830,367,0,1235,0,0,0,0,0,1339,1785.99,0.953667,29.338,168732,12,29433,486,465155,48,117732,1944,32,4,644756,1319142,20632192,5276568,25908760,4,4,12,4,4,4,0,20,20,20260807,5,1,1,1,0,0,0,6461,0.269208,1,0.0015,0
2028,18133.7,10,0,2.09183,7.88483,0,0,0,9.97667,361,361,0,1,2.94392,2.94392,1830,367,0,1235,0,0,0,0,0,1339,1785.99,0.953667,29.338,168732,12,29433,486,465155,48,117732,1944,32,4,644756,1319142,20632192,5276568,25908760,4,4,12,4,4,4,0,20,20,20260807,5,1,1,1,0,0,0,6461,0.269208,1,0.0015,0
2029,18140,7,0,2.12071,4.09821,0,0,0,6.21892,361,361,0,1,2.94392,2.94392,1830,367,0,1235,0,0,0,0,0,1339,1785.99,0.953667,29.338,168732,12,29433,486,465155,48,117732,1944,32,4,644756,1319142,20632192,5276568,25908760,4,4,12,4,4,4,0,20,20,20260807,5,1,1,1,0,0,0,6461,0.269208,1,0.0015,0
2030,18150.3,10,0,2.18579,8.01458,0,0,0,10.2004,361,361,0,1,2.94392,2.94392,1830,367,0,1235,0,0,0,0,0,1339,1785.99,0.953667,29.338,168732,12,29433,486,465155,48,117732,1944,32,4,644756,1319142,20632192,5276568,25908760,4,4,12,4,4,4,0,20,20,20260807,5,1,1,1,0,0,0,6461,0.269208,1,0.0015,0
2031,18156.4,6,0,2.08025,3.943,0,0,0,6.02325,361,361,0,1,2.94392,2.94392,1830,367,0,1235,0,0,0,0,0,1339,1785.99,0.953667,29.338,168732,12,29433,486,465155,48,117732,1944,32,4,644756,1319142,20632192,5276568,25908760,4,4,12,4,4,4,0,20,20,20260807,5,1,1,1,0,0,0,6461,0.269208,1,0.0015,0
2032,18171.6,15,0,2.32258,12.842,0,0,0,15.1646,361,361,0,1,2.94392,2.94392,1830,367,0,1235,0,0,0,0,0,1339,1785.99,0.953667,29.338,168732,12,29433,486,465155,48,117732,1944,32,4,644756,1319142,20632192,5276568,25908760,4,4,12,4,4,4,0,20,20,20260807,5,1,1,1,0,0,0,6462,0.26925,1,0.0015,1
2033,18177.3,6,0,2.211,3.37729,0,0,0,5.58829,361,361,0,1,2.94392,2.94392,1830,367,0,1235,0,0,0,0,0,1339,1785.99,0.953667,29.338,168732,12,29433,486,465155,48,117732,1944,32,4,644756,1319142,20632192,5276568,25908760,4,4,12,4,4,4,0,20,20,20260807,5,1,1,1,0,0,0,6462,0.26925,1,0.0015,0
2034,18183.5,6,0,2.18396,3.88388,0,0,0,6.06783,361,361,0,1,2.94392,2.94392,1830,367,0,1235,0,0,0,0,0,1339,1785.99,0.953667,29.338,168732,12,29433,486,465155,48,117732,1944,32,4,644756,1319142,20632192,5276568,25908760,4,4,12,4,4,4,0,20,20,20260807,5,1,1,1,0,0,0,6462,0.26925,1,0.0015,0
2035,18189.4,6,0,2.04008,3.85462,0,0,0,5.89471,361,361,0,1,2.94392,2.94392,1830,367,0,1235,0,0,0,0,0,1339,1785.99,0.953667,29.338,168732,12,29433,486,465155,48,117732,1944,32,4,644756,1319142,20632192,5276568,25908760,4,4,12,4,4,4,0,20,20,20260807,5,1,1,1,0,0,0,6462,0.26925,1,0.0015,0
2036,18200.1,11,0,2.28483,8.32096,0,0,0,10.6058,361,361,0,1,2.94392,2.94392,1830,367,0,1235,0,0,0,0,0,1339,1785.99,0.953667,29.338,168732,12,29433,486,465155,48,117732,1944,32,4,644756,1319142,20632192,5276568,25908760,4,4,12,4,4,4,0,20,20,20260807,5,1,1,1,0,0,0,6462,0.26925,1,0.0015,0
2037,18206.5,6,0,2.02537,4.29379,0,0,0,6.31917,361,361,0,1,2.94392,2.94392,1830,367,0,1235,0,0,0,0,0,1339,1785.99,0.953667,29.338,168732,12,29433,486,465155,48,117732,1944,32,4,644756,1319142,20632192,5276568,25908760,4,4,12,4,4,4,0,20,20,20260807,5,1,1,1,0,0,0,6462,0.26925,1,0.0015,0
2038,18216.9,11,0,2.30987,8.00579,0,0,0,10.3157,361,361,0,1,2.94392,2.94392,1830,367,0,1235,0,0,0,0,0,1339,1785.99,0.953667,29.338,168732,12,29433,486,465155,48,117732,1944,32,4,644756,1319142,20632192,5276568,25908760,4,4,12,4,4,4,0,20,20,20260807,5,1,1,1,0,0,0,6463,0.269292,1,0.0015,1
2039,18223.3,5,0,2.15596,4.22179,0,0,0,6.37775,361,361,0,1,2.94392,2.94392,1830,367,0,1235,0,0,0,0,0,1339,1785.99,0.953667,29.338,168732,12,29433,486,465155,48,117732,1944,32,4,644756,1319142,20632192,5276568,25908760,4,4,12,4,4,4,0,20,20,20260807,5,1,1,1,0,0,0,6463,0.269292,1,0.0015,0
2040,18233.6,10,0,2.27575,7.87292,0,0,0,10.1487,361,361,0,1,2.94392,2.94392,1830,367,0,1235,0,0,0,0,0,1339,1785.99,0.953667,29.338,168732,12,29433,486,465155,48,117732,1944,32,4,644756,1319142,20632192,5276568,25908760,4,4,12,4,4,4,0,20,20,20260807,5,1,1,1,0,0,0,6463,0.269292,1,0.0015,0
2041,18239.9,7,0,2.08279,4.19196,0,0,0,6.27475,361,361,0,1,2.94392,2.94392,1830,367,0,1235,0,0,0,0,0,1339,1785.99,0.953667,29.338,168732,12,29433,486,465155,48,117732,1944,32,4,644756,1319142,20632192,5276568,25908760,4,4,12,4,4,4,0,20,20,20260807,5,1,1,1,0,0,0,6463,0.269292,1,0.0015,0
2042,18250.4,10,0,2.23346,8.16275,0,0,0,10.3962,361,361,0,1,2.94392,2.94392,1830,367,0,1235,0,0,0,0,0,1339,1785.99,0.953667,29.338,168732,12,29433,486,465155,48,117732,1944,32,4,644756,1319142,20632192,5276568,25908760,4,4,12,4,4,4,0,20,20,20260807,5,1,1,1,0,0,0,6463,0.269292,1,0.0015,0
2043,18256.4,6,0,2.21704,3.72433,0,0,0,5.94137,361,361,0,1,2.94392,2.94392,1830,367,0,1235,0,0,0,0,0,1339,1785.99,0.953667,29.338,168732,12,29433,486,465155,48,117732,1944,32,4,644756,1319142,20632192,5276568,25908760,4,4,12,4,4,4,0,20,20,20260807,5,1,1,1,0,0,0,6463,0.269292,1,0.0015,0
2044,18267.1,11,0,2.28133,8.27112,0,0,0,10.5525,361,361,0,1,2.94392,2.94392,1830,367,0,1235,0,0,0,0,0,1339,1785.99,0.953667,29.338,168732,12,29433,486,465155,48,117732,1944,32,4,644756,1319142,20632192,5276568,25908760,4,4,12,4,4,4,0,20,20,20260807,5,1,1,1,0,0,0,6464,0.269333,1,0.0015,1
2045,18274.3,7,0,2.05504,5.10933,0,0,0,7.16437,361,361,0,1,2.94392,2.94392,1830,367,0,1235,0,0,0,0,0,1339,1785.99,0.953667,29.338,168732,12,29433,486,465155,48,117732,1944,32,4,644756,1319142,20632192,5276568,25908760,4,4,12,4,4,4,0,20,20,20260807,5,1,1,1,0,0,0,6464,0.269333,1,0.0015,0
2046,18283.7,9,0,2.15287,7.19771,0,0,0,9.35058,361,361,0,1,2.94392,2.94392,1830,367,0,1235,0,0,0,0,0,1339,1785.99,0.953667,29.338,168732,12,29433,486,465155,48,117732,1944,32,4,644756,1319142,20632192,5276568,25908760,4,4,12,4,4,4,0,20,20,20260807,5,1,1,1,0,0,0,6464,0.269333,1,0.0015,0
2047,18289.6,6,0,2.19058,3.63025,0,0,0,5.82083,361,361,0,1,2.94392,2.94392,1830,367,0,1235,0,0,0,0,0,1339,1785.99,0.953667,29.338,168732,12,29433,486,465155,48,117732,1944,32,4,644756,1319142,20632192,5276568,25908760,4,4,12,4,4,4,0,20,20,20260807,5,1,1,1,0,0,0,6464,0.269333,1,0.0015,0
2048,18300.7,11,0,2.32279,8.65129,0,0,0,10.9741,361,361,0,1,2.94392,2.94392,1830,367,0,1235,0,0,0,0,0,1339,1785.99,0.953667,29.338,168732,12,29433,486,465155,48,117732,1944,32,4,644756,1319142,20632192,5276568,25908760,4,4,12,4,4,4,0,20,20,20260807,5,1,1,1,0,0,0,6464,0.269333,1,0.0015,0
2049,18310.9,11,0,2.35479,3.41942,0,0,0,5.77421,361,361,0,1,2.94392,2.94392,1830,367,0,1235,0,0,0,0,0,1339,1785.99,0.953667,29.338,168732,12,29433,486,465155,48,117732,1944,32,4,644756,1319142,20632192,5276568,25908760,4,4,12,4,4,4,0,20,20,20260807,5,1,1,1,0,0,0,6465,0.269375,1,0.0015,1
2050,18317.6,6,0,2.11212,4.48846,0,0,0,6.60058,361,361,0,1,2.94392,2.94392,1830,367,0,1235,0,0,0,0,0,1339,1785.99,0.953667,29.338,168732,12,29433,486,465155,48,117732,1944,32,4,644756,1319142,20632192,5276568,25908760,4,4,12,4,4,4,0,20,20,20260807,5,1,1,1,0,0,0,6465,0.269375,1,0.0015,0
2051,18324.3,7,0,2.34033,4.25188,0,0,0,6.59221,361,361,0,1,2.94392,2.94392,1830,367,0,1235,0,0,0,0,0,1339,1785.99,0.953667,29.338,168732,12,29433,486,465155,48,117732,1944,32,4,644756,1319142,20632192,5276568,25908760,4,4,12,4,4,4,0,20,20,20260807,5,1,1,1,0,0,0,6465,0.269375,1,0.0015,0
2052,18334.2,10,0,2.11117,7.75379,0,0,0,9.86496,361,361,0,1,2.94392,2.94392,1830,367,0,1235,0,0,0,0,0,1339,1785.99,0.953667,29.338,168732,12,29433,486,465155,48,117732,1944,32,4,644756,1319142,20632192,5276568,25908760,4,4,12,4,4,4,0,20,20,20260807,5,1,1,1,0,0,0,6465,0.269375,1,0.0015,0
2053,18340.7,6,0,2.27396,4.16721,0,0,0,6.44117,361,361,0,1,2.94392,2.94392,1830,367,0,1235,0,0,0,0,0,1339,1785.99,0.953667,29.338,168732,12,29433,486,465155,48,117732,1944,32,4,644756,1319142,20632192,5276568,25908760,4,4,12,4,4,4,0,20,20,20260807,5,1,1,1,0,0,0,6465,0.269375,1,0.0015,0
2054,18350.7,10,0,2.07633,7.86217,0,0,0,9.9385,361,361,0,1,2.94392,2.94392,1830,367,0,1235,0,0,0,0,0,1339,1785.99,0.953667,29.338,168732,12,29433,486,465155,48,117732,1944,32,4,644756,1319142,20632192,5276568,25908760,4,4,12,4,4,4,0,20,20,20260807,5,1,1,1,0,0,0,6465,0.269375,1,0.0015,0
2055,18357.5,7,0,2.14054,4.56846,0,0,0,6.709,361,361,0,1,2.94392,2.94392,1830,367,0,1235,0,0,0,0,0,1339,1785.99,0.953667,29.338,168732,12,29433,486,465155,48,117732,1944,32,4,644756,1319142,20632192,5276568,25908760,4,4,12,4,4,4,0,20,20,20260807,5,1,1,1,0,0,0,6465,0.269375,1,0.0015,0
2056,18367.4,10,0,2.36729,7.445,0,0,0,9.81229,361,361,0,1,2.94392,2.94392,1830,367,0,1235,0,0,0,0,0,1339,1785.99,0.953667,29.338,168732,12,29433,486,465155,48,117732,1944,32,4,644756,1319142,20632192,5276568,25908760,4,4,12,4,4,4,0,20,20,20260807,5,1,1,1,0,0,0,6466,0.269417,1,0.0015,1
2057,18373.4,6,0,2.14025,3.80071,0,0,0,5.94096,361,361,0,1,2.94392,2.94392,1830,367,0,1235,0,0,0,0,0,1339,1785.99,0.953667,29.338,168732,12,29433,486,465155,48,117732,1944,32,4,644756,1319142,20632192,5276568,25908760,4,4,12,4,4,4,0,20,20,20260807,5,1,1,1,0,0,0,6466,0.269417,1,0.0015,0
2058,18383.9,11,0,2.13558,8.19875,0,0,0,10.3343,361,361,0,1,2.94392,2.94392,1830,367,0,1235,0,0,0,0,0,1339,1785.99,0.953667,29.338,168732,12,29433,486,465155,48,117732,1944,32,4,644756,1319142,20632192,5276568,25908760,4,4,12,4,4,4,0,20,20,20260807,5,1,1,1,0,0,0,6466,0.269417,1,0.0015,0
2059,18390.6,6,0,2.18979,4.41796,0,0,0,6.60775,361,361,0,1,2.94392,2.94392,1830,367,0,1235,0,0,0,0,0,1339,1785.99,0.953667,29.338,168732,12,29433,486,465155,48,117732,1944,32,4,644756,1319142,20632192,5276568,25908760,4,4,12,4,4,4,0,20,20,20260807,5,1,1,1,0,0,0,6466,0.269417,1,0.0015,0
2060,18400.5,10,0,2.12454,7.70396,0,0,0,9.8285,361,361,0,1,2.94392,2.94392,1830,367,0,1235,0,0,0,0,0,1339,1785.99,0.953667,29.338,168732,12,29433,486,465155,48,117732,1944,32,4,644756,1319142,20632192,5276568,25908760,4,4,12,4,4,4,0,20,20,20260807,5,1,1,1,0,0,0,6466,0.269417,1,0.0015,0
2061,18406.8,6,0,2.11908,4.12075,0,0,0,6.23983,361,361,0,1,2.94392,2.94392,1830,367,0,1235,0,0,0,0,0,1339,1785.99,0.953667,29.338,168732,12,29433,486,465155,48,117732,1944,32,4,644756,1319142,20632192,5276568,25908760,4,4,12,4,4,4,0,20,20,20260807,5,1,1,1,0,0,0,6466,0.269417,1,0.0015,0
2062,18418.5,12,0,2.18408,9.43412,0,0,0,11.6182,361,361,0,1,2.94392,2.94392,1830,367,0,1235,0,0,0,0,0,1339,1785.99,0.953667,29.338,168732,12,29433,486,465155,48,117732,1944,32,4,644756,1319142,20632192,5276568,25908760,4,4,12,4,4,4,0,20,20,20260807,5,1,1,1,0,0,0,6467,0.269458,1,0.0015,1
2063,18425,7,0,2.39504,3.99054,0,0,0,6.38558,361,361,0,1,2.94392,2.94392,1830,367,0,1235,0,0,0,0,0,1339,1785.99,0.953667,29.338,168732,12,29433,486,465155,48,117732,1944,32,4,644756,1319142,20632192,5276568,25908760,4,4,12,4,4,4,0,20,20,20260807,5,1,1,1,0,0,0,6467,0.269458,1,0.0015,0
2064,18434.3,9,0,2.15617,7.14004,0,0,0,9.29621,361,361,0,1,2.94392,2.94392,1830,367,0,1235,0,0,0,0,0,1339,1785.99,0.953667,29.338,168732,12,29433,486,465155,48,117732,1944,32,4,644756,1319142,20632192,5276568,25908760,4,4,12,4,4,4,0,20,20,20260807,5,1,1,1,0,0,0,6467,0.269458,1,0.0015,0
2065,18443,9,0,2.07925,6.50363,0,0,0,8.58287,361,361,0,1,2.94392,2.94392,1830,367,0,1235,0,0,0,0,0,1339,1785.99,0.953667,29.338,168732,12,29433,486,465155,48,117732,1944,32,4,644756,1319142,20632192,5276568,25908760,4,4,12,4,4,4,0,20,20,20260807,5,1,1,1,0,0,0,6467,0.269458,1,0.0015,0
2066,18450.6,7,0,2.16463,5.36917,0,0,0,7.53379,361,361,0,1,2.94392,2.94392,1830,367,0,1235,0,0,0,0,0,1339,1785.99,0.953667,29.338,168732,12,29433,486,465155,48,117732,1944,32,4,644756,1319142,20632192,5276568,25908760,4,4,12,4,4,4,0,20,20,20260807,5,1,1,1,0,0,0,6467,0.269458,1,0.0015,0
2067,18456,6,0,2.23017,3.09621,0,0,0,5.32637,361,361,0,1,2.94392,2.94392,1830,367,0,1235,0,0,0,0,0,1339,1785.99,0.953667,29.338,168732,12,29433,486,465155,48,117732,1944,32,4,644756,1319142,20632192,5276568,25908760,4,4,12,4,4,4,0,20,20,20260807,5,1,1,1,0,0,0,6467,0.269458,1,0.0015,0
2068,18467.1,11,0,2.11558,8.91775,0,0,0,11.0333,361,361,0,1,2.94392,2.94392,1830,367,0,1235,0,0,0,0,0,1339,1785.99,0.953667,29.338,168732,12,29433,486,465155,48,117732,1944,32,4,644756,1319142,20632192,5276568,25908760,4,4,12,4,4,4,0,20,20,20260807,5,1,1,1,0,0,0,6468,0.2695,1,0.0015,1
2069,18475.5,8,0,2.10025,6.18925,0,0,0,8.2895,361,361,0,1,2.94392,2.94392,1830,367,0,1235,0,0,0,0,0,1339,1785.99,0.953667,29.338,168732,12,29433,486,465155,48,117732,1944,32,4,644756,1319142,20632192,5276568,25908760,4,4,12,4,4,4,0,20,20,20260807,5,1,1,1,0,0,0,6468,0.2695,1,0.0015,0
2070,18484.6,9,0,2.17921,6.79717,0,0,0,8.97638,361,361,0,1,2.94392,2.94392,1830,367,0,1235,0,0,0,0,0,1339,1785.99,0.953667,29.338,168732,12,29433,486,465155,48,117732,1944,32,4,644756,1319142,20632192,5276568,25908760,4,4,12,4,4,4,0,20,20,20260807,5,1,1,1,0,0,0,6468,0.2695,1,0.0015,0
2071,18490.6,6,0,2.21079,3.725,0,0,0,5.93579,361,361,0,1,2.94392,2.94392,1830,367,0,1235,0,0,0,0,0,1339,1785.99,0.953667,29.338,168732,12,29433,486,465155,48,117732,1944,32,4,644756,1319142,20632192,5276568,25908760,4,4,12,4,4,4,0,20,20,20260807,5,1,1,1,0,0,0,6468,0.2695,1,0.0015,0
2072,18501.1,11,0,2.25404,8.12075,0,0,0,10.3748,361,361,0,1,2.94392,2.94392,1830,367,0,1235,0,0,0,0,0,1339,1785.99,0.953667,29.338,168732,12,29433,486,465155,48,117732,1944,32,4,644756,1319142,20632192,5276568,25908760,4,4,12,4,4,4,0,20,20,20260807,5,1,1,1,0,0,0,6468,0.2695,1,0.0015,0
2073,18507.1,6,0,2.13942,3.75583,0,0,0,5.89525,361,361,0,1,2.94392,2.94392,1830,367,0,1235,0,0,0,0,0,1339,1785.99,0.953667,29.338,168732,12,29433,486,465155,48,117732,1944,32,4,644756,1319142,20632192,5276568,25908760,4,4,12,4,4,4,0,20,20,20260807,5,1,1,1,0,0,0,6468,0.2695,1,0.0015,0
2074,18517.9,11,0,2.19542,8.49017,0,0,0,10.6856,361,361,0,1,2.94392,2.94392,1830,367,0,1235,0,0,0,0,0,1339,1785.99,0.953667,29.338,168732,12,29433,486,465155,48,117732,1944,32,4,644756,1319142,20632192,5276568,25908760,4,4,12,4,4,4,0,20,20,20260807,5,1,1,1,0,0,0,6469,0.269542,1,0.0015,1
2075,18523.9,6,0,2.17283,3.74692,0,0,0,5.91975,361,361,0,1,2.94392,2.94392,1830,367,0,1235,0,0,0,0,0,1339,1785.99,0.953667,29.338,168732,12,29433,486,465155,48,117732,1944,32,4,644756,1319142,20632192,5276568,25908760,4,4,12,4,4,4,0,20,20,20260807,5,1,1,1,0,0,0,6469,0.269542,1,0.0015,0
2076,18534.2,10,0,2.16892,8.0465,0,0,0,10.2154,361,361,0,1,2.94392,2.94392,1830,367,0,1235,0,0,0,0,0,1339,1785.99,0.953667,29.338,168732,12,29433,486,465155,48,117732,1944,32,4,644756,1319142,20632192,5276568,25908760,4,4,12,4,4,4,0,20,20,20260807,5,1,1,1,0,0,0,6469,0.269542,1,0.0015,0
2077,18541,7,0,2.28292,4.40742,0,0,0,6.69033,361,361,0,1,2.94392,2.94392,1830,367,0,1235,0,0,0,0,0,1339,1785.99,0.953667,29.338,168732,12,29433,486,465155,48,117732,1944,32,4,644756,1319142,20632192,5276568,25908760,4,4,12,4,4,4,0,20,20,20260807,5,1,1,1,0,0,0,6469,0.269542,1,0.0015,0
2078,18551.2,10,0,2.03908,8.11258,0,0,0,10.1517,361,361,0,1,2.94392,2.94392,1830,367,0,1235,0,0,0,0,0,1339,1785.99,0.953667,29.338,168732,12,29433,486,465155,48,117732,1944,32,4,644756,1319142,20632192,5276568,25908760,4,4,12,4,4,4,0,20,20,20260807,5,1,1,1,0,0,0,6469,0.269542,1,0.0015,0
2079,18557.7,6,0,2.36608,4.07704,0,0,0,6.44313,361,361,0,1,2.94392,2.94392,1830,367,0,1235,0,0,0,0,0,1339,1785.99,0.953667,29.338,168732,12,29433,486,465155,48,117732,1944,32,4,644756,1319142,20632192,5276568,25908760,4,4,12,4,4,4,0,20,20,20260807,5,1,1,1,0,0,0,6469,0.269542,1,0.0015,0
2080,18568,11,0,2.11533,8.05417,0,0,0,10.1695,361,361,0,1,2.94392,2.94392,1830,367,0,1235,0,0,0,0,0,1339,1785.99,0.953667,29.338,168732,12,29433,486,465155,48,117732,1944,32,4,644756,1319142,20632192,5276568,25908760,4,4,12,4,4,4,0,20,20,20260807,5,1,1,1,0,0,0,6470,0.269583,1,0.0015,1
2081,18573.8,5,0,2.09138,3.68017,0,0,0,5.77154,361,361,0,1,2.94392,2.94392,1830,367,0,1235,0,0,0,0,0,1339,1785.99,0.953667,29.338,168732,12,29433,486,465155,48,117732,1944,32,4,644756,1319142,20632192,5276568,25908760,4,4,12,4,4,4,0,20,20,20260807,5,1,1,1,0,0,0,6470,0.269583,1,0.0015,0
2082,18584.4,11,0,2.28517,8.20637,0,0,0,10.4915,361,361,0,1,2.94392,2.94392,1830,367,0,1235,0,0,0,0,0,1339,1785.99,0.953667,29.338,168732,12,29433,486,465155,48,117732,1944,32,4,644756,1319142,20632192,5276568,25908760,4,4,12,4,4,4,0,20,20,20260807,5,1,1,1,0,0,0,6470,0.269583,1,0.0015,0
2083,18590.6,6,0,2.35688,3.71292,0,0,0,6.06979,361,361,0,1,2.94392,2.94392,1830,367,0,1235,0,0,0,0,0,1339,1785.99,0.953667,29.338,168732,12,29433,486,465155,48,117732,1944,32,4,644756,1319142,20632192,5276568,25908760,4,4,12,4,4,4,0,20,20,20260807,5,1,1,1,0,0,0,6470,0.269583,1,0.0015,0
2084,18601,11,0,2.31733,8.09729,0,0,0,10.4146,361,361,0,1,2.94392,2.94392,1830,367,0,1235,0,0,0,0,0,1339,1785.99,0.953667,29.338,168732,12,29433,486,465155,48,117732,1944,32,4,644756,1319142,20632192,5276568,25908760,4,4,12,4,4,4,0,20,20,20260807,5,1,1,1,0,0,0,6470,0.269583,1,0.0015,0
2085,18607.2,6,0,2.16404,3.91979,0,0,0,6.08383,361,361,0,1,2.94392,2.94392,1830,367,0,1235,0,0,0,0,0,1339,1785.99,0.953667,29.338,168732,12,29433,486,465155,48,117732,1944,32,4,644756,1319142,20632192,5276568,25908760,4,4,12,4,4,4,0,20,20,20260807,5,1,1,1,0,0,0,6470,0.269583,1,0.0015,0
2086,18619.6,12,0,2.352,9.94033,0,0,0,12.2923,361,361,0,1,2.94392,2.94392,1830,367,0,1235,0,0,0,0,0,1339,1785.99,0.953667,29.338,168732,12,29433,486,465155,48,117732,1944,32,4,644756,1319142,20632192,5276568,25908760,4,4,12,4,4,4,0,20,20,20260807,5,1,1,1,0,0,0,6471,0.269625,1,0.0015,1
2087,18626.1,7,0,2.21888,4.17729,0,0,0,6.39617,361,361,0,1,2.94392,2.94392,1830,367,0,1235,0,0,0,0,0,1339,1785.99,0.953667,29.338,168732,12,29433,486,465155,48,117732,1944,32,4,644756,1319142,20632192,5276568,25908760,4,4,12,4,4,4,0,20,20,20260807,5,1,1,1,0,0,0,6471,0.269625,1,0.0015,0
2088,18635.6,9,0,2.02988,7.41012,0,0,0,9.44,361,361,0,1,2.94392,2.94392,1830,367,0,1235,0,0,0,0,0,1339,1785.99,0.953667,29.338,168732,12,29433,486,465155,48,117732,1944,32,4,644756,1319142,20632192,5276568,25908760,4,4,12,4,4,4,0,20,20,20260807,5,1,1,1,0,0,0,6471,0.269625,1,0.0015,0
2089,18641.8,6,0,2.42204,3.67804,0,0,0,6.10008,361,361,0,1,2.94392,2.94392,1830,367,0,1235,0,0,0,0,0,1339,1785.99,0.953667,29.338,168732,12,29433,486,465155,48,117732,1944,32,4,644756,1319142,20632192,5276568,25908760,4,4,12,4,4,4,0,20,20,20260807,5,1,1,1,0,0,0,6471,0.269625,1,0.0015,0
2090,18651,10,0,2.47562,6.60938,0,0,0,9.085,361,361,0,1,2.94392,2.94392,1830,367,0,1235,0,0,0,0,0,1339,1785.99,0.953667,29.338,168732,12,29433,486,465155,48,117732,1944,32,4,644756,1319142,20632192,5276568,25908760,4,4,12,4,4,4,0,20,20,20260807,5,1,1,1,0,0,0,6471,0.269625,1,0.0015,0
2091,18656.8,5,0,2.10808,3.64796,0,0,0,5.75604,361,361,0,1,2.94392,2.94392,1830,367,0,1235,0,0,0,0,0,1339,1785.99,0.953667,29.338,168732,12,29433,486,465155,48,117732,1944,32,4,644756,1319142,20632192,5276568,25908760,4,4,12,4,4,4,0,20,20,20260807,5,1,1,1,0,0,0,6471,0.269625,1,0.0015,0
2092,18668.5,13,0,2.23608,9.32563,0,0,0,11.5617,361,361,0,1,2.94392,2.94392,1830,367,0,1235,0,0,0,0,0,1339,1785.99,0.953667,29.338,168732,12,29433,486,465155,48,117732,1944,32,4,644756,1319142,20632192,5276568,25908760,4,4,12,4,4,4,0,20,20,20260807,5,1,1,1,0,0,0,6472,0.269667,1,0.0015,1
2093,18678.2,10,0,3.05621,6.22471,0,0,0,9.28092,361,361,0,1,2.94392,2.94392,1830,367,0,1235,0,0,0,0,0,1339,1785.99,0.953667,29.338,168732,12,29433,486,465155,48,117732,1944,32,4,644756,1319142,20632192,5276568,25908760,4,4,12,4,4,4,0,20,20,20260807,5,1,1,1,0,0,0,6472,0.269667,1,0.0015,0
2094,18702.1,24,0,2.65521,11.6515,0,0,0,14.3067,361,361,0,1,2.94392,2.94392,1830,367,0,1235,0,0,0,0,0,1339,1785.99,0.953667,29.338,168732,12,29433,486,465155,48,117732,1944,32,4,644756,1319142,20632192,5276568,25908760,4,4,12,4,4,4,0,20,20,20260807,5,1,1,1,0,0,0,6472,0.269667,1,0.0015,0
2095,18711.7,9,0,2.37579,6.91946,0,0,0,9.29525,361,361,0,1,2.94392,2.94392,1830,367,0,1235,0,0,0,0,0,1339,1785.99,0.953667,29.338,168732,12,29433,486,465155,48,117732,1944,32,4,644756,1319142,20632192,5276568,25908760,4,4,12,4,4,4,0,20,20,20260807,5,1,1,1,0,0,0,6473,0.269708,1,0.0015,1
2096,18726.4,15,0,10.0227,4.615,0,0,0,14.6377,361,361,0,1,2.94392,2.94392,1830,367,0,1235,0,0,0,0,0,1339,1785.99,0.953667,29.338,168732,12,29433,486,465155,48,117732,1944,32,4,644756,1319142,20632192,5276568,25908760,4,4,12,4,4,4,0,20,20,20260807,5,1,1,1,0,0,0,6473,0.269708,1,0.0015,0
2097,18735.5,9,0,2.08208,6.89388,0,0,0,8.97596,361,361,0,1,2.94392,2.94392,1830,367,0,1235,0,0,0,0,0,1339,1785.99,0.953667,29.338,168732,12,29433,486,465155,48,117732,1944,32,4,644756,1319142,20632192,5276568,25908760,4,4,12,4,4,4,0,20,20,20260807,5,1,1,1,0,0,0,6473,0.269708,1,0.0015,0
2098,18741.8,6,0,2.295,3.95183,0,0,0,6.24683,361,361,0,1,2.94392,2.94392,1830,367,0,1235,0,0,0,0,0,1339,1785.99,0.953667,29.338,168732,12,29433,486,465155,48,117732,1944,32,4,644756,1319142,20632192,5276568,25908760,4,4,12,4,4,4,0,20,20,20260807,5,1,1,1,0,0,0,6473,0.269708,1,0.0015,0
2099,18751.2,10,0,2.1505,6.89475,0,0,0,9.04525,361,361,0,1,2.94392,2.94392,1830,367,0,1235,0,0,0,0,0,1339,1785.99,0.953667,29.338,168732,12,29433,486,465155,48,117732,1944,32,4,644756,1319142,20632192,5276568,25908760,4,4,12,4,4,4,0,20,20,20260807,5,1,1,1,0,0,0,6473,0.269708,1,0.0015,0
2100,18758.1,7,0,2.966,3.80654,0,0,0,6.77254,361,361,0,1,2.94392,2.94392,1830,367,0,1235,0,0,0,0,0,1339,1785.99,0.953667,29.338,168732,12,29433,486,465155,48,117732,1944,32,4,644756,1319142,20632192,5276568,25908760,4,4,12,4,4,4,0,20,20,20260807,5,1,1,1,0,0,0,6474,0.26975,1,0.0015,1
2101,18767.8,9,0,2.17238,7.49279,0,0,0,9.66517,361,361,0,1,2.94392,2.94392,1830,367,0,1235,0,0,0,0,0,1339,1785.99,0.953667,29.338,168732,12,29433,486,465155,48,117732,1944,32,4,644756,1319142,20632192,5276568,25908760,4,4,12,4,4,4,0,20,20,20260807,5,1,1,1,0,0,0,6474,0.26975,1,0.0015,0
2102,18774.2,7,0,2.10188,4.17246,0,0,0,6.27433,361,361,0,1,2.94392,2.94392,1830,367,0,1235,0,0,0,0,0,1339,1785.99,0.953667,29.338,168732,12,29433,486,465155,48,117732,1944,32,4,644756,1319142,20632192,5276568,25908760,4,4,12,4,4,4,0,20,20,20260807,5,1,1,1,0,0,0,6474,0.26975,1,0.0015,0
2103,18785.3,11,0,2.2735,8.81317,0,0,0,11.0867,361,361,0,1,2.94392,2.94392,1830,367,0,1235,0,0,0,0,0,1339,1785.99,0.953667,29.338,168732,12,29433,486,465155,48,117732,1944,32,4,644756,1319142,20632192,5276568,25908760,4,4,12,4,4,4,0,20,20,20260807,5,1,1,1,0,0,0,6474,0.26975,1,0.0015,0
2104,18792.5,7,0,2.55563,4.52487,0,0,0,7.0805,361,361,0,1,2.94392,2.94392,1830,367,0,1235,0,0,0,0,0,1339,1785.99,0.953667,29.338,168732,12,29433,486,465155,48,117732,1944,32,4,644756,1319142,20632192,5276568,25908760,4,4,12,4,4,4,0,20,20,20260807,5,1,1,1,0,0,0,6474,0.26975,1,0.0015,0
2105,18801.1,9,0,2.44833,6.02458,0,0,0,8.47292,361,361,0,1,2.94392,2.94392,1830,367,0,1235,0,0,0,0,0,1339,1785.99,0.953667,29.338,168732,12,29433,486,465155,48,117732,1944,32,4,644756,1319142,20632192,5276568,25908760,4,4,12,4,4,4,0,20,20,20260807,5,1,1,1,0,0,0,6474,0.26975,1,0.0015,0
2106,18807.3,6,0,2.34967,3.81883,0,0,0,6.1685,361,361,0,1,2.94392,2.94392,1830,367,0,1235,0,0,0,0,0,1339,1785.99,0.953667,29.338,168732,12,29433,486,465155,48,117732,1944,32,4,644756,1319142,20632192,5276568,25908760,4,4,12,4,4,4,0,20,20,20260807,5,1,1,1,0,0,0,6475,0.269792,1,0.0015,1
2107,18818.2,11,0,2.14787,8.68354,0,0,0,10.8314,361,361,0,1,2.94392,2.94392,1830,367,0,1235,0,0,0,0,0,1339,1785.99,0.953667,29.338,168732,12,29433,486,465155,48,117732,1944,32,4,644756,1319142,20632192,5276568,25908760,4,4,12,4,4,4,0,20,20,20260807,5,1,1,1,0,0,0,6475,0.269792,1,0.0015,0
2108,18824.2,6,0,2.13004,3.75983,0,0,0,5.88987,361,361,0,1,2.94392,2.94392,1830,367,0,1235,0,0,0,0,0,1339,1785.99,0.953667,29.338,168732,12,29433,486,465155,48,117732,1944,32,4,644756,1319142,20632192,5276568,25908760,4,4,12,4,4,4,0,20,20,20260807,5,1,1,1,0,0,0,6475,0.269792,1,0.0015,0
2109,18834.9,11,0,2.69238,7.94396,0,0,0,10.6363,361,361,0,1,2.94392,2.94392,1830,367,0,1235,0,0,0,0,0,1339,1785.99,0.953667,29.338,168732,12,29433,486,465155,48,117732,1944,32,4,644756,1319142,20632192,5276568,25908760,4,4,12,4,4,4,0,20,20,20260807,5,1,1,1,0,0,0,6475,0.269792,1,0.0015,0
2110,18841.7,6,0,2.31942,4.36796,0,0,0,6.68738,361,361,0,1,2.94392,2.94392,1830,367,0,1235,0,0,0,0,0,1339,1785.99,0.953667,29.338,168732,12,29433,486,465155,48,117732,1944,32,4,644756,1319142,20632192,5276568,25908760,4,4,12,4,4,4,0,20,20,20260807,5,1,1,1,0,0,0,6475,0.269792,1,0.0015,0
2111,18851.3,10,0,2.21862,7.19633,0,0,0,9.41496,361,361,0,1,2.94392,2.94392,1830,367,0,1235,0,0,0,0,0,1339,1785.99,0.953667,29.338,168732,12,29433,486,465155,48,117732,1944,32,4,644756,1319142,20632192,5276568,25908760,4,4,12,4,4,4,0,20,20,20260807,5,1,1,1,0,0,0,6475,0.269792,1,0.0015,0
2112,18858.2,7,0,2.40154,4.43329,0,0,0,6.83483,361,361,0,1,2.94392,2.94392,1830,367,0,1235,0,0,0,0,0,1339,1785.99,0.953667,29.338,168732,12,29433,486,465155,48,117732,1944,32,4,644756,1319142,20632192,5276568,25908760,4,4,12,4,4,4,0,20,20,20260807,5,1,1,1,0,0,0,6476,0.269833,1,0.0015,1
2113,18868.1,10,0,2.28208,7.56179,0,0,0,9.84388,361,361,0,1,2.94392,2.94392,1830,367,0,1235,0,0,0,0,0,1339,1785.99,0.953667,29.338,168732,12,29433,486,465155,48,117732,1944,32,4,644756,1319142,20632192,5276568,25908760,4,4,12,4,4,4,0,20,20,20260807,5,1,1,1,0,0,0,6476,0.269833,1,0.0015,0
2114,18873.9,6,0,2.22138,3.45067,0,0,0,5.67204,361,361,0,1,2.94392,2.94392,1830,367,0,1235,0,0,0,0,0,1339,1785.99,0.953667,29.338,168732,12,29433,486,465155,48,117732,1944,32,4,644756,1319142,20632192,5276568,25908760,4,4,12,4,4,4,0,20,20,20260807,5,1,1,1,0,0,0,6476,0.269833,1,0.0015,0
2115,18885,11,0,2.27913,8.68521,0,0,0,10.9643,361,361,0,1,2.94392,2.94392,1830,367,0,1235,0,0,0,0,0,1339,1785.99,0.953667,29.338,168732,12,29433,486,465155,48,117732,1944,32,4,644756,1319142,20632192,5276568,25908760,4,4,12,4,4,4,0,20,20,20260807,5,1,1,1,0,0,0,6476,0.269833,1,0.0015,0
2116,18891.1,6,0,2.24179,3.78054,0,0,0,6.02233,361,361,0,1,2.94392,2.94392,1830,367,0,1235,0,0,0,0,0,1339,1785.99,0.953667,29.338,168732,12,29433,486,465155,48,117732,1944,32,4,644756,1319142,20632192,5276568,25908760,4,4,12,4,4,4,0,20,20,20260807,5,1,1,1,0,0,0,6476,0.269833,1,0.0015,0
2117,18901.3,10,0,2.43517,7.72492,0,0,0,10.1601,361,361,0,1,2.94392,2.94392,1830,367,0,1235,0,0,0,0,0,1339,1785.99,0.953667,29.338,168732,12,29433,486,465155,48,117732,1944,32,4,644756,1319142,20632192,5276568,25908760,4,4,12,4,4,4,0,20,20,20260807,5,1,1,1,0,0,0,6476,0.269833,1,0.0015,0
2118,18907.9,7,0,2.31417,4.17971,0,0,0,6.49388,361,361,0,1,2.94392,2.94392,1830,367,0,1235,0,0,0,0,0,1339,1785.99,0.953667,29.338,168732,12,29433,486,465155,48,117732,1944,32,4,644756,1319142,20632192,5276568,25908760,4,4,12,4,4,4,0,20,20,20260807,5,1,1,1,0,0,0,6477,0.269875,1,0.0015,1
2119,18919.6,11,0,2.46642,9.11958,0,0,0,11.586,361,361,0,1,2.94392,2.94392,1830,367,0,1235,0,0,0,0,0,1339,1785.99,0.953667,29.338,168732,12,29433,486,465155,48,117732,1944,32,4,644756,1319142,20632192,5276568,25908760,4,4,12,4,4,4,0,20,20,20260807,5,1,1,1,0,0,0,6477,0.269875,1,0.0015,0
2120,18926.8,7,0,3.31913,3.76408,0,0,0,7.08321,361,361,0,1,2.94392,2.94392,1830,367,0,1235,0,0,0,0,0,1339,1785.99,0.953667,29.338,168732,12,29433,486,465155,48,117732,1944,32,4,644756,1319142,20632192,5276568,25908760,4,4,12,4,4,4,0,20,20,20260807,5,1,1,1,0,0,0,6477,0.269875,1,0.0015,0
2121,18933.9,8,0,2.49221,4.31446,0,0,0,6.80667,361,361,0,1,2.94392,2.94392,1830,367,0,1235,0,0,0,0,0,1339,1785.99,0.953667,29.338,168732,12,29433,486,465155,48,117732,1944,32,4,644756,1319142,20632192,5276568,25908760,4,4,12,4,4,4,0,20,20,20260807,5,1,1,1,0,0,0,6477,0.269875,1,0.0015,0
2122,18940.3,6,0,2.20221,4.11375,0,0,0,6.31596,361,361,0,1,2.94392,2.94392,1830,367,0,1235,0,0,0,0,0,1339,1785.99,0.953667,29.338,168732,12,29433,486,465155,48,117732,1944,32,4,644756,1319142,20632192,5276568,25908760,4,4,12,4,4,4,0,20,20,20260807,5,1,1,1,0,0,0,6477,0.269875,1,0.0015,0
2123,18951.3,11,0,2.37513,8.55654,0,0,0,10.9317,361,361,0,1,2.94392,2.94392,1830,367,0,1235,0,0,0,0,0,1339,1785.99,0.953667,29.338,168732,12,29433,486,465155,48,117732,1944,32,4,644756,1319142,20632192,5276568,25908760,4,4,12,4,4,4,0,20,20,20260807,5,1,1,1,0,0,0,6477,0.269875,1,0.0015,0
2124,18956.8,5,0,2.28742,3.11229,0,0,0,5.39971,361,361,0,1,2.94392,2.94392,1830,367,0,1235,0,0,0,0,0,1339,1785.99,0.953667,29.338,168732,12,29433,486,465155,48,117732,1944,32,4,644756,1319142,20632192,5276568,25908760,4,4,12,4,4,4,0,20,20,20260807,5,1,1,1,0,0,0,6478,0.269917,1,0.0015,1
2125,18967.9,12,0,2.05221,9.02388,0,0,0,11.0761,361,361,0,1,2.94392,2.94392,1830,367,0,1235,0,0,0,0,0,1339,1785.99,0.953667,29.338,168732,12,29433,486,465155,48,117732,1944,32,4,644756,1319142,20632192,5276568,25908760,4,4,12,4,4,4,0,20,20,20260807,5,1,1,1,0,0,0,6478,0.269917,1,0.0015,0
2126,18973.4,5,0,2.17833,3.22171,0,0,0,5.40004,361,361,0,1,2.94392,2.94392,1830,367,0,1235,0,0,0,0,0,1339,1785.99,0.953667,29.338,168732,12,29433,486,465155,48,117732,1944,32,4,644756,1319142,20632192,5276568,25908760,4,4,12,4,4,4,0,20,20,20260807,5,1,1,1,0,0,0,6478,0.269917,1,0.0015,0
2127,18983.8,10,0,2.36879,7.84887,0,0,0,10.2177,361,361,0,1,2.94392,2.94392,1830,367,0,1235,0,0,0,0,0,1339,1785.99,0.953667,29.338,168732,12,29433,486,465155,48,117732,1944,32,4,644756,1319142,20632192,5276568,25908760,4,4,12,4,4,4,0,20,20,20260807,5,1,1,1,0,0,0,6478,0.269917,1,0.0015,0
2128,18990.3,7,0,2.23075,4.20717,0,0,0,6.43792,361,361,0,1,2.94392,2.94392,1830,367,0,1235,0,0,0,0,0,1339,1785.99,0.953667,29.338,168732,12,29433,486,465155,48,117732,1944,32,4,644756,1319142,20632192,5276568,25908760,4,4,12,4,4,4,0,20,20,20260807,5,1,1,1,0,0,0,6478,0.269917,1,0.0015,0
2129,19001.4,11,0,2.32704,8.67233,0,0,0,10.9994,361,361,0,1,2.94392,2.94392,1830,367,0,1235,0,0,0,0,0,1339,1785.99,0.953667,29.338,168732,12,29433,486,465155,48,117732,1944,32,4,644756,1319142,20632192,5276568,25908760,4,4,12,4,4,4,0,20,20,20260807,5,1,1,1,0,0,0,6478,0.269917,1,0.0015,0
2130,19007.3,6,0,2.45475,3.42675,0,0,0,5.8815,361,361,0,1,2.94392,2.94392,1830,367,0,1235,0,0,0,0,0,1339,1785.99,0.953667,29.338,168732,12,29433,486,465155,48,117732,1944,32,4,644756,1319142,20632192,5276568,25908760,4,4,12,4,4,4,0,20,20,20260807,5,1,1,1,0,0,0,6479,0.269958,1,0.0015,1
2131,19018.1,11,0,2.08675,8.62629,0,0,0,10.713,361,361,0,1,2.94392,2.94392,1830,367,0,1235,0,0,0,0,0,1339,1785.99,0.953667,29.338,168732,12,29433,486,465155,48,117732,1944,32,4,644756,1319142,20632192,5276568,25908760,4,4,12,4,4,4,0,20,20,20260807,5,1,1,1,0,0,0,6479,0.269958,1,0.0015,0
2132,19023.6,5,0,2.25046,3.16871,0,0,0,5.41917,361,361,0,1,2.94392,2.94392,1830,367,0,1235,0,0,0,0,0,1339,1785.99,0.953667,29.338,168732,12,29433,486,465155,48,117732,1944,32,4,644756,1319142,20632192,5276568,25908760,4,4,12,4,4,4,0,20,20,20260807,5,1,1,1,0,0,0,6479,0.269958,1,0.0015,0
2133,19034.5,11,0,2.19112,8.61358,0,0,0,10.8047,361,361,0,1,2.94392,2.94392,1830,367,0,1235,0,0,0,0,0,1339,1785.99,0.953667,29.338,168732,12,29433,486,465155,48,117732,1944,32,4,644756,1319142,20632192,5276568,25908760,4,4,12,4,4,4,0,20,20,20260807,5,1,1,1,0,0,0,6479,0.269958,1,0.0015,0
2134,19040.9,7,0,2.30846,3.95525,0,0,0,6.26371,361,361,0,1,2.94392,2.94392,1830,367,0,1235,0,0,0,0,0,1339,1785.99,0.953667,29.338,168732,12,29433,486,465155,48,117732,1944,32,4,644756,1319142,20632192,5276568,25908760,4,4,12,4,4,4,0,20,20,20260807,5,1,1,1,0,0,0,6479,0.269958,1,0.0015,0
2135,19051.3,10,0,2.14208,8.19562,0,0,0,10.3377,361,361,0,1,2.94392,2.94392,1830,367,0,1235,0,0,0,0,0,1339,1785.99,0.953667,29.338,168732,12,29433,486,465155,48,117732,1944,32,4,644756,1319142,20632192,5276568,25908760,4,4,12,4,4,4,0,20,20,20260807,5,1,1,1,0,0,0,6479,0.269958,1,0.0015,0
2136,19057.5,6,0,2.31129,3.79304,0,0,0,6.10433,361,361,0,1,2.94392,2.94392,1830,367,0,1235,0,0,0,0,0,1339,1785.99,0.953667,29.338,168732,12,29433,486,465155,48,117732,1944,32,4,644756,1319142,20632192,5276568,25908760,4,4,12,4,4,4,0,20,20,20260807,5,1,1,1,0,0,0,6480,0.27,1,0.0015,1
2137,19068.3,11,0,2.18029,8.51258,0,0,0,10.6929,361,361,0,1,2.94392,2.94392,1830,367,0,1235,0,0,0,0,0,1339,1785.99,0.953667,29.338,168732,12,29433,486,465155,48,117732,1944,32,4,644756,1319142,20632192,5276568,25908760,4,4,12,4,4,4,0,20,20,20260807,5,1,1,1,0,0,0,6480,0.27,1,0.0015,0
2138,19074.2,6,0,2.56854,3.26729,0,0,0,5.83583,361,361,0,1,2.94392,2.94392,1830,367,0,1235,0,0,0,0,0,1339,1785.99,0.953667,29.338,168732,12,29433,486,465155,48,117732,1944,32,4,644756,1319142,20632192,5276568,25908760,4,4,12,4,4,4,0,20,20,20260807,5,1,1,1,0,0,0,6480,0.27,1,0.0015,0
2139,19084.6,10,0,2.2545,8.12083,0,0,0,10.3753,361,361,0,1,2.94392,2.94392,1830,367,0,1235,0,0,0,0,0,1339,1785.99,0.953667,29.338,168732,12,29433,486,465155,48,117732,1944,32,4,644756,1319142,20632192,5276568,25908760,4,4,12,4,4,4,0,20,20,20260807,5,1,1,1,0,0,0,6480,0.27,1,0.0015,0
2140,19090.4,6,0,2.23808,3.45667,0,0,0,5.69475,361,361,0,1,2.94392,2.94392,1830,367,0,1235,0,0,0,0,0,1339,1785.99,0.953667,29.338,168732,12,29433,486,465155,48,117732,1944,32,4,644756,1319142,20632192,5276568,25908760,4,4,12,4,4,4,0,20,20,20260807,5,1,1,1,0,0,0,6480,0.27,1,0.0015,0
2141,19101.6,11,0,2.0425,9.09313,0,0,0,11.1356,361,361,0,1,2.94392,2.94392,1830,367,0,1235,0,0,0,0,0,1339,1785.99,0.953667,29.338,168732,12,29433,486,465155,48,117732,1944,32,4,644756,1319142,20632192,5276568,25908760,4,4,12,4,4,4,0,20,20,20260807,5,1,1,1,0,0,0,6480,0.27,1,0.0015,0
2142,19107.3,6,0,2.19183,3.42725,0,0,0,5.61908,361,361,0,1,2.94392,2.94392,1830,367,0,1235,0,0,0,0,0,1339,1785.99,0.953667,29.338,168732,12,29433,486,465155,48,117732,1944,32,4,644756,1319142,20632192,5276568,25908760,4,4,12,4,4,4,0,20,20,20260807,5,1,1,1,0,0,0,6481,0.270042,1,0.0015,1
2143,19117.6,10,0,2.28908,7.87908,0,0,0,10.1682,361,361,0,1,2.94392,2.94392,1830,367,0,1235,0,0,0,0,0,1339,1785.99,0.953667,29.338,168732,12,29433,486,465155,48,117732,1944,32,4,644756,1319142,20632192,5276568,25908760,4,4,12,4,4,4,0,20,20,20260807,5,1,1,1,0,0,0,6481,0.270042,1,0.0015,0
2144,19124.4,7,0,2.15692,4.58292,0,0,0,6.73983,361,361,0,1,2.94392,2.94392,1830,367,0,1235,0,0,0,0,0,1339,1785.99,0.953667,29.338,168732,12,29433,486,465155,48,117732,1944,32,4,644756,1319142,20632192,5276568,25908760,4,4,12,4,4,4,0,20,20,20260807,5,1,1,1,0,0,0,6481,0.270042,1,0.0015,0
2145,19134.4,10,0,2.48196,7.38075,0,0,0,9.86271,361,361,0,1,2.94392,2.94392,1830,367,0,1235,0,0,0,0,0,1339,1785.99,0.953667,29.338,168732,12,29433,486,465155,48,117732,1944,32,4,644756,1319142,20632192,5276568,25908760,4,4,12,4,4,4,0,20,20,20260807,5,1,1,1,0,0,0,6481,0.270042,1,0.0015,0
2146,19141.5,7,0,3.116,3.86783,0,0,0,6.98383,361,361,0,1,2.94392,2.94392,1830,367,0,1235,0,0,0,0,0,1339,1785.99,0.953667,29.338,168732,12,29433,486,465155,48,117732,1944,32,4,644756,1319142,20632192,5276568,25908760,4,4,12,4,4,4,0,20,20,20260807,5,1,1,1,0,0,0,6481,0.270042,1,0.0015,0
2147,19150.9,10,0,3.33933,6.04092,0,0,0,9.38025,361,361,0,1,2.94392,2.94392,1830,367,0,1235,0,0,0,0,0,1339,1785.99,0.953667,29.338,168732,12,29433,486,465155,48,117732,1944,32,4,644756,1319142,20632192,5276568,25908760,4,4,12,4,4,4,0,20,20,20260807,5,1,1,1,0,0,0,6481,0.270042,1,0.0015,0
2148,19157.7,6,0,2.28979,4.41492,0,0,0,6.70471,361,361,0,1,2.94392,2.94392,1830,367,0,1235,0,0,0,0,0,1339,1785.99,0.953667,29.338,168732,12,29433,486,465155,48,117732,1944,32,4,644756,1319142,20632192,5276568,25908760,4,4,12,4,4,4,0,20,20,20260807,5,1,1,1,0,0,0,6482,0.270083,1,0.0015,1
2149,19167.3,10,0,2.15958,7.30971,0,0,0,9.46929,361,361,0,1,2.94392,2.94392,1830,367,0,1235,0,0,0,0,0,1339,1785.99,0.953667,29.338,168732,12,29433,486,465155,48,117732,1944,32,4,644756,1319142,20632192,5276568,25908760,4,4,12,4,4,4,0,20,20,20260807,5,1,1,1,0,0,0,6482,0.270083,1,0.0015,0
2150,19175.1,8,0,2.60008,5.13558,0,0,0,7.73567,361,361,0,1,2.94392,2.94392,1830,367,0,1235,0,0,0,0,0,1339,1785.99,0.953667,29.338,168732,12,29433,486,465155,48,117732,1944,32,4,644756,1319142,20632192,5276568,25908760,4,4,12,4,4,4,0,20,20,20260807,5,1,1,1,0,0,0,6482,0.270083,1,0.0015,0
2151,19185.1,10,0,2.21858,7.69229,0,0,0,9.91088,361,361,0,1,2.94392,2.94392,1830,367,0,1235,0,0,0,0,0,1339,1785.99,0.953667,29.338,168732,12,29433,486,465155,48,117732,1944,32,4,644756,1319142,20632192,5276568,25908760,4,4,12,4,4,4,0,20,20,20260807,5,1,1,1,0,0,0,6482,0.270083,1,0.0015,0
2152,19192,7,0,2.65212,4.22513,0,0,0,6.87725,361,361,0,1,2.94392,2.94392,1830,367,0,1235,0,0,0,0,0,1339,1785.99,0.953667,29.338,168732,12,29433,486,465155,48,117732,1944,32,4,644756,1319142,20632192,5276568,25908760,4,4,12,4,4,4,0,20,20,20260807,5,1,1,1,0,0,0,6482,0.270083,1,0.0015,0
2153,19201.3,9,0,2.36146,6.84292,0,0,0,9.20438,361,361,0,1,2.94392,2.94392,1830,367,0,1235,0,0,0,0,0,1339,1785.99,0.953667,29.338,168732,12,29433,486,465155,48,117732,1944,32,4,644756,1319142,20632192,5276568,25908760,4,4,12,4,4,4,0,20,20,20260807,5,1,1,1,0,0,0,6482,0.270083,1,0.0015,0
2154,19207.5,6,0,2.21037,3.88283,0,0,0,6.09321,361,361,0,1,2.94392,2.94392,1830,367,0,1235,0,0,0,0,0,1339,1785.99,0.953667,29.338,168732,12,29433,486,465155,48,117732,1944,32,4,644756,1319142,20632192,5276568,25908760,4,4,12,4,4,4,0,20,20,20260807,5,1,1,1,0,0,0,6483,0.270125,1,0.0015,1
2155,19217.8,10,0,2.47063,7.73033,0,0,0,10.201,361,361,0,1,2.94392,2.94392,1830,367,0,1235,0,0,0,0,0,1339,1785.99,0.953667,29.338,168732,12,29433,486,465155,48,117732,1944,32,4,644756,1319142,20632192,5276568,25908760,4,4,12,4,4,4,0,20,20,20260807,5,1,1,1,0,0,0,6483,0.270125,1,0.0015,0
2156,19223.6,5,0,2.22433,3.53017,0,0,0,5.7545,361,361,0,1,2.94392,2.94392,1830,367,0,1235,0,0,0,0,0,1339,1785.99,0.953667,29.338,168732,12,29433,486,465155,48,117732,1944,32,4,644756,1319142,20632192,5276568,25908760,4,4,12,4,4,4,0,20,20,20260807,5,1,1,1,0,0,0,6483,0.270125,1,0.0015,0
2157,19233.9,11,0,2.12938,8.08754,0,0,0,10.2169,361,361,0,1,2.94392,2.94392,1830,367,0,1235,0,0,0,0,0,1339,1785.99,0.953667,29.338,168732,12,29433,486,465155,48,117732,1944,32,4,644756,1319142,20632192,5276568,25908760,4,4,12,4,4,4,0,20,20,20260807,5,1,1,1,0,0,0,6483,0.270125,1,0.0015,0
2158,19240.5,6,0,2.57217,3.88221,0,0,0,6.45437,361,361,0,1,2.94392,2.94392,1830,367,0,1235,0,0,0,0,0,1339,1785.99,0.953667,29.338,168732,12,29433,486,465155,48,117732,1944,32,4,644756,1319142,20632192,5276568,25908760,4,4,12,4,4,4,0,20,20,20260807,5,1,1,1,0,0,0,6483,0.270125,1,0.0015,0
2159,19251,11,0,2.33671,8.00367,0,0,0,10.3404,361,361,0,1,2.94392,2.94392,1830,367,0,1235,0,0,0,0,0,1339,1785.99,0.953667,29.338,168732,12,29433,486,465155,48,117732,1944,32,4,644756,1319142,20632192,5276568,25908760,4,4,12,4,4,4,0,20,20,20260807,5,1,1,1,0,0,0,6483,0.270125,1,0.0015,0
2160,19256.9,5,0,2.25263,3.55854,0,0,0,5.81117,361,361,0,1,2.94392,2.94392,1830,367,0,1235,0,0,0,0,0,1339,1785.99,0.953667,29.338,168732,12,29433,486,465155,48,117732,1944,32,4,644756,1319142,20632192,5276568,25908760,4,4,12,4,4,4,0,20,20,20260807,5,1,1,1,0,0,0,6483,0.270125,1,0.0015,0
2161,19268.1,12,0,2.21925,8.88667,0,0,0,11.1059,361,361,0,1,2.94392,2.94392,1830,367,0,1235,0,0,0,0,0,1339,1785.99,0.953667,29.338,168732,12,29433,486,465155,48,117732,1944,32,4,644756,1319142,20632192,5276568,25908760,4,4,12,4,4,4,0,20,20,20260807,5,1,1,1,0,0,0,6484,0.270167,1,0.0015,1
2162,19274,6,0,2.14838,3.76,0,0,0,5.90838,361,361,0,1,2.94392,2.94392,1830,367,0,1235,0,0,0,0,0,1339,1785.99,0.953667,29.338,168732,12,29433,486,465155,48,117732,1944,32,4,644756,1319142,20632192,5276568,25908760,4,4,12,4,4,4,0,20,20,20260807,5,1,1,1,0,0,0,6484,0.270167,1,0.0015,0
2163,19284.4,10,0,2.45179,7.80221,0,0,0,10.254,361,361,0,1,2.94392,2.94392,1830,367,0,1235,0,0,0,0,0,1339,1785.99,0.953667,29.338,168732,12,29433,486,465155,48,117732,1944,32,4,644756,1319142,20632192,5276568,25908760,4,4,12,4,4,4,0,20,20,20260807,5,1,1,1,0,0,0,6484,0.270167,1,0.0015,0
2164,19290.3,6,0,2.26671,3.57863,0,0,0,5.84533,361,361,0,1,2.94392,2.94392,1830,367,0,1235,0,0,0,0,0,1339,1785.99,0.953667,29.338,168732,12,29433,486,465155,48,117732,1944,32,4,644756,1319142,20632192,5276568,25908760,4,4,12,4,4,4,0,20,20,20260807,5,1,1,1,0,0,0,6484,0.270167,1,0.0015,0
2165,19301.2,11,0,2.26337,8.3955,0,0,0,10.6589,361,361,0,1,2.94392,2.94392,1830,367,0,1235,0,0,0,0,0,1339,1785.99,0.953667,29.338,168732,12,29433,486,465155,48,117732,1944,32,4,644756,1319142,20632192,5276568,25908760,4,4,12,4,4,4,0,20,20,20260807,5,1,1,1,0,0,0,6484,0.270167,1,0.0015,0
2166,19306.9,6,0,2.21592,3.44362,0,0,0,5.65954,361,361,0,1,2.94392,2.94392,1830,367,0,1235,0,0,0,0,0,1339,1785.99,0.953667,29.338,168732,12,29433,486,465155,48,117732,1944,32,4,644756,1319142,20632192,5276568,25908760,4,4,12,4,4,4,0,20,20,20260807,5,1,1,1,0,0,0,6484,0.270167,1,0.0015,0
2167,19318.1,11,0,2.25854,8.59833,0,0,0,10.8569,361,361,0,1,2.94392,2.94392,1830,367,0,1235,0,0,0,0,0,1339,1785.99,0.953667,29.338,168732,12,29433,486,465155,48,117732,1944,32,4,644756,1319142,20632192,5276568,25908760,4,4,12,4,4,4,0,20,20,20260807,5,1,1,1,0,0,0,6485,0.270208,1,0.0015,1
2168,19323.8,5,0,2.165,3.44846,0,0,0,5.61346,361,361,0,1,2.94392,2.94392,1830,367,0,1235,0,0,0,0,0,1339,1785.99,0.953667,29.338,168732,12,29433,486,465155,48,117732,1944,32,4,644756,1319142,20632192,5276568,25908760,4,4,12,4,4,4,0,20,20,20260807,5,1,1,1,0,0,0,6485,0.270208,1,0.0015,0
2169,19334.7,11,0,2.24592,8.23121,0,0,0,10.4771,361,361,0,1,2.94392,2.94392,1830,367,0,1235,0,0,0,0,0,1339,1785.99,0.953667,29.338,168732,12,29433,486,465155,48,117732,1944,32,4,644756,1319142,20632192,5276568,25908760,4,4,12,4,4,4,0,20,20,20260807,5,1,1,1,0,0,0,6485,0.270208,1,0.0015,0
2170,19340.2,6,0,2.21492,3.20358,0,0,0,5.4185,361,361,0,1,2.94392,2.94392,1830,367,0,1235,0,0,0,0,0,1339,1785.99,0.953667,29.338,168732,12,29433,486,465155,48,117732,1944,32,4,644756,1319142,20632192,5276568,25908760,4,4,12,4,4,4,0,20,20,20260807,5,1,1,1,0,0,0,6485,0.270208,1,0.0015,0
2171,19350.8,10,0,2.14267,8.39317,0,0,0,10.5358,361,361,0,1,2.94392,2.94392,1830,367,0,1235,0,0,0,0,0,1339,1785.99,0.953667,29.338,168732,12,29433,486,465155,48,117732,1944,32,4,644756,1319142,20632192,5276568,25908760,4,4,12,4,4,4,0,20,20,20260807,5,1,1,1,0,0,0,6485,0.270208,1,0.0015,0
2172,19356.1,6,0,2.10546,3.04738,0,0,0,5.15283,361,361,0,1,2.94392,2.94392,1830,367,0,1235,0,0,0,0,0,1339,1785.99,0.953667,29.338,168732,12,29433,486,465155,48,117732,1944,32,4,644756,1319142,20632192,5276568,25908760,4,4,12,4,4,4,0,20,20,20260807,5,1,1,1,0,0,0,6485,0.270208,1,0.0015,0
2173,19367.9,12,0,2.41742,9.29742,0,0,0,11.7148,361,361,0,1,2.94392,2.94392,1830,367,0,1235,0,0,0,0,0,1339,1785.99,0.953667,29.338,168732,12,29433,486,465155,48,117732,1944,32,4,644756,1319142,20632192,5276568,25908760,4,4,12,4,4,4,0,20,20,20260807,5,1,1,1,0,0,0,6486,0.27025,1,0.0015,1
2174,19374,6,0,2.234,3.78279,0,0,0,6.01679,361,361,0,1,2.94392,2.94392,1830,367,0,1235,0,0,0,0,0,1339,1785.99,0.953667,29.338,168732,12,29433,486,465155,48,117732,1944,32,4,644756,1319142,20632192,5276568,25908760,4,4,12,4,4,4,0,20,20,20260807,5,1,1,1,0,0,0,6486,0.27025,1,0.0015,0
2175,19383.8,10,0,2.33521,7.40379,0,0,0,9.739,361,361,0,1,2.94392,2.94392,1830,367,0,1235,0,0,0,0,0,1339,1785.99,0.953667,29.338,168732,12,29433,486,465155,48,117732,1944,32,4,644756,1319142,20632192,5276568,25908760,4,4,12,4,4,4,0,20,20,20260807,5,1,1,1,0,0,0,6486,0.27025,1,0.0015,0
2176,19390.6,6,0,2.41429,4.27617,0,0,0,6.69046,361,361,0,1,2.94392,2.94392,1830,367,0,1235,0,0,0,0,0,1339,1785.99,0.953667,29.338,168732,12,29433,486,465155,48,117732,1944,32,4,644756,1319142,20632192,5276568,25908760,4,4,12,4,4,4,0,20,20,20260807,5,1,1,1,0,0,0,6486,0.27025,1,0.0015,0
2177,19401.3,11,0,2.26825,8.32312,0,0,0,10.5914,361,361,0,1,2.94392,2.94392,1830,367,0,1235,0,0,0,0,0,1339,1785.99,0.953667,29.338,168732,12,29433,486,465155,48,117732,1944,32,4,644756,1319142,20632192,5276568,25908760,4,4,12,4,4,4,0,20,20,20260807,5,1,1,1,0,0,0,6486,0.27025,1,0.0015,0
2178,19407.6,6,0,2.24333,3.94375,0,0,0,6.18708,361,361,0,1,2.94392,2.94392,1830,367,0,1235,0,0,0,0,0,1339,1785.99,0.953667,29.338,168732,12,29433,486,465155,48,117732,1944,32,4,644756,1319142,20632192,5276568,25908760,4,4,12,4,4,4,0,20,20,20260807,5,1,1,1,0,0,0,6486,0.27025,1,0.0015,0
2179,19417.4,10,0,2.33613,7.39446,0,0,0,9.73058,361,361,0,1,2.94392,2.94392,1830,367,0,1235,0,0,0,0,0,1339,1785.99,0.953667,29.338,168732,12,29433,486,465155,48,117732,1944,32,4,644756,1319142,20632192,5276568,25908760,4,4,12,4,4,4,0,20,20,20260807,5,1,1,1,0,0,0,6487,0.270292,1,0.0015,1
2180,19423.7,6,0,2.26688,3.99079,0,0,0,6.25767,361,361,0,1,2.94392,2.94392,1830,367,0,1235,0,0,0,0,0,1339,1785.99,0.953667,29.338,168732,12,29433,486,465155,48,117732,1944,32,4,644756,1319142,20632192,5276568,25908760,4,4,12,4,4,4,0,20,20,20260807,5,1,1,1,0,0,0,6487,0.270292,1,0.0015,0
2181,19433.8,10,0,2.22617,7.74696,0,0,0,9.97312,361,361,0,1,2.94392,2.94392,1830,367,0,1235,0,0,0,0,0,1339,1785.99,0.953667,29.338,168732,12,29433,486,465155,48,117732,1944,32,4,644756,1319142,20632192,5276568,25908760,4,4,12,4,4,4,0,20,20,20260807,5,1,1,1,0,0,0,6487,0.270292,1,0.0015,0
2182,19444.1,11,0,2.31696,7.94838,0,0,0,10.2653,361,361,0,1,2.94392,2.94392,1830,367,0,1235,0,0,0,0,0,1339,1785.99,0.953667,29.338,168732,12,29433,486,465155,48,117732,1944,32,4,644756,1319142,20632192,5276568,25908760,4,4,12,4,4,4,0,20,20,20260807,5,1,1,1,0,0,0,6487,0.270292,1,0.0015,0
2183,19450.7,6,0,2.26483,4.25083,0,0,0,6.51567,361,361,0,1,2.94392,2.94392,1830,367,0,1235,0,0,0,0,0,1339,1785.99,0.953667,29.338,168732,12,29433,486,465155,48,117732,1944,32,4,644756,1319142,20632192,5276568,25908760,4,4,12,4,4,4,0,20,20,20260807,5,1,1,1,0,0,0,6487,0.270292,1,0.0015,0
2184,19457.6,7,0,2.24342,4.55713,0,0,0,6.80054,361,361,0,1,2.94392,2.94392,1830,367,0,1235,0,0,0,0,0,1339,1785.99,0.953667,29.338,168732,12,29433,486,465155,48,117732,1944,32,4,644756,1319142,20632192,5276568,25908760,4,4,12,4,4,4,0,20,20,20260807,5,1,1,1,0,0,0,6487,0.270292,1,0.0015,0
2185,19468,11,0,2.35296,7.98229,0,0,0,10.3353,361,361,0,1,2.94392,2.94392,1830,367,0,1235,0,0,0,0,0,1339,1785.99,0.953667,29.338,168732,12,29433,486,465155,48,117732,1944,32,4,644756,1319142,20632192,5276568,25908760,4,4,12,4,4,4,0,20,20,20260807,5,1,1,1,0,0,0,6488,0.270333,1,0.0015,1
2186,19474.7,6,0,2.20154,4.14346,0,0,0,6.345,361,361,0,1,2.94392,2.94392,1830,367,0,1235,0,0,0,0,0,1339,1785.99,0.953667,29.338,168732,12,29433,486,465155,48,117732,1944,32,4,644756,1319142,20632192,5276568,25908760,4,4,12,4,4,4,0,20,20,20260807,5,1,1,1,0,0,0,6488,0.270333,1,0.0015,0
2187,19484.5,10,0,2.23696,7.50646,0,0,0,9.74342,361,361,0,1,2.94392,2.94392,1830,367,0,1235,0,0,0,0,0,1339,1785.99,0.953667,29.338,168732,12,29433,486,465155,48,117732,1944,32,4,644756,1319142,20632192,5276568,25908760,4,4,12,4,4,4,0,20,20,20260807,5,1,1,1,0,0,0,6488,0.270333,1,0.0015,0
2188,19490.7,6,0,2.23646,3.81908,0,0,0,6.05554,361,361,0,1,2.94392,2.94392,1830,367,0,1235,0,0,0,0,0,1339,1785.99,0.953667,29.338,168732,12,29433,486,465155,48,117732,1944,32,4,644756,1319142,20632192,5276568,25908760,4,4,12,4,4,4,0,20,20,20260807,5,1,1,1,0,0,0,6488,0.270333,1,0.0015,0
2189,19501.4,11,0,2.24792,8.36442,0,0,0,10.6123,361,361,0,1,2.94392,2.94392,1830,367,0,1235,0,0,0,0,0,1339,1785.99,0.953667,29.338,168732,12,29433,486,465155,48,117732,1944,32,4,644756,1319142,20632192,5276568,25908760,4,4,12,4,4,4,0,20,20,20260807,5,1,1,1,0,0,0,6488,0.270333,1,0.0015,0
2190,19507.5,6,0,2.37325,3.73383,0,0,0,6.10708,361,361,0,1,2.94392,2.94392,1830,367,0,1235,0,0,0,0,0,1339,1785.99,0.953667,29.338,168732,12,29433,486,465155,48,117732,1944,32,4,644756,1319142,20632192,5276568,25908760,4,4,12,4,4,4,0,20,20,20260807,5,1,1,1,0,0,0,6488,0.270333,1,0.0015,0
2191,19518.4,11,0,2.26021,8.45496,0,0,0,10.7152,361,361,0,1,2.94392,2.94392,1830,367,0,1235,0,0,0,0,0,1339,1785.99,0.953667,29.338,168732,12,29433,486,465155,48,117732,1944,32,4,644756,1319142,20632192,5276568,25908760,4,4,12,4,4,4,0,20,20,20260807,5,1,1,1,0,0,0,6489,0.270375,1,0.0015,1
2192,19524.3,6,0,2.28796,3.59542,0,0,0,5.88338,361,361,0,1,2.94392,2.94392,1830,367,0,1235,0,0,0,0,0,1339,1785.99,0.953667,29.338,168732,12,29433,486,465155,48,117732,1944,32,4,644756,1319142,20632192,5276568,25908760,4,4,12,4,4,4,0,20,20,20260807,5,1,1,1,0,0,0,6489,0.270375,1,0.0015,0
2193,19534.2,10,0,2.17137,7.66396,0,0,0,9.83533,361,361,0,1,2.94392,2.94392,1830,367,0,1235,0,0,0,0,0,1339,1785.99,0.953667,29.338,168732,12,29433,486,465155,48,117732,1944,32,4,644756,1319142,20632192,5276568,25908760,4,4,12,4,4,4,0,20,20,20260807,5,1,1,1,0,0,0,6489,0.270375,1,0.0015,0
2194,19540.7,6,0,2.39942,3.96496,0,0,0,6.36437,361,361,0,1,2.94392,2.94392,1830,367,0,1235,0,0,0,0,0,1339,1785.99,0.953667,29.338,168732,12,29433,486,465155,48,117732,1944,32,4,644756,1319142,20632192,5276568,25908760,4,4,12,4,4,4,0,20,20,20260807,5,1,1,1,0,0,0,6489,0.270375,1,0.0015,0
2195,19551.8,11,0,2.41829,8.55625,0,0,0,10.9745,361,361,0,1,2.94392,2.94392,1830,367,0,1235,0,0,0,0,0,1339,1785.99,0.953667,29.338,168732,12,29433,486,465155,48,117732,1944,32,4,644756,1319142,20632192,5276568,25908760,4,4,12,4,4,4,0,20,20,20260807,5,1,1,1,0,0,0,6489,0.270375,1,0.0015,0
2196,19558.2,7,0,2.13771,4.19538,0,0,0,6.33308,361,361,0,1,2.94392,2.94392,1830,367,0,1235,0,0,0,0,0,1339,1785.99,0.953667,29.338,168732,12,29433,486,465155,48,117732,1944,32,4,644756,1319142,20632192,5276568,25908760,4,4,12,4,4,4,0,20,20,20260807,5,1,1,1,0,0,0,6490,0.270417,1,0.0015,1
2197,19568,10,0,2.18075,7.57104,0,0,0,9.75179,361,361,0,1,2.94392,2.94392,1830,367,0,1235,0,0,0,0,0,1339,1785.99,0.953667,29.338,168732,12,29433,486,465155,48,117732,1944,32,4,644756,1319142,20632192,5276568,25908760,4,4,12,4,4,4,0,20,20,20260807,5,1,1,1,0,0,0,6490,0.270417,1,0.0015,0
2198,19573.8,5,0,2.16333,3.5725,0,0,0,5.73583,361,361,0,1,2.94392,2.94392,1830,367,0,1235,0,0,0,0,0,1339,1785.99,0.953667,29.338,168732,12,29433,486,465155,48,117732,1944,32,4,644756,1319142,20632192,5276568,25908760,4,4,12,4,4,4,0,20,20,20260807,5,1,1,1,0,0,0,6490,0.270417,1,0.0015,0
2199,19584.4,11,0,2.401,8.06408,0,0,0,10.4651,361,361,0,1,2.94392,2.94392,1830,367,0,1235,0,0,0,0,0,1339,1785.99,0.953667,29.338,168732,12,29433,486,465155,48,117732,1944,32,4,644756,1319142,20632192,5276568,25908760,4,4,12,4,4,4,0,20,20,20260807,5,1,1,1,0,0,0,6490,0.270417,1,0.0015,0
2200,19590.5,6,0,2.18642,3.83217,0,0,0,6.01858,361,361,0,1,2.94392,2.94392,1830,367,0,1235,0,0,0,0,0,1339,1785.99,0.953667,29.338,168732,12,29433,486,465155,48,117732,1944,32,4,644756,1319142,20632192,5276568,25908760,4,4,12,4,4,4,0,20,20,20260807,5,1,1,1,0,0,0,6490,0.270417,1,0.0015,0
2201,19602.4,12,0,2.41104,9.35808,0,0,0,11.7691,361,361,0,1,2.94392,2.94392,1830,367,0,1235,0,0,0,0,0,1339,1785.99,0.953667,29.338,168732,12,29433,486,465155,48,117732,1944,32,4,644756,1319142,20632192,5276568,25908760,4,4,12,4,4,4,0,20,20,20260807,5,1,1,1,0,0,0,6490,0.270417,1,0.0015,0
2202,19617.8,15,0,2.07067,13.2278,0,0,0,15.2985,361,361,0,1,2.94392,2.94392,1830,367,0,1235,0,0,0,0,0,1339,1785.99,0.953667,29.338,168732,12,29433,486,465155,48,117732,1944,32,4,644756,1319142,20632192,5276568,25908760,4,4,12,4,4,4,0,20,20,20260807,5,1,1,1,0,0,0,6491,0.270458,1,0.0015,1
2203,19623.9,7,0,2.23467,3.82954,0,0,0,6.06421,361,361,0,1,2.94392,2.94392,1830,367,0,1235,0,0,0,0,0,1339,1785.99,0.953667,29.338,168732,12,29433,486,465155,48,117732,1944,32,4,644756,1319142,20632192,5276568,25908760,4,4,12,4,4,4,0,20,20,20260807,5,1,1,1,0,0,0,6491,0.270458,1,0.0015,0
2204,19634.4,10,0,2.30567,8.10337,0,0,0,10.409,361,361,0,1,2.94392,2.94392,1830,367,0,1235,0,0,0,0,0,1339,1785.99,0.953667,29.338,168732,12,29433,486,465155,48,117732,1944,32,4,644756,1319142,20632192,5276568,25908760,4,4,12,4,4,4,0,20,20,20260807,5,1,1,1,0,0,0,6491,0.270458,1,0.0015,0
2205,19640.5,6,0,2.14971,3.76342,0,0,0,5.91312,361,361,0,1,2.94392,2.94392,1830,367,0,1235,0,0,0,0,0,1339,1785.99,0.953667,29.338,168732,12,29433,486,465155,48,117732,1944,32,4,644756,1319142,20632192,5276568,25908760,4,4,12,4,4,4,0,20,20,20260807,5,1,1,1,0,0,0,6491,0.270458,1,0.0015,0
2206,19651.3,11,0,2.62538,8.10587,0,0,0,10.7312,361,361,0,1,2.94392,2.94392,1830,367,0,1235,0,0,0,0,0,1339,1785.99,0.953667,29.338,168732,12,29433,486,465155,48,117732,1944,32,4,644756,1319142,20632192,5276568,25908760,4,4,12,4,4,4,0,20,20,20260807,5,1,1,1,0,0,0,6491,0.270458,1,0.0015,0
2207,19657,6,0,2.18262,3.42117,0,0,0,5.60379,361,361,0,1,2.94392,2.94392,1830,367,0,1235,0,0,0,0,0,1339,1785.99,0.953667,29.338,168732,12,29433,486,465155,48,117732,1944,32,4,644756,1319142,20632192,5276568,25908760,4,4,12,4,4,4,0,20,20,20260807,5,1,1,1,0,0,0,6491,0.270458,1,0.0015,0
2208,19667.2,11,0,2.22196,7.89154,0,0,0,10.1135,361,361,0,1,2.94392,2.94392,1830,367,0,1235,0,0,0,0,0,1339,1785.99,0.953667,29.338,168732,12,29433,486,465155,48,117732,1944,32,4,644756,1319142,20632192,5276568,25908760,4,4,12,4,4,4,0,20,20,20260807,5,1,1,1,0,0,0,6492,0.2705,1,0.0015,1
2209,19673.5,6,0,2.20317,4.05421,0,0,0,6.25737,361,361,0,1,2.94392,2.94392,1830,367,0,1235,0,0,0,0,0,1339,1785.99,0.953667,29.338,168732,12,29433,486,465155,48,117732,1944,32,4,644756,1319142,20632192,5276568,25908760,4,4,12,4,4,4,0,20,20,20260807,5,1,1,1,0,0,0,6492,0.2705,1,0.0015,0
2210,19684.3,11,0,2.27342,8.44587,0,0,0,10.7193,361,361,0,1,2.94392,2.94392,1830,367,0,1235,0,0,0,0,0,1339,1785.99,0.953667,29.338,168732,12,29433,486,465155,48,117732,1944,32,4,644756,1319142,20632192,5276568,25908760,4,4,12,4,4,4,0,20,20,20260807,5,1,1,1,0,0,0,6492,0.2705,1,0.0015,0
2211,19691.9,8,0,3.94821,3.57275,0,0,0,7.52096,361,361,0,1,2.94392,2.94392,1830,367,0,1235,0,0,0,0,0,1339,1785.99,0.953667,29.338,168732,12,29433,486,465155,48,117732,1944,32,4,644756,1319142,20632192,5276568,25908760,4,4,12,4,4,4,0,20,20,20260807,5,1,1,1,0,0,0,6492,0.2705,1,0.0015,0
2212,19700.4,8,0,2.17488,6.17117,0,0,0,8.34604,361,361,0,1,2.94392,2.94392,1830,367,0,1235,0,0,0,0,0,1339,1785.99,0.953667,29.338,168732,12,29433,486,465155,48,117732,1944,32,4,644756,1319142,20632192,5276568,25908760,4,4,12,4,4,4,0,20,20,20260807,5,1,1,1,0,0,0,6492,0.2705,1,0.0015,0
2213,19707.6,7,0,2.246,4.93725,0,0,0,7.18325,361,361,0,1,2.94392,2.94392,1830,367,0,1235,0,0,0,0,0,1339,1785.99,0.953667,29.338,168732,12,29433,486,465155,48,117732,1944,32,4,644756,1319142,20632192,5276568,25908760,4,4,12,4,4,4,0,20,20,20260807,5,1,1,1,0,0,0,6492,0.2705,1,0.0015,0
2214,19717.5,10,0,2.4305,7.36454,0,0,0,9.79504,361,361,0,1,2.94392,2.94392,1830,367,0,1235,0,0,0,0,0,1339,1785.99,0.953667,29.338,168732,12,29433,486,465155,48,117732,1944,32,4,644756,1319142,20632192,5276568,25908760,4,4,12,4,4,4,0,20,20,20260807,5,1,1,1,0,0,0,6493,0.270542,1,0.0015,1
2215,19723.1,6,0,2.11571,3.39246,0,0,0,5.50817,361,361,0,1,2.94392,2.94392,1830,367,0,1235,0,0,0,0,0,1339,1785.99,0.953667,29.338,168732,12,29433,486,465155,48,117732,1944,32,4,644756,1319142,20632192,5276568,25908760,4,4,12,4,4,4,0,20,20,20260807,5,1,1,1,0,0,0,6493,0.270542,1,0.0015,0
2216,19734.2,11,0,2.34375,8.61758,0,0,0,10.9613,361,361,0,1,2.94392,2.94392,1830,367,0,1235,0,0,0,0,0,1339,1785.99,0.953667,29.338,168732,12,29433,486,465155,48,117732,1944,32,4,644756,1319142,20632192,5276568,25908760,4,4,12,4,4,4,0,20,20,20260807,5,1,1,1,0,0,0,6493,0.270542,1,0.0015,0
2217,19740.9,7,0,2.20708,4.43875,0,0,0,6.64583,361,361,0,1,2.94392,2.94392,1830,367,0,1235,0,0,0,0,0,1339,1785.99,0.953667,29.338,168732,12,29433,486,465155,48,117732,1944,32,4,644756,1319142,20632192,5276568,25908760,4,4,12,4,4,4,0,20,20,20260807,5,1,1,1,0,0,0,6493,0.270542,1,0.0015,0
2218,19751.1,10,0,2.05433,8.0595,0,0,0,10.1138,361,361,0,1,2.94392,2.94392,1830,367,0,1235,0,0,0,0,0,1339,1785.99,0.953667,29.338,168732,12,29433,486,465155,48,117732,1944,32,4,644756,1319142,20632192,5276568,25908760,4,4,12,4,4,4,0,20,20,20260807,5,1,1,1,0,0,0,6493,0.270542,1,0.0015,0
2219,19756.8,5,0,2.17233,3.39954,0,0,0,5.57188,361,361,0,1,2.94392,2.94392,1830,367,0,1235,0,0,0,0,0,1339,1785.99,0.953667,29.338,168732,12,29433,486,465155,48,117732,1944,32,4,644756,1319142,20632192,5276568,25908760,4,4,12,4,4,4,0,20,20,20260807,5,1,1,1,0,0,0,6494,0.270583,1,0.0015,1
2220,19767.6,11,0,2.20446,8.54996,0,0,0,10.7544,361,361,0,1,2.94392,2.94392,1830,367,0,1235,0,0,0,0,0,1339,1785.99,0.953667,29.338,168732,12,29433,486,465155,48,117732,1944,32,4,644756,1319142,20632192,5276568,25908760,4,4,12,4,4,4,0,20,20,20260807,5,1,1,1,0,0,0,6494,0.270583,1,0.0015,0
2221,19772.8,5,0,2.20283,2.85296,0,0,0,5.05579,361,361,0,1,2.94392,2.94392,1830,367,0,1235,0,0,0,0,0,1339,1785.99,0.953667,29.338,168732,12,29433,486,465155,48,117732,1944,32,4,644756,1319142,20632192,5276568,25908760,4,4,12,4,4,4,0,20,20,20260807,5,1,1,1,0,0,0,6494,0.270583,1,0.0015,0
2222,19783.8,11,0,2.30088,8.64279,0,0,0,10.9437,361,361,0,1,2.94392,2.94392,1830,367,0,1235,0,0,0,0,0,1339,1785.99,0.953667,29.338,168732,12,29433,486,465155,48,117732,1944,32,4,644756,1319142,20632192,5276568,25908760,4,4,12,4,4,4,0,20,20,20260807,5,1,1,1,0,0,0,6494,0.270583,1,0.0015,0
2223,19791.7,8,0,2.2135,5.6295,0,0,0,7.843,361,361,0,1,2.94392,2.94392,1830,367,0,1235,0,0,0,0,0,1339,1785.99,0.953667,29.338,168732,12,29433,486,465155,48,117732,1944,32,4,644756,1319142,20632192,5276568,25908760,4,4,12,4,4,4,0,20,20,20260807,5,1,1,1,0,0,0,6494,0.270583,1,0.0015,0
2224,19800.3,9,0,2.03029,6.48883,0,0,0,8.51913,361,361,0,1,2.94392,2.94392,1830,367,0,1235,0,0,0,0,0,1339,1785.99,0.953667,29.338,168732,12,29433,486,465155,48,117732,1944,32,4,644756,1319142,20632192,5276568,25908760,4,4,12,4,4,4,0,20,20,20260807,5,1,1,1,0,0,0,6494,0.270583,1,0.0015,0
2225,19807.4,7,0,2.18233,4.81725,0,0,0,6.99958,361,361,0,1,2.94392,2.94392,1830,367,0,1235,0,0,0,0,0,1339,1785.99,0.953667,29.338,168732,12,29433,486,465155,48,117732,1944,32,4,644756,1319142,20632192,5276568,25908760,4,4,12,4,4,4,0,20,20,20260807,5,1,1,1,0,0,0,6494,0.270583,1,0.0015,0
2226,19817.7,10,0,2.22642,7.973,0,0,0,10.1994,361,361,0,1,2.94392,2.94392,1830,367,0,1235,0,0,0,0,0,1339,1785.99,0.953667,29.338,168732,12,29433,486,465155,48,117732,1944,32,4,644756,1319142,20632192,5276568,25908760,4,4,12,4,4,4,0,20,20,20260807,5,1,1,1,0,0,0,6495,0.270625,1,0.0015,1
2227,19824.5,7,0,2.25779,4.44508,0,0,0,6.70287,361,361,0,1,2.94392,2.94392,1830,367,0,1235,0,0,0,0,0,1339,1785.99,0.953667,29.338,168732,12,29433,486,465155,48,117732,1944,32,4,644756,1319142,20632192,5276568,25908760,4,4,12,4,4,4,0,20,20,20260807,5,1,1,1,0,0,0,6495,0.270625,1,0.0015,0
2228,19833.6,9,0,2.14887,6.89213,0,0,0,9.041,361,361,0,1,2.94392,2.94392,1830,367,0,1235,0,0,0,0,0,1339,1785.99,0.953667,29.338,168732,12,29433,486,465155,48,117732,1944,32,4,644756,1319142,20632192,5276568,25908760,4,4,12,4,4,4,0,20,20,20260807,5,1,1,1,0,0,0,6495,0.270625,1,0.0015,0
2229,19840.4,7,0,2.06958,4.597,0,0,0,6.66658,361,361,0,1,2.94392,2.94392,1830,367,0,1235,0,0,0,0,0,1339,1785.99,0.953667,29.338,168732,12,29433,486,465155,48,117732,1944,32,4,644756,1319142,20632192,5276568,25908760,4,4,12,4,4,4,0,20,20,20260807,5,1,1,1,0,0,0,6495,0.270625,1,0.0015,0
2230,19850.6,10,0,2.27763,7.88312,0,0,0,10.1608,361,361,0,1,2.94392,2.94392,1830,367,0,1235,0,0,0,0,0,1339,1785.99,0.953667,29.338,168732,12,29433,486,465155,48,117732,1944,32,4,644756,1319142,20632192,5276568,25908760,4,4,12,4,4,4,0,20,20,20260807,5,1,1,1,0,0,0,6495,0.270625,1,0.0015,0
2231,19857.9,8,0,1.95863,5.21138,0,0,0,7.17,361,361,0,1,2.94392,2.94392,1830,367,0,1235,0,0,0,0,0,1339,1785.99,0.953667,29.338,168732,12,29433,486,465155,48,117732,1944,32,4,644756,1319142,20632192,5276568,25908760,4,4,12,4,4,4,0,20,20,20260807,5,1,1,1,0,0,0,6495,0.270625,1,0.0015,0
2232,19867.3,9,0,2.05617,7.27425,0,0,0,9.33042,361,361,0,1,2.94392,2.94392,1830,367,0,1235,0,0,0,0,0,1339,1785.99,0.953667,29.338,168732,12,29433,486,465155,48,117732,1944,32,4,644756,1319142,20632192,5276568,25908760,4,4,12,4,4,4,0,20,20,20260807,5,1,1,1,0,0,0,6496,0.270667,1,0.0015,1
2233,19873.9,7,0,2.18012,4.41317,0,0,0,6.59329,361,361,0,1,2.94392,2.94392,1830,367,0,1235,0,0,0,0,0,1339,1785.99,0.953667,29.338,168732,12,29433,486,465155,48,117732,1944,32,4,644756,1319142,20632192,5276568,25908760,4,4,12,4,4,4,0,20,20,20260807,5,1,1,1,0,0,0,6496,0.270667,1,0.0015,0
2234,19883.7,9,0,2.00563,7.6195,0,0,0,9.62513,361,361,0,1,2.94392,2.94392,1830,367,0,1235,0,0,0,0,0,1339,1785.99,0.953667,29.338,168732,12,29433,486,465155,48,117732,1944,32,4,644756,1319142,20632192,5276568,25908760,4,4,12,4,4,4,0,20,20,20260807,5,1,1,1,0,0,0,6496,0.270667,1,0.0015,0
2235,19890.8,7,0,2.08742,4.98625,0,0,0,7.07367,361,361,0,1,2.94392,2.94392,1830,367,0,1235,0,0,0,0,0,1339,1785.99,0.953667,29.338,168732,12,29433,486,465155,48,117732,1944,32,4,644756,1319142,20632192,5276568,25908760,4,4,12,4,4,4,0,20,20,20260807,5,1,1,1,0,0,0,6496,0.270667,1,0.0015,0
2236,19902,12,0,2.19325,8.91667,0,0,0,11.1099,361,361,0,1,2.94392,2.94392,1830,367,0,1235,0,0,0,0,0,1339,1785.99,0.953667,29.338,168732,12,29433,486,465155,48,117732,1944,32,4,644756,1319142,20632192,5276568,25908760,4,4,12,4,4,4,0,20,20,20260807,5,1,1,1,0,0,0,6496,0.270667,1,0.0015,0
2237,19909.5,7,0,3.14812,4.22433,0,0,0,7.37246,361,361,0,1,2.94392,2.94392,1830,367,0,1235,0,0,0,0,0,1339,1785.99,0.953667,29.338,168732,12,29433,486,465155,48,117732,1944,32,4,644756,1319142,20632192,5276568,25908760,4,4,12,4,4,4,0,20,20,20260807,5,1,1,1,0,0,0,6497,0.270708,1,0.0015,1
2238,19917.1,8,0,2.25842,5.29338,0,0,0,7.55179,361,361,0,1,2.94392,2.94392,1830,367,0,1235,0,0,0,0,0,1339,1785.99,0.953667,29.338,168732,12,29433,486,465155,48,117732,1944,32,4,644756,1319142,20632192,5276568,25908760,4,4,12,4,4,4,0,20,20,20260807,5,1,1,1,0,0,0,6497,0.270708,1,0.0015,0
2239,19923.5,6,0,2.24246,4.06533,0,0,0,6.30779,361,361,0,1,2.94392,2.94392,1830,367,0,1235,0,0,0,0,0,1339,1785.99,0.953667,29.338,168732,12,29433,486,465155,48,117732,1944,32,4,644756,1319142,20632192,5276568,25908760,4,4,12,4,4,4,0,20,20,20260807,5,1,1,1,0,0,0,6497,0.270708,1,0.0015,0
2240,19934.2,11,0,2.46617,8.16279,0,0,0,10.629,361,361,0,1,2.94392,2.94392,1830,367,0,1235,0,0,0,0,0,1339,1785.99,0.953667,29.338,168732,12,29433,486,465155,48,117732,1944,32,4,644756,1319142,20632192,5276568,25908760,4,4,12,4,4,4,0,20,20,20260807,5,1,1,1,0,0,0,6497,0.270708,1,0.0015,0
2241,19939.4,5,0,2.16637,2.95521,0,0,0,5.12158,361,361,0,1,2.94392,2.94392,1830,367,0,1235,0,0,0,0,0,1339,1785.99,0.953667,29.338,168732,12,29433,486,465155,48,117732,1944,32,4,644756,1319142,20632192,5276568,25908760,4,4,12,4,4,4,0,20,20,20260807,5,1,1,1,0,0,0,6497,0.270708,1,0.0015,0
2242,19950.8,12,0,2.29258,9.07908,0,0,0,11.3717,361,361,0,1,2.94392,2.94392,1830,367,0,1235,0,0,0,0,0,1339,1785.99,0.953667,29.338,168732,12,29433,486,465155,48,117732,1944,32,4,644756,1319142,20632192,5276568,25908760,4,4,12,4,4,4,0,20,20,20260807,5,1,1,1,0,0,0,6497,0.270708,1,0.0015,0
2243,19956.5,5,0,2.158,3.43567,0,0,0,5.59367,361,361,0,1,2.94392,2.94392,1830,367,0,1235,0,0,0,0,0,1339,1785.99,0.953667,29.338,168732,12,29433,486,465155,48,117732,1944,32,4,644756,1319142,20632192,5276568,25908760,4,4,12,4,4,4,0,20,20,20260807,5,1,1,1,0,0,0,6498,0.27075,1,0.0015,1
2244,19967.7,11,0,2.25321,8.80129,0,0,0,11.0545,361,361,0,1,2.94392,2.94392,1830,367,0,1235,0,0,0,0,0,1339,1785.99,0.953667,29.338,168732,12,29433,486,465155,48,117732,1944,32,4,644756,1319142,20632192,5276568,25908760,4,4,12,4,4,4,0,20,20,20260807,5,1,1,1,0,0,0,6498,0.27075,1,0.0015,0
2245,19972.8,6,0,2.14533,2.96437,0,0,0,5.10971,361,361,0,1,2.94392,2.94392,1830,367,0,1235,0,0,0,0,0,1339,1785.99,0.953667,29.338,168732,12,29433,486,465155,48,117732,1944,32,4,644756,1319142,20632192,5276568,25908760,4,4,12,4,4,4,0,20,20,20260807,5,1,1,1,0,0,0,6498,0.27075,1,0.0015,0
2246,19983.7,10,0,2.21304,8.56642,0,0,0,10.7795,361,361,0,1,2.94392,2.94392,1830,367,0,1235,0,0,0,0,0,1339,1785.99,0.953667,29.338,168732,12,29433,486,465155,48,117732,1944,32,4,644756,1319142,20632192,5276568,25908760,4,4,12,4,4,4,0,20,20,20260807,5,1,1,1,0,0,0,6498,0.27075,1,0.0015,0
2247,19990.3,7,0,2.21504,4.27538,0,0,0,6.49042,361,361,0,1,2.94392,2.94392,1830,367,0,1235,0,0,0,0,0,1339,1785.99,0.953667,29.338,168732,12,29433,486,465155,48,117732,1944,32,4,644756,1319142,20632192,5276568,25908760,4,4,12,4,4,4,0,20,20,20260807,5,1,1,1,0,0,0,6498,0.27075,1,0.0015,0
2248,20000.4,10,0,4.91404,5.14317,0,0,0,10.0572,361,361,0,1,2.94392,2.94392,1830,367,0,1235,0,0,0,0,0,1339,1785.99,0.953667,29.338,168732,12,29433,486,465155,48,117732,1944,32,4,644756,1319142,20632192,5276568,25908760,4,4,12,4,4,4,0,20,20,20260807,5,1,1,1,0,0,0,6498,0.27075,1,0.0015,0
2249,20007.8,7,0,2.0825,5.191,0,0,0,7.2735,361,361,0,1,2.94392,2.94392,1830,367,0,1235,0,0,0,0,0,1339,1785.99,0.953667,29.338,168732,12,29433,486,465155,48,117732,1944,32,4,644756,1319142,20632192,5276568,25908760,4,4,12,4,4,4,0,20,20,20260807,5,1,1,1,0,0,0,6498,0.27075,1,0.0015,0
2250,20017.2,10,0,2.11471,7.24425,0,0,0,9.35896,361,361,0,1,2.94392,2.94392,1830,367,0,1235,0,0,0,0,0,1339,1785.99,0.953667,29.338,168732,12,29433,486,465155,48,117732,1944,32,4,644756,1319142,20632192,5276568,25908760,4,4,12,4,4,4,0,20,20,20260807,5,1,1,1,0,0,0,6499,0.270792,1,0.0015,1
2251,20023.1,6,0,2.34604,3.43375,0,0,0,5.77979,361,361,0,1,2.94392,2.94392,1830,367,0,1235,0,0,0,0,0,1339,1785.99,0.953667,29.338,168732,12,29433,486,465155,48,117732,1944,32,4,644756,1319142,20632192,5276568,25908760,4,4,12,4,4,4,0,20,20,20260807,5,1,1,1,0,0,0,6499,0.270792,1,0.0015,0
2252,20033.7,10,0,2.36304,8.23346,0,0,0,10.5965,361,361,0,1,2.94392,2.94392,1830,367,0,1235,0,0,0,0,0,1339,1785.99,0.953667,29.338,168732,12,29433,486,465155,48,117732,1944,32,4,644756,1319142,20632192,5276568,25908760,4,4,12,4,4,4,0,20,20,20260807,5,1,1,1,0,0,0,6499,0.270792,1,0.0015,0
2253,20039.8,6,0,2.15542,3.79329,0,0,0,5.94871,361,361,0,1,2.94392,2.94392,1830,367,0,1235,0,0,0,0,0,1339,1785.99,0.953667,29.338,168732,12,29433,486,465155,48,117732,1944,32,4,644756,1319142,20632192,5276568,25908760,4,4,12,4,4,4,0,20,20,20260807,5,1,1,1,0,0,0,6499,0.270792,1,0.0015,0
2254,20050.4,11,0,2.42029,8.16437,0,0,0,10.5847,361,361,0,1,2.94392,2.94392,1830,367,0,1235,0,0,0,0,0,1339,1785.99,0.953667,29.338,168732,12,29433,486,465155,48,117732,1944,32,4,644756,1319142,20632192,5276568,25908760,4,4,12,4,4,4,0,20,20,20260807,5,1,1,1,0,0,0,6499,0.270792,1,0.0015,0
2255,20057.4,7,0,2.17629,4.75375,0,0,0,6.93004,361,361,0,1,2.94392,2.94392,1830,367,0,1235,0,0,0,0,0,1339,1785.99,0.953667,29.338,168732,12,29433,486,465155,48,117732,1944,32,4,644756,1319142,20632192,5276568,25908760,4,4,12,4,4,4,0,20,20,20260807,5,1,1,1,0,0,0,6499,0.270792,1,0.0015,0
2256,20067.3,10,0,2.30679,7.50754,0,0,0,9.81433,361,361,0,1,2.94392,2.94392,1830,367,0,1235,0,0,0,0,0,1339,1785.99,0.953667,29.338,168732,12,29433,486,465155,48,117732,1944,32,4,644756,1319142,20632192,5276568,25908760,4,4,12,4,4,4,0,20,20,20260807,5,1,1,1,0,0,0,6500,0.270833,1,0.0015,1
2257,20073.9,7,0,2.2295,4.31971,0,0,0,6.54921,361,361,0,1,2.94392,2.94392,1830,367,0,1235,0,0,0,0,0,1339,1785.99,0.953667,29.338,168732,12,29433,486,465155,48,117732,1944,32,4,644756,1319142,20632192,5276568,25908760,4,4,12,4,4,4,0,20,20,20260807,5,1,1,1,0,0,0,6500,0.270833,1,0.0015,0
2258,20084.3,10,0,2.28604,7.95796,0,0,0,10.244,361,361,0,1,2.94392,2.94392,1830,367,0,1235,0,0,0,0,0,1339,1785.99,0.953667,29.338,168732,12,29433,486,465155,48,117732,1944,32,4,644756,1319142,20632192,5276568,25908760,4,4,12,4,4,4,0,20,20,20260807,5,1,1,1,0,0,0,6500,0.270833,1,0.0015,0
2259,20090,6,0,2.22192,3.378,0,0,0,5.59992,361,361,0,1,2.94392,2.94392,1830,367,0,1235,0,0,0,0,0,1339,1785.99,0.953667,29.338,168732,12,29433,486,465155,48,117732,1944,32,4,644756,1319142,20632192,5276568,25908760,4,4,12,4,4,4,0,20,20,20260807,5,1,1,1,0,0,0,6500,0.270833,1,0.0015,0
2260,20100.3,10,0,2.34883,7.87904,0,0,0,10.2279,361,361,0,1,2.94392,2.94392,1830,367,0,1235,0,0,0,0,0,1339,1785.99,0.953667,29.338,168732,12,29433,486,465155,48,117732,1944,32,4,644756,1319142,20632192,5276568,25908760,4,4,12,4,4,4,0,20,20,20260807,5,1,1,1,0,0,0,6500,0.270833,1,0.0015,0
2261,20107.7,7,0,2.18942,5.11396,0,0,0,7.30337,361,361,0,1,2.94392,2.94392,1830,367,0,1235,0,0,0,0,0,1339,1785.99,0.953667,29.338,168732,12,29433,486,465155,48,117732,1944,32,4,644756,1319142,20632192,5276568,25908760,4,4,12,4,4,4,0,20,20,20260807,5,1,1,1,0,0,0,6500,0.270833,1,0.0015,0
2262,20117.8,10,0,2.27625,7.6825,0,0,0,9.95875,361,361,0,1,2.94392,2.94392,1830,367,0,1235,0,0,0,0,0,1339,1785.99,0.953667,29.338,168732,12,29433,486,465155,48,117732,1944,32,4,644756,1319142,20632192,5276568,25908760,4,4,12,4,4,4,0,20,20,20260807,5,1,1,1,0,0,0,6501,0.270875,1,0.0015,1
2263,20123.8,6,0,2.31329,3.61408,0,0,0,5.92737,361,361,0,1,2.94392,2.94392,1830,367,0,1235,0,0,0,0,0,1339,1785.99,0.953667,29.338,168732,12,29433,486,465155,48,117732,1944,32,4,644756,1319142,20632192,5276568,25908760,4,4,12,4,4,4,0,20,20,20260807,5,1,1,1,0,0,0,6501,0.270875,1,0.0015,0
2264,20134.4,11,0,2.10133,8.48563,0,0,0,10.587,361,361,0,1,2.94392,2.94392,1830,367,0,1235,0,0,0,0,0,1339,1785.99,0.953667,29.338,168732,12,29433,486,465155,48,117732,1944,32,4,644756,1319142,20632192,5276568,25908760,4,4,12,4,4,4,0,20,20,20260807,5,1,1,1,0,0,0,6501,0.270875,1,0.0015,0
2265,20140.9,7,0,2.14183,4.26879,0,0,0,6.41062,361,361,0,1,2.94392,2.94392,1830,367,0,1235,0,0,0,0,0,1339,1785.99,0.953667,29.338,168732,12,29433,486,465155,48,117732,1944,32,4,644756,1319142,20632192,5276568,25908760,4,4,12,4,4,4,0,20,20,20260807,5,1,1,1,0,0,0,6501,0.270875,1,0.0015,0
2266,20150.6,9,0,2.05671,7.512,0,0,0,9.56871,361,361,0,1,2.94392,2.94392,1830,367,0,1235,0,0,0,0,0,1339,1785.99,0.953667,29.338,168732,12,29433,486,465155,48,117732,1944,32,4,644756,1319142,20632192,5276568,25908760,4,4,12,4,4,4,0,20,20,20260807,5,1,1,1,0,0,0,6501,0.270875,1,0.0015,0
2267,20157.7,7,0,2.20075,4.79754,0,0,0,6.99829,361,361,0,1,2.94392,2.94392,1830,367,0,1235,0,0,0,0,0,1339,1785.99,0.953667,29.338,168732,12,29433,486,465155,48,117732,1944,32,4,644756,1319142,20632192,5276568,25908760,4,4,12,4,4,4,0,20,20,20260807,5,1,1,1,0,0,0,6501,0.270875,1,0.0015,0
2268,20167.2,10,0,2.37883,7.07983,0,0,0,9.45867,361,361,0,1,2.94392,2.94392,1830,367,0,1235,0,0,0,0,0,1339,1785.99,0.953667,29.338,168732,12,29433,486,465155,48,117732,1944,32,4,644756,1319142,20632192,5276568,25908760,4,4,12,4,4,4,0,20,20,20260807,5,1,1,1,0,0,0,6502,0.270917,1,0.0015,1
2269,20175.3,8,0,2.31429,5.74496,0,0,0,8.05925,361,361,0,1,2.94392,2.94392,1830,367,0,1235,0,0,0,0,0,1339,1785.99,0.953667,29.338,168732,12,29433,486,465155,48,117732,1944,32,4,644756,1319142,20632192,5276568,25908760,4,4,12,4,4,4,0,20,20,20260807,5,1,1,1,0,0,0,6502,0.270917,1,0.0015,0
2270,20184.1,9,0,2.23771,6.38979,0,0,0,8.6275,361,361,0,1,2.94392,2.94392,1830,367,0,1235,0,0,0,0,0,1339,1785.99,0.953667,29.338,168732,12,29433,486,465155,48,117732,1944,32,4,644756,1319142,20632192,5276568,25908760,4,4,12,4,4,4,0,20,20,20260807,5,1,1,1,0,0,0,6502,0.270917,1,0.0015,0
2271,20190.9,7,0,2.37233,4.41625,0,0,0,6.78858,361,361,0,1,2.94392,2.94392,1830,367,0,1235,0,0,0,0,0,1339,1785.99,0.953667,29.338,168732,12,29433,486,465155,48,117732,1944,32,4,644756,1319142,20632192,5276568,25908760,4,4,12,4,4,4,0,20,20,20260807,5,1,1,1,0,0,0,6502,0.270917,1,0.0015,0
2272,20202,11,0,3.23746,7.7195,0,0,0,10.957,361,361,0,1,2.94392,2.94392,1830,367,0,1235,0,0,0,0,0,1339,1785.99,0.953667,29.338,168732,12,29433,486,465155,48,117732,1944,32,4,644756,1319142,20632192,5276568,25908760,4,4,12,4,4,4,0,20,20,20260807,5,1,1,1,0,0,0,6502,0.270917,1,0.0015,0
2273,20218.1,16,0,2.20342,13.7409,0,0,0,15.9443,361,361,0,1,2.94392,2.94392,1830,367,0,1235,0,0,0,0,0,1339,1785.99,0.953667,29.338,168732,12,29433,486,465155,48,117732,1944,32,4,644756,1319142,20632192,5276568,25908760,4,4,12,4,4,4,0,20,20,20260807,5,1,1,1,0,0,0,6503,0.270958,1,0.0015,1
2274,20224.9,6,0,2.24217,4.50192,0,0,0,6.74408,361,361,0,1,2.94392,2.94392,1830,367,0,1235,0,0,0,0,0,1339,1785.99,0.953667,29.338,168732,12,29433,486,465155,48,117732,1944,32,4,644756,1319142,20632192,5276568,25908760,4,4,12,4,4,4,0,20,20,20260807,5,1,1,1,0,0,0,6503,0.270958,1,0.0015,0
2275,20234.5,9,0,2.18583,7.33004,0,0,0,9.51587,361,361,0,1,2.94392,2.94392,1830,367,0,1235,0,0,0,0,0,1339,1785.99,0.953667,29.338,168732,12,29433,486,465155,48,117732,1944,32,4,644756,1319142,20632192,5276568,25908760,4,4,12,4,4,4,0,20,20,20260807,5,1,1,1,0,0,0,6503,0.270958,1,0.0015,0
2276,20239.8,5,0,2.0615,3.12704,0,0,0,5.18854,361,361,0,1,2.94392,2.94392,1830,367,0,1235,0,0,0,0,0,1339,1785.99,0.953667,29.338,168732,12,29433,486,465155,48,117732,1944,32,4,644756,1319142,20632192,5276568,25908760,4,4,12,4,4,4,0,20,20,20260807,5,1,1,1,0,0,0,6503,0.270958,1,0.0015,0
2277,20252,13,0,2.58387,9.58313,0,0,0,12.167,361,361,0,1,2.94392,2.94392,1830,367,0,1235,0,0,0,0,0,1339,1785.99,0.953667,29.338,168732,12,29433,486,465155,48,117732,1944,32,4,644756,1319142,20632192,5276568,25908760,4,4,12,4,4,4,0,20,20,20260807,5,1,1,1,0,0,0,6503,0.270958,1,0.0015,0
2278,20268.4,16,0,2.09538,14.2393,0,0,0,16.3346,361,361,0,1,2.94392,2.94392,1830,367,0,1235,0,0,0,0,0,1339,1785.99,0.953667,29.338,168732,12,29433,486,465155,48,117732,1944,32,4,644756,1319142,20632192,5276568,25908760,4,4,12,4,4,4,0,20,20,20260807,5,1,1,1,0,0,0,6504,0.271,1,0.0015,1
2279,20274.4,6,0,2.13633,3.72942,0,0,0,5.86575,361,361,0,1,2.94392,2.94392,1830,367,0,1235,0,0,0,0,0,1339,1785.99,0.953667,29.338,168732,12,29433,486,465155,48,117732,1944,32,4,644756,1319142,20632192,5276568,25908760,4,4,12,4,4,4,0,20,20,20260807,5,1,1,1,0,0,0,6504,0.271,1,0.0015,0
2280,20285.3,11,0,2.33521,8.56342,0,0,0,10.8986,361,361,0,1,2.94392,2.94392,1830,367,0,1235,0,0,0,0,0,1339,1785.99,0.953667,29.338,168732,12,29433,486,465155,48,117732,1944,32,4,644756,1319142,20632192,5276568,25908760,4,4,12,4,4,4,0,20,20,20260807,5,1,1,1,0,0,0,6504,0.271,1,0.0015,0
2281,20301.7,16,0,2.48663,13.772,0,0,0,16.2586,361,361,0,1,2.94392,2.94392,1830,367,0,1235,0,0,0,0,0,1339,1785.99,0.953667,29.338,168732,12,29433,486,465155,48,117732,1944,32,4,644756,1319142,20632192,5276568,25908760,4,4,12,4,4,4,0,20,20,20260807,5,1,1,1,0,0,0,6504,0.271,1,0.0015,0
2282,20307.8,6,0,2.37454,3.66225,0,0,0,6.03679,361,361,0,1,2.94392,2.94392,1830,367,0,1235,0,0,0,0,0,1339,1785.99,0.953667,29.338,168732,12,29433,486,465155,48,117732,1944,32,4,644756,1319142,20632192,5276568,25908760,4,4,12,4,4,4,0,20,20,20260807,5,1,1,1,0,0,0,6504,0.271,1,0.0015,0
2283,20317.4,10,0,2.18858,7.32821,0,0,0,9.51679,361,361,0,1,2.94392,2.94392,1830,367,0,1235,0,0,0,0,0,1339,1785.99,0.953667,29.338,168732,12,29433,486,465155,48,117732,1944,32,4,644756,1319142,20632192,5276568,25908760,4,4,12,4,4,4,0,20,20,20260807,5,1,1,1,0,0,0,6505,0.271042,1,0.0015,1
2284,20323.3,6,0,2.35758,3.43683,0,0,0,5.79442,361,361,0,1,2.94392,2.94392,1830,367,0,1235,0,0,0,0,0,1339,1785.99,0.953667,29.338,168732,12,29433,486,465155,48,117732,1944,32,4,644756,1319142,20632192,5276568,25908760,4,4,12,4,4,4,0,20,20,20260807,5,1,1,1,0,0,0,6505,0.271042,1,0.0015,0
2285,20334.8,11,0,2.12783,9.32429,0,0,0,11.4521,361,361,0,1,2.94392,2.94392,1830,367,0,1235,0,0,0,0,0,1339,1785.99,0.953667,29.338,168732,12,29433,486,465155,48,117732,1944,32,4,644756,1319142,20632192,5276568,25908760,4,4,12,4,4,4,0,20,20,20260807,5,1,1,1,0,0,0,6505,0.271042,1,0.0015,0
2286,20341,7,0,2.26558,3.86837,0,0,0,6.13396,361,361,0,1,2.94392,2.94392,1830,367,0,1235,0,0,0,0,0,1339,1785.99,0.953667,29.338,168732,12,29433,486,465155,48,117732,1944,32,4,644756,1319142,20632192,5276568,25908760,4,4,12,4,4,4,0,20,20,20260807,5,1,1,1,0,0,0,6505,0.271042,1,0.0015,0
2287,20351.2,10,0,2.141,7.93025,0,0,0,10.0712,361,361,0,1,2.94392,2.94392,1830,367,0,1235,0,0,0,0,0,1339,1785.99,0.953667,29.338,168732,12,29433,486,465155,48,117732,1944,32,4,644756,1319142,20632192,5276568,25908760,4,4,12,4,4,4,0,20,20,20260807,5,1,1,1,0,0,0,6505,0.271042,1,0.0015,0
2288,20358.2,7,0,3.11417,3.69579,0,0,0,6.80996,361,361,0,1,2.94392,2.94392,1830,367,0,1235,0,0,0,0,0,1339,1785.99,0.953667,29.338,168732,12,29433,486,465155,48,117732,1944,32,4,644756,1319142,20632192,5276568,25908760,4,4,12,4,4,4,0,20,20,20260807,5,1,1,1,0,0,0,6505,0.271042,1,0.0015,0
2289,20368.2,10,0,2.22817,7.30704,0,0,0,9.53521,361,361,0,1,2.94392,2.94392,1830,367,0,1235,0,0,0,0,0,1339,1785.99,0.953667,29.338,168732,12,29433,486,465155,48,117732,1944,32,4,644756,1319142,20632192,5276568,25908760,4,4,12,4,4,4,0,20,20,20260807,5,1,1,1,0,0,0,6506,0.271083,1,0.0015,1
2290,20373.9,6,0,2.19404,3.48054,0,0,0,5.67458,361,361,0,1,2.94392,2.94392,1830,367,0,1235,0,0,0,0,0,1339,1785.99,0.953667,29.338,168732,12,29433,486,465155,48,117732,1944,32,4,644756,1319142,20632192,5276568,25908760,4,4,12,4,4,4,0,20,20,20260807,5,1,1,1,0,0,0,6506,0.271083,1,0.0015,0
2291,20384.9,11,0,2.23454,8.68721,0,0,0,10.9217,361,361,0,1,2.94392,2.94392,1830,367,0,1235,0,0,0,0,0,1339,1785.99,0.953667,29.338,168732,12,29433,486,465155,48,117732,1944,32,4,644756,1319142,20632192,5276568,25908760,4,4,12,4,4,4,0,20,20,20260807,5,1,1,1,0,0,0,6506,0.271083,1,0.0015,0
2292,20391,6,0,2.24437,3.68996,0,0,0,5.93433,361,361,0,1,2.94392,2.94392,1830,367,0,1235,0,0,0,0,0,1339,1785.99,0.953667,29.338,168732,12,29433,486,465155,48,117732,1944,32,4,644756,1319142,20632192,5276568,25908760,4,4,12,4,4,4,0,20,20,20260807,5,1,1,1,0,0,0,6506,0.271083,1,0.0015,0
2293,20401.5,10,0,2.38896,8.10337,0,0,0,10.4923,361,361,0,1,2.94392,2.94392,1830,367,0,1235,0,0,0,0,0,1339,1785.99,0.953667,29.338,168732,12,29433,486,465155,48,117732,1944,32,4,644756,1319142,20632192,5276568,25908760,4,4,12,4,4,4,0,20,20,20260807,5,1,1,1,0,0,0,6506,0.271083,1,0.0015,0
2294,20417.1,16,0,2.2585,13.2664,0,0,0,15.5249,361,361,0,1,2.94392,2.94392,1830,367,0,1235,0,0,0,0,0,1339,1785.99,0.953667,29.338,168732,12,29433,486,465155,48,117732,1944,32,4,644756,1319142,20632192,5276568,25908760,4,4,12,4,4,4,0,20,20,20260807,5,1,1,1,0,0,0,6506,0.271083,1,0.0015,0
2295,20423.2,6,0,2.62008,3.35304,0,0,0,5.97312,361,361,0,1,2.94392,2.94392,1830,367,0,1235,0,0,0,0,0,1339,1785.99,0.953667,29.338,168732,12,29433,486,465155,48,117732,1944,32,4,644756,1319142,20632192,5276568,25908760,4,4,12,4,4,4,0,20,20,20260807,5,1,1,1,0,0,0,6507,0.271125,1,0.0015,1
2296,20434.6,11,0,2.38671,8.91567,0,0,0,11.3024,361,361,0,1,2.94392,2.94392,1830,367,0,1235,0,0,0,0,0,1339,1785.99,0.953667,29.338,168732,12,29433,486,465155,48,117732,1944,32,4,644756,1319142,20632192,5276568,25908760,4,4,12,4,4,4,0,20,20,20260807,5,1,1,1,0,0,0,6507,0.271125,1,0.0015,0
2297,20440.7,6,0,2.22571,3.77637,0,0,0,6.00208,361,361,0,1,2.94392,2.94392,1830,367,0,1235,0,0,0,0,0,1339,1785.99,0.953667,29.338,168732,12,29433,486,465155,48,117732,1944,32,4,644756,1319142,20632192,5276568,25908760,4,4,12,4,4,4,0,20,20,20260807,5,1,1,1,0,0,0,6507,0.271125,1,0.0015,0
2298,20452.3,12,0,2.13662,9.45925,0,0,0,11.5959,361,361,0,1,2.94392,2.94392,1830,367,0,1235,0,0,0,0,0,1339,1785.99,0.953667,29.338,168732,12,29433,486,465155,48,117732,1944,32,4,644756,1319142,20632192,5276568,25908760,4,4,12,4,4,4,0,20,20,20260807,5,1,1,1,0,0,0,6507,0.271125,1,0.0015,0
2299,20458.4,6,0,2.20692,3.7635,0,0,0,5.97042,361,361,0,1,2.94392,2.94392,1830,367,0,1235,0,0,0,0,0,1339,1785.99,0.953667,29.338,168732,12,29433,486,465155,48,117732,1944,32,4,644756,1319142,20632192,5276568,25908760,4,4,12,4,4,4,0,20,20,20260807,5,1,1,1,0,0,0,6508,0.271167,1,0.0015,1
2300,20467.9,10,0,2.46146,7.00192,0,0,0,9.46337,361,361,0,1,2.94392,2.94392,1830,367,0,1235,0,0,0,0,0,1339,1785.99,0.953667,29.338,168732,12,29433,486,465155,48,117732,1944,32,4,644756,1319142,20632192,5276568,25908760,4,4,12,4,4,4,0,20,20,20260807,5,1,1,1,0,0,0,6508,0.271167,1,0.0015,0
2301,20475.5,7,0,2.33204,5.06175,0,0,0,7.39379,361,361,0,1,2.94392,2.94392,1830,367,0,1235,0,0,0,0,0,1339,1785.99,0.953667,29.338,168732,12,29433,486,465155,48,117732,1944,32,4,644756,1319142,20632192,5276568,25908760,4,4,12,4,4,4,0,20,20,20260807,5,1,1,1,0,0,0,6508,0.271167,1,0.0015,0
2302,20483.7,8,0,2.16571,6.0175,0,0,0,8.18321,361,361,0,1,2.94392,2.94392,1830,367,0,1235,0,0,0,0,0,1339,1785.99,0.953667,29.338,168732,12,29433,486,465155,48,117732,1944,32,4,644756,1319142,20632192,5276568,25908760,4,4,12,4,4,4,0,20,20,20260807,5,1,1,1,0,0,0,6508,0.271167,1,0.0015,0
2303,20494,11,0,6.47446,3.73792,0,0,0,10.2124,361,361,0,1,2.94392,2.94392,1830,367,0,1235,0,0,0,0,0,1339,1785.99,0.953667,29.338,168732,12,29433,486,465155,48,117732,1944,32,4,644756,1319142,20632192,5276568,25908760,4,4,12,4,4,4,0,20,20,20260807,5,1,1,1,0,0,0,6508,0.271167,1,0.0015,0
2304,20500.6,6,0,2.27221,4.23417,0,0,0,6.50638,361,361,0,1,2.94392,2.94392,1830,367,0,1235,0,0,0,0,0,1339,1785.99,0.953667,29.338,168732,12,29433,486,465155,48,117732,1944,32,4,644756,1319142,20632192,5276568,25908760,4,4,12,4,4,4,0,20,20,20260807,5,1,1,1,0,0,0,6508,0.271167,1,0.0015,0
2305,20506.3,6,0,2.43654,3.1775,0,0,0,5.61404,361,361,0,1,2.94392,2.94392,1830,367,0,1235,0,0,0,0,0,1339,1785.99,0.953667,29.338,168732,12,29433,486,465155,48,117732,1944,32,4,644756,1319142,20632192,5276568,25908760,4,4,12,4,4,4,0,20,20,20260807,5,1,1,1,0,0,0,6508,0.271167,1,0.0015,0
2306,20517.2,11,0,2.28863,8.57587,0,0,0,10.8645,361,361,0,1,2.94392,2.94392,1830,367,0,1235,0,0,0,0,0,1339,1785.99,0.953667,29.338,168732,12,29433,486,465155,48,117732,1944,32,4,644756,1319142,20632192,5276568,25908760,4,4,12,4,4,4,0,20,20,20260807,5,1,1,1,0,0,0,6509,0.271208,1,0.0015,1
2307,20523.7,6,0,2.19379,4.14146,0,0,0,6.33525,361,361,0,1,2.94392,2.94392,1830,367,0,1235,0,0,0,0,0,1339,1785.99,0.953667,29.338,168732,12,29433,486,465155,48,117732,1944,32,4,644756,1319142,20632192,5276568,25908760,4,4,12,4,4,4,0,20,20,20260807,5,1,1,1,0,0,0,6509,0.271208,1,0.0015,0
2308,20533.9,11,0,2.31663,7.87346,0,0,0,10.1901,361,361,0,1,2.94392,2.94392,1830,367,0,1235,0,0,0,0,0,1339,1785.99,0.953667,29.338,168732,12,29433,486,465155,48,117732,1944,32,4,644756,1319142,20632192,5276568,25908760,4,4,12,4,4,4,0,20,20,20260807,5,1,1,1,0,0,0,6509,0.271208,1,0.0015,0
2309,20541.5,7,0,2.23442,5.27212,0,0,0,7.50654,361,361,0,1,2.94392,2.94392,1830,367,0,1235,0,0,0,0,0,1339,1785.99,0.953667,29.338,168732,12,29433,486,465155,48,117732,1944,32,4,644756,1319142,20632192,5276568,25908760,4,4,12,4,4,4,0,20,20,20260807,5,1,1,1,0,0,0,6509,0.271208,1,0.0015,0
2310,20550.5,9,0,2.21275,6.70575,0,0,0,8.9185,361,361,0,1,2.94392,2.94392,1830,367,0,1235,0,0,0,0,0,1339,1785.99,0.953667,29.338,168732,12,29433,486,465155,48,117732,1944,32,4,644756,1319142,20632192,5276568,25908760,4,4,12,4,4,4,0,20,20,20260807,5,1,1,1,0,0,0,6509,0.271208,1,0.0015,0
2311,20556.7,6,0,2.20138,3.86375,0,0,0,6.06513,361,361,0,1,2.94392,2.94392,1830,367,0,1235,0,0,0,0,0,1339,1785.99,0.953667,29.338,168732,12,29433,486,465155,48,117732,1944,32,4,644756,1319142,20632192,5276568,25908760,4,4,12,4,4,4,0,20,20,20260807,5,1,1,1,0,0,0,6509,0.271208,1,0.0015,0
2312,20567.1,11,0,2.27396,8.11246,0,0,0,10.3864,361,361,0,1,2.94392,2.94392,1830,367,0,1235,0,0,0,0,0,1339,1785.99,0.953667,29.338,168732,12,29433,486,465155,48,117732,1944,32,4,644756,1319142,20632192,5276568,25908760,4,4,12,4,4,4,0,20,20,20260807,5,1,1,1,0,0,0,6510,0.27125,1,0.0015,1
2313,20573.2,6,0,2.14162,3.85133,0,0,0,5.99296,361,361,0,1,2.94392,2.94392,1830,367,0,1235,0,0,0,0,0,1339,1785.99,0.953667,29.338,168732,12,29433,486,465155,48,117732,1944,32,4,644756,1319142,20632192,5276568,25908760,4,4,12,4,4,4,0,20,20,20260807,5,1,1,1,0,0,0,6510,0.27125,1,0.0015,0
2314,20584.2,11,0,2.32083,8.59262,0,0,0,10.9135,361,361,0,1,2.94392,2.94392,1830,367,0,1235,0,0,0,0,0,1339,1785.99,0.953667,29.338,168732,12,29433,486,465155,48,117732,1944,32,4,644756,1319142,20632192,5276568,25908760,4,4,12,4,4,4,0,20,20,20260807,5,1,1,1,0,0,0,6510,0.27125,1,0.0015,0
2315,20590.1,6,0,2.28575,3.53233,0,0,0,5.81808,361,361,0,1,2.94392,2.94392,1830,367,0,1235,0,0,0,0,0,1339,1785.99,0.953667,29.338,168732,12,29433,486,465155,48,117732,1944,32,4,644756,1319142,20632192,5276568,25908760,4,4,12,4,4,4,0,20,20,20260807,5,1,1,1,0,0,0,6510,0.27125,1,0.0015,0
2316,20601,11,0,3.101,7.67996,0,0,0,10.781,361,361,0,1,2.94392,2.94392,1830,367,0,1235,0,0,0,0,0,1339,1785.99,0.953667,29.338,168732,12,29433,486,465155,48,117732,1944,32,4,644756,1319142,20632192,5276568,25908760,4,4,12,4,4,4,0,20,20,20260807,5,1,1,1,0,0,0,6510,0.27125,1,0.0015,0
2317,20607.8,6,0,2.3015,4.37838,0,0,0,6.67988,361,361,0,1,2.94392,2.94392,1830,367,0,1235,0,0,0,0,0,1339,1785.99,0.953667,29.338,168732,12,29433,486,465155,48,117732,1944,32,4,644756,1319142,20632192,5276568,25908760,4,4,12,4,4,4,0,20,20,20260807,5,1,1,1,0,0,0,6510,0.27125,1,0.0015,0
2318,20617.3,10,0,2.06579,7.39333,0,0,0,9.45913,361,361,0,1,2.94392,2.94392,1830,367,0,1235,0,0,0,0,0,1339,1785.99,0.953667,29.338,168732,12,29433,486,465155,48,117732,1944,32,4,644756,1319142,20632192,5276568,25908760,4,4,12,4,4,4,0,20,20,20260807,5,1,1,1,0,0,0,6511,0.271292,1,0.0015,1
2319,20624.5,7,0,2.18246,4.96713,0,0,0,7.14958,361,361,0,1,2.94392,2.94392,1830,367,0,1235,0,0,0,0,0,1339,1785.99,0.953667,29.338,168732,12,29433,486,465155,48,117732,1944,32,4,644756,1319142,20632192,5276568,25908760,4,4,12,4,4,4,0,20,20,20260807,5,1,1,1,0,0,0,6511,0.271292,1,0.0015,0
2320,20635.1,11,0,2.15388,8.37438,0,0,0,10.5282,361,361,0,1,2.94392,2.94392,1830,367,0,1235,0,0,0,0,0,1339,1785.99,0.953667,29.338,168732,12,29433,486,465155,48,117732,1944,32,4,644756,1319142,20632192,5276568,25908760,4,4,12,4,4,4,0,20,20,20260807,5,1,1,1,0,0,0,6511,0.271292,1,0.0015,0
2321,20641.2,6,0,2.28679,3.66475,0,0,0,5.95154,361,361,0,1,2.94392,2.94392,1830,367,0,1235,0,0,0,0,0,1339,1785.99,0.953667,29.338,168732,12,29433,486,465155,48,117732,1944,32,4,644756,1319142,20632192,5276568,25908760,4,4,12,4,4,4,0,20,20,20260807,5,1,1,1,0,0,0,6511,0.271292,1,0.0015,0
2322,20651.3,10,0,2.20233,7.89167,0,0,0,10.094,361,361,0,1,2.94392,2.94392,1830,367,0,1235,0,0,0,0,0,1339,1785.99,0.953667,29.338,168732,12,29433,486,465155,48,117732,1944,32,4,644756,1319142,20632192,5276568,25908760,4,4,12,4,4,4,0,20,20,20260807,5,1,1,1,0,0,0,6511,0.271292,1,0.0015,0
2323,20657.4,6,0,2.37021,3.61492,0,0,0,5.98513,361,361,0,1,2.94392,2.94392,1830,367,0,1235,0,0,0,0,0,1339,1785.99,0.953667,29.338,168732,12,29433,486,465155,48,117732,1944,32,4,644756,1319142,20632192,5276568,25908760,4,4,12,4,4,4,0,20,20,20260807,5,1,1,1,0,0,0,6511,0.271292,1,0.0015,0
2324,20668.5,12,0,2.27629,8.69771,0,0,0,10.974,361,361,0,1,2.94392,2.94392,1830,367,0,1235,0,0,0,0,0,1339,1785.99,0.953667,29.338,168732,12,29433,486,465155,48,117732,1944,32,4,644756,1319142,20632192,5276568,25908760,4,4,12,4,4,4,0,20,20,20260807,5,1,1,1,0,0,0,6512,0.271333,1,0.0015,1
2325,20674.1,6,0,2.17775,3.37396,0,0,0,5.55171,361,361,0,1,2.94392,2.94392,1830,367,0,1235,0,0,0,0,0,1339,1785.99,0.953667,29.338,168732,12,29433,486,465155,48,117732,1944,32,4,644756,1319142,20632192,5276568,25908760,4,4,12,4,4,4,0,20,20,20260807,5,1,1,1,0,0,0,6512,0.271333,1,0.0015,0
2326,20684.8,11,0,2.14242,8.51475,0,0,0,10.6572,361,361,0,1,2.94392,2.94392,1830,367,0,1235,0,0,0,0,0,1339,1785.99,0.953667,29.338,168732,12,29433,486,465155,48,117732,1944,32,4,644756,1319142,20632192,5276568,25908760,4,4,12,4,4,4,0,20,20,20260807,5,1,1,1,0,0,0,6512,0.271333,1,0.0015,0
2327,20691.9,7,0,2.425,4.58008,0,0,0,7.00508,361,361,0,1,2.94392,2.94392,1830,367,0,1235,0,0,0,0,0,1339,1785.99,0.953667,29.338,168732,12,29433,486,465155,48,117732,1944,32,4,644756,1319142,20632192,5276568,25908760,4,4,12,4,4,4,0,20,20,20260807,5,1,1,1,0,0,0,6512,0.271333,1,0.0015,0
2328,20701.2,9,0,2.11704,7.14042,0,0,0,9.25746,361,361,0,1,2.94392,2.94392,1830,367,0,1235,0,0,0,0,0,1339,1785.99,0.953667,29.338,168732,12,29433,486,465155,48,117732,1944,32,4,644756,1319142,20632192,5276568,25908760,4,4,12,4,4,4,0,20,20,20260807,5,1,1,1,0,0,0,6512,0.271333,1,0.0015,0
2329,20708.1,7,0,2.25925,4.53383,0,0,0,6.79308,361,361,0,1,2.94392,2.94392,1830,367,0,1235,0,0,0,0,0,1339,1785.99,0.953667,29.338,168732,12,29433,486,465155,48,117732,1944,32,4,644756,1319142,20632192,5276568,25908760,4,4,12,4,4,4,0,20,20,20260807,5,1,1,1,0,0,0,6513,0.271375,1,0.0015,1
2330,20717.3,9,0,2.14796,6.98375,0,0,0,9.13171,361,361,0,1,2.94392,2.94392,1830,367,0,1235,0,0,0,0,0,1339,1785.99,0.953667,29.338,168732,12,29433,486,465155,48,117732,1944,32,4,644756,1319142,20632192,5276568,25908760,4,4,12,4,4,4,0,20,20,20260807,5,1,1,1,0,0,0,6513,0.271375,1,0.0015,0
2331,20723.7,6,0,2.19775,4.03983,0,0,0,6.23758,361,361,0,1,2.94392,2.94392,1830,367,0,1235,0,0,0,0,0,1339,1785.99,0.953667,29.338,168732,12,29433,486,465155,48,117732,1944,32,4,644756,1319142,20632192,5276568,25908760,4,4,12,4,4,4,0,20,20,20260807,5,1,1,1,0,0,0,6513,0.271375,1,0.0015,0
2332,20734.2,11,0,2.20396,8.27633,0,0,0,10.4803,361,361,0,1,2.94392,2.94392,1830,367,0,1235,0,0,0,0,0,1339,1785.99,0.953667,29.338,168732,12,29433,486,465155,48,117732,1944,32,4,644756,1319142,20632192,5276568,25908760,4,4,12,4,4,4,0,20,20,20260807,5,1,1,1,0,0,0,6513,0.271375,1,0.0015,0
2333,20739.7,5,0,2.24092,3.14329,0,0,0,5.38421,361,361,0,1,2.94392,2.94392,1830,367,0,1235,0,0,0,0,0,1339,1785.99,0.953667,29.338,168732,12,29433,486,465155,48,117732,1944,32,4,644756,1319142,20632192,5276568,25908760,4,4,12,4,4,4,0,20,20,20260807,5,1,1,1,0,0,0,6513,0.271375,1,0.0015,0
2334,20750.7,11,0,2.42333,8.50846,0,0,0,10.9318,361,361,0,1,2.94392,2.94392,1830,367,0,1235,0,0,0,0,0,1339,1785.99,0.953667,29.338,168732,12,29433,486,465155,48,117732,1944,32,4,644756,1319142,20632192,5276568,25908760,4,4,12,4,4,4,0,20,20,20260807,5,1,1,1,0,0,0,6513,0.271375,1,0.0015,0
2335,20757.6,7,0,2.33004,4.51,0,0,0,6.84004,361,361,0,1,2.94392,2.94392,1830,367,0,1235,0,0,0,0,0,1339,1785.99,0.953667,29.338,168732,12,29433,486,465155,48,117732,1944,32,4,644756,1319142,20632192,5276568,25908760,4,4,12,4,4,4,0,20,20,20260807,5,1,1,1,0,0,0,6513,0.271375,1,0.0015,0
2336,20767.2,10,0,2.13054,7.36996,0,0,0,9.5005,361,361,0,1,2.94392,2.94392,1830,367,0,1235,0,0,0,0,0,1339,1785.99,0.953667,29.338,168732,12,29433,486,465155,48,117732,1944,32,4,644756,1319142,20632192,5276568,25908760,4,4,12,4,4,4,0,20,20,20260807,5,1,1,1,0,0,0,6514,0.271417,1,0.0015,1
2337,20773.2,6,0,2.27567,3.67488,0,0,0,5.95054,361,361,0,1,2.94392,2.94392,1830,367,0,1235,0,0,0,0,0,1339,1785.99,0.953667,29.338,168732,12,29433,486,465155,48,117732,1944,32,4,644756,1319142,20632192,5276568,25908760,4,4,12,4,4,4,0,20,20,20260807,5,1,1,1,0,0,0,6514,0.271417,1,0.0015,0
2338,20784.1,11,0,2.13313,8.36642,0,0,0,10.4995,361,361,0,1,2.94392,2.94392,1830,367,0,1235,0,0,0,0,0,1339,1785.99,0.953667,29.338,168732,12,29433,486,465155,48,117732,1944,32,4,644756,1319142,20632192,5276568,25908760,4,4,12,4,4,4,0,20,20,20260807,5,1,1,1,0,0,0,6514,0.271417,1,0.0015,0
2339,20790.7,6,0,2.26929,4.2485,0,0,0,6.51779,361,361,0,1,2.94392,2.94392,1830,367,0,1235,0,0,0,0,0,1339,1785.99,0.953667,29.338,168732,12,29433,486,465155,48,117732,1944,32,4,644756,1319142,20632192,5276568,25908760,4,4,12,4,4,4,0,20,20,20260807,5,1,1,1,0,0,0,6514,0.271417,1,0.0015,0
2340,20800.3,10,0,2.18208,7.34008,0,0,0,9.52217,361,361,0,1,2.94392,2.94392,1830,367,0,1235,0,0,0,0,0,1339,1785.99,0.953667,29.338,168732,12,29433,486,465155,48,117732,1944,32,4,644756,1319142,20632192,5276568,25908760,4,4,12,4,4,4,0,20,20,20260807,5,1,1,1,0,0,0,6514,0.271417,1,0.0015,0
2341,20806.6,6,0,2.06792,4.17579,0,0,0,6.24371,361,361,0,1,2.94392,2.94392,1830,367,0,1235,0,0,0,0,0,1339,1785.99,0.953667,29.338,168732,12,29433,486,465155,48,117732,1944,32,4,644756,1319142,20632192,5276568,25908760,4,4,12,4,4,4,0,20,20,20260807,5,1,1,1,0,0,0,6514,0.271417,1,0.0015,0
2342,20817.1,11,0,2.39217,8.02487,0,0,0,10.417,361,361,0,1,2.94392,2.94392,1830,367,0,1235,0,0,0,0,0,1339,1785.99,0.953667,29.338,168732,12,29433,486,465155,48,117732,1944,32,4,644756,1319142,20632192,5276568,25908760,4,4,12,4,4,4,0,20,20,20260807,5,1,1,1,0,0,0,6515,0.271458,1,0.0015,1
2343,20823.3,6,0,2.078,3.98729,0,0,0,6.06529,361,361,0,1,2.94392,2.94392,1830,367,0,1235,0,0,0,0,0,1339,1785.99,0.953667,29.338,168732,12,29433,486,465155,48,117732,1944,32,4,644756,1319142,20632192,5276568,25908760,4,4,12,4,4,4,0,20,20,20260807,5,1,1,1,0,0,0,6515,0.271458,1,0.0015,0
2344,20833.7,10,0,2.28029,8.08338,0,0,0,10.3637,361,361,0,1,2.94392,2.94392,1830,367,0,1235,0,0,0,0,0,1339,1785.99,0.953667,29.338,168732,12,29433,486,465155,48,117732,1944,32,4,644756,1319142,20632192,5276568,25908760,4,4,12,4,4,4,0,20,20,20260807,5,1,1,1,0,0,0,6515,0.271458,1,0.0015,0
2345,20840.2,7,0,2.17142,4.24258,0,0,0,6.414,361,361,0,1,2.94392,2.94392,1830,367,0,1235,0,0,0,0,0,1339,1785.99,0.953667,29.338,168732,12,29433,486,465155,48,117732,1944,32,4,644756,1319142,20632192,5276568,25908760,4,4,12,4,4,4,0,20,20,20260807,5,1,1,1,0,0,0,6515,0.271458,1,0.0015,0
2346,20850.4,10,0,2.17321,7.93596,0,0,0,10.1092,361,361,0,1,2.94392,2.94392,1830,367,0,1235,0,0,0,0,0,1339,1785.99,0.953667,29.338,168732,12,29433,486,465155,48,117732,1944,32,4,644756,1319142,20632192,5276568,25908760,4,4,12,4,4,4,0,20,20,20260807,5,1,1,1,0,0,0,6515,0.271458,1,0.0015,0
2347,20856.5,6,0,2.21008,3.82871,0,0,0,6.03879,361,361,0,1,2.94392,2.94392,1830,367,0,1235,0,0,0,0,0,1339,1785.99,0.953667,29.338,168732,12,29433,486,465155,48,117732,1944,32,4,644756,1319142,20632192,5276568,25908760,4,4,12,4,4,4,0,20,20,20260807,5,1,1,1,0,0,0,6515,0.271458,1,0.0015,0
2348,20867.2,11,0,2.23013,8.30083,0,0,0,10.531,361,361,0,1,2.94392,2.94392,1830,367,0,1235,0,0,0,0,0,1339,1785.99,0.953667,29.338,168732,12,29433,486,465155,48,117732,1944,32,4,644756,1319142,20632192,5276568,25908760,4,4,12,4,4,4,0,20,20,20260807,5,1,1,1,0,0,0,6516,0.2715,1,0.0015,1
2349,20873.5,6,0,2.2025,4.08263,0,0,0,6.28512,361,361,0,1,2.94392,2.94392,1830,367,0,1235,0,0,0,0,0,1339,1785.99,0.953667,29.338,168732,12,29433,486,465155,48,117732,1944,32,4,644756,1319142,20632192,5276568,25908760,4,4,12,4,4,4,0,20,20,20260807,5,1,1,1,0,0,0,6516,0.2715,1,0.0015,0
2350,20883.9,11,0,2.23362,8.10342,0,0,0,10.337,361,361,0,1,2.94392,2.94392,1830,367,0,1235,0,0,0,0,0,1339,1785.99,0.953667,29.338,168732,12,29433,486,465155,48,117732,1944,32,4,644756,1319142,20632192,5276568,25908760,4,4,12,4,4,4,0,20,20,20260807,5,1,1,1,0,0,0,6516,0.2715,1,0.0015,0
2351,20890.3,6,0,2.23146,4.03533,0,0,0,6.26679,361,361,0,1,2.94392,2.94392,1830,367,0,1235,0,0,0,0,0,1339,1785.99,0.953667,29.338,168732,12,29433,486,465155,48,117732,1944,32,4,644756,1319142,20632192,5276568,25908760,4,4,12,4,4,4,0,20,20,20260807,5,1,1,1,0,0,0,6516,0.2715,1,0.0015,0
2352,20901.2,11,0,2.30379,8.48038,0,0,0,10.7842,361,361,0,1,2.94392,2.94392,1830,367,0,1235,0,0,0,0,0,1339,1785.99,0.953667,29.338,168732,12,29433,486,465155,48,117732,1944,32,4,644756,1319142,20632192,5276568,25908760,4,4,12,4,4,4,0,20,20,20260807,5,1,1,1,0,0,0,6516,0.2715,1,0.0015,0
2353,20907.2,6,0,2.3095,3.61863,0,0,0,5.92812,361,361,0,1,2.94392,2.94392,1830,367,0,1235,0,0,0,0,0,1339,1785.99,0.953667,29.338,168732,12,29433,486,465155,48,117732,1944,32,4,644756,1319142,20632192,5276568,25908760,4,4,12,4,4,4,0,20,20,20260807,5,1,1,1,0,0,0,6517,0.271542,1,0.0015,1
2354,20917,10,0,2.219,7.57646,0,0,0,9.79546,361,361,0,1,2.94392,2.94392,1830,367,0,1235,0,0,0,0,0,1339,1785.99,0.953667,29.338,168732,12,29433,486,465155,48,117732,1944,32,4,644756,1319142,20632192,5276568,25908760,4,4,12,4,4,4,0,20,20,20260807,5,1,1,1,0,0,0,6517,0.271542,1,0.0015,0
2355,20924.1,7,0,2.01833,4.96992,0,0,0,6.98825,361,361,0,1,2.94392,2.94392,1830,367,0,1235,0,0,0,0,0,1339,1785.99,0.953667,29.338,168732,12,29433,486,465155,48,117732,1944,32,4,644756,1319142,20632192,5276568,25908760,4,4,12,4,4,4,0,20,20,20260807,5,1,1,1,0,0,0,6517,0.271542,1,0.0015,0
2356,20934,10,0,2.20271,7.61483,0,0,0,9.81754,361,361,0,1,2.94392,2.94392,1830,367,0,1235,0,0,0,0,0,1339,1785.99,0.953667,29.338,168732,12,29433,486,465155,48,117732,1944,32,4,644756,1319142,20632192,5276568,25908760,4,4,12,4,4,4,0,20,20,20260807,5,1,1,1,0,0,0,6517,0.271542,1,0.0015,0
2357,20939.6,5,0,2.31829,3.20446,0,0,0,5.52275,361,361,0,1,2.94392,2.94392,1830,367,0,1235,0,0,0,0,0,1339,1785.99,0.953667,29.338,168732,12,29433,486,465155,48,117732,1944,32,4,644756,1319142,20632192,5276568,25908760,4,4,12,4,4,4,0,20,20,20260807,5,1,1,1,0,0,0,6517,0.271542,1,0.0015,0
2358,20950.6,11,0,2.29867,8.60046,0,0,0,10.8991,361,361,0,1,2.94392,2.94392,1830,367,0,1235,0,0,0,0,0,1339,1785.99,0.953667,29.338,168732,12,29433,486,465155,48,117732,1944,32,4,644756,1319142,20632192,5276568,25908760,4,4,12,4,4,4,0,20,20,20260807,5,1,1,1,0,0,0,6517,0.271542,1,0.0015,0
2359,20956.9,7,0,2.18063,4.03142,0,0,0,6.21204,361,361,0,1,2.94392,2.94392,1830,367,0,1235,0,0,0,0,0,1339,1785.99,0.953667,29.338,168732,12,29433,486,465155,48,117732,1944,32,4,644756,1319142,20632192,5276568,25908760,4,4,12,4,4,4,0,20,20,20260807,5,1,1,1,0,0,0,6517,0.271542,1,0.0015,0
2360,20967.1,10,0,2.207,7.95096,0,0,0,10.158,361,361,0,1,2.94392,2.94392,1830,367,0,1235,0,0,0,0,0,1339,1785.99,0.953667,29.338,168732,12,29433,486,465155,48,117732,1944,32,4,644756,1319142,20632192,5276568,25908760,4,4,12,4,4,4,0,20,20,20260807,5,1,1,1,0,0,0,6518,0.271583,1,0.0015,1
2361,20973.8,6,0,2.25029,4.30546,0,0,0,6.55575,361,361,0,1,2.94392,2.94392,1830,367,0,1235,0,0,0,0,0,1339,1785.99,0.953667,29.338,168732,12,29433,486,465155,48,117732,1944,32,4,644756,1319142,20632192,5276568,25908760,4,4,12,4,4,4,0,20,20,20260807,5,1,1,1,0,0,0,6518,0.271583,1,0.0015,0
2362,20984,11,0,2.23479,7.92863,0,0,0,10.1634,361,361,0,1,2.94392,2.94392,1830,367,0,1235,0,0,0,0,0,1339,1785.99,0.953667,29.338,168732,12,29433,486,465155,48,117732,1944,32,4,644756,1319142,20632192,5276568,25908760,4,4,12,4,4,4,0,20,20,20260807,5,1,1,1,0,0,0,6518,0.271583,1,0.0015,0
2363,20990.5,6,0,2.23654,4.19704,0,0,0,6.43358,361,361,0,1,2.94392,2.94392,1830,367,0,1235,0,0,0,0,0,1339,1785.99,0.953667,29.338,168732,12,29433,486,465155,48,117732,1944,32,4,644756,1319142,20632192,5276568,25908760,4,4,12,4,4,4,0,20,20,20260807,5,1,1,1,0,0,0,6518,0.271583,1,0.0015,0
2364,21000.6,10,0,2.37613,7.56529,0,0,0,9.94142,361,361,0,1,2.94392,2.94392,1830,367,0,1235,0,0,0,0,0,1339,1785.99,0.953667,29.338,168732,12,29433,486,465155,48,117732,1944,32,4,644756,1319142,20632192,5276568,25908760,4,4,12,4,4,4,0,20,20,20260807,5,1,1,1,0,0,0,6518,0.271583,1,0.0015,0
2365,21009.8,9,0,2.14158,6.97692,0,0,0,9.1185,361,361,0,1,2.94392,2.94392,1830,367,0,1235,0,0,0,0,0,1339,1785.99,0.953667,29.338,168732,12,29433,486,465155,48,117732,1944,32,4,644756,1319142,20632192,5276568,25908760,4,4,12,4,4,4,0,20,20,20260807,5,1,1,1,0,0,0,6518,0.271583,1,0.0015,0
2366,21017.5,8,0,2.04908,5.59021,0,0,0,7.63929,361,361,0,1,2.94392,2.94392,1830,367,0,1235,0,0,0,0,0,1339,1785.99,0.953667,29.338,168732,12,29433,486,465155,48,117732,1944,32,4,644756,1319142,20632192,5276568,25908760,4,4,12,4,4,4,0,20,20,20260807,5,1,1,1,0,0,0,6519,0.271625,1,0.0015,1
2367,21023.3,6,0,2.17663,3.59933,0,0,0,5.77596,361,361,0,1,2.94392,2.94392,1830,367,0,1235,0,0,0,0,0,1339,1785.99,0.953667,29.338,168732,12,29433,486,465155,48,117732,1944,32,4,644756,1319142,20632192,5276568,25908760,4,4,12,4,4,4,0,20,20,20260807,5,1,1,1,0,0,0,6519,0.271625,1,0.0015,0
2368,21033.8,11,0,2.29421,8.07579,0,0,0,10.37,361,361,0,1,2.94392,2.94392,1830,367,0,1235,0,0,0,0,0,1339,1785.99,0.953667,29.338,168732,12,29433,486,465155,48,117732,1944,32,4,644756,1319142,20632192,5276568,25908760,4,4,12,4,4,4,0,20,20,20260807,5,1,1,1,0,0,0,6519,0.271625,1,0.0015,0
2369,21040.3,6,0,2.148,4.22912,0,0,0,6.37713,361,361,0,1,2.94392,2.94392,1830,367,0,1235,0,0,0,0,0,1339,1785.99,0.953667,29.338,168732,12,29433,486,465155,48,117732,1944,32,4,644756,1319142,20632192,5276568,25908760,4,4,12,4,4,4,0,20,20,20260807,5,1,1,1,0,0,0,6519,0.271625,1,0.0015,0
2370,21050.6,10,0,2.13858,8.08758,0,0,0,10.2262,361,361,0,1,2.94392,2.94392,1830,367,0,1235,0,0,0,0,0,1339,1785.99,0.953667,29.338,168732,12,29433,486,465155,48,117732,1944,32,4,644756,1319142,20632192,5276568,25908760,4,4,12,4,4,4,0,20,20,20260807,5,1,1,1,0,0,0,6519,0.271625,1,0.0015,0
2371,21056.7,6,0,2.1235,3.93958,0,0,0,6.06308,361,361,0,1,2.94392,2.94392,1830,367,0,1235,0,0,0,0,0,1339,1785.99,0.953667,29.338,168732,12,29433,486,465155,48,117732,1944,32,4,644756,1319142,20632192,5276568,25908760,4,4,12,4,4,4,0,20,20,20260807,5,1,1,1,0,0,0,6519,0.271625,1,0.0015,0
2372,21067.4,11,0,2.2715,8.34767,0,0,0,10.6192,361,361,0,1,2.94392,2.94392,1830,367,0,1235,0,0,0,0,0,1339,1785.99,0.953667,29.338,168732,12,29433,486,465155,48,117732,1944,32,4,644756,1319142,20632192,5276568,25908760,4,4,12,4,4,4,0,20,20,20260807,5,1,1,1,0,0,0,6520,0.271667,1,0.0015,1
2373,21073.6,6,0,2.18571,3.89821,0,0,0,6.08392,361,361,0,1,2.94392,2.94392,1830,367,0,1235,0,0,0,0,0,1339,1785.99,0.953667,29.338,168732,12,29433,486,465155,48,117732,1944,32,4,644756,1319142,20632192,5276568,25908760,4,4,12,4,4,4,0,20,20,20260807,5,1,1,1,0,0,0,6520,0.271667,1,0.0015,0
2374,21084,11,0,2.257,8.05633,0,0,0,10.3133,361,361,0,1,2.94392,2.94392,1830,367,0,1235,0,0,0,0,0,1339,1785.99,0.953667,29.338,168732,12,29433,486,465155,48,117732,1944,32,4,644756,1319142,20632192,5276568,25908760,4,4,12,4,4,4,0,20,20,20260807,5,1,1,1,0,0,0,6520,0.271667,1,0.0015,0
2375,21090.4,6,0,2.193,4.08371,0,0,0,6.27671,361,361,0,1,2.94392,2.94392,1830,367,0,1235,0,0,0,0,0,1339,1785.99,0.953667,29.338,168732,12,29433,486,465155,48,117732,1944,32,4,644756,1319142,20632192,5276568,25908760,4,4,12,4,4,4,0,20,20,20260807,5,1,1,1,0,0,0,6520,0.271667,1,0.0015,0
2376,21101.9,12,0,2.22117,9.21967,0,0,0,11.4408,361,361,0,1,2.94392,2.94392,1830,367,0,1235,0,0,0,0,0,1339,1785.99,0.953667,29.338,168732,12,29433,486,465155,48,117732,1944,32,4,644756,1319142,20632192,5276568,25908760,4,4,12,4,4,4,0,20,20,20260807,5,1,1,1,0,0,0,6520,0.271667,1,0.0015,0
2377,21108,6,0,2.28788,3.75154,0,0,0,6.03942,361,361,0,1,2.94392,2.94392,1830,367,0,1235,0,0,0,0,0,1339,1785.99,0.953667,29.338,168732,12,29433,486,465155,48,117732,1944,32,4,644756,1319142,20632192,5276568,25908760,4,4,12,4,4,4,0,20,20,20260807,5,1,1,1,0,0,0,6521,0.271708,1,0.0015,1
2378,21117.8,10,0,2.30192,7.41463,0,0,0,9.71654,361,361,0,1,2.94392,2.94392,1830,367,0,1235,0,0,0,0,0,1339,1785.99,0.953667,29.338,168732,12,29433,486,465155,48,117732,1944,32,4,644756,1319142,20632192,5276568,25908760,4,4,12,4,4,4,0,20,20,20260807,5,1,1,1,0,0,0,6521,0.271708,1,0.0015,0
2379,21123.7,5,0,2.18521,3.6515,0,0,0,5.83671,361,361,0,1,2.94392,2.94392,1830,367,0,1235,0,0,0,0,0,1339,1785.99,0.953667,29.338,168732,12,29433,486,465155,48,117732,1944,32,4,644756,1319142,20632192,5276568,25908760,4,4,12,4,4,4,0,20,20,20260807,5,1,1,1,0,0,0,6521,0.271708,1,0.0015,0
2380,21134.2,11,0,2.29633,8.06708,0,0,0,10.3634,361,361,0,1,2.94392,2.94392,1830,367,0,1235,0,0,0,0,0,1339,1785.99,0.953667,29.338,168732,12,29433,486,465155,48,117732,1944,32,4,644756,1319142,20632192,5276568,25908760,4,4,12,4,4,4,0,20,20,20260807,5,1,1,1,0,0,0,6521,0.271708,1,0.0015,0
2381,21140.3,6,0,2.30267,3.80012,0,0,0,6.10279,361,361,0,1,2.94392,2.94392,1830,367,0,1235,0,0,0,0,0,1339,1785.99,0.953667,29.338,168732,12,29433,486,465155,48,117732,1944,32,4,644756,1319142,20632192,5276568,25908760,4,4,12,4,4,4,0,20,20,20260807,5,1,1,1,0,0,0,6521,0.271708,1,0.0015,0
2382,21150.6,10,0,2.29817,7.87688,0,0,0,10.175,361,361,0,1,2.94392,2.94392,1830,367,0,1235,0,0,0,0,0,1339,1785.99,0.953667,29.338,168732,12,29433,486,465155,48,117732,1944,32,4,644756,1319142,20632192,5276568,25908760,4,4,12,4,4,4,0,20,20,20260807,5,1,1,1,0,0,0,6521,0.271708,1,0.0015,0
2383,21156.8,7,0,2.27921,3.87717,0,0,0,6.15637,361,361,0,1,2.94392,2.94392,1830,367,0,1235,0,0,0,0,0,1339,1785.99,0.953667,29.338,168732,12,29433,486,465155,48,117732,1944,32,4,644756,1319142,20632192,5276568,25908760,4,4,12,4,4,4,0,20,20,20260807,5,1,1,1,0,0,0,6521,0.271708,1,0.0015,0
2384,21168,11,0,2.25937,8.78079,0,0,0,11.0402,361,361,0,1,2.94392,2.94392,1830,367,0,1235,0,0,0,0,0,1339,1785.99,0.953667,29.338,168732,12,29433,486,465155,48,117732,1944,32,4,644756,1319142,20632192,5276568,25908760,4,4,12,4,4,4,0,20,20,20260807,5,1,1,1,0,0,0,6522,0.27175,1,0.0015,1
2385,21176.4,8,0,3.96475,4.39704,0,0,0,8.36179,361,361,0,1,2.94392,2.94392,1830,367,0,1235,0,0,0,0,0,1339,1785.99,0.953667,29.338,168732,12,29433,486,465155,48,117732,1944,32,4,644756,1319142,20632192,5276568,25908760,4,4,12,4,4,4,0,20,20,20260807,5,1,1,1,0,0,0,6522,0.27175,1,0.0015,0
2386,21183.9,8,0,2.43367,4.951,0,0,0,7.38467,361,361,0,1,2.94392,2.94392,1830,367,0,1235,0,0,0,0,0,1339,1785.99,0.953667,29.338,168732,12,29433,486,465155,48,117732,1944,32,4,644756,1319142,20632192,5276568,25908760,4,4,12,4,4,4,0,20,20,20260807,5,1,1,1,0,0,0,6522,0.27175,1,0.0015,0
2387,21189.8,5,0,2.28163,3.52096,0,0,0,5.80258,361,361,0,1,2.94392,2.94392,1830,367,0,1235,0,0,0,0,0,1339,1785.99,0.953667,29.338,168732,12,29433,486,465155,48,117732,1944,32,4,644756,1319142,20632192,5276568,25908760,4,4,12,4,4,4,0,20,20,20260807,5,1,1,1,0,0,0,6522,0.27175,1,0.0015,0
2388,21201.2,12,0,2.34992,8.9425,0,0,0,11.2924,361,361,0,1,2.94392,2.94392,1830,367,0,1235,0,0,0,0,0,1339,1785.99,0.953667,29.338,168732,12,29433,486,465155,48,117732,1944,32,4,644756,1319142,20632192,5276568,25908760,4,4,12,4,4,4,0,20,20,20260807,5,1,1,1,0,0,0,6522,0.27175,1,0.0015,0
2389,21207.5,6,0,2.28638,3.95538,0,0,0,6.24175,361,361,0,1,2.94392,2.94392,1830,367,0,1235,0,0,0,0,0,1339,1785.99,0.953667,29.338,168732,12,29433,486,465155,48,117732,1944,32,4,644756,1319142,20632192,5276568,25908760,4,4,12,4,4,4,0,20,20,20260807,5,1,1,1,0,0,0,6523,0.271792,1,0.0015,1
2390,21217.8,10,0,2.10046,8.11192,0,0,0,10.2124,361,361,0,1,2.94392,2.94392,1830,367,0,1235,0,0,0,0,0,1339,1785.99,0.953667,29.338,168732,12,29433,486,465155,48,117732,1944,32,4,644756,1319142,20632192,5276568,25908760,4,4,12,4,4,4,0,20,20,20260807,5,1,1,1,0,0,0,6523,0.271792,1,0.0015,0
2391,21225.5,7,0,2.213,5.38375,0,0,0,7.59675,361,361,0,1,2.94392,2.94392,1830,367,0,1235,0,0,0,0,0,1339,1785.99,0.953667,29.338,168732,12,29433,486,465155,48,117732,1944,32,4,644756,1319142,20632192,5276568,25908760,4,4,12,4,4,4,0,20,20,20260807,5,1,1,1,0,0,0,6523,0.271792,1,0.0015,0
2392,21233.9,9,0,2.27892,6.12104,0,0,0,8.39996,361,361,0,1,2.94392,2.94392,1830,367,0,1235,0,0,0,0,0,1339,1785.99,0.953667,29.338,168732,12,29433,486,465155,48,117732,1944,32,4,644756,1319142,20632192,5276568,25908760,4,4,12,4,4,4,0,20,20,20260807,5,1,1,1,0,0,0,6523,0.271792,1,0.0015,0
2393,21241.2,7,0,2.3485,4.807,0,0,0,7.1555,361,361,0,1,2.94392,2.94392,1830,367,0,1235,0,0,0,0,0,1339,1785.99,0.953667,29.338,168732,12,29433,486,465155,48,117732,1944,32,4,644756,1319142,20632192,5276568,25908760,4,4,12,4,4,4,0,20,20,20260807,5,1,1,1,0,0,0,6523,0.271792,1,0.0015,0
2394,21250.4,9,0,2.32425,6.84792,0,0,0,9.17217,361,361,0,1,2.94392,2.94392,1830,367,0,1235,0,0,0,0,0,1339,1785.99,0.953667,29.338,168732,12,29433,486,465155,48,117732,1944,32,4,644756,1319142,20632192,5276568,25908760,4,4,12,4,4,4,0,20,20,20260807,5,1,1,1,0,0,0,6523,0.271792,1,0.0015,0
2395,21257.5,7,0,2.14542,4.84096,0,0,0,6.98637,361,361,0,1,2.94392,2.94392,1830,367,0,1235,0,0,0,0,0,1339,1785.99,0.953667,29.338,168732,12,29433,486,465155,48,117732,1944,32,4,644756,1319142,20632192,5276568,25908760,4,4,12,4,4,4,0,20,20,20260807,5,1,1,1,0,0,0,6523,0.271792,1,0.0015,0
2396,21267.6,10,0,2.22788,7.8175,0,0,0,10.0454,361,361,0,1,2.94392,2.94392,1830,367,0,1235,0,0,0,0,0,1339,1785.99,0.953667,29.338,168732,12,29433,486,465155,48,117732,1944,32,4,644756,1319142,20632192,5276568,25908760,4,4,12,4,4,4,0,20,20,20260807,5,1,1,1,0,0,0,6524,0.271833,1,0.0015,1
2397,21273.4,6,0,2.22904,3.46917,0,0,0,5.69821,361,361,0,1,2.94392,2.94392,1830,367,0,1235,0,0,0,0,0,1339,1785.99,0.953667,29.338,168732,12,29433,486,465155,48,117732,1944,32,4,644756,1319142,20632192,5276568,25908760,4,4,12,4,4,4,0,20,20,20260807,5,1,1,1,0,0,0,6524,0.271833,1,0.0015,0
2398,21283.9,11,0,3.06046,7.36546,0,0,0,10.4259,361,361,0,1,2.94392,2.94392,1830,367,0,1235,0,0,0,0,0,1339,1785.99,0.953667,29.338,168732,12,29433,486,465155,48,117732,1944,32,4,644756,1319142,20632192,5276568,25908760,4,4,12,4,4,4,0,20,20,20260807,5,1,1,1,0,0,0,6524,0.271833,1,0.0015,0
2399,21290.2,6,0,2.20833,3.97196,0,0,0,6.18029,361,361,0,1,2.94392,2.94392,1830,367,0,1235,0,0,0,0,0,1339,1785.99,0.953667,29.338,168732,12,29433,486,465155,48,117732,1944,32,4,644756,1319142,20632192,5276568,25908760,4,4,12,4,4,4,0,20,20,20260807,5,1,1,1,0,0,0,6524,0.271833,1,0.0015,0
2400,21300.7,10,0,2.87925,7.55208,0,0,0,10.4313,361,361,0,1,2.94392,2.94392,1830,367,0,1235,0,0,0,0,0,1339,1785.99,0.953667,29.338,168732,12,29433,486,465155,48,117732,1944,32,4,644756,1319142,20632192,5276568,25908760,4,4,12,4,4,4,0,20,20,20260807,5,1,1,1,0,0,0,6524,0.271833,1,0.0015,0
2401,21306.6,6,0,2.29962,3.51633,0,0,0,5.81596,361,361,0,1,2.94392,2.94392,1830,367,0,1235,0,0,0,0,0,1339,1785.99,0.953667,29.338,168732,12,29433,486,465155,48,117732,1944,32,4,644756,1319142,20632192,5276568,25908760,4,4,12,4,4,4,0,20,20,20260807,5,1,1,1,0,0,0,6524,0.271833,1,0.0015,0
2402,21317.3,11,0,2.28837,8.31267,0,0,0,10.601,361,361,0,1,2.94392,2.94392,1830,367,0,1235,0,0,0,0,0,1339,1785.99,0.953667,29.338,168732,12,29433,486,465155,48,117732,1944,32,4,644756,1319142,20632192,5276568,25908760,4,4,12,4,4,4,0,20,20,20260807,5,1,1,1,0,0,0,6525,0.271875,1,0.0015,1
2403,21324.7,7,0,2.15117,5.20854,0,0,0,7.35971,361,361,0,1,2.94392,2.94392,1830,367,0,1235,0,0,0,0,0,1339,1785.99,0.953667,29.338,168732,12,29433,486,465155,48,117732,1944,32,4,644756,1319142,20632192,5276568,25908760,4,4,12,4,4,4,0,20,20,20260807,5,1,1,1,0,0,0,6525,0.271875,1,0.0015,0
2404,21333.9,10,0,2.30912,6.76454,0,0,0,9.07367,361,361,0,1,2.94392,2.94392,1830,367,0,1235,0,0,0,0,0,1339,1785.99,0.953667,29.338,168732,12,29433,486,465155,48,117732,1944,32,4,644756,1319142,20632192,5276568,25908760,4,4,12,4,4,4,0,20,20,20260807,5,1,1,1,0,0,0,6525,0.271875,1,0.0015,0
2405,21340.3,6,0,2.22308,4.07904,0,0,0,6.30213,361,361,0,1,2.94392,2.94392,1830,367,0,1235,0,0,0,0,0,1339,1785.99,0.953667,29.338,168732,12,29433,486,465155,48,117732,1944,32,4,644756,1319142,20632192,5276568,25908760,4,4,12,4,4,4,0,20,20,20260807,5,1,1,1,0,0,0,6525,0.271875,1,0.0015,0
2406,21350.6,10,0,2.30604,7.90625,0,0,0,10.2123,361,361,0,1,2.94392,2.94392,1830,367,0,1235,0,0,0,0,0,1339,1785.99,0.953667,29.338,168732,12,29433,486,465155,48,117732,1944,32,4,644756,1319142,20632192,5276568,25908760,4,4,12,4,4,4,0,20,20,20260807,5,1,1,1,0,0,0,6525,0.271875,1,0.0015,0
2407,21357.3,7,0,2.20708,4.45146,0,0,0,6.65854,361,361,0,1,2.94392,2.94392,1830,367,0,1235,0,0,0,0,0,1339,1785.99,0.953667,29.338,168732,12,29433,486,465155,48,117732,1944,32,4,644756,1319142,20632192,5276568,25908760,4,4,12,4,4,4,0,20,20,20260807,5,1,1,1,0,0,0,6525,0.271875,1,0.0015,0
2408,21367.3,10,0,2.30342,7.61654,0,0,0,9.91996,361,361,0,1,2.94392,2.94392,1830,367,0,1235,0,0,0,0,0,1339,1785.99,0.953667,29.338,168732,12,29433,486,465155,48,117732,1944,32,4,644756,1319142,20632192,5276568,25908760,4,4,12,4,4,4,0,20,20,20260807,5,1,1,1,0,0,0,6526,0.271917,1,0.0015,1
2409,21373.6,6,0,2.2675,3.94954,0,0,0,6.21704,361,361,0,1,2.94392,2.94392,1830,367,0,1235,0,0,0,0,0,1339,1785.99,0.953667,29.338,168732,12,29433,486,465155,48,117732,1944,32,4,644756,1319142,20632192,5276568,25908760,4,4,12,4,4,4,0,20,20,20260807,5,1,1,1,0,0,0,6526,0.271917,1,0.0015,0
2410,21383.9,11,0,2.21275,8.06654,0,0,0,10.2793,361,361,0,1,2.94392,2.94392,1830,367,0,1235,0,0,0,0,0,1339,1785.99,0.953667,29.338,168732,12,29433,486,465155,48,117732,1944,32,4,644756,1319142,20632192,5276568,25908760,4,4,12,4,4,4,0,20,20,20260807,5,1,1,1,0,0,0,6526,0.271917,1,0.0015,0
2411,21390,6,0,2.18838,3.76783,0,0,0,5.95621,361,361,0,1,2.94392,2.94392,1830,367,0,1235,0,0,0,0,0,1339,1785.99,0.953667,29.338,168732,12,29433,486,465155,48,117732,1944,32,4,644756,1319142,20632192,5276568,25908760,4,4,12,4,4,4,0,20,20,20260807,5,1,1,1,0,0,0,6526,0.271917,1,0.0015,0
2412,21401.1,11,0,2.30258,8.70071,0,0,0,11.0033,361,361,0,1,2.94392,2.94392,1830,367,0,1235,0,0,0,0,0,1339,1785.99,0.953667,29.338,168732,12,29433,486,465155,48,117732,1944,32,4,644756,1319142,20632192,5276568,25908760,4,4,12,4,4,4,0,20,20,20260807,5,1,1,1,0,0,0,6526,0.271917,1,0.0015,0
2413,21406.8,5,0,2.26008,3.3445,0,0,0,5.60458,361,361,0,1,2.94392,2.94392,1830,367,0,1235,0,0,0,0,0,1339,1785.99,0.953667,29.338,168732,12,29433,486,465155,48,117732,1944,32,4,644756,1319142,20632192,5276568,25908760,4,4,12,4,4,4,0,20,20,20260807,5,1,1,1,0,0,0,6526,0.271917,1,0.0015,0
2414,21417.2,11,0,2.89387,7.45988,0,0,0,10.3537,361,361,0,1,2.94392,2.94392,1830,367,0,1235,0,0,0,0,0,1339,1785.99,0.953667,29.338,168732,12,29433,486,465155,48,117732,1944,32,4,644756,1319142,20632192,5276568,25908760,4,4,12,4,4,4,0,20,20,20260807,5,1,1,1,0,0,0,6527,0.271958,1,0.0015,1
2415,21424.4,7,0,2.20108,4.90083,0,0,0,7.10192,361,361,0,1,2.94392,2.94392,1830,367,0,1235,0,0,0,0,0,1339,1785.99,0.953667,29.338,168732,12,29433,486,465155,48,117732,1944,32,4,644756,1319142,20632192,5276568,25908760,4,4,12,4,4,4,0,20,20,20260807,5,1,1,1,0,0,0,6527,0.271958,1,0.0015,0
2416,21434,10,0,2.02454,7.47275,0,0,0,9.49729,361,361,0,1,2.94392,2.94392,1830,367,0,1235,0,0,0,0,0,1339,1785.99,0.953667,29.338,168732,12,29433,486,465155,48,117732,1944,32,4,644756,1319142,20632192,5276568,25908760,4,4,12,4,4,4,0,20,20,20260807,5,1,1,1,0,0,0,6527,0.271958,1,0.0015,0
2417,21442.6,8,0,2.14117,6.4415,0,0,0,8.58267,361,361,0,1,2.94392,2.94392,1830,367,0,1235,0,0,0,0,0,1339,1785.99,0.953667,29.338,168732,12,29433,486,465155,48,117732,1944,32,4,644756,1319142,20632192,5276568,25908760,4,4,12,4,4,4,0,20,20,20260807,5,1,1,1,0,0,0,6527,0.271958,1,0.0015,0
2418,21450.6,8,0,2.22021,5.62879,0,0,0,7.849,361,361,0,1,2.94392,2.94392,1830,367,0,1235,0,0,0,0,0,1339,1785.99,0.953667,29.338,168732,12,29433,486,465155,48,117732,1944,32,4,644756,1319142,20632192,5276568,25908760,4,4,12,4,4,4,0,20,20,20260807,5,1,1,1,0,0,0,6527,0.271958,1,0.0015,0
2419,21456.1,6,0,2.16908,3.31008,0,0,0,5.47917,361,361,0,1,2.94392,2.94392,1830,367,0,1235,0,0,0,0,0,1339,1785.99,0.953667,29.338,168732,12,29433,486,465155,48,117732,1944,32,4,644756,1319142,20632192,5276568,25908760,4,4,12,4,4,4,0,20,20,20260807,5,1,1,1,0,0,0,6527,0.271958,1,0.0015,0
2420,21467.1,11,0,2.251,8.68825,0,0,0,10.9392,361,361,0,1,2.94392,2.94392,1830,367,0,1235,0,0,0,0,0,1339,1785.99,0.953667,29.338,168732,12,29433,486,465155,48,117732,1944,32,4,644756,1319142,20632192,5276568,25908760,4,4,12,4,4,4,0,20,20,20260807,5,1,1,1,0,0,0,6528,0.272,1,0.0015,1
2421,21473.4,6,0,2.28238,3.9145,0,0,0,6.19688,361,361,0,1,2.94392,2.94392,1830,367,0,1235,0,0,0,0,0,1339,1785.99,0.953667,29.338,168732,12,29433,486,465155,48,117732,1944,32,4,644756,1319142,20632192,5276568,25908760,4,4,12,4,4,4,0,20,20,20260807,5,1,1,1,0,0,0,6528,0.272,1,0.0015,0
2422,21483.9,11,0,2.26271,8.13283,0,0,0,10.3955,361,361,0,1,2.94392,2.94392,1830,367,0,1235,0,0,0,0,0,1339,1785.99,0.953667,29.338,168732,12,29433,486,465155,48,117732,1944,32,4,644756,1319142,20632192,5276568,25908760,4,4,12,4,4,4,0,20,20,20260807,5,1,1,1,0,0,0,6528,0.272,1,0.0015,0
2423,21490.5,6,0,2.13687,4.38696,0,0,0,6.52383,361,361,0,1,2.94392,2.94392,1830,367,0,1235,0,0,0,0,0,1339,1785.99,0.953667,29.338,168732,12,29433,486,465155,48,117732,1944,32,4,644756,1319142,20632192,5276568,25908760,4,4,12,4,4,4,0,20,20,20260807,5,1,1,1,0,0,0,6528,0.272,1,0.0015,0
2424,21500.5,10,0,2.22233,7.74483,0,0,0,9.96717,361,361,0,1,2.94392,2.94392,1830,367,0,1235,0,0,0,0,0,1339,1785.99,0.953667,29.338,168732,12,29433,486,465155,48,117732,1944,32,4,644756,1319142,20632192,5276568,25908760,4,4,12,4,4,4,0,20,20,20260807,5,1,1,1,0,0,0,6528,0.272,1,0.0015,0
2425,21505.7,5,0,2.105,2.98971,0,0,0,5.09471,361,361,0,1,2.94392,2.94392,1830,367,0,1235,0,0,0,0,0,1339,1785.99,0.953667,29.338,168732,12,29433,486,465155,48,117732,1944,32,4,644756,1319142,20632192,5276568,25908760,4,4,12,4,4,4,0,20,20,20260807,5,1,1,1,0,0,0,6528,0.272,1,0.0015,0
2426,21517.1,12,0,2.31267,9.037,0,0,0,11.3497,361,361,0,1,2.94392,2.94392,1830,367,0,1235,0,0,0,0,0,1339,1785.99,0.953667,29.338,168732,12,29433,486,465155,48,117732,1944,32,4,644756,1319142,20632192,5276568,25908760,4,4,12,4,4,4,0,20,20,20260807,5,1,1,1,0,0,0,6529,0.272042,1,0.0015,1
2427,21523.4,6,0,2.34321,3.85913,0,0,0,6.20233,361,361,0,1,2.94392,2.94392,1830,367,0,1235,0,0,0,0,0,1339,1785.99,0.953667,29.338,168732,12,29433,486,465155,48,117732,1944,32,4,644756,1319142,20632192,5276568,25908760,4,4,12,4,4,4,0,20,20,20260807,5,1,1,1,0,0,0,6529,0.272042,1,0.0015,0
2428,21533.8,11,0,2.27433,8.01696,0,0,0,10.2913,361,361,0,1,2.94392,2.94392,1830,367,0,1235,0,0,0,0,0,1339,1785.99,0.953667,29.338,168732,12,29433,486,465155,48,117732,1944,32,4,644756,1319142,20632192,5276568,25908760,4,4,12,4,4,4,0,20,20,20260807,5,1,1,1,0,0,0,6529,0.272042,1,0.0015,0
2429,21540.1,6,0,2.1705,4.07196,0,0,0,6.24246,361,361,0,1,2.94392,2.94392,1830,367,0,1235,0,0,0,0,0,1339,1785.99,0.953667,29.338,168732,12,29433,486,465155,48,117732,1944,32,4,644756,1319142,20632192,5276568,25908760,4,4,12,4,4,4,0,20,20,20260807,5,1,1,1,0,0,0,6529,0.272042,1,0.0015,0
2430,21550.5,10,0,2.28171,7.98208,0,0,0,10.2638,361,361,0,1,2.94392,2.94392,1830,367,0,1235,0,0,0,0,0,1339,1785.99,0.953667,29.338,168732,12,29433,486,465155,48,117732,1944,32,4,644756,1319142,20632192,5276568,25908760,4,4,12,4,4,4,0,20,20,20260807,5,1,1,1,0,0,0,6529,0.272042,1,0.0015,0
2431,21556.4,6,0,2.08508,3.82142,0,0,0,5.9065,361,361,0,1,2.94392,2.94392,1830,367,0,1235,0,0,0,0,0,1339,1785.99,0.953667,29.338,168732,12,29433,486,465155,48,117732,1944,32,4,644756,1319142,20632192,5276568,25908760,4,4,12,4,4,4,0,20,20,20260807,5,1,1,1,0,0,0,6529,0.272042,1,0.0015,0
2432,21567.2,11,0,2.45946,8.21379,0,0,0,10.6732,361,361,0,1,2.94392,2.94392,1830,367,0,1235,0,0,0,0,0,1339,1785.99,0.953667,29.338,168732,12,29433,486,465155,48,117732,1944,32,4,644756,1319142,20632192,5276568,25908760,4,4,12,4,4,4,0,20,20,20260807,5,1,1,1,0,0,0,6530,0.272083,1,0.0015,1
2433,21573.3,6,0,2.12642,3.83121,0,0,0,5.95763,361,361,0,1,2.94392,2.94392,1830,367,0,1235,0,0,0,0,0,1339,1785.99,0.953667,29.338,168732,12,29433,486,465155,48,117732,1944,32,4,644756,1319142,20632192,5276568,25908760,4,4,12,4,4,4,0,20,20,20260807,5,1,1,1,0,0,0,6530,0.272083,1,0.0015,0
2434,21583.9,11,0,2.41529,8.10721,0,0,0,10.5225,361,361,0,1,2.94392,2.94392,1830,367,0,1235,0,0,0,0,0,1339,1785.99,0.953667,29.338,168732,12,29433,486,465155,48,117732,1944,32,4,644756,1319142,20632192,5276568,25908760,4,4,12,4,4,4,0,20,20,20260807,5,1,1,1,0,0,0,6530,0.272083,1,0.0015,0
2435,21590.1,6,0,2.16213,4.02092,0,0,0,6.18304,361,361,0,1,2.94392,2.94392,1830,367,0,1235,0,0,0,0,0,1339,1785.99,0.953667,29.338,168732,12,29433,486,465155,48,117732,1944,32,4,644756,1319142,20632192,5276568,25908760,4,4,12,4,4,4,0,20,20,20260807,5,1,1,1,0,0,0,6530,0.272083,1,0.0015,0
2436,21600.5,10,0,2.69417,7.57225,0,0,0,10.2664,361,361,0,1,2.94392,2.94392,1830,367,0,1235,0,0,0,0,0,1339,1785.99,0.953667,29.338,168732,12,29433,486,465155,48,117732,1944,32,4,644756,1319142,20632192,5276568,25908760,4,4,12,4,4,4,0,20,20,20260807,5,1,1,1,0,0,0,6530,0.272083,1,0.0015,0
2437,21606.8,7,0,2.151,4.11787,0,0,0,6.26888,361,361,0,1,2.94392,2.94392,1830,367,0,1235,0,0,0,0,0,1339,1785.99,0.953667,29.338,168732,12,29433,486,465155,48,117732,1944,32,4,644756,1319142,20632192,5276568,25908760,4,4,12,4,4,4,0,20,20,20260807,5,1,1,1,0,0,0,6530,0.272083,1,0.0015,0
2438,21617.1,10,0,2.21033,7.97404,0,0,0,10.1844,361,361,0,1,2.94392,2.94392,1830,367,0,1235,0,0,0,0,0,1339,1785.99,0.953667,29.338,168732,12,29433,486,465155,48,117732,1944,32,4,644756,1319142,20632192,5276568,25908760,4,4,12,4,4,4,0,20,20,20260807,5,1,1,1,0,0,0,6531,0.272125,1,0.0015,1
2439,21623.3,6,0,2.162,3.93208,0,0,0,6.09408,361,361,0,1,2.94392,2.94392,1830,367,0,1235,0,0,0,0,0,1339,1785.99,0.953667,29.338,168732,12,29433,486,465155,48,117732,1944,32,4,644756,1319142,20632192,5276568,25908760,4,4,12,4,4,4,0,20,20,20260807,5,1,1,1,0,0,0,6531,0.272125,1,0.0015,0
2440,21633.8,11,0,2.83529,7.66887,0,0,0,10.5042,361,361,0,1,2.94392,2.94392,1830,367,0,1235,0,0,0,0,0,1339,1785.99,0.953667,29.338,168732,12,29433,486,465155,48,117732,1944,32,4,644756,1319142,20632192,5276568,25908760,4,4,12,4,4,4,0,20,20,20260807,5,1,1,1,0,0,0,6531,0.272125,1,0.0015,0
2441,21639.9,6,0,2.16733,3.82675,0,0,0,5.99408,361,361,0,1,2.94392,2.94392,1830,367,0,1235,0,0,0,0,0,1339,1785.99,0.953667,29.338,168732,12,29433,486,465155,48,117732,1944,32,4,644756,1319142,20632192,5276568,25908760,4,4,12,4,4,4,0,20,20,20260807,5,1,1,1,0,0,0,6531,0.272125,1,0.0015,0
2442,21650.5,10,0,2.25929,8.284,0,0,0,10.5433,361,361,0,1,2.94392,2.94392,1830,367,0,1235,0,0,0,0,0,1339,1785.99,0.953667,29.338,168732,12,29433,486,465155,48,117732,1944,32,4,644756,1319142,20632192,5276568,25908760,4,4,12,4,4,4,0,20,20,20260807,5,1,1,1,0,0,0,6531,0.272125,1,0.0015,0
2443,21657.3,7,0,2.34379,4.35021,0,0,0,6.694,361,361,0,1,2.94392,2.94392,1830,367,0,1235,0,0,0,0,0,1339,1785.99,0.953667,29.338,168732,12,29433,486,465155,48,117732,1944,32,4,644756,1319142,20632192,5276568,25908760,4,4,12,4,4,4,0,20,20,20260807,5,1,1,1,0,0,0,6531,0.272125,1,0.0015,0
2444,21667.2,11,0,2.20696,7.58442,0,0,0,9.79138,361,361,0,1,2.94392,2.94392,1830,367,0,1235,0,0,0,0,0,1339,1785.99,0.953667,29.338,168732,12,29433,486,465155,48,117732,1944,32,4,644756,1319142,20632192,5276568,25908760,4,4,12,4,4,4,0,20,20,20260807,5,1,1,1,0,0,0,6532,0.272167,1,0.0015,1
2445,21673.6,6,0,2.29612,4.02433,0,0,0,6.32046,361,361,0,1,2.94392,2.94392,1830,367,0,1235,0,0,0,0,0,1339,1785.99,0.953667,29.338,168732,12,29433,486,465155,48,117732,1944,32,4,644756,1319142,20632192,5276568,25908760,4,4,12,4,4,4,0,20,20,20260807,5,1,1,1,0,0,0,6532,0.272167,1,0.0015,0
2446,21683.9,11,0,2.29429,7.89571,0,0,0,10.19,361,361,0,1,2.94392,2.94392,1830,367,0,1235,0,0,0,0,0,1339,1785.99,0.953667,29.338,168732,12,29433,486,465155,48,117732,1944,32,4,644756,1319142,20632192,5276568,25908760,4,4,12,4,4,4,0,20,20,20260807,5,1,1,1,0,0,0,6532,0.272167,1,0.0015,0
2447,21689.5,5,0,2.129,3.401,0,0,0,5.53,361,361,0,1,2.94392,2.94392,1830,367,0,1235,0,0,0,0,0,1339,1785.99,0.953667,29.338,168732,12,29433,486,465155,48,117732,1944,32,4,644756,1319142,20632192,5276568,25908760,4,4,12,4,4,4,0,20,20,20260807,5,1,1,1,0,0,0,6532,0.272167,1,0.0015,0
2448,21700.5,11,0,2.20354,8.80904,0,0,0,11.0126,361,361,0,1,2.94392,2.94392,1830,367,0,1235,0,0,0,0,0,1339,1785.99,0.953667,29.338,168732,12,29433,486,465155,48,117732,1944,32,4,644756,1319142,20632192,5276568,25908760,4,4,12,4,4,4,0,20,20,20260807,5,1,1,1,0,0,0,6532,0.272167,1,0.0015,0
2449,21706.6,6,0,2.25775,3.75612,0,0,0,6.01387,361,361,0,1,2.94392,2.94392,1830,367,0,1235,0,0,0,0,0,1339,1785.99,0.953667,29.338,168732,12,29433,486,465155,48,117732,1944,32,4,644756,1319142,20632192,5276568,25908760,4,4,12,4,4,4,0,20,20,20260807,5,1,1,1,0,0,0,6532,0.272167,1,0.0015,0
2450,21717.3,11,0,2.21113,8.21771,0,0,0,10.4288,361,361,0,1,2.94392,2.94392,1830,367,0,1235,0,0,0,0,0,1339,1785.99,0.953667,29.338,168732,12,29433,486,465155,48,117732,1944,32,4,644756,1319142,20632192,5276568,25908760,4,4,12,4,4,4,0,20,20,20260807,5,1,1,1,0,0,0,6533,0.272208,1,0.0015,1
2451,21723.2,6,0,2.16892,3.6665,0,0,0,5.83542,361,361,0,1,2.94392,2.94392,1830,367,0,1235,0,0,0,0,0,1339,1785.99,0.953667,29.338,168732,12,29433,486,465155,48,117732,1944,32,4,644756,1319142,20632192,5276568,25908760,4,4,12,4,4,4,0,20,20,20260807,5,1,1,1,0,0,0,6533,0.272208,1,0.0015,0
2452,21733.8,11,0,2.32846,8.24746,0,0,0,10.5759,361,361,0,1,2.94392,2.94392,1830,367,0,1235,0,0,0,0,0,1339,1785.99,0.953667,29.338,168732,12,29433,486,465155,48,117732,1944,32,4,644756,1319142,20632192,5276568,25908760,4,4,12,4,4,4,0,20,20,20260807,5,1,1,1,0,0,0,6533,0.272208,1,0.0015,0
2453,21740.1,6,0,2.0785,4.09733,0,0,0,6.17583,361,361,0,1,2.94392,2.94392,1830,367,0,1235,0,0,0,0,0,1339,1785.99,0.953667,29.338,168732,12,29433,486,465155,48,117732,1944,32,4,644756,1319142,20632192,5276568,25908760,4,4,12,4,4,4,0,20,20,20260807,5,1,1,1,0,0,0,6533,0.272208,1,0.0015,0
2454,21750.6,10,0,2.21121,8.23846,0,0,0,10.4497,361,361,0,1,2.94392,2.94392,1830,367,0,1235,0,0,0,0,0,1339,1785.99,0.953667,29.338,168732,12,29433,486,465155,48,117732,1944,32,4,644756,1319142,20632192,5276568,25908760,4,4,12,4,4,4,0,20,20,20260807,5,1,1,1,0,0,0,6533,0.272208,1,0.0015,0
2455,21757.2,7,0,2.21546,4.32525,0,0,0,6.54071,361,361,0,1,2.94392,2.94392,1830,367,0,1235,0,0,0,0,0,1339,1785.99,0.953667,29.338,168732,12,29433,486,465155,48,117732,1944,32,4,644756,1319142,20632192,5276568,25908760,4,4,12,4,4,4,0,20,20,20260807,5,1,1,1,0,0,0,6533,0.272208,1,0.0015,0
2456,21767.2,10,0,2.85667,7.05721,0,0,0,9.91388,361,361,0,1,2.94392,2.94392,1830,367,0,1235,0,0,0,0,0,1339,1785.99,0.953667,29.338,168732,12,29433,486,465155,48,117732,1944,32,4,644756,1319142,20632192,5276568,25908760,4,4,12,4,4,4,0,20,20,20260807,5,1,1,1,0,0,0,6534,0.27225,1,0.0015,1
2457,21772.5,5,0,2.18154,3.00779,0,0,0,5.18933,361,361,0,1,2.94392,2.94392,1830,367,0,1235,0,0,0,0,0,1339,1785.99,0.953667,29.338,168732,12,29433,486,465155,48,117732,1944,32,4,644756,1319142,20632192,5276568,25908760,4,4,12,4,4,4,0,20,20,20260807,5,1,1,1,0,0,0,6534,0.27225,1,0.0015,0
2458,21784,12,0,2.263,9.13608,0,0,0,11.3991,361,361,0,1,2.94392,2.94392,1830,367,0,1235,0,0,0,0,0,1339,1785.99,0.953667,29.338,168732,12,29433,486,465155,48,117732,1944,32,4,644756,1319142,20632192,5276568,25908760,4,4,12,4,4,4,0,20,20,20260807,5,1,1,1,0,0,0,6534,0.27225,1,0.0015,0
2459,21790,6,0,2.15963,3.83575,0,0,0,5.99538,361,361,0,1,2.94392,2.94392,1830,367,0,1235,0,0,0,0,0,1339,1785.99,0.953667,29.338,168732,12,29433,486,465155,48,117732,1944,32,4,644756,1319142,20632192,5276568,25908760,4,4,12,4,4,4,0,20,20,20260807,5,1,1,1,0,0,0,6534,0.27225,1,0.0015,0
2460,21800.6,10,0,2.36358,8.16088,0,0,0,10.5245,361,361,0,1,2.94392,2.94392,1830,367,0,1235,0,0,0,0,0,1339,1785.99,0.953667,29.338,168732,12,29433,486,465155,48,117732,1944,32,4,644756,1319142,20632192,5276568,25908760,4,4,12,4,4,4,0,20,20,20260807,5,1,1,1,0,0,0,6534,0.27225,1,0.0015,0
2461,21806.5,6,0,2.16017,3.61046,0,0,0,5.77062,361,361,0,1,2.94392,2.94392,1830,367,0,1235,0,0,0,0,0,1339,1785.99,0.953667,29.338,168732,12,29433,486,465155,48,117732,1944,32,4,644756,1319142,20632192,5276568,25908760,4,4,12,4,4,4,0,20,20,20260807,5,1,1,1,0,0,0,6534,0.27225,1,0.0015,0
2462,21817.3,11,0,2.68425,8.05067,0,0,0,10.7349,361,361,0,1,2.94392,2.94392,1830,367,0,1235,0,0,0,0,0,1339,1785.99,0.953667,29.338,168732,12,29433,486,465155,48,117732,1944,32,4,644756,1319142,20632192,5276568,25908760,4,4,12,4,4,4,0,20,20,20260807,5,1,1,1,0,0,0,6535,0.272292,1,0.0015,1
2463,21823.4,6,0,2.15837,3.84029,0,0,0,5.99867,361,361,0,1,2.94392,2.94392,1830,367,0,1235,0,0,0,0,0,1339,1785.99,0.953667,29.338,168732,12,29433,486,465155,48,117732,1944,32,4,644756,1319142,20632192,5276568,25908760,4,4,12,4,4,4,0,20,20,20260807,5,1,1,1,0,0,0,6535,0.272292,1,0.0015,0
2464,21833.8,10,0,2.28621,7.99925,0,0,0,10.2855,361,361,0,1,2.94392,2.94392,1830,367,0,1235,0,0,0,0,0,1339,1785.99,0.953667,29.338,168732,12,29433,486,465155,48,117732,1944,32,4,644756,1319142,20632192,5276568,25908760,4,4,12,4,4,4,0,20,20,20260807,5,1,1,1,0,0,0,6535,0.272292,1,0.0015,0
2465,21839.8,7,0,2.08892,3.89158,0,0,0,5.9805,361,361,0,1,2.94392,2.94392,1830,367,0,1235,0,0,0,0,0,1339,1785.99,0.953667,29.338,168732,12,29433,486,465155,48,117732,1944,32,4,644756,1319142,20632192,5276568,25908760,4,4,12,4,4,4,0,20,20,20260807,5,1,1,1,0,0,0,6535,0.272292,1,0.0015,0
2466,21850.5,10,0,2.28037,8.28538,0,0,0,10.5657,361,361,0,1,2.94392,2.94392,1830,367,0,1235,0,0,0,0,0,1339,1785.99,0.953667,29.338,168732,12,29433,486,465155,48,117732,1944,32,4,644756,1319142,20632192,5276568,25908760,4,4,12,4,4,4,0,20,20,20260807,5,1,1,1,0,0,0,6535,0.272292,1,0.0015,0
2467,21856.8,7,0,2.10504,4.1955,0,0,0,6.30054,361,361,0,1,2.94392,2.94392,1830,367,0,1235,0,0,0,0,0,1339,1785.99,0.953667,29.338,168732,12,29433,486,465155,48,117732,1944,32,4,644756,1319142,20632192,5276568,25908760,4,4,12,4,4,4,0,20,20,20260807,5,1,1,1,0,0,0,6535,0.272292,1,0.0015,0
2468,21867.1,10,0,2.23233,7.94133,0,0,0,10.1737,361,361,0,1,2.94392,2.94392,1830,367,0,1235,0,0,0,0,0,1339,1785.99,0.953667,29.338,168732,12,29433,486,465155,48,117732,1944,32,4,644756,1319142,20632192,5276568,25908760,4,4,12,4,4,4,0,20,20,20260807,5,1,1,1,0,0,0,6536,0.272333,1,0.0015,1
2469,21873.2,6,0,2.10717,3.92692,0,0,0,6.03408,361,361,0,1,2.94392,2.94392,1830,367,0,1235,0,0,0,0,0,1339,1785.99,0.953667,29.338,168732,12,29433,486,465155,48,117732,1944,32,4,644756,1319142,20632192,5276568,25908760,4,4,12,4,4,4,0,20,20,20260807,5,1,1,1,0,0,0,6536,0.272333,1,0.0015,0
2470,21884.2,11,0,2.17967,8.70421,0,0,0,10.8839,361,361,0,1,2.94392,2.94392,1830,367,0,1235,0,0,0,0,0,1339,1785.99,0.953667,29.338,168732,12,29433,486,465155,48,117732,1944,32,4,644756,1319142,20632192,5276568,25908760,4,4,12,4,4,4,0,20,20,20260807,5,1,1,1,0,0,0,6536,0.272333,1,0.0015,0
2471,21889.9,6,0,2.10696,3.5805,0,0,0,5.68746,361,361,0,1,2.94392,2.94392,1830,367,0,1235,0,0,0,0,0,1339,1785.99,0.953667,29.338,168732,12,29433,486,465155,48,117732,1944,32,4,644756,1319142,20632192,5276568,25908760,4,4,12,4,4,4,0,20,20,20260807,5,1,1,1,0,0,0,6536,0.272333,1,0.0015,0
2472,21900.9,11,0,2.22708,8.65354,0,0,0,10.8806,361,361,0,1,2.94392,2.94392,1830,367,0,1235,0,0,0,0,0,1339,1785.99,0.953667,29.338,168732,12,29433,486,465155,48,117732,1944,32,4,644756,1319142,20632192,5276568,25908760,4,4,12,4,4,4,0,20,20,20260807,5,1,1,1,0,0,0,6536,0.272333,1,0.0015,0
2473,21907,6,0,2.27363,3.68167,0,0,0,5.95529,361,361,0,1,2.94392,2.94392,1830,367,0,1235,0,0,0,0,0,1339,1785.99,0.953667,29.338,168732,12,29433,486,465155,48,117732,1944,32,4,644756,1319142,20632192,5276568,25908760,4,4,12,4,4,4,0,20,20,20260807,5,1,1,1,0,0,0,6537,0.272375,1,0.0015,1
2474,21917.4,10,0,2.29083,8.05804,0,0,0,10.3489,361,361,0,1,2.94392,2.94392,1830,367,0,1235,0,0,0,0,0,1339,1785.99,0.953667,29.338,168732,12,29433,486,465155,48,117732,1944,32,4,644756,1319142,20632192,5276568,25908760,4,4,12,4,4,4,0,20,20,20260807,5,1,1,1,0,0,0,6537,0.272375,1,0.0015,0
2475,21923.4,6,0,2.21554,3.75517,0,0,0,5.97071,361,361,0,1,2.94392,2.94392,1830,367,0,1235,0,0,0,0,0,1339,1785.99,0.953667,29.338,168732,12,29433,486,465155,48,117732,1944,32,4,644756,1319142,20632192,5276568,25908760,4,4,12,4,4,4,0,20,20,20260807,5,1,1,1,0,0,0,6537,0.272375,1,0.0015,0
2476,21934,11,0,2.28621,8.20438,0,0,0,10.4906,361,361,0,1,2.94392,2.94392,1830,367,0,1235,0,0,0,0,0,1339,1785.99,0.953667,29.338,168732,12,29433,486,465155,48,117732,1944,32,4,644756,1319142,20632192,5276568,25908760,4,4,12,4,4,4,0,20,20,20260807,5,1,1,1,0,0,0,6537,0.272375,1,0.0015,0
2477,21939.6,5,0,2.22038,3.31329,0,0,0,5.53367,361,361,0,1,2.94392,2.94392,1830,367,0,1235,0,0,0,0,0,1339,1785.99,0.953667,29.338,168732,12,29433,486,465155,48,117732,1944,32,4,644756,1319142,20632192,5276568,25908760,4,4,12,4,4,4,0,20,20,20260807,5,1,1,1,0,0,0,6537,0.272375,1,0.0015,0
2478,21950.6,11,0,2.21192,8.66496,0,0,0,10.8769,361,361,0,1,2.94392,2.94392,1830,367,0,1235,0,0,0,0,0,1339,1785.99,0.953667,29.338,168732,12,29433,486,465155,48,117732,1944,32,4,644756,1319142,20632192,5276568,25908760,4,4,12,4,4,4,0,20,20,20260807,5,1,1,1,0,0,0,6537,0.272375,1,0.0015,0
2479,21956.7,6,0,2.12487,3.93271,0,0,0,6.05758,361,361,0,1,2.94392,2.94392,1830,367,0,1235,0,0,0,0,0,1339,1785.99,0.953667,29.338,168732,12,29433,486,465155,48,117732,1944,32,4,644756,1319142,20632192,5276568,25908760,4,4,12,4,4,4,0,20,20,20260807,5,1,1,1,0,0,0,6537,0.272375,1,0.0015,0
2480,21967.4,11,0,2.2525,8.35013,0,0,0,10.6026,361,361,0,1,2.94392,2.94392,1830,367,0,1235,0,0,0,0,0,1339,1785.99,0.953667,29.338,168732,12,29433,486,465155,48,117732,1944,32,4,644756,1319142,20632192,5276568,25908760,4,4,12,4,4,4,0,20,20,20260807,5,1,1,1,0,0,0,6538,0.272417,1,0.0015,1
2481,21974.4,7,0,2.22492,4.6635,0,0,0,6.88842,361,361,0,1,2.94392,2.94392,1830,367,0,1235,0,0,0,0,0,1339,1785.99,0.953667,29.338,168732,12,29433,486,465155,48,117732,1944,32,4,644756,1319142,20632192,5276568,25908760,4,4,12,4,4,4,0,20,20,20260807,5,1,1,1,0,0,0,6538,0.272417,1,0.0015,0
2482,21984,10,0,2.22458,7.33733,0,0,0,9.56192,361,361,0,1,2.94392,2.94392,1830,367,0,1235,0,0,0,0,0,1339,1785.99,0.953667,29.338,168732,12,29433,486,465155,48,117732,1944,32,4,644756,1319142,20632192,5276568,25908760,4,4,12,4,4,4,0,20,20,20260807,5,1,1,1,0,0,0,6538,0.272417,1,0.0015,0
2483,21990.3,6,0,2.22733,4.00533,0,0,0,6.23267,361,361,0,1,2.94392,2.94392,1830,367,0,1235,0,0,0,0,0,1339,1785.99,0.953667,29.338,168732,12,29433,486,465155,48,117732,1944,32,4,644756,1319142,20632192,5276568,25908760,4,4,12,4,4,4,0,20,20,20260807,5,1,1,1,0,0,0,6538,0.272417,1,0.0015,0
2484,22000.6,10,0,2.24571,7.912,0,0,0,10.1577,361,361,0,1,2.94392,2.94392,1830,367,0,1235,0,0,0,0,0,1339,1785.99,0.953667,29.338,168732,12,29433,486,465155,48,117732,1944,32,4,644756,1319142,20632192,5276568,25908760,4,4,12,4,4,4,0,20,20,20260807,5,1,1,1,0,0,0,6538,0.272417,1,0.0015,0
2485,22007.7,7,0,2.18192,4.82487,0,0,0,7.00679,361,361,0,1,2.94392,2.94392,1830,367,0,1235,0,0,0,0,0,1339,1785.99,0.953667,29.338,168732,12,29433,486,465155,48,117732,1944,32,4,644756,1319142,20632192,5276568,25908760,4,4,12,4,4,4,0,20,20,20260807,5,1,1,1,0,0,0,6538,0.272417,1,0.0015,0
2486,22017.4,10,0,2.3,7.31475,0,0,0,9.61475,361,361,0,1,2.94392,2.94392,1830,367,0,1235,0,0,0,0,0,1339,1785.99,0.953667,29.338,168732,12,29433,486,465155,48,117732,1944,32,4,644756,1319142,20632192,5276568,25908760,4,4,12,4,4,4,0,20,20,20260807,5,1,1,1,0,0,0,6539,0.272458,1,0.0015,1
2487,22023.5,6,0,2.24067,3.83425,0,0,0,6.07492,361,361,0,1,2.94392,2.94392,1830,367,0,1235,0,0,0,0,0,1339,1785.99,0.953667,29.338,168732,12,29433,486,465155,48,117732,1944,32,4,644756,1319142,20632192,5276568,25908760,4,4,12,4,4,4,0,20,20,20260807,5,1,1,1,0,0,0,6539,0.272458,1,0.0015,0
2488,22033.8,11,0,2.04925,8.10917,0,0,0,10.1584,361,361,0,1,2.94392,2.94392,1830,367,0,1235,0,0,0,0,0,1339,1785.99,0.953667,29.338,168732,12,29433,486,465155,48,117732,1944,32,4,644756,1319142,20632192,5276568,25908760,4,4,12,4,4,4,0,20,20,20260807,5,1,1,1,0,0,0,6539,0.272458,1,0.0015,0
2489,22039.8,6,0,2.18125,3.77546,0,0,0,5.95671,361,361,0,1,2.94392,2.94392,1830,367,0,1235,0,0,0,0,0,1339,1785.99,0.953667,29.338,168732,12,29433,486,465155,48,117732,1944,32,4,644756,1319142,20632192,5276568,25908760,4,4,12,4,4,4,0,20,20,20260807,5,1,1,1,0,0,0,6539,0.272458,1,0.0015,0
2490,22050.6,10,0,2.14067,8.56917,0,0,0,10.7098,361,361,0,1,2.94392,2.94392,1830,367,0,1235,0,0,0,0,0,1339,1785.99,0.953667,29.338,168732,12,29433,486,465155,48,117732,1944,32,4,644756,1319142,20632192,5276568,25908760,4,4,12,4,4,4,0,20,20,20260807,5,1,1,1,0,0,0,6539,0.272458,1,0.0015,0
2491,22057.4,7,0,2.15592,4.55412,0,0,0,6.71004,361,361,0,1,2.94392,2.94392,1830,367,0,1235,0,0,0,0,0,1339,1785.99,0.953667,29.338,168732,12,29433,486,465155,48,117732,1944,32,4,644756,1319142,20632192,5276568,25908760,4,4,12,4,4,4,0,20,20,20260807,5,1,1,1,0,0,0,6539,0.272458,1,0.0015,0
2492,22067.3,10,0,2.24183,7.55954,0,0,0,9.80138,361,361,0,1,2.94392,2.94392,1830,367,0,1235,0,0,0,0,0,1339,1785.99,0.953667,29.338,168732,12,29433,486,465155,48,117732,1944,32,4,644756,1319142,20632192,5276568,25908760,4,4,12,4,4,4,0,20,20,20260807,5,1,1,1,0,0,0,6540,0.2725,1,0.0015,1
2493,22073.7,6,0,2.18375,4.1025,0,0,0,6.28625,361,361,0,1,2.94392,2.94392,1830,367,0,1235,0,0,0,0,0,1339,1785.99,0.953667,29.338,168732,12,29433,486,465155,48,117732,1944,32,4,644756,1319142,20632192,5276568,25908760,4,4,12,4,4,4,0,20,20,20260807,5,1,1,1,0,0,0,6540,0.2725,1,0.0015,0
2494,22084.1,11,0,2.30079,8.06875,0,0,0,10.3695,361,361,0,1,2.94392,2.94392,1830,367,0,1235,0,0,0,0,0,1339,1785.99,0.953667,29.338,168732,12,29433,486,465155,48,117732,1944,32,4,644756,1319142,20632192,5276568,25908760,4,4,12,4,4,4,0,20,20,20260807,5,1,1,1,0,0,0,6540,0.2725,1,0.0015,0
2495,22090.7,6,0,2.21342,4.26696,0,0,0,6.48038,361,361,0,1,2.94392,2.94392,1830,367,0,1235,0,0,0,0,0,1339,1785.99,0.953667,29.338,168732,12,29433,486,465155,48,117732,1944,32,4,644756,1319142,20632192,5276568,25908760,4,4,12,4,4,4,0,20,20,20260807,5,1,1,1,0,0,0,6540,0.2725,1,0.0015,0
2496,22100.6,10,0,2.17563,7.65721,0,0,0,9.83283,361,361,0,1,2.94392,2.94392,1830,367,0,1235,0,0,0,0,0,1339,1785.99,0.953667,29.338,168732,12,29433,486,465155,48,117732,1944,32,4,644756,1319142,20632192,5276568,25908760,4,4,12,4,4,4,0,20,20,20260807,5,1,1,1,0,0,0,6540,0.2725,1,0.0015,0
2497,22106.8,6,0,2.1415,3.95567,0,0,0,6.09717,361,361,0,1,2.94392,2.94392,1830,367,0,1235,0,0,0,0,0,1339,1785.99,0.953667,29.338,168732,12,29433,486,465155,48,117732,1944,32,4,644756,1319142,20632192,5276568,25908760,4,4,12,4,4,4,0,20,20,20260807,5,1,1,1,0,0,0,6540,0.2725,1,0.0015,0
2498,22117.2,11,0,2.27346,8.07458,0,0,0,10.348,361,361,0,1,2.94392,2.94392,1830,367,0,1235,0,0,0,0,0,1339,1785.99,0.953667,29.338,168732,12,29433,486,465155,48,117732,1944,32,4,644756,1319142,20632192,5276568,25908760,4,4,12,4,4,4,0,20,20,20260807,5,1,1,1,0,0,0,6541,0.272542,1,0.0015,1
2499,22123.5,6,0,2.15042,4.05867,0,0,0,6.20908,361,361,0,1,2.94392,2.94392,1830,367,0,1235,0,0,0,0,0,1339,1785.99,0.953667,29.338,168732,12,29433,486,465155,48,117732,1944,32,4,644756,1319142,20632192,5276568,25908760,4,4,12,4,4,4,0,20,20,20260807,5,1,1,1,0,0,0,6541,0.272542,1,0.0015,0
2500,22134,11,0,2.23004,8.19217,0,0,0,10.4222,361,361,0,1,2.94392,2.94392,1830,367,0,1235,0,0,0,0,0,1339,1785.99,0.953667,29.338,168732,12,29433,486,465155,48,117732,1944,32,4,644756,1319142,20632192,5276568,25908760,4,4,12,4,4,4,0,20,20,20260807,5,1,1,1,0,0,0,6541,0.272542,1,0.0015,0
2501,22141.3,7,0,2.27392,4.88417,0,0,0,7.15808,361,361,0,1,2.94392,2.94392,1830,367,0,1235,0,0,0,0,0,1339,1785.99,0.953667,29.338,168732,12,29433,486,465155,48,117732,1944,32,4,644756,1319142,20632192,5276568,25908760,4,4,12,4,4,4,0,20,20,20260807,5,1,1,1,0,0,0,6541,0.272542,1,0.0015,0
2502,22150.6,9,0,2.03817,7.17496,0,0,0,9.21312,361,361,0,1,2.94392,2.94392,1830,367,0,1235,0,0,0,0,0,1339,1785.99,0.953667,29.338,168732,12,29433,486,465155,48,117732,1944,32,4,644756,1319142,20632192,5276568,25908760,4,4,12,4,4,4,0,20,20,20260807,5,1,1,1,0,0,0,6541,0.272542,1,0.0015,0
2503,22156.8,6,0,2.23075,3.89079,0,0,0,6.12154,361,361,0,1,2.94392,2.94392,1830,367,0,1235,0,0,0,0,0,1339,1785.99,0.953667,29.338,168732,12,29433,486,465155,48,117732,1944,32,4,644756,1319142,20632192,5276568,25908760,4,4,12,4,4,4,0,20,20,20260807,5,1,1,1,0,0,0,6541,0.272542,1,0.0015,0
2504,22167.3,11,0,2.28587,8.15833,0,0,0,10.4442,361,361,0,1,2.94392,2.94392,1830,367,0,1235,0,0,0,0,0,1339,1785.99,0.953667,29.338,168732,12,29433,486,465155,48,117732,1944,32,4,644756,1319142,20632192,5276568,25908760,4,4,12,4,4,4,0,20,20,20260807,5,1,1,1,0,0,0,6542,0.272583,1,0.0015,1
2505,22173.5,6,0,2.33496,3.80567,0,0,0,6.14062,361,361,0,1,2.94392,2.94392,1830,367,0,1235,0,0,0,0,0,1339,1785.99,0.953667,29.338,168732,12,29433,486,465155,48,117732,1944,32,4,644756,1319142,20632192,5276568,25908760,4,4,12,4,4,4,0,20,20,20260807,5,1,1,1,0,0,0,6542,0.272583,1,0.0015,0
2506,22183.9,11,0,2.28629,8.04583,0,0,0,10.3321,361,361,0,1,2.94392,2.94392,1830,367,0,1235,0,0,0,0,0,1339,1785.99,0.953667,29.338,168732,12,29433,486,465155,48,117732,1944,32,4,644756,1319142,20632192,5276568,25908760,4,4,12,4,4,4,0,20,20,20260807,5,1,1,1,0,0,0,6542,0.272583,1,0.0015,0
2507,22189.2,5,0,2.10508,3.12254,0,0,0,5.22762,361,361,0,1,2.94392,2.94392,1830,367,0,1235,0,0,0,0,0,1339,1785.99,0.953667,29.338,168732,12,29433,486,465155,48,117732,1944,32,4,644756,1319142,20632192,5276568,25908760,4,4,12,4,4,4,0,20,20,20260807,5,1,1,1,0,0,0,6542,0.272583,1,0.0015,0
2508,22200.6,11,0,2.31496,8.96583,0,0,0,11.2808,361,361,0,1,2.94392,2.94392,1830,367,0,1235,0,0,0,0,0,1339,1785.99,0.953667,29.338,168732,12,29433,486,465155,48,117732,1944,32,4,644756,1319142,20632192,5276568,25908760,4,4,12,4,4,4,0,20,20,20260807,5,1,1,1,0,0,0,6542,0.272583,1,0.0015,0
2509,22207.2,7,0,2.19933,4.33829,0,0,0,6.53763,361,361,0,1,2.94392,2.94392,1830,367,0,1235,0,0,0,0,0,1339,1785.99,0.953667,29.338,168732,12,29433,486,465155,48,117732,1944,32,4,644756,1319142,20632192,5276568,25908760,4,4,12,4,4,4,0,20,20,20260807,5,1,1,1,0,0,0,6542,0.272583,1,0.0015,0
2510,22217.1,10,0,2.20613,7.61738,0,0,0,9.8235,361,361,0,1,2.94392,2.94392,1830,367,0,1235,0,0,0,0,0,1339,1785.99,0.953667,29.338,168732,12,29433,486,465155,48,117732,1944,32,4,644756,1319142,20632192,5276568,25908760,4,4,12,4,4,4,0,20,20,20260807,5,1,1,1,0,0,0,6543,0.272625,1,0.0015,1
2511,22223.3,5,0,2.09608,3.99313,0,0,0,6.08921,361,361,0,1,2.94392,2.94392,1830,367,0,1235,0,0,0,0,0,1339,1785.99,0.953667,29.338,168732,12,29433,486,465155,48,117732,1944,32,4,644756,1319142,20632192,5276568,25908760,4,4,12,4,4,4,0,20,20,20260807,5,1,1,1,0,0,0,6543,0.272625,1,0.0015,0
2512,22239.7,16,0,2.71946,13.6339,0,0,0,16.3534,361,361,0,1,2.94392,2.94392,1830,367,0,1235,0,0,0,0,0,1339,1785.99,0.953667,29.338,168732,12,29433,486,465155,48,117732,1944,32,4,644756,1319142,20632192,5276568,25908760,4,4,12,4,4,4,0,20,20,20260807,5,1,1,1,0,0,0,6543,0.272625,1,0.0015,0
2513,22250.5,11,0,2.17821,8.57333,0,0,0,10.7515,361,361,0,1,2.94392,2.94392,1830,367,0,1235,0,0,0,0,0,1339,1785.99,0.953667,29.338,168732,12,29433,486,465155,48,117732,1944,32,4,644756,1319142,20632192,5276568,25908760,4,4,12,4,4,4,0,20,20,20260807,5,1,1,1,0,0,0,6543,0.272625,1,0.0015,0
2514,22256.5,6,0,2.16008,3.72058,0,0,0,5.88067,361,361,0,1,2.94392,2.94392,1830,367,0,1235,0,0,0,0,0,1339,1785.99,0.953667,29.338,168732,12,29433,486,465155,48,117732,1944,32,4,644756,1319142,20632192,5276568,25908760,4,4,12,4,4,4,0,20,20,20260807,5,1,1,1,0,0,0,6543,0.272625,1,0.0015,0
2515,22267.1,11,0,2.40929,8.15229,0,0,0,10.5616,361,361,0,1,2.94392,2.94392,1830,367,0,1235,0,0,0,0,0,1339,1785.99,0.953667,29.338,168732,12,29433,486,465155,48,117732,1944,32,4,644756,1319142,20632192,5276568,25908760,4,4,12,4,4,4,0,20,20,20260807,5,1,1,1,0,0,0,6544,0.272667,1,0.0015,1
2516,22273.2,6,0,2.12917,3.85596,0,0,0,5.98513,361,361,0,1,2.94392,2.94392,1830,367,0,1235,0,0,0,0,0,1339,1785.99,0.953667,29.338,168732,12,29433,486,465155,48,117732,1944,32,4,644756,1319142,20632192,5276568,25908760,4,4,12,4,4,4,0,20,20,20260807,5,1,1,1,0,0,0,6544,0.272667,1,0.0015,0
2517,22283.7,10,0,2.66779,7.77987,0,0,0,10.4477,361,361,0,1,2.94392,2.94392,1830,367,0,1235,0,0,0,0,0,1339,1785.99,0.953667,29.338,168732,12,29433,486,465155,48,117732,1944,32,4,644756,1319142,20632192,5276568,25908760,4,4,12,4,4,4,0,20,20,20260807,5,1,1,1,0,0,0,6544,0.272667,1,0.0015,0
2518,22290,7,0,2.08617,4.08533,0,0,0,6.1715,361,361,0,1,2.94392,2.94392,1830,367,0,1235,0,0,0,0,0,1339,1785.99,0.953667,29.338,168732,12,29433,486,465155,48,117732,1944,32,4,644756,1319142,20632192,5276568,25908760,4,4,12,4,4,4,0,20,20,20260807,5,1,1,1,0,0,0,6544,0.272667,1,0.0015,0
2519,22300.4,10,0,2.29858,7.95108,0,0,0,10.2497,361,361,0,1,2.94392,2.94392,1830,367,0,1235,0,0,0,0,0,1339,1785.99,0.953667,29.338,168732,12,29433,486,465155,48,117732,1944,32,4,644756,1319142,20632192,5276568,25908760,4,4,12,4,4,4,0,20,20,20260807,5,1,1,1,0,0,0,6544,0.272667,1,0.0015,0
2520,22306.5,6,0,2.01108,4.02333,0,0,0,6.03442,361,361,0,1,2.94392,2.94392,1830,367,0,1235,0,0,0,0,0,1339,1785.99,0.953667,29.338,168732,12,29433,486,465155,48,117732,1944,32,4,644756,1319142,20632192,5276568,25908760,4,4,12,4,4,4,0,20,20,20260807,5,1,1,1,0,0,0,6544,0.272667,1,0.0015,0
2521,22317.1,11,0,2.70246,7.80704,0,0,0,10.5095,361,361,0,1,2.94392,2.94392,1830,367,0,1235,0,0,0,0,0,1339,1785.99,0.953667,29.338,168732,12,29433,486,465155,48,117732,1944,32,4,644756,1319142,20632192,5276568,25908760,4,4,12,4,4,4,0,20,20,20260807,5,1,1,1,0,0,0,6545,0.272708,1,0.0015,1
2522,22323.3,6,0,2.03442,4.09725,0,0,0,6.13167,361,361,0,1,2.94392,2.94392,1830,367,0,1235,0,0,0,0,0,1339,1785.99,0.953667,29.338,168732,12,29433,486,465155,48,117732,1944,32,4,644756,1319142,20632192,5276568,25908760,4,4,12,4,4,4,0,20,20,20260807,5,1,1,1,0,0,0,6545,0.272708,1,0.0015,0
2523,22333.7,10,0,2.17646,8.22779,0,0,0,10.4042,361,361,0,1,2.94392,2.94392,1830,367,0,1235,0,0,0,0,0,1339,1785.99,0.953667,29.338,168732,12,29433,486,465155,48,117732,1944,32,4,644756,1319142,20632192,5276568,25908760,4,4,12,4,4,4,0,20,20,20260807,5,1,1,1,0,0,0,6545,0.272708,1,0.0015,0
2524,22340,7,0,2.10404,4.09638,0,0,0,6.20042,361,361,0,1,2.94392,2.94392,1830,367,0,1235,0,0,0,0,0,1339,1785.99,0.953667,29.338,168732,12,29433,486,465155,48,117732,1944,32,4,644756,1319142,20632192,5276568,25908760,4,4,12,4,4,4,0,20,20,20260807,5,1,1,1,0,0,0,6545,0.272708,1,0.0015,0
2525,22350.3,10,0,2.06667,3.78021,0,0,0,5.84687,361,361,0,1,2.94392,2.94392,1830,367,0,1235,0,0,0,0,0,1339,1785.99,0.953667,29.338,168732,12,29433,486,465155,48,117732,1944,32,4,644756,1319142,20632192,5276568,25908760,4,4,12,4,4,4,0,20,20,20260807,5,1,1,1,0,0,0,6545,0.272708,1,0.0015,0
2526,22356.4,6,0,2.14208,3.87642,0,0,0,6.0185,361,361,0,1,2.94392,2.94392,1830,367,0,1235,0,0,0,0,0,1339,1785.99,0.953667,29.338,168732,12,29433,486,465155,48,117732,1944,32,4,644756,1319142,20632192,5276568,25908760,4,4,12,4,4,4,0,20,20,20260807,5,1,1,1,0,0,0,6545,0.272708,1,0.0015,0
2527,22367.2,11,0,2.21725,8.469,0,0,0,10.6862,361,361,0,1,2.94392,2.94392,1830,367,0,1235,0,0,0,0,0,1339,1785.99,0.953667,29.338,168732,12,29433,486,465155,48,117732,1944,32,4,644756,1319142,20632192,5276568,25908760,4,4,12,4,4,4,0,20,20,20260807,5,1,1,1,0,0,0,6546,0.27275,1,0.0015,1
2528,22374.7,7,0,2.15175,5.25121,0,0,0,7.40296,361,361,0,1,2.94392,2.94392,1830,367,0,1235,0,0,0,0,0,1339,1785.99,0.953667,29.338,168732,12,29433,486,465155,48,117732,1944,32,4,644756,1319142,20632192,5276568,25908760,4,4,12,4,4,4,0,20,20,20260807,5,1,1,1,0,0,0,6546,0.27275,1,0.0015,0
2529,22384,10,0,2.07325,7.14071,0,0,0,9.21396,361,361,0,1,2.94392,2.94392,1830,367,0,1235,0,0,0,0,0,1339,1785.99,0.953667,29.338,168732,12,29433,486,465155,48,117732,1944,32,4,644756,1319142,20632192,5276568,25908760,4,4,12,4,4,4,0,20,20,20260807,5,1,1,1,0,0,0,6546,0.27275,1,0.0015,0
2530,22390,6,0,2.11579,3.76592,0,0,0,5.88171,361,361,0,1,2.94392,2.94392,1830,367,0,1235,0,0,0,0,0,1339,1785.99,0.953667,29.338,168732,12,29433,486,465155,48,117732,1944,32,4,644756,1319142,20632192,5276568,25908760,4,4,12,4,4,4,0,20,20,20260807,5,1,1,1,0,0,0,6546,0.27275,1,0.0015,0
2531,22400.5,10,0,2.19829,8.21646,0,0,0,10.4147,361,361,0,1,2.94392,2.94392,1830,367,0,1235,0,0,0,0,0,1339,1785.99,0.953667,29.338,168732,12,29433,486,465155,48,117732,1944,32,4,644756,1319142,20632192,5276568,25908760,4,4,12,4,4,4,0,20,20,20260807,5,1,1,1,0,0,0,6546,0.27275,1,0.0015,0
2532,22407.3,7,0,2.25379,4.41358,0,0,0,6.66737,361,361,0,1,2.94392,2.94392,1830,367,0,1235,0,0,0,0,0,1339,1785.99,0.953667,29.338,168732,12,29433,486,465155,48,117732,1944,32,4,644756,1319142,20632192,5276568,25908760,4,4,12,4,4,4,0,20,20,20260807,5,1,1,1,0,0,0,6546,0.27275,1,0.0015,0
2533,22417.2,10,0,2.15708,7.69471,0,0,0,9.85179,361,361,0,1,2.94392,2.94392,1830,367,0,1235,0,0,0,0,0,1339,1785.99,0.953667,29.338,168732,12,29433,486,465155,48,117732,1944,32,4,644756,1319142,20632192,5276568,25908760,4,4,12,4,4,4,0,20,20,20260807,5,1,1,1,0,0,0,6547,0.272792,1,0.0015,1
2534,22423.2,6,0,2.26425,3.68788,0,0,0,5.95212,361,361,0,1,2.94392,2.94392,1830,367,0,1235,0,0,0,0,0,1339,1785.99,0.953667,29.338,168732,12,29433,486,465155,48,117732,1944,32,4,644756,1319142,20632192,5276568,25908760,4,4,12,4,4,4,0,20,20,20260807,5,1,1,1,0,0,0,6547,0.272792,1,0.0015,0
2535,22433.8,10,0,4.485,5.97904,0,0,0,10.464,361,361,0,1,2.94392,2.94392,1830,367,0,1235,0,0,0,0,0,1339,1785.99,0.953667,29.338,168732,12,29433,486,465155,48,117732,1944,32,4,644756,1319142,20632192,5276568,25908760,4,4,12,4,4,4,0,20,20,20260807,5,1,1,1,0,0,0,6547,0.272792,1,0.0015,0
2536,22442.8,10,0,2.01321,6.98358,0,0,0,8.99679,361,361,0,1,2.94392,2.94392,1830,367,0,1235,0,0,0,0,0,1339,1785.99,0.953667,29.338,168732,12,29433,486,465155,48,117732,1944,32,4,644756,1319142,20632192,5276568,25908760,4,4,12,4,4,4,0,20,20,20260807,5,1,1,1,0,0,0,6547,0.272792,1,0.0015,0
2537,22451,8,0,2.084,5.99746,0,0,0,8.08146,361,361,0,1,2.94392,2.94392,1830,367,0,1235,0,0,0,0,0,1339,1785.99,0.953667,29.338,168732,12,29433,486,465155,48,117732,1944,32,4,644756,1319142,20632192,5276568,25908760,4,4,12,4,4,4,0,20,20,20260807,5,1,1,1,0,0,0,6547,0.272792,1,0.0015,0
2538,22456,5,0,2.14138,2.82367,0,0,0,4.96504,361,361,0,1,2.94392,2.94392,1830,367,0,1235,0,0,0,0,0,1339,1785.99,0.953667,29.338,168732,12,29433,486,465155,48,117732,1944,32,4,644756,1319142,20632192,5276568,25908760,4,4,12,4,4,4,0,20,20,20260807,5,1,1,1,0,0,0,6547,0.272792,1,0.0015,0
2539,22467.2,11,0,2.23167,8.81192,0,0,0,11.0436,361,361,0,1,2.94392,2.94392,1830,367,0,1235,0,0,0,0,0,1339,1785.99,0.953667,29.338,168732,12,29433,486,465155,48,117732,1944,32,4,644756,1319142,20632192,5276568,25908760,4,4,12,4,4,4,0,20,20,20260807,5,1,1,1,0,0,0,6548,0.272833,1,0.0015,1
2540,22478.5,11,0,2.14562,9.07537,0,0,0,11.221,361,361,0,1,2.94392,2.94392,1830,367,0,1235,0,0,0,0,0,1339,1785.99,0.953667,29.338,168732,12,29433,486,465155,48,117732,1944,32,4,644756,1319142,20632192,5276568,25908760,4,4,12,4,4,4,0,20,20,20260807,5,1,1,1,0,0,0,6548,0.272833,1,0.0015,0
2541,22483.8,6,0,2.02292,3.24325,0,0,0,5.26617,361,361,0,1,2.94392,2.94392,1830,367,0,1235,0,0,0,0,0,1339,1785.99,0.953667,29.338,168732,12,29433,486,465155,48,117732,1944,32,4,644756,1319142,20632192,5276568,25908760,4,4,12,4,4,4,0,20,20,20260807,5,1,1,1,0,0,0,6548,0.272833,1,0.0015,0
2542,22489.4,5,0,2.09896,3.45921,0,0,0,5.55817,361,361,0,1,2.94392,2.94392,1830,367,0,1235,0,0,0,0,0,1339,1785.99,0.953667,29.338,168732,12,29433,486,465155,48,117732,1944,32,4,644756,1319142,20632192,5276568,25908760,4,4,12,4,4,4,0,20,20,20260807,5,1,1,1,0,0,0,6548,0.272833,1,0.0015,0
2543,22500.6,11,0,2.31925,8.76988,0,0,0,11.0891,361,361,0,1,2.94392,2.94392,1830,367,0,1235,0,0,0,0,0,1339,1785.99,0.953667,29.338,168732,12,29433,486,465155,48,117732,1944,32,4,644756,1319142,20632192,5276568,25908760,4,4,12,4,4,4,0,20,20,20260807,5,1,1,1,0,0,0,6548,0.272833,1,0.0015,0
2544,22506,6,0,2.1945,3.09662,0,0,0,5.29113,361,361,0,1,2.94392,2.94392,1830,367,0,1235,0,0,0,0,0,1339,1785.99,0.953667,29.338,168732,12,29433,486,465155,48,117732,1944,32,4,644756,1319142,20632192,5276568,25908760,4,4,12,4,4,4,0,20,20,20260807,5,1,1,1,0,0,0,6548,0.272833,1,0.0015,0
2545,22517.2,11,0,2.19238,8.94696,0,0,0,11.1393,361,361,0,1,2.94392,2.94392,1830,367,0,1235,0,0,0,0,0,1339,1785.99,0.953667,29.338,168732,12,29433,486,465155,48,117732,1944,32,4,644756,1319142,20632192,5276568,25908760,4,4,12,4,4,4,0,20,20,20260807,5,1,1,1,0,0,0,6549,0.272875,1,0.0015,1
2546,22523.3,6,0,2.18354,3.7755,0,0,0,5.95904,361,361,0,1,2.94392,2.94392,1830,367,0,1235,0,0,0,0,0,1339,1785.99,0.953667,29.338,168732,12,29433,486,465155,48,117732,1944,32,4,644756,1319142,20632192,5276568,25908760,4,4,12,4,4,4,0,20,20,20260807,5,1,1,1,0,0,0,6549,0.272875,1,0.0015,0
2547,22533.9,11,0,2.21958,8.31279,0,0,0,10.5324,361,361,0,1,2.94392,2.94392,1830,367,0,1235,0,0,0,0,0,1339,1785.99,0.953667,29.338,168732,12,29433,486,465155,48,117732,1944,32,4,644756,1319142,20632192,5276568,25908760,4,4,12,4,4,4,0,20,20,20260807,5,1,1,1,0,0,0,6549,0.272875,1,0.0015,0
2548,22541.6,7,0,2.16392,5.45692,0,0,0,7.62083,361,361,0,1,2.94392,2.94392,1830,367,0,1235,0,0,0,0,0,1339,1785.99,0.953667,29.338,168732,12,29433,486,465155,48,117732,1944,32,4,644756,1319142,20632192,5276568,25908760,4,4,12,4,4,4,0,20,20,20260807,5,1,1,1,0,0,0,6549,0.272875,1,0.0015,0
2549,22550.8,10,0,2.11771,7.03229,0,0,0,9.15,361,361,0,1,2.94392,2.94392,1830,367,0,1235,0,0,0,0,0,1339,1785.99,0.953667,29.338,168732,12,29433,486,465155,48,117732,1944,32,4,644756,1319142,20632192,5276568,25908760,4,4,12,4,4,4,0,20,20,20260807,5,1,1,1,0,0,0,6549,0.272875,1,0.0015,0
2550,22558.1,7,0,2.13692,5.0315,0,0,0,7.16842,361,361,0,1,2.94392,2.94392,1830,367,0,1235,0,0,0,0,0,1339,1785.99,0.953667,29.338,168732,12,29433,486,465155,48,117732,1944,32,4,644756,1319142,20632192,5276568,25908760,4,4,12,4,4,4,0,20,20,20260807,5,1,1,1,0,0,0,6549,0.272875,1,0.0015,0
2551,22567.1,9,0,2.11575,6.80533,0,0,0,8.92108,361,361,0,1,2.94392,2.94392,1830,367,0,1235,0,0,0,0,0,1339,1785.99,0.953667,29.338,168732,12,29433,486,465155,48,117732,1944,32,4,644756,1319142,20632192,5276568,25908760,4,4,12,4,4,4,0,20,20,20260807,5,1,1,1,0,0,0,6550,0.272917,1,0.0015,1
2552,22573.7,6,0,2.06067,4.40508,0,0,0,6.46575,361,361,0,1,2.94392,2.94392,1830,367,0,1235,0,0,0,0,0,1339,1785.99,0.953667,29.338,168732,12,29433,486,465155,48,117732,1944,32,4,644756,1319142,20632192,5276568,25908760,4,4,12,4,4,4,0,20,20,20260807,5,1,1,1,0,0,0,6550,0.272917,1,0.0015,0
2553,22583.8,11,0,2.30183,7.7425,0,0,0,10.0443,361,361,0,1,2.94392,2.94392,1830,367,0,1235,0,0,0,0,0,1339,1785.99,0.953667,29.338,168732,12,29433,486,465155,48,117732,1944,32,4,644756,1319142,20632192,5276568,25908760,4,4,12,4,4,4,0,20,20,20260807,5,1,1,1,0,0,0,6550,0.272917,1,0.0015,0
2554,22589.2,5,0,2.26821,3.02475,0,0,0,5.29296,361,361,0,1,2.94392,2.94392,1830,367,0,1235,0,0,0,0,0,1339,1785.99,0.953667,29.338,168732,12,29433,486,465155,48,117732,1944,32,4,644756,1319142,20632192,5276568,25908760,4,4,12,4,4,4,0,20,20,20260807,5,1,1,1,0,0,0,6550,0.272917,1,0.0015,0
2555,22601.4,12,0,2.38058,9.79167,0,0,0,12.1723,361,361,0,1,2.94392,2.94392,1830,367,0,1235,0,0,0,0,0,1339,1785.99,0.953667,29.338,168732,12,29433,486,465155,48,117732,1944,32,4,644756,1319142,20632192,5276568,25908760,4,4,12,4,4,4,0,20,20,20260807,5,1,1,1,0,0,0,6550,0.272917,1,0.0015,0
2556,22606.8,6,0,2.22554,3.05362,0,0,0,5.27917,361,361,0,1,2.94392,2.94392,1830,367,0,1235,0,0,0,0,0,1339,1785.99,0.953667,29.338,168732,12,29433,486,465155,48,117732,1944,32,4,644756,1319142,20632192,5276568,25908760,4,4,12,4,4,4,0,20,20,20260807,5,1,1,1,0,0,0,6550,0.272917,1,0.0015,0
2557,22617.6,10,0,2.47375,8.24904,0,0,0,10.7228,361,361,0,1,2.94392,2.94392,1830,367,0,1235,0,0,0,0,0,1339,1785.99,0.953667,29.338,168732,12,29433,486,465155,48,117732,1944,32,4,644756,1319142,20632192,5276568,25908760,4,4,12,4,4,4,0,20,20,20260807,5,1,1,1,0,0,0,6551,0.272958,1,0.0015,1
2558,22626.9,10,0,2.23879,6.98337,0,0,0,9.22217,361,361,0,1,2.94392,2.94392,1830,367,0,1235,0,0,0,0,0,1339,1785.99,0.953667,29.338,168732,12,29433,486,465155,48,117732,1944,32,4,644756,1319142,20632192,5276568,25908760,4,4,12,4,4,4,0,20,20,20260807,5,1,1,1,0,0,0,6551,0.272958,1,0.0015,0
2559,22634,7,0,2.25988,4.66113,0,0,0,6.921,361,361,0,1,2.94392,2.94392,1830,367,0,1235,0,0,0,0,0,1339,1785.99,0.953667,29.338,168732,12,29433,486,465155,48,117732,1944,32,4,644756,1319142,20632192,5276568,25908760,4,4,12,4,4,4,0,20,20,20260807,5,1,1,1,0,0,0,6551,0.272958,1,0.0015,0
2560,22640,6,0,2.28117,3.68229,0,0,0,5.96346,361,361,0,1,2.94392,2.94392,1830,367,0,1235,0,0,0,0,0,1339,1785.99,0.953667,29.338,168732,12,29433,486,465155,48,117732,1944,32,4,644756,1319142,20632192,5276568,25908760,4,4,12,4,4,4,0,20,20,20260807,5,1,1,1,0,0,0,6551,0.272958,1,0.0015,0
2561,22651.5,11,0,2.27658,9.1485,0,0,0,11.4251,361,361,0,1,2.94392,2.94392,1830,367,0,1235,0,0,0,0,0,1339,1785.99,0.953667,29.338,168732,12,29433,486,465155,48,117732,1944,32,4,644756,1319142,20632192,5276568,25908760,4,4,12,4,4,4,0,20,20,20260807,5,1,1,1,0,0,0,6551,0.272958,1,0.0015,0
2562,22657.5,6,0,2.24158,3.627,0,0,0,5.86858,361,361,0,1,2.94392,2.94392,1830,367,0,1235,0,0,0,0,0,1339,1785.99,0.953667,29.338,168732,12,29433,486,465155,48,117732,1944,32,4,644756,1319142,20632192,5276568,25908760,4,4,12,4,4,4,0,20,20,20260807,5,1,1,1,0,0,0,6551,0.272958,1,0.0015,0
2563,22667.2,11,0,2.39754,7.25429,0,0,0,9.65183,361,361,0,1,2.94392,2.94392,1830,367,0,1235,0,0,0,0,0,1339,1785.99,0.953667,29.338,168732,12,29433,486,465155,48,117732,1944,32,4,644756,1319142,20632192,5276568,25908760,4,4,12,4,4,4,0,20,20,20260807,5,1,1,1,0,0,0,6552,0.273,1,0.0015,1
2564,22674.3,7,0,3.14279,3.8115,0,0,0,6.95429,361,361,0,1,2.94392,2.94392,1830,367,0,1235,0,0,0,0,0,1339,1785.99,0.953667,29.338,168732,12,29433,486,465155,48,117732,1944,32,4,644756,1319142,20632192,5276568,25908760,4,4,12,4,4,4,0,20,20,20260807,5,1,1,1,0,0,0,6552,0.273,1,0.0015,0
2565,22684.5,10,0,2.24408,7.93917,0,0,0,10.1832,361,361,0,1,2.94392,2.94392,1830,367,0,1235,0,0,0,0,0,1339,1785.99,0.953667,29.338,168732,12,29433,486,465155,48,117732,1944,32,4,644756,1319142,20632192,5276568,25908760,4,4,12,4,4,4,0,20,20,20260807,5,1,1,1,0,0,0,6552,0.273,1,0.0015,0
2566,22690.6,6,0,2.22596,3.81663,0,0,0,6.04258,361,361,0,1,2.94392,2.94392,1830,367,0,1235,0,0,0,0,0,1339,1785.99,0.953667,29.338,168732,12,29433,486,465155,48,117732,1944,32,4,644756,1319142,20632192,5276568,25908760,4,4,12,4,4,4,0,20,20,20260807,5,1,1,1,0,0,0,6552,0.273,1,0.0015,0
2567,22700.9,11,0,2.15429,8.02108,0,0,0,10.1754,361,361,0,1,2.94392,2.94392,1830,367,0,1235,0,0,0,0,0,1339,1785.99,0.953667,29.338,168732,12,29433,486,465155,48,117732,1944,32,4,644756,1319142,20632192,5276568,25908760,4,4,12,4,4,4,0,20,20,20260807,5,1,1,1,0,0,0,6552,0.273,1,0.0015,0
2568,22707.7,6,0,2.15467,4.61196,0,0,0,6.76663,361,361,0,1,2.94392,2.94392,1830,367,0,1235,0,0,0,0,0,1339,1785.99,0.953667,29.338,168732,12,29433,486,465155,48,117732,1944,32,4,644756,1319142,20632192,5276568,25908760,4,4,12,4,4,4,0,20,20,20260807,5,1,1,1,0,0,0,6552,0.273,1,0.0015,0
2569,22717.6,10,0,2.26033,7.51179,0,0,0,9.77213,361,361,0,1,2.94392,2.94392,1830,367,0,1235,0,0,0,0,0,1339,1785.99,0.953667,29.338,168732,12,29433,486,465155,48,117732,1944,32,4,644756,1319142,20632192,5276568,25908760,4,4,12,4,4,4,0,20,20,20260807,5,1,1,1,0,0,0,6553,0.273042,1,0.0015,1
2570,22724,7,0,2.31471,4.04296,0,0,0,6.35767,361,361,0,1,2.94392,2.94392,1830,367,0,1235,0,0,0,0,0,1339,1785.99,0.953667,29.338,168732,12,29433,486,465155,48,117732,1944,32,4,644756,1319142,20632192,5276568,25908760,4,4,12,4,4,4,0,20,20,20260807,5,1,1,1,0,0,0,6553,0.273042,1,0.0015,0
2571,22734.7,10,0,2.17754,8.374,0,0,0,10.5515,361,361,0,1,2.94392,2.94392,1830,367,0,1235,0,0,0,0,0,1339,1785.99,0.953667,29.338,168732,12,29433,486,465155,48,117732,1944,32,4,644756,1319142,20632192,5276568,25908760,4,4,12,4,4,4,0,20,20,20260807,5,1,1,1,0,0,0,6553,0.273042,1,0.0015,0
2572,22743.9,10,0,5.37683,3.79488,0,0,0,9.17171,361,361,0,1,2.94392,2.94392,1830,367,0,1235,0,0,0,0,0,1339,1785.99,0.953667,29.338,168732,12,29433,486,465155,48,117732,1944,32,4,644756,1319142,20632192,5276568,25908760,4,4,12,4,4,4,0,20,20,20260807,5,1,1,1,0,0,0,6553,0.273042,1,0.0015,0
2573,22751.6,7,0,2.18167,5.40829,0,0,0,7.58996,361,361,0,1,2.94392,2.94392,1830,367,0,1235,0,0,0,0,0,1339,1785.99,0.953667,29.338,168732,12,29433,486,465155,48,117732,1944,32,4,644756,1319142,20632192,5276568,25908760,4,4,12,4,4,4,0,20,20,20260807,5,1,1,1,0,0,0,6553,0.273042,1,0.0015,0
2574,22758.3,7,0,2.18854,4.40217,0,0,0,6.59071,361,361,0,1,2.94392,2.94392,1830,367,0,1235,0,0,0,0,0,1339,1785.99,0.953667,29.338,168732,12,29433,486,465155,48,117732,1944,32,4,644756,1319142,20632192,5276568,25908760,4,4,12,4,4,4,0,20,20,20260807,5,1,1,1,0,0,0,6553,0.273042,1,0.0015,0
2575,22767.2,9,0,2.11571,6.71258,0,0,0,8.82829,361,361,0,1,2.94392,2.94392,1830,367,0,1235,0,0,0,0,0,1339,1785.99,0.953667,29.338,168732,12,29433,486,465155,48,117732,1944,32,4,644756,1319142,20632192,5276568,25908760,4,4,12,4,4,4,0,20,20,20260807,5,1,1,1,0,0,0,6554,0.273083,1,0.0015,1
2576,22773.2,6,0,2.149,3.81183,0,0,0,5.96083,361,361,0,1,2.94392,2.94392,1830,367,0,1235,0,0,0,0,0,1339,1785.99,0.953667,29.338,168732,12,29433,486,465155,48,117732,1944,32,4,644756,1319142,20632192,5276568,25908760,4,4,12,4,4,4,0,20,20,20260807,5,1,1,1,0,0,0,6554,0.273083,1,0.0015,0
2577,22783.9,11,0,2.42942,8.12058,0,0,0,10.55,361,361,0,1,2.94392,2.94392,1830,367,0,1235,0,0,0,0,0,1339,1785.99,0.953667,29.338,168732,12,29433,486,465155,48,117732,1944,32,4,644756,1319142,20632192,5276568,25908760,4,4,12,4,4,4,0,20,20,20260807,5,1,1,1,0,0,0,6554,0.273083,1,0.0015,0
2578,22791.6,7,0,2.24125,5.39425,0,0,0,7.6355,361,361,0,1,2.94392,2.94392,1830,367,0,1235,0,0,0,0,0,1339,1785.99,0.953667,29.338,168732,12,29433,486,465155,48,117732,1944,32,4,644756,1319142,20632192,5276568,25908760,4,4,12,4,4,4,0,20,20,20260807,5,1,1,1,0,0,0,6554,0.273083,1,0.0015,0
2579,22800.5,9,0,2.09279,6.76621,0,0,0,8.859,361,361,0,1,2.94392,2.94392,1830,367,0,1235,0,0,0,0,0,1339,1785.99,0.953667,29.338,168732,12,29433,486,465155,48,117732,1944,32,4,644756,1319142,20632192,5276568,25908760,4,4,12,4,4,4,0,20,20,20260807,5,1,1,1,0,0,0,6554,0.273083,1,0.0015,0
2580,22812.3,12,0,2.16217,9.51275,0,0,0,11.6749,361,361,0,1,2.94392,2.94392,1830,367,0,1235,0,0,0,0,0,1339,1785.99,0.953667,29.338,168732,12,29433,486,465155,48,117732,1944,32,4,644756,1319142,20632192,5276568,25908760,4,4,12,4,4,4,0,20,20,20260807,5,1,1,1,0,0,0,6554,0.273083,1,0.0015,0
2581,22817.6,5,0,2.2985,2.90137,0,0,0,5.19987,361,361,0,1,2.94392,2.94392,1830,367,0,1235,0,0,0,0,0,1339,1785.99,0.953667,29.338,168732,12,29433,486,465155,48,117732,1944,32,4,644756,1319142,20632192,5276568,25908760,4,4,12,4,4,4,0,20,20,20260807,5,1,1,1,0,0,0,6555,0.273125,1,0.0015,1
2582,22823.3,6,0,2.11575,3.53858,0,0,0,5.65433,361,361,0,1,2.94392,2.94392,1830,367,0,1235,0,0,0,0,0,1339,1785.99,0.953667,29.338,168732,12,29433,486,465155,48,117732,1944,32,4,644756,1319142,20632192,5276568,25908760,4,4,12,4,4,4,0,20,20,20260807,5,1,1,1,0,0,0,6555,0.273125,1,0.0015,0
2583,22833.8,11,0,2.27396,8.108,0,0,0,10.382,361,361,0,1,2.94392,2.94392,1830,367,0,1235,0,0,0,0,0,1339,1785.99,0.953667,29.338,168732,12,29433,486,465155,48,117732,1944,32,4,644756,1319142,20632192,5276568,25908760,4,4,12,4,4,4,0,20,20,20260807,5,1,1,1,0,0,0,6555,0.273125,1,0.0015,0
2584,22840.1,6,0,2.25008,4.04342,0,0,0,6.2935,361,361,0,1,2.94392,2.94392,1830,367,0,1235,0,0,0,0,0,1339,1785.99,0.953667,29.338,168732,12,29433,486,465155,48,117732,1944,32,4,644756,1319142,20632192,5276568,25908760,4,4,12,4,4,4,0,20,20,20260807,5,1,1,1,0,0,0,6555,0.273125,1,0.0015,0
2585,22851.2,11,0,2.25371,8.70354,0,0,0,10.9573,361,361,0,1,2.94392,2.94392,1830,367,0,1235,0,0,0,0,0,1339,1785.99,0.953667,29.338,168732,12,29433,486,465155,48,117732,1944,32,4,644756,1319142,20632192,5276568,25908760,4,4,12,4,4,4,0,20,20,20260807,5,1,1,1,0,0,0,6555,0.273125,1,0.0015,0
2586,22857.8,7,0,2.18987,4.35529,0,0,0,6.54517,361,361,0,1,2.94392,2.94392,1830,367,0,1235,0,0,0,0,0,1339,1785.99,0.953667,29.338,168732,12,29433,486,465155,48,117732,1944,32,4,644756,1319142,20632192,5276568,25908760,4,4,12,4,4,4,0,20,20,20260807,5,1,1,1,0,0,0,6555,0.273125,1,0.0015,0
2587,22869.6,11,0,2.13563,9.54471,0,0,0,11.6803,361,361,0,1,2.94392,2.94392,1830,367,0,1235,0,0,0,0,0,1339,1785.99,0.953667,29.338,168732,12,29433,486,465155,48,117732,1944,32,4,644756,1319142,20632192,5276568,25908760,4,4,12,4,4,4,0,20,20,20260807,5,1,1,1,0,0,0,6556,0.273167,1,0.0015,1
2588,22875.6,6,0,2.1955,3.64213,0,0,0,5.83763,361,361,0,1,2.94392,2.94392,1830,367,0,1235,0,0,0,0,0,1339,1785.99,0.953667,29.338,168732,12,29433,486,465155,48,117732,1944,32,4,644756,1319142,20632192,5276568,25908760,4,4,12,4,4,4,0,20,20,20260807,5,1,1,1,0,0,0,6556,0.273167,1,0.0015,0
2589,22884.1,9,0,2.13171,6.33792,0,0,0,8.46963,361,361,0,1,2.94392,2.94392,1830,367,0,1235,0,0,0,0,0,1339,1785.99,0.953667,29.338,168732,12,29433,486,465155,48,117732,1944,32,4,644756,1319142,20632192,5276568,25908760,4,4,12,4,4,4,0,20,20,20260807,5,1,1,1,0,0,0,6556,0.273167,1,0.0015,0
2590,22890.2,6,0,2.20758,3.79679,0,0,0,6.00437,361,361,0,1,2.94392,2.94392,1830,367,0,1235,0,0,0,0,0,1339,1785.99,0.953667,29.338,168732,12,29433,486,465155,48,117732,1944,32,4,644756,1319142,20632192,5276568,25908760,4,4,12,4,4,4,0,20,20,20260807,5,1,1,1,0,0,0,6556,0.273167,1,0.0015,0
2591,22900.8,11,0,2.2755,8.20708,0,0,0,10.4826,361,361,0,1,2.94392,2.94392,1830,367,0,1235,0,0,0,0,0,1339,1785.99,0.953667,29.338,168732,12,29433,486,465155,48,117732,1944,32,4,644756,1319142,20632192,5276568,25908760,4,4,12,4,4,4,0,20,20,20260807,5,1,1,1,0,0,0,6556,0.273167,1,0.0015,0
2592,22907.9,7,0,2.30342,4.70254,0,0,0,7.00596,361,361,0,1,2.94392,2.94392,1830,367,0,1235,0,0,0,0,0,1339,1785.99,0.953667,29.338,168732,12,29433,486,465155,48,117732,1944,32,4,644756,1319142,20632192,5276568,25908760,4,4,12,4,4,4,0,20,20,20260807,5,1,1,1,0,0,0,6556,0.273167,1,0.0015,0
2593,22917.4,9,0,2.22379,7.14267,0,0,0,9.36646,361,361,0,1,2.94392,2.94392,1830,367,0,1235,0,0,0,0,0,1339,1785.99,0.953667,29.338,168732,12,29433,486,465155,48,117732,1944,32,4,644756,1319142,20632192,5276568,25908760,4,4,12,4,4,4,0,20,20,20260807,5,1,1,1,0,0,0,6557,0.273208,1,0.0015,1
2594,22924.5,7,0,2.41371,4.58746,0,0,0,7.00117,361,361,0,1,2.94392,2.94392,1830,367,0,1235,0,0,0,0,0,1339,1785.99,0.953667,29.338,168732,12,29433,486,465155,48,117732,1944,32,4,644756,1319142,20632192,5276568,25908760,4,4,12,4,4,4,0,20,20,20260807,5,1,1,1,0,0,0,6557,0.273208,1,0.0015,0
2595,22934.1,10,0,2.09888,7.47112,0,0,0,9.57,361,361,0,1,2.94392,2.94392,1830,367,0,1235,0,0,0,0,0,1339,1785.99,0.953667,29.338,168732,12,29433,486,465155,48,117732,1944,32,4,644756,1319142,20632192,5276568,25908760,4,4,12,4,4,4,0,20,20,20260807,5,1,1,1,0,0,0,6557,0.273208,1,0.0015,0
2596,22939.3,5,0,2.20042,2.87175,0,0,0,5.07217,361,361,0,1,2.94392,2.94392,1830,367,0,1235,0,0,0,0,0,1339,1785.99,0.953667,29.338,168732,12,29433,486,465155,48,117732,1944,32,4,644756,1319142,20632192,5276568,25908760,4,4,12,4,4,4,0,20,20,20260807,5,1,1,1,0,0,0,6557,0.273208,1,0.0015,0
2597,22960.2,21,0,2.24642,18.5857,0,0,0,20.8321,361,361,0,1,2.94392,2.94392,1830,367,0,1235,0,0,0,0,0,1339,1785.99,0.953667,29.338,168732,12,29433,486,465155,48,117732,1944,32,4,644756,1319142,20632192,5276568,25908760,4,4,12,4,4,4,0,20,20,20260807,5,1,1,1,0,0,0,6557,0.273208,1,0.0015,0
2598,22969.7,9,0,2.17046,7.26125,0,0,0,9.43171,361,361,0,1,2.94392,2.94392,1830,367,0,1235,0,0,0,0,0,1339,1785.99,0.953667,29.338,168732,12,29433,486,465155,48,117732,1944,32,4,644756,1319142,20632192,5276568,25908760,4,4,12,4,4,4,0,20,20,20260807,5,1,1,1,0,0,0,6558,0.27325,1,0.0015,1
2599,22978.9,10,0,3.03917,6.11017,0,0,0,9.14933,361,361,0,1,2.94392,2.94392,1830,367,0,1235,0,0,0,0,0,1339,1785.99,0.953667,29.338,168732,12,29433,486,465155,48,117732,1944,32,4,644756,1319142,20632192,5276568,25908760,4,4,12,4,4,4,0,20,20,20260807,5,1,1,1,0,0,0,6558,0.27325,1,0.0015,0
2600,22991.3,12,0,2.18529,10.1148,0,0,0,12.3001,361,361,0,1,2.94392,2.94392,1830,367,0,1235,0,0,0,0,0,1339,1785.99,0.953667,29.338,168732,12,29433,486,465155,48,117732,1944,32,4,644756,1319142,20632192,5276568,25908760,4,4,12,4,4,4,0,20,20,20260807,5,1,1,1,0,0,0,6558,0.27325,1,0.0015,0
2601,23001.1,10,0,2.13108,7.53796,0,0,0,9.66904,361,361,0,1,2.94392,2.94392,1830,367,0,1235,0,0,0,0,0,1339,1785.99,0.953667,29.338,168732,12,29433,486,465155,48,117732,1944,32,4,644756,1319142,20632192,5276568,25908760,4,4,12,4,4,4,0,20,20,20260807,5,1,1,1,0,0,0,6558,0.27325,1,0.0015,0
2602,23009.1,8,0,2.24454,5.69775,0,0,0,7.94229,361,361,0,1,2.94392,2.94392,1830,367,0,1235,0,0,0,0,0,1339,1785.99,0.953667,29.338,168732,12,29433,486,465155,48,117732,1944,32,4,644756,1319142,20632192,5276568,25908760,4,4,12,4,4,4,0,20,20,20260807,5,1,1,1,0,0,0,6558,0.27325,1,0.0015,0
2603,23019.4,10,0,2.29363,7.92379,0,0,0,10.2174,361,361,0,1,2.94392,2.94392,1830,367,0,1235,0,0,0,0,0,1339,1785.99,0.953667,29.338,168732,12,29433,486,465155,48,117732,1944,32,4,644756,1319142,20632192,5276568,25908760,4,4,12,4,4,4,0,20,20,20260807,5,1,1,1,0,0,0,6559,0.273292,1,0.0015,1
2604,23026.1,7,0,2.06796,4.49029,0,0,0,6.55825,361,361,0,1,2.94392,2.94392,1830,367,0,1235,0,0,0,0,0,1339,1785.99,0.953667,29.338,168732,12,29433,486,465155,48,117732,1944,32,4,644756,1319142,20632192,5276568,25908760,4,4,12,4,4,4,0,20,20,20260807,5,1,1,1,0,0,0,6559,0.273292,1,0.0015,0
2605,23034.3,8,0,2.30638,5.79783,0,0,0,8.10421,361,361,0,1,2.94392,2.94392,1830,367,0,1235,0,0,0,0,0,1339,1785.99,0.953667,29.338,168732,12,29433,486,465155,48,117732,1944,32,4,644756,1319142,20632192,5276568,25908760,4,4,12,4,4,4,0,20,20,20260807,5,1,1,1,0,0,0,6559,0.273292,1,0.0015,0
2606,23039.8,6,0,2.33158,3.12271,0,0,0,5.45429,361,361,0,1,2.94392,2.94392,1830,367,0,1235,0,0,0,0,0,1339,1785.99,0.953667,29.338,168732,12,29433,486,465155,48,117732,1944,32,4,644756,1319142,20632192,5276568,25908760,4,4,12,4,4,4,0,20,20,20260807,5,1,1,1,0,0,0,6559,0.273292,1,0.0015,0
2607,23050.8,11,0,2.69675,8.232,0,0,0,10.9288,361,361,0,1,2.94392,2.94392,1830,367,0,1235,0,0,0,0,0,1339,1785.99,0.953667,29.338,168732,12,29433,486,465155,48,117732,1944,32,4,644756,1319142,20632192,5276568,25908760,4,4,12,4,4,4,0,20,20,20260807,5,1,1,1,0,0,0,6559,0.273292,1,0.0015,0
2608,23056.3,5,0,2.35442,2.97975,0,0,0,5.33417,361,361,0,1,2.94392,2.94392,1830,367,0,1235,0,0,0,0,0,1339,1785.99,0.953667,29.338,168732,12,29433,486,465155,48,117732,1944,32,4,644756,1319142,20632192,5276568,25908760,4,4,12,4,4,4,0,20,20,20260807,5,1,1,1,0,0,0,6559,0.273292,1,0.0015,0
2609,23068,12,0,2.41304,9.22096,0,0,0,11.634,361,361,0,1,2.94392,2.94392,1830,367,0,1235,0,0,0,0,0,1339,1785.99,0.953667,29.338,168732,12,29433,486,465155,48,117732,1944,32,4,644756,1319142,20632192,5276568,25908760,4,4,12,4,4,4,0,20,20,20260807,5,1,1,1,0,0,0,6560,0.273333,1,0.0015,1
2610,23073.8,6,0,2.183,3.59875,0,0,0,5.78175,361,361,0,1,2.94392,2.94392,1830,367,0,1235,0,0,0,0,0,1339,1785.99,0.953667,29.338,168732,12,29433,486,465155,48,117732,1944,32,4,644756,1319142,20632192,5276568,25908760,4,4,12,4,4,4,0,20,20,20260807,5,1,1,1,0,0,0,6560,0.273333,1,0.0015,0
2611,23084.4,10,0,2.53258,7.9165,0,0,0,10.4491,361,361,0,1,2.94392,2.94392,1830,367,0,1235,0,0,0,0,0,1339,1785.99,0.953667,29.338,168732,12,29433,486,465155,48,117732,1944,32,4,644756,1319142,20632192,5276568,25908760,4,4,12,4,4,4,0,20,20,20260807,5,1,1,1,0,0,0,6560,0.273333,1,0.0015,0
2612,23090.2,6,0,2.14575,3.59896,0,0,0,5.74471,361,361,0,1,2.94392,2.94392,1830,367,0,1235,0,0,0,0,0,1339,1785.99,0.953667,29.338,168732,12,29433,486,465155,48,117732,1944,32,4,644756,1319142,20632192,5276568,25908760,4,4,12,4,4,4,0,20,20,20260807,5,1,1,1,0,0,0,6560,0.273333,1,0.0015,0
2613,23100.8,11,0,2.29917,8.21888,0,0,0,10.518,361,361,0,1,2.94392,2.94392,1830,367,0,1235,0,0,0,0,0,1339,1785.99,0.953667,29.338,168732,12,29433,486,465155,48,117732,1944,32,4,644756,1319142,20632192,5276568,25908760,4,4,12,4,4,4,0,20,20,20260807,5,1,1,1,0,0,0,6560,0.273333,1,0.0015,0
2614,23106.1,5,0,2.15442,3.09196,0,0,0,5.24637,361,361,0,1,2.94392,2.94392,1830,367,0,1235,0,0,0,0,0,1339,1785.99,0.953667,29.338,168732,12,29433,486,465155,48,117732,1944,32,4,644756,1319142,20632192,5276568,25908760,4,4,12,4,4,4,0,20,20,20260807,5,1,1,1,0,0,0,6560,0.273333,1,0.0015,0
2615,23117.2,11,0,2.753,8.26679,0,0,0,11.0198,361,361,0,1,2.94392,2.94392,1830,367,0,1235,0,0,0,0,0,1339,1785.99,0.953667,29.338,168732,12,29433,486,465155,48,117732,1944,32,4,644756,1319142,20632192,5276568,25908760,4,4,12,4,4,4,0,20,20,20260807,5,1,1,1,0,0,0,6561,0.273375,1,0.0015,1
2616,23123.2,6,0,2.46783,3.4115,0,0,0,5.87933,361,361,0,1,2.94392,2.94392,1830,367,0,1235,0,0,0,0,0,1339,1785.99,0.953667,29.338,168732,12,29433,486,465155,48,117732,1944,32,4,644756,1319142,20632192,5276568,25908760,4,4,12,4,4,4,0,20,20,20260807,5,1,1,1,0,0,0,6561,0.273375,1,0.0015,0
2617,23134.3,11,0,2.25621,8.77217,0,0,0,11.0284,361,361,0,1,2.94392,2.94392,1830,367,0,1235,0,0,0,0,0,1339,1785.99,0.953667,29.338,168732,12,29433,486,465155,48,117732,1944,32,4,644756,1319142,20632192,5276568,25908760,4,4,12,4,4,4,0,20,20,20260807,5,1,1,1,0,0,0,6561,0.273375,1,0.0015,0
2618,23139.7,5,0,2.20725,3.08308,0,0,0,5.29033,361,361,0,1,2.94392,2.94392,1830,367,0,1235,0,0,0,0,0,1339,1785.99,0.953667,29.338,168732,12,29433,486,465155,48,117732,1944,32,4,644756,1319142,20632192,5276568,25908760,4,4,12,4,4,4,0,20,20,20260807,5,1,1,1,0,0,0,6561,0.273375,1,0.0015,0
2619,23151.3,12,0,3.29425,8.21612,0,0,0,11.5104,361,361,0,1,2.94392,2.94392,1830,367,0,1235,0,0,0,0,0,1339,1785.99,0.953667,29.338,168732,12,29433,486,465155,48,117732,1944,32,4,644756,1319142,20632192,5276568,25908760,4,4,12,4,4,4,0,20,20,20260807,5,1,1,1,0,0,0,6561,0.273375,1,0.0015,0
2620,23156.8,6,0,2.23704,3.22104,0,0,0,5.45808,361,361,0,1,2.94392,2.94392,1830,367,0,1235,0,0,0,0,0,1339,1785.99,0.953667,29.338,168732,12,29433,486,465155,48,117732,1944,32,4,644756,1319142,20632192,5276568,25908760,4,4,12,4,4,4,0,20,20,20260807,5,1,1,1,0,0,0,6561,0.273375,1,0.0015,0
2621,23167.2,10,0,2.28575,8.06363,0,0,0,10.3494,361,361,0,1,2.94392,2.94392,1830,367,0,1235,0,0,0,0,0,1339,1785.99,0.953667,29.338,168732,12,29433,486,465155,48,117732,1944,32,4,644756,1319142,20632192,5276568,25908760,4,4,12,4,4,4,0,20,20,20260807,5,1,1,1,0,0,0,6562,0.273417,1,0.0015,1
2622,23173.5,6,0,2.27308,3.84808,0,0,0,6.12117,361,361,0,1,2.94392,2.94392,1830,367,0,1235,0,0,0,0,0,1339,1785.99,0.953667,29.338,168732,12,29433,486,465155,48,117732,1944,32,4,644756,1319142,20632192,5276568,25908760,4,4,12,4,4,4,0,20,20,20260807,5,1,1,1,0,0,0,6562,0.273417,1,0.0015,0
2623,23184,11,0,2.29133,8.20196,0,0,0,10.4933,361,361,0,1,2.94392,2.94392,1830,367,0,1235,0,0,0,0,0,1339,1785.99,0.953667,29.338,168732,12,29433,486,465155,48,117732,1944,32,4,644756,1319142,20632192,5276568,25908760,4,4,12,4,4,4,0,20,20,20260807,5,1,1,1,0,0,0,6562,0.273417,1,0.0015,0
2624,23190.2,6,0,2.25554,3.81062,0,0,0,6.06617,361,361,0,1,2.94392,2.94392,1830,367,0,1235,0,0,0,0,0,1339,1785.99,0.953667,29.338,168732,12,29433,486,465155,48,117732,1944,32,4,644756,1319142,20632192,5276568,25908760,4,4,12,4,4,4,0,20,20,20260807,5,1,1,1,0,0,0,6562,0.273417,1,0.0015,0
2625,23200.6,10,0,2.76842,7.59525,0,0,0,10.3637,361,361,0,1,2.94392,2.94392,1830,367,0,1235,0,0,0,0,0,1339,1785.99,0.953667,29.338,168732,12,29433,486,465155,48,117732,1944,32,4,644756,1319142,20632192,5276568,25908760,4,4,12,4,4,4,0,20,20,20260807,5,1,1,1,0,0,0,6562,0.273417,1,0.0015,0
2626,23207.2,7,0,2.27079,4.17762,0,0,0,6.44842,361,361,0,1,2.94392,2.94392,1830,367,0,1235,0,0,0,0,0,1339,1785.99,0.953667,29.338,168732,12,29433,486,465155,48,117732,1944,32,4,644756,1319142,20632192,5276568,25908760,4,4,12,4,4,4,0,20,20,20260807,5,1,1,1,0,0,0,6562,0.273417,1,0.0015,0
2627,23217.4,10,0,2.36004,7.77358,0,0,0,10.1336,361,361,0,1,2.94392,2.94392,1830,367,0,1235,0,0,0,0,0,1339,1785.99,0.953667,29.338,168732,12,29433,486,465155,48,117732,1944,32,4,644756,1319142,20632192,5276568,25908760,4,4,12,4,4,4,0,20,20,20260807,5,1,1,1,0,0,0,6563,0.273458,1,0.0015,1
2628,23223.8,6,0,2.16954,4.19929,0,0,0,6.36883,361,361,0,1,2.94392,2.94392,1830,367,0,1235,0,0,0,0,0,1339,1785.99,0.953667,29.338,168732,12,29433,486,465155,48,117732,1944,32,4,644756,1319142,20632192,5276568,25908760,4,4,12,4,4,4,0,20,20,20260807,5,1,1,1,0,0,0,6563,0.273458,1,0.0015,0
2629,23233.9,10,0,2.30208,7.44192,0,0,0,9.744,361,361,0,1,2.94392,2.94392,1830,367,0,1235,0,0,0,0,0,1339,1785.99,0.953667,29.338,168732,12,29433,486,465155,48,117732,1944,32,4,644756,1319142,20632192,5276568,25908760,4,4,12,4,4,4,0,20,20,20260807,5,1,1,1,0,0,0,6563,0.273458,1,0.0015,0
2630,23240.7,6,0,2.14863,4.52233,0,0,0,6.67096,361,361,0,1,2.94392,2.94392,1830,367,0,1235,0,0,0,0,0,1339,1785.99,0.953667,29.338,168732,12,29433,486,465155,48,117732,1944,32,4,644756,1319142,20632192,5276568,25908760,4,4,12,4,4,4,0,20,20,20260807,5,1,1,1,0,0,0,6563,0.273458,1,0.0015,0
2631,23250.7,10,0,2.40879,7.45871,0,0,0,9.8675,361,361,0,1,2.94392,2.94392,1830,367,0,1235,0,0,0,0,0,1339,1785.99,0.953667,29.338,168732,12,29433,486,465155,48,117732,1944,32,4,644756,1319142,20632192,5276568,25908760,4,4,12,4,4,4,0,20,20,20260807,5,1,1,1,0,0,0,6563,0.273458,1,0.0015,0
2632,23257.4,7,0,2.32521,4.32867,0,0,0,6.65388,361,361,0,1,2.94392,2.94392,1830,367,0,1235,0,0,0,0,0,1339,1785.99,0.953667,29.338,168732,12,29433,486,465155,48,117732,1944,32,4,644756,1319142,20632192,5276568,25908760,4,4,12,4,4,4,0,20,20,20260807,5,1,1,1,0,0,0,6563,0.273458,1,0.0015,0
2633,23267.3,10,0,2.44196,7.34633,0,0,0,9.78829,361,361,0,1,2.94392,2.94392,1830,367,0,1235,0,0,0,0,0,1339,1785.99,0.953667,29.338,168732,12,29433,486,465155,48,117732,1944,32,4,644756,1319142,20632192,5276568,25908760,4,4,12,4,4,4,0,20,20,20260807,5,1,1,1,0,0,0,6564,0.2735,1,0.0015,1
2634,23273,6,0,2.28375,3.33787,0,0,0,5.62162,361,361,0,1,2.94392,2.94392,1830,367,0,1235,0,0,0,0,0,1339,1785.99,0.953667,29.338,168732,12,29433,486,465155,48,117732,1944,32,4,644756,1319142,20632192,5276568,25908760,4,4,12,4,4,4,0,20,20,20260807,5,1,1,1,0,0,0,6564,0.2735,1,0.0015,0
2635,23285.1,12,0,2.255,9.75962,0,0,0,12.0146,361,361,0,1,2.94392,2.94392,1830,367,0,1235,0,0,0,0,0,1339,1785.99,0.953667,29.338,168732,12,29433,486,465155,48,117732,1944,32,4,644756,1319142,20632192,5276568,25908760,4,4,12,4,4,4,0,20,20,20260807,5,1,1,1,0,0,0,6564,0.2735,1,0.0015,0
2636,23294.1,9,0,5.00704,3.986,0,0,0,8.99304,361,361,0,1,2.94392,2.94392,1830,367,0,1235,0,0,0,0,0,1339,1785.99,0.953667,29.338,168732,12,29433,486,465155,48,117732,1944,32,4,644756,1319142,20632192,5276568,25908760,4,4,12,4,4,4,0,20,20,20260807,5,1,1,1,0,0,0,6564,0.2735,1,0.0015,0
2637,23301.8,8,0,2.25492,5.29383,0,0,0,7.54875,361,361,0,1,2.94392,2.94392,1830,367,0,1235,0,0,0,0,0,1339,1785.99,0.953667,29.338,168732,12,29433,486,465155,48,117732,1944,32,4,644756,1319142,20632192,5276568,25908760,4,4,12,4,4,4,0,20,20,20260807,5,1,1,1,0,0,0,6564,0.2735,1,0.0015,0
2638,23319.4,17,0,2.27158,15.288,0,0,0,17.5595,361,361,0,1,2.94392,2.94392,1830,367,0,1235,0,0,0,0,0,1339,1785.99,0.953667,29.338,168732,12,29433,486,465155,48,117732,1944,32,4,644756,1319142,20632192,5276568,25908760,4,4,12,4,4,4,0,20,20,20260807,5,1,1,1,0,0,0,6564,0.2735,1,0.0015,0
2639,23325.2,6,0,2.15967,3.50492,0,0,0,5.66458,361,361,0,1,2.94392,2.94392,1830,367,0,1235,0,0,0,0,0,1339,1785.99,0.953667,29.338,168732,12,29433,486,465155,48,117732,1944,32,4,644756,1319142,20632192,5276568,25908760,4,4,12,4,4,4,0,20,20,20260807,5,1,1,1,0,0,0,6565,0.273542,1,0.0015,1
2640,23336.4,11,0,2.1595,8.88162,0,0,0,11.0411,361,361,0,1,2.94392,2.94392,1830,367,0,1235,0,0,0,0,0,1339,1785.99,0.953667,29.338,168732,12,29433,486,465155,48,117732,1944,32,4,644756,1319142,20632192,5276568,25908760,4,4,12,4,4,4,0,20,20,20260807,5,1,1,1,0,0,0,6565,0.273542,1,0.0015,0
2641,23351,15,0,3.10425,11.444,0,0,0,14.5482,361,361,0,1,2.94392,2.94392,1830,367,0,1235,0,0,0,0,0,1339,1785.99,0.953667,29.338,168732,12,29433,486,465155,48,117732,1944,32,4,644756,1319142,20632192,5276568,25908760,4,4,12,4,4,4,0,20,20,20260807,5,1,1,1,0,0,0,6565,0.273542,1,0.0015,0
2642,23357.2,6,0,2.44633,3.68146,0,0,0,6.12779,361,361,0,1,2.94392,2.94392,1830,367,0,1235,0,0,0,0,0,1339,1785.99,0.953667,29.338,168732,12,29433,486,465155,48,117732,1944,32,4,644756,1319142,20632192,5276568,25908760,4,4,12,4,4,4,0,20,20,20260807,5,1,1,1,0,0,0,6565,0.273542,1,0.0015,0
2643,23367.7,10,0,2.38746,8.04229,0,0,0,10.4298,361,361,0,1,2.94392,2.94392,1830,367,0,1235,0,0,0,0,0,1339,1785.99,0.953667,29.338,168732,12,29433,486,465155,48,117732,1944,32,4,644756,1319142,20632192,5276568,25908760,4,4,12,4,4,4,0,20,20,20260807,5,1,1,1,0,0,0,6566,0.273583,1,0.0015,1
2644,23374.3,7,0,2.39138,4.04479,0,0,0,6.43617,361,361,0,1,2.94392,2.94392,1830,367,0,1235,0,0,0,0,0,1339,1785.99,0.953667,29.338,168732,12,29433,486,465155,48,117732,1944,32,4,644756,1319142,20632192,5276568,25908760,4,4,12,4,4,4,0,20,20,20260807,5,1,1,1,0,0,0,6566,0.273583,1,0.0015,0
2645,23384,10,0,2.1465,7.47671,0,0,0,9.62321,361,361,0,1,2.94392,2.94392,1830,367,0,1235,0,0,0,0,0,1339,1785.99,0.953667,29.338,168732,12,29433,486,465155,48,117732,1944,32,4,644756,1319142,20632192,5276568,25908760,4,4,12,4,4,4,0,20,20,20260807,5,1,1,1,0,0,0,6566,0.273583,1,0.0015,0
2646,23390,6,0,2.36762,3.5825,0,0,0,5.95012,361,361,0,1,2.94392,2.94392,1830,367,0,1235,0,0,0,0,0,1339,1785.99,0.953667,29.338,168732,12,29433,486,465155,48,117732,1944,32,4,644756,1319142,20632192,5276568,25908760,4,4,12,4,4,4,0,20,20,20260807,5,1,1,1,0,0,0,6566,0.273583,1,0.0015,0
2647,23400.8,11,0,2.31312,8.37158,0,0,0,10.6847,361,361,0,1,2.94392,2.94392,1830,367,0,1235,0,0,0,0,0,1339,1785.99,0.953667,29.338,168732,12,29433,486,465155,48,117732,1944,32,4,644756,1319142,20632192,5276568,25908760,4,4,12,4,4,4,0,20,20,20260807,5,1,1,1,0,0,0,6566,0.273583,1,0.0015,0
2648,23406.7,5,0,2.34354,3.44638,0,0,0,5.78992,361,361,0,1,2.94392,2.94392,1830,367,0,1235,0,0,0,0,0,1339,1785.99,0.953667,29.338,168732,12,29433,486,465155,48,117732,1944,32,4,644756,1319142,20632192,5276568,25908760,4,4,12,4,4,4,0,20,20,20260807,5,1,1,1,0,0,0,6566,0.273583,1,0.0015,0
2649,23417.4,11,0,2.26187,8.37,0,0,0,10.6319,361,361,0,1,2.94392,2.94392,1830,367,0,1235,0,0,0,0,0,1339,1785.99,0.953667,29.338,168732,12,29433,486,465155,48,117732,1944,32,4,644756,1319142,20632192,5276568,25908760,4,4,12,4,4,4,0,20,20,20260807,5,1,1,1,0,0,0,6567,0.273625,1,0.0015,1
2650,23424.1,7,0,2.31504,4.32621,0,0,0,6.64125,361,361,0,1,2.94392,2.94392,1830,367,0,1235,0,0,0,0,0,1339,1785.99,0.953667,29.338,168732,12,29433,486,465155,48,117732,1944,32,4,644756,1319142,20632192,5276568,25908760,4,4,12,4,4,4,0,20,20,20260807,5,1,1,1,0,0,0,6567,0.273625,1,0.0015,0
2651,23434,10,0,2.17925,7.62162,0,0,0,9.80087,361,361,0,1,2.94392,2.94392,1830,367,0,1235,0,0,0,0,0,1339,1785.99,0.953667,29.338,168732,12,29433,486,465155,48,117732,1944,32,4,644756,1319142,20632192,5276568,25908760,4,4,12,4,4,4,0,20,20,20260807,5,1,1,1,0,0,0,6567,0.273625,1,0.0015,0
2652,23442.8,9,0,2.29462,6.42717,0,0,0,8.72179,361,361,0,1,2.94392,2.94392,1830,367,0,1235,0,0,0,0,0,1339,1785.99,0.953667,29.338,168732,12,29433,486,465155,48,117732,1944,32,4,644756,1319142,20632192,5276568,25908760,4,4,12,4,4,4,0,20,20,20260807,5,1,1,1,0,0,0,6567,0.273625,1,0.0015,0
2653,23450.8,8,0,2.13629,5.76567,0,0,0,7.90196,361,361,0,1,2.94392,2.94392,1830,367,0,1235,0,0,0,0,0,1339,1785.99,0.953667,29.338,168732,12,29433,486,465155,48,117732,1944,32,4,644756,1319142,20632192,5276568,25908760,4,4,12,4,4,4,0,20,20,20260807,5,1,1,1,0,0,0,6567,0.273625,1,0.0015,0
2654,23456.6,5,0,2.26171,3.45817,0,0,0,5.71988,361,361,0,1,2.94392,2.94392,1830,367,0,1235,0,0,0,0,0,1339,1785.99,0.953667,29.338,168732,12,29433,486,465155,48,117732,1944,32,4,644756,1319142,20632192,5276568,25908760,4,4,12,4,4,4,0,20,20,20260807,5,1,1,1,0,0,0,6567,0.273625,1,0.0015,0
2655,23467.3,11,0,2.25125,8.42713,0,0,0,10.6784,361,361,0,1,2.94392,2.94392,1830,367,0,1235,0,0,0,0,0,1339,1785.99,0.953667,29.338,168732,12,29433,486,465155,48,117732,1944,32,4,644756,1319142,20632192,5276568,25908760,4,4,12,4,4,4,0,20,20,20260807,5,1,1,1,0,0,0,6568,0.273667,1,0.0015,1
2656,23473.6,6,0,2.24421,3.97567,0,0,0,6.21988,361,361,0,1,2.94392,2.94392,1830,367,0,1235,0,0,0,0,0,1339,1785.99,0.953667,29.338,168732,12,29433,486,465155,48,117732,1944,32,4,644756,1319142,20632192,5276568,25908760,4,4,12,4,4,4,0,20,20,20260807,5,1,1,1,0,0,0,6568,0.273667,1,0.0015,0
2657,23484,11,0,2.26667,7.99512,0,0,0,10.2618,361,361,0,1,2.94392,2.94392,1830,367,0,1235,0,0,0,0,0,1339,1785.99,0.953667,29.338,168732,12,29433,486,465155,48,117732,1944,32,4,644756,1319142,20632192,5276568,25908760,4,4,12,4,4,4,0,20,20,20260807,5,1,1,1,0,0,0,6568,0.273667,1,0.0015,0
2658,23490.5,6,0,2.01792,4.46117,0,0,0,6.47908,361,361,0,1,2.94392,2.94392,1830,367,0,1235,0,0,0,0,0,1339,1785.99,0.953667,29.338,168732,12,29433,486,465155,48,117732,1944,32,4,644756,1319142,20632192,5276568,25908760,4,4,12,4,4,4,0,20,20,20260807,5,1,1,1,0,0,0,6568,0.273667,1,0.0015,0
2659,23501,11,0,2.15479,8.26017,0,0,0,10.415,361,361,0,1,2.94392,2.94392,1830,367,0,1235,0,0,0,0,0,1339,1785.99,0.953667,29.338,168732,12,29433,486,465155,48,117732,1944,32,4,644756,1319142,20632192,5276568,25908760,4,4,12,4,4,4,0,20,20,20260807,5,1,1,1,0,0,0,6568,0.273667,1,0.0015,0
2660,23506.4,5,0,2.29642,2.97517,0,0,0,5.27158,361,361,0,1,2.94392,2.94392,1830,367,0,1235,0,0,0,0,0,1339,1785.99,0.953667,29.338,168732,12,29433,486,465155,48,117732,1944,32,4,644756,1319142,20632192,5276568,25908760,4,4,12,4,4,4,0,20,20,20260807,5,1,1,1,0,0,0,6568,0.273667,1,0.0015,0
2661,23517.3,11,0,4.32004,6.46246,0,0,0,10.7825,361,361,0,1,2.94392,2.94392,1830,367,0,1235,0,0,0,0,0,1339,1785.99,0.953667,29.338,168732,12,29433,486,465155,48,117732,1944,32,4,644756,1319142,20632192,5276568,25908760,4,4,12,4,4,4,0,20,20,20260807,5,1,1,1,0,0,0,6569,0.273708,1,0.0015,1
2662,23523.2,6,0,2.28808,3.54517,0,0,0,5.83325,361,361,0,1,2.94392,2.94392,1830,367,0,1235,0,0,0,0,0,1339,1785.99,0.953667,29.338,168732,12,29433,486,465155,48,117732,1944,32,4,644756,1319142,20632192,5276568,25908760,4,4,12,4,4,4,0,20,20,20260807,5,1,1,1,0,0,0,6569,0.273708,1,0.0015,0
2663,23534.3,11,0,4.38142,6.67758,0,0,0,11.059,361,361,0,1,2.94392,2.94392,1830,367,0,1235,0,0,0,0,0,1339,1785.99,0.953667,29.338,168732,12,29433,486,465155,48,117732,1944,32,4,644756,1319142,20632192,5276568,25908760,4,4,12,4,4,4,0,20,20,20260807,5,1,1,1,0,0,0,6569,0.273708,1,0.0015,0
2664,23540.8,7,0,2.23946,4.16817,0,0,0,6.40763,361,361,0,1,2.94392,2.94392,1830,367,0,1235,0,0,0,0,0,1339,1785.99,0.953667,29.338,168732,12,29433,486,465155,48,117732,1944,32,4,644756,1319142,20632192,5276568,25908760,4,4,12,4,4,4,0,20,20,20260807,5,1,1,1,0,0,0,6569,0.273708,1,0.0015,0
2665,23550.9,10,0,2.15579,7.86604,0,0,0,10.0218,361,361,0,1,2.94392,2.94392,1830,367,0,1235,0,0,0,0,0,1339,1785.99,0.953667,29.338,168732,12,29433,486,465155,48,117732,1944,32,4,644756,1319142,20632192,5276568,25908760,4,4,12,4,4,4,0,20,20,20260807,5,1,1,1,0,0,0,6569,0.273708,1,0.0015,0
2666,23556.8,6,0,2.23367,3.61633,0,0,0,5.85,361,361,0,1,2.94392,2.94392,1830,367,0,1235,0,0,0,0,0,1339,1785.99,0.953667,29.338,168732,12,29433,486,465155,48,117732,1944,32,4,644756,1319142,20632192,5276568,25908760,4,4,12,4,4,4,0,20,20,20260807,5,1,1,1,0,0,0,6569,0.273708,1,0.0015,0
2667,23567.4,10,0,2.30187,8.1445,0,0,0,10.4464,361,361,0,1,2.94392,2.94392,1830,367,0,1235,0,0,0,0,0,1339,1785.99,0.953667,29.338,168732,12,29433,486,465155,48,117732,1944,32,4,644756,1319142,20632192,5276568,25908760,4,4,12,4,4,4,0,20,20,20260807,5,1,1,1,0,0,0,6570,0.27375,1,0.0015,1
2668,23573.7,6,0,2.19287,4.00525,0,0,0,6.19813,361,361,0,1,2.94392,2.94392,1830,367,0,1235,0,0,0,0,0,1339,1785.99,0.953667,29.338,168732,12,29433,486,465155,48,117732,1944,32,4,644756,1319142,20632192,5276568,25908760,4,4,12,4,4,4,0,20,20,20260807,5,1,1,1,0,0,0,6570,0.27375,1,0.0015,0
2669,23584.7,11,0,2.2565,8.66583,0,0,0,10.9223,361,361,0,1,2.94392,2.94392,1830,367,0,1235,0,0,0,0,0,1339,1785.99,0.953667,29.338,168732,12,29433,486,465155,48,117732,1944,32,4,644756,1319142,20632192,5276568,25908760,4,4,12,4,4,4,0,20,20,20260807,5,1,1,1,0,0,0,6570,0.27375,1,0.0015,0
2670,23590.8,7,0,2.50054,3.51367,0,0,0,6.01421,361,361,0,1,2.94392,2.94392,1830,367,0,1235,0,0,0,0,0,1339,1785.99,0.953667,29.338,168732,12,29433,486,465155,48,117732,1944,32,4,644756,1319142,20632192,5276568,25908760,4,4,12,4,4,4,0,20,20,20260807,5,1,1,1,0,0,0,6570,0.27375,1,0.0015,0
2671,23602.6,11,0,2.40229,9.37071,0,0,0,11.773,361,361,0,1,2.94392,2.94392,1830,367,0,1235,0,0,0,0,0,1339,1785.99,0.953667,29.338,168732,12,29433,486,465155,48,117732,1944,32,4,644756,1319142,20632192,5276568,25908760,4,4,12,4,4,4,0,20,20,20260807,5,1,1,1,0,0,0,6570,0.27375,1,0.0015,0
2672,23608.9,7,0,2.3545,3.81537,0,0,0,6.16988,361,361,0,1,2.94392,2.94392,1830,367,0,1235,0,0,0,0,0,1339,1785.99,0.953667,29.338,168732,12,29433,486,465155,48,117732,1944,32,4,644756,1319142,20632192,5276568,25908760,4,4,12,4,4,4,0,20,20,20260807,5,1,1,1,0,0,0,6570,0.27375,1,0.0015,0
2673,23618.1,9,0,4.95812,4.16062,0,0,0,9.11875,361,361,0,1,2.94392,2.94392,1830,367,0,1235,0,0,0,0,0,1339,1785.99,0.953667,29.338,168732,12,29433,486,465155,48,117732,1944,32,4,644756,1319142,20632192,5276568,25908760,4,4,12,4,4,4,0,20,20,20260807,5,1,1,1,0,0,0,6571,0.273792,1,0.0015,1
2674,23624.7,6,0,2.18154,4.34975,0,0,0,6.53129,361,361,0,1,2.94392,2.94392,1830,367,0,1235,0,0,0,0,0,1339,1785.99,0.953667,29.338,168732,12,29433,486,465155,48,117732,1944,32,4,644756,1319142,20632192,5276568,25908760,4,4,12,4,4,4,0,20,20,20260807,5,1,1,1,0,0,0,6571,0.273792,1,0.0015,0
2675,23634,10,0,2.34142,6.8655,0,0,0,9.20692,361,361,0,1,2.94392,2.94392,1830,367,0,1235,0,0,0,0,0,1339,1785.99,0.953667,29.338,168732,12,29433,486,465155,48,117732,1944,32,4,644756,1319142,20632192,5276568,25908760,4,4,12,4,4,4,0,20,20,20260807,5,1,1,1,0,0,0,6571,0.273792,1,0.0015,0
2676,23642.8,9,0,2.36971,6.23283,0,0,0,8.60254,361,361,0,1,2.94392,2.94392,1830,367,0,1235,0,0,0,0,0,1339,1785.99,0.953667,29.338,168732,12,29433,486,465155,48,117732,1944,32,4,644756,1319142,20632192,5276568,25908760,4,4,12,4,4,4,0,20,20,20260807,5,1,1,1,0,0,0,6571,0.273792,1,0.0015,0
2677,23652.6,9,0,2.15687,7.55996,0,0,0,9.71683,361,361,0,1,2.94392,2.94392,1830,367,0,1235,0,0,0,0,0,1339,1785.99,0.953667,29.338,168732,12,29433,486,465155,48,117732,1944,32,4,644756,1319142,20632192,5276568,25908760,4,4,12,4,4,4,0,20,20,20260807,5,1,1,1,0,0,0,6571,0.273792,1,0.0015,0
2678,23659.1,7,0,2.22925,4.17633,0,0,0,6.40558,361,361,0,1,2.94392,2.94392,1830,367,0,1235,0,0,0,0,0,1339,1785.99,0.953667,29.338,168732,12,29433,486,465155,48,117732,1944,32,4,644756,1319142,20632192,5276568,25908760,4,4,12,4,4,4,0,20,20,20260807,5,1,1,1,0,0,0,6571,0.273792,1,0.0015,0
2679,23668.1,10,0,2.13912,6.75992,0,0,0,8.89904,361,361,0,1,2.94392,2.94392,1830,367,0,1235,0,0,0,0,0,1339,1785.99,0.953667,29.338,168732,12,29433,486,465155,48,117732,1944,32,4,644756,1319142,20632192,5276568,25908760,4,4,12,4,4,4,0,20,20,20260807,5,1,1,1,0,0,0,6572,0.273833,1,0.0015,1
2680,23673.7,5,0,2.186,3.35246,0,0,0,5.53846,361,361,0,1,2.94392,2.94392,1830,367,0,1235,0,0,0,0,0,1339,1785.99,0.953667,29.338,168732,12,29433,486,465155,48,117732,1944,32,4,644756,1319142,20632192,5276568,25908760,4,4,12,4,4,4,0,20,20,20260807,5,1,1,1,0,0,0,6572,0.273833,1,0.0015,0
2681,23687.3,14,0,2.15413,11.3309,0,0,0,13.485,361,361,0,1,2.94392,2.94392,1830,367,0,1235,0,0,0,0,0,1339,1785.99,0.953667,29.338,168732,12,29433,486,465155,48,117732,1944,32,4,644756,1319142,20632192,5276568,25908760,4,4,12,4,4,4,0,20,20,20260807,5,1,1,1,0,0,0,6572,0.273833,1,0.0015,0
2682,23693.8,7,0,2.32467,4.1325,0,0,0,6.45717,361,361,0,1,2.94392,2.94392,1830,367,0,1235,0,0,0,0,0,1339,1785.99,0.953667,29.338,168732,12,29433,486,465155,48,117732,1944,32,4,644756,1319142,20632192,5276568,25908760,4,4,12,4,4,4,0,20,20,20260807,5,1,1,1,0,0,0,6572,0.273833,1,0.0015,0
2683,23700.8,7,0,2.29038,4.59467,0,0,0,6.88504,361,361,0,1,2.94392,2.94392,1830,367,0,1235,0,0,0,0,0,1339,1785.99,0.953667,29.338,168732,12,29433,486,465155,48,117732,1944,32,4,644756,1319142,20632192,5276568,25908760,4,4,12,4,4,4,0,20,20,20260807,5,1,1,1,0,0,0,6572,0.273833,1,0.0015,0
2684,23710.3,9,0,2.31546,7.06892,0,0,0,9.38438,361,361,0,1,2.94392,2.94392,1830,367,0,1235,0,0,0,0,0,1339,1785.99,0.953667,29.338,168732,12,29433,486,465155,48,117732,1944,32,4,644756,1319142,20632192,5276568,25908760,4,4,12,4,4,4,0,20,20,20260807,5,1,1,1,0,0,0,6572,0.273833,1,0.0015,0
2685,23717.6,7,0,2.11946,5.18271,0,0,0,7.30217,361,361,0,1,2.94392,2.94392,1830,367,0,1235,0,0,0,0,0,1339,1785.99,0.953667,29.338,168732,12,29433,486,465155,48,117732,1944,32,4,644756,1319142,20632192,5276568,25908760,4,4,12,4,4,4,0,20,20,20260807,5,1,1,1,0,0,0,6573,0.273875,1,0.0015,1
2686,23724.6,7,0,2.23129,4.60242,0,0,0,6.83371,361,361,0,1,2.94392,2.94392,1830,367,0,1235,0,0,0,0,0,1339,1785.99,0.953667,29.338,168732,12,29433,486,465155,48,117732,1944,32,4,644756,1319142,20632192,5276568,25908760,4,4,12,4,4,4,0,20,20,20260807,5,1,1,1,0,0,0,6573,0.273875,1,0.0015,0
2687,23735.6,11,0,2.12292,8.80779,0,0,0,10.9307,361,361,0,1,2.94392,2.94392,1830,367,0,1235,0,0,0,0,0,1339,1785.99,0.953667,29.338,168732,12,29433,486,465155,48,117732,1944,32,4,644756,1319142,20632192,5276568,25908760,4,4,12,4,4,4,0,20,20,20260807,5,1,1,1,0,0,0,6573,0.273875,1,0.0015,0
2688,23752,17,0,2.10967,14.1682,0,0,0,16.2779,361,361,0,1,2.94392,2.94392,1830,367,0,1235,0,0,0,0,0,1339,1785.99,0.953667,29.338,168732,12,29433,486,465155,48,117732,1944,32,4,644756,1319142,20632192,5276568,25908760,4,4,12,4,4,4,0,20,20,20260807,5,1,1,1,0,0,0,6573,0.273875,1,0.0015,0
2689,23768.4,16,0,2.48687,13.7832,0,0,0,16.27,361,361,0,1,2.94392,2.94392,1830,367,0,1235,0,0,0,0,0,1339,1785.99,0.953667,29.338,168732,12,29433,486,465155,48,117732,1944,32,4,644756,1319142,20632192,5276568,25908760,4,4,12,4,4,4,0,20,20,20260807,5,1,1,1,0,0,0,6574,0.273917,1,0.0015,1
2690,23775.4,7,0,2.35179,4.54304,0,0,0,6.89483,361,361,0,1,2.94392,2.94392,1830,367,0,1235,0,0,0,0,0,1339,1785.99,0.953667,29.338,168732,12,29433,486,465155,48,117732,1944,32,4,644756,1319142,20632192,5276568,25908760,4,4,12,4,4,4,0,20,20,20260807,5,1,1,1,0,0,0,6574,0.273917,1,0.0015,0
2691,23787.3,12,0,2.36792,9.4905,0,0,0,11.8584,361,361,0,1,2.94392,2.94392,1830,367,0,1235,0,0,0,0,0,1339,1785.99,0.953667,29.338,168732,12,29433,486,465155,48,117732,1944,32,4,644756,1319142,20632192,5276568,25908760,4,4,12,4,4,4,0,20,20,20260807,5,1,1,1,0,0,0,6574,0.273917,1,0.0015,0
2692,23793.9,7,0,2.37292,4.15558,0,0,0,6.5285,361,361,0,1,2.94392,2.94392,1830,367,0,1235,0,0,0,0,0,1339,1785.99,0.953667,29.338,168732,12,29433,486,465155,48,117732,1944,32,4,644756,1319142,20632192,5276568,25908760,4,4,12,4,4,4,0,20,20,20260807,5,1,1,1,0,0,0,6574,0.273917,1,0.0015,0
2693,23801.5,7,0,2.18746,5.29696,0,0,0,7.48442,361,361,0,1,2.94392,2.94392,1830,367,0,1235,0,0,0,0,0,1339,1785.99,0.953667,29.338,168732,12,29433,486,465155,48,117732,1944,32,4,644756,1319142,20632192,5276568,25908760,4,4,12,4,4,4,0,20,20,20260807,5,1,1,1,0,0,0,6574,0.273917,1,0.0015,0
2694,23808,7,0,2.43962,3.99208,0,0,0,6.43171,361,361,0,1,2.94392,2.94392,1830,367,0,1235,0,0,0,0,0,1339,1785.99,0.953667,29.338,168732,12,29433,486,465155,48,117732,1944,32,4,644756,1319142,20632192,5276568,25908760,4,4,12,4,4,4,0,20,20,20260807,5,1,1,1,0,0,0,6574,0.273917,1,0.0015,0
2695,23818.1,10,0,2.60292,7.4395,0,0,0,10.0424,361,361,0,1,2.94392,2.94392,1830,367,0,1235,0,0,0,0,0,1339,1785.99,0.953667,29.338,168732,12,29433,486,465155,48,117732,1944,32,4,644756,1319142,20632192,5276568,25908760,4,4,12,4,4,4,0,20,20,20260807,5,1,1,1,0,0,0,6575,0.273958,1,0.0015,1
2696,23825,7,0,2.7095,4.11533,0,0,0,6.82483,361,361,0,1,2.94392,2.94392,1830,367,0,1235,0,0,0,0,0,1339,1785.99,0.953667,29.338,168732,12,29433,486,465155,48,117732,1944,32,4,644756,1319142,20632192,5276568,25908760,4,4,12,4,4,4,0,20,20,20260807,5,1,1,1,0,0,0,6575,0.273958,1,0.0015,0
2697,23836.8,12,0,2.15979,9.51613,0,0,0,11.6759,361,361,0,1,2.94392,2.94392,1830,367,0,1235,0,0,0,0,0,1339,1785.99,0.953667,29.338,168732,12,29433,486,465155,48,117732,1944,32,4,644756,1319142,20632192,5276568,25908760,4,4,12,4,4,4,0,20,20,20260807,5,1,1,1,0,0,0,6575,0.273958,1,0.0015,0
2698,23851.2,14,0,2.30125,11.0771,0,0,0,13.3784,361,361,0,1,2.94392,2.94392,1830,367,0,1235,0,0,0,0,0,1339,1785.99,0.953667,29.338,168732,12,29433,486,465155,48,117732,1944,32,4,644756,1319142,20632192,5276568,25908760,4,4,12,4,4,4,0,20,20,20260807,5,1,1,1,0,0,0,6575,0.273958,1,0.0015,0
2699,23857.1,6,0,2.15912,3.51767,0,0,0,5.67679,361,361,0,1,2.94392,2.94392,1830,367,0,1235,0,0,0,0,0,1339,1785.99,0.953667,29.338,168732,12,29433,486,465155,48,117732,1944,32,4,644756,1319142,20632192,5276568,25908760,4,4,12,4,4,4,0,20,20,20260807,5,1,1,1,0,0,0,6575,0.273958,1,0.0015,0
2700,23868.1,11,0,2.19571,8.72221,0,0,0,10.9179,361,361,0,1,2.94392,2.94392,1830,367,0,1235,0,0,0,0,0,1339,1785.99,0.953667,29.338,168732,12,29433,486,465155,48,117732,1944,32,4,644756,1319142,20632192,5276568,25908760,4,4,12,4,4,4,0,20,20,20260807,5,1,1,1,0,0,0,6576,0.274,1,0.0015,1
2701,23874.2,6,0,2.23658,3.67554,0,0,0,5.91212,361,361,0,1,2.94392,2.94392,1830,367,0,1235,0,0,0,0,0,1339,1785.99,0.953667,29.338,168732,12,29433,486,465155,48,117732,1944,32,4,644756,1319142,20632192,5276568,25908760,4,4,12,4,4,4,0,20,20,20260807,5,1,1,1,0,0,0,6576,0.274,1,0.0015,0
2702,23884.7,10,0,2.30163,8.15617,0,0,0,10.4578,361,361,0,1,2.94392,2.94392,1830,367,0,1235,0,0,0,0,0,1339,1785.99,0.953667,29.338,168732,12,29433,486,465155,48,117732,1944,32,4,644756,1319142,20632192,5276568,25908760,4,4,12,4,4,4,0,20,20,20260807,5,1,1,1,0,0,0,6576,0.274,1,0.0015,0
2703,23890.3,6,0,2.08417,3.41925,0,0,0,5.50342,361,361,0,1,2.94392,2.94392,1830,367,0,1235,0,0,0,0,0,1339,1785.99,0.953667,29.338,168732,12,29433,486,465155,48,117732,1944,32,4,644756,1319142,20632192,5276568,25908760,4,4,12,4,4,4,0,20,20,20260807,5,1,1,1,0,0,0,6576,0.274,1,0.0015,0
2704,23903.5,13,0,2.45142,10.6808,0,0,0,13.1323,361,361,0,1,2.94392,2.94392,1830,367,0,1235,0,0,0,0,0,1339,1785.99,0.953667,29.338,168732,12,29433,486,465155,48,117732,1944,32,4,644756,1319142,20632192,5276568,25908760,4,4,12,4,4,4,0,20,20,20260807,5,1,1,1,0,0,0,6576,0.274,1,0.0015,0
2705,23910.5,7,0,2.06212,4.8115,0,0,0,6.87362,361,361,0,1,2.94392,2.94392,1830,367,0,1235,0,0,0,0,0,1339,1785.99,0.953667,29.338,168732,12,29433,486,465155,48,117732,1944,32,4,644756,1319142,20632192,5276568,25908760,4,4,12,4,4,4,0,20,20,20260807,5,1,1,1,0,0,0,6577,0.274042,1,0.0015,1
2706,23917.8,8,0,2.62433,4.62146,0,0,0,7.24579,361,361,0,1,2.94392,2.94392,1830,367,0,1235,0,0,0,0,0,1339,1785.99,0.953667,29.338,168732,12,29433,486,465155,48,117732,1944,32,4,644756,1319142,20632192,5276568,25908760,4,4,12,4,4,4,0,20,20,20260807,5,1,1,1,0,0,0,6577,0.274042,1,0.0015,0
2707,23924.3,6,0,2.16121,4.2465,0,0,0,6.40771,361,361,0,1,2.94392,2.94392,1830,367,0,1235,0,0,0,0,0,1339,1785.99,0.953667,29.338,168732,12,29433,486,465155,48,117732,1944,32,4,644756,1319142,20632192,5276568,25908760,4,4,12,4,4,4,0,20,20,20260807,5,1,1,1,0,0,0,6577,0.274042,1,0.0015,0
2708,23938.6,14,0,2.25079,9.71312,0,0,0,11.9639,361,361,0,1,2.94392,2.94392,1830,367,0,1235,0,0,0,0,0,1339,1785.99,0.953667,29.338,168732,12,29433,486,465155,48,117732,1944,32,4,644756,1319142,20632192,5276568,25908760,4,4,12,4,4,4,0,20,20,20260807,5,1,1,1,0,0,0,6577,0.274042,1,0.0015,0
2709,23952.2,14,0,2.23017,10.9756,0,0,0,13.2058,361,361,0,1,2.94392,2.94392,1830,367,0,1235,0,0,0,0,0,1339,1785.99,0.953667,29.338,168732,12,29433,486,465155,48,117732,1944,32,4,644756,1319142,20632192,5276568,25908760,4,4,12,4,4,4,0,20,20,20260807,5,1,1,1,0,0,0,6577,0.274042,1,0.0015,0
2710,23958,6,0,2.13292,3.65758,0,0,0,5.7905,361,361,0,1,2.94392,2.94392,1830,367,0,1235,0,0,0,0,0,1339,1785.99,0.953667,29.338,168732,12,29433,486,465155,48,117732,1944,32,4,644756,1319142,20632192,5276568,25908760,4,4,12,4,4,4,0,20,20,20260807,5,1,1,1,0,0,0,6578,0.274083,1,0.0015,1
2711,23968.7,10,0,2.34717,8.20304,0,0,0,10.5502,361,361,0,1,2.94392,2.94392,1830,367,0,1235,0,0,0,0,0,1339,1785.99,0.953667,29.338,168732,12,29433,486,465155,48,117732,1944,32,4,644756,1319142,20632192,5276568,25908760,4,4,12,4,4,4,0,20,20,20260807,5,1,1,1,0,0,0,6578,0.274083,1,0.0015,0
2712,23975.1,7,0,2.24662,4.12292,0,0,0,6.36954,361,361,0,1,2.94392,2.94392,1830,367,0,1235,0,0,0,0,0,1339,1785.99,0.953667,29.338,168732,12,29433,486,465155,48,117732,1944,32,4,644756,1319142,20632192,5276568,25908760,4,4,12,4,4,4,0,20,20,20260807,5,1,1,1,0,0,0,6578,0.274083,1,0.0015,0
2713,23984.8,10,0,2.25521,7.292,0,0,0,9.54721,361,361,0,1,2.94392,2.94392,1830,367,0,1235,0,0,0,0,0,1339,1785.99,0.953667,29.338,168732,12,29433,486,465155,48,117732,1944,32,4,644756,1319142,20632192,5276568,25908760,4,4,12,4,4,4,0,20,20,20260807,5,1,1,1,0,0,0,6578,0.274083,1,0.0015,0
2714,23990.9,6,0,2.41979,3.61813,0,0,0,6.03792,361,361,0,1,2.94392,2.94392,1830,367,0,1235,0,0,0,0,0,1339,1785.99,0.953667,29.338,168732,12,29433,486,465155,48,117732,1944,32,4,644756,1319142,20632192,5276568,25908760,4,4,12,4,4,4,0,20,20,20260807,5,1,1,1,0,0,0,6578,0.274083,1,0.0015,0
2715,24001.7,10,0,2.23117,8.53625,0,0,0,10.7674,361,361,0,1,2.94392,2.94392,1830,367,0,1235,0,0,0,0,0,1339,1785.99,0.953667,29.338,168732,12,29433,486,465155,48,117732,1944,32,4,644756,1319142,20632192,5276568,25908760,4,4,12,4,4,4,0,20,20,20260807,5,1,1,1,0,0,0,6578,0.274083,1,0.0015,0
2716,24008.6,7,0,2.30754,4.44571,0,0,0,6.75325,361,361,0,1,2.94392,2.94392,1830,367,0,1235,0,0,0,0,0,1339,1785.99,0.953667,29.338,168732,12,29433,486,465155,48,117732,1944,32,4,644756,1319142,20632192,5276568,25908760,4,4,12,4,4,4,0,20,20,20260807,5,1,1,1,0,0,0,6579,0.274125,1,0.0015,1
2717,24018.4,10,0,2.60829,7.10167,0,0,0,9.70996,361,361,0,1,2.94392,2.94392,1830,367,0,1235,0,0,0,0,0,1339,1785.99,0.953667,29.338,168732,12,29433,486,465155,48,117732,1944,32,4,644756,1319142,20632192,5276568,25908760,4,4,12,4,4,4,0,20,20,20260807,5,1,1,1,0,0,0,6579,0.274125,1,0.0015,0
2718,24025.9,8,0,2.99029,4.41192,0,0,0,7.40221,361,361,0,1,2.94392,2.94392,1830,367,0,1235,0,0,0,0,0,1339,1785.99,0.953667,29.338,168732,12,29433,486,465155,48,117732,1944,32,4,644756,1319142,20632192,5276568,25908760,4,4,12,4,4,4,0,20,20,20260807,5,1,1,1,0,0,0,6579,0.274125,1,0.0015,0
2719,24034.9,9,0,2.30638,6.59871,0,0,0,8.90508,361,361,0,1,2.94392,2.94392,1830,367,0,1235,0,0,0,0,0,1339,1785.99,0.953667,29.338,168732,12,29433,486,465155,48,117732,1944,32,4,644756,1319142,20632192,5276568,25908760,4,4,12,4,4,4,0,20,20,20260807,5,1,1,1,0,0,0,6579,0.274125,1,0.0015,0
2720,24041.2,6,0,2.34717,3.90733,0,0,0,6.2545,361,361,0,1,2.94392,2.94392,1830,367,0,1235,0,0,0,0,0,1339,1785.99,0.953667,29.338,168732,12,29433,486,465155,48,117732,1944,32,4,644756,1319142,20632192,5276568,25908760,4,4,12,4,4,4,0,20,20,20260807,5,1,1,1,0,0,0,6579,0.274125,1,0.0015,0
2721,24051.3,10,0,2.19679,7.84017,0,0,0,10.037,361,361,0,1,2.94392,2.94392,1830,367,0,1235,0,0,0,0,0,1339,1785.99,0.953667,29.338,168732,12,29433,486,465155,48,117732,1944,32,4,644756,1319142,20632192,5276568,25908760,4,4,12,4,4,4,0,20,20,20260807,5,1,1,1,0,0,0,6579,0.274125,1,0.0015,0
2722,24057.4,6,0,2.278,3.66896,0,0,0,5.94696,361,361,0,1,2.94392,2.94392,1830,367,0,1235,0,0,0,0,0,1339,1785.99,0.953667,29.338,168732,12,29433,486,465155,48,117732,1944,32,4,644756,1319142,20632192,5276568,25908760,4,4,12,4,4,4,0,20,20,20260807,5,1,1,1,0,0,0,6579,0.274125,1,0.0015,0
2723,24068.5,11,0,2.2805,8.76067,0,0,0,11.0412,361,361,0,1,2.94392,2.94392,1830,367,0,1235,0,0,0,0,0,1339,1785.99,0.953667,29.338,168732,12,29433,486,465155,48,117732,1944,32,4,644756,1319142,20632192,5276568,25908760,4,4,12,4,4,4,0,20,20,20260807,5,1,1,1,0,0,0,6580,0.274167,1,0.0015,1
2724,24075.2,7,0,2.33263,4.01629,0,0,0,6.34892,361,361,0,1,2.94392,2.94392,1830,367,0,1235,0,0,0,0,0,1339,1785.99,0.953667,29.338,168732,12,29433,486,465155,48,117732,1944,32,4,644756,1319142,20632192,5276568,25908760,4,4,12,4,4,4,0,20,20,20260807,5,1,1,1,0,0,0,6580,0.274167,1,0.0015,0
2725,24085.4,10,0,2.38075,7.74275,0,0,0,10.1235,361,361,0,1,2.94392,2.94392,1830,367,0,1235,0,0,0,0,0,1339,1785.99,0.953667,29.338,168732,12,29433,486,465155,48,117732,1944,32,4,644756,1319142,20632192,5276568,25908760,4,4,12,4,4,4,0,20,20,20260807,5,1,1,1,0,0,0,6580,0.274167,1,0.0015,0
2726,24092.8,8,0,3.34563,3.9525,0,0,0,7.29812,361,361,0,1,2.94392,2.94392,1830,367,0,1235,0,0,0,0,0,1339,1785.99,0.953667,29.338,168732,12,29433,486,465155,48,117732,1944,32,4,644756,1319142,20632192,5276568,25908760,4,4,12,4,4,4,0,20,20,20260807,5,1,1,1,0,0,0,6580,0.274167,1,0.0015,0
2727,24101.8,9,0,2.76142,6.21067,0,0,0,8.97208,361,361,0,1,2.94392,2.94392,1830,367,0,1235,0,0,0,0,0,1339,1785.99,0.953667,29.338,168732,12,29433,486,465155,48,117732,1944,32,4,644756,1319142,20632192,5276568,25908760,4,4,12,4,4,4,0,20,20,20260807,5,1,1,1,0,0,0,6580,0.274167,1,0.0015,0
2728,24109.4,7,0,3.54287,3.93042,0,0,0,7.47329,361,361,0,1,2.94392,2.94392,1830,367,0,1235,0,0,0,0,0,1339,1785.99,0.953667,29.338,168732,12,29433,486,465155,48,117732,1944,32,4,644756,1319142,20632192,5276568,25908760,4,4,12,4,4,4,0,20,20,20260807,5,1,1,1,0,0,0,6581,0.274208,1,0.0015,1
2729,24118.1,9,0,2.187,6.41708,0,0,0,8.60408,361,361,0,1,2.94392,2.94392,1830,367,0,1235,0,0,0,0,0,1339,1785.99,0.953667,29.338,168732,12,29433,486,465155,48,117732,1944,32,4,644756,1319142,20632192,5276568,25908760,4,4,12,4,4,4,0,20,20,20260807,5,1,1,1,0,0,0,6581,0.274208,1,0.0015,0
2730,24124.7,6,0,2.50975,3.96717,0,0,0,6.47692,361,361,0,1,2.94392,2.94392,1830,367,0,1235,0,0,0,0,0,1339,1785.99,0.953667,29.338,168732,12,29433,486,465155,48,117732,1944,32,4,644756,1319142,20632192,5276568,25908760,4,4,12,4,4,4,0,20,20,20260807,5,1,1,1,0,0,0,6581,0.274208,1,0.0015,0
2731,24135,11,0,2.07033,8.13925,0,0,0,10.2096,361,361,0,1,2.94392,2.94392,1830,367,0,1235,0,0,0,0,0,1339,1785.99,0.953667,29.338,168732,12,29433,486,465155,48,117732,1944,32,4,644756,1319142,20632192,5276568,25908760,4,4,12,4,4,4,0,20,20,20260807,5,1,1,1,0,0,0,6581,0.274208,1,0.0015,0
2732,24141,6,0,2.21029,3.68558,0,0,0,5.89588,361,361,0,1,2.94392,2.94392,1830,367,0,1235,0,0,0,0,0,1339,1785.99,0.953667,29.338,168732,12,29433,486,465155,48,117732,1944,32,4,644756,1319142,20632192,5276568,25908760,4,4,12,4,4,4,0,20,20,20260807,5,1,1,1,0,0,0,6581,0.274208,1,0.0015,0
2733,24151.4,10,0,2.04596,8.26321,0,0,0,10.3092,361,361,0,1,2.94392,2.94392,1830,367,0,1235,0,0,0,0,0,1339,1785.99,0.953667,29.338,168732,12,29433,486,465155,48,117732,1944,32,4,644756,1319142,20632192,5276568,25908760,4,4,12,4,4,4,0,20,20,20260807,5,1,1,1,0,0,0,6581,0.274208,1,0.0015,0
2734,24157.7,6,0,2.22867,3.9925,0,0,0,6.22117,361,361,0,1,2.94392,2.94392,1830,367,0,1235,0,0,0,0,0,1339,1785.99,0.953667,29.338,168732,12,29433,486,465155,48,117732,1944,32,4,644756,1319142,20632192,5276568,25908760,4,4,12,4,4,4,0,20,20,20260807,5,1,1,1,0,0,0,6581,0.274208,1,0.0015,0
2735,24168.4,11,0,2.06104,8.65796,0,0,0,10.719,361,361,0,1,2.94392,2.94392,1830,367,0,1235,0,0,0,0,0,1339,1785.99,0.953667,29.338,168732,12,29433,486,465155,48,117732,1944,32,4,644756,1319142,20632192,5276568,25908760,4,4,12,4,4,4,0,20,20,20260807,5,1,1,1,0,0,0,6582,0.27425,1,0.0015,1
2736,24174.5,6,0,2.22863,3.704,0,0,0,5.93262,361,361,0,1,2.94392,2.94392,1830,367,0,1235,0,0,0,0,0,1339,1785.99,0.953667,29.338,168732,12,29433,486,465155,48,117732,1944,32,4,644756,1319142,20632192,5276568,25908760,4,4,12,4,4,4,0,20,20,20260807,5,1,1,1,0,0,0,6582,0.27425,1,0.0015,0
2737,24184.7,10,0,2.23942,7.84817,0,0,0,10.0876,361,361,0,1,2.94392,2.94392,1830,367,0,1235,0,0,0,0,0,1339,1785.99,0.953667,29.338,168732,12,29433,486,465155,48,117732,1944,32,4,644756,1319142,20632192,5276568,25908760,4,4,12,4,4,4,0,20,20,20260807,5,1,1,1,0,0,0,6582,0.27425,1,0.0015,0
2738,24190.8,7,0,2.22388,3.79067,0,0,0,6.01454,361,361,0,1,2.94392,2.94392,1830,367,0,1235,0,0,0,0,0,1339,1785.99,0.953667,29.338,168732,12,29433,486,465155,48,117732,1944,32,4,644756,1319142,20632192,5276568,25908760,4,4,12,4,4,4,0,20,20,20260807,5,1,1,1,0,0,0,6582,0.27425,1,0.0015,0
2739,24201.3,10,0,2.17308,8.27829,0,0,0,10.4514,361,361,0,1,2.94392,2.94392,1830,367,0,1235,0,0,0,0,0,1339,1785.99,0.953667,29.338,168732,12,29433,486,465155,48,117732,1944,32,4,644756,1319142,20632192,5276568,25908760,4,4,12,4,4,4,0,20,20,20260807,5,1,1,1,0,0,0,6582,0.27425,1,0.0015,0
2740,24207.6,6,0,2.31796,3.8745,0,0,0,6.19246,361,361,0,1,2.94392,2.94392,1830,367,0,1235,0,0,0,0,0,1339,1785.99,0.953667,29.338,168732,12,29433,486,465155,48,117732,1944,32,4,644756,1319142,20632192,5276568,25908760,4,4,12,4,4,4,0,20,20,20260807,5,1,1,1,0,0,0,6582,0.27425,1,0.0015,0
2741,24217.3,10,0,2.38408,7.18025,0,0,0,9.56433,361,361,0,1,2.94392,2.94392,1830,367,0,1235,0,0,0,0,0,1339,1785.99,0.953667,29.338,168732,12,29433,486,465155,48,117732,1944,32,4,644756,1319142,20632192,5276568,25908760,4,4,12,4,4,4,0,20,20,20260807,5,1,1,1,0,0,0,6583,0.274292,1,0.0015,1
2742,24223.8,6,0,2.19017,4.22708,0,0,0,6.41725,361,361,0,1,2.94392,2.94392,1830,367,0,1235,0,0,0,0,0,1339,1785.99,0.953667,29.338,168732,12,29433,486,465155,48,117732,1944,32,4,644756,1319142,20632192,5276568,25908760,4,4,12,4,4,4,0,20,20,20260807,5,1,1,1,0,0,0,6583,0.274292,1,0.0015,0
2743,24235.4,11,0,2.35833,9.22387,0,0,0,11.5822,361,361,0,1,2.94392,2.94392,1830,367,0,1235,0,0,0,0,0,1339,1785.99,0.953667,29.338,168732,12,29433,486,465155,48,117732,1944,32,4,644756,1319142,20632192,5276568,25908760,4,4,12,4,4,4,0,20,20,20260807,5,1,1,1,0,0,0,6583,0.274292,1,0.0015,0
2744,24243,8,0,3.00617,4.38404,0,0,0,7.39021,361,361,0,1,2.94392,2.94392,1830,367,0,1235,0,0,0,0,0,1339,1785.99,0.953667,29.338,168732,12,29433,486,465155,48,117732,1944,32,4,644756,1319142,20632192,5276568,25908760,4,4,12,4,4,4,0,20,20,20260807,5,1,1,1,0,0,0,6583,0.274292,1,0.0015,0
2745,24251.7,8,0,2.06467,6.64333,0,0,0,8.708,361,361,0,1,2.94392,2.94392,1830,367,0,1235,0,0,0,0,0,1339,1785.99,0.953667,29.338,168732,12,29433,486,465155,48,117732,1944,32,4,644756,1319142,20632192,5276568,25908760,4,4,12,4,4,4,0,20,20,20260807,5,1,1,1,0,0,0,6583,0.274292,1,0.0015,0
2746,24258.1,7,0,2.24696,4.06133,0,0,0,6.30829,361,361,0,1,2.94392,2.94392,1830,367,0,1235,0,0,0,0,0,1339,1785.99,0.953667,29.338,168732,12,29433,486,465155,48,117732,1944,32,4,644756,1319142,20632192,5276568,25908760,4,4,12,4,4,4,0,20,20,20260807,5,1,1,1,0,0,0,6583,0.274292,1,0.0015,0
2747,24268.6,10,0,2.21633,8.17617,0,0,0,10.3925,361,361,0,1,2.94392,2.94392,1830,367,0,1235,0,0,0,0,0,1339,1785.99,0.953667,29.338,168732,12,29433,486,465155,48,117732,1944,32,4,644756,1319142,20632192,5276568,25908760,4,4,12,4,4,4,0,20,20,20260807,5,1,1,1,0,0,0,6584,0.274333,1,0.0015,1
2748,24276.5,8,0,2.22767,5.65008,0,0,0,7.87775,361,361,0,1,2.94392,2.94392,1830,367,0,1235,0,0,0,0,0,1339,1785.99,0.953667,29.338,168732,12,29433,486,465155,48,117732,1944,32,4,644756,1319142,20632192,5276568,25908760,4,4,12,4,4,4,0,20,20,20260807,5,1,1,1,0,0,0,6584,0.274333,1,0.0015,0
2749,24284,8,0,2.47262,4.93112,0,0,0,7.40375,361,361,0,1,2.94392,2.94392,1830,367,0,1235,0,0,0,0,0,1339,1785.99,0.953667,29.338,168732,12,29433,486,465155,48,117732,1944,32,4,644756,1319142,20632192,5276568,25908760,4,4,12,4,4,4,0,20,20,20260807,5,1,1,1,0,0,0,6584,0.274333,1,0.0015,0
2750,24291.1,7,0,3.02954,3.97371,0,0,0,7.00325,361,361,0,1,2.94392,2.94392,1830,367,0,1235,0,0,0,0,0,1339,1785.99,0.953667,29.338,168732,12,29433,486,465155,48,117732,1944,32,4,644756,1319142,20632192,5276568,25908760,4,4,12,4,4,4,0,20,20,20260807,5,1,1,1,0,0,0,6584,0.274333,1,0.0015,0
2751,24302,11,0,2.13025,8.62375,0,0,0,10.754,361,361,0,1,2.94392,2.94392,1830,367,0,1235,0,0,0,0,0,1339,1785.99,0.953667,29.338,168732,12,29433,486,465155,48,117732,1944,32,4,644756,1319142,20632192,5276568,25908760,4,4,12,4,4,4,0,20,20,20260807,5,1,1,1,0,0,0,6584,0.274333,1,0.0015,0
2752,24308,6,0,2.56887,3.39083,0,0,0,5.95971,361,361,0,1,2.94392,2.94392,1830,367,0,1235,0,0,0,0,0,1339,1785.99,0.953667,29.338,168732,12,29433,486,465155,48,117732,1944,32,4,644756,1319142,20632192,5276568,25908760,4,4,12,4,4,4,0,20,20,20260807,5,1,1,1,0,0,0,6584,0.274333,1,0.0015,0
2753,24317.9,10,0,2.35742,7.48929,0,0,0,9.84671,361,361,0,1,2.94392,2.94392,1830,367,0,1235,0,0,0,0,0,1339,1785.99,0.953667,29.338,168732,12,29433,486,465155,48,117732,1944,32,4,644756,1319142,20632192,5276568,25908760,4,4,12,4,4,4,0,20,20,20260807,5,1,1,1,0,0,0,6585,0.274375,1,0.0015,1
2754,24323.7,5,0,2.37742,3.28292,0,0,0,5.66033,361,361,0,1,2.94392,2.94392,1830,367,0,1235,0,0,0,0,0,1339,1785.99,0.953667,29.338,168732,12,29433,486,465155,48,117732,1944,32,4,644756,1319142,20632192,5276568,25908760,4,4,12,4,4,4,0,20,20,20260807,5,1,1,1,0,0,0,6585,0.274375,1,0.0015,0
2755,24335.5,12,0,2.12871,9.60637,0,0,0,11.7351,361,361,0,1,2.94392,2.94392,1830,367,0,1235,0,0,0,0,0,1339,1785.99,0.953667,29.338,168732,12,29433,486,465155,48,117732,1944,32,4,644756,1319142,20632192,5276568,25908760,4,4,12,4,4,4,0,20,20,20260807,5,1,1,1,0,0,0,6585,0.274375,1,0.0015,0
2756,24341.2,6,0,2.20521,3.43858,0,0,0,5.64379,361,361,0,1,2.94392,2.94392,1830,367,0,1235,0,0,0,0,0,1339,1785.99,0.953667,29.338,168732,12,29433,486,465155,48,117732,1944,32,4,644756,1319142,20632192,5276568,25908760,4,4,12,4,4,4,0,20,20,20260807,5,1,1,1,0,0,0,6585,0.274375,1,0.0015,0
2757,24351.6,10,0,2.127,8.23392,0,0,0,10.3609,361,361,0,1,2.94392,2.94392,1830,367,0,1235,0,0,0,0,0,1339,1785.99,0.953667,29.338,168732,12,29433,486,465155,48,117732,1944,32,4,644756,1319142,20632192,5276568,25908760,4,4,12,4,4,4,0,20,20,20260807,5,1,1,1,0,0,0,6585,0.274375,1,0.0015,0
2758,24358.4,7,0,2.52846,4.14296,0,0,0,6.67142,361,361,0,1,2.94392,2.94392,1830,367,0,1235,0,0,0,0,0,1339,1785.99,0.953667,29.338,168732,12,29433,486,465155,48,117732,1944,32,4,644756,1319142,20632192,5276568,25908760,4,4,12,4,4,4,0,20,20,20260807,5,1,1,1,0,0,0,6585,0.274375,1,0.0015,0
2759,24367.7,9,0,2.23325,6.97129,0,0,0,9.20454,361,361,0,1,2.94392,2.94392,1830,367,0,1235,0,0,0,0,0,1339,1785.99,0.953667,29.338,168732,12,29433,486,465155,48,117732,1944,32,4,644756,1319142,20632192,5276568,25908760,4,4,12,4,4,4,0,20,20,20260807,5,1,1,1,0,0,0,6586,0.274417,1,0.0015,1
2760,24373.9,7,0,2.28196,3.83675,0,0,0,6.11871,361,361,0,1,2.94392,2.94392,1830,367,0,1235,0,0,0,0,0,1339,1785.99,0.953667,29.338,168732,12,29433,486,465155,48,117732,1944,32,4,644756,1319142,20632192,5276568,25908760,4,4,12,4,4,4,0,20,20,20260807,5,1,1,1,0,0,0,6586,0.274417,1,0.0015,0
2761,24384.3,10,0,2.23088,8.04504,0,0,0,10.2759,361,361,0,1,2.94392,2.94392,1830,367,0,1235,0,0,0,0,0,1339,1785.99,0.953667,29.338,168732,12,29433,486,465155,48,117732,1944,32,4,644756,1319142,20632192,5276568,25908760,4,4,12,4,4,4,0,20,20,20260807,5,1,1,1,0,0,0,6586,0.274417,1,0.0015,0
2762,24390.9,7,0,2.25867,4.28937,0,0,0,6.54804,361,361,0,1,2.94392,2.94392,1830,367,0,1235,0,0,0,0,0,1339,1785.99,0.953667,29.338,168732,12,29433,486,465155,48,117732,1944,32,4,644756,1319142,20632192,5276568,25908760,4,4,12,4,4,4,0,20,20,20260807,5,1,1,1,0,0,0,6586,0.274417,1,0.0015,0
2763,24401.5,10,0,2.22871,8.25413,0,0,0,10.4828,361,361,0,1,2.94392,2.94392,1830,367,0,1235,0,0,0,0,0,1339,1785.99,0.953667,29.338,168732,12,29433,486,465155,48,117732,1944,32,4,644756,1319142,20632192,5276568,25908760,4,4,12,4,4,4,0,20,20,20260807,5,1,1,1,0,0,0,6586,0.274417,1,0.0015,0
2764,24407.4,6,0,2.23308,3.58842,0,0,0,5.8215,361,361,0,1,2.94392,2.94392,1830,367,0,1235,0,0,0,0,0,1339,1785.99,0.953667,29.338,168732,12,29433,486,465155,48,117732,1944,32,4,644756,1319142,20632192,5276568,25908760,4,4,12,4,4,4,0,20,20,20260807,5,1,1,1,0,0,0,6586,0.274417,1,0.0015,0
2765,24418,11,0,2.30271,8.22663,0,0,0,10.5293,361,361,0,1,2.94392,2.94392,1830,367,0,1235,0,0,0,0,0,1339,1785.99,0.953667,29.338,168732,12,29433,486,465155,48,117732,1944,32,4,644756,1319142,20632192,5276568,25908760,4,4,12,4,4,4,0,20,20,20260807,5,1,1,1,0,0,0,6587,0.274458,1,0.0015,1
2766,24424.2,6,0,2.39129,3.72562,0,0,0,6.11692,361,361,0,1,2.94392,2.94392,1830,367,0,1235,0,0,0,0,0,1339,1785.99,0.953667,29.338,168732,12,29433,486,465155,48,117732,1944,32,4,644756,1319142,20632192,5276568,25908760,4,4,12,4,4,4,0,20,20,20260807,5,1,1,1,0,0,0,6587,0.274458,1,0.0015,0
2767,24433.9,10,0,2.14929,7.46096,0,0,0,9.61025,361,361,0,1,2.94392,2.94392,1830,367,0,1235,0,0,0,0,0,1339,1785.99,0.953667,29.338,168732,12,29433,486,465155,48,117732,1944,32,4,644756,1319142,20632192,5276568,25908760,4,4,12,4,4,4,0,20,20,20260807,5,1,1,1,0,0,0,6587,0.274458,1,0.0015,0
2768,24440.7,6,0,2.21879,4.48467,0,0,0,6.70346,361,361,0,1,2.94392,2.94392,1830,367,0,1235,0,0,0,0,0,1339,1785.99,0.953667,29.338,168732,12,29433,486,465155,48,117732,1944,32,4,644756,1319142,20632192,5276568,25908760,4,4,12,4,4,4,0,20,20,20260807,5,1,1,1,0,0,0,6587,0.274458,1,0.0015,0
2769,24450.6,10,0,2.16704,7.71054,0,0,0,9.87758,361,361,0,1,2.94392,2.94392,1830,367,0,1235,0,0,0,0,0,1339,1785.99,0.953667,29.338,168732,12,29433,486,465155,48,117732,1944,32,4,644756,1319142,20632192,5276568,25908760,4,4,12,4,4,4,0,20,20,20260807,5,1,1,1,0,0,0,6587,0.274458,1,0.0015,0
2770,24456.5,6,0,2.23208,3.545,0,0,0,5.77708,361,361,0,1,2.94392,2.94392,1830,367,0,1235,0,0,0,0,0,1339,1785.99,0.953667,29.338,168732,12,29433,486,465155,48,117732,1944,32,4,644756,1319142,20632192,5276568,25908760,4,4,12,4,4,4,0,20,20,20260807,5,1,1,1,0,0,0,6587,0.274458,1,0.0015,0
2771,24467.9,12,0,2.33492,9.01371,0,0,0,11.3486,361,361,0,1,2.94392,2.94392,1830,367,0,1235,0,0,0,0,0,1339,1785.99,0.953667,29.338,168732,12,29433,486,465155,48,117732,1944,32,4,644756,1319142,20632192,5276568,25908760,4,4,12,4,4,4,0,20,20,20260807,5,1,1,1,0,0,0,6588,0.2745,1,0.0015,1
2772,24474.2,6,0,2.41842,3.83621,0,0,0,6.25462,361,361,0,1,2.94392,2.94392,1830,367,0,1235,0,0,0,0,0,1339,1785.99,0.953667,29.338,168732,12,29433,486,465155,48,117732,1944,32,4,644756,1319142,20632192,5276568,25908760,4,4,12,4,4,4,0,20,20,20260807,5,1,1,1,0,0,0,6588,0.2745,1,0.0015,0
2773,24484,10,0,2.28746,7.40179,0,0,0,9.68925,361,361,0,1,2.94392,2.94392,1830,367,0,1235,0,0,0,0,0,1339,1785.99,0.953667,29.338,168732,12,29433,486,465155,48,117732,1944,32,4,644756,1319142,20632192,5276568,25908760,4,4,12,4,4,4,0,20,20,20260807,5,1,1,1,0,0,0,6588,0.2745,1,0.0015,0
2774,24490.1,6,0,2.29571,3.63537,0,0,0,5.93108,361,361,0,1,2.94392,2.94392,1830,367,0,1235,0,0,0,0,0,1339,1785.99,0.953667,29.338,168732,12,29433,486,465155,48,117732,1944,32,4,644756,1319142,20632192,5276568,25908760,4,4,12,4,4,4,0,20,20,20260807,5,1,1,1,0,0,0,6588,0.2745,1,0.0015,0
2775,24501.7,11,0,2.11908,9.38292,0,0,0,11.502,361,361,0,1,2.94392,2.94392,1830,367,0,1235,0,0,0,0,0,1339,1785.99,0.953667,29.338,168732,12,29433,486,465155,48,117732,1944,32,4,644756,1319142,20632192,5276568,25908760,4,4,12,4,4,4,0,20,20,20260807,5,1,1,1,0,0,0,6588,0.2745,1,0.0015,0
2776,24507.8,7,0,2.16438,3.79675,0,0,0,5.96113,361,361,0,1,2.94392,2.94392,1830,367,0,1235,0,0,0,0,0,1339,1785.99,0.953667,29.338,168732,12,29433,486,465155,48,117732,1944,32,4,644756,1319142,20632192,5276568,25908760,4,4,12,4,4,4,0,20,20,20260807,5,1,1,1,0,0,0,6588,0.2745,1,0.0015,0
2777,24517.4,9,0,2.29542,7.25087,0,0,0,9.54629,361,361,0,1,2.94392,2.94392,1830,367,0,1235,0,0,0,0,0,1339,1785.99,0.953667,29.338,168732,12,29433,486,465155,48,117732,1944,32,4,644756,1319142,20632192,5276568,25908760,4,4,12,4,4,4,0,20,20,20260807,5,1,1,1,0,0,0,6589,0.274542,1,0.0015,1
2778,24523.6,6,0,2.18633,3.88142,0,0,0,6.06775,361,361,0,1,2.94392,2.94392,1830,367,0,1235,0,0,0,0,0,1339,1785.99,0.953667,29.338,168732,12,29433,486,465155,48,117732,1944,32,4,644756,1319142,20632192,5276568,25908760,4,4,12,4,4,4,0,20,20,20260807,5,1,1,1,0,0,0,6589,0.274542,1,0.0015,0
2779,24533.9,11,0,2.32075,7.98679,0,0,0,10.3075,361,361,0,1,2.94392,2.94392,1830,367,0,1235,0,0,0,0,0,1339,1785.99,0.953667,29.338,168732,12,29433,486,465155,48,117732,1944,32,4,644756,1319142,20632192,5276568,25908760,4,4,12,4,4,4,0,20,20,20260807,5,1,1,1,0,0,0,6589,0.274542,1,0.0015,0
2780,24539.8,6,0,2.22475,3.50687,0,0,0,5.73163,361,361,0,1,2.94392,2.94392,1830,367,0,1235,0,0,0,0,0,1339,1785.99,0.953667,29.338,168732,12,29433,486,465155,48,117732,1944,32,4,644756,1319142,20632192,5276568,25908760,4,4,12,4,4,4,0,20,20,20260807,5,1,1,1,0,0,0,6589,0.274542,1,0.0015,0
2781,24550.7,10,0,2.64438,8.223,0,0,0,10.8674,361,361,0,1,2.94392,2.94392,1830,367,0,1235,0,0,0,0,0,1339,1785.99,0.953667,29.338,168732,12,29433,486,465155,48,117732,1944,32,4,644756,1319142,20632192,5276568,25908760,4,4,12,4,4,4,0,20,20,20260807,5,1,1,1,0,0,0,6589,0.274542,1,0.0015,0
2782,24556.6,6,0,2.13517,3.706,0,0,0,5.84117,361,361,0,1,2.94392,2.94392,1830,367,0,1235,0,0,0,0,0,1339,1785.99,0.953667,29.338,168732,12,29433,486,465155,48,117732,1944,32,4,644756,1319142,20632192,5276568,25908760,4,4,12,4,4,4,0,20,20,20260807,5,1,1,1,0,0,0,6589,0.274542,1,0.0015,0
2783,24567.3,11,0,2.29942,8.30267,0,0,0,10.6021,361,361,0,1,2.94392,2.94392,1830,367,0,1235,0,0,0,0,0,1339,1785.99,0.953667,29.338,168732,12,29433,486,465155,48,117732,1944,32,4,644756,1319142,20632192,5276568,25908760,4,4,12,4,4,4,0,20,20,20260807,5,1,1,1,0,0,0,6590,0.274583,1,0.0015,1
2784,24573.3,6,0,2.36446,3.56263,0,0,0,5.92708,361,361,0,1,2.94392,2.94392,1830,367,0,1235,0,0,0,0,0,1339,1785.99,0.953667,29.338,168732,12,29433,486,465155,48,117732,1944,32,4,644756,1319142,20632192,5276568,25908760,4,4,12,4,4,4,0,20,20,20260807,5,1,1,1,0,0,0,6590,0.274583,1,0.0015,0
2785,24586.4,13,0,2.25513,10.7605,0,0,0,13.0157,361,361,0,1,2.94392,2.94392,1830,367,0,1235,0,0,0,0,0,1339,1785.99,0.953667,29.338,168732,12,29433,486,465155,48,117732,1944,32,4,644756,1319142,20632192,5276568,25908760,4,4,12,4,4,4,0,20,20,20260807,5,1,1,1,0,0,0,6590,0.274583,1,0.0015,0
2786,24601.1,15,0,2.16458,12.4783,0,0,0,14.6429,361,361,0,1,2.94392,2.94392,1830,367,0,1235,0,0,0,0,0,1339,1785.99,0.953667,29.338,168732,12,29433,486,465155,48,117732,1944,32,4,644756,1319142,20632192,5276568,25908760,4,4,12,4,4,4,0,20,20,20260807,5,1,1,1,0,0,0,6590,0.274583,1,0.0015,0
2787,24606.5,5,0,2.22767,3.03292,0,0,0,5.26058,361,361,0,1,2.94392,2.94392,1830,367,0,1235,0,0,0,0,0,1339,1785.99,0.953667,29.338,168732,12,29433,486,465155,48,117732,1944,32,4,644756,1319142,20632192,5276568,25908760,4,4,12,4,4,4,0,20,20,20260807,5,1,1,1,0,0,0,6590,0.274583,1,0.0015,0
2788,24617.3,11,0,2.49333,8.26262,0,0,0,10.756,361,361,0,1,2.94392,2.94392,1830,367,0,1235,0,0,0,0,0,1339,1785.99,0.953667,29.338,168732,12,29433,486,465155,48,117732,1944,32,4,644756,1319142,20632192,5276568,25908760,4,4,12,4,4,4,0,20,20,20260807,5,1,1,1,0,0,0,6591,0.274625,1,0.0015,1
2789,24624.4,7,0,2.14704,4.90204,0,0,0,7.04908,361,361,0,1,2.94392,2.94392,1830,367,0,1235,0,0,0,0,0,1339,1785.99,0.953667,29.338,168732,12,29433,486,465155,48,117732,1944,32,4,644756,1319142,20632192,5276568,25908760,4,4,12,4,4,4,0,20,20,20260807,5,1,1,1,0,0,0,6591,0.274625,1,0.0015,0
2790,24633.9,10,0,2.45512,6.95033,0,0,0,9.40546,361,361,0,1,2.94392,2.94392,1830,367,0,1235,0,0,0,0,0,1339,1785.99,0.953667,29.338,168732,12,29433,486,465155,48,117732,1944,32,4,644756,1319142,20632192,5276568,25908760,4,4,12,4,4,4,0,20,20,20260807,5,1,1,1,0,0,0,6591,0.274625,1,0.0015,0
2791,24647.5,13,0,2.09517,11.3856,0,0,0,13.4808,361,361,0,1,2.94392,2.94392,1830,367,0,1235,0,0,0,0,0,1339,1785.99,0.953667,29.338,168732,12,29433,486,465155,48,117732,1944,32,4,644756,1319142,20632192,5276568,25908760,4,4,12,4,4,4,0,20,20,20260807,5,1,1,1,0,0,0,6591,0.274625,1,0.0015,0
2792,24671,25,0,2.17196,21.2605,0,0,0,23.4324,361,361,0,1,2.94392,2.94392,1830,367,0,1235,0,0,0,0,0,1339,1785.99,0.953667,29.338,168732,12,29433,486,465155,48,117732,1944,32,4,644756,1319142,20632192,5276568,25908760,4,4,12,4,4,4,0,20,20,20260807,5,1,1,1,0,0,0,6591,0.274625,1,0.0015,0
2793,24680,9,0,2.19663,6.69717,0,0,0,8.89379,361,361,0,1,2.94392,2.94392,1830,367,0,1235,0,0,0,0,0,1339,1785.99,0.953667,29.338,168732,12,29433,486,465155,48,117732,1944,32,4,644756,1319142,20632192,5276568,25908760,4,4,12,4,4,4,0,20,20,20260807,5,1,1,1,0,0,0,6592,0.274667,1,0.0015,1
2794,24700.8,21,0,2.54258,18.2093,0,0,0,20.7518,361,361,0,1,2.94392,2.94392,1830,367,0,1235,0,0,0,0,0,1339,1785.99,0.953667,29.338,168732,12,29433,486,465155,48,117732,1944,32,4,644756,1319142,20632192,5276568,25908760,4,4,12,4,4,4,0,20,20,20260807,5,1,1,1,0,0,0,6592,0.274667,1,0.0015,0
2795,24706.1,5,0,2.24158,2.97775,0,0,0,5.21933,361,361,0,1,2.94392,2.94392,1830,367,0,1235,0,0,0,0,0,1339,1785.99,0.953667,29.338,168732,12,29433,486,465155,48,117732,1944,32,4,644756,1319142,20632192,5276568,25908760,4,4,12,4,4,4,0,20,20,20260807,5,1,1,1,0,0,0,6592,0.274667,1,0.0015,0
2796,24717.5,11,0,2.30163,9.05267,0,0,0,11.3543,361,361,0,1,2.94392,2.94392,1830,367,0,1235,0,0,0,0,0,1339,1785.99,0.953667,29.338,168732,12,29433,486,465155,48,117732,1944,32,4,644756,1319142,20632192,5276568,25908760,4,4,12,4,4,4,0,20,20,20260807,5,1,1,1,0,0,0,6593,0.274708,1,0.0015,1
2797,24724.8,8,0,2.16375,4.98717,0,0,0,7.15092,361,361,0,1,2.94392,2.94392,1830,367,0,1235,0,0,0,0,0,1339,1785.99,0.953667,29.338,168732,12,29433,486,465155,48,117732,1944,32,4,644756,1319142,20632192,5276568,25908760,4,4,12,4,4,4,0,20,20,20260807,5,1,1,1,0,0,0,6593,0.274708,1,0.0015,0
2798,24734.8,10,0,2.224,7.76467,0,0,0,9.98867,361,361,0,1,2.94392,2.94392,1830,367,0,1235,0,0,0,0,0,1339,1785.99,0.953667,29.338,168732,12,29433,486,465155,48,117732,1944,32,4,644756,1319142,20632192,5276568,25908760,4,4,12,4,4,4,0,20,20,20260807,5,1,1,1,0,0,0,6593,0.274708,1,0.0015,0
2799,24740.9,6,0,2.34112,3.67604,0,0,0,6.01717,361,361,0,1,2.94392,2.94392,1830,367,0,1235,0,0,0,0,0,1339,1785.99,0.953667,29.338,168732,12,29433,486,465155,48,117732,1944,32,4,644756,1319142,20632192,5276568,25908760,4,4,12,4,4,4,0,20,20,20260807,5,1,1,1,0,0,0,6593,0.274708,1,0.0015,0
2800,24750.8,10,0,2.46746,7.33079,0,0,0,9.79825,361,361,0,1,2.94392,2.94392,1830,367,0,1235,0,0,0,0,0,1339,1785.99,0.953667,29.338,168732,12,29433,486,465155,48,117732,1944,32,4,644756,1319142,20632192,5276568,25908760,4,4,12,4,4,4,0,20,20,20260807,5,1,1,1,0,0,0,6593,0.274708,1,0.0015,0
2801,24758.9,8,0,2.10429,5.91763,0,0,0,8.02192,361,361,0,1,2.94392,2.94392,1830,367,0,1235,0,0,0,0,0,1339,1785.99,0.953667,29.338,168732,12,29433,486,465155,48,117732,1944,32,4,644756,1319142,20632192,5276568,25908760,4,4,12,4,4,4,0,20,20,20260807,5,1,1,1,0,0,0,6593,0.274708,1,0.0015,0
2802,24767.7,8,0,2.49213,6.15667,0,0,0,8.64879,361,361,0,1,2.94392,2.94392,1830,367,0,1235,0,0,0,0,0,1339,1785.99,0.953667,29.338,168732,12,29433,486,465155,48,117732,1944,32,4,644756,1319142,20632192,5276568,25908760,4,4,12,4,4,4,0,20,20,20260807,5,1,1,1,0,0,0,6594,0.27475,1,0.0015,1
2803,24774.2,7,0,2.17425,4.28504,0,0,0,6.45929,361,361,0,1,2.94392,2.94392,1830,367,0,1235,0,0,0,0,0,1339,1785.99,0.953667,29.338,168732,12,29433,486,465155,48,117732,1944,32,4,644756,1319142,20632192,5276568,25908760,4,4,12,4,4,4,0,20,20,20260807,5,1,1,1,0,0,0,6594,0.27475,1,0.0015,0
2804,24784.5,10,0,2.28254,7.85517,0,0,0,10.1377,361,361,0,1,2.94392,2.94392,1830,367,0,1235,0,0,0,0,0,1339,1785.99,0.953667,29.338,168732,12,29433,486,465155,48,117732,1944,32,4,644756,1319142,20632192,5276568,25908760,4,4,12,4,4,4,0,20,20,20260807,5,1,1,1,0,0,0,6594,0.27475,1,0.0015,0
2805,24789.8,6,0,2.26971,2.91887,0,0,0,5.18858,361,361,0,1,2.94392,2.94392,1830,367,0,1235,0,0,0,0,0,1339,1785.99,0.953667,29.338,168732,12,29433,486,465155,48,117732,1944,32,4,644756,1319142,20632192,5276568,25908760,4,4,12,4,4,4,0,20,20,20260807,5,1,1,1,0,0,0,6594,0.27475,1,0.0015,0
2806,24801.4,11,0,2.49442,9.02208,0,0,0,11.5165,361,361,0,1,2.94392,2.94392,1830,367,0,1235,0,0,0,0,0,1339,1785.99,0.953667,29.338,168732,12,29433,486,465155,48,117732,1944,32,4,644756,1319142,20632192,5276568,25908760,4,4,12,4,4,4,0,20,20,20260807,5,1,1,1,0,0,0,6594,0.27475,1,0.0015,0
2807,24808.1,7,0,2.15517,4.416,0,0,0,6.57117,361,361,0,1,2.94392,2.94392,1830,367,0,1235,0,0,0,0,0,1339,1785.99,0.953667,29.338,168732,12,29433,486,465155,48,117732,1944,32,4,644756,1319142,20632192,5276568,25908760,4,4,12,4,4,4,0,20,20,20260807,5,1,1,1,0,0,0,6594,0.27475,1,0.0015,0
2808,24817.4,9,0,2.84292,6.36946,0,0,0,9.21237,361,361,0,1,2.94392,2.94392,1830,367,0,1235,0,0,0,0,0,1339,1785.99,0.953667,29.338,168732,12,29433,486,465155,48,117732,1944,32,4,644756,1319142,20632192,5276568,25908760,4,4,12,4,4,4,0,20,20,20260807,5,1,1,1,0,0,0,6595,0.274792,1,0.0015,1
2809,24824.4,7,0,2.22538,4.6745,0,0,0,6.89987,361,361,0,1,2.94392,2.94392,1830,367,0,1235,0,0,0,0,0,1339,1785.99,0.953667,29.338,168732,12,29433,486,465155,48,117732,1944,32,4,644756,1319142,20632192,5276568,25908760,4,4,12,4,4,4,0,20,20,20260807,5,1,1,1,0,0,0,6595,0.274792,1,0.0015,0
2810,24834,10,0,2.48842,7.06646,0,0,0,9.55487,361,361,0,1,2.94392,2.94392,1830,367,0,1235,0,0,0,0,0,1339,1785.99,0.953667,29.338,168732,12,29433,486,465155,48,117732,1944,32,4,644756,1319142,20632192,5276568,25908760,4,4,12,4,4,4,0,20,20,20260807,5,1,1,1,0,0,0,6595,0.274792,1,0.0015,0
2811,24840.5,6,0,2.33892,4.05704,0,0,0,6.39596,361,361,0,1,2.94392,2.94392,1830,367,0,1235,0,0,0,0,0,1339,1785.99,0.953667,29.338,168732,12,29433,486,465155,48,117732,1944,32,4,644756,1319142,20632192,5276568,25908760,4,4,12,4,4,4,0,20,20,20260807,5,1,1,1,0,0,0,6595,0.274792,1,0.0015,0
2812,24851,11,0,2.435,7.99375,0,0,0,10.4288,361,361,0,1,2.94392,2.94392,1830,367,0,1235,0,0,0,0,0,1339,1785.99,0.953667,29.338,168732,12,29433,486,465155,48,117732,1944,32,4,644756,1319142,20632192,5276568,25908760,4,4,12,4,4,4,0,20,20,20260807,5,1,1,1,0,0,0,6595,0.274792,1,0.0015,0
2813,24858.8,8,0,2.28992,5.46379,0,0,0,7.75371,361,361,0,1,2.94392,2.94392,1830,367,0,1235,0,0,0,0,0,1339,1785.99,0.953667,29.338,168732,12,29433,486,465155,48,117732,1944,32,4,644756,1319142,20632192,5276568,25908760,4,4,12,4,4,4,0,20,20,20260807,5,1,1,1,0,0,0,6595,0.274792,1,0.0015,0
2814,24867.9,9,0,2.20758,6.76842,0,0,0,8.976,361,361,0,1,2.94392,2.94392,1830,367,0,1235,0,0,0,0,0,1339,1785.99,0.953667,29.338,168732,12,29433,486,465155,48,117732,1944,32,4,644756,1319142,20632192,5276568,25908760,4,4,12,4,4,4,0,20,20,20260807,5,1,1,1,0,0,0,6596,0.274833,1,0.0015,1
2815,24874.4,6,0,2.22558,4.20708,0,0,0,6.43267,361,361,0,1,2.94392,2.94392,1830,367,0,1235,0,0,0,0,0,1339,1785.99,0.953667,29.338,168732,12,29433,486,465155,48,117732,1944,32,4,644756,1319142,20632192,5276568,25908760,4,4,12,4,4,4,0,20,20,20260807,5,1,1,1,0,0,0,6596,0.274833,1,0.0015,0
2816,24884.9,11,0,2.27333,8.11238,0,0,0,10.3857,361,361,0,1,2.94392,2.94392,1830,367,0,1235,0,0,0,0,0,1339,1785.99,0.953667,29.338,168732,12,29433,486,465155,48,117732,1944,32,4,644756,1319142,20632192,5276568,25908760,4,4,12,4,4,4,0,20,20,20260807,5,1,1,1,0,0,0,6596,0.274833,1,0.0015,0
2817,24890.8,6,0,2.31338,3.55138,0,0,0,5.86475,361,361,0,1,2.94392,2.94392,1830,367,0,1235,0,0,0,0,0,1339,1785.99,0.953667,29.338,168732,12,29433,486,465155,48,117732,1944,32,4,644756,1319142,20632192,5276568,25908760,4,4,12,4,4,4,0,20,20,20260807,5,1,1,1,0,0,0,6596,0.274833,1,0.0015,0
2818,24900.7,9,0,2.16858,7.5035,0,0,0,9.67208,361,361,0,1,2.94392,2.94392,1830,367,0,1235,0,0,0,0,0,1339,1785.99,0.953667,29.338,168732,12,29433,486,465155,48,117732,1944,32,4,644756,1319142,20632192,5276568,25908760,4,4,12,4,4,4,0,20,20,20260807,5,1,1,1,0,0,0,6596,0.274833,1,0.0015,0
2819,24911.1,11,0,2.17454,8.09425,0,0,0,10.2688,361,361,0,1,2.94392,2.94392,1830,367,0,1235,0,0,0,0,0,1339,1785.99,0.953667,29.338,168732,12,29433,486,465155,48,117732,1944,32,4,644756,1319142,20632192,5276568,25908760,4,4,12,4,4,4,0,20,20,20260807,5,1,1,1,0,0,0,6596,0.274833,1,0.0015,0
2820,24917.6,6,0,2.25929,4.18379,0,0,0,6.44308,361,361,0,1,2.94392,2.94392,1830,367,0,1235,0,0,0,0,0,1339,1785.99,0.953667,29.338,168732,12,29433,486,465155,48,117732,1944,32,4,644756,1319142,20632192,5276568,25908760,4,4,12,4,4,4,0,20,20,20260807,5,1,1,1,0,0,0,6597,0.274875,1,0.0015,1
2821,24923.4,6,0,2.26029,3.48371,0,0,0,5.744,361,361,0,1,2.94392,2.94392,1830,367,0,1235,0,0,0,0,0,1339,1785.99,0.953667,29.338,168732,12,29433,486,465155,48,117732,1944,32,4,644756,1319142,20632192,5276568,25908760,4,4,12,4,4,4,0,20,20,20260807,5,1,1,1,0,0,0,6597,0.274875,1,0.0015,0
2822,24934.1,11,0,2.25333,8.31892,0,0,0,10.5723,361,361,0,1,2.94392,2.94392,1830,367,0,1235,0,0,0,0,0,1339,1785.99,0.953667,29.338,168732,12,29433,486,465155,48,117732,1944,32,4,644756,1319142,20632192,5276568,25908760,4,4,12,4,4,4,0,20,20,20260807,5,1,1,1,0,0,0,6597,0.274875,1,0.0015,0
2823,24942.7,8,0,2.24487,6.32917,0,0,0,8.57404,361,361,0,1,2.94392,2.94392,1830,367,0,1235,0,0,0,0,0,1339,1785.99,0.953667,29.338,168732,12,29433,486,465155,48,117732,1944,32,4,644756,1319142,20632192,5276568,25908760,4,4,12,4,4,4,0,20,20,20260807,5,1,1,1,0,0,0,6597,0.274875,1,0.0015,0
2824,24950.8,9,0,2.11379,5.86033,0,0,0,7.97412,361,361,0,1,2.94392,2.94392,1830,367,0,1235,0,0,0,0,0,1339,1785.99,0.953667,29.338,168732,12,29433,486,465155,48,117732,1944,32,4,644756,1319142,20632192,5276568,25908760,4,4,12,4,4,4,0,20,20,20260807,5,1,1,1,0,0,0,6597,0.274875,1,0.0015,0
2825,24956.8,6,0,2.24996,3.66033,0,0,0,5.91029,361,361,0,1,2.94392,2.94392,1830,367,0,1235,0,0,0,0,0,1339,1785.99,0.953667,29.338,168732,12,29433,486,465155,48,117732,1944,32,4,644756,1319142,20632192,5276568,25908760,4,4,12,4,4,4,0,20,20,20260807,5,1,1,1,0,0,0,6597,0.274875,1,0.0015,0
2826,24968,11,0,2.22871,8.39967,0,0,0,10.6284,361,361,0,1,2.94392,2.94392,1830,367,0,1235,0,0,0,0,0,1339,1785.99,0.953667,29.338,168732,12,29433,486,465155,48,117732,1944,32,4,644756,1319142,20632192,5276568,25908760,4,4,12,4,4,4,0,20,20,20260807,5,1,1,1,0,0,0,6598,0.274917,1,0.0015,1
2827,24974.4,6,0,2.20296,4.17158,0,0,0,6.37454,361,361,0,1,2.94392,2.94392,1830,367,0,1235,0,0,0,0,0,1339,1785.99,0.953667,29.338,168732,12,29433,486,465155,48,117732,1944,32,4,644756,1319142,20632192,5276568,25908760,4,4,12,4,4,4,0,20,20,20260807,5,1,1,1,0,0,0,6598,0.274917,1,0.0015,0
2828,24984.8,11,0,2.1565,8.14188,0,0,0,10.2984,361,361,0,1,2.94392,2.94392,1830,367,0,1235,0,0,0,0,0,1339,1785.99,0.953667,29.338,168732,12,29433,486,465155,48,117732,1944,32,4,644756,1319142,20632192,5276568,25908760,4,4,12,4,4,4,0,20,20,20260807,5,1,1,1,0,0,0,6598,0.274917,1,0.0015,0
2829,24990.9,6,0,2.26008,3.79312,0,0,0,6.05321,361,361,0,1,2.94392,2.94392,1830,367,0,1235,0,0,0,0,0,1339,1785.99,0.953667,29.338,168732,12,29433,486,465155,48,117732,1944,32,4,644756,1319142,20632192,5276568,25908760,4,4,12,4,4,4,0,20,20,20260807,5,1,1,1,0,0,0,6598,0.274917,1,0.0015,0
2830,25002.2,11,0,2.21354,8.98225,0,0,0,11.1958,361,361,0,1,2.94392,2.94392,1830,367,0,1235,0,0,0,0,0,1339,1785.99,0.953667,29.338,168732,12,29433,486,465155,48,117732,1944,32,4,644756,1319142,20632192,5276568,25908760,4,4,12,4,4,4,0,20,20,20260807,5,1,1,1,0,0,0,6598,0.274917,1,0.0015,0
2831,25008.5,6,0,2.2865,3.93958,0,0,0,6.22608,361,361,0,1,2.94392,2.94392,1830,367,0,1235,0,0,0,0,0,1339,1785.99,0.953667,29.338,168732,12,29433,486,465155,48,117732,1944,32,4,644756,1319142,20632192,5276568,25908760,4,4,12,4,4,4,0,20,20,20260807,5,1,1,1,0,0,0,6599,0.274958,1,0.0015,1
2832,25017.8,10,0,2.20546,6.94121,0,0,0,9.14667,361,361,0,1,2.94392,2.94392,1830,367,0,1235,0,0,0,0,0,1339,1785.99,0.953667,29.338,168732,12,29433,486,465155,48,117732,1944,32,4,644756,1319142,20632192,5276568,25908760,4,4,12,4,4,4,0,20,20,20260807,5,1,1,1,0,0,0,6599,0.274958,1,0.0015,0
2833,25023.7,5,0,2.15142,3.68933,0,0,0,5.84075,361,361,0,1,2.94392,2.94392,1830,367,0,1235,0,0,0,0,0,1339,1785.99,0.953667,29.338,168732,12,29433,486,465155,48,117732,1944,32,4,644756,1319142,20632192,5276568,25908760,4,4,12,4,4,4,0,20,20,20260807,5,1,1,1,0,0,0,6599,0.274958,1,0.0015,0
2834,25034,11,0,2.16438,8.05133,0,0,0,10.2157,361,361,0,1,2.94392,2.94392,1830,367,0,1235,0,0,0,0,0,1339,1785.99,0.953667,29.338,168732,12,29433,486,465155,48,117732,1944,32,4,644756,1319142,20632192,5276568,25908760,4,4,12,4,4,4,0,20,20,20260807,5,1,1,1,0,0,0,6599,0.274958,1,0.0015,0
2835,25041,7,0,2.17779,4.78983,0,0,0,6.96762,361,361,0,1,2.94392,2.94392,1830,367,0,1235,0,0,0,0,0,1339,1785.99,0.953667,29.338,168732,12,29433,486,465155,48,117732,1944,32,4,644756,1319142,20632192,5276568,25908760,4,4,12,4,4,4,0,20,20,20260807,5,1,1,1,0,0,0,6599,0.274958,1,0.0015,0
2836,25051.2,10,0,2.28383,7.81983,0,0,0,10.1037,361,361,0,1,2.94392,2.94392,1830,367,0,1235,0,0,0,0,0,1339,1785.99,0.953667,29.338,168732,12,29433,486,465155,48,117732,1944,32,4,644756,1319142,20632192,5276568,25908760,4,4,12,4,4,4,0,20,20,20260807,5,1,1,1,0,0,0,6599,0.274958,1,0.0015,0
2837,25057.2,6,0,2.30379,3.61287,0,0,0,5.91667,361,361,0,1,2.94392,2.94392,1830,367,0,1235,0,0,0,0,0,1339,1785.99,0.953667,29.338,168732,12,29433,486,465155,48,117732,1944,32,4,644756,1319142,20632192,5276568,25908760,4,4,12,4,4,4,0,20,20,20260807,5,1,1,1,0,0,0,6599,0.274958,1,0.0015,0
2838,25067.4,10,0,2.18842,7.88892,0,0,0,10.0773,361,361,0,1,2.94392,2.94392,1830,367,0,1235,0,0,0,0,0,1339,1785.99,0.953667,29.338,168732,12,29433,486,465155,48,117732,1944,32,4,644756,1319142,20632192,5276568,25908760,4,4,12,4,4,4,0,20,20,20260807,5,1,1,1,0,0,0,6600,0.275,1,0.0015,1
2839,25074.4,7,0,2.41217,4.4235,0,0,0,6.83567,361,361,0,1,2.94392,2.94392,1830,367,0,1235,0,0,0,0,0,1339,1785.99,0.953667,29.338,168732,12,29433,486,465155,48,117732,1944,32,4,644756,1319142,20632192,5276568,25908760,4,4,12,4,4,4,0,20,20,20260807,5,1,1,1,0,0,0,6600,0.275,1,0.0015,0
2840,25083.9,10,0,2.54625,6.95937,0,0,0,9.50563,361,361,0,1,2.94392,2.94392,1830,367,0,1235,0,0,0,0,0,1339,1785.99,0.953667,29.338,168732,12,29433,486,465155,48,117732,1944,32,4,644756,1319142,20632192,5276568,25908760,4,4,12,4,4,4,0,20,20,20260807,5,1,1,1,0,0,0,6600,0.275,1,0.0015,0
2841,25091.8,8,0,2.16404,5.65496,0,0,0,7.819,361,361,0,1,2.94392,2.94392,1830,367,0,1235,0,0,0,0,0,1339,1785.99,0.953667,29.338,168732,12,29433,486,465155,48,117732,1944,32,4,644756,1319142,20632192,5276568,25908760,4,4,12,4,4,4,0,20,20,20260807,5,1,1,1,0,0,0,6600,0.275,1,0.0015,0
2842,25100.8,9,0,2.10871,6.70887,0,0,0,8.81758,361,361,0,1,2.94392,2.94392,1830,367,0,1235,0,0,0,0,0,1339,1785.99,0.953667,29.338,168732,12,29433,486,465155,48,117732,1944,32,4,644756,1319142,20632192,5276568,25908760,4,4,12,4,4,4,0,20,20,20260807,5,1,1,1,0,0,0,6600,0.275,1,0.0015,0
2843,25107.6,6,0,2.55187,4.24338,0,0,0,6.79525,361,361,0,1,2.94392,2.94392,1830,367,0,1235,0,0,0,0,0,1339,1785.99,0.953667,29.338,168732,12,29433,486,465155,48,117732,1944,32,4,644756,1319142,20632192,5276568,25908760,4,4,12,4,4,4,0,20,20,20260807,5,1,1,1,0,0,0,6600,0.275,1,0.0015,0
2844,25117.3,10,0,2.4605,7.09008,0,0,0,9.55058,361,361,0,1,2.94392,2.94392,1830,367,0,1235,0,0,0,0,0,1339,1785.99,0.953667,29.338,168732,12,29433,486,465155,48,117732,1944,32,4,644756,1319142,20632192,5276568,25908760,4,4,12,4,4,4,0,20,20,20260807,5,1,1,1,0,0,0,6601,0.275042,1,0.0015,1
2845,25124.1,7,0,2.48212,4.28371,0,0,0,6.76583,361,361,0,1,2.94392,2.94392,1830,367,0,1235,0,0,0,0,0,1339,1785.99,0.953667,29.338,168732,12,29433,486,465155,48,117732,1944,32,4,644756,1319142,20632192,5276568,25908760,4,4,12,4,4,4,0,20,20,20260807,5,1,1,1,0,0,0,6601,0.275042,1,0.0015,0
2846,25134.1,10,0,3.01183,6.85487,0,0,0,9.86671,361,361,0,1,2.94392,2.94392,1830,367,0,1235,0,0,0,0,0,1339,1785.99,0.953667,29.338,168732,12,29433,486,465155,48,117732,1944,32,4,644756,1319142,20632192,5276568,25908760,4,4,12,4,4,4,0,20,20,20260807,5,1,1,1,0,0,0,6601,0.275042,1,0.0015,0
2847,25140.6,6,0,2.16387,4.23725,0,0,0,6.40113,361,361,0,1,2.94392,2.94392,1830,367,0,1235,0,0,0,0,0,1339,1785.99,0.953667,29.338,168732,12,29433,486,465155,48,117732,1944,32,4,644756,1319142,20632192,5276568,25908760,4,4,12,4,4,4,0,20,20,20260807,5,1,1,1,0,0,0,6601,0.275042,1,0.0015,0
2848,25151.6,11,0,2.22446,8.755,0,0,0,10.9795,361,361,0,1,2.94392,2.94392,1830,367,0,1235,0,0,0,0,0,1339,1785.99,0.953667,29.338,168732,12,29433,486,465155,48,117732,1944,32,4,644756,1319142,20632192,5276568,25908760,4,4,12,4,4,4,0,20,20,20260807,5,1,1,1,0,0,0,6601,0.275042,1,0.0015,0
2849,25158,7,0,2.26613,3.96883,0,0,0,6.23496,361,361,0,1,2.94392,2.94392,1830,367,0,1235,0,0,0,0,0,1339,1785.99,0.953667,29.338,168732,12,29433,486,465155,48,117732,1944,32,4,644756,1319142,20632192,5276568,25908760,4,4,12,4,4,4,0,20,20,20260807,5,1,1,1,0,0,0,6601,0.275042,1,0.0015,0
2850,25168.4,10,0,2.31763,8.05267,0,0,0,10.3703,361,361,0,1,2.94392,2.94392,1830,367,0,1235,0,0,0,0,0,1339,1785.99,0.953667,29.338,168732,12,29433,486,465155,48,117732,1944,32,4,644756,1319142,20632192,5276568,25908760,4,4,12,4,4,4,0,20,20,20260807,5,1,1,1,0,0,0,6602,0.275083,1,0.0015,1
2851,25175.2,7,0,2.5185,4.14446,0,0,0,6.66296,361,361,0,1,2.94392,2.94392,1830,367,0,1235,0,0,0,0,0,1339,1785.99,0.953667,29.338,168732,12,29433,486,465155,48,117732,1944,32,4,644756,1319142,20632192,5276568,25908760,4,4,12,4,4,4,0,20,20,20260807,5,1,1,1,0,0,0,6602,0.275083,1,0.0015,0
2852,25184.1,9,0,2.5585,6.32562,0,0,0,8.88412,361,361,0,1,2.94392,2.94392,1830,367,0,1235,0,0,0,0,0,1339,1785.99,0.953667,29.338,168732,12,29433,486,465155,48,117732,1944,32,4,644756,1319142,20632192,5276568,25908760,4,4,12,4,4,4,0,20,20,20260807,5,1,1,1,0,0,0,6602,0.275083,1,0.0015,0
2853,25191.5,7,0,2.1515,5.14733,0,0,0,7.29883,361,361,0,1,2.94392,2.94392,1830,367,0,1235,0,0,0,0,0,1339,1785.99,0.953667,29.338,168732,12,29433,486,465155,48,117732,1944,32,4,644756,1319142,20632192,5276568,25908760,4,4,12,4,4,4,0,20,20,20260807,5,1,1,1,0,0,0,6602,0.275083,1,0.0015,0
2854,25200.9,10,0,2.76288,6.533,0,0,0,9.29588,361,361,0,1,2.94392,2.94392,1830,367,0,1235,0,0,0,0,0,1339,1785.99,0.953667,29.338,168732,12,29433,486,465155,48,117732,1944,32,4,644756,1319142,20632192,5276568,25908760,4,4,12,4,4,4,0,20,20,20260807,5,1,1,1,0,0,0,6602,0.275083,1,0.0015,0
2855,25206.6,5,0,2.16458,3.41779,0,0,0,5.58237,361,361,0,1,2.94392,2.94392,1830,367,0,1235,0,0,0,0,0,1339,1785.99,0.953667,29.338,168732,12,29433,486,465155,48,117732,1944,32,4,644756,1319142,20632192,5276568,25908760,4,4,12,4,4,4,0,20,20,20260807,5,1,1,1,0,0,0,6602,0.275083,1,0.0015,0
2856,25217.6,11,0,2.21846,8.71133,0,0,0,10.9298,361,361,0,1,2.94392,2.94392,1830,367,0,1235,0,0,0,0,0,1339,1785.99,0.953667,29.338,168732,12,29433,486,465155,48,117732,1944,32,4,644756,1319142,20632192,5276568,25908760,4,4,12,4,4,4,0,20,20,20260807,5,1,1,1,0,0,0,6603,0.275125,1,0.0015,1
2857,25224,6,0,2.23738,4.04304,0,0,0,6.28042,361,361,0,1,2.94392,2.94392,1830,367,0,1235,0,0,0,0,0,1339,1785.99,0.953667,29.338,168732,12,29433,486,465155,48,117732,1944,32,4,644756,1319142,20632192,5276568,25908760,4,4,12,4,4,4,0,20,20,20260807,5,1,1,1,0,0,0,6603,0.275125,1,0.0015,0
2858,25234.7,10,0,2.40817,8.18733,0,0,0,10.5955,361,361,0,1,2.94392,2.94392,1830,367,0,1235,0,0,0,0,0,1339,1785.99,0.953667,29.338,168732,12,29433,486,465155,48,117732,1944,32,4,644756,1319142,20632192,5276568,25908760,4,4,12,4,4,4,0,20,20,20260807,5,1,1,1,0,0,0,6603,0.275125,1,0.0015,0
2859,25240.9,7,0,2.17846,3.92379,0,0,0,6.10225,361,361,0,1,2.94392,2.94392,1830,367,0,1235,0,0,0,0,0,1339,1785.99,0.953667,29.338,168732,12,29433,486,465155,48,117732,1944,32,4,644756,1319142,20632192,5276568,25908760,4,4,12,4,4,4,0,20,20,20260807,5,1,1,1,0,0,0,6603,0.275125,1,0.0015,0
2860,25250.8,10,0,2.42137,7.39983,0,0,0,9.82121,361,361,0,1,2.94392,2.94392,1830,367,0,1235,0,0,0,0,0,1339,1785.99,0.953667,29.338,168732,12,29433,486,465155,48,117732,1944,32,4,644756,1319142,20632192,5276568,25908760,4,4,12,4,4,4,0,20,20,20260807,5,1,1,1,0,0,0,6603,0.275125,1,0.0015,0
2861,25258.4,7,0,2.49604,5.10112,0,0,0,7.59717,361,361,0,1,2.94392,2.94392,1830,367,0,1235,0,0,0,0,0,1339,1785.99,0.953667,29.338,168732,12,29433,486,465155,48,117732,1944,32,4,644756,1319142,20632192,5276568,25908760,4,4,12,4,4,4,0,20,20,20260807,5,1,1,1,0,0,0,6603,0.275125,1,0.0015,0
2862,25267.6,9,0,2.42975,6.57404,0,0,0,9.00379,361,361,0,1,2.94392,2.94392,1830,367,0,1235,0,0,0,0,0,1339,1785.99,0.953667,29.338,168732,12,29433,486,465155,48,117732,1944,32,4,644756,1319142,20632192,5276568,25908760,4,4,12,4,4,4,0,20,20,20260807,5,1,1,1,0,0,0,6604,0.275167,1,0.0015,1
2863,25273.4,6,0,2.10133,3.63404,0,0,0,5.73538,361,361,0,1,2.94392,2.94392,1830,367,0,1235,0,0,0,0,0,1339,1785.99,0.953667,29.338,168732,12,29433,486,465155,48,117732,1944,32,4,644756,1319142,20632192,5276568,25908760,4,4,12,4,4,4,0,20,20,20260807,5,1,1,1,0,0,0,6604,0.275167,1,0.0015,0
2864,25284.9,12,0,2.19646,9.21442,0,0,0,11.4109,361,361,0,1,2.94392,2.94392,1830,367,0,1235,0,0,0,0,0,1339,1785.99,0.953667,29.338,168732,12,29433,486,465155,48,117732,1944,32,4,644756,1319142,20632192,5276568,25908760,4,4,12,4,4,4,0,20,20,20260807,5,1,1,1,0,0,0,6604,0.275167,1,0.0015,0
2865,25292.5,7,0,3.05458,4.49763,0,0,0,7.55221,361,361,0,1,2.94392,2.94392,1830,367,0,1235,0,0,0,0,0,1339,1785.99,0.953667,29.338,168732,12,29433,486,465155,48,117732,1944,32,4,644756,1319142,20632192,5276568,25908760,4,4,12,4,4,4,0,20,20,20260807,5,1,1,1,0,0,0,6604,0.275167,1,0.0015,0
2866,25301.8,10,0,2.1365,7.12533,0,0,0,9.26183,361,361,0,1,2.94392,2.94392,1830,367,0,1235,0,0,0,0,0,1339,1785.99,0.953667,29.338,168732,12,29433,486,465155,48,117732,1944,32,4,644756,1319142,20632192,5276568,25908760,4,4,12,4,4,4,0,20,20,20260807,5,1,1,1,0,0,0,6604,0.275167,1,0.0015,0
2867,25307.9,6,0,2.22929,3.73233,0,0,0,5.96162,361,361,0,1,2.94392,2.94392,1830,367,0,1235,0,0,0,0,0,1339,1785.99,0.953667,29.338,168732,12,29433,486,465155,48,117732,1944,32,4,644756,1319142,20632192,5276568,25908760,4,4,12,4,4,4,0,20,20,20260807,5,1,1,1,0,0,0,6604,0.275167,1,0.0015,0
2868,25317.8,10,0,2.12608,7.71488,0,0,0,9.84096,361,361,0,1,2.94392,2.94392,1830,367,0,1235,0,0,0,0,0,1339,1785.99,0.953667,29.338,168732,12,29433,486,465155,48,117732,1944,32,4,644756,1319142,20632192,5276568,25908760,4,4,12,4,4,4,0,20,20,20260807,5,1,1,1,0,0,0,6605,0.275208,1,0.0015,1
2869,25323.7,5,0,2.31517,3.51729,0,0,0,5.83246,361,361,0,1,2.94392,2.94392,1830,367,0,1235,0,0,0,0,0,1339,1785.99,0.953667,29.338,168732,12,29433,486,465155,48,117732,1944,32,4,644756,1319142,20632192,5276568,25908760,4,4,12,4,4,4,0,20,20,20260807,5,1,1,1,0,0,0,6605,0.275208,1,0.0015,0
2870,25335.4,12,0,2.29637,9.33396,0,0,0,11.6303,361,361,0,1,2.94392,2.94392,1830,367,0,1235,0,0,0,0,0,1339,1785.99,0.953667,29.338,168732,12,29433,486,465155,48,117732,1944,32,4,644756,1319142,20632192,5276568,25908760,4,4,12,4,4,4,0,20,20,20260807,5,1,1,1,0,0,0,6605,0.275208,1,0.0015,0
2871,25340.6,5,0,2.19496,2.94862,0,0,0,5.14358,361,361,0,1,2.94392,2.94392,1830,367,0,1235,0,0,0,0,0,1339,1785.99,0.953667,29.338,168732,12,29433,486,465155,48,117732,1944,32,4,644756,1319142,20632192,5276568,25908760,4,4,12,4,4,4,0,20,20,20260807,5,1,1,1,0,0,0,6605,0.275208,1,0.0015,0
2872,25350.9,11,0,2.41008,7.80537,0,0,0,10.2155,361,361,0,1,2.94392,2.94392,1830,367,0,1235,0,0,0,0,0,1339,1785.99,0.953667,29.338,168732,12,29433,486,465155,48,117732,1944,32,4,644756,1319142,20632192,5276568,25908760,4,4,12,4,4,4,0,20,20,20260807,5,1,1,1,0,0,0,6605,0.275208,1,0.0015,0
2873,25357.3,6,0,2.37533,3.81033,0,0,0,6.18567,361,361,0,1,2.94392,2.94392,1830,367,0,1235,0,0,0,0,0,1339,1785.99,0.953667,29.338,168732,12,29433,486,465155,48,117732,1944,32,4,644756,1319142,20632192,5276568,25908760,4,4,12,4,4,4,0,20,20,20260807,5,1,1,1,0,0,0,6605,0.275208,1,0.0015,0
2874,25367.4,10,0,2.21525,7.82221,0,0,0,10.0375,361,361,0,1,2.94392,2.94392,1830,367,0,1235,0,0,0,0,0,1339,1785.99,0.953667,29.338,168732,12,29433,486,465155,48,117732,1944,32,4,644756,1319142,20632192,5276568,25908760,4,4,12,4,4,4,0,20,20,20260807,5,1,1,1,0,0,0,6606,0.27525,1,0.0015,1
2875,25373.9,7,0,2.13921,4.29033,0,0,0,6.42954,361,361,0,1,2.94392,2.94392,1830,367,0,1235,0,0,0,0,0,1339,1785.99,0.953667,29.338,168732,12,29433,486,465155,48,117732,1944,32,4,644756,1319142,20632192,5276568,25908760,4,4,12,4,4,4,0,20,20,20260807,5,1,1,1,0,0,0,6606,0.27525,1,0.0015,0
2876,25383.9,10,0,2.31387,7.64071,0,0,0,9.95458,361,361,0,1,2.94392,2.94392,1830,367,0,1235,0,0,0,0,0,1339,1785.99,0.953667,29.338,168732,12,29433,486,465155,48,117732,1944,32,4,644756,1319142,20632192,5276568,25908760,4,4,12,4,4,4,0,20,20,20260807,5,1,1,1,0,0,0,6606,0.27525,1,0.0015,0
2877,25390.7,6,0,2.14329,4.51596,0,0,0,6.65925,361,361,0,1,2.94392,2.94392,1830,367,0,1235,0,0,0,0,0,1339,1785.99,0.953667,29.338,168732,12,29433,486,465155,48,117732,1944,32,4,644756,1319142,20632192,5276568,25908760,4,4,12,4,4,4,0,20,20,20260807,5,1,1,1,0,0,0,6606,0.27525,1,0.0015,0
2878,25400.7,10,0,2.11971,7.77588,0,0,0,9.89558,361,361,0,1,2.94392,2.94392,1830,367,0,1235,0,0,0,0,0,1339,1785.99,0.953667,29.338,168732,12,29433,486,465155,48,117732,1944,32,4,644756,1319142,20632192,5276568,25908760,4,4,12,4,4,4,0,20,20,20260807,5,1,1,1,0,0,0,6606,0.27525,1,0.0015,0
2879,25407.1,7,0,2.61429,3.71125,0,0,0,6.32554,361,361,0,1,2.94392,2.94392,1830,367,0,1235,0,0,0,0,0,1339,1785.99,0.953667,29.338,168732,12,29433,486,465155,48,117732,1944,32,4,644756,1319142,20632192,5276568,25908760,4,4,12,4,4,4,0,20,20,20260807,5,1,1,1,0,0,0,6606,0.27525,1,0.0015,0
2880,25417.6,10,0,2.16392,8.35112,0,0,0,10.515,361,361,0,1,2.94392,2.94392,1830,367,0,1235,0,0,0,0,0,1339,1785.99,0.953667,29.338,168732,12,29433,486,465155,48,117732,1944,32,4,644756,1319142,20632192,5276568,25908760,4,4,12,4,4,4,0,20,20,20260807,5,1,1,1,0,0,0,6607,0.275292,1,0.0015,1
2881,25424.5,7,0,3.48933,3.31079,0,0,0,6.80013,361,361,0,1,2.94392,2.94392,1830,367,0,1235,0,0,0,0,0,1339,1785.99,0.953667,29.338,168732,12,29433,486,465155,48,117732,1944,32,4,644756,1319142,20632192,5276568,25908760,4,4,12,4,4,4,0,20,20,20260807,5,1,1,1,0,0,0,6607,0.275292,1,0.0015,0
2882,25434.5,10,0,2.22063,7.71383,0,0,0,9.93446,361,361,0,1,2.94392,2.94392,1830,367,0,1235,0,0,0,0,0,1339,1785.99,0.953667,29.338,168732,12,29433,486,465155,48,117732,1944,32,4,644756,1319142,20632192,5276568,25908760,4,4,12,4,4,4,0,20,20,20260807,5,1,1,1,0,0,0,6607,0.275292,1,0.0015,0
2883,25444.9,11,0,2.08775,8.18463,0,0,0,10.2724,361,361,0,1,2.94392,2.94392,1830,367,0,1235,0,0,0,0,0,1339,1785.99,0.953667,29.338,168732,12,29433,486,465155,48,117732,1944,32,4,644756,1319142,20632192,5276568,25908760,4,4,12,4,4,4,0,20,20,20260807,5,1,1,1,0,0,0,6607,0.275292,1,0.0015,0
2884,25451.2,6,0,2.1935,4.05104,0,0,0,6.24454,361,361,0,1,2.94392,2.94392,1830,367,0,1235,0,0,0,0,0,1339,1785.99,0.953667,29.338,168732,12,29433,486,465155,48,117732,1944,32,4,644756,1319142,20632192,5276568,25908760,4,4,12,4,4,4,0,20,20,20260807,5,1,1,1,0,0,0,6607,0.275292,1,0.0015,0
2885,25457.8,7,0,2.36537,4.09588,0,0,0,6.46125,361,361,0,1,2.94392,2.94392,1830,367,0,1235,0,0,0,0,0,1339,1785.99,0.953667,29.338,168732,12,29433,486,465155,48,117732,1944,32,4,644756,1319142,20632192,5276568,25908760,4,4,12,4,4,4,0,20,20,20260807,5,1,1,1,0,0,0,6607,0.275292,1,0.0015,0
2886,25468.2,10,0,2.28425,8.057,0,0,0,10.3413,361,361,0,1,2.94392,2.94392,1830,367,0,1235,0,0,0,0,0,1339,1785.99,0.953667,29.338,168732,12,29433,486,465155,48,117732,1944,32,4,644756,1319142,20632192,5276568,25908760,4,4,12,4,4,4,0,20,20,20260807,5,1,1,1,0,0,0,6608,0.275333,1,0.0015,1
2887,25473.5,5,0,2.284,2.95729,0,0,0,5.24129,361,361,0,1,2.94392,2.94392,1830,367,0,1235,0,0,0,0,0,1339,1785.99,0.953667,29.338,168732,12,29433,486,465155,48,117732,1944,32,4,644756,1319142,20632192,5276568,25908760,4,4,12,4,4,4,0,20,20,20260807,5,1,1,1,0,0,0,6608,0.275333,1,0.0015,0
2888,25484.9,12,0,2.17996,9.08788,0,0,0,11.2678,361,361,0,1,2.94392,2.94392,1830,367,0,1235,0,0,0,0,0,1339,1785.99,0.953667,29.338,168732,12,29433,486,465155,48,117732,1944,32,4,644756,1319142,20632192,5276568,25908760,4,4,12,4,4,4,0,20,20,20260807,5,1,1,1,0,0,0,6608,0.275333,1,0.0015,0
2889,25490.6,5,0,2.30021,3.30829,0,0,0,5.6085,361,361,0,1,2.94392,2.94392,1830,367,0,1235,0,0,0,0,0,1339,1785.99,0.953667,29.338,168732,12,29433,486,465155,48,117732,1944,32,4,644756,1319142,20632192,5276568,25908760,4,4,12,4,4,4,0,20,20,20260807,5,1,1,1,0,0,0,6608,0.275333,1,0.0015,0
2890,25500.8,11,0,2.16317,8.02608,0,0,0,10.1892,361,361,0,1,2.94392,2.94392,1830,367,0,1235,0,0,0,0,0,1339,1785.99,0.953667,29.338,168732,12,29433,486,465155,48,117732,1944,32,4,644756,1319142,20632192,5276568,25908760,4,4,12,4,4,4,0,20,20,20260807,5,1,1,1,0,0,0,6608,0.275333,1,0.0015,0
2891,25506.3,5,0,2.14821,3.24233,0,0,0,5.39054,361,361,0,1,2.94392,2.94392,1830,367,0,1235,0,0,0,0,0,1339,1785.99,0.953667,29.338,168732,12,29433,486,465155,48,117732,1944,32,4,644756,1319142,20632192,5276568,25908760,4,4,12,4,4,4,0,20,20,20260807,5,1,1,1,0,0,0,6608,0.275333,1,0.0015,0
2892,25517.5,11,0,2.35567,8.72858,0,0,0,11.0843,361,361,0,1,2.94392,2.94392,1830,367,0,1235,0,0,0,0,0,1339,1785.99,0.953667,29.338,168732,12,29433,486,465155,48,117732,1944,32,4,644756,1319142,20632192,5276568,25908760,4,4,12,4,4,4,0,20,20,20260807,5,1,1,1,0,0,0,6609,0.275375,1,0.0015,1
2893,25525.2,8,0,2.39492,5.26187,0,0,0,7.65679,361,361,0,1,2.94392,2.94392,1830,367,0,1235,0,0,0,0,0,1339,1785.99,0.953667,29.338,168732,12,29433,486,465155,48,117732,1944,32,4,644756,1319142,20632192,5276568,25908760,4,4,12,4,4,4,0,20,20,20260807,5,1,1,1,0,0,0,6609,0.275375,1,0.0015,0
2894,25534.1,9,0,2.12258,6.71575,0,0,0,8.83833,361,361,0,1,2.94392,2.94392,1830,367,0,1235,0,0,0,0,0,1339,1785.99,0.953667,29.338,168732,12,29433,486,465155,48,117732,1944,32,4,644756,1319142,20632192,5276568,25908760,4,4,12,4,4,4,0,20,20,20260807,5,1,1,1,0,0,0,6609,0.275375,1,0.0015,0
2895,25540.5,6,0,2.23779,4.09429,0,0,0,6.33208,361,361,0,1,2.94392,2.94392,1830,367,0,1235,0,0,0,0,0,1339,1785.99,0.953667,29.338,168732,12,29433,486,465155,48,117732,1944,32,4,644756,1319142,20632192,5276568,25908760,4,4,12,4,4,4,0,20,20,20260807,5,1,1,1,0,0,0,6609,0.275375,1,0.0015,0
2896,25551.7,12,0,2.31779,8.787,0,0,0,11.1048,361,361,0,1,2.94392,2.94392,1830,367,0,1235,0,0,0,0,0,1339,1785.99,0.953667,29.338,168732,12,29433,486,465155,48,117732,1944,32,4,644756,1319142,20632192,5276568,25908760,4,4,12,4,4,4,0,20,20,20260807,5,1,1,1,0,0,0,6609,0.275375,1,0.0015,0
2897,25559.1,7,0,2.44112,4.81804,0,0,0,7.25917,361,361,0,1,2.94392,2.94392,1830,367,0,1235,0,0,0,0,0,1339,1785.99,0.953667,29.338,168732,12,29433,486,465155,48,117732,1944,32,4,644756,1319142,20632192,5276568,25908760,4,4,12,4,4,4,0,20,20,20260807,5,1,1,1,0,0,0,6609,0.275375,1,0.0015,0
2898,25567.5,8,0,2.30771,5.98567,0,0,0,8.29337,361,361,0,1,2.94392,2.94392,1830,367,0,1235,0,0,0,0,0,1339,1785.99,0.953667,29.338,168732,12,29433,486,465155,48,117732,1944,32,4,644756,1319142,20632192,5276568,25908760,4,4,12,4,4,4,0,20,20,20260807,5,1,1,1,0,0,0,6610,0.275417,1,0.0015,1
2899,25574.2,7,0,2.36342,4.31517,0,0,0,6.67858,361,361,0,1,2.94392,2.94392,1830,367,0,1235,0,0,0,0,0,1339,1785.99,0.953667,29.338,168732,12,29433,486,465155,48,117732,1944,32,4,644756,1319142,20632192,5276568,25908760,4,4,12,4,4,4,0,20,20,20260807,5,1,1,1,0,0,0,6610,0.275417,1,0.0015,0
2900,25584.6,10,0,2.08658,8.21454,0,0,0,10.3011,361,361,0,1,2.94392,2.94392,1830,367,0,1235,0,0,0,0,0,1339,1785.99,0.953667,29.338,168732,12,29433,486,465155,48,117732,1944,32,4,644756,1319142,20632192,5276568,25908760,4,4,12,4,4,4,0,20,20,20260807,5,1,1,1,0,0,0,6610,0.275417,1,0.0015,0
2901,25590.3,6,0,2.20417,3.37025,0,0,0,5.57442,361,361,0,1,2.94392,2.94392,1830,367,0,1235,0,0,0,0,0,1339,1785.99,0.953667,29.338,168732,12,29433,486,465155,48,117732,1944,32,4,644756,1319142,20632192,5276568,25908760,4,4,12,4,4,4,0,20,20,20260807,5,1,1,1,0,0,0,6610,0.275417,1,0.0015,0
2902,25601.3,11,0,2.47742,8.41567,0,0,0,10.8931,361,361,0,1,2.94392,2.94392,1830,367,0,1235,0,0,0,0,0,1339,1785.99,0.953667,29.338,168732,12,29433,486,465155,48,117732,1944,32,4,644756,1319142,20632192,5276568,25908760,4,4,12,4,4,4,0,20,20,20260807,5,1,1,1,0,0,0,6610,0.275417,1,0.0015,0
2903,25607,6,0,2.25804,3.41079,0,0,0,5.66883,361,361,0,1,2.94392,2.94392,1830,367,0,1235,0,0,0,0,0,1339,1785.99,0.953667,29.338,168732,12,29433,486,465155,48,117732,1944,32,4,644756,1319142,20632192,5276568,25908760,4,4,12,4,4,4,0,20,20,20260807,5,1,1,1,0,0,0,6610,0.275417,1,0.0015,0
2904,25617.6,10,0,2.247,8.27725,0,0,0,10.5243,361,361,0,1,2.94392,2.94392,1830,367,0,1235,0,0,0,0,0,1339,1785.99,0.953667,29.338,168732,12,29433,486,465155,48,117732,1944,32,4,644756,1319142,20632192,5276568,25908760,4,4,12,4,4,4,0,20,20,20260807,5,1,1,1,0,0,0,6611,0.275458,1,0.0015,1
2905,25623.8,7,0,2.246,3.81767,0,0,0,6.06367,361,361,0,1,2.94392,2.94392,1830,367,0,1235,0,0,0,0,0,1339,1785.99,0.953667,29.338,168732,12,29433,486,465155,48,117732,1944,32,4,644756,1319142,20632192,5276568,25908760,4,4,12,4,4,4,0,20,20,20260807,5,1,1,1,0,0,0,6611,0.275458,1,0.0015,0
2906,25634.1,10,0,2.70875,7.51058,0,0,0,10.2193,361,361,0,1,2.94392,2.94392,1830,367,0,1235,0,0,0,0,0,1339,1785.99,0.953667,29.338,168732,12,29433,486,465155,48,117732,1944,32,4,644756,1319142,20632192,5276568,25908760,4,4,12,4,4,4,0,20,20,20260807,5,1,1,1,0,0,0,6611,0.275458,1,0.0015,0
2907,25640.2,6,0,2.26779,3.75271,0,0,0,6.0205,361,361,0,1,2.94392,2.94392,1830,367,0,1235,0,0,0,0,0,1339,1785.99,0.953667,29.338,168732,12,29433,486,465155,48,117732,1944,32,4,644756,1319142,20632192,5276568,25908760,4,4,12,4,4,4,0,20,20,20260807,5,1,1,1,0,0,0,6611,0.275458,1,0.0015,0
2908,25650.8,11,0,2.22458,8.29475,0,0,0,10.5193,361,361,0,1,2.94392,2.94392,1830,367,0,1235,0,0,0,0,0,1339,1785.99,0.953667,29.338,168732,12,29433,486,465155,48,117732,1944,32,4,644756,1319142,20632192,5276568,25908760,4,4,12,4,4,4,0,20,20,20260807,5,1,1,1,0,0,0,6611,0.275458,1,0.0015,0
2909,25656.9,6,0,2.15871,3.86392,0,0,0,6.02262,361,361,0,1,2.94392,2.94392,1830,367,0,1235,0,0,0,0,0,1339,1785.99,0.953667,29.338,168732,12,29433,486,465155,48,117732,1944,32,4,644756,1319142,20632192,5276568,25908760,4,4,12,4,4,4,0,20,20,20260807,5,1,1,1,0,0,0,6611,0.275458,1,0.0015,0
2910,25667.8,12,0,2.15625,8.66858,0,0,0,10.8248,361,361,0,1,2.94392,2.94392,1830,367,0,1235,0,0,0,0,0,1339,1785.99,0.953667,29.338,168732,12,29433,486,465155,48,117732,1944,32,4,644756,1319142,20632192,5276568,25908760,4,4,12,4,4,4,0,20,20,20260807,5,1,1,1,0,0,0,6612,0.2755,1,0.0015,1
2911,25675,7,0,2.20646,4.89487,0,0,0,7.10133,361,361,0,1,2.94392,2.94392,1830,367,0,1235,0,0,0,0,0,1339,1785.99,0.953667,29.338,168732,12,29433,486,465155,48,117732,1944,32,4,644756,1319142,20632192,5276568,25908760,4,4,12,4,4,4,0,20,20,20260807,5,1,1,1,0,0,0,6612,0.2755,1,0.0015,0
2912,25684.4,9,0,2.47012,6.85346,0,0,0,9.32358,361,361,0,1,2.94392,2.94392,1830,367,0,1235,0,0,0,0,0,1339,1785.99,0.953667,29.338,168732,12,29433,486,465155,48,117732,1944,32,4,644756,1319142,20632192,5276568,25908760,4,4,12,4,4,4,0,20,20,20260807,5,1,1,1,0,0,0,6612,0.2755,1,0.0015,0
2913,25691.5,7,0,2.789,4.30321,0,0,0,7.09221,361,361,0,1,2.94392,2.94392,1830,367,0,1235,0,0,0,0,0,1339,1785.99,0.953667,29.338,168732,12,29433,486,465155,48,117732,1944,32,4,644756,1319142,20632192,5276568,25908760,4,4,12,4,4,4,0,20,20,20260807,5,1,1,1,0,0,0,6612,0.2755,1,0.0015,0
2914,25700.7,9,0,2.20692,6.86671,0,0,0,9.07362,361,361,0,1,2.94392,2.94392,1830,367,0,1235,0,0,0,0,0,1339,1785.99,0.953667,29.338,168732,12,29433,486,465155,48,117732,1944,32,4,644756,1319142,20632192,5276568,25908760,4,4,12,4,4,4,0,20,20,20260807,5,1,1,1,0,0,0,6612,0.2755,1,0.0015,0
2915,25707.1,7,0,2.20758,4.162,0,0,0,6.36958,361,361,0,1,2.94392,2.94392,1830,367,0,1235,0,0,0,0,0,1339,1785.99,0.953667,29.338,168732,12,29433,486,465155,48,117732,1944,32,4,644756,1319142,20632192,5276568,25908760,4,4,12,4,4,4,0,20,20,20260807,5,1,1,1,0,0,0,6612,0.2755,1,0.0015,0
2916,25718.4,11,0,3.911,7.21979,0,0,0,11.1308,361,361,0,1,2.94392,2.94392,1830,367,0,1235,0,0,0,0,0,1339,1785.99,0.953667,29.338,168732,12,29433,486,465155,48,117732,1944,32,4,644756,1319142,20632192,5276568,25908760,4,4,12,4,4,4,0,20,20,20260807,5,1,1,1,0,0,0,6613,0.275542,1,0.0015,1
2917,25726.1,8,0,2.58067,5.02017,0,0,0,7.60083,361,361,0,1,2.94392,2.94392,1830,367,0,1235,0,0,0,0,0,1339,1785.99,0.953667,29.338,168732,12,29433,486,465155,48,117732,1944,32,4,644756,1319142,20632192,5276568,25908760,4,4,12,4,4,4,0,20,20,20260807,5,1,1,1,0,0,0,6613,0.275542,1,0.0015,0
2918,25734.2,8,0,2.19425,5.87975,0,0,0,8.074,361,361,0,1,2.94392,2.94392,1830,367,0,1235,0,0,0,0,0,1339,1785.99,0.953667,29.338,168732,12,29433,486,465155,48,117732,1944,32,4,644756,1319142,20632192,5276568,25908760,4,4,12,4,4,4,0,20,20,20260807,5,1,1,1,0,0,0,6613,0.275542,1,0.0015,0
2919,25741.2,7,0,2.2065,4.66333,0,0,0,6.86983,361,361,0,1,2.94392,2.94392,1830,367,0,1235,0,0,0,0,0,1339,1785.99,0.953667,29.338,168732,12,29433,486,465155,48,117732,1944,32,4,644756,1319142,20632192,5276568,25908760,4,4,12,4,4,4,0,20,20,20260807,5,1,1,1,0,0,0,6613,0.275542,1,0.0015,0
2920,25750.8,10,0,2.125,7.46192,0,0,0,9.58692,361,361,0,1,2.94392,2.94392,1830,367,0,1235,0,0,0,0,0,1339,1785.99,0.953667,29.338,168732,12,29433,486,465155,48,117732,1944,32,4,644756,1319142,20632192,5276568,25908760,4,4,12,4,4,4,0,20,20,20260807,5,1,1,1,0,0,0,6613,0.275542,1,0.0015,0
2921,25757.3,6,0,2.20458,4.15179,0,0,0,6.35637,361,361,0,1,2.94392,2.94392,1830,367,0,1235,0,0,0,0,0,1339,1785.99,0.953667,29.338,168732,12,29433,486,465155,48,117732,1944,32,4,644756,1319142,20632192,5276568,25908760,4,4,12,4,4,4,0,20,20,20260807,5,1,1,1,0,0,0,6613,0.275542,1,0.0015,0
2922,25767.4,10,0,2.14692,7.92921,0,0,0,10.0761,361,361,0,1,2.94392,2.94392,1830,367,0,1235,0,0,0,0,0,1339,1785.99,0.953667,29.338,168732,12,29433,486,465155,48,117732,1944,32,4,644756,1319142,20632192,5276568,25908760,4,4,12,4,4,4,0,20,20,20260807,5,1,1,1,0,0,0,6614,0.275583,1,0.0015,1
2923,25772.8,6,0,2.1615,3.14817,0,0,0,5.30967,361,361,0,1,2.94392,2.94392,1830,367,0,1235,0,0,0,0,0,1339,1785.99,0.953667,29.338,168732,12,29433,486,465155,48,117732,1944,32,4,644756,1319142,20632192,5276568,25908760,4,4,12,4,4,4,0,20,20,20260807,5,1,1,1,0,0,0,6614,0.275583,1,0.0015,0
2924,25784.1,11,0,6.50671,4.68925,0,0,0,11.196,361,361,0,1,2.94392,2.94392,1830,367,0,1235,0,0,0,0,0,1339,1785.99,0.953667,29.338,168732,12,29433,486,465155,48,117732,1944,32,4,644756,1319142,20632192,5276568,25908760,4,4,12,4,4,4,0,20,20,20260807,5,1,1,1,0,0,0,6614,0.275583,1,0.0015,0
2925,25790.5,6,0,2.24213,4.04,0,0,0,6.28212,361,361,0,1,2.94392,2.94392,1830,367,0,1235,0,0,0,0,0,1339,1785.99,0.953667,29.338,168732,12,29433,486,465155,48,117732,1944,32,4,644756,1319142,20632192,5276568,25908760,4,4,12,4,4,4,0,20,20,20260807,5,1,1,1,0,0,0,6614,0.275583,1,0.0015,0
2926,25800.8,11,0,2.17442,8.07908,0,0,0,10.2535,361,361,0,1,2.94392,2.94392,1830,367,0,1235,0,0,0,0,0,1339,1785.99,0.953667,29.338,168732,12,29433,486,465155,48,117732,1944,32,4,644756,1319142,20632192,5276568,25908760,4,4,12,4,4,4,0,20,20,20260807,5,1,1,1,0,0,0,6614,0.275583,1,0.0015,0
2927,25810.7,9,0,2.18771,7.62033,0,0,0,9.80804,361,361,0,1,2.94392,2.94392,1830,367,0,1235,0,0,0,0,0,1339,1785.99,0.953667,29.338,168732,12,29433,486,465155,48,117732,1944,32,4,644756,1319142,20632192,5276568,25908760,4,4,12,4,4,4,0,20,20,20260807,5,1,1,1,0,0,0,6614,0.275583,1,0.0015,0
2928,25817.3,7,0,2.14421,4.43246,0,0,0,6.57667,361,361,0,1,2.94392,2.94392,1830,367,0,1235,0,0,0,0,0,1339,1785.99,0.953667,29.338,168732,12,29433,486,465155,48,117732,1944,32,4,644756,1319142,20632192,5276568,25908760,4,4,12,4,4,4,0,20,20,20260807,5,1,1,1,0,0,0,6615,0.275625,1,0.0015,1
2929,25824,7,0,2.13287,4.46683,0,0,0,6.59971,361,361,0,1,2.94392,2.94392,1830,367,0,1235,0,0,0,0,0,1339,1785.99,0.953667,29.338,168732,12,29433,486,465155,48,117732,1944,32,4,644756,1319142,20632192,5276568,25908760,4,4,12,4,4,4,0,20,20,20260807,5,1,1,1,0,0,0,6615,0.275625,1,0.0015,0
2930,25834.1,10,0,2.23821,7.74437,0,0,0,9.98258,361,361,0,1,2.94392,2.94392,1830,367,0,1235,0,0,0,0,0,1339,1785.99,0.953667,29.338,168732,12,29433,486,465155,48,117732,1944,32,4,644756,1319142,20632192,5276568,25908760,4,4,12,4,4,4,0,20,20,20260807,5,1,1,1,0,0,0,6615,0.275625,1,0.0015,0
2931,25840,6,0,2.20662,3.58379,0,0,0,5.79042,361,361,0,1,2.94392,2.94392,1830,367,0,1235,0,0,0,0,0,1339,1785.99,0.953667,29.338,168732,12,29433,486,465155,48,117732,1944,32,4,644756,1319142,20632192,5276568,25908760,4,4,12,4,4,4,0,20,20,20260807,5,1,1,1,0,0,0,6615,0.275625,1,0.0015,0
2932,25850.8,11,0,2.43796,8.26962,0,0,0,10.7076,361,361,0,1,2.94392,2.94392,1830,367,0,1235,0,0,0,0,0,1339,1785.99,0.953667,29.338,168732,12,29433,486,465155,48,117732,1944,32,4,644756,1319142,20632192,5276568,25908760,4,4,12,4,4,4,0,20,20,20260807,5,1,1,1,0,0,0,6615,0.275625,1,0.0015,0
2933,25857.1,6,0,2.0775,4.16129,0,0,0,6.23879,361,361,0,1,2.94392,2.94392,1830,367,0,1235,0,0,0,0,0,1339,1785.99,0.953667,29.338,168732,12,29433,486,465155,48,117732,1944,32,4,644756,1319142,20632192,5276568,25908760,4,4,12,4,4,4,0,20,20,20260807,5,1,1,1,0,0,0,6615,0.275625,1,0.0015,0
2934,25867.3,10,0,2.26288,7.88075,0,0,0,10.1436,361,361,0,1,2.94392,2.94392,1830,367,0,1235,0,0,0,0,0,1339,1785.99,0.953667,29.338,168732,12,29433,486,465155,48,117732,1944,32,4,644756,1319142,20632192,5276568,25908760,4,4,12,4,4,4,0,20,20,20260807,5,1,1,1,0,0,0,6616,0.275667,1,0.0015,1
2935,25873.8,7,0,2.12087,4.30496,0,0,0,6.42583,361,361,0,1,2.94392,2.94392,1830,367,0,1235,0,0,0,0,0,1339,1785.99,0.953667,29.338,168732,12,29433,486,465155,48,117732,1944,32,4,644756,1319142,20632192,5276568,25908760,4,4,12,4,4,4,0,20,20,20260807,5,1,1,1,0,0,0,6616,0.275667,1,0.0015,0
2936,25884.5,10,0,2.24104,8.35671,0,0,0,10.5977,361,361,0,1,2.94392,2.94392,1830,367,0,1235,0,0,0,0,0,1339,1785.99,0.953667,29.338,168732,12,29433,486,465155,48,117732,1944,32,4,644756,1319142,20632192,5276568,25908760,4,4,12,4,4,4,0,20,20,20260807,5,1,1,1,0,0,0,6616,0.275667,1,0.0015,0
2937,25890.6,6,0,2.27271,3.78983,0,0,0,6.06254,361,361,0,1,2.94392,2.94392,1830,367,0,1235,0,0,0,0,0,1339,1785.99,0.953667,29.338,168732,12,29433,486,465155,48,117732,1944,32,4,644756,1319142,20632192,5276568,25908760,4,4,12,4,4,4,0,20,20,20260807,5,1,1,1,0,0,0,6616,0.275667,1,0.0015,0
2938,25900.7,11,0,2.34538,7.67912,0,0,0,10.0245,361,361,0,1,2.94392,2.94392,1830,367,0,1235,0,0,0,0,0,1339,1785.99,0.953667,29.338,168732,12,29433,486,465155,48,117732,1944,32,4,644756,1319142,20632192,5276568,25908760,4,4,12,4,4,4,0,20,20,20260807,5,1,1,1,0,0,0,6616,0.275667,1,0.0015,0
2939,25907.1,6,0,2.10796,4.13275,0,0,0,6.24071,361,361,0,1,2.94392,2.94392,1830,367,0,1235,0,0,0,0,0,1339,1785.99,0.953667,29.338,168732,12,29433,486,465155,48,117732,1944,32,4,644756,1319142,20632192,5276568,25908760,4,4,12,4,4,4,0,20,20,20260807,5,1,1,1,0,0,0,6616,0.275667,1,0.0015,0
2940,25917.5,10,0,2.253,8.13292,0,0,0,10.3859,361,361,0,1,2.94392,2.94392,1830,367,0,1235,0,0,0,0,0,1339,1785.99,0.953667,29.338,168732,12,29433,486,465155,48,117732,1944,32,4,644756,1319142,20632192,5276568,25908760,4,4,12,4,4,4,0,20,20,20260807,5,1,1,1,0,0,0,6617,0.275708,1,0.0015,1
2941,25923.9,7,0,2.32092,3.98796,0,0,0,6.30887,361,361,0,1,2.94392,2.94392,1830,367,0,1235,0,0,0,0,0,1339,1785.99,0.953667,29.338,168732,12,29433,486,465155,48,117732,1944,32,4,644756,1319142,20632192,5276568,25908760,4,4,12,4,4,4,0,20,20,20260807,5,1,1,1,0,0,0,6617,0.275708,1,0.0015,0
2942,25934.1,10,0,2.14825,7.895,0,0,0,10.0433,361,361,0,1,2.94392,2.94392,1830,367,0,1235,0,0,0,0,0,1339,1785.99,0.953667,29.338,168732,12,29433,486,465155,48,117732,1944,32,4,644756,1319142,20632192,5276568,25908760,4,4,12,4,4,4,0,20,20,20260807,5,1,1,1,0,0,0,6617,0.275708,1,0.0015,0
2943,25940.5,6,0,2.25754,4.05246,0,0,0,6.31,361,361,0,1,2.94392,2.94392,1830,367,0,1235,0,0,0,0,0,1339,1785.99,0.953667,29.338,168732,12,29433,486,465155,48,117732,1944,32,4,644756,1319142,20632192,5276568,25908760,4,4,12,4,4,4,0,20,20,20260807,5,1,1,1,0,0,0,6617,0.275708,1,0.0015,0
2944,25950.9,11,0,2.21592,8.05637,0,0,0,10.2723,361,361,0,1,2.94392,2.94392,1830,367,0,1235,0,0,0,0,0,1339,1785.99,0.953667,29.338,168732,12,29433,486,465155,48,117732,1944,32,4,644756,1319142,20632192,5276568,25908760,4,4,12,4,4,4,0,20,20,20260807,5,1,1,1,0,0,0,6617,0.275708,1,0.0015,0
2945,25956.6,5,0,2.27629,3.33775,0,0,0,5.61404,361,361,0,1,2.94392,2.94392,1830,367,0,1235,0,0,0,0,0,1339,1785.99,0.953667,29.338,168732,12,29433,486,465155,48,117732,1944,32,4,644756,1319142,20632192,5276568,25908760,4,4,12,4,4,4,0,20,20,20260807,5,1,1,1,0,0,0,6617,0.275708,1,0.0015,0
2946,25967.5,11,0,2.23958,8.61783,0,0,0,10.8574,361,361,0,1,2.94392,2.94392,1830,367,0,1235,0,0,0,0,0,1339,1785.99,0.953667,29.338,168732,12,29433,486,465155,48,117732,1944,32,4,644756,1319142,20632192,5276568,25908760,4,4,12,4,4,4,0,20,20,20260807,5,1,1,1,0,0,0,6618,0.27575,1,0.0015,1
2947,25976.4,9,0,2.17975,6.68475,0,0,0,8.8645,361,361,0,1,2.94392,2.94392,1830,367,0,1235,0,0,0,0,0,1339,1785.99,0.953667,29.338,168732,12,29433,486,465155,48,117732,1944,32,4,644756,1319142,20632192,5276568,25908760,4,4,12,4,4,4,0,20,20,20260807,5,1,1,1,0,0,0,6618,0.27575,1,0.0015,0
2948,25983.9,8,0,2.05129,5.36558,0,0,0,7.41688,361,361,0,1,2.94392,2.94392,1830,367,0,1235,0,0,0,0,0,1339,1785.99,0.953667,29.338,168732,12,29433,486,465155,48,117732,1944,32,4,644756,1319142,20632192,5276568,25908760,4,4,12,4,4,4,0,20,20,20260807,5,1,1,1,0,0,0,6618,0.27575,1,0.0015,0
2949,25990.1,6,0,2.08354,3.98692,0,0,0,6.07046,361,361,0,1,2.94392,2.94392,1830,367,0,1235,0,0,0,0,0,1339,1785.99,0.953667,29.338,168732,12,29433,486,465155,48,117732,1944,32,4,644756,1319142,20632192,5276568,25908760,4,4,12,4,4,4,0,20,20,20260807,5,1,1,1,0,0,0,6618,0.27575,1,0.0015,0
2950,26006.7,16,0,2.64721,13.8956,0,0,0,16.5428,361,361,0,1,2.94392,2.94392,1830,367,0,1235,0,0,0,0,0,1339,1785.99,0.953667,29.338,168732,12,29433,486,465155,48,117732,1944,32,4,644756,1319142,20632192,5276568,25908760,4,4,12,4,4,4,0,20,20,20260807,5,1,1,1,0,0,0,6618,0.27575,1,0.0015,0
2951,26017.6,11,0,2.41317,8.43196,0,0,0,10.8451,361,361,0,1,2.94392,2.94392,1830,367,0,1235,0,0,0,0,0,1339,1785.99,0.953667,29.338,168732,12,29433,486,465155,48,117732,1944,32,4,644756,1319142,20632192,5276568,25908760,4,4,12,4,4,4,0,20,20,20260807,5,1,1,1,0,0,0,6619,0.275792,1,0.0015,1
2952,26023.8,7,0,2.22167,3.83812,0,0,0,6.05979,361,361,0,1,2.94392,2.94392,1830,367,0,1235,0,0,0,0,0,1339,1785.99,0.953667,29.338,168732,12,29433,486,465155,48,117732,1944,32,4,644756,1319142,20632192,5276568,25908760,4,4,12,4,4,4,0,20,20,20260807,5,1,1,1,0,0,0,6619,0.275792,1,0.0015,0
2953,26034.2,10,0,2.17104,8.17121,0,0,0,10.3422,361,361,0,1,2.94392,2.94392,1830,367,0,1235,0,0,0,0,0,1339,1785.99,0.953667,29.338,168732,12,29433,486,465155,48,117732,1944,32,4,644756,1319142,20632192,5276568,25908760,4,4,12,4,4,4,0,20,20,20260807,5,1,1,1,0,0,0,6619,0.275792,1,0.0015,0
2954,26040.7,6,0,2.19517,4.21904,0,0,0,6.41421,361,361,0,1,2.94392,2.94392,1830,367,0,1235,0,0,0,0,0,1339,1785.99,0.953667,29.338,168732,12,29433,486,465155,48,117732,1944,32,4,644756,1319142,20632192,5276568,25908760,4,4,12,4,4,4,0,20,20,20260807,5,1,1,1,0,0,0,6619,0.275792,1,0.0015,0
2955,26050.6,10,0,2.17654,7.71175,0,0,0,9.88829,361,361,0,1,2.94392,2.94392,1830,367,0,1235,0,0,0,0,0,1339,1785.99,0.953667,29.338,168732,12,29433,486,465155,48,117732,1944,32,4,644756,1319142,20632192,5276568,25908760,4,4,12,4,4,4,0,20,20,20260807,5,1,1,1,0,0,0,6619,0.275792,1,0.0015,0
2956,26057,7,0,2.18917,4.06046,0,0,0,6.24962,361,361,0,1,2.94392,2.94392,1830,367,0,1235,0,0,0,0,0,1339,1785.99,0.953667,29.338,168732,12,29433,486,465155,48,117732,1944,32,4,644756,1319142,20632192,5276568,25908760,4,4,12,4,4,4,0,20,20,20260807,5,1,1,1,0,0,0,6619,0.275792,1,0.0015,0
2957,26068.1,11,0,2.36762,8.67987,0,0,0,11.0475,361,361,0,1,2.94392,2.94392,1830,367,0,1235,0,0,0,0,0,1339,1785.99,0.953667,29.338,168732,12,29433,486,465155,48,117732,1944,32,4,644756,1319142,20632192,5276568,25908760,4,4,12,4,4,4,0,20,20,20260807,5,1,1,1,0,0,0,6620,0.275833,1,0.0015,1
2958,26074,6,0,2.16083,3.65371,0,0,0,5.81454,361,361,0,1,2.94392,2.94392,1830,367,0,1235,0,0,0,0,0,1339,1785.99,0.953667,29.338,168732,12,29433,486,465155,48,117732,1944,32,4,644756,1319142,20632192,5276568,25908760,4,4,12,4,4,4,0,20,20,20260807,5,1,1,1,0,0,0,6620,0.275833,1,0.0015,0
2959,26084.1,10,0,2.08363,7.87842,0,0,0,9.96204,361,361,0,1,2.94392,2.94392,1830,367,0,1235,0,0,0,0,0,1339,1785.99,0.953667,29.338,168732,12,29433,486,465155,48,117732,1944,32,4,644756,1319142,20632192,5276568,25908760,4,4,12,4,4,4,0,20,20,20260807,5,1,1,1,0,0,0,6620,0.275833,1,0.0015,0
2960,26090.7,6,0,2.10996,4.40271,0,0,0,6.51267,361,361,0,1,2.94392,2.94392,1830,367,0,1235,0,0,0,0,0,1339,1785.99,0.953667,29.338,168732,12,29433,486,465155,48,117732,1944,32,4,644756,1319142,20632192,5276568,25908760,4,4,12,4,4,4,0,20,20,20260807,5,1,1,1,0,0,0,6620,0.275833,1,0.0015,0
2961,26100.8,11,0,2.22967,7.81096,0,0,0,10.0406,361,361,0,1,2.94392,2.94392,1830,367,0,1235,0,0,0,0,0,1339,1785.99,0.953667,29.338,168732,12,29433,486,465155,48,117732,1944,32,4,644756,1319142,20632192,5276568,25908760,4,4,12,4,4,4,0,20,20,20260807,5,1,1,1,0,0,0,6620,0.275833,1,0.0015,0
2962,26107,6,0,2.08483,3.99542,0,0,0,6.08025,361,361,0,1,2.94392,2.94392,1830,367,0,1235,0,0,0,0,0,1339,1785.99,0.953667,29.338,168732,12,29433,486,465155,48,117732,1944,32,4,644756,1319142,20632192,5276568,25908760,4,4,12,4,4,4,0,20,20,20260807,5,1,1,1,0,0,0,6620,0.275833,1,0.0015,0
2963,26117.9,11,0,2.24692,8.66788,0,0,0,10.9148,361,361,0,1,2.94392,2.94392,1830,367,0,1235,0,0,0,0,0,1339,1785.99,0.953667,29.338,168732,12,29433,486,465155,48,117732,1944,32,4,644756,1319142,20632192,5276568,25908760,4,4,12,4,4,4,0,20,20,20260807,5,1,1,1,0,0,0,6621,0.275875,1,0.0015,1
2964,26123.9,6,0,2.28108,3.54008,0,0,0,5.82117,361,361,0,1,2.94392,2.94392,1830,367,0,1235,0,0,0,0,0,1339,1785.99,0.953667,29.338,168732,12,29433,486,465155,48,117732,1944,32,4,644756,1319142,20632192,5276568,25908760,4,4,12,4,4,4,0,20,20,20260807,5,1,1,1,0,0,0,6621,0.275875,1,0.0015,0
2965,26134.1,10,0,2.14025,8.0065,0,0,0,10.1468,361,361,0,1,2.94392,2.94392,1830,367,0,1235,0,0,0,0,0,1339,1785.99,0.953667,29.338,168732,12,29433,486,465155,48,117732,1944,32,4,644756,1319142,20632192,5276568,25908760,4,4,12,4,4,4,0,20,20,20260807,5,1,1,1,0,0,0,6621,0.275875,1,0.0015,0
2966,26140.6,6,0,2.18967,4.224,0,0,0,6.41367,361,361,0,1,2.94392,2.94392,1830,367,0,1235,0,0,0,0,0,1339,1785.99,0.953667,29.338,168732,12,29433,486,465155,48,117732,1944,32,4,644756,1319142,20632192,5276568,25908760,4,4,12,4,4,4,0,20,20,20260807,5,1,1,1,0,0,0,6621,0.275875,1,0.0015,0
2967,26150.9,11,0,2.23583,7.986,0,0,0,10.2218,361,361,0,1,2.94392,2.94392,1830,367,0,1235,0,0,0,0,0,1339,1785.99,0.953667,29.338,168732,12,29433,486,465155,48,117732,1944,32,4,644756,1319142,20632192,5276568,25908760,4,4,12,4,4,4,0,20,20,20260807,5,1,1,1,0,0,0,6621,0.275875,1,0.0015,0
2968,26157,6,0,2.26325,3.74267,0,0,0,6.00592,361,361,0,1,2.94392,2.94392,1830,367,0,1235,0,0,0,0,0,1339,1785.99,0.953667,29.338,168732,12,29433,486,465155,48,117732,1944,32,4,644756,1319142,20632192,5276568,25908760,4,4,12,4,4,4,0,20,20,20260807,5,1,1,1,0,0,0,6621,0.275875,1,0.0015,0
2969,26167.7,10,0,2.25033,8.37937,0,0,0,10.6297,361,361,0,1,2.94392,2.94392,1830,367,0,1235,0,0,0,0,0,1339,1785.99,0.953667,29.338,168732,12,29433,486,465155,48,117732,1944,32,4,644756,1319142,20632192,5276568,25908760,4,4,12,4,4,4,0,20,20,20260807,5,1,1,1,0,0,0,6622,0.275917,1,0.0015,1
2970,26174.2,7,0,2.24404,4.19854,0,0,0,6.44258,361,361,0,1,2.94392,2.94392,1830,367,0,1235,0,0,0,0,0,1339,1785.99,0.953667,29.338,168732,12,29433,486,465155,48,117732,1944,32,4,644756,1319142,20632192,5276568,25908760,4,4,12,4,4,4,0,20,20,20260807,5,1,1,1,0,0,0,6622,0.275917,1,0.0015,0
2971,26184.2,10,0,2.35679,7.53183,0,0,0,9.88862,361,361,0,1,2.94392,2.94392,1830,367,0,1235,0,0,0,0,0,1339,1785.99,0.953667,29.338,168732,12,29433,486,465155,48,117732,1944,32,4,644756,1319142,20632192,5276568,25908760,4,4,12,4,4,4,0,20,20,20260807,5,1,1,1,0,0,0,6622,0.275917,1,0.0015,0
2972,26191.1,7,0,2.18383,4.61362,0,0,0,6.79746,361,361,0,1,2.94392,2.94392,1830,367,0,1235,0,0,0,0,0,1339,1785.99,0.953667,29.338,168732,12,29433,486,465155,48,117732,1944,32,4,644756,1319142,20632192,5276568,25908760,4,4,12,4,4,4,0,20,20,20260807,5,1,1,1,0,0,0,6622,0.275917,1,0.0015,0
2973,26200.7,10,0,2.19108,7.36617,0,0,0,9.55725,361,361,0,1,2.94392,2.94392,1830,367,0,1235,0,0,0,0,0,1339,1785.99,0.953667,29.338,168732,12,29433,486,465155,48,117732,1944,32,4,644756,1319142,20632192,5276568,25908760,4,4,12,4,4,4,0,20,20,20260807,5,1,1,1,0,0,0,6622,0.275917,1,0.0015,0
2974,26206.4,5,0,2.07329,3.55596,0,0,0,5.62925,361,361,0,1,2.94392,2.94392,1830,367,0,1235,0,0,0,0,0,1339,1785.99,0.953667,29.338,168732,12,29433,486,465155,48,117732,1944,32,4,644756,1319142,20632192,5276568,25908760,4,4,12,4,4,4,0,20,20,20260807,5,1,1,1,0,0,0,6622,0.275917,1,0.0015,0
2975,26217.6,11,0,2.288,8.79738,0,0,0,11.0854,361,361,0,1,2.94392,2.94392,1830,367,0,1235,0,0,0,0,0,1339,1785.99,0.953667,29.338,168732,12,29433,486,465155,48,117732,1944,32,4,644756,1319142,20632192,5276568,25908760,4,4,12,4,4,4,0,20,20,20260807,5,1,1,1,0,0,0,6623,0.275958,1,0.0015,1
2976,26224,6,0,2.17621,4.11233,0,0,0,6.28854,361,361,0,1,2.94392,2.94392,1830,367,0,1235,0,0,0,0,0,1339,1785.99,0.953667,29.338,168732,12,29433,486,465155,48,117732,1944,32,4,644756,1319142,20632192,5276568,25908760,4,4,12,4,4,4,0,20,20,20260807,5,1,1,1,0,0,0,6623,0.275958,1,0.0015,0
2977,26234.2,10,0,2.279,7.88762,0,0,0,10.1666,361,361,0,1,2.94392,2.94392,1830,367,0,1235,0,0,0,0,0,1339,1785.99,0.953667,29.338,168732,12,29433,486,465155,48,117732,1944,32,4,644756,1319142,20632192,5276568,25908760,4,4,12,4,4,4,0,20,20,20260807,5,1,1,1,0,0,0,6623,0.275958,1,0.0015,0
2978,26240.6,6,0,2.1055,4.16325,0,0,0,6.26875,361,361,0,1,2.94392,2.94392,1830,367,0,1235,0,0,0,0,0,1339,1785.99,0.953667,29.338,168732,12,29433,486,465155,48,117732,1944,32,4,644756,1319142,20632192,5276568,25908760,4,4,12,4,4,4,0,20,20,20260807,5,1,1,1,0,0,0,6623,0.275958,1,0.0015,0
2979,26251,11,0,2.11992,8.21225,0,0,0,10.3322,361,361,0,1,2.94392,2.94392,1830,367,0,1235,0,0,0,0,0,1339,1785.99,0.953667,29.338,168732,12,29433,486,465155,48,117732,1944,32,4,644756,1319142,20632192,5276568,25908760,4,4,12,4,4,4,0,20,20,20260807,5,1,1,1,0,0,0,6623,0.275958,1,0.0015,0
2980,26256.9,6,0,2.2185,3.60579,0,0,0,5.82429,361,361,0,1,2.94392,2.94392,1830,367,0,1235,0,0,0,0,0,1339,1785.99,0.953667,29.338,168732,12,29433,486,465155,48,117732,1944,32,4,644756,1319142,20632192,5276568,25908760,4,4,12,4,4,4,0,20,20,20260807,5,1,1,1,0,0,0,6623,0.275958,1,0.0015,0
2981,26267.4,10,0,2.17525,8.25783,0,0,0,10.4331,361,361,0,1,2.94392,2.94392,1830,367,0,1235,0,0,0,0,0,1339,1785.99,0.953667,29.338,168732,12,29433,486,465155,48,117732,1944,32,4,644756,1319142,20632192,5276568,25908760,4,4,12,4,4,4,0,20,20,20260807,5,1,1,1,0,0,0,6624,0.276,1,0.0015,1
2982,26273.5,6,0,2.13546,3.90258,0,0,0,6.03804,361,361,0,1,2.94392,2.94392,1830,367,0,1235,0,0,0,0,0,1339,1785.99,0.953667,29.338,168732,12,29433,486,465155,48,117732,1944,32,4,644756,1319142,20632192,5276568,25908760,4,4,12,4,4,4,0,20,20,20260807,5,1,1,1,0,0,0,6624,0.276,1,0.0015,0
2983,26284.2,11,0,2.20237,8.45538,0,0,0,10.6578,361,361,0,1,2.94392,2.94392,1830,367,0,1235,0,0,0,0,0,1339,1785.99,0.953667,29.338,168732,12,29433,486,465155,48,117732,1944,32,4,644756,1319142,20632192,5276568,25908760,4,4,12,4,4,4,0,20,20,20260807,5,1,1,1,0,0,0,6624,0.276,1,0.0015,0
2984,26290.6,6,0,2.19313,4.12387,0,0,0,6.317,361,361,0,1,2.94392,2.94392,1830,367,0,1235,0,0,0,0,0,1339,1785.99,0.953667,29.338,168732,12,29433,486,465155,48,117732,1944,32,4,644756,1319142,20632192,5276568,25908760,4,4,12,4,4,4,0,20,20,20260807,5,1,1,1,0,0,0,6624,0.276,1,0.0015,0
2985,26300.7,11,0,2.1105,7.91242,0,0,0,10.0229,361,361,0,1,2.94392,2.94392,1830,367,0,1235,0,0,0,0,0,1339,1785.99,0.953667,29.338,168732,12,29433,486,465155,48,117732,1944,32,4,644756,1319142,20632192,5276568,25908760,4,4,12,4,4,4,0,20,20,20260807,5,1,1,1,0,0,0,6624,0.276,1,0.0015,0
2986,26306.8,6,0,2.11246,3.90392,0,0,0,6.01638,361,361,0,1,2.94392,2.94392,1830,367,0,1235,0,0,0,0,0,1339,1785.99,0.953667,29.338,168732,12,29433,486,465155,48,117732,1944,32,4,644756,1319142,20632192,5276568,25908760,4,4,12,4,4,4,0,20,20,20260807,5,1,1,1,0,0,0,6624,0.276,1,0.0015,0
2987,26317.5,10,0,2.20475,8.33538,0,0,0,10.5401,361,361,0,1,2.94392,2.94392,1830,367,0,1235,0,0,0,0,0,1339,1785.99,0.953667,29.338,168732,12,29433,486,465155,48,117732,1944,32,4,644756,1319142,20632192,5276568,25908760,4,4,12,4,4,4,0,20,20,20260807,5,1,1,1,0,0,0,6625,0.276042,1,0.0015,1
2988,26323.8,7,0,2.08504,4.11567,0,0,0,6.20071,361,361,0,1,2.94392,2.94392,1830,367,0,1235,0,0,0,0,0,1339,1785.99,0.953667,29.338,168732,12,29433,486,465155,48,117732,1944,32,4,644756,1319142,20632192,5276568,25908760,4,4,12,4,4,4,0,20,20,20260807,5,1,1,1,0,0,0,6625,0.276042,1,0.0015,0
2989,26334.1,10,0,2.18646,8.02992,0,0,0,10.2164,361,361,0,1,2.94392,2.94392,1830,367,0,1235,0,0,0,0,0,1339,1785.99,0.953667,29.338,168732,12,29433,486,465155,48,117732,1944,32,4,644756,1319142,20632192,5276568,25908760,4,4,12,4,4,4,0,20,20,20260807,5,1,1,1,0,0,0,6625,0.276042,1,0.0015,0
2990,26340.3,6,0,2.19425,4.00054,0,0,0,6.19479,361,361,0,1,2.94392,2.94392,1830,367,0,1235,0,0,0,0,0,1339,1785.99,0.953667,29.338,168732,12,29433,486,465155,48,117732,1944,32,4,644756,1319142,20632192,5276568,25908760,4,4,12,4,4,4,0,20,20,20260807,5,1,1,1,0,0,0,6625,0.276042,1,0.0015,0
2991,26350.7,11,0,2.1825,8.09529,0,0,0,10.2778,361,361,0,1,2.94392,2.94392,1830,367,0,1235,0,0,0,0,0,1339,1785.99,0.953667,29.338,168732,12,29433,486,465155,48,117732,1944,32,4,644756,1319142,20632192,5276568,25908760,4,4,12,4,4,4,0,20,20,20260807,5,1,1,1,0,0,0,6625,0.276042,1,0.0015,0
2992,26356.8,6,0,2.23067,3.77571,0,0,0,6.00638,361,361,0,1,2.94392,2.94392,1830,367,0,1235,0,0,0,0,0,1339,1785.99,0.953667,29.338,168732,12,29433,486,465155,48,117732,1944,32,4,644756,1319142,20632192,5276568,25908760,4,4,12,4,4,4,0,20,20,20260807,5,1,1,1,0,0,0,6625,0.276042,1,0.0015,0
2993,26367.4,10,0,2.16508,8.36063,0,0,0,10.5257,361,361,0,1,2.94392,2.94392,1830,367,0,1235,0,0,0,0,0,1339,1785.99,0.953667,29.338,168732,12,29433,486,465155,48,117732,1944,32,4,644756,1319142,20632192,5276568,25908760,4,4,12,4,4,4,0,20,20,20260807,5,1,1,1,0,0,0,6626,0.276083,1,0.0015,1
2994,26374.1,7,0,2.19129,4.42071,0,0,0,6.612,361,361,0,1,2.94392,2.94392,1830,367,0,1235,0,0,0,0,0,1339,1785.99,0.953667,29.338,168732,12,29433,486,465155,48,117732,1944,32,4,644756,1319142,20632192,5276568,25908760,4,4,12,4,4,4,0,20,20,20260807,5,1,1,1,0,0,0,6626,0.276083,1,0.0015,0
2995,26384.1,10,0,2.18575,7.71708,0,0,0,9.90283,361,361,0,1,2.94392,2.94392,1830,367,0,1235,0,0,0,0,0,1339,1785.99,0.953667,29.338,168732,12,29433,486,465155,48,117732,1944,32,4,644756,1319142,20632192,5276568,25908760,4,4,12,4,4,4,0,20,20,20260807,5,1,1,1,0,0,0,6626,0.276083,1,0.0015,0
2996,26390.3,6,0,2.26654,3.83983,0,0,0,6.10637,361,361,0,1,2.94392,2.94392,1830,367,0,1235,0,0,0,0,0,1339,1785.99,0.953667,29.338,168732,12,29433,486,465155,48,117732,1944,32,4,644756,1319142,20632192,5276568,25908760,4,4,12,4,4,4,0,20,20,20260807,5,1,1,1,0,0,0,6626,0.276083,1,0.0015,0
2997,26400.7,11,0,2.14154,8.23358,0,0,0,10.3751,361,361,0,1,2.94392,2.94392,1830,367,0,1235,0,0,0,0,0,1339,1785.99,0.953667,29.338,168732,12,29433,486,465155,48,117732,1944,32,4,644756,1319142,20632192,5276568,25908760,4,4,12,4,4,4,0,20,20,20260807,5,1,1,1,0,0,0,6626,0.276083,1,0.0015,0
2998,26406.8,6,0,2.23513,3.79825,0,0,0,6.03338,361,361,0,1,2.94392,2.94392,1830,367,0,1235,0,0,0,0,0,1339,1785.99,0.953667,29.338,168732,12,29433,486,465155,48,117732,1944,32,4,644756,1319142,20632192,5276568,25908760,4,4,12,4,4,4,0,20,20,20260807,5,1,1,1,0,0,0,6626,0.276083,1,0.0015,0
2999,26417.4,10,0,2.23129,8.31367,0,0,0,10.545,361,361,0,1,2.94392,2.94392,1830,367,0,1235,0,0,0,0,0,1339,1785.99,0.953667,29.338,168732,12,29433,486,465155,48,117732,1944,32,4,644756,1319142,20632192,5276568,25908760,4,4,12,4,4,4,0,20,20,20260807,5,1,1,1,0,0,0,6627,0.276125,1,0.0015,1
3000,26423.5,6,0,2.27287,3.71563,0,0,0,5.9885,361,361,0,1,2.94392,2.94392,1830,367,0,1235,0,0,0,0,0,1339,1785.99,0.953667,29.338,168732,12,29433,486,465155,48,117732,1944,32,4,644756,1319142,20632192,5276568,25908760,4,4,12,4,4,4,0,20,20,20260807,5,1,1,1,0,0,0,6627,0.276125,1,0.0015,0
3001,26434.4,11,0,2.16471,8.6125,0,0,0,10.7772,361,361,0,1,2.94392,2.94392,1830,367,0,1235,0,0,0,0,0,1339,1785.99,0.953667,29.338,168732,12,29433,486,465155,48,117732,1944,32,4,644756,1319142,20632192,5276568,25908760,4,4,12,4,4,4,0,20,20,20260807,5,1,1,1,0,0,0,6627,0.276125,1,0.0015,0
3002,26443.9,10,0,2.15742,7.22642,0,0,0,9.38383,361,361,0,1,2.94392,2.94392,1830,367,0,1235,0,0,0,0,0,1339,1785.99,0.953667,29.338,168732,12,29433,486,465155,48,117732,1944,32,4,644756,1319142,20632192,5276568,25908760,4,4,12,4,4,4,0,20,20,20260807,5,1,1,1,0,0,0,6627,0.276125,1,0.0015,0
3003,26450.7,7,0,2.14683,4.60383,0,0,0,6.75067,361,361,0,1,2.94392,2.94392,1830,367,0,1235,0,0,0,0,0,1339,1785.99,0.953667,29.338,168732,12,29433,486,465155,48,117732,1944,32,4,644756,1319142,20632192,5276568,25908760,4,4,12,4,4,4,0,20,20,20260807,5,1,1,1,0,0,0,6627,0.276125,1,0.0015,0
3004,26456.5,5,0,2.23175,3.46608,0,0,0,5.69783,361,361,0,1,2.94392,2.94392,1830,367,0,1235,0,0,0,0,0,1339,1785.99,0.953667,29.338,168732,12,29433,486,465155,48,117732,1944,32,4,644756,1319142,20632192,5276568,25908760,4,4,12,4,4,4,0,20,20,20260807,5,1,1,1,0,0,0,6627,0.276125,1,0.0015,0
3005,26467.5,11,0,2.18696,8.70487,0,0,0,10.8918,361,361,0,1,2.94392,2.94392,1830,367,0,1235,0,0,0,0,0,1339,1785.99,0.953667,29.338,168732,12,29433,486,465155,48,117732,1944,32,4,644756,1319142,20632192,5276568,25908760,4,4,12,4,4,4,0,20,20,20260807,5,1,1,1,0,0,0,6628,0.276167,1,0.0015,1
3006,26473.8,7,0,2.11604,4.1785,0,0,0,6.29454,361,361,0,1,2.94392,2.94392,1830,367,0,1235,0,0,0,0,0,1339,1785.99,0.953667,29.338,168732,12,29433,486,465155,48,117732,1944,32,4,644756,1319142,20632192,5276568,25908760,4,4,12,4,4,4,0,20,20,20260807,5,1,1,1,0,0,0,6628,0.276167,1,0.0015,0
3007,26484.1,10,0,2.27546,7.935,0,0,0,10.2105,361,361,0,1,2.94392,2.94392,1830,367,0,1235,0,0,0,0,0,1339,1785.99,0.953667,29.338,168732,12,29433,486,465155,48,117732,1944,32,4,644756,1319142,20632192,5276568,25908760,4,4,12,4,4,4,0,20,20,20260807,5,1,1,1,0,0,0,6628,0.276167,1,0.0015,0
3008,26489.4,5,0,2.13575,3.09479,0,0,0,5.23054,361,361,0,1,2.94392,2.94392,1830,367,0,1235,0,0,0,0,0,1339,1785.99,0.953667,29.338,168732,12,29433,486,465155,48,117732,1944,32,4,644756,1319142,20632192,5276568,25908760,4,4,12,4,4,4,0,20,20,20260807,5,1,1,1,0,0,0,6628,0.276167,1,0.0015,0
3009,26500.8,12,0,2.21908,9.09212,0,0,0,11.3112,361,361,0,1,2.94392,2.94392,1830,367,0,1235,0,0,0,0,0,1339,1785.99,0.953667,29.338,168732,12,29433,486,465155,48,117732,1944,32,4,644756,1319142,20632192,5276568,25908760,4,4,12,4,4,4,0,20,20,20260807,5,1,1,1,0,0,0,6628,0.276167,1,0.0015,0
3010,26506.3,5,0,2.19912,3.2105,0,0,0,5.40963,361,361,0,1,2.94392,2.94392,1830,367,0,1235,0,0,0,0,0,1339,1785.99,0.953667,29.338,168732,12,29433,486,465155,48,117732,1944,32,4,644756,1319142,20632192,5276568,25908760,4,4,12,4,4,4,0,20,20,20260807,5,1,1,1,0,0,0,6628,0.276167,1,0.0015,0
3011,26517.6,11,0,2.28688,8.90875,0,0,0,11.1956,361,361,0,1,2.94392,2.94392,1830,367,0,1235,0,0,0,0,0,1339,1785.99,0.953667,29.338,168732,12,29433,486,465155,48,117732,1944,32,4,644756,1319142,20632192,5276568,25908760,4,4,12,4,4,4,0,20,20,20260807,5,1,1,1,0,0,0,6629,0.276208,1,0.0015,1
3012,26523.6,6,0,2.23371,3.68683,0,0,0,5.92054,361,361,0,1,2.94392,2.94392,1830,367,0,1235,0,0,0,0,0,1339,1785.99,0.953667,29.338,168732,12,29433,486,465155,48,117732,1944,32,4,644756,1319142,20632192,5276568,25908760,4,4,12,4,4,4,0,20,20,20260807,5,1,1,1,0,0,0,6629,0.276208,1,0.0015,0
3013,26534.1,11,0,2.40167,8.00263,0,0,0,10.4043,361,361,0,1,2.94392,2.94392,1830,367,0,1235,0,0,0,0,0,1339,1785.99,0.953667,29.338,168732,12,29433,486,465155,48,117732,1944,32,4,644756,1319142,20632192,5276568,25908760,4,4,12,4,4,4,0,20,20,20260807,5,1,1,1,0,0,0,6629,0.276208,1,0.0015,0
3014,26542,8,0,2.15317,5.65192,0,0,0,7.80508,361,361,0,1,2.94392,2.94392,1830,367,0,1235,0,0,0,0,0,1339,1785.99,0.953667,29.338,168732,12,29433,486,465155,48,117732,1944,32,4,644756,1319142,20632192,5276568,25908760,4,4,12,4,4,4,0,20,20,20260807,5,1,1,1,0,0,0,6629,0.276208,1,0.0015,0
3015,26551.4,9,0,2.05979,7.26492,0,0,0,9.32471,361,361,0,1,2.94392,2.94392,1830,367,0,1235,0,0,0,0,0,1339,1785.99,0.953667,29.338,168732,12,29433,486,465155,48,117732,1944,32,4,644756,1319142,20632192,5276568,25908760,4,4,12,4,4,4,0,20,20,20260807,5,1,1,1,0,0,0,6629,0.276208,1,0.0015,0
3016,26557.4,6,0,2.22117,3.731,0,0,0,5.95217,361,361,0,1,2.94392,2.94392,1830,367,0,1235,0,0,0,0,0,1339,1785.99,0.953667,29.338,168732,12,29433,486,465155,48,117732,1944,32,4,644756,1319142,20632192,5276568,25908760,4,4,12,4,4,4,0,20,20,20260807,5,1,1,1,0,0,0,6629,0.276208,1,0.0015,0
3017,26567.5,10,0,2.23742,7.72096,0,0,0,9.95838,361,361,0,1,2.94392,2.94392,1830,367,0,1235,0,0,0,0,0,1339,1785.99,0.953667,29.338,168732,12,29433,486,465155,48,117732,1944,32,4,644756,1319142,20632192,5276568,25908760,4,4,12,4,4,4,0,20,20,20260807,5,1,1,1,0,0,0,6630,0.27625,1,0.0015,1
3018,26573.4,6,0,2.11388,3.72538,0,0,0,5.83925,361,361,0,1,2.94392,2.94392,1830,367,0,1235,0,0,0,0,0,1339,1785.99,0.953667,29.338,168732,12,29433,486,465155,48,117732,1944,32,4,644756,1319142,20632192,5276568,25908760,4,4,12,4,4,4,0,20,20,20260807,5,1,1,1,0,0,0,6630,0.27625,1,0.0015,0
3019,26584.2,11,0,2.35308,8.35092,0,0,0,10.704,361,361,0,1,2.94392,2.94392,1830,367,0,1235,0,0,0,0,0,1339,1785.99,0.953667,29.338,168732,12,29433,486,465155,48,117732,1944,32,4,644756,1319142,20632192,5276568,25908760,4,4,12,4,4,4,0,20,20,20260807,5,1,1,1,0,0,0,6630,0.27625,1,0.0015,0
3020,26590.5,6,0,2.19896,4.07229,0,0,0,6.27125,361,361,0,1,2.94392,2.94392,1830,367,0,1235,0,0,0,0,0,1339,1785.99,0.953667,29.338,168732,12,29433,486,465155,48,117732,1944,32,4,644756,1319142,20632192,5276568,25908760,4,4,12,4,4,4,0,20,20,20260807,5,1,1,1,0,0,0,6630,0.27625,1,0.0015,0
3021,26600.8,11,0,2.59138,7.59162,0,0,0,10.183,361,361,0,1,2.94392,2.94392,1830,367,0,1235,0,0,0,0,0,1339,1785.99,0.953667,29.338,168732,12,29433,486,465155,48,117732,1944,32,4,644756,1319142,20632192,5276568,25908760,4,4,12,4,4,4,0,20,20,20260807,5,1,1,1,0,0,0,6630,0.27625,1,0.0015,0
3022,26606.7,6,0,2.23229,3.64688,0,0,0,5.87917,361,361,0,1,2.94392,2.94392,1830,367,0,1235,0,0,0,0,0,1339,1785.99,0.953667,29.338,168732,12,29433,486,465155,48,117732,1944,32,4,644756,1319142,20632192,5276568,25908760,4,4,12,4,4,4,0,20,20,20260807,5,1,1,1,0,0,0,6630,0.27625,1,0.0015,0
3023,26617.6,10,0,2.41975,8.326,0,0,0,10.7457,361,361,0,1,2.94392,2.94392,1830,367,0,1235,0,0,0,0,0,1339,1785.99,0.953667,29.338,168732,12,29433,486,465155,48,117732,1944,32,4,644756,1319142,20632192,5276568,25908760,4,4,12,4,4,4,0,20,20,20260807,5,1,1,1,0,0,0,6631,0.276292,1,0.0015,1
3024,26624.2,7,0,2.17796,4.37042,0,0,0,6.54838,361,361,0,1,2.94392,2.94392,1830,367,0,1235,0,0,0,0,0,1339,1785.99,0.953667,29.338,168732,12,29433,486,465155,48,117732,1944,32,4,644756,1319142,20632192,5276568,25908760,4,4,12,4,4,4,0,20,20,20260807,5,1,1,1,0,0,0,6631,0.276292,1,0.0015,0
3025,26634.2,10,0,2.22538,7.70733,0,0,0,9.93271,361,361,0,1,2.94392,2.94392,1830,367,0,1235,0,0,0,0,0,1339,1785.99,0.953667,29.338,168732,12,29433,486,465155,48,117732,1944,32,4,644756,1319142,20632192,5276568,25908760,4,4,12,4,4,4,0,20,20,20260807,5,1,1,1,0,0,0,6631,0.276292,1,0.0015,0
3026,26640.2,6,0,2.17754,3.75975,0,0,0,5.93729,361,361,0,1,2.94392,2.94392,1830,367,0,1235,0,0,0,0,0,1339,1785.99,0.953667,29.338,168732,12,29433,486,465155,48,117732,1944,32,4,644756,1319142,20632192,5276568,25908760,4,4,12,4,4,4,0,20,20,20260807,5,1,1,1,0,0,0,6631,0.276292,1,0.0015,0
3027,26651.6,11,0,2.14746,9.16946,0,0,0,11.3169,361,361,0,1,2.94392,2.94392,1830,367,0,1235,0,0,0,0,0,1339,1785.99,0.953667,29.338,168732,12,29433,486,465155,48,117732,1944,32,4,644756,1319142,20632192,5276568,25908760,4,4,12,4,4,4,0,20,20,20260807,5,1,1,1,0,0,0,6631,0.276292,1,0.0015,0
3028,26657.6,6,0,2.15392,3.776,0,0,0,5.92992,361,361,0,1,2.94392,2.94392,1830,367,0,1235,0,0,0,0,0,1339,1785.99,0.953667,29.338,168732,12,29433,486,465155,48,117732,1944,32,4,644756,1319142,20632192,5276568,25908760,4,4,12,4,4,4,0,20,20,20260807,5,1,1,1,0,0,0,6631,0.276292,1,0.0015,0
3029,26667.6,11,0,2.41225,7.495,0,0,0,9.90725,361,361,0,1,2.94392,2.94392,1830,367,0,1235,0,0,0,0,0,1339,1785.99,0.953667,29.338,168732,12,29433,486,465155,48,117732,1944,32,4,644756,1319142,20632192,5276568,25908760,4,4,12,4,4,4,0,20,20,20260807,5,1,1,1,0,0,0,6632,0.276333,1,0.0015,1
3030,26673.7,6,0,2.22346,3.75871,0,0,0,5.98217,361,361,0,1,2.94392,2.94392,1830,367,0,1235,0,0,0,0,0,1339,1785.99,0.953667,29.338,168732,12,29433,486,465155,48,117732,1944,32,4,644756,1319142,20632192,5276568,25908760,4,4,12,4,4,4,0,20,20,20260807,5,1,1,1,0,0,0,6632,0.276333,1,0.0015,0
3031,26684.8,12,0,2.28246,8.74379,0,0,0,11.0262,361,361,0,1,2.94392,2.94392,1830,367,0,1235,0,0,0,0,0,1339,1785.99,0.953667,29.338,168732,12,29433,486,465155,48,117732,1944,32,4,644756,1319142,20632192,5276568,25908760,4,4,12,4,4,4,0,20,20,20260807,5,1,1,1,0,0,0,6632,0.276333,1,0.0015,0
3032,26690.4,5,0,2.27588,3.21042,0,0,0,5.48629,361,361,0,1,2.94392,2.94392,1830,367,0,1235,0,0,0,0,0,1339,1785.99,0.953667,29.338,168732,12,29433,486,465155,48,117732,1944,32,4,644756,1319142,20632192,5276568,25908760,4,4,12,4,4,4,0,20,20,20260807,5,1,1,1,0,0,0,6632,0.276333,1,0.0015,0
3033,26700.8,11,0,2.18712,8.18617,0,0,0,10.3733,361,361,0,1,2.94392,2.94392,1830,367,0,1235,0,0,0,0,0,1339,1785.99,0.953667,29.338,168732,12,29433,486,465155,48,117732,1944,32,4,644756,1319142,20632192,5276568,25908760,4,4,12,4,4,4,0,20,20,20260807,5,1,1,1,0,0,0,6632,0.276333,1,0.0015,0
3034,26707.3,6,0,2.23925,4.18925,0,0,0,6.4285,361,361,0,1,2.94392,2.94392,1830,367,0,1235,0,0,0,0,0,1339,1785.99,0.953667,29.338,168732,12,29433,486,465155,48,117732,1944,32,4,644756,1319142,20632192,5276568,25908760,4,4,12,4,4,4,0,20,20,20260807,5,1,1,1,0,0,0,6632,0.276333,1,0.0015,0
3035,26717.5,10,0,2.26138,7.8215,0,0,0,10.0829,361,361,0,1,2.94392,2.94392,1830,367,0,1235,0,0,0,0,0,1339,1785.99,0.953667,29.338,168732,12,29433,486,465155,48,117732,1944,32,4,644756,1319142,20632192,5276568,25908760,4,4,12,4,4,4,0,20,20,20260807,5,1,1,1,0,0,0,6633,0.276375,1,0.0015,1
3036,26723.5,6,0,2.33688,3.58688,0,0,0,5.92375,361,361,0,1,2.94392,2.94392,1830,367,0,1235,0,0,0,0,0,1339,1785.99,0.953667,29.338,168732,12,29433,486,465155,48,117732,1944,32,4,644756,1319142,20632192,5276568,25908760,4,4,12,4,4,4,0,20,20,20260807,5,1,1,1,0,0,0,6633,0.276375,1,0.0015,0
3037,26734.1,11,0,2.18538,8.34258,0,0,0,10.528,361,361,0,1,2.94392,2.94392,1830,367,0,1235,0,0,0,0,0,1339,1785.99,0.953667,29.338,168732,12,29433,486,465155,48,117732,1944,32,4,644756,1319142,20632192,5276568,25908760,4,4,12,4,4,4,0,20,20,20260807,5,1,1,1,0,0,0,6633,0.276375,1,0.0015,0
3038,26740.4,6,0,2.32217,3.87108,0,0,0,6.19325,361,361,0,1,2.94392,2.94392,1830,367,0,1235,0,0,0,0,0,1339,1785.99,0.953667,29.338,168732,12,29433,486,465155,48,117732,1944,32,4,644756,1319142,20632192,5276568,25908760,4,4,12,4,4,4,0,20,20,20260807,5,1,1,1,0,0,0,6633,0.276375,1,0.0015,0
3039,26750.8,11,0,2.16513,8.16429,0,0,0,10.3294,361,361,0,1,2.94392,2.94392,1830,367,0,1235,0,0,0,0,0,1339,1785.99,0.953667,29.338,168732,12,29433,486,465155,48,117732,1944,32,4,644756,1319142,20632192,5276568,25908760,4,4,12,4,4,4,0,20,20,20260807,5,1,1,1,0,0,0,6633,0.276375,1,0.0015,0
3040,26756.4,5,0,2.29804,3.23963,0,0,0,5.53767,361,361,0,1,2.94392,2.94392,1830,367,0,1235,0,0,0,0,0,1339,1785.99,0.953667,29.338,168732,12,29433,486,465155,48,117732,1944,32,4,644756,1319142,20632192,5276568,25908760,4,4,12,4,4,4,0,20,20,20260807,5,1,1,1,0,0,0,6633,0.276375,1,0.0015,0
3041,26767.5,11,0,2.20363,8.74687,0,0,0,10.9505,361,361,0,1,2.94392,2.94392,1830,367,0,1235,0,0,0,0,0,1339,1785.99,0.953667,29.338,168732,12,29433,486,465155,48,117732,1944,32,4,644756,1319142,20632192,5276568,25908760,4,4,12,4,4,4,0,20,20,20260807,5,1,1,1,0,0,0,6634,0.276417,1,0.0015,1
3042,26773.8,7,0,2.23592,4.03725,0,0,0,6.27317,361,361,0,1,2.94392,2.94392,1830,367,0,1235,0,0,0,0,0,1339,1785.99,0.953667,29.338,168732,12,29433,486,465155,48,117732,1944,32,4,644756,1319142,20632192,5276568,25908760,4,4,12,4,4,4,0,20,20,20260807,5,1,1,1,0,0,0,6634,0.276417,1,0.0015,0
3043,26784.1,10,0,2.38546,7.7315,0,0,0,10.117,361,361,0,1,2.94392,2.94392,1830,367,0,1235,0,0,0,0,0,1339,1785.99,0.953667,29.338,168732,12,29433,486,465155,48,117732,1944,32,4,644756,1319142,20632192,5276568,25908760,4,4,12,4,4,4,0,20,20,20260807,5,1,1,1,0,0,0,6634,0.276417,1,0.0015,0
3044,26790.5,6,0,2.18867,4.13104,0,0,0,6.31971,361,361,0,1,2.94392,2.94392,1830,367,0,1235,0,0,0,0,0,1339,1785.99,0.953667,29.338,168732,12,29433,486,465155,48,117732,1944,32,4,644756,1319142,20632192,5276568,25908760,4,4,12,4,4,4,0,20,20,20260807,5,1,1,1,0,0,0,6634,0.276417,1,0.0015,0
3045,26800.8,11,0,2.25379,7.93275,0,0,0,10.1865,361,361,0,1,2.94392,2.94392,1830,367,0,1235,0,0,0,0,0,1339,1785.99,0.953667,29.338,168732,12,29433,486,465155,48,117732,1944,32,4,644756,1319142,20632192,5276568,25908760,4,4,12,4,4,4,0,20,20,20260807,5,1,1,1,0,0,0,6634,0.276417,1,0.0015,0
3046,26806.9,6,0,2.23142,3.81387,0,0,0,6.04529,361,361,0,1,2.94392,2.94392,1830,367,0,1235,0,0,0,0,0,1339,1785.99,0.953667,29.338,168732,12,29433,486,465155,48,117732,1944,32,4,644756,1319142,20632192,5276568,25908760,4,4,12,4,4,4,0,20,20,20260807,5,1,1,1,0,0,0,6634,0.276417,1,0.0015,0
3047,26817.5,10,0,2.31583,8.25775,0,0,0,10.5736,361,361,0,1,2.94392,2.94392,1830,367,0,1235,0,0,0,0,0,1339,1785.99,0.953667,29.338,168732,12,29433,486,465155,48,117732,1944,32,4,644756,1319142,20632192,5276568,25908760,4,4,12,4,4,4,0,20,20,20260807,5,1,1,1,0,0,0,6635,0.276458,1,0.0015,1
3048,26823.8,7,0,2.22383,4.00508,0,0,0,6.22892,361,361,0,1,2.94392,2.94392,1830,367,0,1235,0,0,0,0,0,1339,1785.99,0.953667,29.338,168732,12,29433,486,465155,48,117732,1944,32,4,644756,1319142,20632192,5276568,25908760,4,4,12,4,4,4,0,20,20,20260807,5,1,1,1,0,0,0,6635,0.276458,1,0.0015,0
3049,26834.1,10,0,2.17767,8.00475,0,0,0,10.1824,361,361,0,1,2.94392,2.94392,1830,367,0,1235,0,0,0,0,0,1339,1785.99,0.953667,29.338,168732,12,29433,486,465155,48,117732,1944,32,4,644756,1319142,20632192,5276568,25908760,4,4,12,4,4,4,0,20,20,20260807,5,1,1,1,0,0,0,6635,0.276458,1,0.0015,0
3050,26840.8,7,0,2.10021,4.51013,0,0,0,6.61033,361,361,0,1,2.94392,2.94392,1830,367,0,1235,0,0,0,0,0,1339,1785.99,0.953667,29.338,168732,12,29433,486,465155,48,117732,1944,32,4,644756,1319142,20632192,5276568,25908760,4,4,12,4,4,4,0,20,20,20260807,5,1,1,1,0,0,0,6635,0.276458,1,0.0015,0
3051,26850.7,9,0,2.27079,7.51429,0,0,0,9.78508,361,361,0,1,2.94392,2.94392,1830,367,0,1235,0,0,0,0,0,1339,1785.99,0.953667,29.338,168732,12,29433,486,465155,48,117732,1944,32,4,644756,1319142,20632192,5276568,25908760,4,4,12,4,4,4,0,20,20,20260807,5,1,1,1,0,0,0,6635,0.276458,1,0.0015,0
3052,26857.1,7,0,2.14792,4.16204,0,0,0,6.30996,361,361,0,1,2.94392,2.94392,1830,367,0,1235,0,0,0,0,0,1339,1785.99,0.953667,29.338,168732,12,29433,486,465155,48,117732,1944,32,4,644756,1319142,20632192,5276568,25908760,4,4,12,4,4,4,0,20,20,20260807,5,1,1,1,0,0,0,6635,0.276458,1,0.0015,0
3053,26867.4,10,0,2.35371,7.88083,0,0,0,10.2345,361,361,0,1,2.94392,2.94392,1830,367,0,1235,0,0,0,0,0,1339,1785.99,0.953667,29.338,168732,12,29433,486,465155,48,117732,1944,32,4,644756,1319142,20632192,5276568,25908760,4,4,12,4,4,4,0,20,20,20260807,5,1,1,1,0,0,0,6636,0.2765,1,0.0015,1
3054,26873.6,6,0,2.27663,3.89517,0,0,0,6.17179,361,361,0,1,2.94392,2.94392,1830,367,0,1235,0,0,0,0,0,1339,1785.99,0.953667,29.338,168732,12,29433,486,465155,48,117732,1944,32,4,644756,1319142,20632192,5276568,25908760,4,4,12,4,4,4,0,20,20,20260807,5,1,1,1,0,0,0,6636,0.2765,1,0.0015,0
3055,26884.2,11,0,2.22692,8.31754,0,0,0,10.5445,361,361,0,1,2.94392,2.94392,1830,367,0,1235,0,0,0,0,0,1339,1785.99,0.953667,29.338,168732,12,29433,486,465155,48,117732,1944,32,4,644756,1319142,20632192,5276568,25908760,4,4,12,4,4,4,0,20,20,20260807,5,1,1,1,0,0,0,6636,0.2765,1,0.0015,0
3056,26890.6,6,0,2.28925,4.0305,0,0,0,6.31975,361,361,0,1,2.94392,2.94392,1830,367,0,1235,0,0,0,0,0,1339,1785.99,0.953667,29.338,168732,12,29433,486,465155,48,117732,1944,32,4,644756,1319142,20632192,5276568,25908760,4,4,12,4,4,4,0,20,20,20260807,5,1,1,1,0,0,0,6636,0.2765,1,0.0015,0
3057,26900.8,11,0,2.2155,7.888,0,0,0,10.1035,361,361,0,1,2.94392,2.94392,1830,367,0,1235,0,0,0,0,0,1339,1785.99,0.953667,29.338,168732,12,29433,486,465155,48,117732,1944,32,4,644756,1319142,20632192,5276568,25908760,4,4,12,4,4,4,0,20,20,20260807,5,1,1,1,0,0,0,6636,0.2765,1,0.0015,0
3058,26906.9,6,0,2.26233,3.71033,0,0,0,5.97267,361,361,0,1,2.94392,2.94392,1830,367,0,1235,0,0,0,0,0,1339,1785.99,0.953667,29.338,168732,12,29433,486,465155,48,117732,1944,32,4,644756,1319142,20632192,5276568,25908760,4,4,12,4,4,4,0,20,20,20260807,5,1,1,1,0,0,0,6636,0.2765,1,0.0015,0
3059,26917.7,11,0,2.25142,8.49312,0,0,0,10.7445,361,361,0,1,2.94392,2.94392,1830,367,0,1235,0,0,0,0,0,1339,1785.99,0.953667,29.338,168732,12,29433,486,465155,48,117732,1944,32,4,644756,1319142,20632192,5276568,25908760,4,4,12,4,4,4,0,20,20,20260807,5,1,1,1,0,0,0,6637,0.276542,1,0.0015,1
3060,26926.7,9,0,2.21492,6.70625,0,0,0,8.92117,361,361,0,1,2.94392,2.94392,1830,367,0,1235,0,0,0,0,0,1339,1785.99,0.953667,29.338,168732,12,29433,486,465155,48,117732,1944,32,4,644756,1319142,20632192,5276568,25908760,4,4,12,4,4,4,0,20,20,20260807,5,1,1,1,0,0,0,6637,0.276542,1,0.0015,0
3061,26934.1,7,0,2.30708,5.03613,0,0,0,7.34321,361,361,0,1,2.94392,2.94392,1830,367,0,1235,0,0,0,0,0,1339,1785.99,0.953667,29.338,168732,12,29433,486,465155,48,117732,1944,32,4,644756,1319142,20632192,5276568,25908760,4,4,12,4,4,4,0,20,20,20260807,5,1,1,1,0,0,0,6637,0.276542,1,0.0015,0
3062,26940.7,6,0,2.33575,4.11167,0,0,0,6.44742,361,361,0,1,2.94392,2.94392,1830,367,0,1235,0,0,0,0,0,1339,1785.99,0.953667,29.338,168732,12,29433,486,465155,48,117732,1944,32,4,644756,1319142,20632192,5276568,25908760,4,4,12,4,4,4,0,20,20,20260807,5,1,1,1,0,0,0,6637,0.276542,1,0.0015,0
3063,26951,11,0,2.32863,7.95321,0,0,0,10.2818,361,361,0,1,2.94392,2.94392,1830,367,0,1235,0,0,0,0,0,1339,1785.99,0.953667,29.338,168732,12,29433,486,465155,48,117732,1944,32,4,644756,1319142,20632192,5276568,25908760,4,4,12,4,4,4,0,20,20,20260807,5,1,1,1,0,0,0,6637,0.276542,1,0.0015,0
3064,26957.7,7,0,2.33887,4.27671,0,0,0,6.61558,361,361,0,1,2.94392,2.94392,1830,367,0,1235,0,0,0,0,0,1339,1785.99,0.953667,29.338,168732,12,29433,486,465155,48,117732,1944,32,4,644756,1319142,20632192,5276568,25908760,4,4,12,4,4,4,0,20,20,20260807,5,1,1,1,0,0,0,6637,0.276542,1,0.0015,0
3065,26967.6,9,0,2.33787,7.44858,0,0,0,9.78646,361,361,0,1,2.94392,2.94392,1830,367,0,1235,0,0,0,0,0,1339,1785.99,0.953667,29.338,168732,12,29433,486,465155,48,117732,1944,32,4,644756,1319142,20632192,5276568,25908760,4,4,12,4,4,4,0,20,20,20260807,5,1,1,1,0,0,0,6638,0.276583,1,0.0015,1
3066,26974.2,7,0,2.38829,4.09183,0,0,0,6.48013,361,361,0,1,2.94392,2.94392,1830,367,0,1235,0,0,0,0,0,1339,1785.99,0.953667,29.338,168732,12,29433,486,465155,48,117732,1944,32,4,644756,1319142,20632192,5276568,25908760,4,4,12,4,4,4,0,20,20,20260807,5,1,1,1,0,0,0,6638,0.276583,1,0.0015,0
3067,26984.3,10,0,2.43854,7.59563,0,0,0,10.0342,361,361,0,1,2.94392,2.94392,1830,367,0,1235,0,0,0,0,0,1339,1785.99,0.953667,29.338,168732,12,29433,486,465155,48,117732,1944,32,4,644756,1319142,20632192,5276568,25908760,4,4,12,4,4,4,0,20,20,20260807,5,1,1,1,0,0,0,6638,0.276583,1,0.0015,0
3068,26990.2,6,0,2.26638,3.58842,0,0,0,5.85479,361,361,0,1,2.94392,2.94392,1830,367,0,1235,0,0,0,0,0,1339,1785.99,0.953667,29.338,168732,12,29433,486,465155,48,117732,1944,32,4,644756,1319142,20632192,5276568,25908760,4,4,12,4,4,4,0,20,20,20260807,5,1,1,1,0,0,0,6638,0.276583,1,0.0015,0
3069,27000.8,11,0,2.17971,8.13567,0,0,0,10.3154,361,361,0,1,2.94392,2.94392,1830,367,0,1235,0,0,0,0,0,1339,1785.99,0.953667,29.338,168732,12,29433,486,465155,48,117732,1944,32,4,644756,1319142,20632192,5276568,25908760,4,4,12,4,4,4,0,20,20,20260807,5,1,1,1,0,0,0,6638,0.276583,1,0.0015,0
3070,27008.4,7,0,2.23004,5.26863,0,0,0,7.49867,361,361,0,1,2.94392,2.94392,1830,367,0,1235,0,0,0,0,0,1339,1785.99,0.953667,29.338,168732,12,29433,486,465155,48,117732,1944,32,4,644756,1319142,20632192,5276568,25908760,4,4,12,4,4,4,0,20,20,20260807,5,1,1,1,0,0,0,6638,0.276583,1,0.0015,0
3071,27017.6,9,0,2.21413,6.85479,0,0,0,9.06892,361,361,0,1,2.94392,2.94392,1830,367,0,1235,0,0,0,0,0,1339,1785.99,0.953667,29.338,168732,12,29433,486,465155,48,117732,1944,32,4,644756,1319142,20632192,5276568,25908760,4,4,12,4,4,4,0,20,20,20260807,5,1,1,1,0,0,0,6639,0.276625,1,0.0015,1
3072,27024.2,7,0,2.37996,4.14675,0,0,0,6.52671,361,361,0,1,2.94392,2.94392,1830,367,0,1235,0,0,0,0,0,1339,1785.99,0.953667,29.338,168732,12,29433,486,465155,48,117732,1944,32,4,644756,1319142,20632192,5276568,25908760,4,4,12,4,4,4,0,20,20,20260807,5,1,1,1,0,0,0,6639,0.276625,1,0.0015,0
3073,27034.1,10,0,2.14492,7.67363,0,0,0,9.81854,361,361,0,1,2.94392,2.94392,1830,367,0,1235,0,0,0,0,0,1339,1785.99,0.953667,29.338,168732,12,29433,486,465155,48,117732,1944,32,4,644756,1319142,20632192,5276568,25908760,4,4,12,4,4,4,0,20,20,20260807,5,1,1,1,0,0,0,6639,0.276625,1,0.0015,0
3074,27041.2,7,0,2.13275,4.9235,0,0,0,7.05625,361,361,0,1,2.94392,2.94392,1830,367,0,1235,0,0,0,0,0,1339,1785.99,0.953667,29.338,168732,12,29433,486,465155,48,117732,1944,32,4,644756,1319142,20632192,5276568,25908760,4,4,12,4,4,4,0,20,20,20260807,5,1,1,1,0,0,0,6639,0.276625,1,0.0015,0
3075,27050.7,10,0,2.18788,7.21433,0,0,0,9.40221,361,361,0,1,2.94392,2.94392,1830,367,0,1235,0,0,0,0,0,1339,1785.99,0.953667,29.338,168732,12,29433,486,465155,48,117732,1944,32,4,644756,1319142,20632192,5276568,25908760,4,4,12,4,4,4,0,20,20,20260807,5,1,1,1,0,0,0,6639,0.276625,1,0.0015,0
3076,27057.5,6,0,2.11392,4.56487,0,0,0,6.67879,361,361,0,1,2.94392,2.94392,1830,367,0,1235,0,0,0,0,0,1339,1785.99,0.953667,29.338,168732,12,29433,486,465155,48,117732,1944,32,4,644756,1319142,20632192,5276568,25908760,4,4,12,4,4,4,0,20,20,20260807,5,1,1,1,0,0,0,6639,0.276625,1,0.0015,0
3077,27067.5,10,0,2.10133,7.81837,0,0,0,9.91971,361,361,0,1,2.94392,2.94392,1830,367,0,1235,0,0,0,0,0,1339,1785.99,0.953667,29.338,168732,12,29433,486,465155,48,117732,1944,32,4,644756,1319142,20632192,5276568,25908760,4,4,12,4,4,4,0,20,20,20260807,5,1,1,1,0,0,0,6640,0.276667,1,0.0015,1
3078,27073.5,6,0,2.21846,3.76454,0,0,0,5.983,361,361,0,1,2.94392,2.94392,1830,367,0,1235,0,0,0,0,0,1339,1785.99,0.953667,29.338,168732,12,29433,486,465155,48,117732,1944,32,4,644756,1319142,20632192,5276568,25908760,4,4,12,4,4,4,0,20,20,20260807,5,1,1,1,0,0,0,6640,0.276667,1,0.0015,0
3079,27084.1,11,0,2.26729,8.04671,0,0,0,10.314,361,361,0,1,2.94392,2.94392,1830,367,0,1235,0,0,0,0,0,1339,1785.99,0.953667,29.338,168732,12,29433,486,465155,48,117732,1944,32,4,644756,1319142,20632192,5276568,25908760,4,4,12,4,4,4,0,20,20,20260807,5,1,1,1,0,0,0,6640,0.276667,1,0.0015,0
3080,27090.7,7,0,2.33471,4.16596,0,0,0,6.50067,361,361,0,1,2.94392,2.94392,1830,367,0,1235,0,0,0,0,0,1339,1785.99,0.953667,29.338,168732,12,29433,486,465155,48,117732,1944,32,4,644756,1319142,20632192,5276568,25908760,4,4,12,4,4,4,0,20,20,20260807,5,1,1,1,0,0,0,6640,0.276667,1,0.0015,0
3081,27100.9,10,0,2.20288,7.90604,0,0,0,10.1089,361,361,0,1,2.94392,2.94392,1830,367,0,1235,0,0,0,0,0,1339,1785.99,0.953667,29.338,168732,12,29433,486,465155,48,117732,1944,32,4,644756,1319142,20632192,5276568,25908760,4,4,12,4,4,4,0,20,20,20260807,5,1,1,1,0,0,0,6640,0.276667,1,0.0015,0
3082,27107.1,6,0,2.24633,3.90783,0,0,0,6.15417,361,361,0,1,2.94392,2.94392,1830,367,0,1235,0,0,0,0,0,1339,1785.99,0.953667,29.338,168732,12,29433,486,465155,48,117732,1944,32,4,644756,1319142,20632192,5276568,25908760,4,4,12,4,4,4,0,20,20,20260807,5,1,1,1,0,0,0,6640,0.276667,1,0.0015,0
3083,27117.6,10,0,2.40292,7.94088,0,0,0,10.3438,361,361,0,1,2.94392,2.94392,1830,367,0,1235,0,0,0,0,0,1339,1785.99,0.953667,29.338,168732,12,29433,486,465155,48,117732,1944,32,4,644756,1319142,20632192,5276568,25908760,4,4,12,4,4,4,0,20,20,20260807,5,1,1,1,0,0,0,6641,0.276708,1,0.0015,1
3084,27123.7,7,0,2.20142,3.86525,0,0,0,6.06667,361,361,0,1,2.94392,2.94392,1830,367,0,1235,0,0,0,0,0,1339,1785.99,0.953667,29.338,168732,12,29433,486,465155,48,117732,1944,32,4,644756,1319142,20632192,5276568,25908760,4,4,12,4,4,4,0,20,20,20260807,5,1,1,1,0,0,0,6641,0.276708,1,0.0015,0
3085,27134,10,0,2.13246,8.11679,0,0,0,10.2492,361,361,0,1,2.94392,2.94392,1830,367,0,1235,0,0,0,0,0,1339,1785.99,0.953667,29.338,168732,12,29433,486,465155,48,117732,1944,32,4,644756,1319142,20632192,5276568,25908760,4,4,12,4,4,4,0,20,20,20260807,5,1,1,1,0,0,0,6641,0.276708,1,0.0015,0
3086,27140.3,6,0,2.13338,4.04962,0,0,0,6.183,361,361,0,1,2.94392,2.94392,1830,367,0,1235,0,0,0,0,0,1339,1785.99,0.953667,29.338,168732,12,29433,486,465155,48,117732,1944,32,4,644756,1319142,20632192,5276568,25908760,4,4,12,4,4,4,0,20,20,20260807,5,1,1,1,0,0,0,6641,0.276708,1,0.0015,0
3087,27150.8,11,0,2.16742,8.24596,0,0,0,10.4134,361,361,0,1,2.94392,2.94392,1830,367,0,1235,0,0,0,0,0,1339,1785.99,0.953667,29.338,168732,12,29433,486,465155,48,117732,1944,32,4,644756,1319142,20632192,5276568,25908760,4,4,12,4,4,4,0,20,20,20260807,5,1,1,1,0,0,0,6641,0.276708,1,0.0015,0
3088,27157,6,0,2.11863,4.00854,0,0,0,6.12717,361,361,0,1,2.94392,2.94392,1830,367,0,1235,0,0,0,0,0,1339,1785.99,0.953667,29.338,168732,12,29433,486,465155,48,117732,1944,32,4,644756,1319142,20632192,5276568,25908760,4,4,12,4,4,4,0,20,20,20260807,5,1,1,1,0,0,0,6641,0.276708,1,0.0015,0
3089,27167.9,11,0,2.25671,8.5775,0,0,0,10.8342,361,361,0,1,2.94392,2.94392,1830,367,0,1235,0,0,0,0,0,1339,1785.99,0.953667,29.338,168732,12,29433,486,465155,48,117732,1944,32,4,644756,1319142,20632192,5276568,25908760,4,4,12,4,4,4,0,20,20,20260807,5,1,1,1,0,0,0,6642,0.27675,1,0.0015,1
3090,27174.3,6,0,2.29775,3.99646,0,0,0,6.29421,361,361,0,1,2.94392,2.94392,1830,367,0,1235,0,0,0,0,0,1339,1785.99,0.953667,29.338,168732,12,29433,486,465155,48,117732,1944,32,4,644756,1319142,20632192,5276568,25908760,4,4,12,4,4,4,0,20,20,20260807,5,1,1,1,0,0,0,6642,0.27675,1,0.0015,0
3091,27184.1,10,0,2.07554,7.63929,0,0,0,9.71483,361,361,0,1,2.94392,2.94392,1830,367,0,1235,0,0,0,0,0,1339,1785.99,0.953667,29.338,168732,12,29433,486,465155,48,117732,1944,32,4,644756,1319142,20632192,5276568,25908760,4,4,12,4,4,4,0,20,20,20260807,5,1,1,1,0,0,0,6642,0.27675,1,0.0015,0
3092,27189.7,6,0,2.19946,3.34217,0,0,0,5.54162,361,361,0,1,2.94392,2.94392,1830,367,0,1235,0,0,0,0,0,1339,1785.99,0.953667,29.338,168732,12,29433,486,465155,48,117732,1944,32,4,644756,1319142,20632192,5276568,25908760,4,4,12,4,4,4,0,20,20,20260807,5,1,1,1,0,0,0,6642,0.27675,1,0.0015,0
3093,27200.9,11,0,2.30808,8.75025,0,0,0,11.0583,361,361,0,1,2.94392,2.94392,1830,367,0,1235,0,0,0,0,0,1339,1785.99,0.953667,29.338,168732,12,29433,486,465155,48,117732,1944,32,4,644756,1319142,20632192,5276568,25908760,4,4,12,4,4,4,0,20,20,20260807,5,1,1,1,0,0,0,6642,0.27675,1,0.0015,0
3094,27206,5,0,2.14971,2.87346,0,0,0,5.02317,361,361,0,1,2.94392,2.94392,1830,367,0,1235,0,0,0,0,0,1339,1785.99,0.953667,29.338,168732,12,29433,486,465155,48,117732,1944,32,4,644756,1319142,20632192,5276568,25908760,4,4,12,4,4,4,0,20,20,20260807,5,1,1,1,0,0,0,6642,0.27675,1,0.0015,0
3095,27217.5,11,0,2.10096,9.38867,0,0,0,11.4896,361,361,0,1,2.94392,2.94392,1830,367,0,1235,0,0,0,0,0,1339,1785.99,0.953667,29.338,168732,12,29433,486,465155,48,117732,1944,32,4,644756,1319142,20632192,5276568,25908760,4,4,12,4,4,4,0,20,20,20260807,5,1,1,1,0,0,0,6643,0.276792,1,0.0015,1
3096,27223.2,5,0,2.30029,3.32196,0,0,0,5.62225,361,361,0,1,2.94392,2.94392,1830,367,0,1235,0,0,0,0,0,1339,1785.99,0.953667,29.338,168732,12,29433,486,465155,48,117732,1944,32,4,644756,1319142,20632192,5276568,25908760,4,4,12,4,4,4,0,20,20,20260807,5,1,1,1,0,0,0,6643,0.276792,1,0.0015,0
3097,27234,11,0,5.46083,5.27121,0,0,0,10.732,361,361,0,1,2.94392,2.94392,1830,367,0,1235,0,0,0,0,0,1339,1785.99,0.953667,29.338,168732,12,29433,486,465155,48,117732,1944,32,4,644756,1319142,20632192,5276568,25908760,4,4,12,4,4,4,0,20,20,20260807,5,1,1,1,0,0,0,6643,0.276792,1,0.0015,0
3098,27240.6,6,0,2.09187,4.41421,0,0,0,6.50608,361,361,0,1,2.94392,2.94392,1830,367,0,1235,0,0,0,0,0,1339,1785.99,0.953667,29.338,168732,12,29433,486,465155,48,117732,1944,32,4,644756,1319142,20632192,5276568,25908760,4,4,12,4,4,4,0,20,20,20260807,5,1,1,1,0,0,0,6643,0.276792,1,0.0015,0
3099,27251,11,0,2.18883,8.08875,0,0,0,10.2776,361,361,0,1,2.94392,2.94392,1830,367,0,1235,0,0,0,0,0,1339,1785.99,0.953667,29.338,168732,12,29433,486,465155,48,117732,1944,32,4,644756,1319142,20632192,5276568,25908760,4,4,12,4,4,4,0,20,20,20260807,5,1,1,1,0,0,0,6643,0.276792,1,0.0015,0
3100,27257.1,6,0,2.26117,3.79208,0,0,0,6.05325,361,361,0,1,2.94392,2.94392,1830,367,0,1235,0,0,0,0,0,1339,1785.99,0.953667,29.338,168732,12,29433,486,465155,48,117732,1944,32,4,644756,1319142,20632192,5276568,25908760,4,4,12,4,4,4,0,20,20,20260807,5,1,1,1,0,0,0,6643,0.276792,1,0.0015,0
3101,27267.5,10,0,2.142,8.1225,0,0,0,10.2645,361,361,0,1,2.94392,2.94392,1830,367,0,1235,0,0,0,0,0,1339,1785.99,0.953667,29.338,168732,12,29433,486,465155,48,117732,1944,32,4,644756,1319142,20632192,5276568,25908760,4,4,12,4,4,4,0,20,20,20260807,5,1,1,1,0,0,0,6644,0.276833,1,0.0015,1
3102,27274,7,0,2.18783,4.24833,0,0,0,6.43617,361,361,0,1,2.94392,2.94392,1830,367,0,1235,0,0,0,0,0,1339,1785.99,0.953667,29.338,168732,12,29433,486,465155,48,117732,1944,32,4,644756,1319142,20632192,5276568,25908760,4,4,12,4,4,4,0,20,20,20260807,5,1,1,1,0,0,0,6644,0.276833,1,0.0015,0
3103,27284.2,10,0,2.1465,7.93729,0,0,0,10.0838,361,361,0,1,2.94392,2.94392,1830,367,0,1235,0,0,0,0,0,1339,1785.99,0.953667,29.338,168732,12,29433,486,465155,48,117732,1944,32,4,644756,1319142,20632192,5276568,25908760,4,4,12,4,4,4,0,20,20,20260807,5,1,1,1,0,0,0,6644,0.276833,1,0.0015,0
3104,27291,7,0,2.16658,4.58558,0,0,0,6.75217,361,361,0,1,2.94392,2.94392,1830,367,0,1235,0,0,0,0,0,1339,1785.99,0.953667,29.338,168732,12,29433,486,465155,48,117732,1944,32,4,644756,1319142,20632192,5276568,25908760,4,4,12,4,4,4,0,20,20,20260807,5,1,1,1,0,0,0,6644,0.276833,1,0.0015,0
3105,27300.7,10,0,2.048,7.58362,0,0,0,9.63162,361,361,0,1,2.94392,2.94392,1830,367,0,1235,0,0,0,0,0,1339,1785.99,0.953667,29.338,168732,12,29433,486,465155,48,117732,1944,32,4,644756,1319142,20632192,5276568,25908760,4,4,12,4,4,4,0,20,20,20260807,5,1,1,1,0,0,0,6644,0.276833,1,0.0015,0
3106,27315.1,14,0,2.12862,12.1782,0,0,0,14.3068,361,361,0,1,2.94392,2.94392,1830,367,0,1235,0,0,0,0,0,1339,1785.99,0.953667,29.338,168732,12,29433,486,465155,48,117732,1944,32,4,644756,1319142,20632192,5276568,25908760,4,4,12,4,4,4,0,20,20,20260807,5,1,1,1,0,0,0,6644,0.276833,1,0.0015,0
3107,27323.9,9,0,2.27246,6.43275,0,0,0,8.70521,361,361,0,1,2.94392,2.94392,1830,367,0,1235,0,0,0,0,0,1339,1785.99,0.953667,29.338,168732,12,29433,486,465155,48,117732,1944,32,4,644756,1319142,20632192,5276568,25908760,4,4,12,4,4,4,0,20,20,20260807,5,1,1,1,0,0,0,6645,0.276875,1,0.0015,1
3108,27334.1,10,0,2.19296,7.96058,0,0,0,10.1535,361,361,0,1,2.94392,2.94392,1830,367,0,1235,0,0,0,0,0,1339,1785.99,0.953667,29.338,168732,12,29433,486,465155,48,117732,1944,32,4,644756,1319142,20632192,5276568,25908760,4,4,12,4,4,4,0,20,20,20260807,5,1,1,1,0,0,0,6645,0.276875,1,0.0015,0
3109,27341.1,7,0,2.32138,4.61408,0,0,0,6.93546,361,361,0,1,2.94392,2.94392,1830,367,0,1235,0,0,0,0,0,1339,1785.99,0.953667,29.338,168732,12,29433,486,465155,48,117732,1944,32,4,644756,1319142,20632192,5276568,25908760,4,4,12,4,4,4,0,20,20,20260807,5,1,1,1,0,0,0,6645,0.276875,1,0.0015,0
3110,27350.9,10,0,2.19396,7.45225,0,0,0,9.64621,361,361,0,1,2.94392,2.94392,1830,367,0,1235,0,0,0,0,0,1339,1785.99,0.953667,29.338,168732,12,29433,486,465155,48,117732,1944,32,4,644756,1319142,20632192,5276568,25908760,4,4,12,4,4,4,0,20,20,20260807,5,1,1,1,0,0,0,6645,0.276875,1,0.0015,0
3111,27357,6,0,2.20508,3.79296,0,0,0,5.99804,361,361,0,1,2.94392,2.94392,1830,367,0,1235,0,0,0,0,0,1339,1785.99,0.953667,29.338,168732,12,29433,486,465155,48,117732,1944,32,4,644756,1319142,20632192,5276568,25908760,4,4,12,4,4,4,0,20,20,20260807,5,1,1,1,0,0,0,6645,0.276875,1,0.0015,0
3112,27367.4,10,0,2.19792,8.161,0,0,0,10.3589,361,361,0,1,2.94392,2.94392,1830,367,0,1235,0,0,0,0,0,1339,1785.99,0.953667,29.338,168732,12,29433,486,465155,48,117732,1944,32,4,644756,1319142,20632192,5276568,25908760,4,4,12,4,4,4,0,20,20,20260807,5,1,1,1,0,0,0,6646,0.276917,1,0.0015,1
3113,27373.5,6,0,2.12538,3.93429,0,0,0,6.05967,361,361,0,1,2.94392,2.94392,1830,367,0,1235,0,0,0,0,0,1339,1785.99,0.953667,29.338,168732,12,29433,486,465155,48,117732,1944,32,4,644756,1319142,20632192,5276568,25908760,4,4,12,4,4,4,0,20,20,20260807,5,1,1,1,0,0,0,6646,0.276917,1,0.0015,0
3114,27384.2,11,0,2.15275,8.4535,0,0,0,10.6062,361,361,0,1,2.94392,2.94392,1830,367,0,1235,0,0,0,0,0,1339,1785.99,0.953667,29.338,168732,12,29433,486,465155,48,117732,1944,32,4,644756,1319142,20632192,5276568,25908760,4,4,12,4,4,4,0,20,20,20260807,5,1,1,1,0,0,0,6646,0.276917,1,0.0015,0
3115,27390.1,6,0,2.09917,3.66438,0,0,0,5.76354,361,361,0,1,2.94392,2.94392,1830,367,0,1235,0,0,0,0,0,1339,1785.99,0.953667,29.338,168732,12,29433,486,465155,48,117732,1944,32,4,644756,1319142,20632192,5276568,25908760,4,4,12,4,4,4,0,20,20,20260807,5,1,1,1,0,0,0,6646,0.276917,1,0.0015,0
3116,27400.7,11,0,2.10487,8.41383,0,0,0,10.5187,361,361,0,1,2.94392,2.94392,1830,367,0,1235,0,0,0,0,0,1339,1785.99,0.953667,29.338,168732,12,29433,486,465155,48,117732,1944,32,4,644756,1319142,20632192,5276568,25908760,4,4,12,4,4,4,0,20,20,20260807,5,1,1,1,0,0,0,6646,0.276917,1,0.0015,0
3117,27406.8,6,0,2.13925,3.94563,0,0,0,6.08488,361,361,0,1,2.94392,2.94392,1830,367,0,1235,0,0,0,0,0,1339,1785.99,0.953667,29.338,168732,12,29433,486,465155,48,117732,1944,32,4,644756,1319142,20632192,5276568,25908760,4,4,12,4,4,4,0,20,20,20260807,5,1,1,1,0,0,0,6646,0.276917,1,0.0015,0
3118,27417.6,10,0,2.31279,8.32383,0,0,0,10.6366,361,361,0,1,2.94392,2.94392,1830,367,0,1235,0,0,0,0,0,1339,1785.99,0.953667,29.338,168732,12,29433,486,465155,48,117732,1944,32,4,644756,1319142,20632192,5276568,25908760,4,4,12,4,4,4,0,20,20,20260807,5,1,1,1,0,0,0,6647,0.276958,1,0.0015,1
3119,27423.7,7,0,2.15854,3.89487,0,0,0,6.05342,361,361,0,1,2.94392,2.94392,1830,367,0,1235,0,0,0,0,0,1339,1785.99,0.953667,29.338,168732,12,29433,486,465155,48,117732,1944,32,4,644756,1319142,20632192,5276568,25908760,4,4,12,4,4,4,0,20,20,20260807,5,1,1,1,0,0,0,6647,0.276958,1,0.0015,0
3120,27434.3,10,0,2.17787,8.31467,0,0,0,10.4925,361,361,0,1,2.94392,2.94392,1830,367,0,1235,0,0,0,0,0,1339,1785.99,0.953667,29.338,168732,12,29433,486,465155,48,117732,1944,32,4,644756,1319142,20632192,5276568,25908760,4,4,12,4,4,4,0,20,20,20260807,5,1,1,1,0,0,0,6647,0.276958,1,0.0015,0
3121,27443.7,10,0,2.12875,7.25946,0,0,0,9.38821,361,361,0,1,2.94392,2.94392,1830,367,0,1235,0,0,0,0,0,1339,1785.99,0.953667,29.338,168732,12,29433,486,465155,48,117732,1944,32,4,644756,1319142,20632192,5276568,25908760,4,4,12,4,4,4,0,20,20,20260807,5,1,1,1,0,0,0,6647,0.276958,1,0.0015,0
3122,27451.2,7,0,2.07321,5.32817,0,0,0,7.40137,361,361,0,1,2.94392,2.94392,1830,367,0,1235,0,0,0,0,0,1339,1785.99,0.953667,29.338,168732,12,29433,486,465155,48,117732,1944,32,4,644756,1319142,20632192,5276568,25908760,4,4,12,4,4,4,0,20,20,20260807,5,1,1,1,0,0,0,6647,0.276958,1,0.0015,0
3123,27457,6,0,2.44083,3.26238,0,0,0,5.70321,361,361,0,1,2.94392,2.94392,1830,367,0,1235,0,0,0,0,0,1339,1785.99,0.953667,29.338,168732,12,29433,486,465155,48,117732,1944,32,4,644756,1319142,20632192,5276568,25908760,4,4,12,4,4,4,0,20,20,20260807,5,1,1,1,0,0,0,6647,0.276958,1,0.0015,0
3124,27467.9,11,0,2.61354,8.20596,0,0,0,10.8195,361,361,0,1,2.94392,2.94392,1830,367,0,1235,0,0,0,0,0,1339,1785.99,0.953667,29.338,168732,12,29433,486,465155,48,117732,1944,32,4,644756,1319142,20632192,5276568,25908760,4,4,12,4,4,4,0,20,20,20260807,5,1,1,1,0,0,0,6648,0.277,1,0.0015,1
3125,27473.4,5,0,2.47975,2.91446,0,0,0,5.39421,361,361,0,1,2.94392,2.94392,1830,367,0,1235,0,0,0,0,0,1339,1785.99,0.953667,29.338,168732,12,29433,486,465155,48,117732,1944,32,4,644756,1319142,20632192,5276568,25908760,4,4,12,4,4,4,0,20,20,20260807,5,1,1,1,0,0,0,6648,0.277,1,0.0015,0
3126,27484.8,12,0,4.24004,7.10637,0,0,0,11.3464,361,361,0,1,2.94392,2.94392,1830,367,0,1235,0,0,0,0,0,1339,1785.99,0.953667,29.338,168732,12,29433,486,465155,48,117732,1944,32,4,644756,1319142,20632192,5276568,25908760,4,4,12,4,4,4,0,20,20,20260807,5,1,1,1,0,0,0,6648,0.277,1,0.0015,0
3127,27490.2,5,0,2.28096,3.01487,0,0,0,5.29583,361,361,0,1,2.94392,2.94392,1830,367,0,1235,0,0,0,0,0,1339,1785.99,0.953667,29.338,168732,12,29433,486,465155,48,117732,1944,32,4,644756,1319142,20632192,5276568,25908760,4,4,12,4,4,4,0,20,20,20260807,5,1,1,1,0,0,0,6648,0.277,1,0.0015,0
3128,27500.8,11,0,2.41054,8.14746,0,0,0,10.558,361,361,0,1,2.94392,2.94392,1830,367,0,1235,0,0,0,0,0,1339,1785.99,0.953667,29.338,168732,12,29433,486,465155,48,117732,1944,32,4,644756,1319142,20632192,5276568,25908760,4,4,12,4,4,4,0,20,20,20260807,5,1,1,1,0,0,0,6648,0.277,1,0.0015,0
3129,27506.1,5,0,2.1905,2.96663,0,0,0,5.15712,361,361,0,1,2.94392,2.94392,1830,367,0,1235,0,0,0,0,0,1339,1785.99,0.953667,29.338,168732,12,29433,486,465155,48,117732,1944,32,4,644756,1319142,20632192,5276568,25908760,4,4,12,4,4,4,0,20,20,20260807,5,1,1,1,0,0,0,6648,0.277,1,0.0015,0
3130,27517.5,11,0,2.28358,9.08108,0,0,0,11.3647,361,361,0,1,2.94392,2.94392,1830,367,0,1235,0,0,0,0,0,1339,1785.99,0.953667,29.338,168732,12,29433,486,465155,48,117732,1944,32,4,644756,1319142,20632192,5276568,25908760,4,4,12,4,4,4,0,20,20,20260807,5,1,1,1,0,0,0,6649,0.277042,1,0.0015,1
3131,27523.7,7,0,2.17679,3.92462,0,0,0,6.10142,361,361,0,1,2.94392,2.94392,1830,367,0,1235,0,0,0,0,0,1339,1785.99,0.953667,29.338,168732,12,29433,486,465155,48,117732,1944,32,4,644756,1319142,20632192,5276568,25908760,4,4,12,4,4,4,0,20,20,20260807,5,1,1,1,0,0,0,6649,0.277042,1,0.0015,0
3132,27534.1,10,0,2.17571,8.1275,0,0,0,10.3032,361,361,0,1,2.94392,2.94392,1830,367,0,1235,0,0,0,0,0,1339,1785.99,0.953667,29.338,168732,12,29433,486,465155,48,117732,1944,32,4,644756,1319142,20632192,5276568,25908760,4,4,12,4,4,4,0,20,20,20260807,5,1,1,1,0,0,0,6649,0.277042,1,0.0015,0
3133,27540.2,6,0,2.01025,4.01392,0,0,0,6.02417,361,361,0,1,2.94392,2.94392,1830,367,0,1235,0,0,0,0,0,1339,1785.99,0.953667,29.338,168732,12,29433,486,465155,48,117732,1944,32,4,644756,1319142,20632192,5276568,25908760,4,4,12,4,4,4,0,20,20,20260807,5,1,1,1,0,0,0,6649,0.277042,1,0.0015,0
3134,27550.8,11,0,2.358,8.20317,0,0,0,10.5612,361,361,0,1,2.94392,2.94392,1830,367,0,1235,0,0,0,0,0,1339,1785.99,0.953667,29.338,168732,12,29433,486,465155,48,117732,1944,32,4,644756,1319142,20632192,5276568,25908760,4,4,12,4,4,4,0,20,20,20260807,5,1,1,1,0,0,0,6649,0.277042,1,0.0015,0
3135,27557,6,0,2.1985,3.90204,0,0,0,6.10054,361,361,0,1,2.94392,2.94392,1830,367,0,1235,0,0,0,0,0,1339,1785.99,0.953667,29.338,168732,12,29433,486,465155,48,117732,1944,32,4,644756,1319142,20632192,5276568,25908760,4,4,12,4,4,4,0,20,20,20260807,5,1,1,1,0,0,0,6649,0.277042,1,0.0015,0
3136,27567.6,10,0,2.13504,8.33742,0,0,0,10.4725,361,361,0,1,2.94392,2.94392,1830,367,0,1235,0,0,0,0,0,1339,1785.99,0.953667,29.338,168732,12,29433,486,465155,48,117732,1944,32,4,644756,1319142,20632192,5276568,25908760,4,4,12,4,4,4,0,20,20,20260807,5,1,1,1,0,0,0,6650,0.277083,1,0.0015,1
3137,27573.4,6,0,2.15275,3.59413,0,0,0,5.74688,361,361,0,1,2.94392,2.94392,1830,367,0,1235,0,0,0,0,0,1339,1785.99,0.953667,29.338,168732,12,29433,486,465155,48,117732,1944,32,4,644756,1319142,20632192,5276568,25908760,4,4,12,4,4,4,0,20,20,20260807,5,1,1,1,0,0,0,6650,0.277083,1,0.0015,0
3138,27584.1,11,0,2.16267,8.48625,0,0,0,10.6489,361,361,0,1,2.94392,2.94392,1830,367,0,1235,0,0,0,0,0,1339,1785.99,0.953667,29.338,168732,12,29433,486,465155,48,117732,1944,32,4,644756,1319142,20632192,5276568,25908760,4,4,12,4,4,4,0,20,20,20260807,5,1,1,1,0,0,0,6650,0.277083,1,0.0015,0
3139,27589.9,6,0,2.18692,3.55,0,0,0,5.73692,361,361,0,1,2.94392,2.94392,1830,367,0,1235,0,0,0,0,0,1339,1785.99,0.953667,29.338,168732,12,29433,486,465155,48,117732,1944,32,4,644756,1319142,20632192,5276568,25908760,4,4,12,4,4,4,0,20,20,20260807,5,1,1,1,0,0,0,6650,0.277083,1,0.0015,0
3140,27600.9,11,0,2.62554,8.24217,0,0,0,10.8677,361,361,0,1,2.94392,2.94392,1830,367,0,1235,0,0,0,0,0,1339,1785.99,0.953667,29.338,168732,12,29433,486,465155,48,117732,1944,32,4,644756,1319142,20632192,5276568,25908760,4,4,12,4,4,4,0,20,20,20260807,5,1,1,1,0,0,0,6650,0.277083,1,0.0015,0
3141,27607.4,6,0,2.10983,4.32546,0,0,0,6.43529,361,361,0,1,2.94392,2.94392,1830,367,0,1235,0,0,0,0,0,1339,1785.99,0.953667,29.338,168732,12,29433,486,465155,48,117732,1944,32,4,644756,1319142,20632192,5276568,25908760,4,4,12,4,4,4,0,20,20,20260807,5,1,1,1,0,0,0,6650,0.277083,1,0.0015,0
3142,27617.4,10,0,2.16529,7.78108,0,0,0,9.94637,361,361,0,1,2.94392,2.94392,1830,367,0,1235,0,0,0,0,0,1339,1785.99,0.953667,29.338,168732,12,29433,486,465155,48,117732,1944,32,4,644756,1319142,20632192,5276568,25908760,4,4,12,4,4,4,0,20,20,20260807,5,1,1,1,0,0,0,6651,0.277125,1,0.0015,1
3143,27623.6,6,0,2.15442,3.98829,0,0,0,6.14271,361,361,0,1,2.94392,2.94392,1830,367,0,1235,0,0,0,0,0,1339,1785.99,0.953667,29.338,168732,12,29433,486,465155,48,117732,1944,32,4,644756,1319142,20632192,5276568,25908760,4,4,12,4,4,4,0,20,20,20260807,5,1,1,1,0,0,0,6651,0.277125,1,0.0015,0
3144,27634.1,11,0,2.143,8.26262,0,0,0,10.4056,361,361,0,1,2.94392,2.94392,1830,367,0,1235,0,0,0,0,0,1339,1785.99,0.953667,29.338,168732,12,29433,486,465155,48,117732,1944,32,4,644756,1319142,20632192,5276568,25908760,4,4,12,4,4,4,0,20,20,20260807,5,1,1,1,0,0,0,6651,0.277125,1,0.0015,0
3145,27640.6,6,0,2.11179,4.25575,0,0,0,6.36754,361,361,0,1,2.94392,2.94392,1830,367,0,1235,0,0,0,0,0,1339,1785.99,0.953667,29.338,168732,12,29433,486,465155,48,117732,1944,32,4,644756,1319142,20632192,5276568,25908760,4,4,12,4,4,4,0,20,20,20260807,5,1,1,1,0,0,0,6651,0.277125,1,0.0015,0
3146,27651,11,0,2.07779,8.29583,0,0,0,10.3736,361,361,0,1,2.94392,2.94392,1830,367,0,1235,0,0,0,0,0,1339,1785.99,0.953667,29.338,168732,12,29433,486,465155,48,117732,1944,32,4,644756,1319142,20632192,5276568,25908760,4,4,12,4,4,4,0,20,20,20260807,5,1,1,1,0,0,0,6651,0.277125,1,0.0015,0
3147,27657.4,6,0,2.10233,4.12625,0,0,0,6.22858,361,361,0,1,2.94392,2.94392,1830,367,0,1235,0,0,0,0,0,1339,1785.99,0.953667,29.338,168732,12,29433,486,465155,48,117732,1944,32,4,644756,1319142,20632192,5276568,25908760,4,4,12,4,4,4,0,20,20,20260807,5,1,1,1,0,0,0,6651,0.277125,1,0.0015,0
3148,27667.7,12,0,2.00442,8.27104,0,0,0,10.2755,361,361,0,1,2.94392,2.94392,1830,367,0,1235,0,0,0,0,0,1339,1785.99,0.953667,29.338,168732,12,29433,486,465155,48,117732,1944,32,4,644756,1319142,20632192,5276568,25908760,4,4,12,4,4,4,0,20,20,20260807,5,1,1,1,0,0,0,6652,0.277167,1,0.0015,1
3149,27673.6,5,0,2.24638,3.54892,0,0,0,5.79529,361,361,0,1,2.94392,2.94392,1830,367,0,1235,0,0,0,0,0,1339,1785.99,0.953667,29.338,168732,12,29433,486,465155,48,117732,1944,32,4,644756,1319142,20632192,5276568,25908760,4,4,12,4,4,4,0,20,20,20260807,5,1,1,1,0,0,0,6652,0.277167,1,0.0015,0
3150,27685,12,0,2.17804,8.9585,0,0,0,11.1365,361,361,0,1,2.94392,2.94392,1830,367,0,1235,0,0,0,0,0,1339,1785.99,0.953667,29.338,168732,12,29433,486,465155,48,117732,1944,32,4,644756,1319142,20632192,5276568,25908760,4,4,12,4,4,4,0,20,20,20260807,5,1,1,1,0,0,0,6652,0.277167,1,0.0015,0
3151,27690.5,5,0,2.11229,3.30563,0,0,0,5.41792,361,361,0,1,2.94392,2.94392,1830,367,0,1235,0,0,0,0,0,1339,1785.99,0.953667,29.338,168732,12,29433,486,465155,48,117732,1944,32,4,644756,1319142,20632192,5276568,25908760,4,4,12,4,4,4,0,20,20,20260807,5,1,1,1,0,0,0,6652,0.277167,1,0.0015,0
3152,27700.8,11,0,2.22767,8.02,0,0,0,10.2477,361,361,0,1,2.94392,2.94392,1830,367,0,1235,0,0,0,0,0,1339,1785.99,0.953667,29.338,168732,12,29433,486,465155,48,117732,1944,32,4,644756,1319142,20632192,5276568,25908760,4,4,12,4,4,4,0,20,20,20260807,5,1,1,1,0,0,0,6652,0.277167,1,0.0015,0
3153,27706.9,6,0,2.26375,3.73996,0,0,0,6.00371,361,361,0,1,2.94392,2.94392,1830,367,0,1235,0,0,0,0,0,1339,1785.99,0.953667,29.338,168732,12,29433,486,465155,48,117732,1944,32,4,644756,1319142,20632192,5276568,25908760,4,4,12,4,4,4,0,20,20,20260807,5,1,1,1,0,0,0,6652,0.277167,1,0.0015,0
3154,27717.4,10,0,2.45883,8.02313,0,0,0,10.482,361,361,0,1,2.94392,2.94392,1830,367,0,1235,0,0,0,0,0,1339,1785.99,0.953667,29.338,168732,12,29433,486,465155,48,117732,1944,32,4,644756,1319142,20632192,5276568,25908760,4,4,12,4,4,4,0,20,20,20260807,5,1,1,1,0,0,0,6653,0.277208,1,0.0015,1
3155,27723,6,0,2.14229,3.33508,0,0,0,5.47738,361,361,0,1,2.94392,2.94392,1830,367,0,1235,0,0,0,0,0,1339,1785.99,0.953667,29.338,168732,12,29433,486,465155,48,117732,1944,32,4,644756,1319142,20632192,5276568,25908760,4,4,12,4,4,4,0,20,20,20260807,5,1,1,1,0,0,0,6653,0.277208,1,0.0015,0
3156,27734,11,0,3.92029,7.05521,0,0,0,10.9755,361,361,0,1,2.94392,2.94392,1830,367,0,1235,0,0,0,0,0,1339,1785.99,0.953667,29.338,168732,12,29433,486,465155,48,117732,1944,32,4,644756,1319142,20632192,5276568,25908760,4,4,12,4,4,4,0,20,20,20260807,5,1,1,1,0,0,0,6653,0.277208,1,0.0015,0
3157,27741,7,0,2.20346,4.70654,0,0,0,6.91,361,361,0,1,2.94392,2.94392,1830,367,0,1235,0,0,0,0,0,1339,1785.99,0.953667,29.338,168732,12,29433,486,465155,48,117732,1944,32,4,644756,1319142,20632192,5276568,25908760,4,4,12,4,4,4,0,20,20,20260807,5,1,1,1,0,0,0,6653,0.277208,1,0.0015,0
3158,27750.7,9,0,2.09508,7.4505,0,0,0,9.54558,361,361,0,1,2.94392,2.94392,1830,367,0,1235,0,0,0,0,0,1339,1785.99,0.953667,29.338,168732,12,29433,486,465155,48,117732,1944,32,4,644756,1319142,20632192,5276568,25908760,4,4,12,4,4,4,0,20,20,20260807,5,1,1,1,0,0,0,6653,0.277208,1,0.0015,0
3159,27756.7,7,0,2.10671,3.85879,0,0,0,5.9655,361,361,0,1,2.94392,2.94392,1830,367,0,1235,0,0,0,0,0,1339,1785.99,0.953667,29.338,168732,12,29433,486,465155,48,117732,1944,32,4,644756,1319142,20632192,5276568,25908760,4,4,12,4,4,4,0,20,20,20260807,5,1,1,1,0,0,0,6653,0.277208,1,0.0015,0
3160,27767.5,10,0,2.16817,8.53133,0,0,0,10.6995,361,361,0,1,2.94392,2.94392,1830,367,0,1235,0,0,0,0,0,1339,1785.99,0.953667,29.338,168732,12,29433,486,465155,48,117732,1944,32,4,644756,1319142,20632192,5276568,25908760,4,4,12,4,4,4,0,20,20,20260807,5,1,1,1,0,0,0,6654,0.27725,1,0.0015,1
3161,27773.4,6,0,2.22675,3.5695,0,0,0,5.79625,361,361,0,1,2.94392,2.94392,1830,367,0,1235,0,0,0,0,0,1339,1785.99,0.953667,29.338,168732,12,29433,486,465155,48,117732,1944,32,4,644756,1319142,20632192,5276568,25908760,4,4,12,4,4,4,0,20,20,20260807,5,1,1,1,0,0,0,6654,0.27725,1,0.0015,0
3162,27784.2,11,0,2.15621,8.58883,0,0,0,10.745,361,361,0,1,2.94392,2.94392,1830,367,0,1235,0,0,0,0,0,1339,1785.99,0.953667,29.338,168732,12,29433,486,465155,48,117732,1944,32,4,644756,1319142,20632192,5276568,25908760,4,4,12,4,4,4,0,20,20,20260807,5,1,1,1,0,0,0,6654,0.27725,1,0.0015,0
3163,27790.2,6,0,2.17946,3.71842,0,0,0,5.89787,361,361,0,1,2.94392,2.94392,1830,367,0,1235,0,0,0,0,0,1339,1785.99,0.953667,29.338,168732,12,29433,486,465155,48,117732,1944,32,4,644756,1319142,20632192,5276568,25908760,4,4,12,4,4,4,0,20,20,20260807,5,1,1,1,0,0,0,6654,0.27725,1,0.0015,0
3164,27800.9,11,0,2.3315,8.29892,0,0,0,10.6304,361,361,0,1,2.94392,2.94392,1830,367,0,1235,0,0,0,0,0,1339,1785.99,0.953667,29.338,168732,12,29433,486,465155,48,117732,1944,32,4,644756,1319142,20632192,5276568,25908760,4,4,12,4,4,4,0,20,20,20260807,5,1,1,1,0,0,0,6654,0.27725,1,0.0015,0
3165,27808.6,7,0,2.17317,5.39767,0,0,0,7.57083,361,361,0,1,2.94392,2.94392,1830,367,0,1235,0,0,0,0,0,1339,1785.99,0.953667,29.338,168732,12,29433,486,465155,48,117732,1944,32,4,644756,1319142,20632192,5276568,25908760,4,4,12,4,4,4,0,20,20,20260807,5,1,1,1,0,0,0,6654,0.27725,1,0.0015,0
3166,27817.6,9,0,2.03558,6.915,0,0,0,8.95058,361,361,0,1,2.94392,2.94392,1830,367,0,1235,0,0,0,0,0,1339,1785.99,0.953667,29.338,168732,12,29433,486,465155,48,117732,1944,32,4,644756,1319142,20632192,5276568,25908760,4,4,12,4,4,4,0,20,20,20260807,5,1,1,1,0,0,0,6655,0.277292,1,0.0015,1
3167,27824,7,0,2.33008,4.01721,0,0,0,6.34729,361,361,0,1,2.94392,2.94392,1830,367,0,1235,0,0,0,0,0,1339,1785.99,0.953667,29.338,168732,12,29433,486,465155,48,117732,1944,32,4,644756,1319142,20632192,5276568,25908760,4,4,12,4,4,4,0,20,20,20260807,5,1,1,1,0,0,0,6655,0.277292,1,0.0015,0
3168,27834.2,10,0,2.16254,7.93867,0,0,0,10.1012,361,361,0,1,2.94392,2.94392,1830,367,0,1235,0,0,0,0,0,1339,1785.99,0.953667,29.338,168732,12,29433,486,465155,48,117732,1944,32,4,644756,1319142,20632192,5276568,25908760,4,4,12,4,4,4,0,20,20,20260807,5,1,1,1,0,0,0,6655,0.277292,1,0.0015,0
3169,27840.7,7,0,2.28221,4.11671,0,0,0,6.39892,361,361,0,1,2.94392,2.94392,1830,367,0,1235,0,0,0,0,0,1339,1785.99,0.953667,29.338,168732,12,29433,486,465155,48,117732,1944,32,4,644756,1319142,20632192,5276568,25908760,4,4,12,4,4,4,0,20,20,20260807,5,1,1,1,0,0,0,6655,0.277292,1,0.0015,0
3170,27850.9,10,0,2.24554,7.85242,0,0,0,10.098,361,361,0,1,2.94392,2.94392,1830,367,0,1235,0,0,0,0,0,1339,1785.99,0.953667,29.338,168732,12,29433,486,465155,48,117732,1944,32,4,644756,1319142,20632192,5276568,25908760,4,4,12,4,4,4,0,20,20,20260807,5,1,1,1,0,0,0,6655,0.277292,1,0.0015,0
3171,27857.4,6,0,2.21563,4.24054,0,0,0,6.45617,361,361,0,1,2.94392,2.94392,1830,367,0,1235,0,0,0,0,0,1339,1785.99,0.953667,29.338,168732,12,29433,486,465155,48,117732,1944,32,4,644756,1319142,20632192,5276568,25908760,4,4,12,4,4,4,0,20,20,20260807,5,1,1,1,0,0,0,6655,0.277292,1,0.0015,0
3172,27867.5,10,0,2.16158,7.89933,0,0,0,10.0609,361,361,0,1,2.94392,2.94392,1830,367,0,1235,0,0,0,0,0,1339,1785.99,0.953667,29.338,168732,12,29433,486,465155,48,117732,1944,32,4,644756,1319142,20632192,5276568,25908760,4,4,12,4,4,4,0,20,20,20260807,5,1,1,1,0,0,0,6656,0.277333,1,0.0015,1
3173,27873.8,7,0,2.247,3.91221,0,0,0,6.15921,361,361,0,1,2.94392,2.94392,1830,367,0,1235,0,0,0,0,0,1339,1785.99,0.953667,29.338,168732,12,29433,486,465155,48,117732,1944,32,4,644756,1319142,20632192,5276568,25908760,4,4,12,4,4,4,0,20,20,20260807,5,1,1,1,0,0,0,6656,0.277333,1,0.0015,0
3174,27884.1,10,0,2.07583,8.17346,0,0,0,10.2493,361,361,0,1,2.94392,2.94392,1830,367,0,1235,0,0,0,0,0,1339,1785.99,0.953667,29.338,168732,12,29433,486,465155,48,117732,1944,32,4,644756,1319142,20632192,5276568,25908760,4,4,12,4,4,4,0,20,20,20260807,5,1,1,1,0,0,0,6656,0.277333,1,0.0015,0
3175,27890.1,6,0,2.15179,3.69596,0,0,0,5.84775,361,361,0,1,2.94392,2.94392,1830,367,0,1235,0,0,0,0,0,1339,1785.99,0.953667,29.338,168732,12,29433,486,465155,48,117732,1944,32,4,644756,1319142,20632192,5276568,25908760,4,4,12,4,4,4,0,20,20,20260807,5,1,1,1,0,0,0,6656,0.277333,1,0.0015,0
3176,27900.8,11,0,2.19204,8.45304,0,0,0,10.6451,361,361,0,1,2.94392,2.94392,1830,367,0,1235,0,0,0,0,0,1339,1785.99,0.953667,29.338,168732,12,29433,486,465155,48,117732,1944,32,4,644756,1319142,20632192,5276568,25908760,4,4,12,4,4,4,0,20,20,20260807,5,1,1,1,0,0,0,6656,0.277333,1,0.0015,0
3177,27906.8,6,0,2.08617,3.82283,0,0,0,5.909,361,361,0,1,2.94392,2.94392,1830,367,0,1235,0,0,0,0,0,1339,1785.99,0.953667,29.338,168732,12,29433,486,465155,48,117732,1944,32,4,644756,1319142,20632192,5276568,25908760,4,4,12,4,4,4,0,20,20,20260807,5,1,1,1,0,0,0,6656,0.277333,1,0.0015,0
3178,27917.4,10,0,2.14958,8.36171,0,0,0,10.5113,361,361,0,1,2.94392,2.94392,1830,367,0,1235,0,0,0,0,0,1339,1785.99,0.953667,29.338,168732,12,29433,486,465155,48,117732,1944,32,4,644756,1319142,20632192,5276568,25908760,4,4,12,4,4,4,0,20,20,20260807,5,1,1,1,0,0,0,6657,0.277375,1,0.0015,1
3179,27923.4,6,0,2.14829,3.78079,0,0,0,5.92908,361,361,0,1,2.94392,2.94392,1830,367,0,1235,0,0,0,0,0,1339,1785.99,0.953667,29.338,168732,12,29433,486,465155,48,117732,1944,32,4,644756,1319142,20632192,5276568,25908760,4,4,12,4,4,4,0,20,20,20260807,5,1,1,1,0,0,0,6657,0.277375,1,0.0015,0
3180,27934.1,11,0,2.10317,8.56779,0,0,0,10.671,361,361,0,1,2.94392,2.94392,1830,367,0,1235,0,0,0,0,0,1339,1785.99,0.953667,29.338,168732,12,29433,486,465155,48,117732,1944,32,4,644756,1319142,20632192,5276568,25908760,4,4,12,4,4,4,0,20,20,20260807,5,1,1,1,0,0,0,6657,0.277375,1,0.0015,0
3181,27940.1,6,0,2.03658,3.85058,0,0,0,5.88717,361,361,0,1,2.94392,2.94392,1830,367,0,1235,0,0,0,0,0,1339,1785.99,0.953667,29.338,168732,12,29433,486,465155,48,117732,1944,32,4,644756,1319142,20632192,5276568,25908760,4,4,12,4,4,4,0,20,20,20260807,5,1,1,1,0,0,0,6657,0.277375,1,0.0015,0
3182,27951.4,11,0,8.09938,3.17554,0,0,0,11.2749,361,361,0,1,2.94392,2.94392,1830,367,0,1235,0,0,0,0,0,1339,1785.99,0.953667,29.338,168732,12,29433,486,465155,48,117732,1944,32,4,644756,1319142,20632192,5276568,25908760,4,4,12,4,4,4,0,20,20,20260807,5,1,1,1,0,0,0,6657,0.277375,1,0.0015,0
3183,27957.3,6,0,2.14233,3.66412,0,0,0,5.80646,361,361,0,1,2.94392,2.94392,1830,367,0,1235,0,0,0,0,0,1339,1785.99,0.953667,29.338,168732,12,29433,486,465155,48,117732,1944,32,4,644756,1319142,20632192,5276568,25908760,4,4,12,4,4,4,0,20,20,20260807,5,1,1,1,0,0,0,6657,0.277375,1,0.0015,0
3184,27967.4,10,0,2.1405,7.88842,0,0,0,10.0289,361,361,0,1,2.94392,2.94392,1830,367,0,1235,0,0,0,0,0,1339,1785.99,0.953667,29.338,168732,12,29433,486,465155,48,117732,1944,32,4,644756,1319142,20632192,5276568,25908760,4,4,12,4,4,4,0,20,20,20260807,5,1,1,1,0,0,0,6658,0.277417,1,0.0015,1
3185,27973.1,6,0,2.25008,3.36529,0,0,0,5.61538,361,361,0,1,2.94392,2.94392,1830,367,0,1235,0,0,0,0,0,1339,1785.99,0.953667,29.338,168732,12,29433,486,465155,48,117732,1944,32,4,644756,1319142,20632192,5276568,25908760,4,4,12,4,4,4,0,20,20,20260807,5,1,1,1,0,0,0,6658,0.277417,1,0.0015,0
3186,27984.2,11,0,2.17471,8.79087,0,0,0,10.9656,361,361,0,1,2.94392,2.94392,1830,367,0,1235,0,0,0,0,0,1339,1785.99,0.953667,29.338,168732,12,29433,486,465155,48,117732,1944,32,4,644756,1319142,20632192,5276568,25908760,4,4,12,4,4,4,0,20,20,20260807,5,1,1,1,0,0,0,6658,0.277417,1,0.0015,0
3187,27990.2,6,0,2.1785,3.75596,0,0,0,5.93446,361,361,0,1,2.94392,2.94392,1830,367,0,1235,0,0,0,0,0,1339,1785.99,0.953667,29.338,168732,12,29433,486,465155,48,117732,1944,32,4,644756,1319142,20632192,5276568,25908760,4,4,12,4,4,4,0,20,20,20260807,5,1,1,1,0,0,0,6658,0.277417,1,0.0015,0
3188,28000.8,11,0,2.17129,8.35467,0,0,0,10.526,361,361,0,1,2.94392,2.94392,1830,367,0,1235,0,0,0,0,0,1339,1785.99,0.953667,29.338,168732,12,29433,486,465155,48,117732,1944,32,4,644756,1319142,20632192,5276568,25908760,4,4,12,4,4,4,0,20,20,20260807,5,1,1,1,0,0,0,6658,0.277417,1,0.0015,0
3189,28007.1,6,0,2.16579,4.01013,0,0,0,6.17592,361,361,0,1,2.94392,2.94392,1830,367,0,1235,0,0,0,0,0,1339,1785.99,0.953667,29.338,168732,12,29433,486,465155,48,117732,1944,32,4,644756,1319142,20632192,5276568,25908760,4,4,12,4,4,4,0,20,20,20260807,5,1,1,1,0,0,0,6658,0.277417,1,0.0015,0
3190,28017.6,10,0,2.20479,8.22675,0,0,0,10.4315,361,361,0,1,2.94392,2.94392,1830,367,0,1235,0,0,0,0,0,1339,1785.99,0.953667,29.338,168732,12,29433,486,465155,48,117732,1944,32,4,644756,1319142,20632192,5276568,25908760,4,4,12,4,4,4,0,20,20,20260807,5,1,1,1,0,0,0,6659,0.277458,1,0.0015,1
3191,28023.6,6,0,2.24912,3.70538,0,0,0,5.9545,361,361,0,1,2.94392,2.94392,1830,367,0,1235,0,0,0,0,0,1339,1785.99,0.953667,29.338,168732,12,29433,486,465155,48,117732,1944,32,4,644756,1319142,20632192,5276568,25908760,4,4,12,4,4,4,0,20,20,20260807,5,1,1,1,0,0,0,6659,0.277458,1,0.0015,0
3192,28034.1,11,0,2.13521,8.26187,0,0,0,10.3971,361,361,0,1,2.94392,2.94392,1830,367,0,1235,0,0,0,0,0,1339,1785.99,0.953667,29.338,168732,12,29433,486,465155,48,117732,1944,32,4,644756,1319142,20632192,5276568,25908760,4,4,12,4,4,4,0,20,20,20260807,5,1,1,1,0,0,0,6659,0.277458,1,0.0015,0
3193,28040.2,6,0,2.12075,3.90975,0,0,0,6.0305,361,361,0,1,2.94392,2.94392,1830,367,0,1235,0,0,0,0,0,1339,1785.99,0.953667,29.338,168732,12,29433,486,465155,48,117732,1944,32,4,644756,1319142,20632192,5276568,25908760,4,4,12,4,4,4,0,20,20,20260807,5,1,1,1,0,0,0,6659,0.277458,1,0.0015,0
3194,28050.7,11,0,2.15129,8.32533,0,0,0,10.4766,361,361,0,1,2.94392,2.94392,1830,367,0,1235,0,0,0,0,0,1339,1785.99,0.953667,29.338,168732,12,29433,486,465155,48,117732,1944,32,4,644756,1319142,20632192,5276568,25908760,4,4,12,4,4,4,0,20,20,20260807,5,1,1,1,0,0,0,6659,0.277458,1,0.0015,0
3195,28056.9,6,0,2.10979,4.02746,0,0,0,6.13725,361,361,0,1,2.94392,2.94392,1830,367,0,1235,0,0,0,0,0,1339,1785.99,0.953667,29.338,168732,12,29433,486,465155,48,117732,1944,32,4,644756,1319142,20632192,5276568,25908760,4,4,12,4,4,4,0,20,20,20260807,5,1,1,1,0,0,0,6659,0.277458,1,0.0015,0
3196,28067.4,10,0,2.20796,8.15421,0,0,0,10.3622,361,361,0,1,2.94392,2.94392,1830,367,0,1235,0,0,0,0,0,1339,1785.99,0.953667,29.338,168732,12,29433,486,465155,48,117732,1944,32,4,644756,1319142,20632192,5276568,25908760,4,4,12,4,4,4,0,20,20,20260807,5,1,1,1,0,0,0,6660,0.2775,1,0.0015,1
3197,28073.6,6,0,2.10554,4.02571,0,0,0,6.13125,361,361,0,1,2.94392,2.94392,1830,367,0,1235,0,0,0,0,0,1339,1785.99,0.953667,29.338,168732,12,29433,486,465155,48,117732,1944,32,4,644756,1319142,20632192,5276568,25908760,4,4,12,4,4,4,0,20,20,20260807,5,1,1,1,0,0,0,6660,0.2775,1,0.0015,0
3198,28084.1,11,0,2.38567,8.01362,0,0,0,10.3993,361,361,0,1,2.94392,2.94392,1830,367,0,1235,0,0,0,0,0,1339,1785.99,0.953667,29.338,168732,12,29433,486,465155,48,117732,1944,32,4,644756,1319142,20632192,5276568,25908760,4,4,12,4,4,4,0,20,20,20260807,5,1,1,1,0,0,0,6660,0.2775,1,0.0015,0
3199,28090.1,6,0,2.06013,3.93929,0,0,0,5.99942,361,361,0,1,2.94392,2.94392,1830,367,0,1235,0,0,0,0,0,1339,1785.99,0.953667,29.338,168732,12,29433,486,465155,48,117732,1944,32,4,644756,1319142,20632192,5276568,25908760,4,4,12,4,4,4,0,20,20,20260807,5,1,1,1,0,0,0,6660,0.2775,1,0.0015,0
3200,28100.8,11,0,7.09358,3.44296,0,0,0,10.5365,361,361,0,1,2.94392,2.94392,1830,367,0,1235,0,0,0,0,0,1339,1785.99,0.953667,29.338,168732,12,29433,486,465155,48,117732,1944,32,4,644756,1319142,20632192,5276568,25908760,4,4,12,4,4,4,0,20,20,20260807,5,1,1,1,0,0,0,6660,0.2775,1,0.0015,0
3201,28107.4,6,0,2.06312,4.47629,0,0,0,6.53942,361,361,0,1,2.94392,2.94392,1830,367,0,1235,0,0,0,0,0,1339,1785.99,0.953667,29.338,168732,12,29433,486,465155,48,117732,1944,32,4,644756,1319142,20632192,5276568,25908760,4,4,12,4,4,4,0,20,20,20260807,5,1,1,1,0,0,0,6660,0.2775,1,0.0015,0
3202,28117.4,10,0,2.15358,7.78971,0,0,0,9.94329,361,361,0,1,2.94392,2.94392,1830,367,0,1235,0,0,0,0,0,1339,1785.99,0.953667,29.338,168732,12,29433,486,465155,48,117732,1944,32,4,644756,1319142,20632192,5276568,25908760,4,4,12,4,4,4,0,20,20,20260807,5,1,1,1,0,0,0,6661,0.277542,1,0.0015,1
3203,28123.6,6,0,2.08558,4.00554,0,0,0,6.09112,361,361,0,1,2.94392,2.94392,1830,367,0,1235,0,0,0,0,0,1339,1785.99,0.953667,29.338,168732,12,29433,486,465155,48,117732,1944,32,4,644756,1319142,20632192,5276568,25908760,4,4,12,4,4,4,0,20,20,20260807,5,1,1,1,0,0,0,6661,0.277542,1,0.0015,0
3204,28134.2,11,0,2.18079,8.27408,0,0,0,10.4549,361,361,0,1,2.94392,2.94392,1830,367,0,1235,0,0,0,0,0,1339,1785.99,0.953667,29.338,168732,12,29433,486,465155,48,117732,1944,32,4,644756,1319142,20632192,5276568,25908760,4,4,12,4,4,4,0,20,20,20260807,5,1,1,1,0,0,0,6661,0.277542,1,0.0015,0
3205,28140.4,6,0,2.09129,4.02821,0,0,0,6.1195,361,361,0,1,2.94392,2.94392,1830,367,0,1235,0,0,0,0,0,1339,1785.99,0.953667,29.338,168732,12,29433,486,465155,48,117732,1944,32,4,644756,1319142,20632192,5276568,25908760,4,4,12,4,4,4,0,20,20,20260807,5,1,1,1,0,0,0,6661,0.277542,1,0.0015,0
3206,28151.3,11,0,2.20383,8.70996,0,0,0,10.9138,361,361,0,1,2.94392,2.94392,1830,367,0,1235,0,0,0,0,0,1339,1785.99,0.953667,29.338,168732,12,29433,486,465155,48,117732,1944,32,4,644756,1319142,20632192,5276568,25908760,4,4,12,4,4,4,0,20,20,20260807,5,1,1,1,0,0,0,6661,0.277542,1,0.0015,0
3207,28156.9,6,0,2.11371,3.37079,0,0,0,5.4845,361,361,0,1,2.94392,2.94392,1830,367,0,1235,0,0,0,0,0,1339,1785.99,0.953667,29.338,168732,12,29433,486,465155,48,117732,1944,32,4,644756,1319142,20632192,5276568,25908760,4,4,12,4,4,4,0,20,20,20260807,5,1,1,1,0,0,0,6661,0.277542,1,0.0015,0
3208,28167.5,10,0,2.20183,8.26696,0,0,0,10.4688,361,361,0,1,2.94392,2.94392,1830,367,0,1235,0,0,0,0,0,1339,1785.99,0.953667,29.338,168732,12,29433,486,465155,48,117732,1944,32,4,644756,1319142,20632192,5276568,25908760,4,4,12,4,4,4,0,20,20,20260807,5,1,1,1,0,0,0,6662,0.277583,1,0.0015,1
3209,28173.6,6,0,2.15296,3.89154,0,0,0,6.0445,361,361,0,1,2.94392,2.94392,1830,367,0,1235,0,0,0,0,0,1339,1785.99,0.953667,29.338,168732,12,29433,486,465155,48,117732,1944,32,4,644756,1319142,20632192,5276568,25908760,4,4,12,4,4,4,0,20,20,20260807,5,1,1,1,0,0,0,6662,0.277583,1,0.0015,0
3210,28184.2,11,0,2.10321,7.93621,0,0,0,10.0394,361,361,0,1,2.94392,2.94392,1830,367,0,1235,0,0,0,0,0,1339,1785.99,0.953667,29.338,168732,12,29433,486,465155,48,117732,1944,32,4,644756,1319142,20632192,5276568,25908760,4,4,12,4,4,4,0,20,20,20260807,5,1,1,1,0,0,0,6662,0.277583,1,0.0015,0
3211,28190.4,6,0,2.07817,4.10429,0,0,0,6.18246,361,361,0,1,2.94392,2.94392,1830,367,0,1235,0,0,0,0,0,1339,1785.99,0.953667,29.338,168732,12,29433,486,465155,48,117732,1944,32,4,644756,1319142,20632192,5276568,25908760,4,4,12,4,4,4,0,20,20,20260807,5,1,1,1,0,0,0,6662,0.277583,1,0.0015,0
3212,28200.9,11,0,2.17821,8.18508,0,0,0,10.3633,361,361,0,1,2.94392,2.94392,1830,367,0,1235,0,0,0,0,0,1339,1785.99,0.953667,29.338,168732,12,29433,486,465155,48,117732,1944,32,4,644756,1319142,20632192,5276568,25908760,4,4,12,4,4,4,0,20,20,20260807,5,1,1,1,0,0,0,6662,0.277583,1,0.0015,0
3213,28207,6,0,2.09004,3.92767,0,0,0,6.01771,361,361,0,1,2.94392,2.94392,1830,367,0,1235,0,0,0,0,0,1339,1785.99,0.953667,29.338,168732,12,29433,486,465155,48,117732,1944,32,4,644756,1319142,20632192,5276568,25908760,4,4,12,4,4,4,0,20,20,20260807,5,1,1,1,0,0,0,6662,0.277583,1,0.0015,0
3214,28217.5,10,0,2.25838,8.17854,0,0,0,10.4369,361,361,0,1,2.94392,2.94392,1830,367,0,1235,0,0,0,0,0,1339,1785.99,0.953667,29.338,168732,12,29433,486,465155,48,117732,1944,32,4,644756,1319142,20632192,5276568,25908760,4,4,12,4,4,4,0,20,20,20260807,5,1,1,1,0,0,0,6663,0.277625,1,0.0015,1
3215,28223.4,5,0,2.25842,3.53337,0,0,0,5.79179,361,361,0,1,2.94392,2.94392,1830,367,0,1235,0,0,0,0,0,1339,1785.99,0.953667,29.338,168732,12,29433,486,465155,48,117732,1944,32,4,644756,1319142,20632192,5276568,25908760,4,4,12,4,4,4,0,20,20,20260807,5,1,1,1,0,0,0,6663,0.277625,1,0.0015,0
3216,28234.1,11,0,2.16038,8.44546,0,0,0,10.6058,361,361,0,1,2.94392,2.94392,1830,367,0,1235,0,0,0,0,0,1339,1785.99,0.953667,29.338,168732,12,29433,486,465155,48,117732,1944,32,4,644756,1319142,20632192,5276568,25908760,4,4,12,4,4,4,0,20,20,20260807,5,1,1,1,0,0,0,6663,0.277625,1,0.0015,0
3217,28240.4,6,0,2.09475,4.08338,0,0,0,6.17812,361,361,0,1,2.94392,2.94392,1830,367,0,1235,0,0,0,0,0,1339,1785.99,0.953667,29.338,168732,12,29433,486,465155,48,117732,1944,32,4,644756,1319142,20632192,5276568,25908760,4,4,12,4,4,4,0,20,20,20260807,5,1,1,1,0,0,0,6663,0.277625,1,0.0015,0
3218,28250.9,11,0,2.19775,8.25458,0,0,0,10.4523,361,361,0,1,2.94392,2.94392,1830,367,0,1235,0,0,0,0,0,1339,1785.99,0.953667,29.338,168732,12,29433,486,465155,48,117732,1944,32,4,644756,1319142,20632192,5276568,25908760,4,4,12,4,4,4,0,20,20,20260807,5,1,1,1,0,0,0,6663,0.277625,1,0.0015,0
3219,28256.9,6,0,2.15375,3.81433,0,0,0,5.96808,361,361,0,1,2.94392,2.94392,1830,367,0,1235,0,0,0,0,0,1339,1785.99,0.953667,29.338,168732,12,29433,486,465155,48,117732,1944,32,4,644756,1319142,20632192,5276568,25908760,4,4,12,4,4,4,0,20,20,20260807,5,1,1,1,0,0,0,6663,0.277625,1,0.0015,0
3220,28267.5,10,0,2.17596,6.5395,0,0,0,8.71546,361,361,0,1,2.94392,2.94392,1830,367,0,1235,0,0,0,0,0,1339,1785.99,0.953667,29.338,168732,12,29433,486,465155,48,117732,1944,32,4,644756,1319142,20632192,5276568,25908760,4,4,12,4,4,4,0,20,20,20260807,5,1,1,1,0,0,0,6664,0.277667,1,0.0015,1
3221,28275.9,9,0,2.16875,6.13704,0,0,0,8.30579,361,361,0,1,2.94392,2.94392,1830,367,0,1235,0,0,0,0,0,1339,1785.99,0.953667,29.338,168732,12,29433,486,465155,48,117732,1944,32,4,644756,1319142,20632192,5276568,25908760,4,4,12,4,4,4,0,20,20,20260807,5,1,1,1,0,0,0,6664,0.277667,1,0.0015,0
3222,28284.1,8,0,2.13325,6.05796,0,0,0,8.19121,361,361,0,1,2.94392,2.94392,1830,367,0,1235,0,0,0,0,0,1339,1785.99,0.953667,29.338,168732,12,29433,486,465155,48,117732,1944,32,4,644756,1319142,20632192,5276568,25908760,4,4,12,4,4,4,0,20,20,20260807,5,1,1,1,0,0,0,6664,0.277667,1,0.0015,0
3223,28290.8,7,0,2.16779,4.38029,0,0,0,6.54808,361,361,0,1,2.94392,2.94392,1830,367,0,1235,0,0,0,0,0,1339,1785.99,0.953667,29.338,168732,12,29433,486,465155,48,117732,1944,32,4,644756,1319142,20632192,5276568,25908760,4,4,12,4,4,4,0,20,20,20260807,5,1,1,1,0,0,0,6664,0.277667,1,0.0015,0
3224,28300.9,10,0,2.17029,7.88475,0,0,0,10.055,361,361,0,1,2.94392,2.94392,1830,367,0,1235,0,0,0,0,0,1339,1785.99,0.953667,29.338,168732,12,29433,486,465155,48,117732,1944,32,4,644756,1319142,20632192,5276568,25908760,4,4,12,4,4,4,0,20,20,20260807,5,1,1,1,0,0,0,6664,0.277667,1,0.0015,0
3225,28310.5,9,0,2.19904,7.27792,0,0,0,9.47696,361,361,0,1,2.94392,2.94392,1830,367,0,1235,0,0,0,0,0,1339,1785.99,0.953667,29.338,168732,12,29433,486,465155,48,117732,1944,32,4,644756,1319142,20632192,5276568,25908760,4,4,12,4,4,4,0,20,20,20260807,5,1,1,1,0,0,0,6664,0.277667,1,0.0015,0
3226,28317.5,7,0,2.20371,4.77492,0,0,0,6.97863,361,361,0,1,2.94392,2.94392,1830,367,0,1235,0,0,0,0,0,1339,1785.99,0.953667,29.338,168732,12,29433,486,465155,48,117732,1944,32,4,644756,1319142,20632192,5276568,25908760,4,4,12,4,4,4,0,20,20,20260807,5,1,1,1,0,0,0,6665,0.277708,1,0.0015,1
3227,28324.3,7,0,2.27446,4.41437,0,0,0,6.68883,361,361,0,1,2.94392,2.94392,1830,367,0,1235,0,0,0,0,0,1339,1785.99,0.953667,29.338,168732,12,29433,486,465155,48,117732,1944,32,4,644756,1319142,20632192,5276568,25908760,4,4,12,4,4,4,0,20,20,20260807,5,1,1,1,0,0,0,6665,0.277708,1,0.0015,0
3228,28334.3,10,0,2.15083,7.84429,0,0,0,9.99512,361,361,0,1,2.94392,2.94392,1830,367,0,1235,0,0,0,0,0,1339,1785.99,0.953667,29.338,168732,12,29433,486,465155,48,117732,1944,32,4,644756,1319142,20632192,5276568,25908760,4,4,12,4,4,4,0,20,20,20260807,5,1,1,1,0,0,0,6665,0.277708,1,0.0015,0
3229,28339.7,5,0,2.25425,2.9575,0,0,0,5.21175,361,361,0,1,2.94392,2.94392,1830,367,0,1235,0,0,0,0,0,1339,1785.99,0.953667,29.338,168732,12,29433,486,465155,48,117732,1944,32,4,644756,1319142,20632192,5276568,25908760,4,4,12,4,4,4,0,20,20,20260807,5,1,1,1,0,0,0,6665,0.277708,1,0.0015,0
3230,28350.9,12,0,2.16812,8.92433,0,0,0,11.0925,361,361,0,1,2.94392,2.94392,1830,367,0,1235,0,0,0,0,0,1339,1785.99,0.953667,29.338,168732,12,29433,486,465155,48,117732,1944,32,4,644756,1319142,20632192,5276568,25908760,4,4,12,4,4,4,0,20,20,20260807,5,1,1,1,0,0,0,6665,0.277708,1,0.0015,0
3231,28356.9,6,0,2.18025,3.82112,0,0,0,6.00138,361,361,0,1,2.94392,2.94392,1830,367,0,1235,0,0,0,0,0,1339,1785.99,0.953667,29.338,168732,12,29433,486,465155,48,117732,1944,32,4,644756,1319142,20632192,5276568,25908760,4,4,12,4,4,4,0,20,20,20260807,5,1,1,1,0,0,0,6665,0.277708,1,0.0015,0
3232,28367.5,10,0,2.06346,6.32917,0,0,0,8.39263,361,361,0,1,2.94392,2.94392,1830,367,0,1235,0,0,0,0,0,1339,1785.99,0.953667,29.338,168732,12,29433,486,465155,48,117732,1944,32,4,644756,1319142,20632192,5276568,25908760,4,4,12,4,4,4,0,20,20,20260807,5,1,1,1,0,0,0,6666,0.27775,1,0.0015,1
3233,28375.4,8,0,2.00321,5.804,0,0,0,7.80721,361,361,0,1,2.94392,2.94392,1830,367,0,1235,0,0,0,0,0,1339,1785.99,0.953667,29.338,168732,12,29433,486,465155,48,117732,1944,32,4,644756,1319142,20632192,5276568,25908760,4,4,12,4,4,4,0,20,20,20260807,5,1,1,1,0,0,0,6666,0.27775,1,0.0015,0
3234,28384.4,9,0,2.12454,6.75617,0,0,0,8.88071,361,361,0,1,2.94392,2.94392,1830,367,0,1235,0,0,0,0,0,1339,1785.99,0.953667,29.338,168732,12,29433,486,465155,48,117732,1944,32,4,644756,1319142,20632192,5276568,25908760,4,4,12,4,4,4,0,20,20,20260807,5,1,1,1,0,0,0,6666,0.27775,1,0.0015,0
3235,28391.2,7,0,2.23675,4.50267,0,0,0,6.73942,361,361,0,1,2.94392,2.94392,1830,367,0,1235,0,0,0,0,0,1339,1785.99,0.953667,29.338,168732,12,29433,486,465155,48,117732,1944,32,4,644756,1319142,20632192,5276568,25908760,4,4,12,4,4,4,0,20,20,20260807,5,1,1,1,0,0,0,6666,0.27775,1,0.0015,0
3236,28402.4,11,0,2.12883,9.01163,0,0,0,11.1405,361,361,0,1,2.94392,2.94392,1830,367,0,1235,0,0,0,0,0,1339,1785.99,0.953667,29.338,168732,12,29433,486,465155,48,117732,1944,32,4,644756,1319142,20632192,5276568,25908760,4,4,12,4,4,4,0,20,20,20260807,5,1,1,1,0,0,0,6666,0.27775,1,0.0015,0
3237,28409.4,7,0,2.28117,4.60637,0,0,0,6.88754,361,361,0,1,2.94392,2.94392,1830,367,0,1235,0,0,0,0,0,1339,1785.99,0.953667,29.338,168732,12,29433,486,465155,48,117732,1944,32,4,644756,1319142,20632192,5276568,25908760,4,4,12,4,4,4,0,20,20,20260807,5,1,1,1,0,0,0,6666,0.27775,1,0.0015,0
3238,28417.4,8,0,2.24683,5.64783,0,0,0,7.89467,361,361,0,1,2.94392,2.94392,1830,367,0,1235,0,0,0,0,0,1339,1785.99,0.953667,29.338,168732,12,29433,486,465155,48,117732,1944,32,4,644756,1319142,20632192,5276568,25908760,4,4,12,4,4,4,0,20,20,20260807,5,1,1,1,0,0,0,6667,0.277792,1,0.0015,1
3239,28423.2,6,0,2.12175,3.63333,0,0,0,5.75508,361,361,0,1,2.94392,2.94392,1830,367,0,1235,0,0,0,0,0,1339,1785.99,0.953667,29.338,168732,12,29433,486,465155,48,117732,1944,32,4,644756,1319142,20632192,5276568,25908760,4,4,12,4,4,4,0,20,20,20260807,5,1,1,1,0,0,0,6667,0.277792,1,0.0015,0
3240,28434.6,11,0,2.89242,8.43975,0,0,0,11.3322,361,361,0,1,2.94392,2.94392,1830,367,0,1235,0,0,0,0,0,1339,1785.99,0.953667,29.338,168732,12,29433,486,465155,48,117732,1944,32,4,644756,1319142,20632192,5276568,25908760,4,4,12,4,4,4,0,20,20,20260807,5,1,1,1,0,0,0,6667,0.277792,1,0.0015,0
3241,28442.8,9,0,2.09212,6.0335,0,0,0,8.12562,361,361,0,1,2.94392,2.94392,1830,367,0,1235,0,0,0,0,0,1339,1785.99,0.953667,29.338,168732,12,29433,486,465155,48,117732,1944,32,4,644756,1319142,20632192,5276568,25908760,4,4,12,4,4,4,0,20,20,20260807,5,1,1,1,0,0,0,6667,0.277792,1,0.0015,0
3242,28451,8,0,2.11217,5.98033,0,0,0,8.0925,361,361,0,1,2.94392,2.94392,1830,367,0,1235,0,0,0,0,0,1339,1785.99,0.953667,29.338,168732,12,29433,486,465155,48,117732,1944,32,4,644756,1319142,20632192,5276568,25908760,4,4,12,4,4,4,0,20,20,20260807,5,1,1,1,0,0,0,6667,0.277792,1,0.0015,0
3243,28456.8,6,0,2.14962,3.62608,0,0,0,5.77571,361,361,0,1,2.94392,2.94392,1830,367,0,1235,0,0,0,0,0,1339,1785.99,0.953667,29.338,168732,12,29433,486,465155,48,117732,1944,32,4,644756,1319142,20632192,5276568,25908760,4,4,12,4,4,4,0,20,20,20260807,5,1,1,1,0,0,0,6667,0.277792,1,0.0015,0
3244,28468.2,11,0,2.16829,9.08263,0,0,0,11.2509,361,361,0,1,2.94392,2.94392,1830,367,0,1235,0,0,0,0,0,1339,1785.99,0.953667,29.338,168732,12,29433,486,465155,48,117732,1944,32,4,644756,1319142,20632192,5276568,25908760,4,4,12,4,4,4,0,20,20,20260807,5,1,1,1,0,0,0,6668,0.277833,1,0.0015,1
3245,28473.4,5,0,2.19879,2.93821,0,0,0,5.137,361,361,0,1,2.94392,2.94392,1830,367,0,1235,0,0,0,0,0,1339,1785.99,0.953667,29.338,168732,12,29433,486,465155,48,117732,1944,32,4,644756,1319142,20632192,5276568,25908760,4,4,12,4,4,4,0,20,20,20260807,5,1,1,1,0,0,0,6668,0.277833,1,0.0015,0
3246,28485,12,0,2.08196,9.41954,0,0,0,11.5015,361,361,0,1,2.94392,2.94392,1830,367,0,1235,0,0,0,0,0,1339,1785.99,0.953667,29.338,168732,12,29433,486,465155,48,117732,1944,32,4,644756,1319142,20632192,5276568,25908760,4,4,12,4,4,4,0,20,20,20260807,5,1,1,1,0,0,0,6668,0.277833,1,0.0015,0
3247,28490.1,5,0,2.11596,2.95833,0,0,0,5.07429,361,361,0,1,2.94392,2.94392,1830,367,0,1235,0,0,0,0,0,1339,1785.99,0.953667,29.338,168732,12,29433,486,465155,48,117732,1944,32,4,644756,1319142,20632192,5276568,25908760,4,4,12,4,4,4,0,20,20,20260807,5,1,1,1,0,0,0,6668,0.277833,1,0.0015,0
3248,28501.4,11,0,2.107,9.10408,0,0,0,11.2111,361,361,0,1,2.94392,2.94392,1830,367,0,1235,0,0,0,0,0,1339,1785.99,0.953667,29.338,168732,12,29433,486,465155,48,117732,1944,32,4,644756,1319142,20632192,5276568,25908760,4,4,12,4,4,4,0,20,20,20260807,5,1,1,1,0,0,0,6668,0.277833,1,0.0015,0
3249,28506.6,5,0,2.14463,2.91596,0,0,0,5.06058,361,361,0,1,2.94392,2.94392,1830,367,0,1235,0,0,0,0,0,1339,1785.99,0.953667,29.338,168732,12,29433,486,465155,48,117732,1944,32,4,644756,1319142,20632192,5276568,25908760,4,4,12,4,4,4,0,20,20,20260807,5,1,1,1,0,0,0,6668,0.277833,1,0.0015,0
3250,28517.9,12,0,2.06917,9.21179,0,0,0,11.281,361,361,0,1,2.94392,2.94392,1830,367,0,1235,0,0,0,0,0,1339,1785.99,0.953667,29.338,168732,12,29433,486,465155,48,117732,1944,32,4,644756,1319142,20632192,5276568,25908760,4,4,12,4,4,4,0,20,20,20260807,5,1,1,1,0,0,0,6669,0.277875,1,0.0015,1
3251,28524.3,6,0,2.179,4.09725,0,0,0,6.27625,361,361,0,1,2.94392,2.94392,1830,367,0,1235,0,0,0,0,0,1339,1785.99,0.953667,29.338,168732,12,29433,486,465155,48,117732,1944,32,4,644756,1319142,20632192,5276568,25908760,4,4,12,4,4,4,0,20,20,20260807,5,1,1,1,0,0,0,6669,0.277875,1,0.0015,0
3252,28534.4,10,0,2.08962,8.01046,0,0,0,10.1001,361,361,0,1,2.94392,2.94392,1830,367,0,1235,0,0,0,0,0,1339,1785.99,0.953667,29.338,168732,12,29433,486,465155,48,117732,1944,32,4,644756,1319142,20632192,5276568,25908760,4,4,12,4,4,4,0,20,20,20260807,5,1,1,1,0,0,0,6669,0.277875,1,0.0015,0
3253,28540.9,7,0,2.31008,4.06325,0,0,0,6.37333,361,361,0,1,2.94392,2.94392,1830,367,0,1235,0,0,0,0,0,1339,1785.99,0.953667,29.338,168732,12,29433,486,465155,48,117732,1944,32,4,644756,1319142,20632192,5276568,25908760,4,4,12,4,4,4,0,20,20,20260807,5,1,1,1,0,0,0,6669,0.277875,1,0.0015,0
3254,28551.3,10,0,2.0925,8.21312,0,0,0,10.3056,361,361,0,1,2.94392,2.94392,1830,367,0,1235,0,0,0,0,0,1339,1785.99,0.953667,29.338,168732,12,29433,486,465155,48,117732,1944,32,4,644756,1319142,20632192,5276568,25908760,4,4,12,4,4,4,0,20,20,20260807,5,1,1,1,0,0,0,6669,0.277875,1,0.0015,0
3255,28557.6,6,0,2.20883,4.07163,0,0,0,6.28046,361,361,0,1,2.94392,2.94392,1830,367,0,1235,0,0,0,0,0,1339,1785.99,0.953667,29.338,168732,12,29433,486,465155,48,117732,1944,32,4,644756,1319142,20632192,5276568,25908760,4,4,12,4,4,4,0,20,20,20260807,5,1,1,1,0,0,0,6669,0.277875,1,0.0015,0
3256,28567.7,10,0,2.09575,7.84029,0,0,0,9.93604,361,361,0,1,2.94392,2.94392,1830,367,0,1235,0,0,0,0,0,1339,1785.99,0.953667,29.338,168732,12,29433,486,465155,48,117732,1944,32,4,644756,1319142,20632192,5276568,25908760,4,4,12,4,4,4,0,20,20,20260807,5,1,1,1,0,0,0,6670,0.277917,1,0.0015,1
3257,28574.1,7,0,2.21567,4.15896,0,0,0,6.37462,361,361,0,1,2.94392,2.94392,1830,367,0,1235,0,0,0,0,0,1339,1785.99,0.953667,29.338,168732,12,29433,486,465155,48,117732,1944,32,4,644756,1319142,20632192,5276568,25908760,4,4,12,4,4,4,0,20,20,20260807,5,1,1,1,0,0,0,6670,0.277917,1,0.0015,0
3258,28584.2,10,0,2.06546,7.99067,0,0,0,10.0561,361,361,0,1,2.94392,2.94392,1830,367,0,1235,0,0,0,0,0,1339,1785.99,0.953667,29.338,168732,12,29433,486,465155,48,117732,1944,32,4,644756,1319142,20632192,5276568,25908760,4,4,12,4,4,4,0,20,20,20260807,5,1,1,1,0,0,0,6670,0.277917,1,0.0015,0
3259,28590.4,6,0,2.25321,3.85346,0,0,0,6.10667,361,361,0,1,2.94392,2.94392,1830,367,0,1235,0,0,0,0,0,1339,1785.99,0.953667,29.338,168732,12,29433,486,465155,48,117732,1944,32,4,644756,1319142,20632192,5276568,25908760,4,4,12,4,4,4,0,20,20,20260807,5,1,1,1,0,0,0,6670,0.277917,1,0.0015,0
3260,28600.9,11,0,2.13187,8.23708,0,0,0,10.369,361,361,0,1,2.94392,2.94392,1830,367,0,1235,0,0,0,0,0,1339,1785.99,0.953667,29.338,168732,12,29433,486,465155,48,117732,1944,32,4,644756,1319142,20632192,5276568,25908760,4,4,12,4,4,4,0,20,20,20260807,5,1,1,1,0,0,0,6670,0.277917,1,0.0015,0
3261,28607,6,0,2.16288,3.79429,0,0,0,5.95717,361,361,0,1,2.94392,2.94392,1830,367,0,1235,0,0,0,0,0,1339,1785.99,0.953667,29.338,168732,12,29433,486,465155,48,117732,1944,32,4,644756,1319142,20632192,5276568,25908760,4,4,12,4,4,4,0,20,20,20260807,5,1,1,1,0,0,0,6670,0.277917,1,0.0015,0
3262,28617.5,10,0,2.14288,8.36354,0,0,0,10.5064,361,361,0,1,2.94392,2.94392,1830,367,0,1235,0,0,0,0,0,1339,1785.99,0.953667,29.338,168732,12,29433,486,465155,48,117732,1944,32,4,644756,1319142,20632192,5276568,25908760,4,4,12,4,4,4,0,20,20,20260807,5,1,1,1,0,0,0,6671,0.277958,1,0.0015,1
3263,28623.6,6,0,2.26017,3.69396,0,0,0,5.95413,361,361,0,1,2.94392,2.94392,1830,367,0,1235,0,0,0,0,0,1339,1785.99,0.953667,29.338,168732,12,29433,486,465155,48,117732,1944,32,4,644756,1319142,20632192,5276568,25908760,4,4,12,4,4,4,0,20,20,20260807,5,1,1,1,0,0,0,6671,0.277958,1,0.0015,0
3264,28634.3,11,0,4.71371,5.89633,0,0,0,10.61,361,361,0,1,2.94392,2.94392,1830,367,0,1235,0,0,0,0,0,1339,1785.99,0.953667,29.338,168732,12,29433,486,465155,48,117732,1944,32,4,644756,1319142,20632192,5276568,25908760,4,4,12,4,4,4,0,20,20,20260807,5,1,1,1,0,0,0,6671,0.277958,1,0.0015,0
3265,28640.3,6,0,2.15092,3.76821,0,0,0,5.91913,361,361,0,1,2.94392,2.94392,1830,367,0,1235,0,0,0,0,0,1339,1785.99,0.953667,29.338,168732,12,29433,486,465155,48,117732,1944,32,4,644756,1319142,20632192,5276568,25908760,4,4,12,4,4,4,0,20,20,20260807,5,1,1,1,0,0,0,6671,0.277958,1,0.0015,0
3266,28650.8,11,0,2.05946,8.42221,0,0,0,10.4817,361,361,0,1,2.94392,2.94392,1830,367,0,1235,0,0,0,0,0,1339,1785.99,0.953667,29.338,168732,12,29433,486,465155,48,117732,1944,32,4,644756,1319142,20632192,5276568,25908760,4,4,12,4,4,4,0,20,20,20260807,5,1,1,1,0,0,0,6671,0.277958,1,0.0015,0
3267,28657,6,0,2.1035,3.96217,0,0,0,6.06567,361,361,0,1,2.94392,2.94392,1830,367,0,1235,0,0,0,0,0,1339,1785.99,0.953667,29.338,168732,12,29433,486,465155,48,117732,1944,32,4,644756,1319142,20632192,5276568,25908760,4,4,12,4,4,4,0,20,20,20260807,5,1,1,1,0,0,0,6671,0.277958,1,0.0015,0
3268,28667.5,11,0,2.13946,8.30946,0,0,0,10.4489,361,361,0,1,2.94392,2.94392,1830,367,0,1235,0,0,0,0,0,1339,1785.99,0.953667,29.338,168732,12,29433,486,465155,48,117732,1944,32,4,644756,1319142,20632192,5276568,25908760,4,4,12,4,4,4,0,20,20,20260807,5,1,1,1,0,0,0,6672,0.278,1,0.0015,1
3269,28673.6,6,0,2.14233,3.88083,0,0,0,6.02317,361,361,0,1,2.94392,2.94392,1830,367,0,1235,0,0,0,0,0,1339,1785.99,0.953667,29.338,168732,12,29433,486,465155,48,117732,1944,32,4,644756,1319142,20632192,5276568,25908760,4,4,12,4,4,4,0,20,20,20260807,5,1,1,1,0,0,0,6672,0.278,1,0.0015,0
3270,28684.2,11,0,2.12446,5.35567,0,0,0,7.48013,361,361,0,1,2.94392,2.94392,1830,367,0,1235,0,0,0,0,0,1339,1785.99,0.953667,29.338,168732,12,29433,486,465155,48,117732,1944,32,4,644756,1319142,20632192,5276568,25908760,4,4,12,4,4,4,0,20,20,20260807,5,1,1,1,0,0,0,6672,0.278,1,0.0015,0
3271,28690.4,6,0,2.16458,3.99463,0,0,0,6.15921,361,361,0,1,2.94392,2.94392,1830,367,0,1235,0,0,0,0,0,1339,1785.99,0.953667,29.338,168732,12,29433,486,465155,48,117732,1944,32,4,644756,1319142,20632192,5276568,25908760,4,4,12,4,4,4,0,20,20,20260807,5,1,1,1,0,0,0,6672,0.278,1,0.0015,0
3272,28700.9,11,0,2.13342,8.26737,0,0,0,10.4008,361,361,0,1,2.94392,2.94392,1830,367,0,1235,0,0,0,0,0,1339,1785.99,0.953667,29.338,168732,12,29433,486,465155,48,117732,1944,32,4,644756,1319142,20632192,5276568,25908760,4,4,12,4,4,4,0,20,20,20260807,5,1,1,1,0,0,0,6672,0.278,1,0.0015,0
3273,28707,6,0,2.08892,3.85054,0,0,0,5.93946,361,361,0,1,2.94392,2.94392,1830,367,0,1235,0,0,0,0,0,1339,1785.99,0.953667,29.338,168732,12,29433,486,465155,48,117732,1944,32,4,644756,1319142,20632192,5276568,25908760,4,4,12,4,4,4,0,20,20,20260807,5,1,1,1,0,0,0,6672,0.278,1,0.0015,0
3274,28717.5,10,0,2.18642,3.73304,0,0,0,5.91946,361,361,0,1,2.94392,2.94392,1830,367,0,1235,0,0,0,0,0,1339,1785.99,0.953667,29.338,168732,12,29433,486,465155,48,117732,1944,32,4,644756,1319142,20632192,5276568,25908760,4,4,12,4,4,4,0,20,20,20260807,5,1,1,1,0,0,0,6673,0.278042,1,0.0015,1
3275,28723.5,6,0,2.24817,3.72092,0,0,0,5.96908,361,361,0,1,2.94392,2.94392,1830,367,0,1235,0,0,0,0,0,1339,1785.99,0.953667,29.338,168732,12,29433,486,465155,48,117732,1944,32,4,644756,1319142,20632192,5276568,25908760,4,4,12,4,4,4,0,20,20,20260807,5,1,1,1,0,0,0,6673,0.278042,1,0.0015,0
3276,28734.3,11,0,2.16125,8.47242,0,0,0,10.6337,361,361,0,1,2.94392,2.94392,1830,367,0,1235,0,0,0,0,0,1339,1785.99,0.953667,29.338,168732,12,29433,486,465155,48,117732,1944,32,4,644756,1319142,20632192,5276568,25908760,4,4,12,4,4,4,0,20,20,20260807,5,1,1,1,0,0,0,6673,0.278042,1,0.0015,0
3277,28740.8,7,0,2.32217,4.09575,0,0,0,6.41792,361,361,0,1,2.94392,2.94392,1830,367,0,1235,0,0,0,0,0,1339,1785.99,0.953667,29.338,168732,12,29433,486,465155,48,117732,1944,32,4,644756,1319142,20632192,5276568,25908760,4,4,12,4,4,4,0,20,20,20260807,5,1,1,1,0,0,0,6673,0.278042,1,0.0015,0
3278,28751,10,0,2.05213,8.13717,0,0,0,10.1893,361,361,0,1,2.94392,2.94392,1830,367,0,1235,0,0,0,0,0,1339,1785.99,0.953667,29.338,168732,12,29433,486,465155,48,117732,1944,32,4,644756,1319142,20632192,5276568,25908760,4,4,12,4,4,4,0,20,20,20260807,5,1,1,1,0,0,0,6673,0.278042,1,0.0015,0
3279,28756.5,5,0,2.2225,3.21154,0,0,0,5.43404,361,361,0,1,2.94392,2.94392,1830,367,0,1235,0,0,0,0,0,1339,1785.99,0.953667,29.338,168732,12,29433,486,465155,48,117732,1944,32,4,644756,1319142,20632192,5276568,25908760,4,4,12,4,4,4,0,20,20,20260807,5,1,1,1,0,0,0,6673,0.278042,1,0.0015,0
3280,28767.7,12,0,2.18367,8.87758,0,0,0,11.0612,361,361,0,1,2.94392,2.94392,1830,367,0,1235,0,0,0,0,0,1339,1785.99,0.953667,29.338,168732,12,29433,486,465155,48,117732,1944,32,4,644756,1319142,20632192,5276568,25908760,4,4,12,4,4,4,0,20,20,20260807,5,1,1,1,0,0,0,6674,0.278083,1,0.0015,1
3281,28774.8,7,0,2.29742,4.694,0,0,0,6.99142,361,361,0,1,2.94392,2.94392,1830,367,0,1235,0,0,0,0,0,1339,1785.99,0.953667,29.338,168732,12,29433,486,465155,48,117732,1944,32,4,644756,1319142,20632192,5276568,25908760,4,4,12,4,4,4,0,20,20,20260807,5,1,1,1,0,0,0,6674,0.278083,1,0.0015,0
3282,28784.3,9,0,2.10237,7.33892,0,0,0,9.44129,361,361,0,1,2.94392,2.94392,1830,367,0,1235,0,0,0,0,0,1339,1785.99,0.953667,29.338,168732,12,29433,486,465155,48,117732,1944,32,4,644756,1319142,20632192,5276568,25908760,4,4,12,4,4,4,0,20,20,20260807,5,1,1,1,0,0,0,6674,0.278083,1,0.0015,0
3283,28790.7,7,0,2.30446,4.04804,0,0,0,6.3525,361,361,0,1,2.94392,2.94392,1830,367,0,1235,0,0,0,0,0,1339,1785.99,0.953667,29.338,168732,12,29433,486,465155,48,117732,1944,32,4,644756,1319142,20632192,5276568,25908760,4,4,12,4,4,4,0,20,20,20260807,5,1,1,1,0,0,0,6674,0.278083,1,0.0015,0
3284,28800.9,10,0,2.22108,7.91654,0,0,0,10.1376,361,361,0,1,2.94392,2.94392,1830,367,0,1235,0,0,0,0,0,1339,1785.99,0.953667,29.338,168732,12,29433,486,465155,48,117732,1944,32,4,644756,1319142,20632192,5276568,25908760,4,4,12,4,4,4,0,20,20,20260807,5,1,1,1,0,0,0,6674,0.278083,1,0.0015,0
3285,28807.7,7,0,2.16983,4.52233,0,0,0,6.69217,361,361,0,1,2.94392,2.94392,1830,367,0,1235,0,0,0,0,0,1339,1785.99,0.953667,29.338,168732,12,29433,486,465155,48,117732,1944,32,4,644756,1319142,20632192,5276568,25908760,4,4,12,4,4,4,0,20,20,20260807,5,1,1,1,0,0,0,6674,0.278083,1,0.0015,0
3286,28818,10,0,2.23183,7.99725,0,0,0,10.2291,361,361,0,1,2.94392,2.94392,1830,367,0,1235,0,0,0,0,0,1339,1785.99,0.953667,29.338,168732,12,29433,486,465155,48,117732,1944,32,4,644756,1319142,20632192,5276568,25908760,4,4,12,4,4,4,0,20,20,20260807,5,1,1,1,0,0,0,6675,0.278125,1,0.0015,1
3287,28824.5,6,0,2.14292,4.27729,0,0,0,6.42021,361,361,0,1,2.94392,2.94392,1830,367,0,1235,0,0,0,0,0,1339,1785.99,0.953667,29.338,168732,12,29433,486,465155,48,117732,1944,32,4,644756,1319142,20632192,5276568,25908760,4,4,12,4,4,4,0,20,20,20260807,5,1,1,1,0,0,0,6675,0.278125,1,0.0015,0
3288,28835.6,11,0,2.21708,8.7245,0,0,0,10.9416,361,361,0,1,2.94392,2.94392,1830,367,0,1235,0,0,0,0,0,1339,1785.99,0.953667,29.338,168732,12,29433,486,465155,48,117732,1944,32,4,644756,1319142,20632192,5276568,25908760,4,4,12,4,4,4,0,20,20,20260807,5,1,1,1,0,0,0,6675,0.278125,1,0.0015,0
3289,28844.7,10,0,2.42287,6.64896,0,0,0,9.07183,361,361,0,1,2.94392,2.94392,1830,367,0,1235,0,0,0,0,0,1339,1785.99,0.953667,29.338,168732,12,29433,486,465155,48,117732,1944,32,4,644756,1319142,20632192,5276568,25908760,4,4,12,4,4,4,0,20,20,20260807,5,1,1,1,0,0,0,6675,0.278125,1,0.0015,0
3290,28853.4,8,0,2.3765,6.20404,0,0,0,8.58054,361,361,0,1,2.94392,2.94392,1830,367,0,1235,0,0,0,0,0,1339,1785.99,0.953667,29.338,168732,12,29433,486,465155,48,117732,1944,32,4,644756,1319142,20632192,5276568,25908760,4,4,12,4,4,4,0,20,20,20260807,5,1,1,1,0,0,0,6675,0.278125,1,0.0015,0
3291,28868.6,15,0,2.13488,12.9533,0,0,0,15.0882,361,361,0,1,2.94392,2.94392,1830,367,0,1235,0,0,0,0,0,1339,1785.99,0.953667,29.338,168732,12,29433,486,465155,48,117732,1944,32,4,644756,1319142,20632192,5276568,25908760,4,4,12,4,4,4,0,20,20,20260807,5,1,1,1,0,0,0,6676,0.278167,1,0.0015,1
3292,28874,6,0,2.18379,3.13442,0,0,0,5.31821,361,361,0,1,2.94392,2.94392,1830,367,0,1235,0,0,0,0,0,1339,1785.99,0.953667,29.338,168732,12,29433,486,465155,48,117732,1944,32,4,644756,1319142,20632192,5276568,25908760,4,4,12,4,4,4,0,20,20,20260807,5,1,1,1,0,0,0,6676,0.278167,1,0.0015,0
3293,28884.2,10,0,2.31567,7.84304,0,0,0,10.1587,361,361,0,1,2.94392,2.94392,1830,367,0,1235,0,0,0,0,0,1339,1785.99,0.953667,29.338,168732,12,29433,486,465155,48,117732,1944,32,4,644756,1319142,20632192,5276568,25908760,4,4,12,4,4,4,0,20,20,20260807,5,1,1,1,0,0,0,6676,0.278167,1,0.0015,0
3294,28890.3,6,0,2.16825,3.83658,0,0,0,6.00483,361,361,0,1,2.94392,2.94392,1830,367,0,1235,0,0,0,0,0,1339,1785.99,0.953667,29.338,168732,12,29433,486,465155,48,117732,1944,32,4,644756,1319142,20632192,5276568,25908760,4,4,12,4,4,4,0,20,20,20260807,5,1,1,1,0,0,0,6676,0.278167,1,0.0015,0
3295,28901.8,12,0,2.20625,9.20158,0,0,0,11.4078,361,361,0,1,2.94392,2.94392,1830,367,0,1235,0,0,0,0,0,1339,1785.99,0.953667,29.338,168732,12,29433,486,465155,48,117732,1944,32,4,644756,1319142,20632192,5276568,25908760,4,4,12,4,4,4,0,20,20,20260807,5,1,1,1,0,0,0,6676,0.278167,1,0.0015,0
3296,28907.7,6,0,2.31746,3.49138,0,0,0,5.80883,361,361,0,1,2.94392,2.94392,1830,367,0,1235,0,0,0,0,0,1339,1785.99,0.953667,29.338,168732,12,29433,486,465155,48,117732,1944,32,4,644756,1319142,20632192,5276568,25908760,4,4,12,4,4,4,0,20,20,20260807,5,1,1,1,0,0,0,6677,0.278208,1,0.0015,1
3297,28919.3,11,0,2.14712,9.4255,0,0,0,11.5726,361,361,0,1,2.94392,2.94392,1830,367,0,1235,0,0,0,0,0,1339,1785.99,0.953667,29.338,168732,12,29433,486,465155,48,117732,1944,32,4,644756,1319142,20632192,5276568,25908760,4,4,12,4,4,4,0,20,20,20260807,5,1,1,1,0,0,0,6677,0.278208,1,0.0015,0
3298,28924.8,6,0,2.29721,3.06671,0,0,0,5.36392,361,361,0,1,2.94392,2.94392,1830,367,0,1235,0,0,0,0,0,1339,1785.99,0.953667,29.338,168732,12,29433,486,465155,48,117732,1944,32,4,644756,1319142,20632192,5276568,25908760,4,4,12,4,4,4,0,20,20,20260807,5,1,1,1,0,0,0,6677,0.278208,1,0.0015,0
3299,28934.6,9,0,2.04933,7.65896,0,0,0,9.70829,361,361,0,1,2.94392,2.94392,1830,367,0,1235,0,0,0,0,0,1339,1785.99,0.953667,29.338,168732,12,29433,486,465155,48,117732,1944,32,4,644756,1319142,20632192,5276568,25908760,4,4,12,4,4,4,0,20,20,20260807,5,1,1,1,0,0,0,6677,0.278208,1,0.0015,0
3300,28940.7,7,0,2.19042,3.84658,0,0,0,6.037,361,361,0,1,2.94392,2.94392,1830,367,0,1235,0,0,0,0,0,1339,1785.99,0.953667,29.338,168732,12,29433,486,465155,48,117732,1944,32,4,644756,1319142,20632192,5276568,25908760,4,4,12,4,4,4,0,20,20,20260807,5,1,1,1,0,0,0,6677,0.278208,1,0.0015,0
3301,28951.5,10,0,2.0875,8.63521,0,0,0,10.7227,361,361,0,1,2.94392,2.94392,1830,367,0,1235,0,0,0,0,0,1339,1785.99,0.953667,29.338,168732,12,29433,486,465155,48,117732,1944,32,4,644756,1319142,20632192,5276568,25908760,4,4,12,4,4,4,0,20,20,20260807,5,1,1,1,0,0,0,6677,0.278208,1,0.0015,0
3302,28957.4,6,0,2.18879,3.5705,0,0,0,5.75929,361,361,0,1,2.94392,2.94392,1830,367,0,1235,0,0,0,0,0,1339,1785.99,0.953667,29.338,168732,12,29433,486,465155,48,117732,1944,32,4,644756,1319142,20632192,5276568,25908760,4,4,12,4,4,4,0,20,20,20260807,5,1,1,1,0,0,0,6677,0.278208,1,0.0015,0
3303,28967.7,11,0,2.12883,8.18533,0,0,0,10.3142,361,361,0,1,2.94392,2.94392,1830,367,0,1235,0,0,0,0,0,1339,1785.99,0.953667,29.338,168732,12,29433,486,465155,48,117732,1944,32,4,644756,1319142,20632192,5276568,25908760,4,4,12,4,4,4,0,20,20,20260807,5,1,1,1,0,0,0,6678,0.27825,1,0.0015,1
3304,28973.3,5,0,2.26371,3.23217,0,0,0,5.49587,361,361,0,1,2.94392,2.94392,1830,367,0,1235,0,0,0,0,0,1339,1785.99,0.953667,29.338,168732,12,29433,486,465155,48,117732,1944,32,4,644756,1319142,20632192,5276568,25908760,4,4,12,4,4,4,0,20,20,20260807,5,1,1,1,0,0,0,6678,0.27825,1,0.0015,0
3305,28984.3,11,0,2.07096,8.84358,0,0,0,10.9145,361,361,0,1,2.94392,2.94392,1830,367,0,1235,0,0,0,0,0,1339,1785.99,0.953667,29.338,168732,12,29433,486,465155,48,117732,1944,32,4,644756,1319142,20632192,5276568,25908760,4,4,12,4,4,4,0,20,20,20260807,5,1,1,1,0,0,0,6678,0.27825,1,0.0015,0
3306,28991,7,0,2.14863,4.45746,0,0,0,6.60608,361,361,0,1,2.94392,2.94392,1830,367,0,1235,0,0,0,0,0,1339,1785.99,0.953667,29.338,168732,12,29433,486,465155,48,117732,1944,32,4,644756,1319142,20632192,5276568,25908760,4,4,12,4,4,4,0,20,20,20260807,5,1,1,1,0,0,0,6678,0.27825,1,0.0015,0
3307,29001.1,10,0,2.05187,8.00779,0,0,0,10.0597,361,361,0,1,2.94392,2.94392,1830,367,0,1235,0,0,0,0,0,1339,1785.99,0.953667,29.338,168732,12,29433,486,465155,48,117732,1944,32,4,644756,1319142,20632192,5276568,25908760,4,4,12,4,4,4,0,20,20,20260807,5,1,1,1,0,0,0,6678,0.27825,1,0.0015,0
3308,29007.5,6,0,2.28225,3.98563,0,0,0,6.26788,361,361,0,1,2.94392,2.94392,1830,367,0,1235,0,0,0,0,0,1339,1785.99,0.953667,29.338,168732,12,29433,486,465155,48,117732,1944,32,4,644756,1319142,20632192,5276568,25908760,4,4,12,4,4,4,0,20,20,20260807,5,1,1,1,0,0,0,6678,0.27825,1,0.0015,0
3309,29017.7,11,0,2.12225,7.99763,0,0,0,10.1199,361,361,0,1,2.94392,2.94392,1830,367,0,1235,0,0,0,0,0,1339,1785.99,0.953667,29.338,168732,12,29433,486,465155,48,117732,1944,32,4,644756,1319142,20632192,5276568,25908760,4,4,12,4,4,4,0,20,20,20260807,5,1,1,1,0,0,0,6679,0.278292,1,0.0015,1
3310,29023.8,6,0,2.19454,3.88217,0,0,0,6.07671,361,361,0,1,2.94392,2.94392,1830,367,0,1235,0,0,0,0,0,1339,1785.99,0.953667,29.338,168732,12,29433,486,465155,48,117732,1944,32,4,644756,1319142,20632192,5276568,25908760,4,4,12,4,4,4,0,20,20,20260807,5,1,1,1,0,0,0,6679,0.278292,1,0.0015,0
3311,29034.2,10,0,2.05479,8.20096,0,0,0,10.2558,361,361,0,1,2.94392,2.94392,1830,367,0,1235,0,0,0,0,0,1339,1785.99,0.953667,29.338,168732,12,29433,486,465155,48,117732,1944,32,4,644756,1319142,20632192,5276568,25908760,4,4,12,4,4,4,0,20,20,20260807,5,1,1,1,0,0,0,6679,0.278292,1,0.0015,0
3312,29040.2,6,0,2.19121,3.73258,0,0,0,5.92379,361,361,0,1,2.94392,2.94392,1830,367,0,1235,0,0,0,0,0,1339,1785.99,0.953667,29.338,168732,12,29433,486,465155,48,117732,1944,32,4,644756,1319142,20632192,5276568,25908760,4,4,12,4,4,4,0,20,20,20260807,5,1,1,1,0,0,0,6679,0.278292,1,0.0015,0
3313,29050.8,11,0,2.18621,8.37883,0,0,0,10.565,361,361,0,1,2.94392,2.94392,1830,367,0,1235,0,0,0,0,0,1339,1785.99,0.953667,29.338,168732,12,29433,486,465155,48,117732,1944,32,4,644756,1319142,20632192,5276568,25908760,4,4,12,4,4,4,0,20,20,20260807,5,1,1,1,0,0,0,6679,0.278292,1,0.0015,0
3314,29056.9,6,0,2.1215,3.89817,0,0,0,6.01967,361,361,0,1,2.94392,2.94392,1830,367,0,1235,0,0,0,0,0,1339,1785.99,0.953667,29.338,168732,12,29433,486,465155,48,117732,1944,32,4,644756,1319142,20632192,5276568,25908760,4,4,12,4,4,4,0,20,20,20260807,5,1,1,1,0,0,0,6679,0.278292,1,0.0015,0
3315,29067.5,10,0,2.37517,8.115,0,0,0,10.4902,361,361,0,1,2.94392,2.94392,1830,367,0,1235,0,0,0,0,0,1339,1785.99,0.953667,29.338,168732,12,29433,486,465155,48,117732,1944,32,4,644756,1319142,20632192,5276568,25908760,4,4,12,4,4,4,0,20,20,20260807,5,1,1,1,0,0,0,6680,0.278333,1,0.0015,1
3316,29073.6,6,0,2.11738,3.86638,0,0,0,5.98375,361,361,0,1,2.94392,2.94392,1830,367,0,1235,0,0,0,0,0,1339,1785.99,0.953667,29.338,168732,12,29433,486,465155,48,117732,1944,32,4,644756,1319142,20632192,5276568,25908760,4,4,12,4,4,4,0,20,20,20260807,5,1,1,1,0,0,0,6680,0.278333,1,0.0015,0
3317,29085.2,12,0,2.14521,9.35121,0,0,0,11.4964,361,361,0,1,2.94392,2.94392,1830,367,0,1235,0,0,0,0,0,1339,1785.99,0.953667,29.338,168732,12,29433,486,465155,48,117732,1944,32,4,644756,1319142,20632192,5276568,25908760,4,4,12,4,4,4,0,20,20,20260807,5,1,1,1,0,0,0,6680,0.278333,1,0.0015,0
3318,29090.3,5,0,2.16058,2.93275,0,0,0,5.09333,361,361,0,1,2.94392,2.94392,1830,367,0,1235,0,0,0,0,0,1339,1785.99,0.953667,29.338,168732,12,29433,486,465155,48,117732,1944,32,4,644756,1319142,20632192,5276568,25908760,4,4,12,4,4,4,0,20,20,20260807,5,1,1,1,0,0,0,6680,0.278333,1,0.0015,0
3319,29100.9,11,0,2.14021,8.29258,0,0,0,10.4328,361,361,0,1,2.94392,2.94392,1830,367,0,1235,0,0,0,0,0,1339,1785.99,0.953667,29.338,168732,12,29433,486,465155,48,117732,1944,32,4,644756,1319142,20632192,5276568,25908760,4,4,12,4,4,4,0,20,20,20260807,5,1,1,1,0,0,0,6680,0.278333,1,0.0015,0
3320,29107.2,6,0,2.09458,4.06171,0,0,0,6.15629,361,361,0,1,2.94392,2.94392,1830,367,0,1235,0,0,0,0,0,1339,1785.99,0.953667,29.338,168732,12,29433,486,465155,48,117732,1944,32,4,644756,1319142,20632192,5276568,25908760,4,4,12,4,4,4,0,20,20,20260807,5,1,1,1,0,0,0,6680,0.278333,1,0.0015,0
3321,29117.5,10,0,2.16596,8.07896,0,0,0,10.2449,361,361,0,1,2.94392,2.94392,1830,367,0,1235,0,0,0,0,0,1339,1785.99,0.953667,29.338,168732,12,29433,486,465155,48,117732,1944,32,4,644756,1319142,20632192,5276568,25908760,4,4,12,4,4,4,0,20,20,20260807,5,1,1,1,0,0,0,6681,0.278375,1,0.0015,1
3322,29123.6,6,0,2.151,3.89938,0,0,0,6.05037,361,361,0,1,2.94392,2.94392,1830,367,0,1235,0,0,0,0,0,1339,1785.99,0.953667,29.338,168732,12,29433,486,465155,48,117732,1944,32,4,644756,1319142,20632192,5276568,25908760,4,4,12,4,4,4,0,20,20,20260807,5,1,1,1,0,0,0,6681,0.278375,1,0.0015,0
3323,29134.1,11,0,2.16625,8.28004,0,0,0,10.4463,361,361,0,1,2.94392,2.94392,1830,367,0,1235,0,0,0,0,0,1339,1785.99,0.953667,29.338,168732,12,29433,486,465155,48,117732,1944,32,4,644756,1319142,20632192,5276568,25908760,4,4,12,4,4,4,0,20,20,20260807,5,1,1,1,0,0,0,6681,0.278375,1,0.0015,0
3324,29140.3,6,0,2.18667,3.92883,0,0,0,6.1155,361,361,0,1,2.94392,2.94392,1830,367,0,1235,0,0,0,0,0,1339,1785.99,0.953667,29.338,168732,12,29433,486,465155,48,117732,1944,32,4,644756,1319142,20632192,5276568,25908760,4,4,12,4,4,4,0,20,20,20260807,5,1,1,1,0,0,0,6681,0.278375,1,0.0015,0
3325,29151.1,11,0,2.12092,8.53229,0,0,0,10.6532,361,361,0,1,2.94392,2.94392,1830,367,0,1235,0,0,0,0,0,1339,1785.99,0.953667,29.338,168732,12,29433,486,465155,48,117732,1944,32,4,644756,1319142,20632192,5276568,25908760,4,4,12,4,4,4,0,20,20,20260807,5,1,1,1,0,0,0,6681,0.278375,1,0.0015,0
3326,29156.9,6,0,2.15175,3.62408,0,0,0,5.77583,361,361,0,1,2.94392,2.94392,1830,367,0,1235,0,0,0,0,0,1339,1785.99,0.953667,29.338,168732,12,29433,486,465155,48,117732,1944,32,4,644756,1319142,20632192,5276568,25908760,4,4,12,4,4,4,0,20,20,20260807,5,1,1,1,0,0,0,6681,0.278375,1,0.0015,0
3327,29167.7,11,0,2.97604,7.69596,0,0,0,10.672,361,361,0,1,2.94392,2.94392,1830,367,0,1235,0,0,0,0,0,1339,1785.99,0.953667,29.338,168732,12,29433,486,465155,48,117732,1944,32,4,644756,1319142,20632192,5276568,25908760,4,4,12,4,4,4,0,20,20,20260807,5,1,1,1,0,0,0,6682,0.278417,1,0.0015,1
3328,29173.7,6,0,2.21783,3.74558,0,0,0,5.96342,361,361,0,1,2.94392,2.94392,1830,367,0,1235,0,0,0,0,0,1339,1785.99,0.953667,29.338,168732,12,29433,486,465155,48,117732,1944,32,4,644756,1319142,20632192,5276568,25908760,4,4,12,4,4,4,0,20,20,20260807,5,1,1,1,0,0,0,6682,0.278417,1,0.0015,0
3329,29185,11,0,2.12979,9.06008,0,0,0,11.1899,361,361,0,1,2.94392,2.94392,1830,367,0,1235,0,0,0,0,0,1339,1785.99,0.953667,29.338,168732,12,29433,486,465155,48,117732,1944,32,4,644756,1319142,20632192,5276568,25908760,4,4,12,4,4,4,0,20,20,20260807,5,1,1,1,0,0,0,6682,0.278417,1,0.0015,0
3330,29190.3,5,0,2.24854,2.90221,0,0,0,5.15075,361,361,0,1,2.94392,2.94392,1830,367,0,1235,0,0,0,0,0,1339,1785.99,0.953667,29.338,168732,12,29433,486,465155,48,117732,1944,32,4,644756,1319142,20632192,5276568,25908760,4,4,12,4,4,4,0,20,20,20260807,5,1,1,1,0,0,0,6682,0.278417,1,0.0015,0
3331,29201.5,11,0,2.13333,9.07233,0,0,0,11.2057,361,361,0,1,2.94392,2.94392,1830,367,0,1235,0,0,0,0,0,1339,1785.99,0.953667,29.338,168732,12,29433,486,465155,48,117732,1944,32,4,644756,1319142,20632192,5276568,25908760,4,4,12,4,4,4,0,20,20,20260807,5,1,1,1,0,0,0,6682,0.278417,1,0.0015,0
3332,29207.1,6,0,2.20408,3.29192,0,0,0,5.496,361,361,0,1,2.94392,2.94392,1830,367,0,1235,0,0,0,0,0,1339,1785.99,0.953667,29.338,168732,12,29433,486,465155,48,117732,1944,32,4,644756,1319142,20632192,5276568,25908760,4,4,12,4,4,4,0,20,20,20260807,5,1,1,1,0,0,0,6682,0.278417,1,0.0015,0
3333,29217.6,10,0,2.20571,7.82637,0,0,0,10.0321,361,361,0,1,2.94392,2.94392,1830,367,0,1235,0,0,0,0,0,1339,1785.99,0.953667,29.338,168732,12,29433,486,465155,48,117732,1944,32,4,644756,1319142,20632192,5276568,25908760,4,4,12,4,4,4,0,20,20,20260807,5,1,1,1,0,0,0,6683,0.278458,1,0.0015,1
3334,29223.4,5,0,2.18463,3.48625,0,0,0,5.67087,361,361,0,1,2.94392,2.94392,1830,367,0,1235,0,0,0,0,0,1339,1785.99,0.953667,29.338,168732,12,29433,486,465155,48,117732,1944,32,4,644756,1319142,20632192,5276568,25908760,4,4,12,4,4,4,0,20,20,20260807,5,1,1,1,0,0,0,6683,0.278458,1,0.0015,0
3335,29234.3,11,0,2.39525,8.45892,0,0,0,10.8542,361,361,0,1,2.94392,2.94392,1830,367,0,1235,0,0,0,0,0,1339,1785.99,0.953667,29.338,168732,12,29433,486,465155,48,117732,1944,32,4,644756,1319142,20632192,5276568,25908760,4,4,12,4,4,4,0,20,20,20260807,5,1,1,1,0,0,0,6683,0.278458,1,0.0015,0
3336,29240,6,0,2.11442,3.53583,0,0,0,5.65025,361,361,0,1,2.94392,2.94392,1830,367,0,1235,0,0,0,0,0,1339,1785.99,0.953667,29.338,168732,12,29433,486,465155,48,117732,1944,32,4,644756,1319142,20632192,5276568,25908760,4,4,12,4,4,4,0,20,20,20260807,5,1,1,1,0,0,0,6683,0.278458,1,0.0015,0
3337,29250.8,11,0,2.04729,8.70592,0,0,0,10.7532,361,361,0,1,2.94392,2.94392,1830,367,0,1235,0,0,0,0,0,1339,1785.99,0.953667,29.338,168732,12,29433,486,465155,48,117732,1944,32,4,644756,1319142,20632192,5276568,25908760,4,4,12,4,4,4,0,20,20,20260807,5,1,1,1,0,0,0,6683,0.278458,1,0.0015,0
3338,29257.6,6,0,2.17554,4.53358,0,0,0,6.70913,361,361,0,1,2.94392,2.94392,1830,367,0,1235,0,0,0,0,0,1339,1785.99,0.953667,29.338,168732,12,29433,486,465155,48,117732,1944,32,4,644756,1319142,20632192,5276568,25908760,4,4,12,4,4,4,0,20,20,20260807,5,1,1,1,0,0,0,6683,0.278458,1,0.0015,0
3339,29267.5,10,0,2.12579,7.68146,0,0,0,9.80725,361,361,0,1,2.94392,2.94392,1830,367,0,1235,0,0,0,0,0,1339,1785.99,0.953667,29.338,168732,12,29433,486,465155,48,117732,1944,32,4,644756,1319142,20632192,5276568,25908760,4,4,12,4,4,4,0,20,20,20260807,5,1,1,1,0,0,0,6684,0.2785,1,0.0015,1
3340,29273.7,7,0,2.15779,3.91933,0,0,0,6.07712,361,361,0,1,2.94392,2.94392,1830,367,0,1235,0,0,0,0,0,1339,1785.99,0.953667,29.338,168732,12,29433,486,465155,48,117732,1944,32,4,644756,1319142,20632192,5276568,25908760,4,4,12,4,4,4,0,20,20,20260807,5,1,1,1,0,0,0,6684,0.2785,1,0.0015,0
3341,29284.3,10,0,2.08838,8.39687,0,0,0,10.4853,361,361,0,1,2.94392,2.94392,1830,367,0,1235,0,0,0,0,0,1339,1785.99,0.953667,29.338,168732,12,29433,486,465155,48,117732,1944,32,4,644756,1319142,20632192,5276568,25908760,4,4,12,4,4,4,0,20,20,20260807,5,1,1,1,0,0,0,6684,0.2785,1,0.0015,0
3342,29290.7,7,0,2.14746,4.19375,0,0,0,6.34121,361,361,0,1,2.94392,2.94392,1830,367,0,1235,0,0,0,0,0,1339,1785.99,0.953667,29.338,168732,12,29433,486,465155,48,117732,1944,32,4,644756,1319142,20632192,5276568,25908760,4,4,12,4,4,4,0,20,20,20260807,5,1,1,1,0,0,0,6684,0.2785,1,0.0015,0
3343,29300.8,10,0,2.08946,7.96521,0,0,0,10.0547,361,361,0,1,2.94392,2.94392,1830,367,0,1235,0,0,0,0,0,1339,1785.99,0.953667,29.338,168732,12,29433,486,465155,48,117732,1944,32,4,644756,1319142,20632192,5276568,25908760,4,4,12,4,4,4,0,20,20,20260807,5,1,1,1,0,0,0,6684,0.2785,1,0.0015,0
3344,29309.4,8,0,2.127,6.41287,0,0,0,8.53988,361,361,0,1,2.94392,2.94392,1830,367,0,1235,0,0,0,0,0,1339,1785.99,0.953667,29.338,168732,12,29433,486,465155,48,117732,1944,32,4,644756,1319142,20632192,5276568,25908760,4,4,12,4,4,4,0,20,20,20260807,5,1,1,1,0,0,0,6684,0.2785,1,0.0015,0
3345,29317.5,8,0,2.13958,5.72758,0,0,0,7.86717,361,361,0,1,2.94392,2.94392,1830,367,0,1235,0,0,0,0,0,1339,1785.99,0.953667,29.338,168732,12,29433,486,465155,48,117732,1944,32,4,644756,1319142,20632192,5276568,25908760,4,4,12,4,4,4,0,20,20,20260807,5,1,1,1,0,0,0,6685,0.278542,1,0.0015,1
3346,29323.7,7,0,2.0215,4.15062,0,0,0,6.17213,361,361,0,1,2.94392,2.94392,1830,367,0,1235,0,0,0,0,0,1339,1785.99,0.953667,29.338,168732,12,29433,486,465155,48,117732,1944,32,4,644756,1319142,20632192,5276568,25908760,4,4,12,4,4,4,0,20,20,20260807,5,1,1,1,0,0,0,6685,0.278542,1,0.0015,0
3347,29334.3,10,0,2.10004,8.42,0,0,0,10.52,361,361,0,1,2.94392,2.94392,1830,367,0,1235,0,0,0,0,0,1339,1785.99,0.953667,29.338,168732,12,29433,486,465155,48,117732,1944,32,4,644756,1319142,20632192,5276568,25908760,4,4,12,4,4,4,0,20,20,20260807,5,1,1,1,0,0,0,6685,0.278542,1,0.0015,0
3348,29340.5,6,0,2.11233,3.87183,0,0,0,5.98417,361,361,0,1,2.94392,2.94392,1830,367,0,1235,0,0,0,0,0,1339,1785.99,0.953667,29.338,168732,12,29433,486,465155,48,117732,1944,32,4,644756,1319142,20632192,5276568,25908760,4,4,12,4,4,4,0,20,20,20260807,5,1,1,1,0,0,0,6685,0.278542,1,0.0015,0
3349,29351.3,11,0,2.09375,8.67542,0,0,0,10.7692,361,361,0,1,2.94392,2.94392,1830,367,0,1235,0,0,0,0,0,1339,1785.99,0.953667,29.338,168732,12,29433,486,465155,48,117732,1944,32,4,644756,1319142,20632192,5276568,25908760,4,4,12,4,4,4,0,20,20,20260807,5,1,1,1,0,0,0,6685,0.278542,1,0.0015,0
3350,29357.2,6,0,2.14179,3.62871,0,0,0,5.7705,361,361,0,1,2.94392,2.94392,1830,367,0,1235,0,0,0,0,0,1339,1785.99,0.953667,29.338,168732,12,29433,486,465155,48,117732,1944,32,4,644756,1319142,20632192,5276568,25908760,4,4,12,4,4,4,0,20,20,20260807,5,1,1,1,0,0,0,6685,0.278542,1,0.0015,0
3351,29374.3,17,0,2.11092,14.969,0,0,0,17.0799,361,361,0,1,2.94392,2.94392,1830,367,0,1235,0,0,0,0,0,1339,1785.99,0.953667,29.338,168732,12,29433,486,465155,48,117732,1944,32,4,644756,1319142,20632192,5276568,25908760,4,4,12,4,4,4,0,20,20,20260807,5,1,1,1,0,0,0,6686,0.278583,1,0.0015,1
3352,29384.6,10,0,2.21346,8.01775,0,0,0,10.2312,361,361,0,1,2.94392,2.94392,1830,367,0,1235,0,0,0,0,0,1339,1785.99,0.953667,29.338,168732,12,29433,486,465155,48,117732,1944,32,4,644756,1319142,20632192,5276568,25908760,4,4,12,4,4,4,0,20,20,20260807,5,1,1,1,0,0,0,6686,0.278583,1,0.0015,0
3353,29390.5,6,0,2.14908,3.62325,0,0,0,5.77233,361,361,0,1,2.94392,2.94392,1830,367,0,1235,0,0,0,0,0,1339,1785.99,0.953667,29.338,168732,12,29433,486,465155,48,117732,1944,32,4,644756,1319142,20632192,5276568,25908760,4,4,12,4,4,4,0,20,20,20260807,5,1,1,1,0,0,0,6686,0.278583,1,0.0015,0
3354,29401.5,11,0,2.37425,8.54858,0,0,0,10.9228,361,361,0,1,2.94392,2.94392,1830,367,0,1235,0,0,0,0,0,1339,1785.99,0.953667,29.338,168732,12,29433,486,465155,48,117732,1944,32,4,644756,1319142,20632192,5276568,25908760,4,4,12,4,4,4,0,20,20,20260807,5,1,1,1,0,0,0,6686,0.278583,1,0.0015,0
3355,29407.7,7,0,2.14133,3.96104,0,0,0,6.10238,361,361,0,1,2.94392,2.94392,1830,367,0,1235,0,0,0,0,0,1339,1785.99,0.953667,29.338,168732,12,29433,486,465155,48,117732,1944,32,4,644756,1319142,20632192,5276568,25908760,4,4,12,4,4,4,0,20,20,20260807,5,1,1,1,0,0,0,6686,0.278583,1,0.0015,0
3356,29418,10,0,2.12513,8.06921,0,0,0,10.1943,361,361,0,1,2.94392,2.94392,1830,367,0,1235,0,0,0,0,0,1339,1785.99,0.953667,29.338,168732,12,29433,486,465155,48,117732,1944,32,4,644756,1319142,20632192,5276568,25908760,4,4,12,4,4,4,0,20,20,20260807,5,1,1,1,0,0,0,6687,0.278625,1,0.0015,1
3357,29425.3,7,0,2.22046,5.01271,0,0,0,7.23317,361,361,0,1,2.94392,2.94392,1830,367,0,1235,0,0,0,0,0,1339,1785.99,0.953667,29.338,168732,12,29433,486,465155,48,117732,1944,32,4,644756,1319142,20632192,5276568,25908760,4,4,12,4,4,4,0,20,20,20260807,5,1,1,1,0,0,0,6687,0.278625,1,0.0015,0
3358,29434.2,9,0,2.11908,6.74117,0,0,0,8.86025,361,361,0,1,2.94392,2.94392,1830,367,0,1235,0,0,0,0,0,1339,1785.99,0.953667,29.338,168732,12,29433,486,465155,48,117732,1944,32,4,644756,1319142,20632192,5276568,25908760,4,4,12,4,4,4,0,20,20,20260807,5,1,1,1,0,0,0,6687,0.278625,1,0.0015,0
3359,29443.3,9,0,2.172,6.80767,0,0,0,8.97967,361,361,0,1,2.94392,2.94392,1830,367,0,1235,0,0,0,0,0,1339,1785.99,0.953667,29.338,168732,12,29433,486,465155,48,117732,1944,32,4,644756,1319142,20632192,5276568,25908760,4,4,12,4,4,4,0,20,20,20260807,5,1,1,1,0,0,0,6687,0.278625,1,0.0015,0
3360,29451.3,8,0,2.39588,5.58179,0,0,0,7.97767,361,361,0,1,2.94392,2.94392,1830,367,0,1235,0,0,0,0,0,1339,1785.99,0.953667,29.338,168732,12,29433,486,465155,48,117732,1944,32,4,644756,1319142,20632192,5276568,25908760,4,4,12,4,4,4,0,20,20,20260807,5,1,1,1,0,0,0,6687,0.278625,1,0.0015,0
3361,29457.2,6,0,2.63967,3.19238,0,0,0,5.83204,361,361,0,1,2.94392,2.94392,1830,367,0,1235,0,0,0,0,0,1339,1785.99,0.953667,29.338,168732,12,29433,486,465155,48,117732,1944,32,4,644756,1319142,20632192,5276568,25908760,4,4,12,4,4,4,0,20,20,20260807,5,1,1,1,0,0,0,6687,0.278625,1,0.0015,0
3362,29470.7,14,0,2.53946,10.871,0,0,0,13.4105,361,361,0,1,2.94392,2.94392,1830,367,0,1235,0,0,0,0,0,1339,1785.99,0.953667,29.338,168732,12,29433,486,465155,48,117732,1944,32,4,644756,1319142,20632192,5276568,25908760,4,4,12,4,4,4,0,20,20,20260807,5,1,1,1,0,0,0,6688,0.278667,1,0.0015,1
3363,29476.8,6,0,2.31842,3.64062,0,0,0,5.95904,361,361,0,1,2.94392,2.94392,1830,367,0,1235,0,0,0,0,0,1339,1785.99,0.953667,29.338,168732,12,29433,486,465155,48,117732,1944,32,4,644756,1319142,20632192,5276568,25908760,4,4,12,4,4,4,0,20,20,20260807,5,1,1,1,0,0,0,6688,0.278667,1,0.0015,0
3364,29485.5,8,0,2.2395,6.40412,0,0,0,8.64363,361,361,0,1,2.94392,2.94392,1830,367,0,1235,0,0,0,0,0,1339,1785.99,0.953667,29.338,168732,12,29433,486,465155,48,117732,1944,32,4,644756,1319142,20632192,5276568,25908760,4,4,12,4,4,4,0,20,20,20260807,5,1,1,1,0,0,0,6688,0.278667,1,0.0015,0
3365,29493.3,8,0,2.48158,5.19492,0,0,0,7.6765,361,361,0,1,2.94392,2.94392,1830,367,0,1235,0,0,0,0,0,1339,1785.99,0.953667,29.338,168732,12,29433,486,465155,48,117732,1944,32,4,644756,1319142,20632192,5276568,25908760,4,4,12,4,4,4,0,20,20,20260807,5,1,1,1,0,0,0,6688,0.278667,1,0.0015,0
3366,29500.9,8,0,2.45029,5.09008,0,0,0,7.54038,361,361,0,1,2.94392,2.94392,1830,367,0,1235,0,0,0,0,0,1339,1785.99,0.953667,29.338,168732,12,29433,486,465155,48,117732,1944,32,4,644756,1319142,20632192,5276568,25908760,4,4,12,4,4,4,0,20,20,20260807,5,1,1,1,0,0,0,6688,0.278667,1,0.0015,0
3367,29507.8,7,0,2.5125,4.34229,0,0,0,6.85479,361,361,0,1,2.94392,2.94392,1830,367,0,1235,0,0,0,0,0,1339,1785.99,0.953667,29.338,168732,12,29433,486,465155,48,117732,1944,32,4,644756,1319142,20632192,5276568,25908760,4,4,12,4,4,4,0,20,20,20260807,5,1,1,1,0,0,0,6688,0.278667,1,0.0015,0
3368,29518.5,10,0,2.16396,8.4005,0,0,0,10.5645,361,361,0,1,2.94392,2.94392,1830,367,0,1235,0,0,0,0,0,1339,1785.99,0.953667,29.338,168732,12,29433,486,465155,48,117732,1944,32,4,644756,1319142,20632192,5276568,25908760,4,4,12,4,4,4,0,20,20,20260807,5,1,1,1,0,0,0,6689,0.278708,1,0.0015,1
3369,29523.7,6,0,2.22492,2.89775,0,0,0,5.12267,361,361,0,1,2.94392,2.94392,1830,367,0,1235,0,0,0,0,0,1339,1785.99,0.953667,29.338,168732,12,29433,486,465155,48,117732,1944,32,4,644756,1319142,20632192,5276568,25908760,4,4,12,4,4,4,0,20,20,20260807,5,1,1,1,0,0,0,6689,0.278708,1,0.0015,0
3370,29534.1,10,0,2.20375,8.13729,0,0,0,10.341,361,361,0,1,2.94392,2.94392,1830,367,0,1235,0,0,0,0,0,1339,1785.99,0.953667,29.338,168732,12,29433,486,465155,48,117732,1944,32,4,644756,1319142,20632192,5276568,25908760,4,4,12,4,4,4,0,20,20,20260807,5,1,1,1,0,0,0,6689,0.278708,1,0.0015,0
3371,29540.3,6,0,2.049,4.05521,0,0,0,6.10421,361,361,0,1,2.94392,2.94392,1830,367,0,1235,0,0,0,0,0,1339,1785.99,0.953667,29.338,168732,12,29433,486,465155,48,117732,1944,32,4,644756,1319142,20632192,5276568,25908760,4,4,12,4,4,4,0,20,20,20260807,5,1,1,1,0,0,0,6689,0.278708,1,0.0015,0
3372,29551.1,11,0,2.58458,8.1865,0,0,0,10.7711,361,361,0,1,2.94392,2.94392,1830,367,0,1235,0,0,0,0,0,1339,1785.99,0.953667,29.338,168732,12,29433,486,465155,48,117732,1944,32,4,644756,1319142,20632192,5276568,25908760,4,4,12,4,4,4,0,20,20,20260807,5,1,1,1,0,0,0,6689,0.278708,1,0.0015,0
3373,29558.3,7,0,2.10471,4.96488,0,0,0,7.06958,361,361,0,1,2.94392,2.94392,1830,367,0,1235,0,0,0,0,0,1339,1785.99,0.953667,29.338,168732,12,29433,486,465155,48,117732,1944,32,4,644756,1319142,20632192,5276568,25908760,4,4,12,4,4,4,0,20,20,20260807,5,1,1,1,0,0,0,6689,0.278708,1,0.0015,0
3374,29569.1,11,0,2.12025,8.54625,0,0,0,10.6665,361,361,0,1,2.94392,2.94392,1830,367,0,1235,0,0,0,0,0,1339,1785.99,0.953667,29.338,168732,12,29433,486,465155,48,117732,1944,32,4,644756,1319142,20632192,5276568,25908760,4,4,12,4,4,4,0,20,20,20260807,5,1,1,1,0,0,0,6690,0.27875,1,0.0015,1
3375,29574.7,6,0,2.19762,3.36146,0,0,0,5.55908,361,361,0,1,2.94392,2.94392,1830,367,0,1235,0,0,0,0,0,1339,1785.99,0.953667,29.338,168732,12,29433,486,465155,48,117732,1944,32,4,644756,1319142,20632192,5276568,25908760,4,4,12,4,4,4,0,20,20,20260807,5,1,1,1,0,0,0,6690,0.27875,1,0.0015,0
3376,29584.3,9,0,2.05437,7.48837,0,0,0,9.54275,361,361,0,1,2.94392,2.94392,1830,367,0,1235,0,0,0,0,0,1339,1785.99,0.953667,29.338,168732,12,29433,486,465155,48,117732,1944,32,4,644756,1319142,20632192,5276568,25908760,4,4,12,4,4,4,0,20,20,20260807,5,1,1,1,0,0,0,6690,0.27875,1,0.0015,0
3377,29590.8,7,0,2.16329,4.26558,0,0,0,6.42887,361,361,0,1,2.94392,2.94392,1830,367,0,1235,0,0,0,0,0,1339,1785.99,0.953667,29.338,168732,12,29433,486,465155,48,117732,1944,32,4,644756,1319142,20632192,5276568,25908760,4,4,12,4,4,4,0,20,20,20260807,5,1,1,1,0,0,0,6690,0.27875,1,0.0015,0
3378,29601,10,0,2.23054,7.82421,0,0,0,10.0548,361,361,0,1,2.94392,2.94392,1830,367,0,1235,0,0,0,0,0,1339,1785.99,0.953667,29.338,168732,12,29433,486,465155,48,117732,1944,32,4,644756,1319142,20632192,5276568,25908760,4,4,12,4,4,4,0,20,20,20260807,5,1,1,1,0,0,0,6690,0.27875,1,0.0015,0
3379,29607.9,7,0,2.26771,4.523,0,0,0,6.79071,361,361,0,1,2.94392,2.94392,1830,367,0,1235,0,0,0,0,0,1339,1785.99,0.953667,29.338,168732,12,29433,486,465155,48,117732,1944,32,4,644756,1319142,20632192,5276568,25908760,4,4,12,4,4,4,0,20,20,20260807,5,1,1,1,0,0,0,6690,0.27875,1,0.0015,0
3380,29618,10,0,2.31025,7.75825,0,0,0,10.0685,361,361,0,1,2.94392,2.94392,1830,367,0,1235,0,0,0,0,0,1339,1785.99,0.953667,29.338,168732,12,29433,486,465155,48,117732,1944,32,4,644756,1319142,20632192,5276568,25908760,4,4,12,4,4,4,0,20,20,20260807,5,1,1,1,0,0,0,6691,0.278792,1,0.0015,1
3381,29623.8,6,0,2.23483,3.46821,0,0,0,5.70304,361,361,0,1,2.94392,2.94392,1830,367,0,1235,0,0,0,0,0,1339,1785.99,0.953667,29.338,168732,12,29433,486,465155,48,117732,1944,32,4,644756,1319142,20632192,5276568,25908760,4,4,12,4,4,4,0,20,20,20260807,5,1,1,1,0,0,0,6691,0.278792,1,0.0015,0
3382,29634.5,10,0,2.12083,8.49092,0,0,0,10.6118,361,361,0,1,2.94392,2.94392,1830,367,0,1235,0,0,0,0,0,1339,1785.99,0.953667,29.338,168732,12,29433,486,465155,48,117732,1944,32,4,644756,1319142,20632192,5276568,25908760,4,4,12,4,4,4,0,20,20,20260807,5,1,1,1,0,0,0,6691,0.278792,1,0.0015,0
3383,29640.6,6,0,2.15492,3.83067,0,0,0,5.98558,361,361,0,1,2.94392,2.94392,1830,367,0,1235,0,0,0,0,0,1339,1785.99,0.953667,29.338,168732,12,29433,486,465155,48,117732,1944,32,4,644756,1319142,20632192,5276568,25908760,4,4,12,4,4,4,0,20,20,20260807,5,1,1,1,0,0,0,6691,0.278792,1,0.0015,0
3384,29651.1,11,0,2.88892,7.55579,0,0,0,10.4447,361,361,0,1,2.94392,2.94392,1830,367,0,1235,0,0,0,0,0,1339,1785.99,0.953667,29.338,168732,12,29433,486,465155,48,117732,1944,32,4,644756,1319142,20632192,5276568,25908760,4,4,12,4,4,4,0,20,20,20260807,5,1,1,1,0,0,0,6691,0.278792,1,0.0015,0
3385,29657.4,6,0,2.248,3.93029,0,0,0,6.17829,361,361,0,1,2.94392,2.94392,1830,367,0,1235,0,0,0,0,0,1339,1785.99,0.953667,29.338,168732,12,29433,486,465155,48,117732,1944,32,4,644756,1319142,20632192,5276568,25908760,4,4,12,4,4,4,0,20,20,20260807,5,1,1,1,0,0,0,6691,0.278792,1,0.0015,0
3386,29667.7,12,0,2.22825,8.08742,0,0,0,10.3157,361,361,0,1,2.94392,2.94392,1830,367,0,1235,0,0,0,0,0,1339,1785.99,0.953667,29.338,168732,12,29433,486,465155,48,117732,1944,32,4,644756,1319142,20632192,5276568,25908760,4,4,12,4,4,4,0,20,20,20260807,5,1,1,1,0,0,0,6692,0.278833,1,0.0015,1
3387,29674,6,0,2.23963,3.86912,0,0,0,6.10875,361,361,0,1,2.94392,2.94392,1830,367,0,1235,0,0,0,0,0,1339,1785.99,0.953667,29.338,168732,12,29433,486,465155,48,117732,1944,32,4,644756,1319142,20632192,5276568,25908760,4,4,12,4,4,4,0,20,20,20260807,5,1,1,1,0,0,0,6692,0.278833,1,0.0015,0
3388,29685,11,0,2.13229,8.86729,0,0,0,10.9996,361,361,0,1,2.94392,2.94392,1830,367,0,1235,0,0,0,0,0,1339,1785.99,0.953667,29.338,168732,12,29433,486,465155,48,117732,1944,32,4,644756,1319142,20632192,5276568,25908760,4,4,12,4,4,4,0,20,20,20260807,5,1,1,1,0,0,0,6692,0.278833,1,0.0015,0
3389,29690.5,5,0,2.15004,3.19746,0,0,0,5.3475,361,361,0,1,2.94392,2.94392,1830,367,0,1235,0,0,0,0,0,1339,1785.99,0.953667,29.338,168732,12,29433,486,465155,48,117732,1944,32,4,644756,1319142,20632192,5276568,25908760,4,4,12,4,4,4,0,20,20,20260807,5,1,1,1,0,0,0,6692,0.278833,1,0.0015,0
3390,29700.9,11,0,2.14375,8.21213,0,0,0,10.3559,361,361,0,1,2.94392,2.94392,1830,367,0,1235,0,0,0,0,0,1339,1785.99,0.953667,29.338,168732,12,29433,486,465155,48,117732,1944,32,4,644756,1319142,20632192,5276568,25908760,4,4,12,4,4,4,0,20,20,20260807,5,1,1,1,0,0,0,6692,0.278833,1,0.0015,0
3391,29708.8,8,0,2.17254,5.61088,0,0,0,7.78342,361,361,0,1,2.94392,2.94392,1830,367,0,1235,0,0,0,0,0,1339,1785.99,0.953667,29.338,168732,12,29433,486,465155,48,117732,1944,32,4,644756,1319142,20632192,5276568,25908760,4,4,12,4,4,4,0,20,20,20260807,5,1,1,1,0,0,0,6692,0.278833,1,0.0015,0
3392,29718.1,9,0,2.09421,7.15617,0,0,0,9.25038,361,361,0,1,2.94392,2.94392,1830,367,0,1235,0,0,0,0,0,1339,1785.99,0.953667,29.338,168732,12,29433,486,465155,48,117732,1944,32,4,644756,1319142,20632192,5276568,25908760,4,4,12,4,4,4,0,20,20,20260807,5,1,1,1,0,0,0,6693,0.278875,1,0.0015,1
3393,29724.5,6,0,2.23033,4.11613,0,0,0,6.34646,361,361,0,1,2.94392,2.94392,1830,367,0,1235,0,0,0,0,0,1339,1785.99,0.953667,29.338,168732,12,29433,486,465155,48,117732,1944,32,4,644756,1319142,20632192,5276568,25908760,4,4,12,4,4,4,0,20,20,20260807,5,1,1,1,0,0,0,6693,0.278875,1,0.0015,0
3394,29734.4,10,0,2.17021,7.605,0,0,0,9.77521,361,361,0,1,2.94392,2.94392,1830,367,0,1235,0,0,0,0,0,1339,1785.99,0.953667,29.338,168732,12,29433,486,465155,48,117732,1944,32,4,644756,1319142,20632192,5276568,25908760,4,4,12,4,4,4,0,20,20,20260807,5,1,1,1,0,0,0,6693,0.278875,1,0.0015,0
3395,29743.1,9,0,2.31075,6.29312,0,0,0,8.60388,361,361,0,1,2.94392,2.94392,1830,367,0,1235,0,0,0,0,0,1339,1785.99,0.953667,29.338,168732,12,29433,486,465155,48,117732,1944,32,4,644756,1319142,20632192,5276568,25908760,4,4,12,4,4,4,0,20,20,20260807,5,1,1,1,0,0,0,6693,0.278875,1,0.0015,0
3396,29751,8,0,2.19567,5.59646,0,0,0,7.79213,361,361,0,1,2.94392,2.94392,1830,367,0,1235,0,0,0,0,0,1339,1785.99,0.953667,29.338,168732,12,29433,486,465155,48,117732,1944,32,4,644756,1319142,20632192,5276568,25908760,4,4,12,4,4,4,0,20,20,20260807,5,1,1,1,0,0,0,6693,0.278875,1,0.0015,0
3397,29757,6,0,2.46537,3.54137,0,0,0,6.00675,361,361,0,1,2.94392,2.94392,1830,367,0,1235,0,0,0,0,0,1339,1785.99,0.953667,29.338,168732,12,29433,486,465155,48,117732,1944,32,4,644756,1319142,20632192,5276568,25908760,4,4,12,4,4,4,0,20,20,20260807,5,1,1,1,0,0,0,6693,0.278875,1,0.0015,0
3398,29768.2,11,0,2.25379,8.78846,0,0,0,11.0422,361,361,0,1,2.94392,2.94392,1830,367,0,1235,0,0,0,0,0,1339,1785.99,0.953667,29.338,168732,12,29433,486,465155,48,117732,1944,32,4,644756,1319142,20632192,5276568,25908760,4,4,12,4,4,4,0,20,20,20260807,5,1,1,1,0,0,0,6694,0.278917,1,0.0015,1
3399,29776.7,9,0,5.14058,3.22538,0,0,0,8.36596,361,361,0,1,2.94392,2.94392,1830,367,0,1235,0,0,0,0,0,1339,1785.99,0.953667,29.338,168732,12,29433,486,465155,48,117732,1944,32,4,644756,1319142,20632192,5276568,25908760,4,4,12,4,4,4,0,20,20,20260807,5,1,1,1,0,0,0,6694,0.278917,1,0.0015,0
3400,29788.5,11,0,2.14758,9.64521,0,0,0,11.7928,361,361,0,1,2.94392,2.94392,1830,367,0,1235,0,0,0,0,0,1339,1785.99,0.953667,29.338,168732,12,29433,486,465155,48,117732,1944,32,4,644756,1319142,20632192,5276568,25908760,4,4,12,4,4,4,0,20,20,20260807,5,1,1,1,0,0,0,6694,0.278917,1,0.0015,0
3401,29801.1,13,0,2.30583,10.212,0,0,0,12.5178,361,361,0,1,2.94392,2.94392,1830,367,0,1235,0,0,0,0,0,1339,1785.99,0.953667,29.338,168732,12,29433,486,465155,48,117732,1944,32,4,644756,1319142,20632192,5276568,25908760,4,4,12,4,4,4,0,20,20,20260807,5,1,1,1,0,0,0,6694,0.278917,1,0.0015,0
3402,29811.8,11,0,2.31367,8.21092,0,0,0,10.5246,361,361,0,1,2.94392,2.94392,1830,367,0,1235,0,0,0,0,0,1339,1785.99,0.953667,29.338,168732,12,29433,486,465155,48,117732,1944,32,4,644756,1319142,20632192,5276568,25908760,4,4,12,4,4,4,0,20,20,20260807,5,1,1,1,0,0,0,6694,0.278917,1,0.0015,0
3403,29818.2,6,0,2.98813,3.31046,0,0,0,6.29858,361,361,0,1,2.94392,2.94392,1830,367,0,1235,0,0,0,0,0,1339,1785.99,0.953667,29.338,168732,12,29433,486,465155,48,117732,1944,32,4,644756,1319142,20632192,5276568,25908760,4,4,12,4,4,4,0,20,20,20260807,5,1,1,1,0,0,0,6695,0.278958,1,0.0015,1
3404,29823.7,6,0,2.31429,3.1605,0,0,0,5.47479,361,361,0,1,2.94392,2.94392,1830,367,0,1235,0,0,0,0,0,1339,1785.99,0.953667,29.338,168732,12,29433,486,465155,48,117732,1944,32,4,644756,1319142,20632192,5276568,25908760,4,4,12,4,4,4,0,20,20,20260807,5,1,1,1,0,0,0,6695,0.278958,1,0.0015,0
3405,29835.3,11,0,2.66138,8.7995,0,0,0,11.4609,361,361,0,1,2.94392,2.94392,1830,367,0,1235,0,0,0,0,0,1339,1785.99,0.953667,29.338,168732,12,29433,486,465155,48,117732,1944,32,4,644756,1319142,20632192,5276568,25908760,4,4,12,4,4,4,0,20,20,20260807,5,1,1,1,0,0,0,6695,0.278958,1,0.0015,0
3406,29840.9,6,0,2.43754,3.15875,0,0,0,5.59629,361,361,0,1,2.94392,2.94392,1830,367,0,1235,0,0,0,0,0,1339,1785.99,0.953667,29.338,168732,12,29433,486,465155,48,117732,1944,32,4,644756,1319142,20632192,5276568,25908760,4,4,12,4,4,4,0,20,20,20260807,5,1,1,1,0,0,0,6695,0.278958,1,0.0015,0
3407,29851.2,10,0,2.24308,7.96321,0,0,0,10.2063,361,361,0,1,2.94392,2.94392,1830,367,0,1235,0,0,0,0,0,1339,1785.99,0.953667,29.338,168732,12,29433,486,465155,48,117732,1944,32,4,644756,1319142,20632192,5276568,25908760,4,4,12,4,4,4,0,20,20,20260807,5,1,1,1,0,0,0,6695,0.278958,1,0.0015,0
3408,29856.6,5,0,2.32329,2.93425,0,0,0,5.25754,361,361,0,1,2.94392,2.94392,1830,367,0,1235,0,0,0,0,0,1339,1785.99,0.953667,29.338,168732,12,29433,486,465155,48,117732,1944,32,4,644756,1319142,20632192,5276568,25908760,4,4,12,4,4,4,0,20,20,20260807,5,1,1,1,0,0,0,6695,0.278958,1,0.0015,0
3409,29869.3,13,0,2.35975,10.2735,0,0,0,12.6333,361,361,0,1,2.94392,2.94392,1830,367,0,1235,0,0,0,0,0,1339,1785.99,0.953667,29.338,168732,12,29433,486,465155,48,117732,1944,32,4,644756,1319142,20632192,5276568,25908760,4,4,12,4,4,4,0,20,20,20260807,5,1,1,1,0,0,0,6696,0.279,1,0.0015,1
3410,29875.8,7,0,2.15246,4.32325,0,0,0,6.47571,361,361,0,1,2.94392,2.94392,1830,367,0,1235,0,0,0,0,0,1339,1785.99,0.953667,29.338,168732,12,29433,486,465155,48,117732,1944,32,4,644756,1319142,20632192,5276568,25908760,4,4,12,4,4,4,0,20,20,20260807,5,1,1,1,0,0,0,6696,0.279,1,0.0015,0
3411,29884.7,9,0,2.12929,6.69229,0,0,0,8.82158,361,361,0,1,2.94392,2.94392,1830,367,0,1235,0,0,0,0,0,1339,1785.99,0.953667,29.338,168732,12,29433,486,465155,48,117732,1944,32,4,644756,1319142,20632192,5276568,25908760,4,4,12,4,4,4,0,20,20,20260807,5,1,1,1,0,0,0,6696,0.279,1,0.0015,0
3412,29891.4,6,0,2.3165,4.24417,0,0,0,6.56067,361,361,0,1,2.94392,2.94392,1830,367,0,1235,0,0,0,0,0,1339,1785.99,0.953667,29.338,168732,12,29433,486,465155,48,117732,1944,32,4,644756,1319142,20632192,5276568,25908760,4,4,12,4,4,4,0,20,20,20260807,5,1,1,1,0,0,0,6696,0.279,1,0.0015,0
3413,29903.9,13,0,2.13238,10.3343,0,0,0,12.4666,361,361,0,1,2.94392,2.94392,1830,367,0,1235,0,0,0,0,0,1339,1785.99,0.953667,29.338,168732,12,29433,486,465155,48,117732,1944,32,4,644756,1319142,20632192,5276568,25908760,4,4,12,4,4,4,0,20,20,20260807,5,1,1,1,0,0,0,6696,0.279,1,0.0015,0
3414,29920.4,16,0,2.36979,13.9984,0,0,0,16.3682,361,361,0,1,2.94392,2.94392,1830,367,0,1235,0,0,0,0,0,1339,1785.99,0.953667,29.338,168732,12,29433,486,465155,48,117732,1944,32,4,644756,1319142,20632192,5276568,25908760,4,4,12,4,4,4,0,20,20,20260807,5,1,1,1,0,0,0,6697,0.279042,1,0.0015,1
3415,29935.9,16,0,2.36129,13.0411,0,0,0,15.4024,361,361,0,1,2.94392,2.94392,1830,367,0,1235,0,0,0,0,0,1339,1785.99,0.953667,29.338,168732,12,29433,486,465155,48,117732,1944,32,4,644756,1319142,20632192,5276568,25908760,4,4,12,4,4,4,0,20,20,20260807,5,1,1,1,0,0,0,6697,0.279042,1,0.0015,0
3416,29942.2,6,0,2.26396,3.88108,0,0,0,6.14504,361,361,0,1,2.94392,2.94392,1830,367,0,1235,0,0,0,0,0,1339,1785.99,0.953667,29.338,168732,12,29433,486,465155,48,117732,1944,32,4,644756,1319142,20632192,5276568,25908760,4,4,12,4,4,4,0,20,20,20260807,5,1,1,1,0,0,0,6697,0.279042,1,0.0015,0
3417,29953.6,12,0,4.34346,7.05513,0,0,0,11.3986,361,361,0,1,2.94392,2.94392,1830,367,0,1235,0,0,0,0,0,1339,1785.99,0.953667,29.338,168732,12,29433,486,465155,48,117732,1944,32,4,644756,1319142,20632192,5276568,25908760,4,4,12,4,4,4,0,20,20,20260807,5,1,1,1,0,0,0,6697,0.279042,1,0.0015,0
3418,29959.8,6,0,2.66475,3.44579,0,0,0,6.11054,361,361,0,1,2.94392,2.94392,1830,367,0,1235,0,0,0,0,0,1339,1785.99,0.953667,29.338,168732,12,29433,486,465155,48,117732,1944,32,4,644756,1319142,20632192,5276568,25908760,4,4,12,4,4,4,0,20,20,20260807,5,1,1,1,0,0,0,6698,0.279083,1,0.0015,1
3419,29969.4,9,0,2.20875,7.29904,0,0,0,9.50779,361,361,0,1,2.94392,2.94392,1830,367,0,1235,0,0,0,0,0,1339,1785.99,0.953667,29.338,168732,12,29433,486,465155,48,117732,1944,32,4,644756,1319142,20632192,5276568,25908760,4,4,12,4,4,4,0,20,20,20260807,5,1,1,1,0,0,0,6698,0.279083,1,0.0015,0
3420,29975.4,6,0,2.09321,3.77479,0,0,0,5.868,361,361,0,1,2.94392,2.94392,1830,367,0,1235,0,0,0,0,0,1339,1785.99,0.953667,29.338,168732,12,29433,486,465155,48,117732,1944,32,4,644756,1319142,20632192,5276568,25908760,4,4,12,4,4,4,0,20,20,20260807,5,1,1,1,0,0,0,6698,0.279083,1,0.0015,0
3421,29985.7,11,0,2.12225,8.03108,0,0,0,10.1533,361,361,0,1,2.94392,2.94392,1830,367,0,1235,0,0,0,0,0,1339,1785.99,0.953667,29.338,168732,12,29433,486,465155,48,117732,1944,32,4,644756,1319142,20632192,5276568,25908760,4,4,12,4,4,4,0,20,20,20260807,5,1,1,1,0,0,0,6698,0.279083,1,0.0015,0
3422,29993.2,7,0,2.12246,5.32754,0,0,0,7.45,361,361,0,1,2.94392,2.94392,1830,367,0,1235,0,0,0,0,0,1339,1785.99,0.953667,29.338,168732,12,29433,486,465155,48,117732,1944,32,4,644756,1319142,20632192,5276568,25908760,4,4,12,4,4,4,0,20,20,20260807,5,1,1,1,0,0,0,6698,0.279083,1,0.0015,0
3423,30001.6,9,0,2.23283,6.13679,0,0,0,8.36962,361,361,0,1,2.94392,2.94392,1830,367,0,1235,0,0,0,0,0,1339,1785.99,0.953667,29.338,168732,12,29433,486,465155,48,117732,1944,32,4,644756,1319142,20632192,5276568,25908760,4,4,12,4,4,4,0,20,20,20260807,5,1,1,1,0,0,0,6698,0.279083,1,0.0015,0
