frame_index,measured_elapsed_ms,dt_ms,event_ms,update_ms,render_ms,debug_gui_ms,render_capture_ms,display_ms,frame_ms,existing_chunks,loaded_chunks,save_dirty_chunks,save_transactions,save_total_ms,save_max_ms,sections,mesh_dirty_sections,cpu_ready_sections,gpu_buffered_sections,queued_chunk_updates,random_tick_sections,random_tick_blocks,random_tick_sections_processed,random_ticks_dispatched,mesh_rebuilds,mesh_build_total_ms,mesh_build_last_ms,mesh_build_max_ms,solid_faces,transparent_faces,water_faces,flora_faces,solid_vertices,transparent_vertices,water_vertices,flora_vertices,terrain_vertex_stride_bytes,terrain_index_stride_bytes,resident_terrain_vertices,resident_terrain_indices,resident_terrain_vertex_bytes,resident_terrain_index_bytes,resident_terrain_buffer_bytes,actor_count,natural_mob_count,natural_mob_world_cap,natural_mob_local_cap,natural_mob_spawn_attempts,natural_mobs_spawned,natural_mobs_despawned,player_health,player_max_health,terrain_seed,terrain_generation_version,difficulty_profile_version,difficulty_id,post_victory_event_version,post_victory_completed_events,post_victory_active_event,post_victory_event_wave,world_time,day_cycle,daylight,fog_density,simulation_ticks
0,317.226,12,0,7.73813,314.355,0,0,0,322.093,348,347,0,1,2.45175,2.45175,1758,365,3,1187,0,0,0,0,0,1267,1548.55,1.09987,3.52742,161195,8,29059,372,444082,32,116236,1488,32,4,620577,1268370,19858464,5073480,24931944,4,4,12,4,4,4,0,20,20,20260807,5,1,1,1,0,0,0,6102,0.25425,1,0.0015,1
1,323.007,316,0,2.56592,3.01029,0,0,0,5.57621,361,361,0,1,2.45175,2.45175,1830,367,65,1191,0,0,0,0,0,1337,1627.81,2.40137,3.52742,168488,8,29433,486,464433,32,117732,1944,32,4,622542,1272642,19921344,5090568,25011912,4,4,12,4,4,4,0,20,20,20260807,5,1,1,1,0,0,0,6107,0.254458,1,0.0015,5
2,328.905,6,0,2.49171,3.32621,0,0,0,5.81792,361,361,0,1,2.45175,2.45175,1830,367,57,1198,0,0,0,0,0,1337,1627.81,2.40137,3.52742,168488,8,29433,486,464433,32,117732,1944,32,4,626848,1281456,20059136,5125824,25184960,4,4,12,4,4,4,0,20,20,20260807,5,1,1,1,0,0,0,6107,0.254458,1,0.0015,0
3,334.381,6,0,2.40325,2.99,0,0,0,5.39325,361,361,0,1,2.45175,2.45175,1830,367,49,1203,0,0,0,0,0,1337,1627.81,2.40137,3.52742,168488,8,29433,486,464433,32,117732,1944,32,4,628152,1284024,20100864,5136096,25236960,4,4,12,4,4,4,0,20,20,20260807,5,1,1,1,0,0,0,6107,0.254458,1,0.0015,0
4,345.873,11,0,8.13179,3.28542,0,0,0,11.4172,361,361,0,1,2.45175,2.45175,1830,367,41,1208,0,0,0,0,0,1337,1627.81,2.40137,3.52742,168488,8,29433,486,464433,32,117732,1944,32,4,630749,1289106,20183968,5156424,25340392,4,4,12,4,4,4,0,20,20,20260807,5,1,1,1,0,0,0,6107,0.254458,1,0.0015,0
5,355.045,9,0,6.12087,2.96958,0,0,0,9.09046,361,361,0,1,2.45175,2.45175,1830,367,33,1213,0,0,0,0,0,1337,1627.81,2.40137,3.52742,168488,8,29433,486,464433,32,117732,1944,32,4,633021,1294206,20256672,5176824,25433496,4,4,12,4,4,4,0,20,20,20260807,5,1,1,1,0,0,0,6107,0.254458,1,0.0015,0
6,362.017,7,0,3.19921,3.69417,0,0,0,6.89337,361,361,0,1,2.45175,2.45175,1830,367,25,1220,0,0,0,0,0,1337,1627.81,2.40137,3.52742,168488,8,29433,486,464433,32,117732,1944,32,4,637970,1304688,20415040,5218752,25633792,4,4,12,4,4,4,0,20,20,20260807,5,1,1,1,0,0,0,6107,0.254458,1,0.0015,0
7,372.273,11,0,6.85458,3.32675,0,0,0,10.1813,361,361,0,1,2.45175,2.45175,1830,367,17,1223,0,0,0,0,0,1337,1627.81,2.40137,3.52742,168488,8,29433,486,464433,32,117732,1944,32,4,638396,1305582,20428672,5222328,25651000,4,4,12,4,4,4,0,20,20,20260807,5,1,1,1,0,0,0,6107,0.254458,1,0.0015,0
8,379.314,7,0,3.16471,3.80104,0,0,0,6.96575,361,361,0,1,2.45175,2.45175,1830,367,9,1228,0,0,0,0,0,1337,1627.81,2.40137,3.52742,168488,8,29433,486,464433,32,117732,1944,32,4,640689,1310352,20502048,5241408,25743456,4,4,12,4,4,4,0,20,20,20260807,5,1,1,1,0,0,0,6108,0.2545,1,0.0015,1
9,388.48,9,0,6.11075,2.97871,0,0,0,9.08946,361,361,0,1,2.45175,2.45175,1830,367,1,1234,0,0,0,0,0,1337,1627.81,2.40137,3.52742,168488,8,29433,486,464433,32,117732,1944,32,4,644415,1318506,20621280,5274024,25895304,4,4,12,4,4,4,0,20,20,20260807,5,1,1,1,0,0,0,6108,0.2545,1,0.0015,0
10,395.208,7,0,2.24388,4.40625,0,0,0,6.65013,361,361,0,1,2.45175,2.45175,1830,367,0,1235,0,0,0,0,0,1337,1627.81,2.40137,3.52742,168488,8,29433,486,464433,32,117732,1944,32,4,644756,1319142,20632192,5276568,25908760,4,4,12,4,4,4,0,20,20,20260807,5,1,1,1,0,0,0,6108,0.2545,1,0.0015,0
11,402.883,7,0,2.09575,5.44842,0,0,0,7.54417,361,361,0,1,2.45175,2.45175,1830,367,0,1235,0,0,0,0,0,1337,1627.81,2.40137,3.52742,168488,8,29433,486,464433,32,117732,1944,32,4,644756,1319142,20632192,5276568,25908760,4,4,12,4,4,4,0,20,20,20260807,5,1,1,1,0,0,0,6108,0.2545,1,0.0015,0
12,408.289,6,0,2.09375,3.23612,0,0,0,5.32988,361,361,0,1,2.45175,2.45175,1830,367,0,1235,0,0,0,0,0,1337,1627.81,2.40137,3.52742,168488,8,29433,486,464433,32,117732,1944,32,4,644756,1319142,20632192,5276568,25908760,4,4,12,4,4,4,0,20,20,20260807,5,1,1,1,0,0,0,6108,0.2545,1,0.0015,0
13,419.558,11,0,2.21596,8.97992,0,0,0,11.1959,361,361,0,1,2.45175,2.45175,1830,367,0,1235,0,0,0,0,0,1337,1627.81,2.40137,3.52742,168488,8,29433,486,464433,32,117732,1944,32,4,644756,1319142,20632192,5276568,25908760,4,4,12,4,4,4,0,20,20,20260807,5,1,1,1,0,0,0,6108,0.2545,1,0.0015,0
14,426.123,6,0,2.09129,4.40046,0,0,0,6.49175,361,361,0,1,2.45175,2.45175,1830,367,0,1235,0,0,0,0,0,1337,1627.81,2.40137,3.52742,168488,8,29433,486,464433,32,117732,1944,32,4,644756,1319142,20632192,5276568,25908760,4,4,12,4,4,4,0,20,20,20260807,5,1,1,1,0,0,0,6109,0.254542,1,0.0015,1
15,436.126,10,0,2.19483,7.73196,0,0,0,9.92679,361,361,0,1,2.45175,2.45175,1830,367,0,1235,0,0,0,0,0,1337,1627.81,2.40137,3.52742,168488,8,29433,486,464433,32,117732,1944,32,4,644756,1319142,20632192,5276568,25908760,4,4,12,4,4,4,0,20,20,20260807,5,1,1,1,0,0,0,6109,0.254542,1,0.0015,0
16,442.817,7,0,2.09775,4.51729,0,0,0,6.61504,361,361,0,1,2.45175,2.45175,1830,367,0,1235,0,0,0,0,0,1337,1627.81,2.40137,3.52742,168488,8,29433,486,464433,32,117732,1944,32,4,644756,1319142,20632192,5276568,25908760,4,4,12,4,4,4,0,20,20,20260807,5,1,1,1,0,0,0,6109,0.254542,1,0.0015,0
17,452.937,10,0,2.14012,7.89608,0,0,0,10.0362,361,361,0,1,2.45175,2.45175,1830,367,0,1235,0,0,0,0,0,1337,1627.81,2.40137,3.52742,168488,8,29433,486,464433,32,117732,1944,32,4,644756,1319142,20632192,5276568,25908760,4,4,12,4,4,4,0,20,20,20260807,5,1,1,1,0,0,0,6109,0.254542,1,0.0015,0
18,460.082,7,0,2.08029,4.98904,0,0,0,7.06933,361,361,0,1,2.45175,2.45175,1830,367,0,1235,0,0,0,0,0,1337,1627.81,2.40137,3.52742,168488,8,29433,486,464433,32,117732,1944,32,4,644756,1319142,20632192,5276568,25908760,4,4,12,4,4,4,0,20,20,20260807,5,1,1,1,0,0,0,6109,0.254542,1,0.0015,0
19,469.531,10,0,2.18908,7.18187,0,0,0,9.37096,361,361,0,1,2.45175,2.45175,1830,367,0,1235,0,0,0,0,0,1337,1627.81,2.40137,3.52742,168488,8,29433,486,464433,32,117732,1944,32,4,644756,1319142,20632192,5276568,25908760,4,4,12,4,4,4,0,20,20,20260807,5,1,1,1,0,0,0,6109,0.254542,1,0.0015,0
20,476.189,6,0,2.04225,4.54113,0,0,0,6.58338,361,361,0,1,2.45175,2.45175,1830,367,0,1235,0,0,0,0,0,1337,1627.81,2.40137,3.52742,168488,8,29433,486,464433,32,117732,1944,32,4,644756,1319142,20632192,5276568,25908760,4,4,12,4,4,4,0,20,20,20260807,5,1,1,1,0,0,0,6110,0.254583,1,0.0015,1
21,486.644,11,0,2.19371,8.18487,0,0,0,10.3786,361,361,0,1,2.45175,2.45175,1830,367,0,1235,0,0,0,0,0,1337,1627.81,2.40137,3.52742,168488,8,29433,486,464433,32,117732,1944,32,4,644756,1319142,20632192,5276568,25908760,4,4,12,4,4,4,0,20,20,20260807,5,1,1,1,0,0,0,6110,0.254583,1,0.0015,0
22,494.056,7,0,2.01521,5.31888,0,0,0,7.33408,361,361,0,1,2.45175,2.45175,1830,367,0,1235,0,0,0,0,0,1337,1627.81,2.40137,3.52742,168488,8,29433,486,464433,32,117732,1944,32,4,644756,1319142,20632192,5276568,25908760,4,4,12,4,4,4,0,20,20,20260807,5,1,1,1,0,0,0,6110,0.254583,1,0.0015,0
23,502.855,9,0,2.14533,6.57646,0,0,0,8.72179,361,361,0,1,2.45175,2.45175,1830,367,0,1235,0,0,0,0,0,1337,1627.81,2.40137,3.52742,168488,8,29433,486,464433,32,117732,1944,32,4,644756,1319142,20632192,5276568,25908760,4,4,12,4,4,4,0,20,20,20260807,5,1,1,1,0,0,0,6110,0.254583,1,0.0015,0
24,509.452,7,0,2.06833,4.45521,0,0,0,6.52354,361,361,0,1,2.45175,2.45175,1830,367,0,1235,0,0,0,0,0,1337,1627.81,2.40137,3.52742,168488,8,29433,486,464433,32,117732,1944,32,4,644756,1319142,20632192,5276568,25908760,4,4,12,4,4,4,0,20,20,20260807,5,1,1,1,0,0,0,6110,0.254583,1,0.0015,0
25,519.54,10,0,2.094,7.79713,0,0,0,9.89113,361,361,0,1,2.45175,2.45175,1830,367,0,1235,0,0,0,0,0,1337,1627.81,2.40137,3.52742,168488,8,29433,486,464433,32,117732,1944,32,4,644756,1319142,20632192,5276568,25908760,4,4,12,4,4,4,0,20,20,20260807,5,1,1,1,0,0,0,6110,0.254583,1,0.0015,0
26,525.342,6,0,2.16158,3.56404,0,0,0,5.72562,361,361,0,1,2.45175,2.45175,1830,367,0,1235,0,0,0,0,0,1337,1627.81,2.40137,3.52742,168488,8,29433,486,464433,32,117732,1944,32,4,644756,1319142,20632192,5276568,25908760,4,4,12,4,4,4,0,20,20,20260807,5,1,1,1,0,0,0,6111,0.254625,1,0.0015,1
27,536.919,11,0,2.30992,9.19079,0,0,0,11.5007,361,361,0,1,2.45175,2.45175,1830,367,0,1235,0,0,0,0,0,1337,1627.81,2.40137,3.52742,168488,8,29433,486,464433,32,117732,1944,32,4,644756,1319142,20632192,5276568,25908760,4,4,12,4,4,4,0,20,20,20260807,5,1,1,1,0,0,0,6111,0.254625,1,0.0015,0
28,542.363,6,0,2.12517,3.23992,0,0,0,5.36508,361,361,0,1,2.45175,2.45175,1830,367,0,1235,0,0,0,0,0,1337,1627.81,2.40137,3.52742,168488,8,29433,486,464433,32,117732,1944,32,4,644756,1319142,20632192,5276568,25908760,4,4,12,4,4,4,0,20,20,20260807,5,1,1,1,0,0,0,6111,0.254625,1,0.0015,0
29,562.313,20,0,2.23329,17.606,0,0,0,19.8393,361,361,0,1,2.45175,2.45175,1830,367,0,1235,0,0,0,0,0,1337,1627.81,2.40137,3.52742,168488,8,29433,486,464433,32,117732,1944,32,4,644756,1319142,20632192,5276568,25908760,4,4,12,4,4,4,0,20,20,20260807,5,1,1,1,0,0,0,6111,0.254625,1,0.0015,0
30,571.81,9,0,2.42888,6.99113,0,0,0,9.42,361,361,0,1,2.45175,2.45175,1830,367,0,1235,0,0,0,0,0,1337,1627.81,2.40137,3.52742,168488,8,29433,486,464433,32,117732,1944,32,4,644756,1319142,20632192,5276568,25908760,4,4,12,4,4,4,0,20,20,20260807,5,1,1,1,0,0,0,6111,0.254625,1,0.0015,0
31,590.196,19,0,2.29071,16.0102,0,0,0,18.3009,361,361,0,1,2.45175,2.45175,1830,367,0,1235,0,0,0,0,0,1337,1627.81,2.40137,3.52742,168488,8,29433,486,464433,32,117732,1944,32,4,644756,1319142,20632192,5276568,25908760,4,4,12,4,4,4,0,20,20,20260807,5,1,1,1,0,0,0,6112,0.254667,1,0.0015,1
32,603.029,12,0,2.51192,10.2408,0,0,0,12.7527,361,361,0,1,2.45175,2.45175,1830,367,0,1235,0,0,0,0,0,1337,1627.81,2.40137,3.52742,168488,8,29433,486,464433,32,117732,1944,32,4,644756,1319142,20632192,5276568,25908760,4,4,12,4,4,4,0,20,20,20260807,5,1,1,1,0,0,0,6112,0.254667,1,0.0015,0
33,609.07,6,0,2.2185,3.69467,0,0,0,5.91317,361,361,0,1,2.45175,2.45175,1830,367,0,1235,0,0,0,0,0,1337,1627.81,2.40137,3.52742,168488,8,29433,486,464433,32,117732,1944,32,4,644756,1319142,20632192,5276568,25908760,4,4,12,4,4,4,0,20,20,20260807,5,1,1,1,0,0,0,6112,0.254667,1,0.0015,0
34,619.6,11,0,2.24587,7.98937,0,0,0,10.2353,361,361,0,1,2.45175,2.45175,1830,367,0,1235,0,0,0,0,0,1337,1627.81,2.40137,3.52742,168488,8,29433,486,464433,32,117732,1944,32,4,644756,1319142,20632192,5276568,25908760,4,4,12,4,4,4,0,20,20,20260807,5,1,1,1,0,0,0,6112,0.254667,1,0.0015,0
35,626.716,7,0,2.29575,4.73912,0,0,0,7.03488,361,361,0,1,2.45175,2.45175,1830,367,0,1235,0,0,0,0,0,1337,1627.81,2.40137,3.52742,168488,8,29433,486,464433,32,117732,1944,32,4,644756,1319142,20632192,5276568,25908760,4,4,12,4,4,4,0,20,20,20260807,5,1,1,1,0,0,0,6113,0.254708,1,0.0015,1
36,636.232,10,0,2.48321,6.95346,0,0,0,9.43667,361,361,0,1,2.45175,2.45175,1830,367,0,1235,0,0,0,0,0,1337,1627.81,2.40137,3.52742,168488,8,29433,486,464433,32,117732,1944,32,4,644756,1319142,20632192,5276568,25908760,4,4,12,4,4,4,0,20,20,20260807,5,1,1,1,0,0,0,6113,0.254708,1,0.0015,0
37,642.793,6,0,2.18779,4.28954,0,0,0,6.47733,361,361,0,1,2.45175,2.45175,1830,367,0,1235,0,0,0,0,0,1337,1627.81,2.40137,3.52742,168488,8,29433,486,464433,32,117732,1944,32,4,644756,1319142,20632192,5276568,25908760,4,4,12,4,4,4,0,20,20,20260807,5,1,1,1,0,0,0,6113,0.254708,1,0.0015,0
38,653.166,10,0,2.64171,7.64817,0,0,0,10.2899,361,361,0,1,2.45175,2.45175,1830,367,0,1235,0,0,0,0,0,1337,1627.81,2.40137,3.52742,168488,8,29433,486,464433,32,117732,1944,32,4,644756,1319142,20632192,5276568,25908760,4,4,12,4,4,4,0,20,20,20260807,5,1,1,1,0,0,0,6113,0.254708,1,0.0015,0
39,658.882,6,0,2.48583,3.14279,0,0,0,5.62863,361,361,0,1,2.45175,2.45175,1830,367,0,1235,0,0,0,0,0,1337,1627.81,2.40137,3.52742,168488,8,29433,486,464433,32,117732,1944,32,4,644756,1319142,20632192,5276568,25908760,4,4,12,4,4,4,0,20,20,20260807,5,1,1,1,0,0,0,6113,0.254708,1,0.0015,0
40,669.596,11,0,2.26388,8.317,0,0,0,10.5809,361,361,0,1,2.45175,2.45175,1830,367,0,1235,0,0,0,0,0,1337,1627.81,2.40137,3.52742,168488,8,29433,486,464433,32,117732,1944,32,4,644756,1319142,20632192,5276568,25908760,4,4,12,4,4,4,0,20,20,20260807,5,1,1,1,0,0,0,6113,0.254708,1,0.0015,0
41,675.93,6,0,2.19433,4.06396,0,0,0,6.25829,361,361,0,1,2.45175,2.45175,1830,367,0,1235,0,0,0,0,0,1337,1627.81,2.40137,3.52742,168488,8,29433,486,464433,32,117732,1944,32,4,644756,1319142,20632192,5276568,25908760,4,4,12,4,4,4,0,20,20,20260807,5,1,1,1,0,0,0,6114,0.25475,1,0.0015,1
42,686.237,11,0,2.14896,8.03262,0,0,0,10.1816,361,361,0,1,2.45175,2.45175,1830,367,0,1235,0,0,0,0,0,1337,1627.81,2.40137,3.52742,168488,8,29433,486,464433,32,117732,1944,32,4,644756,1319142,20632192,5276568,25908760,4,4,12,4,4,4,0,20,20,20260807,5,1,1,1,0,0,0,6114,0.25475,1,0.0015,0
43,692.671,6,0,2.01775,4.3395,0,0,0,6.35725,361,361,0,1,2.45175,2.45175,1830,367,0,1235,0,0,0,0,0,1337,1627.81,2.40137,3.52742,168488,8,29433,486,464433,32,117732,1944,32,4,644756,1319142,20632192,5276568,25908760,4,4,12,4,4,4,0,20,20,20260807,5,1,1,1,0,0,0,6114,0.25475,1,0.0015,0
44,702.933,10,0,2.15354,8.01187,0,0,0,10.1654,361,361,0,1,2.45175,2.45175,1830,367,0,1235,0,0,0,0,0,1337,1627.81,2.40137,3.52742,168488,8,29433,486,464433,32,117732,1944,32,4,644756,1319142,20632192,5276568,25908760,4,4,12,4,4,4,0,20,20,20260807,5,1,1,1,0,0,0,6114,0.25475,1,0.0015,0
45,708.843,6,0,2.17754,3.65446,0,0,0,5.832,361,361,0,1,2.45175,2.45175,1830,367,0,1235,0,0,0,0,0,1337,1627.81,2.40137,3.52742,168488,8,29433,486,464433,32,117732,1944,32,4,644756,1319142,20632192,5276568,25908760,4,4,12,4,4,4,0,20,20,20260807,5,1,1,1,0,0,0,6114,0.25475,1,0.0015,0
46,720.367,12,0,2.31013,9.12508,0,0,0,11.4352,361,361,0,1,2.45175,2.45175,1830,367,0,1235,0,0,0,0,0,1337,1627.81,2.40137,3.52742,168488,8,29433,486,464433,32,117732,1944,32,4,644756,1319142,20632192,5276568,25908760,4,4,12,4,4,4,0,20,20,20260807,5,1,1,1,0,0,0,6114,0.25475,1,0.0015,0
47,726.743,6,0,2.62921,3.65504,0,0,0,6.28425,361,361,0,1,2.45175,2.45175,1830,367,0,1235,0,0,0,0,0,1337,1627.81,2.40137,3.52742,168488,8,29433,486,464433,32,117732,1944,32,4,644756,1319142,20632192,5276568,25908760,4,4,12,4,4,4,0,20,20,20260807,5,1,1,1,0,0,0,6115,0.254792,1,0.0015,1
48,737.742,11,0,2.18446,8.72379,0,0,0,10.9083,361,361,0,1,2.45175,2.45175,1830,367,0,1235,0,0,0,0,0,1337,1627.81,2.40137,3.52742,168488,8,29433,486,464433,32,117732,1944,32,4,644756,1319142,20632192,5276568,25908760,4,4,12,4,4,4,0,20,20,20260807,5,1,1,1,0,0,0,6115,0.254792,1,0.0015,0
49,744.362,7,0,2.14171,4.40058,0,0,0,6.54229,361,361,0,1,2.45175,2.45175,1830,367,0,1235,0,0,0,0,0,1337,1627.81,2.40137,3.52742,168488,8,29433,486,464433,32,117732,1944,32,4,644756,1319142,20632192,5276568,25908760,4,4,12,4,4,4,0,20,20,20260807,5,1,1,1,0,0,0,6115,0.254792,1,0.0015,0
50,753.373,9,0,2.17104,6.76121,0,0,0,8.93225,361,361,0,1,2.45175,2.45175,1830,367,0,1235,0,0,0,0,0,1337,1627.81,2.40137,3.52742,168488,8,29433,486,464433,32,117732,1944,32,4,644756,1319142,20632192,5276568,25908760,4,4,12,4,4,4,0,20,20,20260807,5,1,1,1,0,0,0,6115,0.254792,1,0.0015,0
51,761.246,8,0,2.21233,5.56221,0,0,0,7.77454,361,361,0,1,2.45175,2.45175,1830,367,0,1235,0,0,0,0,0,1337,1627.81,2.40137,3.52742,168488,8,29433,486,464433,32,117732,1944,32,4,644756,1319142,20632192,5276568,25908760,4,4,12,4,4,4,0,20,20,20260807,5,1,1,1,0,0,0,6115,0.254792,1,0.0015,0
52,773.195,12,0,2.17792,9.68621,0,0,0,11.8641,361,361,0,1,2.45175,2.45175,1830,367,0,1235,0,0,0,0,0,1337,1627.81,2.40137,3.52742,168488,8,29433,486,464433,32,117732,1944,32,4,644756,1319142,20632192,5276568,25908760,4,4,12,4,4,4,0,20,20,20260807,5,1,1,1,0,0,0,6115,0.254792,1,0.0015,0
53,778.628,5,0,2.20075,3.15212,0,0,0,5.35288,361,361,0,1,2.45175,2.45175,1830,367,0,1235,0,0,0,0,0,1337,1627.81,2.40137,3.52742,168488,8,29433,486,464433,32,117732,1944,32,4,644756,1319142,20632192,5276568,25908760,4,4,12,4,4,4,0,20,20,20260807,5,1,1,1,0,0,0,6116,0.254833,1,0.0015,1
54,786.257,8,0,2.09563,4.27679,0,0,0,6.37242,361,361,0,1,2.45175,2.45175,1830,367,0,1235,0,0,0,0,0,1337,1627.81,2.40137,3.52742,168488,8,29433,486,464433,32,117732,1944,32,4,644756,1319142,20632192,5276568,25908760,4,4,12,4,4,4,0,20,20,20260807,5,1,1,1,0,0,0,6116,0.254833,1,0.0015,0
55,794.59,8,0,2.11908,6.12863,0,0,0,8.24771,361,361,0,1,2.45175,2.45175,1830,367,0,1235,0,0,0,0,0,1337,1627.81,2.40137,3.52742,168488,8,29433,486,464433,32,117732,1944,32,4,644756,1319142,20632192,5276568,25908760,4,4,12,4,4,4,0,20,20,20260807,5,1,1,1,0,0,0,6116,0.254833,1,0.0015,0
56,806.566,12,0,2.21813,9.67758,0,0,0,11.8957,361,361,0,1,2.45175,2.45175,1830,367,0,1235,0,0,0,0,0,1337,1627.81,2.40137,3.52742,168488,8,29433,486,464433,32,117732,1944,32,4,644756,1319142,20632192,5276568,25908760,4,4,12,4,4,4,0,20,20,20260807,5,1,1,1,0,0,0,6116,0.254833,1,0.0015,0
57,813.259,7,0,2.72087,3.88371,0,0,0,6.60458,361,361,0,1,2.45175,2.45175,1830,367,0,1235,0,0,0,0,0,1337,1627.81,2.40137,3.52742,168488,8,29433,486,464433,32,117732,1944,32,4,644756,1319142,20632192,5276568,25908760,4,4,12,4,4,4,0,20,20,20260807,5,1,1,1,0,0,0,6116,0.254833,1,0.0015,0
58,820.443,7,0,2.08858,5.02212,0,0,0,7.11071,361,361,0,1,2.45175,2.45175,1830,367,0,1235,0,0,0,0,0,1337,1627.81,2.40137,3.52742,168488,8,29433,486,464433,32,117732,1944,32,4,644756,1319142,20632192,5276568,25908760,4,4,12,4,4,4,0,20,20,20260807,5,1,1,1,0,0,0,6116,0.254833,1,0.0015,0
59,827.628,7,0,2.66171,4.41475,0,0,0,7.07646,361,361,0,1,2.45175,2.45175,1830,367,0,1235,0,0,0,0,0,1337,1627.81,2.40137,3.52742,168488,8,29433,486,464433,32,117732,1944,32,4,644756,1319142,20632192,5276568,25908760,4,4,12,4,4,4,0,20,20,20260807,5,1,1,1,0,0,0,6117,0.254875,1,0.0015,1
60,837.627,10,0,2.15796,7.75413,0,0,0,9.91208,361,361,0,1,2.45175,2.45175,1830,367,0,1235,0,0,0,0,0,1337,1627.81,2.40137,3.52742,168488,8,29433,486,464433,32,117732,1944,32,4,644756,1319142,20632192,5276568,25908760,4,4,12,4,4,4,0,20,20,20260807,5,1,1,1,0,0,0,6117,0.254875,1,0.0015,0
61,842.826,5,0,2.15437,2.96742,0,0,0,5.12179,361,361,0,1,2.45175,2.45175,1830,367,0,1235,0,0,0,0,0,1337,1627.81,2.40137,3.52742,168488,8,29433,486,464433,32,117732,1944,32,4,644756,1319142,20632192,5276568,25908760,4,4,12,4,4,4,0,20,20,20260807,5,1,1,1,0,0,0,6117,0.254875,1,0.0015,0
62,853.399,11,0,2.25229,8.23146,0,0,0,10.4838,361,361,0,1,2.45175,2.45175,1830,367,0,1235,0,0,0,0,0,1337,1627.81,2.40137,3.52742,168488,8,29433,486,464433,32,117732,1944,32,4,644756,1319142,20632192,5276568,25908760,4,4,12,4,4,4,0,20,20,20260807,5,1,1,1,0,0,0,6117,0.254875,1,0.0015,0
63,860.618,7,0,2.11658,5.02496,0,0,0,7.14154,361,361,0,1,2.45175,2.45175,1830,367,0,1235,0,0,0,0,0,1337,1627.81,2.40137,3.52742,168488,8,29433,486,464433,32,117732,1944,32,4,644756,1319142,20632192,5276568,25908760,4,4,12,4,4,4,0,20,20,20260807,5,1,1,1,0,0,0,6117,0.254875,1,0.0015,0
64,869.692,9,0,2.09671,6.89567,0,0,0,8.99237,361,361,0,1,2.45175,2.45175,1830,367,0,1235,0,0,0,0,0,1337,1627.81,2.40137,3.52742,168488,8,29433,486,464433,32,117732,1944,32,4,644756,1319142,20632192,5276568,25908760,4,4,12,4,4,4,0,20,20,20260807,5,1,1,1,0,0,0,6117,0.254875,1,0.0015,0
65,875.739,6,0,2.15367,3.75654,0,0,0,5.91021,361,361,0,1,2.45175,2.45175,1830,367,0,1235,0,0,0,0,0,1337,1627.81,2.40137,3.52742,168488,8,29433,486,464433,32,117732,1944,32,4,644756,1319142,20632192,5276568,25908760,4,4,12,4,4,4,0,20,20,20260807,5,1,1,1,0,0,0,6118,0.254917,1,0.0015,1
66,886.946,11,0,2.25975,8.49312,0,0,0,10.7529,361,361,0,1,2.45175,2.45175,1830,367,0,1235,0,0,0,0,0,1337,1627.81,2.40137,3.52742,168488,8,29433,486,464433,32,117732,1944,32,4,644756,1319142,20632192,5276568,25908760,4,4,12,4,4,4,0,20,20,20260807,5,1,1,1,0,0,0,6118,0.254917,1,0.0015,0
67,893.111,6,0,2.17608,3.9075,0,0,0,6.08358,361,361,0,1,2.45175,2.45175,1830,367,0,1235,0,0,0,0,0,1337,1627.81,2.40137,3.52742,168488,8,29433,486,464433,32,117732,1944,32,4,644756,1319142,20632192,5276568,25908760,4,4,12,4,4,4,0,20,20,20260807,5,1,1,1,0,0,0,6118,0.254917,1,0.0015,0
68,903.445,11,0,2.24175,7.893,0,0,0,10.1348,361,361,0,1,2.45175,2.45175,1830,367,0,1235,0,0,0,0,0,1337,1627.81,2.40137,3.52742,168488,8,29433,486,464433,32,117732,1944,32,4,644756,1319142,20632192,5276568,25908760,4,4,12,4,4,4,0,20,20,20260807,5,1,1,1,0,0,0,6118,0.254917,1,0.0015,0
69,909.058,5,0,2.22217,3.30504,0,0,0,5.52721,361,361,0,1,2.45175,2.45175,1830,367,0,1235,0,0,0,0,0,1337,1627.81,2.40137,3.52742,168488,8,29433,486,464433,32,117732,1944,32,4,644756,1319142,20632192,5276568,25908760,4,4,12,4,4,4,0,20,20,20260807,5,1,1,1,0,0,0,6118,0.254917,1,0.0015,0
70,919.939,11,0,2.1735,8.63217,0,0,0,10.8057,361,361,0,1,2.45175,2.45175,1830,367,0,1235,0,0,0,0,0,1337,1627.81,2.40137,3.52742,168488,8,29433,486,464433,32,117732,1944,32,4,644756,1319142,20632192,5276568,25908760,4,4,12,4,4,4,0,20,20,20260807,5,1,1,1,0,0,0,6118,0.254917,1,0.0015,0
71,926.346,7,0,2.20654,4.12063,0,0,0,6.32717,361,361,0,1,2.45175,2.45175,1830,367,0,1235,0,0,0,0,0,1337,1627.81,2.40137,3.52742,168488,8,29433,486,464433,32,117732,1944,32,4,644756,1319142,20632192,5276568,25908760,4,4,12,4,4,4,0,20,20,20260807,5,1,1,1,0,0,0,6119,0.254958,1,0.0015,1
72,937.307,11,0,2.61629,8.26529,0,0,0,10.8816,361,361,0,1,2.45175,2.45175,1830,367,0,1235,0,0,0,0,0,1337,1627.81,2.40137,3.52742,168488,8,29433,486,464433,32,117732,1944,32,4,644756,1319142,20632192,5276568,25908760,4,4,12,4,4,4,0,20,20,20260807,5,1,1,1,0,0,0,6119,0.254958,1,0.0015,0
73,943.455,6,0,1.98533,4.07371,0,0,0,6.05904,361,361,0,1,2.45175,2.45175,1830,367,0,1235,0,0,0,0,0,1337,1627.81,2.40137,3.52742,168488,8,29433,486,464433,32,117732,1944,32,4,644756,1319142,20632192,5276568,25908760,4,4,12,4,4,4,0,20,20,20260807,5,1,1,1,0,0,0,6119,0.254958,1,0.0015,0
74,952.941,9,0,2.26575,7.14075,0,0,0,9.4065,361,361,0,1,2.45175,2.45175,1830,367,0,1235,0,0,0,0,0,1337,1627.81,2.40137,3.52742,168488,8,29433,486,464433,32,117732,1944,32,4,644756,1319142,20632192,5276568,25908760,4,4,12,4,4,4,0,20,20,20260807,5,1,1,1,0,0,0,6119,0.254958,1,0.0015,0
75,960.151,7,0,2.13475,4.99125,0,0,0,7.126,361,361,0,1,2.45175,2.45175,1830,367,0,1235,0,0,0,0,0,1337,1627.81,2.40137,3.52742,168488,8,29433,486,464433,32,117732,1944,32,4,644756,1319142,20632192,5276568,25908760,4,4,12,4,4,4,0,20,20,20260807,5,1,1,1,0,0,0,6119,0.254958,1,0.0015,0
76,969.538,10,0,2.58675,6.72417,0,0,0,9.31092,361,361,0,1,2.45175,2.45175,1830,367,0,1235,0,0,0,0,0,1337,1627.81,2.40137,3.52742,168488,8,29433,486,464433,32,117732,1944,32,4,644756,1319142,20632192,5276568,25908760,4,4,12,4,4,4,0,20,20,20260807,5,1,1,1,0,0,0,6119,0.254958,1,0.0015,0
77,975.195,6,0,2.09762,3.47858,0,0,0,5.57621,361,361,0,1,2.45175,2.45175,1830,367,0,1235,0,0,0,0,0,1337,1627.81,2.40137,3.52742,168488,8,29433,486,464433,32,117732,1944,32,4,644756,1319142,20632192,5276568,25908760,4,4,12,4,4,4,0,20,20,20260807,5,1,1,1,0,0,0,6120,0.255,1,0.0015,1
78,986.43,11,0,2.55396,8.60367,0,0,0,11.1576,361,361,0,1,2.45175,2.45175,1830,367,0,1235,0,0,0,0,0,1337,1627.81,2.40137,3.52742,168488,8,29433,486,464433,32,117732,1944,32,4,644756,1319142,20632192,5276568,25908760,4,4,12,4,4,4,0,20,20,20260807,5,1,1,1,0,0,0,6120,0.255,1,0.0015,0
79,993.087,6,0,2.18775,4.36996,0,0,0,6.55771,361,361,0,1,2.45175,2.45175,1830,367,0,1235,0,0,0,0,0,1337,1627.81,2.40137,3.52742,168488,8,29433,486,464433,32,117732,1944,32,4,644756,1319142,20632192,5276568,25908760,4,4,12,4,4,4,0,20,20,20260807,5,1,1,1,0,0,0,6120,0.255,1,0.0015,0
80,1004.11,11,0,2.12938,8.80154,0,0,0,10.9309,361,361,0,1,2.45175,2.45175,1830,367,0,1235,0,0,0,0,0,1337,1627.81,2.40137,3.52742,168488,8,29433,486,464433,32,117732,1944,32,4,644756,1319142,20632192,5276568,25908760,4,4,12,4,4,4,0,20,20,20260807,5,1,1,1,0,0,0,6120,0.255,1,0.0015,0
81,1010.19,7,0,2.43217,3.57554,0,0,0,6.00771,361,361,0,1,2.45175,2.45175,1830,367,0,1235,0,0,0,0,0,1337,1627.81,2.40137,3.52742,168488,8,29433,486,464433,32,117732,1944,32,4,644756,1319142,20632192,5276568,25908760,4,4,12,4,4,4,0,20,20,20260807,5,1,1,1,0,0,0,6120,0.255,1,0.0015,0
82,1019.59,9,0,2.29763,7.02438,0,0,0,9.322,361,361,0,1,2.45175,2.45175,1830,367,0,1235,0,0,0,0,0,1337,1627.81,2.40137,3.52742,168488,8,29433,486,464433,32,117732,1944,32,4,644756,1319142,20632192,5276568,25908760,4,4,12,4,4,4,0,20,20,20260807,5,1,1,1,0,0,0,6120,0.255,1,0.0015,0
83,1028.79,9,0,2.13437,6.94554,0,0,0,9.07992,361,361,0,1,2.45175,2.45175,1830,367,0,1235,0,0,0,0,0,1337,1627.81,2.40137,3.52742,168488,8,29433,486,464433,32,117732,1944,32,4,644756,1319142,20632192,5276568,25908760,4,4,12,4,4,4,0,20,20,20260807,5,1,1,1,0,0,0,6121,0.255042,1,0.0015,1
84,1036.09,6,0,2.13229,5.09192,0,0,0,7.22421,361,361,0,1,2.45175,2.45175,1830,367,0,1235,0,0,0,0,0,1337,1627.81,2.40137,3.52742,168488,8,29433,486,464433,32,117732,1944,32,4,644756,1319142,20632192,5276568,25908760,4,4,12,4,4,4,0,20,20,20260807,5,1,1,1,0,0,0,6121,0.255042,1,0.0015,0
85,1043.34,8,0,2.12621,5.05042,0,0,0,7.17662,361,361,0,1,2.45175,2.45175,1830,367,0,1235,0,0,0,0,0,1337,1627.81,2.40137,3.52742,168488,8,29433,486,464433,32,117732,1944,32,4,644756,1319142,20632192,5276568,25908760,4,4,12,4,4,4,0,20,20,20260807,5,1,1,1,0,0,0,6121,0.255042,1,0.0015,0
86,1052.84,9,0,2.04937,7.35017,0,0,0,9.39954,361,361,0,1,2.45175,2.45175,1830,367,0,1235,0,0,0,0,0,1337,1627.81,2.40137,3.52742,168488,8,29433,486,464433,32,117732,1944,32,4,644756,1319142,20632192,5276568,25908760,4,4,12,4,4,4,0,20,20,20260807,5,1,1,1,0,0,0,6121,0.255042,1,0.0015,0
87,1062.53,10,0,2.02317,7.58958,0,0,0,9.61275,361,361,0,1,2.45175,2.45175,1830,367,0,1235,0,0,0,0,0,1337,1627.81,2.40137,3.52742,168488,8,29433,486,464433,32,117732,1944,32,4,644756,1319142,20632192,5276568,25908760,4,4,12,4,4,4,0,20,20,20260807,5,1,1,1,0,0,0,6121,0.255042,1,0.0015,0
88,1069.6,7,0,2.06988,4.91592,0,0,0,6.98579,361,361,0,1,2.45175,2.45175,1830,367,0,1235,0,0,0,0,0,1337,1627.81,2.40137,3.52742,168488,8,29433,486,464433,32,117732,1944,32,4,644756,1319142,20632192,5276568,25908760,4,4,12,4,4,4,0,20,20,20260807,5,1,1,1,0,0,0,6121,0.255042,1,0.0015,0
89,1074.92,5,0,2.12225,3.12321,0,0,0,5.24546,361,361,0,1,2.45175,2.45175,1830,367,0,1235,0,0,0,0,0,1337,1627.81,2.40137,3.52742,168488,8,29433,486,464433,32,117732,1944,32,4,644756,1319142,20632192,5276568,25908760,4,4,12,4,4,4,0,20,20,20260807,5,1,1,1,0,0,0,6122,0.255083,1,0.0015,1
90,1086.39,12,0,2.14946,9.24942,0,0,0,11.3989,361,361,0,1,2.45175,2.45175,1830,367,0,1235,0,0,0,0,0,1337,1627.81,2.40137,3.52742,168488,8,29433,486,464433,32,117732,1944,32,4,644756,1319142,20632192,5276568,25908760,4,4,12,4,4,4,0,20,20,20260807,5,1,1,1,0,0,0,6122,0.255083,1,0.0015,0
91,1092.25,6,0,2.08267,3.69883,0,0,0,5.7815,361,361,0,1,2.45175,2.45175,1830,367,0,1235,0,0,0,0,0,1337,1627.81,2.40137,3.52742,168488,8,29433,486,464433,32,117732,1944,32,4,644756,1319142,20632192,5276568,25908760,4,4,12,4,4,4,0,20,20,20260807,5,1,1,1,0,0,0,6122,0.255083,1,0.0015,0
92,1119.69,27,0,6.71633,20.6451,0,0,0,27.3615,361,361,0,1,2.45175,2.45175,1830,367,0,1235,0,0,0,0,0,1337,1627.81,2.40137,3.52742,168488,8,29433,486,464433,32,117732,1944,32,4,644756,1319142,20632192,5276568,25908760,4,4,12,4,4,4,0,20,20,20260807,5,1,1,1,0,0,0,6122,0.255083,1,0.0015,0
93,1126.23,7,0,2.11671,4.33421,0,0,0,6.45092,361,361,0,1,2.45175,2.45175,1830,367,0,1235,0,0,0,0,0,1337,1627.81,2.40137,3.52742,168488,8,29433,486,464433,32,117732,1944,32,4,644756,1319142,20632192,5276568,25908760,4,4,12,4,4,4,0,20,20,20260807,5,1,1,1,0,0,0,6123,0.255125,1,0.0015,1
94,1136.17,9,0,2.09417,7.77783,0,0,0,9.872,361,361,0,1,2.45175,2.45175,1830,367,0,1235,0,0,0,0,0,1337,1627.81,2.40137,3.52742,168488,8,29433,486,464433,32,117732,1944,32,4,644756,1319142,20632192,5276568,25908760,4,4,12,4,4,4,0,20,20,20260807,5,1,1,1,0,0,0,6123,0.255125,1,0.0015,0
95,1142.3,7,0,2.13121,3.91258,0,0,0,6.04379,361,361,0,1,2.45175,2.45175,1830,367,0,1235,0,0,0,0,0,1337,1627.81,2.40137,3.52742,168488,8,29433,486,464433,32,117732,1944,32,4,644756,1319142,20632192,5276568,25908760,4,4,12,4,4,4,0,20,20,20260807,5,1,1,1,0,0,0,6123,0.255125,1,0.0015,0
96,1152.86,10,0,2.17767,8.25567,0,0,0,10.4333,361,361,0,1,2.45175,2.45175,1830,367,0,1235,0,0,0,0,0,1337,1627.81,2.40137,3.52742,168488,8,29433,486,464433,32,117732,1944,32,4,644756,1319142,20632192,5276568,25908760,4,4,12,4,4,4,0,20,20,20260807,5,1,1,1,0,0,0,6123,0.255125,1,0.0015,0
97,1158.61,6,0,2.066,3.55296,0,0,0,5.61896,361,361,0,1,2.45175,2.45175,1830,367,0,1235,0,0,0,0,0,1337,1627.81,2.40137,3.52742,168488,8,29433,486,464433,32,117732,1944,32,4,644756,1319142,20632192,5276568,25908760,4,4,12,4,4,4,0,20,20,20260807,5,1,1,1,0,0,0,6123,0.255125,1,0.0015,0
98,1169.54,11,0,2.22254,8.64083,0,0,0,10.8634,361,361,0,1,2.45175,2.45175,1830,367,0,1235,0,0,0,0,0,1337,1627.81,2.40137,3.52742,168488,8,29433,486,464433,32,117732,1944,32,4,644756,1319142,20632192,5276568,25908760,4,4,12,4,4,4,0,20,20,20260807,5,1,1,1,0,0,0,6123,0.255125,1,0.0015,0
99,1175.72,6,0,2.1235,3.97429,0,0,0,6.09779,361,361,0,1,2.45175,2.45175,1830,367,0,1235,0,0,0,0,0,1337,1627.81,2.40137,3.52742,168488,8,29433,486,464433,32,117732,1944,32,4,644756,1319142,20632192,5276568,25908760,4,4,12,4,4,4,0,20,20,20260807,5,1,1,1,0,0,0,6124,0.255167,1,0.0015,1
100,1186.27,11,0,2.51767,7.96329,0,0,0,10.481,361,361,0,1,2.45175,2.45175,1830,367,0,1235,0,0,0,0,0,1337,1627.81,2.40137,3.52742,168488,8,29433,486,464433,32,117732,1944,32,4,644756,1319142,20632192,5276568,25908760,4,4,12,4,4,4,0,20,20,20260807,5,1,1,1,0,0,0,6124,0.255167,1,0.0015,0
101,1192.76,6,0,2.05163,4.36108,0,0,0,6.41271,361,361,0,1,2.45175,2.45175,1830,367,0,1235,0,0,0,0,0,1337,1627.81,2.40137,3.52742,168488,8,29433,486,464433,32,117732,1944,32,4,644756,1319142,20632192,5276568,25908760,4,4,12,4,4,4,0,20,20,20260807,5,1,1,1,0,0,0,6124,0.255167,1,0.0015,0
102,1202.89,10,0,2.19762,7.85225,0,0,0,10.0499,361,361,0,1,2.45175,2.45175,1830,367,0,1235,0,0,0,0,0,1337,1627.81,2.40137,3.52742,168488,8,29433,486,464433,32,117732,1944,32,4,644756,1319142,20632192,5276568,25908760,4,4,12,4,4,4,0,20,20,20260807,5,1,1,1,0,0,0,6124,0.255167,1,0.0015,0
103,1208.98,6,0,2.02208,3.98779,0,0,0,6.00988,361,361,0,1,2.45175,2.45175,1830,367,0,1235,0,0,0,0,0,1337,1627.81,2.40137,3.52742,168488,8,29433,486,464433,32,117732,1944,32,4,644756,1319142,20632192,5276568,25908760,4,4,12,4,4,4,0,20,20,20260807,5,1,1,1,0,0,0,6124,0.255167,1,0.0015,0
104,1219.61,11,0,2.28746,8.26538,0,0,0,10.5528,361,361,0,1,2.45175,2.45175,1830,367,0,1235,0,0,0,0,0,1337,1627.81,2.40137,3.52742,168488,8,29433,486,464433,32,117732,1944,32,4,644756,1319142,20632192,5276568,25908760,4,4,12,4,4,4,0,20,20,20260807,5,1,1,1,0,0,0,6124,0.255167,1,0.0015,0
105,1226.11,6,0,2.082,4.33979,0,0,0,6.42179,361,361,0,1,2.45175,2.45175,1830,367,0,1235,0,0,0,0,0,1337,1627.81,2.40137,3.52742,168488,8,29433,486,464433,32,117732,1944,32,4,644756,1319142,20632192,5276568,25908760,4,4,12,4,4,4,0,20,20,20260807,5,1,1,1,0,0,0,6125,0.255208,1,0.0015,1
106,1236.69,11,0,2.15558,8.33863,0,0,0,10.4942,361,361,0,1,2.45175,2.45175,1830,367,0,1235,0,0,0,0,0,1337,1627.81,2.40137,3.52742,168488,8,29433,486,464433,32,117732,1944,32,4,644756,1319142,20632192,5276568,25908760,4,4,12,4,4,4,0,20,20,20260807,5,1,1,1,0,0,0,6125,0.255208,1,0.0015,0
107,1247.11,10,0,2.19629,8.15133,0,0,0,10.3476,361,361,0,1,2.45175,2.45175,1830,367,0,1235,0,0,0,0,0,1337,1627.81,2.40137,3.52742,168488,8,29433,486,464433,32,117732,1944,32,4,644756,1319142,20632192,5276568,25908760,4,4,12,4,4,4,0,20,20,20260807,5,1,1,1,0,0,0,6125,0.255208,1,0.0015,0
108,1254.53,8,0,2.06658,5.2705,0,0,0,7.33708,361,361,0,1,2.45175,2.45175,1830,367,0,1235,0,0,0,0,0,1337,1627.81,2.40137,3.52742,168488,8,29433,486,464433,32,117732,1944,32,4,644756,1319142,20632192,5276568,25908760,4,4,12,4,4,4,0,20,20,20260807,5,1,1,1,0,0,0,6125,0.255208,1,0.0015,0
109,1262.42,8,0,2.39521,5.40629,0,0,0,7.8015,361,361,0,1,2.45175,2.45175,1830,367,0,1235,0,0,0,0,0,1337,1627.81,2.40137,3.52742,168488,8,29433,486,464433,32,117732,1944,32,4,644756,1319142,20632192,5276568,25908760,4,4,12,4,4,4,0,20,20,20260807,5,1,1,1,0,0,0,6125,0.255208,1,0.0015,0
110,1270.96,8,0,2.48596,5.98446,0,0,0,8.47042,361,361,0,1,2.45175,2.45175,1830,367,0,1235,0,0,0,0,0,1337,1627.81,2.40137,3.52742,168488,8,29433,486,464433,32,117732,1944,32,4,644756,1319142,20632192,5276568,25908760,4,4,12,4,4,4,0,20,20,20260807,5,1,1,1,0,0,0,6125,0.255208,1,0.0015,0
111,1276.15,5,0,2.13121,2.97237,0,0,0,5.10358,361,361,0,1,2.45175,2.45175,1830,367,0,1235,0,0,0,0,0,1337,1627.81,2.40137,3.52742,168488,8,29433,486,464433,32,117732,1944,32,4,644756,1319142,20632192,5276568,25908760,4,4,12,4,4,4,0,20,20,20260807,5,1,1,1,0,0,0,6126,0.25525,1,0.0015,1
112,1286.47,12,0,2.21392,7.98371,0,0,0,10.1976,361,361,0,1,2.45175,2.45175,1830,367,0,1235,0,0,0,0,0,1337,1627.81,2.40137,3.52742,168488,8,29433,486,464433,32,117732,1944,32,4,644756,1319142,20632192,5276568,25908760,4,4,12,4,4,4,0,20,20,20260807,5,1,1,1,0,0,0,6126,0.25525,1,0.0015,0
113,1294.32,8,0,2.13317,5.63896,0,0,0,7.77212,361,361,0,1,2.45175,2.45175,1830,367,0,1235,0,0,0,0,0,1337,1627.81,2.40137,3.52742,168488,8,29433,486,464433,32,117732,1944,32,4,644756,1319142,20632192,5276568,25908760,4,4,12,4,4,4,0,20,20,20260807,5,1,1,1,0,0,0,6126,0.25525,1,0.0015,0
114,1303.92,9,0,2.04242,7.48154,0,0,0,9.52396,361,361,0,1,2.45175,2.45175,1830,367,0,1235,0,0,0,0,0,1337,1627.81,2.40137,3.52742,168488,8,29433,486,464433,32,117732,1944,32,4,644756,1319142,20632192,5276568,25908760,4,4,12,4,4,4,0,20,20,20260807,5,1,1,1,0,0,0,6126,0.25525,1,0.0015,0
115,1308.93,5,0,2.1965,2.73037,0,0,0,4.92687,361,361,0,1,2.45175,2.45175,1830,367,0,1235,0,0,0,0,0,1337,1627.81,2.40137,3.52742,168488,8,29433,486,464433,32,117732,1944,32,4,644756,1319142,20632192,5276568,25908760,4,4,12,4,4,4,0,20,20,20260807,5,1,1,1,0,0,0,6126,0.25525,1,0.0015,0
116,1319.64,11,0,2.61338,8.03279,0,0,0,10.6462,361,361,0,1,2.45175,2.45175,1830,367,0,1235,0,0,0,0,0,1337,1627.81,2.40137,3.52742,168488,8,29433,486,464433,32,117732,1944,32,4,644756,1319142,20632192,5276568,25908760,4,4,12,4,4,4,0,20,20,20260807,5,1,1,1,0,0,0,6126,0.25525,1,0.0015,0
117,1327.35,8,0,2.0655,5.56708,0,0,0,7.63258,361,361,0,1,2.45175,2.45175,1830,367,0,1235,0,0,0,0,0,1337,1627.81,2.40137,3.52742,168488,8,29433,486,464433,32,117732,1944,32,4,644756,1319142,20632192,5276568,25908760,4,4,12,4,4,4,0,20,20,20260807,5,1,1,1,0,0,0,6127,0.255292,1,0.0015,1
118,1337.03,9,0,2.2365,7.37933,0,0,0,9.61583,361,361,0,1,2.45175,2.45175,1830,367,0,1235,0,0,0,0,0,1337,1627.81,2.40137,3.52742,168488,8,29433,486,464433,32,117732,1944,32,4,644756,1319142,20632192,5276568,25908760,4,4,12,4,4,4,0,20,20,20260807,5,1,1,1,0,0,0,6127,0.255292,1,0.0015,0
119,1342.78,6,0,2.12862,3.55029,0,0,0,5.67892,361,361,0,1,2.45175,2.45175,1830,367,0,1235,0,0,0,0,0,1337,1627.81,2.40137,3.52742,168488,8,29433,486,464433,32,117732,1944,32,4,644756,1319142,20632192,5276568,25908760,4,4,12,4,4,4,0,20,20,20260807,5,1,1,1,0,0,0,6127,0.255292,1,0.0015,0
120,1352.91,10,0,2.48425,7.56288,0,0,0,10.0471,361,361,0,1,2.45175,2.45175,1830,367,0,1235,0,0,0,0,0,1337,1627.81,2.40137,3.52742,168488,8,29433,486,464433,32,117732,1944,32,4,644756,1319142,20632192,5276568,25908760,4,4,12,4,4,4,0,20,20,20260807,5,1,1,1,0,0,0,6127,0.255292,1,0.0015,0
121,1359.26,7,0,2.10925,4.16108,0,0,0,6.27033,361,361,0,1,2.45175,2.45175,1830,367,0,1235,0,0,0,0,0,1337,1627.81,2.40137,3.52742,168488,8,29433,486,464433,32,117732,1944,32,4,644756,1319142,20632192,5276568,25908760,4,4,12,4,4,4,0,20,20,20260807,5,1,1,1,0,0,0,6127,0.255292,1,0.0015,0
122,1369.61,10,0,2.18379,8.07417,0,0,0,10.258,361,361,0,1,2.45175,2.45175,1830,367,0,1235,0,0,0,0,0,1337,1627.81,2.40137,3.52742,168488,8,29433,486,464433,32,117732,1944,32,4,644756,1319142,20632192,5276568,25908760,4,4,12,4,4,4,0,20,20,20260807,5,1,1,1,0,0,0,6127,0.255292,1,0.0015,0
123,1375.85,6,0,2.10867,4.05758,0,0,0,6.16625,361,361,0,1,2.45175,2.45175,1830,367,0,1235,0,0,0,0,0,1337,1627.81,2.40137,3.52742,168488,8,29433,486,464433,32,117732,1944,32,4,644756,1319142,20632192,5276568,25908760,4,4,12,4,4,4,0,20,20,20260807,5,1,1,1,0,0,0,6128,0.255333,1,0.0015,1
124,1386.33,11,0,2.21267,8.13687,0,0,0,10.3495,361,361,0,1,2.45175,2.45175,1830,367,0,1235,0,0,0,0,0,1337,1627.81,2.40137,3.52742,168488,8,29433,486,464433,32,117732,1944,32,4,644756,1319142,20632192,5276568,25908760,4,4,12,4,4,4,0,20,20,20260807,5,1,1,1,0,0,0,6128,0.255333,1,0.0015,0
125,1393.3,7,0,2.05863,4.82871,0,0,0,6.88733,361,361,0,1,2.45175,2.45175,1830,367,0,1235,0,0,0,0,0,1337,1627.81,2.40137,3.52742,168488,8,29433,486,464433,32,117732,1944,32,4,644756,1319142,20632192,5276568,25908760,4,4,12,4,4,4,0,20,20,20260807,5,1,1,1,0,0,0,6128,0.255333,1,0.0015,0
126,1402.82,9,0,2.08271,7.288,0,0,0,9.37071,361,361,0,1,2.45175,2.45175,1830,367,0,1235,0,0,0,0,0,1337,1627.81,2.40137,3.52742,168488,8,29433,486,464433,32,117732,1944,32,4,644756,1319142,20632192,5276568,25908760,4,4,12,4,4,4,0,20,20,20260807,5,1,1,1,0,0,0,6128,0.255333,1,0.0015,0
127,1408.66,6,0,2.18538,3.58471,0,0,0,5.77008,361,361,0,1,2.45175,2.45175,1830,367,0,1235,0,0,0,0,0,1337,1627.81,2.40137,3.52742,168488,8,29433,486,464433,32,117732,1944,32,4,644756,1319142,20632192,5276568,25908760,4,4,12,4,4,4,0,20,20,20260807,5,1,1,1,0,0,0,6128,0.255333,1,0.0015,0
128,1419.63,11,0,2.28346,8.60183,0,0,0,10.8853,361,361,0,1,2.45175,2.45175,1830,367,0,1235,0,0,0,0,0,1337,1627.81,2.40137,3.52742,168488,8,29433,486,464433,32,117732,1944,32,4,644756,1319142,20632192,5276568,25908760,4,4,12,4,4,4,0,20,20,20260807,5,1,1,1,0,0,0,6128,0.255333,1,0.0015,0
129,1426.26,7,0,2.10204,4.33104,0,0,0,6.43308,361,361,0,1,2.45175,2.45175,1830,367,0,1235,0,0,0,0,0,1337,1627.81,2.40137,3.52742,168488,8,29433,486,464433,32,117732,1944,32,4,644756,1319142,20632192,5276568,25908760,4,4,12,4,4,4,0,20,20,20260807,5,1,1,1,0,0,0,6129,0.255375,1,0.0015,1
130,1436.98,10,0,1.95921,8.68642,0,0,0,10.6456,361,361,0,1,2.45175,2.45175,1830,367,0,1235,0,0,0,0,0,1337,1627.81,2.40137,3.52742,168488,8,29433,486,464433,32,117732,1944,32,4,644756,1319142,20632192,5276568,25908760,4,4,12,4,4,4,0,20,20,20260807,5,1,1,1,0,0,0,6129,0.255375,1,0.0015,0
131,1441.93,5,0,2.06454,2.79763,0,0,0,4.86217,361,361,0,1,2.45175,2.45175,1830,367,0,1235,0,0,0,0,0,1337,1627.81,2.40137,3.52742,168488,8,29433,486,464433,32,117732,1944,32,4,644756,1319142,20632192,5276568,25908760,4,4,12,4,4,4,0,20,20,20260807,5,1,1,1,0,0,0,6129,0.255375,1,0.0015,0
132,1452.85,11,0,2.17621,8.67217,0,0,0,10.8484,361,361,0,1,2.45175,2.45175,1830,367,0,1235,0,0,0,0,0,1337,1627.81,2.40137,3.52742,168488,8,29433,486,464433,32,117732,1944,32,4,644756,1319142,20632192,5276568,25908760,4,4,12,4,4,4,0,20,20,20260807,5,1,1,1,0,0,0,6129,0.255375,1,0.0015,0
133,1459.17,6,0,2.03938,4.19358,0,0,0,6.23296,361,361,0,1,2.45175,2.45175,1830,367,0,1235,0,0,0,0,0,1337,1627.81,2.40137,3.52742,168488,8,29433,486,464433,32,117732,1944,32,4,644756,1319142,20632192,5276568,25908760,4,4,12,4,4,4,0,20,20,20260807,5,1,1,1,0,0,0,6129,0.255375,1,0.0015,0
134,1469.59,11,0,2.16942,8.17754,0,0,0,10.347,361,361,0,1,2.45175,2.45175,1830,367,0,1235,0,0,0,0,0,1337,1627.81,2.40137,3.52742,168488,8,29433,486,464433,32,117732,1944,32,4,644756,1319142,20632192,5276568,25908760,4,4,12,4,4,4,0,20,20,20260807,5,1,1,1,0,0,0,6129,0.255375,1,0.0015,0
135,1475.46,6,0,2.12483,3.66558,0,0,0,5.79042,361,361,0,1,2.45175,2.45175,1830,367,0,1235,0,0,0,0,0,1337,1627.81,2.40137,3.52742,168488,8,29433,486,464433,32,117732,1944,32,4,644756,1319142,20632192,5276568,25908760,4,4,12,4,4,4,0,20,20,20260807,5,1,1,1,0,0,0,6130,0.255417,1,0.0015,1
136,1486.66,11,0,2.47354,8.65342,0,0,0,11.127,361,361,0,1,2.45175,2.45175,1830,367,0,1235,0,0,0,0,0,1337,1627.81,2.40137,3.52742,168488,8,29433,486,464433,32,117732,1944,32,4,644756,1319142,20632192,5276568,25908760,4,4,12,4,4,4,0,20,20,20260807,5,1,1,1,0,0,0,6130,0.255417,1,0.0015,0
137,1492.58,6,0,2.11058,3.7235,0,0,0,5.83408,361,361,0,1,2.45175,2.45175,1830,367,0,1235,0,0,0,0,0,1337,1627.81,2.40137,3.52742,168488,8,29433,486,464433,32,117732,1944,32,4,644756,1319142,20632192,5276568,25908760,4,4,12,4,4,4,0,20,20,20260807,5,1,1,1,0,0,0,6130,0.255417,1,0.0015,0
138,1503.01,10,0,2.33254,8.01088,0,0,0,10.3434,361,361,0,1,2.45175,2.45175,1830,367,0,1235,0,0,0,0,0,1337,1627.81,2.40137,3.52742,168488,8,29433,486,464433,32,117732,1944,32,4,644756,1319142,20632192,5276568,25908760,4,4,12,4,4,4,0,20,20,20260807,5,1,1,1,0,0,0,6130,0.255417,1,0.0015,0
139,1509.14,6,0,2.15142,3.90058,0,0,0,6.052,361,361,0,1,2.45175,2.45175,1830,367,0,1235,0,0,0,0,0,1337,1627.81,2.40137,3.52742,168488,8,29433,486,464433,32,117732,1944,32,4,644756,1319142,20632192,5276568,25908760,4,4,12,4,4,4,0,20,20,20260807,5,1,1,1,0,0,0,6130,0.255417,1,0.0015,0
140,1523.8,15,0,2.29725,12.2746,0,0,0,14.5719,361,361,0,1,2.45175,2.45175,1830,367,0,1235,0,0,0,0,0,1337,1627.81,2.40137,3.52742,168488,8,29433,486,464433,32,117732,1944,32,4,644756,1319142,20632192,5276568,25908760,4,4,12,4,4,4,0,20,20,20260807,5,1,1,1,0,0,0,6130,0.255417,1,0.0015,0
141,1529.84,6,0,2.14129,3.78463,0,0,0,5.92592,361,361,0,1,2.45175,2.45175,1830,367,0,1235,0,0,0,0,0,1337,1627.81,2.40137,3.52742,168488,8,29433,486,464433,32,117732,1944,32,4,644756,1319142,20632192,5276568,25908760,4,4,12,4,4,4,0,20,20,20260807,5,1,1,1,0,0,0,6131,0.255458,1,0.0015,1
142,1536.31,7,0,2.05488,4.33146,0,0,0,6.38633,361,361,0,1,2.45175,2.45175,1830,367,0,1235,0,0,0,0,0,1337,1627.81,2.40137,3.52742,168488,8,29433,486,464433,32,117732,1944,32,4,644756,1319142,20632192,5276568,25908760,4,4,12,4,4,4,0,20,20,20260807,5,1,1,1,0,0,0,6131,0.255458,1,0.0015,0
143,1543.21,7,0,2.10975,4.71775,0,0,0,6.8275,361,361,0,1,2.45175,2.45175,1830,367,0,1235,0,0,0,0,0,1337,1627.81,2.40137,3.52742,168488,8,29433,486,464433,32,117732,1944,32,4,644756,1319142,20632192,5276568,25908760,4,4,12,4,4,4,0,20,20,20260807,5,1,1,1,0,0,0,6131,0.255458,1,0.0015,0
144,1552.99,9,0,2.23387,7.45488,0,0,0,9.68875,361,361,0,1,2.45175,2.45175,1830,367,0,1235,0,0,0,0,0,1337,1627.81,2.40137,3.52742,168488,8,29433,486,464433,32,117732,1944,32,4,644756,1319142,20632192,5276568,25908760,4,4,12,4,4,4,0,20,20,20260807,5,1,1,1,0,0,0,6131,0.255458,1,0.0015,0
145,1560.51,8,0,2.03633,5.4095,0,0,0,7.44583,361,361,0,1,2.45175,2.45175,1830,367,0,1235,0,0,0,0,0,1337,1627.81,2.40137,3.52742,168488,8,29433,486,464433,32,117732,1944,32,4,644756,1319142,20632192,5276568,25908760,4,4,12,4,4,4,0,20,20,20260807,5,1,1,1,0,0,0,6131,0.255458,1,0.0015,0
146,1569.53,9,0,2.11842,6.81717,0,0,0,8.93558,361,361,0,1,2.45175,2.45175,1830,367,0,1235,0,0,0,0,0,1337,1627.81,2.40137,3.52742,168488,8,29433,486,464433,32,117732,1944,32,4,644756,1319142,20632192,5276568,25908760,4,4,12,4,4,4,0,20,20,20260807,5,1,1,1,0,0,0,6131,0.255458,1,0.0015,0
147,1576.42,7,0,2.15362,4.66046,0,0,0,6.81408,361,361,0,1,2.45175,2.45175,1830,367,0,1235,0,0,0,0,0,1337,1627.81,2.40137,3.52742,168488,8,29433,486,464433,32,117732,1944,32,4,644756,1319142,20632192,5276568,25908760,4,4,12,4,4,4,0,20,20,20260807,5,1,1,1,0,0,0,6132,0.2555,1,0.0015,1
148,1586.28,10,0,2.05354,7.72687,0,0,0,9.78042,361,361,0,1,2.45175,2.45175,1830,367,0,1235,0,0,0,0,0,1337,1627.81,2.40137,3.52742,168488,8,29433,486,464433,32,117732,1944,32,4,644756,1319142,20632192,5276568,25908760,4,4,12,4,4,4,0,20,20,20260807,5,1,1,1,0,0,0,6132,0.2555,1,0.0015,0
149,1593.87,7,0,2.06521,5.44729,0,0,0,7.5125,361,361,0,1,2.45175,2.45175,1830,367,0,1235,0,0,0,0,0,1337,1627.81,2.40137,3.52742,168488,8,29433,486,464433,32,117732,1944,32,4,644756,1319142,20632192,5276568,25908760,4,4,12,4,4,4,0,20,20,20260807,5,1,1,1,0,0,0,6132,0.2555,1,0.0015,0
150,1602.83,9,0,2.06775,6.8145,0,0,0,8.88225,361,361,0,1,2.45175,2.45175,1830,367,0,1235,0,0,0,0,0,1337,1627.81,2.40137,3.52742,168488,8,29433,486,464433,32,117732,1944,32,4,644756,1319142,20632192,5276568,25908760,4,4,12,4,4,4,0,20,20,20260807,5,1,1,1,0,0,0,6132,0.2555,1,0.0015,0
151,1609.03,6,0,2.0465,4.06754,0,0,0,6.11404,361,361,0,1,2.45175,2.45175,1830,367,0,1235,0,0,0,0,0,1337,1627.81,2.40137,3.52742,168488,8,29433,486,464433,32,117732,1944,32,4,644756,1319142,20632192,5276568,25908760,4,4,12,4,4,4,0,20,20,20260807,5,1,1,1,0,0,0,6132,0.2555,1,0.0015,0
152,1619.89,11,0,2.22125,8.53146,0,0,0,10.7527,361,361,0,1,2.45175,2.45175,1830,367,0,1235,0,0,0,0,0,1337,1627.81,2.40137,3.52742,168488,8,29433,486,464433,32,117732,1944,32,4,644756,1319142,20632192,5276568,25908760,4,4,12,4,4,4,0,20,20,20260807,5,1,1,1,0,0,0,6132,0.2555,1,0.0015,0
153,1626.67,7,0,2.14271,4.55525,0,0,0,6.69796,361,361,0,1,2.45175,2.45175,1830,367,0,1235,0,0,0,0,0,1337,1627.81,2.40137,3.52742,168488,8,29433,486,464433,32,117732,1944,32,4,644756,1319142,20632192,5276568,25908760,4,4,12,4,4,4,0,20,20,20260807,5,1,1,1,0,0,0,6133,0.255542,1,0.0015,1
154,1636.41,10,0,2.03633,7.63017,0,0,0,9.6665,361,361,0,1,2.45175,2.45175,1830,367,0,1235,0,0,0,0,0,1337,1627.81,2.40137,3.52742,168488,8,29433,486,464433,32,117732,1944,32,4,644756,1319142,20632192,5276568,25908760,4,4,12,4,4,4,0,20,20,20260807,5,1,1,1,0,0,0,6133,0.255542,1,0.0015,0
155,1643.36,7,0,2.10054,4.71858,0,0,0,6.81912,361,361,0,1,2.45175,2.45175,1830,367,0,1235,0,0,0,0,0,1337,1627.81,2.40137,3.52742,168488,8,29433,486,464433,32,117732,1944,32,4,644756,1319142,20632192,5276568,25908760,4,4,12,4,4,4,0,20,20,20260807,5,1,1,1,0,0,0,6133,0.255542,1,0.0015,0
156,1653.05,9,0,2.10062,7.51788,0,0,0,9.6185,361,361,0,1,2.45175,2.45175,1830,367,0,1235,0,0,0,0,0,1337,1627.81,2.40137,3.52742,168488,8,29433,486,464433,32,117732,1944,32,4,644756,1319142,20632192,5276568,25908760,4,4,12,4,4,4,0,20,20,20260807,5,1,1,1,0,0,0,6133,0.255542,1,0.0015,0
157,1660.21,8,0,2.15717,4.92121,0,0,0,7.07838,361,361,0,1,2.45175,2.45175,1830,367,0,1235,0,0,0,0,0,1337,1627.81,2.40137,3.52742,168488,8,29433,486,464433,32,117732,1944,32,4,644756,1319142,20632192,5276568,25908760,4,4,12,4,4,4,0,20,20,20260807,5,1,1,1,0,0,0,6133,0.255542,1,0.0015,0
158,1669.59,9,0,2.11808,7.17229,0,0,0,9.29037,361,361,0,1,2.45175,2.45175,1830,367,0,1235,0,0,0,0,0,1337,1627.81,2.40137,3.52742,168488,8,29433,486,464433,32,117732,1944,32,4,644756,1319142,20632192,5276568,25908760,4,4,12,4,4,4,0,20,20,20260807,5,1,1,1,0,0,0,6133,0.255542,1,0.0015,0
159,1676.18,7,0,2.18425,4.33892,0,0,0,6.52317,361,361,0,1,2.45175,2.45175,1830,367,0,1235,0,0,0,0,0,1337,1627.81,2.40137,3.52742,168488,8,29433,486,464433,32,117732,1944,32,4,644756,1319142,20632192,5276568,25908760,4,4,12,4,4,4,0,20,20,20260807,5,1,1,1,0,0,0,6134,0.255583,1,0.0015,1
160,1686.37,10,0,2.07879,8.01625,0,0,0,10.095,361,361,0,1,2.45175,2.45175,1830,367,0,1235,0,0,0,0,0,1337,1627.81,2.40137,3.52742,168488,8,29433,486,464433,32,117732,1944,32,4,644756,1319142,20632192,5276568,25908760,4,4,12,4,4,4,0,20,20,20260807,5,1,1,1,0,0,0,6134,0.255583,1,0.0015,0
161,1693.23,7,0,2.07108,4.70937,0,0,0,6.78046,361,361,0,1,2.45175,2.45175,1830,367,0,1235,0,0,0,0,0,1337,1627.81,2.40137,3.52742,168488,8,29433,486,464433,32,117732,1944,32,4,644756,1319142,20632192,5276568,25908760,4,4,12,4,4,4,0,20,20,20260807,5,1,1,1,0,0,0,6134,0.255583,1,0.0015,0
162,1702.93,9,0,2.10242,7.51283,0,0,0,9.61525,361,361,0,1,2.45175,2.45175,1830,367,0,1235,0,0,0,0,0,1337,1627.81,2.40137,3.52742,168488,8,29433,486,464433,32,117732,1944,32,4,644756,1319142,20632192,5276568,25908760,4,4,12,4,4,4,0,20,20,20260807,5,1,1,1,0,0,0,6134,0.255583,1,0.0015,0
163,1709.5,7,0,2.16971,4.32404,0,0,0,6.49375,361,361,0,1,2.45175,2.45175,1830,367,0,1235,0,0,0,0,0,1337,1627.81,2.40137,3.52742,168488,8,29433,486,464433,32,117732,1944,32,4,644756,1319142,20632192,5276568,25908760,4,4,12,4,4,4,0,20,20,20260807,5,1,1,1,0,0,0,6134,0.255583,1,0.0015,0
164,1719.69,10,0,5.08996,5.01021,0,0,0,10.1002,361,361,0,1,2.45175,2.45175,1830,367,0,1235,0,0,0,0,0,1337,1627.81,2.40137,3.52742,168488,8,29433,486,464433,32,117732,1944,32,4,644756,1319142,20632192,5276568,25908760,4,4,12,4,4,4,0,20,20,20260807,5,1,1,1,0,0,0,6134,0.255583,1,0.0015,0
165,1726.87,7,0,2.09396,5.01429,0,0,0,7.10825,361,361,0,1,2.45175,2.45175,1830,367,0,1235,0,0,0,0,0,1337,1627.81,2.40137,3.52742,168488,8,29433,486,464433,32,117732,1944,32,4,644756,1319142,20632192,5276568,25908760,4,4,12,4,4,4,0,20,20,20260807,5,1,1,1,0,0,0,6135,0.255625,1,0.0015,1
166,1736.45,10,0,2.07754,7.42104,0,0,0,9.49858,361,361,0,1,2.45175,2.45175,1830,367,0,1235,0,0,0,0,0,1337,1627.81,2.40137,3.52742,168488,8,29433,486,464433,32,117732,1944,32,4,644756,1319142,20632192,5276568,25908760,4,4,12,4,4,4,0,20,20,20260807,5,1,1,1,0,0,0,6135,0.255625,1,0.0015,0
167,1742.35,6,0,2.09929,3.71725,0,0,0,5.81654,361,361,0,1,2.45175,2.45175,1830,367,0,1235,0,0,0,0,0,1337,1627.81,2.40137,3.52742,168488,8,29433,486,464433,32,117732,1944,32,4,644756,1319142,20632192,5276568,25908760,4,4,12,4,4,4,0,20,20,20260807,5,1,1,1,0,0,0,6135,0.255625,1,0.0015,0
168,1752.93,10,0,3.20796,7.29575,0,0,0,10.5037,361,361,0,1,2.45175,2.45175,1830,367,0,1235,0,0,0,0,0,1337,1627.81,2.40137,3.52742,168488,8,29433,486,464433,32,117732,1944,32,4,644756,1319142,20632192,5276568,25908760,4,4,12,4,4,4,0,20,20,20260807,5,1,1,1,0,0,0,6135,0.255625,1,0.0015,0
169,1759.96,7,0,2.1,4.80721,0,0,0,6.90721,361,361,0,1,2.45175,2.45175,1830,367,0,1235,0,0,0,0,0,1337,1627.81,2.40137,3.52742,168488,8,29433,486,464433,32,117732,1944,32,4,644756,1319142,20632192,5276568,25908760,4,4,12,4,4,4,0,20,20,20260807,5,1,1,1,0,0,0,6135,0.255625,1,0.0015,0
170,1769.61,10,0,2.18938,7.36854,0,0,0,9.55792,361,361,0,1,2.45175,2.45175,1830,367,0,1235,0,0,0,0,0,1337,1627.81,2.40137,3.52742,168488,8,29433,486,464433,32,117732,1944,32,4,644756,1319142,20632192,5276568,25908760,4,4,12,4,4,4,0,20,20,20260807,5,1,1,1,0,0,0,6135,0.255625,1,0.0015,0
171,1775.72,6,0,2.23317,3.79425,0,0,0,6.02742,361,361,0,1,2.45175,2.45175,1830,367,0,1235,0,0,0,0,0,1337,1627.81,2.40137,3.52742,168488,8,29433,486,464433,32,117732,1944,32,4,644756,1319142,20632192,5276568,25908760,4,4,12,4,4,4,0,20,20,20260807,5,1,1,1,0,0,0,6136,0.255667,1,0.0015,1
172,1786.9,11,0,2.30146,8.66879,0,0,0,10.9703,361,361,0,1,2.45175,2.45175,1830,367,0,1235,0,0,0,0,0,1337,1627.81,2.40137,3.52742,168488,8,29433,486,464433,32,117732,1944,32,4,644756,1319142,20632192,5276568,25908760,4,4,12,4,4,4,0,20,20,20260807,5,1,1,1,0,0,0,6136,0.255667,1,0.0015,0
173,1793.54,7,0,2.22233,4.33417,0,0,0,6.5565,361,361,0,1,2.45175,2.45175,1830,367,0,1235,0,0,0,0,0,1337,1627.81,2.40137,3.52742,168488,8,29433,486,464433,32,117732,1944,32,4,644756,1319142,20632192,5276568,25908760,4,4,12,4,4,4,0,20,20,20260807,5,1,1,1,0,0,0,6136,0.255667,1,0.0015,0
174,1803,9,0,2.029,7.34675,0,0,0,9.37575,361,361,0,1,2.45175,2.45175,1830,367,0,1235,0,0,0,0,0,1337,1627.81,2.40137,3.52742,168488,8,29433,486,464433,32,117732,1944,32,4,644756,1319142,20632192,5276568,25908760,4,4,12,4,4,4,0,20,20,20260807,5,1,1,1,0,0,0,6136,0.255667,1,0.0015,0
175,1809.15,6,0,2.10787,3.96067,0,0,0,6.06854,361,361,0,1,2.45175,2.45175,1830,367,0,1235,0,0,0,0,0,1337,1627.81,2.40137,3.52742,168488,8,29433,486,464433,32,117732,1944,32,4,644756,1319142,20632192,5276568,25908760,4,4,12,4,4,4,0,20,20,20260807,5,1,1,1,0,0,0,6136,0.255667,1,0.0015,0
176,1819.63,11,0,2.19975,8.14692,0,0,0,10.3467,361,361,0,1,2.45175,2.45175,1830,367,0,1235,0,0,0,0,0,1337,1627.81,2.40137,3.52742,168488,8,29433,486,464433,32,117732,1944,32,4,644756,1319142,20632192,5276568,25908760,4,4,12,4,4,4,0,20,20,20260807,5,1,1,1,0,0,0,6136,0.255667,1,0.0015,0
177,1826.47,7,0,2.10321,4.66054,0,0,0,6.76375,361,361,0,1,2.45175,2.45175,1830,367,0,1235,0,0,0,0,0,1337,1627.81,2.40137,3.52742,168488,8,29433,486,464433,32,117732,1944,32,4,644756,1319142,20632192,5276568,25908760,4,4,12,4,4,4,0,20,20,20260807,5,1,1,1,0,0,0,6137,0.255708,1,0.0015,1
178,1836.33,10,0,2.25342,7.51721,0,0,0,9.77063,361,361,0,1,2.45175,2.45175,1830,367,0,1235,0,0,0,0,0,1337,1627.81,2.40137,3.52742,168488,8,29433,486,464433,32,117732,1944,32,4,644756,1319142,20632192,5276568,25908760,4,4,12,4,4,4,0,20,20,20260807,5,1,1,1,0,0,0,6137,0.255708,1,0.0015,0
179,1842.29,6,0,2.08492,3.80533,0,0,0,5.89025,361,361,0,1,2.45175,2.45175,1830,367,0,1235,0,0,0,0,0,1337,1627.81,2.40137,3.52742,168488,8,29433,486,464433,32,117732,1944,32,4,644756,1319142,20632192,5276568,25908760,4,4,12,4,4,4,0,20,20,20260807,5,1,1,1,0,0,0,6137,0.255708,1,0.0015,0
180,1853.19,11,0,2.31992,8.49687,0,0,0,10.8168,361,361,0,1,2.45175,2.45175,1830,367,0,1235,0,0,0,0,0,1337,1627.81,2.40137,3.52742,168488,8,29433,486,464433,32,117732,1944,32,4,644756,1319142,20632192,5276568,25908760,4,4,12,4,4,4,0,20,20,20260807,5,1,1,1,0,0,0,6137,0.255708,1,0.0015,0
181,1860.15,6,0,2.08338,4.79117,0,0,0,6.87454,361,361,0,1,2.45175,2.45175,1830,367,0,1235,0,0,0,0,0,1337,1627.81,2.40137,3.52742,168488,8,29433,486,464433,32,117732,1944,32,4,644756,1319142,20632192,5276568,25908760,4,4,12,4,4,4,0,20,20,20260807,5,1,1,1,0,0,0,6137,0.255708,1,0.0015,0
182,1869.65,10,0,2.13912,7.28646,0,0,0,9.42558,361,361,0,1,2.45175,2.45175,1830,367,0,1235,0,0,0,0,0,1337,1627.81,2.40137,3.52742,168488,8,29433,486,464433,32,117732,1944,32,4,644756,1319142,20632192,5276568,25908760,4,4,12,4,4,4,0,20,20,20260807,5,1,1,1,0,0,0,6137,0.255708,1,0.0015,0
183,1875.03,5,0,2.1635,3.13642,0,0,0,5.29992,361,361,0,1,2.45175,2.45175,1830,367,0,1235,0,0,0,0,0,1337,1627.81,2.40137,3.52742,168488,8,29433,486,464433,32,117732,1944,32,4,644756,1319142,20632192,5276568,25908760,4,4,12,4,4,4,0,20,20,20260807,5,1,1,1,0,0,0,6138,0.25575,1,0.0015,1
184,1886.3,12,0,2.28467,8.86517,0,0,0,11.1498,361,361,0,1,2.45175,2.45175,1830,367,0,1235,0,0,0,0,0,1337,1627.81,2.40137,3.52742,168488,8,29433,486,464433,32,117732,1944,32,4,644756,1319142,20632192,5276568,25908760,4,4,12,4,4,4,0,20,20,20260807,5,1,1,1,0,0,0,6138,0.25575,1,0.0015,0
185,1895.97,9,0,2.09092,7.49508,0,0,0,9.586,361,361,0,1,2.45175,2.45175,1830,367,0,1235,0,0,0,0,0,1337,1627.81,2.40137,3.52742,168488,8,29433,486,464433,32,117732,1944,32,4,644756,1319142,20632192,5276568,25908760,4,4,12,4,4,4,0,20,20,20260807,5,1,1,1,0,0,0,6138,0.25575,1,0.0015,0
186,1903.78,8,0,2.29421,5.43971,0,0,0,7.73392,361,361,0,1,2.45175,2.45175,1830,367,0,1235,0,0,0,0,0,1337,1627.81,2.40137,3.52742,168488,8,29433,486,464433,32,117732,1944,32,4,644756,1319142,20632192,5276568,25908760,4,4,12,4,4,4,0,20,20,20260807,5,1,1,1,0,0,0,6138,0.25575,1,0.0015,0
187,1908.93,5,0,2.0365,3.03433,0,0,0,5.07083,361,361,0,1,2.45175,2.45175,1830,367,0,1235,0,0,0,0,0,1337,1627.81,2.40137,3.52742,168488,8,29433,486,464433,32,117732,1944,32,4,644756,1319142,20632192,5276568,25908760,4,4,12,4,4,4,0,20,20,20260807,5,1,1,1,0,0,0,6138,0.25575,1,0.0015,0
188,1919.87,11,0,3.00883,7.8465,0,0,0,10.8553,361,361,0,1,2.45175,2.45175,1830,367,0,1235,0,0,0,0,0,1337,1627.81,2.40137,3.52742,168488,8,29433,486,464433,32,117732,1944,32,4,644756,1319142,20632192,5276568,25908760,4,4,12,4,4,4,0,20,20,20260807,5,1,1,1,0,0,0,6138,0.25575,1,0.0015,0
189,1925.1,5,0,2.18829,2.95017,0,0,0,5.13846,361,361,0,1,2.45175,2.45175,1830,367,0,1235,0,0,0,0,0,1337,1627.81,2.40137,3.52742,168488,8,29433,486,464433,32,117732,1944,32,4,644756,1319142,20632192,5276568,25908760,4,4,12,4,4,4,0,20,20,20260807,5,1,1,1,0,0,0,6139,0.255792,1,0.0015,1
190,1936.46,12,0,2.23817,9.05171,0,0,0,11.2899,361,361,0,1,2.45175,2.45175,1830,367,0,1235,0,0,0,0,0,1337,1627.81,2.40137,3.52742,168488,8,29433,486,464433,32,117732,1944,32,4,644756,1319142,20632192,5276568,25908760,4,4,12,4,4,4,0,20,20,20260807,5,1,1,1,0,0,0,6139,0.255792,1,0.0015,0
191,1946.45,10,0,2.24267,7.6605,0,0,0,9.90317,361,361,0,1,2.45175,2.45175,1830,367,0,1235,0,0,0,0,0,1337,1627.81,2.40137,3.52742,168488,8,29433,486,464433,32,117732,1944,32,4,644756,1319142,20632192,5276568,25908760,4,4,12,4,4,4,0,20,20,20260807,5,1,1,1,0,0,0,6139,0.255792,1,0.0015,0
192,1953.24,7,0,2.07846,4.63087,0,0,0,6.70933,361,361,0,1,2.45175,2.45175,1830,367,0,1235,0,0,0,0,0,1337,1627.81,2.40137,3.52742,168488,8,29433,486,464433,32,117732,1944,32,4,644756,1319142,20632192,5276568,25908760,4,4,12,4,4,4,0,20,20,20260807,5,1,1,1,0,0,0,6139,0.255792,1,0.0015,0
193,1959.99,6,0,2.11775,4.55454,0,0,0,6.67229,361,361,0,1,2.45175,2.45175,1830,367,0,1235,0,0,0,0,0,1337,1627.81,2.40137,3.52742,168488,8,29433,486,464433,32,117732,1944,32,4,644756,1319142,20632192,5276568,25908760,4,4,12,4,4,4,0,20,20,20260807,5,1,1,1,0,0,0,6139,0.255792,1,0.0015,0
194,1969.75,10,0,2.12171,7.54196,0,0,0,9.66367,361,361,0,1,2.45175,2.45175,1830,367,0,1235,0,0,0,0,0,1337,1627.81,2.40137,3.52742,168488,8,29433,486,464433,32,117732,1944,32,4,644756,1319142,20632192,5276568,25908760,4,4,12,4,4,4,0,20,20,20260807,5,1,1,1,0,0,0,6139,0.255792,1,0.0015,0
195,1976.07,6,0,2.14067,4.09529,0,0,0,6.23596,361,361,0,1,2.45175,2.45175,1830,367,0,1235,0,0,0,0,0,1337,1627.81,2.40137,3.52742,168488,8,29433,486,464433,32,117732,1944,32,4,644756,1319142,20632192,5276568,25908760,4,4,12,4,4,4,0,20,20,20260807,5,1,1,1,0,0,0,6140,0.255833,1,0.0015,1
196,1986.39,11,0,2.18321,8.00754,0,0,0,10.1907,361,361,0,1,2.45175,2.45175,1830,367,0,1235,0,0,0,0,0,1337,1627.81,2.40137,3.52742,168488,8,29433,486,464433,32,117732,1944,32,4,644756,1319142,20632192,5276568,25908760,4,4,12,4,4,4,0,20,20,20260807,5,1,1,1,0,0,0,6140,0.255833,1,0.0015,0
197,1999.12,12,0,2.0965,10.5527,0,0,0,12.6492,361,361,0,1,2.45175,2.45175,1830,367,0,1235,0,0,0,0,0,1337,1627.81,2.40137,3.52742,168488,8,29433,486,464433,32,117732,1944,32,4,644756,1319142,20632192,5276568,25908760,4,4,12,4,4,4,0,20,20,20260807,5,1,1,1,0,0,0,6140,0.255833,1,0.0015,0
198,2005.08,6,0,2.14608,3.67783,0,0,0,5.82392,361,361,0,1,2.45175,2.45175,1830,367,0,1235,0,0,0,0,0,1337,1627.81,2.40137,3.52742,168488,8,29433,486,464433,32,117732,1944,32,4,644756,1319142,20632192,5276568,25908760,4,4,12,4,4,4,0,20,20,20260807,5,1,1,1,0,0,0,6140,0.255833,1,0.0015,0
199,2011.64,7,0,2.31396,4.17792,0,0,0,6.49188,361,361,0,1,2.45175,2.45175,1830,367,0,1235,0,0,0,0,0,1337,1627.81,2.40137,3.52742,168488,8,29433,486,464433,32,117732,1944,32,4,644756,1319142,20632192,5276568,25908760,4,4,12,4,4,4,0,20,20,20260807,5,1,1,1,0,0,0,6140,0.255833,1,0.0015,0
200,2021.68,10,0,2.11242,7.83567,0,0,0,9.94808,361,361,0,1,2.45175,2.45175,1830,367,0,1235,0,0,0,0,0,1337,1627.81,2.40137,3.52742,168488,8,29433,486,464433,32,117732,1944,32,4,644756,1319142,20632192,5276568,25908760,4,4,12,4,4,4,0,20,20,20260807,5,1,1,1,0,0,0,6140,0.255833,1,0.0015,0
201,2029.19,8,0,2.16358,5.26925,0,0,0,7.43283,361,361,0,1,2.45175,2.45175,1830,367,0,1235,0,0,0,0,0,1337,1627.81,2.40137,3.52742,168488,8,29433,486,464433,32,117732,1944,32,4,644756,1319142,20632192,5276568,25908760,4,4,12,4,4,4,0,20,20,20260807,5,1,1,1,0,0,0,6141,0.255875,1,0.0015,1
202,2038.3,8,0,2.09958,6.92671,0,0,0,9.02629,361,361,0,1,2.45175,2.45175,1830,367,0,1235,0,0,0,0,0,1337,1627.81,2.40137,3.52742,168488,8,29433,486,464433,32,117732,1944,32,4,644756,1319142,20632192,5276568,25908760,4,4,12,4,4,4,0,20,20,20260807,5,1,1,1,0,0,0,6141,0.255875,1,0.0015,0
203,2046.17,8,0,2.13554,5.6655,0,0,0,7.80104,361,361,0,1,2.45175,2.45175,1830,367,0,1235,0,0,0,0,0,1337,1627.81,2.40137,3.52742,168488,8,29433,486,464433,32,117732,1944,32,4,644756,1319142,20632192,5276568,25908760,4,4,12,4,4,4,0,20,20,20260807,5,1,1,1,0,0,0,6141,0.255875,1,0.0015,0
204,2053.72,7,0,2.15375,5.31054,0,0,0,7.46429,361,361,0,1,2.45175,2.45175,1830,367,0,1235,0,0,0,0,0,1337,1627.81,2.40137,3.52742,168488,8,29433,486,464433,32,117732,1944,32,4,644756,1319142,20632192,5276568,25908760,4,4,12,4,4,4,0,20,20,20260807,5,1,1,1,0,0,0,6141,0.255875,1,0.0015,0
205,2062.51,9,0,2.13125,6.57983,0,0,0,8.71108,361,361,0,1,2.45175,2.45175,1830,367,0,1235,0,0,0,0,0,1337,1627.81,2.40137,3.52742,168488,8,29433,486,464433,32,117732,1944,32,4,644756,1319142,20632192,5276568,25908760,4,4,12,4,4,4,0,20,20,20260807,5,1,1,1,0,0,0,6141,0.255875,1,0.0015,0
206,2072.27,10,0,2.12121,7.54354,0,0,0,9.66475,361,361,0,1,2.45175,2.45175,1830,367,0,1235,0,0,0,0,0,1337,1627.81,2.40137,3.52742,168488,8,29433,486,464433,32,117732,1944,32,4,644756,1319142,20632192,5276568,25908760,4,4,12,4,4,4,0,20,20,20260807,5,1,1,1,0,0,0,6141,0.255875,1,0.0015,0
207,2079,6,0,2.10383,4.53846,0,0,0,6.64229,361,361,0,1,2.45175,2.45175,1830,367,0,1235,0,0,0,0,0,1337,1627.81,2.40137,3.52742,168488,8,29433,486,464433,32,117732,1944,32,4,644756,1319142,20632192,5276568,25908760,4,4,12,4,4,4,0,20,20,20260807,5,1,1,1,0,0,0,6142,0.255917,1,0.0015,1
208,2086.34,8,0,2.10725,5.15921,0,0,0,7.26646,361,361,0,1,2.45175,2.45175,1830,367,0,1235,0,0,0,0,0,1337,1627.81,2.40137,3.52742,168488,8,29433,486,464433,32,117732,1944,32,4,644756,1319142,20632192,5276568,25908760,4,4,12,4,4,4,0,20,20,20260807,5,1,1,1,0,0,0,6142,0.255917,1,0.0015,0
209,2100.05,13,0,2.15558,11.4722,0,0,0,13.6278,361,361,0,1,2.45175,2.45175,1830,367,0,1235,0,0,0,0,0,1337,1627.81,2.40137,3.52742,168488,8,29433,486,464433,32,117732,1944,32,4,644756,1319142,20632192,5276568,25908760,4,4,12,4,4,4,0,20,20,20260807,5,1,1,1,0,0,0,6142,0.255917,1,0.0015,0
210,2106.32,7,0,2.23542,3.95358,0,0,0,6.189,361,361,0,1,2.45175,2.45175,1830,367,0,1235,0,0,0,0,0,1337,1627.81,2.40137,3.52742,168488,8,29433,486,464433,32,117732,1944,32,4,644756,1319142,20632192,5276568,25908760,4,4,12,4,4,4,0,20,20,20260807,5,1,1,1,0,0,0,6142,0.255917,1,0.0015,0
211,2120.67,14,0,2.12304,12.14,0,0,0,14.263,361,361,0,1,2.45175,2.45175,1830,367,0,1235,0,0,0,0,0,1337,1627.81,2.40137,3.52742,168488,8,29433,486,464433,32,117732,1944,32,4,644756,1319142,20632192,5276568,25908760,4,4,12,4,4,4,0,20,20,20260807,5,1,1,1,0,0,0,6142,0.255917,1,0.0015,0
212,2125.9,5,0,2.145,2.97008,0,0,0,5.11508,361,361,0,1,2.45175,2.45175,1830,367,0,1235,0,0,0,0,0,1337,1627.81,2.40137,3.52742,168488,8,29433,486,464433,32,117732,1944,32,4,644756,1319142,20632192,5276568,25908760,4,4,12,4,4,4,0,20,20,20260807,5,1,1,1,0,0,0,6143,0.255958,1,0.0015,1
213,2136.38,11,0,3.72317,6.67533,0,0,0,10.3985,361,361,0,1,2.45175,2.45175,1830,367,0,1235,0,0,0,0,0,1337,1627.81,2.40137,3.52742,168488,8,29433,486,464433,32,117732,1944,32,4,644756,1319142,20632192,5276568,25908760,4,4,12,4,4,4,0,20,20,20260807,5,1,1,1,0,0,0,6143,0.255958,1,0.0015,0
214,2142.01,5,0,2.10583,3.45038,0,0,0,5.55621,361,361,0,1,2.45175,2.45175,1830,367,0,1235,0,0,0,0,0,1337,1627.81,2.40137,3.52742,168488,8,29433,486,464433,32,117732,1944,32,4,644756,1319142,20632192,5276568,25908760,4,4,12,4,4,4,0,20,20,20260807,5,1,1,1,0,0,0,6143,0.255958,1,0.0015,0
215,2153.08,11,0,2.17992,8.80404,0,0,0,10.984,361,361,0,1,2.45175,2.45175,1830,367,0,1235,0,0,0,0,0,1337,1627.81,2.40137,3.52742,168488,8,29433,486,464433,32,117732,1944,32,4,644756,1319142,20632192,5276568,25908760,4,4,12,4,4,4,0,20,20,20260807,5,1,1,1,0,0,0,6143,0.255958,1,0.0015,0
216,2158.88,6,0,2.19708,3.52604,0,0,0,5.72312,361,361,0,1,2.45175,2.45175,1830,367,0,1235,0,0,0,0,0,1337,1627.81,2.40137,3.52742,168488,8,29433,486,464433,32,117732,1944,32,4,644756,1319142,20632192,5276568,25908760,4,4,12,4,4,4,0,20,20,20260807,5,1,1,1,0,0,0,6143,0.255958,1,0.0015,0
217,2172.78,14,0,2.2025,11.6103,0,0,0,13.8128,361,361,0,1,2.45175,2.45175,1830,367,0,1235,0,0,0,0,0,1337,1627.81,2.40137,3.52742,168488,8,29433,486,464433,32,117732,1944,32,4,644756,1319142,20632192,5276568,25908760,4,4,12,4,4,4,0,20,20,20260807,5,1,1,1,0,0,0,6143,0.255958,1,0.0015,0
218,2181.47,9,0,2.131,6.48246,0,0,0,8.61346,361,361,0,1,2.45175,2.45175,1830,367,0,1235,0,0,0,0,0,1337,1627.81,2.40137,3.52742,168488,8,29433,486,464433,32,117732,1944,32,4,644756,1319142,20632192,5276568,25908760,4,4,12,4,4,4,0,20,20,20260807,5,1,1,1,0,0,0,6144,0.256,1,0.0015,1
219,2186.53,5,0,2.0625,2.91838,0,0,0,4.98088,361,361,0,1,2.45175,2.45175,1830,367,0,1235,0,0,0,0,0,1337,1627.81,2.40137,3.52742,168488,8,29433,486,464433,32,117732,1944,32,4,644756,1319142,20632192,5276568,25908760,4,4,12,4,4,4,0,20,20,20260807,5,1,1,1,0,0,0,6144,0.256,1,0.0015,0
220,2193.08,6,0,2.11013,4.35429,0,0,0,6.46442,361,361,0,1,2.45175,2.45175,1830,367,0,1235,0,0,0,0,0,1337,1627.81,2.40137,3.52742,168488,8,29433,486,464433,32,117732,1944,32,4,644756,1319142,20632192,5276568,25908760,4,4,12,4,4,4,0,20,20,20260807,5,1,1,1,0,0,0,6144,0.256,1,0.0015,0
221,2203.03,10,0,2.05121,7.79737,0,0,0,9.84858,361,361,0,1,2.45175,2.45175,1830,367,0,1235,0,0,0,0,0,1337,1627.81,2.40137,3.52742,168488,8,29433,486,464433,32,117732,1944,32,4,644756,1319142,20632192,5276568,25908760,4,4,12,4,4,4,0,20,20,20260807,5,1,1,1,0,0,0,6144,0.256,1,0.0015,0
222,2208.61,6,0,2.10213,3.40042,0,0,0,5.50254,361,361,0,1,2.45175,2.45175,1830,367,0,1235,0,0,0,0,0,1337,1627.81,2.40137,3.52742,168488,8,29433,486,464433,32,117732,1944,32,4,644756,1319142,20632192,5276568,25908760,4,4,12,4,4,4,0,20,20,20260807,5,1,1,1,0,0,0,6144,0.256,1,0.0015,0
223,2219.78,11,0,3.90067,7.18871,0,0,0,11.0894,361,361,0,1,2.45175,2.45175,1830,367,0,1235,0,0,0,0,0,1337,1627.81,2.40137,3.52742,168488,8,29433,486,464433,32,117732,1944,32,4,644756,1319142,20632192,5276568,25908760,4,4,12,4,4,4,0,20,20,20260807,5,1,1,1,0,0,0,6144,0.256,1,0.0015,0
224,2231.34,12,0,2.14621,9.33638,0,0,0,11.4826,361,361,0,1,2.45175,2.45175,1830,367,0,1235,0,0,0,0,0,1337,1627.81,2.40137,3.52742,168488,8,29433,486,464433,32,117732,1944,32,4,644756,1319142,20632192,5276568,25908760,4,4,12,4,4,4,0,20,20,20260807,5,1,1,1,0,0,0,6145,0.256042,1,0.0015,1
225,2236.39,5,0,2.00708,2.96033,0,0,0,4.96742,361,361,0,1,2.45175,2.45175,1830,367,0,1235,0,0,0,0,0,1337,1627.81,2.40137,3.52742,168488,8,29433,486,464433,32,117732,1944,32,4,644756,1319142,20632192,5276568,25908760,4,4,12,4,4,4,0,20,20,20260807,5,1,1,1,0,0,0,6145,0.256042,1,0.0015,0
226,2242.21,6,0,2.13837,3.60096,0,0,0,5.73933,361,361,0,1,2.45175,2.45175,1830,367,0,1235,0,0,0,0,0,1337,1627.81,2.40137,3.52742,168488,8,29433,486,464433,32,117732,1944,32,4,644756,1319142,20632192,5276568,25908760,4,4,12,4,4,4,0,20,20,20260807,5,1,1,1,0,0,0,6145,0.256042,1,0.0015,0
227,2253.35,11,0,2.21196,8.79946,0,0,0,11.0114,361,361,0,1,2.45175,2.45175,1830,367,0,1235,0,0,0,0,0,1337,1627.81,2.40137,3.52742,168488,8,29433,486,464433,32,117732,1944,32,4,644756,1319142,20632192,5276568,25908760,4,4,12,4,4,4,0,20,20,20260807,5,1,1,1,0,0,0,6145,0.256042,1,0.0015,0
228,2259.37,6,0,2.16438,3.77892,0,0,0,5.94329,361,361,0,1,2.45175,2.45175,1830,367,0,1235,0,0,0,0,0,1337,1627.81,2.40137,3.52742,168488,8,29433,486,464433,32,117732,1944,32,4,644756,1319142,20632192,5276568,25908760,4,4,12,4,4,4,0,20,20,20260807,5,1,1,1,0,0,0,6145,0.256042,1,0.0015,0
229,2269.66,10,0,2.24304,7.956,0,0,0,10.199,361,361,0,1,2.45175,2.45175,1830,367,0,1235,0,0,0,0,0,1337,1627.81,2.40137,3.52742,168488,8,29433,486,464433,32,117732,1944,32,4,644756,1319142,20632192,5276568,25908760,4,4,12,4,4,4,0,20,20,20260807,5,1,1,1,0,0,0,6145,0.256042,1,0.0015,0
230,2275.62,6,0,2.14504,3.73483,0,0,0,5.87988,361,361,0,1,2.45175,2.45175,1830,367,0,1235,0,0,0,0,0,1337,1627.81,2.40137,3.52742,168488,8,29433,486,464433,32,117732,1944,32,4,644756,1319142,20632192,5276568,25908760,4,4,12,4,4,4,0,20,20,20260807,5,1,1,1,0,0,0,6146,0.256083,1,0.0015,1
231,2286.39,12,0,2.20788,8.48454,0,0,0,10.6924,361,361,0,1,2.45175,2.45175,1830,367,0,1235,0,0,0,0,0,1337,1627.81,2.40137,3.52742,168488,8,29433,486,464433,32,117732,1944,32,4,644756,1319142,20632192,5276568,25908760,4,4,12,4,4,4,0,20,20,20260807,5,1,1,1,0,0,0,6146,0.256083,1,0.0015,0
232,2292.65,6,0,2.17921,3.99733,0,0,0,6.17654,361,361,0,1,2.45175,2.45175,1830,367,0,1235,0,0,0,0,0,1337,1627.81,2.40137,3.52742,168488,8,29433,486,464433,32,117732,1944,32,4,644756,1319142,20632192,5276568,25908760,4,4,12,4,4,4,0,20,20,20260807,5,1,1,1,0,0,0,6146,0.256083,1,0.0015,0
233,2302.98,10,0,2.22642,8.0255,0,0,0,10.2519,361,361,0,1,2.45175,2.45175,1830,367,0,1235,0,0,0,0,0,1337,1627.81,2.40137,3.52742,168488,8,29433,486,464433,32,117732,1944,32,4,644756,1319142,20632192,5276568,25908760,4,4,12,4,4,4,0,20,20,20260807,5,1,1,1,0,0,0,6146,0.256083,1,0.0015,0
234,2308.73,6,0,2.07158,3.59504,0,0,0,5.66662,361,361,0,1,2.45175,2.45175,1830,367,0,1235,0,0,0,0,0,1337,1627.81,2.40137,3.52742,168488,8,29433,486,464433,32,117732,1944,32,4,644756,1319142,20632192,5276568,25908760,4,4,12,4,4,4,0,20,20,20260807,5,1,1,1,0,0,0,6146,0.256083,1,0.0015,0
235,2319.74,11,0,2.21625,8.71504,0,0,0,10.9313,361,361,0,1,2.45175,2.45175,1830,367,0,1235,0,0,0,0,0,1337,1627.81,2.40137,3.52742,168488,8,29433,486,464433,32,117732,1944,32,4,644756,1319142,20632192,5276568,25908760,4,4,12,4,4,4,0,20,20,20260807,5,1,1,1,0,0,0,6146,0.256083,1,0.0015,0
236,2326.27,7,0,2.10487,4.34537,0,0,0,6.45025,361,361,0,1,2.45175,2.45175,1830,367,0,1235,0,0,0,0,0,1337,1627.81,2.40137,3.52742,168488,8,29433,486,464433,32,117732,1944,32,4,644756,1319142,20632192,5276568,25908760,4,4,12,4,4,4,0,20,20,20260807,5,1,1,1,0,0,0,6147,0.256125,1,0.0015,1
237,2348.75,22,0,2.21479,20.1753,0,0,0,22.3901,361,361,0,1,2.45175,2.45175,1830,367,0,1235,0,0,0,0,0,1337,1627.81,2.40137,3.52742,168488,8,29433,486,464433,32,117732,1944,32,4,644756,1319142,20632192,5276568,25908760,4,4,12,4,4,4,0,20,20,20260807,5,1,1,1,0,0,0,6147,0.256125,1,0.0015,0
238,2354.01,5,0,2.08608,3.09337,0,0,0,5.17946,361,361,0,1,2.45175,2.45175,1830,367,0,1235,0,0,0,0,0,1337,1627.81,2.40137,3.52742,168488,8,29433,486,464433,32,117732,1944,32,4,644756,1319142,20632192,5276568,25908760,4,4,12,4,4,4,0,20,20,20260807,5,1,1,1,0,0,0,6147,0.256125,1,0.0015,0
239,2359.13,5,0,2.19817,2.8455,0,0,0,5.04367,361,361,0,1,2.45175,2.45175,1830,367,0,1235,0,0,0,0,0,1337,1627.81,2.40137,3.52742,168488,8,29433,486,464433,32,117732,1944,32,4,644756,1319142,20632192,5276568,25908760,4,4,12,4,4,4,0,20,20,20260807,5,1,1,1,0,0,0,6147,0.256125,1,0.0015,0
240,2369.61,11,0,2.33067,8.07258,0,0,0,10.4032,361,361,0,1,2.45175,2.45175,1830,367,0,1235,0,0,0,0,0,1337,1627.81,2.40137,3.52742,168488,8,29433,486,464433,32,117732,1944,32,4,644756,1319142,20632192,5276568,25908760,4,4,12,4,4,4,0,20,20,20260807,5,1,1,1,0,0,0,6147,0.256125,1,0.0015,0
241,2375.41,6,0,2.16454,3.52942,0,0,0,5.69396,361,361,0,1,2.45175,2.45175,1830,367,0,1235,0,0,0,0,0,1337,1627.81,2.40137,3.52742,168488,8,29433,486,464433,32,117732,1944,32,4,644756,1319142,20632192,5276568,25908760,4,4,12,4,4,4,0,20,20,20260807,5,1,1,1,0,0,0,6148,0.256167,1,0.0015,1
242,2386.36,11,0,2.4935,8.37575,0,0,0,10.8692,361,361,0,1,2.45175,2.45175,1830,367,0,1235,0,0,0,0,0,1337,1627.81,2.40137,3.52742,168488,8,29433,486,464433,32,117732,1944,32,4,644756,1319142,20632192,5276568,25908760,4,4,12,4,4,4,0,20,20,20260807,5,1,1,1,0,0,0,6148,0.256167,1,0.0015,0
243,2392.45,6,0,2.10754,3.91188,0,0,0,6.01942,361,361,0,1,2.45175,2.45175,1830,367,0,1235,0,0,0,0,0,1337,1627.81,2.40137,3.52742,168488,8,29433,486,464433,32,117732,1944,32,4,644756,1319142,20632192,5276568,25908760,4,4,12,4,4,4,0,20,20,20260807,5,1,1,1,0,0,0,6148,0.256167,1,0.0015,0
244,2403.06,10,0,2.11413,7.76583,0,0,0,9.87996,361,361,0,1,2.45175,2.45175,1830,367,0,1235,0,0,0,0,0,1337,1627.81,2.40137,3.52742,168488,8,29433,486,464433,32,117732,1944,32,4,644756,1319142,20632192,5276568,25908760,4,4,12,4,4,4,0,20,20,20260807,5,1,1,1,0,0,0,6148,0.256167,1,0.0015,0
245,2409.02,6,0,2.22517,3.65421,0,0,0,5.87937,361,361,0,1,2.45175,2.45175,1830,367,0,1235,0,0,0,0,0,1337,1627.81,2.40137,3.52742,168488,8,29433,486,464433,32,117732,1944,32,4,644756,1319142,20632192,5276568,25908760,4,4,12,4,4,4,0,20,20,20260807,5,1,1,1,0,0,0,6148,0.256167,1,0.0015,0
246,2419.79,11,0,3.84938,6.84575,0,0,0,10.6951,361,361,0,1,2.45175,2.45175,1830,367,0,1235,0,0,0,0,0,1337,1627.81,2.40137,3.52742,168488,8,29433,486,464433,32,117732,1944,32,4,644756,1319142,20632192,5276568,25908760,4,4,12,4,4,4,0,20,20,20260807,5,1,1,1,0,0,0,6148,0.256167,1,0.0015,0
247,2425.35,6,0,2.20158,3.27017,0,0,0,5.47175,361,361,0,1,2.45175,2.45175,1830,367,0,1235,0,0,0,0,0,1337,1627.81,2.40137,3.52742,168488,8,29433,486,464433,32,117732,1944,32,4,644756,1319142,20632192,5276568,25908760,4,4,12,4,4,4,0,20,20,20260807,5,1,1,1,0,0,0,6149,0.256208,1,0.0015,1
248,2436.42,11,0,2.23942,8.74846,0,0,0,10.9879,361,361,0,1,2.45175,2.45175,1830,367,0,1235,0,0,0,0,0,1337,1627.81,2.40137,3.52742,168488,8,29433,486,464433,32,117732,1944,32,4,644756,1319142,20632192,5276568,25908760,4,4,12,4,4,4,0,20,20,20260807,5,1,1,1,0,0,0,6149,0.256208,1,0.0015,0
249,2442.11,5,0,2.16483,3.44112,0,0,0,5.60596,361,361,0,1,2.45175,2.45175,1830,367,0,1235,0,0,0,0,0,1337,1627.81,2.40137,3.52742,168488,8,29433,486,464433,32,117732,1944,32,4,644756,1319142,20632192,5276568,25908760,4,4,12,4,4,4,0,20,20,20260807,5,1,1,1,0,0,0,6149,0.256208,1,0.0015,0
250,2453.1,11,0,2.40217,8.51854,0,0,0,10.9207,361,361,0,1,2.45175,2.45175,1830,367,0,1235,0,0,0,0,0,1337,1627.81,2.40137,3.52742,168488,8,29433,486,464433,32,117732,1944,32,4,644756,1319142,20632192,5276568,25908760,4,4,12,4,4,4,0,20,20,20260807,5,1,1,1,0,0,0,6149,0.256208,1,0.0015,0
251,2459.45,7,0,2.09683,4.16788,0,0,0,6.26471,361,361,0,1,2.45175,2.45175,1830,367,0,1235,0,0,0,0,0,1337,1627.81,2.40137,3.52742,168488,8,29433,486,464433,32,117732,1944,32,4,644756,1319142,20632192,5276568,25908760,4,4,12,4,4,4,0,20,20,20260807,5,1,1,1,0,0,0,6149,0.256208,1,0.0015,0
252,2469.69,10,0,2.196,7.95904,0,0,0,10.155,361,361,0,1,2.45175,2.45175,1830,367,0,1235,0,0,0,0,0,1337,1627.81,2.40137,3.52742,168488,8,29433,486,464433,32,117732,1944,32,4,644756,1319142,20632192,5276568,25908760,4,4,12,4,4,4,0,20,20,20260807,5,1,1,1,0,0,0,6149,0.256208,1,0.0015,0
253,2475.64,6,0,2.33796,3.52925,0,0,0,5.86721,361,361,0,1,2.45175,2.45175,1830,367,0,1235,0,0,0,0,0,1337,1627.81,2.40137,3.52742,168488,8,29433,486,464433,32,117732,1944,32,4,644756,1319142,20632192,5276568,25908760,4,4,12,4,4,4,0,20,20,20260807,5,1,1,1,0,0,0,6150,0.25625,1,0.0015,1
254,2486.25,11,0,6.79529,3.73988,0,0,0,10.5352,361,361,0,1,2.45175,2.45175,1830,367,0,1235,0,0,0,0,0,1337,1627.81,2.40137,3.52742,168488,8,29433,486,464433,32,117732,1944,32,4,644756,1319142,20632192,5276568,25908760,4,4,12,4,4,4,0,20,20,20260807,5,1,1,1,0,0,0,6150,0.25625,1,0.0015,0
255,2493.14,6,0,2.07721,4.72804,0,0,0,6.80525,361,361,0,1,2.45175,2.45175,1830,367,0,1235,0,0,0,0,0,1337,1627.81,2.40137,3.52742,168488,8,29433,486,464433,32,117732,1944,32,4,644756,1319142,20632192,5276568,25908760,4,4,12,4,4,4,0,20,20,20260807,5,1,1,1,0,0,0,6150,0.25625,1,0.0015,0
256,2503.03,10,0,2.27171,7.50504,0,0,0,9.77675,361,361,0,1,2.45175,2.45175,1830,367,0,1235,0,0,0,0,0,1337,1627.81,2.40137,3.52742,168488,8,29433,486,464433,32,117732,1944,32,4,644756,1319142,20632192,5276568,25908760,4,4,12,4,4,4,0,20,20,20260807,5,1,1,1,0,0,0,6150,0.25625,1,0.0015,0
257,2508.88,6,0,2.08421,3.39162,0,0,0,5.47583,361,361,0,1,2.45175,2.45175,1830,367,0,1235,0,0,0,0,0,1337,1627.81,2.40137,3.52742,168488,8,29433,486,464433,32,117732,1944,32,4,644756,1319142,20632192,5276568,25908760,4,4,12,4,4,4,0,20,20,20260807,5,1,1,1,0,0,0,6150,0.25625,1,0.0015,0
258,2519.74,11,0,2.24112,8.53183,0,0,0,10.773,361,361,0,1,2.45175,2.45175,1830,367,0,1235,0,0,0,0,0,1337,1627.81,2.40137,3.52742,168488,8,29433,486,464433,32,117732,1944,32,4,644756,1319142,20632192,5276568,25908760,4,4,12,4,4,4,0,20,20,20260807,5,1,1,1,0,0,0,6150,0.25625,1,0.0015,0
259,2526.82,7,0,2.12263,4.88346,0,0,0,7.00608,361,361,0,1,2.45175,2.45175,1830,367,0,1235,0,0,0,0,0,1337,1627.81,2.40137,3.52742,168488,8,29433,486,464433,32,117732,1944,32,4,644756,1319142,20632192,5276568,25908760,4,4,12,4,4,4,0,20,20,20260807,5,1,1,1,0,0,0,6151,0.256292,1,0.0015,1
260,2536.51,10,0,2.03713,7.57175,0,0,0,9.60887,361,361,0,1,2.45175,2.45175,1830,367,0,1235,0,0,0,0,0,1337,1627.81,2.40137,3.52742,168488,8,29433,486,464433,32,117732,1944,32,4,644756,1319142,20632192,5276568,25908760,4,4,12,4,4,4,0,20,20,20260807,5,1,1,1,0,0,0,6151,0.256292,1,0.0015,0
261,2545.23,9,0,2.12729,6.50908,0,0,0,8.63637,361,361,0,1,2.45175,2.45175,1830,367,0,1235,0,0,0,0,0,1337,1627.81,2.40137,3.52742,168488,8,29433,486,464433,32,117732,1944,32,4,644756,1319142,20632192,5276568,25908760,4,4,12,4,4,4,0,20,20,20260807,5,1,1,1,0,0,0,6151,0.256292,1,0.0015,0
262,2553.1,7,0,2.11196,5.67867,0,0,0,7.79063,361,361,0,1,2.45175,2.45175,1830,367,0,1235,0,0,0,0,0,1337,1627.81,2.40137,3.52742,168488,8,29433,486,464433,32,117732,1944,32,4,644756,1319142,20632192,5276568,25908760,4,4,12,4,4,4,0,20,20,20260807,5,1,1,1,0,0,0,6151,0.256292,1,0.0015,0
263,2559.46,7,0,2.09788,4.17887,0,0,0,6.27675,361,361,0,1,2.45175,2.45175,1830,367,0,1235,0,0,0,0,0,1337,1627.81,2.40137,3.52742,168488,8,29433,486,464433,32,117732,1944,32,4,644756,1319142,20632192,5276568,25908760,4,4,12,4,4,4,0,20,20,20260807,5,1,1,1,0,0,0,6151,0.256292,1,0.0015,0
264,2569.6,10,0,2.21125,7.84846,0,0,0,10.0597,361,361,0,1,2.45175,2.45175,1830,367,0,1235,0,0,0,0,0,1337,1627.81,2.40137,3.52742,168488,8,29433,486,464433,32,117732,1944,32,4,644756,1319142,20632192,5276568,25908760,4,4,12,4,4,4,0,20,20,20260807,5,1,1,1,0,0,0,6151,0.256292,1,0.0015,0
265,2575.38,6,0,2.15075,3.55254,0,0,0,5.70329,361,361,0,1,2.45175,2.45175,1830,367,0,1235,0,0,0,0,0,1337,1627.81,2.40137,3.52742,168488,8,29433,486,464433,32,117732,1944,32,4,644756,1319142,20632192,5276568,25908760,4,4,12,4,4,4,0,20,20,20260807,5,1,1,1,0,0,0,6152,0.256333,1,0.0015,1
266,2586.3,11,0,2.18192,8.65458,0,0,0,10.8365,361,361,0,1,2.45175,2.45175,1830,367,0,1235,0,0,0,0,0,1337,1627.81,2.40137,3.52742,168488,8,29433,486,464433,32,117732,1944,32,4,644756,1319142,20632192,5276568,25908760,4,4,12,4,4,4,0,20,20,20260807,5,1,1,1,0,0,0,6152,0.256333,1,0.0015,0
267,2593.49,7,0,2.06712,5.04004,0,0,0,7.10717,361,361,0,1,2.45175,2.45175,1830,367,0,1235,0,0,0,0,0,1337,1627.81,2.40137,3.52742,168488,8,29433,486,464433,32,117732,1944,32,4,644756,1319142,20632192,5276568,25908760,4,4,12,4,4,4,0,20,20,20260807,5,1,1,1,0,0,0,6152,0.256333,1,0.0015,0
268,2604.43,11,0,1.98125,8.87767,0,0,0,10.8589,361,361,0,1,2.45175,2.45175,1830,367,0,1235,0,0,0,0,0,1337,1627.81,2.40137,3.52742,168488,8,29433,486,464433,32,117732,1944,32,4,644756,1319142,20632192,5276568,25908760,4,4,12,4,4,4,0,20,20,20260807,5,1,1,1,0,0,0,6152,0.256333,1,0.0015,0
269,2609.61,5,0,2.15388,2.943,0,0,0,5.09687,361,361,0,1,2.45175,2.45175,1830,367,0,1235,0,0,0,0,0,1337,1627.81,2.40137,3.52742,168488,8,29433,486,464433,32,117732,1944,32,4,644756,1319142,20632192,5276568,25908760,4,4,12,4,4,4,0,20,20,20260807,5,1,1,1,0,0,0,6152,0.256333,1,0.0015,0
270,2619.67,10,0,2.3635,7.59404,0,0,0,9.95754,361,361,0,1,2.45175,2.45175,1830,367,0,1235,0,0,0,0,0,1337,1627.81,2.40137,3.52742,168488,8,29433,486,464433,32,117732,1944,32,4,644756,1319142,20632192,5276568,25908760,4,4,12,4,4,4,0,20,20,20260807,5,1,1,1,0,0,0,6152,0.256333,1,0.0015,0
271,2626.96,7,0,2.12679,5.06979,0,0,0,7.19658,361,361,0,1,2.45175,2.45175,1830,367,0,1235,0,0,0,0,0,1337,1627.81,2.40137,3.52742,168488,8,29433,486,464433,32,117732,1944,32,4,644756,1319142,20632192,5276568,25908760,4,4,12,4,4,4,0,20,20,20260807,5,1,1,1,0,0,0,6153,0.256375,1,0.0015,1
272,2636.44,10,0,2.09463,7.31471,0,0,0,9.40933,361,361,0,1,2.45175,2.45175,1830,367,0,1235,0,0,0,0,0,1337,1627.81,2.40137,3.52742,168488,8,29433,486,464433,32,117732,1944,32,4,644756,1319142,20632192,5276568,25908760,4,4,12,4,4,4,0,20,20,20260807,5,1,1,1,0,0,0,6153,0.256375,1,0.0015,0
273,2642.01,5,0,2.11633,3.37104,0,0,0,5.48738,361,361,0,1,2.45175,2.45175,1830,367,0,1235,0,0,0,0,0,1337,1627.81,2.40137,3.52742,168488,8,29433,486,464433,32,117732,1944,32,4,644756,1319142,20632192,5276568,25908760,4,4,12,4,4,4,0,20,20,20260807,5,1,1,1,0,0,0,6153,0.256375,1,0.0015,0
274,2653.08,11,0,3.47133,7.52062,0,0,0,10.992,361,361,0,1,2.45175,2.45175,1830,367,0,1235,0,0,0,0,0,1337,1627.81,2.40137,3.52742,168488,8,29433,486,464433,32,117732,1944,32,4,644756,1319142,20632192,5276568,25908760,4,4,12,4,4,4,0,20,20,20260807,5,1,1,1,0,0,0,6153,0.256375,1,0.0015,0
275,2659.61,7,0,2.09633,4.35054,0,0,0,6.44688,361,361,0,1,2.45175,2.45175,1830,367,0,1235,0,0,0,0,0,1337,1627.81,2.40137,3.52742,168488,8,29433,486,464433,32,117732,1944,32,4,644756,1319142,20632192,5276568,25908760,4,4,12,4,4,4,0,20,20,20260807,5,1,1,1,0,0,0,6153,0.256375,1,0.0015,0
276,2669.56,10,0,2.11521,7.75021,0,0,0,9.86542,361,361,0,1,2.45175,2.45175,1830,367,0,1235,0,0,0,0,0,1337,1627.81,2.40137,3.52742,168488,8,29433,486,464433,32,117732,1944,32,4,644756,1319142,20632192,5276568,25908760,4,4,12,4,4,4,0,20,20,20260807,5,1,1,1,0,0,0,6153,0.256375,1,0.0015,0
277,2674.52,5,0,2.09433,2.79496,0,0,0,4.88929,361,361,0,1,2.45175,2.45175,1830,367,0,1235,0,0,0,0,0,1337,1627.81,2.40137,3.52742,168488,8,29433,486,464433,32,117732,1944,32,4,644756,1319142,20632192,5276568,25908760,4,4,12,4,4,4,0,20,20,20260807,5,1,1,1,0,0,0,6154,0.256417,1,0.0015,1
278,2686.38,12,0,4.27471,7.50575,0,0,0,11.7805,361,361,0,1,2.45175,2.45175,1830,367,0,1235,0,0,0,0,0,1337,1627.81,2.40137,3.52742,168488,8,29433,486,464433,32,117732,1944,32,4,644756,1319142,20632192,5276568,25908760,4,4,12,4,4,4,0,20,20,20260807,5,1,1,1,0,0,0,6154,0.256417,1,0.0015,0
279,2692.34,6,0,2.05912,3.82208,0,0,0,5.88121,361,361,0,1,2.45175,2.45175,1830,367,0,1235,0,0,0,0,0,1337,1627.81,2.40137,3.52742,168488,8,29433,486,464433,32,117732,1944,32,4,644756,1319142,20632192,5276568,25908760,4,4,12,4,4,4,0,20,20,20260807,5,1,1,1,0,0,0,6154,0.256417,1,0.0015,0
280,2702.97,10,0,2.22679,8.33525,0,0,0,10.562,361,361,0,1,2.45175,2.45175,1830,367,0,1235,0,0,0,0,0,1337,1627.81,2.40137,3.52742,168488,8,29433,486,464433,32,117732,1944,32,4,644756,1319142,20632192,5276568,25908760,4,4,12,4,4,4,0,20,20,20260807,5,1,1,1,0,0,0,6154,0.256417,1,0.0015,0
281,2708.56,6,0,2.10654,3.40417,0,0,0,5.51071,361,361,0,1,2.45175,2.45175,1830,367,0,1235,0,0,0,0,0,1337,1627.81,2.40137,3.52742,168488,8,29433,486,464433,32,117732,1944,32,4,644756,1319142,20632192,5276568,25908760,4,4,12,4,4,4,0,20,20,20260807,5,1,1,1,0,0,0,6154,0.256417,1,0.0015,0
282,2719.82,11,0,2.177,9.00717,0,0,0,11.1842,361,361,0,1,2.45175,2.45175,1830,367,0,1235,0,0,0,0,0,1337,1627.81,2.40137,3.52742,168488,8,29433,486,464433,32,117732,1944,32,4,644756,1319142,20632192,5276568,25908760,4,4,12,4,4,4,0,20,20,20260807,5,1,1,1,0,0,0,6154,0.256417,1,0.0015,0
283,2726.07,6,0,2.10433,4.07017,0,0,0,6.1745,361,361,0,1,2.45175,2.45175,1830,367,0,1235,0,0,0,0,0,1337,1627.81,2.40137,3.52742,168488,8,29433,486,464433,32,117732,1944,32,4,644756,1319142,20632192,5276568,25908760,4,4,12,4,4,4,0,20,20,20260807,5,1,1,1,0,0,0,6155,0.256458,1,0.0015,1
284,2736.3,11,0,2.1595,7.94296,0,0,0,10.1025,361,361,0,1,2.45175,2.45175,1830,367,0,1235,0,0,0,0,0,1337,1627.81,2.40137,3.52742,168488,8,29433,486,464433,32,117732,1944,32,4,644756,1319142,20632192,5276568,25908760,4,4,12,4,4,4,0,20,20,20260807,5,1,1,1,0,0,0,6155,0.256458,1,0.0015,0
285,2742.17,6,0,2.01037,3.78483,0,0,0,5.79521,361,361,0,1,2.45175,2.45175,1830,367,0,1235,0,0,0,0,0,1337,1627.81,2.40137,3.52742,168488,8,29433,486,464433,32,117732,1944,32,4,644756,1319142,20632192,5276568,25908760,4,4,12,4,4,4,0,20,20,20260807,5,1,1,1,0,0,0,6155,0.256458,1,0.0015,0
286,2753.04,10,0,2.36358,8.41804,0,0,0,10.7816,361,361,0,1,2.45175,2.45175,1830,367,0,1235,0,0,0,0,0,1337,1627.81,2.40137,3.52742,168488,8,29433,486,464433,32,117732,1944,32,4,644756,1319142,20632192,5276568,25908760,4,4,12,4,4,4,0,20,20,20260807,5,1,1,1,0,0,0,6155,0.256458,1,0.0015,0
287,2759.04,6,0,2.05613,3.86417,0,0,0,5.92029,361,361,0,1,2.45175,2.45175,1830,367,0,1235,0,0,0,0,0,1337,1627.81,2.40137,3.52742,168488,8,29433,486,464433,32,117732,1944,32,4,644756,1319142,20632192,5276568,25908760,4,4,12,4,4,4,0,20,20,20260807,5,1,1,1,0,0,0,6155,0.256458,1,0.0015,0
288,2769.66,11,0,2.48329,8.05925,0,0,0,10.5425,361,361,0,1,2.45175,2.45175,1830,367,0,1235,0,0,0,0,0,1337,1627.81,2.40137,3.52742,168488,8,29433,486,464433,32,117732,1944,32,4,644756,1319142,20632192,5276568,25908760,4,4,12,4,4,4,0,20,20,20260807,5,1,1,1,0,0,0,6155,0.256458,1,0.0015,0
289,2775.35,6,0,2.16775,3.44958,0,0,0,5.61733,361,361,0,1,2.45175,2.45175,1830,367,0,1235,0,0,0,0,0,1337,1627.81,2.40137,3.52742,168488,8,29433,486,464433,32,117732,1944,32,4,644756,1319142,20632192,5276568,25908760,4,4,12,4,4,4,0,20,20,20260807,5,1,1,1,0,0,0,6156,0.2565,1,0.0015,1
290,2786.3,11,0,2.17037,8.70479,0,0,0,10.8752,361,361,0,1,2.45175,2.45175,1830,367,0,1235,0,0,0,0,0,1337,1627.81,2.40137,3.52742,168488,8,29433,486,464433,32,117732,1944,32,4,644756,1319142,20632192,5276568,25908760,4,4,12,4,4,4,0,20,20,20260807,5,1,1,1,0,0,0,6156,0.2565,1,0.0015,0
291,2792.56,6,0,2.04008,4.13933,0,0,0,6.17942,361,361,0,1,2.45175,2.45175,1830,367,0,1235,0,0,0,0,0,1337,1627.81,2.40137,3.52742,168488,8,29433,486,464433,32,117732,1944,32,4,644756,1319142,20632192,5276568,25908760,4,4,12,4,4,4,0,20,20,20260807,5,1,1,1,0,0,0,6156,0.2565,1,0.0015,0
292,2802.92,10,0,2.16175,8.08954,0,0,0,10.2513,361,361,0,1,2.45175,2.45175,1830,367,0,1235,0,0,0,0,0,1337,1627.81,2.40137,3.52742,168488,8,29433,486,464433,32,117732,1944,32,4,644756,1319142,20632192,5276568,25908760,4,4,12,4,4,4,0,20,20,20260807,5,1,1,1,0,0,0,6156,0.2565,1,0.0015,0
293,2808.71,6,0,2.07696,3.62742,0,0,0,5.70437,361,361,0,1,2.45175,2.45175,1830,367,0,1235,0,0,0,0,0,1337,1627.81,2.40137,3.52742,168488,8,29433,486,464433,32,117732,1944,32,4,644756,1319142,20632192,5276568,25908760,4,4,12,4,4,4,0,20,20,20260807,5,1,1,1,0,0,0,6156,0.2565,1,0.0015,0
294,2819.75,11,0,2.20108,8.7705,0,0,0,10.9716,361,361,0,1,2.45175,2.45175,1830,367,0,1235,0,0,0,0,0,1337,1627.81,2.40137,3.52742,168488,8,29433,486,464433,32,117732,1944,32,4,644756,1319142,20632192,5276568,25908760,4,4,12,4,4,4,0,20,20,20260807,5,1,1,1,0,0,0,6156,0.2565,1,0.0015,0
295,2826.23,7,0,2.13946,4.25233,0,0,0,6.39179,361,361,0,1,2.45175,2.45175,1830,367,0,1235,0,0,0,0,0,1337,1627.81,2.40137,3.52742,168488,8,29433,486,464433,32,117732,1944,32,4,644756,1319142,20632192,5276568,25908760,4,4,12,4,4,4,0,20,20,20260807,5,1,1,1,0,0,0,6157,0.256542,1,0.0015,1
296,2836.26,10,0,2.0965,7.845,0,0,0,9.9415,361,361,0,1,2.45175,2.45175,1830,367,0,1235,0,0,0,0,0,1337,1627.81,2.40137,3.52742,168488,8,29433,486,464433,32,117732,1944,32,4,644756,1319142,20632192,5276568,25908760,4,4,12,4,4,4,0,20,20,20260807,5,1,1,1,0,0,0,6157,0.256542,1,0.0015,0
297,2841.96,5,0,2.04217,3.59017,0,0,0,5.63233,361,361,0,1,2.45175,2.45175,1830,367,0,1235,0,0,0,0,0,1337,1627.81,2.40137,3.52742,168488,8,29433,486,464433,32,117732,1944,32,4,644756,1319142,20632192,5276568,25908760,4,4,12,4,4,4,0,20,20,20260807,5,1,1,1,0,0,0,6157,0.256542,1,0.0015,0
298,2853.06,11,0,2.54254,8.47042,0,0,0,11.013,361,361,0,1,2.45175,2.45175,1830,367,0,1235,0,0,0,0,0,1337,1627.81,2.40137,3.52742,168488,8,29433,486,464433,32,117732,1944,32,4,644756,1319142,20632192,5276568,25908760,4,4,12,4,4,4,0,20,20,20260807,5,1,1,1,0,0,0,6157,0.256542,1,0.0015,0
299,2859.99,7,0,2.15708,4.67646,0,0,0,6.83354,361,361,0,1,2.45175,2.45175,1830,367,0,1235,0,0,0,0,0,1337,1627.81,2.40137,3.52742,168488,8,29433,486,464433,32,117732,1944,32,4,644756,1319142,20632192,5276568,25908760,4,4,12,4,4,4,0,20,20,20260807,5,1,1,1,0,0,0,6157,0.256542,1,0.0015,0
300,2869.52,10,0,2.07304,7.36188,0,0,0,9.43492,361,361,0,1,2.45175,2.45175,1830,367,0,1235,0,0,0,0,0,1337,1627.81,2.40137,3.52742,168488,8,29433,486,464433,32,117732,1944,32,4,644756,1319142,20632192,5276568,25908760,4,4,12,4,4,4,0,20,20,20260807,5,1,1,1,0,0,0,6157,0.256542,1,0.0015,0
301,2875.05,5,0,2.00275,3.45138,0,0,0,5.45413,361,361,0,1,2.45175,2.45175,1830,367,0,1235,0,0,0,0,0,1337,1627.81,2.40137,3.52742,168488,8,29433,486,464433,32,117732,1944,32,4,644756,1319142,20632192,5276568,25908760,4,4,12,4,4,4,0,20,20,20260807,5,1,1,1,0,0,0,6158,0.256583,1,0.0015,1
302,2886.37,12,0,2.12367,9.11804,0,0,0,11.2417,361,361,0,1,2.45175,2.45175,1830,367,0,1235,0,0,0,0,0,1337,1627.81,2.40137,3.52742,168488,8,29433,486,464433,32,117732,1944,32,4,644756,1319142,20632192,5276568,25908760,4,4,12,4,4,4,0,20,20,20260807,5,1,1,1,0,0,0,6158,0.256583,1,0.0015,0
303,2893.17,7,0,2.0685,4.66158,0,0,0,6.73008,361,361,0,1,2.45175,2.45175,1830,367,0,1235,0,0,0,0,0,1337,1627.81,2.40137,3.52742,168488,8,29433,486,464433,32,117732,1944,32,4,644756,1319142,20632192,5276568,25908760,4,4,12,4,4,4,0,20,20,20260807,5,1,1,1,0,0,0,6158,0.256583,1,0.0015,0
304,2902.92,9,0,2.44387,7.22312,0,0,0,9.667,361,361,0,1,2.45175,2.45175,1830,367,0,1235,0,0,0,0,0,1337,1627.81,2.40137,3.52742,168488,8,29433,486,464433,32,117732,1944,32,4,644756,1319142,20632192,5276568,25908760,4,4,12,4,4,4,0,20,20,20260807,5,1,1,1,0,0,0,6158,0.256583,1,0.0015,0
305,2908.66,6,0,2.1235,3.5395,0,0,0,5.663,361,361,0,1,2.45175,2.45175,1830,367,0,1235,0,0,0,0,0,1337,1627.81,2.40137,3.52742,168488,8,29433,486,464433,32,117732,1944,32,4,644756,1319142,20632192,5276568,25908760,4,4,12,4,4,4,0,20,20,20260807,5,1,1,1,0,0,0,6158,0.256583,1,0.0015,0
306,2919.7,11,0,2.27617,8.68925,0,0,0,10.9654,361,361,0,1,2.45175,2.45175,1830,367,0,1235,0,0,0,0,0,1337,1627.81,2.40137,3.52742,168488,8,29433,486,464433,32,117732,1944,32,4,644756,1319142,20632192,5276568,25908760,4,4,12,4,4,4,0,20,20,20260807,5,1,1,1,0,0,0,6158,0.256583,1,0.0015,0
307,2925.29,6,0,2.13879,3.37529,0,0,0,5.51408,361,361,0,1,2.45175,2.45175,1830,367,0,1235,0,0,0,0,0,1337,1627.81,2.40137,3.52742,168488,8,29433,486,464433,32,117732,1944,32,4,644756,1319142,20632192,5276568,25908760,4,4,12,4,4,4,0,20,20,20260807,5,1,1,1,0,0,0,6159,0.256625,1,0.0015,1
308,2936.29,11,0,2.12125,8.80429,0,0,0,10.9255,361,361,0,1,2.45175,2.45175,1830,367,0,1235,0,0,0,0,0,1337,1627.81,2.40137,3.52742,168488,8,29433,486,464433,32,117732,1944,32,4,644756,1319142,20632192,5276568,25908760,4,4,12,4,4,4,0,20,20,20260807,5,1,1,1,0,0,0,6159,0.256625,1,0.0015,0
309,2941.74,5,0,2.00433,3.36383,0,0,0,5.36817,361,361,0,1,2.45175,2.45175,1830,367,0,1235,0,0,0,0,0,1337,1627.81,2.40137,3.52742,168488,8,29433,486,464433,32,117732,1944,32,4,644756,1319142,20632192,5276568,25908760,4,4,12,4,4,4,0,20,20,20260807,5,1,1,1,0,0,0,6159,0.256625,1,0.0015,0
310,2953.14,11,0,2.23175,9.10275,0,0,0,11.3345,361,361,0,1,2.45175,2.45175,1830,367,0,1235,0,0,0,0,0,1337,1627.81,2.40137,3.52742,168488,8,29433,486,464433,32,117732,1944,32,4,644756,1319142,20632192,5276568,25908760,4,4,12,4,4,4,0,20,20,20260807,5,1,1,1,0,0,0,6159,0.256625,1,0.0015,0
311,2959.87,7,0,2.03729,4.60625,0,0,0,6.64354,361,361,0,1,2.45175,2.45175,1830,367,0,1235,0,0,0,0,0,1337,1627.81,2.40137,3.52742,168488,8,29433,486,464433,32,117732,1944,32,4,644756,1319142,20632192,5276568,25908760,4,4,12,4,4,4,0,20,20,20260807,5,1,1,1,0,0,0,6159,0.256625,1,0.0015,0
312,2969.66,10,0,2.04492,7.66258,0,0,0,9.7075,361,361,0,1,2.45175,2.45175,1830,367,0,1235,0,0,0,0,0,1337,1627.81,2.40137,3.52742,168488,8,29433,486,464433,32,117732,1944,32,4,644756,1319142,20632192,5276568,25908760,4,4,12,4,4,4,0,20,20,20260807,5,1,1,1,0,0,0,6159,0.256625,1,0.0015,0
313,2974.81,5,0,2.02496,3.01842,0,0,0,5.04338,361,361,0,1,2.45175,2.45175,1830,367,0,1235,0,0,0,0,0,1337,1627.81,2.40137,3.52742,168488,8,29433,486,464433,32,117732,1944,32,4,644756,1319142,20632192,5276568,25908760,4,4,12,4,4,4,0,20,20,20260807,5,1,1,1,0,0,0,6160,0.256667,1,0.0015,1
314,2986.61,12,0,2.05271,9.68504,0,0,0,11.7378,361,361,0,1,2.45175,2.45175,1830,367,0,1235,0,0,0,0,0,1337,1627.81,2.40137,3.52742,168488,8,29433,486,464433,32,117732,1944,32,4,644756,1319142,20632192,5276568,25908760,4,4,12,4,4,4,0,20,20,20260807,5,1,1,1,0,0,0,6160,0.256667,1,0.0015,0
315,2992.65,6,0,2.03721,3.91892,0,0,0,5.95613,361,361,0,1,2.45175,2.45175,1830,367,0,1235,0,0,0,0,0,1337,1627.81,2.40137,3.52742,168488,8,29433,486,464433,32,117732,1944,32,4,644756,1319142,20632192,5276568,25908760,4,4,12,4,4,4,0,20,20,20260807,5,1,1,1,0,0,0,6160,0.256667,1,0.0015,0
316,3003.01,10,0,2.60504,7.65496,0,0,0,10.26,361,361,0,1,2.45175,2.45175,1830,367,0,1235,0,0,0,0,0,1337,1627.81,2.40137,3.52742,168488,8,29433,486,464433,32,117732,1944,32,4,644756,1319142,20632192,5276568,25908760,4,4,12,4,4,4,0,20,20,20260807,5,1,1,1,0,0,0,6160,0.256667,1,0.0015,0
317,3008.71,6,0,2.17529,3.45637,0,0,0,5.63167,361,361,0,1,2.45175,2.45175,1830,367,0,1235,0,0,0,0,0,1337,1627.81,2.40137,3.52742,168488,8,29433,486,464433,32,117732,1944,32,4,644756,1319142,20632192,5276568,25908760,4,4,12,4,4,4,0,20,20,20260807,5,1,1,1,0,0,0,6160,0.256667,1,0.0015,0
318,3019.74,11,0,3.40771,7.54204,0,0,0,10.9497,361,361,0,1,2.45175,2.45175,1830,367,0,1235,0,0,0,0,0,1337,1627.81,2.40137,3.52742,168488,8,29433,486,464433,32,117732,1944,32,4,644756,1319142,20632192,5276568,25908760,4,4,12,4,4,4,0,20,20,20260807,5,1,1,1,0,0,0,6160,0.256667,1,0.0015,0
319,3025.48,6,0,2.079,3.58717,0,0,0,5.66617,361,361,0,1,2.45175,2.45175,1830,367,0,1235,0,0,0,0,0,1337,1627.81,2.40137,3.52742,168488,8,29433,486,464433,32,117732,1944,32,4,644756,1319142,20632192,5276568,25908760,4,4,12,4,4,4,0,20,20,20260807,5,1,1,1,0,0,0,6161,0.256708,1,0.0015,1
320,3036.43,10,0,2.38187,8.48275,0,0,0,10.8646,361,361,0,1,2.45175,2.45175,1830,367,0,1235,0,0,0,0,0,1337,1627.81,2.40137,3.52742,168488,8,29433,486,464433,32,117732,1944,32,4,644756,1319142,20632192,5276568,25908760,4,4,12,4,4,4,0,20,20,20260807,5,1,1,1,0,0,0,6161,0.256708,1,0.0015,0
321,3041.79,5,0,2.00438,3.2825,0,0,0,5.28688,361,361,0,1,2.45175,2.45175,1830,367,0,1235,0,0,0,0,0,1337,1627.81,2.40137,3.52742,168488,8,29433,486,464433,32,117732,1944,32,4,644756,1319142,20632192,5276568,25908760,4,4,12,4,4,4,0,20,20,20260807,5,1,1,1,0,0,0,6161,0.256708,1,0.0015,0
322,3053.03,11,0,2.59987,8.56792,0,0,0,11.1678,361,361,0,1,2.45175,2.45175,1830,367,0,1235,0,0,0,0,0,1337,1627.81,2.40137,3.52742,168488,8,29433,486,464433,32,117732,1944,32,4,644756,1319142,20632192,5276568,25908760,4,4,12,4,4,4,0,20,20,20260807,5,1,1,1,0,0,0,6161,0.256708,1,0.0015,0
323,3061.23,9,0,2.14904,5.97196,0,0,0,8.121,361,361,0,1,2.45175,2.45175,1830,367,0,1235,0,0,0,0,0,1337,1627.81,2.40137,3.52742,168488,8,29433,486,464433,32,117732,1944,32,4,644756,1319142,20632192,5276568,25908760,4,4,12,4,4,4,0,20,20,20260807,5,1,1,1,0,0,0,6161,0.256708,1,0.0015,0
324,3069.7,8,0,2.15429,6.24238,0,0,0,8.39667,361,361,0,1,2.45175,2.45175,1830,367,0,1235,0,0,0,0,0,1337,1627.81,2.40137,3.52742,168488,8,29433,486,464433,32,117732,1944,32,4,644756,1319142,20632192,5276568,25908760,4,4,12,4,4,4,0,20,20,20260807,5,1,1,1,0,0,0,6161,0.256708,1,0.0015,0
325,3075.37,6,0,2.21183,3.36917,0,0,0,5.581,361,361,0,1,2.45175,2.45175,1830,367,0,1235,0,0,0,0,0,1337,1627.81,2.40137,3.52742,168488,8,29433,486,464433,32,117732,1944,32,4,644756,1319142,20632192,5276568,25908760,4,4,12,4,4,4,0,20,20,20260807,5,1,1,1,0,0,0,6162,0.25675,1,0.0015,1
326,3086.53,11,0,2.32388,8.74492,0,0,0,11.0688,361,361,0,1,2.45175,2.45175,1830,367,0,1235,0,0,0,0,0,1337,1627.81,2.40137,3.52742,168488,8,29433,486,464433,32,117732,1944,32,4,644756,1319142,20632192,5276568,25908760,4,4,12,4,4,4,0,20,20,20260807,5,1,1,1,0,0,0,6162,0.25675,1,0.0015,0
327,3092.53,6,0,2.15592,3.76367,0,0,0,5.91958,361,361,0,1,2.45175,2.45175,1830,367,0,1235,0,0,0,0,0,1337,1627.81,2.40137,3.52742,168488,8,29433,486,464433,32,117732,1944,32,4,644756,1319142,20632192,5276568,25908760,4,4,12,4,4,4,0,20,20,20260807,5,1,1,1,0,0,0,6162,0.25675,1,0.0015,0
328,3103.07,10,0,2.33221,8.10192,0,0,0,10.4341,361,361,0,1,2.45175,2.45175,1830,367,0,1235,0,0,0,0,0,1337,1627.81,2.40137,3.52742,168488,8,29433,486,464433,32,117732,1944,32,4,644756,1319142,20632192,5276568,25908760,4,4,12,4,4,4,0,20,20,20260807,5,1,1,1,0,0,0,6162,0.25675,1,0.0015,0
329,3117.89,15,0,2.16429,12.5731,0,0,0,14.7374,361,361,0,1,2.45175,2.45175,1830,367,0,1235,0,0,0,0,0,1337,1627.81,2.40137,3.52742,168488,8,29433,486,464433,32,117732,1944,32,4,644756,1319142,20632192,5276568,25908760,4,4,12,4,4,4,0,20,20,20260807,5,1,1,1,0,0,0,6162,0.25675,1,0.0015,0
330,3130.17,13,0,2.22192,9.96858,0,0,0,12.1905,361,361,0,1,2.45175,2.45175,1830,367,0,1235,0,0,0,0,0,1337,1627.81,2.40137,3.52742,168488,8,29433,486,464433,32,117732,1944,32,4,644756,1319142,20632192,5276568,25908760,4,4,12,4,4,4,0,20,20,20260807,5,1,1,1,0,0,0,6162,0.25675,1,0.0015,0
331,3136.31,6,0,2.15388,3.90408,0,0,0,6.05796,361,361,0,1,2.45175,2.45175,1830,367,0,1235,0,0,0,0,0,1337,1627.81,2.40137,3.52742,168488,8,29433,486,464433,32,117732,1944,32,4,644756,1319142,20632192,5276568,25908760,4,4,12,4,4,4,0,20,20,20260807,5,1,1,1,0,0,0,6163,0.256792,1,0.0015,1
332,3141.53,5,0,2.14042,2.96312,0,0,0,5.10354,361,361,0,1,2.45175,2.45175,1830,367,0,1235,0,0,0,0,0,1337,1627.81,2.40137,3.52742,168488,8,29433,486,464433,32,117732,1944,32,4,644756,1319142,20632192,5276568,25908760,4,4,12,4,4,4,0,20,20,20260807,5,1,1,1,0,0,0,6163,0.256792,1,0.0015,0
333,3153.63,12,0,2.37246,9.64246,0,0,0,12.0149,361,361,0,1,2.45175,2.45175,1830,367,0,1235,0,0,0,0,0,1337,1627.81,2.40137,3.52742,168488,8,29433,486,464433,32,117732,1944,32,4,644756,1319142,20632192,5276568,25908760,4,4,12,4,4,4,0,20,20,20260807,5,1,1,1,0,0,0,6163,0.256792,1,0.0015,0
334,3158.92,5,0,2.18675,3.02704,0,0,0,5.21379,361,361,0,1,2.45175,2.45175,1830,367,0,1235,0,0,0,0,0,1337,1627.81,2.40137,3.52742,168488,8,29433,486,464433,32,117732,1944,32,4,644756,1319142,20632192,5276568,25908760,4,4,12,4,4,4,0,20,20,20260807,5,1,1,1,0,0,0,6163,0.256792,1,0.0015,0
335,3169.8,11,0,2.72392,8.06979,0,0,0,10.7937,361,361,0,1,2.45175,2.45175,1830,367,0,1235,0,0,0,0,0,1337,1627.81,2.40137,3.52742,168488,8,29433,486,464433,32,117732,1944,32,4,644756,1319142,20632192,5276568,25908760,4,4,12,4,4,4,0,20,20,20260807,5,1,1,1,0,0,0,6163,0.256792,1,0.0015,0
336,3175.04,5,0,2.22046,2.92754,0,0,0,5.148,361,361,0,1,2.45175,2.45175,1830,367,0,1235,0,0,0,0,0,1337,1627.81,2.40137,3.52742,168488,8,29433,486,464433,32,117732,1944,32,4,644756,1319142,20632192,5276568,25908760,4,4,12,4,4,4,0,20,20,20260807,5,1,1,1,0,0,0,6164,0.256833,1,0.0015,1
337,3186.45,12,0,2.64733,8.68583,0,0,0,11.3332,361,361,0,1,2.45175,2.45175,1830,367,0,1235,0,0,0,0,0,1337,1627.81,2.40137,3.52742,168488,8,29433,486,464433,32,117732,1944,32,4,644756,1319142,20632192,5276568,25908760,4,4,12,4,4,4,0,20,20,20260807,5,1,1,1,0,0,0,6164,0.256833,1,0.0015,0
338,3192.9,6,0,2.09917,4.26725,0,0,0,6.36642,361,361,0,1,2.45175,2.45175,1830,367,0,1235,0,0,0,0,0,1337,1627.81,2.40137,3.52742,168488,8,29433,486,464433,32,117732,1944,32,4,644756,1319142,20632192,5276568,25908760,4,4,12,4,4,4,0,20,20,20260807,5,1,1,1,0,0,0,6164,0.256833,1,0.0015,0
339,3203.74,11,0,2.24204,8.51742,0,0,0,10.7595,361,361,0,1,2.45175,2.45175,1830,367,0,1235,0,0,0,0,0,1337,1627.81,2.40137,3.52742,168488,8,29433,486,464433,32,117732,1944,32,4,644756,1319142,20632192,5276568,25908760,4,4,12,4,4,4,0,20,20,20260807,5,1,1,1,0,0,0,6164,0.256833,1,0.0015,0
340,3208.85,5,0,2.15058,2.887,0,0,0,5.03758,361,361,0,1,2.45175,2.45175,1830,367,0,1235,0,0,0,0,0,1337,1627.81,2.40137,3.52742,168488,8,29433,486,464433,32,117732,1944,32,4,644756,1319142,20632192,5276568,25908760,4,4,12,4,4,4,0,20,20,20260807,5,1,1,1,0,0,0,6164,0.256833,1,0.0015,0
341,3219.87,11,0,2.24871,8.69617,0,0,0,10.9449,361,361,0,1,2.45175,2.45175,1830,367,0,1235,0,0,0,0,0,1337,1627.81,2.40137,3.52742,168488,8,29433,486,464433,32,117732,1944,32,4,644756,1319142,20632192,5276568,25908760,4,4,12,4,4,4,0,20,20,20260807,5,1,1,1,0,0,0,6164,0.256833,1,0.0015,0
342,3226.67,7,0,2.2215,4.46329,0,0,0,6.68479,361,361,0,1,2.45175,2.45175,1830,367,0,1235,0,0,0,0,0,1337,1627.81,2.40137,3.52742,168488,8,29433,486,464433,32,117732,1944,32,4,644756,1319142,20632192,5276568,25908760,4,4,12,4,4,4,0,20,20,20260807,5,1,1,1,0,0,0,6165,0.256875,1,0.0015,1
343,3236.5,10,0,2.13658,7.60383,0,0,0,9.74042,361,361,0,1,2.45175,2.45175,1830,367,0,1235,0,0,0,0,0,1337,1627.81,2.40137,3.52742,168488,8,29433,486,464433,32,117732,1944,32,4,644756,1319142,20632192,5276568,25908760,4,4,12,4,4,4,0,20,20,20260807,5,1,1,1,0,0,0,6165,0.256875,1,0.0015,0
344,3244.61,8,0,2.09804,5.92871,0,0,0,8.02675,361,361,0,1,2.45175,2.45175,1830,367,0,1235,0,0,0,0,0,1337,1627.81,2.40137,3.52742,168488,8,29433,486,464433,32,117732,1944,32,4,644756,1319142,20632192,5276568,25908760,4,4,12,4,4,4,0,20,20,20260807,5,1,1,1,0,0,0,6165,0.256875,1,0.0015,0
345,3262.53,18,0,2.13638,15.7022,0,0,0,17.8386,361,361,0,1,2.45175,2.45175,1830,367,0,1235,0,0,0,0,0,1337,1627.81,2.40137,3.52742,168488,8,29433,486,464433,32,117732,1944,32,4,644756,1319142,20632192,5276568,25908760,4,4,12,4,4,4,0,20,20,20260807,5,1,1,1,0,0,0,6165,0.256875,1,0.0015,0
346,3269.78,7,0,2.155,5.01258,0,0,0,7.16758,361,361,0,1,2.45175,2.45175,1830,367,0,1235,0,0,0,0,0,1337,1627.81,2.40137,3.52742,168488,8,29433,486,464433,32,117732,1944,32,4,644756,1319142,20632192,5276568,25908760,4,4,12,4,4,4,0,20,20,20260807,5,1,1,1,0,0,0,6165,0.256875,1,0.0015,0
347,3278.83,9,0,2.14133,6.83175,0,0,0,8.97308,361,361,0,1,2.45175,2.45175,1830,367,0,1235,0,0,0,0,0,1337,1627.81,2.40137,3.52742,168488,8,29433,486,464433,32,117732,1944,32,4,644756,1319142,20632192,5276568,25908760,4,4,12,4,4,4,0,20,20,20260807,5,1,1,1,0,0,0,6166,0.256917,1,0.0015,1
348,3286.85,9,0,2.05221,5.89108,0,0,0,7.94329,361,361,0,1,2.45175,2.45175,1830,367,0,1235,0,0,0,0,0,1337,1627.81,2.40137,3.52742,168488,8,29433,486,464433,32,117732,1944,32,4,644756,1319142,20632192,5276568,25908760,4,4,12,4,4,4,0,20,20,20260807,5,1,1,1,0,0,0,6166,0.256917,1,0.0015,0
349,3292.84,6,0,2.08317,3.82183,0,0,0,5.905,361,361,0,1,2.45175,2.45175,1830,367,0,1235,0,0,0,0,0,1337,1627.81,2.40137,3.52742,168488,8,29433,486,464433,32,117732,1944,32,4,644756,1319142,20632192,5276568,25908760,4,4,12,4,4,4,0,20,20,20260807,5,1,1,1,0,0,0,6166,0.256917,1,0.0015,0
350,3303.35,11,0,2.28004,8.14129,0,0,0,10.4213,361,361,0,1,2.45175,2.45175,1830,367,0,1235,0,0,0,0,0,1337,1627.81,2.40137,3.52742,168488,8,29433,486,464433,32,117732,1944,32,4,644756,1319142,20632192,5276568,25908760,4,4,12,4,4,4,0,20,20,20260807,5,1,1,1,0,0,0,6166,0.256917,1,0.0015,0
351,3309.59,6,0,2.11504,4.05042,0,0,0,6.16546,361,361,0,1,2.45175,2.45175,1830,367,0,1235,0,0,0,0,0,1337,1627.81,2.40137,3.52742,168488,8,29433,486,464433,32,117732,1944,32,4,644756,1319142,20632192,5276568,25908760,4,4,12,4,4,4,0,20,20,20260807,5,1,1,1,0,0,0,6166,0.256917,1,0.0015,0
352,3320.63,11,0,2.28383,8.6755,0,0,0,10.9593,361,361,0,1,2.45175,2.45175,1830,367,0,1235,0,0,0,0,0,1337,1627.81,2.40137,3.52742,168488,8,29433,486,464433,32,117732,1944,32,4,644756,1319142,20632192,5276568,25908760,4,4,12,4,4,4,0,20,20,20260807,5,1,1,1,0,0,0,6166,0.256917,1,0.0015,0
353,3325.93,5,0,2.20421,3.00583,0,0,0,5.21004,361,361,0,1,2.45175,2.45175,1830,367,0,1235,0,0,0,0,0,1337,1627.81,2.40137,3.52742,168488,8,29433,486,464433,32,117732,1944,32,4,644756,1319142,20632192,5276568,25908760,4,4,12,4,4,4,0,20,20,20260807,5,1,1,1,0,0,0,6167,0.256958,1,0.0015,1
354,3336.32,11,0,2.40783,7.89963,0,0,0,10.3075,361,361,0,1,2.45175,2.45175,1830,367,0,1235,0,0,0,0,0,1337,1627.81,2.40137,3.52742,168488,8,29433,486,464433,32,117732,1944,32,4,644756,1319142,20632192,5276568,25908760,4,4,12,4,4,4,0,20,20,20260807,5,1,1,1,0,0,0,6167,0.256958,1,0.0015,0
355,3342.32,6,0,2.06942,3.84758,0,0,0,5.917,361,361,0,1,2.45175,2.45175,1830,367,0,1235,0,0,0,0,0,1337,1627.81,2.40137,3.52742,168488,8,29433,486,464433,32,117732,1944,32,4,644756,1319142,20632192,5276568,25908760,4,4,12,4,4,4,0,20,20,20260807,5,1,1,1,0,0,0,6167,0.256958,1,0.0015,0
356,3353.06,10,0,2.31721,8.31108,0,0,0,10.6283,361,361,0,1,2.45175,2.45175,1830,367,0,1235,0,0,0,0,0,1337,1627.81,2.40137,3.52742,168488,8,29433,486,464433,32,117732,1944,32,4,644756,1319142,20632192,5276568,25908760,4,4,12,4,4,4,0,20,20,20260807,5,1,1,1,0,0,0,6167,0.256958,1,0.0015,0
357,3358.73,6,0,2.15813,3.44242,0,0,0,5.60054,361,361,0,1,2.45175,2.45175,1830,367,0,1235,0,0,0,0,0,1337,1627.81,2.40137,3.52742,168488,8,29433,486,464433,32,117732,1944,32,4,644756,1319142,20632192,5276568,25908760,4,4,12,4,4,4,0,20,20,20260807,5,1,1,1,0,0,0,6167,0.256958,1,0.0015,0
358,3369.82,11,0,2.68796,8.31267,0,0,0,11.0006,361,361,0,1,2.45175,2.45175,1830,367,0,1235,0,0,0,0,0,1337,1627.81,2.40137,3.52742,168488,8,29433,486,464433,32,117732,1944,32,4,644756,1319142,20632192,5276568,25908760,4,4,12,4,4,4,0,20,20,20260807,5,1,1,1,0,0,0,6167,0.256958,1,0.0015,0
359,3375.34,6,0,2.19725,3.25125,0,0,0,5.4485,361,361,0,1,2.45175,2.45175,1830,367,0,1235,0,0,0,0,0,1337,1627.81,2.40137,3.52742,168488,8,29433,486,464433,32,117732,1944,32,4,644756,1319142,20632192,5276568,25908760,4,4,12,4,4,4,0,20,20,20260807,5,1,1,1,0,0,0,6168,0.257,1,0.0015,1
360,3386.32,11,0,2.22533,8.67292,0,0,0,10.8983,361,361,0,1,2.45175,2.45175,1830,367,0,1235,0,0,0,0,0,1337,1627.81,2.40137,3.52742,168488,8,29433,486,464433,32,117732,1944,32,4,644756,1319142,20632192,5276568,25908760,4,4,12,4,4,4,0,20,20,20260807,5,1,1,1,0,0,0,6168,0.257,1,0.0015,0
361,3392.48,6,0,2.05837,4.01938,0,0,0,6.07775,361,361,0,1,2.45175,2.45175,1830,367,0,1235,0,0,0,0,0,1337,1627.81,2.40137,3.52742,168488,8,29433,486,464433,32,117732,1944,32,4,644756,1319142,20632192,5276568,25908760,4,4,12,4,4,4,0,20,20,20260807,5,1,1,1,0,0,0,6168,0.257,1,0.0015,0
362,3402.97,10,0,2.15817,8.20525,0,0,0,10.3634,361,361,0,1,2.45175,2.45175,1830,367,0,1235,0,0,0,0,0,1337,1627.81,2.40137,3.52742,168488,8,29433,486,464433,32,117732,1944,32,4,644756,1319142,20632192,5276568,25908760,4,4,12,4,4,4,0,20,20,20260807,5,1,1,1,0,0,0,6168,0.257,1,0.0015,0
363,3408.53,6,0,2.11254,3.37412,0,0,0,5.48667,361,361,0,1,2.45175,2.45175,1830,367,0,1235,0,0,0,0,0,1337,1627.81,2.40137,3.52742,168488,8,29433,486,464433,32,117732,1944,32,4,644756,1319142,20632192,5276568,25908760,4,4,12,4,4,4,0,20,20,20260807,5,1,1,1,0,0,0,6168,0.257,1,0.0015,0
364,3419.72,11,0,2.22154,8.88283,0,0,0,11.1044,361,361,0,1,2.45175,2.45175,1830,367,0,1235,0,0,0,0,0,1337,1627.81,2.40137,3.52742,168488,8,29433,486,464433,32,117732,1944,32,4,644756,1319142,20632192,5276568,25908760,4,4,12,4,4,4,0,20,20,20260807,5,1,1,1,0,0,0,6168,0.257,1,0.0015,0
365,3425.19,6,0,2.06542,3.32633,0,0,0,5.39175,361,361,0,1,2.45175,2.45175,1830,367,0,1235,0,0,0,0,0,1337,1627.81,2.40137,3.52742,168488,8,29433,486,464433,32,117732,1944,32,4,644756,1319142,20632192,5276568,25908760,4,4,12,4,4,4,0,20,20,20260807,5,1,1,1,0,0,0,6169,0.257042,1,0.0015,1
366,3436.41,11,0,2.21775,8.92533,0,0,0,11.1431,361,361,0,1,2.45175,2.45175,1830,367,0,1235,0,0,0,0,0,1337,1627.81,2.40137,3.52742,168488,8,29433,486,464433,32,117732,1944,32,4,644756,1319142,20632192,5276568,25908760,4,4,12,4,4,4,0,20,20,20260807,5,1,1,1,0,0,0,6169,0.257042,1,0.0015,0
367,3442.04,5,0,2.10887,3.44621,0,0,0,5.55508,361,361,0,1,2.45175,2.45175,1830,367,0,1235,0,0,0,0,0,1337,1627.81,2.40137,3.52742,168488,8,29433,486,464433,32,117732,1944,32,4,644756,1319142,20632192,5276568,25908760,4,4,12,4,4,4,0,20,20,20260807,5,1,1,1,0,0,0,6169,0.257042,1,0.0015,0
368,3453.08,11,0,2.29946,8.66338,0,0,0,10.9628,361,361,0,1,2.45175,2.45175,1830,367,0,1235,0,0,0,0,0,1337,1627.81,2.40137,3.52742,168488,8,29433,486,464433,32,117732,1944,32,4,644756,1319142,20632192,5276568,25908760,4,4,12,4,4,4,0,20,20,20260807,5,1,1,1,0,0,0,6169,0.257042,1,0.0015,0
369,3459.22,7,0,2.04896,4.001,0,0,0,6.04996,361,361,0,1,2.45175,2.45175,1830,367,0,1235,0,0,0,0,0,1337,1627.81,2.40137,3.52742,168488,8,29433,486,464433,32,117732,1944,32,4,644756,1319142,20632192,5276568,25908760,4,4,12,4,4,4,0,20,20,20260807,5,1,1,1,0,0,0,6169,0.257042,1,0.0015,0
370,3469.72,10,0,2.28592,8.09496,0,0,0,10.3809,361,361,0,1,2.45175,2.45175,1830,367,0,1235,0,0,0,0,0,1337,1627.81,2.40137,3.52742,168488,8,29433,486,464433,32,117732,1944,32,4,644756,1319142,20632192,5276568,25908760,4,4,12,4,4,4,0,20,20,20260807,5,1,1,1,0,0,0,6169,0.257042,1,0.0015,0
371,3475.23,6,0,2.19542,3.20671,0,0,0,5.40212,361,361,0,1,2.45175,2.45175,1830,367,0,1235,0,0,0,0,0,1337,1627.81,2.40137,3.52742,168488,8,29433,486,464433,32,117732,1944,32,4,644756,1319142,20632192,5276568,25908760,4,4,12,4,4,4,0,20,20,20260807,5,1,1,1,0,0,0,6170,0.257083,1,0.0015,1
372,3486.53,11,0,2.25137,8.96783,0,0,0,11.2192,361,361,0,1,2.45175,2.45175,1830,367,0,1235,0,0,0,0,0,1337,1627.81,2.40137,3.52742,168488,8,29433,486,464433,32,117732,1944,32,4,644756,1319142,20632192,5276568,25908760,4,4,12,4,4,4,0,20,20,20260807,5,1,1,1,0,0,0,6170,0.257083,1,0.0015,0
373,3492.42,6,0,2.00133,3.80538,0,0,0,5.80671,361,361,0,1,2.45175,2.45175,1830,367,0,1235,0,0,0,0,0,1337,1627.81,2.40137,3.52742,168488,8,29433,486,464433,32,117732,1944,32,4,644756,1319142,20632192,5276568,25908760,4,4,12,4,4,4,0,20,20,20260807,5,1,1,1,0,0,0,6170,0.257083,1,0.0015,0
374,3503,10,0,2.26725,8.23821,0,0,0,10.5055,361,361,0,1,2.45175,2.45175,1830,367,0,1235,0,0,0,0,0,1337,1627.81,2.40137,3.52742,168488,8,29433,486,464433,32,117732,1944,32,4,644756,1319142,20632192,5276568,25908760,4,4,12,4,4,4,0,20,20,20260807,5,1,1,1,0,0,0,6170,0.257083,1,0.0015,0
375,3508.58,6,0,2.06087,3.43492,0,0,0,5.49579,361,361,0,1,2.45175,2.45175,1830,367,0,1235,0,0,0,0,0,1337,1627.81,2.40137,3.52742,168488,8,29433,486,464433,32,117732,1944,32,4,644756,1319142,20632192,5276568,25908760,4,4,12,4,4,4,0,20,20,20260807,5,1,1,1,0,0,0,6170,0.257083,1,0.0015,0
376,3519.84,11,0,2.19267,8.98971,0,0,0,11.1824,361,361,0,1,2.45175,2.45175,1830,367,0,1235,0,0,0,0,0,1337,1627.81,2.40137,3.52742,168488,8,29433,486,464433,32,117732,1944,32,4,644756,1319142,20632192,5276568,25908760,4,4,12,4,4,4,0,20,20,20260807,5,1,1,1,0,0,0,6170,0.257083,1,0.0015,0
377,3526.44,7,0,2.15096,4.37304,0,0,0,6.524,361,361,0,1,2.45175,2.45175,1830,367,0,1235,0,0,0,0,0,1337,1627.81,2.40137,3.52742,168488,8,29433,486,464433,32,117732,1944,32,4,644756,1319142,20632192,5276568,25908760,4,4,12,4,4,4,0,20,20,20260807,5,1,1,1,0,0,0,6171,0.257125,1,0.0015,1
378,3537.03,10,0,1.99758,8.51117,0,0,0,10.5087,361,361,0,1,2.45175,2.45175,1830,367,0,1235,0,0,0,0,0,1337,1627.81,2.40137,3.52742,168488,8,29433,486,464433,32,117732,1944,32,4,644756,1319142,20632192,5276568,25908760,4,4,12,4,4,4,0,20,20,20260807,5,1,1,1,0,0,0,6171,0.257125,1,0.0015,0
379,3542.12,5,0,2.10396,2.91608,0,0,0,5.02004,361,361,0,1,2.45175,2.45175,1830,367,0,1235,0,0,0,0,0,1337,1627.81,2.40137,3.52742,168488,8,29433,486,464433,32,117732,1944,32,4,644756,1319142,20632192,5276568,25908760,4,4,12,4,4,4,0,20,20,20260807,5,1,1,1,0,0,0,6171,0.257125,1,0.0015,0
380,3553.63,12,0,2.16867,9.26546,0,0,0,11.4341,361,361,0,1,2.45175,2.45175,1830,367,0,1235,0,0,0,0,0,1337,1627.81,2.40137,3.52742,168488,8,29433,486,464433,32,117732,1944,32,4,644756,1319142,20632192,5276568,25908760,4,4,12,4,4,4,0,20,20,20260807,5,1,1,1,0,0,0,6171,0.257125,1,0.0015,0
381,3558.93,5,0,2.06254,3.16846,0,0,0,5.231,361,361,0,1,2.45175,2.45175,1830,367,0,1235,0,0,0,0,0,1337,1627.81,2.40137,3.52742,168488,8,29433,486,464433,32,117732,1944,32,4,644756,1319142,20632192,5276568,25908760,4,4,12,4,4,4,0,20,20,20260807,5,1,1,1,0,0,0,6171,0.257125,1,0.0015,0
382,3569.71,11,0,2.30958,8.38783,0,0,0,10.6974,361,361,0,1,2.45175,2.45175,1830,367,0,1235,0,0,0,0,0,1337,1627.81,2.40137,3.52742,168488,8,29433,486,464433,32,117732,1944,32,4,644756,1319142,20632192,5276568,25908760,4,4,12,4,4,4,0,20,20,20260807,5,1,1,1,0,0,0,6171,0.257125,1,0.0015,0
383,3575.67,6,0,2.129,3.75025,0,0,0,5.87925,361,361,0,1,2.45175,2.45175,1830,367,0,1235,0,0,0,0,0,1337,1627.81,2.40137,3.52742,168488,8,29433,486,464433,32,117732,1944,32,4,644756,1319142,20632192,5276568,25908760,4,4,12,4,4,4,0,20,20,20260807,5,1,1,1,0,0,0,6172,0.257167,1,0.0015,1
384,3587.02,11,0,2.88533,8.38754,0,0,0,11.2729,361,361,0,1,2.45175,2.45175,1830,367,0,1235,0,0,0,0,0,1337,1627.81,2.40137,3.52742,168488,8,29433,486,464433,32,117732,1944,32,4,644756,1319142,20632192,5276568,25908760,4,4,12,4,4,4,0,20,20,20260807,5,1,1,1,0,0,0,6172,0.257167,1,0.0015,0
385,3593.92,7,0,2.10562,4.68517,0,0,0,6.79079,361,361,0,1,2.45175,2.45175,1830,367,0,1235,0,0,0,0,0,1337,1627.81,2.40137,3.52742,168488,8,29433,486,464433,32,117732,1944,32,4,644756,1319142,20632192,5276568,25908760,4,4,12,4,4,4,0,20,20,20260807,5,1,1,1,0,0,0,6172,0.257167,1,0.0015,0
386,3603.46,10,0,2.01258,7.44642,0,0,0,9.459,361,361,0,1,2.45175,2.45175,1830,367,0,1235,0,0,0,0,0,1337,1627.81,2.40137,3.52742,168488,8,29433,486,464433,32,117732,1944,32,4,644756,1319142,20632192,5276568,25908760,4,4,12,4,4,4,0,20,20,20260807,5,1,1,1,0,0,0,6172,0.257167,1,0.0015,0
387,3608.25,5,0,1.97096,2.73983,0,0,0,4.71079,361,361,0,1,2.45175,2.45175,1830,367,0,1235,0,0,0,0,0,1337,1627.81,2.40137,3.52742,168488,8,29433,486,464433,32,117732,1944,32,4,644756,1319142,20632192,5276568,25908760,4,4,12,4,4,4,0,20,20,20260807,5,1,1,1,0,0,0,6172,0.257167,1,0.0015,0
388,3619.88,11,0,1.99321,9.57621,0,0,0,11.5694,361,361,0,1,2.45175,2.45175,1830,367,0,1235,0,0,0,0,0,1337,1627.81,2.40137,3.52742,168488,8,29433,486,464433,32,117732,1944,32,4,644756,1319142,20632192,5276568,25908760,4,4,12,4,4,4,0,20,20,20260807,5,1,1,1,0,0,0,6172,0.257167,1,0.0015,0
389,3625.75,6,0,2.11721,3.66483,0,0,0,5.78204,361,361,0,1,2.45175,2.45175,1830,367,0,1235,0,0,0,0,0,1337,1627.81,2.40137,3.52742,168488,8,29433,486,464433,32,117732,1944,32,4,644756,1319142,20632192,5276568,25908760,4,4,12,4,4,4,0,20,20,20260807,5,1,1,1,0,0,0,6173,0.257208,1,0.0015,1
390,3636.45,11,0,2.27171,8.35096,0,0,0,10.6227,361,361,0,1,2.45175,2.45175,1830,367,0,1235,0,0,0,0,0,1337,1627.81,2.40137,3.52742,168488,8,29433,486,464433,32,117732,1944,32,4,644756,1319142,20632192,5276568,25908760,4,4,12,4,4,4,0,20,20,20260807,5,1,1,1,0,0,0,6173,0.257208,1,0.0015,0
391,3642.01,5,0,2.01517,3.47054,0,0,0,5.48571,361,361,0,1,2.45175,2.45175,1830,367,0,1235,0,0,0,0,0,1337,1627.81,2.40137,3.52742,168488,8,29433,486,464433,32,117732,1944,32,4,644756,1319142,20632192,5276568,25908760,4,4,12,4,4,4,0,20,20,20260807,5,1,1,1,0,0,0,6173,0.257208,1,0.0015,0
392,3653.06,11,0,2.15517,8.81467,0,0,0,10.9698,361,361,0,1,2.45175,2.45175,1830,367,0,1235,0,0,0,0,0,1337,1627.81,2.40137,3.52742,168488,8,29433,486,464433,32,117732,1944,32,4,644756,1319142,20632192,5276568,25908760,4,4,12,4,4,4,0,20,20,20260807,5,1,1,1,0,0,0,6173,0.257208,1,0.0015,0
393,3659.49,7,0,2.02933,4.31417,0,0,0,6.3435,361,361,0,1,2.45175,2.45175,1830,367,0,1235,0,0,0,0,0,1337,1627.81,2.40137,3.52742,168488,8,29433,486,464433,32,117732,1944,32,4,644756,1319142,20632192,5276568,25908760,4,4,12,4,4,4,0,20,20,20260807,5,1,1,1,0,0,0,6173,0.257208,1,0.0015,0
394,3670.32,11,0,2.04413,8.70429,0,0,0,10.7484,361,361,0,1,2.45175,2.45175,1830,367,0,1235,0,0,0,0,0,1337,1627.81,2.40137,3.52742,168488,8,29433,486,464433,32,117732,1944,32,4,644756,1319142,20632192,5276568,25908760,4,4,12,4,4,4,0,20,20,20260807,5,1,1,1,0,0,0,6173,0.257208,1,0.0015,0
395,3675.19,5,0,2.07304,2.71933,0,0,0,4.79237,361,361,0,1,2.45175,2.45175,1830,367,0,1235,0,0,0,0,0,1337,1627.81,2.40137,3.52742,168488,8,29433,486,464433,32,117732,1944,32,4,644756,1319142,20632192,5276568,25908760,4,4,12,4,4,4,0,20,20,20260807,5,1,1,1,0,0,0,6174,0.25725,1,0.0015,1
396,3686.57,11,0,2.33421,8.97479,0,0,0,11.309,361,361,0,1,2.45175,2.45175,1830,367,0,1235,0,0,0,0,0,1337,1627.81,2.40137,3.52742,168488,8,29433,486,464433,32,117732,1944,32,4,644756,1319142,20632192,5276568,25908760,4,4,12,4,4,4,0,20,20,20260807,5,1,1,1,0,0,0,6174,0.25725,1,0.0015,0
397,3692.65,6,0,2.08696,3.91317,0,0,0,6.00012,361,361,0,1,2.45175,2.45175,1830,367,0,1235,0,0,0,0,0,1337,1627.81,2.40137,3.52742,168488,8,29433,486,464433,32,117732,1944,32,4,644756,1319142,20632192,5276568,25908760,4,4,12,4,4,4,0,20,20,20260807,5,1,1,1,0,0,0,6174,0.25725,1,0.0015,0
398,3703.11,10,0,2.22046,8.1465,0,0,0,10.367,361,361,0,1,2.45175,2.45175,1830,367,0,1235,0,0,0,0,0,1337,1627.81,2.40137,3.52742,168488,8,29433,486,464433,32,117732,1944,32,4,644756,1319142,20632192,5276568,25908760,4,4,12,4,4,4,0,20,20,20260807,5,1,1,1,0,0,0,6174,0.25725,1,0.0015,0
399,3708.95,6,0,2.08012,3.68329,0,0,0,5.76342,361,361,0,1,2.45175,2.45175,1830,367,0,1235,0,0,0,0,0,1337,1627.81,2.40137,3.52742,168488,8,29433,486,464433,32,117732,1944,32,4,644756,1319142,20632192,5276568,25908760,4,4,12,4,4,4,0,20,20,20260807,5,1,1,1,0,0,0,6174,0.25725,1,0.0015,0
400,3720.07,11,0,2.30879,8.69571,0,0,0,11.0045,361,361,0,1,2.45175,2.45175,1830,367,0,1235,0,0,0,0,0,1337,1627.81,2.40137,3.52742,168488,8,29433,486,464433,32,117732,1944,32,4,644756,1319142,20632192,5276568,25908760,4,4,12,4,4,4,0,20,20,20260807,5,1,1,1,0,0,0,6174,0.25725,1,0.0015,0
401,3725.97,6,0,2.16829,3.65696,0,0,0,5.82525,361,361,0,1,2.45175,2.45175,1830,367,0,1235,0,0,0,0,0,1337,1627.81,2.40137,3.52742,168488,8,29433,486,464433,32,117732,1944,32,4,644756,1319142,20632192,5276568,25908760,4,4,12,4,4,4,0,20,20,20260807,5,1,1,1,0,0,0,6175,0.257292,1,0.0015,1
402,3739.09,13,0,2.31421,10.729,0,0,0,13.0433,361,361,0,1,2.45175,2.45175,1830,367,0,1235,0,0,0,0,0,1337,1627.81,2.40137,3.52742,168488,8,29433,486,464433,32,117732,1944,32,4,644756,1319142,20632192,5276568,25908760,4,4,12,4,4,4,0,20,20,20260807,5,1,1,1,0,0,0,6175,0.257292,1,0.0015,0
403,3744.47,6,0,2.05821,3.23813,0,0,0,5.29633,361,361,0,1,2.45175,2.45175,1830,367,0,1235,0,0,0,0,0,1337,1627.81,2.40137,3.52742,168488,8,29433,486,464433,32,117732,1944,32,4,644756,1319142,20632192,5276568,25908760,4,4,12,4,4,4,0,20,20,20260807,5,1,1,1,0,0,0,6175,0.257292,1,0.0015,0
404,3757.62,13,0,2.27333,10.7871,0,0,0,13.0605,361,361,0,1,2.45175,2.45175,1830,367,0,1235,0,0,0,0,0,1337,1627.81,2.40137,3.52742,168488,8,29433,486,464433,32,117732,1944,32,4,644756,1319142,20632192,5276568,25908760,4,4,12,4,4,4,0,20,20,20260807,5,1,1,1,0,0,0,6175,0.257292,1,0.0015,0
405,3762.93,5,0,2.21221,3.01363,0,0,0,5.22583,361,361,0,1,2.45175,2.45175,1830,367,0,1235,0,0,0,0,0,1337,1627.81,2.40137,3.52742,168488,8,29433,486,464433,32,117732,1944,32,4,644756,1319142,20632192,5276568,25908760,4,4,12,4,4,4,0,20,20,20260807,5,1,1,1,0,0,0,6175,0.257292,1,0.0015,0
406,3769.66,7,0,2.19446,4.46471,0,0,0,6.65917,361,361,0,1,2.45175,2.45175,1830,367,0,1235,0,0,0,0,0,1337,1627.81,2.40137,3.52742,168488,8,29433,486,464433,32,117732,1944,32,4,644756,1319142,20632192,5276568,25908760,4,4,12,4,4,4,0,20,20,20260807,5,1,1,1,0,0,0,6175,0.257292,1,0.0015,0
407,3775.37,6,0,2.173,3.45038,0,0,0,5.62338,361,361,0,1,2.45175,2.45175,1830,367,0,1235,0,0,0,0,0,1337,1627.81,2.40137,3.52742,168488,8,29433,486,464433,32,117732,1944,32,4,644756,1319142,20632192,5276568,25908760,4,4,12,4,4,4,0,20,20,20260807,5,1,1,1,0,0,0,6176,0.257333,1,0.0015,1
408,3786.42,11,0,2.19771,8.77821,0,0,0,10.9759,361,361,0,1,2.45175,2.45175,1830,367,0,1235,0,0,0,0,0,1337,1627.81,2.40137,3.52742,168488,8,29433,486,464433,32,117732,1944,32,4,644756,1319142,20632192,5276568,25908760,4,4,12,4,4,4,0,20,20,20260807,5,1,1,1,0,0,0,6176,0.257333,1,0.0015,0
409,3792.96,6,0,2.10704,4.34842,0,0,0,6.45546,361,361,0,1,2.45175,2.45175,1830,367,0,1235,0,0,0,0,0,1337,1627.81,2.40137,3.52742,168488,8,29433,486,464433,32,117732,1944,32,4,644756,1319142,20632192,5276568,25908760,4,4,12,4,4,4,0,20,20,20260807,5,1,1,1,0,0,0,6176,0.257333,1,0.0015,0
410,3803.04,10,0,2.1265,7.876,0,0,0,10.0025,361,361,0,1,2.45175,2.45175,1830,367,0,1235,0,0,0,0,0,1337,1627.81,2.40137,3.52742,168488,8,29433,486,464433,32,117732,1944,32,4,644756,1319142,20632192,5276568,25908760,4,4,12,4,4,4,0,20,20,20260807,5,1,1,1,0,0,0,6176,0.257333,1,0.0015,0
411,3808.72,6,0,2.11467,3.47983,0,0,0,5.5945,361,361,0,1,2.45175,2.45175,1830,367,0,1235,0,0,0,0,0,1337,1627.81,2.40137,3.52742,168488,8,29433,486,464433,32,117732,1944,32,4,644756,1319142,20632192,5276568,25908760,4,4,12,4,4,4,0,20,20,20260807,5,1,1,1,0,0,0,6176,0.257333,1,0.0015,0
412,3819.92,11,0,2.25696,8.87412,0,0,0,11.1311,361,361,0,1,2.45175,2.45175,1830,367,0,1235,0,0,0,0,0,1337,1627.81,2.40137,3.52742,168488,8,29433,486,464433,32,117732,1944,32,4,644756,1319142,20632192,5276568,25908760,4,4,12,4,4,4,0,20,20,20260807,5,1,1,1,0,0,0,6176,0.257333,1,0.0015,0
413,3825.86,6,0,2.10113,3.75567,0,0,0,5.85679,361,361,0,1,2.45175,2.45175,1830,367,0,1235,0,0,0,0,0,1337,1627.81,2.40137,3.52742,168488,8,29433,486,464433,32,117732,1944,32,4,644756,1319142,20632192,5276568,25908760,4,4,12,4,4,4,0,20,20,20260807,5,1,1,1,0,0,0,6177,0.257375,1,0.0015,1
414,3836.37,11,0,2.28512,8.06646,0,0,0,10.3516,361,361,0,1,2.45175,2.45175,1830,367,0,1235,0,0,0,0,0,1337,1627.81,2.40137,3.52742,168488,8,29433,486,464433,32,117732,1944,32,4,644756,1319142,20632192,5276568,25908760,4,4,12,4,4,4,0,20,20,20260807,5,1,1,1,0,0,0,6177,0.257375,1,0.0015,0
415,3842.2,6,0,2.10125,3.65825,0,0,0,5.7595,361,361,0,1,2.45175,2.45175,1830,367,0,1235,0,0,0,0,0,1337,1627.81,2.40137,3.52742,168488,8,29433,486,464433,32,117732,1944,32,4,644756,1319142,20632192,5276568,25908760,4,4,12,4,4,4,0,20,20,20260807,5,1,1,1,0,0,0,6177,0.257375,1,0.0015,0
416,3853.19,11,0,4.18833,6.728,0,0,0,10.9163,361,361,0,1,2.45175,2.45175,1830,367,0,1235,0,0,0,0,0,1337,1627.81,2.40137,3.52742,168488,8,29433,486,464433,32,117732,1944,32,4,644756,1319142,20632192,5276568,25908760,4,4,12,4,4,4,0,20,20,20260807,5,1,1,1,0,0,0,6177,0.257375,1,0.0015,0
417,3859.64,6,0,2.04054,4.32613,0,0,0,6.36667,361,361,0,1,2.45175,2.45175,1830,367,0,1235,0,0,0,0,0,1337,1627.81,2.40137,3.52742,168488,8,29433,486,464433,32,117732,1944,32,4,644756,1319142,20632192,5276568,25908760,4,4,12,4,4,4,0,20,20,20260807,5,1,1,1,0,0,0,6177,0.257375,1,0.0015,0
418,3869.89,10,0,2.206,7.95954,0,0,0,10.1655,361,361,0,1,2.45175,2.45175,1830,367,0,1235,0,0,0,0,0,1337,1627.81,2.40137,3.52742,168488,8,29433,486,464433,32,117732,1944,32,4,644756,1319142,20632192,5276568,25908760,4,4,12,4,4,4,0,20,20,20260807,5,1,1,1,0,0,0,6177,0.257375,1,0.0015,0
419,3875.51,6,0,2.18342,3.35529,0,0,0,5.53871,361,361,0,1,2.45175,2.45175,1830,367,0,1235,0,0,0,0,0,1337,1627.81,2.40137,3.52742,168488,8,29433,486,464433,32,117732,1944,32,4,644756,1319142,20632192,5276568,25908760,4,4,12,4,4,4,0,20,20,20260807,5,1,1,1,0,0,0,6178,0.257417,1,0.0015,1
420,3886.56,11,0,2.24642,8.71908,0,0,0,10.9655,361,361,0,1,2.45175,2.45175,1830,367,0,1235,0,0,0,0,0,1337,1627.81,2.40137,3.52742,168488,8,29433,486,464433,32,117732,1944,32,4,644756,1319142,20632192,5276568,25908760,4,4,12,4,4,4,0,20,20,20260807,5,1,1,1,0,0,0,6178,0.257417,1,0.0015,0
421,3892.7,6,0,2.11225,3.94975,0,0,0,6.062,361,361,0,1,2.45175,2.45175,1830,367,0,1235,0,0,0,0,0,1337,1627.81,2.40137,3.52742,168488,8,29433,486,464433,32,117732,1944,32,4,644756,1319142,20632192,5276568,25908760,4,4,12,4,4,4,0,20,20,20260807,5,1,1,1,0,0,0,6178,0.257417,1,0.0015,0
422,3903.09,10,0,2.27946,7.99162,0,0,0,10.2711,361,361,0,1,2.45175,2.45175,1830,367,0,1235,0,0,0,0,0,1337,1627.81,2.40137,3.52742,168488,8,29433,486,464433,32,117732,1944,32,4,644756,1319142,20632192,5276568,25908760,4,4,12,4,4,4,0,20,20,20260807,5,1,1,1,0,0,0,6178,0.257417,1,0.0015,0
423,3908.67,6,0,2.11242,3.38392,0,0,0,5.49633,361,361,0,1,2.45175,2.45175,1830,367,0,1235,0,0,0,0,0,1337,1627.81,2.40137,3.52742,168488,8,29433,486,464433,32,117732,1944,32,4,644756,1319142,20632192,5276568,25908760,4,4,12,4,4,4,0,20,20,20260807,5,1,1,1,0,0,0,6178,0.257417,1,0.0015,0
424,3919.92,11,0,2.24463,8.92404,0,0,0,11.1687,361,361,0,1,2.45175,2.45175,1830,367,0,1235,0,0,0,0,0,1337,1627.81,2.40137,3.52742,168488,8,29433,486,464433,32,117732,1944,32,4,644756,1319142,20632192,5276568,25908760,4,4,12,4,4,4,0,20,20,20260807,5,1,1,1,0,0,0,6178,0.257417,1,0.0015,0
425,3925.53,6,0,2.18021,3.34317,0,0,0,5.52337,361,361,0,1,2.45175,2.45175,1830,367,0,1235,0,0,0,0,0,1337,1627.81,2.40137,3.52742,168488,8,29433,486,464433,32,117732,1944,32,4,644756,1319142,20632192,5276568,25908760,4,4,12,4,4,4,0,20,20,20260807,5,1,1,1,0,0,0,6179,0.257458,1,0.0015,1
426,3936.52,11,0,2.72933,8.18358,0,0,0,10.9129,361,361,0,1,2.45175,2.45175,1830,367,0,1235,0,0,0,0,0,1337,1627.81,2.40137,3.52742,168488,8,29433,486,464433,32,117732,1944,32,4,644756,1319142,20632192,5276568,25908760,4,4,12,4,4,4,0,20,20,20260807,5,1,1,1,0,0,0,6179,0.257458,1,0.0015,0
427,3941.99,5,0,2.15833,3.23188,0,0,0,5.39021,361,361,0,1,2.45175,2.45175,1830,367,0,1235,0,0,0,0,0,1337,1627.81,2.40137,3.52742,168488,8,29433,486,464433,32,117732,1944,32,4,644756,1319142,20632192,5276568,25908760,4,4,12,4,4,4,0,20,20,20260807,5,1,1,1,0,0,0,6179,0.257458,1,0.0015,0
428,3953.13,11,0,2.21754,8.81342,0,0,0,11.031,361,361,0,1,2.45175,2.45175,1830,367,0,1235,0,0,0,0,0,1337,1627.81,2.40137,3.52742,168488,8,29433,486,464433,32,117732,1944,32,4,644756,1319142,20632192,5276568,25908760,4,4,12,4,4,4,0,20,20,20260807,5,1,1,1,0,0,0,6179,0.257458,1,0.0015,0
429,3959.7,7,0,2.08246,4.41383,0,0,0,6.49629,361,361,0,1,2.45175,2.45175,1830,367,0,1235,0,0,0,0,0,1337,1627.81,2.40137,3.52742,168488,8,29433,486,464433,32,117732,1944,32,4,644756,1319142,20632192,5276568,25908760,4,4,12,4,4,4,0,20,20,20260807,5,1,1,1,0,0,0,6179,0.257458,1,0.0015,0
430,3969.69,10,0,2.14467,7.76371,0,0,0,9.90837,361,361,0,1,2.45175,2.45175,1830,367,0,1235,0,0,0,0,0,1337,1627.81,2.40137,3.52742,168488,8,29433,486,464433,32,117732,1944,32,4,644756,1319142,20632192,5276568,25908760,4,4,12,4,4,4,0,20,20,20260807,5,1,1,1,0,0,0,6179,0.257458,1,0.0015,0
431,3975.22,6,0,2.11738,3.33442,0,0,0,5.45179,361,361,0,1,2.45175,2.45175,1830,367,0,1235,0,0,0,0,0,1337,1627.81,2.40137,3.52742,168488,8,29433,486,464433,32,117732,1944,32,4,644756,1319142,20632192,5276568,25908760,4,4,12,4,4,4,0,20,20,20260807,5,1,1,1,0,0,0,6180,0.2575,1,0.0015,1
432,3986.57,11,0,2.18242,9.09688,0,0,0,11.2793,361,361,0,1,2.45175,2.45175,1830,367,0,1235,0,0,0,0,0,1337,1627.81,2.40137,3.52742,168488,8,29433,486,464433,32,117732,1944,32,4,644756,1319142,20632192,5276568,25908760,4,4,12,4,4,4,0,20,20,20260807,5,1,1,1,0,0,0,6180,0.2575,1,0.0015,0
433,3992.65,6,0,2.11654,3.88183,0,0,0,5.99838,361,361,0,1,2.45175,2.45175,1830,367,0,1235,0,0,0,0,0,1337,1627.81,2.40137,3.52742,168488,8,29433,486,464433,32,117732,1944,32,4,644756,1319142,20632192,5276568,25908760,4,4,12,4,4,4,0,20,20,20260807,5,1,1,1,0,0,0,6180,0.2575,1,0.0015,0
434,4003.03,10,0,2.63037,7.64054,0,0,0,10.2709,361,361,0,1,2.45175,2.45175,1830,367,0,1235,0,0,0,0,0,1337,1627.81,2.40137,3.52742,168488,8,29433,486,464433,32,117732,1944,32,4,644756,1319142,20632192,5276568,25908760,4,4,12,4,4,4,0,20,20,20260807,5,1,1,1,0,0,0,6180,0.2575,1,0.0015,0
435,4008.74,6,0,2.09058,3.53904,0,0,0,5.62962,361,361,0,1,2.45175,2.45175,1830,367,0,1235,0,0,0,0,0,1337,1627.81,2.40137,3.52742,168488,8,29433,486,464433,32,117732,1944,32,4,644756,1319142,20632192,5276568,25908760,4,4,12,4,4,4,0,20,20,20260807,5,1,1,1,0,0,0,6180,0.2575,1,0.0015,0
436,4019.78,11,0,2.37862,8.57812,0,0,0,10.9567,361,361,0,1,2.45175,2.45175,1830,367,0,1235,0,0,0,0,0,1337,1627.81,2.40137,3.52742,168488,8,29433,486,464433,32,117732,1944,32,4,644756,1319142,20632192,5276568,25908760,4,4,12,4,4,4,0,20,20,20260807,5,1,1,1,0,0,0,6180,0.2575,1,0.0015,0
437,4026.6,7,0,2.10067,4.64562,0,0,0,6.74629,361,361,0,1,2.45175,2.45175,1830,367,0,1235,0,0,0,0,0,1337,1627.81,2.40137,3.52742,168488,8,29433,486,464433,32,117732,1944,32,4,644756,1319142,20632192,5276568,25908760,4,4,12,4,4,4,0,20,20,20260807,5,1,1,1,0,0,0,6181,0.257542,1,0.0015,1
438,4037.01,9,0,2.09504,8.22321,0,0,0,10.3183,361,361,0,1,2.45175,2.45175,1830,367,0,1235,0,0,0,0,0,1337,1627.81,2.40137,3.52742,168488,8,29433,486,464433,32,117732,1944,32,4,644756,1319142,20632192,5276568,25908760,4,4,12,4,4,4,0,20,20,20260807,5,1,1,1,0,0,0,6181,0.257542,1,0.0015,0
439,4042.14,6,0,2.09954,2.95312,0,0,0,5.05267,361,361,0,1,2.45175,2.45175,1830,367,0,1235,0,0,0,0,0,1337,1627.81,2.40137,3.52742,168488,8,29433,486,464433,32,117732,1944,32,4,644756,1319142,20632192,5276568,25908760,4,4,12,4,4,4,0,20,20,20260807,5,1,1,1,0,0,0,6181,0.257542,1,0.0015,0
440,4053.1,10,0,5.80525,5.07413,0,0,0,10.8794,361,361,0,1,2.45175,2.45175,1830,367,0,1235,0,0,0,0,0,1337,1627.81,2.40137,3.52742,168488,8,29433,486,464433,32,117732,1944,32,4,644756,1319142,20632192,5276568,25908760,4,4,12,4,4,4,0,20,20,20260807,5,1,1,1,0,0,0,6181,0.257542,1,0.0015,0
441,4062.18,10,0,2.05454,6.94196,0,0,0,8.9965,361,361,0,1,2.45175,2.45175,1830,367,0,1235,0,0,0,0,0,1337,1627.81,2.40137,3.52742,168488,8,29433,486,464433,32,117732,1944,32,4,644756,1319142,20632192,5276568,25908760,4,4,12,4,4,4,0,20,20,20260807,5,1,1,1,0,0,0,6181,0.257542,1,0.0015,0
442,4069.77,7,0,2.117,5.39221,0,0,0,7.50921,361,361,0,1,2.45175,2.45175,1830,367,0,1235,0,0,0,0,0,1337,1627.81,2.40137,3.52742,168488,8,29433,486,464433,32,117732,1944,32,4,644756,1319142,20632192,5276568,25908760,4,4,12,4,4,4,0,20,20,20260807,5,1,1,1,0,0,0,6181,0.257542,1,0.0015,0
443,4075.15,6,0,2.21521,3.06133,0,0,0,5.27654,361,361,0,1,2.45175,2.45175,1830,367,0,1235,0,0,0,0,0,1337,1627.81,2.40137,3.52742,168488,8,29433,486,464433,32,117732,1944,32,4,644756,1319142,20632192,5276568,25908760,4,4,12,4,4,4,0,20,20,20260807,5,1,1,1,0,0,0,6182,0.257583,1,0.0015,1
444,4086.53,11,0,2.19833,9.09529,0,0,0,11.2936,361,361,0,1,2.45175,2.45175,1830,367,0,1235,0,0,0,0,0,1337,1627.81,2.40137,3.52742,168488,8,29433,486,464433,32,117732,1944,32,4,644756,1319142,20632192,5276568,25908760,4,4,12,4,4,4,0,20,20,20260807,5,1,1,1,0,0,0,6182,0.257583,1,0.0015,0
445,4093.28,7,0,2.11554,4.54592,0,0,0,6.66146,361,361,0,1,2.45175,2.45175,1830,367,0,1235,0,0,0,0,0,1337,1627.81,2.40137,3.52742,168488,8,29433,486,464433,32,117732,1944,32,4,644756,1319142,20632192,5276568,25908760,4,4,12,4,4,4,0,20,20,20260807,5,1,1,1,0,0,0,6182,0.257583,1,0.0015,0
446,4103.1,9,0,2.11937,7.62796,0,0,0,9.74733,361,361,0,1,2.45175,2.45175,1830,367,0,1235,0,0,0,0,0,1337,1627.81,2.40137,3.52742,168488,8,29433,486,464433,32,117732,1944,32,4,644756,1319142,20632192,5276568,25908760,4,4,12,4,4,4,0,20,20,20260807,5,1,1,1,0,0,0,6182,0.257583,1,0.0015,0
447,4108.6,6,0,2.11992,3.29529,0,0,0,5.41521,361,361,0,1,2.45175,2.45175,1830,367,0,1235,0,0,0,0,0,1337,1627.81,2.40137,3.52742,168488,8,29433,486,464433,32,117732,1944,32,4,644756,1319142,20632192,5276568,25908760,4,4,12,4,4,4,0,20,20,20260807,5,1,1,1,0,0,0,6182,0.257583,1,0.0015,0
448,4119.9,11,0,2.25358,8.97975,0,0,0,11.2333,361,361,0,1,2.45175,2.45175,1830,367,0,1235,0,0,0,0,0,1337,1627.81,2.40137,3.52742,168488,8,29433,486,464433,32,117732,1944,32,4,644756,1319142,20632192,5276568,25908760,4,4,12,4,4,4,0,20,20,20260807,5,1,1,1,0,0,0,6182,0.257583,1,0.0015,0
449,4127.36,8,0,2.1495,5.22679,0,0,0,7.37629,361,361,0,1,2.45175,2.45175,1830,367,0,1235,0,0,0,0,0,1337,1627.81,2.40137,3.52742,168488,8,29433,486,464433,32,117732,1944,32,4,644756,1319142,20632192,5276568,25908760,4,4,12,4,4,4,0,20,20,20260807,5,1,1,1,0,0,0,6183,0.257625,1,0.0015,1
450,4136.4,9,0,2.14308,6.82188,0,0,0,8.96496,361,361,0,1,2.45175,2.45175,1830,367,0,1235,0,0,0,0,0,1337,1627.81,2.40137,3.52742,168488,8,29433,486,464433,32,117732,1944,32,4,644756,1319142,20632192,5276568,25908760,4,4,12,4,4,4,0,20,20,20260807,5,1,1,1,0,0,0,6183,0.257625,1,0.0015,0
451,4142.32,6,0,2.10458,3.72883,0,0,0,5.83342,361,361,0,1,2.45175,2.45175,1830,367,0,1235,0,0,0,0,0,1337,1627.81,2.40137,3.52742,168488,8,29433,486,464433,32,117732,1944,32,4,644756,1319142,20632192,5276568,25908760,4,4,12,4,4,4,0,20,20,20260807,5,1,1,1,0,0,0,6183,0.257625,1,0.0015,0
452,4153.27,11,0,2.23117,8.6365,0,0,0,10.8677,361,361,0,1,2.45175,2.45175,1830,367,0,1235,0,0,0,0,0,1337,1627.81,2.40137,3.52742,168488,8,29433,486,464433,32,117732,1944,32,4,644756,1319142,20632192,5276568,25908760,4,4,12,4,4,4,0,20,20,20260807,5,1,1,1,0,0,0,6183,0.257625,1,0.0015,0
453,4159.29,6,0,2.11088,3.82912,0,0,0,5.94,361,361,0,1,2.45175,2.45175,1830,367,0,1235,0,0,0,0,0,1337,1627.81,2.40137,3.52742,168488,8,29433,486,464433,32,117732,1944,32,4,644756,1319142,20632192,5276568,25908760,4,4,12,4,4,4,0,20,20,20260807,5,1,1,1,0,0,0,6183,0.257625,1,0.0015,0
454,4169.87,10,0,2.33204,8.16125,0,0,0,10.4933,361,361,0,1,2.45175,2.45175,1830,367,0,1235,0,0,0,0,0,1337,1627.81,2.40137,3.52742,168488,8,29433,486,464433,32,117732,1944,32,4,644756,1319142,20632192,5276568,25908760,4,4,12,4,4,4,0,20,20,20260807,5,1,1,1,0,0,0,6183,0.257625,1,0.0015,0
455,4175.21,6,0,2.17321,3.08917,0,0,0,5.26237,361,361,0,1,2.45175,2.45175,1830,367,0,1235,0,0,0,0,0,1337,1627.81,2.40137,3.52742,168488,8,29433,486,464433,32,117732,1944,32,4,644756,1319142,20632192,5276568,25908760,4,4,12,4,4,4,0,20,20,20260807,5,1,1,1,0,0,0,6184,0.257667,1,0.0015,1
456,4186.59,11,0,2.23596,9.06129,0,0,0,11.2973,361,361,0,1,2.45175,2.45175,1830,367,0,1235,0,0,0,0,0,1337,1627.81,2.40137,3.52742,168488,8,29433,486,464433,32,117732,1944,32,4,644756,1319142,20632192,5276568,25908760,4,4,12,4,4,4,0,20,20,20260807,5,1,1,1,0,0,0,6184,0.257667,1,0.0015,0
457,4193.1,6,0,2.10867,4.29367,0,0,0,6.40233,361,361,0,1,2.45175,2.45175,1830,367,0,1235,0,0,0,0,0,1337,1627.81,2.40137,3.52742,168488,8,29433,486,464433,32,117732,1944,32,4,644756,1319142,20632192,5276568,25908760,4,4,12,4,4,4,0,20,20,20260807,5,1,1,1,0,0,0,6184,0.257667,1,0.0015,0
458,4203.08,10,0,2.13421,7.77125,0,0,0,9.90546,361,361,0,1,2.45175,2.45175,1830,367,0,1235,0,0,0,0,0,1337,1627.81,2.40137,3.52742,168488,8,29433,486,464433,32,117732,1944,32,4,644756,1319142,20632192,5276568,25908760,4,4,12,4,4,4,0,20,20,20260807,5,1,1,1,0,0,0,6184,0.257667,1,0.0015,0
459,4208.8,6,0,2.12875,3.51325,0,0,0,5.642,361,361,0,1,2.45175,2.45175,1830,367,0,1235,0,0,0,0,0,1337,1627.81,2.40137,3.52742,168488,8,29433,486,464433,32,117732,1944,32,4,644756,1319142,20632192,5276568,25908760,4,4,12,4,4,4,0,20,20,20260807,5,1,1,1,0,0,0,6184,0.257667,1,0.0015,0
460,4219.73,11,0,2.22737,8.61913,0,0,0,10.8465,361,361,0,1,2.45175,2.45175,1830,367,0,1235,0,0,0,0,0,1337,1627.81,2.40137,3.52742,168488,8,29433,486,464433,32,117732,1944,32,4,644756,1319142,20632192,5276568,25908760,4,4,12,4,4,4,0,20,20,20260807,5,1,1,1,0,0,0,6184,0.257667,1,0.0015,0
461,4226.18,7,0,2.05671,4.32158,0,0,0,6.37829,361,361,0,1,2.45175,2.45175,1830,367,0,1235,0,0,0,0,0,1337,1627.81,2.40137,3.52742,168488,8,29433,486,464433,32,117732,1944,32,4,644756,1319142,20632192,5276568,25908760,4,4,12,4,4,4,0,20,20,20260807,5,1,1,1,0,0,0,6185,0.257708,1,0.0015,1
462,4236.34,10,0,2.17638,7.89513,0,0,0,10.0715,361,361,0,1,2.45175,2.45175,1830,367,0,1235,0,0,0,0,0,1337,1627.81,2.40137,3.52742,168488,8,29433,486,464433,32,117732,1944,32,4,644756,1319142,20632192,5276568,25908760,4,4,12,4,4,4,0,20,20,20260807,5,1,1,1,0,0,0,6185,0.257708,1,0.0015,0
463,4242.03,5,0,2.05233,3.56379,0,0,0,5.61613,361,361,0,1,2.45175,2.45175,1830,367,0,1235,0,0,0,0,0,1337,1627.81,2.40137,3.52742,168488,8,29433,486,464433,32,117732,1944,32,4,644756,1319142,20632192,5276568,25908760,4,4,12,4,4,4,0,20,20,20260807,5,1,1,1,0,0,0,6185,0.257708,1,0.0015,0
464,4253.14,12,0,2.16017,8.87996,0,0,0,11.0401,361,361,0,1,2.45175,2.45175,1830,367,0,1235,0,0,0,0,0,1337,1627.81,2.40137,3.52742,168488,8,29433,486,464433,32,117732,1944,32,4,644756,1319142,20632192,5276568,25908760,4,4,12,4,4,4,0,20,20,20260807,5,1,1,1,0,0,0,6185,0.257708,1,0.0015,0
465,4259.97,6,0,2.08513,4.66221,0,0,0,6.74733,361,361,0,1,2.45175,2.45175,1830,367,0,1235,0,0,0,0,0,1337,1627.81,2.40137,3.52742,168488,8,29433,486,464433,32,117732,1944,32,4,644756,1319142,20632192,5276568,25908760,4,4,12,4,4,4,0,20,20,20260807,5,1,1,1,0,0,0,6185,0.257708,1,0.0015,0
466,4269.74,10,0,2.07621,7.60717,0,0,0,9.68337,361,361,0,1,2.45175,2.45175,1830,367,0,1235,0,0,0,0,0,1337,1627.81,2.40137,3.52742,168488,8,29433,486,464433,32,117732,1944,32,4,644756,1319142,20632192,5276568,25908760,4,4,12,4,4,4,0,20,20,20260807,5,1,1,1,0,0,0,6185,0.257708,1,0.0015,0
467,4275.73,6,0,2.15408,3.75563,0,0,0,5.90971,361,361,0,1,2.45175,2.45175,1830,367,0,1235,0,0,0,0,0,1337,1627.81,2.40137,3.52742,168488,8,29433,486,464433,32,117732,1944,32,4,644756,1319142,20632192,5276568,25908760,4,4,12,4,4,4,0,20,20,20260807,5,1,1,1,0,0,0,6186,0.25775,1,0.0015,1
468,4286.45,12,0,2.80958,7.83508,0,0,0,10.6447,361,361,0,1,2.45175,2.45175,1830,367,0,1235,0,0,0,0,0,1337,1627.81,2.40137,3.52742,168488,8,29433,486,464433,32,117732,1944,32,4,644756,1319142,20632192,5276568,25908760,4,4,12,4,4,4,0,20,20,20260807,5,1,1,1,0,0,0,6186,0.25775,1,0.0015,0
469,4293.05,6,0,2.14583,4.37038,0,0,0,6.51621,361,361,0,1,2.45175,2.45175,1830,367,0,1235,0,0,0,0,0,1337,1627.81,2.40137,3.52742,168488,8,29433,486,464433,32,117732,1944,32,4,644756,1319142,20632192,5276568,25908760,4,4,12,4,4,4,0,20,20,20260807,5,1,1,1,0,0,0,6186,0.25775,1,0.0015,0
470,4303.07,10,0,2.23079,7.71079,0,0,0,9.94158,361,361,0,1,2.45175,2.45175,1830,367,0,1235,0,0,0,0,0,1337,1627.81,2.40137,3.52742,168488,8,29433,486,464433,32,117732,1944,32,4,644756,1319142,20632192,5276568,25908760,4,4,12,4,4,4,0,20,20,20260807,5,1,1,1,0,0,0,6186,0.25775,1,0.0015,0
471,4308.76,6,0,2.10517,3.47587,0,0,0,5.58104,361,361,0,1,2.45175,2.45175,1830,367,0,1235,0,0,0,0,0,1337,1627.81,2.40137,3.52742,168488,8,29433,486,464433,32,117732,1944,32,4,644756,1319142,20632192,5276568,25908760,4,4,12,4,4,4,0,20,20,20260807,5,1,1,1,0,0,0,6186,0.25775,1,0.0015,0
472,4319.87,11,0,2.23358,8.80042,0,0,0,11.034,361,361,0,1,2.45175,2.45175,1830,367,0,1235,0,0,0,0,0,1337,1627.81,2.40137,3.52742,168488,8,29433,486,464433,32,117732,1944,32,4,644756,1319142,20632192,5276568,25908760,4,4,12,4,4,4,0,20,20,20260807,5,1,1,1,0,0,0,6186,0.25775,1,0.0015,0
473,4325.87,6,0,2.14475,3.77296,0,0,0,5.91771,361,361,0,1,2.45175,2.45175,1830,367,0,1235,0,0,0,0,0,1337,1627.81,2.40137,3.52742,168488,8,29433,486,464433,32,117732,1944,32,4,644756,1319142,20632192,5276568,25908760,4,4,12,4,4,4,0,20,20,20260807,5,1,1,1,0,0,0,6187,0.257792,1,0.0015,1
474,4336.41,11,0,2.3095,8.14317,0,0,0,10.4527,361,361,0,1,2.45175,2.45175,1830,367,0,1235,0,0,0,0,0,1337,1627.81,2.40137,3.52742,168488,8,29433,486,464433,32,117732,1944,32,4,644756,1319142,20632192,5276568,25908760,4,4,12,4,4,4,0,20,20,20260807,5,1,1,1,0,0,0,6187,0.257792,1,0.0015,0
475,4342.34,6,0,2.05775,3.80096,0,0,0,5.85871,361,361,0,1,2.45175,2.45175,1830,367,0,1235,0,0,0,0,0,1337,1627.81,2.40137,3.52742,168488,8,29433,486,464433,32,117732,1944,32,4,644756,1319142,20632192,5276568,25908760,4,4,12,4,4,4,0,20,20,20260807,5,1,1,1,0,0,0,6187,0.257792,1,0.0015,0
476,4353.21,11,0,2.25304,8.53275,0,0,0,10.7858,361,361,0,1,2.45175,2.45175,1830,367,0,1235,0,0,0,0,0,1337,1627.81,2.40137,3.52742,168488,8,29433,486,464433,32,117732,1944,32,4,644756,1319142,20632192,5276568,25908760,4,4,12,4,4,4,0,20,20,20260807,5,1,1,1,0,0,0,6187,0.257792,1,0.0015,0
477,4358.74,5,0,2.13567,3.32121,0,0,0,5.45688,361,361,0,1,2.45175,2.45175,1830,367,0,1235,0,0,0,0,0,1337,1627.81,2.40137,3.52742,168488,8,29433,486,464433,32,117732,1944,32,4,644756,1319142,20632192,5276568,25908760,4,4,12,4,4,4,0,20,20,20260807,5,1,1,1,0,0,0,6187,0.257792,1,0.0015,0
478,4369.73,11,0,2.22662,8.67471,0,0,0,10.9013,361,361,0,1,2.45175,2.45175,1830,367,0,1235,0,0,0,0,0,1337,1627.81,2.40137,3.52742,168488,8,29433,486,464433,32,117732,1944,32,4,644756,1319142,20632192,5276568,25908760,4,4,12,4,4,4,0,20,20,20260807,5,1,1,1,0,0,0,6187,0.257792,1,0.0015,0
479,4375.78,6,0,2.17054,3.8125,0,0,0,5.98304,361,361,0,1,2.45175,2.45175,1830,367,0,1235,0,0,0,0,0,1337,1627.81,2.40137,3.52742,168488,8,29433,486,464433,32,117732,1944,32,4,644756,1319142,20632192,5276568,25908760,4,4,12,4,4,4,0,20,20,20260807,5,1,1,1,0,0,0,6188,0.257833,1,0.0015,1
480,4386.39,11,0,2.44717,8.08713,0,0,0,10.5343,361,361,0,1,2.45175,2.45175,1830,367,0,1235,0,0,0,0,0,1337,1627.81,2.40137,3.52742,168488,8,29433,486,464433,32,117732,1944,32,4,644756,1319142,20632192,5276568,25908760,4,4,12,4,4,4,0,20,20,20260807,5,1,1,1,0,0,0,6188,0.257833,1,0.0015,0
481,4394.55,8,0,2.08296,5.99583,0,0,0,8.07879,361,361,0,1,2.45175,2.45175,1830,367,0,1235,0,0,0,0,0,1337,1627.81,2.40137,3.52742,168488,8,29433,486,464433,32,117732,1944,32,4,644756,1319142,20632192,5276568,25908760,4,4,12,4,4,4,0,20,20,20260807,5,1,1,1,0,0,0,6188,0.257833,1,0.0015,0
482,4403.07,8,0,2.1345,6.29537,0,0,0,8.42987,361,361,0,1,2.45175,2.45175,1830,367,0,1235,0,0,0,0,0,1337,1627.81,2.40137,3.52742,168488,8,29433,486,464433,32,117732,1944,32,4,644756,1319142,20632192,5276568,25908760,4,4,12,4,4,4,0,20,20,20260807,5,1,1,1,0,0,0,6188,0.257833,1,0.0015,0
483,4408.87,6,0,2.10942,3.61329,0,0,0,5.72271,361,361,0,1,2.45175,2.45175,1830,367,0,1235,0,0,0,0,0,1337,1627.81,2.40137,3.52742,168488,8,29433,486,464433,32,117732,1944,32,4,644756,1319142,20632192,5276568,25908760,4,4,12,4,4,4,0,20,20,20260807,5,1,1,1,0,0,0,6188,0.257833,1,0.0015,0
484,4419.86,11,0,2.30933,8.59892,0,0,0,10.9083,361,361,0,1,2.45175,2.45175,1830,367,0,1235,0,0,0,0,0,1337,1627.81,2.40137,3.52742,168488,8,29433,486,464433,32,117732,1944,32,4,644756,1319142,20632192,5276568,25908760,4,4,12,4,4,4,0,20,20,20260807,5,1,1,1,0,0,0,6188,0.257833,1,0.0015,0
485,4425.38,6,0,2.13429,3.31008,0,0,0,5.44437,361,361,0,1,2.45175,2.45175,1830,367,0,1235,0,0,0,0,0,1337,1627.81,2.40137,3.52742,168488,8,29433,486,464433,32,117732,1944,32,4,644756,1319142,20632192,5276568,25908760,4,4,12,4,4,4,0,20,20,20260807,5,1,1,1,0,0,0,6189,0.257875,1,0.0015,1
486,4436.45,11,0,2.29667,8.6625,0,0,0,10.9592,361,361,0,1,2.45175,2.45175,1830,367,0,1235,0,0,0,0,0,1337,1627.81,2.40137,3.52742,168488,8,29433,486,464433,32,117732,1944,32,4,644756,1319142,20632192,5276568,25908760,4,4,12,4,4,4,0,20,20,20260807,5,1,1,1,0,0,0,6189,0.257875,1,0.0015,0
487,4442.19,6,0,2.04996,3.60917,0,0,0,5.65913,361,361,0,1,2.45175,2.45175,1830,367,0,1235,0,0,0,0,0,1337,1627.81,2.40137,3.52742,168488,8,29433,486,464433,32,117732,1944,32,4,644756,1319142,20632192,5276568,25908760,4,4,12,4,4,4,0,20,20,20260807,5,1,1,1,0,0,0,6189,0.257875,1,0.0015,0
488,4453.14,11,0,2.33458,8.52846,0,0,0,10.863,361,361,0,1,2.45175,2.45175,1830,367,0,1235,0,0,0,0,0,1337,1627.81,2.40137,3.52742,168488,8,29433,486,464433,32,117732,1944,32,4,644756,1319142,20632192,5276568,25908760,4,4,12,4,4,4,0,20,20,20260807,5,1,1,1,0,0,0,6189,0.257875,1,0.0015,0
489,4459.57,6,0,2.05767,4.28808,0,0,0,6.34575,361,361,0,1,2.45175,2.45175,1830,367,0,1235,0,0,0,0,0,1337,1627.81,2.40137,3.52742,168488,8,29433,486,464433,32,117732,1944,32,4,644756,1319142,20632192,5276568,25908760,4,4,12,4,4,4,0,20,20,20260807,5,1,1,1,0,0,0,6189,0.257875,1,0.0015,0
490,4470.27,11,0,2.157,8.46617,0,0,0,10.6232,361,361,0,1,2.45175,2.45175,1830,367,0,1235,0,0,0,0,0,1337,1627.81,2.40137,3.52742,168488,8,29433,486,464433,32,117732,1944,32,4,644756,1319142,20632192,5276568,25908760,4,4,12,4,4,4,0,20,20,20260807,5,1,1,1,0,0,0,6189,0.257875,1,0.0015,0
491,4475.2,5,0,2.07238,2.77333,0,0,0,4.84571,361,361,0,1,2.45175,2.45175,1830,367,0,1235,0,0,0,0,0,1337,1627.81,2.40137,3.52742,168488,8,29433,486,464433,32,117732,1944,32,4,644756,1319142,20632192,5276568,25908760,4,4,12,4,4,4,0,20,20,20260807,5,1,1,1,0,0,0,6190,0.257917,1,0.0015,1
492,4486.84,11,0,6.05954,5.50671,0,0,0,11.5663,361,361,0,1,2.45175,2.45175,1830,367,0,1235,0,0,0,0,0,1337,1627.81,2.40137,3.52742,168488,8,29433,486,464433,32,117732,1944,32,4,644756,1319142,20632192,5276568,25908760,4,4,12,4,4,4,0,20,20,20260807,5,1,1,1,0,0,0,6190,0.257917,1,0.0015,0
493,4492.58,6,0,2.07371,3.58771,0,0,0,5.66142,361,361,0,1,2.45175,2.45175,1830,367,0,1235,0,0,0,0,0,1337,1627.81,2.40137,3.52742,168488,8,29433,486,464433,32,117732,1944,32,4,644756,1319142,20632192,5276568,25908760,4,4,12,4,4,4,0,20,20,20260807,5,1,1,1,0,0,0,6190,0.257917,1,0.0015,0
494,4503.03,10,0,2.3075,8.01454,0,0,0,10.322,361,361,0,1,2.45175,2.45175,1830,367,0,1235,0,0,0,0,0,1337,1627.81,2.40137,3.52742,168488,8,29433,486,464433,32,117732,1944,32,4,644756,1319142,20632192,5276568,25908760,4,4,12,4,4,4,0,20,20,20260807,5,1,1,1,0,0,0,6190,0.257917,1,0.0015,0
495,4508.7,6,0,2.1075,3.48758,0,0,0,5.59508,361,361,0,1,2.45175,2.45175,1830,367,0,1235,0,0,0,0,0,1337,1627.81,2.40137,3.52742,168488,8,29433,486,464433,32,117732,1944,32,4,644756,1319142,20632192,5276568,25908760,4,4,12,4,4,4,0,20,20,20260807,5,1,1,1,0,0,0,6190,0.257917,1,0.0015,0
496,4519.8,11,0,2.2795,8.73029,0,0,0,11.0098,361,361,0,1,2.45175,2.45175,1830,367,0,1235,0,0,0,0,0,1337,1627.81,2.40137,3.52742,168488,8,29433,486,464433,32,117732,1944,32,4,644756,1319142,20632192,5276568,25908760,4,4,12,4,4,4,0,20,20,20260807,5,1,1,1,0,0,0,6190,0.257917,1,0.0015,0
497,4525.98,6,0,2.11354,3.99679,0,0,0,6.11033,361,361,0,1,2.45175,2.45175,1830,367,0,1235,0,0,0,0,0,1337,1627.81,2.40137,3.52742,168488,8,29433,486,464433,32,117732,1944,32,4,644756,1319142,20632192,5276568,25908760,4,4,12,4,4,4,0,20,20,20260807,5,1,1,1,0,0,0,6191,0.257958,1,0.0015,1
498,4536.41,11,0,2.17387,8.11975,0,0,0,10.2936,361,361,0,1,2.45175,2.45175,1830,367,0,1235,0,0,0,0,0,1337,1627.81,2.40137,3.52742,168488,8,29433,486,464433,32,117732,1944,32,4,644756,1319142,20632192,5276568,25908760,4,4,12,4,4,4,0,20,20,20260807,5,1,1,1,0,0,0,6191,0.257958,1,0.0015,0
499,4542.17,6,0,2.07479,3.60633,0,0,0,5.68112,361,361,0,1,2.45175,2.45175,1830,367,0,1235,0,0,0,0,0,1337,1627.81,2.40137,3.52742,168488,8,29433,486,464433,32,117732,1944,32,4,644756,1319142,20632192,5276568,25908760,4,4,12,4,4,4,0,20,20,20260807,5,1,1,1,0,0,0,6191,0.257958,1,0.0015,0
500,4553.17,11,0,2.21429,8.67625,0,0,0,10.8905,361,361,0,1,2.45175,2.45175,1830,367,0,1235,0,0,0,0,0,1337,1627.81,2.40137,3.52742,168488,8,29433,486,464433,32,117732,1944,32,4,644756,1319142,20632192,5276568,25908760,4,4,12,4,4,4,0,20,20,20260807,5,1,1,1,0,0,0,6191,0.257958,1,0.0015,0
501,4559.24,6,0,2.07692,3.91025,0,0,0,5.98717,361,361,0,1,2.45175,2.45175,1830,367,0,1235,0,0,0,0,0,1337,1627.81,2.40137,3.52742,168488,8,29433,486,464433,32,117732,1944,32,4,644756,1319142,20632192,5276568,25908760,4,4,12,4,4,4,0,20,20,20260807,5,1,1,1,0,0,0,6191,0.257958,1,0.0015,0
502,4569.76,10,0,2.02513,8.04296,0,0,0,10.0681,361,361,0,1,2.45175,2.45175,1830,367,0,1235,0,0,0,0,0,1337,1627.81,2.40137,3.52742,168488,8,29433,486,464433,32,117732,1944,32,4,644756,1319142,20632192,5276568,25908760,4,4,12,4,4,4,0,20,20,20260807,5,1,1,1,0,0,0,6191,0.257958,1,0.0015,0
503,4575.57,6,0,2.17512,3.54954,0,0,0,5.72467,361,361,0,1,2.45175,2.45175,1830,367,0,1235,0,0,0,0,0,1337,1627.81,2.40137,3.52742,168488,8,29433,486,464433,32,117732,1944,32,4,644756,1319142,20632192,5276568,25908760,4,4,12,4,4,4,0,20,20,20260807,5,1,1,1,0,0,0,6192,0.258,1,0.0015,1
504,4586.59,11,0,2.271,8.66833,0,0,0,10.9393,361,361,0,1,2.45175,2.45175,1830,367,0,1235,0,0,0,0,0,1337,1627.81,2.40137,3.52742,168488,8,29433,486,464433,32,117732,1944,32,4,644756,1319142,20632192,5276568,25908760,4,4,12,4,4,4,0,20,20,20260807,5,1,1,1,0,0,0,6192,0.258,1,0.0015,0
505,4593.15,7,0,2.12462,4.35829,0,0,0,6.48292,361,361,0,1,2.45175,2.45175,1830,367,0,1235,0,0,0,0,0,1337,1627.81,2.40137,3.52742,168488,8,29433,486,464433,32,117732,1944,32,4,644756,1319142,20632192,5276568,25908760,4,4,12,4,4,4,0,20,20,20260807,5,1,1,1,0,0,0,6192,0.258,1,0.0015,0
506,4603.08,9,0,2.19679,7.64571,0,0,0,9.8425,361,361,0,1,2.45175,2.45175,1830,367,0,1235,0,0,0,0,0,1337,1627.81,2.40137,3.52742,168488,8,29433,486,464433,32,117732,1944,32,4,644756,1319142,20632192,5276568,25908760,4,4,12,4,4,4,0,20,20,20260807,5,1,1,1,0,0,0,6192,0.258,1,0.0015,0
507,4608.94,6,0,2.18829,3.59746,0,0,0,5.78575,361,361,0,1,2.45175,2.45175,1830,367,0,1235,0,0,0,0,0,1337,1627.81,2.40137,3.52742,168488,8,29433,486,464433,32,117732,1944,32,4,644756,1319142,20632192,5276568,25908760,4,4,12,4,4,4,0,20,20,20260807,5,1,1,1,0,0,0,6192,0.258,1,0.0015,0
508,4619.89,11,0,2.24842,8.62446,0,0,0,10.8729,361,361,0,1,2.45175,2.45175,1830,367,0,1235,0,0,0,0,0,1337,1627.81,2.40137,3.52742,168488,8,29433,486,464433,32,117732,1944,32,4,644756,1319142,20632192,5276568,25908760,4,4,12,4,4,4,0,20,20,20260807,5,1,1,1,0,0,0,6192,0.258,1,0.0015,0
509,4626.05,6,0,2.14879,3.92671,0,0,0,6.0755,361,361,0,1,2.45175,2.45175,1830,367,0,1235,0,0,0,0,0,1337,1627.81,2.40137,3.52742,168488,8,29433,486,464433,32,117732,1944,32,4,644756,1319142,20632192,5276568,25908760,4,4,12,4,4,4,0,20,20,20260807,5,1,1,1,0,0,0,6193,0.258042,1,0.0015,1
510,4636.43,11,0,2.19496,8.06475,0,0,0,10.2597,361,361,0,1,2.45175,2.45175,1830,367,0,1235,0,0,0,0,0,1337,1627.81,2.40137,3.52742,168488,8,29433,486,464433,32,117732,1944,32,4,644756,1319142,20632192,5276568,25908760,4,4,12,4,4,4,0,20,20,20260807,5,1,1,1,0,0,0,6193,0.258042,1,0.0015,0
511,4642.25,6,0,2.13858,3.60008,0,0,0,5.73867,361,361,0,1,2.45175,2.45175,1830,367,0,1235,0,0,0,0,0,1337,1627.81,2.40137,3.52742,168488,8,29433,486,464433,32,117732,1944,32,4,644756,1319142,20632192,5276568,25908760,4,4,12,4,4,4,0,20,20,20260807,5,1,1,1,0,0,0,6193,0.258042,1,0.0015,0
512,4653.24,11,0,2.17629,8.74387,0,0,0,10.9202,361,361,0,1,2.45175,2.45175,1830,367,0,1235,0,0,0,0,0,1337,1627.81,2.40137,3.52742,168488,8,29433,486,464433,32,117732,1944,32,4,644756,1319142,20632192,5276568,25908760,4,4,12,4,4,4,0,20,20,20260807,5,1,1,1,0,0,0,6193,0.258042,1,0.0015,0
513,4658.86,5,0,2.08342,2.90304,0,0,0,4.98646,361,361,0,1,2.45175,2.45175,1830,367,0,1235,0,0,0,0,0,1337,1627.81,2.40137,3.52742,168488,8,29433,486,464433,32,117732,1944,32,4,644756,1319142,20632192,5276568,25908760,4,4,12,4,4,4,0,20,20,20260807,5,1,1,1,0,0,0,6193,0.258042,1,0.0015,0
514,4669.82,11,0,2.33771,8.53971,0,0,0,10.8774,361,361,0,1,2.45175,2.45175,1830,367,0,1235,0,0,0,0,0,1337,1627.81,2.40137,3.52742,168488,8,29433,486,464433,32,117732,1944,32,4,644756,1319142,20632192,5276568,25908760,4,4,12,4,4,4,0,20,20,20260807,5,1,1,1,0,0,0,6193,0.258042,1,0.0015,0
515,4674.87,5,0,2.12387,2.82808,0,0,0,4.95196,361,361,0,1,2.45175,2.45175,1830,367,0,1235,0,0,0,0,0,1337,1627.81,2.40137,3.52742,168488,8,29433,486,464433,32,117732,1944,32,4,644756,1319142,20632192,5276568,25908760,4,4,12,4,4,4,0,20,20,20260807,5,1,1,1,0,0,0,6194,0.258083,1,0.0015,1
516,4686.51,12,0,4.80117,6.74375,0,0,0,11.5449,361,361,0,1,2.45175,2.45175,1830,367,0,1235,0,0,0,0,0,1337,1627.81,2.40137,3.52742,168488,8,29433,486,464433,32,117732,1944,32,4,644756,1319142,20632192,5276568,25908760,4,4,12,4,4,4,0,20,20,20260807,5,1,1,1,0,0,0,6194,0.258083,1,0.0015,0
517,4692.54,6,0,2.099,3.85846,0,0,0,5.95746,361,361,0,1,2.45175,2.45175,1830,367,0,1235,0,0,0,0,0,1337,1627.81,2.40137,3.52742,168488,8,29433,486,464433,32,117732,1944,32,4,644756,1319142,20632192,5276568,25908760,4,4,12,4,4,4,0,20,20,20260807,5,1,1,1,0,0,0,6194,0.258083,1,0.0015,0
518,4703.17,11,0,2.16158,8.37963,0,0,0,10.5412,361,361,0,1,2.45175,2.45175,1830,367,0,1235,0,0,0,0,0,1337,1627.81,2.40137,3.52742,168488,8,29433,486,464433,32,117732,1944,32,4,644756,1319142,20632192,5276568,25908760,4,4,12,4,4,4,0,20,20,20260807,5,1,1,1,0,0,0,6194,0.258083,1,0.0015,0
519,4708.92,5,0,2.10925,3.5695,0,0,0,5.67875,361,361,0,1,2.45175,2.45175,1830,367,0,1235,0,0,0,0,0,1337,1627.81,2.40137,3.52742,168488,8,29433,486,464433,32,117732,1944,32,4,644756,1319142,20632192,5276568,25908760,4,4,12,4,4,4,0,20,20,20260807,5,1,1,1,0,0,0,6194,0.258083,1,0.0015,0
520,4719.87,11,0,2.26808,8.59604,0,0,0,10.8641,361,361,0,1,2.45175,2.45175,1830,367,0,1235,0,0,0,0,0,1337,1627.81,2.40137,3.52742,168488,8,29433,486,464433,32,117732,1944,32,4,644756,1319142,20632192,5276568,25908760,4,4,12,4,4,4,0,20,20,20260807,5,1,1,1,0,0,0,6194,0.258083,1,0.0015,0
521,4727.76,8,0,2.12479,5.68746,0,0,0,7.81225,361,361,0,1,2.45175,2.45175,1830,367,0,1235,0,0,0,0,0,1337,1627.81,2.40137,3.52742,168488,8,29433,486,464433,32,117732,1944,32,4,644756,1319142,20632192,5276568,25908760,4,4,12,4,4,4,0,20,20,20260807,5,1,1,1,0,0,0,6195,0.258125,1,0.0015,1
522,4736.41,9,0,1.98233,6.57925,0,0,0,8.56158,361,361,0,1,2.45175,2.45175,1830,367,0,1235,0,0,0,0,0,1337,1627.81,2.40137,3.52742,168488,8,29433,486,464433,32,117732,1944,32,4,644756,1319142,20632192,5276568,25908760,4,4,12,4,4,4,0,20,20,20260807,5,1,1,1,0,0,0,6195,0.258125,1,0.0015,0
523,4742.1,5,0,2.13842,3.46496,0,0,0,5.60337,361,361,0,1,2.45175,2.45175,1830,367,0,1235,0,0,0,0,0,1337,1627.81,2.40137,3.52742,168488,8,29433,486,464433,32,117732,1944,32,4,644756,1319142,20632192,5276568,25908760,4,4,12,4,4,4,0,20,20,20260807,5,1,1,1,0,0,0,6195,0.258125,1,0.0015,0
524,4753.12,12,0,2.19246,8.75633,0,0,0,10.9488,361,361,0,1,2.45175,2.45175,1830,367,0,1235,0,0,0,0,0,1337,1627.81,2.40137,3.52742,168488,8,29433,486,464433,32,117732,1944,32,4,644756,1319142,20632192,5276568,25908760,4,4,12,4,4,4,0,20,20,20260807,5,1,1,1,0,0,0,6195,0.258125,1,0.0015,0
525,4759.57,6,0,2.09846,4.268,0,0,0,6.36646,361,361,0,1,2.45175,2.45175,1830,367,0,1235,0,0,0,0,0,1337,1627.81,2.40137,3.52742,168488,8,29433,486,464433,32,117732,1944,32,4,644756,1319142,20632192,5276568,25908760,4,4,12,4,4,4,0,20,20,20260807,5,1,1,1,0,0,0,6195,0.258125,1,0.0015,0
526,4769.77,10,0,2.17663,7.94663,0,0,0,10.1233,361,361,0,1,2.45175,2.45175,1830,367,0,1235,0,0,0,0,0,1337,1627.81,2.40137,3.52742,168488,8,29433,486,464433,32,117732,1944,32,4,644756,1319142,20632192,5276568,25908760,4,4,12,4,4,4,0,20,20,20260807,5,1,1,1,0,0,0,6195,0.258125,1,0.0015,0
527,4775.42,6,0,2.15592,3.4115,0,0,0,5.56742,361,361,0,1,2.45175,2.45175,1830,367,0,1235,0,0,0,0,0,1337,1627.81,2.40137,3.52742,168488,8,29433,486,464433,32,117732,1944,32,4,644756,1319142,20632192,5276568,25908760,4,4,12,4,4,4,0,20,20,20260807,5,1,1,1,0,0,0,6196,0.258167,1,0.0015,1
528,4786.52,11,0,2.14325,8.881,0,0,0,11.0243,361,361,0,1,2.45175,2.45175,1830,367,0,1235,0,0,0,0,0,1337,1627.81,2.40137,3.52742,168488,8,29433,486,464433,32,117732,1944,32,4,644756,1319142,20632192,5276568,25908760,4,4,12,4,4,4,0,20,20,20260807,5,1,1,1,0,0,0,6196,0.258167,1,0.0015,0
529,4792.75,6,0,2.04458,4.06246,0,0,0,6.10704,361,361,0,1,2.45175,2.45175,1830,367,0,1235,0,0,0,0,0,1337,1627.81,2.40137,3.52742,168488,8,29433,486,464433,32,117732,1944,32,4,644756,1319142,20632192,5276568,25908760,4,4,12,4,4,4,0,20,20,20260807,5,1,1,1,0,0,0,6196,0.258167,1,0.0015,0
530,4803.84,11,0,2.15875,8.83313,0,0,0,10.9919,361,361,0,1,2.45175,2.45175,1830,367,0,1235,0,0,0,0,0,1337,1627.81,2.40137,3.52742,168488,8,29433,486,464433,32,117732,1944,32,4,644756,1319142,20632192,5276568,25908760,4,4,12,4,4,4,0,20,20,20260807,5,1,1,1,0,0,0,6196,0.258167,1,0.0015,0
531,4809,5,0,2.09696,2.97704,0,0,0,5.074,361,361,0,1,2.45175,2.45175,1830,367,0,1235,0,0,0,0,0,1337,1627.81,2.40137,3.52742,168488,8,29433,486,464433,32,117732,1944,32,4,644756,1319142,20632192,5276568,25908760,4,4,12,4,4,4,0,20,20,20260807,5,1,1,1,0,0,0,6196,0.258167,1,0.0015,0
532,4819.89,11,0,2.28633,8.51704,0,0,0,10.8034,361,361,0,1,2.45175,2.45175,1830,367,0,1235,0,0,0,0,0,1337,1627.81,2.40137,3.52742,168488,8,29433,486,464433,32,117732,1944,32,4,644756,1319142,20632192,5276568,25908760,4,4,12,4,4,4,0,20,20,20260807,5,1,1,1,0,0,0,6196,0.258167,1,0.0015,0
533,4825.91,6,0,2.11621,3.82308,0,0,0,5.93929,361,361,0,1,2.45175,2.45175,1830,367,0,1235,0,0,0,0,0,1337,1627.81,2.40137,3.52742,168488,8,29433,486,464433,32,117732,1944,32,4,644756,1319142,20632192,5276568,25908760,4,4,12,4,4,4,0,20,20,20260807,5,1,1,1,0,0,0,6197,0.258208,1,0.0015,1
534,4839.28,14,0,2.05713,10.8398,0,0,0,12.8969,361,361,0,1,2.45175,2.45175,1830,367,0,1235,0,0,0,0,0,1337,1627.81,2.40137,3.52742,168488,8,29433,486,464433,32,117732,1944,32,4,644756,1319142,20632192,5276568,25908760,4,4,12,4,4,4,0,20,20,20260807,5,1,1,1,0,0,0,6197,0.258208,1,0.0015,0
535,4844.65,5,0,2.06483,3.21971,0,0,0,5.28454,361,361,0,1,2.45175,2.45175,1830,367,0,1235,0,0,0,0,0,1337,1627.81,2.40137,3.52742,168488,8,29433,486,464433,32,117732,1944,32,4,644756,1319142,20632192,5276568,25908760,4,4,12,4,4,4,0,20,20,20260807,5,1,1,1,0,0,0,6197,0.258208,1,0.0015,0
536,4853.27,9,0,2.27717,6.25754,0,0,0,8.53471,361,361,0,1,2.45175,2.45175,1830,367,0,1235,0,0,0,0,0,1337,1627.81,2.40137,3.52742,168488,8,29433,486,464433,32,117732,1944,32,4,644756,1319142,20632192,5276568,25908760,4,4,12,4,4,4,0,20,20,20260807,5,1,1,1,0,0,0,6197,0.258208,1,0.0015,0
537,4859.67,6,0,2.10271,4.22392,0,0,0,6.32662,361,361,0,1,2.45175,2.45175,1830,367,0,1235,0,0,0,0,0,1337,1627.81,2.40137,3.52742,168488,8,29433,486,464433,32,117732,1944,32,4,644756,1319142,20632192,5276568,25908760,4,4,12,4,4,4,0,20,20,20260807,5,1,1,1,0,0,0,6197,0.258208,1,0.0015,0
538,4869.69,10,0,2.18675,7.735,0,0,0,9.92175,361,361,0,1,2.45175,2.45175,1830,367,0,1235,0,0,0,0,0,1337,1627.81,2.40137,3.52742,168488,8,29433,486,464433,32,117732,1944,32,4,644756,1319142,20632192,5276568,25908760,4,4,12,4,4,4,0,20,20,20260807,5,1,1,1,0,0,0,6197,0.258208,1,0.0015,0
539,4875.36,6,0,2.0625,3.53575,0,0,0,5.59825,361,361,0,1,2.45175,2.45175,1830,367,0,1235,0,0,0,0,0,1337,1627.81,2.40137,3.52742,168488,8,29433,486,464433,32,117732,1944,32,4,644756,1319142,20632192,5276568,25908760,4,4,12,4,4,4,0,20,20,20260807,5,1,1,1,0,0,0,6198,0.25825,1,0.0015,1
540,4886.53,11,0,2.196,8.902,0,0,0,11.098,361,361,0,1,2.45175,2.45175,1830,367,0,1235,0,0,0,0,0,1337,1627.81,2.40137,3.52742,168488,8,29433,486,464433,32,117732,1944,32,4,644756,1319142,20632192,5276568,25908760,4,4,12,4,4,4,0,20,20,20260807,5,1,1,1,0,0,0,6198,0.25825,1,0.0015,0
541,4892.71,6,0,2.05658,4.04567,0,0,0,6.10225,361,361,0,1,2.45175,2.45175,1830,367,0,1235,0,0,0,0,0,1337,1627.81,2.40137,3.52742,168488,8,29433,486,464433,32,117732,1944,32,4,644756,1319142,20632192,5276568,25908760,4,4,12,4,4,4,0,20,20,20260807,5,1,1,1,0,0,0,6198,0.25825,1,0.0015,0
542,4903.1,10,0,2.11404,8.14762,0,0,0,10.2617,361,361,0,1,2.45175,2.45175,1830,367,0,1235,0,0,0,0,0,1337,1627.81,2.40137,3.52742,168488,8,29433,486,464433,32,117732,1944,32,4,644756,1319142,20632192,5276568,25908760,4,4,12,4,4,4,0,20,20,20260807,5,1,1,1,0,0,0,6198,0.25825,1,0.0015,0
543,4908.96,6,0,2.10613,3.63696,0,0,0,5.74308,361,361,0,1,2.45175,2.45175,1830,367,0,1235,0,0,0,0,0,1337,1627.81,2.40137,3.52742,168488,8,29433,486,464433,32,117732,1944,32,4,644756,1319142,20632192,5276568,25908760,4,4,12,4,4,4,0,20,20,20260807,5,1,1,1,0,0,0,6198,0.25825,1,0.0015,0
544,4919.87,11,0,2.30908,8.53388,0,0,0,10.843,361,361,0,1,2.45175,2.45175,1830,367,0,1235,0,0,0,0,0,1337,1627.81,2.40137,3.52742,168488,8,29433,486,464433,32,117732,1944,32,4,644756,1319142,20632192,5276568,25908760,4,4,12,4,4,4,0,20,20,20260807,5,1,1,1,0,0,0,6198,0.25825,1,0.0015,0
545,4926.18,7,0,2.1795,4.03804,0,0,0,6.21754,361,361,0,1,2.45175,2.45175,1830,367,0,1235,0,0,0,0,0,1337,1627.81,2.40137,3.52742,168488,8,29433,486,464433,32,117732,1944,32,4,644756,1319142,20632192,5276568,25908760,4,4,12,4,4,4,0,20,20,20260807,5,1,1,1,0,0,0,6199,0.258292,1,0.0015,1
546,4936.39,10,0,2.17313,7.95188,0,0,0,10.125,361,361,0,1,2.45175,2.45175,1830,367,0,1235,0,0,0,0,0,1337,1627.81,2.40137,3.52742,168488,8,29433,486,464433,32,117732,1944,32,4,644756,1319142,20632192,5276568,25908760,4,4,12,4,4,4,0,20,20,20260807,5,1,1,1,0,0,0,6199,0.258292,1,0.0015,0
547,4942.24,6,0,2.07142,3.69525,0,0,0,5.76667,361,361,0,1,2.45175,2.45175,1830,367,0,1235,0,0,0,0,0,1337,1627.81,2.40137,3.52742,168488,8,29433,486,464433,32,117732,1944,32,4,644756,1319142,20632192,5276568,25908760,4,4,12,4,4,4,0,20,20,20260807,5,1,1,1,0,0,0,6199,0.258292,1,0.0015,0
548,4953.1,10,0,2.58338,8.19533,0,0,0,10.7787,361,361,0,1,2.45175,2.45175,1830,367,0,1235,0,0,0,0,0,1337,1627.81,2.40137,3.52742,168488,8,29433,486,464433,32,117732,1944,32,4,644756,1319142,20632192,5276568,25908760,4,4,12,4,4,4,0,20,20,20260807,5,1,1,1,0,0,0,6199,0.258292,1,0.0015,0
549,4959.33,7,0,2.04113,4.11633,0,0,0,6.15746,361,361,0,1,2.45175,2.45175,1830,367,0,1235,0,0,0,0,0,1337,1627.81,2.40137,3.52742,168488,8,29433,486,464433,32,117732,1944,32,4,644756,1319142,20632192,5276568,25908760,4,4,12,4,4,4,0,20,20,20260807,5,1,1,1,0,0,0,6199,0.258292,1,0.0015,0
550,4969.85,10,0,2.17588,8.24088,0,0,0,10.4168,361,361,0,1,2.45175,2.45175,1830,367,0,1235,0,0,0,0,0,1337,1627.81,2.40137,3.52742,168488,8,29433,486,464433,32,117732,1944,32,4,644756,1319142,20632192,5276568,25908760,4,4,12,4,4,4,0,20,20,20260807,5,1,1,1,0,0,0,6199,0.258292,1,0.0015,0
551,4975.71,6,0,2.11212,3.66567,0,0,0,5.77779,361,361,0,1,2.45175,2.45175,1830,367,0,1235,0,0,0,0,0,1337,1627.81,2.40137,3.52742,168488,8,29433,486,464433,32,117732,1944,32,4,644756,1319142,20632192,5276568,25908760,4,4,12,4,4,4,0,20,20,20260807,5,1,1,1,0,0,0,6200,0.258333,1,0.0015,1
552,4986.59,11,0,2.39892,8.39621,0,0,0,10.7951,361,361,0,1,2.45175,2.45175,1830,367,0,1235,0,0,0,0,0,1337,1627.81,2.40137,3.52742,168488,8,29433,486,464433,32,117732,1944,32,4,644756,1319142,20632192,5276568,25908760,4,4,12,4,4,4,0,20,20,20260807,5,1,1,1,0,0,0,6200,0.258333,1,0.0015,0
553,4993.61,7,0,2.02504,4.91696,0,0,0,6.942,361,361,0,1,2.45175,2.45175,1830,367,0,1235,0,0,0,0,0,1337,1627.81,2.40137,3.52742,168488,8,29433,486,464433,32,117732,1944,32,4,644756,1319142,20632192,5276568,25908760,4,4,12,4,4,4,0,20,20,20260807,5,1,1,1,0,0,0,6200,0.258333,1,0.0015,0
554,5287.61,9,0,2.04321,291.87,0,0,0,293.913,361,361,0,1,2.45175,2.45175,1830,367,0,1235,0,0,0,0,0,1337,1627.81,2.40137,3.52742,168488,8,29433,486,464433,32,117732,1944,32,4,644756,1319142,20632192,5276568,25908760,4,4,12,4,4,4,0,20,20,20260807,5,1,1,1,0,0,0,6200,0.258333,1,0.0015,0
555,5298.36,296,0,2.20288,8.45796,0,0,0,10.6608,361,361,0,1,2.45175,2.45175,1830,367,0,1235,0,0,0,0,0,1337,1627.81,2.40137,3.52742,168488,8,29433,486,464433,32,117732,1944,32,4,644756,1319142,20632192,5276568,25908760,4,4,12,4,4,4,0,20,20,20260807,5,1,1,1,0,0,0,6205,0.258542,1,0.0015,5
556,5303.58,5,0,2.08358,3.04979,0,0,0,5.13338,361,361,0,1,2.45175,2.45175,1830,367,0,1235,0,0,0,0,0,1337,1627.81,2.40137,3.52742,168488,8,29433,486,464433,32,117732,1944,32,4,644756,1319142,20632192,5276568,25908760,4,4,12,4,4,4,0,20,20,20260807,5,1,1,1,0,0,0,6205,0.258542,1,0.0015,0
557,5308.64,5,0,2.10913,2.88287,0,0,0,4.992,361,361,0,1,2.45175,2.45175,1830,367,0,1235,0,0,0,0,0,1337,1627.81,2.40137,3.52742,168488,8,29433,486,464433,32,117732,1944,32,4,644756,1319142,20632192,5276568,25908760,4,4,12,4,4,4,0,20,20,20260807,5,1,1,1,0,0,0,6205,0.258542,1,0.0015,0
558,5319.98,11,0,2.17721,9.03621,0,0,0,11.2134,361,361,0,1,2.45175,2.45175,1830,367,0,1235,0,0,0,0,0,1337,1627.81,2.40137,3.52742,168488,8,29433,486,464433,32,117732,1944,32,4,644756,1319142,20632192,5276568,25908760,4,4,12,4,4,4,0,20,20,20260807,5,1,1,1,0,0,0,6205,0.258542,1,0.0015,0
559,5332.29,13,0,2.17417,10.0581,0,0,0,12.2323,361,361,0,1,2.45175,2.45175,1830,367,0,1235,0,0,0,0,0,1337,1627.81,2.40137,3.52742,168488,8,29433,486,464433,32,117732,1944,32,4,644756,1319142,20632192,5276568,25908760,4,4,12,4,4,4,0,20,20,20260807,5,1,1,1,0,0,0,6205,0.258542,1,0.0015,0
560,5337.89,5,0,2.11625,3.38821,0,0,0,5.50446,361,361,0,1,2.45175,2.45175,1830,367,0,1235,0,0,0,0,0,1337,1627.81,2.40137,3.52742,168488,8,29433,486,464433,32,117732,1944,32,4,644756,1319142,20632192,5276568,25908760,4,4,12,4,4,4,0,20,20,20260807,5,1,1,1,0,0,0,6205,0.258542,1,0.0015,0
561,5343.64,6,0,2.12192,3.55046,0,0,0,5.67237,361,361,0,1,2.45175,2.45175,1830,367,0,1235,0,0,0,0,0,1337,1627.81,2.40137,3.52742,168488,8,29433,486,464433,32,117732,1944,32,4,644756,1319142,20632192,5276568,25908760,4,4,12,4,4,4,0,20,20,20260807,5,1,1,1,0,0,0,6205,0.258542,1,0.0015,0
562,5353.28,10,0,2.18071,7.38442,0,0,0,9.56513,361,361,0,1,2.45175,2.45175,1830,367,0,1235,0,0,0,0,0,1337,1627.81,2.40137,3.52742,168488,8,29433,486,464433,32,117732,1944,32,4,644756,1319142,20632192,5276568,25908760,4,4,12,4,4,4,0,20,20,20260807,5,1,1,1,0,0,0,6206,0.258583,1,0.0015,1
563,5359.02,5,0,2.12658,3.53333,0,0,0,5.65992,361,361,0,1,2.45175,2.45175,1830,367,0,1235,0,0,0,0,0,1337,1627.81,2.40137,3.52742,168488,8,29433,486,464433,32,117732,1944,32,4,644756,1319142,20632192,5276568,25908760,4,4,12,4,4,4,0,20,20,20260807,5,1,1,1,0,0,0,6206,0.258583,1,0.0015,0
564,5374.81,16,0,2.20821,13.5117,0,0,0,15.72,361,361,0,1,2.45175,2.45175,1830,367,0,1235,0,0,0,0,0,1337,1627.81,2.40137,3.52742,168488,8,29433,486,464433,32,117732,1944,32,4,644756,1319142,20632192,5276568,25908760,4,4,12,4,4,4,0,20,20,20260807,5,1,1,1,0,0,0,6206,0.258583,1,0.0015,0
565,5386.57,12,0,2.17971,9.49829,0,0,0,11.678,361,361,0,1,2.45175,2.45175,1830,367,0,1235,0,0,0,0,0,1337,1627.81,2.40137,3.52742,168488,8,29433,486,464433,32,117732,1944,32,4,644756,1319142,20632192,5276568,25908760,4,4,12,4,4,4,0,20,20,20260807,5,1,1,1,0,0,0,6206,0.258583,1,0.0015,0
566,5392.89,6,0,2.102,4.14025,0,0,0,6.24225,361,361,0,1,2.45175,2.45175,1830,367,0,1235,0,0,0,0,0,1337,1627.81,2.40137,3.52742,168488,8,29433,486,464433,32,117732,1944,32,4,644756,1319142,20632192,5276568,25908760,4,4,12,4,4,4,0,20,20,20260807,5,1,1,1,0,0,0,6206,0.258583,1,0.0015,0
567,5403.08,10,0,2.20863,7.8845,0,0,0,10.0931,361,361,0,1,2.45175,2.45175,1830,367,0,1235,0,0,0,0,0,1337,1627.81,2.40137,3.52742,168488,8,29433,486,464433,32,117732,1944,32,4,644756,1319142,20632192,5276568,25908760,4,4,12,4,4,4,0,20,20,20260807,5,1,1,1,0,0,0,6207,0.258625,1,0.0015,1
568,5413.81,11,0,2.03279,8.627,0,0,0,10.6598,361,361,0,1,2.45175,2.45175,1830,367,0,1235,0,0,0,0,0,1337,1627.81,2.40137,3.52742,168488,8,29433,486,464433,32,117732,1944,32,4,644756,1319142,20632192,5276568,25908760,4,4,12,4,4,4,0,20,20,20260807,5,1,1,1,0,0,0,6207,0.258625,1,0.0015,0
569,5420.54,7,0,2.08546,4.55987,0,0,0,6.64533,361,361,0,1,2.45175,2.45175,1830,367,0,1235,0,0,0,0,0,1337,1627.81,2.40137,3.52742,168488,8,29433,486,464433,32,117732,1944,32,4,644756,1319142,20632192,5276568,25908760,4,4,12,4,4,4,0,20,20,20260807,5,1,1,1,0,0,0,6207,0.258625,1,0.0015,0
570,5425.7,5,0,2.06387,3.01963,0,0,0,5.0835,361,361,0,1,2.45175,2.45175,1830,367,0,1235,0,0,0,0,0,1337,1627.81,2.40137,3.52742,168488,8,29433,486,464433,32,117732,1944,32,4,644756,1319142,20632192,5276568,25908760,4,4,12,4,4,4,0,20,20,20260807,5,1,1,1,0,0,0,6207,0.258625,1,0.0015,0
571,5436.54,11,0,5.55279,5.20717,0,0,0,10.76,361,361,0,1,2.45175,2.45175,1830,367,0,1235,0,0,0,0,0,1337,1627.81,2.40137,3.52742,168488,8,29433,486,464433,32,117732,1944,32,4,644756,1319142,20632192,5276568,25908760,4,4,12,4,4,4,0,20,20,20260807,5,1,1,1,0,0,0,6207,0.258625,1,0.0015,0
572,5444.71,8,0,2.03796,6.01871,0,0,0,8.05667,361,361,0,1,2.45175,2.45175,1830,367,0,1235,0,0,0,0,0,1337,1627.81,2.40137,3.52742,168488,8,29433,486,464433,32,117732,1944,32,4,644756,1319142,20632192,5276568,25908760,4,4,12,4,4,4,0,20,20,20260807,5,1,1,1,0,0,0,6207,0.258625,1,0.0015,0
573,5453.01,8,0,2.09646,6.13179,0,0,0,8.22825,361,361,0,1,2.45175,2.45175,1830,367,0,1235,0,0,0,0,0,1337,1627.81,2.40137,3.52742,168488,8,29433,486,464433,32,117732,1944,32,4,644756,1319142,20632192,5276568,25908760,4,4,12,4,4,4,0,20,20,20260807,5,1,1,1,0,0,0,6208,0.258667,1,0.0015,1
574,5459.74,7,0,2.03867,4.60183,0,0,0,6.6405,361,361,0,1,2.45175,2.45175,1830,367,0,1235,0,0,0,0,0,1337,1627.81,2.40137,3.52742,168488,8,29433,486,464433,32,117732,1944,32,4,644756,1319142,20632192,5276568,25908760,4,4,12,4,4,4,0,20,20,20260807,5,1,1,1,0,0,0,6208,0.258667,1,0.0015,0
575,5469.91,10,0,2.00667,8.07729,0,0,0,10.084,361,361,0,1,2.45175,2.45175,1830,367,0,1235,0,0,0,0,0,1337,1627.81,2.40137,3.52742,168488,8,29433,486,464433,32,117732,1944,32,4,644756,1319142,20632192,5276568,25908760,4,4,12,4,4,4,0,20,20,20260807,5,1,1,1,0,0,0,6208,0.258667,1,0.0015,0
576,5475.94,6,0,2.08771,3.85567,0,0,0,5.94337,361,361,0,1,2.45175,2.45175,1830,367,0,1235,0,0,0,0,0,1337,1627.81,2.40137,3.52742,168488,8,29433,486,464433,32,117732,1944,32,4,644756,1319142,20632192,5276568,25908760,4,4,12,4,4,4,0,20,20,20260807,5,1,1,1,0,0,0,6208,0.258667,1,0.0015,0
577,5490.19,15,0,2.39871,11.776,0,0,0,14.1747,361,361,0,1,2.45175,2.45175,1830,367,0,1235,0,0,0,0,0,1337,1627.81,2.40137,3.52742,168488,8,29433,486,464433,32,117732,1944,32,4,644756,1319142,20632192,5276568,25908760,4,4,12,4,4,4,0,20,20,20260807,5,1,1,1,0,0,0,6208,0.258667,1,0.0015,0
578,5495.72,5,0,2.12688,3.31504,0,0,0,5.44192,361,361,0,1,2.45175,2.45175,1830,367,0,1235,0,0,0,0,0,1337,1627.81,2.40137,3.52742,168488,8,29433,486,464433,32,117732,1944,32,4,644756,1319142,20632192,5276568,25908760,4,4,12,4,4,4,0,20,20,20260807,5,1,1,1,0,0,0,6209,0.258708,1,0.0015,1
579,5503.13,8,0,2.16479,5.14171,0,0,0,7.3065,361,361,0,1,2.45175,2.45175,1830,367,0,1235,0,0,0,0,0,1337,1627.81,2.40137,3.52742,168488,8,29433,486,464433,32,117732,1944,32,4,644756,1319142,20632192,5276568,25908760,4,4,12,4,4,4,0,20,20,20260807,5,1,1,1,0,0,0,6209,0.258708,1,0.0015,0
580,5509.07,5,0,2.05388,3.80092,0,0,0,5.85479,361,361,0,1,2.45175,2.45175,1830,367,0,1235,0,0,0,0,0,1337,1627.81,2.40137,3.52742,168488,8,29433,486,464433,32,117732,1944,32,4,644756,1319142,20632192,5276568,25908760,4,4,12,4,4,4,0,20,20,20260807,5,1,1,1,0,0,0,6209,0.258708,1,0.0015,0
581,5519.9,11,0,2.24812,8.50313,0,0,0,10.7513,361,361,0,1,2.45175,2.45175,1830,367,0,1235,0,0,0,0,0,1337,1627.81,2.40137,3.52742,168488,8,29433,486,464433,32,117732,1944,32,4,644756,1319142,20632192,5276568,25908760,4,4,12,4,4,4,0,20,20,20260807,5,1,1,1,0,0,0,6209,0.258708,1,0.0015,0
582,5526.64,7,0,2.07408,4.58646,0,0,0,6.66054,361,361,0,1,2.45175,2.45175,1830,367,0,1235,0,0,0,0,0,1337,1627.81,2.40137,3.52742,168488,8,29433,486,464433,32,117732,1944,32,4,644756,1319142,20632192,5276568,25908760,4,4,12,4,4,4,0,20,20,20260807,5,1,1,1,0,0,0,6209,0.258708,1,0.0015,0
583,5536.49,10,0,2.07417,7.67833,0,0,0,9.7525,361,361,0,1,2.45175,2.45175,1830,367,0,1235,0,0,0,0,0,1337,1627.81,2.40137,3.52742,168488,8,29433,486,464433,32,117732,1944,32,4,644756,1319142,20632192,5276568,25908760,4,4,12,4,4,4,0,20,20,20260807,5,1,1,1,0,0,0,6209,0.258708,1,0.0015,0
584,5542.4,6,0,2.08825,3.75479,0,0,0,5.84304,361,361,0,1,2.45175,2.45175,1830,367,0,1235,0,0,0,0,0,1337,1627.81,2.40137,3.52742,168488,8,29433,486,464433,32,117732,1944,32,4,644756,1319142,20632192,5276568,25908760,4,4,12,4,4,4,0,20,20,20260807,5,1,1,1,0,0,0,6209,0.258708,1,0.0015,0
585,5553.19,11,0,2.44254,8.26212,0,0,0,10.7047,361,361,0,1,2.45175,2.45175,1830,367,0,1235,0,0,0,0,0,1337,1627.81,2.40137,3.52742,168488,8,29433,486,464433,32,117732,1944,32,4,644756,1319142,20632192,5276568,25908760,4,4,12,4,4,4,0,20,20,20260807,5,1,1,1,0,0,0,6210,0.25875,1,0.0015,1
586,5560.09,6,0,2.09013,4.72471,0,0,0,6.81483,361,361,0,1,2.45175,2.45175,1830,367,0,1235,0,0,0,0,0,1337,1627.81,2.40137,3.52742,168488,8,29433,486,464433,32,117732,1944,32,4,644756,1319142,20632192,5276568,25908760,4,4,12,4,4,4,0,20,20,20260807,5,1,1,1,0,0,0,6210,0.25875,1,0.0015,0
587,5569.77,10,0,2.12829,7.426,0,0,0,9.55429,361,361,0,1,2.45175,2.45175,1830,367,0,1235,0,0,0,0,0,1337,1627.81,2.40137,3.52742,168488,8,29433,486,464433,32,117732,1944,32,4,644756,1319142,20632192,5276568,25908760,4,4,12,4,4,4,0,20,20,20260807,5,1,1,1,0,0,0,6210,0.25875,1,0.0015,0
588,5575.83,6,0,2.07546,3.90488,0,0,0,5.98033,361,361,0,1,2.45175,2.45175,1830,367,0,1235,0,0,0,0,0,1337,1627.81,2.40137,3.52742,168488,8,29433,486,464433,32,117732,1944,32,4,644756,1319142,20632192,5276568,25908760,4,4,12,4,4,4,0,20,20,20260807,5,1,1,1,0,0,0,6210,0.25875,1,0.0015,0
589,5586.52,11,0,2.44429,8.15229,0,0,0,10.5966,361,361,0,1,2.45175,2.45175,1830,367,0,1235,0,0,0,0,0,1337,1627.81,2.40137,3.52742,168488,8,29433,486,464433,32,117732,1944,32,4,644756,1319142,20632192,5276568,25908760,4,4,12,4,4,4,0,20,20,20260807,5,1,1,1,0,0,0,6210,0.25875,1,0.0015,0
590,5593.26,7,0,2.07717,4.58779,0,0,0,6.66496,361,361,0,1,2.45175,2.45175,1830,367,0,1235,0,0,0,0,0,1337,1627.81,2.40137,3.52742,168488,8,29433,486,464433,32,117732,1944,32,4,644756,1319142,20632192,5276568,25908760,4,4,12,4,4,4,0,20,20,20260807,5,1,1,1,0,0,0,6210,0.25875,1,0.0015,0
591,5603.46,10,0,2.17446,7.94021,0,0,0,10.1147,361,361,0,1,2.45175,2.45175,1830,367,0,1235,0,0,0,0,0,1337,1627.81,2.40137,3.52742,168488,8,29433,486,464433,32,117732,1944,32,4,644756,1319142,20632192,5276568,25908760,4,4,12,4,4,4,0,20,20,20260807,5,1,1,1,0,0,0,6211,0.258792,1,0.0015,1
592,5609.13,6,0,2.03567,3.55833,0,0,0,5.594,361,361,0,1,2.45175,2.45175,1830,367,0,1235,0,0,0,0,0,1337,1627.81,2.40137,3.52742,168488,8,29433,486,464433,32,117732,1944,32,4,644756,1319142,20632192,5276568,25908760,4,4,12,4,4,4,0,20,20,20260807,5,1,1,1,0,0,0,6211,0.258792,1,0.0015,0
593,5619.97,10,0,2.47637,8.28167,0,0,0,10.758,361,361,0,1,2.45175,2.45175,1830,367,0,1235,0,0,0,0,0,1337,1627.81,2.40137,3.52742,168488,8,29433,486,464433,32,117732,1944,32,4,644756,1319142,20632192,5276568,25908760,4,4,12,4,4,4,0,20,20,20260807,5,1,1,1,0,0,0,6211,0.258792,1,0.0015,0
594,5626.14,7,0,2.19975,3.88308,0,0,0,6.08283,361,361,0,1,2.45175,2.45175,1830,367,0,1235,0,0,0,0,0,1337,1627.81,2.40137,3.52742,168488,8,29433,486,464433,32,117732,1944,32,4,644756,1319142,20632192,5276568,25908760,4,4,12,4,4,4,0,20,20,20260807,5,1,1,1,0,0,0,6211,0.258792,1,0.0015,0
595,5638.04,11,0,2.20671,9.57958,0,0,0,11.7863,361,361,0,1,2.45175,2.45175,1830,367,0,1235,0,0,0,0,0,1337,1627.81,2.40137,3.52742,168488,8,29433,486,464433,32,117732,1944,32,4,644756,1319142,20632192,5276568,25908760,4,4,12,4,4,4,0,20,20,20260807,5,1,1,1,0,0,0,6211,0.258792,1,0.0015,0
596,5643.2,6,0,2.13442,2.93946,0,0,0,5.07388,361,361,0,1,2.45175,2.45175,1830,367,0,1235,0,0,0,0,0,1337,1627.81,2.40137,3.52742,168488,8,29433,486,464433,32,117732,1944,32,4,644756,1319142,20632192,5276568,25908760,4,4,12,4,4,4,0,20,20,20260807,5,1,1,1,0,0,0,6212,0.258833,1,0.0015,1
597,5659.12,16,0,2.20475,13.6353,0,0,0,15.8401,361,361,0,1,2.45175,2.45175,1830,367,0,1235,0,0,0,0,0,1337,1627.81,2.40137,3.52742,168488,8,29433,486,464433,32,117732,1944,32,4,644756,1319142,20632192,5276568,25908760,4,4,12,4,4,4,0,20,20,20260807,5,1,1,1,0,0,0,6212,0.258833,1,0.0015,0
598,5669.87,10,0,2.10933,8.56779,0,0,0,10.6771,361,361,0,1,2.45175,2.45175,1830,367,0,1235,0,0,0,0,0,1337,1627.81,2.40137,3.52742,168488,8,29433,486,464433,32,117732,1944,32,4,644756,1319142,20632192,5276568,25908760,4,4,12,4,4,4,0,20,20,20260807,5,1,1,1,0,0,0,6212,0.258833,1,0.0015,0
599,5677.22,8,0,2.09092,5.17854,0,0,0,7.26946,361,361,0,1,2.45175,2.45175,1830,367,0,1235,0,0,0,0,0,1337,1627.81,2.40137,3.52742,168488,8,29433,486,464433,32,117732,1944,32,4,644756,1319142,20632192,5276568,25908760,4,4,12,4,4,4,0,20,20,20260807,5,1,1,1,0,0,0,6212,0.258833,1,0.0015,0
600,5687.06,9,0,2.09287,7.6595,0,0,0,9.75238,361,361,0,1,2.45175,2.45175,1830,367,0,1235,0,0,0,0,0,1337,1627.81,2.40137,3.52742,168488,8,29433,486,464433,32,117732,1944,32,4,644756,1319142,20632192,5276568,25908760,4,4,12,4,4,4,0,20,20,20260807,5,1,1,1,0,0,0,6212,0.258833,1,0.0015,0
601,5692.28,6,0,2.12158,2.98075,0,0,0,5.10233,361,361,0,1,2.45175,2.45175,1830,367,0,1235,0,0,0,0,0,1337,1627.81,2.40137,3.52742,168488,8,29433,486,464433,32,117732,1944,32,4,644756,1319142,20632192,5276568,25908760,4,4,12,4,4,4,0,20,20,20260807,5,1,1,1,0,0,0,6212,0.258833,1,0.0015,0
602,5703.14,11,0,2.44446,8.34442,0,0,0,10.7889,361,361,0,1,2.45175,2.45175,1830,367,0,1235,0,0,0,0,0,1337,1627.81,2.40137,3.52742,168488,8,29433,486,464433,32,117732,1944,32,4,644756,1319142,20632192,5276568,25908760,4,4,12,4,4,4,0,20,20,20260807,5,1,1,1,0,0,0,6213,0.258875,1,0.0015,1
603,5709.47,6,0,2.10125,4.13021,0,0,0,6.23146,361,361,0,1,2.45175,2.45175,1830,367,0,1235,0,0,0,0,0,1337,1627.81,2.40137,3.52742,168488,8,29433,486,464433,32,117732,1944,32,4,644756,1319142,20632192,5276568,25908760,4,4,12,4,4,4,0,20,20,20260807,5,1,1,1,0,0,0,6213,0.258875,1,0.0015,0
604,5719.83,10,0,2.68196,7.55492,0,0,0,10.2369,361,361,0,1,2.45175,2.45175,1830,367,0,1235,0,0,0,0,0,1337,1627.81,2.40137,3.52742,168488,8,29433,486,464433,32,117732,1944,32,4,644756,1319142,20632192,5276568,25908760,4,4,12,4,4,4,0,20,20,20260807,5,1,1,1,0,0,0,6213,0.258875,1,0.0015,0
605,5725.42,6,0,2.24508,3.26429,0,0,0,5.50938,361,361,0,1,2.45175,2.45175,1830,367,0,1235,0,0,0,0,0,1337,1627.81,2.40137,3.52742,168488,8,29433,486,464433,32,117732,1944,32,4,644756,1319142,20632192,5276568,25908760,4,4,12,4,4,4,0,20,20,20260807,5,1,1,1,0,0,0,6213,0.258875,1,0.0015,0
606,5736.45,11,0,2.24392,8.71621,0,0,0,10.9601,361,361,0,1,2.45175,2.45175,1830,367,0,1235,0,0,0,0,0,1337,1627.81,2.40137,3.52742,168488,8,29433,486,464433,32,117732,1944,32,4,644756,1319142,20632192,5276568,25908760,4,4,12,4,4,4,0,20,20,20260807,5,1,1,1,0,0,0,6213,0.258875,1,0.0015,0
607,5741.59,5,0,2.13292,2.92192,0,0,0,5.05483,361,361,0,1,2.45175,2.45175,1830,367,0,1235,0,0,0,0,0,1337,1627.81,2.40137,3.52742,168488,8,29433,486,464433,32,117732,1944,32,4,644756,1319142,20632192,5276568,25908760,4,4,12,4,4,4,0,20,20,20260807,5,1,1,1,0,0,0,6213,0.258875,1,0.0015,0
608,5753.26,12,0,3.31688,8.28375,0,0,0,11.6006,361,361,0,1,2.45175,2.45175,1830,367,0,1235,0,0,0,0,0,1337,1627.81,2.40137,3.52742,168488,8,29433,486,464433,32,117732,1944,32,4,644756,1319142,20632192,5276568,25908760,4,4,12,4,4,4,0,20,20,20260807,5,1,1,1,0,0,0,6214,0.258917,1,0.0015,1
609,5758.4,5,0,2.13888,2.91517,0,0,0,5.05404,361,361,0,1,2.45175,2.45175,1830,367,0,1235,0,0,0,0,0,1337,1627.81,2.40137,3.52742,168488,8,29433,486,464433,32,117732,1944,32,4,644756,1319142,20632192,5276568,25908760,4,4,12,4,4,4,0,20,20,20260807,5,1,1,1,0,0,0,6214,0.258917,1,0.0015,0
610,5769.77,11,0,2.29196,9.004,0,0,0,11.296,361,361,0,1,2.45175,2.45175,1830,367,0,1235,0,0,0,0,0,1337,1627.81,2.40137,3.52742,168488,8,29433,486,464433,32,117732,1944,32,4,644756,1319142,20632192,5276568,25908760,4,4,12,4,4,4,0,20,20,20260807,5,1,1,1,0,0,0,6214,0.258917,1,0.0015,0
611,5776.03,6,0,2.04183,4.13321,0,0,0,6.17504,361,361,0,1,2.45175,2.45175,1830,367,0,1235,0,0,0,0,0,1337,1627.81,2.40137,3.52742,168488,8,29433,486,464433,32,117732,1944,32,4,644756,1319142,20632192,5276568,25908760,4,4,12,4,4,4,0,20,20,20260807,5,1,1,1,0,0,0,6214,0.258917,1,0.0015,0
612,5786.57,11,0,2.187,8.21083,0,0,0,10.3978,361,361,0,1,2.45175,2.45175,1830,367,0,1235,0,0,0,0,0,1337,1627.81,2.40137,3.52742,168488,8,29433,486,464433,32,117732,1944,32,4,644756,1319142,20632192,5276568,25908760,4,4,12,4,4,4,0,20,20,20260807,5,1,1,1,0,0,0,6214,0.258917,1,0.0015,0
613,5793.45,7,0,2.04758,4.757,0,0,0,6.80458,361,361,0,1,2.45175,2.45175,1830,367,0,1235,0,0,0,0,0,1337,1627.81,2.40137,3.52742,168488,8,29433,486,464433,32,117732,1944,32,4,644756,1319142,20632192,5276568,25908760,4,4,12,4,4,4,0,20,20,20260807,5,1,1,1,0,0,0,6214,0.258917,1,0.0015,0
614,5803.02,9,0,2.17808,7.297,0,0,0,9.47508,361,361,0,1,2.45175,2.45175,1830,367,0,1235,0,0,0,0,0,1337,1627.81,2.40137,3.52742,168488,8,29433,486,464433,32,117732,1944,32,4,644756,1319142,20632192,5276568,25908760,4,4,12,4,4,4,0,20,20,20260807,5,1,1,1,0,0,0,6215,0.258958,1,0.0015,1
615,5809.22,7,0,2.1535,3.95063,0,0,0,6.10412,361,361,0,1,2.45175,2.45175,1830,367,0,1235,0,0,0,0,0,1337,1627.81,2.40137,3.52742,168488,8,29433,486,464433,32,117732,1944,32,4,644756,1319142,20632192,5276568,25908760,4,4,12,4,4,4,0,20,20,20260807,5,1,1,1,0,0,0,6215,0.258958,1,0.0015,0
616,5819.75,10,0,2.86154,7.58638,0,0,0,10.4479,361,361,0,1,2.45175,2.45175,1830,367,0,1235,0,0,0,0,0,1337,1627.81,2.40137,3.52742,168488,8,29433,486,464433,32,117732,1944,32,4,644756,1319142,20632192,5276568,25908760,4,4,12,4,4,4,0,20,20,20260807,5,1,1,1,0,0,0,6215,0.258958,1,0.0015,0
617,5824.99,5,0,2.15925,3.00396,0,0,0,5.16321,361,361,0,1,2.45175,2.45175,1830,367,0,1235,0,0,0,0,0,1337,1627.81,2.40137,3.52742,168488,8,29433,486,464433,32,117732,1944,32,4,644756,1319142,20632192,5276568,25908760,4,4,12,4,4,4,0,20,20,20260807,5,1,1,1,0,0,0,6215,0.258958,1,0.0015,0
618,5839.33,15,0,2.62704,11.627,0,0,0,14.254,361,361,0,1,2.45175,2.45175,1830,367,0,1235,0,0,0,0,0,1337,1627.81,2.40137,3.52742,168488,8,29433,486,464433,32,117732,1944,32,4,644756,1319142,20632192,5276568,25908760,4,4,12,4,4,4,0,20,20,20260807,5,1,1,1,0,0,0,6215,0.258958,1,0.0015,0
619,5844.96,5,0,2.09863,3.46062,0,0,0,5.55925,361,361,0,1,2.45175,2.45175,1830,367,0,1235,0,0,0,0,0,1337,1627.81,2.40137,3.52742,168488,8,29433,486,464433,32,117732,1944,32,4,644756,1319142,20632192,5276568,25908760,4,4,12,4,4,4,0,20,20,20260807,5,1,1,1,0,0,0,6216,0.259,1,0.0015,1
620,5855.16,11,0,2.14204,7.95933,0,0,0,10.1014,361,361,0,1,2.45175,2.45175,1830,367,0,1235,0,0,0,0,0,1337,1627.81,2.40137,3.52742,168488,8,29433,486,464433,32,117732,1944,32,4,644756,1319142,20632192,5276568,25908760,4,4,12,4,4,4,0,20,20,20260807,5,1,1,1,0,0,0,6216,0.259,1,0.0015,0
621,5870,14,0,2.14621,12.6062,0,0,0,14.7524,361,361,0,1,2.45175,2.45175,1830,367,0,1235,0,0,0,0,0,1337,1627.81,2.40137,3.52742,168488,8,29433,486,464433,32,117732,1944,32,4,644756,1319142,20632192,5276568,25908760,4,4,12,4,4,4,0,20,20,20260807,5,1,1,1,0,0,0,6216,0.259,1,0.0015,0
622,5875.14,6,0,2.21108,2.85042,0,0,0,5.0615,361,361,0,1,2.45175,2.45175,1830,367,0,1235,0,0,0,0,0,1337,1627.81,2.40137,3.52742,168488,8,29433,486,464433,32,117732,1944,32,4,644756,1319142,20632192,5276568,25908760,4,4,12,4,4,4,0,20,20,20260807,5,1,1,1,0,0,0,6216,0.259,1,0.0015,0
623,5886.52,11,0,2.71692,8.58779,0,0,0,11.3047,361,361,0,1,2.45175,2.45175,1830,367,0,1235,0,0,0,0,0,1337,1627.81,2.40137,3.52742,168488,8,29433,486,464433,32,117732,1944,32,4,644756,1319142,20632192,5276568,25908760,4,4,12,4,4,4,0,20,20,20260807,5,1,1,1,0,0,0,6216,0.259,1,0.0015,0
624,5892.02,5,0,2.1285,3.29875,0,0,0,5.42725,361,361,0,1,2.45175,2.45175,1830,367,0,1235,0,0,0,0,0,1337,1627.81,2.40137,3.52742,168488,8,29433,486,464433,32,117732,1944,32,4,644756,1319142,20632192,5276568,25908760,4,4,12,4,4,4,0,20,20,20260807,5,1,1,1,0,0,0,6216,0.259,1,0.0015,0
625,5903.22,12,0,2.22617,8.88279,0,0,0,11.109,361,361,0,1,2.45175,2.45175,1830,367,0,1235,0,0,0,0,0,1337,1627.81,2.40137,3.52742,168488,8,29433,486,464433,32,117732,1944,32,4,644756,1319142,20632192,5276568,25908760,4,4,12,4,4,4,0,20,20,20260807,5,1,1,1,0,0,0,6217,0.259042,1,0.0015,1
626,5908.78,5,0,2.19462,3.28633,0,0,0,5.48096,361,361,0,1,2.45175,2.45175,1830,367,0,1235,0,0,0,0,0,1337,1627.81,2.40137,3.52742,168488,8,29433,486,464433,32,117732,1944,32,4,644756,1319142,20632192,5276568,25908760,4,4,12,4,4,4,0,20,20,20260807,5,1,1,1,0,0,0,6217,0.259042,1,0.0015,0
627,5919.94,11,0,2.38767,8.69096,0,0,0,11.0786,361,361,0,1,2.45175,2.45175,1830,367,0,1235,0,0,0,0,0,1337,1627.81,2.40137,3.52742,168488,8,29433,486,464433,32,117732,1944,32,4,644756,1319142,20632192,5276568,25908760,4,4,12,4,4,4,0,20,20,20260807,5,1,1,1,0,0,0,6217,0.259042,1,0.0015,0
628,5926.68,7,0,2.00633,4.66696,0,0,0,6.67329,361,361,0,1,2.45175,2.45175,1830,367,0,1235,0,0,0,0,0,1337,1627.81,2.40137,3.52742,168488,8,29433,486,464433,32,117732,1944,32,4,644756,1319142,20632192,5276568,25908760,4,4,12,4,4,4,0,20,20,20260807,5,1,1,1,0,0,0,6217,0.259042,1,0.0015,0
629,5936.36,10,0,2.12487,7.47746,0,0,0,9.60233,361,361,0,1,2.45175,2.45175,1830,367,0,1235,0,0,0,0,0,1337,1627.81,2.40137,3.52742,168488,8,29433,486,464433,32,117732,1944,32,4,644756,1319142,20632192,5276568,25908760,4,4,12,4,4,4,0,20,20,20260807,5,1,1,1,0,0,0,6217,0.259042,1,0.0015,0
630,5941.82,5,0,2.13729,3.21771,0,0,0,5.355,361,361,0,1,2.45175,2.45175,1830,367,0,1235,0,0,0,0,0,1337,1627.81,2.40137,3.52742,168488,8,29433,486,464433,32,117732,1944,32,4,644756,1319142,20632192,5276568,25908760,4,4,12,4,4,4,0,20,20,20260807,5,1,1,1,0,0,0,6217,0.259042,1,0.0015,0
631,5953.64,12,0,2.25967,9.48358,0,0,0,11.7432,361,361,0,1,2.45175,2.45175,1830,367,0,1235,0,0,0,0,0,1337,1627.81,2.40137,3.52742,168488,8,29433,486,464433,32,117732,1944,32,4,644756,1319142,20632192,5276568,25908760,4,4,12,4,4,4,0,20,20,20260807,5,1,1,1,0,0,0,6218,0.259083,1,0.0015,1
632,5958.9,5,0,2.14258,3.02312,0,0,0,5.16571,361,361,0,1,2.45175,2.45175,1830,367,0,1235,0,0,0,0,0,1337,1627.81,2.40137,3.52742,168488,8,29433,486,464433,32,117732,1944,32,4,644756,1319142,20632192,5276568,25908760,4,4,12,4,4,4,0,20,20,20260807,5,1,1,1,0,0,0,6218,0.259083,1,0.0015,0
633,5973.36,15,0,2.40238,11.9848,0,0,0,14.3872,361,361,0,1,2.45175,2.45175,1830,367,0,1235,0,0,0,0,0,1337,1627.81,2.40137,3.52742,168488,8,29433,486,464433,32,117732,1944,32,4,644756,1319142,20632192,5276568,25908760,4,4,12,4,4,4,0,20,20,20260807,5,1,1,1,0,0,0,6218,0.259083,1,0.0015,0
634,5979.31,6,0,2.02704,3.83975,0,0,0,5.86679,361,361,0,1,2.45175,2.45175,1830,367,0,1235,0,0,0,0,0,1337,1627.81,2.40137,3.52742,168488,8,29433,486,464433,32,117732,1944,32,4,644756,1319142,20632192,5276568,25908760,4,4,12,4,4,4,0,20,20,20260807,5,1,1,1,0,0,0,6218,0.259083,1,0.0015,0
635,5987.26,8,0,2.18292,5.69346,0,0,0,7.87638,361,361,0,1,2.45175,2.45175,1830,367,0,1235,0,0,0,0,0,1337,1627.81,2.40137,3.52742,168488,8,29433,486,464433,32,117732,1944,32,4,644756,1319142,20632192,5276568,25908760,4,4,12,4,4,4,0,20,20,20260807,5,1,1,1,0,0,0,6218,0.259083,1,0.0015,0
636,5992.37,5,0,2.09783,2.92167,0,0,0,5.0195,361,361,0,1,2.45175,2.45175,1830,367,0,1235,0,0,0,0,0,1337,1627.81,2.40137,3.52742,168488,8,29433,486,464433,32,117732,1944,32,4,644756,1319142,20632192,5276568,25908760,4,4,12,4,4,4,0,20,20,20260807,5,1,1,1,0,0,0,6218,0.259083,1,0.0015,0
637,6003.38,11,0,2.54079,8.39725,0,0,0,10.938,361,361,0,1,2.45175,2.45175,1830,367,0,1235,0,0,0,0,0,1337,1627.81,2.40137,3.52742,168488,8,29433,486,464433,32,117732,1944,32,4,644756,1319142,20632192,5276568,25908760,4,4,12,4,4,4,0,20,20,20260807,5,1,1,1,0,0,0,6219,0.259125,1,0.0015,1
638,6008.95,5,0,2.07267,3.41675,0,0,0,5.48942,361,361,0,1,2.45175,2.45175,1830,367,0,1235,0,0,0,0,0,1337,1627.81,2.40137,3.52742,168488,8,29433,486,464433,32,117732,1944,32,4,644756,1319142,20632192,5276568,25908760,4,4,12,4,4,4,0,20,20,20260807,5,1,1,1,0,0,0,6219,0.259125,1,0.0015,0
639,6020.6,12,0,2.18679,9.34592,0,0,0,11.5327,361,361,0,1,2.45175,2.45175,1830,367,0,1235,0,0,0,0,0,1337,1627.81,2.40137,3.52742,168488,8,29433,486,464433,32,117732,1944,32,4,644756,1319142,20632192,5276568,25908760,4,4,12,4,4,4,0,20,20,20260807,5,1,1,1,0,0,0,6219,0.259125,1,0.0015,0
640,6025.75,5,0,2.12125,2.94462,0,0,0,5.06588,361,361,0,1,2.45175,2.45175,1830,367,0,1235,0,0,0,0,0,1337,1627.81,2.40137,3.52742,168488,8,29433,486,464433,32,117732,1944,32,4,644756,1319142,20632192,5276568,25908760,4,4,12,4,4,4,0,20,20,20260807,5,1,1,1,0,0,0,6219,0.259125,1,0.0015,0
641,6036.99,10,0,2.36292,8.79679,0,0,0,11.1597,361,361,0,1,2.45175,2.45175,1830,367,0,1235,0,0,0,0,0,1337,1627.81,2.40137,3.52742,168488,8,29433,486,464433,32,117732,1944,32,4,644756,1319142,20632192,5276568,25908760,4,4,12,4,4,4,0,20,20,20260807,5,1,1,1,0,0,0,6219,0.259125,1,0.0015,0
642,6042.49,6,0,2.14775,3.26662,0,0,0,5.41437,361,361,0,1,2.45175,2.45175,1830,367,0,1235,0,0,0,0,0,1337,1627.81,2.40137,3.52742,168488,8,29433,486,464433,32,117732,1944,32,4,644756,1319142,20632192,5276568,25908760,4,4,12,4,4,4,0,20,20,20260807,5,1,1,1,0,0,0,6219,0.259125,1,0.0015,0
643,6053.64,11,0,2.23842,8.81762,0,0,0,11.056,361,361,0,1,2.45175,2.45175,1830,367,0,1235,0,0,0,0,0,1337,1627.81,2.40137,3.52742,168488,8,29433,486,464433,32,117732,1944,32,4,644756,1319142,20632192,5276568,25908760,4,4,12,4,4,4,0,20,20,20260807,5,1,1,1,0,0,0,6220,0.259167,1,0.0015,1
644,6058.88,5,0,2.16225,2.96192,0,0,0,5.12417,361,361,0,1,2.45175,2.45175,1830,367,0,1235,0,0,0,0,0,1337,1627.81,2.40137,3.52742,168488,8,29433,486,464433,32,117732,1944,32,4,644756,1319142,20632192,5276568,25908760,4,4,12,4,4,4,0,20,20,20260807,5,1,1,1,0,0,0,6220,0.259167,1,0.0015,0
645,6071.92,13,0,2.26333,10.6899,0,0,0,12.9532,361,361,0,1,2.45175,2.45175,1830,367,0,1235,0,0,0,0,0,1337,1627.81,2.40137,3.52742,168488,8,29433,486,464433,32,117732,1944,32,4,644756,1319142,20632192,5276568,25908760,4,4,12,4,4,4,0,20,20,20260807,5,1,1,1,0,0,0,6220,0.259167,1,0.0015,0
646,6077.28,6,0,2.10921,3.18467,0,0,0,5.29387,361,361,0,1,2.45175,2.45175,1830,367,0,1235,0,0,0,0,0,1337,1627.81,2.40137,3.52742,168488,8,29433,486,464433,32,117732,1944,32,4,644756,1319142,20632192,5276568,25908760,4,4,12,4,4,4,0,20,20,20260807,5,1,1,1,0,0,0,6220,0.259167,1,0.0015,0
647,6087.12,10,0,2.32767,7.42633,0,0,0,9.754,361,361,0,1,2.45175,2.45175,1830,367,0,1235,0,0,0,0,0,1337,1627.81,2.40137,3.52742,168488,8,29433,486,464433,32,117732,1944,32,4,644756,1319142,20632192,5276568,25908760,4,4,12,4,4,4,0,20,20,20260807,5,1,1,1,0,0,0,6220,0.259167,1,0.0015,0
648,6092.71,5,0,2.08446,3.41746,0,0,0,5.50192,361,361,0,1,2.45175,2.45175,1830,367,0,1235,0,0,0,0,0,1337,1627.81,2.40137,3.52742,168488,8,29433,486,464433,32,117732,1944,32,4,644756,1319142,20632192,5276568,25908760,4,4,12,4,4,4,0,20,20,20260807,5,1,1,1,0,0,0,6220,0.259167,1,0.0015,0
649,6103.23,11,0,2.33025,8.10671,0,0,0,10.437,361,361,0,1,2.45175,2.45175,1830,367,0,1235,0,0,0,0,0,1337,1627.81,2.40137,3.52742,168488,8,29433,486,464433,32,117732,1944,32,4,644756,1319142,20632192,5276568,25908760,4,4,12,4,4,4,0,20,20,20260807,5,1,1,1,0,0,0,6221,0.259208,1,0.0015,1
650,6108.28,5,0,2.08529,2.89042,0,0,0,4.97571,361,361,0,1,2.45175,2.45175,1830,367,0,1235,0,0,0,0,0,1337,1627.81,2.40137,3.52742,168488,8,29433,486,464433,32,117732,1944,32,4,644756,1319142,20632192,5276568,25908760,4,4,12,4,4,4,0,20,20,20260807,5,1,1,1,0,0,0,6221,0.259208,1,0.0015,0
651,6120.68,12,0,2.34496,9.98242,0,0,0,12.3274,361,361,0,1,2.45175,2.45175,1830,367,0,1235,0,0,0,0,0,1337,1627.81,2.40137,3.52742,168488,8,29433,486,464433,32,117732,1944,32,4,644756,1319142,20632192,5276568,25908760,4,4,12,4,4,4,0,20,20,20260807,5,1,1,1,0,0,0,6221,0.259208,1,0.0015,0
652,6125.93,5,0,2.1165,3.05183,0,0,0,5.16833,361,361,0,1,2.45175,2.45175,1830,367,0,1235,0,0,0,0,0,1337,1627.81,2.40137,3.52742,168488,8,29433,486,464433,32,117732,1944,32,4,644756,1319142,20632192,5276568,25908760,4,4,12,4,4,4,0,20,20,20260807,5,1,1,1,0,0,0,6221,0.259208,1,0.0015,0
653,6137.52,12,0,2.32725,9.17962,0,0,0,11.5069,361,361,0,1,2.45175,2.45175,1830,367,0,1235,0,0,0,0,0,1337,1627.81,2.40137,3.52742,168488,8,29433,486,464433,32,117732,1944,32,4,644756,1319142,20632192,5276568,25908760,4,4,12,4,4,4,0,20,20,20260807,5,1,1,1,0,0,0,6221,0.259208,1,0.0015,0
654,6142.6,5,0,2.1005,2.88633,0,0,0,4.98683,361,361,0,1,2.45175,2.45175,1830,367,0,1235,0,0,0,0,0,1337,1627.81,2.40137,3.52742,168488,8,29433,486,464433,32,117732,1944,32,4,644756,1319142,20632192,5276568,25908760,4,4,12,4,4,4,0,20,20,20260807,5,1,1,1,0,0,0,6221,0.259208,1,0.0015,0
655,6153.18,11,0,6.37725,4.12583,0,0,0,10.5031,361,361,0,1,2.45175,2.45175,1830,367,0,1235,0,0,0,0,0,1337,1627.81,2.40137,3.52742,168488,8,29433,486,464433,32,117732,1944,32,4,644756,1319142,20632192,5276568,25908760,4,4,12,4,4,4,0,20,20,20260807,5,1,1,1,0,0,0,6222,0.25925,1,0.0015,1
656,6158.45,5,0,2.19804,2.98583,0,0,0,5.18387,361,361,0,1,2.45175,2.45175,1830,367,0,1235,0,0,0,0,0,1337,1627.81,2.40137,3.52742,168488,8,29433,486,464433,32,117732,1944,32,4,644756,1319142,20632192,5276568,25908760,4,4,12,4,4,4,0,20,20,20260807,5,1,1,1,0,0,0,6222,0.25925,1,0.0015,0
657,6169.94,11,0,6.54763,4.86113,0,0,0,11.4087,361,361,0,1,2.45175,2.45175,1830,367,0,1235,0,0,0,0,0,1337,1627.81,2.40137,3.52742,168488,8,29433,486,464433,32,117732,1944,32,4,644756,1319142,20632192,5276568,25908760,4,4,12,4,4,4,0,20,20,20260807,5,1,1,1,0,0,0,6222,0.25925,1,0.0015,0
658,6175.16,6,0,2.15221,2.98137,0,0,0,5.13358,361,361,0,1,2.45175,2.45175,1830,367,0,1235,0,0,0,0,0,1337,1627.81,2.40137,3.52742,168488,8,29433,486,464433,32,117732,1944,32,4,644756,1319142,20632192,5276568,25908760,4,4,12,4,4,4,0,20,20,20260807,5,1,1,1,0,0,0,6222,0.25925,1,0.0015,0
659,6187.34,12,0,2.27792,9.79367,0,0,0,12.0716,361,361,0,1,2.45175,2.45175,1830,367,0,1235,0,0,0,0,0,1337,1627.81,2.40137,3.52742,168488,8,29433,486,464433,32,117732,1944,32,4,644756,1319142,20632192,5276568,25908760,4,4,12,4,4,4,0,20,20,20260807,5,1,1,1,0,0,0,6222,0.25925,1,0.0015,0
660,6192.41,5,0,2.09108,2.89592,0,0,0,4.987,361,361,0,1,2.45175,2.45175,1830,367,0,1235,0,0,0,0,0,1337,1627.81,2.40137,3.52742,168488,8,29433,486,464433,32,117732,1944,32,4,644756,1319142,20632192,5276568,25908760,4,4,12,4,4,4,0,20,20,20260807,5,1,1,1,0,0,0,6222,0.25925,1,0.0015,0
661,6203.15,11,0,2.23217,8.42404,0,0,0,10.6562,361,361,0,1,2.45175,2.45175,1830,367,0,1235,0,0,0,0,0,1337,1627.81,2.40137,3.52742,168488,8,29433,486,464433,32,117732,1944,32,4,644756,1319142,20632192,5276568,25908760,4,4,12,4,4,4,0,20,20,20260807,5,1,1,1,0,0,0,6223,0.259292,1,0.0015,1
662,6210.3,7,0,2.09346,4.98346,0,0,0,7.07692,361,361,0,1,2.45175,2.45175,1830,367,0,1235,0,0,0,0,0,1337,1627.81,2.40137,3.52742,168488,8,29433,486,464433,32,117732,1944,32,4,644756,1319142,20632192,5276568,25908760,4,4,12,4,4,4,0,20,20,20260807,5,1,1,1,0,0,0,6223,0.259292,1,0.0015,0
663,6220.06,9,0,2.20992,7.45354,0,0,0,9.66346,361,361,0,1,2.45175,2.45175,1830,367,0,1235,0,0,0,0,0,1337,1627.81,2.40137,3.52742,168488,8,29433,486,464433,32,117732,1944,32,4,644756,1319142,20632192,5276568,25908760,4,4,12,4,4,4,0,20,20,20260807,5,1,1,1,0,0,0,6223,0.259292,1,0.0015,0
664,6226,6,0,2.03117,3.83725,0,0,0,5.86842,361,361,0,1,2.45175,2.45175,1830,367,0,1235,0,0,0,0,0,1337,1627.81,2.40137,3.52742,168488,8,29433,486,464433,32,117732,1944,32,4,644756,1319142,20632192,5276568,25908760,4,4,12,4,4,4,0,20,20,20260807,5,1,1,1,0,0,0,6223,0.259292,1,0.0015,0
665,6236.46,11,0,2.04296,7.80117,0,0,0,9.84413,361,361,0,1,2.45175,2.45175,1830,367,0,1235,0,0,0,0,0,1337,1627.81,2.40137,3.52742,168488,8,29433,486,464433,32,117732,1944,32,4,644756,1319142,20632192,5276568,25908760,4,4,12,4,4,4,0,20,20,20260807,5,1,1,1,0,0,0,6223,0.259292,1,0.0015,0
666,6242.68,6,0,2.07112,4.06813,0,0,0,6.13925,361,361,0,1,2.45175,2.45175,1830,367,0,1235,0,0,0,0,0,1337,1627.81,2.40137,3.52742,168488,8,29433,486,464433,32,117732,1944,32,4,644756,1319142,20632192,5276568,25908760,4,4,12,4,4,4,0,20,20,20260807,5,1,1,1,0,0,0,6223,0.259292,1,0.0015,0
667,6253.15,11,0,2.30083,8.06062,0,0,0,10.3615,361,361,0,1,2.45175,2.45175,1830,367,0,1235,0,0,0,0,0,1337,1627.81,2.40137,3.52742,168488,8,29433,486,464433,32,117732,1944,32,4,644756,1319142,20632192,5276568,25908760,4,4,12,4,4,4,0,20,20,20260807,5,1,1,1,0,0,0,6224,0.259333,1,0.0015,1
668,6259.88,6,0,2.02742,4.63521,0,0,0,6.66263,361,361,0,1,2.45175,2.45175,1830,367,0,1235,0,0,0,0,0,1337,1627.81,2.40137,3.52742,168488,8,29433,486,464433,32,117732,1944,32,4,644756,1319142,20632192,5276568,25908760,4,4,12,4,4,4,0,20,20,20260807,5,1,1,1,0,0,0,6224,0.259333,1,0.0015,0
669,6269.86,10,0,2.23046,7.6625,0,0,0,9.89296,361,361,0,1,2.45175,2.45175,1830,367,0,1235,0,0,0,0,0,1337,1627.81,2.40137,3.52742,168488,8,29433,486,464433,32,117732,1944,32,4,644756,1319142,20632192,5276568,25908760,4,4,12,4,4,4,0,20,20,20260807,5,1,1,1,0,0,0,6224,0.259333,1,0.0015,0
670,6275.98,6,0,2.08371,3.95408,0,0,0,6.03779,361,361,0,1,2.45175,2.45175,1830,367,0,1235,0,0,0,0,0,1337,1627.81,2.40137,3.52742,168488,8,29433,486,464433,32,117732,1944,32,4,644756,1319142,20632192,5276568,25908760,4,4,12,4,4,4,0,20,20,20260807,5,1,1,1,0,0,0,6224,0.259333,1,0.0015,0
671,6286.51,12,0,2.31571,8.13467,0,0,0,10.4504,361,361,0,1,2.45175,2.45175,1830,367,0,1235,0,0,0,0,0,1337,1627.81,2.40137,3.52742,168488,8,29433,486,464433,32,117732,1944,32,4,644756,1319142,20632192,5276568,25908760,4,4,12,4,4,4,0,20,20,20260807,5,1,1,1,0,0,0,6224,0.259333,1,0.0015,0
672,6293.27,7,0,2.06479,4.61725,0,0,0,6.68204,361,361,0,1,2.45175,2.45175,1830,367,0,1235,0,0,0,0,0,1337,1627.81,2.40137,3.52742,168488,8,29433,486,464433,32,117732,1944,32,4,644756,1319142,20632192,5276568,25908760,4,4,12,4,4,4,0,20,20,20260807,5,1,1,1,0,0,0,6224,0.259333,1,0.0015,0
673,6303.13,10,0,2.15088,7.60412,0,0,0,9.755,361,361,0,1,2.45175,2.45175,1830,367,0,1235,0,0,0,0,0,1337,1627.81,2.40137,3.52742,168488,8,29433,486,464433,32,117732,1944,32,4,644756,1319142,20632192,5276568,25908760,4,4,12,4,4,4,0,20,20,20260807,5,1,1,1,0,0,0,6225,0.259375,1,0.0015,1
674,6309.07,5,0,2.07367,3.77992,0,0,0,5.85358,361,361,0,1,2.45175,2.45175,1830,367,0,1235,0,0,0,0,0,1337,1627.81,2.40137,3.52742,168488,8,29433,486,464433,32,117732,1944,32,4,644756,1319142,20632192,5276568,25908760,4,4,12,4,4,4,0,20,20,20260807,5,1,1,1,0,0,0,6225,0.259375,1,0.0015,0
675,6319.91,11,0,2.26412,8.50137,0,0,0,10.7655,361,361,0,1,2.45175,2.45175,1830,367,0,1235,0,0,0,0,0,1337,1627.81,2.40137,3.52742,168488,8,29433,486,464433,32,117732,1944,32,4,644756,1319142,20632192,5276568,25908760,4,4,12,4,4,4,0,20,20,20260807,5,1,1,1,0,0,0,6225,0.259375,1,0.0015,0
676,6328.28,9,0,2.15813,6.11033,0,0,0,8.26846,361,361,0,1,2.45175,2.45175,1830,367,0,1235,0,0,0,0,0,1337,1627.81,2.40137,3.52742,168488,8,29433,486,464433,32,117732,1944,32,4,644756,1319142,20632192,5276568,25908760,4,4,12,4,4,4,0,20,20,20260807,5,1,1,1,0,0,0,6225,0.259375,1,0.0015,0
677,6336.52,8,0,2.06796,6.09475,0,0,0,8.16271,361,361,0,1,2.45175,2.45175,1830,367,0,1235,0,0,0,0,0,1337,1627.81,2.40137,3.52742,168488,8,29433,486,464433,32,117732,1944,32,4,644756,1319142,20632192,5276568,25908760,4,4,12,4,4,4,0,20,20,20260807,5,1,1,1,0,0,0,6225,0.259375,1,0.0015,0
678,6341.98,5,0,2.15287,3.22425,0,0,0,5.37713,361,361,0,1,2.45175,2.45175,1830,367,0,1235,0,0,0,0,0,1337,1627.81,2.40137,3.52742,168488,8,29433,486,464433,32,117732,1944,32,4,644756,1319142,20632192,5276568,25908760,4,4,12,4,4,4,0,20,20,20260807,5,1,1,1,0,0,0,6225,0.259375,1,0.0015,0
679,6353.36,12,0,2.3555,8.948,0,0,0,11.3035,361,361,0,1,2.45175,2.45175,1830,367,0,1235,0,0,0,0,0,1337,1627.81,2.40137,3.52742,168488,8,29433,486,464433,32,117732,1944,32,4,644756,1319142,20632192,5276568,25908760,4,4,12,4,4,4,0,20,20,20260807,5,1,1,1,0,0,0,6226,0.259417,1,0.0015,1
680,6359.28,6,0,2.10479,3.73579,0,0,0,5.84058,361,361,0,1,2.45175,2.45175,1830,367,0,1235,0,0,0,0,0,1337,1627.81,2.40137,3.52742,168488,8,29433,486,464433,32,117732,1944,32,4,644756,1319142,20632192,5276568,25908760,4,4,12,4,4,4,0,20,20,20260807,5,1,1,1,0,0,0,6226,0.259417,1,0.0015,0
681,6369.93,10,0,2.31596,8.25329,0,0,0,10.5693,361,361,0,1,2.45175,2.45175,1830,367,0,1235,0,0,0,0,0,1337,1627.81,2.40137,3.52742,168488,8,29433,486,464433,32,117732,1944,32,4,644756,1319142,20632192,5276568,25908760,4,4,12,4,4,4,0,20,20,20260807,5,1,1,1,0,0,0,6226,0.259417,1,0.0015,0
682,6376.11,7,0,2.16354,3.93454,0,0,0,6.09808,361,361,0,1,2.45175,2.45175,1830,367,0,1235,0,0,0,0,0,1337,1627.81,2.40137,3.52742,168488,8,29433,486,464433,32,117732,1944,32,4,644756,1319142,20632192,5276568,25908760,4,4,12,4,4,4,0,20,20,20260807,5,1,1,1,0,0,0,6226,0.259417,1,0.0015,0
683,6390,13,0,2.23554,11.5682,0,0,0,13.8038,361,361,0,1,2.45175,2.45175,1830,367,0,1235,0,0,0,0,0,1337,1627.81,2.40137,3.52742,168488,8,29433,486,464433,32,117732,1944,32,4,644756,1319142,20632192,5276568,25908760,4,4,12,4,4,4,0,20,20,20260807,5,1,1,1,0,0,0,6226,0.259417,1,0.0015,0
684,6395.52,6,0,2.20162,3.23754,0,0,0,5.43917,361,361,0,1,2.45175,2.45175,1830,367,0,1235,0,0,0,0,0,1337,1627.81,2.40137,3.52742,168488,8,29433,486,464433,32,117732,1944,32,4,644756,1319142,20632192,5276568,25908760,4,4,12,4,4,4,0,20,20,20260807,5,1,1,1,0,0,0,6227,0.259458,1,0.0015,1
685,6403.86,8,0,2.28296,5.97121,0,0,0,8.25417,361,361,0,1,2.45175,2.45175,1830,367,0,1235,0,0,0,0,0,1337,1627.81,2.40137,3.52742,168488,8,29433,486,464433,32,117732,1944,32,4,644756,1319142,20632192,5276568,25908760,4,4,12,4,4,4,0,20,20,20260807,5,1,1,1,0,0,0,6227,0.259458,1,0.0015,0
686,6409.4,6,0,2.1965,3.2715,0,0,0,5.468,361,361,0,1,2.45175,2.45175,1830,367,0,1235,0,0,0,0,0,1337,1627.81,2.40137,3.52742,168488,8,29433,486,464433,32,117732,1944,32,4,644756,1319142,20632192,5276568,25908760,4,4,12,4,4,4,0,20,20,20260807,5,1,1,1,0,0,0,6227,0.259458,1,0.0015,0
687,6419.87,10,0,2.25358,8.10225,0,0,0,10.3558,361,361,0,1,2.45175,2.45175,1830,367,0,1235,0,0,0,0,0,1337,1627.81,2.40137,3.52742,168488,8,29433,486,464433,32,117732,1944,32,4,644756,1319142,20632192,5276568,25908760,4,4,12,4,4,4,0,20,20,20260807,5,1,1,1,0,0,0,6227,0.259458,1,0.0015,0
688,6428,8,0,2.13742,5.91775,0,0,0,8.05517,361,361,0,1,2.45175,2.45175,1830,367,0,1235,0,0,0,0,0,1337,1627.81,2.40137,3.52742,168488,8,29433,486,464433,32,117732,1944,32,4,644756,1319142,20632192,5276568,25908760,4,4,12,4,4,4,0,20,20,20260807,5,1,1,1,0,0,0,6227,0.259458,1,0.0015,0
689,6436.65,9,0,2.12904,6.43225,0,0,0,8.56129,361,361,0,1,2.45175,2.45175,1830,367,0,1235,0,0,0,0,0,1337,1627.81,2.40137,3.52742,168488,8,29433,486,464433,32,117732,1944,32,4,644756,1319142,20632192,5276568,25908760,4,4,12,4,4,4,0,20,20,20260807,5,1,1,1,0,0,0,6227,0.259458,1,0.0015,0
690,6442.62,6,0,2.16138,3.711,0,0,0,5.87237,361,361,0,1,2.45175,2.45175,1830,367,0,1235,0,0,0,0,0,1337,1627.81,2.40137,3.52742,168488,8,29433,486,464433,32,117732,1944,32,4,644756,1319142,20632192,5276568,25908760,4,4,12,4,4,4,0,20,20,20260807,5,1,1,1,0,0,0,6227,0.259458,1,0.0015,0
691,6454.22,12,0,2.3655,9.16346,0,0,0,11.529,361,361,0,1,2.45175,2.45175,1830,367,0,1235,0,0,0,0,0,1337,1627.81,2.40137,3.52742,168488,8,29433,486,464433,32,117732,1944,32,4,644756,1319142,20632192,5276568,25908760,4,4,12,4,4,4,0,20,20,20260807,5,1,1,1,0,0,0,6228,0.2595,1,0.0015,1
692,6460.17,6,0,2.16242,3.69825,0,0,0,5.86067,361,361,0,1,2.45175,2.45175,1830,367,0,1235,0,0,0,0,0,1337,1627.81,2.40137,3.52742,168488,8,29433,486,464433,32,117732,1944,32,4,644756,1319142,20632192,5276568,25908760,4,4,12,4,4,4,0,20,20,20260807,5,1,1,1,0,0,0,6228,0.2595,1,0.0015,0
693,6469.85,9,0,2.17321,7.42625,0,0,0,9.59946,361,361,0,1,2.45175,2.45175,1830,367,0,1235,0,0,0,0,0,1337,1627.81,2.40137,3.52742,168488,8,29433,486,464433,32,117732,1944,32,4,644756,1319142,20632192,5276568,25908760,4,4,12,4,4,4,0,20,20,20260807,5,1,1,1,0,0,0,6228,0.2595,1,0.0015,0
694,6475.82,6,0,2.12588,3.76271,0,0,0,5.88858,361,361,0,1,2.45175,2.45175,1830,367,0,1235,0,0,0,0,0,1337,1627.81,2.40137,3.52742,168488,8,29433,486,464433,32,117732,1944,32,4,644756,1319142,20632192,5276568,25908760,4,4,12,4,4,4,0,20,20,20260807,5,1,1,1,0,0,0,6228,0.2595,1,0.0015,0
695,6486.42,11,0,2.80475,7.718,0,0,0,10.5228,361,361,0,1,2.45175,2.45175,1830,367,0,1235,0,0,0,0,0,1337,1627.81,2.40137,3.52742,168488,8,29433,486,464433,32,117732,1944,32,4,644756,1319142,20632192,5276568,25908760,4,4,12,4,4,4,0,20,20,20260807,5,1,1,1,0,0,0,6228,0.2595,1,0.0015,0
696,6493.03,6,0,2.02546,4.51163,0,0,0,6.53708,361,361,0,1,2.45175,2.45175,1830,367,0,1235,0,0,0,0,0,1337,1627.81,2.40137,3.52742,168488,8,29433,486,464433,32,117732,1944,32,4,644756,1319142,20632192,5276568,25908760,4,4,12,4,4,4,0,20,20,20260807,5,1,1,1,0,0,0,6228,0.2595,1,0.0015,0
697,6503.17,11,0,2.212,7.84875,0,0,0,10.0608,361,361,0,1,2.45175,2.45175,1830,367,0,1235,0,0,0,0,0,1337,1627.81,2.40137,3.52742,168488,8,29433,486,464433,32,117732,1944,32,4,644756,1319142,20632192,5276568,25908760,4,4,12,4,4,4,0,20,20,20260807,5,1,1,1,0,0,0,6229,0.259542,1,0.0015,1
698,6509.26,6,0,2.10404,3.89929,0,0,0,6.00333,361,361,0,1,2.45175,2.45175,1830,367,0,1235,0,0,0,0,0,1337,1627.81,2.40137,3.52742,168488,8,29433,486,464433,32,117732,1944,32,4,644756,1319142,20632192,5276568,25908760,4,4,12,4,4,4,0,20,20,20260807,5,1,1,1,0,0,0,6229,0.259542,1,0.0015,0
699,6519.87,10,0,3.88463,6.65163,0,0,0,10.5363,361,361,0,1,2.45175,2.45175,1830,367,0,1235,0,0,0,0,0,1337,1627.81,2.40137,3.52742,168488,8,29433,486,464433,32,117732,1944,32,4,644756,1319142,20632192,5276568,25908760,4,4,12,4,4,4,0,20,20,20260807,5,1,1,1,0,0,0,6229,0.259542,1,0.0015,0
700,6530.58,11,0,2.02025,8.61125,0,0,0,10.6315,361,361,0,1,2.45175,2.45175,1830,367,0,1235,0,0,0,0,0,1337,1627.81,2.40137,3.52742,168488,8,29433,486,464433,32,117732,1944,32,4,644756,1319142,20632192,5276568,25908760,4,4,12,4,4,4,0,20,20,20260807,5,1,1,1,0,0,0,6229,0.259542,1,0.0015,0
701,6536.42,6,0,2.16983,3.58763,0,0,0,5.75746,361,361,0,1,2.45175,2.45175,1830,367,0,1235,0,0,0,0,0,1337,1627.81,2.40137,3.52742,168488,8,29433,486,464433,32,117732,1944,32,4,644756,1319142,20632192,5276568,25908760,4,4,12,4,4,4,0,20,20,20260807,5,1,1,1,0,0,0,6229,0.259542,1,0.0015,0
702,6543.04,6,0,2.08529,4.40917,0,0,0,6.49446,361,361,0,1,2.45175,2.45175,1830,367,0,1235,0,0,0,0,0,1337,1627.81,2.40137,3.52742,168488,8,29433,486,464433,32,117732,1944,32,4,644756,1319142,20632192,5276568,25908760,4,4,12,4,4,4,0,20,20,20260807,5,1,1,1,0,0,0,6229,0.259542,1,0.0015,0
703,6553.2,11,0,2.15917,7.9165,0,0,0,10.0757,361,361,0,1,2.45175,2.45175,1830,367,0,1235,0,0,0,0,0,1337,1627.81,2.40137,3.52742,168488,8,29433,486,464433,32,117732,1944,32,4,644756,1319142,20632192,5276568,25908760,4,4,12,4,4,4,0,20,20,20260807,5,1,1,1,0,0,0,6230,0.259583,1,0.0015,1
704,6560.7,7,0,2.07342,5.3495,0,0,0,7.42292,361,361,0,1,2.45175,2.45175,1830,367,0,1235,0,0,0,0,0,1337,1627.81,2.40137,3.52742,168488,8,29433,486,464433,32,117732,1944,32,4,644756,1319142,20632192,5276568,25908760,4,4,12,4,4,4,0,20,20,20260807,5,1,1,1,0,0,0,6230,0.259583,1,0.0015,0
705,6570.37,10,0,2.0405,7.53688,0,0,0,9.57737,361,361,0,1,2.45175,2.45175,1830,367,0,1235,0,0,0,0,0,1337,1627.81,2.40137,3.52742,168488,8,29433,486,464433,32,117732,1944,32,4,644756,1319142,20632192,5276568,25908760,4,4,12,4,4,4,0,20,20,20260807,5,1,1,1,0,0,0,6230,0.259583,1,0.0015,0
706,6575.74,5,0,2.11554,3.18021,0,0,0,5.29575,361,361,0,1,2.45175,2.45175,1830,367,0,1235,0,0,0,0,0,1337,1627.81,2.40137,3.52742,168488,8,29433,486,464433,32,117732,1944,32,4,644756,1319142,20632192,5276568,25908760,4,4,12,4,4,4,0,20,20,20260807,5,1,1,1,0,0,0,6230,0.259583,1,0.0015,0
707,6588.13,13,0,2.16487,10.1403,0,0,0,12.3052,361,361,0,1,2.45175,2.45175,1830,367,0,1235,0,0,0,0,0,1337,1627.81,2.40137,3.52742,168488,8,29433,486,464433,32,117732,1944,32,4,644756,1319142,20632192,5276568,25908760,4,4,12,4,4,4,0,20,20,20260807,5,1,1,1,0,0,0,6230,0.259583,1,0.0015,0
708,6593.58,5,0,2.15117,3.22475,0,0,0,5.37592,361,361,0,1,2.45175,2.45175,1830,367,0,1235,0,0,0,0,0,1337,1627.81,2.40137,3.52742,168488,8,29433,486,464433,32,117732,1944,32,4,644756,1319142,20632192,5276568,25908760,4,4,12,4,4,4,0,20,20,20260807,5,1,1,1,0,0,0,6231,0.259625,1,0.0015,1
709,6603.77,10,0,2.12517,7.96263,0,0,0,10.0878,361,361,0,1,2.45175,2.45175,1830,367,0,1235,0,0,0,0,0,1337,1627.81,2.40137,3.52742,168488,8,29433,486,464433,32,117732,1944,32,4,644756,1319142,20632192,5276568,25908760,4,4,12,4,4,4,0,20,20,20260807,5,1,1,1,0,0,0,6231,0.259625,1,0.0015,0
710,6613.34,10,0,2.15292,7.33546,0,0,0,9.48837,361,361,0,1,2.45175,2.45175,1830,367,0,1235,0,0,0,0,0,1337,1627.81,2.40137,3.52742,168488,8,29433,486,464433,32,117732,1944,32,4,644756,1319142,20632192,5276568,25908760,4,4,12,4,4,4,0,20,20,20260807,5,1,1,1,0,0,0,6231,0.259625,1,0.0015,0
711,6619.81,6,0,2.00629,4.38675,0,0,0,6.39304,361,361,0,1,2.45175,2.45175,1830,367,0,1235,0,0,0,0,0,1337,1627.81,2.40137,3.52742,168488,8,29433,486,464433,32,117732,1944,32,4,644756,1319142,20632192,5276568,25908760,4,4,12,4,4,4,0,20,20,20260807,5,1,1,1,0,0,0,6231,0.259625,1,0.0015,0
712,6625.72,6,0,2.07604,3.73879,0,0,0,5.81483,361,361,0,1,2.45175,2.45175,1830,367,0,1235,0,0,0,0,0,1337,1627.81,2.40137,3.52742,168488,8,29433,486,464433,32,117732,1944,32,4,644756,1319142,20632192,5276568,25908760,4,4,12,4,4,4,0,20,20,20260807,5,1,1,1,0,0,0,6231,0.259625,1,0.0015,0
713,6636.57,11,0,2.39012,8.38554,0,0,0,10.7757,361,361,0,1,2.45175,2.45175,1830,367,0,1235,0,0,0,0,0,1337,1627.81,2.40137,3.52742,168488,8,29433,486,464433,32,117732,1944,32,4,644756,1319142,20632192,5276568,25908760,4,4,12,4,4,4,0,20,20,20260807,5,1,1,1,0,0,0,6231,0.259625,1,0.0015,0
714,6641.99,5,0,2.14521,3.19333,0,0,0,5.33854,361,361,0,1,2.45175,2.45175,1830,367,0,1235,0,0,0,0,0,1337,1627.81,2.40137,3.52742,168488,8,29433,486,464433,32,117732,1944,32,4,644756,1319142,20632192,5276568,25908760,4,4,12,4,4,4,0,20,20,20260807,5,1,1,1,0,0,0,6231,0.259625,1,0.0015,0
715,6653.36,12,0,2.19988,9.08904,0,0,0,11.2889,361,361,0,1,2.45175,2.45175,1830,367,0,1235,0,0,0,0,0,1337,1627.81,2.40137,3.52742,168488,8,29433,486,464433,32,117732,1944,32,4,644756,1319142,20632192,5276568,25908760,4,4,12,4,4,4,0,20,20,20260807,5,1,1,1,0,0,0,6232,0.259667,1,0.0015,1
716,6658.96,5,0,2.18433,3.31,0,0,0,5.49433,361,361,0,1,2.45175,2.45175,1830,367,0,1235,0,0,0,0,0,1337,1627.81,2.40137,3.52742,168488,8,29433,486,464433,32,117732,1944,32,4,644756,1319142,20632192,5276568,25908760,4,4,12,4,4,4,0,20,20,20260807,5,1,1,1,0,0,0,6232,0.259667,1,0.0015,0
717,6669.79,11,0,2.30817,8.45463,0,0,0,10.7628,361,361,0,1,2.45175,2.45175,1830,367,0,1235,0,0,0,0,0,1337,1627.81,2.40137,3.52742,168488,8,29433,486,464433,32,117732,1944,32,4,644756,1319142,20632192,5276568,25908760,4,4,12,4,4,4,0,20,20,20260807,5,1,1,1,0,0,0,6232,0.259667,1,0.0015,0
718,6675.26,6,0,2.01354,3.37613,0,0,0,5.38967,361,361,0,1,2.45175,2.45175,1830,367,0,1235,0,0,0,0,0,1337,1627.81,2.40137,3.52742,168488,8,29433,486,464433,32,117732,1944,32,4,644756,1319142,20632192,5276568,25908760,4,4,12,4,4,4,0,20,20,20260807,5,1,1,1,0,0,0,6232,0.259667,1,0.0015,0
719,6686.4,11,0,2.17692,8.87129,0,0,0,11.0482,361,361,0,1,2.45175,2.45175,1830,367,0,1235,0,0,0,0,0,1337,1627.81,2.40137,3.52742,168488,8,29433,486,464433,32,117732,1944,32,4,644756,1319142,20632192,5276568,25908760,4,4,12,4,4,4,0,20,20,20260807,5,1,1,1,0,0,0,6232,0.259667,1,0.0015,0
720,6692.47,6,0,2.10142,3.89658,0,0,0,5.998,361,361,0,1,2.45175,2.45175,1830,367,0,1235,0,0,0,0,0,1337,1627.81,2.40137,3.52742,168488,8,29433,486,464433,32,117732,1944,32,4,644756,1319142,20632192,5276568,25908760,4,4,12,4,4,4,0,20,20,20260807,5,1,1,1,0,0,0,6232,0.259667,1,0.0015,0
721,6703.18,11,0,2.28938,8.30158,0,0,0,10.591,361,361,0,1,2.45175,2.45175,1830,367,0,1235,0,0,0,0,0,1337,1627.81,2.40137,3.52742,168488,8,29433,486,464433,32,117732,1944,32,4,644756,1319142,20632192,5276568,25908760,4,4,12,4,4,4,0,20,20,20260807,5,1,1,1,0,0,0,6233,0.259708,1,0.0015,1
722,6714.14,11,0,7.69463,3.198,0,0,0,10.8926,361,361,0,1,2.45175,2.45175,1830,367,0,1235,0,0,0,0,0,1337,1627.81,2.40137,3.52742,168488,8,29433,486,464433,32,117732,1944,32,4,644756,1319142,20632192,5276568,25908760,4,4,12,4,4,4,0,20,20,20260807,5,1,1,1,0,0,0,6233,0.259708,1,0.0015,0
723,6719.73,5,0,2.08663,3.41429,0,0,0,5.50092,361,361,0,1,2.45175,2.45175,1830,367,0,1235,0,0,0,0,0,1337,1627.81,2.40137,3.52742,168488,8,29433,486,464433,32,117732,1944,32,4,644756,1319142,20632192,5276568,25908760,4,4,12,4,4,4,0,20,20,20260807,5,1,1,1,0,0,0,6233,0.259708,1,0.0015,0
724,6725.05,5,0,2.27454,2.97629,0,0,0,5.25083,361,361,0,1,2.45175,2.45175,1830,367,0,1235,0,0,0,0,0,1337,1627.81,2.40137,3.52742,168488,8,29433,486,464433,32,117732,1944,32,4,644756,1319142,20632192,5276568,25908760,4,4,12,4,4,4,0,20,20,20260807,5,1,1,1,0,0,0,6233,0.259708,1,0.0015,0
725,6738.88,14,0,2.21021,11.5407,0,0,0,13.7509,361,361,0,1,2.45175,2.45175,1830,367,0,1235,0,0,0,0,0,1337,1627.81,2.40137,3.52742,168488,8,29433,486,464433,32,117732,1944,32,4,644756,1319142,20632192,5276568,25908760,4,4,12,4,4,4,0,20,20,20260807,5,1,1,1,0,0,0,6233,0.259708,1,0.0015,0
726,6745.17,7,0,2.13137,4.08404,0,0,0,6.21542,361,361,0,1,2.45175,2.45175,1830,367,0,1235,0,0,0,0,0,1337,1627.81,2.40137,3.52742,168488,8,29433,486,464433,32,117732,1944,32,4,644756,1319142,20632192,5276568,25908760,4,4,12,4,4,4,0,20,20,20260807,5,1,1,1,0,0,0,6234,0.25975,1,0.0015,1
727,6757.15,12,0,2.03283,9.85525,0,0,0,11.8881,361,361,0,1,2.45175,2.45175,1830,367,0,1235,0,0,0,0,0,1337,1627.81,2.40137,3.52742,168488,8,29433,486,464433,32,117732,1944,32,4,644756,1319142,20632192,5276568,25908760,4,4,12,4,4,4,0,20,20,20260807,5,1,1,1,0,0,0,6234,0.25975,1,0.0015,0
728,6763.03,5,0,2.07538,3.726,0,0,0,5.80138,361,361,0,1,2.45175,2.45175,1830,367,0,1235,0,0,0,0,0,1337,1627.81,2.40137,3.52742,168488,8,29433,486,464433,32,117732,1944,32,4,644756,1319142,20632192,5276568,25908760,4,4,12,4,4,4,0,20,20,20260807,5,1,1,1,0,0,0,6234,0.25975,1,0.0015,0
729,6769.75,7,0,2.04358,4.56767,0,0,0,6.61125,361,361,0,1,2.45175,2.45175,1830,367,0,1235,0,0,0,0,0,1337,1627.81,2.40137,3.52742,168488,8,29433,486,464433,32,117732,1944,32,4,644756,1319142,20632192,5276568,25908760,4,4,12,4,4,4,0,20,20,20260807,5,1,1,1,0,0,0,6234,0.25975,1,0.0015,0
730,6774.91,5,0,2.19963,2.88592,0,0,0,5.08554,361,361,0,1,2.45175,2.45175,1830,367,0,1235,0,0,0,0,0,1337,1627.81,2.40137,3.52742,168488,8,29433,486,464433,32,117732,1944,32,4,644756,1319142,20632192,5276568,25908760,4,4,12,4,4,4,0,20,20,20260807,5,1,1,1,0,0,0,6234,0.25975,1,0.0015,0
731,6786.46,12,0,2.16054,9.27496,0,0,0,11.4355,361,361,0,1,2.45175,2.45175,1830,367,0,1235,0,0,0,0,0,1337,1627.81,2.40137,3.52742,168488,8,29433,486,464433,32,117732,1944,32,4,644756,1319142,20632192,5276568,25908760,4,4,12,4,4,4,0,20,20,20260807,5,1,1,1,0,0,0,6234,0.25975,1,0.0015,0
732,6792.81,6,0,1.97279,4.29971,0,0,0,6.2725,361,361,0,1,2.45175,2.45175,1830,367,0,1235,0,0,0,0,0,1337,1627.81,2.40137,3.52742,168488,8,29433,486,464433,32,117732,1944,32,4,644756,1319142,20632192,5276568,25908760,4,4,12,4,4,4,0,20,20,20260807,5,1,1,1,0,0,0,6234,0.25975,1,0.0015,0
733,6803.14,11,0,2.24808,8.00046,0,0,0,10.2485,361,361,0,1,2.45175,2.45175,1830,367,0,1235,0,0,0,0,0,1337,1627.81,2.40137,3.52742,168488,8,29433,486,464433,32,117732,1944,32,4,644756,1319142,20632192,5276568,25908760,4,4,12,4,4,4,0,20,20,20260807,5,1,1,1,0,0,0,6235,0.259792,1,0.0015,1
734,6808.73,5,0,2.06025,3.44387,0,0,0,5.50413,361,361,0,1,2.45175,2.45175,1830,367,0,1235,0,0,0,0,0,1337,1627.81,2.40137,3.52742,168488,8,29433,486,464433,32,117732,1944,32,4,644756,1319142,20632192,5276568,25908760,4,4,12,4,4,4,0,20,20,20260807,5,1,1,1,0,0,0,6235,0.259792,1,0.0015,0
735,6819.96,11,0,2.92413,8.23725,0,0,0,11.1614,361,361,0,1,2.45175,2.45175,1830,367,0,1235,0,0,0,0,0,1337,1627.81,2.40137,3.52742,168488,8,29433,486,464433,32,117732,1944,32,4,644756,1319142,20632192,5276568,25908760,4,4,12,4,4,4,0,20,20,20260807,5,1,1,1,0,0,0,6235,0.259792,1,0.0015,0
736,6826.64,7,0,2.02992,4.55863,0,0,0,6.58854,361,361,0,1,2.45175,2.45175,1830,367,0,1235,0,0,0,0,0,1337,1627.81,2.40137,3.52742,168488,8,29433,486,464433,32,117732,1944,32,4,644756,1319142,20632192,5276568,25908760,4,4,12,4,4,4,0,20,20,20260807,5,1,1,1,0,0,0,6235,0.259792,1,0.0015,0
737,6837.04,10,0,2.02479,8.30588,0,0,0,10.3307,361,361,0,1,2.45175,2.45175,1830,367,0,1235,0,0,0,0,0,1337,1627.81,2.40137,3.52742,168488,8,29433,486,464433,32,117732,1944,32,4,644756,1319142,20632192,5276568,25908760,4,4,12,4,4,4,0,20,20,20260807,5,1,1,1,0,0,0,6235,0.259792,1,0.0015,0
738,6842.55,6,0,2.12771,3.29917,0,0,0,5.42687,361,361,0,1,2.45175,2.45175,1830,367,0,1235,0,0,0,0,0,1337,1627.81,2.40137,3.52742,168488,8,29433,486,464433,32,117732,1944,32,4,644756,1319142,20632192,5276568,25908760,4,4,12,4,4,4,0,20,20,20260807,5,1,1,1,0,0,0,6235,0.259792,1,0.0015,0
739,6853.3,11,0,3.07158,7.59008,0,0,0,10.6617,361,361,0,1,2.45175,2.45175,1830,367,0,1235,0,0,0,0,0,1337,1627.81,2.40137,3.52742,168488,8,29433,486,464433,32,117732,1944,32,4,644756,1319142,20632192,5276568,25908760,4,4,12,4,4,4,0,20,20,20260807,5,1,1,1,0,0,0,6236,0.259833,1,0.0015,1
740,6860.18,7,0,2.08004,4.73158,0,0,0,6.81163,361,361,0,1,2.45175,2.45175,1830,367,0,1235,0,0,0,0,0,1337,1627.81,2.40137,3.52742,168488,8,29433,486,464433,32,117732,1944,32,4,644756,1319142,20632192,5276568,25908760,4,4,12,4,4,4,0,20,20,20260807,5,1,1,1,0,0,0,6236,0.259833,1,0.0015,0
741,6872.73,12,0,2.16237,10.286,0,0,0,12.4484,361,361,0,1,2.45175,2.45175,1830,367,0,1235,0,0,0,0,0,1337,1627.81,2.40137,3.52742,168488,8,29433,486,464433,32,117732,1944,32,4,644756,1319142,20632192,5276568,25908760,4,4,12,4,4,4,0,20,20,20260807,5,1,1,1,0,0,0,6236,0.259833,1,0.0015,0
742,6878.81,6,0,2.11879,3.87429,0,0,0,5.99308,361,361,0,1,2.45175,2.45175,1830,367,0,1235,0,0,0,0,0,1337,1627.81,2.40137,3.52742,168488,8,29433,486,464433,32,117732,1944,32,4,644756,1319142,20632192,5276568,25908760,4,4,12,4,4,4,0,20,20,20260807,5,1,1,1,0,0,0,6236,0.259833,1,0.0015,0
743,6886.55,8,0,2.10508,5.56137,0,0,0,7.66646,361,361,0,1,2.45175,2.45175,1830,367,0,1235,0,0,0,0,0,1337,1627.81,2.40137,3.52742,168488,8,29433,486,464433,32,117732,1944,32,4,644756,1319142,20632192,5276568,25908760,4,4,12,4,4,4,0,20,20,20260807,5,1,1,1,0,0,0,6236,0.259833,1,0.0015,0
744,6893.49,7,0,2.10792,4.75783,0,0,0,6.86575,361,361,0,1,2.45175,2.45175,1830,367,0,1235,0,0,0,0,0,1337,1627.81,2.40137,3.52742,168488,8,29433,486,464433,32,117732,1944,32,4,644756,1319142,20632192,5276568,25908760,4,4,12,4,4,4,0,20,20,20260807,5,1,1,1,0,0,0,6236,0.259833,1,0.0015,0
745,6903.21,10,0,2.26671,7.32492,0,0,0,9.59163,361,361,0,1,2.45175,2.45175,1830,367,0,1235,0,0,0,0,0,1337,1627.81,2.40137,3.52742,168488,8,29433,486,464433,32,117732,1944,32,4,644756,1319142,20632192,5276568,25908760,4,4,12,4,4,4,0,20,20,20260807,5,1,1,1,0,0,0,6237,0.259875,1,0.0015,1
746,6909.2,6,0,2.09771,3.81696,0,0,0,5.91467,361,361,0,1,2.45175,2.45175,1830,367,0,1235,0,0,0,0,0,1337,1627.81,2.40137,3.52742,168488,8,29433,486,464433,32,117732,1944,32,4,644756,1319142,20632192,5276568,25908760,4,4,12,4,4,4,0,20,20,20260807,5,1,1,1,0,0,0,6237,0.259875,1,0.0015,0
747,6919.78,10,0,4.85517,5.63858,0,0,0,10.4938,361,361,0,1,2.45175,2.45175,1830,367,0,1235,0,0,0,0,0,1337,1627.81,2.40137,3.52742,168488,8,29433,486,464433,32,117732,1944,32,4,644756,1319142,20632192,5276568,25908760,4,4,12,4,4,4,0,20,20,20260807,5,1,1,1,0,0,0,6237,0.259875,1,0.0015,0
748,6926.74,7,0,2.18892,4.69471,0,0,0,6.88363,361,361,0,1,2.45175,2.45175,1830,367,0,1235,0,0,0,0,0,1337,1627.81,2.40137,3.52742,168488,8,29433,486,464433,32,117732,1944,32,4,644756,1319142,20632192,5276568,25908760,4,4,12,4,4,4,0,20,20,20260807,5,1,1,1,0,0,0,6237,0.259875,1,0.0015,0
749,6937.1,11,0,2.16237,8.093,0,0,0,10.2554,361,361,0,1,2.45175,2.45175,1830,367,0,1235,0,0,0,0,0,1337,1627.81,2.40137,3.52742,168488,8,29433,486,464433,32,117732,1944,32,4,644756,1319142,20632192,5276568,25908760,4,4,12,4,4,4,0,20,20,20260807,5,1,1,1,0,0,0,6237,0.259875,1,0.0015,0
750,6942.35,5,0,2.10658,3.06013,0,0,0,5.16671,361,361,0,1,2.45175,2.45175,1830,367,0,1235,0,0,0,0,0,1337,1627.81,2.40137,3.52742,168488,8,29433,486,464433,32,117732,1944,32,4,644756,1319142,20632192,5276568,25908760,4,4,12,4,4,4,0,20,20,20260807,5,1,1,1,0,0,0,6237,0.259875,1,0.0015,0
751,6953.3,11,0,2.25446,8.62442,0,0,0,10.8789,361,361,0,1,2.45175,2.45175,1830,367,0,1235,0,0,0,0,0,1337,1627.81,2.40137,3.52742,168488,8,29433,486,464433,32,117732,1944,32,4,644756,1319142,20632192,5276568,25908760,4,4,12,4,4,4,0,20,20,20260807,5,1,1,1,0,0,0,6238,0.259917,1,0.0015,1
752,6960.08,7,0,2.07004,4.62737,0,0,0,6.69742,361,361,0,1,2.45175,2.45175,1830,367,0,1235,0,0,0,0,0,1337,1627.81,2.40137,3.52742,168488,8,29433,486,464433,32,117732,1944,32,4,644756,1319142,20632192,5276568,25908760,4,4,12,4,4,4,0,20,20,20260807,5,1,1,1,0,0,0,6238,0.259917,1,0.0015,0
753,6970.4,10,0,4.01617,6.22475,0,0,0,10.2409,361,361,0,1,2.45175,2.45175,1830,367,0,1235,0,0,0,0,0,1337,1627.81,2.40137,3.52742,168488,8,29433,486,464433,32,117732,1944,32,4,644756,1319142,20632192,5276568,25908760,4,4,12,4,4,4,0,20,20,20260807,5,1,1,1,0,0,0,6238,0.259917,1,0.0015,0
754,6975.98,5,0,2.16292,3.32921,0,0,0,5.49212,361,361,0,1,2.45175,2.45175,1830,367,0,1235,0,0,0,0,0,1337,1627.81,2.40137,3.52742,168488,8,29433,486,464433,32,117732,1944,32,4,644756,1319142,20632192,5276568,25908760,4,4,12,4,4,4,0,20,20,20260807,5,1,1,1,0,0,0,6238,0.259917,1,0.0015,0
755,6986.55,11,0,3.08183,7.41996,0,0,0,10.5018,361,361,0,1,2.45175,2.45175,1830,367,0,1235,0,0,0,0,0,1337,1627.81,2.40137,3.52742,168488,8,29433,486,464433,32,117732,1944,32,4,644756,1319142,20632192,5276568,25908760,4,4,12,4,4,4,0,20,20,20260807,5,1,1,1,0,0,0,6238,0.259917,1,0.0015,0
756,6995.64,9,0,2.04296,6.95433,0,0,0,8.99729,361,361,0,1,2.45175,2.45175,1830,367,0,1235,0,0,0,0,0,1337,1627.81,2.40137,3.52742,168488,8,29433,486,464433,32,117732,1944,32,4,644756,1319142,20632192,5276568,25908760,4,4,12,4,4,4,0,20,20,20260807,5,1,1,1,0,0,0,6238,0.259917,1,0.0015,0
757,7003.19,8,0,2.15729,5.31558,0,0,0,7.47288,361,361,0,1,2.45175,2.45175,1830,367,0,1235,0,0,0,0,0,1337,1627.81,2.40137,3.52742,168488,8,29433,486,464433,32,117732,1944,32,4,644756,1319142,20632192,5276568,25908760,4,4,12,4,4,4,0,20,20,20260807,5,1,1,1,0,0,0,6239,0.259958,1,0.0015,1
758,7009.49,6,0,2.09333,4.12925,0,0,0,6.22258,361,361,0,1,2.45175,2.45175,1830,367,0,1235,0,0,0,0,0,1337,1627.81,2.40137,3.52742,168488,8,29433,486,464433,32,117732,1944,32,4,644756,1319142,20632192,5276568,25908760,4,4,12,4,4,4,0,20,20,20260807,5,1,1,1,0,0,0,6239,0.259958,1,0.0015,0
759,7019.9,10,0,2.25838,8.02458,0,0,0,10.283,361,361,0,1,2.45175,2.45175,1830,367,0,1235,0,0,0,0,0,1337,1627.81,2.40137,3.52742,168488,8,29433,486,464433,32,117732,1944,32,4,644756,1319142,20632192,5276568,25908760,4,4,12,4,4,4,0,20,20,20260807,5,1,1,1,0,0,0,6239,0.259958,1,0.0015,0
760,7026.52,7,0,2.11,4.44004,0,0,0,6.55004,361,361,0,1,2.45175,2.45175,1830,367,0,1235,0,0,0,0,0,1337,1627.81,2.40137,3.52742,168488,8,29433,486,464433,32,117732,1944,32,4,644756,1319142,20632192,5276568,25908760,4,4,12,4,4,4,0,20,20,20260807,5,1,1,1,0,0,0,6239,0.259958,1,0.0015,0
761,7036.66,9,0,2.16787,7.89554,0,0,0,10.0634,361,361,0,1,2.45175,2.45175,1830,367,0,1235,0,0,0,0,0,1337,1627.81,2.40137,3.52742,168488,8,29433,486,464433,32,117732,1944,32,4,644756,1319142,20632192,5276568,25908760,4,4,12,4,4,4,0,20,20,20260807,5,1,1,1,0,0,0,6239,0.259958,1,0.0015,0
762,7042.81,6,0,2.14996,3.9155,0,0,0,6.06546,361,361,0,1,2.45175,2.45175,1830,367,0,1235,0,0,0,0,0,1337,1627.81,2.40137,3.52742,168488,8,29433,486,464433,32,117732,1944,32,4,644756,1319142,20632192,5276568,25908760,4,4,12,4,4,4,0,20,20,20260807,5,1,1,1,0,0,0,6239,0.259958,1,0.0015,0
763,7053.26,11,0,2.26579,8.09238,0,0,0,10.3582,361,361,0,1,2.45175,2.45175,1830,367,0,1235,0,0,0,0,0,1337,1627.81,2.40137,3.52742,168488,8,29433,486,464433,32,117732,1944,32,4,644756,1319142,20632192,5276568,25908760,4,4,12,4,4,4,0,20,20,20260807,5,1,1,1,0,0,0,6240,0.26,1,0.0015,1
764,7065.58,12,0,2.132,10.1064,0,0,0,12.2384,361,361,0,1,2.45175,2.45175,1830,367,0,1235,0,0,0,0,0,1337,1627.81,2.40137,3.52742,168488,8,29433,486,464433,32,117732,1944,32,4,644756,1319142,20632192,5276568,25908760,4,4,12,4,4,4,0,20,20,20260807,5,1,1,1,0,0,0,6240,0.26,1,0.0015,0
765,7070.82,5,0,2.11146,3.04046,0,0,0,5.15192,361,361,0,1,2.45175,2.45175,1830,367,0,1235,0,0,0,0,0,1337,1627.81,2.40137,3.52742,168488,8,29433,486,464433,32,117732,1944,32,4,644756,1319142,20632192,5276568,25908760,4,4,12,4,4,4,0,20,20,20260807,5,1,1,1,0,0,0,6240,0.26,1,0.0015,0
766,7075.98,5,0,2.20617,2.87229,0,0,0,5.07846,361,361,0,1,2.45175,2.45175,1830,367,0,1235,0,0,0,0,0,1337,1627.81,2.40137,3.52742,168488,8,29433,486,464433,32,117732,1944,32,4,644756,1319142,20632192,5276568,25908760,4,4,12,4,4,4,0,20,20,20260807,5,1,1,1,0,0,0,6240,0.26,1,0.0015,0
767,7086.65,11,0,5.35704,5.232,0,0,0,10.589,361,361,0,1,2.45175,2.45175,1830,367,0,1235,0,0,0,0,0,1337,1627.81,2.40137,3.52742,168488,8,29433,486,464433,32,117732,1944,32,4,644756,1319142,20632192,5276568,25908760,4,4,12,4,4,4,0,20,20,20260807,5,1,1,1,0,0,0,6240,0.26,1,0.0015,0
768,7093.27,7,0,2.09708,4.45033,0,0,0,6.54742,361,361,0,1,2.45175,2.45175,1830,367,0,1235,0,0,0,0,0,1337,1627.81,2.40137,3.52742,168488,8,29433,486,464433,32,117732,1944,32,4,644756,1319142,20632192,5276568,25908760,4,4,12,4,4,4,0,20,20,20260807,5,1,1,1,0,0,0,6240,0.26,1,0.0015,0
769,7103.29,10,0,2.14567,7.78583,0,0,0,9.9315,361,361,0,1,2.45175,2.45175,1830,367,0,1235,0,0,0,0,0,1337,1627.81,2.40137,3.52742,168488,8,29433,486,464433,32,117732,1944,32,4,644756,1319142,20632192,5276568,25908760,4,4,12,4,4,4,0,20,20,20260807,5,1,1,1,0,0,0,6241,0.260042,1,0.0015,1
770,7108.78,5,0,2.08996,3.31133,0,0,0,5.40129,361,361,0,1,2.45175,2.45175,1830,367,0,1235,0,0,0,0,0,1337,1627.81,2.40137,3.52742,168488,8,29433,486,464433,32,117732,1944,32,4,644756,1319142,20632192,5276568,25908760,4,4,12,4,4,4,0,20,20,20260807,5,1,1,1,0,0,0,6241,0.260042,1,0.0015,0
771,7123.05,14,0,2.29829,11.8897,0,0,0,14.188,361,361,0,1,2.45175,2.45175,1830,367,0,1235,0,0,0,0,0,1337,1627.81,2.40137,3.52742,168488,8,29433,486,464433,32,117732,1944,32,4,644756,1319142,20632192,5276568,25908760,4,4,12,4,4,4,0,20,20,20260807,5,1,1,1,0,0,0,6241,0.260042,1,0.0015,0
772,7133.36,11,0,2.04196,8.18325,0,0,0,10.2252,361,361,0,1,2.45175,2.45175,1830,367,0,1235,0,0,0,0,0,1337,1627.81,2.40137,3.52742,168488,8,29433,486,464433,32,117732,1944,32,4,644756,1319142,20632192,5276568,25908760,4,4,12,4,4,4,0,20,20,20260807,5,1,1,1,0,0,0,6241,0.260042,1,0.0015,0
773,7153.38,20,0,2.19779,17.7513,0,0,0,19.9491,361,361,0,1,2.45175,2.45175,1830,367,0,1235,0,0,0,0,0,1337,1627.81,2.40137,3.52742,168488,8,29433,486,464433,32,117732,1944,32,4,644756,1319142,20632192,5276568,25908760,4,4,12,4,4,4,0,20,20,20260807,5,1,1,1,0,0,0,6241,0.260042,1,0.0015,0
774,7159.98,6,0,2.08783,4.39921,0,0,0,6.48704,361,361,0,1,2.45175,2.45175,1830,367,0,1235,0,0,0,0,0,1337,1627.81,2.40137,3.52742,168488,8,29433,486,464433,32,117732,1944,32,4,644756,1319142,20632192,5276568,25908760,4,4,12,4,4,4,0,20,20,20260807,5,1,1,1,0,0,0,6242,0.260083,1,0.0015,1
775,7169.92,10,0,2.213,7.64796,0,0,0,9.86096,361,361,0,1,2.45175,2.45175,1830,367,0,1235,0,0,0,0,0,1337,1627.81,2.40137,3.52742,168488,8,29433,486,464433,32,117732,1944,32,4,644756,1319142,20632192,5276568,25908760,4,4,12,4,4,4,0,20,20,20260807,5,1,1,1,0,0,0,6242,0.260083,1,0.0015,0
776,7175.81,6,0,2.12462,3.68546,0,0,0,5.81008,361,361,0,1,2.45175,2.45175,1830,367,0,1235,0,0,0,0,0,1337,1627.81,2.40137,3.52742,168488,8,29433,486,464433,32,117732,1944,32,4,644756,1319142,20632192,5276568,25908760,4,4,12,4,4,4,0,20,20,20260807,5,1,1,1,0,0,0,6242,0.260083,1,0.0015,0
777,7186.61,11,0,2.38813,8.33896,0,0,0,10.7271,361,361,0,1,2.45175,2.45175,1830,367,0,1235,0,0,0,0,0,1337,1627.81,2.40137,3.52742,168488,8,29433,486,464433,32,117732,1944,32,4,644756,1319142,20632192,5276568,25908760,4,4,12,4,4,4,0,20,20,20260807,5,1,1,1,0,0,0,6242,0.260083,1,0.0015,0
778,7192.88,6,0,2.11379,4.06538,0,0,0,6.17917,361,361,0,1,2.45175,2.45175,1830,367,0,1235,0,0,0,0,0,1337,1627.81,2.40137,3.52742,168488,8,29433,486,464433,32,117732,1944,32,4,644756,1319142,20632192,5276568,25908760,4,4,12,4,4,4,0,20,20,20260807,5,1,1,1,0,0,0,6242,0.260083,1,0.0015,0
779,7204.58,12,0,2.23271,9.37642,0,0,0,11.6091,361,361,0,1,2.45175,2.45175,1830,367,0,1235,0,0,0,0,0,1337,1627.81,2.40137,3.52742,168488,8,29433,486,464433,32,117732,1944,32,4,644756,1319142,20632192,5276568,25908760,4,4,12,4,4,4,0,20,20,20260807,5,1,1,1,0,0,0,6243,0.260125,1,0.0015,1
780,7209.77,5,0,2.12342,2.98696,0,0,0,5.11038,361,361,0,1,2.45175,2.45175,1830,367,0,1235,0,0,0,0,0,1337,1627.81,2.40137,3.52742,168488,8,29433,486,464433,32,117732,1944,32,4,644756,1319142,20632192,5276568,25908760,4,4,12,4,4,4,0,20,20,20260807,5,1,1,1,0,0,0,6243,0.260125,1,0.0015,0
781,7219.82,10,0,2.31675,7.64592,0,0,0,9.96267,361,361,0,1,2.45175,2.45175,1830,367,0,1235,0,0,0,0,0,1337,1627.81,2.40137,3.52742,168488,8,29433,486,464433,32,117732,1944,32,4,644756,1319142,20632192,5276568,25908760,4,4,12,4,4,4,0,20,20,20260807,5,1,1,1,0,0,0,6243,0.260125,1,0.0015,0
782,7226.35,7,0,2.0635,4.38867,0,0,0,6.45217,361,361,0,1,2.45175,2.45175,1830,367,0,1235,0,0,0,0,0,1337,1627.81,2.40137,3.52742,168488,8,29433,486,464433,32,117732,1944,32,4,644756,1319142,20632192,5276568,25908760,4,4,12,4,4,4,0,20,20,20260807,5,1,1,1,0,0,0,6243,0.260125,1,0.0015,0
783,7236.48,10,0,2.15629,7.89267,0,0,0,10.049,361,361,0,1,2.45175,2.45175,1830,367,0,1235,0,0,0,0,0,1337,1627.81,2.40137,3.52742,168488,8,29433,486,464433,32,117732,1944,32,4,644756,1319142,20632192,5276568,25908760,4,4,12,4,4,4,0,20,20,20260807,5,1,1,1,0,0,0,6243,0.260125,1,0.0015,0
784,7242.44,6,0,2.06975,3.81083,0,0,0,5.88058,361,361,0,1,2.45175,2.45175,1830,367,0,1235,0,0,0,0,0,1337,1627.81,2.40137,3.52742,168488,8,29433,486,464433,32,117732,1944,32,4,644756,1319142,20632192,5276568,25908760,4,4,12,4,4,4,0,20,20,20260807,5,1,1,1,0,0,0,6243,0.260125,1,0.0015,0
785,7253.22,11,0,2.845,7.85213,0,0,0,10.6971,361,361,0,1,2.45175,2.45175,1830,367,0,1235,0,0,0,0,0,1337,1627.81,2.40137,3.52742,168488,8,29433,486,464433,32,117732,1944,32,4,644756,1319142,20632192,5276568,25908760,4,4,12,4,4,4,0,20,20,20260807,5,1,1,1,0,0,0,6244,0.260167,1,0.0015,1
786,7259.53,6,0,2.07142,4.16317,0,0,0,6.23458,361,361,0,1,2.45175,2.45175,1830,367,0,1235,0,0,0,0,0,1337,1627.81,2.40137,3.52742,168488,8,29433,486,464433,32,117732,1944,32,4,644756,1319142,20632192,5276568,25908760,4,4,12,4,4,4,0,20,20,20260807,5,1,1,1,0,0,0,6244,0.260167,1,0.0015,0
787,7269.83,10,0,2.39758,7.82463,0,0,0,10.2222,361,361,0,1,2.45175,2.45175,1830,367,0,1235,0,0,0,0,0,1337,1627.81,2.40137,3.52742,168488,8,29433,486,464433,32,117732,1944,32,4,644756,1319142,20632192,5276568,25908760,4,4,12,4,4,4,0,20,20,20260807,5,1,1,1,0,0,0,6244,0.260167,1,0.0015,0
788,7275.56,6,0,2.06271,3.55017,0,0,0,5.61287,361,361,0,1,2.45175,2.45175,1830,367,0,1235,0,0,0,0,0,1337,1627.81,2.40137,3.52742,168488,8,29433,486,464433,32,117732,1944,32,4,644756,1319142,20632192,5276568,25908760,4,4,12,4,4,4,0,20,20,20260807,5,1,1,1,0,0,0,6244,0.260167,1,0.0015,0
789,7286.7,12,0,2.14471,8.91858,0,0,0,11.0633,361,361,0,1,2.45175,2.45175,1830,367,0,1235,0,0,0,0,0,1337,1627.81,2.40137,3.52742,168488,8,29433,486,464433,32,117732,1944,32,4,644756,1319142,20632192,5276568,25908760,4,4,12,4,4,4,0,20,20,20260807,5,1,1,1,0,0,0,6244,0.260167,1,0.0015,0
790,7292.6,6,0,2.10979,3.70929,0,0,0,5.81908,361,361,0,1,2.45175,2.45175,1830,367,0,1235,0,0,0,0,0,1337,1627.81,2.40137,3.52742,168488,8,29433,486,464433,32,117732,1944,32,4,644756,1319142,20632192,5276568,25908760,4,4,12,4,4,4,0,20,20,20260807,5,1,1,1,0,0,0,6244,0.260167,1,0.0015,0
791,7303.62,11,0,2.29475,8.65017,0,0,0,10.9449,361,361,0,1,2.45175,2.45175,1830,367,0,1235,0,0,0,0,0,1337,1627.81,2.40137,3.52742,168488,8,29433,486,464433,32,117732,1944,32,4,644756,1319142,20632192,5276568,25908760,4,4,12,4,4,4,0,20,20,20260807,5,1,1,1,0,0,0,6245,0.260208,1,0.0015,1
792,7309.23,6,0,2.09854,3.42888,0,0,0,5.52742,361,361,0,1,2.45175,2.45175,1830,367,0,1235,0,0,0,0,0,1337,1627.81,2.40137,3.52742,168488,8,29433,486,464433,32,117732,1944,32,4,644756,1319142,20632192,5276568,25908760,4,4,12,4,4,4,0,20,20,20260807,5,1,1,1,0,0,0,6245,0.260208,1,0.0015,0
793,7319.85,10,0,2.36383,8.17883,0,0,0,10.5427,361,361,0,1,2.45175,2.45175,1830,367,0,1235,0,0,0,0,0,1337,1627.81,2.40137,3.52742,168488,8,29433,486,464433,32,117732,1944,32,4,644756,1319142,20632192,5276568,25908760,4,4,12,4,4,4,0,20,20,20260807,5,1,1,1,0,0,0,6245,0.260208,1,0.0015,0
794,7326.66,7,0,2.05121,4.67321,0,0,0,6.72442,361,361,0,1,2.45175,2.45175,1830,367,0,1235,0,0,0,0,0,1337,1627.81,2.40137,3.52742,168488,8,29433,486,464433,32,117732,1944,32,4,644756,1319142,20632192,5276568,25908760,4,4,12,4,4,4,0,20,20,20260807,5,1,1,1,0,0,0,6245,0.260208,1,0.0015,0
795,7336.56,10,0,2.03579,7.79108,0,0,0,9.82687,361,361,0,1,2.45175,2.45175,1830,367,0,1235,0,0,0,0,0,1337,1627.81,2.40137,3.52742,168488,8,29433,486,464433,32,117732,1944,32,4,644756,1319142,20632192,5276568,25908760,4,4,12,4,4,4,0,20,20,20260807,5,1,1,1,0,0,0,6245,0.260208,1,0.0015,0
796,7342.33,6,0,2.10071,3.57929,0,0,0,5.68,361,361,0,1,2.45175,2.45175,1830,367,0,1235,0,0,0,0,0,1337,1627.81,2.40137,3.52742,168488,8,29433,486,464433,32,117732,1944,32,4,644756,1319142,20632192,5276568,25908760,4,4,12,4,4,4,0,20,20,20260807,5,1,1,1,0,0,0,6245,0.260208,1,0.0015,0
797,7353.76,11,0,8.22646,3.13129,0,0,0,11.3577,361,361,0,1,2.45175,2.45175,1830,367,0,1235,0,0,0,0,0,1337,1627.81,2.40137,3.52742,168488,8,29433,486,464433,32,117732,1944,32,4,644756,1319142,20632192,5276568,25908760,4,4,12,4,4,4,0,20,20,20260807,5,1,1,1,0,0,0,6246,0.26025,1,0.0015,1
798,7358.82,5,0,2.09642,2.88238,0,0,0,4.97879,361,361,0,1,2.45175,2.45175,1830,367,0,1235,0,0,0,0,0,1337,1627.81,2.40137,3.52742,168488,8,29433,486,464433,32,117732,1944,32,4,644756,1319142,20632192,5276568,25908760,4,4,12,4,4,4,0,20,20,20260807,5,1,1,1,0,0,0,6246,0.26025,1,0.0015,0
799,7369.95,11,0,2.13638,8.90425,0,0,0,11.0406,361,361,0,1,2.45175,2.45175,1830,367,0,1235,0,0,0,0,0,1337,1627.81,2.40137,3.52742,168488,8,29433,486,464433,32,117732,1944,32,4,644756,1319142,20632192,5276568,25908760,4,4,12,4,4,4,0,20,20,20260807,5,1,1,1,0,0,0,6246,0.26025,1,0.0015,0
800,7375.81,6,0,2.12029,3.66254,0,0,0,5.78283,361,361,0,1,2.45175,2.45175,1830,367,0,1235,0,0,0,0,0,1337,1627.81,2.40137,3.52742,168488,8,29433,486,464433,32,117732,1944,32,4,644756,1319142,20632192,5276568,25908760,4,4,12,4,4,4,0,20,20,20260807,5,1,1,1,0,0,0,6246,0.26025,1,0.0015,0
801,7386.67,11,0,2.21338,8.56196,0,0,0,10.7753,361,361,0,1,2.45175,2.45175,1830,367,0,1235,0,0,0,0,0,1337,1627.81,2.40137,3.52742,168488,8,29433,486,464433,32,117732,1944,32,4,644756,1319142,20632192,5276568,25908760,4,4,12,4,4,4,0,20,20,20260807,5,1,1,1,0,0,0,6246,0.26025,1,0.0015,0
802,7392.68,6,0,2.12792,3.80167,0,0,0,5.92958,361,361,0,1,2.45175,2.45175,1830,367,0,1235,0,0,0,0,0,1337,1627.81,2.40137,3.52742,168488,8,29433,486,464433,32,117732,1944,32,4,644756,1319142,20632192,5276568,25908760,4,4,12,4,4,4,0,20,20,20260807,5,1,1,1,0,0,0,6246,0.26025,1,0.0015,0
803,7403.31,11,0,2.30204,8.22492,0,0,0,10.527,361,361,0,1,2.45175,2.45175,1830,367,0,1235,0,0,0,0,0,1337,1627.81,2.40137,3.52742,168488,8,29433,486,464433,32,117732,1944,32,4,644756,1319142,20632192,5276568,25908760,4,4,12,4,4,4,0,20,20,20260807,5,1,1,1,0,0,0,6247,0.260292,1,0.0015,1
804,7408.84,5,0,2.12533,3.33462,0,0,0,5.45996,361,361,0,1,2.45175,2.45175,1830,367,0,1235,0,0,0,0,0,1337,1627.81,2.40137,3.52742,168488,8,29433,486,464433,32,117732,1944,32,4,644756,1319142,20632192,5276568,25908760,4,4,12,4,4,4,0,20,20,20260807,5,1,1,1,0,0,0,6247,0.260292,1,0.0015,0
805,7419.98,11,0,2.20525,8.84592,0,0,0,11.0512,361,361,0,1,2.45175,2.45175,1830,367,0,1235,0,0,0,0,0,1337,1627.81,2.40137,3.52742,168488,8,29433,486,464433,32,117732,1944,32,4,644756,1319142,20632192,5276568,25908760,4,4,12,4,4,4,0,20,20,20260807,5,1,1,1,0,0,0,6247,0.260292,1,0.0015,0
806,7426.59,7,0,2.06217,4.47942,0,0,0,6.54158,361,361,0,1,2.45175,2.45175,1830,367,0,1235,0,0,0,0,0,1337,1627.81,2.40137,3.52742,168488,8,29433,486,464433,32,117732,1944,32,4,644756,1319142,20632192,5276568,25908760,4,4,12,4,4,4,0,20,20,20260807,5,1,1,1,0,0,0,6247,0.260292,1,0.0015,0
807,7436.62,10,0,2.13825,7.79612,0,0,0,9.93437,361,361,0,1,2.45175,2.45175,1830,367,0,1235,0,0,0,0,0,1337,1627.81,2.40137,3.52742,168488,8,29433,486,464433,32,117732,1944,32,4,644756,1319142,20632192,5276568,25908760,4,4,12,4,4,4,0,20,20,20260807,5,1,1,1,0,0,0,6247,0.260292,1,0.0015,0
808,7441.66,5,0,2.11287,2.84104,0,0,0,4.95392,361,361,0,1,2.45175,2.45175,1830,367,0,1235,0,0,0,0,0,1337,1627.81,2.40137,3.52742,168488,8,29433,486,464433,32,117732,1944,32,4,644756,1319142,20632192,5276568,25908760,4,4,12,4,4,4,0,20,20,20260807,5,1,1,1,0,0,0,6247,0.260292,1,0.0015,0
809,7453.31,12,0,2.298,9.27662,0,0,0,11.5746,361,361,0,1,2.45175,2.45175,1830,367,0,1235,0,0,0,0,0,1337,1627.81,2.40137,3.52742,168488,8,29433,486,464433,32,117732,1944,32,4,644756,1319142,20632192,5276568,25908760,4,4,12,4,4,4,0,20,20,20260807,5,1,1,1,0,0,0,6248,0.260333,1,0.0015,1
810,7459.63,6,0,2.07067,4.17471,0,0,0,6.24538,361,361,0,1,2.45175,2.45175,1830,367,0,1235,0,0,0,0,0,1337,1627.81,2.40137,3.52742,168488,8,29433,486,464433,32,117732,1944,32,4,644756,1319142,20632192,5276568,25908760,4,4,12,4,4,4,0,20,20,20260807,5,1,1,1,0,0,0,6248,0.260333,1,0.0015,0
811,7472.9,13,0,2.20221,10.9907,0,0,0,13.1929,361,361,0,1,2.45175,2.45175,1830,367,0,1235,0,0,0,0,0,1337,1627.81,2.40137,3.52742,168488,8,29433,486,464433,32,117732,1944,32,4,644756,1319142,20632192,5276568,25908760,4,4,12,4,4,4,0,20,20,20260807,5,1,1,1,0,0,0,6248,0.260333,1,0.0015,0
812,7478.93,6,0,2.09842,3.84533,0,0,0,5.94375,361,361,0,1,2.45175,2.45175,1830,367,0,1235,0,0,0,0,0,1337,1627.81,2.40137,3.52742,168488,8,29433,486,464433,32,117732,1944,32,4,644756,1319142,20632192,5276568,25908760,4,4,12,4,4,4,0,20,20,20260807,5,1,1,1,0,0,0,6248,0.260333,1,0.0015,0
813,7486.65,8,0,2.08783,5.56313,0,0,0,7.65096,361,361,0,1,2.45175,2.45175,1830,367,0,1235,0,0,0,0,0,1337,1627.81,2.40137,3.52742,168488,8,29433,486,464433,32,117732,1944,32,4,644756,1319142,20632192,5276568,25908760,4,4,12,4,4,4,0,20,20,20260807,5,1,1,1,0,0,0,6248,0.260333,1,0.0015,0
814,7493.6,7,0,2.07229,4.78017,0,0,0,6.85246,361,361,0,1,2.45175,2.45175,1830,367,0,1235,0,0,0,0,0,1337,1627.81,2.40137,3.52742,168488,8,29433,486,464433,32,117732,1944,32,4,644756,1319142,20632192,5276568,25908760,4,4,12,4,4,4,0,20,20,20260807,5,1,1,1,0,0,0,6248,0.260333,1,0.0015,0
815,7504.86,11,0,2.1465,9.023,0,0,0,11.1695,361,361,0,1,2.45175,2.45175,1830,367,0,1235,0,0,0,0,0,1337,1627.81,2.40137,3.52742,168488,8,29433,486,464433,32,117732,1944,32,4,644756,1319142,20632192,5276568,25908760,4,4,12,4,4,4,0,20,20,20260807,5,1,1,1,0,0,0,6249,0.260375,1,0.0015,1
816,7510.9,6,0,2.14404,3.81983,0,0,0,5.96387,361,361,0,1,2.45175,2.45175,1830,367,0,1235,0,0,0,0,0,1337,1627.81,2.40137,3.52742,168488,8,29433,486,464433,32,117732,1944,32,4,644756,1319142,20632192,5276568,25908760,4,4,12,4,4,4,0,20,20,20260807,5,1,1,1,0,0,0,6249,0.260375,1,0.0015,0
817,7520.16,10,0,2.09567,7.04492,0,0,0,9.14058,361,361,0,1,2.45175,2.45175,1830,367,0,1235,0,0,0,0,0,1337,1627.81,2.40137,3.52742,168488,8,29433,486,464433,32,117732,1944,32,4,644756,1319142,20632192,5276568,25908760,4,4,12,4,4,4,0,20,20,20260807,5,1,1,1,0,0,0,6249,0.260375,1,0.0015,0
818,7526.62,6,0,2.12858,4.24671,0,0,0,6.37529,361,361,0,1,2.45175,2.45175,1830,367,0,1235,0,0,0,0,0,1337,1627.81,2.40137,3.52742,168488,8,29433,486,464433,32,117732,1944,32,4,644756,1319142,20632192,5276568,25908760,4,4,12,4,4,4,0,20,20,20260807,5,1,1,1,0,0,0,6249,0.260375,1,0.0015,0
819,7536.53,10,0,2.06204,7.76225,0,0,0,9.82429,361,361,0,1,2.45175,2.45175,1830,367,0,1235,0,0,0,0,0,1337,1627.81,2.40137,3.52742,168488,8,29433,486,464433,32,117732,1944,32,4,644756,1319142,20632192,5276568,25908760,4,4,12,4,4,4,0,20,20,20260807,5,1,1,1,0,0,0,6249,0.260375,1,0.0015,0
820,7542.22,6,0,2.07975,3.53917,0,0,0,5.61892,361,361,0,1,2.45175,2.45175,1830,367,0,1235,0,0,0,0,0,1337,1627.81,2.40137,3.52742,168488,8,29433,486,464433,32,117732,1944,32,4,644756,1319142,20632192,5276568,25908760,4,4,12,4,4,4,0,20,20,20260807,5,1,1,1,0,0,0,6249,0.260375,1,0.0015,0
821,7553.38,11,0,2.29,8.77696,0,0,0,11.067,361,361,0,1,2.45175,2.45175,1830,367,0,1235,0,0,0,0,0,1337,1627.81,2.40137,3.52742,168488,8,29433,486,464433,32,117732,1944,32,4,644756,1319142,20632192,5276568,25908760,4,4,12,4,4,4,0,20,20,20260807,5,1,1,1,0,0,0,6250,0.260417,1,0.0015,1
822,7560.22,7,0,2.07721,4.68175,0,0,0,6.75896,361,361,0,1,2.45175,2.45175,1830,367,0,1235,0,0,0,0,0,1337,1627.81,2.40137,3.52742,168488,8,29433,486,464433,32,117732,1944,32,4,644756,1319142,20632192,5276568,25908760,4,4,12,4,4,4,0,20,20,20260807,5,1,1,1,0,0,0,6250,0.260417,1,0.0015,0
823,7569.89,9,0,2.09533,7.47854,0,0,0,9.57387,361,361,0,1,2.45175,2.45175,1830,367,0,1235,0,0,0,0,0,1337,1627.81,2.40137,3.52742,168488,8,29433,486,464433,32,117732,1944,32,4,644756,1319142,20632192,5276568,25908760,4,4,12,4,4,4,0,20,20,20260807,5,1,1,1,0,0,0,6250,0.260417,1,0.0015,0
824,7575.89,6,0,2.12942,3.78746,0,0,0,5.91688,361,361,0,1,2.45175,2.45175,1830,367,0,1235,0,0,0,0,0,1337,1627.81,2.40137,3.52742,168488,8,29433,486,464433,32,117732,1944,32,4,644756,1319142,20632192,5276568,25908760,4,4,12,4,4,4,0,20,20,20260807,5,1,1,1,0,0,0,6250,0.260417,1,0.0015,0
825,7589.22,14,0,2.53879,10.7167,0,0,0,13.2555,361,361,0,1,2.45175,2.45175,1830,367,0,1235,0,0,0,0,0,1337,1627.81,2.40137,3.52742,168488,8,29433,486,464433,32,117732,1944,32,4,644756,1319142,20632192,5276568,25908760,4,4,12,4,4,4,0,20,20,20260807,5,1,1,1,0,0,0,6250,0.260417,1,0.0015,0
826,7597.69,8,0,2.24196,6.14729,0,0,0,8.38925,361,361,0,1,2.45175,2.45175,1830,367,0,1235,0,0,0,0,0,1337,1627.81,2.40137,3.52742,168488,8,29433,486,464433,32,117732,1944,32,4,644756,1319142,20632192,5276568,25908760,4,4,12,4,4,4,0,20,20,20260807,5,1,1,1,0,0,0,6251,0.260458,1,0.0015,1
827,7603.21,6,0,2.12946,3.30304,0,0,0,5.4325,361,361,0,1,2.45175,2.45175,1830,367,0,1235,0,0,0,0,0,1337,1627.81,2.40137,3.52742,168488,8,29433,486,464433,32,117732,1944,32,4,644756,1319142,20632192,5276568,25908760,4,4,12,4,4,4,0,20,20,20260807,5,1,1,1,0,0,0,6251,0.260458,1,0.0015,0
828,7610.15,7,0,2.36725,4.47433,0,0,0,6.84158,361,361,0,1,2.45175,2.45175,1830,367,0,1235,0,0,0,0,0,1337,1627.81,2.40137,3.52742,168488,8,29433,486,464433,32,117732,1944,32,4,644756,1319142,20632192,5276568,25908760,4,4,12,4,4,4,0,20,20,20260807,5,1,1,1,0,0,0,6251,0.260458,1,0.0015,0
829,7619.94,9,0,2.07433,7.63621,0,0,0,9.71054,361,361,0,1,2.45175,2.45175,1830,367,0,1235,0,0,0,0,0,1337,1627.81,2.40137,3.52742,168488,8,29433,486,464433,32,117732,1944,32,4,644756,1319142,20632192,5276568,25908760,4,4,12,4,4,4,0,20,20,20260807,5,1,1,1,0,0,0,6251,0.260458,1,0.0015,0
830,7627.44,8,0,2.14679,5.27121,0,0,0,7.418,361,361,0,1,2.45175,2.45175,1830,367,0,1235,0,0,0,0,0,1337,1627.81,2.40137,3.52742,168488,8,29433,486,464433,32,117732,1944,32,4,644756,1319142,20632192,5276568,25908760,4,4,12,4,4,4,0,20,20,20260807,5,1,1,1,0,0,0,6251,0.260458,1,0.0015,0
831,7636.7,9,0,2.19658,6.95567,0,0,0,9.15225,361,361,0,1,2.45175,2.45175,1830,367,0,1235,0,0,0,0,0,1337,1627.81,2.40137,3.52742,168488,8,29433,486,464433,32,117732,1944,32,4,644756,1319142,20632192,5276568,25908760,4,4,12,4,4,4,0,20,20,20260807,5,1,1,1,0,0,0,6251,0.260458,1,0.0015,0
832,7644.61,8,0,2.16992,5.6495,0,0,0,7.81942,361,361,0,1,2.45175,2.45175,1830,367,0,1235,0,0,0,0,0,1337,1627.81,2.40137,3.52742,168488,8,29433,486,464433,32,117732,1944,32,4,644756,1319142,20632192,5276568,25908760,4,4,12,4,4,4,0,20,20,20260807,5,1,1,1,0,0,0,6251,0.260458,1,0.0015,0
833,7653.24,9,0,2.09388,6.46083,0,0,0,8.55471,361,361,0,1,2.45175,2.45175,1830,367,0,1235,0,0,0,0,0,1337,1627.81,2.40137,3.52742,168488,8,29433,486,464433,32,117732,1944,32,4,644756,1319142,20632192,5276568,25908760,4,4,12,4,4,4,0,20,20,20260807,5,1,1,1,0,0,0,6252,0.2605,1,0.0015,1
834,7660.63,7,0,2.24117,5.06517,0,0,0,7.30633,361,361,0,1,2.45175,2.45175,1830,367,0,1235,0,0,0,0,0,1337,1627.81,2.40137,3.52742,168488,8,29433,486,464433,32,117732,1944,32,4,644756,1319142,20632192,5276568,25908760,4,4,12,4,4,4,0,20,20,20260807,5,1,1,1,0,0,0,6252,0.2605,1,0.0015,0
835,7670.03,9,0,2.15896,7.16625,0,0,0,9.32521,361,361,0,1,2.45175,2.45175,1830,367,0,1235,0,0,0,0,0,1337,1627.81,2.40137,3.52742,168488,8,29433,486,464433,32,117732,1944,32,4,644756,1319142,20632192,5276568,25908760,4,4,12,4,4,4,0,20,20,20260807,5,1,1,1,0,0,0,6252,0.2605,1,0.0015,0
836,7675.24,6,0,2.16175,2.95183,0,0,0,5.11358,361,361,0,1,2.45175,2.45175,1830,367,0,1235,0,0,0,0,0,1337,1627.81,2.40137,3.52742,168488,8,29433,486,464433,32,117732,1944,32,4,644756,1319142,20632192,5276568,25908760,4,4,12,4,4,4,0,20,20,20260807,5,1,1,1,0,0,0,6252,0.2605,1,0.0015,0
837,7686.68,11,0,2.12692,9.23129,0,0,0,11.3582,361,361,0,1,2.45175,2.45175,1830,367,0,1235,0,0,0,0,0,1337,1627.81,2.40137,3.52742,168488,8,29433,486,464433,32,117732,1944,32,4,644756,1319142,20632192,5276568,25908760,4,4,12,4,4,4,0,20,20,20260807,5,1,1,1,0,0,0,6252,0.2605,1,0.0015,0
838,7691.76,5,0,2.0975,2.91371,0,0,0,5.01121,361,361,0,1,2.45175,2.45175,1830,367,0,1235,0,0,0,0,0,1337,1627.81,2.40137,3.52742,168488,8,29433,486,464433,32,117732,1944,32,4,644756,1319142,20632192,5276568,25908760,4,4,12,4,4,4,0,20,20,20260807,5,1,1,1,0,0,0,6252,0.2605,1,0.0015,0
839,7705.46,14,0,2.33121,11.2877,0,0,0,13.6189,361,361,0,1,2.45175,2.45175,1830,367,0,1235,0,0,0,0,0,1337,1627.81,2.40137,3.52742,168488,8,29433,486,464433,32,117732,1944,32,4,644756,1319142,20632192,5276568,25908760,4,4,12,4,4,4,0,20,20,20260807,5,1,1,1,0,0,0,6253,0.260542,1,0.0015,1
840,7720.91,15,0,2.02013,13.3555,0,0,0,15.3756,361,361,0,1,2.45175,2.45175,1830,367,0,1235,0,0,0,0,0,1337,1627.81,2.40137,3.52742,168488,8,29433,486,464433,32,117732,1944,32,4,644756,1319142,20632192,5276568,25908760,4,4,12,4,4,4,0,20,20,20260807,5,1,1,1,0,0,0,6253,0.260542,1,0.0015,0
841,7726.09,6,0,2.1155,2.97921,0,0,0,5.09471,361,361,0,1,2.45175,2.45175,1830,367,0,1235,0,0,0,0,0,1337,1627.81,2.40137,3.52742,168488,8,29433,486,464433,32,117732,1944,32,4,644756,1319142,20632192,5276568,25908760,4,4,12,4,4,4,0,20,20,20260807,5,1,1,1,0,0,0,6253,0.260542,1,0.0015,0
842,7736.59,10,0,2.23542,8.18838,0,0,0,10.4238,361,361,0,1,2.45175,2.45175,1830,367,0,1235,0,0,0,0,0,1337,1627.81,2.40137,3.52742,168488,8,29433,486,464433,32,117732,1944,32,4,644756,1319142,20632192,5276568,25908760,4,4,12,4,4,4,0,20,20,20260807,5,1,1,1,0,0,0,6253,0.260542,1,0.0015,0
843,7742.75,6,0,2.13317,3.93692,0,0,0,6.07008,361,361,0,1,2.45175,2.45175,1830,367,0,1235,0,0,0,0,0,1337,1627.81,2.40137,3.52742,168488,8,29433,486,464433,32,117732,1944,32,4,644756,1319142,20632192,5276568,25908760,4,4,12,4,4,4,0,20,20,20260807,5,1,1,1,0,0,0,6253,0.260542,1,0.0015,0
844,7753.88,11,0,2.16192,8.87175,0,0,0,11.0337,361,361,0,1,2.45175,2.45175,1830,367,0,1235,0,0,0,0,0,1337,1627.81,2.40137,3.52742,168488,8,29433,486,464433,32,117732,1944,32,4,644756,1319142,20632192,5276568,25908760,4,4,12,4,4,4,0,20,20,20260807,5,1,1,1,0,0,0,6254,0.260583,1,0.0015,1
845,7759.12,6,0,2.19567,2.96113,0,0,0,5.15679,361,361,0,1,2.45175,2.45175,1830,367,0,1235,0,0,0,0,0,1337,1627.81,2.40137,3.52742,168488,8,29433,486,464433,32,117732,1944,32,4,644756,1319142,20632192,5276568,25908760,4,4,12,4,4,4,0,20,20,20260807,5,1,1,1,0,0,0,6254,0.260583,1,0.0015,0
846,7769.89,10,0,4.80825,5.84513,0,0,0,10.6534,361,361,0,1,2.45175,2.45175,1830,367,0,1235,0,0,0,0,0,1337,1627.81,2.40137,3.52742,168488,8,29433,486,464433,32,117732,1944,32,4,644756,1319142,20632192,5276568,25908760,4,4,12,4,4,4,0,20,20,20260807,5,1,1,1,0,0,0,6254,0.260583,1,0.0015,0
847,7775.1,6,0,2.18692,2.93996,0,0,0,5.12688,361,361,0,1,2.45175,2.45175,1830,367,0,1235,0,0,0,0,0,1337,1627.81,2.40137,3.52742,168488,8,29433,486,464433,32,117732,1944,32,4,644756,1319142,20632192,5276568,25908760,4,4,12,4,4,4,0,20,20,20260807,5,1,1,1,0,0,0,6254,0.260583,1,0.0015,0
848,7787.55,12,0,6.99442,5.36562,0,0,0,12.36,361,361,0,1,2.45175,2.45175,1830,367,0,1235,0,0,0,0,0,1337,1627.81,2.40137,3.52742,168488,8,29433,486,464433,32,117732,1944,32,4,644756,1319142,20632192,5276568,25908760,4,4,12,4,4,4,0,20,20,20260807,5,1,1,1,0,0,0,6254,0.260583,1,0.0015,0
849,7792.7,5,0,2.09242,2.98417,0,0,0,5.07658,361,361,0,1,2.45175,2.45175,1830,367,0,1235,0,0,0,0,0,1337,1627.81,2.40137,3.52742,168488,8,29433,486,464433,32,117732,1944,32,4,644756,1319142,20632192,5276568,25908760,4,4,12,4,4,4,0,20,20,20260807,5,1,1,1,0,0,0,6254,0.260583,1,0.0015,0
850,7803.23,11,0,2.23204,7.87579,0,0,0,10.1078,361,361,0,1,2.45175,2.45175,1830,367,0,1235,0,0,0,0,0,1337,1627.81,2.40137,3.52742,168488,8,29433,486,464433,32,117732,1944,32,4,644756,1319142,20632192,5276568,25908760,4,4,12,4,4,4,0,20,20,20260807,5,1,1,1,0,0,0,6255,0.260625,1,0.0015,1
851,7808.34,5,0,2.11779,2.90983,0,0,0,5.02762,361,361,0,1,2.45175,2.45175,1830,367,0,1235,0,0,0,0,0,1337,1627.81,2.40137,3.52742,168488,8,29433,486,464433,32,117732,1944,32,4,644756,1319142,20632192,5276568,25908760,4,4,12,4,4,4,0,20,20,20260807,5,1,1,1,0,0,0,6255,0.260625,1,0.0015,0
852,7820.33,12,0,2.43042,9.47883,0,0,0,11.9093,361,361,0,1,2.45175,2.45175,1830,367,0,1235,0,0,0,0,0,1337,1627.81,2.40137,3.52742,168488,8,29433,486,464433,32,117732,1944,32,4,644756,1319142,20632192,5276568,25908760,4,4,12,4,4,4,0,20,20,20260807,5,1,1,1,0,0,0,6255,0.260625,1,0.0015,0
853,7825.53,5,0,2.19167,2.92612,0,0,0,5.11779,361,361,0,1,2.45175,2.45175,1830,367,0,1235,0,0,0,0,0,1337,1627.81,2.40137,3.52742,168488,8,29433,486,464433,32,117732,1944,32,4,644756,1319142,20632192,5276568,25908760,4,4,12,4,4,4,0,20,20,20260807,5,1,1,1,0,0,0,6255,0.260625,1,0.0015,0
854,7837.27,12,0,2.21488,9.45117,0,0,0,11.666,361,361,0,1,2.45175,2.45175,1830,367,0,1235,0,0,0,0,0,1337,1627.81,2.40137,3.52742,168488,8,29433,486,464433,32,117732,1944,32,4,644756,1319142,20632192,5276568,25908760,4,4,12,4,4,4,0,20,20,20260807,5,1,1,1,0,0,0,6255,0.260625,1,0.0015,0
855,7842.41,5,0,2.11696,2.94158,0,0,0,5.05854,361,361,0,1,2.45175,2.45175,1830,367,0,1235,0,0,0,0,0,1337,1627.81,2.40137,3.52742,168488,8,29433,486,464433,32,117732,1944,32,4,644756,1319142,20632192,5276568,25908760,4,4,12,4,4,4,0,20,20,20260807,5,1,1,1,0,0,0,6255,0.260625,1,0.0015,0
856,7858.92,16,0,2.20675,14.2194,0,0,0,16.4261,361,361,0,1,2.45175,2.45175,1830,367,0,1235,0,0,0,0,0,1337,1627.81,2.40137,3.52742,168488,8,29433,486,464433,32,117732,1944,32,4,644756,1319142,20632192,5276568,25908760,4,4,12,4,4,4,0,20,20,20260807,5,1,1,1,0,0,0,6256,0.260667,1,0.0015,1
857,7870.99,12,0,8.69846,3.28121,0,0,0,11.9797,361,361,0,1,2.45175,2.45175,1830,367,0,1235,0,0,0,0,0,1337,1627.81,2.40137,3.52742,168488,8,29433,486,464433,32,117732,1944,32,4,644756,1319142,20632192,5276568,25908760,4,4,12,4,4,4,0,20,20,20260807,5,1,1,1,0,0,0,6256,0.260667,1,0.0015,0
858,7876.19,6,0,2.14412,2.97167,0,0,0,5.11579,361,361,0,1,2.45175,2.45175,1830,367,0,1235,0,0,0,0,0,1337,1627.81,2.40137,3.52742,168488,8,29433,486,464433,32,117732,1944,32,4,644756,1319142,20632192,5276568,25908760,4,4,12,4,4,4,0,20,20,20260807,5,1,1,1,0,0,0,6256,0.260667,1,0.0015,0
859,7890.17,14,0,2.35562,11.5403,0,0,0,13.896,361,361,0,1,2.45175,2.45175,1830,367,0,1235,0,0,0,0,0,1337,1627.81,2.40137,3.52742,168488,8,29433,486,464433,32,117732,1944,32,4,644756,1319142,20632192,5276568,25908760,4,4,12,4,4,4,0,20,20,20260807,5,1,1,1,0,0,0,6256,0.260667,1,0.0015,0
860,7896.12,6,0,2.19379,3.65542,0,0,0,5.84921,361,361,0,1,2.45175,2.45175,1830,367,0,1235,0,0,0,0,0,1337,1627.81,2.40137,3.52742,168488,8,29433,486,464433,32,117732,1944,32,4,644756,1319142,20632192,5276568,25908760,4,4,12,4,4,4,0,20,20,20260807,5,1,1,1,0,0,0,6257,0.260708,1,0.0015,1
861,7905.04,8,0,2.16925,6.64904,0,0,0,8.81829,361,361,0,1,2.45175,2.45175,1830,367,0,1235,0,0,0,0,0,1337,1627.81,2.40137,3.52742,168488,8,29433,486,464433,32,117732,1944,32,4,644756,1319142,20632192,5276568,25908760,4,4,12,4,4,4,0,20,20,20260807,5,1,1,1,0,0,0,6257,0.260708,1,0.0015,0
862,7921.54,17,0,2.17308,14.247,0,0,0,16.42,361,361,0,1,2.45175,2.45175,1830,367,0,1235,0,0,0,0,0,1337,1627.81,2.40137,3.52742,168488,8,29433,486,464433,32,117732,1944,32,4,644756,1319142,20632192,5276568,25908760,4,4,12,4,4,4,0,20,20,20260807,5,1,1,1,0,0,0,6257,0.260708,1,0.0015,0
863,7926.76,5,0,2.07938,3.05433,0,0,0,5.13371,361,361,0,1,2.45175,2.45175,1830,367,0,1235,0,0,0,0,0,1337,1627.81,2.40137,3.52742,168488,8,29433,486,464433,32,117732,1944,32,4,644756,1319142,20632192,5276568,25908760,4,4,12,4,4,4,0,20,20,20260807,5,1,1,1,0,0,0,6257,0.260708,1,0.0015,0
864,7936.87,10,0,2.17687,7.85604,0,0,0,10.0329,361,361,0,1,2.45175,2.45175,1830,367,0,1235,0,0,0,0,0,1337,1627.81,2.40137,3.52742,168488,8,29433,486,464433,32,117732,1944,32,4,644756,1319142,20632192,5276568,25908760,4,4,12,4,4,4,0,20,20,20260807,5,1,1,1,0,0,0,6257,0.260708,1,0.0015,0
865,7942.05,5,0,2.13133,2.96125,0,0,0,5.09258,361,361,0,1,2.45175,2.45175,1830,367,0,1235,0,0,0,0,0,1337,1627.81,2.40137,3.52742,168488,8,29433,486,464433,32,117732,1944,32,4,644756,1319142,20632192,5276568,25908760,4,4,12,4,4,4,0,20,20,20260807,5,1,1,1,0,0,0,6257,0.260708,1,0.0015,0
866,7953.55,12,0,3.39679,8.02046,0,0,0,11.4172,361,361,0,1,2.45175,2.45175,1830,367,0,1235,0,0,0,0,0,1337,1627.81,2.40137,3.52742,168488,8,29433,486,464433,32,117732,1944,32,4,644756,1319142,20632192,5276568,25908760,4,4,12,4,4,4,0,20,20,20260807,5,1,1,1,0,0,0,6258,0.26075,1,0.0015,1
867,7960.37,7,0,2.13029,4.60792,0,0,0,6.73821,361,361,0,1,2.45175,2.45175,1830,367,0,1235,0,0,0,0,0,1337,1627.81,2.40137,3.52742,168488,8,29433,486,464433,32,117732,1944,32,4,644756,1319142,20632192,5276568,25908760,4,4,12,4,4,4,0,20,20,20260807,5,1,1,1,0,0,0,6258,0.26075,1,0.0015,0
868,7970.47,10,0,2.12471,7.87129,0,0,0,9.996,361,361,0,1,2.45175,2.45175,1830,367,0,1235,0,0,0,0,0,1337,1627.81,2.40137,3.52742,168488,8,29433,486,464433,32,117732,1944,32,4,644756,1319142,20632192,5276568,25908760,4,4,12,4,4,4,0,20,20,20260807,5,1,1,1,0,0,0,6258,0.26075,1,0.0015,0
869,7976.48,6,0,2.14954,3.77387,0,0,0,5.92342,361,361,0,1,2.45175,2.45175,1830,367,0,1235,0,0,0,0,0,1337,1627.81,2.40137,3.52742,168488,8,29433,486,464433,32,117732,1944,32,4,644756,1319142,20632192,5276568,25908760,4,4,12,4,4,4,0,20,20,20260807,5,1,1,1,0,0,0,6258,0.26075,1,0.0015,0
870,7986.73,10,0,2.23129,7.93075,0,0,0,10.162,361,361,0,1,2.45175,2.45175,1830,367,0,1235,0,0,0,0,0,1337,1627.81,2.40137,3.52742,168488,8,29433,486,464433,32,117732,1944,32,4,644756,1319142,20632192,5276568,25908760,4,4,12,4,4,4,0,20,20,20260807,5,1,1,1,0,0,0,6258,0.26075,1,0.0015,0
871,7993.59,7,0,2.14929,4.63063,0,0,0,6.77992,361,361,0,1,2.45175,2.45175,1830,367,0,1235,0,0,0,0,0,1337,1627.81,2.40137,3.52742,168488,8,29433,486,464433,32,117732,1944,32,4,644756,1319142,20632192,5276568,25908760,4,4,12,4,4,4,0,20,20,20260807,5,1,1,1,0,0,0,6258,0.26075,1,0.0015,0
872,8003.46,10,0,2.22713,7.54029,0,0,0,9.76742,361,361,0,1,2.45175,2.45175,1830,367,0,1235,0,0,0,0,0,1337,1627.81,2.40137,3.52742,168488,8,29433,486,464433,32,117732,1944,32,4,644756,1319142,20632192,5276568,25908760,4,4,12,4,4,4,0,20,20,20260807,5,1,1,1,0,0,0,6259,0.260792,1,0.0015,1
873,8008.68,5,0,2.14129,3.00058,0,0,0,5.14187,361,361,0,1,2.45175,2.45175,1830,367,0,1235,0,0,0,0,0,1337,1627.81,2.40137,3.52742,168488,8,29433,486,464433,32,117732,1944,32,4,644756,1319142,20632192,5276568,25908760,4,4,12,4,4,4,0,20,20,20260807,5,1,1,1,0,0,0,6259,0.260792,1,0.0015,0
874,8020.66,12,0,5.19821,6.66371,0,0,0,11.8619,361,361,0,1,2.45175,2.45175,1830,367,0,1235,0,0,0,0,0,1337,1627.81,2.40137,3.52742,168488,8,29433,486,464433,32,117732,1944,32,4,644756,1319142,20632192,5276568,25908760,4,4,12,4,4,4,0,20,20,20260807,5,1,1,1,0,0,0,6259,0.260792,1,0.0015,0
875,8025.92,5,0,2.1545,3.02229,0,0,0,5.17679,361,361,0,1,2.45175,2.45175,1830,367,0,1235,0,0,0,0,0,1337,1627.81,2.40137,3.52742,168488,8,29433,486,464433,32,117732,1944,32,4,644756,1319142,20632192,5276568,25908760,4,4,12,4,4,4,0,20,20,20260807,5,1,1,1,0,0,0,6259,0.260792,1,0.0015,0
876,8036.92,10,0,2.47713,8.44367,0,0,0,10.9208,361,361,0,1,2.45175,2.45175,1830,367,0,1235,0,0,0,0,0,1337,1627.81,2.40137,3.52742,168488,8,29433,486,464433,32,117732,1944,32,4,644756,1319142,20632192,5276568,25908760,4,4,12,4,4,4,0,20,20,20260807,5,1,1,1,0,0,0,6259,0.260792,1,0.0015,0
877,8042.16,6,0,2.14288,3.01146,0,0,0,5.15433,361,361,0,1,2.45175,2.45175,1830,367,0,1235,0,0,0,0,0,1337,1627.81,2.40137,3.52742,168488,8,29433,486,464433,32,117732,1944,32,4,644756,1319142,20632192,5276568,25908760,4,4,12,4,4,4,0,20,20,20260807,5,1,1,1,0,0,0,6259,0.260792,1,0.0015,0
878,8055.7,13,0,2.44188,11.0231,0,0,0,13.465,361,361,0,1,2.45175,2.45175,1830,367,0,1235,0,0,0,0,0,1337,1627.81,2.40137,3.52742,168488,8,29433,486,464433,32,117732,1944,32,4,644756,1319142,20632192,5276568,25908760,4,4,12,4,4,4,0,20,20,20260807,5,1,1,1,0,0,0,6260,0.260833,1,0.0015,1
879,8061.56,6,0,2.20333,3.56929,0,0,0,5.77262,361,361,0,1,2.45175,2.45175,1830,367,0,1235,0,0,0,0,0,1337,1627.81,2.40137,3.52742,168488,8,29433,486,464433,32,117732,1944,32,4,644756,1319142,20632192,5276568,25908760,4,4,12,4,4,4,0,20,20,20260807,5,1,1,1,0,0,0,6260,0.260833,1,0.0015,0
880,8070.62,9,0,2.04983,6.91233,0,0,0,8.96217,361,361,0,1,2.45175,2.45175,1830,367,0,1235,0,0,0,0,0,1337,1627.81,2.40137,3.52742,168488,8,29433,486,464433,32,117732,1944,32,4,644756,1319142,20632192,5276568,25908760,4,4,12,4,4,4,0,20,20,20260807,5,1,1,1,0,0,0,6260,0.260833,1,0.0015,0
881,8076.04,5,0,2.19746,3.14242,0,0,0,5.33988,361,361,0,1,2.45175,2.45175,1830,367,0,1235,0,0,0,0,0,1337,1627.81,2.40137,3.52742,168488,8,29433,486,464433,32,117732,1944,32,4,644756,1319142,20632192,5276568,25908760,4,4,12,4,4,4,0,20,20,20260807,5,1,1,1,0,0,0,6260,0.260833,1,0.0015,0
882,8089.43,14,0,2.40396,10.9036,0,0,0,13.3076,361,361,0,1,2.45175,2.45175,1830,367,0,1235,0,0,0,0,0,1337,1627.81,2.40137,3.52742,168488,8,29433,486,464433,32,117732,1944,32,4,644756,1319142,20632192,5276568,25908760,4,4,12,4,4,4,0,20,20,20260807,5,1,1,1,0,0,0,6260,0.260833,1,0.0015,0
883,8095.67,6,0,2.13104,4.02667,0,0,0,6.15771,361,361,0,1,2.45175,2.45175,1830,367,0,1235,0,0,0,0,0,1337,1627.81,2.40137,3.52742,168488,8,29433,486,464433,32,117732,1944,32,4,644756,1319142,20632192,5276568,25908760,4,4,12,4,4,4,0,20,20,20260807,5,1,1,1,0,0,0,6261,0.260875,1,0.0015,1
884,8103.31,8,0,2.07367,5.49175,0,0,0,7.56542,361,361,0,1,2.45175,2.45175,1830,367,0,1235,0,0,0,0,0,1337,1627.81,2.40137,3.52742,168488,8,29433,486,464433,32,117732,1944,32,4,644756,1319142,20632192,5276568,25908760,4,4,12,4,4,4,0,20,20,20260807,5,1,1,1,0,0,0,6261,0.260875,1,0.0015,0
885,8108.25,5,0,2.11342,2.74779,0,0,0,4.86121,361,361,0,1,2.45175,2.45175,1830,367,0,1235,0,0,0,0,0,1337,1627.81,2.40137,3.52742,168488,8,29433,486,464433,32,117732,1944,32,4,644756,1319142,20632192,5276568,25908760,4,4,12,4,4,4,0,20,20,20260807,5,1,1,1,0,0,0,6261,0.260875,1,0.0015,0
886,8120.1,12,0,2.21579,9.56529,0,0,0,11.7811,361,361,0,1,2.45175,2.45175,1830,367,0,1235,0,0,0,0,0,1337,1627.81,2.40137,3.52742,168488,8,29433,486,464433,32,117732,1944,32,4,644756,1319142,20632192,5276568,25908760,4,4,12,4,4,4,0,20,20,20260807,5,1,1,1,0,0,0,6261,0.260875,1,0.0015,0
887,8125.2,5,0,2.118,2.8895,0,0,0,5.0075,361,361,0,1,2.45175,2.45175,1830,367,0,1235,0,0,0,0,0,1337,1627.81,2.40137,3.52742,168488,8,29433,486,464433,32,117732,1944,32,4,644756,1319142,20632192,5276568,25908760,4,4,12,4,4,4,0,20,20,20260807,5,1,1,1,0,0,0,6261,0.260875,1,0.0015,0
888,8138.2,13,0,2.42104,10.4983,0,0,0,12.9193,361,361,0,1,2.45175,2.45175,1830,367,0,1235,0,0,0,0,0,1337,1627.81,2.40137,3.52742,168488,8,29433,486,464433,32,117732,1944,32,4,644756,1319142,20632192,5276568,25908760,4,4,12,4,4,4,0,20,20,20260807,5,1,1,1,0,0,0,6261,0.260875,1,0.0015,0
889,8143.31,5,0,2.05696,2.96171,0,0,0,5.01867,361,361,0,1,2.45175,2.45175,1830,367,0,1235,0,0,0,0,0,1337,1627.81,2.40137,3.52742,168488,8,29433,486,464433,32,117732,1944,32,4,644756,1319142,20632192,5276568,25908760,4,4,12,4,4,4,0,20,20,20260807,5,1,1,1,0,0,0,6261,0.260875,1,0.0015,0
890,8154.92,11,0,2.29475,9.23742,0,0,0,11.5322,361,361,0,1,2.45175,2.45175,1830,367,0,1235,0,0,0,0,0,1337,1627.81,2.40137,3.52742,168488,8,29433,486,464433,32,117732,1944,32,4,644756,1319142,20632192,5276568,25908760,4,4,12,4,4,4,0,20,20,20260807,5,1,1,1,0,0,0,6262,0.260917,1,0.0015,1
891,8164.27,10,0,2.08683,7.18733,0,0,0,9.27417,361,361,0,1,2.45175,2.45175,1830,367,0,1235,0,0,0,0,0,1337,1627.81,2.40137,3.52742,168488,8,29433,486,464433,32,117732,1944,32,4,644756,1319142,20632192,5276568,25908760,4,4,12,4,4,4,0,20,20,20260807,5,1,1,1,0,0,0,6262,0.260917,1,0.0015,0
892,8186.62,22,0,2.06013,20.2072,0,0,0,22.2674,361,361,0,1,2.45175,2.45175,1830,367,0,1235,0,0,0,0,0,1337,1627.81,2.40137,3.52742,168488,8,29433,486,464433,32,117732,1944,32,4,644756,1319142,20632192,5276568,25908760,4,4,12,4,4,4,0,20,20,20260807,5,1,1,1,0,0,0,6262,0.260917,1,0.0015,0
893,8195.89,9,0,2.09183,7.10692,0,0,0,9.19875,361,361,0,1,2.45175,2.45175,1830,367,0,1235,0,0,0,0,0,1337,1627.81,2.40137,3.52742,168488,8,29433,486,464433,32,117732,1944,32,4,644756,1319142,20632192,5276568,25908760,4,4,12,4,4,4,0,20,20,20260807,5,1,1,1,0,0,0,6262,0.260917,1,0.0015,0
894,8206.24,11,0,2.08758,8.16196,0,0,0,10.2495,361,361,0,1,2.45175,2.45175,1830,367,0,1235,0,0,0,0,0,1337,1627.81,2.40137,3.52742,168488,8,29433,486,464433,32,117732,1944,32,4,644756,1319142,20632192,5276568,25908760,4,4,12,4,4,4,0,20,20,20260807,5,1,1,1,0,0,0,6263,0.260958,1,0.0015,1
895,8220.15,14,0,1.98421,11.8518,0,0,0,13.836,361,361,0,1,2.45175,2.45175,1830,367,0,1235,0,0,0,0,0,1337,1627.81,2.40137,3.52742,168488,8,29433,486,464433,32,117732,1944,32,4,644756,1319142,20632192,5276568,25908760,4,4,12,4,4,4,0,20,20,20260807,5,1,1,1,0,0,0,6263,0.260958,1,0.0015,0
896,8225.34,5,0,2.14521,2.96433,0,0,0,5.10954,361,361,0,1,2.45175,2.45175,1830,367,0,1235,0,0,0,0,0,1337,1627.81,2.40137,3.52742,168488,8,29433,486,464433,32,117732,1944,32,4,644756,1319142,20632192,5276568,25908760,4,4,12,4,4,4,0,20,20,20260807,5,1,1,1,0,0,0,6263,0.260958,1,0.0015,0
897,8236.59,11,0,2.1905,8.98317,0,0,0,11.1737,361,361,0,1,2.45175,2.45175,1830,367,0,1235,0,0,0,0,0,1337,1627.81,2.40137,3.52742,168488,8,29433,486,464433,32,117732,1944,32,4,644756,1319142,20632192,5276568,25908760,4,4,12,4,4,4,0,20,20,20260807,5,1,1,1,0,0,0,6263,0.260958,1,0.0015,0
898,8241.72,5,0,2.09788,2.94925,0,0,0,5.04713,361,361,0,1,2.45175,2.45175,1830,367,0,1235,0,0,0,0,0,1337,1627.81,2.40137,3.52742,168488,8,29433,486,464433,32,117732,1944,32,4,644756,1319142,20632192,5276568,25908760,4,4,12,4,4,4,0,20,20,20260807,5,1,1,1,0,0,0,6263,0.260958,1,0.0015,0
899,8253.42,12,0,4.09179,7.52546,0,0,0,11.6173,361,361,0,1,2.45175,2.45175,1830,367,0,1235,0,0,0,0,0,1337,1627.81,2.40137,3.52742,168488,8,29433,486,464433,32,117732,1944,32,4,644756,1319142,20632192,5276568,25908760,4,4,12,4,4,4,0,20,20,20260807,5,1,1,1,0,0,0,6264,0.261,1,0.0015,1
900,8258.55,5,0,2.15033,2.89483,0,0,0,5.04517,361,361,0,1,2.45175,2.45175,1830,367,0,1235,0,0,0,0,0,1337,1627.81,2.40137,3.52742,168488,8,29433,486,464433,32,117732,1944,32,4,644756,1319142,20632192,5276568,25908760,4,4,12,4,4,4,0,20,20,20260807,5,1,1,1,0,0,0,6264,0.261,1,0.0015,0
901,8272.32,14,0,2.45213,11.231,0,0,0,13.6831,361,361,0,1,2.45175,2.45175,1830,367,0,1235,0,0,0,0,0,1337,1627.81,2.40137,3.52742,168488,8,29433,486,464433,32,117732,1944,32,4,644756,1319142,20632192,5276568,25908760,4,4,12,4,4,4,0,20,20,20260807,5,1,1,1,0,0,0,6264,0.261,1,0.0015,0
902,8287.61,16,0,2.06179,13.1527,0,0,0,15.2145,361,361,0,1,2.45175,2.45175,1830,367,0,1235,0,0,0,0,0,1337,1627.81,2.40137,3.52742,168488,8,29433,486,464433,32,117732,1944,32,4,644756,1319142,20632192,5276568,25908760,4,4,12,4,4,4,0,20,20,20260807,5,1,1,1,0,0,0,6264,0.261,1,0.0015,0
903,8292.73,5,0,2.08967,2.92475,0,0,0,5.01442,361,361,0,1,2.45175,2.45175,1830,367,0,1235,0,0,0,0,0,1337,1627.81,2.40137,3.52742,168488,8,29433,486,464433,32,117732,1944,32,4,644756,1319142,20632192,5276568,25908760,4,4,12,4,4,4,0,20,20,20260807,5,1,1,1,0,0,0,6264,0.261,1,0.0015,0
904,8305.22,13,0,2.19679,10.1166,0,0,0,12.3134,361,361,0,1,2.45175,2.45175,1830,367,0,1235,0,0,0,0,0,1337,1627.81,2.40137,3.52742,168488,8,29433,486,464433,32,117732,1944,32,4,644756,1319142,20632192,5276568,25908760,4,4,12,4,4,4,0,20,20,20260807,5,1,1,1,0,0,0,6265,0.261042,1,0.0015,1
905,8311.34,6,0,2.09096,3.95025,0,0,0,6.04121,361,361,0,1,2.45175,2.45175,1830,367,0,1235,0,0,0,0,0,1337,1627.81,2.40137,3.52742,168488,8,29433,486,464433,32,117732,1944,32,4,644756,1319142,20632192,5276568,25908760,4,4,12,4,4,4,0,20,20,20260807,5,1,1,1,0,0,0,6265,0.261042,1,0.0015,0
906,8320.19,9,0,1.99812,6.76687,0,0,0,8.765,361,361,0,1,2.45175,2.45175,1830,367,0,1235,0,0,0,0,0,1337,1627.81,2.40137,3.52742,168488,8,29433,486,464433,32,117732,1944,32,4,644756,1319142,20632192,5276568,25908760,4,4,12,4,4,4,0,20,20,20260807,5,1,1,1,0,0,0,6265,0.261042,1,0.0015,0
907,8325.76,5,0,2.144,3.34879,0,0,0,5.49279,361,361,0,1,2.45175,2.45175,1830,367,0,1235,0,0,0,0,0,1337,1627.81,2.40137,3.52742,168488,8,29433,486,464433,32,117732,1944,32,4,644756,1319142,20632192,5276568,25908760,4,4,12,4,4,4,0,20,20,20260807,5,1,1,1,0,0,0,6265,0.261042,1,0.0015,0
908,8337.02,11,0,2.19092,8.9065,0,0,0,11.0974,361,361,0,1,2.45175,2.45175,1830,367,0,1235,0,0,0,0,0,1337,1627.81,2.40137,3.52742,168488,8,29433,486,464433,32,117732,1944,32,4,644756,1319142,20632192,5276568,25908760,4,4,12,4,4,4,0,20,20,20260807,5,1,1,1,0,0,0,6265,0.261042,1,0.0015,0
909,8342.12,6,0,1.99529,3.031,0,0,0,5.02629,361,361,0,1,2.45175,2.45175,1830,367,0,1235,0,0,0,0,0,1337,1627.81,2.40137,3.52742,168488,8,29433,486,464433,32,117732,1944,32,4,644756,1319142,20632192,5276568,25908760,4,4,12,4,4,4,0,20,20,20260807,5,1,1,1,0,0,0,6265,0.261042,1,0.0015,0
910,8353.23,11,0,2.27408,8.75917,0,0,0,11.0333,361,361,0,1,2.45175,2.45175,1830,367,0,1235,0,0,0,0,0,1337,1627.81,2.40137,3.52742,168488,8,29433,486,464433,32,117732,1944,32,4,644756,1319142,20632192,5276568,25908760,4,4,12,4,4,4,0,20,20,20260807,5,1,1,1,0,0,0,6266,0.261083,1,0.0015,1
911,8358.43,5,0,2.20258,2.91167,0,0,0,5.11425,361,361,0,1,2.45175,2.45175,1830,367,0,1235,0,0,0,0,0,1337,1627.81,2.40137,3.52742,168488,8,29433,486,464433,32,117732,1944,32,4,644756,1319142,20632192,5276568,25908760,4,4,12,4,4,4,0,20,20,20260807,5,1,1,1,0,0,0,6266,0.261083,1,0.0015,0
912,8369.9,11,0,2.56371,8.82892,0,0,0,11.3926,361,361,0,1,2.45175,2.45175,1830,367,0,1235,0,0,0,0,0,1337,1627.81,2.40137,3.52742,168488,8,29433,486,464433,32,117732,1944,32,4,644756,1319142,20632192,5276568,25908760,4,4,12,4,4,4,0,20,20,20260807,5,1,1,1,0,0,0,6266,0.261083,1,0.0015,0
913,8375.41,6,0,2.18704,3.25096,0,0,0,5.438,361,361,0,1,2.45175,2.45175,1830,367,0,1235,0,0,0,0,0,1337,1627.81,2.40137,3.52742,168488,8,29433,486,464433,32,117732,1944,32,4,644756,1319142,20632192,5276568,25908760,4,4,12,4,4,4,0,20,20,20260807,5,1,1,1,0,0,0,6266,0.261083,1,0.0015,0
914,8386.57,11,0,2.445,8.62758,0,0,0,11.0726,361,361,0,1,2.45175,2.45175,1830,367,0,1235,0,0,0,0,0,1337,1627.81,2.40137,3.52742,168488,8,29433,486,464433,32,117732,1944,32,4,644756,1319142,20632192,5276568,25908760,4,4,12,4,4,4,0,20,20,20260807,5,1,1,1,0,0,0,6266,0.261083,1,0.0015,0
915,8393.4,7,0,2.07983,4.67767,0,0,0,6.7575,361,361,0,1,2.45175,2.45175,1830,367,0,1235,0,0,0,0,0,1337,1627.81,2.40137,3.52742,168488,8,29433,486,464433,32,117732,1944,32,4,644756,1319142,20632192,5276568,25908760,4,4,12,4,4,4,0,20,20,20260807,5,1,1,1,0,0,0,6266,0.261083,1,0.0015,0
916,8403.81,10,0,2.19358,8.12433,0,0,0,10.3179,361,361,0,1,2.45175,2.45175,1830,367,0,1235,0,0,0,0,0,1337,1627.81,2.40137,3.52742,168488,8,29433,486,464433,32,117732,1944,32,4,644756,1319142,20632192,5276568,25908760,4,4,12,4,4,4,0,20,20,20260807,5,1,1,1,0,0,0,6267,0.261125,1,0.0015,1
917,8408.92,5,0,2.12617,2.89821,0,0,0,5.02438,361,361,0,1,2.45175,2.45175,1830,367,0,1235,0,0,0,0,0,1337,1627.81,2.40137,3.52742,168488,8,29433,486,464433,32,117732,1944,32,4,644756,1319142,20632192,5276568,25908760,4,4,12,4,4,4,0,20,20,20260807,5,1,1,1,0,0,0,6267,0.261125,1,0.0015,0
918,8420.05,12,0,2.14742,8.89104,0,0,0,11.0385,361,361,0,1,2.45175,2.45175,1830,367,0,1235,0,0,0,0,0,1337,1627.81,2.40137,3.52742,168488,8,29433,486,464433,32,117732,1944,32,4,644756,1319142,20632192,5276568,25908760,4,4,12,4,4,4,0,20,20,20260807,5,1,1,1,0,0,0,6267,0.261125,1,0.0015,0
919,8425.12,5,0,2.13129,2.86108,0,0,0,4.99238,361,361,0,1,2.45175,2.45175,1830,367,0,1235,0,0,0,0,0,1337,1627.81,2.40137,3.52742,168488,8,29433,486,464433,32,117732,1944,32,4,644756,1319142,20632192,5276568,25908760,4,4,12,4,4,4,0,20,20,20260807,5,1,1,1,0,0,0,6267,0.261125,1,0.0015,0
920,8437.16,12,0,2.29488,9.66996,0,0,0,11.9648,361,361,0,1,2.45175,2.45175,1830,367,0,1235,0,0,0,0,0,1337,1627.81,2.40137,3.52742,168488,8,29433,486,464433,32,117732,1944,32,4,644756,1319142,20632192,5276568,25908760,4,4,12,4,4,4,0,20,20,20260807,5,1,1,1,0,0,0,6267,0.261125,1,0.0015,0
921,8442.22,5,0,2.07033,2.90908,0,0,0,4.97942,361,361,0,1,2.45175,2.45175,1830,367,0,1235,0,0,0,0,0,1337,1627.81,2.40137,3.52742,168488,8,29433,486,464433,32,117732,1944,32,4,644756,1319142,20632192,5276568,25908760,4,4,12,4,4,4,0,20,20,20260807,5,1,1,1,0,0,0,6267,0.261125,1,0.0015,0
922,8454.63,12,0,2.34833,9.99554,0,0,0,12.3439,361,361,0,1,2.45175,2.45175,1830,367,0,1235,0,0,0,0,0,1337,1627.81,2.40137,3.52742,168488,8,29433,486,464433,32,117732,1944,32,4,644756,1319142,20632192,5276568,25908760,4,4,12,4,4,4,0,20,20,20260807,5,1,1,1,0,0,0,6268,0.261167,1,0.0015,1
923,8470.3,16,0,2.04729,13.531,0,0,0,15.5783,361,361,0,1,2.45175,2.45175,1830,367,0,1235,0,0,0,0,0,1337,1627.81,2.40137,3.52742,168488,8,29433,486,464433,32,117732,1944,32,4,644756,1319142,20632192,5276568,25908760,4,4,12,4,4,4,0,20,20,20260807,5,1,1,1,0,0,0,6268,0.261167,1,0.0015,0
924,8487.73,17,0,2.13471,15.2214,0,0,0,17.3561,361,361,0,1,2.45175,2.45175,1830,367,0,1235,0,0,0,0,0,1337,1627.81,2.40137,3.52742,168488,8,29433,486,464433,32,117732,1944,32,4,644756,1319142,20632192,5276568,25908760,4,4,12,4,4,4,0,20,20,20260807,5,1,1,1,0,0,0,6268,0.261167,1,0.0015,0
925,8492.82,5,0,2.06792,2.931,0,0,0,4.99892,361,361,0,1,2.45175,2.45175,1830,367,0,1235,0,0,0,0,0,1337,1627.81,2.40137,3.52742,168488,8,29433,486,464433,32,117732,1944,32,4,644756,1319142,20632192,5276568,25908760,4,4,12,4,4,4,0,20,20,20260807,5,1,1,1,0,0,0,6268,0.261167,1,0.0015,0
926,8504.14,12,0,2.50625,8.735,0,0,0,11.2413,361,361,0,1,2.45175,2.45175,1830,367,0,1235,0,0,0,0,0,1337,1627.81,2.40137,3.52742,168488,8,29433,486,464433,32,117732,1944,32,4,644756,1319142,20632192,5276568,25908760,4,4,12,4,4,4,0,20,20,20260807,5,1,1,1,0,0,0,6269,0.261208,1,0.0015,1
927,8509.31,5,0,2.09075,3.00058,0,0,0,5.09133,361,361,0,1,2.45175,2.45175,1830,367,0,1235,0,0,0,0,0,1337,1627.81,2.40137,3.52742,168488,8,29433,486,464433,32,117732,1944,32,4,644756,1319142,20632192,5276568,25908760,4,4,12,4,4,4,0,20,20,20260807,5,1,1,1,0,0,0,6269,0.261208,1,0.0015,0
928,8521.01,11,0,2.70521,8.91133,0,0,0,11.6165,361,361,0,1,2.45175,2.45175,1830,367,0,1235,0,0,0,0,0,1337,1627.81,2.40137,3.52742,168488,8,29433,486,464433,32,117732,1944,32,4,644756,1319142,20632192,5276568,25908760,4,4,12,4,4,4,0,20,20,20260807,5,1,1,1,0,0,0,6269,0.261208,1,0.0015,0
929,8526.18,6,0,2.13183,2.96929,0,0,0,5.10112,361,361,0,1,2.45175,2.45175,1830,367,0,1235,0,0,0,0,0,1337,1627.81,2.40137,3.52742,168488,8,29433,486,464433,32,117732,1944,32,4,644756,1319142,20632192,5276568,25908760,4,4,12,4,4,4,0,20,20,20260807,5,1,1,1,0,0,0,6269,0.261208,1,0.0015,0
930,8536.6,10,0,2.35338,7.96946,0,0,0,10.3228,361,361,0,1,2.45175,2.45175,1830,367,0,1235,0,0,0,0,0,1337,1627.81,2.40137,3.52742,168488,8,29433,486,464433,32,117732,1944,32,4,644756,1319142,20632192,5276568,25908760,4,4,12,4,4,4,0,20,20,20260807,5,1,1,1,0,0,0,6269,0.261208,1,0.0015,0
931,8542.09,6,0,2.13662,3.26992,0,0,0,5.40654,361,361,0,1,2.45175,2.45175,1830,367,0,1235,0,0,0,0,0,1337,1627.81,2.40137,3.52742,168488,8,29433,486,464433,32,117732,1944,32,4,644756,1319142,20632192,5276568,25908760,4,4,12,4,4,4,0,20,20,20260807,5,1,1,1,0,0,0,6269,0.261208,1,0.0015,0
932,8553.3,11,0,2.27354,8.8125,0,0,0,11.086,361,361,0,1,2.45175,2.45175,1830,367,0,1235,0,0,0,0,0,1337,1627.81,2.40137,3.52742,168488,8,29433,486,464433,32,117732,1944,32,4,644756,1319142,20632192,5276568,25908760,4,4,12,4,4,4,0,20,20,20260807,5,1,1,1,0,0,0,6270,0.26125,1,0.0015,1
933,8559.88,6,0,2.08817,4.42033,0,0,0,6.5085,361,361,0,1,2.45175,2.45175,1830,367,0,1235,0,0,0,0,0,1337,1627.81,2.40137,3.52742,168488,8,29433,486,464433,32,117732,1944,32,4,644756,1319142,20632192,5276568,25908760,4,4,12,4,4,4,0,20,20,20260807,5,1,1,1,0,0,0,6270,0.26125,1,0.0015,0
934,8570.05,11,0,2.04296,8.00375,0,0,0,10.0467,361,361,0,1,2.45175,2.45175,1830,367,0,1235,0,0,0,0,0,1337,1627.81,2.40137,3.52742,168488,8,29433,486,464433,32,117732,1944,32,4,644756,1319142,20632192,5276568,25908760,4,4,12,4,4,4,0,20,20,20260807,5,1,1,1,0,0,0,6270,0.26125,1,0.0015,0
935,8575.17,5,0,2.14642,2.90075,0,0,0,5.04717,361,361,0,1,2.45175,2.45175,1830,367,0,1235,0,0,0,0,0,1337,1627.81,2.40137,3.52742,168488,8,29433,486,464433,32,117732,1944,32,4,644756,1319142,20632192,5276568,25908760,4,4,12,4,4,4,0,20,20,20260807,5,1,1,1,0,0,0,6270,0.26125,1,0.0015,0
936,8587.45,12,0,2.20117,9.99312,0,0,0,12.1943,361,361,0,1,2.45175,2.45175,1830,367,0,1235,0,0,0,0,0,1337,1627.81,2.40137,3.52742,168488,8,29433,486,464433,32,117732,1944,32,4,644756,1319142,20632192,5276568,25908760,4,4,12,4,4,4,0,20,20,20260807,5,1,1,1,0,0,0,6270,0.26125,1,0.0015,0
937,8592.57,5,0,2.07075,2.95775,0,0,0,5.0285,361,361,0,1,2.45175,2.45175,1830,367,0,1235,0,0,0,0,0,1337,1627.81,2.40137,3.52742,168488,8,29433,486,464433,32,117732,1944,32,4,644756,1319142,20632192,5276568,25908760,4,4,12,4,4,4,0,20,20,20260807,5,1,1,1,0,0,0,6270,0.26125,1,0.0015,0
938,8603.95,11,0,2.51337,8.79717,0,0,0,11.3105,361,361,0,1,2.45175,2.45175,1830,367,0,1235,0,0,0,0,0,1337,1627.81,2.40137,3.52742,168488,8,29433,486,464433,32,117732,1944,32,4,644756,1319142,20632192,5276568,25908760,4,4,12,4,4,4,0,20,20,20260807,5,1,1,1,0,0,0,6271,0.261292,1,0.0015,1
939,8609.19,6,0,2.10058,3.05742,0,0,0,5.158,361,361,0,1,2.45175,2.45175,1830,367,0,1235,0,0,0,0,0,1337,1627.81,2.40137,3.52742,168488,8,29433,486,464433,32,117732,1944,32,4,644756,1319142,20632192,5276568,25908760,4,4,12,4,4,4,0,20,20,20260807,5,1,1,1,0,0,0,6271,0.261292,1,0.0015,0
940,8621.04,12,0,2.28846,9.48346,0,0,0,11.7719,361,361,0,1,2.45175,2.45175,1830,367,0,1235,0,0,0,0,0,1337,1627.81,2.40137,3.52742,168488,8,29433,486,464433,32,117732,1944,32,4,644756,1319142,20632192,5276568,25908760,4,4,12,4,4,4,0,20,20,20260807,5,1,1,1,0,0,0,6271,0.261292,1,0.0015,0
941,8626.15,5,0,2.10917,2.91667,0,0,0,5.02583,361,361,0,1,2.45175,2.45175,1830,367,0,1235,0,0,0,0,0,1337,1627.81,2.40137,3.52742,168488,8,29433,486,464433,32,117732,1944,32,4,644756,1319142,20632192,5276568,25908760,4,4,12,4,4,4,0,20,20,20260807,5,1,1,1,0,0,0,6271,0.261292,1,0.0015,0
942,8637.3,11,0,2.36792,8.70804,0,0,0,11.076,361,361,0,1,2.45175,2.45175,1830,367,0,1235,0,0,0,0,0,1337,1627.81,2.40137,3.52742,168488,8,29433,486,464433,32,117732,1944,32,4,644756,1319142,20632192,5276568,25908760,4,4,12,4,4,4,0,20,20,20260807,5,1,1,1,0,0,0,6271,0.261292,1,0.0015,0
943,8642.97,5,0,2.11054,3.46879,0,0,0,5.57933,361,361,0,1,2.45175,2.45175,1830,367,0,1235,0,0,0,0,0,1337,1627.81,2.40137,3.52742,168488,8,29433,486,464433,32,117732,1944,32,4,644756,1319142,20632192,5276568,25908760,4,4,12,4,4,4,0,20,20,20260807,5,1,1,1,0,0,0,6271,0.261292,1,0.0015,0
944,8655.99,13,0,2.193,10.7248,0,0,0,12.9178,361,361,0,1,2.45175,2.45175,1830,367,0,1235,0,0,0,0,0,1337,1627.81,2.40137,3.52742,168488,8,29433,486,464433,32,117732,1944,32,4,644756,1319142,20632192,5276568,25908760,4,4,12,4,4,4,0,20,20,20260807,5,1,1,1,0,0,0,6272,0.261333,1,0.0015,1
945,8662.88,7,0,2.12933,4.67046,0,0,0,6.79979,361,361,0,1,2.45175,2.45175,1830,367,0,1235,0,0,0,0,0,1337,1627.81,2.40137,3.52742,168488,8,29433,486,464433,32,117732,1944,32,4,644756,1319142,20632192,5276568,25908760,4,4,12,4,4,4,0,20,20,20260807,5,1,1,1,0,0,0,6272,0.261333,1,0.0015,0
946,8673.98,11,0,2.09921,8.89192,0,0,0,10.9911,361,361,0,1,2.45175,2.45175,1830,367,0,1235,0,0,0,0,0,1337,1627.81,2.40137,3.52742,168488,8,29433,486,464433,32,117732,1944,32,4,644756,1319142,20632192,5276568,25908760,4,4,12,4,4,4,0,20,20,20260807,5,1,1,1,0,0,0,6272,0.261333,1,0.0015,0
947,8679.44,6,0,2.15304,3.22162,0,0,0,5.37467,361,361,0,1,2.45175,2.45175,1830,367,0,1235,0,0,0,0,0,1337,1627.81,2.40137,3.52742,168488,8,29433,486,464433,32,117732,1944,32,4,644756,1319142,20632192,5276568,25908760,4,4,12,4,4,4,0,20,20,20260807,5,1,1,1,0,0,0,6272,0.261333,1,0.0015,0
948,8687.43,8,0,2.19792,5.71288,0,0,0,7.91079,361,361,0,1,2.45175,2.45175,1830,367,0,1235,0,0,0,0,0,1337,1627.81,2.40137,3.52742,168488,8,29433,486,464433,32,117732,1944,32,4,644756,1319142,20632192,5276568,25908760,4,4,12,4,4,4,0,20,20,20260807,5,1,1,1,0,0,0,6272,0.261333,1,0.0015,0
949,8692.59,5,0,2.1375,2.94754,0,0,0,5.08504,361,361,0,1,2.45175,2.45175,1830,367,0,1235,0,0,0,0,0,1337,1627.81,2.40137,3.52742,168488,8,29433,486,464433,32,117732,1944,32,4,644756,1319142,20632192,5276568,25908760,4,4,12,4,4,4,0,20,20,20260807,5,1,1,1,0,0,0,6272,0.261333,1,0.0015,0
950,8703.24,11,0,2.36233,8.19483,0,0,0,10.5572,361,361,0,1,2.45175,2.45175,1830,367,0,1235,0,0,0,0,0,1337,1627.81,2.40137,3.52742,168488,8,29433,486,464433,32,117732,1944,32,4,644756,1319142,20632192,5276568,25908760,4,4,12,4,4,4,0,20,20,20260807,5,1,1,1,0,0,0,6273,0.261375,1,0.0015,1
951,8709,5,0,2.2015,3.48312,0,0,0,5.68462,361,361,0,1,2.45175,2.45175,1830,367,0,1235,0,0,0,0,0,1337,1627.81,2.40137,3.52742,168488,8,29433,486,464433,32,117732,1944,32,4,644756,1319142,20632192,5276568,25908760,4,4,12,4,4,4,0,20,20,20260807,5,1,1,1,0,0,0,6273,0.261375,1,0.0015,0
952,8722.3,14,0,7.16237,6.04942,0,0,0,13.2118,361,361,0,1,2.45175,2.45175,1830,367,0,1235,0,0,0,0,0,1337,1627.81,2.40137,3.52742,168488,8,29433,486,464433,32,117732,1944,32,4,644756,1319142,20632192,5276568,25908760,4,4,12,4,4,4,0,20,20,20260807,5,1,1,1,0,0,0,6273,0.261375,1,0.0015,0
953,8727.75,5,0,2.11371,3.25754,0,0,0,5.37125,361,361,0,1,2.45175,2.45175,1830,367,0,1235,0,0,0,0,0,1337,1627.81,2.40137,3.52742,168488,8,29433,486,464433,32,117732,1944,32,4,644756,1319142,20632192,5276568,25908760,4,4,12,4,4,4,0,20,20,20260807,5,1,1,1,0,0,0,6273,0.261375,1,0.0015,0
954,8736.7,9,0,2.2695,6.60271,0,0,0,8.87221,361,361,0,1,2.45175,2.45175,1830,367,0,1235,0,0,0,0,0,1337,1627.81,2.40137,3.52742,168488,8,29433,486,464433,32,117732,1944,32,4,644756,1319142,20632192,5276568,25908760,4,4,12,4,4,4,0,20,20,20260807,5,1,1,1,0,0,0,6273,0.261375,1,0.0015,0
955,8742.45,6,0,2.20783,3.46408,0,0,0,5.67192,361,361,0,1,2.45175,2.45175,1830,367,0,1235,0,0,0,0,0,1337,1627.81,2.40137,3.52742,168488,8,29433,486,464433,32,117732,1944,32,4,644756,1319142,20632192,5276568,25908760,4,4,12,4,4,4,0,20,20,20260807,5,1,1,1,0,0,0,6273,0.261375,1,0.0015,0
956,8753.51,11,0,2.71233,8.27121,0,0,0,10.9835,361,361,0,1,2.45175,2.45175,1830,367,0,1235,0,0,0,0,0,1337,1627.81,2.40137,3.52742,168488,8,29433,486,464433,32,117732,1944,32,4,644756,1319142,20632192,5276568,25908760,4,4,12,4,4,4,0,20,20,20260807,5,1,1,1,0,0,0,6274,0.261417,1,0.0015,1
957,8758.7,5,0,2.19125,2.90983,0,0,0,5.10108,361,361,0,1,2.45175,2.45175,1830,367,0,1235,0,0,0,0,0,1337,1627.81,2.40137,3.52742,168488,8,29433,486,464433,32,117732,1944,32,4,644756,1319142,20632192,5276568,25908760,4,4,12,4,4,4,0,20,20,20260807,5,1,1,1,0,0,0,6274,0.261417,1,0.0015,0
958,8770.39,12,0,2.34662,9.26483,0,0,0,11.6115,361,361,0,1,2.45175,2.45175,1830,367,0,1235,0,0,0,0,0,1337,1627.81,2.40137,3.52742,168488,8,29433,486,464433,32,117732,1944,32,4,644756,1319142,20632192,5276568,25908760,4,4,12,4,4,4,0,20,20,20260807,5,1,1,1,0,0,0,6274,0.261417,1,0.0015,0
959,8775.8,5,0,2.12592,3.19071,0,0,0,5.31663,361,361,0,1,2.45175,2.45175,1830,367,0,1235,0,0,0,0,0,1337,1627.81,2.40137,3.52742,168488,8,29433,486,464433,32,117732,1944,32,4,644756,1319142,20632192,5276568,25908760,4,4,12,4,4,4,0,20,20,20260807,5,1,1,1,0,0,0,6274,0.261417,1,0.0015,0
960,8786.93,11,0,2.294,8.76163,0,0,0,11.0556,361,361,0,1,2.45175,2.45175,1830,367,0,1235,0,0,0,0,0,1337,1627.81,2.40137,3.52742,168488,8,29433,486,464433,32,117732,1944,32,4,644756,1319142,20632192,5276568,25908760,4,4,12,4,4,4,0,20,20,20260807,5,1,1,1,0,0,0,6274,0.261417,1,0.0015,0
961,8792.06,6,0,2.08033,2.94175,0,0,0,5.02208,361,361,0,1,2.45175,2.45175,1830,367,0,1235,0,0,0,0,0,1337,1627.81,2.40137,3.52742,168488,8,29433,486,464433,32,117732,1944,32,4,644756,1319142,20632192,5276568,25908760,4,4,12,4,4,4,0,20,20,20260807,5,1,1,1,0,0,0,6274,0.261417,1,0.0015,0
962,8803.4,11,0,2.39929,8.86329,0,0,0,11.2626,361,361,0,1,2.45175,2.45175,1830,367,0,1235,0,0,0,0,0,1337,1627.81,2.40137,3.52742,168488,8,29433,486,464433,32,117732,1944,32,4,644756,1319142,20632192,5276568,25908760,4,4,12,4,4,4,0,20,20,20260807,5,1,1,1,0,0,0,6275,0.261458,1,0.0015,1
963,8808.51,5,0,2.12367,2.89746,0,0,0,5.02112,361,361,0,1,2.45175,2.45175,1830,367,0,1235,0,0,0,0,0,1337,1627.81,2.40137,3.52742,168488,8,29433,486,464433,32,117732,1944,32,4,644756,1319142,20632192,5276568,25908760,4,4,12,4,4,4,0,20,20,20260807,5,1,1,1,0,0,0,6275,0.261458,1,0.0015,0
964,8820.04,12,0,2.24554,9.21633,0,0,0,11.4619,361,361,0,1,2.45175,2.45175,1830,367,0,1235,0,0,0,0,0,1337,1627.81,2.40137,3.52742,168488,8,29433,486,464433,32,117732,1944,32,4,644756,1319142,20632192,5276568,25908760,4,4,12,4,4,4,0,20,20,20260807,5,1,1,1,0,0,0,6275,0.261458,1,0.0015,0
965,8826.54,6,0,2.07017,4.33946,0,0,0,6.40963,361,361,0,1,2.45175,2.45175,1830,367,0,1235,0,0,0,0,0,1337,1627.81,2.40137,3.52742,168488,8,29433,486,464433,32,117732,1944,32,4,644756,1319142,20632192,5276568,25908760,4,4,12,4,4,4,0,20,20,20260807,5,1,1,1,0,0,0,6275,0.261458,1,0.0015,0
966,8836.63,10,0,2.17013,7.82829,0,0,0,9.99842,361,361,0,1,2.45175,2.45175,1830,367,0,1235,0,0,0,0,0,1337,1627.81,2.40137,3.52742,168488,8,29433,486,464433,32,117732,1944,32,4,644756,1319142,20632192,5276568,25908760,4,4,12,4,4,4,0,20,20,20260807,5,1,1,1,0,0,0,6275,0.261458,1,0.0015,0
967,8842.73,6,0,2.06392,3.9655,0,0,0,6.02942,361,361,0,1,2.45175,2.45175,1830,367,0,1235,0,0,0,0,0,1337,1627.81,2.40137,3.52742,168488,8,29433,486,464433,32,117732,1944,32,4,644756,1319142,20632192,5276568,25908760,4,4,12,4,4,4,0,20,20,20260807,5,1,1,1,0,0,0,6275,0.261458,1,0.0015,0
968,8854.02,11,0,2.23992,8.96633,0,0,0,11.2063,361,361,0,1,2.45175,2.45175,1830,367,0,1235,0,0,0,0,0,1337,1627.81,2.40137,3.52742,168488,8,29433,486,464433,32,117732,1944,32,4,644756,1319142,20632192,5276568,25908760,4,4,12,4,4,4,0,20,20,20260807,5,1,1,1,0,0,0,6276,0.2615,1,0.0015,1
969,8861.12,8,0,2.14917,4.86217,0,0,0,7.01133,361,361,0,1,2.45175,2.45175,1830,367,0,1235,0,0,0,0,0,1337,1627.81,2.40137,3.52742,168488,8,29433,486,464433,32,117732,1944,32,4,644756,1319142,20632192,5276568,25908760,4,4,12,4,4,4,0,20,20,20260807,5,1,1,1,0,0,0,6276,0.2615,1,0.0015,0
970,8869.83,8,0,2.07696,6.55625,0,0,0,8.63321,361,361,0,1,2.45175,2.45175,1830,367,0,1235,0,0,0,0,0,1337,1627.81,2.40137,3.52742,168488,8,29433,486,464433,32,117732,1944,32,4,644756,1319142,20632192,5276568,25908760,4,4,12,4,4,4,0,20,20,20260807,5,1,1,1,0,0,0,6276,0.2615,1,0.0015,0
971,8875.95,6,0,2.049,3.99879,0,0,0,6.04779,361,361,0,1,2.45175,2.45175,1830,367,0,1235,0,0,0,0,0,1337,1627.81,2.40137,3.52742,168488,8,29433,486,464433,32,117732,1944,32,4,644756,1319142,20632192,5276568,25908760,4,4,12,4,4,4,0,20,20,20260807,5,1,1,1,0,0,0,6276,0.2615,1,0.0015,0
972,8886.63,11,0,2.55096,8.04775,0,0,0,10.5987,361,361,0,1,2.45175,2.45175,1830,367,0,1235,0,0,0,0,0,1337,1627.81,2.40137,3.52742,168488,8,29433,486,464433,32,117732,1944,32,4,644756,1319142,20632192,5276568,25908760,4,4,12,4,4,4,0,20,20,20260807,5,1,1,1,0,0,0,6276,0.2615,1,0.0015,0
973,8893.7,7,0,2.04554,4.94421,0,0,0,6.98975,361,361,0,1,2.45175,2.45175,1830,367,0,1235,0,0,0,0,0,1337,1627.81,2.40137,3.52742,168488,8,29433,486,464433,32,117732,1944,32,4,644756,1319142,20632192,5276568,25908760,4,4,12,4,4,4,0,20,20,20260807,5,1,1,1,0,0,0,6276,0.2615,1,0.0015,0
974,8903.24,10,0,2.06754,7.36671,0,0,0,9.43425,361,361,0,1,2.45175,2.45175,1830,367,0,1235,0,0,0,0,0,1337,1627.81,2.40137,3.52742,168488,8,29433,486,464433,32,117732,1944,32,4,644756,1319142,20632192,5276568,25908760,4,4,12,4,4,4,0,20,20,20260807,5,1,1,1,0,0,0,6277,0.261542,1,0.0015,1
975,8909.39,6,0,2.07017,3.9825,0,0,0,6.05267,361,361,0,1,2.45175,2.45175,1830,367,0,1235,0,0,0,0,0,1337,1627.81,2.40137,3.52742,168488,8,29433,486,464433,32,117732,1944,32,4,644756,1319142,20632192,5276568,25908760,4,4,12,4,4,4,0,20,20,20260807,5,1,1,1,0,0,0,6277,0.261542,1,0.0015,0
976,8922.95,13,0,2.76917,10.7102,0,0,0,13.4794,361,361,0,1,2.45175,2.45175,1830,367,0,1235,0,0,0,0,0,1337,1627.81,2.40137,3.52742,168488,8,29433,486,464433,32,117732,1944,32,4,644756,1319142,20632192,5276568,25908760,4,4,12,4,4,4,0,20,20,20260807,5,1,1,1,0,0,0,6277,0.261542,1,0.0015,0
977,8930.03,7,0,2.08962,4.9095,0,0,0,6.99913,361,361,0,1,2.45175,2.45175,1830,367,0,1235,0,0,0,0,0,1337,1627.81,2.40137,3.52742,168488,8,29433,486,464433,32,117732,1944,32,4,644756,1319142,20632192,5276568,25908760,4,4,12,4,4,4,0,20,20,20260807,5,1,1,1,0,0,0,6277,0.261542,1,0.0015,0
978,8936.54,7,0,2.05692,4.37654,0,0,0,6.43346,361,361,0,1,2.45175,2.45175,1830,367,0,1235,0,0,0,0,0,1337,1627.81,2.40137,3.52742,168488,8,29433,486,464433,32,117732,1944,32,4,644756,1319142,20632192,5276568,25908760,4,4,12,4,4,4,0,20,20,20260807,5,1,1,1,0,0,0,6277,0.261542,1,0.0015,0
979,8942.25,6,0,2.04088,3.58887,0,0,0,5.62975,361,361,0,1,2.45175,2.45175,1830,367,0,1235,0,0,0,0,0,1337,1627.81,2.40137,3.52742,168488,8,29433,486,464433,32,117732,1944,32,4,644756,1319142,20632192,5276568,25908760,4,4,12,4,4,4,0,20,20,20260807,5,1,1,1,0,0,0,6277,0.261542,1,0.0015,0
980,8953.36,11,0,2.22171,8.81237,0,0,0,11.0341,361,361,0,1,2.45175,2.45175,1830,367,0,1235,0,0,0,0,0,1337,1627.81,2.40137,3.52742,168488,8,29433,486,464433,32,117732,1944,32,4,644756,1319142,20632192,5276568,25908760,4,4,12,4,4,4,0,20,20,20260807,5,1,1,1,0,0,0,6278,0.261583,1,0.0015,1
981,8960.08,7,0,2.06829,4.55971,0,0,0,6.628,361,361,0,1,2.45175,2.45175,1830,367,0,1235,0,0,0,0,0,1337,1627.81,2.40137,3.52742,168488,8,29433,486,464433,32,117732,1944,32,4,644756,1319142,20632192,5276568,25908760,4,4,12,4,4,4,0,20,20,20260807,5,1,1,1,0,0,0,6278,0.261583,1,0.0015,0
982,8969.91,9,0,2.20154,7.54958,0,0,0,9.75113,361,361,0,1,2.45175,2.45175,1830,367,0,1235,0,0,0,0,0,1337,1627.81,2.40137,3.52742,168488,8,29433,486,464433,32,117732,1944,32,4,644756,1319142,20632192,5276568,25908760,4,4,12,4,4,4,0,20,20,20260807,5,1,1,1,0,0,0,6278,0.261583,1,0.0015,0
983,8976,6,0,2.05942,3.95121,0,0,0,6.01063,361,361,0,1,2.45175,2.45175,1830,367,0,1235,0,0,0,0,0,1337,1627.81,2.40137,3.52742,168488,8,29433,486,464433,32,117732,1944,32,4,644756,1319142,20632192,5276568,25908760,4,4,12,4,4,4,0,20,20,20260807,5,1,1,1,0,0,0,6278,0.261583,1,0.0015,0
984,8986.64,11,0,2.38821,8.177,0,0,0,10.5652,361,361,0,1,2.45175,2.45175,1830,367,0,1235,0,0,0,0,0,1337,1627.81,2.40137,3.52742,168488,8,29433,486,464433,32,117732,1944,32,4,644756,1319142,20632192,5276568,25908760,4,4,12,4,4,4,0,20,20,20260807,5,1,1,1,0,0,0,6278,0.261583,1,0.0015,0
985,8994.6,8,0,2.10267,5.77833,0,0,0,7.881,361,361,0,1,2.45175,2.45175,1830,367,0,1235,0,0,0,0,0,1337,1627.81,2.40137,3.52742,168488,8,29433,486,464433,32,117732,1944,32,4,644756,1319142,20632192,5276568,25908760,4,4,12,4,4,4,0,20,20,20260807,5,1,1,1,0,0,0,6278,0.261583,1,0.0015,0
986,9003.23,9,0,2.10358,6.447,0,0,0,8.55058,361,361,0,1,2.45175,2.45175,1830,367,0,1235,0,0,0,0,0,1337,1627.81,2.40137,3.52742,168488,8,29433,486,464433,32,117732,1944,32,4,644756,1319142,20632192,5276568,25908760,4,4,12,4,4,4,0,20,20,20260807,5,1,1,1,0,0,0,6279,0.261625,1,0.0015,1
987,9009.28,6,0,2.06642,3.9095,0,0,0,5.97592,361,361,0,1,2.45175,2.45175,1830,367,0,1235,0,0,0,0,0,1337,1627.81,2.40137,3.52742,168488,8,29433,486,464433,32,117732,1944,32,4,644756,1319142,20632192,5276568,25908760,4,4,12,4,4,4,0,20,20,20260807,5,1,1,1,0,0,0,6279,0.261625,1,0.0015,0
988,9020.51,11,0,2.65183,8.48429,0,0,0,11.1361,361,361,0,1,2.45175,2.45175,1830,367,0,1235,0,0,0,0,0,1337,1627.81,2.40137,3.52742,168488,8,29433,486,464433,32,117732,1944,32,4,644756,1319142,20632192,5276568,25908760,4,4,12,4,4,4,0,20,20,20260807,5,1,1,1,0,0,0,6279,0.261625,1,0.0015,0
989,9027.76,7,0,2.04367,5.13288,0,0,0,7.17654,361,361,0,1,2.45175,2.45175,1830,367,0,1235,0,0,0,0,0,1337,1627.81,2.40137,3.52742,168488,8,29433,486,464433,32,117732,1944,32,4,644756,1319142,20632192,5276568,25908760,4,4,12,4,4,4,0,20,20,20260807,5,1,1,1,0,0,0,6279,0.261625,1,0.0015,0
990,9036.52,8,0,2.05837,6.58267,0,0,0,8.64104,361,361,0,1,2.45175,2.45175,1830,367,0,1235,0,0,0,0,0,1337,1627.81,2.40137,3.52742,168488,8,29433,486,464433,32,117732,1944,32,4,644756,1319142,20632192,5276568,25908760,4,4,12,4,4,4,0,20,20,20260807,5,1,1,1,0,0,0,6279,0.261625,1,0.0015,0
991,9042.42,6,0,2.05546,3.77287,0,0,0,5.82833,361,361,0,1,2.45175,2.45175,1830,367,0,1235,0,0,0,0,0,1337,1627.81,2.40137,3.52742,168488,8,29433,486,464433,32,117732,1944,32,4,644756,1319142,20632192,5276568,25908760,4,4,12,4,4,4,0,20,20,20260807,5,1,1,1,0,0,0,6279,0.261625,1,0.0015,0
992,9053.29,11,0,2.24917,8.54292,0,0,0,10.7921,361,361,0,1,2.45175,2.45175,1830,367,0,1235,0,0,0,0,0,1337,1627.81,2.40137,3.52742,168488,8,29433,486,464433,32,117732,1944,32,4,644756,1319142,20632192,5276568,25908760,4,4,12,4,4,4,0,20,20,20260807,5,1,1,1,0,0,0,6280,0.261667,1,0.0015,1
993,9063.25,10,0,2.03775,7.84383,0,0,0,9.88158,361,361,0,1,2.45175,2.45175,1830,367,0,1235,0,0,0,0,0,1337,1627.81,2.40137,3.52742,168488,8,29433,486,464433,32,117732,1944,32,4,644756,1319142,20632192,5276568,25908760,4,4,12,4,4,4,0,20,20,20260807,5,1,1,1,0,0,0,6280,0.261667,1,0.0015,0
994,9069.9,6,0,2.01938,4.55304,0,0,0,6.57242,361,361,0,1,2.45175,2.45175,1830,367,0,1235,0,0,0,0,0,1337,1627.81,2.40137,3.52742,168488,8,29433,486,464433,32,117732,1944,32,4,644756,1319142,20632192,5276568,25908760,4,4,12,4,4,4,0,20,20,20260807,5,1,1,1,0,0,0,6280,0.261667,1,0.0015,0
995,9075.45,6,0,2.10967,3.34904,0,0,0,5.45871,361,361,0,1,2.45175,2.45175,1830,367,0,1235,0,0,0,0,0,1337,1627.81,2.40137,3.52742,168488,8,29433,486,464433,32,117732,1944,32,4,644756,1319142,20632192,5276568,25908760,4,4,12,4,4,4,0,20,20,20260807,5,1,1,1,0,0,0,6280,0.261667,1,0.0015,0
996,9086.71,11,0,2.15754,9.02967,0,0,0,11.1872,361,361,0,1,2.45175,2.45175,1830,367,0,1235,0,0,0,0,0,1337,1627.81,2.40137,3.52742,168488,8,29433,486,464433,32,117732,1944,32,4,644756,1319142,20632192,5276568,25908760,4,4,12,4,4,4,0,20,20,20260807,5,1,1,1,0,0,0,6280,0.261667,1,0.0015,0
997,9092.83,6,0,2.12896,3.90479,0,0,0,6.03375,361,361,0,1,2.45175,2.45175,1830,367,0,1235,0,0,0,0,0,1337,1627.81,2.40137,3.52742,168488,8,29433,486,464433,32,117732,1944,32,4,644756,1319142,20632192,5276568,25908760,4,4,12,4,4,4,0,20,20,20260807,5,1,1,1,0,0,0,6280,0.261667,1,0.0015,0
998,9103.31,11,0,2.23767,8.1095,0,0,0,10.3472,361,361,0,1,2.45175,2.45175,1830,367,0,1235,0,0,0,0,0,1337,1627.81,2.40137,3.52742,168488,8,29433,486,464433,32,117732,1944,32,4,644756,1319142,20632192,5276568,25908760,4,4,12,4,4,4,0,20,20,20260807,5,1,1,1,0,0,0,6281,0.261708,1,0.0015,1
999,9108.83,5,0,2.10312,3.33533,0,0,0,5.43846,361,361,0,1,2.45175,2.45175,1830,367,0,1235,0,0,0,0,0,1337,1627.81,2.40137,3.52742,168488,8,29433,486,464433,32,117732,1944,32,4,644756,1319142,20632192,5276568,25908760,4,4,12,4,4,4,0,20,20,20260807,5,1,1,1,0,0,0,6281,0.261708,1,0.0015,0
1000,9120.15,12,0,2.23675,9.01496,0,0,0,11.2517,361,361,0,1,2.45175,2.45175,1830,367,0,1235,0,0,0,0,0,1337,1627.81,2.40137,3.52742,168488,8,29433,486,464433,32,117732,1944,32,4,644756,1319142,20632192,5276568,25908760,4,4,12,4,4,4,0,20,20,20260807,5,1,1,1,0,0,0,6281,0.261708,1,0.0015,0
1001,9127.31,7,0,2.06075,5.00783,0,0,0,7.06858,361,361,0,1,2.45175,2.45175,1830,367,0,1235,0,0,0,0,0,1337,1627.81,2.40137,3.52742,168488,8,29433,486,464433,32,117732,1944,32,4,644756,1319142,20632192,5276568,25908760,4,4,12,4,4,4,0,20,20,20260807,5,1,1,1,0,0,0,6281,0.261708,1,0.0015,0
1002,9136.67,9,0,2.10062,7.18467,0,0,0,9.28529,361,361,0,1,2.45175,2.45175,1830,367,0,1235,0,0,0,0,0,1337,1627.81,2.40137,3.52742,168488,8,29433,486,464433,32,117732,1944,32,4,644756,1319142,20632192,5276568,25908760,4,4,12,4,4,4,0,20,20,20260807,5,1,1,1,0,0,0,6281,0.261708,1,0.0015,0
1003,9142.62,6,0,2.08087,3.78017,0,0,0,5.86104,361,361,0,1,2.45175,2.45175,1830,367,0,1235,0,0,0,0,0,1337,1627.81,2.40137,3.52742,168488,8,29433,486,464433,32,117732,1944,32,4,644756,1319142,20632192,5276568,25908760,4,4,12,4,4,4,0,20,20,20260807,5,1,1,1,0,0,0,6281,0.261708,1,0.0015,0
1004,9153.31,11,0,2.36058,8.22896,0,0,0,10.5895,361,361,0,1,2.45175,2.45175,1830,367,0,1235,0,0,0,0,0,1337,1627.81,2.40137,3.52742,168488,8,29433,486,464433,32,117732,1944,32,4,644756,1319142,20632192,5276568,25908760,4,4,12,4,4,4,0,20,20,20260807,5,1,1,1,0,0,0,6282,0.26175,1,0.0015,1
1005,9159.84,6,0,2.00129,4.44838,0,0,0,6.44967,361,361,0,1,2.45175,2.45175,1830,367,0,1235,0,0,0,0,0,1337,1627.81,2.40137,3.52742,168488,8,29433,486,464433,32,117732,1944,32,4,644756,1319142,20632192,5276568,25908760,4,4,12,4,4,4,0,20,20,20260807,5,1,1,1,0,0,0,6282,0.26175,1,0.0015,0
1006,9169.97,10,0,2.12679,7.87063,0,0,0,9.99742,361,361,0,1,2.45175,2.45175,1830,367,0,1235,0,0,0,0,0,1337,1627.81,2.40137,3.52742,168488,8,29433,486,464433,32,117732,1944,32,4,644756,1319142,20632192,5276568,25908760,4,4,12,4,4,4,0,20,20,20260807,5,1,1,1,0,0,0,6282,0.26175,1,0.0015,0
1007,9177.38,8,0,2.08833,5.23629,0,0,0,7.32463,361,361,0,1,2.45175,2.45175,1830,367,0,1235,0,0,0,0,0,1337,1627.81,2.40137,3.52742,168488,8,29433,486,464433,32,117732,1944,32,4,644756,1319142,20632192,5276568,25908760,4,4,12,4,4,4,0,20,20,20260807,5,1,1,1,0,0,0,6282,0.26175,1,0.0015,0
1008,9187.08,10,0,2.04908,7.57212,0,0,0,9.62121,361,361,0,1,2.45175,2.45175,1830,367,0,1235,0,0,0,0,0,1337,1627.81,2.40137,3.52742,168488,8,29433,486,464433,32,117732,1944,32,4,644756,1319142,20632192,5276568,25908760,4,4,12,4,4,4,0,20,20,20260807,5,1,1,1,0,0,0,6282,0.26175,1,0.0015,0
1009,9192.33,5,0,2.11342,3.05308,0,0,0,5.1665,361,361,0,1,2.45175,2.45175,1830,367,0,1235,0,0,0,0,0,1337,1627.81,2.40137,3.52742,168488,8,29433,486,464433,32,117732,1944,32,4,644756,1319142,20632192,5276568,25908760,4,4,12,4,4,4,0,20,20,20260807,5,1,1,1,0,0,0,6282,0.26175,1,0.0015,0
1010,9203.34,11,0,2.327,8.59179,0,0,0,10.9188,361,361,0,1,2.45175,2.45175,1830,367,0,1235,0,0,0,0,0,1337,1627.81,2.40137,3.52742,168488,8,29433,486,464433,32,117732,1944,32,4,644756,1319142,20632192,5276568,25908760,4,4,12,4,4,4,0,20,20,20260807,5,1,1,1,0,0,0,6283,0.261792,1,0.0015,1
1011,9209.36,6,0,2.04229,3.90933,0,0,0,5.95162,361,361,0,1,2.45175,2.45175,1830,367,0,1235,0,0,0,0,0,1337,1627.81,2.40137,3.52742,168488,8,29433,486,464433,32,117732,1944,32,4,644756,1319142,20632192,5276568,25908760,4,4,12,4,4,4,0,20,20,20260807,5,1,1,1,0,0,0,6283,0.261792,1,0.0015,0
1012,9220.02,10,0,2.30896,8.26908,0,0,0,10.578,361,361,0,1,2.45175,2.45175,1830,367,0,1235,0,0,0,0,0,1337,1627.81,2.40137,3.52742,168488,8,29433,486,464433,32,117732,1944,32,4,644756,1319142,20632192,5276568,25908760,4,4,12,4,4,4,0,20,20,20260807,5,1,1,1,0,0,0,6283,0.261792,1,0.0015,0
1013,9226.66,7,0,2.06775,4.49729,0,0,0,6.56504,361,361,0,1,2.45175,2.45175,1830,367,0,1235,0,0,0,0,0,1337,1627.81,2.40137,3.52742,168488,8,29433,486,464433,32,117732,1944,32,4,644756,1319142,20632192,5276568,25908760,4,4,12,4,4,4,0,20,20,20260807,5,1,1,1,0,0,0,6283,0.261792,1,0.0015,0
1014,9236.65,10,0,2.20196,7.70862,0,0,0,9.91058,361,361,0,1,2.45175,2.45175,1830,367,0,1235,0,0,0,0,0,1337,1627.81,2.40137,3.52742,168488,8,29433,486,464433,32,117732,1944,32,4,644756,1319142,20632192,5276568,25908760,4,4,12,4,4,4,0,20,20,20260807,5,1,1,1,0,0,0,6283,0.261792,1,0.0015,0
1015,9243.92,7,0,2.04242,5.14092,0,0,0,7.18333,361,361,0,1,2.45175,2.45175,1830,367,0,1235,0,0,0,0,0,1337,1627.81,2.40137,3.52742,168488,8,29433,486,464433,32,117732,1944,32,4,644756,1319142,20632192,5276568,25908760,4,4,12,4,4,4,0,20,20,20260807,5,1,1,1,0,0,0,6283,0.261792,1,0.0015,0
1016,9253.27,10,0,2.06813,7.20567,0,0,0,9.27379,361,361,0,1,2.45175,2.45175,1830,367,0,1235,0,0,0,0,0,1337,1627.81,2.40137,3.52742,168488,8,29433,486,464433,32,117732,1944,32,4,644756,1319142,20632192,5276568,25908760,4,4,12,4,4,4,0,20,20,20260807,5,1,1,1,0,0,0,6284,0.261833,1,0.0015,1
1017,9261.18,8,0,2.08242,5.73538,0,0,0,7.81779,361,361,0,1,2.45175,2.45175,1830,367,0,1235,0,0,0,0,0,1337,1627.81,2.40137,3.52742,168488,8,29433,486,464433,32,117732,1944,32,4,644756,1319142,20632192,5276568,25908760,4,4,12,4,4,4,0,20,20,20260807,5,1,1,1,0,0,0,6284,0.261833,1,0.0015,0
1018,9269.98,8,0,2.05883,6.63225,0,0,0,8.69108,361,361,0,1,2.45175,2.45175,1830,367,0,1235,0,0,0,0,0,1337,1627.81,2.40137,3.52742,168488,8,29433,486,464433,32,117732,1944,32,4,644756,1319142,20632192,5276568,25908760,4,4,12,4,4,4,0,20,20,20260807,5,1,1,1,0,0,0,6284,0.261833,1,0.0015,0
1019,9276.48,7,0,2.10867,4.31538,0,0,0,6.42404,361,361,0,1,2.45175,2.45175,1830,367,0,1235,0,0,0,0,0,1337,1627.81,2.40137,3.52742,168488,8,29433,486,464433,32,117732,1944,32,4,644756,1319142,20632192,5276568,25908760,4,4,12,4,4,4,0,20,20,20260807,5,1,1,1,0,0,0,6284,0.261833,1,0.0015,0
1020,9286.68,11,0,2.15608,7.96867,0,0,0,10.1248,361,361,0,1,2.45175,2.45175,1830,367,0,1235,0,0,0,0,0,1337,1627.81,2.40137,3.52742,168488,8,29433,486,464433,32,117732,1944,32,4,644756,1319142,20632192,5276568,25908760,4,4,12,4,4,4,0,20,20,20260807,5,1,1,1,0,0,0,6284,0.261833,1,0.0015,0
1021,9295.25,9,0,2.04854,6.42871,0,0,0,8.47725,361,361,0,1,2.45175,2.45175,1830,367,0,1235,0,0,0,0,0,1337,1627.81,2.40137,3.52742,168488,8,29433,486,464433,32,117732,1944,32,4,644756,1319142,20632192,5276568,25908760,4,4,12,4,4,4,0,20,20,20260807,5,1,1,1,0,0,0,6284,0.261833,1,0.0015,0
1022,9303.25,8,0,2.18004,5.74388,0,0,0,7.92392,361,361,0,1,2.45175,2.45175,1830,367,0,1235,0,0,0,0,0,1337,1627.81,2.40137,3.52742,168488,8,29433,486,464433,32,117732,1944,32,4,644756,1319142,20632192,5276568,25908760,4,4,12,4,4,4,0,20,20,20260807,5,1,1,1,0,0,0,6285,0.261875,1,0.0015,1
1023,9308.81,5,0,2.0715,3.40967,0,0,0,5.48117,361,361,0,1,2.45175,2.45175,1830,367,0,1235,0,0,0,0,0,1337,1627.81,2.40137,3.52742,168488,8,29433,486,464433,32,117732,1944,32,4,644756,1319142,20632192,5276568,25908760,4,4,12,4,4,4,0,20,20,20260807,5,1,1,1,0,0,0,6285,0.261875,1,0.0015,0
1024,9320.06,12,0,2.16908,9.00142,0,0,0,11.1705,361,361,0,1,2.45175,2.45175,1830,367,0,1235,0,0,0,0,0,1337,1627.81,2.40137,3.52742,168488,8,29433,486,464433,32,117732,1944,32,4,644756,1319142,20632192,5276568,25908760,4,4,12,4,4,4,0,20,20,20260807,5,1,1,1,0,0,0,6285,0.261875,1,0.0015,0
1025,9326.81,6,0,2.07921,3.88496,0,0,0,5.96417,361,361,0,1,2.45175,2.45175,1830,367,0,1235,0,0,0,0,0,1337,1627.81,2.40137,3.52742,168488,8,29433,486,464433,32,117732,1944,32,4,644756,1319142,20632192,5276568,25908760,4,4,12,4,4,4,0,20,20,20260807,5,1,1,1,0,0,0,6285,0.261875,1,0.0015,0
1026,9336.49,10,0,2.05467,7.54887,0,0,0,9.60354,361,361,0,1,2.45175,2.45175,1830,367,0,1235,0,0,0,0,0,1337,1627.81,2.40137,3.52742,168488,8,29433,486,464433,32,117732,1944,32,4,644756,1319142,20632192,5276568,25908760,4,4,12,4,4,4,0,20,20,20260807,5,1,1,1,0,0,0,6285,0.261875,1,0.0015,0
1027,9342.81,6,0,2.00742,4.23721,0,0,0,6.24463,361,361,0,1,2.45175,2.45175,1830,367,0,1235,0,0,0,0,0,1337,1627.81,2.40137,3.52742,168488,8,29433,486,464433,32,117732,1944,32,4,644756,1319142,20632192,5276568,25908760,4,4,12,4,4,4,0,20,20,20260807,5,1,1,1,0,0,0,6285,0.261875,1,0.0015,0
1028,9354.04,12,0,2.17175,8.92062,0,0,0,11.0924,361,361,0,1,2.45175,2.45175,1830,367,0,1235,0,0,0,0,0,1337,1627.81,2.40137,3.52742,168488,8,29433,486,464433,32,117732,1944,32,4,644756,1319142,20632192,5276568,25908760,4,4,12,4,4,4,0,20,20,20260807,5,1,1,1,0,0,0,6286,0.261917,1,0.0015,1
1029,9359.17,5,0,2.08363,2.97442,0,0,0,5.05804,361,361,0,1,2.45175,2.45175,1830,367,0,1235,0,0,0,0,0,1337,1627.81,2.40137,3.52742,168488,8,29433,486,464433,32,117732,1944,32,4,644756,1319142,20632192,5276568,25908760,4,4,12,4,4,4,0,20,20,20260807,5,1,1,1,0,0,0,6286,0.261917,1,0.0015,0
1030,9370,10,0,3.71287,7.03358,0,0,0,10.7465,361,361,0,1,2.45175,2.45175,1830,367,0,1235,0,0,0,0,0,1337,1627.81,2.40137,3.52742,168488,8,29433,486,464433,32,117732,1944,32,4,644756,1319142,20632192,5276568,25908760,4,4,12,4,4,4,0,20,20,20260807,5,1,1,1,0,0,0,6286,0.261917,1,0.0015,0
1031,9375.9,6,0,2.10496,3.71579,0,0,0,5.82075,361,361,0,1,2.45175,2.45175,1830,367,0,1235,0,0,0,0,0,1337,1627.81,2.40137,3.52742,168488,8,29433,486,464433,32,117732,1944,32,4,644756,1319142,20632192,5276568,25908760,4,4,12,4,4,4,0,20,20,20260807,5,1,1,1,0,0,0,6286,0.261917,1,0.0015,0
1032,9386.75,11,0,2.42292,8.34346,0,0,0,10.7664,361,361,0,1,2.45175,2.45175,1830,367,0,1235,0,0,0,0,0,1337,1627.81,2.40137,3.52742,168488,8,29433,486,464433,32,117732,1944,32,4,644756,1319142,20632192,5276568,25908760,4,4,12,4,4,4,0,20,20,20260807,5,1,1,1,0,0,0,6286,0.261917,1,0.0015,0
1033,9392.66,6,0,2.15129,3.66213,0,0,0,5.81342,361,361,0,1,2.45175,2.45175,1830,367,0,1235,0,0,0,0,0,1337,1627.81,2.40137,3.52742,168488,8,29433,486,464433,32,117732,1944,32,4,644756,1319142,20632192,5276568,25908760,4,4,12,4,4,4,0,20,20,20260807,5,1,1,1,0,0,0,6286,0.261917,1,0.0015,0
1034,9403.37,11,0,2.42387,8.19242,0,0,0,10.6163,361,361,0,1,2.45175,2.45175,1830,367,0,1235,0,0,0,0,0,1337,1627.81,2.40137,3.52742,168488,8,29433,486,464433,32,117732,1944,32,4,644756,1319142,20632192,5276568,25908760,4,4,12,4,4,4,0,20,20,20260807,5,1,1,1,0,0,0,6287,0.261958,1,0.0015,1
1035,9411.91,8,0,4.15692,4.296,0,0,0,8.45292,361,361,0,1,2.45175,2.45175,1830,367,0,1235,0,0,0,0,0,1337,1627.81,2.40137,3.52742,168488,8,29433,486,464433,32,117732,1944,32,4,644756,1319142,20632192,5276568,25908760,4,4,12,4,4,4,0,20,20,20260807,5,1,1,1,0,0,0,6287,0.261958,1,0.0015,0
1036,9420.02,8,0,2.18442,5.84738,0,0,0,8.03179,361,361,0,1,2.45175,2.45175,1830,367,0,1235,0,0,0,0,0,1337,1627.81,2.40137,3.52742,168488,8,29433,486,464433,32,117732,1944,32,4,644756,1319142,20632192,5276568,25908760,4,4,12,4,4,4,0,20,20,20260807,5,1,1,1,0,0,0,6287,0.261958,1,0.0015,0
1037,9426.35,7,0,2.05217,4.19854,0,0,0,6.25071,361,361,0,1,2.45175,2.45175,1830,367,0,1235,0,0,0,0,0,1337,1627.81,2.40137,3.52742,168488,8,29433,486,464433,32,117732,1944,32,4,644756,1319142,20632192,5276568,25908760,4,4,12,4,4,4,0,20,20,20260807,5,1,1,1,0,0,0,6287,0.261958,1,0.0015,0
1038,9439.98,13,0,2.20025,11.3464,0,0,0,13.5467,361,361,0,1,2.45175,2.45175,1830,367,0,1235,0,0,0,0,0,1337,1627.81,2.40137,3.52742,168488,8,29433,486,464433,32,117732,1944,32,4,644756,1319142,20632192,5276568,25908760,4,4,12,4,4,4,0,20,20,20260807,5,1,1,1,0,0,0,6287,0.261958,1,0.0015,0
1039,9446.2,7,0,2.14012,3.99292,0,0,0,6.13304,361,361,0,1,2.45175,2.45175,1830,367,0,1235,0,0,0,0,0,1337,1627.81,2.40137,3.52742,168488,8,29433,486,464433,32,117732,1944,32,4,644756,1319142,20632192,5276568,25908760,4,4,12,4,4,4,0,20,20,20260807,5,1,1,1,0,0,0,6288,0.262,1,0.0015,1
1040,9453.37,7,0,2.07133,5.02187,0,0,0,7.09321,361,361,0,1,2.45175,2.45175,1830,367,0,1235,0,0,0,0,0,1337,1627.81,2.40137,3.52742,168488,8,29433,486,464433,32,117732,1944,32,4,644756,1319142,20632192,5276568,25908760,4,4,12,4,4,4,0,20,20,20260807,5,1,1,1,0,0,0,6288,0.262,1,0.0015,0
1041,9460.52,7,0,2.056,5.00996,0,0,0,7.06596,361,361,0,1,2.45175,2.45175,1830,367,0,1235,0,0,0,0,0,1337,1627.81,2.40137,3.52742,168488,8,29433,486,464433,32,117732,1944,32,4,644756,1319142,20632192,5276568,25908760,4,4,12,4,4,4,0,20,20,20260807,5,1,1,1,0,0,0,6288,0.262,1,0.0015,0
1042,9469.94,9,0,2.06004,7.29425,0,0,0,9.35429,361,361,0,1,2.45175,2.45175,1830,367,0,1235,0,0,0,0,0,1337,1627.81,2.40137,3.52742,168488,8,29433,486,464433,32,117732,1944,32,4,644756,1319142,20632192,5276568,25908760,4,4,12,4,4,4,0,20,20,20260807,5,1,1,1,0,0,0,6288,0.262,1,0.0015,0
1043,9476.69,7,0,2.07371,4.59925,0,0,0,6.67296,361,361,0,1,2.45175,2.45175,1830,367,0,1235,0,0,0,0,0,1337,1627.81,2.40137,3.52742,168488,8,29433,486,464433,32,117732,1944,32,4,644756,1319142,20632192,5276568,25908760,4,4,12,4,4,4,0,20,20,20260807,5,1,1,1,0,0,0,6288,0.262,1,0.0015,0
1044,9486.76,10,0,2.11212,7.86471,0,0,0,9.97683,361,361,0,1,2.45175,2.45175,1830,367,0,1235,0,0,0,0,0,1337,1627.81,2.40137,3.52742,168488,8,29433,486,464433,32,117732,1944,32,4,644756,1319142,20632192,5276568,25908760,4,4,12,4,4,4,0,20,20,20260807,5,1,1,1,0,0,0,6288,0.262,1,0.0015,0
1045,9493.48,7,0,2.05579,4.58679,0,0,0,6.64258,361,361,0,1,2.45175,2.45175,1830,367,0,1235,0,0,0,0,0,1337,1627.81,2.40137,3.52742,168488,8,29433,486,464433,32,117732,1944,32,4,644756,1319142,20632192,5276568,25908760,4,4,12,4,4,4,0,20,20,20260807,5,1,1,1,0,0,0,6288,0.262,1,0.0015,0
1046,9503.34,10,0,2.20771,7.57071,0,0,0,9.77842,361,361,0,1,2.45175,2.45175,1830,367,0,1235,0,0,0,0,0,1337,1627.81,2.40137,3.52742,168488,8,29433,486,464433,32,117732,1944,32,4,644756,1319142,20632192,5276568,25908760,4,4,12,4,4,4,0,20,20,20260807,5,1,1,1,0,0,0,6289,0.262042,1,0.0015,1
1047,9510.74,7,0,2.05963,5.23054,0,0,0,7.29017,361,361,0,1,2.45175,2.45175,1830,367,0,1235,0,0,0,0,0,1337,1627.81,2.40137,3.52742,168488,8,29433,486,464433,32,117732,1944,32,4,644756,1319142,20632192,5276568,25908760,4,4,12,4,4,4,0,20,20,20260807,5,1,1,1,0,0,0,6289,0.262042,1,0.0015,0
1048,9519.95,9,0,2.04038,7.08442,0,0,0,9.12479,361,361,0,1,2.45175,2.45175,1830,367,0,1235,0,0,0,0,0,1337,1627.81,2.40137,3.52742,168488,8,29433,486,464433,32,117732,1944,32,4,644756,1319142,20632192,5276568,25908760,4,4,12,4,4,4,0,20,20,20260807,5,1,1,1,0,0,0,6289,0.262042,1,0.0015,0
1049,9526.52,7,0,2.02617,4.46512,0,0,0,6.49129,361,361,0,1,2.45175,2.45175,1830,367,0,1235,0,0,0,0,0,1337,1627.81,2.40137,3.52742,168488,8,29433,486,464433,32,117732,1944,32,4,644756,1319142,20632192,5276568,25908760,4,4,12,4,4,4,0,20,20,20260807,5,1,1,1,0,0,0,6289,0.262042,1,0.0015,0
1050,9536.63,10,0,2.20125,7.82283,0,0,0,10.0241,361,361,0,1,2.45175,2.45175,1830,367,0,1235,0,0,0,0,0,1337,1627.81,2.40137,3.52742,168488,8,29433,486,464433,32,117732,1944,32,4,644756,1319142,20632192,5276568,25908760,4,4,12,4,4,4,0,20,20,20260807,5,1,1,1,0,0,0,6289,0.262042,1,0.0015,0
1051,9542.78,6,0,2.12646,3.95167,0,0,0,6.07812,361,361,0,1,2.45175,2.45175,1830,367,0,1235,0,0,0,0,0,1337,1627.81,2.40137,3.52742,168488,8,29433,486,464433,32,117732,1944,32,4,644756,1319142,20632192,5276568,25908760,4,4,12,4,4,4,0,20,20,20260807,5,1,1,1,0,0,0,6289,0.262042,1,0.0015,0
1052,9553.43,11,0,2.26037,8.30363,0,0,0,10.564,361,361,0,1,2.45175,2.45175,1830,367,0,1235,0,0,0,0,0,1337,1627.81,2.40137,3.52742,168488,8,29433,486,464433,32,117732,1944,32,4,644756,1319142,20632192,5276568,25908760,4,4,12,4,4,4,0,20,20,20260807,5,1,1,1,0,0,0,6290,0.262083,1,0.0015,1
1053,9560.53,7,0,2.11258,4.90508,0,0,0,7.01767,361,361,0,1,2.45175,2.45175,1830,367,0,1235,0,0,0,0,0,1337,1627.81,2.40137,3.52742,168488,8,29433,486,464433,32,117732,1944,32,4,644756,1319142,20632192,5276568,25908760,4,4,12,4,4,4,0,20,20,20260807,5,1,1,1,0,0,0,6290,0.262083,1,0.0015,0
1054,9569.95,9,0,2.15738,7.17946,0,0,0,9.33683,361,361,0,1,2.45175,2.45175,1830,367,0,1235,0,0,0,0,0,1337,1627.81,2.40137,3.52742,168488,8,29433,486,464433,32,117732,1944,32,4,644756,1319142,20632192,5276568,25908760,4,4,12,4,4,4,0,20,20,20260807,5,1,1,1,0,0,0,6290,0.262083,1,0.0015,0
1055,9575.99,6,0,2.12162,3.8375,0,0,0,5.95913,361,361,0,1,2.45175,2.45175,1830,367,0,1235,0,0,0,0,0,1337,1627.81,2.40137,3.52742,168488,8,29433,486,464433,32,117732,1944,32,4,644756,1319142,20632192,5276568,25908760,4,4,12,4,4,4,0,20,20,20260807,5,1,1,1,0,0,0,6290,0.262083,1,0.0015,0
1056,9586.78,11,0,2.25808,8.45075,0,0,0,10.7088,361,361,0,1,2.45175,2.45175,1830,367,0,1235,0,0,0,0,0,1337,1627.81,2.40137,3.52742,168488,8,29433,486,464433,32,117732,1944,32,4,644756,1319142,20632192,5276568,25908760,4,4,12,4,4,4,0,20,20,20260807,5,1,1,1,0,0,0,6290,0.262083,1,0.0015,0
1057,9593.49,7,0,2.05308,4.57133,0,0,0,6.62442,361,361,0,1,2.45175,2.45175,1830,367,0,1235,0,0,0,0,0,1337,1627.81,2.40137,3.52742,168488,8,29433,486,464433,32,117732,1944,32,4,644756,1319142,20632192,5276568,25908760,4,4,12,4,4,4,0,20,20,20260807,5,1,1,1,0,0,0,6290,0.262083,1,0.0015,0
1058,9603.45,10,0,2.13954,7.74204,0,0,0,9.88158,361,361,0,1,2.45175,2.45175,1830,367,0,1235,0,0,0,0,0,1337,1627.81,2.40137,3.52742,168488,8,29433,486,464433,32,117732,1944,32,4,644756,1319142,20632192,5276568,25908760,4,4,12,4,4,4,0,20,20,20260807,5,1,1,1,0,0,0,6291,0.262125,1,0.0015,1
1059,9610.93,7,0,2.05417,5.34954,0,0,0,7.40371,361,361,0,1,2.45175,2.45175,1830,367,0,1235,0,0,0,0,0,1337,1627.81,2.40137,3.52742,168488,8,29433,486,464433,32,117732,1944,32,4,644756,1319142,20632192,5276568,25908760,4,4,12,4,4,4,0,20,20,20260807,5,1,1,1,0,0,0,6291,0.262125,1,0.0015,0
1060,9619.98,9,0,2.14983,6.82188,0,0,0,8.97171,361,361,0,1,2.45175,2.45175,1830,367,0,1235,0,0,0,0,0,1337,1627.81,2.40137,3.52742,168488,8,29433,486,464433,32,117732,1944,32,4,644756,1319142,20632192,5276568,25908760,4,4,12,4,4,4,0,20,20,20260807,5,1,1,1,0,0,0,6291,0.262125,1,0.0015,0
1061,9629.08,10,0,2.07108,6.91604,0,0,0,8.98713,361,361,0,1,2.45175,2.45175,1830,367,0,1235,0,0,0,0,0,1337,1627.81,2.40137,3.52742,168488,8,29433,486,464433,32,117732,1944,32,4,644756,1319142,20632192,5276568,25908760,4,4,12,4,4,4,0,20,20,20260807,5,1,1,1,0,0,0,6291,0.262125,1,0.0015,0
1062,9636.57,7,0,2.03512,5.37613,0,0,0,7.41125,361,361,0,1,2.45175,2.45175,1830,367,0,1235,0,0,0,0,0,1337,1627.81,2.40137,3.52742,168488,8,29433,486,464433,32,117732,1944,32,4,644756,1319142,20632192,5276568,25908760,4,4,12,4,4,4,0,20,20,20260807,5,1,1,1,0,0,0,6291,0.262125,1,0.0015,0
1063,9642.19,6,0,2.18404,3.30362,0,0,0,5.48767,361,361,0,1,2.45175,2.45175,1830,367,0,1235,0,0,0,0,0,1337,1627.81,2.40137,3.52742,168488,8,29433,486,464433,32,117732,1944,32,4,644756,1319142,20632192,5276568,25908760,4,4,12,4,4,4,0,20,20,20260807,5,1,1,1,0,0,0,6291,0.262125,1,0.0015,0
1064,9653.46,11,0,2.57358,8.60729,0,0,0,11.1809,361,361,0,1,2.45175,2.45175,1830,367,0,1235,0,0,0,0,0,1337,1627.81,2.40137,3.52742,168488,8,29433,486,464433,32,117732,1944,32,4,644756,1319142,20632192,5276568,25908760,4,4,12,4,4,4,0,20,20,20260807,5,1,1,1,0,0,0,6292,0.262167,1,0.0015,1
1065,9658.56,5,0,2.14325,2.88533,0,0,0,5.02858,361,361,0,1,2.45175,2.45175,1830,367,0,1235,0,0,0,0,0,1337,1627.81,2.40137,3.52742,168488,8,29433,486,464433,32,117732,1944,32,4,644756,1319142,20632192,5276568,25908760,4,4,12,4,4,4,0,20,20,20260807,5,1,1,1,0,0,0,6292,0.262167,1,0.0015,0
1066,9670.35,12,0,2.18363,9.52204,0,0,0,11.7057,361,361,0,1,2.45175,2.45175,1830,367,0,1235,0,0,0,0,0,1337,1627.81,2.40137,3.52742,168488,8,29433,486,464433,32,117732,1944,32,4,644756,1319142,20632192,5276568,25908760,4,4,12,4,4,4,0,20,20,20260807,5,1,1,1,0,0,0,6292,0.262167,1,0.0015,0
1067,9676.05,6,0,2.16608,3.45025,0,0,0,5.61633,361,361,0,1,2.45175,2.45175,1830,367,0,1235,0,0,0,0,0,1337,1627.81,2.40137,3.52742,168488,8,29433,486,464433,32,117732,1944,32,4,644756,1319142,20632192,5276568,25908760,4,4,12,4,4,4,0,20,20,20260807,5,1,1,1,0,0,0,6292,0.262167,1,0.0015,0
1068,9686.82,10,0,2.21704,8.46825,0,0,0,10.6853,361,361,0,1,2.45175,2.45175,1830,367,0,1235,0,0,0,0,0,1337,1627.81,2.40137,3.52742,168488,8,29433,486,464433,32,117732,1944,32,4,644756,1319142,20632192,5276568,25908760,4,4,12,4,4,4,0,20,20,20260807,5,1,1,1,0,0,0,6292,0.262167,1,0.0015,0
1069,9691.89,5,0,2.09358,2.89483,0,0,0,4.98842,361,361,0,1,2.45175,2.45175,1830,367,0,1235,0,0,0,0,0,1337,1627.81,2.40137,3.52742,168488,8,29433,486,464433,32,117732,1944,32,4,644756,1319142,20632192,5276568,25908760,4,4,12,4,4,4,0,20,20,20260807,5,1,1,1,0,0,0,6292,0.262167,1,0.0015,0
1070,9703.51,12,0,2.23275,9.31221,0,0,0,11.545,361,361,0,1,2.45175,2.45175,1830,367,0,1235,0,0,0,0,0,1337,1627.81,2.40137,3.52742,168488,8,29433,486,464433,32,117732,1944,32,4,644756,1319142,20632192,5276568,25908760,4,4,12,4,4,4,0,20,20,20260807,5,1,1,1,0,0,0,6293,0.262208,1,0.0015,1
1071,9709.25,6,0,2.11921,3.54379,0,0,0,5.663,361,361,0,1,2.45175,2.45175,1830,367,0,1235,0,0,0,0,0,1337,1627.81,2.40137,3.52742,168488,8,29433,486,464433,32,117732,1944,32,4,644756,1319142,20632192,5276568,25908760,4,4,12,4,4,4,0,20,20,20260807,5,1,1,1,0,0,0,6293,0.262208,1,0.0015,0
1072,9720.65,11,0,3.32788,7.98942,0,0,0,11.3173,361,361,0,1,2.45175,2.45175,1830,367,0,1235,0,0,0,0,0,1337,1627.81,2.40137,3.52742,168488,8,29433,486,464433,32,117732,1944,32,4,644756,1319142,20632192,5276568,25908760,4,4,12,4,4,4,0,20,20,20260807,5,1,1,1,0,0,0,6293,0.262208,1,0.0015,0
1073,9725.87,5,0,2.10971,3.02646,0,0,0,5.13617,361,361,0,1,2.45175,2.45175,1830,367,0,1235,0,0,0,0,0,1337,1627.81,2.40137,3.52742,168488,8,29433,486,464433,32,117732,1944,32,4,644756,1319142,20632192,5276568,25908760,4,4,12,4,4,4,0,20,20,20260807,5,1,1,1,0,0,0,6293,0.262208,1,0.0015,0
1074,9736.68,11,0,2.4375,8.29296,0,0,0,10.7305,361,361,0,1,2.45175,2.45175,1830,367,0,1235,0,0,0,0,0,1337,1627.81,2.40137,3.52742,168488,8,29433,486,464433,32,117732,1944,32,4,644756,1319142,20632192,5276568,25908760,4,4,12,4,4,4,0,20,20,20260807,5,1,1,1,0,0,0,6293,0.262208,1,0.0015,0
1075,9741.83,5,0,2.14242,2.91625,0,0,0,5.05867,361,361,0,1,2.45175,2.45175,1830,367,0,1235,0,0,0,0,0,1337,1627.81,2.40137,3.52742,168488,8,29433,486,464433,32,117732,1944,32,4,644756,1319142,20632192,5276568,25908760,4,4,12,4,4,4,0,20,20,20260807,5,1,1,1,0,0,0,6293,0.262208,1,0.0015,0
1076,9757.49,16,0,2.27925,13.2627,0,0,0,15.5419,361,361,0,1,2.45175,2.45175,1830,367,0,1235,0,0,0,0,0,1337,1627.81,2.40137,3.52742,168488,8,29433,486,464433,32,117732,1944,32,4,644756,1319142,20632192,5276568,25908760,4,4,12,4,4,4,0,20,20,20260807,5,1,1,1,0,0,0,6294,0.26225,1,0.0015,1
1077,9763.58,6,0,2.23467,3.76929,0,0,0,6.00396,361,361,0,1,2.45175,2.45175,1830,367,0,1235,0,0,0,0,0,1337,1627.81,2.40137,3.52742,168488,8,29433,486,464433,32,117732,1944,32,4,644756,1319142,20632192,5276568,25908760,4,4,12,4,4,4,0,20,20,20260807,5,1,1,1,0,0,0,6294,0.26225,1,0.0015,0
1078,9770.24,7,0,2.11362,4.47992,0,0,0,6.59354,361,361,0,1,2.45175,2.45175,1830,367,0,1235,0,0,0,0,0,1337,1627.81,2.40137,3.52742,168488,8,29433,486,464433,32,117732,1944,32,4,644756,1319142,20632192,5276568,25908760,4,4,12,4,4,4,0,20,20,20260807,5,1,1,1,0,0,0,6294,0.26225,1,0.0015,0
1079,9775.47,5,0,2.14737,2.99063,0,0,0,5.138,361,361,0,1,2.45175,2.45175,1830,367,0,1235,0,0,0,0,0,1337,1627.81,2.40137,3.52742,168488,8,29433,486,464433,32,117732,1944,32,4,644756,1319142,20632192,5276568,25908760,4,4,12,4,4,4,0,20,20,20260807,5,1,1,1,0,0,0,6294,0.26225,1,0.0015,0
1080,9789.85,14,0,2.26337,12.0434,0,0,0,14.3068,361,361,0,1,2.45175,2.45175,1830,367,0,1235,0,0,0,0,0,1337,1627.81,2.40137,3.52742,168488,8,29433,486,464433,32,117732,1944,32,4,644756,1319142,20632192,5276568,25908760,4,4,12,4,4,4,0,20,20,20260807,5,1,1,1,0,0,0,6294,0.26225,1,0.0015,0
1081,9797.01,7,0,2.14192,4.94238,0,0,0,7.08429,361,361,0,1,2.45175,2.45175,1830,367,0,1235,0,0,0,0,0,1337,1627.81,2.40137,3.52742,168488,8,29433,486,464433,32,117732,1944,32,4,644756,1319142,20632192,5276568,25908760,4,4,12,4,4,4,0,20,20,20260807,5,1,1,1,0,0,0,6295,0.262292,1,0.0015,1
1082,9803.23,7,0,2.10996,3.98838,0,0,0,6.09833,361,361,0,1,2.45175,2.45175,1830,367,0,1235,0,0,0,0,0,1337,1627.81,2.40137,3.52742,168488,8,29433,486,464433,32,117732,1944,32,4,644756,1319142,20632192,5276568,25908760,4,4,12,4,4,4,0,20,20,20260807,5,1,1,1,0,0,0,6295,0.262292,1,0.0015,0
1083,9808.61,5,0,2.24129,3.04258,0,0,0,5.28388,361,361,0,1,2.45175,2.45175,1830,367,0,1235,0,0,0,0,0,1337,1627.81,2.40137,3.52742,168488,8,29433,486,464433,32,117732,1944,32,4,644756,1319142,20632192,5276568,25908760,4,4,12,4,4,4,0,20,20,20260807,5,1,1,1,0,0,0,6295,0.262292,1,0.0015,0
1084,9821.95,13,0,2.29754,10.9605,0,0,0,13.2581,361,361,0,1,2.45175,2.45175,1830,367,0,1235,0,0,0,0,0,1337,1627.81,2.40137,3.52742,168488,8,29433,486,464433,32,117732,1944,32,4,644756,1319142,20632192,5276568,25908760,4,4,12,4,4,4,0,20,20,20260807,5,1,1,1,0,0,0,6295,0.262292,1,0.0015,0
1085,9828,6,0,2.15833,3.81188,0,0,0,5.97021,361,361,0,1,2.45175,2.45175,1830,367,0,1235,0,0,0,0,0,1337,1627.81,2.40137,3.52742,168488,8,29433,486,464433,32,117732,1944,32,4,644756,1319142,20632192,5276568,25908760,4,4,12,4,4,4,0,20,20,20260807,5,1,1,1,0,0,0,6295,0.262292,1,0.0015,0
1086,9837.44,10,0,2.05533,7.30996,0,0,0,9.36529,361,361,0,1,2.45175,2.45175,1830,367,0,1235,0,0,0,0,0,1337,1627.81,2.40137,3.52742,168488,8,29433,486,464433,32,117732,1944,32,4,644756,1319142,20632192,5276568,25908760,4,4,12,4,4,4,0,20,20,20260807,5,1,1,1,0,0,0,6295,0.262292,1,0.0015,0
1087,9842.78,5,0,2.13917,3.12113,0,0,0,5.26029,361,361,0,1,2.45175,2.45175,1830,367,0,1235,0,0,0,0,0,1337,1627.81,2.40137,3.52742,168488,8,29433,486,464433,32,117732,1944,32,4,644756,1319142,20632192,5276568,25908760,4,4,12,4,4,4,0,20,20,20260807,5,1,1,1,0,0,0,6295,0.262292,1,0.0015,0
1088,9853.52,11,0,3.24283,7.40742,0,0,0,10.6502,361,361,0,1,2.45175,2.45175,1830,367,0,1235,0,0,0,0,0,1337,1627.81,2.40137,3.52742,168488,8,29433,486,464433,32,117732,1944,32,4,644756,1319142,20632192,5276568,25908760,4,4,12,4,4,4,0,20,20,20260807,5,1,1,1,0,0,0,6296,0.262333,1,0.0015,1
1089,9858.68,5,0,2.15029,2.92658,0,0,0,5.07688,361,361,0,1,2.45175,2.45175,1830,367,0,1235,0,0,0,0,0,1337,1627.81,2.40137,3.52742,168488,8,29433,486,464433,32,117732,1944,32,4,644756,1319142,20632192,5276568,25908760,4,4,12,4,4,4,0,20,20,20260807,5,1,1,1,0,0,0,6296,0.262333,1,0.0015,0
1090,9870.17,12,0,2.12867,9.24546,0,0,0,11.3741,361,361,0,1,2.45175,2.45175,1830,367,0,1235,0,0,0,0,0,1337,1627.81,2.40137,3.52742,168488,8,29433,486,464433,32,117732,1944,32,4,644756,1319142,20632192,5276568,25908760,4,4,12,4,4,4,0,20,20,20260807,5,1,1,1,0,0,0,6296,0.262333,1,0.0015,0
1091,9875.77,5,0,2.161,3.36342,0,0,0,5.52442,361,361,0,1,2.45175,2.45175,1830,367,0,1235,0,0,0,0,0,1337,1627.81,2.40137,3.52742,168488,8,29433,486,464433,32,117732,1944,32,4,644756,1319142,20632192,5276568,25908760,4,4,12,4,4,4,0,20,20,20260807,5,1,1,1,0,0,0,6296,0.262333,1,0.0015,0
1092,9886.75,11,0,2.47771,8.38008,0,0,0,10.8578,361,361,0,1,2.45175,2.45175,1830,367,0,1235,0,0,0,0,0,1337,1627.81,2.40137,3.52742,168488,8,29433,486,464433,32,117732,1944,32,4,644756,1319142,20632192,5276568,25908760,4,4,12,4,4,4,0,20,20,20260807,5,1,1,1,0,0,0,6296,0.262333,1,0.0015,0
1093,9891.95,5,0,2.16546,2.95067,0,0,0,5.11613,361,361,0,1,2.45175,2.45175,1830,367,0,1235,0,0,0,0,0,1337,1627.81,2.40137,3.52742,168488,8,29433,486,464433,32,117732,1944,32,4,644756,1319142,20632192,5276568,25908760,4,4,12,4,4,4,0,20,20,20260807,5,1,1,1,0,0,0,6296,0.262333,1,0.0015,0
1094,9905.23,14,0,6.76237,6.44396,0,0,0,13.2063,361,361,0,1,2.45175,2.45175,1830,367,0,1235,0,0,0,0,0,1337,1627.81,2.40137,3.52742,168488,8,29433,486,464433,32,117732,1944,32,4,644756,1319142,20632192,5276568,25908760,4,4,12,4,4,4,0,20,20,20260807,5,1,1,1,0,0,0,6297,0.262375,1,0.0015,1
1095,9910.38,5,0,2.10742,2.96287,0,0,0,5.07029,361,361,0,1,2.45175,2.45175,1830,367,0,1235,0,0,0,0,0,1337,1627.81,2.40137,3.52742,168488,8,29433,486,464433,32,117732,1944,32,4,644756,1319142,20632192,5276568,25908760,4,4,12,4,4,4,0,20,20,20260807,5,1,1,1,0,0,0,6297,0.262375,1,0.0015,0
1096,9920.02,10,0,2.34196,7.21925,0,0,0,9.56121,361,361,0,1,2.45175,2.45175,1830,367,0,1235,0,0,0,0,0,1337,1627.81,2.40137,3.52742,168488,8,29433,486,464433,32,117732,1944,32,4,644756,1319142,20632192,5276568,25908760,4,4,12,4,4,4,0,20,20,20260807,5,1,1,1,0,0,0,6297,0.262375,1,0.0015,0
1097,9925.28,5,0,2.19021,2.98458,0,0,0,5.17479,361,361,0,1,2.45175,2.45175,1830,367,0,1235,0,0,0,0,0,1337,1627.81,2.40137,3.52742,168488,8,29433,486,464433,32,117732,1944,32,4,644756,1319142,20632192,5276568,25908760,4,4,12,4,4,4,0,20,20,20260807,5,1,1,1,0,0,0,6297,0.262375,1,0.0015,0
1098,9937.69,12,0,2.58537,9.74417,0,0,0,12.3295,361,361,0,1,2.45175,2.45175,1830,367,0,1235,0,0,0,0,0,1337,1627.81,2.40137,3.52742,168488,8,29433,486,464433,32,117732,1944,32,4,644756,1319142,20632192,5276568,25908760,4,4,12,4,4,4,0,20,20,20260807,5,1,1,1,0,0,0,6297,0.262375,1,0.0015,0
1099,9943.7,6,0,2.1205,3.79908,0,0,0,5.91958,361,361,0,1,2.45175,2.45175,1830,367,0,1235,0,0,0,0,0,1337,1627.81,2.40137,3.52742,168488,8,29433,486,464433,32,117732,1944,32,4,644756,1319142,20632192,5276568,25908760,4,4,12,4,4,4,0,20,20,20260807,5,1,1,1,0,0,0,6297,0.262375,1,0.0015,0
1100,9954.33,11,0,2.27625,8.2775,0,0,0,10.5538,361,361,0,1,2.45175,2.45175,1830,367,0,1235,0,0,0,0,0,1337,1627.81,2.40137,3.52742,168488,8,29433,486,464433,32,117732,1944,32,4,644756,1319142,20632192,5276568,25908760,4,4,12,4,4,4,0,20,20,20260807,5,1,1,1,0,0,0,6298,0.262417,1,0.0015,1
1101,9959.41,5,0,2.04654,2.953,0,0,0,4.99954,361,361,0,1,2.45175,2.45175,1830,367,0,1235,0,0,0,0,0,1337,1627.81,2.40137,3.52742,168488,8,29433,486,464433,32,117732,1944,32,4,644756,1319142,20632192,5276568,25908760,4,4,12,4,4,4,0,20,20,20260807,5,1,1,1,0,0,0,6298,0.262417,1,0.0015,0
1102,9970.66,11,0,2.29775,8.87529,0,0,0,11.173,361,361,0,1,2.45175,2.45175,1830,367,0,1235,0,0,0,0,0,1337,1627.81,2.40137,3.52742,168488,8,29433,486,464433,32,117732,1944,32,4,644756,1319142,20632192,5276568,25908760,4,4,12,4,4,4,0,20,20,20260807,5,1,1,1,0,0,0,6298,0.262417,1,0.0015,0
1103,9975.8,5,0,2.10613,2.95521,0,0,0,5.06133,361,361,0,1,2.45175,2.45175,1830,367,0,1235,0,0,0,0,0,1337,1627.81,2.40137,3.52742,168488,8,29433,486,464433,32,117732,1944,32,4,644756,1319142,20632192,5276568,25908760,4,4,12,4,4,4,0,20,20,20260807,5,1,1,1,0,0,0,6298,0.262417,1,0.0015,0
1104,9987.57,12,0,2.28967,9.36962,0,0,0,11.6593,361,361,0,1,2.45175,2.45175,1830,367,0,1235,0,0,0,0,0,1337,1627.81,2.40137,3.52742,168488,8,29433,486,464433,32,117732,1944,32,4,644756,1319142,20632192,5276568,25908760,4,4,12,4,4,4,0,20,20,20260807,5,1,1,1,0,0,0,6298,0.262417,1,0.0015,0
1105,9992.68,5,0,2.06496,2.97063,0,0,0,5.03558,361,361,0,1,2.45175,2.45175,1830,367,0,1235,0,0,0,0,0,1337,1627.81,2.40137,3.52742,168488,8,29433,486,464433,32,117732,1944,32,4,644756,1319142,20632192,5276568,25908760,4,4,12,4,4,4,0,20,20,20260807,5,1,1,1,0,0,0,6298,0.262417,1,0.0015,0
1106,10008.7,16,0,2.29975,13.6449,0,0,0,15.9446,361,361,0,1,2.45175,2.45175,1830,367,0,1235,0,0,0,0,0,1337,1627.81,2.40137,3.52742,168488,8,29433,486,464433,32,117732,1944,32,4,644756,1319142,20632192,5276568,25908760,4,4,12,4,4,4,0,20,20,20260807,5,1,1,1,0,0,0,6299,0.262458,1,0.0015,1
1107,10014.1,6,0,2.23625,3.05912,0,0,0,5.29537,361,361,0,1,2.45175,2.45175,1830,367,0,1235,0,0,0,0,0,1337,1627.81,2.40137,3.52742,168488,8,29433,486,464433,32,117732,1944,32,4,644756,1319142,20632192,5276568,25908760,4,4,12,4,4,4,0,20,20,20260807,5,1,1,1,0,0,0,6299,0.262458,1,0.0015,0
1108,10022.4,8,0,2.21563,5.98642,0,0,0,8.20204,361,361,0,1,2.45175,2.45175,1830,367,0,1235,0,0,0,0,0,1337,1627.81,2.40137,3.52742,168488,8,29433,486,464433,32,117732,1944,32,4,644756,1319142,20632192,5276568,25908760,4,4,12,4,4,4,0,20,20,20260807,5,1,1,1,0,0,0,6299,0.262458,1,0.0015,0
1109,10028.4,6,0,2.1155,3.84379,0,0,0,5.95929,361,361,0,1,2.45175,2.45175,1830,367,0,1235,0,0,0,0,0,1337,1627.81,2.40137,3.52742,168488,8,29433,486,464433,32,117732,1944,32,4,644756,1319142,20632192,5276568,25908760,4,4,12,4,4,4,0,20,20,20260807,5,1,1,1,0,0,0,6299,0.262458,1,0.0015,0
1110,10039.5,10,0,2.04275,8.94571,0,0,0,10.9885,361,361,0,1,2.45175,2.45175,1830,367,0,1235,0,0,0,0,0,1337,1627.81,2.40137,3.52742,168488,8,29433,486,464433,32,117732,1944,32,4,644756,1319142,20632192,5276568,25908760,4,4,12,4,4,4,0,20,20,20260807,5,1,1,1,0,0,0,6299,0.262458,1,0.0015,0
1111,10046.1,7,0,2.08658,4.48521,0,0,0,6.57179,361,361,0,1,2.45175,2.45175,1830,367,0,1235,0,0,0,0,0,1337,1627.81,2.40137,3.52742,168488,8,29433,486,464433,32,117732,1944,32,4,644756,1319142,20632192,5276568,25908760,4,4,12,4,4,4,0,20,20,20260807,5,1,1,1,0,0,0,6300,0.2625,1,0.0015,1
1112,10053.6,7,0,2.08471,5.27062,0,0,0,7.35533,361,361,0,1,2.45175,2.45175,1830,367,0,1235,0,0,0,0,0,1337,1627.81,2.40137,3.52742,168488,8,29433,486,464433,32,117732,1944,32,4,644756,1319142,20632192,5276568,25908760,4,4,12,4,4,4,0,20,20,20260807,5,1,1,1,0,0,0,6300,0.2625,1,0.0015,0
1113,10058.7,5,0,2.21717,2.8565,0,0,0,5.07367,361,361,0,1,2.45175,2.45175,1830,367,0,1235,0,0,0,0,0,1337,1627.81,2.40137,3.52742,168488,8,29433,486,464433,32,117732,1944,32,4,644756,1319142,20632192,5276568,25908760,4,4,12,4,4,4,0,20,20,20260807,5,1,1,1,0,0,0,6300,0.2625,1,0.0015,0
1114,10070.3,12,0,2.41092,9.07617,0,0,0,11.4871,361,361,0,1,2.45175,2.45175,1830,367,0,1235,0,0,0,0,0,1337,1627.81,2.40137,3.52742,168488,8,29433,486,464433,32,117732,1944,32,4,644756,1319142,20632192,5276568,25908760,4,4,12,4,4,4,0,20,20,20260807,5,1,1,1,0,0,0,6300,0.2625,1,0.0015,0
1115,10075.9,5,0,2.11783,3.41342,0,0,0,5.53125,361,361,0,1,2.45175,2.45175,1830,367,0,1235,0,0,0,0,0,1337,1627.81,2.40137,3.52742,168488,8,29433,486,464433,32,117732,1944,32,4,644756,1319142,20632192,5276568,25908760,4,4,12,4,4,4,0,20,20,20260807,5,1,1,1,0,0,0,6300,0.2625,1,0.0015,0
1116,10087.2,12,0,2.16367,9.0135,0,0,0,11.1772,361,361,0,1,2.45175,2.45175,1830,367,0,1235,0,0,0,0,0,1337,1627.81,2.40137,3.52742,168488,8,29433,486,464433,32,117732,1944,32,4,644756,1319142,20632192,5276568,25908760,4,4,12,4,4,4,0,20,20,20260807,5,1,1,1,0,0,0,6300,0.2625,1,0.0015,0
1117,10092.5,5,0,2.13796,3.09079,0,0,0,5.22875,361,361,0,1,2.45175,2.45175,1830,367,0,1235,0,0,0,0,0,1337,1627.81,2.40137,3.52742,168488,8,29433,486,464433,32,117732,1944,32,4,644756,1319142,20632192,5276568,25908760,4,4,12,4,4,4,0,20,20,20260807,5,1,1,1,0,0,0,6300,0.2625,1,0.0015,0
1118,10106,14,0,2.20625,11.2397,0,0,0,13.4459,361,361,0,1,2.45175,2.45175,1830,367,0,1235,0,0,0,0,0,1337,1627.81,2.40137,3.52742,168488,8,29433,486,464433,32,117732,1944,32,4,644756,1319142,20632192,5276568,25908760,4,4,12,4,4,4,0,20,20,20260807,5,1,1,1,0,0,0,6301,0.262542,1,0.0015,1
1119,10113,6,0,2.08258,4.73892,0,0,0,6.8215,361,361,0,1,2.45175,2.45175,1830,367,0,1235,0,0,0,0,0,1337,1627.81,2.40137,3.52742,168488,8,29433,486,464433,32,117732,1944,32,4,644756,1319142,20632192,5276568,25908760,4,4,12,4,4,4,0,20,20,20260807,5,1,1,1,0,0,0,6301,0.262542,1,0.0015,0
1120,10120.2,8,0,2.1065,5.08933,0,0,0,7.19583,361,361,0,1,2.45175,2.45175,1830,367,0,1235,0,0,0,0,0,1337,1627.81,2.40137,3.52742,168488,8,29433,486,464433,32,117732,1944,32,4,644756,1319142,20632192,5276568,25908760,4,4,12,4,4,4,0,20,20,20260807,5,1,1,1,0,0,0,6301,0.262542,1,0.0015,0
1121,10125.3,5,0,2.11475,2.82883,0,0,0,4.94358,361,361,0,1,2.45175,2.45175,1830,367,0,1235,0,0,0,0,0,1337,1627.81,2.40137,3.52742,168488,8,29433,486,464433,32,117732,1944,32,4,644756,1319142,20632192,5276568,25908760,4,4,12,4,4,4,0,20,20,20260807,5,1,1,1,0,0,0,6301,0.262542,1,0.0015,0
1122,10136.7,11,0,2.56021,8.83825,0,0,0,11.3985,361,361,0,1,2.45175,2.45175,1830,367,0,1235,0,0,0,0,0,1337,1627.81,2.40137,3.52742,168488,8,29433,486,464433,32,117732,1944,32,4,644756,1319142,20632192,5276568,25908760,4,4,12,4,4,4,0,20,20,20260807,5,1,1,1,0,0,0,6301,0.262542,1,0.0015,0
1123,10142.7,6,0,2.07971,3.79042,0,0,0,5.87012,361,361,0,1,2.45175,2.45175,1830,367,0,1235,0,0,0,0,0,1337,1627.81,2.40137,3.52742,168488,8,29433,486,464433,32,117732,1944,32,4,644756,1319142,20632192,5276568,25908760,4,4,12,4,4,4,0,20,20,20260807,5,1,1,1,0,0,0,6301,0.262542,1,0.0015,0
1124,10153.4,11,0,2.86417,7.71679,0,0,0,10.581,361,361,0,1,2.45175,2.45175,1830,367,0,1235,0,0,0,0,0,1337,1627.81,2.40137,3.52742,168488,8,29433,486,464433,32,117732,1944,32,4,644756,1319142,20632192,5276568,25908760,4,4,12,4,4,4,0,20,20,20260807,5,1,1,1,0,0,0,6302,0.262583,1,0.0015,1
1125,10160.1,7,0,2.06758,4.57208,0,0,0,6.63967,361,361,0,1,2.45175,2.45175,1830,367,0,1235,0,0,0,0,0,1337,1627.81,2.40137,3.52742,168488,8,29433,486,464433,32,117732,1944,32,4,644756,1319142,20632192,5276568,25908760,4,4,12,4,4,4,0,20,20,20260807,5,1,1,1,0,0,0,6302,0.262583,1,0.0015,0
1126,10169.9,9,0,2.13683,7.63012,0,0,0,9.76696,361,361,0,1,2.45175,2.45175,1830,367,0,1235,0,0,0,0,0,1337,1627.81,2.40137,3.52742,168488,8,29433,486,464433,32,117732,1944,32,4,644756,1319142,20632192,5276568,25908760,4,4,12,4,4,4,0,20,20,20260807,5,1,1,1,0,0,0,6302,0.262583,1,0.0015,0
1127,10175.8,6,0,2.07463,3.71704,0,0,0,5.79167,361,361,0,1,2.45175,2.45175,1830,367,0,1235,0,0,0,0,0,1337,1627.81,2.40137,3.52742,168488,8,29433,486,464433,32,117732,1944,32,4,644756,1319142,20632192,5276568,25908760,4,4,12,4,4,4,0,20,20,20260807,5,1,1,1,0,0,0,6302,0.262583,1,0.0015,0
1128,10186.8,11,0,2.2155,8.67479,0,0,0,10.8903,361,361,0,1,2.45175,2.45175,1830,367,0,1235,0,0,0,0,0,1337,1627.81,2.40137,3.52742,168488,8,29433,486,464433,32,117732,1944,32,4,644756,1319142,20632192,5276568,25908760,4,4,12,4,4,4,0,20,20,20260807,5,1,1,1,0,0,0,6302,0.262583,1,0.0015,0
1129,10193.6,7,0,2.06729,4.62596,0,0,0,6.69325,361,361,0,1,2.45175,2.45175,1830,367,0,1235,0,0,0,0,0,1337,1627.81,2.40137,3.52742,168488,8,29433,486,464433,32,117732,1944,32,4,644756,1319142,20632192,5276568,25908760,4,4,12,4,4,4,0,20,20,20260807,5,1,1,1,0,0,0,6302,0.262583,1,0.0015,0
1130,10203.3,10,0,2.14483,7.53854,0,0,0,9.68337,361,361,0,1,2.45175,2.45175,1830,367,0,1235,0,0,0,0,0,1337,1627.81,2.40137,3.52742,168488,8,29433,486,464433,32,117732,1944,32,4,644756,1319142,20632192,5276568,25908760,4,4,12,4,4,4,0,20,20,20260807,5,1,1,1,0,0,0,6303,0.262625,1,0.0015,1
1131,10208.8,5,0,2.14942,3.23008,0,0,0,5.3795,361,361,0,1,2.45175,2.45175,1830,367,0,1235,0,0,0,0,0,1337,1627.81,2.40137,3.52742,168488,8,29433,486,464433,32,117732,1944,32,4,644756,1319142,20632192,5276568,25908760,4,4,12,4,4,4,0,20,20,20260807,5,1,1,1,0,0,0,6303,0.262625,1,0.0015,0
1132,10220.2,12,0,2.17279,9.11921,0,0,0,11.292,361,361,0,1,2.45175,2.45175,1830,367,0,1235,0,0,0,0,0,1337,1627.81,2.40137,3.52742,168488,8,29433,486,464433,32,117732,1944,32,4,644756,1319142,20632192,5276568,25908760,4,4,12,4,4,4,0,20,20,20260807,5,1,1,1,0,0,0,6303,0.262625,1,0.0015,0
1133,10226.9,6,0,2.08937,4.56208,0,0,0,6.65146,361,361,0,1,2.45175,2.45175,1830,367,0,1235,0,0,0,0,0,1337,1627.81,2.40137,3.52742,168488,8,29433,486,464433,32,117732,1944,32,4,644756,1319142,20632192,5276568,25908760,4,4,12,4,4,4,0,20,20,20260807,5,1,1,1,0,0,0,6303,0.262625,1,0.0015,0
1134,10236.7,10,0,2.14767,7.55383,0,0,0,9.7015,361,361,0,1,2.45175,2.45175,1830,367,0,1235,0,0,0,0,0,1337,1627.81,2.40137,3.52742,168488,8,29433,486,464433,32,117732,1944,32,4,644756,1319142,20632192,5276568,25908760,4,4,12,4,4,4,0,20,20,20260807,5,1,1,1,0,0,0,6303,0.262625,1,0.0015,0
1135,10242.8,6,0,2.08554,3.937,0,0,0,6.02254,361,361,0,1,2.45175,2.45175,1830,367,0,1235,0,0,0,0,0,1337,1627.81,2.40137,3.52742,168488,8,29433,486,464433,32,117732,1944,32,4,644756,1319142,20632192,5276568,25908760,4,4,12,4,4,4,0,20,20,20260807,5,1,1,1,0,0,0,6303,0.262625,1,0.0015,0
1136,10253.4,11,0,2.13163,7.623,0,0,0,9.75463,361,361,0,1,2.45175,2.45175,1830,367,0,1235,0,0,0,0,0,1337,1627.81,2.40137,3.52742,168488,8,29433,486,464433,32,117732,1944,32,4,644756,1319142,20632192,5276568,25908760,4,4,12,4,4,4,0,20,20,20260807,5,1,1,1,0,0,0,6304,0.262667,1,0.0015,1
1137,10260.6,7,0,2.06696,4.99554,0,0,0,7.0625,361,361,0,1,2.45175,2.45175,1830,367,0,1235,0,0,0,0,0,1337,1627.81,2.40137,3.52742,168488,8,29433,486,464433,32,117732,1944,32,4,644756,1319142,20632192,5276568,25908760,4,4,12,4,4,4,0,20,20,20260807,5,1,1,1,0,0,0,6304,0.262667,1,0.0015,0
1138,10270.1,10,0,2.063,7.36617,0,0,0,9.42917,361,361,0,1,2.45175,2.45175,1830,367,0,1235,0,0,0,0,0,1337,1627.81,2.40137,3.52742,168488,8,29433,486,464433,32,117732,1944,32,4,644756,1319142,20632192,5276568,25908760,4,4,12,4,4,4,0,20,20,20260807,5,1,1,1,0,0,0,6304,0.262667,1,0.0015,0
1139,10276.1,6,0,2.10217,3.80017,0,0,0,5.90233,361,361,0,1,2.45175,2.45175,1830,367,0,1235,0,0,0,0,0,1337,1627.81,2.40137,3.52742,168488,8,29433,486,464433,32,117732,1944,32,4,644756,1319142,20632192,5276568,25908760,4,4,12,4,4,4,0,20,20,20260807,5,1,1,1,0,0,0,6304,0.262667,1,0.0015,0
1140,10286.7,11,0,2.30154,8.27104,0,0,0,10.5726,361,361,0,1,2.45175,2.45175,1830,367,0,1235,0,0,0,0,0,1337,1627.81,2.40137,3.52742,168488,8,29433,486,464433,32,117732,1944,32,4,644756,1319142,20632192,5276568,25908760,4,4,12,4,4,4,0,20,20,20260807,5,1,1,1,0,0,0,6304,0.262667,1,0.0015,0
1141,10293.6,7,0,2.07342,4.68233,0,0,0,6.75575,361,361,0,1,2.45175,2.45175,1830,367,0,1235,0,0,0,0,0,1337,1627.81,2.40137,3.52742,168488,8,29433,486,464433,32,117732,1944,32,4,644756,1319142,20632192,5276568,25908760,4,4,12,4,4,4,0,20,20,20260807,5,1,1,1,0,0,0,6304,0.262667,1,0.0015,0
1142,10303.3,10,0,2.25029,7.39992,0,0,0,9.65021,361,361,0,1,2.45175,2.45175,1830,367,0,1235,0,0,0,0,0,1337,1627.81,2.40137,3.52742,168488,8,29433,486,464433,32,117732,1944,32,4,644756,1319142,20632192,5276568,25908760,4,4,12,4,4,4,0,20,20,20260807,5,1,1,1,0,0,0,6305,0.262708,1,0.0015,1
1143,10310.5,7,0,2.12938,4.97658,0,0,0,7.10596,361,361,0,1,2.45175,2.45175,1830,367,0,1235,0,0,0,0,0,1337,1627.81,2.40137,3.52742,168488,8,29433,486,464433,32,117732,1944,32,4,644756,1319142,20632192,5276568,25908760,4,4,12,4,4,4,0,20,20,20260807,5,1,1,1,0,0,0,6305,0.262708,1,0.0015,0
1144,10320,10,0,2.05192,7.41929,0,0,0,9.47121,361,361,0,1,2.45175,2.45175,1830,367,0,1235,0,0,0,0,0,1337,1627.81,2.40137,3.52742,168488,8,29433,486,464433,32,117732,1944,32,4,644756,1319142,20632192,5276568,25908760,4,4,12,4,4,4,0,20,20,20260807,5,1,1,1,0,0,0,6305,0.262708,1,0.0015,0
1145,10327.4,7,0,2.08513,5.16492,0,0,0,7.25004,361,361,0,1,2.45175,2.45175,1830,367,0,1235,0,0,0,0,0,1337,1627.81,2.40137,3.52742,168488,8,29433,486,464433,32,117732,1944,32,4,644756,1319142,20632192,5276568,25908760,4,4,12,4,4,4,0,20,20,20260807,5,1,1,1,0,0,0,6305,0.262708,1,0.0015,0
1146,10336.8,9,0,2.11529,7.21917,0,0,0,9.33446,361,361,0,1,2.45175,2.45175,1830,367,0,1235,0,0,0,0,0,1337,1627.81,2.40137,3.52742,168488,8,29433,486,464433,32,117732,1944,32,4,644756,1319142,20632192,5276568,25908760,4,4,12,4,4,4,0,20,20,20260807,5,1,1,1,0,0,0,6305,0.262708,1,0.0015,0
1147,10342.6,6,0,2.08712,3.66804,0,0,0,5.75517,361,361,0,1,2.45175,2.45175,1830,367,0,1235,0,0,0,0,0,1337,1627.81,2.40137,3.52742,168488,8,29433,486,464433,32,117732,1944,32,4,644756,1319142,20632192,5276568,25908760,4,4,12,4,4,4,0,20,20,20260807,5,1,1,1,0,0,0,6305,0.262708,1,0.0015,0
1148,10353.4,11,0,2.85896,7.84925,0,0,0,10.7082,361,361,0,1,2.45175,2.45175,1830,367,0,1235,0,0,0,0,0,1337,1627.81,2.40137,3.52742,168488,8,29433,486,464433,32,117732,1944,32,4,644756,1319142,20632192,5276568,25908760,4,4,12,4,4,4,0,20,20,20260807,5,1,1,1,0,0,0,6306,0.26275,1,0.0015,1
1149,10360.7,7,0,2.18167,5.01208,0,0,0,7.19375,361,361,0,1,2.45175,2.45175,1830,367,0,1235,0,0,0,0,0,1337,1627.81,2.40137,3.52742,168488,8,29433,486,464433,32,117732,1944,32,4,644756,1319142,20632192,5276568,25908760,4,4,12,4,4,4,0,20,20,20260807,5,1,1,1,0,0,0,6306,0.26275,1,0.0015,0
1150,10369.9,9,0,2.187,6.91275,0,0,0,9.09975,361,361,0,1,2.45175,2.45175,1830,367,0,1235,0,0,0,0,0,1337,1627.81,2.40137,3.52742,168488,8,29433,486,464433,32,117732,1944,32,4,644756,1319142,20632192,5276568,25908760,4,4,12,4,4,4,0,20,20,20260807,5,1,1,1,0,0,0,6306,0.26275,1,0.0015,0
1151,10376,6,0,2.09508,3.93042,0,0,0,6.0255,361,361,0,1,2.45175,2.45175,1830,367,0,1235,0,0,0,0,0,1337,1627.81,2.40137,3.52742,168488,8,29433,486,464433,32,117732,1944,32,4,644756,1319142,20632192,5276568,25908760,4,4,12,4,4,4,0,20,20,20260807,5,1,1,1,0,0,0,6306,0.26275,1,0.0015,0
1152,10389.3,14,0,2.26596,10.922,0,0,0,13.188,361,361,0,1,2.45175,2.45175,1830,367,0,1235,0,0,0,0,0,1337,1627.81,2.40137,3.52742,168488,8,29433,486,464433,32,117732,1944,32,4,644756,1319142,20632192,5276568,25908760,4,4,12,4,4,4,0,20,20,20260807,5,1,1,1,0,0,0,6306,0.26275,1,0.0015,0
1153,10395.4,6,0,2.18392,3.88917,0,0,0,6.07308,361,361,0,1,2.45175,2.45175,1830,367,0,1235,0,0,0,0,0,1337,1627.81,2.40137,3.52742,168488,8,29433,486,464433,32,117732,1944,32,4,644756,1319142,20632192,5276568,25908760,4,4,12,4,4,4,0,20,20,20260807,5,1,1,1,0,0,0,6307,0.262792,1,0.0015,1
1154,10403.4,8,0,2.00196,5.88067,0,0,0,7.88262,361,361,0,1,2.45175,2.45175,1830,367,0,1235,0,0,0,0,0,1337,1627.81,2.40137,3.52742,168488,8,29433,486,464433,32,117732,1944,32,4,644756,1319142,20632192,5276568,25908760,4,4,12,4,4,4,0,20,20,20260807,5,1,1,1,0,0,0,6307,0.262792,1,0.0015,0
1155,10409.5,6,0,2.10425,3.87729,0,0,0,5.98154,361,361,0,1,2.45175,2.45175,1830,367,0,1235,0,0,0,0,0,1337,1627.81,2.40137,3.52742,168488,8,29433,486,464433,32,117732,1944,32,4,644756,1319142,20632192,5276568,25908760,4,4,12,4,4,4,0,20,20,20260807,5,1,1,1,0,0,0,6307,0.262792,1,0.0015,0
1156,10420.5,11,0,2.476,8.51404,0,0,0,10.99,361,361,0,1,2.45175,2.45175,1830,367,0,1235,0,0,0,0,0,1337,1627.81,2.40137,3.52742,168488,8,29433,486,464433,32,117732,1944,32,4,644756,1319142,20632192,5276568,25908760,4,4,12,4,4,4,0,20,20,20260807,5,1,1,1,0,0,0,6307,0.262792,1,0.0015,0
1157,10426.1,6,0,2.20804,3.28321,0,0,0,5.49125,361,361,0,1,2.45175,2.45175,1830,367,0,1235,0,0,0,0,0,1337,1627.81,2.40137,3.52742,168488,8,29433,486,464433,32,117732,1944,32,4,644756,1319142,20632192,5276568,25908760,4,4,12,4,4,4,0,20,20,20260807,5,1,1,1,0,0,0,6307,0.262792,1,0.0015,0
1158,10436.8,10,0,2.39258,8.21288,0,0,0,10.6055,361,361,0,1,2.45175,2.45175,1830,367,0,1235,0,0,0,0,0,1337,1627.81,2.40137,3.52742,168488,8,29433,486,464433,32,117732,1944,32,4,644756,1319142,20632192,5276568,25908760,4,4,12,4,4,4,0,20,20,20260807,5,1,1,1,0,0,0,6307,0.262792,1,0.0015,0
1159,10441.9,5,0,2.13804,2.89933,0,0,0,5.03737,361,361,0,1,2.45175,2.45175,1830,367,0,1235,0,0,0,0,0,1337,1627.81,2.40137,3.52742,168488,8,29433,486,464433,32,117732,1944,32,4,644756,1319142,20632192,5276568,25908760,4,4,12,4,4,4,0,20,20,20260807,5,1,1,1,0,0,0,6307,0.262792,1,0.0015,0
1160,10453.4,12,0,2.25375,9.16333,0,0,0,11.4171,361,361,0,1,2.45175,2.45175,1830,367,0,1235,0,0,0,0,0,1337,1627.81,2.40137,3.52742,168488,8,29433,486,464433,32,117732,1944,32,4,644756,1319142,20632192,5276568,25908760,4,4,12,4,4,4,0,20,20,20260807,5,1,1,1,0,0,0,6308,0.262833,1,0.0015,1
1161,10458.9,5,0,2.08871,3.31267,0,0,0,5.40137,361,361,0,1,2.45175,2.45175,1830,367,0,1235,0,0,0,0,0,1337,1627.81,2.40137,3.52742,168488,8,29433,486,464433,32,117732,1944,32,4,644756,1319142,20632192,5276568,25908760,4,4,12,4,4,4,0,20,20,20260807,5,1,1,1,0,0,0,6308,0.262833,1,0.0015,0
1162,10470.1,12,0,2.16296,8.89675,0,0,0,11.0597,361,361,0,1,2.45175,2.45175,1830,367,0,1235,0,0,0,0,0,1337,1627.81,2.40137,3.52742,168488,8,29433,486,464433,32,117732,1944,32,4,644756,1319142,20632192,5276568,25908760,4,4,12,4,4,4,0,20,20,20260807,5,1,1,1,0,0,0,6308,0.262833,1,0.0015,0
1163,10475.5,5,0,2.22917,3.131,0,0,0,5.36017,361,361,0,1,2.45175,2.45175,1830,367,0,1235,0,0,0,0,0,1337,1627.81,2.40137,3.52742,168488,8,29433,486,464433,32,117732,1944,32,4,644756,1319142,20632192,5276568,25908760,4,4,12,4,4,4,0,20,20,20260807,5,1,1,1,0,0,0,6308,0.262833,1,0.0015,0
1164,10486.8,11,0,2.27754,8.96617,0,0,0,11.2437,361,361,0,1,2.45175,2.45175,1830,367,0,1235,0,0,0,0,0,1337,1627.81,2.40137,3.52742,168488,8,29433,486,464433,32,117732,1944,32,4,644756,1319142,20632192,5276568,25908760,4,4,12,4,4,4,0,20,20,20260807,5,1,1,1,0,0,0,6308,0.262833,1,0.0015,0
1165,10492,6,0,2.15217,2.99592,0,0,0,5.14808,361,361,0,1,2.45175,2.45175,1830,367,0,1235,0,0,0,0,0,1337,1627.81,2.40137,3.52742,168488,8,29433,486,464433,32,117732,1944,32,4,644756,1319142,20632192,5276568,25908760,4,4,12,4,4,4,0,20,20,20260807,5,1,1,1,0,0,0,6308,0.262833,1,0.0015,0
1166,10506.8,14,0,2.50567,12.1679,0,0,0,14.6736,361,361,0,1,2.45175,2.45175,1830,367,0,1235,0,0,0,0,0,1337,1627.81,2.40137,3.52742,168488,8,29433,486,464433,32,117732,1944,32,4,644756,1319142,20632192,5276568,25908760,4,4,12,4,4,4,0,20,20,20260807,5,1,1,1,0,0,0,6309,0.262875,1,0.0015,1
1167,10520.4,14,0,2.08733,11.4703,0,0,0,13.5576,361,361,0,1,2.45175,2.45175,1830,367,0,1235,0,0,0,0,0,1337,1627.81,2.40137,3.52742,168488,8,29433,486,464433,32,117732,1944,32,4,644756,1319142,20632192,5276568,25908760,4,4,12,4,4,4,0,20,20,20260807,5,1,1,1,0,0,0,6309,0.262875,1,0.0015,0
1168,10525.9,5,0,2.23287,3.14387,0,0,0,5.37675,361,361,0,1,2.45175,2.45175,1830,367,0,1235,0,0,0,0,0,1337,1627.81,2.40137,3.52742,168488,8,29433,486,464433,32,117732,1944,32,4,644756,1319142,20632192,5276568,25908760,4,4,12,4,4,4,0,20,20,20260807,5,1,1,1,0,0,0,6309,0.262875,1,0.0015,0
1169,10539.6,14,0,2.149,11.5143,0,0,0,13.6633,361,361,0,1,2.45175,2.45175,1830,367,0,1235,0,0,0,0,0,1337,1627.81,2.40137,3.52742,168488,8,29433,486,464433,32,117732,1944,32,4,644756,1319142,20632192,5276568,25908760,4,4,12,4,4,4,0,20,20,20260807,5,1,1,1,0,0,0,6309,0.262875,1,0.0015,0
1170,10553.6,14,0,2.10567,11.7448,0,0,0,13.8505,361,361,0,1,2.45175,2.45175,1830,367,0,1235,0,0,0,0,0,1337,1627.81,2.40137,3.52742,168488,8,29433,486,464433,32,117732,1944,32,4,644756,1319142,20632192,5276568,25908760,4,4,12,4,4,4,0,20,20,20260807,5,1,1,1,0,0,0,6310,0.262917,1,0.0015,1
1171,10558.7,5,0,2.08504,2.97246,0,0,0,5.0575,361,361,0,1,2.45175,2.45175,1830,367,0,1235,0,0,0,0,0,1337,1627.81,2.40137,3.52742,168488,8,29433,486,464433,32,117732,1944,32,4,644756,1319142,20632192,5276568,25908760,4,4,12,4,4,4,0,20,20,20260807,5,1,1,1,0,0,0,6310,0.262917,1,0.0015,0
1172,10570,12,0,2.45333,8.7955,0,0,0,11.2488,361,361,0,1,2.45175,2.45175,1830,367,0,1235,0,0,0,0,0,1337,1627.81,2.40137,3.52742,168488,8,29433,486,464433,32,117732,1944,32,4,644756,1319142,20632192,5276568,25908760,4,4,12,4,4,4,0,20,20,20260807,5,1,1,1,0,0,0,6310,0.262917,1,0.0015,0
1173,10575.5,5,0,2.12125,3.304,0,0,0,5.42525,361,361,0,1,2.45175,2.45175,1830,367,0,1235,0,0,0,0,0,1337,1627.81,2.40137,3.52742,168488,8,29433,486,464433,32,117732,1944,32,4,644756,1319142,20632192,5276568,25908760,4,4,12,4,4,4,0,20,20,20260807,5,1,1,1,0,0,0,6310,0.262917,1,0.0015,0
1174,10586.8,11,0,2.20637,8.96562,0,0,0,11.172,361,361,0,1,2.45175,2.45175,1830,367,0,1235,0,0,0,0,0,1337,1627.81,2.40137,3.52742,168488,8,29433,486,464433,32,117732,1944,32,4,644756,1319142,20632192,5276568,25908760,4,4,12,4,4,4,0,20,20,20260807,5,1,1,1,0,0,0,6310,0.262917,1,0.0015,0
1175,10595,9,0,4.31742,3.85658,0,0,0,8.174,361,361,0,1,2.45175,2.45175,1830,367,0,1235,0,0,0,0,0,1337,1627.81,2.40137,3.52742,168488,8,29433,486,464433,32,117732,1944,32,4,644756,1319142,20632192,5276568,25908760,4,4,12,4,4,4,0,20,20,20260807,5,1,1,1,0,0,0,6310,0.262917,1,0.0015,0
1176,10603.3,8,0,2.07125,6.04971,0,0,0,8.12096,361,361,0,1,2.45175,2.45175,1830,367,0,1235,0,0,0,0,0,1337,1627.81,2.40137,3.52742,168488,8,29433,486,464433,32,117732,1944,32,4,644756,1319142,20632192,5276568,25908760,4,4,12,4,4,4,0,20,20,20260807,5,1,1,1,0,0,0,6311,0.262958,1,0.0015,1
1177,10608.9,5,0,2.09046,3.45796,0,0,0,5.54842,361,361,0,1,2.45175,2.45175,1830,367,0,1235,0,0,0,0,0,1337,1627.81,2.40137,3.52742,168488,8,29433,486,464433,32,117732,1944,32,4,644756,1319142,20632192,5276568,25908760,4,4,12,4,4,4,0,20,20,20260807,5,1,1,1,0,0,0,6311,0.262958,1,0.0015,0
1178,10621.1,13,0,2.21971,9.94271,0,0,0,12.1624,361,361,0,1,2.45175,2.45175,1830,367,0,1235,0,0,0,0,0,1337,1627.81,2.40137,3.52742,168488,8,29433,486,464433,32,117732,1944,32,4,644756,1319142,20632192,5276568,25908760,4,4,12,4,4,4,0,20,20,20260807,5,1,1,1,0,0,0,6311,0.262958,1,0.0015,0
1179,10626.3,5,0,2.02813,3.05762,0,0,0,5.08575,361,361,0,1,2.45175,2.45175,1830,367,0,1235,0,0,0,0,0,1337,1627.81,2.40137,3.52742,168488,8,29433,486,464433,32,117732,1944,32,4,644756,1319142,20632192,5276568,25908760,4,4,12,4,4,4,0,20,20,20260807,5,1,1,1,0,0,0,6311,0.262958,1,0.0015,0
1180,10639,12,0,2.50113,10.0961,0,0,0,12.5973,361,361,0,1,2.45175,2.45175,1830,367,0,1235,0,0,0,0,0,1337,1627.81,2.40137,3.52742,168488,8,29433,486,464433,32,117732,1944,32,4,644756,1319142,20632192,5276568,25908760,4,4,12,4,4,4,0,20,20,20260807,5,1,1,1,0,0,0,6311,0.262958,1,0.0015,0
1181,10645,6,0,2.14892,3.78208,0,0,0,5.931,361,361,0,1,2.45175,2.45175,1830,367,0,1235,0,0,0,0,0,1337,1627.81,2.40137,3.52742,168488,8,29433,486,464433,32,117732,1944,32,4,644756,1319142,20632192,5276568,25908760,4,4,12,4,4,4,0,20,20,20260807,5,1,1,1,0,0,0,6312,0.263,1,0.0015,1
1182,10654.1,10,0,2.00513,7.01354,0,0,0,9.01867,361,361,0,1,2.45175,2.45175,1830,367,0,1235,0,0,0,0,0,1337,1627.81,2.40137,3.52742,168488,8,29433,486,464433,32,117732,1944,32,4,644756,1319142,20632192,5276568,25908760,4,4,12,4,4,4,0,20,20,20260807,5,1,1,1,0,0,0,6312,0.263,1,0.0015,0
1183,10659.5,5,0,2.1565,3.16779,0,0,0,5.32429,361,361,0,1,2.45175,2.45175,1830,367,0,1235,0,0,0,0,0,1337,1627.81,2.40137,3.52742,168488,8,29433,486,464433,32,117732,1944,32,4,644756,1319142,20632192,5276568,25908760,4,4,12,4,4,4,0,20,20,20260807,5,1,1,1,0,0,0,6312,0.263,1,0.0015,0
1184,10671.7,12,0,2.39887,9.68896,0,0,0,12.0878,361,361,0,1,2.45175,2.45175,1830,367,0,1235,0,0,0,0,0,1337,1627.81,2.40137,3.52742,168488,8,29433,486,464433,32,117732,1944,32,4,644756,1319142,20632192,5276568,25908760,4,4,12,4,4,4,0,20,20,20260807,5,1,1,1,0,0,0,6312,0.263,1,0.0015,0
1185,10677.5,6,0,2.13342,3.64608,0,0,0,5.7795,361,361,0,1,2.45175,2.45175,1830,367,0,1235,0,0,0,0,0,1337,1627.81,2.40137,3.52742,168488,8,29433,486,464433,32,117732,1944,32,4,644756,1319142,20632192,5276568,25908760,4,4,12,4,4,4,0,20,20,20260807,5,1,1,1,0,0,0,6312,0.263,1,0.0015,0
1186,10686.7,9,0,2.25188,6.89129,0,0,0,9.14317,361,361,0,1,2.45175,2.45175,1830,367,0,1235,0,0,0,0,0,1337,1627.81,2.40137,3.52742,168488,8,29433,486,464433,32,117732,1944,32,4,644756,1319142,20632192,5276568,25908760,4,4,12,4,4,4,0,20,20,20260807,5,1,1,1,0,0,0,6312,0.263,1,0.0015,0
1187,10691.8,5,0,2.13596,2.85292,0,0,0,4.98888,361,361,0,1,2.45175,2.45175,1830,367,0,1235,0,0,0,0,0,1337,1627.81,2.40137,3.52742,168488,8,29433,486,464433,32,117732,1944,32,4,644756,1319142,20632192,5276568,25908760,4,4,12,4,4,4,0,20,20,20260807,5,1,1,1,0,0,0,6312,0.263,1,0.0015,0
1188,10706.3,15,0,2.40867,12.0246,0,0,0,14.4332,361,361,0,1,2.45175,2.45175,1830,367,0,1235,0,0,0,0,0,1337,1627.81,2.40137,3.52742,168488,8,29433,486,464433,32,117732,1944,32,4,644756,1319142,20632192,5276568,25908760,4,4,12,4,4,4,0,20,20,20260807,5,1,1,1,0,0,0,6313,0.263042,1,0.0015,1
1189,10712.3,6,0,2.1045,3.76829,0,0,0,5.87279,361,361,0,1,2.45175,2.45175,1830,367,0,1235,0,0,0,0,0,1337,1627.81,2.40137,3.52742,168488,8,29433,486,464433,32,117732,1944,32,4,644756,1319142,20632192,5276568,25908760,4,4,12,4,4,4,0,20,20,20260807,5,1,1,1,0,0,0,6313,0.263042,1,0.0015,0
1190,10721.1,9,0,2.10125,6.59458,0,0,0,8.69583,361,361,0,1,2.45175,2.45175,1830,367,0,1235,0,0,0,0,0,1337,1627.81,2.40137,3.52742,168488,8,29433,486,464433,32,117732,1944,32,4,644756,1319142,20632192,5276568,25908760,4,4,12,4,4,4,0,20,20,20260807,5,1,1,1,0,0,0,6313,0.263042,1,0.0015,0
1191,10726.3,5,0,2.15987,2.95142,0,0,0,5.11129,361,361,0,1,2.45175,2.45175,1830,367,0,1235,0,0,0,0,0,1337,1627.81,2.40137,3.52742,168488,8,29433,486,464433,32,117732,1944,32,4,644756,1319142,20632192,5276568,25908760,4,4,12,4,4,4,0,20,20,20260807,5,1,1,1,0,0,0,6313,0.263042,1,0.0015,0
1192,10739.8,13,0,2.41921,10.9599,0,0,0,13.3791,361,361,0,1,2.45175,2.45175,1830,367,0,1235,0,0,0,0,0,1337,1627.81,2.40137,3.52742,168488,8,29433,486,464433,32,117732,1944,32,4,644756,1319142,20632192,5276568,25908760,4,4,12,4,4,4,0,20,20,20260807,5,1,1,1,0,0,0,6313,0.263042,1,0.0015,0
1193,10745.8,6,0,2.13146,3.84525,0,0,0,5.97671,361,361,0,1,2.45175,2.45175,1830,367,0,1235,0,0,0,0,0,1337,1627.81,2.40137,3.52742,168488,8,29433,486,464433,32,117732,1944,32,4,644756,1319142,20632192,5276568,25908760,4,4,12,4,4,4,0,20,20,20260807,5,1,1,1,0,0,0,6314,0.263083,1,0.0015,1
1194,10753.4,8,0,2.12425,5.36921,0,0,0,7.49346,361,361,0,1,2.45175,2.45175,1830,367,0,1235,0,0,0,0,0,1337,1627.81,2.40137,3.52742,168488,8,29433,486,464433,32,117732,1944,32,4,644756,1319142,20632192,5276568,25908760,4,4,12,4,4,4,0,20,20,20260807,5,1,1,1,0,0,0,6314,0.263083,1,0.0015,0
1195,10759.5,6,0,2.09696,3.91521,0,0,0,6.01217,361,361,0,1,2.45175,2.45175,1830,367,0,1235,0,0,0,0,0,1337,1627.81,2.40137,3.52742,168488,8,29433,486,464433,32,117732,1944,32,4,644756,1319142,20632192,5276568,25908760,4,4,12,4,4,4,0,20,20,20260807,5,1,1,1,0,0,0,6314,0.263083,1,0.0015,0
1196,10770,11,0,2.37571,8.09596,0,0,0,10.4717,361,361,0,1,2.45175,2.45175,1830,367,0,1235,0,0,0,0,0,1337,1627.81,2.40137,3.52742,168488,8,29433,486,464433,32,117732,1944,32,4,644756,1319142,20632192,5276568,25908760,4,4,12,4,4,4,0,20,20,20260807,5,1,1,1,0,0,0,6314,0.263083,1,0.0015,0
1197,10776,5,0,2.10229,3.76104,0,0,0,5.86333,361,361,0,1,2.45175,2.45175,1830,367,0,1235,0,0,0,0,0,1337,1627.81,2.40137,3.52742,168488,8,29433,486,464433,32,117732,1944,32,4,644756,1319142,20632192,5276568,25908760,4,4,12,4,4,4,0,20,20,20260807,5,1,1,1,0,0,0,6314,0.263083,1,0.0015,0
1198,10786.8,11,0,2.4175,8.31267,0,0,0,10.7302,361,361,0,1,2.45175,2.45175,1830,367,0,1235,0,0,0,0,0,1337,1627.81,2.40137,3.52742,168488,8,29433,486,464433,32,117732,1944,32,4,644756,1319142,20632192,5276568,25908760,4,4,12,4,4,4,0,20,20,20260807,5,1,1,1,0,0,0,6314,0.263083,1,0.0015,0
1199,10792,6,0,2.17358,2.96329,0,0,0,5.13687,361,361,0,1,2.45175,2.45175,1830,367,0,1235,0,0,0,0,0,1337,1627.81,2.40137,3.52742,168488,8,29433,486,464433,32,117732,1944,32,4,644756,1319142,20632192,5276568,25908760,4,4,12,4,4,4,0,20,20,20260807,5,1,1,1,0,0,0,6314,0.263083,1,0.0015,0
1200,10804.1,12,0,2.31396,9.72408,0,0,0,12.038,361,361,0,1,2.45175,2.45175,1830,367,0,1235,0,0,0,0,0,1337,1627.81,2.40137,3.52742,168488,8,29433,486,464433,32,117732,1944,32,4,644756,1319142,20632192,5276568,25908760,4,4,12,4,4,4,0,20,20,20260807,5,1,1,1,0,0,0,6315,0.263125,1,0.0015,1
1201,10820.5,16,0,2.01092,14.2365,0,0,0,16.2474,361,361,0,1,2.45175,2.45175,1830,367,0,1235,0,0,0,0,0,1337,1627.81,2.40137,3.52742,168488,8,29433,486,464433,32,117732,1944,32,4,644756,1319142,20632192,5276568,25908760,4,4,12,4,4,4,0,20,20,20260807,5,1,1,1,0,0,0,6315,0.263125,1,0.0015,0
1202,10825.6,5,0,2.10017,2.96967,0,0,0,5.06983,361,361,0,1,2.45175,2.45175,1830,367,0,1235,0,0,0,0,0,1337,1627.81,2.40137,3.52742,168488,8,29433,486,464433,32,117732,1944,32,4,644756,1319142,20632192,5276568,25908760,4,4,12,4,4,4,0,20,20,20260807,5,1,1,1,0,0,0,6315,0.263125,1,0.0015,0
1203,10838.1,13,0,2.23408,10.1746,0,0,0,12.4087,361,361,0,1,2.45175,2.45175,1830,367,0,1235,0,0,0,0,0,1337,1627.81,2.40137,3.52742,168488,8,29433,486,464433,32,117732,1944,32,4,644756,1319142,20632192,5276568,25908760,4,4,12,4,4,4,0,20,20,20260807,5,1,1,1,0,0,0,6315,0.263125,1,0.0015,0
1204,10854.5,16,0,2.11358,14.1728,0,0,0,16.2864,361,361,0,1,2.45175,2.45175,1830,367,0,1235,0,0,0,0,0,1337,1627.81,2.40137,3.52742,168488,8,29433,486,464433,32,117732,1944,32,4,644756,1319142,20632192,5276568,25908760,4,4,12,4,4,4,0,20,20,20260807,5,1,1,1,0,0,0,6316,0.263167,1,0.0015,1
1205,10859.7,5,0,2.10908,2.96833,0,0,0,5.07742,361,361,0,1,2.45175,2.45175,1830,367,0,1235,0,0,0,0,0,1337,1627.81,2.40137,3.52742,168488,8,29433,486,464433,32,117732,1944,32,4,644756,1319142,20632192,5276568,25908760,4,4,12,4,4,4,0,20,20,20260807,5,1,1,1,0,0,0,6316,0.263167,1,0.0015,0
1206,10870.5,11,0,2.52717,8.24642,0,0,0,10.7736,361,361,0,1,2.45175,2.45175,1830,367,0,1235,0,0,0,0,0,1337,1627.81,2.40137,3.52742,168488,8,29433,486,464433,32,117732,1944,32,4,644756,1319142,20632192,5276568,25908760,4,4,12,4,4,4,0,20,20,20260807,5,1,1,1,0,0,0,6316,0.263167,1,0.0015,0
1207,10875.6,5,0,2.05558,2.9185,0,0,0,4.97408,361,361,0,1,2.45175,2.45175,1830,367,0,1235,0,0,0,0,0,1337,1627.81,2.40137,3.52742,168488,8,29433,486,464433,32,117732,1944,32,4,644756,1319142,20632192,5276568,25908760,4,4,12,4,4,4,0,20,20,20260807,5,1,1,1,0,0,0,6316,0.263167,1,0.0015,0
1208,10887.1,12,0,2.39896,9.05692,0,0,0,11.4559,361,361,0,1,2.45175,2.45175,1830,367,0,1235,0,0,0,0,0,1337,1627.81,2.40137,3.52742,168488,8,29433,486,464433,32,117732,1944,32,4,644756,1319142,20632192,5276568,25908760,4,4,12,4,4,4,0,20,20,20260807,5,1,1,1,0,0,0,6316,0.263167,1,0.0015,0
1209,10892.3,5,0,2.16538,2.94508,0,0,0,5.11046,361,361,0,1,2.45175,2.45175,1830,367,0,1235,0,0,0,0,0,1337,1627.81,2.40137,3.52742,168488,8,29433,486,464433,32,117732,1944,32,4,644756,1319142,20632192,5276568,25908760,4,4,12,4,4,4,0,20,20,20260807,5,1,1,1,0,0,0,6316,0.263167,1,0.0015,0
1210,10906.1,14,0,2.40633,11.319,0,0,0,13.7254,361,361,0,1,2.45175,2.45175,1830,367,0,1235,0,0,0,0,0,1337,1627.81,2.40137,3.52742,168488,8,29433,486,464433,32,117732,1944,32,4,644756,1319142,20632192,5276568,25908760,4,4,12,4,4,4,0,20,20,20260807,5,1,1,1,0,0,0,6317,0.263208,1,0.0015,1
1211,10920.9,14,0,2.10429,12.6637,0,0,0,14.768,361,361,0,1,2.45175,2.45175,1830,367,0,1235,0,0,0,0,0,1337,1627.81,2.40137,3.52742,168488,8,29433,486,464433,32,117732,1944,32,4,644756,1319142,20632192,5276568,25908760,4,4,12,4,4,4,0,20,20,20260807,5,1,1,1,0,0,0,6317,0.263208,1,0.0015,0
1212,10926.2,6,0,2.14433,3.07025,0,0,0,5.21458,361,361,0,1,2.45175,2.45175,1830,367,0,1235,0,0,0,0,0,1337,1627.81,2.40137,3.52742,168488,8,29433,486,464433,32,117732,1944,32,4,644756,1319142,20632192,5276568,25908760,4,4,12,4,4,4,0,20,20,20260807,5,1,1,1,0,0,0,6317,0.263208,1,0.0015,0
1213,10939.3,13,0,2.36063,10.5876,0,0,0,12.9482,361,361,0,1,2.45175,2.45175,1830,367,0,1235,0,0,0,0,0,1337,1627.81,2.40137,3.52742,168488,8,29433,486,464433,32,117732,1944,32,4,644756,1319142,20632192,5276568,25908760,4,4,12,4,4,4,0,20,20,20260807,5,1,1,1,0,0,0,6317,0.263208,1,0.0015,0
1214,10944.9,5,0,2.11558,3.44929,0,0,0,5.56487,361,361,0,1,2.45175,2.45175,1830,367,0,1235,0,0,0,0,0,1337,1627.81,2.40137,3.52742,168488,8,29433,486,464433,32,117732,1944,32,4,644756,1319142,20632192,5276568,25908760,4,4,12,4,4,4,0,20,20,20260807,5,1,1,1,0,0,0,6318,0.26325,1,0.0015,1
1215,10956.4,12,0,2.24896,9.11729,0,0,0,11.3663,361,361,0,1,2.45175,2.45175,1830,367,0,1235,0,0,0,0,0,1337,1627.81,2.40137,3.52742,168488,8,29433,486,464433,32,117732,1944,32,4,644756,1319142,20632192,5276568,25908760,4,4,12,4,4,4,0,20,20,20260807,5,1,1,1,0,0,0,6318,0.26325,1,0.0015,0
1216,10962.2,6,0,2.06312,3.675,0,0,0,5.73813,361,361,0,1,2.45175,2.45175,1830,367,0,1235,0,0,0,0,0,1337,1627.81,2.40137,3.52742,168488,8,29433,486,464433,32,117732,1944,32,4,644756,1319142,20632192,5276568,25908760,4,4,12,4,4,4,0,20,20,20260807,5,1,1,1,0,0,0,6318,0.26325,1,0.0015,0
1217,10970.9,8,0,2.08367,6.55054,0,0,0,8.63421,361,361,0,1,2.45175,2.45175,1830,367,0,1235,0,0,0,0,0,1337,1627.81,2.40137,3.52742,168488,8,29433,486,464433,32,117732,1944,32,4,644756,1319142,20632192,5276568,25908760,4,4,12,4,4,4,0,20,20,20260807,5,1,1,1,0,0,0,6318,0.26325,1,0.0015,0
1218,10976.1,6,0,2.10558,3.01579,0,0,0,5.12137,361,361,0,1,2.45175,2.45175,1830,367,0,1235,0,0,0,0,0,1337,1627.81,2.40137,3.52742,168488,8,29433,486,464433,32,117732,1944,32,4,644756,1319142,20632192,5276568,25908760,4,4,12,4,4,4,0,20,20,20260807,5,1,1,1,0,0,0,6318,0.26325,1,0.0015,0
1219,10987.7,11,0,2.437,8.99858,0,0,0,11.4356,361,361,0,1,2.45175,2.45175,1830,367,0,1235,0,0,0,0,0,1337,1627.81,2.40137,3.52742,168488,8,29433,486,464433,32,117732,1944,32,4,644756,1319142,20632192,5276568,25908760,4,4,12,4,4,4,0,20,20,20260807,5,1,1,1,0,0,0,6318,0.26325,1,0.0015,0
1220,10992.8,5,0,2.10092,2.94192,0,0,0,5.04283,361,361,0,1,2.45175,2.45175,1830,367,0,1235,0,0,0,0,0,1337,1627.81,2.40137,3.52742,168488,8,29433,486,464433,32,117732,1944,32,4,644756,1319142,20632192,5276568,25908760,4,4,12,4,4,4,0,20,20,20260807,5,1,1,1,0,0,0,6318,0.26325,1,0.0015,0
1221,11003.4,11,0,2.45933,8.08729,0,0,0,10.5466,361,361,0,1,2.45175,2.45175,1830,367,0,1235,0,0,0,0,0,1337,1627.81,2.40137,3.52742,168488,8,29433,486,464433,32,117732,1944,32,4,644756,1319142,20632192,5276568,25908760,4,4,12,4,4,4,0,20,20,20260807,5,1,1,1,0,0,0,6319,0.263292,1,0.0015,1
1222,11008.6,5,0,2.122,2.96583,0,0,0,5.08783,361,361,0,1,2.45175,2.45175,1830,367,0,1235,0,0,0,0,0,1337,1627.81,2.40137,3.52742,168488,8,29433,486,464433,32,117732,1944,32,4,644756,1319142,20632192,5276568,25908760,4,4,12,4,4,4,0,20,20,20260807,5,1,1,1,0,0,0,6319,0.263292,1,0.0015,0
1223,11020.4,12,0,2.69325,8.99371,0,0,0,11.687,361,361,0,1,2.45175,2.45175,1830,367,0,1235,0,0,0,0,0,1337,1627.81,2.40137,3.52742,168488,8,29433,486,464433,32,117732,1944,32,4,644756,1319142,20632192,5276568,25908760,4,4,12,4,4,4,0,20,20,20260807,5,1,1,1,0,0,0,6319,0.263292,1,0.0015,0
1224,11026.2,6,0,2.16396,3.61679,0,0,0,5.78075,361,361,0,1,2.45175,2.45175,1830,367,0,1235,0,0,0,0,0,1337,1627.81,2.40137,3.52742,168488,8,29433,486,464433,32,117732,1944,32,4,644756,1319142,20632192,5276568,25908760,4,4,12,4,4,4,0,20,20,20260807,5,1,1,1,0,0,0,6319,0.263292,1,0.0015,0
1225,11037.4,10,0,4.47579,6.67087,0,0,0,11.1467,361,361,0,1,2.45175,2.45175,1830,367,0,1235,0,0,0,0,0,1337,1627.81,2.40137,3.52742,168488,8,29433,486,464433,32,117732,1944,32,4,644756,1319142,20632192,5276568,25908760,4,4,12,4,4,4,0,20,20,20260807,5,1,1,1,0,0,0,6319,0.263292,1,0.0015,0
1226,11042.6,5,0,2.06458,2.96738,0,0,0,5.03196,361,361,0,1,2.45175,2.45175,1830,367,0,1235,0,0,0,0,0,1337,1627.81,2.40137,3.52742,168488,8,29433,486,464433,32,117732,1944,32,4,644756,1319142,20632192,5276568,25908760,4,4,12,4,4,4,0,20,20,20260807,5,1,1,1,0,0,0,6319,0.263292,1,0.0015,0
1227,11053.8,11,0,2.22733,8.92938,0,0,0,11.1567,361,361,0,1,2.45175,2.45175,1830,367,0,1235,0,0,0,0,0,1337,1627.81,2.40137,3.52742,168488,8,29433,486,464433,32,117732,1944,32,4,644756,1319142,20632192,5276568,25908760,4,4,12,4,4,4,0,20,20,20260807,5,1,1,1,0,0,0,6320,0.263333,1,0.0015,1
1228,11059,5,0,2.1915,2.91608,0,0,0,5.10758,361,361,0,1,2.45175,2.45175,1830,367,0,1235,0,0,0,0,0,1337,1627.81,2.40137,3.52742,168488,8,29433,486,464433,32,117732,1944,32,4,644756,1319142,20632192,5276568,25908760,4,4,12,4,4,4,0,20,20,20260807,5,1,1,1,0,0,0,6320,0.263333,1,0.0015,0
1229,11071.5,13,0,2.27075,10.179,0,0,0,12.4498,361,361,0,1,2.45175,2.45175,1830,367,0,1235,0,0,0,0,0,1337,1627.81,2.40137,3.52742,168488,8,29433,486,464433,32,117732,1944,32,4,644756,1319142,20632192,5276568,25908760,4,4,12,4,4,4,0,20,20,20260807,5,1,1,1,0,0,0,6320,0.263333,1,0.0015,0
1230,11076.7,5,0,2.13137,2.96592,0,0,0,5.09729,361,361,0,1,2.45175,2.45175,1830,367,0,1235,0,0,0,0,0,1337,1627.81,2.40137,3.52742,168488,8,29433,486,464433,32,117732,1944,32,4,644756,1319142,20632192,5276568,25908760,4,4,12,4,4,4,0,20,20,20260807,5,1,1,1,0,0,0,6320,0.263333,1,0.0015,0
1231,11088.1,12,0,2.38767,8.96767,0,0,0,11.3553,361,361,0,1,2.45175,2.45175,1830,367,0,1235,0,0,0,0,0,1337,1627.81,2.40137,3.52742,168488,8,29433,486,464433,32,117732,1944,32,4,644756,1319142,20632192,5276568,25908760,4,4,12,4,4,4,0,20,20,20260807,5,1,1,1,0,0,0,6320,0.263333,1,0.0015,0
1232,11093.2,5,0,2.10592,2.92258,0,0,0,5.0285,361,361,0,1,2.45175,2.45175,1830,367,0,1235,0,0,0,0,0,1337,1627.81,2.40137,3.52742,168488,8,29433,486,464433,32,117732,1944,32,4,644756,1319142,20632192,5276568,25908760,4,4,12,4,4,4,0,20,20,20260807,5,1,1,1,0,0,0,6320,0.263333,1,0.0015,0
1233,11103.3,10,0,2.28058,7.75367,0,0,0,10.0343,361,361,0,1,2.45175,2.45175,1830,367,0,1235,0,0,0,0,0,1337,1627.81,2.40137,3.52742,168488,8,29433,486,464433,32,117732,1944,32,4,644756,1319142,20632192,5276568,25908760,4,4,12,4,4,4,0,20,20,20260807,5,1,1,1,0,0,0,6321,0.263375,1,0.0015,1
1234,11108.6,5,0,2.22704,2.86888,0,0,0,5.09592,361,361,0,1,2.45175,2.45175,1830,367,0,1235,0,0,0,0,0,1337,1627.81,2.40137,3.52742,168488,8,29433,486,464433,32,117732,1944,32,4,644756,1319142,20632192,5276568,25908760,4,4,12,4,4,4,0,20,20,20260807,5,1,1,1,0,0,0,6321,0.263375,1,0.0015,0
1235,11120.2,12,0,2.20267,9.35887,0,0,0,11.5615,361,361,0,1,2.45175,2.45175,1830,367,0,1235,0,0,0,0,0,1337,1627.81,2.40137,3.52742,168488,8,29433,486,464433,32,117732,1944,32,4,644756,1319142,20632192,5276568,25908760,4,4,12,4,4,4,0,20,20,20260807,5,1,1,1,0,0,0,6321,0.263375,1,0.0015,0
1236,11126.1,6,0,2.11358,3.68233,0,0,0,5.79592,361,361,0,1,2.45175,2.45175,1830,367,0,1235,0,0,0,0,0,1337,1627.81,2.40137,3.52742,168488,8,29433,486,464433,32,117732,1944,32,4,644756,1319142,20632192,5276568,25908760,4,4,12,4,4,4,0,20,20,20260807,5,1,1,1,0,0,0,6321,0.263375,1,0.0015,0
1237,11136.8,10,0,2.24758,8.41271,0,0,0,10.6603,361,361,0,1,2.45175,2.45175,1830,367,0,1235,0,0,0,0,0,1337,1627.81,2.40137,3.52742,168488,8,29433,486,464433,32,117732,1944,32,4,644756,1319142,20632192,5276568,25908760,4,4,12,4,4,4,0,20,20,20260807,5,1,1,1,0,0,0,6321,0.263375,1,0.0015,0
1238,11142,6,0,2.15958,2.96729,0,0,0,5.12688,361,361,0,1,2.45175,2.45175,1830,367,0,1235,0,0,0,0,0,1337,1627.81,2.40137,3.52742,168488,8,29433,486,464433,32,117732,1944,32,4,644756,1319142,20632192,5276568,25908760,4,4,12,4,4,4,0,20,20,20260807,5,1,1,1,0,0,0,6321,0.263375,1,0.0015,0
1239,11154.6,12,0,2.34879,10.1571,0,0,0,12.5059,361,361,0,1,2.45175,2.45175,1830,367,0,1235,0,0,0,0,0,1337,1627.81,2.40137,3.52742,168488,8,29433,486,464433,32,117732,1944,32,4,644756,1319142,20632192,5276568,25908760,4,4,12,4,4,4,0,20,20,20260807,5,1,1,1,0,0,0,6322,0.263417,1,0.0015,1
1240,11159.9,5,0,2.13404,3.04413,0,0,0,5.17817,361,361,0,1,2.45175,2.45175,1830,367,0,1235,0,0,0,0,0,1337,1627.81,2.40137,3.52742,168488,8,29433,486,464433,32,117732,1944,32,4,644756,1319142,20632192,5276568,25908760,4,4,12,4,4,4,0,20,20,20260807,5,1,1,1,0,0,0,6322,0.263417,1,0.0015,0
1241,11170,11,0,2.37758,7.70029,0,0,0,10.0779,361,361,0,1,2.45175,2.45175,1830,367,0,1235,0,0,0,0,0,1337,1627.81,2.40137,3.52742,168488,8,29433,486,464433,32,117732,1944,32,4,644756,1319142,20632192,5276568,25908760,4,4,12,4,4,4,0,20,20,20260807,5,1,1,1,0,0,0,6322,0.263417,1,0.0015,0
1242,11175.3,5,0,2.10675,3.0685,0,0,0,5.17525,361,361,0,1,2.45175,2.45175,1830,367,0,1235,0,0,0,0,0,1337,1627.81,2.40137,3.52742,168488,8,29433,486,464433,32,117732,1944,32,4,644756,1319142,20632192,5276568,25908760,4,4,12,4,4,4,0,20,20,20260807,5,1,1,1,0,0,0,6322,0.263417,1,0.0015,0
1243,11187,11,0,2.12688,9.47871,0,0,0,11.6056,361,361,0,1,2.45175,2.45175,1830,367,0,1235,0,0,0,0,0,1337,1627.81,2.40137,3.52742,168488,8,29433,486,464433,32,117732,1944,32,4,644756,1319142,20632192,5276568,25908760,4,4,12,4,4,4,0,20,20,20260807,5,1,1,1,0,0,0,6322,0.263417,1,0.0015,0
1244,11193.9,7,0,2.07829,4.74488,0,0,0,6.82317,361,361,0,1,2.45175,2.45175,1830,367,0,1235,0,0,0,0,0,1337,1627.81,2.40137,3.52742,168488,8,29433,486,464433,32,117732,1944,32,4,644756,1319142,20632192,5276568,25908760,4,4,12,4,4,4,0,20,20,20260807,5,1,1,1,0,0,0,6322,0.263417,1,0.0015,0
1245,11203.4,10,0,2.04458,7.38258,0,0,0,9.42717,361,361,0,1,2.45175,2.45175,1830,367,0,1235,0,0,0,0,0,1337,1627.81,2.40137,3.52742,168488,8,29433,486,464433,32,117732,1944,32,4,644756,1319142,20632192,5276568,25908760,4,4,12,4,4,4,0,20,20,20260807,5,1,1,1,0,0,0,6323,0.263458,1,0.0015,1
1246,11208.9,5,0,2.10096,3.34867,0,0,0,5.44963,361,361,0,1,2.45175,2.45175,1830,367,0,1235,0,0,0,0,0,1337,1627.81,2.40137,3.52742,168488,8,29433,486,464433,32,117732,1944,32,4,644756,1319142,20632192,5276568,25908760,4,4,12,4,4,4,0,20,20,20260807,5,1,1,1,0,0,0,6323,0.263458,1,0.0015,0
1247,11220.1,12,0,2.724,8.39263,0,0,0,11.1166,361,361,0,1,2.45175,2.45175,1830,367,0,1235,0,0,0,0,0,1337,1627.81,2.40137,3.52742,168488,8,29433,486,464433,32,117732,1944,32,4,644756,1319142,20632192,5276568,25908760,4,4,12,4,4,4,0,20,20,20260807,5,1,1,1,0,0,0,6323,0.263458,1,0.0015,0
1248,11226.9,6,0,2.04917,4.64896,0,0,0,6.69813,361,361,0,1,2.45175,2.45175,1830,367,0,1235,0,0,0,0,0,1337,1627.81,2.40137,3.52742,168488,8,29433,486,464433,32,117732,1944,32,4,644756,1319142,20632192,5276568,25908760,4,4,12,4,4,4,0,20,20,20260807,5,1,1,1,0,0,0,6323,0.263458,1,0.0015,0
1249,11236.8,10,0,2.13512,7.676,0,0,0,9.81113,361,361,0,1,2.45175,2.45175,1830,367,0,1235,0,0,0,0,0,1337,1627.81,2.40137,3.52742,168488,8,29433,486,464433,32,117732,1944,32,4,644756,1319142,20632192,5276568,25908760,4,4,12,4,4,4,0,20,20,20260807,5,1,1,1,0,0,0,6323,0.263458,1,0.0015,0
1250,11242,5,0,2.14771,2.93946,0,0,0,5.08717,361,361,0,1,2.45175,2.45175,1830,367,0,1235,0,0,0,0,0,1337,1627.81,2.40137,3.52742,168488,8,29433,486,464433,32,117732,1944,32,4,644756,1319142,20632192,5276568,25908760,4,4,12,4,4,4,0,20,20,20260807,5,1,1,1,0,0,0,6323,0.263458,1,0.0015,0
1251,11254,13,0,2.23988,9.73933,0,0,0,11.9792,361,361,0,1,2.45175,2.45175,1830,367,0,1235,0,0,0,0,0,1337,1627.81,2.40137,3.52742,168488,8,29433,486,464433,32,117732,1944,32,4,644756,1319142,20632192,5276568,25908760,4,4,12,4,4,4,0,20,20,20260807,5,1,1,1,0,0,0,6324,0.2635,1,0.0015,1
1252,11259.1,5,0,1.99392,2.99012,0,0,0,4.98404,361,361,0,1,2.45175,2.45175,1830,367,0,1235,0,0,0,0,0,1337,1627.81,2.40137,3.52742,168488,8,29433,486,464433,32,117732,1944,32,4,644756,1319142,20632192,5276568,25908760,4,4,12,4,4,4,0,20,20,20260807,5,1,1,1,0,0,0,6324,0.2635,1,0.0015,0
1253,11271.8,12,0,2.17354,10.4425,0,0,0,12.616,361,361,0,1,2.45175,2.45175,1830,367,0,1235,0,0,0,0,0,1337,1627.81,2.40137,3.52742,168488,8,29433,486,464433,32,117732,1944,32,4,644756,1319142,20632192,5276568,25908760,4,4,12,4,4,4,0,20,20,20260807,5,1,1,1,0,0,0,6324,0.2635,1,0.0015,0
1254,11277.5,6,0,2.08604,3.555,0,0,0,5.64104,361,361,0,1,2.45175,2.45175,1830,367,0,1235,0,0,0,0,0,1337,1627.81,2.40137,3.52742,168488,8,29433,486,464433,32,117732,1944,32,4,644756,1319142,20632192,5276568,25908760,4,4,12,4,4,4,0,20,20,20260807,5,1,1,1,0,0,0,6324,0.2635,1,0.0015,0
1255,11288.4,12,0,2.11121,8.6285,0,0,0,10.7397,361,361,0,1,2.45175,2.45175,1830,367,0,1235,0,0,0,0,0,1337,1627.81,2.40137,3.52742,168488,8,29433,486,464433,32,117732,1944,32,4,644756,1319142,20632192,5276568,25908760,4,4,12,4,4,4,0,20,20,20260807,5,1,1,1,0,0,0,6324,0.2635,1,0.0015,0
1256,11294,5,0,2.1055,3.45629,0,0,0,5.56179,361,361,0,1,2.45175,2.45175,1830,367,0,1235,0,0,0,0,0,1337,1627.81,2.40137,3.52742,168488,8,29433,486,464433,32,117732,1944,32,4,644756,1319142,20632192,5276568,25908760,4,4,12,4,4,4,0,20,20,20260807,5,1,1,1,0,0,0,6325,0.263542,1,0.0015,1
1257,11303.9,10,0,2.11604,7.68554,0,0,0,9.80158,361,361,0,1,2.45175,2.45175,1830,367,0,1235,0,0,0,0,0,1337,1627.81,2.40137,3.52742,168488,8,29433,486,464433,32,117732,1944,32,4,644756,1319142,20632192,5276568,25908760,4,4,12,4,4,4,0,20,20,20260807,5,1,1,1,0,0,0,6325,0.263542,1,0.0015,0
1258,11309.1,6,0,2.13313,2.98667,0,0,0,5.11979,361,361,0,1,2.45175,2.45175,1830,367,0,1235,0,0,0,0,0,1337,1627.81,2.40137,3.52742,168488,8,29433,486,464433,32,117732,1944,32,4,644756,1319142,20632192,5276568,25908760,4,4,12,4,4,4,0,20,20,20260807,5,1,1,1,0,0,0,6325,0.263542,1,0.0015,0
1259,11320.9,11,0,2.45846,9.31488,0,0,0,11.7733,361,361,0,1,2.45175,2.45175,1830,367,0,1235,0,0,0,0,0,1337,1627.81,2.40137,3.52742,168488,8,29433,486,464433,32,117732,1944,32,4,644756,1319142,20632192,5276568,25908760,4,4,12,4,4,4,0,20,20,20260807,5,1,1,1,0,0,0,6325,0.263542,1,0.0015,0
1260,11326.1,6,0,2.15583,2.95012,0,0,0,5.10596,361,361,0,1,2.45175,2.45175,1830,367,0,1235,0,0,0,0,0,1337,1627.81,2.40137,3.52742,168488,8,29433,486,464433,32,117732,1944,32,4,644756,1319142,20632192,5276568,25908760,4,4,12,4,4,4,0,20,20,20260807,5,1,1,1,0,0,0,6325,0.263542,1,0.0015,0
1261,11338.6,12,0,2.34667,10.0409,0,0,0,12.3876,361,361,0,1,2.45175,2.45175,1830,367,0,1235,0,0,0,0,0,1337,1627.81,2.40137,3.52742,168488,8,29433,486,464433,32,117732,1944,32,4,644756,1319142,20632192,5276568,25908760,4,4,12,4,4,4,0,20,20,20260807,5,1,1,1,0,0,0,6325,0.263542,1,0.0015,0
1262,11344,5,0,2.11175,3.15996,0,0,0,5.27171,361,361,0,1,2.45175,2.45175,1830,367,0,1235,0,0,0,0,0,1337,1627.81,2.40137,3.52742,168488,8,29433,486,464433,32,117732,1944,32,4,644756,1319142,20632192,5276568,25908760,4,4,12,4,4,4,0,20,20,20260807,5,1,1,1,0,0,0,6326,0.263583,1,0.0015,1
1263,11354,10,0,2.22946,7.71821,0,0,0,9.94767,361,361,0,1,2.45175,2.45175,1830,367,0,1235,0,0,0,0,0,1337,1627.81,2.40137,3.52742,168488,8,29433,486,464433,32,117732,1944,32,4,644756,1319142,20632192,5276568,25908760,4,4,12,4,4,4,0,20,20,20260807,5,1,1,1,0,0,0,6326,0.263583,1,0.0015,0
1264,11359.1,6,0,2.1025,2.91033,0,0,0,5.01283,361,361,0,1,2.45175,2.45175,1830,367,0,1235,0,0,0,0,0,1337,1627.81,2.40137,3.52742,168488,8,29433,486,464433,32,117732,1944,32,4,644756,1319142,20632192,5276568,25908760,4,4,12,4,4,4,0,20,20,20260807,5,1,1,1,0,0,0,6326,0.263583,1,0.0015,0
1265,11370.8,11,0,2.81079,8.874,0,0,0,11.6848,361,361,0,1,2.45175,2.45175,1830,367,0,1235,0,0,0,0,0,1337,1627.81,2.40137,3.52742,168488,8,29433,486,464433,32,117732,1944,32,4,644756,1319142,20632192,5276568,25908760,4,4,12,4,4,4,0,20,20,20260807,5,1,1,1,0,0,0,6326,0.263583,1,0.0015,0
1266,11375.9,5,0,2.10625,2.88179,0,0,0,4.98804,361,361,0,1,2.45175,2.45175,1830,367,0,1235,0,0,0,0,0,1337,1627.81,2.40137,3.52742,168488,8,29433,486,464433,32,117732,1944,32,4,644756,1319142,20632192,5276568,25908760,4,4,12,4,4,4,0,20,20,20260807,5,1,1,1,0,0,0,6326,0.263583,1,0.0015,0
1267,11386.8,11,0,2.45838,8.35212,0,0,0,10.8105,361,361,0,1,2.45175,2.45175,1830,367,0,1235,0,0,0,0,0,1337,1627.81,2.40137,3.52742,168488,8,29433,486,464433,32,117732,1944,32,4,644756,1319142,20632192,5276568,25908760,4,4,12,4,4,4,0,20,20,20260807,5,1,1,1,0,0,0,6326,0.263583,1,0.0015,0
1268,11393.2,7,0,2.04817,4.24729,0,0,0,6.29546,361,361,0,1,2.45175,2.45175,1830,367,0,1235,0,0,0,0,0,1337,1627.81,2.40137,3.52742,168488,8,29433,486,464433,32,117732,1944,32,4,644756,1319142,20632192,5276568,25908760,4,4,12,4,4,4,0,20,20,20260807,5,1,1,1,0,0,0,6326,0.263583,1,0.0015,0
1269,11403.4,10,0,2.1975,7.98904,0,0,0,10.1865,361,361,0,1,2.45175,2.45175,1830,367,0,1235,0,0,0,0,0,1337,1627.81,2.40137,3.52742,168488,8,29433,486,464433,32,117732,1944,32,4,644756,1319142,20632192,5276568,25908760,4,4,12,4,4,4,0,20,20,20260807,5,1,1,1,0,0,0,6327,0.263625,1,0.0015,1
1270,11409.1,6,0,2.11075,3.50767,0,0,0,5.61842,361,361,0,1,2.45175,2.45175,1830,367,0,1235,0,0,0,0,0,1337,1627.81,2.40137,3.52742,168488,8,29433,486,464433,32,117732,1944,32,4,644756,1319142,20632192,5276568,25908760,4,4,12,4,4,4,0,20,20,20260807,5,1,1,1,0,0,0,6327,0.263625,1,0.0015,0
1271,11420.2,11,0,2.155,8.78054,0,0,0,10.9355,361,361,0,1,2.45175,2.45175,1830,367,0,1235,0,0,0,0,0,1337,1627.81,2.40137,3.52742,168488,8,29433,486,464433,32,117732,1944,32,4,644756,1319142,20632192,5276568,25908760,4,4,12,4,4,4,0,20,20,20260807,5,1,1,1,0,0,0,6327,0.263625,1,0.0015,0
1272,11427,6,0,2.07183,4.65871,0,0,0,6.73054,361,361,0,1,2.45175,2.45175,1830,367,0,1235,0,0,0,0,0,1337,1627.81,2.40137,3.52742,168488,8,29433,486,464433,32,117732,1944,32,4,644756,1319142,20632192,5276568,25908760,4,4,12,4,4,4,0,20,20,20260807,5,1,1,1,0,0,0,6327,0.263625,1,0.0015,0
1273,11436.7,10,0,2.14171,7.54208,0,0,0,9.68379,361,361,0,1,2.45175,2.45175,1830,367,0,1235,0,0,0,0,0,1337,1627.81,2.40137,3.52742,168488,8,29433,486,464433,32,117732,1944,32,4,644756,1319142,20632192,5276568,25908760,4,4,12,4,4,4,0,20,20,20260807,5,1,1,1,0,0,0,6327,0.263625,1,0.0015,0
1274,11444.1,8,0,2.13296,5.14521,0,0,0,7.27817,361,361,0,1,2.45175,2.45175,1830,367,0,1235,0,0,0,0,0,1337,1627.81,2.40137,3.52742,168488,8,29433,486,464433,32,117732,1944,32,4,644756,1319142,20632192,5276568,25908760,4,4,12,4,4,4,0,20,20,20260807,5,1,1,1,0,0,0,6327,0.263625,1,0.0015,0
1275,11453.5,9,0,2.11108,7.2135,0,0,0,9.32458,361,361,0,1,2.45175,2.45175,1830,367,0,1235,0,0,0,0,0,1337,1627.81,2.40137,3.52742,168488,8,29433,486,464433,32,117732,1944,32,4,644756,1319142,20632192,5276568,25908760,4,4,12,4,4,4,0,20,20,20260807,5,1,1,1,0,0,0,6328,0.263667,1,0.0015,1
1276,11459.7,6,0,2.11642,3.97283,0,0,0,6.08925,361,361,0,1,2.45175,2.45175,1830,367,0,1235,0,0,0,0,0,1337,1627.81,2.40137,3.52742,168488,8,29433,486,464433,32,117732,1944,32,4,644756,1319142,20632192,5276568,25908760,4,4,12,4,4,4,0,20,20,20260807,5,1,1,1,0,0,0,6328,0.263667,1,0.0015,0
1277,11470.2,11,0,2.18871,8.13892,0,0,0,10.3276,361,361,0,1,2.45175,2.45175,1830,367,0,1235,0,0,0,0,0,1337,1627.81,2.40137,3.52742,168488,8,29433,486,464433,32,117732,1944,32,4,644756,1319142,20632192,5276568,25908760,4,4,12,4,4,4,0,20,20,20260807,5,1,1,1,0,0,0,6328,0.263667,1,0.0015,0
1278,11476.2,6,0,2.10571,3.84717,0,0,0,5.95287,361,361,0,1,2.45175,2.45175,1830,367,0,1235,0,0,0,0,0,1337,1627.81,2.40137,3.52742,168488,8,29433,486,464433,32,117732,1944,32,4,644756,1319142,20632192,5276568,25908760,4,4,12,4,4,4,0,20,20,20260807,5,1,1,1,0,0,0,6328,0.263667,1,0.0015,0
1279,11486.9,10,0,2.37983,8.18292,0,0,0,10.5627,361,361,0,1,2.45175,2.45175,1830,367,0,1235,0,0,0,0,0,1337,1627.81,2.40137,3.52742,168488,8,29433,486,464433,32,117732,1944,32,4,644756,1319142,20632192,5276568,25908760,4,4,12,4,4,4,0,20,20,20260807,5,1,1,1,0,0,0,6328,0.263667,1,0.0015,0
1280,11493.7,7,0,2.10058,4.61875,0,0,0,6.71933,361,361,0,1,2.45175,2.45175,1830,367,0,1235,0,0,0,0,0,1337,1627.81,2.40137,3.52742,168488,8,29433,486,464433,32,117732,1944,32,4,644756,1319142,20632192,5276568,25908760,4,4,12,4,4,4,0,20,20,20260807,5,1,1,1,0,0,0,6328,0.263667,1,0.0015,0
1281,11503.5,10,0,2.15342,7.5855,0,0,0,9.73892,361,361,0,1,2.45175,2.45175,1830,367,0,1235,0,0,0,0,0,1337,1627.81,2.40137,3.52742,168488,8,29433,486,464433,32,117732,1944,32,4,644756,1319142,20632192,5276568,25908760,4,4,12,4,4,4,0,20,20,20260807,5,1,1,1,0,0,0,6329,0.263708,1,0.0015,1
1282,11510.5,7,0,2.11933,4.77158,0,0,0,6.89092,361,361,0,1,2.45175,2.45175,1830,367,0,1235,0,0,0,0,0,1337,1627.81,2.40137,3.52742,168488,8,29433,486,464433,32,117732,1944,32,4,644756,1319142,20632192,5276568,25908760,4,4,12,4,4,4,0,20,20,20260807,5,1,1,1,0,0,0,6329,0.263708,1,0.0015,0
1283,11528,18,0,2.09029,15.3633,0,0,0,17.4536,361,361,0,1,2.45175,2.45175,1830,367,0,1235,0,0,0,0,0,1337,1627.81,2.40137,3.52742,168488,8,29433,486,464433,32,117732,1944,32,4,644756,1319142,20632192,5276568,25908760,4,4,12,4,4,4,0,20,20,20260807,5,1,1,1,0,0,0,6329,0.263708,1,0.0015,0
1284,11536.8,8,0,2.19921,6.49329,0,0,0,8.6925,361,361,0,1,2.45175,2.45175,1830,367,0,1235,0,0,0,0,0,1337,1627.81,2.40137,3.52742,168488,8,29433,486,464433,32,117732,1944,32,4,644756,1319142,20632192,5276568,25908760,4,4,12,4,4,4,0,20,20,20260807,5,1,1,1,0,0,0,6329,0.263708,1,0.0015,0
1285,11542.8,6,0,2.09721,3.87396,0,0,0,5.97117,361,361,0,1,2.45175,2.45175,1830,367,0,1235,0,0,0,0,0,1337,1627.81,2.40137,3.52742,168488,8,29433,486,464433,32,117732,1944,32,4,644756,1319142,20632192,5276568,25908760,4,4,12,4,4,4,0,20,20,20260807,5,1,1,1,0,0,0,6329,0.263708,1,0.0015,0
1286,11553.5,11,0,2.37808,8.213,0,0,0,10.5911,361,361,0,1,2.45175,2.45175,1830,367,0,1235,0,0,0,0,0,1337,1627.81,2.40137,3.52742,168488,8,29433,486,464433,32,117732,1944,32,4,644756,1319142,20632192,5276568,25908760,4,4,12,4,4,4,0,20,20,20260807,5,1,1,1,0,0,0,6330,0.26375,1,0.0015,1
1287,11560.2,7,0,2.1135,4.50075,0,0,0,6.61425,361,361,0,1,2.45175,2.45175,1830,367,0,1235,0,0,0,0,0,1337,1627.81,2.40137,3.52742,168488,8,29433,486,464433,32,117732,1944,32,4,644756,1319142,20632192,5276568,25908760,4,4,12,4,4,4,0,20,20,20260807,5,1,1,1,0,0,0,6330,0.26375,1,0.0015,0
1288,11570.2,10,0,2.29058,7.64204,0,0,0,9.93262,361,361,0,1,2.45175,2.45175,1830,367,0,1235,0,0,0,0,0,1337,1627.81,2.40137,3.52742,168488,8,29433,486,464433,32,117732,1944,32,4,644756,1319142,20632192,5276568,25908760,4,4,12,4,4,4,0,20,20,20260807,5,1,1,1,0,0,0,6330,0.26375,1,0.0015,0
1289,11576.4,6,0,2.18788,3.89938,0,0,0,6.08725,361,361,0,1,2.45175,2.45175,1830,367,0,1235,0,0,0,0,0,1337,1627.81,2.40137,3.52742,168488,8,29433,486,464433,32,117732,1944,32,4,644756,1319142,20632192,5276568,25908760,4,4,12,4,4,4,0,20,20,20260807,5,1,1,1,0,0,0,6330,0.26375,1,0.0015,0
1290,11586.9,10,0,2.45854,7.96429,0,0,0,10.4228,361,361,0,1,2.45175,2.45175,1830,367,0,1235,0,0,0,0,0,1337,1627.81,2.40137,3.52742,168488,8,29433,486,464433,32,117732,1944,32,4,644756,1319142,20632192,5276568,25908760,4,4,12,4,4,4,0,20,20,20260807,5,1,1,1,0,0,0,6330,0.26375,1,0.0015,0
1291,11593.7,7,0,2.20329,4.46517,0,0,0,6.66846,361,361,0,1,2.45175,2.45175,1830,367,0,1235,0,0,0,0,0,1337,1627.81,2.40137,3.52742,168488,8,29433,486,464433,32,117732,1944,32,4,644756,1319142,20632192,5276568,25908760,4,4,12,4,4,4,0,20,20,20260807,5,1,1,1,0,0,0,6330,0.26375,1,0.0015,0
1292,11603.5,10,0,2.16946,7.54683,0,0,0,9.71629,361,361,0,1,2.45175,2.45175,1830,367,0,1235,0,0,0,0,0,1337,1627.81,2.40137,3.52742,168488,8,29433,486,464433,32,117732,1944,32,4,644756,1319142,20632192,5276568,25908760,4,4,12,4,4,4,0,20,20,20260807,5,1,1,1,0,0,0,6331,0.263792,1,0.0015,1
1293,11609.5,6,0,2.09567,3.84421,0,0,0,5.93987,361,361,0,1,2.45175,2.45175,1830,367,0,1235,0,0,0,0,0,1337,1627.81,2.40137,3.52742,168488,8,29433,486,464433,32,117732,1944,32,4,644756,1319142,20632192,5276568,25908760,4,4,12,4,4,4,0,20,20,20260807,5,1,1,1,0,0,0,6331,0.263792,1,0.0015,0
1294,11620.2,11,0,2.27233,8.36887,0,0,0,10.6412,361,361,0,1,2.45175,2.45175,1830,367,0,1235,0,0,0,0,0,1337,1627.81,2.40137,3.52742,168488,8,29433,486,464433,32,117732,1944,32,4,644756,1319142,20632192,5276568,25908760,4,4,12,4,4,4,0,20,20,20260807,5,1,1,1,0,0,0,6331,0.263792,1,0.0015,0
1295,11627.6,7,0,2.05796,5.19775,0,0,0,7.25571,361,361,0,1,2.45175,2.45175,1830,367,0,1235,0,0,0,0,0,1337,1627.81,2.40137,3.52742,168488,8,29433,486,464433,32,117732,1944,32,4,644756,1319142,20632192,5276568,25908760,4,4,12,4,4,4,0,20,20,20260807,5,1,1,1,0,0,0,6331,0.263792,1,0.0015,0
1296,11636.8,9,0,2.16617,7.01625,0,0,0,9.18242,361,361,0,1,2.45175,2.45175,1830,367,0,1235,0,0,0,0,0,1337,1627.81,2.40137,3.52742,168488,8,29433,486,464433,32,117732,1944,32,4,644756,1319142,20632192,5276568,25908760,4,4,12,4,4,4,0,20,20,20260807,5,1,1,1,0,0,0,6331,0.263792,1,0.0015,0
1297,11643,7,0,2.12396,4.00308,0,0,0,6.12704,361,361,0,1,2.45175,2.45175,1830,367,0,1235,0,0,0,0,0,1337,1627.81,2.40137,3.52742,168488,8,29433,486,464433,32,117732,1944,32,4,644756,1319142,20632192,5276568,25908760,4,4,12,4,4,4,0,20,20,20260807,5,1,1,1,0,0,0,6331,0.263792,1,0.0015,0
1298,11653.5,10,0,2.23554,8.16,0,0,0,10.3955,361,361,0,1,2.45175,2.45175,1830,367,0,1235,0,0,0,0,0,1337,1627.81,2.40137,3.52742,168488,8,29433,486,464433,32,117732,1944,32,4,644756,1319142,20632192,5276568,25908760,4,4,12,4,4,4,0,20,20,20260807,5,1,1,1,0,0,0,6332,0.263833,1,0.0015,1
1299,11661.6,8,0,2.11212,5.83887,0,0,0,7.951,361,361,0,1,2.45175,2.45175,1830,367,0,1235,0,0,0,0,0,1337,1627.81,2.40137,3.52742,168488,8,29433,486,464433,32,117732,1944,32,4,644756,1319142,20632192,5276568,25908760,4,4,12,4,4,4,0,20,20,20260807,5,1,1,1,0,0,0,6332,0.263833,1,0.0015,0
1300,11670.1,9,0,2.13117,6.34387,0,0,0,8.47504,361,361,0,1,2.45175,2.45175,1830,367,0,1235,0,0,0,0,0,1337,1627.81,2.40137,3.52742,168488,8,29433,486,464433,32,117732,1944,32,4,644756,1319142,20632192,5276568,25908760,4,4,12,4,4,4,0,20,20,20260807,5,1,1,1,0,0,0,6332,0.263833,1,0.0015,0
1301,11675.4,5,0,2.15971,3.00821,0,0,0,5.16792,361,361,0,1,2.45175,2.45175,1830,367,0,1235,0,0,0,0,0,1337,1627.81,2.40137,3.52742,168488,8,29433,486,464433,32,117732,1944,32,4,644756,1319142,20632192,5276568,25908760,4,4,12,4,4,4,0,20,20,20260807,5,1,1,1,0,0,0,6332,0.263833,1,0.0015,0
1302,11686.8,11,0,2.20225,9.16846,0,0,0,11.3707,361,361,0,1,2.45175,2.45175,1830,367,0,1235,0,0,0,0,0,1337,1627.81,2.40137,3.52742,168488,8,29433,486,464433,32,117732,1944,32,4,644756,1319142,20632192,5276568,25908760,4,4,12,4,4,4,0,20,20,20260807,5,1,1,1,0,0,0,6332,0.263833,1,0.0015,0
1303,11693.6,7,0,2.08312,4.66558,0,0,0,6.74871,361,361,0,1,2.45175,2.45175,1830,367,0,1235,0,0,0,0,0,1337,1627.81,2.40137,3.52742,168488,8,29433,486,464433,32,117732,1944,32,4,644756,1319142,20632192,5276568,25908760,4,4,12,4,4,4,0,20,20,20260807,5,1,1,1,0,0,0,6332,0.263833,1,0.0015,0
1304,11703.5,10,0,2.10671,7.61729,0,0,0,9.724,361,361,0,1,2.45175,2.45175,1830,367,0,1235,0,0,0,0,0,1337,1627.81,2.40137,3.52742,168488,8,29433,486,464433,32,117732,1944,32,4,644756,1319142,20632192,5276568,25908760,4,4,12,4,4,4,0,20,20,20260807,5,1,1,1,0,0,0,6333,0.263875,1,0.0015,1
1305,11708.7,5,0,2.11421,2.91063,0,0,0,5.02483,361,361,0,1,2.45175,2.45175,1830,367,0,1235,0,0,0,0,0,1337,1627.81,2.40137,3.52742,168488,8,29433,486,464433,32,117732,1944,32,4,644756,1319142,20632192,5276568,25908760,4,4,12,4,4,4,0,20,20,20260807,5,1,1,1,0,0,0,6333,0.263875,1,0.0015,0
1306,11720.3,12,0,2.48546,9.02921,0,0,0,11.5147,361,361,0,1,2.45175,2.45175,1830,367,0,1235,0,0,0,0,0,1337,1627.81,2.40137,3.52742,168488,8,29433,486,464433,32,117732,1944,32,4,644756,1319142,20632192,5276568,25908760,4,4,12,4,4,4,0,20,20,20260807,5,1,1,1,0,0,0,6333,0.263875,1,0.0015,0
1307,11727.2,7,0,2.06642,4.74808,0,0,0,6.8145,361,361,0,1,2.45175,2.45175,1830,367,0,1235,0,0,0,0,0,1337,1627.81,2.40137,3.52742,168488,8,29433,486,464433,32,117732,1944,32,4,644756,1319142,20632192,5276568,25908760,4,4,12,4,4,4,0,20,20,20260807,5,1,1,1,0,0,0,6333,0.263875,1,0.0015,0
1308,11736.8,9,0,2.03317,7.48262,0,0,0,9.51579,361,361,0,1,2.45175,2.45175,1830,367,0,1235,0,0,0,0,0,1337,1627.81,2.40137,3.52742,168488,8,29433,486,464433,32,117732,1944,32,4,644756,1319142,20632192,5276568,25908760,4,4,12,4,4,4,0,20,20,20260807,5,1,1,1,0,0,0,6333,0.263875,1,0.0015,0
1309,11742.7,6,0,2.16292,3.71571,0,0,0,5.87863,361,361,0,1,2.45175,2.45175,1830,367,0,1235,0,0,0,0,0,1337,1627.81,2.40137,3.52742,168488,8,29433,486,464433,32,117732,1944,32,4,644756,1319142,20632192,5276568,25908760,4,4,12,4,4,4,0,20,20,20260807,5,1,1,1,0,0,0,6333,0.263875,1,0.0015,0
1310,11753.5,11,0,2.25296,8.43296,0,0,0,10.6859,361,361,0,1,2.45175,2.45175,1830,367,0,1235,0,0,0,0,0,1337,1627.81,2.40137,3.52742,168488,8,29433,486,464433,32,117732,1944,32,4,644756,1319142,20632192,5276568,25908760,4,4,12,4,4,4,0,20,20,20260807,5,1,1,1,0,0,0,6334,0.263917,1,0.0015,1
1311,11760.8,7,0,2.07746,5.19375,0,0,0,7.27121,361,361,0,1,2.45175,2.45175,1830,367,0,1235,0,0,0,0,0,1337,1627.81,2.40137,3.52742,168488,8,29433,486,464433,32,117732,1944,32,4,644756,1319142,20632192,5276568,25908760,4,4,12,4,4,4,0,20,20,20260807,5,1,1,1,0,0,0,6334,0.263917,1,0.0015,0
1312,11770.2,10,0,2.13117,7.10071,0,0,0,9.23188,361,361,0,1,2.45175,2.45175,1830,367,0,1235,0,0,0,0,0,1337,1627.81,2.40137,3.52742,168488,8,29433,486,464433,32,117732,1944,32,4,644756,1319142,20632192,5276568,25908760,4,4,12,4,4,4,0,20,20,20260807,5,1,1,1,0,0,0,6334,0.263917,1,0.0015,0
1313,11776.3,6,0,2.08537,3.93283,0,0,0,6.01821,361,361,0,1,2.45175,2.45175,1830,367,0,1235,0,0,0,0,0,1337,1627.81,2.40137,3.52742,168488,8,29433,486,464433,32,117732,1944,32,4,644756,1319142,20632192,5276568,25908760,4,4,12,4,4,4,0,20,20,20260807,5,1,1,1,0,0,0,6334,0.263917,1,0.0015,0
1314,11786.9,10,0,2.02267,7.79437,0,0,0,9.81704,361,361,0,1,2.45175,2.45175,1830,367,0,1235,0,0,0,0,0,1337,1627.81,2.40137,3.52742,168488,8,29433,486,464433,32,117732,1944,32,4,644756,1319142,20632192,5276568,25908760,4,4,12,4,4,4,0,20,20,20260807,5,1,1,1,0,0,0,6334,0.263917,1,0.0015,0
1315,11793.4,7,0,2.14967,4.33571,0,0,0,6.48538,361,361,0,1,2.45175,2.45175,1830,367,0,1235,0,0,0,0,0,1337,1627.81,2.40137,3.52742,168488,8,29433,486,464433,32,117732,1944,32,4,644756,1319142,20632192,5276568,25908760,4,4,12,4,4,4,0,20,20,20260807,5,1,1,1,0,0,0,6334,0.263917,1,0.0015,0
1316,11803.7,10,0,2.31933,7.91038,0,0,0,10.2297,361,361,0,1,2.45175,2.45175,1830,367,0,1235,0,0,0,0,0,1337,1627.81,2.40137,3.52742,168488,8,29433,486,464433,32,117732,1944,32,4,644756,1319142,20632192,5276568,25908760,4,4,12,4,4,4,0,20,20,20260807,5,1,1,1,0,0,0,6335,0.263958,1,0.0015,1
1317,11809.5,6,0,2.1105,3.59096,0,0,0,5.70146,361,361,0,1,2.45175,2.45175,1830,367,0,1235,0,0,0,0,0,1337,1627.81,2.40137,3.52742,168488,8,29433,486,464433,32,117732,1944,32,4,644756,1319142,20632192,5276568,25908760,4,4,12,4,4,4,0,20,20,20260807,5,1,1,1,0,0,0,6335,0.263958,1,0.0015,0
1318,11820.1,11,0,2.24704,8.26479,0,0,0,10.5118,361,361,0,1,2.45175,2.45175,1830,367,0,1235,0,0,0,0,0,1337,1627.81,2.40137,3.52742,168488,8,29433,486,464433,32,117732,1944,32,4,644756,1319142,20632192,5276568,25908760,4,4,12,4,4,4,0,20,20,20260807,5,1,1,1,0,0,0,6335,0.263958,1,0.0015,0
1319,11825.3,5,0,2.16779,2.94167,0,0,0,5.10946,361,361,0,1,2.45175,2.45175,1830,367,0,1235,0,0,0,0,0,1337,1627.81,2.40137,3.52742,168488,8,29433,486,464433,32,117732,1944,32,4,644756,1319142,20632192,5276568,25908760,4,4,12,4,4,4,0,20,20,20260807,5,1,1,1,0,0,0,6335,0.263958,1,0.0015,0
1320,11838.8,13,0,2.33058,11.0138,0,0,0,13.3444,361,361,0,1,2.45175,2.45175,1830,367,0,1235,0,0,0,0,0,1337,1627.81,2.40137,3.52742,168488,8,29433,486,464433,32,117732,1944,32,4,644756,1319142,20632192,5276568,25908760,4,4,12,4,4,4,0,20,20,20260807,5,1,1,1,0,0,0,6335,0.263958,1,0.0015,0
1321,11844,6,0,2.12525,3.052,0,0,0,5.17725,361,361,0,1,2.45175,2.45175,1830,367,0,1235,0,0,0,0,0,1337,1627.81,2.40137,3.52742,168488,8,29433,486,464433,32,117732,1944,32,4,644756,1319142,20632192,5276568,25908760,4,4,12,4,4,4,0,20,20,20260807,5,1,1,1,0,0,0,6336,0.264,1,0.0015,1
1322,11854.1,10,0,2.27421,7.67467,0,0,0,9.94887,361,361,0,1,2.45175,2.45175,1830,367,0,1235,0,0,0,0,0,1337,1627.81,2.40137,3.52742,168488,8,29433,486,464433,32,117732,1944,32,4,644756,1319142,20632192,5276568,25908760,4,4,12,4,4,4,0,20,20,20260807,5,1,1,1,0,0,0,6336,0.264,1,0.0015,0
1323,11859.4,5,0,2.19413,3.02592,0,0,0,5.22004,361,361,0,1,2.45175,2.45175,1830,367,0,1235,0,0,0,0,0,1337,1627.81,2.40137,3.52742,168488,8,29433,486,464433,32,117732,1944,32,4,644756,1319142,20632192,5276568,25908760,4,4,12,4,4,4,0,20,20,20260807,5,1,1,1,0,0,0,6336,0.264,1,0.0015,0
1324,11870.1,11,0,2.36738,8.33042,0,0,0,10.6978,361,361,0,1,2.45175,2.45175,1830,367,0,1235,0,0,0,0,0,1337,1627.81,2.40137,3.52742,168488,8,29433,486,464433,32,117732,1944,32,4,644756,1319142,20632192,5276568,25908760,4,4,12,4,4,4,0,20,20,20260807,5,1,1,1,0,0,0,6336,0.264,1,0.0015,0
1325,11889.3,19,0,2.15354,16.9007,0,0,0,19.0542,361,361,0,1,2.45175,2.45175,1830,367,0,1235,0,0,0,0,0,1337,1627.81,2.40137,3.52742,168488,8,29433,486,464433,32,117732,1944,32,4,644756,1319142,20632192,5276568,25908760,4,4,12,4,4,4,0,20,20,20260807,5,1,1,1,0,0,0,6336,0.264,1,0.0015,0
1326,11904.4,15,0,4.03883,11.0413,0,0,0,15.0802,361,361,0,1,2.45175,2.45175,1830,367,0,1235,0,0,0,0,0,1337,1627.81,2.40137,3.52742,168488,8,29433,486,464433,32,117732,1944,32,4,644756,1319142,20632192,5276568,25908760,4,4,12,4,4,4,0,20,20,20260807,5,1,1,1,0,0,0,6337,0.264042,1,0.0015,1
1327,11911.1,7,0,2.13104,4.45521,0,0,0,6.58625,361,361,0,1,2.45175,2.45175,1830,367,0,1235,0,0,0,0,0,1337,1627.81,2.40137,3.52742,168488,8,29433,486,464433,32,117732,1944,32,4,644756,1319142,20632192,5276568,25908760,4,4,12,4,4,4,0,20,20,20260807,5,1,1,1,0,0,0,6337,0.264042,1,0.0015,0
1328,11921.2,10,0,2.22521,7.76508,0,0,0,9.99029,361,361,0,1,2.45175,2.45175,1830,367,0,1235,0,0,0,0,0,1337,1627.81,2.40137,3.52742,168488,8,29433,486,464433,32,117732,1944,32,4,644756,1319142,20632192,5276568,25908760,4,4,12,4,4,4,0,20,20,20260807,5,1,1,1,0,0,0,6337,0.264042,1,0.0015,0
1329,11927.5,6,0,2.17375,4.07146,0,0,0,6.24521,361,361,0,1,2.45175,2.45175,1830,367,0,1235,0,0,0,0,0,1337,1627.81,2.40137,3.52742,168488,8,29433,486,464433,32,117732,1944,32,4,644756,1319142,20632192,5276568,25908760,4,4,12,4,4,4,0,20,20,20260807,5,1,1,1,0,0,0,6337,0.264042,1,0.0015,0
1330,11938.4,11,0,2.16804,8.61667,0,0,0,10.7847,361,361,0,1,2.45175,2.45175,1830,367,0,1235,0,0,0,0,0,1337,1627.81,2.40137,3.52742,168488,8,29433,486,464433,32,117732,1944,32,4,644756,1319142,20632192,5276568,25908760,4,4,12,4,4,4,0,20,20,20260807,5,1,1,1,0,0,0,6337,0.264042,1,0.0015,0
1331,11944.6,6,0,2.24904,3.88033,0,0,0,6.12937,361,361,0,1,2.45175,2.45175,1830,367,0,1235,0,0,0,0,0,1337,1627.81,2.40137,3.52742,168488,8,29433,486,464433,32,117732,1944,32,4,644756,1319142,20632192,5276568,25908760,4,4,12,4,4,4,0,20,20,20260807,5,1,1,1,0,0,0,6338,0.264083,1,0.0015,1
1332,11955.4,11,0,2.33838,8.37358,0,0,0,10.712,361,361,0,1,2.45175,2.45175,1830,367,0,1235,0,0,0,0,0,1337,1627.81,2.40137,3.52742,168488,8,29433,486,464433,32,117732,1944,32,4,644756,1319142,20632192,5276568,25908760,4,4,12,4,4,4,0,20,20,20260807,5,1,1,1,0,0,0,6338,0.264083,1,0.0015,0
1333,11971,15,0,2.12025,13.377,0,0,0,15.4972,361,361,0,1,2.45175,2.45175,1830,367,0,1235,0,0,0,0,0,1337,1627.81,2.40137,3.52742,168488,8,29433,486,464433,32,117732,1944,32,4,644756,1319142,20632192,5276568,25908760,4,4,12,4,4,4,0,20,20,20260807,5,1,1,1,0,0,0,6338,0.264083,1,0.0015,0
1334,11976.6,6,0,2.19392,3.308,0,0,0,5.50192,361,361,0,1,2.45175,2.45175,1830,367,0,1235,0,0,0,0,0,1337,1627.81,2.40137,3.52742,168488,8,29433,486,464433,32,117732,1944,32,4,644756,1319142,20632192,5276568,25908760,4,4,12,4,4,4,0,20,20,20260807,5,1,1,1,0,0,0,6338,0.264083,1,0.0015,0
1335,11989.9,13,0,2.30063,10.908,0,0,0,13.2086,361,361,0,1,2.45175,2.45175,1830,367,0,1235,0,0,0,0,0,1337,1627.81,2.40137,3.52742,168488,8,29433,486,464433,32,117732,1944,32,4,644756,1319142,20632192,5276568,25908760,4,4,12,4,4,4,0,20,20,20260807,5,1,1,1,0,0,0,6338,0.264083,1,0.0015,0
1336,12015.5,26,0,2.16138,23.3022,0,0,0,25.4635,361,361,0,1,2.45175,2.45175,1830,367,0,1235,0,0,0,0,0,1337,1627.81,2.40137,3.52742,168488,8,29433,486,464433,32,117732,1944,32,4,644756,1319142,20632192,5276568,25908760,4,4,12,4,4,4,0,20,20,20260807,5,1,1,1,0,0,0,6339,0.264125,1,0.0015,1
1337,12023.7,8,0,2.17283,5.93621,0,0,0,8.10904,361,361,0,1,2.45175,2.45175,1830,367,0,1235,0,0,0,0,0,1337,1627.81,2.40137,3.52742,168488,8,29433,486,464433,32,117732,1944,32,4,644756,1319142,20632192,5276568,25908760,4,4,12,4,4,4,0,20,20,20260807,5,1,1,1,0,0,0,6339,0.264125,1,0.0015,0
1338,12038.5,14,0,2.16371,12.5672,0,0,0,14.7309,361,361,0,1,2.45175,2.45175,1830,367,0,1235,0,0,0,0,0,1337,1627.81,2.40137,3.52742,168488,8,29433,486,464433,32,117732,1944,32,4,644756,1319142,20632192,5276568,25908760,4,4,12,4,4,4,0,20,20,20260807,5,1,1,1,0,0,0,6339,0.264125,1,0.0015,0
1339,12045.7,7,0,2.05867,5.08042,0,0,0,7.13908,361,361,0,1,2.45175,2.45175,1830,367,0,1235,0,0,0,0,0,1337,1627.81,2.40137,3.52742,168488,8,29433,486,464433,32,117732,1944,32,4,644756,1319142,20632192,5276568,25908760,4,4,12,4,4,4,0,20,20,20260807,5,1,1,1,0,0,0,6339,0.264125,1,0.0015,0
1340,12053.8,8,0,2.16737,5.85317,0,0,0,8.02054,361,361,0,1,2.45175,2.45175,1830,367,0,1235,0,0,0,0,0,1337,1627.81,2.40137,3.52742,168488,8,29433,486,464433,32,117732,1944,32,4,644756,1319142,20632192,5276568,25908760,4,4,12,4,4,4,0,20,20,20260807,5,1,1,1,0,0,0,6340,0.264167,1,0.0015,1
1341,12059.2,6,0,2.27333,3.02258,0,0,0,5.29592,361,361,0,1,2.45175,2.45175,1830,367,0,1235,0,0,0,0,0,1337,1627.81,2.40137,3.52742,168488,8,29433,486,464433,32,117732,1944,32,4,644756,1319142,20632192,5276568,25908760,4,4,12,4,4,4,0,20,20,20260807,5,1,1,1,0,0,0,6340,0.264167,1,0.0015,0
1342,12070.4,11,0,2.422,8.67033,0,0,0,11.0923,361,361,0,1,2.45175,2.45175,1830,367,0,1235,0,0,0,0,0,1337,1627.81,2.40137,3.52742,168488,8,29433,486,464433,32,117732,1944,32,4,644756,1319142,20632192,5276568,25908760,4,4,12,4,4,4,0,20,20,20260807,5,1,1,1,0,0,0,6340,0.264167,1,0.0015,0
1343,12075.6,5,0,2.19842,2.94758,0,0,0,5.146,361,361,0,1,2.45175,2.45175,1830,367,0,1235,0,0,0,0,0,1337,1627.81,2.40137,3.52742,168488,8,29433,486,464433,32,117732,1944,32,4,644756,1319142,20632192,5276568,25908760,4,4,12,4,4,4,0,20,20,20260807,5,1,1,1,0,0,0,6340,0.264167,1,0.0015,0
1344,12090,15,0,2.78367,11.5509,0,0,0,14.3346,361,361,0,1,2.45175,2.45175,1830,367,0,1235,0,0,0,0,0,1337,1627.81,2.40137,3.52742,168488,8,29433,486,464433,32,117732,1944,32,4,644756,1319142,20632192,5276568,25908760,4,4,12,4,4,4,0,20,20,20260807,5,1,1,1,0,0,0,6340,0.264167,1,0.0015,0
1345,12096.9,6,0,3.10742,3.70108,0,0,0,6.8085,361,361,0,1,2.45175,2.45175,1830,367,0,1235,0,0,0,0,0,1337,1627.81,2.40137,3.52742,168488,8,29433,486,464433,32,117732,1944,32,4,644756,1319142,20632192,5276568,25908760,4,4,12,4,4,4,0,20,20,20260807,5,1,1,1,0,0,0,6341,0.264208,1,0.0015,1
1346,12103.6,7,0,2.13583,4.44979,0,0,0,6.58563,361,361,0,1,2.45175,2.45175,1830,367,0,1235,0,0,0,0,0,1337,1627.81,2.40137,3.52742,168488,8,29433,486,464433,32,117732,1944,32,4,644756,1319142,20632192,5276568,25908760,4,4,12,4,4,4,0,20,20,20260807,5,1,1,1,0,0,0,6341,0.264208,1,0.0015,0
1347,12110.5,7,0,2.19708,4.65637,0,0,0,6.85346,361,361,0,1,2.45175,2.45175,1830,367,0,1235,0,0,0,0,0,1337,1627.81,2.40137,3.52742,168488,8,29433,486,464433,32,117732,1944,32,4,644756,1319142,20632192,5276568,25908760,4,4,12,4,4,4,0,20,20,20260807,5,1,1,1,0,0,0,6341,0.264208,1,0.0015,0
1348,12120.6,10,0,2.152,7.86954,0,0,0,10.0215,361,361,0,1,2.45175,2.45175,1830,367,0,1235,0,0,0,0,0,1337,1627.81,2.40137,3.52742,168488,8,29433,486,464433,32,117732,1944,32,4,644756,1319142,20632192,5276568,25908760,4,4,12,4,4,4,0,20,20,20260807,5,1,1,1,0,0,0,6341,0.264208,1,0.0015,0
1349,12126.6,6,0,2.14379,3.72529,0,0,0,5.86908,361,361,0,1,2.45175,2.45175,1830,367,0,1235,0,0,0,0,0,1337,1627.81,2.40137,3.52742,168488,8,29433,486,464433,32,117732,1944,32,4,644756,1319142,20632192,5276568,25908760,4,4,12,4,4,4,0,20,20,20260807,5,1,1,1,0,0,0,6341,0.264208,1,0.0015,0
1350,12139.2,13,0,2.14433,10.344,0,0,0,12.4883,361,361,0,1,2.45175,2.45175,1830,367,0,1235,0,0,0,0,0,1337,1627.81,2.40137,3.52742,168488,8,29433,486,464433,32,117732,1944,32,4,644756,1319142,20632192,5276568,25908760,4,4,12,4,4,4,0,20,20,20260807,5,1,1,1,0,0,0,6341,0.264208,1,0.0015,0
1351,12144.9,5,0,2.14029,3.50612,0,0,0,5.64642,361,361,0,1,2.45175,2.45175,1830,367,0,1235,0,0,0,0,0,1337,1627.81,2.40137,3.52742,168488,8,29433,486,464433,32,117732,1944,32,4,644756,1319142,20632192,5276568,25908760,4,4,12,4,4,4,0,20,20,20260807,5,1,1,1,0,0,0,6342,0.26425,1,0.0015,1
1352,12154.6,10,0,2.17179,7.41263,0,0,0,9.58442,361,361,0,1,2.45175,2.45175,1830,367,0,1235,0,0,0,0,0,1337,1627.81,2.40137,3.52742,168488,8,29433,486,464433,32,117732,1944,32,4,644756,1319142,20632192,5276568,25908760,4,4,12,4,4,4,0,20,20,20260807,5,1,1,1,0,0,0,6342,0.26425,1,0.0015,0
1353,12170.8,16,0,2.06958,14.0695,0,0,0,16.1391,361,361,0,1,2.45175,2.45175,1830,367,0,1235,0,0,0,0,0,1337,1627.81,2.40137,3.52742,168488,8,29433,486,464433,32,117732,1944,32,4,644756,1319142,20632192,5276568,25908760,4,4,12,4,4,4,0,20,20,20260807,5,1,1,1,0,0,0,6342,0.26425,1,0.0015,0
1354,12176,6,0,2.13579,3.02038,0,0,0,5.15617,361,361,0,1,2.45175,2.45175,1830,367,0,1235,0,0,0,0,0,1337,1627.81,2.40137,3.52742,168488,8,29433,486,464433,32,117732,1944,32,4,644756,1319142,20632192,5276568,25908760,4,4,12,4,4,4,0,20,20,20260807,5,1,1,1,0,0,0,6342,0.26425,1,0.0015,0
1355,12190.2,14,0,2.50692,11.6106,0,0,0,14.1175,361,361,0,1,2.45175,2.45175,1830,367,0,1235,0,0,0,0,0,1337,1627.81,2.40137,3.52742,168488,8,29433,486,464433,32,117732,1944,32,4,644756,1319142,20632192,5276568,25908760,4,4,12,4,4,4,0,20,20,20260807,5,1,1,1,0,0,0,6342,0.26425,1,0.0015,0
1356,12196.1,6,0,2.11629,3.70025,0,0,0,5.81654,361,361,0,1,2.45175,2.45175,1830,367,0,1235,0,0,0,0,0,1337,1627.81,2.40137,3.52742,168488,8,29433,486,464433,32,117732,1944,32,4,644756,1319142,20632192,5276568,25908760,4,4,12,4,4,4,0,20,20,20260807,5,1,1,1,0,0,0,6343,0.264292,1,0.0015,1
1357,12204.3,8,0,2.13954,5.98171,0,0,0,8.12125,361,361,0,1,2.45175,2.45175,1830,367,0,1235,0,0,0,0,0,1337,1627.81,2.40137,3.52742,168488,8,29433,486,464433,32,117732,1944,32,4,644756,1319142,20632192,5276568,25908760,4,4,12,4,4,4,0,20,20,20260807,5,1,1,1,0,0,0,6343,0.264292,1,0.0015,0
1358,12225.2,21,0,2.04125,18.7715,0,0,0,20.8128,361,361,0,1,2.45175,2.45175,1830,367,0,1235,0,0,0,0,0,1337,1627.81,2.40137,3.52742,168488,8,29433,486,464433,32,117732,1944,32,4,644756,1319142,20632192,5276568,25908760,4,4,12,4,4,4,0,20,20,20260807,5,1,1,1,0,0,0,6343,0.264292,1,0.0015,0
1359,12230.7,5,0,2.26562,3.08363,0,0,0,5.34925,361,361,0,1,2.45175,2.45175,1830,367,0,1235,0,0,0,0,0,1337,1627.81,2.40137,3.52742,168488,8,29433,486,464433,32,117732,1944,32,4,644756,1319142,20632192,5276568,25908760,4,4,12,4,4,4,0,20,20,20260807,5,1,1,1,0,0,0,6343,0.264292,1,0.0015,0
1360,12238.3,8,0,2.11079,5.40658,0,0,0,7.51738,361,361,0,1,2.45175,2.45175,1830,367,0,1235,0,0,0,0,0,1337,1627.81,2.40137,3.52742,168488,8,29433,486,464433,32,117732,1944,32,4,644756,1319142,20632192,5276568,25908760,4,4,12,4,4,4,0,20,20,20260807,5,1,1,1,0,0,0,6343,0.264292,1,0.0015,0
1361,12243.4,5,0,2.09813,2.92467,0,0,0,5.02279,361,361,0,1,2.45175,2.45175,1830,367,0,1235,0,0,0,0,0,1337,1627.81,2.40137,3.52742,168488,8,29433,486,464433,32,117732,1944,32,4,644756,1319142,20632192,5276568,25908760,4,4,12,4,4,4,0,20,20,20260807,5,1,1,1,0,0,0,6343,0.264292,1,0.0015,0
1362,12256,13,0,2.38362,10.22,0,0,0,12.6037,361,361,0,1,2.45175,2.45175,1830,367,0,1235,0,0,0,0,0,1337,1627.81,2.40137,3.52742,168488,8,29433,486,464433,32,117732,1944,32,4,644756,1319142,20632192,5276568,25908760,4,4,12,4,4,4,0,20,20,20260807,5,1,1,1,0,0,0,6344,0.264333,1,0.0015,1
1363,12271.5,15,0,2.0195,13.2971,0,0,0,15.3166,361,361,0,1,2.45175,2.45175,1830,367,0,1235,0,0,0,0,0,1337,1627.81,2.40137,3.52742,168488,8,29433,486,464433,32,117732,1944,32,4,644756,1319142,20632192,5276568,25908760,4,4,12,4,4,4,0,20,20,20260807,5,1,1,1,0,0,0,6344,0.264333,1,0.0015,0
1364,12277.7,6,0,2.11888,4.00546,0,0,0,6.12433,361,361,0,1,2.45175,2.45175,1830,367,0,1235,0,0,0,0,0,1337,1627.81,2.40137,3.52742,168488,8,29433,486,464433,32,117732,1944,32,4,644756,1319142,20632192,5276568,25908760,4,4,12,4,4,4,0,20,20,20260807,5,1,1,1,0,0,0,6344,0.264333,1,0.0015,0
1365,12286.9,10,0,2.12775,6.983,0,0,0,9.11075,361,361,0,1,2.45175,2.45175,1830,367,0,1235,0,0,0,0,0,1337,1627.81,2.40137,3.52742,168488,8,29433,486,464433,32,117732,1944,32,4,644756,1319142,20632192,5276568,25908760,4,4,12,4,4,4,0,20,20,20260807,5,1,1,1,0,0,0,6344,0.264333,1,0.0015,0
1366,12292.1,6,0,2.18083,2.99925,0,0,0,5.18008,361,361,0,1,2.45175,2.45175,1830,367,0,1235,0,0,0,0,0,1337,1627.81,2.40137,3.52742,168488,8,29433,486,464433,32,117732,1944,32,4,644756,1319142,20632192,5276568,25908760,4,4,12,4,4,4,0,20,20,20260807,5,1,1,1,0,0,0,6344,0.264333,1,0.0015,0
1367,12303.7,11,0,2.34933,9.15504,0,0,0,11.5044,361,361,0,1,2.45175,2.45175,1830,367,0,1235,0,0,0,0,0,1337,1627.81,2.40137,3.52742,168488,8,29433,486,464433,32,117732,1944,32,4,644756,1319142,20632192,5276568,25908760,4,4,12,4,4,4,0,20,20,20260807,5,1,1,1,0,0,0,6345,0.264375,1,0.0015,1
1368,12309,5,0,2.15496,3.00083,0,0,0,5.15579,361,361,0,1,2.45175,2.45175,1830,367,0,1235,0,0,0,0,0,1337,1627.81,2.40137,3.52742,168488,8,29433,486,464433,32,117732,1944,32,4,644756,1319142,20632192,5276568,25908760,4,4,12,4,4,4,0,20,20,20260807,5,1,1,1,0,0,0,6345,0.264375,1,0.0015,0
1369,12321.6,13,0,2.69654,9.90362,0,0,0,12.6002,361,361,0,1,2.45175,2.45175,1830,367,0,1235,0,0,0,0,0,1337,1627.81,2.40137,3.52742,168488,8,29433,486,464433,32,117732,1944,32,4,644756,1319142,20632192,5276568,25908760,4,4,12,4,4,4,0,20,20,20260807,5,1,1,1,0,0,0,6345,0.264375,1,0.0015,0
1370,12337.6,16,0,2.08608,13.79,0,0,0,15.8761,361,361,0,1,2.45175,2.45175,1830,367,0,1235,0,0,0,0,0,1337,1627.81,2.40137,3.52742,168488,8,29433,486,464433,32,117732,1944,32,4,644756,1319142,20632192,5276568,25908760,4,4,12,4,4,4,0,20,20,20260807,5,1,1,1,0,0,0,6345,0.264375,1,0.0015,0
1371,12342.6,5,0,2.054,2.90037,0,0,0,4.95437,361,361,0,1,2.45175,2.45175,1830,367,0,1235,0,0,0,0,0,1337,1627.81,2.40137,3.52742,168488,8,29433,486,464433,32,117732,1944,32,4,644756,1319142,20632192,5276568,25908760,4,4,12,4,4,4,0,20,20,20260807,5,1,1,1,0,0,0,6345,0.264375,1,0.0015,0
1372,12355.1,13,0,2.71304,9.64633,0,0,0,12.3594,361,361,0,1,2.45175,2.45175,1830,367,0,1235,0,0,0,0,0,1337,1627.81,2.40137,3.52742,168488,8,29433,486,464433,32,117732,1944,32,4,644756,1319142,20632192,5276568,25908760,4,4,12,4,4,4,0,20,20,20260807,5,1,1,1,0,0,0,6346,0.264417,1,0.0015,1
1373,12370.7,15,0,2.12133,13.4186,0,0,0,15.5399,361,361,0,1,2.45175,2.45175,1830,367,0,1235,0,0,0,0,0,1337,1627.81,2.40137,3.52742,168488,8,29433,486,464433,32,117732,1944,32,4,644756,1319142,20632192,5276568,25908760,4,4,12,4,4,4,0,20,20,20260807,5,1,1,1,0,0,0,6346,0.264417,1,0.0015,0
1374,12376,6,0,2.14058,3.10942,0,0,0,5.25,361,361,0,1,2.45175,2.45175,1830,367,0,1235,0,0,0,0,0,1337,1627.81,2.40137,3.52742,168488,8,29433,486,464433,32,117732,1944,32,4,644756,1319142,20632192,5276568,25908760,4,4,12,4,4,4,0,20,20,20260807,5,1,1,1,0,0,0,6346,0.264417,1,0.0015,0
1375,12388.4,12,0,2.40679,9.91146,0,0,0,12.3183,361,361,0,1,2.45175,2.45175,1830,367,0,1235,0,0,0,0,0,1337,1627.81,2.40137,3.52742,168488,8,29433,486,464433,32,117732,1944,32,4,644756,1319142,20632192,5276568,25908760,4,4,12,4,4,4,0,20,20,20260807,5,1,1,1,0,0,0,6346,0.264417,1,0.0015,0
1376,12405.5,17,0,2.13383,14.8354,0,0,0,16.9692,361,361,0,1,2.45175,2.45175,1830,367,0,1235,0,0,0,0,0,1337,1627.81,2.40137,3.52742,168488,8,29433,486,464433,32,117732,1944,32,4,644756,1319142,20632192,5276568,25908760,4,4,12,4,4,4,0,20,20,20260807,5,1,1,1,0,0,0,6347,0.264458,1,0.0015,1
1377,12411.6,6,0,2.09971,3.92021,0,0,0,6.01992,361,361,0,1,2.45175,2.45175,1830,367,0,1235,0,0,0,0,0,1337,1627.81,2.40137,3.52742,168488,8,29433,486,464433,32,117732,1944,32,4,644756,1319142,20632192,5276568,25908760,4,4,12,4,4,4,0,20,20,20260807,5,1,1,1,0,0,0,6347,0.264458,1,0.0015,0
1378,12420.2,9,0,2.133,6.40963,0,0,0,8.54262,361,361,0,1,2.45175,2.45175,1830,367,0,1235,0,0,0,0,0,1337,1627.81,2.40137,3.52742,168488,8,29433,486,464433,32,117732,1944,32,4,644756,1319142,20632192,5276568,25908760,4,4,12,4,4,4,0,20,20,20260807,5,1,1,1,0,0,0,6347,0.264458,1,0.0015,0
1379,12425.9,5,0,2.17492,3.43667,0,0,0,5.61158,361,361,0,1,2.45175,2.45175,1830,367,0,1235,0,0,0,0,0,1337,1627.81,2.40137,3.52742,168488,8,29433,486,464433,32,117732,1944,32,4,644756,1319142,20632192,5276568,25908760,4,4,12,4,4,4,0,20,20,20260807,5,1,1,1,0,0,0,6347,0.264458,1,0.0015,0
1380,12439.1,14,0,2.32358,10.7576,0,0,0,13.0812,361,361,0,1,2.45175,2.45175,1830,367,0,1235,0,0,0,0,0,1337,1627.81,2.40137,3.52742,168488,8,29433,486,464433,32,117732,1944,32,4,644756,1319142,20632192,5276568,25908760,4,4,12,4,4,4,0,20,20,20260807,5,1,1,1,0,0,0,6347,0.264458,1,0.0015,0
1381,12448.6,9,0,2.18342,7.21229,0,0,0,9.39571,361,361,0,1,2.45175,2.45175,1830,367,0,1235,0,0,0,0,0,1337,1627.81,2.40137,3.52742,168488,8,29433,486,464433,32,117732,1944,32,4,644756,1319142,20632192,5276568,25908760,4,4,12,4,4,4,0,20,20,20260807,5,1,1,1,0,0,0,6348,0.2645,1,0.0015,1
1382,12458.7,10,0,6.83387,3.21533,0,0,0,10.0492,361,361,0,1,2.45175,2.45175,1830,367,0,1235,0,0,0,0,0,1337,1627.81,2.40137,3.52742,168488,8,29433,486,464433,32,117732,1944,32,4,644756,1319142,20632192,5276568,25908760,4,4,12,4,4,4,0,20,20,20260807,5,1,1,1,0,0,0,6348,0.2645,1,0.0015,0
1383,12470.8,12,0,2.41954,9.56979,0,0,0,11.9893,361,361,0,1,2.45175,2.45175,1830,367,0,1235,0,0,0,0,0,1337,1627.81,2.40137,3.52742,168488,8,29433,486,464433,32,117732,1944,32,4,644756,1319142,20632192,5276568,25908760,4,4,12,4,4,4,0,20,20,20260807,5,1,1,1,0,0,0,6348,0.2645,1,0.0015,0
1384,12476.1,6,0,2.18938,3.06462,0,0,0,5.254,361,361,0,1,2.45175,2.45175,1830,367,0,1235,0,0,0,0,0,1337,1627.81,2.40137,3.52742,168488,8,29433,486,464433,32,117732,1944,32,4,644756,1319142,20632192,5276568,25908760,4,4,12,4,4,4,0,20,20,20260807,5,1,1,1,0,0,0,6348,0.2645,1,0.0015,0
1385,12487,11,0,3.41942,7.44754,0,0,0,10.867,361,361,0,1,2.45175,2.45175,1830,367,0,1235,0,0,0,0,0,1337,1627.81,2.40137,3.52742,168488,8,29433,486,464433,32,117732,1944,32,4,644756,1319142,20632192,5276568,25908760,4,4,12,4,4,4,0,20,20,20260807,5,1,1,1,0,0,0,6348,0.2645,1,0.0015,0
1386,12492.6,5,0,2.16375,3.35071,0,0,0,5.51446,361,361,0,1,2.45175,2.45175,1830,367,0,1235,0,0,0,0,0,1337,1627.81,2.40137,3.52742,168488,8,29433,486,464433,32,117732,1944,32,4,644756,1319142,20632192,5276568,25908760,4,4,12,4,4,4,0,20,20,20260807,5,1,1,1,0,0,0,6348,0.2645,1,0.0015,0
1387,12503.6,11,0,2.31529,8.58308,0,0,0,10.8984,361,361,0,1,2.45175,2.45175,1830,367,0,1235,0,0,0,0,0,1337,1627.81,2.40137,3.52742,168488,8,29433,486,464433,32,117732,1944,32,4,644756,1319142,20632192,5276568,25908760,4,4,12,4,4,4,0,20,20,20260807,5,1,1,1,0,0,0,6349,0.264542,1,0.0015,1
1388,12509,6,0,2.14517,3.13192,0,0,0,5.27708,361,361,0,1,2.45175,2.45175,1830,367,0,1235,0,0,0,0,0,1337,1627.81,2.40137,3.52742,168488,8,29433,486,464433,32,117732,1944,32,4,644756,1319142,20632192,5276568,25908760,4,4,12,4,4,4,0,20,20,20260807,5,1,1,1,0,0,0,6349,0.264542,1,0.0015,0
1389,12520.3,11,0,2.28683,8.96458,0,0,0,11.2514,361,361,0,1,2.45175,2.45175,1830,367,0,1235,0,0,0,0,0,1337,1627.81,2.40137,3.52742,168488,8,29433,486,464433,32,117732,1944,32,4,644756,1319142,20632192,5276568,25908760,4,4,12,4,4,4,0,20,20,20260807,5,1,1,1,0,0,0,6349,0.264542,1,0.0015,0
1390,12526.5,6,0,2.12204,3.94429,0,0,0,6.06633,361,361,0,1,2.45175,2.45175,1830,367,0,1235,0,0,0,0,0,1337,1627.81,2.40137,3.52742,168488,8,29433,486,464433,32,117732,1944,32,4,644756,1319142,20632192,5276568,25908760,4,4,12,4,4,4,0,20,20,20260807,5,1,1,1,0,0,0,6349,0.264542,1,0.0015,0
1391,12540.1,14,0,2.23733,11.1657,0,0,0,13.403,361,361,0,1,2.45175,2.45175,1830,367,0,1235,0,0,0,0,0,1337,1627.81,2.40137,3.52742,168488,8,29433,486,464433,32,117732,1944,32,4,644756,1319142,20632192,5276568,25908760,4,4,12,4,4,4,0,20,20,20260807,5,1,1,1,0,0,0,6349,0.264542,1,0.0015,0
1392,12546,6,0,2.13338,3.73004,0,0,0,5.86342,361,361,0,1,2.45175,2.45175,1830,367,0,1235,0,0,0,0,0,1337,1627.81,2.40137,3.52742,168488,8,29433,486,464433,32,117732,1944,32,4,644756,1319142,20632192,5276568,25908760,4,4,12,4,4,4,0,20,20,20260807,5,1,1,1,0,0,0,6350,0.264583,1,0.0015,1
1393,12553.6,7,0,2.06133,5.44825,0,0,0,7.50958,361,361,0,1,2.45175,2.45175,1830,367,0,1235,0,0,0,0,0,1337,1627.81,2.40137,3.52742,168488,8,29433,486,464433,32,117732,1944,32,4,644756,1319142,20632192,5276568,25908760,4,4,12,4,4,4,0,20,20,20260807,5,1,1,1,0,0,0,6350,0.264583,1,0.0015,0
1394,12560.4,7,0,2.06767,4.63904,0,0,0,6.70671,361,361,0,1,2.45175,2.45175,1830,367,0,1235,0,0,0,0,0,1337,1627.81,2.40137,3.52742,168488,8,29433,486,464433,32,117732,1944,32,4,644756,1319142,20632192,5276568,25908760,4,4,12,4,4,4,0,20,20,20260807,5,1,1,1,0,0,0,6350,0.264583,1,0.0015,0
1395,12570.2,10,0,2.18292,7.52262,0,0,0,9.70554,361,361,0,1,2.45175,2.45175,1830,367,0,1235,0,0,0,0,0,1337,1627.81,2.40137,3.52742,168488,8,29433,486,464433,32,117732,1944,32,4,644756,1319142,20632192,5276568,25908760,4,4,12,4,4,4,0,20,20,20260807,5,1,1,1,0,0,0,6350,0.264583,1,0.0015,0
1396,12576.4,6,0,2.17263,3.97196,0,0,0,6.14458,361,361,0,1,2.45175,2.45175,1830,367,0,1235,0,0,0,0,0,1337,1627.81,2.40137,3.52742,168488,8,29433,486,464433,32,117732,1944,32,4,644756,1319142,20632192,5276568,25908760,4,4,12,4,4,4,0,20,20,20260807,5,1,1,1,0,0,0,6350,0.264583,1,0.0015,0
1397,12586.8,10,0,3.50054,6.82154,0,0,0,10.3221,361,361,0,1,2.45175,2.45175,1830,367,0,1235,0,0,0,0,0,1337,1627.81,2.40137,3.52742,168488,8,29433,486,464433,32,117732,1944,32,4,644756,1319142,20632192,5276568,25908760,4,4,12,4,4,4,0,20,20,20260807,5,1,1,1,0,0,0,6350,0.264583,1,0.0015,0
1398,12593.4,7,0,2.03725,4.44463,0,0,0,6.48187,361,361,0,1,2.45175,2.45175,1830,367,0,1235,0,0,0,0,0,1337,1627.81,2.40137,3.52742,168488,8,29433,486,464433,32,117732,1944,32,4,644756,1319142,20632192,5276568,25908760,4,4,12,4,4,4,0,20,20,20260807,5,1,1,1,0,0,0,6350,0.264583,1,0.0015,0
1399,12603.4,10,0,2.2775,7.61263,0,0,0,9.89012,361,361,0,1,2.45175,2.45175,1830,367,0,1235,0,0,0,0,0,1337,1627.81,2.40137,3.52742,168488,8,29433,486,464433,32,117732,1944,32,4,644756,1319142,20632192,5276568,25908760,4,4,12,4,4,4,0,20,20,20260807,5,1,1,1,0,0,0,6351,0.264625,1,0.0015,1
1400,12609.6,6,0,2.05592,4.07362,0,0,0,6.12954,361,361,0,1,2.45175,2.45175,1830,367,0,1235,0,0,0,0,0,1337,1627.81,2.40137,3.52742,168488,8,29433,486,464433,32,117732,1944,32,4,644756,1319142,20632192,5276568,25908760,4,4,12,4,4,4,0,20,20,20260807,5,1,1,1,0,0,0,6351,0.264625,1,0.0015,0
1401,12620.1,11,0,2.12071,7.15558,0,0,0,9.27629,361,361,0,1,2.45175,2.45175,1830,367,0,1235,0,0,0,0,0,1337,1627.81,2.40137,3.52742,168488,8,29433,486,464433,32,117732,1944,32,4,644756,1319142,20632192,5276568,25908760,4,4,12,4,4,4,0,20,20,20260807,5,1,1,1,0,0,0,6351,0.264625,1,0.0015,0
1402,12626.6,6,0,2.00367,4.47679,0,0,0,6.48046,361,361,0,1,2.45175,2.45175,1830,367,0,1235,0,0,0,0,0,1337,1627.81,2.40137,3.52742,168488,8,29433,486,464433,32,117732,1944,32,4,644756,1319142,20632192,5276568,25908760,4,4,12,4,4,4,0,20,20,20260807,5,1,1,1,0,0,0,6351,0.264625,1,0.0015,0
1403,12636.9,10,0,2.13471,8.04654,0,0,0,10.1813,361,361,0,1,2.45175,2.45175,1830,367,0,1235,0,0,0,0,0,1337,1627.81,2.40137,3.52742,168488,8,29433,486,464433,32,117732,1944,32,4,644756,1319142,20632192,5276568,25908760,4,4,12,4,4,4,0,20,20,20260807,5,1,1,1,0,0,0,6351,0.264625,1,0.0015,0
1404,12642.9,6,0,2.12217,3.86342,0,0,0,5.98558,361,361,0,1,2.45175,2.45175,1830,367,0,1235,0,0,0,0,0,1337,1627.81,2.40137,3.52742,168488,8,29433,486,464433,32,117732,1944,32,4,644756,1319142,20632192,5276568,25908760,4,4,12,4,4,4,0,20,20,20260807,5,1,1,1,0,0,0,6351,0.264625,1,0.0015,0
1405,12653.5,11,0,2.30221,8.15129,0,0,0,10.4535,361,361,0,1,2.45175,2.45175,1830,367,0,1235,0,0,0,0,0,1337,1627.81,2.40137,3.52742,168488,8,29433,486,464433,32,117732,1944,32,4,644756,1319142,20632192,5276568,25908760,4,4,12,4,4,4,0,20,20,20260807,5,1,1,1,0,0,0,6352,0.264667,1,0.0015,1
1406,12660,7,0,2.03492,4.361,0,0,0,6.39592,361,361,0,1,2.45175,2.45175,1830,367,0,1235,0,0,0,0,0,1337,1627.81,2.40137,3.52742,168488,8,29433,486,464433,32,117732,1944,32,4,644756,1319142,20632192,5276568,25908760,4,4,12,4,4,4,0,20,20,20260807,5,1,1,1,0,0,0,6352,0.264667,1,0.0015,0
1407,12670.1,10,0,2.20075,7.86804,0,0,0,10.0688,361,361,0,1,2.45175,2.45175,1830,367,0,1235,0,0,0,0,0,1337,1627.81,2.40137,3.52742,168488,8,29433,486,464433,32,117732,1944,32,4,644756,1319142,20632192,5276568,25908760,4,4,12,4,4,4,0,20,20,20260807,5,1,1,1,0,0,0,6352,0.264667,1,0.0015,0
1408,12676.1,6,0,2.09388,3.812,0,0,0,5.90587,361,361,0,1,2.45175,2.45175,1830,367,0,1235,0,0,0,0,0,1337,1627.81,2.40137,3.52742,168488,8,29433,486,464433,32,117732,1944,32,4,644756,1319142,20632192,5276568,25908760,4,4,12,4,4,4,0,20,20,20260807,5,1,1,1,0,0,0,6352,0.264667,1,0.0015,0
1409,12687,10,0,3.98233,6.77175,0,0,0,10.7541,361,361,0,1,2.45175,2.45175,1830,367,0,1235,0,0,0,0,0,1337,1627.81,2.40137,3.52742,168488,8,29433,486,464433,32,117732,1944,32,4,644756,1319142,20632192,5276568,25908760,4,4,12,4,4,4,0,20,20,20260807,5,1,1,1,0,0,0,6352,0.264667,1,0.0015,0
1410,12696,10,0,2.09721,6.88525,0,0,0,8.98246,361,361,0,1,2.45175,2.45175,1830,367,0,1235,0,0,0,0,0,1337,1627.81,2.40137,3.52742,168488,8,29433,486,464433,32,117732,1944,32,4,644756,1319142,20632192,5276568,25908760,4,4,12,4,4,4,0,20,20,20260807,5,1,1,1,0,0,0,6352,0.264667,1,0.0015,0
1411,12703.5,7,0,2.15825,5.26683,0,0,0,7.42508,361,361,0,1,2.45175,2.45175,1830,367,0,1235,0,0,0,0,0,1337,1627.81,2.40137,3.52742,168488,8,29433,486,464433,32,117732,1944,32,4,644756,1319142,20632192,5276568,25908760,4,4,12,4,4,4,0,20,20,20260807,5,1,1,1,0,0,0,6353,0.264708,1,0.0015,1
1412,12709.8,6,0,2.21342,3.99512,0,0,0,6.20854,361,361,0,1,2.45175,2.45175,1830,367,0,1235,0,0,0,0,0,1337,1627.81,2.40137,3.52742,168488,8,29433,486,464433,32,117732,1944,32,4,644756,1319142,20632192,5276568,25908760,4,4,12,4,4,4,0,20,20,20260807,5,1,1,1,0,0,0,6353,0.264708,1,0.0015,0
1413,12728.1,19,0,2.13804,16.0888,0,0,0,18.2268,361,361,0,1,2.45175,2.45175,1830,367,0,1235,0,0,0,0,0,1337,1627.81,2.40137,3.52742,168488,8,29433,486,464433,32,117732,1944,32,4,644756,1319142,20632192,5276568,25908760,4,4,12,4,4,4,0,20,20,20260807,5,1,1,1,0,0,0,6353,0.264708,1,0.0015,0
1414,12738.5,10,0,2.04921,8.2465,0,0,0,10.2957,361,361,0,1,2.45175,2.45175,1830,367,0,1235,0,0,0,0,0,1337,1627.81,2.40137,3.52742,168488,8,29433,486,464433,32,117732,1944,32,4,644756,1319142,20632192,5276568,25908760,4,4,12,4,4,4,0,20,20,20260807,5,1,1,1,0,0,0,6353,0.264708,1,0.0015,0
1415,12743.6,5,0,2.07337,2.9385,0,0,0,5.01187,361,361,0,1,2.45175,2.45175,1830,367,0,1235,0,0,0,0,0,1337,1627.81,2.40137,3.52742,168488,8,29433,486,464433,32,117732,1944,32,4,644756,1319142,20632192,5276568,25908760,4,4,12,4,4,4,0,20,20,20260807,5,1,1,1,0,0,0,6354,0.26475,1,0.0015,1
1416,12753.4,10,0,2.15963,7.56579,0,0,0,9.72542,361,361,0,1,2.45175,2.45175,1830,367,0,1235,0,0,0,0,0,1337,1627.81,2.40137,3.52742,168488,8,29433,486,464433,32,117732,1944,32,4,644756,1319142,20632192,5276568,25908760,4,4,12,4,4,4,0,20,20,20260807,5,1,1,1,0,0,0,6354,0.26475,1,0.0015,0
1417,12760.2,7,0,2.04021,4.67429,0,0,0,6.7145,361,361,0,1,2.45175,2.45175,1830,367,0,1235,0,0,0,0,0,1337,1627.81,2.40137,3.52742,168488,8,29433,486,464433,32,117732,1944,32,4,644756,1319142,20632192,5276568,25908760,4,4,12,4,4,4,0,20,20,20260807,5,1,1,1,0,0,0,6354,0.26475,1,0.0015,0
1418,12770.2,10,0,2.23358,7.69617,0,0,0,9.92975,361,361,0,1,2.45175,2.45175,1830,367,0,1235,0,0,0,0,0,1337,1627.81,2.40137,3.52742,168488,8,29433,486,464433,32,117732,1944,32,4,644756,1319142,20632192,5276568,25908760,4,4,12,4,4,4,0,20,20,20260807,5,1,1,1,0,0,0,6354,0.26475,1,0.0015,0
1419,12776.4,6,0,2.11417,3.95742,0,0,0,6.07158,361,361,0,1,2.45175,2.45175,1830,367,0,1235,0,0,0,0,0,1337,1627.81,2.40137,3.52742,168488,8,29433,486,464433,32,117732,1944,32,4,644756,1319142,20632192,5276568,25908760,4,4,12,4,4,4,0,20,20,20260807,5,1,1,1,0,0,0,6354,0.26475,1,0.0015,0
1420,12786.9,10,0,2.3165,8.13071,0,0,0,10.4472,361,361,0,1,2.45175,2.45175,1830,367,0,1235,0,0,0,0,0,1337,1627.81,2.40137,3.52742,168488,8,29433,486,464433,32,117732,1944,32,4,644756,1319142,20632192,5276568,25908760,4,4,12,4,4,4,0,20,20,20260807,5,1,1,1,0,0,0,6354,0.26475,1,0.0015,0
1421,12794,8,0,2.09942,4.91629,0,0,0,7.01571,361,361,0,1,2.45175,2.45175,1830,367,0,1235,0,0,0,0,0,1337,1627.81,2.40137,3.52742,168488,8,29433,486,464433,32,117732,1944,32,4,644756,1319142,20632192,5276568,25908760,4,4,12,4,4,4,0,20,20,20260807,5,1,1,1,0,0,0,6354,0.26475,1,0.0015,0
1422,12803.5,9,0,2.18229,7.17983,0,0,0,9.36213,361,361,0,1,2.45175,2.45175,1830,367,0,1235,0,0,0,0,0,1337,1627.81,2.40137,3.52742,168488,8,29433,486,464433,32,117732,1944,32,4,644756,1319142,20632192,5276568,25908760,4,4,12,4,4,4,0,20,20,20260807,5,1,1,1,0,0,0,6355,0.264792,1,0.0015,1
1423,12810.1,7,0,2.11417,4.4555,0,0,0,6.56967,361,361,0,1,2.45175,2.45175,1830,367,0,1235,0,0,0,0,0,1337,1627.81,2.40137,3.52742,168488,8,29433,486,464433,32,117732,1944,32,4,644756,1319142,20632192,5276568,25908760,4,4,12,4,4,4,0,20,20,20260807,5,1,1,1,0,0,0,6355,0.264792,1,0.0015,0
1424,12820.1,10,0,2.29438,7.57942,0,0,0,9.87379,361,361,0,1,2.45175,2.45175,1830,367,0,1235,0,0,0,0,0,1337,1627.81,2.40137,3.52742,168488,8,29433,486,464433,32,117732,1944,32,4,644756,1319142,20632192,5276568,25908760,4,4,12,4,4,4,0,20,20,20260807,5,1,1,1,0,0,0,6355,0.264792,1,0.0015,0
1425,12827.9,7,0,2.08233,5.58754,0,0,0,7.66988,361,361,0,1,2.45175,2.45175,1830,367,0,1235,0,0,0,0,0,1337,1627.81,2.40137,3.52742,168488,8,29433,486,464433,32,117732,1944,32,4,644756,1319142,20632192,5276568,25908760,4,4,12,4,4,4,0,20,20,20260807,5,1,1,1,0,0,0,6355,0.264792,1,0.0015,0
1426,12836.8,9,0,2.06871,6.75808,0,0,0,8.82679,361,361,0,1,2.45175,2.45175,1830,367,0,1235,0,0,0,0,0,1337,1627.81,2.40137,3.52742,168488,8,29433,486,464433,32,117732,1944,32,4,644756,1319142,20632192,5276568,25908760,4,4,12,4,4,4,0,20,20,20260807,5,1,1,1,0,0,0,6355,0.264792,1,0.0015,0
1427,12843,6,0,2.16996,3.91292,0,0,0,6.08287,361,361,0,1,2.45175,2.45175,1830,367,0,1235,0,0,0,0,0,1337,1627.81,2.40137,3.52742,168488,8,29433,486,464433,32,117732,1944,32,4,644756,1319142,20632192,5276568,25908760,4,4,12,4,4,4,0,20,20,20260807,5,1,1,1,0,0,0,6355,0.264792,1,0.0015,0
1428,12853.6,11,0,3.50913,6.98508,0,0,0,10.4942,361,361,0,1,2.45175,2.45175,1830,367,0,1235,0,0,0,0,0,1337,1627.81,2.40137,3.52742,168488,8,29433,486,464433,32,117732,1944,32,4,644756,1319142,20632192,5276568,25908760,4,4,12,4,4,4,0,20,20,20260807,5,1,1,1,0,0,0,6356,0.264833,1,0.0015,1
1429,12859.6,6,0,2.13879,3.72858,0,0,0,5.86738,361,361,0,1,2.45175,2.45175,1830,367,0,1235,0,0,0,0,0,1337,1627.81,2.40137,3.52742,168488,8,29433,486,464433,32,117732,1944,32,4,644756,1319142,20632192,5276568,25908760,4,4,12,4,4,4,0,20,20,20260807,5,1,1,1,0,0,0,6356,0.264833,1,0.0015,0
1430,12870.5,11,0,3.56129,7.30779,0,0,0,10.8691,361,361,0,1,2.45175,2.45175,1830,367,0,1235,0,0,0,0,0,1337,1627.81,2.40137,3.52742,168488,8,29433,486,464433,32,117732,1944,32,4,644756,1319142,20632192,5276568,25908760,4,4,12,4,4,4,0,20,20,20260807,5,1,1,1,0,0,0,6356,0.264833,1,0.0015,0
1431,12875.9,5,0,2.21425,3.07454,0,0,0,5.28879,361,361,0,1,2.45175,2.45175,1830,367,0,1235,0,0,0,0,0,1337,1627.81,2.40137,3.52742,168488,8,29433,486,464433,32,117732,1944,32,4,644756,1319142,20632192,5276568,25908760,4,4,12,4,4,4,0,20,20,20260807,5,1,1,1,0,0,0,6356,0.264833,1,0.0015,0
1432,12889.4,14,0,2.31517,11.0791,0,0,0,13.3942,361,361,0,1,2.45175,2.45175,1830,367,0,1235,0,0,0,0,0,1337,1627.81,2.40137,3.52742,168488,8,29433,486,464433,32,117732,1944,32,4,644756,1319142,20632192,5276568,25908760,4,4,12,4,4,4,0,20,20,20260807,5,1,1,1,0,0,0,6356,0.264833,1,0.0015,0
1433,12903.9,14,0,2.12992,12.3255,0,0,0,14.4554,361,361,0,1,2.45175,2.45175,1830,367,0,1235,0,0,0,0,0,1337,1627.81,2.40137,3.52742,168488,8,29433,486,464433,32,117732,1944,32,4,644756,1319142,20632192,5276568,25908760,4,4,12,4,4,4,0,20,20,20260807,5,1,1,1,0,0,0,6357,0.264875,1,0.0015,1
1434,12909.1,6,0,2.11238,2.96913,0,0,0,5.0815,361,361,0,1,2.45175,2.45175,1830,367,0,1235,0,0,0,0,0,1337,1627.81,2.40137,3.52742,168488,8,29433,486,464433,32,117732,1944,32,4,644756,1319142,20632192,5276568,25908760,4,4,12,4,4,4,0,20,20,20260807,5,1,1,1,0,0,0,6357,0.264875,1,0.0015,0
1435,12921.1,12,0,2.26496,9.63333,0,0,0,11.8983,361,361,0,1,2.45175,2.45175,1830,367,0,1235,0,0,0,0,0,1337,1627.81,2.40137,3.52742,168488,8,29433,486,464433,32,117732,1944,32,4,644756,1319142,20632192,5276568,25908760,4,4,12,4,4,4,0,20,20,20260807,5,1,1,1,0,0,0,6357,0.264875,1,0.0015,0
1436,12926.4,5,0,2.15488,3.0755,0,0,0,5.23038,361,361,0,1,2.45175,2.45175,1830,367,0,1235,0,0,0,0,0,1337,1627.81,2.40137,3.52742,168488,8,29433,486,464433,32,117732,1944,32,4,644756,1319142,20632192,5276568,25908760,4,4,12,4,4,4,0,20,20,20260807,5,1,1,1,0,0,0,6357,0.264875,1,0.0015,0
1437,12940.2,14,0,2.33067,11.4489,0,0,0,13.7796,361,361,0,1,2.45175,2.45175,1830,367,0,1235,0,0,0,0,0,1337,1627.81,2.40137,3.52742,168488,8,29433,486,464433,32,117732,1944,32,4,644756,1319142,20632192,5276568,25908760,4,4,12,4,4,4,0,20,20,20260807,5,1,1,1,0,0,0,6357,0.264875,1,0.0015,0
1438,12946.2,6,0,2.15729,3.75883,0,0,0,5.91613,361,361,0,1,2.45175,2.45175,1830,367,0,1235,0,0,0,0,0,1337,1627.81,2.40137,3.52742,168488,8,29433,486,464433,32,117732,1944,32,4,644756,1319142,20632192,5276568,25908760,4,4,12,4,4,4,0,20,20,20260807,5,1,1,1,0,0,0,6358,0.264917,1,0.0015,1
1439,12953.6,7,0,2.42504,4.869,0,0,0,7.29404,361,361,0,1,2.45175,2.45175,1830,367,0,1235,0,0,0,0,0,1337,1627.81,2.40137,3.52742,168488,8,29433,486,464433,32,117732,1944,32,4,644756,1319142,20632192,5276568,25908760,4,4,12,4,4,4,0,20,20,20260807,5,1,1,1,0,0,0,6358,0.264917,1,0.0015,0
1440,12959.7,6,0,2.12704,3.84617,0,0,0,5.97321,361,361,0,1,2.45175,2.45175,1830,367,0,1235,0,0,0,0,0,1337,1627.81,2.40137,3.52742,168488,8,29433,486,464433,32,117732,1944,32,4,644756,1319142,20632192,5276568,25908760,4,4,12,4,4,4,0,20,20,20260807,5,1,1,1,0,0,0,6358,0.264917,1,0.0015,0
1441,12970.1,11,0,2.30079,8.105,0,0,0,10.4058,361,361,0,1,2.45175,2.45175,1830,367,0,1235,0,0,0,0,0,1337,1627.81,2.40137,3.52742,168488,8,29433,486,464433,32,117732,1944,32,4,644756,1319142,20632192,5276568,25908760,4,4,12,4,4,4,0,20,20,20260807,5,1,1,1,0,0,0,6358,0.264917,1,0.0015,0
1442,12976,5,0,2.14583,3.58317,0,0,0,5.729,361,361,0,1,2.45175,2.45175,1830,367,0,1235,0,0,0,0,0,1337,1627.81,2.40137,3.52742,168488,8,29433,486,464433,32,117732,1944,32,4,644756,1319142,20632192,5276568,25908760,4,4,12,4,4,4,0,20,20,20260807,5,1,1,1,0,0,0,6358,0.264917,1,0.0015,0
1443,12989.2,14,0,2.57821,10.5624,0,0,0,13.1406,361,361,0,1,2.45175,2.45175,1830,367,0,1235,0,0,0,0,0,1337,1627.81,2.40137,3.52742,168488,8,29433,486,464433,32,117732,1944,32,4,644756,1319142,20632192,5276568,25908760,4,4,12,4,4,4,0,20,20,20260807,5,1,1,1,0,0,0,6358,0.264917,1,0.0015,0
1444,13003.5,14,0,2.09671,12.1687,0,0,0,14.2655,361,361,0,1,2.45175,2.45175,1830,367,0,1235,0,0,0,0,0,1337,1627.81,2.40137,3.52742,168488,8,29433,486,464433,32,117732,1944,32,4,644756,1319142,20632192,5276568,25908760,4,4,12,4,4,4,0,20,20,20260807,5,1,1,1,0,0,0,6359,0.264958,1,0.0015,1
1445,13008.7,5,0,2.16988,2.89808,0,0,0,5.06796,361,361,0,1,2.45175,2.45175,1830,367,0,1235,0,0,0,0,0,1337,1627.81,2.40137,3.52742,168488,8,29433,486,464433,32,117732,1944,32,4,644756,1319142,20632192,5276568,25908760,4,4,12,4,4,4,0,20,20,20260807,5,1,1,1,0,0,0,6359,0.264958,1,0.0015,0
1446,13020.3,12,0,2.40046,9.16029,0,0,0,11.5608,361,361,0,1,2.45175,2.45175,1830,367,0,1235,0,0,0,0,0,1337,1627.81,2.40137,3.52742,168488,8,29433,486,464433,32,117732,1944,32,4,644756,1319142,20632192,5276568,25908760,4,4,12,4,4,4,0,20,20,20260807,5,1,1,1,0,0,0,6359,0.264958,1,0.0015,0
1447,13027.2,7,0,2.06937,4.71162,0,0,0,6.781,361,361,0,1,2.45175,2.45175,1830,367,0,1235,0,0,0,0,0,1337,1627.81,2.40137,3.52742,168488,8,29433,486,464433,32,117732,1944,32,4,644756,1319142,20632192,5276568,25908760,4,4,12,4,4,4,0,20,20,20260807,5,1,1,1,0,0,0,6359,0.264958,1,0.0015,0
1448,13036.8,8,0,2.05292,7.45292,0,0,0,9.50583,361,361,0,1,2.45175,2.45175,1830,367,0,1235,0,0,0,0,0,1337,1627.81,2.40137,3.52742,168488,8,29433,486,464433,32,117732,1944,32,4,644756,1319142,20632192,5276568,25908760,4,4,12,4,4,4,0,20,20,20260807,5,1,1,1,0,0,0,6359,0.264958,1,0.0015,0
1449,13042.5,6,0,2.05067,3.56896,0,0,0,5.61963,361,361,0,1,2.45175,2.45175,1830,367,0,1235,0,0,0,0,0,1337,1627.81,2.40137,3.52742,168488,8,29433,486,464433,32,117732,1944,32,4,644756,1319142,20632192,5276568,25908760,4,4,12,4,4,4,0,20,20,20260807,5,1,1,1,0,0,0,6359,0.264958,1,0.0015,0
1450,13053.5,11,0,2.30221,8.6375,0,0,0,10.9397,361,361,0,1,2.45175,2.45175,1830,367,0,1235,0,0,0,0,0,1337,1627.81,2.40137,3.52742,168488,8,29433,486,464433,32,117732,1944,32,4,644756,1319142,20632192,5276568,25908760,4,4,12,4,4,4,0,20,20,20260807,5,1,1,1,0,0,0,6360,0.265,1,0.0015,1
1451,13063.1,10,0,2.04304,7.41446,0,0,0,9.4575,361,361,0,1,2.45175,2.45175,1830,367,0,1235,0,0,0,0,0,1337,1627.81,2.40137,3.52742,168488,8,29433,486,464433,32,117732,1944,32,4,644756,1319142,20632192,5276568,25908760,4,4,12,4,4,4,0,20,20,20260807,5,1,1,1,0,0,0,6360,0.265,1,0.0015,0
1452,13070.1,7,0,2.09063,4.92096,0,0,0,7.01158,361,361,0,1,2.45175,2.45175,1830,367,0,1235,0,0,0,0,0,1337,1627.81,2.40137,3.52742,168488,8,29433,486,464433,32,117732,1944,32,4,644756,1319142,20632192,5276568,25908760,4,4,12,4,4,4,0,20,20,20260807,5,1,1,1,0,0,0,6360,0.265,1,0.0015,0
1453,13076,6,0,2.03267,3.7415,0,0,0,5.77417,361,361,0,1,2.45175,2.45175,1830,367,0,1235,0,0,0,0,0,1337,1627.81,2.40137,3.52742,168488,8,29433,486,464433,32,117732,1944,32,4,644756,1319142,20632192,5276568,25908760,4,4,12,4,4,4,0,20,20,20260807,5,1,1,1,0,0,0,6360,0.265,1,0.0015,0
1454,13086.9,10,0,2.30362,8.52454,0,0,0,10.8282,361,361,0,1,2.45175,2.45175,1830,367,0,1235,0,0,0,0,0,1337,1627.81,2.40137,3.52742,168488,8,29433,486,464433,32,117732,1944,32,4,644756,1319142,20632192,5276568,25908760,4,4,12,4,4,4,0,20,20,20260807,5,1,1,1,0,0,0,6360,0.265,1,0.0015,0
1455,13092.8,6,0,2.03533,3.76267,0,0,0,5.798,361,361,0,1,2.45175,2.45175,1830,367,0,1235,0,0,0,0,0,1337,1627.81,2.40137,3.52742,168488,8,29433,486,464433,32,117732,1944,32,4,644756,1319142,20632192,5276568,25908760,4,4,12,4,4,4,0,20,20,20260807,5,1,1,1,0,0,0,6360,0.265,1,0.0015,0
1456,13103.5,11,0,2.38667,8.2,0,0,0,10.5867,361,361,0,1,2.45175,2.45175,1830,367,0,1235,0,0,0,0,0,1337,1627.81,2.40137,3.52742,168488,8,29433,486,464433,32,117732,1944,32,4,644756,1319142,20632192,5276568,25908760,4,4,12,4,4,4,0,20,20,20260807,5,1,1,1,0,0,0,6361,0.265042,1,0.0015,1
1457,13108.6,5,0,1.99658,3.07617,0,0,0,5.07275,361,361,0,1,2.45175,2.45175,1830,367,0,1235,0,0,0,0,0,1337,1627.81,2.40137,3.52742,168488,8,29433,486,464433,32,117732,1944,32,4,644756,1319142,20632192,5276568,25908760,4,4,12,4,4,4,0,20,20,20260807,5,1,1,1,0,0,0,6361,0.265042,1,0.0015,0
1458,13120.2,12,0,2.639,8.84879,0,0,0,11.4878,361,361,0,1,2.45175,2.45175,1830,367,0,1235,0,0,0,0,0,1337,1627.81,2.40137,3.52742,168488,8,29433,486,464433,32,117732,1944,32,4,644756,1319142,20632192,5276568,25908760,4,4,12,4,4,4,0,20,20,20260807,5,1,1,1,0,0,0,6361,0.265042,1,0.0015,0
1459,13126.9,6,0,2.01708,4.63837,0,0,0,6.65546,361,361,0,1,2.45175,2.45175,1830,367,0,1235,0,0,0,0,0,1337,1627.81,2.40137,3.52742,168488,8,29433,486,464433,32,117732,1944,32,4,644756,1319142,20632192,5276568,25908760,4,4,12,4,4,4,0,20,20,20260807,5,1,1,1,0,0,0,6361,0.265042,1,0.0015,0
1460,13136.9,10,0,2.09629,7.80829,0,0,0,9.90458,361,361,0,1,2.45175,2.45175,1830,367,0,1235,0,0,0,0,0,1337,1627.81,2.40137,3.52742,168488,8,29433,486,464433,32,117732,1944,32,4,644756,1319142,20632192,5276568,25908760,4,4,12,4,4,4,0,20,20,20260807,5,1,1,1,0,0,0,6361,0.265042,1,0.0015,0
1461,13142.8,6,0,2.12729,3.69229,0,0,0,5.81958,361,361,0,1,2.45175,2.45175,1830,367,0,1235,0,0,0,0,0,1337,1627.81,2.40137,3.52742,168488,8,29433,486,464433,32,117732,1944,32,4,644756,1319142,20632192,5276568,25908760,4,4,12,4,4,4,0,20,20,20260807,5,1,1,1,0,0,0,6361,0.265042,1,0.0015,0
1462,13153.8,11,0,2.48192,8.42142,0,0,0,10.9033,361,361,0,1,2.45175,2.45175,1830,367,0,1235,0,0,0,0,0,1337,1627.81,2.40137,3.52742,168488,8,29433,486,464433,32,117732,1944,32,4,644756,1319142,20632192,5276568,25908760,4,4,12,4,4,4,0,20,20,20260807,5,1,1,1,0,0,0,6362,0.265083,1,0.0015,1
1463,13160,7,0,2.06146,4.045,0,0,0,6.10646,361,361,0,1,2.45175,2.45175,1830,367,0,1235,0,0,0,0,0,1337,1627.81,2.40137,3.52742,168488,8,29433,486,464433,32,117732,1944,32,4,644756,1319142,20632192,5276568,25908760,4,4,12,4,4,4,0,20,20,20260807,5,1,1,1,0,0,0,6362,0.265083,1,0.0015,0
1464,13170.3,10,0,2.1775,7.954,0,0,0,10.1315,361,361,0,1,2.45175,2.45175,1830,367,0,1235,0,0,0,0,0,1337,1627.81,2.40137,3.52742,168488,8,29433,486,464433,32,117732,1944,32,4,644756,1319142,20632192,5276568,25908760,4,4,12,4,4,4,0,20,20,20260807,5,1,1,1,0,0,0,6362,0.265083,1,0.0015,0
1465,13176.3,6,0,2.11225,3.81833,0,0,0,5.93058,361,361,0,1,2.45175,2.45175,1830,367,0,1235,0,0,0,0,0,1337,1627.81,2.40137,3.52742,168488,8,29433,486,464433,32,117732,1944,32,4,644756,1319142,20632192,5276568,25908760,4,4,12,4,4,4,0,20,20,20260807,5,1,1,1,0,0,0,6362,0.265083,1,0.0015,0
1466,13186.8,10,0,2.31188,8.13729,0,0,0,10.4492,361,361,0,1,2.45175,2.45175,1830,367,0,1235,0,0,0,0,0,1337,1627.81,2.40137,3.52742,168488,8,29433,486,464433,32,117732,1944,32,4,644756,1319142,20632192,5276568,25908760,4,4,12,4,4,4,0,20,20,20260807,5,1,1,1,0,0,0,6362,0.265083,1,0.0015,0
1467,13193.5,7,0,2.01429,4.62458,0,0,0,6.63887,361,361,0,1,2.45175,2.45175,1830,367,0,1235,0,0,0,0,0,1337,1627.81,2.40137,3.52742,168488,8,29433,486,464433,32,117732,1944,32,4,644756,1319142,20632192,5276568,25908760,4,4,12,4,4,4,0,20,20,20260807,5,1,1,1,0,0,0,6362,0.265083,1,0.0015,0
1468,13203.4,10,0,2.1975,7.651,0,0,0,9.8485,361,361,0,1,2.45175,2.45175,1830,367,0,1235,0,0,0,0,0,1337,1627.81,2.40137,3.52742,168488,8,29433,486,464433,32,117732,1944,32,4,644756,1319142,20632192,5276568,25908760,4,4,12,4,4,4,0,20,20,20260807,5,1,1,1,0,0,0,6363,0.265125,1,0.0015,1
1469,13209.6,6,0,2.05117,4.01879,0,0,0,6.06996,361,361,0,1,2.45175,2.45175,1830,367,0,1235,0,0,0,0,0,1337,1627.81,2.40137,3.52742,168488,8,29433,486,464433,32,117732,1944,32,4,644756,1319142,20632192,5276568,25908760,4,4,12,4,4,4,0,20,20,20260807,5,1,1,1,0,0,0,6363,0.265125,1,0.0015,0
1470,13220.7,11,0,2.20633,8.795,0,0,0,11.0013,361,361,0,1,2.45175,2.45175,1830,367,0,1235,0,0,0,0,0,1337,1627.81,2.40137,3.52742,168488,8,29433,486,464433,32,117732,1944,32,4,644756,1319142,20632192,5276568,25908760,4,4,12,4,4,4,0,20,20,20260807,5,1,1,1,0,0,0,6363,0.265125,1,0.0015,0
1471,13226.7,6,0,2.02079,3.95275,0,0,0,5.97354,361,361,0,1,2.45175,2.45175,1830,367,0,1235,0,0,0,0,0,1337,1627.81,2.40137,3.52742,168488,8,29433,486,464433,32,117732,1944,32,4,644756,1319142,20632192,5276568,25908760,4,4,12,4,4,4,0,20,20,20260807,5,1,1,1,0,0,0,6363,0.265125,1,0.0015,0
1472,13236.8,10,0,2.24921,7.66667,0,0,0,9.91587,361,361,0,1,2.45175,2.45175,1830,367,0,1235,0,0,0,0,0,1337,1627.81,2.40137,3.52742,168488,8,29433,486,464433,32,117732,1944,32,4,644756,1319142,20632192,5276568,25908760,4,4,12,4,4,4,0,20,20,20260807,5,1,1,1,0,0,0,6363,0.265125,1,0.0015,0
1473,13242.8,6,0,2.09617,3.88325,0,0,0,5.97942,361,361,0,1,2.45175,2.45175,1830,367,0,1235,0,0,0,0,0,1337,1627.81,2.40137,3.52742,168488,8,29433,486,464433,32,117732,1944,32,4,644756,1319142,20632192,5276568,25908760,4,4,12,4,4,4,0,20,20,20260807,5,1,1,1,0,0,0,6363,0.265125,1,0.0015,0
1474,13253.5,11,0,2.25163,8.34933,0,0,0,10.601,361,361,0,1,2.45175,2.45175,1830,367,0,1235,0,0,0,0,0,1337,1627.81,2.40137,3.52742,168488,8,29433,486,464433,32,117732,1944,32,4,644756,1319142,20632192,5276568,25908760,4,4,12,4,4,4,0,20,20,20260807,5,1,1,1,0,0,0,6364,0.265167,1,0.0015,1
1475,13260.8,7,0,2.07442,5.11258,0,0,0,7.187,361,361,0,1,2.45175,2.45175,1830,367,0,1235,0,0,0,0,0,1337,1627.81,2.40137,3.52742,168488,8,29433,486,464433,32,117732,1944,32,4,644756,1319142,20632192,5276568,25908760,4,4,12,4,4,4,0,20,20,20260807,5,1,1,1,0,0,0,6364,0.265167,1,0.0015,0
1476,13270.1,10,0,2.11596,7.17442,0,0,0,9.29037,361,361,0,1,2.45175,2.45175,1830,367,0,1235,0,0,0,0,0,1337,1627.81,2.40137,3.52742,168488,8,29433,486,464433,32,117732,1944,32,4,644756,1319142,20632192,5276568,25908760,4,4,12,4,4,4,0,20,20,20260807,5,1,1,1,0,0,0,6364,0.265167,1,0.0015,0
1477,13275.9,5,0,2.12658,3.51929,0,0,0,5.64588,361,361,0,1,2.45175,2.45175,1830,367,0,1235,0,0,0,0,0,1337,1627.81,2.40137,3.52742,168488,8,29433,486,464433,32,117732,1944,32,4,644756,1319142,20632192,5276568,25908760,4,4,12,4,4,4,0,20,20,20260807,5,1,1,1,0,0,0,6364,0.265167,1,0.0015,0
1478,13286.9,12,0,2.50517,8.44596,0,0,0,10.9511,361,361,0,1,2.45175,2.45175,1830,367,0,1235,0,0,0,0,0,1337,1627.81,2.40137,3.52742,168488,8,29433,486,464433,32,117732,1944,32,4,644756,1319142,20632192,5276568,25908760,4,4,12,4,4,4,0,20,20,20260807,5,1,1,1,0,0,0,6364,0.265167,1,0.0015,0
1479,13293.8,7,0,2.06671,4.71229,0,0,0,6.779,361,361,0,1,2.45175,2.45175,1830,367,0,1235,0,0,0,0,0,1337,1627.81,2.40137,3.52742,168488,8,29433,486,464433,32,117732,1944,32,4,644756,1319142,20632192,5276568,25908760,4,4,12,4,4,4,0,20,20,20260807,5,1,1,1,0,0,0,6364,0.265167,1,0.0015,0
1480,13303.5,10,0,2.16979,7.46246,0,0,0,9.63225,361,361,0,1,2.45175,2.45175,1830,367,0,1235,0,0,0,0,0,1337,1627.81,2.40137,3.52742,168488,8,29433,486,464433,32,117732,1944,32,4,644756,1319142,20632192,5276568,25908760,4,4,12,4,4,4,0,20,20,20260807,5,1,1,1,0,0,0,6365,0.265208,1,0.0015,1
1481,13309.4,6,0,2.1155,3.69379,0,0,0,5.80929,361,361,0,1,2.45175,2.45175,1830,367,0,1235,0,0,0,0,0,1337,1627.81,2.40137,3.52742,168488,8,29433,486,464433,32,117732,1944,32,4,644756,1319142,20632192,5276568,25908760,4,4,12,4,4,4,0,20,20,20260807,5,1,1,1,0,0,0,6365,0.265208,1,0.0015,0
1482,13320.3,11,0,2.23937,8.59354,0,0,0,10.8329,361,361,0,1,2.45175,2.45175,1830,367,0,1235,0,0,0,0,0,1337,1627.81,2.40137,3.52742,168488,8,29433,486,464433,32,117732,1944,32,4,644756,1319142,20632192,5276568,25908760,4,4,12,4,4,4,0,20,20,20260807,5,1,1,1,0,0,0,6365,0.265208,1,0.0015,0
1483,13327,7,0,2.10417,4.47104,0,0,0,6.57521,361,361,0,1,2.45175,2.45175,1830,367,0,1235,0,0,0,0,0,1337,1627.81,2.40137,3.52742,168488,8,29433,486,464433,32,117732,1944,32,4,644756,1319142,20632192,5276568,25908760,4,4,12,4,4,4,0,20,20,20260807,5,1,1,1,0,0,0,6365,0.265208,1,0.0015,0
1484,13337.4,10,0,2.02971,8.34258,0,0,0,10.3723,361,361,0,1,2.45175,2.45175,1830,367,0,1235,0,0,0,0,0,1337,1627.81,2.40137,3.52742,168488,8,29433,486,464433,32,117732,1944,32,4,644756,1319142,20632192,5276568,25908760,4,4,12,4,4,4,0,20,20,20260807,5,1,1,1,0,0,0,6365,0.265208,1,0.0015,0
1485,13342.9,5,0,2.09717,3.29367,0,0,0,5.39083,361,361,0,1,2.45175,2.45175,1830,367,0,1235,0,0,0,0,0,1337,1627.81,2.40137,3.52742,168488,8,29433,486,464433,32,117732,1944,32,4,644756,1319142,20632192,5276568,25908760,4,4,12,4,4,4,0,20,20,20260807,5,1,1,1,0,0,0,6365,0.265208,1,0.0015,0
1486,13353.5,11,0,2.25333,8.25567,0,0,0,10.509,361,361,0,1,2.45175,2.45175,1830,367,0,1235,0,0,0,0,0,1337,1627.81,2.40137,3.52742,168488,8,29433,486,464433,32,117732,1944,32,4,644756,1319142,20632192,5276568,25908760,4,4,12,4,4,4,0,20,20,20260807,5,1,1,1,0,0,0,6366,0.26525,1,0.0015,1
1487,13359.5,6,0,2.1365,3.84246,0,0,0,5.97896,361,361,0,1,2.45175,2.45175,1830,367,0,1235,0,0,0,0,0,1337,1627.81,2.40137,3.52742,168488,8,29433,486,464433,32,117732,1944,32,4,644756,1319142,20632192,5276568,25908760,4,4,12,4,4,4,0,20,20,20260807,5,1,1,1,0,0,0,6366,0.26525,1,0.0015,0
1488,13370.1,11,0,2.14487,8.28733,0,0,0,10.4322,361,361,0,1,2.45175,2.45175,1830,367,0,1235,0,0,0,0,0,1337,1627.81,2.40137,3.52742,168488,8,29433,486,464433,32,117732,1944,32,4,644756,1319142,20632192,5276568,25908760,4,4,12,4,4,4,0,20,20,20260807,5,1,1,1,0,0,0,6366,0.26525,1,0.0015,0
1489,13376.2,6,0,2.07967,3.975,0,0,0,6.05467,361,361,0,1,2.45175,2.45175,1830,367,0,1235,0,0,0,0,0,1337,1627.81,2.40137,3.52742,168488,8,29433,486,464433,32,117732,1944,32,4,644756,1319142,20632192,5276568,25908760,4,4,12,4,4,4,0,20,20,20260807,5,1,1,1,0,0,0,6366,0.26525,1,0.0015,0
1490,13387,11,0,2.23504,8.43904,0,0,0,10.6741,361,361,0,1,2.45175,2.45175,1830,367,0,1235,0,0,0,0,0,1337,1627.81,2.40137,3.52742,168488,8,29433,486,464433,32,117732,1944,32,4,644756,1319142,20632192,5276568,25908760,4,4,12,4,4,4,0,20,20,20260807,5,1,1,1,0,0,0,6366,0.26525,1,0.0015,0
1491,13393.8,6,0,2.07863,4.71579,0,0,0,6.79442,361,361,0,1,2.45175,2.45175,1830,367,0,1235,0,0,0,0,0,1337,1627.81,2.40137,3.52742,168488,8,29433,486,464433,32,117732,1944,32,4,644756,1319142,20632192,5276568,25908760,4,4,12,4,4,4,0,20,20,20260807,5,1,1,1,0,0,0,6366,0.26525,1,0.0015,0
1492,13403.4,10,0,2.1735,7.29908,0,0,0,9.47258,361,361,0,1,2.45175,2.45175,1830,367,0,1235,0,0,0,0,0,1337,1627.81,2.40137,3.52742,168488,8,29433,486,464433,32,117732,1944,32,4,644756,1319142,20632192,5276568,25908760,4,4,12,4,4,4,0,20,20,20260807,5,1,1,1,0,0,0,6367,0.265292,1,0.0015,1
1493,13410.4,7,0,2.08425,4.84808,0,0,0,6.93233,361,361,0,1,2.45175,2.45175,1830,367,0,1235,0,0,0,0,0,1337,1627.81,2.40137,3.52742,168488,8,29433,486,464433,32,117732,1944,32,4,644756,1319142,20632192,5276568,25908760,4,4,12,4,4,4,0,20,20,20260807,5,1,1,1,0,0,0,6367,0.265292,1,0.0015,0
1494,13421.5,11,0,2.1935,8.73846,0,0,0,10.932,361,361,0,1,2.45175,2.45175,1830,367,0,1235,0,0,0,0,0,1337,1627.81,2.40137,3.52742,168488,8,29433,486,464433,32,117732,1944,32,4,644756,1319142,20632192,5276568,25908760,4,4,12,4,4,4,0,20,20,20260807,5,1,1,1,0,0,0,6367,0.265292,1,0.0015,0
1495,13428.3,7,0,2.05242,4.74571,0,0,0,6.79812,361,361,0,1,2.45175,2.45175,1830,367,0,1235,0,0,0,0,0,1337,1627.81,2.40137,3.52742,168488,8,29433,486,464433,32,117732,1944,32,4,644756,1319142,20632192,5276568,25908760,4,4,12,4,4,4,0,20,20,20260807,5,1,1,1,0,0,0,6367,0.265292,1,0.0015,0
1496,13437.9,9,0,2.05171,7.47896,0,0,0,9.53067,361,361,0,1,2.45175,2.45175,1830,367,0,1235,0,0,0,0,0,1337,1627.81,2.40137,3.52742,168488,8,29433,486,464433,32,117732,1944,32,4,644756,1319142,20632192,5276568,25908760,4,4,12,4,4,4,0,20,20,20260807,5,1,1,1,0,0,0,6367,0.265292,1,0.0015,0
1497,13443,6,0,2.1275,2.83692,0,0,0,4.96442,361,361,0,1,2.45175,2.45175,1830,367,0,1235,0,0,0,0,0,1337,1627.81,2.40137,3.52742,168488,8,29433,486,464433,32,117732,1944,32,4,644756,1319142,20632192,5276568,25908760,4,4,12,4,4,4,0,20,20,20260807,5,1,1,1,0,0,0,6368,0.265333,1,0.0015,1
1498,13453.7,10,0,2.09454,2.98504,0,0,0,5.07958,361,361,0,1,2.45175,2.45175,1830,367,0,1235,0,0,0,0,0,1337,1627.81,2.40137,3.52742,168488,8,29433,486,464433,32,117732,1944,32,4,644756,1319142,20632192,5276568,25908760,4,4,12,4,4,4,0,20,20,20260807,5,1,1,1,0,0,0,6368,0.265333,1,0.0015,0
1499,13460.8,7,0,2.11979,4.90754,0,0,0,7.02733,361,361,0,1,2.45175,2.45175,1830,367,0,1235,0,0,0,0,0,1337,1627.81,2.40137,3.52742,168488,8,29433,486,464433,32,117732,1944,32,4,644756,1319142,20632192,5276568,25908760,4,4,12,4,4,4,0,20,20,20260807,5,1,1,1,0,0,0,6368,0.265333,1,0.0015,0
1500,13470.2,10,0,2.15233,7.09762,0,0,0,9.24996,361,361,0,1,2.45175,2.45175,1830,367,0,1235,0,0,0,0,0,1337,1627.81,2.40137,3.52742,168488,8,29433,486,464433,32,117732,1944,32,4,644756,1319142,20632192,5276568,25908760,4,4,12,4,4,4,0,20,20,20260807,5,1,1,1,0,0,0,6368,0.265333,1,0.0015,0
1501,13476.5,6,0,2.08058,4.18104,0,0,0,6.26163,361,361,0,1,2.45175,2.45175,1830,367,0,1235,0,0,0,0,0,1337,1627.81,2.40137,3.52742,168488,8,29433,486,464433,32,117732,1944,32,4,644756,1319142,20632192,5276568,25908760,4,4,12,4,4,4,0,20,20,20260807,5,1,1,1,0,0,0,6368,0.265333,1,0.0015,0
1502,13487,11,0,2.16833,8.24267,0,0,0,10.411,361,361,0,1,2.45175,2.45175,1830,367,0,1235,0,0,0,0,0,1337,1627.81,2.40137,3.52742,168488,8,29433,486,464433,32,117732,1944,32,4,644756,1319142,20632192,5276568,25908760,4,4,12,4,4,4,0,20,20,20260807,5,1,1,1,0,0,0,6368,0.265333,1,0.0015,0
1503,13496.2,9,0,2.10092,7.03854,0,0,0,9.13946,361,361,0,1,2.45175,2.45175,1830,367,0,1235,0,0,0,0,0,1337,1627.81,2.40137,3.52742,168488,8,29433,486,464433,32,117732,1944,32,4,644756,1319142,20632192,5276568,25908760,4,4,12,4,4,4,0,20,20,20260807,5,1,1,1,0,0,0,6368,0.265333,1,0.0015,0
1504,13503.5,7,0,2.10508,5.07379,0,0,0,7.17887,361,361,0,1,2.45175,2.45175,1830,367,0,1235,0,0,0,0,0,1337,1627.81,2.40137,3.52742,168488,8,29433,486,464433,32,117732,1944,32,4,644756,1319142,20632192,5276568,25908760,4,4,12,4,4,4,0,20,20,20260807,5,1,1,1,0,0,0,6369,0.265375,1,0.0015,1
1505,13509.8,6,0,2.11496,4.1185,0,0,0,6.23346,361,361,0,1,2.45175,2.45175,1830,367,0,1235,0,0,0,0,0,1337,1627.81,2.40137,3.52742,168488,8,29433,486,464433,32,117732,1944,32,4,644756,1319142,20632192,5276568,25908760,4,4,12,4,4,4,0,20,20,20260807,5,1,1,1,0,0,0,6369,0.265375,1,0.0015,0
1506,13520.3,11,0,2.18579,8.20763,0,0,0,10.3934,361,361,0,1,2.45175,2.45175,1830,367,0,1235,0,0,0,0,0,1337,1627.81,2.40137,3.52742,168488,8,29433,486,464433,32,117732,1944,32,4,644756,1319142,20632192,5276568,25908760,4,4,12,4,4,4,0,20,20,20260807,5,1,1,1,0,0,0,6369,0.265375,1,0.0015,0
1507,13529,9,0,2.08038,6.47671,0,0,0,8.55708,361,361,0,1,2.45175,2.45175,1830,367,0,1235,0,0,0,0,0,1337,1627.81,2.40137,3.52742,168488,8,29433,486,464433,32,117732,1944,32,4,644756,1319142,20632192,5276568,25908760,4,4,12,4,4,4,0,20,20,20260807,5,1,1,1,0,0,0,6369,0.265375,1,0.0015,0
1508,13536.9,7,0,2.0885,5.75617,0,0,0,7.84467,361,361,0,1,2.45175,2.45175,1830,367,0,1235,0,0,0,0,0,1337,1627.81,2.40137,3.52742,168488,8,29433,486,464433,32,117732,1944,32,4,644756,1319142,20632192,5276568,25908760,4,4,12,4,4,4,0,20,20,20260807,5,1,1,1,0,0,0,6369,0.265375,1,0.0015,0
1509,13545.1,9,0,2.10942,6.00162,0,0,0,8.11104,361,361,0,1,2.45175,2.45175,1830,367,0,1235,0,0,0,0,0,1337,1627.81,2.40137,3.52742,168488,8,29433,486,464433,32,117732,1944,32,4,644756,1319142,20632192,5276568,25908760,4,4,12,4,4,4,0,20,20,20260807,5,1,1,1,0,0,0,6369,0.265375,1,0.0015,0
1510,13553.8,8,0,2.14304,6.52167,0,0,0,8.66471,361,361,0,1,2.45175,2.45175,1830,367,0,1235,0,0,0,0,0,1337,1627.81,2.40137,3.52742,168488,8,29433,486,464433,32,117732,1944,32,4,644756,1319142,20632192,5276568,25908760,4,4,12,4,4,4,0,20,20,20260807,5,1,1,1,0,0,0,6370,0.265417,1,0.0015,1
1511,13561,8,0,2.19017,4.94783,0,0,0,7.138,361,361,0,1,2.45175,2.45175,1830,367,0,1235,0,0,0,0,0,1337,1627.81,2.40137,3.52742,168488,8,29433,486,464433,32,117732,1944,32,4,644756,1319142,20632192,5276568,25908760,4,4,12,4,4,4,0,20,20,20260807,5,1,1,1,0,0,0,6370,0.265417,1,0.0015,0
1512,13570.3,9,0,2.16646,6.98354,0,0,0,9.15,361,361,0,1,2.45175,2.45175,1830,367,0,1235,0,0,0,0,0,1337,1627.81,2.40137,3.52742,168488,8,29433,486,464433,32,117732,1944,32,4,644756,1319142,20632192,5276568,25908760,4,4,12,4,4,4,0,20,20,20260807,5,1,1,1,0,0,0,6370,0.265417,1,0.0015,0
1513,13576.4,6,0,2.12704,3.94592,0,0,0,6.07296,361,361,0,1,2.45175,2.45175,1830,367,0,1235,0,0,0,0,0,1337,1627.81,2.40137,3.52742,168488,8,29433,486,464433,32,117732,1944,32,4,644756,1319142,20632192,5276568,25908760,4,4,12,4,4,4,0,20,20,20260807,5,1,1,1,0,0,0,6370,0.265417,1,0.0015,0
1514,13587.1,11,0,2.2945,8.27804,0,0,0,10.5725,361,361,0,1,2.45175,2.45175,1830,367,0,1235,0,0,0,0,0,1337,1627.81,2.40137,3.52742,168488,8,29433,486,464433,32,117732,1944,32,4,644756,1319142,20632192,5276568,25908760,4,4,12,4,4,4,0,20,20,20260807,5,1,1,1,0,0,0,6370,0.265417,1,0.0015,0
1515,13593.9,6,0,2.15675,4.57133,0,0,0,6.72808,361,361,0,1,2.45175,2.45175,1830,367,0,1235,0,0,0,0,0,1337,1627.81,2.40137,3.52742,168488,8,29433,486,464433,32,117732,1944,32,4,644756,1319142,20632192,5276568,25908760,4,4,12,4,4,4,0,20,20,20260807,5,1,1,1,0,0,0,6370,0.265417,1,0.0015,0
1516,13603.7,10,0,2.19329,7.50746,0,0,0,9.70075,361,361,0,1,2.45175,2.45175,1830,367,0,1235,0,0,0,0,0,1337,1627.81,2.40137,3.52742,168488,8,29433,486,464433,32,117732,1944,32,4,644756,1319142,20632192,5276568,25908760,4,4,12,4,4,4,0,20,20,20260807,5,1,1,1,0,0,0,6371,0.265458,1,0.0015,1
1517,13609.6,6,0,2.113,3.70167,0,0,0,5.81467,361,361,0,1,2.45175,2.45175,1830,367,0,1235,0,0,0,0,0,1337,1627.81,2.40137,3.52742,168488,8,29433,486,464433,32,117732,1944,32,4,644756,1319142,20632192,5276568,25908760,4,4,12,4,4,4,0,20,20,20260807,5,1,1,1,0,0,0,6371,0.265458,1,0.0015,0
1518,13621.4,12,0,2.24654,9.53708,0,0,0,11.7836,361,361,0,1,2.45175,2.45175,1830,367,0,1235,0,0,0,0,0,1337,1627.81,2.40137,3.52742,168488,8,29433,486,464433,32,117732,1944,32,4,644756,1319142,20632192,5276568,25908760,4,4,12,4,4,4,0,20,20,20260807,5,1,1,1,0,0,0,6371,0.265458,1,0.0015,0
1519,13637.1,16,0,2.10875,13.4504,0,0,0,15.5591,361,361,0,1,2.45175,2.45175,1830,367,0,1235,0,0,0,0,0,1337,1627.81,2.40137,3.52742,168488,8,29433,486,464433,32,117732,1944,32,4,644756,1319142,20632192,5276568,25908760,4,4,12,4,4,4,0,20,20,20260807,5,1,1,1,0,0,0,6371,0.265458,1,0.0015,0
1520,13643,6,0,2.15612,3.662,0,0,0,5.81813,361,361,0,1,2.45175,2.45175,1830,367,0,1235,0,0,0,0,0,1337,1627.81,2.40137,3.52742,168488,8,29433,486,464433,32,117732,1944,32,4,644756,1319142,20632192,5276568,25908760,4,4,12,4,4,4,0,20,20,20260807,5,1,1,1,0,0,0,6371,0.265458,1,0.0015,0
1521,13653.6,10,0,2.18942,7.601,0,0,0,9.79042,361,361,0,1,2.45175,2.45175,1830,367,0,1235,0,0,0,0,0,1337,1627.81,2.40137,3.52742,168488,8,29433,486,464433,32,117732,1944,32,4,644756,1319142,20632192,5276568,25908760,4,4,12,4,4,4,0,20,20,20260807,5,1,1,1,0,0,0,6372,0.2655,1,0.0015,1
1522,13662,9,0,2.09308,6.25542,0,0,0,8.3485,361,361,0,1,2.45175,2.45175,1830,367,0,1235,0,0,0,0,0,1337,1627.81,2.40137,3.52742,168488,8,29433,486,464433,32,117732,1944,32,4,644756,1319142,20632192,5276568,25908760,4,4,12,4,4,4,0,20,20,20260807,5,1,1,1,0,0,0,6372,0.2655,1,0.0015,0
1523,13670.2,8,0,2.05467,6.05529,0,0,0,8.10996,361,361,0,1,2.45175,2.45175,1830,367,0,1235,0,0,0,0,0,1337,1627.81,2.40137,3.52742,168488,8,29433,486,464433,32,117732,1944,32,4,644756,1319142,20632192,5276568,25908760,4,4,12,4,4,4,0,20,20,20260807,5,1,1,1,0,0,0,6372,0.2655,1,0.0015,0
1524,13676.7,6,0,2.13875,4.30733,0,0,0,6.44608,361,361,0,1,2.45175,2.45175,1830,367,0,1235,0,0,0,0,0,1337,1627.81,2.40137,3.52742,168488,8,29433,486,464433,32,117732,1944,32,4,644756,1319142,20632192,5276568,25908760,4,4,12,4,4,4,0,20,20,20260807,5,1,1,1,0,0,0,6372,0.2655,1,0.0015,0
1525,13686.9,10,0,2.20113,7.91129,0,0,0,10.1124,361,361,0,1,2.45175,2.45175,1830,367,0,1235,0,0,0,0,0,1337,1627.81,2.40137,3.52742,168488,8,29433,486,464433,32,117732,1944,32,4,644756,1319142,20632192,5276568,25908760,4,4,12,4,4,4,0,20,20,20260807,5,1,1,1,0,0,0,6372,0.2655,1,0.0015,0
1526,13692.9,6,0,2.18629,3.65354,0,0,0,5.83983,361,361,0,1,2.45175,2.45175,1830,367,0,1235,0,0,0,0,0,1337,1627.81,2.40137,3.52742,168488,8,29433,486,464433,32,117732,1944,32,4,644756,1319142,20632192,5276568,25908760,4,4,12,4,4,4,0,20,20,20260807,5,1,1,1,0,0,0,6372,0.2655,1,0.0015,0
1527,13703.5,11,0,2.30467,8.21983,0,0,0,10.5245,361,361,0,1,2.45175,2.45175,1830,367,0,1235,0,0,0,0,0,1337,1627.81,2.40137,3.52742,168488,8,29433,486,464433,32,117732,1944,32,4,644756,1319142,20632192,5276568,25908760,4,4,12,4,4,4,0,20,20,20260807,5,1,1,1,0,0,0,6373,0.265542,1,0.0015,1
1528,13710.3,7,0,2.05163,4.73417,0,0,0,6.78579,361,361,0,1,2.45175,2.45175,1830,367,0,1235,0,0,0,0,0,1337,1627.81,2.40137,3.52742,168488,8,29433,486,464433,32,117732,1944,32,4,644756,1319142,20632192,5276568,25908760,4,4,12,4,4,4,0,20,20,20260807,5,1,1,1,0,0,0,6373,0.265542,1,0.0015,0
1529,13724.3,14,0,2.05958,11.8432,0,0,0,13.9028,361,361,0,1,2.45175,2.45175,1830,367,0,1235,0,0,0,0,0,1337,1627.81,2.40137,3.52742,168488,8,29433,486,464433,32,117732,1944,32,4,644756,1319142,20632192,5276568,25908760,4,4,12,4,4,4,0,20,20,20260807,5,1,1,1,0,0,0,6373,0.265542,1,0.0015,0
1530,13730.2,6,0,2.29871,3.51525,0,0,0,5.81396,361,361,0,1,2.45175,2.45175,1830,367,0,1235,0,0,0,0,0,1337,1627.81,2.40137,3.52742,168488,8,29433,486,464433,32,117732,1944,32,4,644756,1319142,20632192,5276568,25908760,4,4,12,4,4,4,0,20,20,20260807,5,1,1,1,0,0,0,6373,0.265542,1,0.0015,0
1531,13737.8,7,0,2.07408,5.45988,0,0,0,7.53396,361,361,0,1,2.45175,2.45175,1830,367,0,1235,0,0,0,0,0,1337,1627.81,2.40137,3.52742,168488,8,29433,486,464433,32,117732,1944,32,4,644756,1319142,20632192,5276568,25908760,4,4,12,4,4,4,0,20,20,20260807,5,1,1,1,0,0,0,6373,0.265542,1,0.0015,0
1532,13742.8,5,0,2.04617,2.8355,0,0,0,4.88167,361,361,0,1,2.45175,2.45175,1830,367,0,1235,0,0,0,0,0,1337,1627.81,2.40137,3.52742,168488,8,29433,486,464433,32,117732,1944,32,4,644756,1319142,20632192,5276568,25908760,4,4,12,4,4,4,0,20,20,20260807,5,1,1,1,0,0,0,6373,0.265542,1,0.0015,0
1533,13753.6,11,0,2.27413,8.47654,0,0,0,10.7507,361,361,0,1,2.45175,2.45175,1830,367,0,1235,0,0,0,0,0,1337,1627.81,2.40137,3.52742,168488,8,29433,486,464433,32,117732,1944,32,4,644756,1319142,20632192,5276568,25908760,4,4,12,4,4,4,0,20,20,20260807,5,1,1,1,0,0,0,6374,0.265583,1,0.0015,1
1534,13758.7,5,0,2.13979,2.83296,0,0,0,4.97275,361,361,0,1,2.45175,2.45175,1830,367,0,1235,0,0,0,0,0,1337,1627.81,2.40137,3.52742,168488,8,29433,486,464433,32,117732,1944,32,4,644756,1319142,20632192,5276568,25908760,4,4,12,4,4,4,0,20,20,20260807,5,1,1,1,0,0,0,6374,0.265583,1,0.0015,0
1535,13770.2,12,0,2.11338,9.3325,0,0,0,11.4459,361,361,0,1,2.45175,2.45175,1830,367,0,1235,0,0,0,0,0,1337,1627.81,2.40137,3.52742,168488,8,29433,486,464433,32,117732,1944,32,4,644756,1319142,20632192,5276568,25908760,4,4,12,4,4,4,0,20,20,20260807,5,1,1,1,0,0,0,6374,0.265583,1,0.0015,0
1536,13775.5,5,0,2.16592,3.05183,0,0,0,5.21775,361,361,0,1,2.45175,2.45175,1830,367,0,1235,0,0,0,0,0,1337,1627.81,2.40137,3.52742,168488,8,29433,486,464433,32,117732,1944,32,4,644756,1319142,20632192,5276568,25908760,4,4,12,4,4,4,0,20,20,20260807,5,1,1,1,0,0,0,6374,0.265583,1,0.0015,0
1537,13787.7,12,0,2.39858,9.69337,0,0,0,12.092,361,361,0,1,2.45175,2.45175,1830,367,0,1235,0,0,0,0,0,1337,1627.81,2.40137,3.52742,168488,8,29433,486,464433,32,117732,1944,32,4,644756,1319142,20632192,5276568,25908760,4,4,12,4,4,4,0,20,20,20260807,5,1,1,1,0,0,0,6374,0.265583,1,0.0015,0
1538,13803.7,16,0,2.11396,13.8429,0,0,0,15.9569,361,361,0,1,2.45175,2.45175,1830,367,0,1235,0,0,0,0,0,1337,1627.81,2.40137,3.52742,168488,8,29433,486,464433,32,117732,1944,32,4,644756,1319142,20632192,5276568,25908760,4,4,12,4,4,4,0,20,20,20260807,5,1,1,1,0,0,0,6374,0.265583,1,0.0015,0
1539,13808.8,5,0,2.13254,2.90379,0,0,0,5.03633,361,361,0,1,2.45175,2.45175,1830,367,0,1235,0,0,0,0,0,1337,1627.81,2.40137,3.52742,168488,8,29433,486,464433,32,117732,1944,32,4,644756,1319142,20632192,5276568,25908760,4,4,12,4,4,4,0,20,20,20260807,5,1,1,1,0,0,0,6375,0.265625,1,0.0015,1
1540,13820.7,12,0,2.37571,9.41496,0,0,0,11.7907,361,361,0,1,2.45175,2.45175,1830,367,0,1235,0,0,0,0,0,1337,1627.81,2.40137,3.52742,168488,8,29433,486,464433,32,117732,1944,32,4,644756,1319142,20632192,5276568,25908760,4,4,12,4,4,4,0,20,20,20260807,5,1,1,1,0,0,0,6375,0.265625,1,0.0015,0
1541,13826,6,0,2.20917,2.98283,0,0,0,5.192,361,361,0,1,2.45175,2.45175,1830,367,0,1235,0,0,0,0,0,1337,1627.81,2.40137,3.52742,168488,8,29433,486,464433,32,117732,1944,32,4,644756,1319142,20632192,5276568,25908760,4,4,12,4,4,4,0,20,20,20260807,5,1,1,1,0,0,0,6375,0.265625,1,0.0015,0
1542,13837,11,0,2.28213,8.658,0,0,0,10.9401,361,361,0,1,2.45175,2.45175,1830,367,0,1235,0,0,0,0,0,1337,1627.81,2.40137,3.52742,168488,8,29433,486,464433,32,117732,1944,32,4,644756,1319142,20632192,5276568,25908760,4,4,12,4,4,4,0,20,20,20260807,5,1,1,1,0,0,0,6375,0.265625,1,0.0015,0
1543,13842.1,5,0,2.09762,2.93258,0,0,0,5.03021,361,361,0,1,2.45175,2.45175,1830,367,0,1235,0,0,0,0,0,1337,1627.81,2.40137,3.52742,168488,8,29433,486,464433,32,117732,1944,32,4,644756,1319142,20632192,5276568,25908760,4,4,12,4,4,4,0,20,20,20260807,5,1,1,1,0,0,0,6375,0.265625,1,0.0015,0
1544,13853.9,11,0,2.35554,9.36125,0,0,0,11.7168,361,361,0,1,2.45175,2.45175,1830,367,0,1235,0,0,0,0,0,1337,1627.81,2.40137,3.52742,168488,8,29433,486,464433,32,117732,1944,32,4,644756,1319142,20632192,5276568,25908760,4,4,12,4,4,4,0,20,20,20260807,5,1,1,1,0,0,0,6376,0.265667,1,0.0015,1
1545,13858.9,5,0,2.05829,2.82958,0,0,0,4.88788,361,361,0,1,2.45175,2.45175,1830,367,0,1235,0,0,0,0,0,1337,1627.81,2.40137,3.52742,168488,8,29433,486,464433,32,117732,1944,32,4,644756,1319142,20632192,5276568,25908760,4,4,12,4,4,4,0,20,20,20260807,5,1,1,1,0,0,0,6376,0.265667,1,0.0015,0
1546,13871.7,13,0,2.12725,10.6598,0,0,0,12.787,361,361,0,1,2.45175,2.45175,1830,367,0,1235,0,0,0,0,0,1337,1627.81,2.40137,3.52742,168488,8,29433,486,464433,32,117732,1944,32,4,644756,1319142,20632192,5276568,25908760,4,4,12,4,4,4,0,20,20,20260807,5,1,1,1,0,0,0,6376,0.265667,1,0.0015,0
1547,13878.2,7,0,2.01267,4.33346,0,0,0,6.34612,361,361,0,1,2.45175,2.45175,1830,367,0,1235,0,0,0,0,0,1337,1627.81,2.40137,3.52742,168488,8,29433,486,464433,32,117732,1944,32,4,644756,1319142,20632192,5276568,25908760,4,4,12,4,4,4,0,20,20,20260807,5,1,1,1,0,0,0,6376,0.265667,1,0.0015,0
1548,13886.8,8,0,2.07837,6.48696,0,0,0,8.56533,361,361,0,1,2.45175,2.45175,1830,367,0,1235,0,0,0,0,0,1337,1627.81,2.40137,3.52742,168488,8,29433,486,464433,32,117732,1944,32,4,644756,1319142,20632192,5276568,25908760,4,4,12,4,4,4,0,20,20,20260807,5,1,1,1,0,0,0,6376,0.265667,1,0.0015,0
1549,13894.1,8,0,2.06108,5.17296,0,0,0,7.23404,361,361,0,1,2.45175,2.45175,1830,367,0,1235,0,0,0,0,0,1337,1627.81,2.40137,3.52742,168488,8,29433,486,464433,32,117732,1944,32,4,644756,1319142,20632192,5276568,25908760,4,4,12,4,4,4,0,20,20,20260807,5,1,1,1,0,0,0,6376,0.265667,1,0.0015,0
1550,13903.4,9,0,2.07642,7.06637,0,0,0,9.14279,361,361,0,1,2.45175,2.45175,1830,367,0,1235,0,0,0,0,0,1337,1627.81,2.40137,3.52742,168488,8,29433,486,464433,32,117732,1944,32,4,644756,1319142,20632192,5276568,25908760,4,4,12,4,4,4,0,20,20,20260807,5,1,1,1,0,0,0,6377,0.265708,1,0.0015,1
1551,13909.6,6,0,1.93467,4.27404,0,0,0,6.20871,361,361,0,1,2.45175,2.45175,1830,367,0,1235,0,0,0,0,0,1337,1627.81,2.40137,3.52742,168488,8,29433,486,464433,32,117732,1944,32,4,644756,1319142,20632192,5276568,25908760,4,4,12,4,4,4,0,20,20,20260807,5,1,1,1,0,0,0,6377,0.265708,1,0.0015,0
1552,13920.5,11,0,2.14217,8.61129,0,0,0,10.7535,361,361,0,1,2.45175,2.45175,1830,367,0,1235,0,0,0,0,0,1337,1627.81,2.40137,3.52742,168488,8,29433,486,464433,32,117732,1944,32,4,644756,1319142,20632192,5276568,25908760,4,4,12,4,4,4,0,20,20,20260807,5,1,1,1,0,0,0,6377,0.265708,1,0.0015,0
1553,13925.7,5,0,2.12854,2.94329,0,0,0,5.07183,361,361,0,1,2.45175,2.45175,1830,367,0,1235,0,0,0,0,0,1337,1627.81,2.40137,3.52742,168488,8,29433,486,464433,32,117732,1944,32,4,644756,1319142,20632192,5276568,25908760,4,4,12,4,4,4,0,20,20,20260807,5,1,1,1,0,0,0,6377,0.265708,1,0.0015,0
1554,13937.9,12,0,2.35846,9.82258,0,0,0,12.181,361,361,0,1,2.45175,2.45175,1830,367,0,1235,0,0,0,0,0,1337,1627.81,2.40137,3.52742,168488,8,29433,486,464433,32,117732,1944,32,4,644756,1319142,20632192,5276568,25908760,4,4,12,4,4,4,0,20,20,20260807,5,1,1,1,0,0,0,6377,0.265708,1,0.0015,0
1555,13954.4,17,0,2.09533,14.3117,0,0,0,16.4071,361,361,0,1,2.45175,2.45175,1830,367,0,1235,0,0,0,0,0,1337,1627.81,2.40137,3.52742,168488,8,29433,486,464433,32,117732,1944,32,4,644756,1319142,20632192,5276568,25908760,4,4,12,4,4,4,0,20,20,20260807,5,1,1,1,0,0,0,6378,0.26575,1,0.0015,1
1556,13959.5,5,0,2.09558,2.92338,0,0,0,5.01896,361,361,0,1,2.45175,2.45175,1830,367,0,1235,0,0,0,0,0,1337,1627.81,2.40137,3.52742,168488,8,29433,486,464433,32,117732,1944,32,4,644756,1319142,20632192,5276568,25908760,4,4,12,4,4,4,0,20,20,20260807,5,1,1,1,0,0,0,6378,0.26575,1,0.0015,0
1557,13971.5,12,0,2.72154,9.16008,0,0,0,11.8816,361,361,0,1,2.45175,2.45175,1830,367,0,1235,0,0,0,0,0,1337,1627.81,2.40137,3.52742,168488,8,29433,486,464433,32,117732,1944,32,4,644756,1319142,20632192,5276568,25908760,4,4,12,4,4,4,0,20,20,20260807,5,1,1,1,0,0,0,6378,0.26575,1,0.0015,0
1558,13977.4,6,0,2.14171,3.72471,0,0,0,5.86642,361,361,0,1,2.45175,2.45175,1830,367,0,1235,0,0,0,0,0,1337,1627.81,2.40137,3.52742,168488,8,29433,486,464433,32,117732,1944,32,4,644756,1319142,20632192,5276568,25908760,4,4,12,4,4,4,0,20,20,20260807,5,1,1,1,0,0,0,6378,0.26575,1,0.0015,0
1559,13986.8,9,0,2.04067,7.26962,0,0,0,9.31029,361,361,0,1,2.45175,2.45175,1830,367,0,1235,0,0,0,0,0,1337,1627.81,2.40137,3.52742,168488,8,29433,486,464433,32,117732,1944,32,4,644756,1319142,20632192,5276568,25908760,4,4,12,4,4,4,0,20,20,20260807,5,1,1,1,0,0,0,6378,0.26575,1,0.0015,0
1560,13993.1,7,0,2.12192,4.03458,0,0,0,6.1565,361,361,0,1,2.45175,2.45175,1830,367,0,1235,0,0,0,0,0,1337,1627.81,2.40137,3.52742,168488,8,29433,486,464433,32,117732,1944,32,4,644756,1319142,20632192,5276568,25908760,4,4,12,4,4,4,0,20,20,20260807,5,1,1,1,0,0,0,6378,0.26575,1,0.0015,0
1561,14004.3,11,0,2.43083,8.669,0,0,0,11.0998,361,361,0,1,2.45175,2.45175,1830,367,0,1235,0,0,0,0,0,1337,1627.81,2.40137,3.52742,168488,8,29433,486,464433,32,117732,1944,32,4,644756,1319142,20632192,5276568,25908760,4,4,12,4,4,4,0,20,20,20260807,5,1,1,1,0,0,0,6379,0.265792,1,0.0015,1
1562,14009.3,5,0,2.11854,2.85642,0,0,0,4.97496,361,361,0,1,2.45175,2.45175,1830,367,0,1235,0,0,0,0,0,1337,1627.81,2.40137,3.52742,168488,8,29433,486,464433,32,117732,1944,32,4,644756,1319142,20632192,5276568,25908760,4,4,12,4,4,4,0,20,20,20260807,5,1,1,1,0,0,0,6379,0.265792,1,0.0015,0
1563,14020.4,11,0,2.16458,8.85262,0,0,0,11.0172,361,361,0,1,2.45175,2.45175,1830,367,0,1235,0,0,0,0,0,1337,1627.81,2.40137,3.52742,168488,8,29433,486,464433,32,117732,1944,32,4,644756,1319142,20632192,5276568,25908760,4,4,12,4,4,4,0,20,20,20260807,5,1,1,1,0,0,0,6379,0.265792,1,0.0015,0
1564,14027.5,7,0,3.26746,3.65867,0,0,0,6.92612,361,361,0,1,2.45175,2.45175,1830,367,0,1235,0,0,0,0,0,1337,1627.81,2.40137,3.52742,168488,8,29433,486,464433,32,117732,1944,32,4,644756,1319142,20632192,5276568,25908760,4,4,12,4,4,4,0,20,20,20260807,5,1,1,1,0,0,0,6379,0.265792,1,0.0015,0
1565,14038.8,10,0,2.17121,9.09938,0,0,0,11.2706,361,361,0,1,2.45175,2.45175,1830,367,0,1235,0,0,0,0,0,1337,1627.81,2.40137,3.52742,168488,8,29433,486,464433,32,117732,1944,32,4,644756,1319142,20632192,5276568,25908760,4,4,12,4,4,4,0,20,20,20260807,5,1,1,1,0,0,0,6379,0.265792,1,0.0015,0
1566,14044,6,0,2.11621,3.01758,0,0,0,5.13379,361,361,0,1,2.45175,2.45175,1830,367,0,1235,0,0,0,0,0,1337,1627.81,2.40137,3.52742,168488,8,29433,486,464433,32,117732,1944,32,4,644756,1319142,20632192,5276568,25908760,4,4,12,4,4,4,0,20,20,20260807,5,1,1,1,0,0,0,6379,0.265792,1,0.0015,0
1567,14054,10,0,2.27767,7.62283,0,0,0,9.9005,361,361,0,1,2.45175,2.45175,1830,367,0,1235,0,0,0,0,0,1337,1627.81,2.40137,3.52742,168488,8,29433,486,464433,32,117732,1944,32,4,644756,1319142,20632192,5276568,25908760,4,4,12,4,4,4,0,20,20,20260807,5,1,1,1,0,0,0,6380,0.265833,1,0.0015,1
1568,14059.2,5,0,2.14942,2.97875,0,0,0,5.12817,361,361,0,1,2.45175,2.45175,1830,367,0,1235,0,0,0,0,0,1337,1627.81,2.40137,3.52742,168488,8,29433,486,464433,32,117732,1944,32,4,644756,1319142,20632192,5276568,25908760,4,4,12,4,4,4,0,20,20,20260807,5,1,1,1,0,0,0,6380,0.265833,1,0.0015,0
1569,14072.9,13,0,2.28887,11.3243,0,0,0,13.6132,361,361,0,1,2.45175,2.45175,1830,367,0,1235,0,0,0,0,0,1337,1627.81,2.40137,3.52742,168488,8,29433,486,464433,32,117732,1944,32,4,644756,1319142,20632192,5276568,25908760,4,4,12,4,4,4,0,20,20,20260807,5,1,1,1,0,0,0,6380,0.265833,1,0.0015,0
1570,14087.8,15,0,2.21704,12.5863,0,0,0,14.8034,361,361,0,1,2.45175,2.45175,1830,367,0,1235,0,0,0,0,0,1337,1627.81,2.40137,3.52742,168488,8,29433,486,464433,32,117732,1944,32,4,644756,1319142,20632192,5276568,25908760,4,4,12,4,4,4,0,20,20,20260807,5,1,1,1,0,0,0,6380,0.265833,1,0.0015,0
1571,14093,6,0,2.11996,2.96479,0,0,0,5.08475,361,361,0,1,2.45175,2.45175,1830,367,0,1235,0,0,0,0,0,1337,1627.81,2.40137,3.52742,168488,8,29433,486,464433,32,117732,1944,32,4,644756,1319142,20632192,5276568,25908760,4,4,12,4,4,4,0,20,20,20260807,5,1,1,1,0,0,0,6380,0.265833,1,0.0015,0
1572,14103.6,10,0,2.29142,8.26317,0,0,0,10.5546,361,361,0,1,2.45175,2.45175,1830,367,0,1235,0,0,0,0,0,1337,1627.81,2.40137,3.52742,168488,8,29433,486,464433,32,117732,1944,32,4,644756,1319142,20632192,5276568,25908760,4,4,12,4,4,4,0,20,20,20260807,5,1,1,1,0,0,0,6381,0.265875,1,0.0015,1
1573,14109.2,6,0,2.13937,3.41779,0,0,0,5.55717,361,361,0,1,2.45175,2.45175,1830,367,0,1235,0,0,0,0,0,1337,1627.81,2.40137,3.52742,168488,8,29433,486,464433,32,117732,1944,32,4,644756,1319142,20632192,5276568,25908760,4,4,12,4,4,4,0,20,20,20260807,5,1,1,1,0,0,0,6381,0.265875,1,0.0015,0
1574,14120.2,11,0,2.28267,8.63387,0,0,0,10.9165,361,361,0,1,2.45175,2.45175,1830,367,0,1235,0,0,0,0,0,1337,1627.81,2.40137,3.52742,168488,8,29433,486,464433,32,117732,1944,32,4,644756,1319142,20632192,5276568,25908760,4,4,12,4,4,4,0,20,20,20260807,5,1,1,1,0,0,0,6381,0.265875,1,0.0015,0
1575,14127.7,7,0,2.11762,5.25408,0,0,0,7.37171,361,361,0,1,2.45175,2.45175,1830,367,0,1235,0,0,0,0,0,1337,1627.81,2.40137,3.52742,168488,8,29433,486,464433,32,117732,1944,32,4,644756,1319142,20632192,5276568,25908760,4,4,12,4,4,4,0,20,20,20260807,5,1,1,1,0,0,0,6381,0.265875,1,0.0015,0
1576,14136.8,9,0,2.04704,6.93354,0,0,0,8.98058,361,361,0,1,2.45175,2.45175,1830,367,0,1235,0,0,0,0,0,1337,1627.81,2.40137,3.52742,168488,8,29433,486,464433,32,117732,1944,32,4,644756,1319142,20632192,5276568,25908760,4,4,12,4,4,4,0,20,20,20260807,5,1,1,1,0,0,0,6381,0.265875,1,0.0015,0
1577,14143,7,0,2.06038,4.06125,0,0,0,6.12162,361,361,0,1,2.45175,2.45175,1830,367,0,1235,0,0,0,0,0,1337,1627.81,2.40137,3.52742,168488,8,29433,486,464433,32,117732,1944,32,4,644756,1319142,20632192,5276568,25908760,4,4,12,4,4,4,0,20,20,20260807,5,1,1,1,0,0,0,6381,0.265875,1,0.0015,0
1578,14153.5,10,0,2.16821,7.43008,0,0,0,9.59829,361,361,0,1,2.45175,2.45175,1830,367,0,1235,0,0,0,0,0,1337,1627.81,2.40137,3.52742,168488,8,29433,486,464433,32,117732,1944,32,4,644756,1319142,20632192,5276568,25908760,4,4,12,4,4,4,0,20,20,20260807,5,1,1,1,0,0,0,6382,0.265917,1,0.0015,1
1579,14160.6,7,0,2.06733,4.94371,0,0,0,7.01104,361,361,0,1,2.45175,2.45175,1830,367,0,1235,0,0,0,0,0,1337,1627.81,2.40137,3.52742,168488,8,29433,486,464433,32,117732,1944,32,4,644756,1319142,20632192,5276568,25908760,4,4,12,4,4,4,0,20,20,20260807,5,1,1,1,0,0,0,6382,0.265917,1,0.0015,0
1580,14170.2,10,0,2.14817,7.30554,0,0,0,9.45371,361,361,0,1,2.45175,2.45175,1830,367,0,1235,0,0,0,0,0,1337,1627.81,2.40137,3.52742,168488,8,29433,486,464433,32,117732,1944,32,4,644756,1319142,20632192,5276568,25908760,4,4,12,4,4,4,0,20,20,20260807,5,1,1,1,0,0,0,6382,0.265917,1,0.0015,0
1581,14176.4,6,0,2.11088,4.02121,0,0,0,6.13208,361,361,0,1,2.45175,2.45175,1830,367,0,1235,0,0,0,0,0,1337,1627.81,2.40137,3.52742,168488,8,29433,486,464433,32,117732,1944,32,4,644756,1319142,20632192,5276568,25908760,4,4,12,4,4,4,0,20,20,20260807,5,1,1,1,0,0,0,6382,0.265917,1,0.0015,0
1582,14187,11,0,2.22296,8.25233,0,0,0,10.4753,361,361,0,1,2.45175,2.45175,1830,367,0,1235,0,0,0,0,0,1337,1627.81,2.40137,3.52742,168488,8,29433,486,464433,32,117732,1944,32,4,644756,1319142,20632192,5276568,25908760,4,4,12,4,4,4,0,20,20,20260807,5,1,1,1,0,0,0,6382,0.265917,1,0.0015,0
1583,14193.4,6,0,2.07437,4.30546,0,0,0,6.37983,361,361,0,1,2.45175,2.45175,1830,367,0,1235,0,0,0,0,0,1337,1627.81,2.40137,3.52742,168488,8,29433,486,464433,32,117732,1944,32,4,644756,1319142,20632192,5276568,25908760,4,4,12,4,4,4,0,20,20,20260807,5,1,1,1,0,0,0,6382,0.265917,1,0.0015,0
1584,14203.5,10,0,2.24412,7.70667,0,0,0,9.95079,361,361,0,1,2.45175,2.45175,1830,367,0,1235,0,0,0,0,0,1337,1627.81,2.40137,3.52742,168488,8,29433,486,464433,32,117732,1944,32,4,644756,1319142,20632192,5276568,25908760,4,4,12,4,4,4,0,20,20,20260807,5,1,1,1,0,0,0,6383,0.265958,1,0.0015,1
1585,14209.5,6,0,2.0955,3.81667,0,0,0,5.91217,361,361,0,1,2.45175,2.45175,1830,367,0,1235,0,0,0,0,0,1337,1627.81,2.40137,3.52742,168488,8,29433,486,464433,32,117732,1944,32,4,644756,1319142,20632192,5276568,25908760,4,4,12,4,4,4,0,20,20,20260807,5,1,1,1,0,0,0,6383,0.265958,1,0.0015,0
1586,14220.4,11,0,2.86479,8.0285,0,0,0,10.8933,361,361,0,1,2.45175,2.45175,1830,367,0,1235,0,0,0,0,0,1337,1627.81,2.40137,3.52742,168488,8,29433,486,464433,32,117732,1944,32,4,644756,1319142,20632192,5276568,25908760,4,4,12,4,4,4,0,20,20,20260807,5,1,1,1,0,0,0,6383,0.265958,1,0.0015,0
1587,14226.3,6,0,2.09475,3.71158,0,0,0,5.80633,361,361,0,1,2.45175,2.45175,1830,367,0,1235,0,0,0,0,0,1337,1627.81,2.40137,3.52742,168488,8,29433,486,464433,32,117732,1944,32,4,644756,1319142,20632192,5276568,25908760,4,4,12,4,4,4,0,20,20,20260807,5,1,1,1,0,0,0,6383,0.265958,1,0.0015,0
1588,14236.8,10,0,2.86175,7.53104,0,0,0,10.3928,361,361,0,1,2.45175,2.45175,1830,367,0,1235,0,0,0,0,0,1337,1627.81,2.40137,3.52742,168488,8,29433,486,464433,32,117732,1944,32,4,644756,1319142,20632192,5276568,25908760,4,4,12,4,4,4,0,20,20,20260807,5,1,1,1,0,0,0,6383,0.265958,1,0.0015,0
1589,14242.8,6,0,2.10475,3.86408,0,0,0,5.96883,361,361,0,1,2.45175,2.45175,1830,367,0,1235,0,0,0,0,0,1337,1627.81,2.40137,3.52742,168488,8,29433,486,464433,32,117732,1944,32,4,644756,1319142,20632192,5276568,25908760,4,4,12,4,4,4,0,20,20,20260807,5,1,1,1,0,0,0,6383,0.265958,1,0.0015,0
1590,14253.6,11,0,2.26421,8.43512,0,0,0,10.6993,361,361,0,1,2.45175,2.45175,1830,367,0,1235,0,0,0,0,0,1337,1627.81,2.40137,3.52742,168488,8,29433,486,464433,32,117732,1944,32,4,644756,1319142,20632192,5276568,25908760,4,4,12,4,4,4,0,20,20,20260807,5,1,1,1,0,0,0,6384,0.266,1,0.0015,1
1591,14261,8,0,2.09596,5.15021,0,0,0,7.24617,361,361,0,1,2.45175,2.45175,1830,367,0,1235,0,0,0,0,0,1337,1627.81,2.40137,3.52742,168488,8,29433,486,464433,32,117732,1944,32,4,644756,1319142,20632192,5276568,25908760,4,4,12,4,4,4,0,20,20,20260807,5,1,1,1,0,0,0,6384,0.266,1,0.0015,0
1592,14270.7,9,0,2.07954,7.56142,0,0,0,9.64096,361,361,0,1,2.45175,2.45175,1830,367,0,1235,0,0,0,0,0,1337,1627.81,2.40137,3.52742,168488,8,29433,486,464433,32,117732,1944,32,4,644756,1319142,20632192,5276568,25908760,4,4,12,4,4,4,0,20,20,20260807,5,1,1,1,0,0,0,6384,0.266,1,0.0015,0
1593,14276.2,6,0,2.11667,3.25542,0,0,0,5.37208,361,361,0,1,2.45175,2.45175,1830,367,0,1235,0,0,0,0,0,1337,1627.81,2.40137,3.52742,168488,8,29433,486,464433,32,117732,1944,32,4,644756,1319142,20632192,5276568,25908760,4,4,12,4,4,4,0,20,20,20260807,5,1,1,1,0,0,0,6384,0.266,1,0.0015,0
1594,14287.1,12,0,3.06604,7.75504,0,0,0,10.8211,361,361,0,1,2.45175,2.45175,1830,367,0,1235,0,0,0,0,0,1337,1627.81,2.40137,3.52742,168488,8,29433,486,464433,32,117732,1944,32,4,644756,1319142,20632192,5276568,25908760,4,4,12,4,4,4,0,20,20,20260807,5,1,1,1,0,0,0,6384,0.266,1,0.0015,0
1595,14294.4,7,0,2.09117,5.16387,0,0,0,7.25504,361,361,0,1,2.45175,2.45175,1830,367,0,1235,0,0,0,0,0,1337,1627.81,2.40137,3.52742,168488,8,29433,486,464433,32,117732,1944,32,4,644756,1319142,20632192,5276568,25908760,4,4,12,4,4,4,0,20,20,20260807,5,1,1,1,0,0,0,6384,0.266,1,0.0015,0
1596,14303.7,9,0,2.13687,7.04025,0,0,0,9.17713,361,361,0,1,2.45175,2.45175,1830,367,0,1235,0,0,0,0,0,1337,1627.81,2.40137,3.52742,168488,8,29433,486,464433,32,117732,1944,32,4,644756,1319142,20632192,5276568,25908760,4,4,12,4,4,4,0,20,20,20260807,5,1,1,1,0,0,0,6385,0.266042,1,0.0015,1
1597,14309.6,6,0,2.03558,3.82271,0,0,0,5.85829,361,361,0,1,2.45175,2.45175,1830,367,0,1235,0,0,0,0,0,1337,1627.81,2.40137,3.52742,168488,8,29433,486,464433,32,117732,1944,32,4,644756,1319142,20632192,5276568,25908760,4,4,12,4,4,4,0,20,20,20260807,5,1,1,1,0,0,0,6385,0.266042,1,0.0015,0
1598,14320.3,11,0,3.00588,7.64917,0,0,0,10.655,361,361,0,1,2.45175,2.45175,1830,367,0,1235,0,0,0,0,0,1337,1627.81,2.40137,3.52742,168488,8,29433,486,464433,32,117732,1944,32,4,644756,1319142,20632192,5276568,25908760,4,4,12,4,4,4,0,20,20,20260807,5,1,1,1,0,0,0,6385,0.266042,1,0.0015,0
1599,14326.7,6,0,2.08546,4.1985,0,0,0,6.28396,361,361,0,1,2.45175,2.45175,1830,367,0,1235,0,0,0,0,0,1337,1627.81,2.40137,3.52742,168488,8,29433,486,464433,32,117732,1944,32,4,644756,1319142,20632192,5276568,25908760,4,4,12,4,4,4,0,20,20,20260807,5,1,1,1,0,0,0,6385,0.266042,1,0.0015,0
1600,14336.9,10,0,2.16358,7.91079,0,0,0,10.0744,361,361,0,1,2.45175,2.45175,1830,367,0,1235,0,0,0,0,0,1337,1627.81,2.40137,3.52742,168488,8,29433,486,464433,32,117732,1944,32,4,644756,1319142,20632192,5276568,25908760,4,4,12,4,4,4,0,20,20,20260807,5,1,1,1,0,0,0,6385,0.266042,1,0.0015,0
1601,14343.1,7,0,2.08696,4.04196,0,0,0,6.12892,361,361,0,1,2.45175,2.45175,1830,367,0,1235,0,0,0,0,0,1337,1627.81,2.40137,3.52742,168488,8,29433,486,464433,32,117732,1944,32,4,644756,1319142,20632192,5276568,25908760,4,4,12,4,4,4,0,20,20,20260807,5,1,1,1,0,0,0,6385,0.266042,1,0.0015,0
1602,14353.7,10,0,2.27567,8.20417,0,0,0,10.4798,361,361,0,1,2.45175,2.45175,1830,367,0,1235,0,0,0,0,0,1337,1627.81,2.40137,3.52742,168488,8,29433,486,464433,32,117732,1944,32,4,644756,1319142,20632192,5276568,25908760,4,4,12,4,4,4,0,20,20,20260807,5,1,1,1,0,0,0,6386,0.266083,1,0.0015,1
1603,14359.7,6,0,2.13042,3.77871,0,0,0,5.90913,361,361,0,1,2.45175,2.45175,1830,367,0,1235,0,0,0,0,0,1337,1627.81,2.40137,3.52742,168488,8,29433,486,464433,32,117732,1944,32,4,644756,1319142,20632192,5276568,25908760,4,4,12,4,4,4,0,20,20,20260807,5,1,1,1,0,0,0,6386,0.266083,1,0.0015,0
1604,14370.2,11,0,2.36604,8.10571,0,0,0,10.4718,361,361,0,1,2.45175,2.45175,1830,367,0,1235,0,0,0,0,0,1337,1627.81,2.40137,3.52742,168488,8,29433,486,464433,32,117732,1944,32,4,644756,1319142,20632192,5276568,25908760,4,4,12,4,4,4,0,20,20,20260807,5,1,1,1,0,0,0,6386,0.266083,1,0.0015,0
1605,14376.8,6,0,2.21971,4.27917,0,0,0,6.49887,361,361,0,1,2.45175,2.45175,1830,367,0,1235,0,0,0,0,0,1337,1627.81,2.40137,3.52742,168488,8,29433,486,464433,32,117732,1944,32,4,644756,1319142,20632192,5276568,25908760,4,4,12,4,4,4,0,20,20,20260807,5,1,1,1,0,0,0,6386,0.266083,1,0.0015,0
1606,14387.5,11,0,2.20262,8.37783,0,0,0,10.5805,361,361,0,1,2.45175,2.45175,1830,367,0,1235,0,0,0,0,0,1337,1627.81,2.40137,3.52742,168488,8,29433,486,464433,32,117732,1944,32,4,644756,1319142,20632192,5276568,25908760,4,4,12,4,4,4,0,20,20,20260807,5,1,1,1,0,0,0,6386,0.266083,1,0.0015,0
1607,14393.5,6,0,2.09517,3.81067,0,0,0,5.90583,361,361,0,1,2.45175,2.45175,1830,367,0,1235,0,0,0,0,0,1337,1627.81,2.40137,3.52742,168488,8,29433,486,464433,32,117732,1944,32,4,644756,1319142,20632192,5276568,25908760,4,4,12,4,4,4,0,20,20,20260807,5,1,1,1,0,0,0,6386,0.266083,1,0.0015,0
1608,14403.6,10,0,2.50896,7.52112,0,0,0,10.0301,361,361,0,1,2.45175,2.45175,1830,367,0,1235,0,0,0,0,0,1337,1627.81,2.40137,3.52742,168488,8,29433,486,464433,32,117732,1944,32,4,644756,1319142,20632192,5276568,25908760,4,4,12,4,4,4,0,20,20,20260807,5,1,1,1,0,0,0,6387,0.266125,1,0.0015,1
1609,14409.6,6,0,2.045,3.86496,0,0,0,5.90996,361,361,0,1,2.45175,2.45175,1830,367,0,1235,0,0,0,0,0,1337,1627.81,2.40137,3.52742,168488,8,29433,486,464433,32,117732,1944,32,4,644756,1319142,20632192,5276568,25908760,4,4,12,4,4,4,0,20,20,20260807,5,1,1,1,0,0,0,6387,0.266125,1,0.0015,0
1610,14420.3,11,0,3.32071,7.34979,0,0,0,10.6705,361,361,0,1,2.45175,2.45175,1830,367,0,1235,0,0,0,0,0,1337,1627.81,2.40137,3.52742,168488,8,29433,486,464433,32,117732,1944,32,4,644756,1319142,20632192,5276568,25908760,4,4,12,4,4,4,0,20,20,20260807,5,1,1,1,0,0,0,6387,0.266125,1,0.0015,0
1611,14427.4,7,0,2.06267,4.94746,0,0,0,7.01013,361,361,0,1,2.45175,2.45175,1830,367,0,1235,0,0,0,0,0,1337,1627.81,2.40137,3.52742,168488,8,29433,486,464433,32,117732,1944,32,4,644756,1319142,20632192,5276568,25908760,4,4,12,4,4,4,0,20,20,20260807,5,1,1,1,0,0,0,6387,0.266125,1,0.0015,0
1612,14436.9,9,0,2.141,7.23062,0,0,0,9.37162,361,361,0,1,2.45175,2.45175,1830,367,0,1235,0,0,0,0,0,1337,1627.81,2.40137,3.52742,168488,8,29433,486,464433,32,117732,1944,32,4,644756,1319142,20632192,5276568,25908760,4,4,12,4,4,4,0,20,20,20260807,5,1,1,1,0,0,0,6387,0.266125,1,0.0015,0
1613,14443,7,0,2.12625,3.96258,0,0,0,6.08883,361,361,0,1,2.45175,2.45175,1830,367,0,1235,0,0,0,0,0,1337,1627.81,2.40137,3.52742,168488,8,29433,486,464433,32,117732,1944,32,4,644756,1319142,20632192,5276568,25908760,4,4,12,4,4,4,0,20,20,20260807,5,1,1,1,0,0,0,6387,0.266125,1,0.0015,0
1614,14453.7,10,0,2.27142,8.20637,0,0,0,10.4778,361,361,0,1,2.45175,2.45175,1830,367,0,1235,0,0,0,0,0,1337,1627.81,2.40137,3.52742,168488,8,29433,486,464433,32,117732,1944,32,4,644756,1319142,20632192,5276568,25908760,4,4,12,4,4,4,0,20,20,20260807,5,1,1,1,0,0,0,6388,0.266167,1,0.0015,1
1615,14461.1,8,0,2.0855,5.27529,0,0,0,7.36079,361,361,0,1,2.45175,2.45175,1830,367,0,1235,0,0,0,0,0,1337,1627.81,2.40137,3.52742,168488,8,29433,486,464433,32,117732,1944,32,4,644756,1319142,20632192,5276568,25908760,4,4,12,4,4,4,0,20,20,20260807,5,1,1,1,0,0,0,6388,0.266167,1,0.0015,0
1616,14470.2,9,0,2.10033,6.93883,0,0,0,9.03917,361,361,0,1,2.45175,2.45175,1830,367,0,1235,0,0,0,0,0,1337,1627.81,2.40137,3.52742,168488,8,29433,486,464433,32,117732,1944,32,4,644756,1319142,20632192,5276568,25908760,4,4,12,4,4,4,0,20,20,20260807,5,1,1,1,0,0,0,6388,0.266167,1,0.0015,0
1617,14475.8,5,0,2.10671,3.34167,0,0,0,5.44838,361,361,0,1,2.45175,2.45175,1830,367,0,1235,0,0,0,0,0,1337,1627.81,2.40137,3.52742,168488,8,29433,486,464433,32,117732,1944,32,4,644756,1319142,20632192,5276568,25908760,4,4,12,4,4,4,0,20,20,20260807,5,1,1,1,0,0,0,6388,0.266167,1,0.0015,0
1618,14487,12,0,2.30792,8.88017,0,0,0,11.1881,361,361,0,1,2.45175,2.45175,1830,367,0,1235,0,0,0,0,0,1337,1627.81,2.40137,3.52742,168488,8,29433,486,464433,32,117732,1944,32,4,644756,1319142,20632192,5276568,25908760,4,4,12,4,4,4,0,20,20,20260807,5,1,1,1,0,0,0,6388,0.266167,1,0.0015,0
1619,14497.1,10,0,2.13996,7.80196,0,0,0,9.94192,361,361,0,1,2.45175,2.45175,1830,367,0,1235,0,0,0,0,0,1337,1627.81,2.40137,3.52742,168488,8,29433,486,464433,32,117732,1944,32,4,644756,1319142,20632192,5276568,25908760,4,4,12,4,4,4,0,20,20,20260807,5,1,1,1,0,0,0,6388,0.266167,1,0.0015,0
1620,14503.6,6,0,2.10783,4.33863,0,0,0,6.44646,361,361,0,1,2.45175,2.45175,1830,367,0,1235,0,0,0,0,0,1337,1627.81,2.40137,3.52742,168488,8,29433,486,464433,32,117732,1944,32,4,644756,1319142,20632192,5276568,25908760,4,4,12,4,4,4,0,20,20,20260807,5,1,1,1,0,0,0,6389,0.266208,1,0.0015,1
1621,14509.7,6,0,2.09767,3.93679,0,0,0,6.03446,361,361,0,1,2.45175,2.45175,1830,367,0,1235,0,0,0,0,0,1337,1627.81,2.40137,3.52742,168488,8,29433,486,464433,32,117732,1944,32,4,644756,1319142,20632192,5276568,25908760,4,4,12,4,4,4,0,20,20,20260807,5,1,1,1,0,0,0,6389,0.266208,1,0.0015,0
1622,14520.3,11,0,2.29088,8.118,0,0,0,10.4089,361,361,0,1,2.45175,2.45175,1830,367,0,1235,0,0,0,0,0,1337,1627.81,2.40137,3.52742,168488,8,29433,486,464433,32,117732,1944,32,4,644756,1319142,20632192,5276568,25908760,4,4,12,4,4,4,0,20,20,20260807,5,1,1,1,0,0,0,6389,0.266208,1,0.0015,0
1623,14527.9,7,0,2.03771,5.52158,0,0,0,7.55929,361,361,0,1,2.45175,2.45175,1830,367,0,1235,0,0,0,0,0,1337,1627.81,2.40137,3.52742,168488,8,29433,486,464433,32,117732,1944,32,4,644756,1319142,20632192,5276568,25908760,4,4,12,4,4,4,0,20,20,20260807,5,1,1,1,0,0,0,6389,0.266208,1,0.0015,0
1624,14536.8,9,0,2.10913,6.72979,0,0,0,8.83892,361,361,0,1,2.45175,2.45175,1830,367,0,1235,0,0,0,0,0,1337,1627.81,2.40137,3.52742,168488,8,29433,486,464433,32,117732,1944,32,4,644756,1319142,20632192,5276568,25908760,4,4,12,4,4,4,0,20,20,20260807,5,1,1,1,0,0,0,6389,0.266208,1,0.0015,0
1625,14543,7,0,2.07796,4.05671,0,0,0,6.13467,361,361,0,1,2.45175,2.45175,1830,367,0,1235,0,0,0,0,0,1337,1627.81,2.40137,3.52742,168488,8,29433,486,464433,32,117732,1944,32,4,644756,1319142,20632192,5276568,25908760,4,4,12,4,4,4,0,20,20,20260807,5,1,1,1,0,0,0,6389,0.266208,1,0.0015,0
1626,14554.3,11,0,2.22575,8.90754,0,0,0,11.1333,361,361,0,1,2.45175,2.45175,1830,367,0,1235,0,0,0,0,0,1337,1627.81,2.40137,3.52742,168488,8,29433,486,464433,32,117732,1944,32,4,644756,1319142,20632192,5276568,25908760,4,4,12,4,4,4,0,20,20,20260807,5,1,1,1,0,0,0,6390,0.26625,1,0.0015,1
1627,14561.5,7,0,2.08387,5.04775,0,0,0,7.13162,361,361,0,1,2.45175,2.45175,1830,367,0,1235,0,0,0,0,0,1337,1627.81,2.40137,3.52742,168488,8,29433,486,464433,32,117732,1944,32,4,644756,1319142,20632192,5276568,25908760,4,4,12,4,4,4,0,20,20,20260807,5,1,1,1,0,0,0,6390,0.26625,1,0.0015,0
1628,14570.4,9,0,2.09867,6.77187,0,0,0,8.87054,361,361,0,1,2.45175,2.45175,1830,367,0,1235,0,0,0,0,0,1337,1627.81,2.40137,3.52742,168488,8,29433,486,464433,32,117732,1944,32,4,644756,1319142,20632192,5276568,25908760,4,4,12,4,4,4,0,20,20,20260807,5,1,1,1,0,0,0,6390,0.26625,1,0.0015,0
1629,14576.4,6,0,2.06871,3.81717,0,0,0,5.88588,361,361,0,1,2.45175,2.45175,1830,367,0,1235,0,0,0,0,0,1337,1627.81,2.40137,3.52742,168488,8,29433,486,464433,32,117732,1944,32,4,644756,1319142,20632192,5276568,25908760,4,4,12,4,4,4,0,20,20,20260807,5,1,1,1,0,0,0,6390,0.26625,1,0.0015,0
1630,14587,11,0,2.26371,8.20146,0,0,0,10.4652,361,361,0,1,2.45175,2.45175,1830,367,0,1235,0,0,0,0,0,1337,1627.81,2.40137,3.52742,168488,8,29433,486,464433,32,117732,1944,32,4,644756,1319142,20632192,5276568,25908760,4,4,12,4,4,4,0,20,20,20260807,5,1,1,1,0,0,0,6390,0.26625,1,0.0015,0
1631,14593.7,6,0,2.29937,4.37546,0,0,0,6.67483,361,361,0,1,2.45175,2.45175,1830,367,0,1235,0,0,0,0,0,1337,1627.81,2.40137,3.52742,168488,8,29433,486,464433,32,117732,1944,32,4,644756,1319142,20632192,5276568,25908760,4,4,12,4,4,4,0,20,20,20260807,5,1,1,1,0,0,0,6390,0.26625,1,0.0015,0
1632,14603.5,10,0,2.13817,7.60792,0,0,0,9.74608,361,361,0,1,2.45175,2.45175,1830,367,0,1235,0,0,0,0,0,1337,1627.81,2.40137,3.52742,168488,8,29433,486,464433,32,117732,1944,32,4,644756,1319142,20632192,5276568,25908760,4,4,12,4,4,4,0,20,20,20260807,5,1,1,1,0,0,0,6391,0.266292,1,0.0015,1
1633,14609.6,6,0,2.03821,3.91379,0,0,0,5.952,361,361,0,1,2.45175,2.45175,1830,367,0,1235,0,0,0,0,0,1337,1627.81,2.40137,3.52742,168488,8,29433,486,464433,32,117732,1944,32,4,644756,1319142,20632192,5276568,25908760,4,4,12,4,4,4,0,20,20,20260807,5,1,1,1,0,0,0,6391,0.266292,1,0.0015,0
1634,14620.2,11,0,2.30525,8.28617,0,0,0,10.5914,361,361,0,1,2.45175,2.45175,1830,367,0,1235,0,0,0,0,0,1337,1627.81,2.40137,3.52742,168488,8,29433,486,464433,32,117732,1944,32,4,644756,1319142,20632192,5276568,25908760,4,4,12,4,4,4,0,20,20,20260807,5,1,1,1,0,0,0,6391,0.266292,1,0.0015,0
1635,14626.7,6,0,2.03892,4.30488,0,0,0,6.34379,361,361,0,1,2.45175,2.45175,1830,367,0,1235,0,0,0,0,0,1337,1627.81,2.40137,3.52742,168488,8,29433,486,464433,32,117732,1944,32,4,644756,1319142,20632192,5276568,25908760,4,4,12,4,4,4,0,20,20,20260807,5,1,1,1,0,0,0,6391,0.266292,1,0.0015,0
1636,14636.9,10,0,2.13675,7.99492,0,0,0,10.1317,361,361,0,1,2.45175,2.45175,1830,367,0,1235,0,0,0,0,0,1337,1627.81,2.40137,3.52742,168488,8,29433,486,464433,32,117732,1944,32,4,644756,1319142,20632192,5276568,25908760,4,4,12,4,4,4,0,20,20,20260807,5,1,1,1,0,0,0,6391,0.266292,1,0.0015,0
1637,14642.7,6,0,2.03908,3.66421,0,0,0,5.70329,361,361,0,1,2.45175,2.45175,1830,367,0,1235,0,0,0,0,0,1337,1627.81,2.40137,3.52742,168488,8,29433,486,464433,32,117732,1944,32,4,644756,1319142,20632192,5276568,25908760,4,4,12,4,4,4,0,20,20,20260807,5,1,1,1,0,0,0,6391,0.266292,1,0.0015,0
1638,14653.7,11,0,2.39417,8.49654,0,0,0,10.8907,361,361,0,1,2.45175,2.45175,1830,367,0,1235,0,0,0,0,0,1337,1627.81,2.40137,3.52742,168488,8,29433,486,464433,32,117732,1944,32,4,644756,1319142,20632192,5276568,25908760,4,4,12,4,4,4,0,20,20,20260807,5,1,1,1,0,0,0,6392,0.266333,1,0.0015,1
1639,14660.3,7,0,2.05246,4.50429,0,0,0,6.55675,361,361,0,1,2.45175,2.45175,1830,367,0,1235,0,0,0,0,0,1337,1627.81,2.40137,3.52742,168488,8,29433,486,464433,32,117732,1944,32,4,644756,1319142,20632192,5276568,25908760,4,4,12,4,4,4,0,20,20,20260807,5,1,1,1,0,0,0,6392,0.266333,1,0.0015,0
1640,14670.2,10,0,2.07471,7.78446,0,0,0,9.85917,361,361,0,1,2.45175,2.45175,1830,367,0,1235,0,0,0,0,0,1337,1627.81,2.40137,3.52742,168488,8,29433,486,464433,32,117732,1944,32,4,644756,1319142,20632192,5276568,25908760,4,4,12,4,4,4,0,20,20,20260807,5,1,1,1,0,0,0,6392,0.266333,1,0.0015,0
1641,14675.9,5,0,2.10492,3.47313,0,0,0,5.57804,361,361,0,1,2.45175,2.45175,1830,367,0,1235,0,0,0,0,0,1337,1627.81,2.40137,3.52742,168488,8,29433,486,464433,32,117732,1944,32,4,644756,1319142,20632192,5276568,25908760,4,4,12,4,4,4,0,20,20,20260807,5,1,1,1,0,0,0,6392,0.266333,1,0.0015,0
1642,14687,12,0,2.26671,8.79908,0,0,0,11.0658,361,361,0,1,2.45175,2.45175,1830,367,0,1235,0,0,0,0,0,1337,1627.81,2.40137,3.52742,168488,8,29433,486,464433,32,117732,1944,32,4,644756,1319142,20632192,5276568,25908760,4,4,12,4,4,4,0,20,20,20260807,5,1,1,1,0,0,0,6392,0.266333,1,0.0015,0
1643,14693.9,7,0,2.00813,4.8365,0,0,0,6.84462,361,361,0,1,2.45175,2.45175,1830,367,0,1235,0,0,0,0,0,1337,1627.81,2.40137,3.52742,168488,8,29433,486,464433,32,117732,1944,32,4,644756,1319142,20632192,5276568,25908760,4,4,12,4,4,4,0,20,20,20260807,5,1,1,1,0,0,0,6392,0.266333,1,0.0015,0
1644,14703.6,9,0,2.05029,7.53737,0,0,0,9.58767,361,361,0,1,2.45175,2.45175,1830,367,0,1235,0,0,0,0,0,1337,1627.81,2.40137,3.52742,168488,8,29433,486,464433,32,117732,1944,32,4,644756,1319142,20632192,5276568,25908760,4,4,12,4,4,4,0,20,20,20260807,5,1,1,1,0,0,0,6393,0.266375,1,0.0015,1
1645,14709.7,6,0,2.04021,3.96854,0,0,0,6.00875,361,361,0,1,2.45175,2.45175,1830,367,0,1235,0,0,0,0,0,1337,1627.81,2.40137,3.52742,168488,8,29433,486,464433,32,117732,1944,32,4,644756,1319142,20632192,5276568,25908760,4,4,12,4,4,4,0,20,20,20260807,5,1,1,1,0,0,0,6393,0.266375,1,0.0015,0
1646,14720.5,11,0,2.07996,7.95633,0,0,0,10.0363,361,361,0,1,2.45175,2.45175,1830,367,0,1235,0,0,0,0,0,1337,1627.81,2.40137,3.52742,168488,8,29433,486,464433,32,117732,1944,32,4,644756,1319142,20632192,5276568,25908760,4,4,12,4,4,4,0,20,20,20260807,5,1,1,1,0,0,0,6393,0.266375,1,0.0015,0
1647,14726.2,6,0,2.09383,3.55371,0,0,0,5.64754,361,361,0,1,2.45175,2.45175,1830,367,0,1235,0,0,0,0,0,1337,1627.81,2.40137,3.52742,168488,8,29433,486,464433,32,117732,1944,32,4,644756,1319142,20632192,5276568,25908760,4,4,12,4,4,4,0,20,20,20260807,5,1,1,1,0,0,0,6393,0.266375,1,0.0015,0
1648,14736.9,10,0,3.61937,6.98604,0,0,0,10.6054,361,361,0,1,2.45175,2.45175,1830,367,0,1235,0,0,0,0,0,1337,1627.81,2.40137,3.52742,168488,8,29433,486,464433,32,117732,1944,32,4,644756,1319142,20632192,5276568,25908760,4,4,12,4,4,4,0,20,20,20260807,5,1,1,1,0,0,0,6393,0.266375,1,0.0015,0
1649,14743.8,7,0,2.076,4.72213,0,0,0,6.79812,361,361,0,1,2.45175,2.45175,1830,367,0,1235,0,0,0,0,0,1337,1627.81,2.40137,3.52742,168488,8,29433,486,464433,32,117732,1944,32,4,644756,1319142,20632192,5276568,25908760,4,4,12,4,4,4,0,20,20,20260807,5,1,1,1,0,0,0,6393,0.266375,1,0.0015,0
1650,14753.7,10,0,2.17092,7.56996,0,0,0,9.74088,361,361,0,1,2.45175,2.45175,1830,367,0,1235,0,0,0,0,0,1337,1627.81,2.40137,3.52742,168488,8,29433,486,464433,32,117732,1944,32,4,644756,1319142,20632192,5276568,25908760,4,4,12,4,4,4,0,20,20,20260807,5,1,1,1,0,0,0,6394,0.266417,1,0.0015,1
1651,14760.1,7,0,2.06367,4.27008,0,0,0,6.33375,361,361,0,1,2.45175,2.45175,1830,367,0,1235,0,0,0,0,0,1337,1627.81,2.40137,3.52742,168488,8,29433,486,464433,32,117732,1944,32,4,644756,1319142,20632192,5276568,25908760,4,4,12,4,4,4,0,20,20,20260807,5,1,1,1,0,0,0,6394,0.266417,1,0.0015,0
1652,14770.3,10,0,2.20546,7.90825,0,0,0,10.1137,361,361,0,1,2.45175,2.45175,1830,367,0,1235,0,0,0,0,0,1337,1627.81,2.40137,3.52742,168488,8,29433,486,464433,32,117732,1944,32,4,644756,1319142,20632192,5276568,25908760,4,4,12,4,4,4,0,20,20,20260807,5,1,1,1,0,0,0,6394,0.266417,1,0.0015,0
1653,14776.2,6,0,2.09271,3.74029,0,0,0,5.833,361,361,0,1,2.45175,2.45175,1830,367,0,1235,0,0,0,0,0,1337,1627.81,2.40137,3.52742,168488,8,29433,486,464433,32,117732,1944,32,4,644756,1319142,20632192,5276568,25908760,4,4,12,4,4,4,0,20,20,20260807,5,1,1,1,0,0,0,6394,0.266417,1,0.0015,0
1654,14789,13,0,2.83004,9.91025,0,0,0,12.7403,361,361,0,1,2.45175,2.45175,1830,367,0,1235,0,0,0,0,0,1337,1627.81,2.40137,3.52742,168488,8,29433,486,464433,32,117732,1944,32,4,644756,1319142,20632192,5276568,25908760,4,4,12,4,4,4,0,20,20,20260807,5,1,1,1,0,0,0,6394,0.266417,1,0.0015,0
1655,14794.3,5,0,2.19367,3.00575,0,0,0,5.19942,361,361,0,1,2.45175,2.45175,1830,367,0,1235,0,0,0,0,0,1337,1627.81,2.40137,3.52742,168488,8,29433,486,464433,32,117732,1944,32,4,644756,1319142,20632192,5276568,25908760,4,4,12,4,4,4,0,20,20,20260807,5,1,1,1,0,0,0,6395,0.266458,1,0.0015,1
1656,14803.9,9,0,2.22654,7.32867,0,0,0,9.55521,361,361,0,1,2.45175,2.45175,1830,367,0,1235,0,0,0,0,0,1337,1627.81,2.40137,3.52742,168488,8,29433,486,464433,32,117732,1944,32,4,644756,1319142,20632192,5276568,25908760,4,4,12,4,4,4,0,20,20,20260807,5,1,1,1,0,0,0,6395,0.266458,1,0.0015,0
1657,14810.2,7,0,2.07092,4.09133,0,0,0,6.16225,361,361,0,1,2.45175,2.45175,1830,367,0,1235,0,0,0,0,0,1337,1627.81,2.40137,3.52742,168488,8,29433,486,464433,32,117732,1944,32,4,644756,1319142,20632192,5276568,25908760,4,4,12,4,4,4,0,20,20,20260807,5,1,1,1,0,0,0,6395,0.266458,1,0.0015,0
1658,14820.9,10,0,2.30717,8.32837,0,0,0,10.6355,361,361,0,1,2.45175,2.45175,1830,367,0,1235,0,0,0,0,0,1337,1627.81,2.40137,3.52742,168488,8,29433,486,464433,32,117732,1944,32,4,644756,1319142,20632192,5276568,25908760,4,4,12,4,4,4,0,20,20,20260807,5,1,1,1,0,0,0,6395,0.266458,1,0.0015,0
1659,14828,8,0,2.12721,4.95358,0,0,0,7.08079,361,361,0,1,2.45175,2.45175,1830,367,0,1235,0,0,0,0,0,1337,1627.81,2.40137,3.52742,168488,8,29433,486,464433,32,117732,1944,32,4,644756,1319142,20632192,5276568,25908760,4,4,12,4,4,4,0,20,20,20260807,5,1,1,1,0,0,0,6395,0.266458,1,0.0015,0
1660,14842.6,14,0,2.155,12.3031,0,0,0,14.4581,361,361,0,1,2.45175,2.45175,1830,367,0,1235,0,0,0,0,0,1337,1627.81,2.40137,3.52742,168488,8,29433,486,464433,32,117732,1944,32,4,644756,1319142,20632192,5276568,25908760,4,4,12,4,4,4,0,20,20,20260807,5,1,1,1,0,0,0,6395,0.266458,1,0.0015,0
1661,14853.7,11,0,2.32133,8.7385,0,0,0,11.0598,361,361,0,1,2.45175,2.45175,1830,367,0,1235,0,0,0,0,0,1337,1627.81,2.40137,3.52742,168488,8,29433,486,464433,32,117732,1944,32,4,644756,1319142,20632192,5276568,25908760,4,4,12,4,4,4,0,20,20,20260807,5,1,1,1,0,0,0,6396,0.2665,1,0.0015,1
1662,14860.7,7,0,2.07917,4.85,0,0,0,6.92917,361,361,0,1,2.45175,2.45175,1830,367,0,1235,0,0,0,0,0,1337,1627.81,2.40137,3.52742,168488,8,29433,486,464433,32,117732,1944,32,4,644756,1319142,20632192,5276568,25908760,4,4,12,4,4,4,0,20,20,20260807,5,1,1,1,0,0,0,6396,0.2665,1,0.0015,0
1663,14870.3,10,0,2.23833,7.27017,0,0,0,9.5085,361,361,0,1,2.45175,2.45175,1830,367,0,1235,0,0,0,0,0,1337,1627.81,2.40137,3.52742,168488,8,29433,486,464433,32,117732,1944,32,4,644756,1319142,20632192,5276568,25908760,4,4,12,4,4,4,0,20,20,20260807,5,1,1,1,0,0,0,6396,0.2665,1,0.0015,0
1664,14876.4,6,0,2.14604,3.85492,0,0,0,6.00096,361,361,0,1,2.45175,2.45175,1830,367,0,1235,0,0,0,0,0,1337,1627.81,2.40137,3.52742,168488,8,29433,486,464433,32,117732,1944,32,4,644756,1319142,20632192,5276568,25908760,4,4,12,4,4,4,0,20,20,20260807,5,1,1,1,0,0,0,6396,0.2665,1,0.0015,0
1665,14886.8,10,0,2.31767,7.99367,0,0,0,10.3113,361,361,0,1,2.45175,2.45175,1830,367,0,1235,0,0,0,0,0,1337,1627.81,2.40137,3.52742,168488,8,29433,486,464433,32,117732,1944,32,4,644756,1319142,20632192,5276568,25908760,4,4,12,4,4,4,0,20,20,20260807,5,1,1,1,0,0,0,6396,0.2665,1,0.0015,0
1666,14893.8,7,0,2.14787,4.69733,0,0,0,6.84521,361,361,0,1,2.45175,2.45175,1830,367,0,1235,0,0,0,0,0,1337,1627.81,2.40137,3.52742,168488,8,29433,486,464433,32,117732,1944,32,4,644756,1319142,20632192,5276568,25908760,4,4,12,4,4,4,0,20,20,20260807,5,1,1,1,0,0,0,6396,0.2665,1,0.0015,0
1667,14903.5,10,0,2.24096,7.43917,0,0,0,9.68013,361,361,0,1,2.45175,2.45175,1830,367,0,1235,0,0,0,0,0,1337,1627.81,2.40137,3.52742,168488,8,29433,486,464433,32,117732,1944,32,4,644756,1319142,20632192,5276568,25908760,4,4,12,4,4,4,0,20,20,20260807,5,1,1,1,0,0,0,6397,0.266542,1,0.0015,1
1668,14909.6,6,0,2.13658,3.85637,0,0,0,5.99296,361,361,0,1,2.45175,2.45175,1830,367,0,1235,0,0,0,0,0,1337,1627.81,2.40137,3.52742,168488,8,29433,486,464433,32,117732,1944,32,4,644756,1319142,20632192,5276568,25908760,4,4,12,4,4,4,0,20,20,20260807,5,1,1,1,0,0,0,6397,0.266542,1,0.0015,0
1669,14920.3,11,0,2.32033,8.31354,0,0,0,10.6339,361,361,0,1,2.45175,2.45175,1830,367,0,1235,0,0,0,0,0,1337,1627.81,2.40137,3.52742,168488,8,29433,486,464433,32,117732,1944,32,4,644756,1319142,20632192,5276568,25908760,4,4,12,4,4,4,0,20,20,20260807,5,1,1,1,0,0,0,6397,0.266542,1,0.0015,0
1670,14926.9,6,0,2.11383,4.40875,0,0,0,6.52258,361,361,0,1,2.45175,2.45175,1830,367,0,1235,0,0,0,0,0,1337,1627.81,2.40137,3.52742,168488,8,29433,486,464433,32,117732,1944,32,4,644756,1319142,20632192,5276568,25908760,4,4,12,4,4,4,0,20,20,20260807,5,1,1,1,0,0,0,6397,0.266542,1,0.0015,0
1671,14937,11,0,2.24433,7.75908,0,0,0,10.0034,361,361,0,1,2.45175,2.45175,1830,367,0,1235,0,0,0,0,0,1337,1627.81,2.40137,3.52742,168488,8,29433,486,464433,32,117732,1944,32,4,644756,1319142,20632192,5276568,25908760,4,4,12,4,4,4,0,20,20,20260807,5,1,1,1,0,0,0,6397,0.266542,1,0.0015,0
1672,14942.9,6,0,2.26912,3.59579,0,0,0,5.86492,361,361,0,1,2.45175,2.45175,1830,367,0,1235,0,0,0,0,0,1337,1627.81,2.40137,3.52742,168488,8,29433,486,464433,32,117732,1944,32,4,644756,1319142,20632192,5276568,25908760,4,4,12,4,4,4,0,20,20,20260807,5,1,1,1,0,0,0,6397,0.266542,1,0.0015,0
1673,14953.5,10,0,2.30163,8.21429,0,0,0,10.5159,361,361,0,1,2.45175,2.45175,1830,367,0,1235,0,0,0,0,0,1337,1627.81,2.40137,3.52742,168488,8,29433,486,464433,32,117732,1944,32,4,644756,1319142,20632192,5276568,25908760,4,4,12,4,4,4,0,20,20,20260807,5,1,1,1,0,0,0,6398,0.266583,1,0.0015,1
1674,14960.2,7,0,2.06162,4.54158,0,0,0,6.60321,361,361,0,1,2.45175,2.45175,1830,367,0,1235,0,0,0,0,0,1337,1627.81,2.40137,3.52742,168488,8,29433,486,464433,32,117732,1944,32,4,644756,1319142,20632192,5276568,25908760,4,4,12,4,4,4,0,20,20,20260807,5,1,1,1,0,0,0,6398,0.266583,1,0.0015,0
1675,14970.2,10,0,2.24617,7.62721,0,0,0,9.87337,361,361,0,1,2.45175,2.45175,1830,367,0,1235,0,0,0,0,0,1337,1627.81,2.40137,3.52742,168488,8,29433,486,464433,32,117732,1944,32,4,644756,1319142,20632192,5276568,25908760,4,4,12,4,4,4,0,20,20,20260807,5,1,1,1,0,0,0,6398,0.266583,1,0.0015,0
1676,14975.6,5,0,2.11167,3.24604,0,0,0,5.35771,361,361,0,1,2.45175,2.45175,1830,367,0,1235,0,0,0,0,0,1337,1627.81,2.40137,3.52742,168488,8,29433,486,464433,32,117732,1944,32,4,644756,1319142,20632192,5276568,25908760,4,4,12,4,4,4,0,20,20,20260807,5,1,1,1,0,0,0,6398,0.266583,1,0.0015,0
1677,14987.1,12,0,2.30946,9.08746,0,0,0,11.3969,361,361,0,1,2.45175,2.45175,1830,367,0,1235,0,0,0,0,0,1337,1627.81,2.40137,3.52742,168488,8,29433,486,464433,32,117732,1944,32,4,644756,1319142,20632192,5276568,25908760,4,4,12,4,4,4,0,20,20,20260807,5,1,1,1,0,0,0,6398,0.266583,1,0.0015,0
1678,14993.8,6,0,2.15342,4.43283,0,0,0,6.58625,361,361,0,1,2.45175,2.45175,1830,367,0,1235,0,0,0,0,0,1337,1627.81,2.40137,3.52742,168488,8,29433,486,464433,32,117732,1944,32,4,644756,1319142,20632192,5276568,25908760,4,4,12,4,4,4,0,20,20,20260807,5,1,1,1,0,0,0,6398,0.266583,1,0.0015,0
1679,15003.6,10,0,2.18592,7.49692,0,0,0,9.68283,361,361,0,1,2.45175,2.45175,1830,367,0,1235,0,0,0,0,0,1337,1627.81,2.40137,3.52742,168488,8,29433,486,464433,32,117732,1944,32,4,644756,1319142,20632192,5276568,25908760,4,4,12,4,4,4,0,20,20,20260807,5,1,1,1,0,0,0,6399,0.266625,1,0.0015,1
1680,15011,8,0,2.04438,5.36179,0,0,0,7.40617,361,361,0,1,2.45175,2.45175,1830,367,0,1235,0,0,0,0,0,1337,1627.81,2.40137,3.52742,168488,8,29433,486,464433,32,117732,1944,32,4,644756,1319142,20632192,5276568,25908760,4,4,12,4,4,4,0,20,20,20260807,5,1,1,1,0,0,0,6399,0.266625,1,0.0015,0
1681,15020.2,9,0,2.12392,6.94279,0,0,0,9.06671,361,361,0,1,2.45175,2.45175,1830,367,0,1235,0,0,0,0,0,1337,1627.81,2.40137,3.52742,168488,8,29433,486,464433,32,117732,1944,32,4,644756,1319142,20632192,5276568,25908760,4,4,12,4,4,4,0,20,20,20260807,5,1,1,1,0,0,0,6399,0.266625,1,0.0015,0
1682,15027.6,7,0,2.02588,5.33729,0,0,0,7.36317,361,361,0,1,2.45175,2.45175,1830,367,0,1235,0,0,0,0,0,1337,1627.81,2.40137,3.52742,168488,8,29433,486,464433,32,117732,1944,32,4,644756,1319142,20632192,5276568,25908760,4,4,12,4,4,4,0,20,20,20260807,5,1,1,1,0,0,0,6399,0.266625,1,0.0015,0
1683,15036.9,8,0,2.09942,7.06442,0,0,0,9.16383,361,361,0,1,2.45175,2.45175,1830,367,0,1235,0,0,0,0,0,1337,1627.81,2.40137,3.52742,168488,8,29433,486,464433,32,117732,1944,32,4,644756,1319142,20632192,5276568,25908760,4,4,12,4,4,4,0,20,20,20260807,5,1,1,1,0,0,0,6399,0.266625,1,0.0015,0
1684,15043.2,7,0,2.03246,4.24825,0,0,0,6.28071,361,361,0,1,2.45175,2.45175,1830,367,0,1235,0,0,0,0,0,1337,1627.81,2.40137,3.52742,168488,8,29433,486,464433,32,117732,1944,32,4,644756,1319142,20632192,5276568,25908760,4,4,12,4,4,4,0,20,20,20260807,5,1,1,1,0,0,0,6399,0.266625,1,0.0015,0
1685,15053.6,10,0,2.23575,8.01758,0,0,0,10.2533,361,361,0,1,2.45175,2.45175,1830,367,0,1235,0,0,0,0,0,1337,1627.81,2.40137,3.52742,168488,8,29433,486,464433,32,117732,1944,32,4,644756,1319142,20632192,5276568,25908760,4,4,12,4,4,4,0,20,20,20260807,5,1,1,1,0,0,0,6400,0.266667,1,0.0015,1
1686,15063.2,10,0,2.16846,7.35767,0,0,0,9.52613,361,361,0,1,2.45175,2.45175,1830,367,0,1235,0,0,0,0,0,1337,1627.81,2.40137,3.52742,168488,8,29433,486,464433,32,117732,1944,32,4,644756,1319142,20632192,5276568,25908760,4,4,12,4,4,4,0,20,20,20260807,5,1,1,1,0,0,0,6400,0.266667,1,0.0015,0
1687,15070.3,7,0,2.08613,4.90517,0,0,0,6.99129,361,361,0,1,2.45175,2.45175,1830,367,0,1235,0,0,0,0,0,1337,1627.81,2.40137,3.52742,168488,8,29433,486,464433,32,117732,1944,32,4,644756,1319142,20632192,5276568,25908760,4,4,12,4,4,4,0,20,20,20260807,5,1,1,1,0,0,0,6400,0.266667,1,0.0015,0
1688,15076.1,6,0,2.13083,3.56617,0,0,0,5.697,361,361,0,1,2.45175,2.45175,1830,367,0,1235,0,0,0,0,0,1337,1627.81,2.40137,3.52742,168488,8,29433,486,464433,32,117732,1944,32,4,644756,1319142,20632192,5276568,25908760,4,4,12,4,4,4,0,20,20,20260807,5,1,1,1,0,0,0,6400,0.266667,1,0.0015,0
1689,15087.1,11,0,2.32729,8.62913,0,0,0,10.9564,361,361,0,1,2.45175,2.45175,1830,367,0,1235,0,0,0,0,0,1337,1627.81,2.40137,3.52742,168488,8,29433,486,464433,32,117732,1944,32,4,644756,1319142,20632192,5276568,25908760,4,4,12,4,4,4,0,20,20,20260807,5,1,1,1,0,0,0,6400,0.266667,1,0.0015,0
1690,15093.4,6,0,2.18429,3.97546,0,0,0,6.15975,361,361,0,1,2.45175,2.45175,1830,367,0,1235,0,0,0,0,0,1337,1627.81,2.40137,3.52742,168488,8,29433,486,464433,32,117732,1944,32,4,644756,1319142,20632192,5276568,25908760,4,4,12,4,4,4,0,20,20,20260807,5,1,1,1,0,0,0,6400,0.266667,1,0.0015,0
1691,15103.6,10,0,2.12033,7.9775,0,0,0,10.0978,361,361,0,1,2.45175,2.45175,1830,367,0,1235,0,0,0,0,0,1337,1627.81,2.40137,3.52742,168488,8,29433,486,464433,32,117732,1944,32,4,644756,1319142,20632192,5276568,25908760,4,4,12,4,4,4,0,20,20,20260807,5,1,1,1,0,0,0,6401,0.266708,1,0.0015,1
1692,15109.2,6,0,2.17713,3.38879,0,0,0,5.56592,361,361,0,1,2.45175,2.45175,1830,367,0,1235,0,0,0,0,0,1337,1627.81,2.40137,3.52742,168488,8,29433,486,464433,32,117732,1944,32,4,644756,1319142,20632192,5276568,25908760,4,4,12,4,4,4,0,20,20,20260807,5,1,1,1,0,0,0,6401,0.266708,1,0.0015,0
1693,15120.4,11,0,2.19437,8.87875,0,0,0,11.0731,361,361,0,1,2.45175,2.45175,1830,367,0,1235,0,0,0,0,0,1337,1627.81,2.40137,3.52742,168488,8,29433,486,464433,32,117732,1944,32,4,644756,1319142,20632192,5276568,25908760,4,4,12,4,4,4,0,20,20,20260807,5,1,1,1,0,0,0,6401,0.266708,1,0.0015,0
1694,15127.1,7,0,2.0975,4.54179,0,0,0,6.63929,361,361,0,1,2.45175,2.45175,1830,367,0,1235,0,0,0,0,0,1337,1627.81,2.40137,3.52742,168488,8,29433,486,464433,32,117732,1944,32,4,644756,1319142,20632192,5276568,25908760,4,4,12,4,4,4,0,20,20,20260807,5,1,1,1,0,0,0,6401,0.266708,1,0.0015,0
1695,15136.9,10,0,2.10404,7.6215,0,0,0,9.72554,361,361,0,1,2.45175,2.45175,1830,367,0,1235,0,0,0,0,0,1337,1627.81,2.40137,3.52742,168488,8,29433,486,464433,32,117732,1944,32,4,644756,1319142,20632192,5276568,25908760,4,4,12,4,4,4,0,20,20,20260807,5,1,1,1,0,0,0,6401,0.266708,1,0.0015,0
1696,15143.1,6,0,2.13883,3.98329,0,0,0,6.12212,361,361,0,1,2.45175,2.45175,1830,367,0,1235,0,0,0,0,0,1337,1627.81,2.40137,3.52742,168488,8,29433,486,464433,32,117732,1944,32,4,644756,1319142,20632192,5276568,25908760,4,4,12,4,4,4,0,20,20,20260807,5,1,1,1,0,0,0,6401,0.266708,1,0.0015,0
1697,15153.7,10,0,2.28642,8.12996,0,0,0,10.4164,361,361,0,1,2.45175,2.45175,1830,367,0,1235,0,0,0,0,0,1337,1627.81,2.40137,3.52742,168488,8,29433,486,464433,32,117732,1944,32,4,644756,1319142,20632192,5276568,25908760,4,4,12,4,4,4,0,20,20,20260807,5,1,1,1,0,0,0,6402,0.26675,1,0.0015,1
1698,15160.8,7,0,2.14479,4.92217,0,0,0,7.06696,361,361,0,1,2.45175,2.45175,1830,367,0,1235,0,0,0,0,0,1337,1627.81,2.40137,3.52742,168488,8,29433,486,464433,32,117732,1944,32,4,644756,1319142,20632192,5276568,25908760,4,4,12,4,4,4,0,20,20,20260807,5,1,1,1,0,0,0,6402,0.26675,1,0.0015,0
1699,15170.8,10,0,2.14392,7.78125,0,0,0,9.92517,361,361,0,1,2.45175,2.45175,1830,367,0,1235,0,0,0,0,0,1337,1627.81,2.40137,3.52742,168488,8,29433,486,464433,32,117732,1944,32,4,644756,1319142,20632192,5276568,25908760,4,4,12,4,4,4,0,20,20,20260807,5,1,1,1,0,0,0,6402,0.26675,1,0.0015,0
1700,15177.4,7,0,2.05296,4.41137,0,0,0,6.46433,361,361,0,1,2.45175,2.45175,1830,367,0,1235,0,0,0,0,0,1337,1627.81,2.40137,3.52742,168488,8,29433,486,464433,32,117732,1944,32,4,644756,1319142,20632192,5276568,25908760,4,4,12,4,4,4,0,20,20,20260807,5,1,1,1,0,0,0,6402,0.26675,1,0.0015,0
1701,15187.1,10,0,2.17221,7.50458,0,0,0,9.67679,361,361,0,1,2.45175,2.45175,1830,367,0,1235,0,0,0,0,0,1337,1627.81,2.40137,3.52742,168488,8,29433,486,464433,32,117732,1944,32,4,644756,1319142,20632192,5276568,25908760,4,4,12,4,4,4,0,20,20,20260807,5,1,1,1,0,0,0,6402,0.26675,1,0.0015,0
1702,15194.9,8,0,2.11996,5.60704,0,0,0,7.727,361,361,0,1,2.45175,2.45175,1830,367,0,1235,0,0,0,0,0,1337,1627.81,2.40137,3.52742,168488,8,29433,486,464433,32,117732,1944,32,4,644756,1319142,20632192,5276568,25908760,4,4,12,4,4,4,0,20,20,20260807,5,1,1,1,0,0,0,6402,0.26675,1,0.0015,0
1703,15203.6,8,0,2.18554,6.39037,0,0,0,8.57592,361,361,0,1,2.45175,2.45175,1830,367,0,1235,0,0,0,0,0,1337,1627.81,2.40137,3.52742,168488,8,29433,486,464433,32,117732,1944,32,4,644756,1319142,20632192,5276568,25908760,4,4,12,4,4,4,0,20,20,20260807,5,1,1,1,0,0,0,6403,0.266792,1,0.0015,1
1704,15209.9,7,0,2.07779,4.18929,0,0,0,6.26708,361,361,0,1,2.45175,2.45175,1830,367,0,1235,0,0,0,0,0,1337,1627.81,2.40137,3.52742,168488,8,29433,486,464433,32,117732,1944,32,4,644756,1319142,20632192,5276568,25908760,4,4,12,4,4,4,0,20,20,20260807,5,1,1,1,0,0,0,6403,0.266792,1,0.0015,0
1705,15220.6,10,0,2.15067,8.35158,0,0,0,10.5023,361,361,0,1,2.45175,2.45175,1830,367,0,1235,0,0,0,0,0,1337,1627.81,2.40137,3.52742,168488,8,29433,486,464433,32,117732,1944,32,4,644756,1319142,20632192,5276568,25908760,4,4,12,4,4,4,0,20,20,20260807,5,1,1,1,0,0,0,6403,0.266792,1,0.0015,0
1706,15226,6,0,2.23254,3.11579,0,0,0,5.34833,361,361,0,1,2.45175,2.45175,1830,367,0,1235,0,0,0,0,0,1337,1627.81,2.40137,3.52742,168488,8,29433,486,464433,32,117732,1944,32,4,644756,1319142,20632192,5276568,25908760,4,4,12,4,4,4,0,20,20,20260807,5,1,1,1,0,0,0,6403,0.266792,1,0.0015,0
1707,15237.7,11,0,2.27271,9.33379,0,0,0,11.6065,361,361,0,1,2.45175,2.45175,1830,367,0,1235,0,0,0,0,0,1337,1627.81,2.40137,3.52742,168488,8,29433,486,464433,32,117732,1944,32,4,644756,1319142,20632192,5276568,25908760,4,4,12,4,4,4,0,20,20,20260807,5,1,1,1,0,0,0,6403,0.266792,1,0.0015,0
1708,15242.9,5,0,2.12467,2.99542,0,0,0,5.12008,361,361,0,1,2.45175,2.45175,1830,367,0,1235,0,0,0,0,0,1337,1627.81,2.40137,3.52742,168488,8,29433,486,464433,32,117732,1944,32,4,644756,1319142,20632192,5276568,25908760,4,4,12,4,4,4,0,20,20,20260807,5,1,1,1,0,0,0,6403,0.266792,1,0.0015,0
1709,15253.6,11,0,4.31475,6.28683,0,0,0,10.6016,361,361,0,1,2.45175,2.45175,1830,367,0,1235,0,0,0,0,0,1337,1627.81,2.40137,3.52742,168488,8,29433,486,464433,32,117732,1944,32,4,644756,1319142,20632192,5276568,25908760,4,4,12,4,4,4,0,20,20,20260807,5,1,1,1,0,0,0,6404,0.266833,1,0.0015,1
1710,15259.9,6,0,2.07875,4.15304,0,0,0,6.23179,361,361,0,1,2.45175,2.45175,1830,367,0,1235,0,0,0,0,0,1337,1627.81,2.40137,3.52742,168488,8,29433,486,464433,32,117732,1944,32,4,644756,1319142,20632192,5276568,25908760,4,4,12,4,4,4,0,20,20,20260807,5,1,1,1,0,0,0,6404,0.266833,1,0.0015,0
1711,15270.2,11,0,2.32412,7.90683,0,0,0,10.231,361,361,0,1,2.45175,2.45175,1830,367,0,1235,0,0,0,0,0,1337,1627.81,2.40137,3.52742,168488,8,29433,486,464433,32,117732,1944,32,4,644756,1319142,20632192,5276568,25908760,4,4,12,4,4,4,0,20,20,20260807,5,1,1,1,0,0,0,6404,0.266833,1,0.0015,0
1712,15276.3,6,0,2.13783,3.86425,0,0,0,6.00208,361,361,0,1,2.45175,2.45175,1830,367,0,1235,0,0,0,0,0,1337,1627.81,2.40137,3.52742,168488,8,29433,486,464433,32,117732,1944,32,4,644756,1319142,20632192,5276568,25908760,4,4,12,4,4,4,0,20,20,20260807,5,1,1,1,0,0,0,6404,0.266833,1,0.0015,0
1713,15287.9,12,0,2.36587,9.12883,0,0,0,11.4947,361,361,0,1,2.45175,2.45175,1830,367,0,1235,0,0,0,0,0,1337,1627.81,2.40137,3.52742,168488,8,29433,486,464433,32,117732,1944,32,4,644756,1319142,20632192,5276568,25908760,4,4,12,4,4,4,0,20,20,20260807,5,1,1,1,0,0,0,6404,0.266833,1,0.0015,0
1714,15293.2,6,0,2.18729,3.04958,0,0,0,5.23688,361,361,0,1,2.45175,2.45175,1830,367,0,1235,0,0,0,0,0,1337,1627.81,2.40137,3.52742,168488,8,29433,486,464433,32,117732,1944,32,4,644756,1319142,20632192,5276568,25908760,4,4,12,4,4,4,0,20,20,20260807,5,1,1,1,0,0,0,6405,0.266875,1,0.0015,1
1715,15303.7,10,0,2.22246,8.25737,0,0,0,10.4798,361,361,0,1,2.45175,2.45175,1830,367,0,1235,0,0,0,0,0,1337,1627.81,2.40137,3.52742,168488,8,29433,486,464433,32,117732,1944,32,4,644756,1319142,20632192,5276568,25908760,4,4,12,4,4,4,0,20,20,20260807,5,1,1,1,0,0,0,6405,0.266875,1,0.0015,0
1716,15309.5,6,0,2.079,3.63429,0,0,0,5.71329,361,361,0,1,2.45175,2.45175,1830,367,0,1235,0,0,0,0,0,1337,1627.81,2.40137,3.52742,168488,8,29433,486,464433,32,117732,1944,32,4,644756,1319142,20632192,5276568,25908760,4,4,12,4,4,4,0,20,20,20260807,5,1,1,1,0,0,0,6405,0.266875,1,0.0015,0
1717,15324.1,15,0,2.215,12.2744,0,0,0,14.4894,361,361,0,1,2.45175,2.45175,1830,367,0,1235,0,0,0,0,0,1337,1627.81,2.40137,3.52742,168488,8,29433,486,464433,32,117732,1944,32,4,644756,1319142,20632192,5276568,25908760,4,4,12,4,4,4,0,20,20,20260807,5,1,1,1,0,0,0,6405,0.266875,1,0.0015,0
1718,15330.2,6,0,2.146,3.8255,0,0,0,5.9715,361,361,0,1,2.45175,2.45175,1830,367,0,1235,0,0,0,0,0,1337,1627.81,2.40137,3.52742,168488,8,29433,486,464433,32,117732,1944,32,4,644756,1319142,20632192,5276568,25908760,4,4,12,4,4,4,0,20,20,20260807,5,1,1,1,0,0,0,6405,0.266875,1,0.0015,0
1719,15337.3,7,0,2.07175,5.01187,0,0,0,7.08362,361,361,0,1,2.45175,2.45175,1830,367,0,1235,0,0,0,0,0,1337,1627.81,2.40137,3.52742,168488,8,29433,486,464433,32,117732,1944,32,4,644756,1319142,20632192,5276568,25908760,4,4,12,4,4,4,0,20,20,20260807,5,1,1,1,0,0,0,6405,0.266875,1,0.0015,0
1720,15343.1,6,0,2.08483,3.61996,0,0,0,5.70479,361,361,0,1,2.45175,2.45175,1830,367,0,1235,0,0,0,0,0,1337,1627.81,2.40137,3.52742,168488,8,29433,486,464433,32,117732,1944,32,4,644756,1319142,20632192,5276568,25908760,4,4,12,4,4,4,0,20,20,20260807,5,1,1,1,0,0,0,6405,0.266875,1,0.0015,0
1721,15354.4,11,0,2.25454,8.96467,0,0,0,11.2192,361,361,0,1,2.45175,2.45175,1830,367,0,1235,0,0,0,0,0,1337,1627.81,2.40137,3.52742,168488,8,29433,486,464433,32,117732,1944,32,4,644756,1319142,20632192,5276568,25908760,4,4,12,4,4,4,0,20,20,20260807,5,1,1,1,0,0,0,6406,0.266917,1,0.0015,1
1722,15359.4,5,0,2.02854,2.91825,0,0,0,4.94679,361,361,0,1,2.45175,2.45175,1830,367,0,1235,0,0,0,0,0,1337,1627.81,2.40137,3.52742,168488,8,29433,486,464433,32,117732,1944,32,4,644756,1319142,20632192,5276568,25908760,4,4,12,4,4,4,0,20,20,20260807,5,1,1,1,0,0,0,6406,0.266917,1,0.0015,0
1723,15372.9,14,0,2.12871,11.2848,0,0,0,13.4135,361,361,0,1,2.45175,2.45175,1830,367,0,1235,0,0,0,0,0,1337,1627.81,2.40137,3.52742,168488,8,29433,486,464433,32,117732,1944,32,4,644756,1319142,20632192,5276568,25908760,4,4,12,4,4,4,0,20,20,20260807,5,1,1,1,0,0,0,6406,0.266917,1,0.0015,0
1724,15378.6,5,0,2.11646,3.47342,0,0,0,5.58988,361,361,0,1,2.45175,2.45175,1830,367,0,1235,0,0,0,0,0,1337,1627.81,2.40137,3.52742,168488,8,29433,486,464433,32,117732,1944,32,4,644756,1319142,20632192,5276568,25908760,4,4,12,4,4,4,0,20,20,20260807,5,1,1,1,0,0,0,6406,0.266917,1,0.0015,0
1725,15387.2,9,0,2.0865,6.40379,0,0,0,8.49029,361,361,0,1,2.45175,2.45175,1830,367,0,1235,0,0,0,0,0,1337,1627.81,2.40137,3.52742,168488,8,29433,486,464433,32,117732,1944,32,4,644756,1319142,20632192,5276568,25908760,4,4,12,4,4,4,0,20,20,20260807,5,1,1,1,0,0,0,6406,0.266917,1,0.0015,0
1726,15392.3,5,0,2.15362,2.9315,0,0,0,5.08512,361,361,0,1,2.45175,2.45175,1830,367,0,1235,0,0,0,0,0,1337,1627.81,2.40137,3.52742,168488,8,29433,486,464433,32,117732,1944,32,4,644756,1319142,20632192,5276568,25908760,4,4,12,4,4,4,0,20,20,20260807,5,1,1,1,0,0,0,6406,0.266917,1,0.0015,0
1727,15406.2,14,0,2.49042,11.3154,0,0,0,13.8058,361,361,0,1,2.45175,2.45175,1830,367,0,1235,0,0,0,0,0,1337,1627.81,2.40137,3.52742,168488,8,29433,486,464433,32,117732,1944,32,4,644756,1319142,20632192,5276568,25908760,4,4,12,4,4,4,0,20,20,20260807,5,1,1,1,0,0,0,6407,0.266958,1,0.0015,1
1728,15411.8,5,0,2.14438,3.34675,0,0,0,5.49113,361,361,0,1,2.45175,2.45175,1830,367,0,1235,0,0,0,0,0,1337,1627.81,2.40137,3.52742,168488,8,29433,486,464433,32,117732,1944,32,4,644756,1319142,20632192,5276568,25908760,4,4,12,4,4,4,0,20,20,20260807,5,1,1,1,0,0,0,6407,0.266958,1,0.0015,0
1729,15420.6,9,0,2.38246,6.28621,0,0,0,8.66867,361,361,0,1,2.45175,2.45175,1830,367,0,1235,0,0,0,0,0,1337,1627.81,2.40137,3.52742,168488,8,29433,486,464433,32,117732,1944,32,4,644756,1319142,20632192,5276568,25908760,4,4,12,4,4,4,0,20,20,20260807,5,1,1,1,0,0,0,6407,0.266958,1,0.0015,0
1730,15425.7,5,0,2.16671,2.93783,0,0,0,5.10454,361,361,0,1,2.45175,2.45175,1830,367,0,1235,0,0,0,0,0,1337,1627.81,2.40137,3.52742,168488,8,29433,486,464433,32,117732,1944,32,4,644756,1319142,20632192,5276568,25908760,4,4,12,4,4,4,0,20,20,20260807,5,1,1,1,0,0,0,6407,0.266958,1,0.0015,0
1731,15439.1,14,0,2.44558,10.792,0,0,0,13.2376,361,361,0,1,2.45175,2.45175,1830,367,0,1235,0,0,0,0,0,1337,1627.81,2.40137,3.52742,168488,8,29433,486,464433,32,117732,1944,32,4,644756,1319142,20632192,5276568,25908760,4,4,12,4,4,4,0,20,20,20260807,5,1,1,1,0,0,0,6407,0.266958,1,0.0015,0
1732,15454.4,15,0,2.11871,13.1949,0,0,0,15.3136,361,361,0,1,2.45175,2.45175,1830,367,0,1235,0,0,0,0,0,1337,1627.81,2.40137,3.52742,168488,8,29433,486,464433,32,117732,1944,32,4,644756,1319142,20632192,5276568,25908760,4,4,12,4,4,4,0,20,20,20260807,5,1,1,1,0,0,0,6408,0.267,1,0.0015,1
1733,15459.7,5,0,2.14337,3.01562,0,0,0,5.159,361,361,0,1,2.45175,2.45175,1830,367,0,1235,0,0,0,0,0,1337,1627.81,2.40137,3.52742,168488,8,29433,486,464433,32,117732,1944,32,4,644756,1319142,20632192,5276568,25908760,4,4,12,4,4,4,0,20,20,20260807,5,1,1,1,0,0,0,6408,0.267,1,0.0015,0
1734,15471.8,12,0,2.95733,9.03704,0,0,0,11.9944,361,361,0,1,2.45175,2.45175,1830,367,0,1235,0,0,0,0,0,1337,1627.81,2.40137,3.52742,168488,8,29433,486,464433,32,117732,1944,32,4,644756,1319142,20632192,5276568,25908760,4,4,12,4,4,4,0,20,20,20260807,5,1,1,1,0,0,0,6408,0.267,1,0.0015,0
1735,15487.4,16,0,2.09417,13.4747,0,0,0,15.5689,361,361,0,1,2.45175,2.45175,1830,367,0,1235,0,0,0,0,0,1337,1627.81,2.40137,3.52742,168488,8,29433,486,464433,32,117732,1944,32,4,644756,1319142,20632192,5276568,25908760,4,4,12,4,4,4,0,20,20,20260807,5,1,1,1,0,0,0,6408,0.267,1,0.0015,0
1736,15492.5,5,0,2.09792,2.84492,0,0,0,4.94283,361,361,0,1,2.45175,2.45175,1830,367,0,1235,0,0,0,0,0,1337,1627.81,2.40137,3.52742,168488,8,29433,486,464433,32,117732,1944,32,4,644756,1319142,20632192,5276568,25908760,4,4,12,4,4,4,0,20,20,20260807,5,1,1,1,0,0,0,6408,0.267,1,0.0015,0
1737,15503.7,11,0,2.2885,8.88092,0,0,0,11.1694,361,361,0,1,2.45175,2.45175,1830,367,0,1235,0,0,0,0,0,1337,1627.81,2.40137,3.52742,168488,8,29433,486,464433,32,117732,1944,32,4,644756,1319142,20632192,5276568,25908760,4,4,12,4,4,4,0,20,20,20260807,5,1,1,1,0,0,0,6409,0.267042,1,0.0015,1
1738,15509.4,6,0,2.11796,3.52738,0,0,0,5.64533,361,361,0,1,2.45175,2.45175,1830,367,0,1235,0,0,0,0,0,1337,1627.81,2.40137,3.52742,168488,8,29433,486,464433,32,117732,1944,32,4,644756,1319142,20632192,5276568,25908760,4,4,12,4,4,4,0,20,20,20260807,5,1,1,1,0,0,0,6409,0.267042,1,0.0015,0
1739,15524,15,0,2.57342,11.9235,0,0,0,14.4969,361,361,0,1,2.45175,2.45175,1830,367,0,1235,0,0,0,0,0,1337,1627.81,2.40137,3.52742,168488,8,29433,486,464433,32,117732,1944,32,4,644756,1319142,20632192,5276568,25908760,4,4,12,4,4,4,0,20,20,20260807,5,1,1,1,0,0,0,6409,0.267042,1,0.0015,0
1740,15531.2,7,0,2.09217,5.01133,0,0,0,7.1035,361,361,0,1,2.45175,2.45175,1830,367,0,1235,0,0,0,0,0,1337,1627.81,2.40137,3.52742,168488,8,29433,486,464433,32,117732,1944,32,4,644756,1319142,20632192,5276568,25908760,4,4,12,4,4,4,0,20,20,20260807,5,1,1,1,0,0,0,6409,0.267042,1,0.0015,0
1741,15537.4,6,0,2.05154,4.08867,0,0,0,6.14021,361,361,0,1,2.45175,2.45175,1830,367,0,1235,0,0,0,0,0,1337,1627.81,2.40137,3.52742,168488,8,29433,486,464433,32,117732,1944,32,4,644756,1319142,20632192,5276568,25908760,4,4,12,4,4,4,0,20,20,20260807,5,1,1,1,0,0,0,6409,0.267042,1,0.0015,0
1742,15552.5,15,0,3.26125,11.7382,0,0,0,14.9994,361,361,0,1,2.45175,2.45175,1830,367,0,1235,0,0,0,0,0,1337,1627.81,2.40137,3.52742,168488,8,29433,486,464433,32,117732,1944,32,4,644756,1319142,20632192,5276568,25908760,4,4,12,4,4,4,0,20,20,20260807,5,1,1,1,0,0,0,6409,0.267042,1,0.0015,0
1743,15558.4,6,0,2.22625,3.56808,0,0,0,5.79433,361,361,0,1,2.45175,2.45175,1830,367,0,1235,0,0,0,0,0,1337,1627.81,2.40137,3.52742,168488,8,29433,486,464433,32,117732,1944,32,4,644756,1319142,20632192,5276568,25908760,4,4,12,4,4,4,0,20,20,20260807,5,1,1,1,0,0,0,6410,0.267083,1,0.0015,1
1744,15572.9,14,0,2.31767,12.0772,0,0,0,14.3949,361,361,0,1,2.45175,2.45175,1830,367,0,1235,0,0,0,0,0,1337,1627.81,2.40137,3.52742,168488,8,29433,486,464433,32,117732,1944,32,4,644756,1319142,20632192,5276568,25908760,4,4,12,4,4,4,0,20,20,20260807,5,1,1,1,0,0,0,6410,0.267083,1,0.0015,0
1745,15587.4,15,0,2.04033,12.453,0,0,0,14.4933,361,361,0,1,2.45175,2.45175,1830,367,0,1235,0,0,0,0,0,1337,1627.81,2.40137,3.52742,168488,8,29433,486,464433,32,117732,1944,32,4,644756,1319142,20632192,5276568,25908760,4,4,12,4,4,4,0,20,20,20260807,5,1,1,1,0,0,0,6410,0.267083,1,0.0015,0
1746,15592.5,5,0,2.10983,2.92238,0,0,0,5.03221,361,361,0,1,2.45175,2.45175,1830,367,0,1235,0,0,0,0,0,1337,1627.81,2.40137,3.52742,168488,8,29433,486,464433,32,117732,1944,32,4,644756,1319142,20632192,5276568,25908760,4,4,12,4,4,4,0,20,20,20260807,5,1,1,1,0,0,0,6410,0.267083,1,0.0015,0
1747,15603.6,11,0,2.41096,8.60504,0,0,0,11.016,361,361,0,1,2.45175,2.45175,1830,367,0,1235,0,0,0,0,0,1337,1627.81,2.40137,3.52742,168488,8,29433,486,464433,32,117732,1944,32,4,644756,1319142,20632192,5276568,25908760,4,4,12,4,4,4,0,20,20,20260807,5,1,1,1,0,0,0,6411,0.267125,1,0.0015,1
1748,15609.4,6,0,2.11942,3.61187,0,0,0,5.73129,361,361,0,1,2.45175,2.45175,1830,367,0,1235,0,0,0,0,0,1337,1627.81,2.40137,3.52742,168488,8,29433,486,464433,32,117732,1944,32,4,644756,1319142,20632192,5276568,25908760,4,4,12,4,4,4,0,20,20,20260807,5,1,1,1,0,0,0,6411,0.267125,1,0.0015,0
1749,15620.4,11,0,2.52946,8.36683,0,0,0,10.8963,361,361,0,1,2.45175,2.45175,1830,367,0,1235,0,0,0,0,0,1337,1627.81,2.40137,3.52742,168488,8,29433,486,464433,32,117732,1944,32,4,644756,1319142,20632192,5276568,25908760,4,4,12,4,4,4,0,20,20,20260807,5,1,1,1,0,0,0,6411,0.267125,1,0.0015,0
1750,15626.1,6,0,2.13137,3.46588,0,0,0,5.59725,361,361,0,1,2.45175,2.45175,1830,367,0,1235,0,0,0,0,0,1337,1627.81,2.40137,3.52742,168488,8,29433,486,464433,32,117732,1944,32,4,644756,1319142,20632192,5276568,25908760,4,4,12,4,4,4,0,20,20,20260807,5,1,1,1,0,0,0,6411,0.267125,1,0.0015,0
1751,15637.1,11,0,2.39217,8.507,0,0,0,10.8992,361,361,0,1,2.45175,2.45175,1830,367,0,1235,0,0,0,0,0,1337,1627.81,2.40137,3.52742,168488,8,29433,486,464433,32,117732,1944,32,4,644756,1319142,20632192,5276568,25908760,4,4,12,4,4,4,0,20,20,20260807,5,1,1,1,0,0,0,6411,0.267125,1,0.0015,0
1752,15642.4,5,0,2.17554,3.01912,0,0,0,5.19467,361,361,0,1,2.45175,2.45175,1830,367,0,1235,0,0,0,0,0,1337,1627.81,2.40137,3.52742,168488,8,29433,486,464433,32,117732,1944,32,4,644756,1319142,20632192,5276568,25908760,4,4,12,4,4,4,0,20,20,20260807,5,1,1,1,0,0,0,6411,0.267125,1,0.0015,0
1753,15653.7,11,0,2.45408,8.80942,0,0,0,11.2635,361,361,0,1,2.45175,2.45175,1830,367,0,1235,0,0,0,0,0,1337,1627.81,2.40137,3.52742,168488,8,29433,486,464433,32,117732,1944,32,4,644756,1319142,20632192,5276568,25908760,4,4,12,4,4,4,0,20,20,20260807,5,1,1,1,0,0,0,6412,0.267167,1,0.0015,1
1754,15658.9,5,0,2.15075,2.92033,0,0,0,5.07108,361,361,0,1,2.45175,2.45175,1830,367,0,1235,0,0,0,0,0,1337,1627.81,2.40137,3.52742,168488,8,29433,486,464433,32,117732,1944,32,4,644756,1319142,20632192,5276568,25908760,4,4,12,4,4,4,0,20,20,20260807,5,1,1,1,0,0,0,6412,0.267167,1,0.0015,0
1755,15670.3,12,0,2.39517,8.92463,0,0,0,11.3198,361,361,0,1,2.45175,2.45175,1830,367,0,1235,0,0,0,0,0,1337,1627.81,2.40137,3.52742,168488,8,29433,486,464433,32,117732,1944,32,4,644756,1319142,20632192,5276568,25908760,4,4,12,4,4,4,0,20,20,20260807,5,1,1,1,0,0,0,6412,0.267167,1,0.0015,0
1756,15675.4,5,0,2.10746,2.87737,0,0,0,4.98483,361,361,0,1,2.45175,2.45175,1830,367,0,1235,0,0,0,0,0,1337,1627.81,2.40137,3.52742,168488,8,29433,486,464433,32,117732,1944,32,4,644756,1319142,20632192,5276568,25908760,4,4,12,4,4,4,0,20,20,20260807,5,1,1,1,0,0,0,6412,0.267167,1,0.0015,0
1757,15689.1,14,0,2.25654,11.4288,0,0,0,13.6854,361,361,0,1,2.45175,2.45175,1830,367,0,1235,0,0,0,0,0,1337,1627.81,2.40137,3.52742,168488,8,29433,486,464433,32,117732,1944,32,4,644756,1319142,20632192,5276568,25908760,4,4,12,4,4,4,0,20,20,20260807,5,1,1,1,0,0,0,6412,0.267167,1,0.0015,0
1758,15694.8,5,0,2.18388,3.44179,0,0,0,5.62567,361,361,0,1,2.45175,2.45175,1830,367,0,1235,0,0,0,0,0,1337,1627.81,2.40137,3.52742,168488,8,29433,486,464433,32,117732,1944,32,4,644756,1319142,20632192,5276568,25908760,4,4,12,4,4,4,0,20,20,20260807,5,1,1,1,0,0,0,6413,0.267208,1,0.0015,1
1759,15703.9,10,0,2.25971,6.77375,0,0,0,9.03346,361,361,0,1,2.45175,2.45175,1830,367,0,1235,0,0,0,0,0,1337,1627.81,2.40137,3.52742,168488,8,29433,486,464433,32,117732,1944,32,4,644756,1319142,20632192,5276568,25908760,4,4,12,4,4,4,0,20,20,20260807,5,1,1,1,0,0,0,6413,0.267208,1,0.0015,0
1760,15709.1,5,0,2.10925,2.97883,0,0,0,5.08808,361,361,0,1,2.45175,2.45175,1830,367,0,1235,0,0,0,0,0,1337,1627.81,2.40137,3.52742,168488,8,29433,486,464433,32,117732,1944,32,4,644756,1319142,20632192,5276568,25908760,4,4,12,4,4,4,0,20,20,20260807,5,1,1,1,0,0,0,6413,0.267208,1,0.0015,0
1761,15721.2,12,0,2.4505,9.54121,0,0,0,11.9917,361,361,0,1,2.45175,2.45175,1830,367,0,1235,0,0,0,0,0,1337,1627.81,2.40137,3.52742,168488,8,29433,486,464433,32,117732,1944,32,4,644756,1319142,20632192,5276568,25908760,4,4,12,4,4,4,0,20,20,20260807,5,1,1,1,0,0,0,6413,0.267208,1,0.0015,0
1762,15726.3,5,0,2.13079,2.874,0,0,0,5.00479,361,361,0,1,2.45175,2.45175,1830,367,0,1235,0,0,0,0,0,1337,1627.81,2.40137,3.52742,168488,8,29433,486,464433,32,117732,1944,32,4,644756,1319142,20632192,5276568,25908760,4,4,12,4,4,4,0,20,20,20260807,5,1,1,1,0,0,0,6413,0.267208,1,0.0015,0
1763,15737,11,0,2.92083,7.75387,0,0,0,10.6747,361,361,0,1,2.45175,2.45175,1830,367,0,1235,0,0,0,0,0,1337,1627.81,2.40137,3.52742,168488,8,29433,486,464433,32,117732,1944,32,4,644756,1319142,20632192,5276568,25908760,4,4,12,4,4,4,0,20,20,20260807,5,1,1,1,0,0,0,6413,0.267208,1,0.0015,0
1764,15742.1,5,0,2.12567,2.89538,0,0,0,5.02104,361,361,0,1,2.45175,2.45175,1830,367,0,1235,0,0,0,0,0,1337,1627.81,2.40137,3.52742,168488,8,29433,486,464433,32,117732,1944,32,4,644756,1319142,20632192,5276568,25908760,4,4,12,4,4,4,0,20,20,20260807,5,1,1,1,0,0,0,6413,0.267208,1,0.0015,0
1765,15754,12,0,2.27317,9.46171,0,0,0,11.7349,361,361,0,1,2.45175,2.45175,1830,367,0,1235,0,0,0,0,0,1337,1627.81,2.40137,3.52742,168488,8,29433,486,464433,32,117732,1944,32,4,644756,1319142,20632192,5276568,25908760,4,4,12,4,4,4,0,20,20,20260807,5,1,1,1,0,0,0,6414,0.26725,1,0.0015,1
1766,15759.2,5,0,2.16029,2.99567,0,0,0,5.15596,361,361,0,1,2.45175,2.45175,1830,367,0,1235,0,0,0,0,0,1337,1627.81,2.40137,3.52742,168488,8,29433,486,464433,32,117732,1944,32,4,644756,1319142,20632192,5276568,25908760,4,4,12,4,4,4,0,20,20,20260807,5,1,1,1,0,0,0,6414,0.26725,1,0.0015,0
1767,15771.4,12,0,2.43125,9.68771,0,0,0,12.119,361,361,0,1,2.45175,2.45175,1830,367,0,1235,0,0,0,0,0,1337,1627.81,2.40137,3.52742,168488,8,29433,486,464433,32,117732,1944,32,4,644756,1319142,20632192,5276568,25908760,4,4,12,4,4,4,0,20,20,20260807,5,1,1,1,0,0,0,6414,0.26725,1,0.0015,0
1768,15776.6,5,0,2.0885,3.023,0,0,0,5.1115,361,361,0,1,2.45175,2.45175,1830,367,0,1235,0,0,0,0,0,1337,1627.81,2.40137,3.52742,168488,8,29433,486,464433,32,117732,1944,32,4,644756,1319142,20632192,5276568,25908760,4,4,12,4,4,4,0,20,20,20260807,5,1,1,1,0,0,0,6414,0.26725,1,0.0015,0
1769,15787.8,11,0,2.44921,8.69196,0,0,0,11.1412,361,361,0,1,2.45175,2.45175,1830,367,0,1235,0,0,0,0,0,1337,1627.81,2.40137,3.52742,168488,8,29433,486,464433,32,117732,1944,32,4,644756,1319142,20632192,5276568,25908760,4,4,12,4,4,4,0,20,20,20260807,5,1,1,1,0,0,0,6414,0.26725,1,0.0015,0
1770,15793,6,0,2.12396,2.97371,0,0,0,5.09767,361,361,0,1,2.45175,2.45175,1830,367,0,1235,0,0,0,0,0,1337,1627.81,2.40137,3.52742,168488,8,29433,486,464433,32,117732,1944,32,4,644756,1319142,20632192,5276568,25908760,4,4,12,4,4,4,0,20,20,20260807,5,1,1,1,0,0,0,6414,0.26725,1,0.0015,0
1771,15803.7,10,0,2.51708,8.09187,0,0,0,10.609,361,361,0,1,2.45175,2.45175,1830,367,0,1235,0,0,0,0,0,1337,1627.81,2.40137,3.52742,168488,8,29433,486,464433,32,117732,1944,32,4,644756,1319142,20632192,5276568,25908760,4,4,12,4,4,4,0,20,20,20260807,5,1,1,1,0,0,0,6415,0.267292,1,0.0015,1
1772,15808.8,5,0,2.13813,2.85821,0,0,0,4.99633,361,361,0,1,2.45175,2.45175,1830,367,0,1235,0,0,0,0,0,1337,1627.81,2.40137,3.52742,168488,8,29433,486,464433,32,117732,1944,32,4,644756,1319142,20632192,5276568,25908760,4,4,12,4,4,4,0,20,20,20260807,5,1,1,1,0,0,0,6415,0.267292,1,0.0015,0
1773,15821.7,13,0,2.30563,10.5739,0,0,0,12.8795,361,361,0,1,2.45175,2.45175,1830,367,0,1235,0,0,0,0,0,1337,1627.81,2.40137,3.52742,168488,8,29433,486,464433,32,117732,1944,32,4,644756,1319142,20632192,5276568,25908760,4,4,12,4,4,4,0,20,20,20260807,5,1,1,1,0,0,0,6415,0.267292,1,0.0015,0
1774,15827,6,0,2.16092,3.06258,0,0,0,5.2235,361,361,0,1,2.45175,2.45175,1830,367,0,1235,0,0,0,0,0,1337,1627.81,2.40137,3.52742,168488,8,29433,486,464433,32,117732,1944,32,4,644756,1319142,20632192,5276568,25908760,4,4,12,4,4,4,0,20,20,20260807,5,1,1,1,0,0,0,6415,0.267292,1,0.0015,0
1775,15837,10,0,2.36846,7.49154,0,0,0,9.86,361,361,0,1,2.45175,2.45175,1830,367,0,1235,0,0,0,0,0,1337,1627.81,2.40137,3.52742,168488,8,29433,486,464433,32,117732,1944,32,4,644756,1319142,20632192,5276568,25908760,4,4,12,4,4,4,0,20,20,20260807,5,1,1,1,0,0,0,6415,0.267292,1,0.0015,0
1776,15848.5,11,0,2.12221,9.28012,0,0,0,11.4023,361,361,0,1,2.45175,2.45175,1830,367,0,1235,0,0,0,0,0,1337,1627.81,2.40137,3.52742,168488,8,29433,486,464433,32,117732,1944,32,4,644756,1319142,20632192,5276568,25908760,4,4,12,4,4,4,0,20,20,20260807,5,1,1,1,0,0,0,6415,0.267292,1,0.0015,0
1777,15853.9,6,0,2.12696,3.25079,0,0,0,5.37775,361,361,0,1,2.45175,2.45175,1830,367,0,1235,0,0,0,0,0,1337,1627.81,2.40137,3.52742,168488,8,29433,486,464433,32,117732,1944,32,4,644756,1319142,20632192,5276568,25908760,4,4,12,4,4,4,0,20,20,20260807,5,1,1,1,0,0,0,6416,0.267333,1,0.0015,1
1778,15859.5,5,0,2.48325,2.98879,0,0,0,5.47204,361,361,0,1,2.45175,2.45175,1830,367,0,1235,0,0,0,0,0,1337,1627.81,2.40137,3.52742,168488,8,29433,486,464433,32,117732,1944,32,4,644756,1319142,20632192,5276568,25908760,4,4,12,4,4,4,0,20,20,20260807,5,1,1,1,0,0,0,6416,0.267333,1,0.0015,0
1779,15871,12,0,2.45071,8.94088,0,0,0,11.3916,361,361,0,1,2.45175,2.45175,1830,367,0,1235,0,0,0,0,0,1337,1627.81,2.40137,3.52742,168488,8,29433,486,464433,32,117732,1944,32,4,644756,1319142,20632192,5276568,25908760,4,4,12,4,4,4,0,20,20,20260807,5,1,1,1,0,0,0,6416,0.267333,1,0.0015,0
1780,15876.3,5,0,2.1045,3.18871,0,0,0,5.29321,361,361,0,1,2.45175,2.45175,1830,367,0,1235,0,0,0,0,0,1337,1627.81,2.40137,3.52742,168488,8,29433,486,464433,32,117732,1944,32,4,644756,1319142,20632192,5276568,25908760,4,4,12,4,4,4,0,20,20,20260807,5,1,1,1,0,0,0,6416,0.267333,1,0.0015,0
1781,15889,13,0,2.1205,10.502,0,0,0,12.6225,361,361,0,1,2.45175,2.45175,1830,367,0,1235,0,0,0,0,0,1337,1627.81,2.40137,3.52742,168488,8,29433,486,464433,32,117732,1944,32,4,644756,1319142,20632192,5276568,25908760,4,4,12,4,4,4,0,20,20,20260807,5,1,1,1,0,0,0,6416,0.267333,1,0.0015,0
1782,15908.5,19,0,2.14067,17.2588,0,0,0,19.3995,361,361,0,1,2.45175,2.45175,1830,367,0,1235,0,0,0,0,0,1337,1627.81,2.40137,3.52742,168488,8,29433,486,464433,32,117732,1944,32,4,644756,1319142,20632192,5276568,25908760,4,4,12,4,4,4,0,20,20,20260807,5,1,1,1,0,0,0,6417,0.267375,1,0.0015,1
1783,15920.4,12,0,2.217,9.57321,0,0,0,11.7902,361,361,0,1,2.45175,2.45175,1830,367,0,1235,0,0,0,0,0,1337,1627.81,2.40137,3.52742,168488,8,29433,486,464433,32,117732,1944,32,4,644756,1319142,20632192,5276568,25908760,4,4,12,4,4,4,0,20,20,20260807,5,1,1,1,0,0,0,6417,0.267375,1,0.0015,0
1784,15926.4,6,0,2.12533,3.76875,0,0,0,5.89408,361,361,0,1,2.45175,2.45175,1830,367,0,1235,0,0,0,0,0,1337,1627.81,2.40137,3.52742,168488,8,29433,486,464433,32,117732,1944,32,4,644756,1319142,20632192,5276568,25908760,4,4,12,4,4,4,0,20,20,20260807,5,1,1,1,0,0,0,6417,0.267375,1,0.0015,0
1785,15937.6,11,0,2.18725,8.93017,0,0,0,11.1174,361,361,0,1,2.45175,2.45175,1830,367,0,1235,0,0,0,0,0,1337,1627.81,2.40137,3.52742,168488,8,29433,486,464433,32,117732,1944,32,4,644756,1319142,20632192,5276568,25908760,4,4,12,4,4,4,0,20,20,20260807,5,1,1,1,0,0,0,6417,0.267375,1,0.0015,0
1786,15942.8,5,0,2.13208,3.01117,0,0,0,5.14325,361,361,0,1,2.45175,2.45175,1830,367,0,1235,0,0,0,0,0,1337,1627.81,2.40137,3.52742,168488,8,29433,486,464433,32,117732,1944,32,4,644756,1319142,20632192,5276568,25908760,4,4,12,4,4,4,0,20,20,20260807,5,1,1,1,0,0,0,6417,0.267375,1,0.0015,0
1787,15953.8,11,0,2.18775,8.73854,0,0,0,10.9263,361,361,0,1,2.45175,2.45175,1830,367,0,1235,0,0,0,0,0,1337,1627.81,2.40137,3.52742,168488,8,29433,486,464433,32,117732,1944,32,4,644756,1319142,20632192,5276568,25908760,4,4,12,4,4,4,0,20,20,20260807,5,1,1,1,0,0,0,6418,0.267417,1,0.0015,1
1788,15958.9,6,0,2.14217,2.93821,0,0,0,5.08038,361,361,0,1,2.45175,2.45175,1830,367,0,1235,0,0,0,0,0,1337,1627.81,2.40137,3.52742,168488,8,29433,486,464433,32,117732,1944,32,4,644756,1319142,20632192,5276568,25908760,4,4,12,4,4,4,0,20,20,20260807,5,1,1,1,0,0,0,6418,0.267417,1,0.0015,0
1789,15970.6,11,0,2.13958,9.463,0,0,0,11.6026,361,361,0,1,2.45175,2.45175,1830,367,0,1235,0,0,0,0,0,1337,1627.81,2.40137,3.52742,168488,8,29433,486,464433,32,117732,1944,32,4,644756,1319142,20632192,5276568,25908760,4,4,12,4,4,4,0,20,20,20260807,5,1,1,1,0,0,0,6418,0.267417,1,0.0015,0
1790,15976,6,0,2.11933,3.20763,0,0,0,5.32696,361,361,0,1,2.45175,2.45175,1830,367,0,1235,0,0,0,0,0,1337,1627.81,2.40137,3.52742,168488,8,29433,486,464433,32,117732,1944,32,4,644756,1319142,20632192,5276568,25908760,4,4,12,4,4,4,0,20,20,20260807,5,1,1,1,0,0,0,6418,0.267417,1,0.0015,0
1791,15988.2,12,0,2.28129,9.84396,0,0,0,12.1252,361,361,0,1,2.45175,2.45175,1830,367,0,1235,0,0,0,0,0,1337,1627.81,2.40137,3.52742,168488,8,29433,486,464433,32,117732,1944,32,4,644756,1319142,20632192,5276568,25908760,4,4,12,4,4,4,0,20,20,20260807,5,1,1,1,0,0,0,6418,0.267417,1,0.0015,0
1792,16003.6,15,0,2.11442,13.1982,0,0,0,15.3127,361,361,0,1,2.45175,2.45175,1830,367,0,1235,0,0,0,0,0,1337,1627.81,2.40137,3.52742,168488,8,29433,486,464433,32,117732,1944,32,4,644756,1319142,20632192,5276568,25908760,4,4,12,4,4,4,0,20,20,20260807,5,1,1,1,0,0,0,6419,0.267458,1,0.0015,1
1793,16009.1,6,0,2.05687,3.34829,0,0,0,5.40517,361,361,0,1,2.45175,2.45175,1830,367,0,1235,0,0,0,0,0,1337,1627.81,2.40137,3.52742,168488,8,29433,486,464433,32,117732,1944,32,4,644756,1319142,20632192,5276568,25908760,4,4,12,4,4,4,0,20,20,20260807,5,1,1,1,0,0,0,6419,0.267458,1,0.0015,0
1794,16020.2,11,0,2.16767,8.80012,0,0,0,10.9678,361,361,0,1,2.45175,2.45175,1830,367,0,1235,0,0,0,0,0,1337,1627.81,2.40137,3.52742,168488,8,29433,486,464433,32,117732,1944,32,4,644756,1319142,20632192,5276568,25908760,4,4,12,4,4,4,0,20,20,20260807,5,1,1,1,0,0,0,6419,0.267458,1,0.0015,0
1795,16025.9,5,0,2.03329,3.60237,0,0,0,5.63567,361,361,0,1,2.45175,2.45175,1830,367,0,1235,0,0,0,0,0,1337,1627.81,2.40137,3.52742,168488,8,29433,486,464433,32,117732,1944,32,4,644756,1319142,20632192,5276568,25908760,4,4,12,4,4,4,0,20,20,20260807,5,1,1,1,0,0,0,6419,0.267458,1,0.0015,0
1796,16036.9,11,0,2.21875,8.72404,0,0,0,10.9428,361,361,0,1,2.45175,2.45175,1830,367,0,1235,0,0,0,0,0,1337,1627.81,2.40137,3.52742,168488,8,29433,486,464433,32,117732,1944,32,4,644756,1319142,20632192,5276568,25908760,4,4,12,4,4,4,0,20,20,20260807,5,1,1,1,0,0,0,6419,0.267458,1,0.0015,0
1797,16042.8,5,0,2.15254,3.63167,0,0,0,5.78421,361,361,0,1,2.45175,2.45175,1830,367,0,1235,0,0,0,0,0,1337,1627.81,2.40137,3.52742,168488,8,29433,486,464433,32,117732,1944,32,4,644756,1319142,20632192,5276568,25908760,4,4,12,4,4,4,0,20,20,20260807,5,1,1,1,0,0,0,6419,0.267458,1,0.0015,0
1798,16053.6,11,0,2.33983,8.42783,0,0,0,10.7677,361,361,0,1,2.45175,2.45175,1830,367,0,1235,0,0,0,0,0,1337,1627.81,2.40137,3.52742,168488,8,29433,486,464433,32,117732,1944,32,4,644756,1319142,20632192,5276568,25908760,4,4,12,4,4,4,0,20,20,20260807,5,1,1,1,0,0,0,6420,0.2675,1,0.0015,1
1799,16062.3,9,0,2.07871,6.54292,0,0,0,8.62162,361,361,0,1,2.45175,2.45175,1830,367,0,1235,0,0,0,0,0,1337,1627.81,2.40137,3.52742,168488,8,29433,486,464433,32,117732,1944,32,4,644756,1319142,20632192,5276568,25908760,4,4,12,4,4,4,0,20,20,20260807,5,1,1,1,0,0,0,6420,0.2675,1,0.0015,0
1800,16073.1,11,0,2.08183,8.57629,0,0,0,10.6581,361,361,0,1,2.45175,2.45175,1830,367,0,1235,0,0,0,0,0,1337,1627.81,2.40137,3.52742,168488,8,29433,486,464433,32,117732,1944,32,4,644756,1319142,20632192,5276568,25908760,4,4,12,4,4,4,0,20,20,20260807,5,1,1,1,0,0,0,6420,0.2675,1,0.0015,0
1801,16078.9,6,0,2.11679,3.65338,0,0,0,5.77017,361,361,0,1,2.45175,2.45175,1830,367,0,1235,0,0,0,0,0,1337,1627.81,2.40137,3.52742,168488,8,29433,486,464433,32,117732,1944,32,4,644756,1319142,20632192,5276568,25908760,4,4,12,4,4,4,0,20,20,20260807,5,1,1,1,0,0,0,6420,0.2675,1,0.0015,0
1802,16088.1,9,0,2.10708,6.93367,0,0,0,9.04075,361,361,0,1,2.45175,2.45175,1830,367,0,1235,0,0,0,0,0,1337,1627.81,2.40137,3.52742,168488,8,29433,486,464433,32,117732,1944,32,4,644756,1319142,20632192,5276568,25908760,4,4,12,4,4,4,0,20,20,20260807,5,1,1,1,0,0,0,6420,0.2675,1,0.0015,0
1803,16093.2,5,0,2.10083,2.89875,0,0,0,4.99958,361,361,0,1,2.45175,2.45175,1830,367,0,1235,0,0,0,0,0,1337,1627.81,2.40137,3.52742,168488,8,29433,486,464433,32,117732,1944,32,4,644756,1319142,20632192,5276568,25908760,4,4,12,4,4,4,0,20,20,20260807,5,1,1,1,0,0,0,6420,0.2675,1,0.0015,0
1804,16103.7,10,0,2.37746,8.10692,0,0,0,10.4844,361,361,0,1,2.45175,2.45175,1830,367,0,1235,0,0,0,0,0,1337,1627.81,2.40137,3.52742,168488,8,29433,486,464433,32,117732,1944,32,4,644756,1319142,20632192,5276568,25908760,4,4,12,4,4,4,0,20,20,20260807,5,1,1,1,0,0,0,6421,0.267542,1,0.0015,1
1805,16108.9,5,0,2.14463,2.89829,0,0,0,5.04292,361,361,0,1,2.45175,2.45175,1830,367,0,1235,0,0,0,0,0,1337,1627.81,2.40137,3.52742,168488,8,29433,486,464433,32,117732,1944,32,4,644756,1319142,20632192,5276568,25908760,4,4,12,4,4,4,0,20,20,20260807,5,1,1,1,0,0,0,6421,0.267542,1,0.0015,0
1806,16123.8,15,0,2.15329,12.6858,0,0,0,14.8391,361,361,0,1,2.45175,2.45175,1830,367,0,1235,0,0,0,0,0,1337,1627.81,2.40137,3.52742,168488,8,29433,486,464433,32,117732,1944,32,4,644756,1319142,20632192,5276568,25908760,4,4,12,4,4,4,0,20,20,20260807,5,1,1,1,0,0,0,6421,0.267542,1,0.0015,0
1807,16129.5,6,0,2.07758,3.52529,0,0,0,5.60288,361,361,0,1,2.45175,2.45175,1830,367,0,1235,0,0,0,0,0,1337,1627.81,2.40137,3.52742,168488,8,29433,486,464433,32,117732,1944,32,4,644756,1319142,20632192,5276568,25908760,4,4,12,4,4,4,0,20,20,20260807,5,1,1,1,0,0,0,6421,0.267542,1,0.0015,0
1808,16137,8,0,2.12746,5.22163,0,0,0,7.34908,361,361,0,1,2.45175,2.45175,1830,367,0,1235,0,0,0,0,0,1337,1627.81,2.40137,3.52742,168488,8,29433,486,464433,32,117732,1944,32,4,644756,1319142,20632192,5276568,25908760,4,4,12,4,4,4,0,20,20,20260807,5,1,1,1,0,0,0,6421,0.267542,1,0.0015,0
1809,16142.3,5,0,2.29858,2.90058,0,0,0,5.19917,361,361,0,1,2.45175,2.45175,1830,367,0,1235,0,0,0,0,0,1337,1627.81,2.40137,3.52742,168488,8,29433,486,464433,32,117732,1944,32,4,644756,1319142,20632192,5276568,25908760,4,4,12,4,4,4,0,20,20,20260807,5,1,1,1,0,0,0,6421,0.267542,1,0.0015,0
1810,16154.5,12,0,2.33646,9.87562,0,0,0,12.2121,361,361,0,1,2.45175,2.45175,1830,367,0,1235,0,0,0,0,0,1337,1627.81,2.40137,3.52742,168488,8,29433,486,464433,32,117732,1944,32,4,644756,1319142,20632192,5276568,25908760,4,4,12,4,4,4,0,20,20,20260807,5,1,1,1,0,0,0,6422,0.267583,1,0.0015,1
1811,16159.7,5,0,2.06067,3.01108,0,0,0,5.07175,361,361,0,1,2.45175,2.45175,1830,367,0,1235,0,0,0,0,0,1337,1627.81,2.40137,3.52742,168488,8,29433,486,464433,32,117732,1944,32,4,644756,1319142,20632192,5276568,25908760,4,4,12,4,4,4,0,20,20,20260807,5,1,1,1,0,0,0,6422,0.267583,1,0.0015,0
1812,16173.8,14,0,2.28067,11.7401,0,0,0,14.0208,361,361,0,1,2.45175,2.45175,1830,367,0,1235,0,0,0,0,0,1337,1627.81,2.40137,3.52742,168488,8,29433,486,464433,32,117732,1944,32,4,644756,1319142,20632192,5276568,25908760,4,4,12,4,4,4,0,20,20,20260807,5,1,1,1,0,0,0,6422,0.267583,1,0.0015,0
1813,16179.8,6,0,2.07129,3.87796,0,0,0,5.94925,361,361,0,1,2.45175,2.45175,1830,367,0,1235,0,0,0,0,0,1337,1627.81,2.40137,3.52742,168488,8,29433,486,464433,32,117732,1944,32,4,644756,1319142,20632192,5276568,25908760,4,4,12,4,4,4,0,20,20,20260807,5,1,1,1,0,0,0,6422,0.267583,1,0.0015,0
1814,16187.2,8,0,2.08117,5.21958,0,0,0,7.30075,361,361,0,1,2.45175,2.45175,1830,367,0,1235,0,0,0,0,0,1337,1627.81,2.40137,3.52742,168488,8,29433,486,464433,32,117732,1944,32,4,644756,1319142,20632192,5276568,25908760,4,4,12,4,4,4,0,20,20,20260807,5,1,1,1,0,0,0,6422,0.267583,1,0.0015,0
1815,16192.4,5,0,2.12538,3.02346,0,0,0,5.14883,361,361,0,1,2.45175,2.45175,1830,367,0,1235,0,0,0,0,0,1337,1627.81,2.40137,3.52742,168488,8,29433,486,464433,32,117732,1944,32,4,644756,1319142,20632192,5276568,25908760,4,4,12,4,4,4,0,20,20,20260807,5,1,1,1,0,0,0,6422,0.267583,1,0.0015,0
1816,16204.4,12,0,2.315,9.58233,0,0,0,11.8973,361,361,0,1,2.45175,2.45175,1830,367,0,1235,0,0,0,0,0,1337,1627.81,2.40137,3.52742,168488,8,29433,486,464433,32,117732,1944,32,4,644756,1319142,20632192,5276568,25908760,4,4,12,4,4,4,0,20,20,20260807,5,1,1,1,0,0,0,6423,0.267625,1,0.0015,1
1817,16209.6,5,0,2.08471,2.98687,0,0,0,5.07158,361,361,0,1,2.45175,2.45175,1830,367,0,1235,0,0,0,0,0,1337,1627.81,2.40137,3.52742,168488,8,29433,486,464433,32,117732,1944,32,4,644756,1319142,20632192,5276568,25908760,4,4,12,4,4,4,0,20,20,20260807,5,1,1,1,0,0,0,6423,0.267625,1,0.0015,0
1818,16220.8,11,0,2.32625,8.87096,0,0,0,11.1972,361,361,0,1,2.45175,2.45175,1830,367,0,1235,0,0,0,0,0,1337,1627.81,2.40137,3.52742,168488,8,29433,486,464433,32,117732,1944,32,4,644756,1319142,20632192,5276568,25908760,4,4,12,4,4,4,0,20,20,20260807,5,1,1,1,0,0,0,6423,0.267625,1,0.0015,0
1819,16226.6,6,0,2.08558,3.62783,0,0,0,5.71342,361,361,0,1,2.45175,2.45175,1830,367,0,1235,0,0,0,0,0,1337,1627.81,2.40137,3.52742,168488,8,29433,486,464433,32,117732,1944,32,4,644756,1319142,20632192,5276568,25908760,4,4,12,4,4,4,0,20,20,20260807,5,1,1,1,0,0,0,6423,0.267625,1,0.0015,0
1820,16237,11,0,2.40937,7.87246,0,0,0,10.2818,361,361,0,1,2.45175,2.45175,1830,367,0,1235,0,0,0,0,0,1337,1627.81,2.40137,3.52742,168488,8,29433,486,464433,32,117732,1944,32,4,644756,1319142,20632192,5276568,25908760,4,4,12,4,4,4,0,20,20,20260807,5,1,1,1,0,0,0,6423,0.267625,1,0.0015,0
1821,16243.6,6,0,2.116,4.40633,0,0,0,6.52233,361,361,0,1,2.45175,2.45175,1830,367,0,1235,0,0,0,0,0,1337,1627.81,2.40137,3.52742,168488,8,29433,486,464433,32,117732,1944,32,4,644756,1319142,20632192,5276568,25908760,4,4,12,4,4,4,0,20,20,20260807,5,1,1,1,0,0,0,6423,0.267625,1,0.0015,0
1822,16253.6,10,0,2.14383,7.7505,0,0,0,9.89433,361,361,0,1,2.45175,2.45175,1830,367,0,1235,0,0,0,0,0,1337,1627.81,2.40137,3.52742,168488,8,29433,486,464433,32,117732,1944,32,4,644756,1319142,20632192,5276568,25908760,4,4,12,4,4,4,0,20,20,20260807,5,1,1,1,0,0,0,6424,0.267667,1,0.0015,1
1823,16261.5,8,0,2.0445,5.79183,0,0,0,7.83633,361,361,0,1,2.45175,2.45175,1830,367,0,1235,0,0,0,0,0,1337,1627.81,2.40137,3.52742,168488,8,29433,486,464433,32,117732,1944,32,4,644756,1319142,20632192,5276568,25908760,4,4,12,4,4,4,0,20,20,20260807,5,1,1,1,0,0,0,6424,0.267667,1,0.0015,0
1824,16273.9,12,0,2.07408,10.2075,0,0,0,12.2816,361,361,0,1,2.45175,2.45175,1830,367,0,1235,0,0,0,0,0,1337,1627.81,2.40137,3.52742,168488,8,29433,486,464433,32,117732,1944,32,4,644756,1319142,20632192,5276568,25908760,4,4,12,4,4,4,0,20,20,20260807,5,1,1,1,0,0,0,6424,0.267667,1,0.0015,0
1825,16280.3,7,0,2.09483,4.22446,0,0,0,6.31929,361,361,0,1,2.45175,2.45175,1830,367,0,1235,0,0,0,0,0,1337,1627.81,2.40137,3.52742,168488,8,29433,486,464433,32,117732,1944,32,4,644756,1319142,20632192,5276568,25908760,4,4,12,4,4,4,0,20,20,20260807,5,1,1,1,0,0,0,6424,0.267667,1,0.0015,0
1826,16287.1,8,0,2.07346,4.64438,0,0,0,6.71783,361,361,0,1,2.45175,2.45175,1830,367,0,1235,0,0,0,0,0,1337,1627.81,2.40137,3.52742,168488,8,29433,486,464433,32,117732,1944,32,4,644756,1319142,20632192,5276568,25908760,4,4,12,4,4,4,0,20,20,20260807,5,1,1,1,0,0,0,6424,0.267667,1,0.0015,0
1827,16292.4,5,0,2.13054,3.05721,0,0,0,5.18775,361,361,0,1,2.45175,2.45175,1830,367,0,1235,0,0,0,0,0,1337,1627.81,2.40137,3.52742,168488,8,29433,486,464433,32,117732,1944,32,4,644756,1319142,20632192,5276568,25908760,4,4,12,4,4,4,0,20,20,20260807,5,1,1,1,0,0,0,6424,0.267667,1,0.0015,0
1828,16303.7,11,0,2.91129,8.31829,0,0,0,11.2296,361,361,0,1,2.45175,2.45175,1830,367,0,1235,0,0,0,0,0,1337,1627.81,2.40137,3.52742,168488,8,29433,486,464433,32,117732,1944,32,4,644756,1319142,20632192,5276568,25908760,4,4,12,4,4,4,0,20,20,20260807,5,1,1,1,0,0,0,6425,0.267708,1,0.0015,1
1829,16309.2,6,0,2.18246,3.24733,0,0,0,5.42979,361,361,0,1,2.45175,2.45175,1830,367,0,1235,0,0,0,0,0,1337,1627.81,2.40137,3.52742,168488,8,29433,486,464433,32,117732,1944,32,4,644756,1319142,20632192,5276568,25908760,4,4,12,4,4,4,0,20,20,20260807,5,1,1,1,0,0,0,6425,0.267708,1,0.0015,0
1830,16321.6,12,0,2.29217,10.0849,0,0,0,12.3771,361,361,0,1,2.45175,2.45175,1830,367,0,1235,0,0,0,0,0,1337,1627.81,2.40137,3.52742,168488,8,29433,486,464433,32,117732,1944,32,4,644756,1319142,20632192,5276568,25908760,4,4,12,4,4,4,0,20,20,20260807,5,1,1,1,0,0,0,6425,0.267708,1,0.0015,0
1831,16337.2,16,0,2.06879,13.4494,0,0,0,15.5182,361,361,0,1,2.45175,2.45175,1830,367,0,1235,0,0,0,0,0,1337,1627.81,2.40137,3.52742,168488,8,29433,486,464433,32,117732,1944,32,4,644756,1319142,20632192,5276568,25908760,4,4,12,4,4,4,0,20,20,20260807,5,1,1,1,0,0,0,6425,0.267708,1,0.0015,0
1832,16342.3,5,0,2.12387,2.85763,0,0,0,4.9815,361,361,0,1,2.45175,2.45175,1830,367,0,1235,0,0,0,0,0,1337,1627.81,2.40137,3.52742,168488,8,29433,486,464433,32,117732,1944,32,4,644756,1319142,20632192,5276568,25908760,4,4,12,4,4,4,0,20,20,20260807,5,1,1,1,0,0,0,6425,0.267708,1,0.0015,0
1833,16355.8,13,0,2.43225,10.9813,0,0,0,13.4136,361,361,0,1,2.45175,2.45175,1830,367,0,1235,0,0,0,0,0,1337,1627.81,2.40137,3.52742,168488,8,29433,486,464433,32,117732,1944,32,4,644756,1319142,20632192,5276568,25908760,4,4,12,4,4,4,0,20,20,20260807,5,1,1,1,0,0,0,6426,0.26775,1,0.0015,1
1834,16371.5,16,0,2.09054,13.5212,0,0,0,15.6117,361,361,0,1,2.45175,2.45175,1830,367,0,1235,0,0,0,0,0,1337,1627.81,2.40137,3.52742,168488,8,29433,486,464433,32,117732,1944,32,4,644756,1319142,20632192,5276568,25908760,4,4,12,4,4,4,0,20,20,20260807,5,1,1,1,0,0,0,6426,0.26775,1,0.0015,0
1835,16376.6,5,0,2.09758,2.91008,0,0,0,5.00767,361,361,0,1,2.45175,2.45175,1830,367,0,1235,0,0,0,0,0,1337,1627.81,2.40137,3.52742,168488,8,29433,486,464433,32,117732,1944,32,4,644756,1319142,20632192,5276568,25908760,4,4,12,4,4,4,0,20,20,20260807,5,1,1,1,0,0,0,6426,0.26775,1,0.0015,0
1836,16389.8,13,0,2.14454,10.9125,0,0,0,13.057,361,361,0,1,2.45175,2.45175,1830,367,0,1235,0,0,0,0,0,1337,1627.81,2.40137,3.52742,168488,8,29433,486,464433,32,117732,1944,32,4,644756,1319142,20632192,5276568,25908760,4,4,12,4,4,4,0,20,20,20260807,5,1,1,1,0,0,0,6426,0.26775,1,0.0015,0
1837,16395.6,6,0,2.12558,3.62646,0,0,0,5.75204,361,361,0,1,2.45175,2.45175,1830,367,0,1235,0,0,0,0,0,1337,1627.81,2.40137,3.52742,168488,8,29433,486,464433,32,117732,1944,32,4,644756,1319142,20632192,5276568,25908760,4,4,12,4,4,4,0,20,20,20260807,5,1,1,1,0,0,0,6427,0.267792,1,0.0015,1
1838,16408.4,13,0,2.14542,10.495,0,0,0,12.6404,361,361,0,1,2.45175,2.45175,1830,367,0,1235,0,0,0,0,0,1337,1627.81,2.40137,3.52742,168488,8,29433,486,464433,32,117732,1944,32,4,644756,1319142,20632192,5276568,25908760,4,4,12,4,4,4,0,20,20,20260807,5,1,1,1,0,0,0,6427,0.267792,1,0.0015,0
1839,16421.1,13,0,3.23133,9.43583,0,0,0,12.6672,361,361,0,1,2.45175,2.45175,1830,367,0,1235,0,0,0,0,0,1337,1627.81,2.40137,3.52742,168488,8,29433,486,464433,32,117732,1944,32,4,644756,1319142,20632192,5276568,25908760,4,4,12,4,4,4,0,20,20,20260807,5,1,1,1,0,0,0,6427,0.267792,1,0.0015,0
1840,16426.4,5,0,2.11917,3.05058,0,0,0,5.16975,361,361,0,1,2.45175,2.45175,1830,367,0,1235,0,0,0,0,0,1337,1627.81,2.40137,3.52742,168488,8,29433,486,464433,32,117732,1944,32,4,644756,1319142,20632192,5276568,25908760,4,4,12,4,4,4,0,20,20,20260807,5,1,1,1,0,0,0,6427,0.267792,1,0.0015,0
1841,16437,11,0,2.41379,8.19496,0,0,0,10.6088,361,361,0,1,2.45175,2.45175,1830,367,0,1235,0,0,0,0,0,1337,1627.81,2.40137,3.52742,168488,8,29433,486,464433,32,117732,1944,32,4,644756,1319142,20632192,5276568,25908760,4,4,12,4,4,4,0,20,20,20260807,5,1,1,1,0,0,0,6427,0.267792,1,0.0015,0
1842,16442.2,5,0,2.07542,3.0345,0,0,0,5.10992,361,361,0,1,2.45175,2.45175,1830,367,0,1235,0,0,0,0,0,1337,1627.81,2.40137,3.52742,168488,8,29433,486,464433,32,117732,1944,32,4,644756,1319142,20632192,5276568,25908760,4,4,12,4,4,4,0,20,20,20260807,5,1,1,1,0,0,0,6427,0.267792,1,0.0015,0
1843,16454.9,12,0,3.31396,9.23742,0,0,0,12.5514,361,361,0,1,2.45175,2.45175,1830,367,0,1235,0,0,0,0,0,1337,1627.81,2.40137,3.52742,168488,8,29433,486,464433,32,117732,1944,32,4,644756,1319142,20632192,5276568,25908760,4,4,12,4,4,4,0,20,20,20260807,5,1,1,1,0,0,0,6428,0.267833,1,0.0015,1
1844,16461,7,0,2.14179,3.93642,0,0,0,6.07821,361,361,0,1,2.45175,2.45175,1830,367,0,1235,0,0,0,0,0,1337,1627.81,2.40137,3.52742,168488,8,29433,486,464433,32,117732,1944,32,4,644756,1319142,20632192,5276568,25908760,4,4,12,4,4,4,0,20,20,20260807,5,1,1,1,0,0,0,6428,0.267833,1,0.0015,0
1845,16473.9,13,0,2.00312,10.8013,0,0,0,12.8044,361,361,0,1,2.45175,2.45175,1830,367,0,1235,0,0,0,0,0,1337,1627.81,2.40137,3.52742,168488,8,29433,486,464433,32,117732,1944,32,4,644756,1319142,20632192,5276568,25908760,4,4,12,4,4,4,0,20,20,20260807,5,1,1,1,0,0,0,6428,0.267833,1,0.0015,0
1846,16487.2,13,0,2.08838,11.1638,0,0,0,13.2521,361,361,0,1,2.45175,2.45175,1830,367,0,1235,0,0,0,0,0,1337,1627.81,2.40137,3.52742,168488,8,29433,486,464433,32,117732,1944,32,4,644756,1319142,20632192,5276568,25908760,4,4,12,4,4,4,0,20,20,20260807,5,1,1,1,0,0,0,6428,0.267833,1,0.0015,0
1847,16493,6,0,2.13433,3.53463,0,0,0,5.66896,361,361,0,1,2.45175,2.45175,1830,367,0,1235,0,0,0,0,0,1337,1627.81,2.40137,3.52742,168488,8,29433,486,464433,32,117732,1944,32,4,644756,1319142,20632192,5276568,25908760,4,4,12,4,4,4,0,20,20,20260807,5,1,1,1,0,0,0,6428,0.267833,1,0.0015,0
1848,16503.8,10,0,2.337,8.37538,0,0,0,10.7124,361,361,0,1,2.45175,2.45175,1830,367,0,1235,0,0,0,0,0,1337,1627.81,2.40137,3.52742,168488,8,29433,486,464433,32,117732,1944,32,4,644756,1319142,20632192,5276568,25908760,4,4,12,4,4,4,0,20,20,20260807,5,1,1,1,0,0,0,6429,0.267875,1,0.0015,1
1849,16509.4,6,0,2.13917,3.38563,0,0,0,5.52479,361,361,0,1,2.45175,2.45175,1830,367,0,1235,0,0,0,0,0,1337,1627.81,2.40137,3.52742,168488,8,29433,486,464433,32,117732,1944,32,4,644756,1319142,20632192,5276568,25908760,4,4,12,4,4,4,0,20,20,20260807,5,1,1,1,0,0,0,6429,0.267875,1,0.0015,0
1850,16521.1,12,0,2.31071,9.28404,0,0,0,11.5947,361,361,0,1,2.45175,2.45175,1830,367,0,1235,0,0,0,0,0,1337,1627.81,2.40137,3.52742,168488,8,29433,486,464433,32,117732,1944,32,4,644756,1319142,20632192,5276568,25908760,4,4,12,4,4,4,0,20,20,20260807,5,1,1,1,0,0,0,6429,0.267875,1,0.0015,0
1851,16526.3,5,0,2.14154,2.96988,0,0,0,5.11142,361,361,0,1,2.45175,2.45175,1830,367,0,1235,0,0,0,0,0,1337,1627.81,2.40137,3.52742,168488,8,29433,486,464433,32,117732,1944,32,4,644756,1319142,20632192,5276568,25908760,4,4,12,4,4,4,0,20,20,20260807,5,1,1,1,0,0,0,6429,0.267875,1,0.0015,0
1852,16538.2,12,0,2.23942,9.52721,0,0,0,11.7666,361,361,0,1,2.45175,2.45175,1830,367,0,1235,0,0,0,0,0,1337,1627.81,2.40137,3.52742,168488,8,29433,486,464433,32,117732,1944,32,4,644756,1319142,20632192,5276568,25908760,4,4,12,4,4,4,0,20,20,20260807,5,1,1,1,0,0,0,6429,0.267875,1,0.0015,0
1853,16543.3,5,0,2.10321,2.96479,0,0,0,5.068,361,361,0,1,2.45175,2.45175,1830,367,0,1235,0,0,0,0,0,1337,1627.81,2.40137,3.52742,168488,8,29433,486,464433,32,117732,1944,32,4,644756,1319142,20632192,5276568,25908760,4,4,12,4,4,4,0,20,20,20260807,5,1,1,1,0,0,0,6430,0.267917,1,0.0015,1
1854,16553.7,10,0,2.25913,8.07833,0,0,0,10.3375,361,361,0,1,2.45175,2.45175,1830,367,0,1235,0,0,0,0,0,1337,1627.81,2.40137,3.52742,168488,8,29433,486,464433,32,117732,1944,32,4,644756,1319142,20632192,5276568,25908760,4,4,12,4,4,4,0,20,20,20260807,5,1,1,1,0,0,0,6430,0.267917,1,0.0015,0
1855,16561.7,8,0,2.05183,5.87158,0,0,0,7.92342,361,361,0,1,2.45175,2.45175,1830,367,0,1235,0,0,0,0,0,1337,1627.81,2.40137,3.52742,168488,8,29433,486,464433,32,117732,1944,32,4,644756,1319142,20632192,5276568,25908760,4,4,12,4,4,4,0,20,20,20260807,5,1,1,1,0,0,0,6430,0.267917,1,0.0015,0
1856,16570.4,9,0,2.11437,6.44121,0,0,0,8.55558,361,361,0,1,2.45175,2.45175,1830,367,0,1235,0,0,0,0,0,1337,1627.81,2.40137,3.52742,168488,8,29433,486,464433,32,117732,1944,32,4,644756,1319142,20632192,5276568,25908760,4,4,12,4,4,4,0,20,20,20260807,5,1,1,1,0,0,0,6430,0.267917,1,0.0015,0
1857,16576.5,6,0,2.09396,4.00008,0,0,0,6.09404,361,361,0,1,2.45175,2.45175,1830,367,0,1235,0,0,0,0,0,1337,1627.81,2.40137,3.52742,168488,8,29433,486,464433,32,117732,1944,32,4,644756,1319142,20632192,5276568,25908760,4,4,12,4,4,4,0,20,20,20260807,5,1,1,1,0,0,0,6430,0.267917,1,0.0015,0
1858,16594,18,0,2.66621,14.6794,0,0,0,17.3456,361,361,0,1,2.45175,2.45175,1830,367,0,1235,0,0,0,0,0,1337,1627.81,2.40137,3.52742,168488,8,29433,486,464433,32,117732,1944,32,4,644756,1319142,20632192,5276568,25908760,4,4,12,4,4,4,0,20,20,20260807,5,1,1,1,0,0,0,6430,0.267917,1,0.0015,0
1859,16603.7,9,0,2.15896,7.488,0,0,0,9.64696,361,361,0,1,2.45175,2.45175,1830,367,0,1235,0,0,0,0,0,1337,1627.81,2.40137,3.52742,168488,8,29433,486,464433,32,117732,1944,32,4,644756,1319142,20632192,5276568,25908760,4,4,12,4,4,4,0,20,20,20260807,5,1,1,1,0,0,0,6431,0.267958,1,0.0015,1
1860,16608.9,5,0,2.16787,2.91646,0,0,0,5.08433,361,361,0,1,2.45175,2.45175,1830,367,0,1235,0,0,0,0,0,1337,1627.81,2.40137,3.52742,168488,8,29433,486,464433,32,117732,1944,32,4,644756,1319142,20632192,5276568,25908760,4,4,12,4,4,4,0,20,20,20260807,5,1,1,1,0,0,0,6431,0.267958,1,0.0015,0
1861,16620.5,12,0,2.67888,8.88387,0,0,0,11.5627,361,361,0,1,2.45175,2.45175,1830,367,0,1235,0,0,0,0,0,1337,1627.81,2.40137,3.52742,168488,8,29433,486,464433,32,117732,1944,32,4,644756,1319142,20632192,5276568,25908760,4,4,12,4,4,4,0,20,20,20260807,5,1,1,1,0,0,0,6431,0.267958,1,0.0015,0
1862,16625.7,5,0,2.15725,2.96058,0,0,0,5.11783,361,361,0,1,2.45175,2.45175,1830,367,0,1235,0,0,0,0,0,1337,1627.81,2.40137,3.52742,168488,8,29433,486,464433,32,117732,1944,32,4,644756,1319142,20632192,5276568,25908760,4,4,12,4,4,4,0,20,20,20260807,5,1,1,1,0,0,0,6431,0.267958,1,0.0015,0
1863,16637.2,12,0,2.28942,9.12138,0,0,0,11.4108,361,361,0,1,2.45175,2.45175,1830,367,0,1235,0,0,0,0,0,1337,1627.81,2.40137,3.52742,168488,8,29433,486,464433,32,117732,1944,32,4,644756,1319142,20632192,5276568,25908760,4,4,12,4,4,4,0,20,20,20260807,5,1,1,1,0,0,0,6431,0.267958,1,0.0015,0
1864,16642.5,5,0,2.15788,3.03433,0,0,0,5.19221,361,361,0,1,2.45175,2.45175,1830,367,0,1235,0,0,0,0,0,1337,1627.81,2.40137,3.52742,168488,8,29433,486,464433,32,117732,1944,32,4,644756,1319142,20632192,5276568,25908760,4,4,12,4,4,4,0,20,20,20260807,5,1,1,1,0,0,0,6431,0.267958,1,0.0015,0
1865,16653.8,11,0,2.16642,9.026,0,0,0,11.1924,361,361,0,1,2.45175,2.45175,1830,367,0,1235,0,0,0,0,0,1337,1627.81,2.40137,3.52742,168488,8,29433,486,464433,32,117732,1944,32,4,644756,1319142,20632192,5276568,25908760,4,4,12,4,4,4,0,20,20,20260807,5,1,1,1,0,0,0,6432,0.268,1,0.0015,1
1866,16659.9,6,0,2.09104,3.96154,0,0,0,6.05258,361,361,0,1,2.45175,2.45175,1830,367,0,1235,0,0,0,0,0,1337,1627.81,2.40137,3.52742,168488,8,29433,486,464433,32,117732,1944,32,4,644756,1319142,20632192,5276568,25908760,4,4,12,4,4,4,0,20,20,20260807,5,1,1,1,0,0,0,6432,0.268,1,0.0015,0
1867,16670.3,11,0,2.15762,8.15767,0,0,0,10.3153,361,361,0,1,2.45175,2.45175,1830,367,0,1235,0,0,0,0,0,1337,1627.81,2.40137,3.52742,168488,8,29433,486,464433,32,117732,1944,32,4,644756,1319142,20632192,5276568,25908760,4,4,12,4,4,4,0,20,20,20260807,5,1,1,1,0,0,0,6432,0.268,1,0.0015,0
1868,16675.6,5,0,2.04854,3.13029,0,0,0,5.17883,361,361,0,1,2.45175,2.45175,1830,367,0,1235,0,0,0,0,0,1337,1627.81,2.40137,3.52742,168488,8,29433,486,464433,32,117732,1944,32,4,644756,1319142,20632192,5276568,25908760,4,4,12,4,4,4,0,20,20,20260807,5,1,1,1,0,0,0,6432,0.268,1,0.0015,0
1869,16687.2,12,0,2.80429,8.698,0,0,0,11.5023,361,361,0,1,2.45175,2.45175,1830,367,0,1235,0,0,0,0,0,1337,1627.81,2.40137,3.52742,168488,8,29433,486,464433,32,117732,1944,32,4,644756,1319142,20632192,5276568,25908760,4,4,12,4,4,4,0,20,20,20260807,5,1,1,1,0,0,0,6432,0.268,1,0.0015,0
1870,16694.3,7,0,2.04421,5.03454,0,0,0,7.07875,361,361,0,1,2.45175,2.45175,1830,367,0,1235,0,0,0,0,0,1337,1627.81,2.40137,3.52742,168488,8,29433,486,464433,32,117732,1944,32,4,644756,1319142,20632192,5276568,25908760,4,4,12,4,4,4,0,20,20,20260807,5,1,1,1,0,0,0,6432,0.268,1,0.0015,0
1871,16703.6,9,0,2.13258,7.01192,0,0,0,9.1445,361,361,0,1,2.45175,2.45175,1830,367,0,1235,0,0,0,0,0,1337,1627.81,2.40137,3.52742,168488,8,29433,486,464433,32,117732,1944,32,4,644756,1319142,20632192,5276568,25908760,4,4,12,4,4,4,0,20,20,20260807,5,1,1,1,0,0,0,6433,0.268042,1,0.0015,1
1872,16709.6,6,0,2.10067,3.88475,0,0,0,5.98542,361,361,0,1,2.45175,2.45175,1830,367,0,1235,0,0,0,0,0,1337,1627.81,2.40137,3.52742,168488,8,29433,486,464433,32,117732,1944,32,4,644756,1319142,20632192,5276568,25908760,4,4,12,4,4,4,0,20,20,20260807,5,1,1,1,0,0,0,6433,0.268042,1,0.0015,0
1873,16720.5,11,0,2.29767,8.44592,0,0,0,10.7436,361,361,0,1,2.45175,2.45175,1830,367,0,1235,0,0,0,0,0,1337,1627.81,2.40137,3.52742,168488,8,29433,486,464433,32,117732,1944,32,4,644756,1319142,20632192,5276568,25908760,4,4,12,4,4,4,0,20,20,20260807,5,1,1,1,0,0,0,6433,0.268042,1,0.0015,0
1874,16726.3,6,0,2.08517,3.70258,0,0,0,5.78775,361,361,0,1,2.45175,2.45175,1830,367,0,1235,0,0,0,0,0,1337,1627.81,2.40137,3.52742,168488,8,29433,486,464433,32,117732,1944,32,4,644756,1319142,20632192,5276568,25908760,4,4,12,4,4,4,0,20,20,20260807,5,1,1,1,0,0,0,6433,0.268042,1,0.0015,0
1875,16737,11,0,4.70204,5.936,0,0,0,10.638,361,361,0,1,2.45175,2.45175,1830,367,0,1235,0,0,0,0,0,1337,1627.81,2.40137,3.52742,168488,8,29433,486,464433,32,117732,1944,32,4,644756,1319142,20632192,5276568,25908760,4,4,12,4,4,4,0,20,20,20260807,5,1,1,1,0,0,0,6433,0.268042,1,0.0015,0
1876,16742.9,6,0,2.09246,3.69108,0,0,0,5.78354,361,361,0,1,2.45175,2.45175,1830,367,0,1235,0,0,0,0,0,1337,1627.81,2.40137,3.52742,168488,8,29433,486,464433,32,117732,1944,32,4,644756,1319142,20632192,5276568,25908760,4,4,12,4,4,4,0,20,20,20260807,5,1,1,1,0,0,0,6433,0.268042,1,0.0015,0
1877,16753.8,10,0,2.29192,8.53158,0,0,0,10.8235,361,361,0,1,2.45175,2.45175,1830,367,0,1235,0,0,0,0,0,1337,1627.81,2.40137,3.52742,168488,8,29433,486,464433,32,117732,1944,32,4,644756,1319142,20632192,5276568,25908760,4,4,12,4,4,4,0,20,20,20260807,5,1,1,1,0,0,0,6434,0.268083,1,0.0015,1
1878,16760.9,8,0,2.05283,5.01433,0,0,0,7.06717,361,361,0,1,2.45175,2.45175,1830,367,0,1235,0,0,0,0,0,1337,1627.81,2.40137,3.52742,168488,8,29433,486,464433,32,117732,1944,32,4,644756,1319142,20632192,5276568,25908760,4,4,12,4,4,4,0,20,20,20260807,5,1,1,1,0,0,0,6434,0.268083,1,0.0015,0
1879,16770.3,9,0,2.11088,7.08125,0,0,0,9.19213,361,361,0,1,2.45175,2.45175,1830,367,0,1235,0,0,0,0,0,1337,1627.81,2.40137,3.52742,168488,8,29433,486,464433,32,117732,1944,32,4,644756,1319142,20632192,5276568,25908760,4,4,12,4,4,4,0,20,20,20260807,5,1,1,1,0,0,0,6434,0.268083,1,0.0015,0
1880,16776.5,6,0,2.05421,4.09946,0,0,0,6.15367,361,361,0,1,2.45175,2.45175,1830,367,0,1235,0,0,0,0,0,1337,1627.81,2.40137,3.52742,168488,8,29433,486,464433,32,117732,1944,32,4,644756,1319142,20632192,5276568,25908760,4,4,12,4,4,4,0,20,20,20260807,5,1,1,1,0,0,0,6434,0.268083,1,0.0015,0
1881,16787.1,11,0,2.16683,8.35479,0,0,0,10.5216,361,361,0,1,2.45175,2.45175,1830,367,0,1235,0,0,0,0,0,1337,1627.81,2.40137,3.52742,168488,8,29433,486,464433,32,117732,1944,32,4,644756,1319142,20632192,5276568,25908760,4,4,12,4,4,4,0,20,20,20260807,5,1,1,1,0,0,0,6434,0.268083,1,0.0015,0
1882,16794.3,7,0,2.09175,4.94633,0,0,0,7.03808,361,361,0,1,2.45175,2.45175,1830,367,0,1235,0,0,0,0,0,1337,1627.81,2.40137,3.52742,168488,8,29433,486,464433,32,117732,1944,32,4,644756,1319142,20632192,5276568,25908760,4,4,12,4,4,4,0,20,20,20260807,5,1,1,1,0,0,0,6434,0.268083,1,0.0015,0
1883,16803.7,9,0,2.15446,7.16263,0,0,0,9.31708,361,361,0,1,2.45175,2.45175,1830,367,0,1235,0,0,0,0,0,1337,1627.81,2.40137,3.52742,168488,8,29433,486,464433,32,117732,1944,32,4,644756,1319142,20632192,5276568,25908760,4,4,12,4,4,4,0,20,20,20260807,5,1,1,1,0,0,0,6435,0.268125,1,0.0015,1
1884,16810,7,0,2.142,4.11729,0,0,0,6.25929,361,361,0,1,2.45175,2.45175,1830,367,0,1235,0,0,0,0,0,1337,1627.81,2.40137,3.52742,168488,8,29433,486,464433,32,117732,1944,32,4,644756,1319142,20632192,5276568,25908760,4,4,12,4,4,4,0,20,20,20260807,5,1,1,1,0,0,0,6435,0.268125,1,0.0015,0
1885,16820.4,10,0,2.26138,8.01217,0,0,0,10.2735,361,361,0,1,2.45175,2.45175,1830,367,0,1235,0,0,0,0,0,1337,1627.81,2.40137,3.52742,168488,8,29433,486,464433,32,117732,1944,32,4,644756,1319142,20632192,5276568,25908760,4,4,12,4,4,4,0,20,20,20260807,5,1,1,1,0,0,0,6435,0.268125,1,0.0015,0
1886,16827.9,7,0,2.10487,5.34458,0,0,0,7.44946,361,361,0,1,2.45175,2.45175,1830,367,0,1235,0,0,0,0,0,1337,1627.81,2.40137,3.52742,168488,8,29433,486,464433,32,117732,1944,32,4,644756,1319142,20632192,5276568,25908760,4,4,12,4,4,4,0,20,20,20260807,5,1,1,1,0,0,0,6435,0.268125,1,0.0015,0
1887,16837,10,0,2.05,7.01629,0,0,0,9.06629,361,361,0,1,2.45175,2.45175,1830,367,0,1235,0,0,0,0,0,1337,1627.81,2.40137,3.52742,168488,8,29433,486,464433,32,117732,1944,32,4,644756,1319142,20632192,5276568,25908760,4,4,12,4,4,4,0,20,20,20260807,5,1,1,1,0,0,0,6435,0.268125,1,0.0015,0
1888,16843.1,6,0,2.06162,3.93213,0,0,0,5.99375,361,361,0,1,2.45175,2.45175,1830,367,0,1235,0,0,0,0,0,1337,1627.81,2.40137,3.52742,168488,8,29433,486,464433,32,117732,1944,32,4,644756,1319142,20632192,5276568,25908760,4,4,12,4,4,4,0,20,20,20260807,5,1,1,1,0,0,0,6435,0.268125,1,0.0015,0
1889,16853.7,10,0,2.26467,8.26946,0,0,0,10.5341,361,361,0,1,2.45175,2.45175,1830,367,0,1235,0,0,0,0,0,1337,1627.81,2.40137,3.52742,168488,8,29433,486,464433,32,117732,1944,32,4,644756,1319142,20632192,5276568,25908760,4,4,12,4,4,4,0,20,20,20260807,5,1,1,1,0,0,0,6436,0.268167,1,0.0015,1
1890,16860.2,7,0,2.07475,4.31779,0,0,0,6.39254,361,361,0,1,2.45175,2.45175,1830,367,0,1235,0,0,0,0,0,1337,1627.81,2.40137,3.52742,168488,8,29433,486,464433,32,117732,1944,32,4,644756,1319142,20632192,5276568,25908760,4,4,12,4,4,4,0,20,20,20260807,5,1,1,1,0,0,0,6436,0.268167,1,0.0015,0
1891,16870.6,10,0,2.19604,8.07446,0,0,0,10.2705,361,361,0,1,2.45175,2.45175,1830,367,0,1235,0,0,0,0,0,1337,1627.81,2.40137,3.52742,168488,8,29433,486,464433,32,117732,1944,32,4,644756,1319142,20632192,5276568,25908760,4,4,12,4,4,4,0,20,20,20260807,5,1,1,1,0,0,0,6436,0.268167,1,0.0015,0
1892,16877.1,7,0,2.11846,4.32096,0,0,0,6.43942,361,361,0,1,2.45175,2.45175,1830,367,0,1235,0,0,0,0,0,1337,1627.81,2.40137,3.52742,168488,8,29433,486,464433,32,117732,1944,32,4,644756,1319142,20632192,5276568,25908760,4,4,12,4,4,4,0,20,20,20260807,5,1,1,1,0,0,0,6436,0.268167,1,0.0015,0
1893,16887.1,10,0,2.12429,7.79125,0,0,0,9.91554,361,361,0,1,2.45175,2.45175,1830,367,0,1235,0,0,0,0,0,1337,1627.81,2.40137,3.52742,168488,8,29433,486,464433,32,117732,1944,32,4,644756,1319142,20632192,5276568,25908760,4,4,12,4,4,4,0,20,20,20260807,5,1,1,1,0,0,0,6436,0.268167,1,0.0015,0
1894,16893.7,6,0,2.13921,4.31108,0,0,0,6.45029,361,361,0,1,2.45175,2.45175,1830,367,0,1235,0,0,0,0,0,1337,1627.81,2.40137,3.52742,168488,8,29433,486,464433,32,117732,1944,32,4,644756,1319142,20632192,5276568,25908760,4,4,12,4,4,4,0,20,20,20260807,5,1,1,1,0,0,0,6436,0.268167,1,0.0015,0
1895,16903.7,10,0,2.24221,7.70875,0,0,0,9.95096,361,361,0,1,2.45175,2.45175,1830,367,0,1235,0,0,0,0,0,1337,1627.81,2.40137,3.52742,168488,8,29433,486,464433,32,117732,1944,32,4,644756,1319142,20632192,5276568,25908760,4,4,12,4,4,4,0,20,20,20260807,5,1,1,1,0,0,0,6437,0.268208,1,0.0015,1
1896,16909.6,6,0,2.117,3.73842,0,0,0,5.85542,361,361,0,1,2.45175,2.45175,1830,367,0,1235,0,0,0,0,0,1337,1627.81,2.40137,3.52742,168488,8,29433,486,464433,32,117732,1944,32,4,644756,1319142,20632192,5276568,25908760,4,4,12,4,4,4,0,20,20,20260807,5,1,1,1,0,0,0,6437,0.268208,1,0.0015,0
1897,16920.4,11,0,2.28617,8.44321,0,0,0,10.7294,361,361,0,1,2.45175,2.45175,1830,367,0,1235,0,0,0,0,0,1337,1627.81,2.40137,3.52742,168488,8,29433,486,464433,32,117732,1944,32,4,644756,1319142,20632192,5276568,25908760,4,4,12,4,4,4,0,20,20,20260807,5,1,1,1,0,0,0,6437,0.268208,1,0.0015,0
1898,16926.7,6,0,2.04896,4.12929,0,0,0,6.17825,361,361,0,1,2.45175,2.45175,1830,367,0,1235,0,0,0,0,0,1337,1627.81,2.40137,3.52742,168488,8,29433,486,464433,32,117732,1944,32,4,644756,1319142,20632192,5276568,25908760,4,4,12,4,4,4,0,20,20,20260807,5,1,1,1,0,0,0,6437,0.268208,1,0.0015,0
1899,16937.1,11,0,2.13937,8.17554,0,0,0,10.3149,361,361,0,1,2.45175,2.45175,1830,367,0,1235,0,0,0,0,0,1337,1627.81,2.40137,3.52742,168488,8,29433,486,464433,32,117732,1944,32,4,644756,1319142,20632192,5276568,25908760,4,4,12,4,4,4,0,20,20,20260807,5,1,1,1,0,0,0,6437,0.268208,1,0.0015,0
1900,16943,6,0,2.09837,3.72713,0,0,0,5.8255,361,361,0,1,2.45175,2.45175,1830,367,0,1235,0,0,0,0,0,1337,1627.81,2.40137,3.52742,168488,8,29433,486,464433,32,117732,1944,32,4,644756,1319142,20632192,5276568,25908760,4,4,12,4,4,4,0,20,20,20260807,5,1,1,1,0,0,0,6437,0.268208,1,0.0015,0
1901,16956.7,13,0,2.32458,11.2521,0,0,0,13.5767,361,361,0,1,2.45175,2.45175,1830,367,0,1235,0,0,0,0,0,1337,1627.81,2.40137,3.52742,168488,8,29433,486,464433,32,117732,1944,32,4,644756,1319142,20632192,5276568,25908760,4,4,12,4,4,4,0,20,20,20260807,5,1,1,1,0,0,0,6438,0.26825,1,0.0015,1
1902,16963.6,7,0,2.10142,4.724,0,0,0,6.82542,361,361,0,1,2.45175,2.45175,1830,367,0,1235,0,0,0,0,0,1337,1627.81,2.40137,3.52742,168488,8,29433,486,464433,32,117732,1944,32,4,644756,1319142,20632192,5276568,25908760,4,4,12,4,4,4,0,20,20,20260807,5,1,1,1,0,0,0,6438,0.26825,1,0.0015,0
1903,16970.8,7,0,2.06438,5.142,0,0,0,7.20638,361,361,0,1,2.45175,2.45175,1830,367,0,1235,0,0,0,0,0,1337,1627.81,2.40137,3.52742,168488,8,29433,486,464433,32,117732,1944,32,4,644756,1319142,20632192,5276568,25908760,4,4,12,4,4,4,0,20,20,20260807,5,1,1,1,0,0,0,6438,0.26825,1,0.0015,0
1904,16976.3,6,0,2.09229,3.30392,0,0,0,5.39621,361,361,0,1,2.45175,2.45175,1830,367,0,1235,0,0,0,0,0,1337,1627.81,2.40137,3.52742,168488,8,29433,486,464433,32,117732,1944,32,4,644756,1319142,20632192,5276568,25908760,4,4,12,4,4,4,0,20,20,20260807,5,1,1,1,0,0,0,6438,0.26825,1,0.0015,0
1905,16989.3,13,0,2.95863,9.93454,0,0,0,12.8932,361,361,0,1,2.45175,2.45175,1830,367,0,1235,0,0,0,0,0,1337,1627.81,2.40137,3.52742,168488,8,29433,486,464433,32,117732,1944,32,4,644756,1319142,20632192,5276568,25908760,4,4,12,4,4,4,0,20,20,20260807,5,1,1,1,0,0,0,6438,0.26825,1,0.0015,0
1906,16994.6,5,0,2.17221,3.10367,0,0,0,5.27588,361,361,0,1,2.45175,2.45175,1830,367,0,1235,0,0,0,0,0,1337,1627.81,2.40137,3.52742,168488,8,29433,486,464433,32,117732,1944,32,4,644756,1319142,20632192,5276568,25908760,4,4,12,4,4,4,0,20,20,20260807,5,1,1,1,0,0,0,6439,0.268292,1,0.0015,1
1907,17004,10,0,2.16892,7.06412,0,0,0,9.23304,361,361,0,1,2.45175,2.45175,1830,367,0,1235,0,0,0,0,0,1337,1627.81,2.40137,3.52742,168488,8,29433,486,464433,32,117732,1944,32,4,644756,1319142,20632192,5276568,25908760,4,4,12,4,4,4,0,20,20,20260807,5,1,1,1,0,0,0,6439,0.268292,1,0.0015,0
1908,17009.7,5,0,2.1245,3.54913,0,0,0,5.67363,361,361,0,1,2.45175,2.45175,1830,367,0,1235,0,0,0,0,0,1337,1627.81,2.40137,3.52742,168488,8,29433,486,464433,32,117732,1944,32,4,644756,1319142,20632192,5276568,25908760,4,4,12,4,4,4,0,20,20,20260807,5,1,1,1,0,0,0,6439,0.268292,1,0.0015,0
1909,17020.4,11,0,2.27438,8.31454,0,0,0,10.5889,361,361,0,1,2.45175,2.45175,1830,367,0,1235,0,0,0,0,0,1337,1627.81,2.40137,3.52742,168488,8,29433,486,464433,32,117732,1944,32,4,644756,1319142,20632192,5276568,25908760,4,4,12,4,4,4,0,20,20,20260807,5,1,1,1,0,0,0,6439,0.268292,1,0.0015,0
1910,17027.1,7,0,2.04754,4.50804,0,0,0,6.55558,361,361,0,1,2.45175,2.45175,1830,367,0,1235,0,0,0,0,0,1337,1627.81,2.40137,3.52742,168488,8,29433,486,464433,32,117732,1944,32,4,644756,1319142,20632192,5276568,25908760,4,4,12,4,4,4,0,20,20,20260807,5,1,1,1,0,0,0,6439,0.268292,1,0.0015,0
1911,17037.7,9,0,2.19054,8.35479,0,0,0,10.5453,361,361,0,1,2.45175,2.45175,1830,367,0,1235,0,0,0,0,0,1337,1627.81,2.40137,3.52742,168488,8,29433,486,464433,32,117732,1944,32,4,644756,1319142,20632192,5276568,25908760,4,4,12,4,4,4,0,20,20,20260807,5,1,1,1,0,0,0,6439,0.268292,1,0.0015,0
1912,17042.8,5,0,2.11692,2.94813,0,0,0,5.06504,361,361,0,1,2.45175,2.45175,1830,367,0,1235,0,0,0,0,0,1337,1627.81,2.40137,3.52742,168488,8,29433,486,464433,32,117732,1944,32,4,644756,1319142,20632192,5276568,25908760,4,4,12,4,4,4,0,20,20,20260807,5,1,1,1,0,0,0,6439,0.268292,1,0.0015,0
1913,17053.7,11,0,2.42579,8.37746,0,0,0,10.8033,361,361,0,1,2.45175,2.45175,1830,367,0,1235,0,0,0,0,0,1337,1627.81,2.40137,3.52742,168488,8,29433,486,464433,32,117732,1944,32,4,644756,1319142,20632192,5276568,25908760,4,4,12,4,4,4,0,20,20,20260807,5,1,1,1,0,0,0,6440,0.268333,1,0.0015,1
1914,17063.1,10,0,2.12492,7.19137,0,0,0,9.31629,361,361,0,1,2.45175,2.45175,1830,367,0,1235,0,0,0,0,0,1337,1627.81,2.40137,3.52742,168488,8,29433,486,464433,32,117732,1944,32,4,644756,1319142,20632192,5276568,25908760,4,4,12,4,4,4,0,20,20,20260807,5,1,1,1,0,0,0,6440,0.268333,1,0.0015,0
1915,17070.5,7,0,2.088,5.21133,0,0,0,7.29933,361,361,0,1,2.45175,2.45175,1830,367,0,1235,0,0,0,0,0,1337,1627.81,2.40137,3.52742,168488,8,29433,486,464433,32,117732,1944,32,4,644756,1319142,20632192,5276568,25908760,4,4,12,4,4,4,0,20,20,20260807,5,1,1,1,0,0,0,6440,0.268333,1,0.0015,0
1916,17076.8,6,0,2.08975,4.10846,0,0,0,6.19821,361,361,0,1,2.45175,2.45175,1830,367,0,1235,0,0,0,0,0,1337,1627.81,2.40137,3.52742,168488,8,29433,486,464433,32,117732,1944,32,4,644756,1319142,20632192,5276568,25908760,4,4,12,4,4,4,0,20,20,20260807,5,1,1,1,0,0,0,6440,0.268333,1,0.0015,0
1917,17087.1,11,0,3.43771,6.79396,0,0,0,10.2317,361,361,0,1,2.45175,2.45175,1830,367,0,1235,0,0,0,0,0,1337,1627.81,2.40137,3.52742,168488,8,29433,486,464433,32,117732,1944,32,4,644756,1319142,20632192,5276568,25908760,4,4,12,4,4,4,0,20,20,20260807,5,1,1,1,0,0,0,6440,0.268333,1,0.0015,0
1918,17093.4,6,0,2.10329,4.13492,0,0,0,6.23821,361,361,0,1,2.45175,2.45175,1830,367,0,1235,0,0,0,0,0,1337,1627.81,2.40137,3.52742,168488,8,29433,486,464433,32,117732,1944,32,4,644756,1319142,20632192,5276568,25908760,4,4,12,4,4,4,0,20,20,20260807,5,1,1,1,0,0,0,6440,0.268333,1,0.0015,0
1919,17104.4,11,0,2.23754,8.65758,0,0,0,10.8951,361,361,0,1,2.45175,2.45175,1830,367,0,1235,0,0,0,0,0,1337,1627.81,2.40137,3.52742,168488,8,29433,486,464433,32,117732,1944,32,4,644756,1319142,20632192,5276568,25908760,4,4,12,4,4,4,0,20,20,20260807,5,1,1,1,0,0,0,6441,0.268375,1,0.0015,1
1920,17120.6,16,0,2.23371,13.8749,0,0,0,16.1086,361,361,0,1,2.45175,2.45175,1830,367,0,1235,0,0,0,0,0,1337,1627.81,2.40137,3.52742,168488,8,29433,486,464433,32,117732,1944,32,4,644756,1319142,20632192,5276568,25908760,4,4,12,4,4,4,0,20,20,20260807,5,1,1,1,0,0,0,6441,0.268375,1,0.0015,0
1921,17127.7,7,0,2.09567,4.95108,0,0,0,7.04675,361,361,0,1,2.45175,2.45175,1830,367,0,1235,0,0,0,0,0,1337,1627.81,2.40137,3.52742,168488,8,29433,486,464433,32,117732,1944,32,4,644756,1319142,20632192,5276568,25908760,4,4,12,4,4,4,0,20,20,20260807,5,1,1,1,0,0,0,6441,0.268375,1,0.0015,0
1922,17137.4,10,0,2.14604,7.37246,0,0,0,9.5185,361,361,0,1,2.45175,2.45175,1830,367,0,1235,0,0,0,0,0,1337,1627.81,2.40137,3.52742,168488,8,29433,486,464433,32,117732,1944,32,4,644756,1319142,20632192,5276568,25908760,4,4,12,4,4,4,0,20,20,20260807,5,1,1,1,0,0,0,6441,0.268375,1,0.0015,0
1923,17143.1,6,0,2.08908,3.60108,0,0,0,5.69017,361,361,0,1,2.45175,2.45175,1830,367,0,1235,0,0,0,0,0,1337,1627.81,2.40137,3.52742,168488,8,29433,486,464433,32,117732,1944,32,4,644756,1319142,20632192,5276568,25908760,4,4,12,4,4,4,0,20,20,20260807,5,1,1,1,0,0,0,6441,0.268375,1,0.0015,0
1924,17154.4,11,0,2.347,8.80233,0,0,0,11.1493,361,361,0,1,2.45175,2.45175,1830,367,0,1235,0,0,0,0,0,1337,1627.81,2.40137,3.52742,168488,8,29433,486,464433,32,117732,1944,32,4,644756,1319142,20632192,5276568,25908760,4,4,12,4,4,4,0,20,20,20260807,5,1,1,1,0,0,0,6442,0.268417,1,0.0015,1
1925,17161.6,7,0,2.12142,5.03129,0,0,0,7.15271,361,361,0,1,2.45175,2.45175,1830,367,0,1235,0,0,0,0,0,1337,1627.81,2.40137,3.52742,168488,8,29433,486,464433,32,117732,1944,32,4,644756,1319142,20632192,5276568,25908760,4,4,12,4,4,4,0,20,20,20260807,5,1,1,1,0,0,0,6442,0.268417,1,0.0015,0
1926,17170.3,9,0,2.06937,6.57896,0,0,0,8.64833,361,361,0,1,2.45175,2.45175,1830,367,0,1235,0,0,0,0,0,1337,1627.81,2.40137,3.52742,168488,8,29433,486,464433,32,117732,1944,32,4,644756,1319142,20632192,5276568,25908760,4,4,12,4,4,4,0,20,20,20260807,5,1,1,1,0,0,0,6442,0.268417,1,0.0015,0
1927,17177.6,7,0,2.06317,5.10383,0,0,0,7.167,361,361,0,1,2.45175,2.45175,1830,367,0,1235,0,0,0,0,0,1337,1627.81,2.40137,3.52742,168488,8,29433,486,464433,32,117732,1944,32,4,644756,1319142,20632192,5276568,25908760,4,4,12,4,4,4,0,20,20,20260807,5,1,1,1,0,0,0,6442,0.268417,1,0.0015,0
1928,17187.2,10,0,2.10254,7.39912,0,0,0,9.50167,361,361,0,1,2.45175,2.45175,1830,367,0,1235,0,0,0,0,0,1337,1627.81,2.40137,3.52742,168488,8,29433,486,464433,32,117732,1944,32,4,644756,1319142,20632192,5276568,25908760,4,4,12,4,4,4,0,20,20,20260807,5,1,1,1,0,0,0,6442,0.268417,1,0.0015,0
1929,17193.2,6,0,2.09,3.83033,0,0,0,5.92033,361,361,0,1,2.45175,2.45175,1830,367,0,1235,0,0,0,0,0,1337,1627.81,2.40137,3.52742,168488,8,29433,486,464433,32,117732,1944,32,4,644756,1319142,20632192,5276568,25908760,4,4,12,4,4,4,0,20,20,20260807,5,1,1,1,0,0,0,6442,0.268417,1,0.0015,0
1930,17203.7,10,0,2.30246,8.11542,0,0,0,10.4179,361,361,0,1,2.45175,2.45175,1830,367,0,1235,0,0,0,0,0,1337,1627.81,2.40137,3.52742,168488,8,29433,486,464433,32,117732,1944,32,4,644756,1319142,20632192,5276568,25908760,4,4,12,4,4,4,0,20,20,20260807,5,1,1,1,0,0,0,6443,0.268458,1,0.0015,1
1931,17209.9,7,0,2.08833,4.10425,0,0,0,6.19258,361,361,0,1,2.45175,2.45175,1830,367,0,1235,0,0,0,0,0,1337,1627.81,2.40137,3.52742,168488,8,29433,486,464433,32,117732,1944,32,4,644756,1319142,20632192,5276568,25908760,4,4,12,4,4,4,0,20,20,20260807,5,1,1,1,0,0,0,6443,0.268458,1,0.0015,0
1932,17220.7,10,0,2.14704,8.50437,0,0,0,10.6514,361,361,0,1,2.45175,2.45175,1830,367,0,1235,0,0,0,0,0,1337,1627.81,2.40137,3.52742,168488,8,29433,486,464433,32,117732,1944,32,4,644756,1319142,20632192,5276568,25908760,4,4,12,4,4,4,0,20,20,20260807,5,1,1,1,0,0,0,6443,0.268458,1,0.0015,0
1933,17228.3,8,0,2.02054,5.47892,0,0,0,7.49946,361,361,0,1,2.45175,2.45175,1830,367,0,1235,0,0,0,0,0,1337,1627.81,2.40137,3.52742,168488,8,29433,486,464433,32,117732,1944,32,4,644756,1319142,20632192,5276568,25908760,4,4,12,4,4,4,0,20,20,20260807,5,1,1,1,0,0,0,6443,0.268458,1,0.0015,0
1934,17237.2,9,0,2.09217,6.67617,0,0,0,8.76833,361,361,0,1,2.45175,2.45175,1830,367,0,1235,0,0,0,0,0,1337,1627.81,2.40137,3.52742,168488,8,29433,486,464433,32,117732,1944,32,4,644756,1319142,20632192,5276568,25908760,4,4,12,4,4,4,0,20,20,20260807,5,1,1,1,0,0,0,6443,0.268458,1,0.0015,0
1935,17242.9,5,0,2.08575,3.54188,0,0,0,5.62763,361,361,0,1,2.45175,2.45175,1830,367,0,1235,0,0,0,0,0,1337,1627.81,2.40137,3.52742,168488,8,29433,486,464433,32,117732,1944,32,4,644756,1319142,20632192,5276568,25908760,4,4,12,4,4,4,0,20,20,20260807,5,1,1,1,0,0,0,6443,0.268458,1,0.0015,0
1936,17253.7,11,0,2.40771,8.33912,0,0,0,10.7468,361,361,0,1,2.45175,2.45175,1830,367,0,1235,0,0,0,0,0,1337,1627.81,2.40137,3.52742,168488,8,29433,486,464433,32,117732,1944,32,4,644756,1319142,20632192,5276568,25908760,4,4,12,4,4,4,0,20,20,20260807,5,1,1,1,0,0,0,6444,0.2685,1,0.0015,1
1937,17260.2,7,0,2.07696,4.30196,0,0,0,6.37892,361,361,0,1,2.45175,2.45175,1830,367,0,1235,0,0,0,0,0,1337,1627.81,2.40137,3.52742,168488,8,29433,486,464433,32,117732,1944,32,4,644756,1319142,20632192,5276568,25908760,4,4,12,4,4,4,0,20,20,20260807,5,1,1,1,0,0,0,6444,0.2685,1,0.0015,0
1938,17270.3,10,0,2.16208,7.90975,0,0,0,10.0718,361,361,0,1,2.45175,2.45175,1830,367,0,1235,0,0,0,0,0,1337,1627.81,2.40137,3.52742,168488,8,29433,486,464433,32,117732,1944,32,4,644756,1319142,20632192,5276568,25908760,4,4,12,4,4,4,0,20,20,20260807,5,1,1,1,0,0,0,6444,0.2685,1,0.0015,0
1939,17276.3,6,0,2.10792,3.80938,0,0,0,5.91729,361,361,0,1,2.45175,2.45175,1830,367,0,1235,0,0,0,0,0,1337,1627.81,2.40137,3.52742,168488,8,29433,486,464433,32,117732,1944,32,4,644756,1319142,20632192,5276568,25908760,4,4,12,4,4,4,0,20,20,20260807,5,1,1,1,0,0,0,6444,0.2685,1,0.0015,0
1940,17287,12,0,2.54204,8.02146,0,0,0,10.5635,361,361,0,1,2.45175,2.45175,1830,367,0,1235,0,0,0,0,0,1337,1627.81,2.40137,3.52742,168488,8,29433,486,464433,32,117732,1944,32,4,644756,1319142,20632192,5276568,25908760,4,4,12,4,4,4,0,20,20,20260807,5,1,1,1,0,0,0,6444,0.2685,1,0.0015,0
1941,17293.9,6,0,2.02554,4.81463,0,0,0,6.84017,361,361,0,1,2.45175,2.45175,1830,367,0,1235,0,0,0,0,0,1337,1627.81,2.40137,3.52742,168488,8,29433,486,464433,32,117732,1944,32,4,644756,1319142,20632192,5276568,25908760,4,4,12,4,4,4,0,20,20,20260807,5,1,1,1,0,0,0,6444,0.2685,1,0.0015,0
1942,17303.7,10,0,2.1195,7.6075,0,0,0,9.727,361,361,0,1,2.45175,2.45175,1830,367,0,1235,0,0,0,0,0,1337,1627.81,2.40137,3.52742,168488,8,29433,486,464433,32,117732,1944,32,4,644756,1319142,20632192,5276568,25908760,4,4,12,4,4,4,0,20,20,20260807,5,1,1,1,0,0,0,6445,0.268542,1,0.0015,1
1943,17309.8,6,0,2.09558,3.95371,0,0,0,6.04929,361,361,0,1,2.45175,2.45175,1830,367,0,1235,0,0,0,0,0,1337,1627.81,2.40137,3.52742,168488,8,29433,486,464433,32,117732,1944,32,4,644756,1319142,20632192,5276568,25908760,4,4,12,4,4,4,0,20,20,20260807,5,1,1,1,0,0,0,6445,0.268542,1,0.0015,0
1944,17320.3,11,0,2.26479,8.18642,0,0,0,10.4512,361,361,0,1,2.45175,2.45175,1830,367,0,1235,0,0,0,0,0,1337,1627.81,2.40137,3.52742,168488,8,29433,486,464433,32,117732,1944,32,4,644756,1319142,20632192,5276568,25908760,4,4,12,4,4,4,0,20,20,20260807,5,1,1,1,0,0,0,6445,0.268542,1,0.0015,0
1945,17327.2,7,0,2.02225,4.75717,0,0,0,6.77942,361,361,0,1,2.45175,2.45175,1830,367,0,1235,0,0,0,0,0,1337,1627.81,2.40137,3.52742,168488,8,29433,486,464433,32,117732,1944,32,4,644756,1319142,20632192,5276568,25908760,4,4,12,4,4,4,0,20,20,20260807,5,1,1,1,0,0,0,6445,0.268542,1,0.0015,0
1946,17337,10,0,2.16717,7.55367,0,0,0,9.72083,361,361,0,1,2.45175,2.45175,1830,367,0,1235,0,0,0,0,0,1337,1627.81,2.40137,3.52742,168488,8,29433,486,464433,32,117732,1944,32,4,644756,1319142,20632192,5276568,25908760,4,4,12,4,4,4,0,20,20,20260807,5,1,1,1,0,0,0,6445,0.268542,1,0.0015,0
1947,17342.6,5,0,2.0425,3.52338,0,0,0,5.56588,361,361,0,1,2.45175,2.45175,1830,367,0,1235,0,0,0,0,0,1337,1627.81,2.40137,3.52742,168488,8,29433,486,464433,32,117732,1944,32,4,644756,1319142,20632192,5276568,25908760,4,4,12,4,4,4,0,20,20,20260807,5,1,1,1,0,0,0,6445,0.268542,1,0.0015,0
1948,17353.8,11,0,2.30058,8.78917,0,0,0,11.0898,361,361,0,1,2.45175,2.45175,1830,367,0,1235,0,0,0,0,0,1337,1627.81,2.40137,3.52742,168488,8,29433,486,464433,32,117732,1944,32,4,644756,1319142,20632192,5276568,25908760,4,4,12,4,4,4,0,20,20,20260807,5,1,1,1,0,0,0,6446,0.268583,1,0.0015,1
1949,17359.8,6,0,2.09904,3.852,0,0,0,5.95104,361,361,0,1,2.45175,2.45175,1830,367,0,1235,0,0,0,0,0,1337,1627.81,2.40137,3.52742,168488,8,29433,486,464433,32,117732,1944,32,4,644756,1319142,20632192,5276568,25908760,4,4,12,4,4,4,0,20,20,20260807,5,1,1,1,0,0,0,6446,0.268583,1,0.0015,0
1950,17370.5,11,0,2.25237,8.2195,0,0,0,10.4719,361,361,0,1,2.45175,2.45175,1830,367,0,1235,0,0,0,0,0,1337,1627.81,2.40137,3.52742,168488,8,29433,486,464433,32,117732,1944,32,4,644756,1319142,20632192,5276568,25908760,4,4,12,4,4,4,0,20,20,20260807,5,1,1,1,0,0,0,6446,0.268583,1,0.0015,0
1951,17376.5,6,0,2.07104,3.8795,0,0,0,5.95054,361,361,0,1,2.45175,2.45175,1830,367,0,1235,0,0,0,0,0,1337,1627.81,2.40137,3.52742,168488,8,29433,486,464433,32,117732,1944,32,4,644756,1319142,20632192,5276568,25908760,4,4,12,4,4,4,0,20,20,20260807,5,1,1,1,0,0,0,6446,0.268583,1,0.0015,0
1952,17387.1,11,0,2.31371,8.13983,0,0,0,10.4535,361,361,0,1,2.45175,2.45175,1830,367,0,1235,0,0,0,0,0,1337,1627.81,2.40137,3.52742,168488,8,29433,486,464433,32,117732,1944,32,4,644756,1319142,20632192,5276568,25908760,4,4,12,4,4,4,0,20,20,20260807,5,1,1,1,0,0,0,6446,0.268583,1,0.0015,0
1953,17394.1,7,0,2.08554,4.88537,0,0,0,6.97092,361,361,0,1,2.45175,2.45175,1830,367,0,1235,0,0,0,0,0,1337,1627.81,2.40137,3.52742,168488,8,29433,486,464433,32,117732,1944,32,4,644756,1319142,20632192,5276568,25908760,4,4,12,4,4,4,0,20,20,20260807,5,1,1,1,0,0,0,6446,0.268583,1,0.0015,0
1954,17403.7,9,0,2.13746,7.2985,0,0,0,9.43596,361,361,0,1,2.45175,2.45175,1830,367,0,1235,0,0,0,0,0,1337,1627.81,2.40137,3.52742,168488,8,29433,486,464433,32,117732,1944,32,4,644756,1319142,20632192,5276568,25908760,4,4,12,4,4,4,0,20,20,20260807,5,1,1,1,0,0,0,6447,0.268625,1,0.0015,1
1955,17410.1,7,0,2.07571,4.26363,0,0,0,6.33933,361,361,0,1,2.45175,2.45175,1830,367,0,1235,0,0,0,0,0,1337,1627.81,2.40137,3.52742,168488,8,29433,486,464433,32,117732,1944,32,4,644756,1319142,20632192,5276568,25908760,4,4,12,4,4,4,0,20,20,20260807,5,1,1,1,0,0,0,6447,0.268625,1,0.0015,0
1956,17420.5,10,0,2.19017,8.14033,0,0,0,10.3305,361,361,0,1,2.45175,2.45175,1830,367,0,1235,0,0,0,0,0,1337,1627.81,2.40137,3.52742,168488,8,29433,486,464433,32,117732,1944,32,4,644756,1319142,20632192,5276568,25908760,4,4,12,4,4,4,0,20,20,20260807,5,1,1,1,0,0,0,6447,0.268625,1,0.0015,0
1957,17427.8,7,0,2.11517,5.13554,0,0,0,7.25071,361,361,0,1,2.45175,2.45175,1830,367,0,1235,0,0,0,0,0,1337,1627.81,2.40137,3.52742,168488,8,29433,486,464433,32,117732,1944,32,4,644756,1319142,20632192,5276568,25908760,4,4,12,4,4,4,0,20,20,20260807,5,1,1,1,0,0,0,6447,0.268625,1,0.0015,0
1958,17437.1,10,0,2.10717,7.11358,0,0,0,9.22075,361,361,0,1,2.45175,2.45175,1830,367,0,1235,0,0,0,0,0,1337,1627.81,2.40137,3.52742,168488,8,29433,486,464433,32,117732,1944,32,4,644756,1319142,20632192,5276568,25908760,4,4,12,4,4,4,0,20,20,20260807,5,1,1,1,0,0,0,6447,0.268625,1,0.0015,0
1959,17443,6,0,2.13142,3.65883,0,0,0,5.79025,361,361,0,1,2.45175,2.45175,1830,367,0,1235,0,0,0,0,0,1337,1627.81,2.40137,3.52742,168488,8,29433,486,464433,32,117732,1944,32,4,644756,1319142,20632192,5276568,25908760,4,4,12,4,4,4,0,20,20,20260807,5,1,1,1,0,0,0,6447,0.268625,1,0.0015,0
1960,17453.8,10,0,2.68367,8.0145,0,0,0,10.6982,361,361,0,1,2.45175,2.45175,1830,367,0,1235,0,0,0,0,0,1337,1627.81,2.40137,3.52742,168488,8,29433,486,464433,32,117732,1944,32,4,644756,1319142,20632192,5276568,25908760,4,4,12,4,4,4,0,20,20,20260807,5,1,1,1,0,0,0,6448,0.268667,1,0.0015,1
1961,17460.2,7,0,2.09425,4.26396,0,0,0,6.35821,361,361,0,1,2.45175,2.45175,1830,367,0,1235,0,0,0,0,0,1337,1627.81,2.40137,3.52742,168488,8,29433,486,464433,32,117732,1944,32,4,644756,1319142,20632192,5276568,25908760,4,4,12,4,4,4,0,20,20,20260807,5,1,1,1,0,0,0,6448,0.268667,1,0.0015,0
1962,17470.5,10,0,2.16254,8.05946,0,0,0,10.222,361,361,0,1,2.45175,2.45175,1830,367,0,1235,0,0,0,0,0,1337,1627.81,2.40137,3.52742,168488,8,29433,486,464433,32,117732,1944,32,4,644756,1319142,20632192,5276568,25908760,4,4,12,4,4,4,0,20,20,20260807,5,1,1,1,0,0,0,6448,0.268667,1,0.0015,0
1963,17476.7,6,0,2.12121,3.96296,0,0,0,6.08417,361,361,0,1,2.45175,2.45175,1830,367,0,1235,0,0,0,0,0,1337,1627.81,2.40137,3.52742,168488,8,29433,486,464433,32,117732,1944,32,4,644756,1319142,20632192,5276568,25908760,4,4,12,4,4,4,0,20,20,20260807,5,1,1,1,0,0,0,6448,0.268667,1,0.0015,0
1964,17487.1,11,0,2.25504,8.04796,0,0,0,10.303,361,361,0,1,2.45175,2.45175,1830,367,0,1235,0,0,0,0,0,1337,1627.81,2.40137,3.52742,168488,8,29433,486,464433,32,117732,1944,32,4,644756,1319142,20632192,5276568,25908760,4,4,12,4,4,4,0,20,20,20260807,5,1,1,1,0,0,0,6448,0.268667,1,0.0015,0
1965,17493,6,0,2.05808,3.73238,0,0,0,5.79046,361,361,0,1,2.45175,2.45175,1830,367,0,1235,0,0,0,0,0,1337,1627.81,2.40137,3.52742,168488,8,29433,486,464433,32,117732,1944,32,4,644756,1319142,20632192,5276568,25908760,4,4,12,4,4,4,0,20,20,20260807,5,1,1,1,0,0,0,6448,0.268667,1,0.0015,0
1966,17503.7,10,0,2.24083,8.46579,0,0,0,10.7066,361,361,0,1,2.45175,2.45175,1830,367,0,1235,0,0,0,0,0,1337,1627.81,2.40137,3.52742,168488,8,29433,486,464433,32,117732,1944,32,4,644756,1319142,20632192,5276568,25908760,4,4,12,4,4,4,0,20,20,20260807,5,1,1,1,0,0,0,6449,0.268708,1,0.0015,1
1967,17509.6,6,0,2.09017,3.72363,0,0,0,5.81379,361,361,0,1,2.45175,2.45175,1830,367,0,1235,0,0,0,0,0,1337,1627.81,2.40137,3.52742,168488,8,29433,486,464433,32,117732,1944,32,4,644756,1319142,20632192,5276568,25908760,4,4,12,4,4,4,0,20,20,20260807,5,1,1,1,0,0,0,6449,0.268708,1,0.0015,0
1968,17520.5,11,0,2.41204,8.41054,0,0,0,10.8226,361,361,0,1,2.45175,2.45175,1830,367,0,1235,0,0,0,0,0,1337,1627.81,2.40137,3.52742,168488,8,29433,486,464433,32,117732,1944,32,4,644756,1319142,20632192,5276568,25908760,4,4,12,4,4,4,0,20,20,20260807,5,1,1,1,0,0,0,6449,0.268708,1,0.0015,0
1969,17526.9,7,0,2.02121,4.28933,0,0,0,6.31054,361,361,0,1,2.45175,2.45175,1830,367,0,1235,0,0,0,0,0,1337,1627.81,2.40137,3.52742,168488,8,29433,486,464433,32,117732,1944,32,4,644756,1319142,20632192,5276568,25908760,4,4,12,4,4,4,0,20,20,20260807,5,1,1,1,0,0,0,6449,0.268708,1,0.0015,0
1970,17537.8,10,0,2.17612,8.57746,0,0,0,10.7536,361,361,0,1,2.45175,2.45175,1830,367,0,1235,0,0,0,0,0,1337,1627.81,2.40137,3.52742,168488,8,29433,486,464433,32,117732,1944,32,4,644756,1319142,20632192,5276568,25908760,4,4,12,4,4,4,0,20,20,20260807,5,1,1,1,0,0,0,6449,0.268708,1,0.0015,0
1971,17542.8,5,0,2.09975,2.85654,0,0,0,4.95629,361,361,0,1,2.45175,2.45175,1830,367,0,1235,0,0,0,0,0,1337,1627.81,2.40137,3.52742,168488,8,29433,486,464433,32,117732,1944,32,4,644756,1319142,20632192,5276568,25908760,4,4,12,4,4,4,0,20,20,20260807,5,1,1,1,0,0,0,6449,0.268708,1,0.0015,0
1972,17553.8,11,0,2.54425,8.37846,0,0,0,10.9227,361,361,0,1,2.45175,2.45175,1830,367,0,1235,0,0,0,0,0,1337,1627.81,2.40137,3.52742,168488,8,29433,486,464433,32,117732,1944,32,4,644756,1319142,20632192,5276568,25908760,4,4,12,4,4,4,0,20,20,20260807,5,1,1,1,0,0,0,6450,0.26875,1,0.0015,1
1973,17560.7,7,0,2.07096,4.78913,0,0,0,6.86008,361,361,0,1,2.45175,2.45175,1830,367,0,1235,0,0,0,0,0,1337,1627.81,2.40137,3.52742,168488,8,29433,486,464433,32,117732,1944,32,4,644756,1319142,20632192,5276568,25908760,4,4,12,4,4,4,0,20,20,20260807,5,1,1,1,0,0,0,6450,0.26875,1,0.0015,0
1974,17573.1,13,0,2.11558,10.1605,0,0,0,12.2761,361,361,0,1,2.45175,2.45175,1830,367,0,1235,0,0,0,0,0,1337,1627.81,2.40137,3.52742,168488,8,29433,486,464433,32,117732,1944,32,4,644756,1319142,20632192,5276568,25908760,4,4,12,4,4,4,0,20,20,20260807,5,1,1,1,0,0,0,6450,0.26875,1,0.0015,0
1975,17580.3,7,0,2.07242,5.00725,0,0,0,7.07967,361,361,0,1,2.45175,2.45175,1830,367,0,1235,0,0,0,0,0,1337,1627.81,2.40137,3.52742,168488,8,29433,486,464433,32,117732,1944,32,4,644756,1319142,20632192,5276568,25908760,4,4,12,4,4,4,0,20,20,20260807,5,1,1,1,0,0,0,6450,0.26875,1,0.0015,0
1976,17587.2,7,0,2.07096,4.76617,0,0,0,6.83713,361,361,0,1,2.45175,2.45175,1830,367,0,1235,0,0,0,0,0,1337,1627.81,2.40137,3.52742,168488,8,29433,486,464433,32,117732,1944,32,4,644756,1319142,20632192,5276568,25908760,4,4,12,4,4,4,0,20,20,20260807,5,1,1,1,0,0,0,6450,0.26875,1,0.0015,0
1977,17599.2,12,0,2.05313,9.89742,0,0,0,11.9505,361,361,0,1,2.45175,2.45175,1830,367,0,1235,0,0,0,0,0,1337,1627.81,2.40137,3.52742,168488,8,29433,486,464433,32,117732,1944,32,4,644756,1319142,20632192,5276568,25908760,4,4,12,4,4,4,0,20,20,20260807,5,1,1,1,0,0,0,6450,0.26875,1,0.0015,0
1978,17604.4,5,0,2.13596,2.96875,0,0,0,5.10471,361,361,0,1,2.45175,2.45175,1830,367,0,1235,0,0,0,0,0,1337,1627.81,2.40137,3.52742,168488,8,29433,486,464433,32,117732,1944,32,4,644756,1319142,20632192,5276568,25908760,4,4,12,4,4,4,0,20,20,20260807,5,1,1,1,0,0,0,6451,0.268792,1,0.0015,1
1979,17609.7,5,0,2.11242,3.07296,0,0,0,5.18537,361,361,0,1,2.45175,2.45175,1830,367,0,1235,0,0,0,0,0,1337,1627.81,2.40137,3.52742,168488,8,29433,486,464433,32,117732,1944,32,4,644756,1319142,20632192,5276568,25908760,4,4,12,4,4,4,0,20,20,20260807,5,1,1,1,0,0,0,6451,0.268792,1,0.0015,0
1980,17620.6,11,0,2.25983,8.51696,0,0,0,10.7768,361,361,0,1,2.45175,2.45175,1830,367,0,1235,0,0,0,0,0,1337,1627.81,2.40137,3.52742,168488,8,29433,486,464433,32,117732,1944,32,4,644756,1319142,20632192,5276568,25908760,4,4,12,4,4,4,0,20,20,20260807,5,1,1,1,0,0,0,6451,0.268792,1,0.0015,0
1981,17627.4,7,0,2.10433,4.59142,0,0,0,6.69575,361,361,0,1,2.45175,2.45175,1830,367,0,1235,0,0,0,0,0,1337,1627.81,2.40137,3.52742,168488,8,29433,486,464433,32,117732,1944,32,4,644756,1319142,20632192,5276568,25908760,4,4,12,4,4,4,0,20,20,20260807,5,1,1,1,0,0,0,6451,0.268792,1,0.0015,0
1982,17637.2,10,0,2.04275,7.68904,0,0,0,9.73179,361,361,0,1,2.45175,2.45175,1830,367,0,1235,0,0,0,0,0,1337,1627.81,2.40137,3.52742,168488,8,29433,486,464433,32,117732,1944,32,4,644756,1319142,20632192,5276568,25908760,4,4,12,4,4,4,0,20,20,20260807,5,1,1,1,0,0,0,6451,0.268792,1,0.0015,0
1983,17648.8,11,0,2.12646,9.40354,0,0,0,11.53,361,361,0,1,2.45175,2.45175,1830,367,0,1235,0,0,0,0,0,1337,1627.81,2.40137,3.52742,168488,8,29433,486,464433,32,117732,1944,32,4,644756,1319142,20632192,5276568,25908760,4,4,12,4,4,4,0,20,20,20260807,5,1,1,1,0,0,0,6451,0.268792,1,0.0015,0
1984,17654,6,0,2.16538,2.96488,0,0,0,5.13025,361,361,0,1,2.45175,2.45175,1830,367,0,1235,0,0,0,0,0,1337,1627.81,2.40137,3.52742,168488,8,29433,486,464433,32,117732,1944,32,4,644756,1319142,20632192,5276568,25908760,4,4,12,4,4,4,0,20,20,20260807,5,1,1,1,0,0,0,6452,0.268833,1,0.0015,1
1985,17662,8,0,2.05471,5.85233,0,0,0,7.90704,361,361,0,1,2.45175,2.45175,1830,367,0,1235,0,0,0,0,0,1337,1627.81,2.40137,3.52742,168488,8,29433,486,464433,32,117732,1944,32,4,644756,1319142,20632192,5276568,25908760,4,4,12,4,4,4,0,20,20,20260807,5,1,1,1,0,0,0,6452,0.268833,1,0.0015,0
1986,17670.5,8,0,2.1145,6.34425,0,0,0,8.45875,361,361,0,1,2.45175,2.45175,1830,367,0,1235,0,0,0,0,0,1337,1627.81,2.40137,3.52742,168488,8,29433,486,464433,32,117732,1944,32,4,644756,1319142,20632192,5276568,25908760,4,4,12,4,4,4,0,20,20,20260807,5,1,1,1,0,0,0,6452,0.268833,1,0.0015,0
1987,17677.6,7,0,2.11696,4.83983,0,0,0,6.95679,361,361,0,1,2.45175,2.45175,1830,367,0,1235,0,0,0,0,0,1337,1627.81,2.40137,3.52742,168488,8,29433,486,464433,32,117732,1944,32,4,644756,1319142,20632192,5276568,25908760,4,4,12,4,4,4,0,20,20,20260807,5,1,1,1,0,0,0,6452,0.268833,1,0.0015,0
1988,17687.1,10,0,2.10079,7.35637,0,0,0,9.45717,361,361,0,1,2.45175,2.45175,1830,367,0,1235,0,0,0,0,0,1337,1627.81,2.40137,3.52742,168488,8,29433,486,464433,32,117732,1944,32,4,644756,1319142,20632192,5276568,25908760,4,4,12,4,4,4,0,20,20,20260807,5,1,1,1,0,0,0,6452,0.268833,1,0.0015,0
1989,17692.3,5,0,2.08692,3.08708,0,0,0,5.174,361,361,0,1,2.45175,2.45175,1830,367,0,1235,0,0,0,0,0,1337,1627.81,2.40137,3.52742,168488,8,29433,486,464433,32,117732,1944,32,4,644756,1319142,20632192,5276568,25908760,4,4,12,4,4,4,0,20,20,20260807,5,1,1,1,0,0,0,6452,0.268833,1,0.0015,0
1990,17703.9,11,0,2.24471,9.20583,0,0,0,11.4505,361,361,0,1,2.45175,2.45175,1830,367,0,1235,0,0,0,0,0,1337,1627.81,2.40137,3.52742,168488,8,29433,486,464433,32,117732,1944,32,4,644756,1319142,20632192,5276568,25908760,4,4,12,4,4,4,0,20,20,20260807,5,1,1,1,0,0,0,6453,0.268875,1,0.0015,1
1991,17709.9,7,0,2.16504,3.77392,0,0,0,5.93896,361,361,0,1,2.45175,2.45175,1830,367,0,1235,0,0,0,0,0,1337,1627.81,2.40137,3.52742,168488,8,29433,486,464433,32,117732,1944,32,4,644756,1319142,20632192,5276568,25908760,4,4,12,4,4,4,0,20,20,20260807,5,1,1,1,0,0,0,6453,0.268875,1,0.0015,0
1992,17720.6,10,0,2.04929,6.73154,0,0,0,8.78083,361,361,0,1,2.45175,2.45175,1830,367,0,1235,0,0,0,0,0,1337,1627.81,2.40137,3.52742,168488,8,29433,486,464433,32,117732,1944,32,4,644756,1319142,20632192,5276568,25908760,4,4,12,4,4,4,0,20,20,20260807,5,1,1,1,0,0,0,6453,0.268875,1,0.0015,0
1993,17728.2,8,0,2.08492,5.40246,0,0,0,7.48738,361,361,0,1,2.45175,2.45175,1830,367,0,1235,0,0,0,0,0,1337,1627.81,2.40137,3.52742,168488,8,29433,486,464433,32,117732,1944,32,4,644756,1319142,20632192,5276568,25908760,4,4,12,4,4,4,0,20,20,20260807,5,1,1,1,0,0,0,6453,0.268875,1,0.0015,0
1994,17737.1,9,0,2.13317,6.66362,0,0,0,8.79679,361,361,0,1,2.45175,2.45175,1830,367,0,1235,0,0,0,0,0,1337,1627.81,2.40137,3.52742,168488,8,29433,486,464433,32,117732,1944,32,4,644756,1319142,20632192,5276568,25908760,4,4,12,4,4,4,0,20,20,20260807,5,1,1,1,0,0,0,6453,0.268875,1,0.0015,0
1995,17743.5,6,0,2.11225,4.12479,0,0,0,6.23704,361,361,0,1,2.45175,2.45175,1830,367,0,1235,0,0,0,0,0,1337,1627.81,2.40137,3.52742,168488,8,29433,486,464433,32,117732,1944,32,4,644756,1319142,20632192,5276568,25908760,4,4,12,4,4,4,0,20,20,20260807,5,1,1,1,0,0,0,6453,0.268875,1,0.0015,0
1996,17753.9,10,0,2.20758,8.13225,0,0,0,10.3398,361,361,0,1,2.45175,2.45175,1830,367,0,1235,0,0,0,0,0,1337,1627.81,2.40137,3.52742,168488,8,29433,486,464433,32,117732,1944,32,4,644756,1319142,20632192,5276568,25908760,4,4,12,4,4,4,0,20,20,20260807,5,1,1,1,0,0,0,6454,0.268917,1,0.0015,1
1997,17761.4,8,0,2.17,5.29492,0,0,0,7.46492,361,361,0,1,2.45175,2.45175,1830,367,0,1235,0,0,0,0,0,1337,1627.81,2.40137,3.52742,168488,8,29433,486,464433,32,117732,1944,32,4,644756,1319142,20632192,5276568,25908760,4,4,12,4,4,4,0,20,20,20260807,5,1,1,1,0,0,0,6454,0.268917,1,0.0015,0
1998,17770.5,9,0,2.0815,6.884,0,0,0,8.9655,361,361,0,1,2.45175,2.45175,1830,367,0,1235,0,0,0,0,0,1337,1627.81,2.40137,3.52742,168488,8,29433,486,464433,32,117732,1944,32,4,644756,1319142,20632192,5276568,25908760,4,4,12,4,4,4,0,20,20,20260807,5,1,1,1,0,0,0,6454,0.268917,1,0.0015,0
1999,17776.5,6,0,2.10704,3.86262,0,0,0,5.96967,361,361,0,1,2.45175,2.45175,1830,367,0,1235,0,0,0,0,0,1337,1627.81,2.40137,3.52742,168488,8,29433,486,464433,32,117732,1944,32,4,644756,1319142,20632192,5276568,25908760,4,4,12,4,4,4,0,20,20,20260807,5,1,1,1,0,0,0,6454,0.268917,1,0.0015,0
2000,17787.2,11,0,2.31092,8.33483,0,0,0,10.6457,361,361,0,1,2.45175,2.45175,1830,367,0,1235,0,0,0,0,0,1337,1627.81,2.40137,3.52742,168488,8,29433,486,464433,32,117732,1944,32,4,644756,1319142,20632192,5276568,25908760,4,4,12,4,4,4,0,20,20,20260807,5,1,1,1,0,0,0,6454,0.268917,1,0.0015,0
2001,17794.1,7,0,2.14154,4.62575,0,0,0,6.76729,361,361,0,1,2.45175,2.45175,1830,367,0,1235,0,0,0,0,0,1337,1627.81,2.40137,3.52742,168488,8,29433,486,464433,32,117732,1944,32,4,644756,1319142,20632192,5276568,25908760,4,4,12,4,4,4,0,20,20,20260807,5,1,1,1,0,0,0,6454,0.268917,1,0.0015,0
2002,17806.3,12,0,2.13171,9.98346,0,0,0,12.1152,361,361,0,1,2.45175,2.45175,1830,367,0,1235,0,0,0,0,0,1337,1627.81,2.40137,3.52742,168488,8,29433,486,464433,32,117732,1944,32,4,644756,1319142,20632192,5276568,25908760,4,4,12,4,4,4,0,20,20,20260807,5,1,1,1,0,0,0,6455,0.268958,1,0.0015,1
2003,17811.9,6,0,2.115,3.43083,0,0,0,5.54583,361,361,0,1,2.45175,2.45175,1830,367,0,1235,0,0,0,0,0,1337,1627.81,2.40137,3.52742,168488,8,29433,486,464433,32,117732,1944,32,4,644756,1319142,20632192,5276568,25908760,4,4,12,4,4,4,0,20,20,20260807,5,1,1,1,0,0,0,6455,0.268958,1,0.0015,0
2004,17820.5,8,0,2.12113,6.28454,0,0,0,8.40567,361,361,0,1,2.45175,2.45175,1830,367,0,1235,0,0,0,0,0,1337,1627.81,2.40137,3.52742,168488,8,29433,486,464433,32,117732,1944,32,4,644756,1319142,20632192,5276568,25908760,4,4,12,4,4,4,0,20,20,20260807,5,1,1,1,0,0,0,6455,0.268958,1,0.0015,0
2005,17829.6,9,0,2.08667,6.96425,0,0,0,9.05092,361,361,0,1,2.45175,2.45175,1830,367,0,1235,0,0,0,0,0,1337,1627.81,2.40137,3.52742,168488,8,29433,486,464433,32,117732,1944,32,4,644756,1319142,20632192,5276568,25908760,4,4,12,4,4,4,0,20,20,20260807,5,1,1,1,0,0,0,6455,0.268958,1,0.0015,0
2006,17837.1,8,0,2.04883,5.35725,0,0,0,7.40608,361,361,0,1,2.45175,2.45175,1830,367,0,1235,0,0,0,0,0,1337,1627.81,2.40137,3.52742,168488,8,29433,486,464433,32,117732,1944,32,4,644756,1319142,20632192,5276568,25908760,4,4,12,4,4,4,0,20,20,20260807,5,1,1,1,0,0,0,6455,0.268958,1,0.0015,0
2007,17843,6,0,2.08196,3.74604,0,0,0,5.828,361,361,0,1,2.45175,2.45175,1830,367,0,1235,0,0,0,0,0,1337,1627.81,2.40137,3.52742,168488,8,29433,486,464433,32,117732,1944,32,4,644756,1319142,20632192,5276568,25908760,4,4,12,4,4,4,0,20,20,20260807,5,1,1,1,0,0,0,6455,0.268958,1,0.0015,0
2008,17853.7,10,0,2.4085,8.19246,0,0,0,10.601,361,361,0,1,2.45175,2.45175,1830,367,0,1235,0,0,0,0,0,1337,1627.81,2.40137,3.52742,168488,8,29433,486,464433,32,117732,1944,32,4,644756,1319142,20632192,5276568,25908760,4,4,12,4,4,4,0,20,20,20260807,5,1,1,1,0,0,0,6456,0.269,1,0.0015,1
2009,17860.4,7,0,2.07854,4.55329,0,0,0,6.63183,361,361,0,1,2.45175,2.45175,1830,367,0,1235,0,0,0,0,0,1337,1627.81,2.40137,3.52742,168488,8,29433,486,464433,32,117732,1944,32,4,644756,1319142,20632192,5276568,25908760,4,4,12,4,4,4,0,20,20,20260807,5,1,1,1,0,0,0,6456,0.269,1,0.0015,0
2010,17870.3,10,0,2.05837,7.76775,0,0,0,9.82612,361,361,0,1,2.45175,2.45175,1830,367,0,1235,0,0,0,0,0,1337,1627.81,2.40137,3.52742,168488,8,29433,486,464433,32,117732,1944,32,4,644756,1319142,20632192,5276568,25908760,4,4,12,4,4,4,0,20,20,20260807,5,1,1,1,0,0,0,6456,0.269,1,0.0015,0
2011,17876.2,6,0,2.03163,3.81438,0,0,0,5.846,361,361,0,1,2.45175,2.45175,1830,367,0,1235,0,0,0,0,0,1337,1627.81,2.40137,3.52742,168488,8,29433,486,464433,32,117732,1944,32,4,644756,1319142,20632192,5276568,25908760,4,4,12,4,4,4,0,20,20,20260807,5,1,1,1,0,0,0,6456,0.269,1,0.0015,0
2012,17887.2,11,0,2.27325,8.55296,0,0,0,10.8262,361,361,0,1,2.45175,2.45175,1830,367,0,1235,0,0,0,0,0,1337,1627.81,2.40137,3.52742,168488,8,29433,486,464433,32,117732,1944,32,4,644756,1319142,20632192,5276568,25908760,4,4,12,4,4,4,0,20,20,20260807,5,1,1,1,0,0,0,6456,0.269,1,0.0015,0
2013,17893.9,7,0,2.07938,4.62162,0,0,0,6.701,361,361,0,1,2.45175,2.45175,1830,367,0,1235,0,0,0,0,0,1337,1627.81,2.40137,3.52742,168488,8,29433,486,464433,32,117732,1944,32,4,644756,1319142,20632192,5276568,25908760,4,4,12,4,4,4,0,20,20,20260807,5,1,1,1,0,0,0,6456,0.269,1,0.0015,0
2014,17903.7,9,0,2.21033,7.49725,0,0,0,9.70758,361,361,0,1,2.45175,2.45175,1830,367,0,1235,0,0,0,0,0,1337,1627.81,2.40137,3.52742,168488,8,29433,486,464433,32,117732,1944,32,4,644756,1319142,20632192,5276568,25908760,4,4,12,4,4,4,0,20,20,20260807,5,1,1,1,0,0,0,6457,0.269042,1,0.0015,1
2015,17909.8,6,0,2.04579,3.92317,0,0,0,5.96896,361,361,0,1,2.45175,2.45175,1830,367,0,1235,0,0,0,0,0,1337,1627.81,2.40137,3.52742,168488,8,29433,486,464433,32,117732,1944,32,4,644756,1319142,20632192,5276568,25908760,4,4,12,4,4,4,0,20,20,20260807,5,1,1,1,0,0,0,6457,0.269042,1,0.0015,0
2016,17920.5,11,0,2.35975,8.25825,0,0,0,10.618,361,361,0,1,2.45175,2.45175,1830,367,0,1235,0,0,0,0,0,1337,1627.81,2.40137,3.52742,168488,8,29433,486,464433,32,117732,1944,32,4,644756,1319142,20632192,5276568,25908760,4,4,12,4,4,4,0,20,20,20260807,5,1,1,1,0,0,0,6457,0.269042,1,0.0015,0
2017,17927.9,7,0,2.09771,5.22917,0,0,0,7.32688,361,361,0,1,2.45175,2.45175,1830,367,0,1235,0,0,0,0,0,1337,1627.81,2.40137,3.52742,168488,8,29433,486,464433,32,117732,1944,32,4,644756,1319142,20632192,5276568,25908760,4,4,12,4,4,4,0,20,20,20260807,5,1,1,1,0,0,0,6457,0.269042,1,0.0015,0
2018,17937.1,10,0,2.13404,7.00908,0,0,0,9.14312,361,361,0,1,2.45175,2.45175,1830,367,0,1235,0,0,0,0,0,1337,1627.81,2.40137,3.52742,168488,8,29433,486,464433,32,117732,1944,32,4,644756,1319142,20632192,5276568,25908760,4,4,12,4,4,4,0,20,20,20260807,5,1,1,1,0,0,0,6457,0.269042,1,0.0015,0
2019,17943.1,6,0,2.03308,3.86229,0,0,0,5.89537,361,361,0,1,2.45175,2.45175,1830,367,0,1235,0,0,0,0,0,1337,1627.81,2.40137,3.52742,168488,8,29433,486,464433,32,117732,1944,32,4,644756,1319142,20632192,5276568,25908760,4,4,12,4,4,4,0,20,20,20260807,5,1,1,1,0,0,0,6457,0.269042,1,0.0015,0
2020,17953.7,10,0,2.41258,8.16713,0,0,0,10.5797,361,361,0,1,2.45175,2.45175,1830,367,0,1235,0,0,0,0,0,1337,1627.81,2.40137,3.52742,168488,8,29433,486,464433,32,117732,1944,32,4,644756,1319142,20632192,5276568,25908760,4,4,12,4,4,4,0,20,20,20260807,5,1,1,1,0,0,0,6458,0.269083,1,0.0015,1
2021,17960.3,7,0,2.03904,4.46063,0,0,0,6.49967,361,361,0,1,2.45175,2.45175,1830,367,0,1235,0,0,0,0,0,1337,1627.81,2.40137,3.52742,168488,8,29433,486,464433,32,117732,1944,32,4,644756,1319142,20632192,5276568,25908760,4,4,12,4,4,4,0,20,20,20260807,5,1,1,1,0,0,0,6458,0.269083,1,0.0015,0
2022,17970.4,10,0,2.06004,7.95012,0,0,0,10.0102,361,361,0,1,2.45175,2.45175,1830,367,0,1235,0,0,0,0,0,1337,1627.81,2.40137,3.52742,168488,8,29433,486,464433,32,117732,1944,32,4,644756,1319142,20632192,5276568,25908760,4,4,12,4,4,4,0,20,20,20260807,5,1,1,1,0,0,0,6458,0.269083,1,0.0015,0
2023,17977.1,7,0,2.11475,4.51013,0,0,0,6.62488,361,361,0,1,2.45175,2.45175,1830,367,0,1235,0,0,0,0,0,1337,1627.81,2.40137,3.52742,168488,8,29433,486,464433,32,117732,1944,32,4,644756,1319142,20632192,5276568,25908760,4,4,12,4,4,4,0,20,20,20260807,5,1,1,1,0,0,0,6458,0.269083,1,0.0015,0
2024,17987,10,0,2.179,7.59112,0,0,0,9.77013,361,361,0,1,2.45175,2.45175,1830,367,0,1235,0,0,0,0,0,1337,1627.81,2.40137,3.52742,168488,8,29433,486,464433,32,117732,1944,32,4,644756,1319142,20632192,5276568,25908760,4,4,12,4,4,4,0,20,20,20260807,5,1,1,1,0,0,0,6458,0.269083,1,0.0015,0
2025,17993.2,6,0,2.07742,4.05096,0,0,0,6.12838,361,361,0,1,2.45175,2.45175,1830,367,0,1235,0,0,0,0,0,1337,1627.81,2.40137,3.52742,168488,8,29433,486,464433,32,117732,1944,32,4,644756,1319142,20632192,5276568,25908760,4,4,12,4,4,4,0,20,20,20260807,5,1,1,1,0,0,0,6458,0.269083,1,0.0015,0
2026,18003.7,10,0,2.20846,8.15004,0,0,0,10.3585,361,361,0,1,2.45175,2.45175,1830,367,0,1235,0,0,0,0,0,1337,1627.81,2.40137,3.52742,168488,8,29433,486,464433,32,117732,1944,32,4,644756,1319142,20632192,5276568,25908760,4,4,12,4,4,4,0,20,20,20260807,5,1,1,1,0,0,0,6459,0.269125,1,0.0015,1
2027,18010,7,0,2.00321,4.24662,0,0,0,6.24983,361,361,0,1,2.45175,2.45175,1830,367,0,1235,0,0,0,0,0,1337,1627.81,2.40137,3.52742,168488,8,29433,486,464433,32,117732,1944,32,4,644756,1319142,20632192,5276568,25908760,4,4,12,4,4,4,0,20,20,20260807,5,1,1,1,0,0,0,6459,0.269125,1,0.0015,0
2028,18020.4,10,0,2.06833,8.22233,0,0,0,10.2907,361,361,0,1,2.45175,2.45175,1830,367,0,1235,0,0,0,0,0,1337,1627.81,2.40137,3.52742,168488,8,29433,486,464433,32,117732,1944,32,4,644756,1319142,20632192,5276568,25908760,4,4,12,4,4,4,0,20,20,20260807,5,1,1,1,0,0,0,6459,0.269125,1,0.0015,0
2029,18027,7,0,2.02179,4.49033,0,0,0,6.51213,361,361,0,1,2.45175,2.45175,1830,367,0,1235,0,0,0,0,0,1337,1627.81,2.40137,3.52742,168488,8,29433,486,464433,32,117732,1944,32,4,644756,1319142,20632192,5276568,25908760,4,4,12,4,4,4,0,20,20,20260807,5,1,1,1,0,0,0,6459,0.269125,1,0.0015,0
2030,18037.1,9,0,2.08604,7.88012,0,0,0,9.96617,361,361,0,1,2.45175,2.45175,1830,367,0,1235,0,0,0,0,0,1337,1627.81,2.40137,3.52742,168488,8,29433,486,464433,32,117732,1944,32,4,644756,1319142,20632192,5276568,25908760,4,4,12,4,4,4,0,20,20,20260807,5,1,1,1,0,0,0,6459,0.269125,1,0.0015,0
2031,18043,6,0,2.09033,3.77829,0,0,0,5.86862,361,361,0,1,2.45175,2.45175,1830,367,0,1235,0,0,0,0,0,1337,1627.81,2.40137,3.52742,168488,8,29433,486,464433,32,117732,1944,32,4,644756,1319142,20632192,5276568,25908760,4,4,12,4,4,4,0,20,20,20260807,5,1,1,1,0,0,0,6459,0.269125,1,0.0015,0
2032,18053.9,11,0,2.36379,8.47546,0,0,0,10.8392,361,361,0,1,2.45175,2.45175,1830,367,0,1235,0,0,0,0,0,1337,1627.81,2.40137,3.52742,168488,8,29433,486,464433,32,117732,1944,32,4,644756,1319142,20632192,5276568,25908760,4,4,12,4,4,4,0,20,20,20260807,5,1,1,1,0,0,0,6460,0.269167,1,0.0015,1
2033,18062.8,8,0,2.05808,6.72567,0,0,0,8.78375,361,361,0,1,2.45175,2.45175,1830,367,0,1235,0,0,0,0,0,1337,1627.81,2.40137,3.52742,168488,8,29433,486,464433,32,117732,1944,32,4,644756,1319142,20632192,5276568,25908760,4,4,12,4,4,4,0,20,20,20260807,5,1,1,1,0,0,0,6460,0.269167,1,0.0015,0
2034,18070.4,8,0,2.06642,5.419,0,0,0,7.48542,361,361,0,1,2.45175,2.45175,1830,367,0,1235,0,0,0,0,0,1337,1627.81,2.40137,3.52742,168488,8,29433,486,464433,32,117732,1944,32,4,644756,1319142,20632192,5276568,25908760,4,4,12,4,4,4,0,20,20,20260807,5,1,1,1,0,0,0,6460,0.269167,1,0.0015,0
2035,18076,6,0,2.07238,3.48913,0,0,0,5.5615,361,361,0,1,2.45175,2.45175,1830,367,0,1235,0,0,0,0,0,1337,1627.81,2.40137,3.52742,168488,8,29433,486,464433,32,117732,1944,32,4,644756,1319142,20632192,5276568,25908760,4,4,12,4,4,4,0,20,20,20260807,5,1,1,1,0,0,0,6460,0.269167,1,0.0015,0
2036,18087.2,11,0,2.19379,8.93529,0,0,0,11.1291,361,361,0,1,2.45175,2.45175,1830,367,0,1235,0,0,0,0,0,1337,1627.81,2.40137,3.52742,168488,8,29433,486,464433,32,117732,1944,32,4,644756,1319142,20632192,5276568,25908760,4,4,12,4,4,4,0,20,20,20260807,5,1,1,1,0,0,0,6460,0.269167,1,0.0015,0
2037,18093.8,6,0,2.05287,4.42079,0,0,0,6.47367,361,361,0,1,2.45175,2.45175,1830,367,0,1235,0,0,0,0,0,1337,1627.81,2.40137,3.52742,168488,8,29433,486,464433,32,117732,1944,32,4,644756,1319142,20632192,5276568,25908760,4,4,12,4,4,4,0,20,20,20260807,5,1,1,1,0,0,0,6460,0.269167,1,0.0015,0
2038,18103.8,10,0,2.25904,7.65446,0,0,0,9.9135,361,361,0,1,2.45175,2.45175,1830,367,0,1235,0,0,0,0,0,1337,1627.81,2.40137,3.52742,168488,8,29433,486,464433,32,117732,1944,32,4,644756,1319142,20632192,5276568,25908760,4,4,12,4,4,4,0,20,20,20260807,5,1,1,1,0,0,0,6461,0.269208,1,0.0015,1
2039,18109.1,6,0,2.10108,3.08925,0,0,0,5.19033,361,361,0,1,2.45175,2.45175,1830,367,0,1235,0,0,0,0,0,1337,1627.81,2.40137,3.52742,168488,8,29433,486,464433,32,117732,1944,32,4,644756,1319142,20632192,5276568,25908760,4,4,12,4,4,4,0,20,20,20260807,5,1,1,1,0,0,0,6461,0.269208,1,0.0015,0
2040,18120.5,11,0,2.3715,9.00238,0,0,0,11.3739,361,361,0,1,2.45175,2.45175,1830,367,0,1235,0,0,0,0,0,1337,1627.81,2.40137,3.52742,168488,8,29433,486,464433,32,117732,1944,32,4,644756,1319142,20632192,5276568,25908760,4,4,12,4,4,4,0,20,20,20260807,5,1,1,1,0,0,0,6461,0.269208,1,0.0015,0
2041,18127.7,7,0,2.05163,5.01208,0,0,0,7.06371,361,361,0,1,2.45175,2.45175,1830,367,0,1235,0,0,0,0,0,1337,1627.81,2.40137,3.52742,168488,8,29433,486,464433,32,117732,1944,32,4,644756,1319142,20632192,5276568,25908760,4,4,12,4,4,4,0,20,20,20260807,5,1,1,1,0,0,0,6461,0.269208,1,0.0015,0
2042,18137.3,10,0,2.1005,7.49596,0,0,0,9.59646,361,361,0,1,2.45175,2.45175,1830,367,0,1235,0,0,0,0,0,1337,1627.81,2.40137,3.52742,168488,8,29433,486,464433,32,117732,1944,32,4,644756,1319142,20632192,5276568,25908760,4,4,12,4,4,4,0,20,20,20260807,5,1,1,1,0,0,0,6461,0.269208,1,0.0015,0
2043,18143,6,0,2.13854,3.41954,0,0,0,5.55808,361,361,0,1,2.45175,2.45175,1830,367,0,1235,0,0,0,0,0,1337,1627.81,2.40137,3.52742,168488,8,29433,486,464433,32,117732,1944,32,4,644756,1319142,20632192,5276568,25908760,4,4,12,4,4,4,0,20,20,20260807,5,1,1,1,0,0,0,6461,0.269208,1,0.0015,0
2044,18153.8,10,0,2.52838,8.20292,0,0,0,10.7313,361,361,0,1,2.45175,2.45175,1830,367,0,1235,0,0,0,0,0,1337,1627.81,2.40137,3.52742,168488,8,29433,486,464433,32,117732,1944,32,4,644756,1319142,20632192,5276568,25908760,4,4,12,4,4,4,0,20,20,20260807,5,1,1,1,0,0,0,6462,0.26925,1,0.0015,1
2045,18160.9,7,0,2.03721,4.95787,0,0,0,6.99508,361,361,0,1,2.45175,2.45175,1830,367,0,1235,0,0,0,0,0,1337,1627.81,2.40137,3.52742,168488,8,29433,486,464433,32,117732,1944,32,4,644756,1319142,20632192,5276568,25908760,4,4,12,4,4,4,0,20,20,20260807,5,1,1,1,0,0,0,6462,0.26925,1,0.0015,0
2046,18170.3,10,0,2.07767,7.29858,0,0,0,9.37625,361,361,0,1,2.45175,2.45175,1830,367,0,1235,0,0,0,0,0,1337,1627.81,2.40137,3.52742,168488,8,29433,486,464433,32,117732,1944,32,4,644756,1319142,20632192,5276568,25908760,4,4,12,4,4,4,0,20,20,20260807,5,1,1,1,0,0,0,6462,0.26925,1,0.0015,0
2047,18176.2,6,0,2.05058,3.79954,0,0,0,5.85013,361,361,0,1,2.45175,2.45175,1830,367,0,1235,0,0,0,0,0,1337,1627.81,2.40137,3.52742,168488,8,29433,486,464433,32,117732,1944,32,4,644756,1319142,20632192,5276568,25908760,4,4,12,4,4,4,0,20,20,20260807,5,1,1,1,0,0,0,6462,0.26925,1,0.0015,0
2048,18187.2,11,0,2.83513,8.07904,0,0,0,10.9142,361,361,0,1,2.45175,2.45175,1830,367,0,1235,0,0,0,0,0,1337,1627.81,2.40137,3.52742,168488,8,29433,486,464433,32,117732,1944,32,4,644756,1319142,20632192,5276568,25908760,4,4,12,4,4,4,0,20,20,20260807,5,1,1,1,0,0,0,6462,0.26925,1,0.0015,0
2049,18194.3,7,0,2.11321,4.31992,0,0,0,6.43313,361,361,0,1,2.45175,2.45175,1830,367,0,1235,0,0,0,0,0,1337,1627.81,2.40137,3.52742,168488,8,29433,486,464433,32,117732,1944,32,4,644756,1319142,20632192,5276568,25908760,4,4,12,4,4,4,0,20,20,20260807,5,1,1,1,0,0,0,6462,0.26925,1,0.0015,0
2050,18203.7,9,0,2.14196,7.19721,0,0,0,9.33917,361,361,0,1,2.45175,2.45175,1830,367,0,1235,0,0,0,0,0,1337,1627.81,2.40137,3.52742,168488,8,29433,486,464433,32,117732,1944,32,4,644756,1319142,20632192,5276568,25908760,4,4,12,4,4,4,0,20,20,20260807,5,1,1,1,0,0,0,6463,0.269292,1,0.0015,1
2051,18209.8,6,0,2.02796,3.96079,0,0,0,5.98875,361,361,0,1,2.45175,2.45175,1830,367,0,1235,0,0,0,0,0,1337,1627.81,2.40137,3.52742,168488,8,29433,486,464433,32,117732,1944,32,4,644756,1319142,20632192,5276568,25908760,4,4,12,4,4,4,0,20,20,20260807,5,1,1,1,0,0,0,6463,0.269292,1,0.0015,0
2052,18220.6,11,0,2.19954,8.54417,0,0,0,10.7437,361,361,0,1,2.45175,2.45175,1830,367,0,1235,0,0,0,0,0,1337,1627.81,2.40137,3.52742,168488,8,29433,486,464433,32,117732,1944,32,4,644756,1319142,20632192,5276568,25908760,4,4,12,4,4,4,0,20,20,20260807,5,1,1,1,0,0,0,6463,0.269292,1,0.0015,0
2053,18227.8,7,0,2.094,5.04688,0,0,0,7.14088,361,361,0,1,2.45175,2.45175,1830,367,0,1235,0,0,0,0,0,1337,1627.81,2.40137,3.52742,168488,8,29433,486,464433,32,117732,1944,32,4,644756,1319142,20632192,5276568,25908760,4,4,12,4,4,4,0,20,20,20260807,5,1,1,1,0,0,0,6463,0.269292,1,0.0015,0
2054,18237,10,0,2.09925,7.02487,0,0,0,9.12412,361,361,0,1,2.45175,2.45175,1830,367,0,1235,0,0,0,0,0,1337,1627.81,2.40137,3.52742,168488,8,29433,486,464433,32,117732,1944,32,4,644756,1319142,20632192,5276568,25908760,4,4,12,4,4,4,0,20,20,20260807,5,1,1,1,0,0,0,6463,0.269292,1,0.0015,0
2055,18242.6,5,0,2.11879,3.35387,0,0,0,5.47267,361,361,0,1,2.45175,2.45175,1830,367,0,1235,0,0,0,0,0,1337,1627.81,2.40137,3.52742,168488,8,29433,486,464433,32,117732,1944,32,4,644756,1319142,20632192,5276568,25908760,4,4,12,4,4,4,0,20,20,20260807,5,1,1,1,0,0,0,6463,0.269292,1,0.0015,0
2056,18253.9,12,0,2.21454,9.00183,0,0,0,11.2164,361,361,0,1,2.45175,2.45175,1830,367,0,1235,0,0,0,0,0,1337,1627.81,2.40137,3.52742,168488,8,29433,486,464433,32,117732,1944,32,4,644756,1319142,20632192,5276568,25908760,4,4,12,4,4,4,0,20,20,20260807,5,1,1,1,0,0,0,6464,0.269333,1,0.0015,1
2057,18261.6,7,0,2.10833,5.49808,0,0,0,7.60642,361,361,0,1,2.45175,2.45175,1830,367,0,1235,0,0,0,0,0,1337,1627.81,2.40137,3.52742,168488,8,29433,486,464433,32,117732,1944,32,4,644756,1319142,20632192,5276568,25908760,4,4,12,4,4,4,0,20,20,20260807,5,1,1,1,0,0,0,6464,0.269333,1,0.0015,0
2058,18270.6,9,0,2.13071,6.82467,0,0,0,8.95538,361,361,0,1,2.45175,2.45175,1830,367,0,1235,0,0,0,0,0,1337,1627.81,2.40137,3.52742,168488,8,29433,486,464433,32,117732,1944,32,4,644756,1319142,20632192,5276568,25908760,4,4,12,4,4,4,0,20,20,20260807,5,1,1,1,0,0,0,6464,0.269333,1,0.0015,0
2059,18276.7,6,0,2.05354,4.0265,0,0,0,6.08004,361,361,0,1,2.45175,2.45175,1830,367,0,1235,0,0,0,0,0,1337,1627.81,2.40137,3.52742,168488,8,29433,486,464433,32,117732,1944,32,4,644756,1319142,20632192,5276568,25908760,4,4,12,4,4,4,0,20,20,20260807,5,1,1,1,0,0,0,6464,0.269333,1,0.0015,0
2060,18287.3,12,0,3.70771,6.77883,0,0,0,10.4865,361,361,0,1,2.45175,2.45175,1830,367,0,1235,0,0,0,0,0,1337,1627.81,2.40137,3.52742,168488,8,29433,486,464433,32,117732,1944,32,4,644756,1319142,20632192,5276568,25908760,4,4,12,4,4,4,0,20,20,20260807,5,1,1,1,0,0,0,6464,0.269333,1,0.0015,0
2061,18294.6,7,0,2.04862,5.15738,0,0,0,7.206,361,361,0,1,2.45175,2.45175,1830,367,0,1235,0,0,0,0,0,1337,1627.81,2.40137,3.52742,168488,8,29433,486,464433,32,117732,1944,32,4,644756,1319142,20632192,5276568,25908760,4,4,12,4,4,4,0,20,20,20260807,5,1,1,1,0,0,0,6464,0.269333,1,0.0015,0
2062,18303.7,9,0,2.12633,6.91496,0,0,0,9.04129,361,361,0,1,2.45175,2.45175,1830,367,0,1235,0,0,0,0,0,1337,1627.81,2.40137,3.52742,168488,8,29433,486,464433,32,117732,1944,32,4,644756,1319142,20632192,5276568,25908760,4,4,12,4,4,4,0,20,20,20260807,5,1,1,1,0,0,0,6465,0.269375,1,0.0015,1
2063,18310.9,8,0,2.06396,5.04462,0,0,0,7.10858,361,361,0,1,2.45175,2.45175,1830,367,0,1235,0,0,0,0,0,1337,1627.81,2.40137,3.52742,168488,8,29433,486,464433,32,117732,1944,32,4,644756,1319142,20632192,5276568,25908760,4,4,12,4,4,4,0,20,20,20260807,5,1,1,1,0,0,0,6465,0.269375,1,0.0015,0
2064,18320.5,9,0,1.97788,7.53471,0,0,0,9.51258,361,361,0,1,2.45175,2.45175,1830,367,0,1235,0,0,0,0,0,1337,1627.81,2.40137,3.52742,168488,8,29433,486,464433,32,117732,1944,32,4,644756,1319142,20632192,5276568,25908760,4,4,12,4,4,4,0,20,20,20260807,5,1,1,1,0,0,0,6465,0.269375,1,0.0015,0
2065,18327.3,7,0,2.06833,4.57442,0,0,0,6.64275,361,361,0,1,2.45175,2.45175,1830,367,0,1235,0,0,0,0,0,1337,1627.81,2.40137,3.52742,168488,8,29433,486,464433,32,117732,1944,32,4,644756,1319142,20632192,5276568,25908760,4,4,12,4,4,4,0,20,20,20260807,5,1,1,1,0,0,0,6465,0.269375,1,0.0015,0
2066,18337.1,10,0,2.11833,7.62496,0,0,0,9.74329,361,361,0,1,2.45175,2.45175,1830,367,0,1235,0,0,0,0,0,1337,1627.81,2.40137,3.52742,168488,8,29433,486,464433,32,117732,1944,32,4,644756,1319142,20632192,5276568,25908760,4,4,12,4,4,4,0,20,20,20260807,5,1,1,1,0,0,0,6465,0.269375,1,0.0015,0
2067,18343,6,0,2.12058,3.70737,0,0,0,5.82796,361,361,0,1,2.45175,2.45175,1830,367,0,1235,0,0,0,0,0,1337,1627.81,2.40137,3.52742,168488,8,29433,486,464433,32,117732,1944,32,4,644756,1319142,20632192,5276568,25908760,4,4,12,4,4,4,0,20,20,20260807,5,1,1,1,0,0,0,6465,0.269375,1,0.0015,0
2068,18353.8,10,0,2.34654,8.33671,0,0,0,10.6832,361,361,0,1,2.45175,2.45175,1830,367,0,1235,0,0,0,0,0,1337,1627.81,2.40137,3.52742,168488,8,29433,486,464433,32,117732,1944,32,4,644756,1319142,20632192,5276568,25908760,4,4,12,4,4,4,0,20,20,20260807,5,1,1,1,0,0,0,6466,0.269417,1,0.0015,1
2069,18360.1,7,0,2.11912,4.177,0,0,0,6.29612,361,361,0,1,2.45175,2.45175,1830,367,0,1235,0,0,0,0,0,1337,1627.81,2.40137,3.52742,168488,8,29433,486,464433,32,117732,1944,32,4,644756,1319142,20632192,5276568,25908760,4,4,12,4,4,4,0,20,20,20260807,5,1,1,1,0,0,0,6466,0.269417,1,0.0015,0
2070,18370.5,10,0,2.251,8.05933,0,0,0,10.3103,361,361,0,1,2.45175,2.45175,1830,367,0,1235,0,0,0,0,0,1337,1627.81,2.40137,3.52742,168488,8,29433,486,464433,32,117732,1944,32,4,644756,1319142,20632192,5276568,25908760,4,4,12,4,4,4,0,20,20,20260807,5,1,1,1,0,0,0,6466,0.269417,1,0.0015,0
2071,18377.5,7,0,2.17058,4.71658,0,0,0,6.88717,361,361,0,1,2.45175,2.45175,1830,367,0,1235,0,0,0,0,0,1337,1627.81,2.40137,3.52742,168488,8,29433,486,464433,32,117732,1944,32,4,644756,1319142,20632192,5276568,25908760,4,4,12,4,4,4,0,20,20,20260807,5,1,1,1,0,0,0,6466,0.269417,1,0.0015,0
2072,18387.2,10,0,2.10583,7.50075,0,0,0,9.60658,361,361,0,1,2.45175,2.45175,1830,367,0,1235,0,0,0,0,0,1337,1627.81,2.40137,3.52742,168488,8,29433,486,464433,32,117732,1944,32,4,644756,1319142,20632192,5276568,25908760,4,4,12,4,4,4,0,20,20,20260807,5,1,1,1,0,0,0,6466,0.269417,1,0.0015,0
2073,18394,7,0,2.09979,4.63317,0,0,0,6.73296,361,361,0,1,2.45175,2.45175,1830,367,0,1235,0,0,0,0,0,1337,1627.81,2.40137,3.52742,168488,8,29433,486,464433,32,117732,1944,32,4,644756,1319142,20632192,5276568,25908760,4,4,12,4,4,4,0,20,20,20260807,5,1,1,1,0,0,0,6466,0.269417,1,0.0015,0
2074,18403.8,9,0,2.28521,7.41396,0,0,0,9.69917,361,361,0,1,2.45175,2.45175,1830,367,0,1235,0,0,0,0,0,1337,1627.81,2.40137,3.52742,168488,8,29433,486,464433,32,117732,1944,32,4,644756,1319142,20632192,5276568,25908760,4,4,12,4,4,4,0,20,20,20260807,5,1,1,1,0,0,0,6467,0.269458,1,0.0015,1
2075,18410.3,7,0,2.10408,4.32483,0,0,0,6.42892,361,361,0,1,2.45175,2.45175,1830,367,0,1235,0,0,0,0,0,1337,1627.81,2.40137,3.52742,168488,8,29433,486,464433,32,117732,1944,32,4,644756,1319142,20632192,5276568,25908760,4,4,12,4,4,4,0,20,20,20260807,5,1,1,1,0,0,0,6467,0.269458,1,0.0015,0
2076,18420.4,10,0,2.3095,7.73996,0,0,0,10.0495,361,361,0,1,2.45175,2.45175,1830,367,0,1235,0,0,0,0,0,1337,1627.81,2.40137,3.52742,168488,8,29433,486,464433,32,117732,1944,32,4,644756,1319142,20632192,5276568,25908760,4,4,12,4,4,4,0,20,20,20260807,5,1,1,1,0,0,0,6467,0.269458,1,0.0015,0
2077,18428.2,8,0,2.05938,5.64642,0,0,0,7.70579,361,361,0,1,2.45175,2.45175,1830,367,0,1235,0,0,0,0,0,1337,1627.81,2.40137,3.52742,168488,8,29433,486,464433,32,117732,1944,32,4,644756,1319142,20632192,5276568,25908760,4,4,12,4,4,4,0,20,20,20260807,5,1,1,1,0,0,0,6467,0.269458,1,0.0015,0
2078,18437.1,9,0,2.12933,6.74154,0,0,0,8.87087,361,361,0,1,2.45175,2.45175,1830,367,0,1235,0,0,0,0,0,1337,1627.81,2.40137,3.52742,168488,8,29433,486,464433,32,117732,1944,32,4,644756,1319142,20632192,5276568,25908760,4,4,12,4,4,4,0,20,20,20260807,5,1,1,1,0,0,0,6467,0.269458,1,0.0015,0
2079,18443.3,6,0,2.09492,3.96008,0,0,0,6.055,361,361,0,1,2.45175,2.45175,1830,367,0,1235,0,0,0,0,0,1337,1627.81,2.40137,3.52742,168488,8,29433,486,464433,32,117732,1944,32,4,644756,1319142,20632192,5276568,25908760,4,4,12,4,4,4,0,20,20,20260807,5,1,1,1,0,0,0,6467,0.269458,1,0.0015,0
2080,18453.8,10,0,2.26929,8.08592,0,0,0,10.3552,361,361,0,1,2.45175,2.45175,1830,367,0,1235,0,0,0,0,0,1337,1627.81,2.40137,3.52742,168488,8,29433,486,464433,32,117732,1944,32,4,644756,1319142,20632192,5276568,25908760,4,4,12,4,4,4,0,20,20,20260807,5,1,1,1,0,0,0,6468,0.2695,1,0.0015,1
2081,18461.4,8,0,2.07608,5.4525,0,0,0,7.52858,361,361,0,1,2.45175,2.45175,1830,367,0,1235,0,0,0,0,0,1337,1627.81,2.40137,3.52742,168488,8,29433,486,464433,32,117732,1944,32,4,644756,1319142,20632192,5276568,25908760,4,4,12,4,4,4,0,20,20,20260807,5,1,1,1,0,0,0,6468,0.2695,1,0.0015,0
2082,18470.5,9,0,2.08746,6.92704,0,0,0,9.0145,361,361,0,1,2.45175,2.45175,1830,367,0,1235,0,0,0,0,0,1337,1627.81,2.40137,3.52742,168488,8,29433,486,464433,32,117732,1944,32,4,644756,1319142,20632192,5276568,25908760,4,4,12,4,4,4,0,20,20,20260807,5,1,1,1,0,0,0,6468,0.2695,1,0.0015,0
2083,18477.8,7,0,2.08192,5.12742,0,0,0,7.20933,361,361,0,1,2.45175,2.45175,1830,367,0,1235,0,0,0,0,0,1337,1627.81,2.40137,3.52742,168488,8,29433,486,464433,32,117732,1944,32,4,644756,1319142,20632192,5276568,25908760,4,4,12,4,4,4,0,20,20,20260807,5,1,1,1,0,0,0,6468,0.2695,1,0.0015,0
2084,18487.2,10,0,2.12267,7.22946,0,0,0,9.35212,361,361,0,1,2.45175,2.45175,1830,367,0,1235,0,0,0,0,0,1337,1627.81,2.40137,3.52742,168488,8,29433,486,464433,32,117732,1944,32,4,644756,1319142,20632192,5276568,25908760,4,4,12,4,4,4,0,20,20,20260807,5,1,1,1,0,0,0,6468,0.2695,1,0.0015,0
2085,18493.2,6,0,2.09771,3.79242,0,0,0,5.89013,361,361,0,1,2.45175,2.45175,1830,367,0,1235,0,0,0,0,0,1337,1627.81,2.40137,3.52742,168488,8,29433,486,464433,32,117732,1944,32,4,644756,1319142,20632192,5276568,25908760,4,4,12,4,4,4,0,20,20,20260807,5,1,1,1,0,0,0,6468,0.2695,1,0.0015,0
2086,18503.7,10,0,2.33629,8.1325,0,0,0,10.4688,361,361,0,1,2.45175,2.45175,1830,367,0,1235,0,0,0,0,0,1337,1627.81,2.40137,3.52742,168488,8,29433,486,464433,32,117732,1944,32,4,644756,1319142,20632192,5276568,25908760,4,4,12,4,4,4,0,20,20,20260807,5,1,1,1,0,0,0,6469,0.269542,1,0.0015,1
2087,18513.3,10,0,2.05829,7.45708,0,0,0,9.51538,361,361,0,1,2.45175,2.45175,1830,367,0,1235,0,0,0,0,0,1337,1627.81,2.40137,3.52742,168488,8,29433,486,464433,32,117732,1944,32,4,644756,1319142,20632192,5276568,25908760,4,4,12,4,4,4,0,20,20,20260807,5,1,1,1,0,0,0,6469,0.269542,1,0.0015,0
2088,18521,8,0,2.03804,5.62962,0,0,0,7.66767,361,361,0,1,2.45175,2.45175,1830,367,0,1235,0,0,0,0,0,1337,1627.81,2.40137,3.52742,168488,8,29433,486,464433,32,117732,1944,32,4,644756,1319142,20632192,5276568,25908760,4,4,12,4,4,4,0,20,20,20260807,5,1,1,1,0,0,0,6469,0.269542,1,0.0015,0
2089,18527.8,6,0,2.061,4.57946,0,0,0,6.64046,361,361,0,1,2.45175,2.45175,1830,367,0,1235,0,0,0,0,0,1337,1627.81,2.40137,3.52742,168488,8,29433,486,464433,32,117732,1944,32,4,644756,1319142,20632192,5276568,25908760,4,4,12,4,4,4,0,20,20,20260807,5,1,1,1,0,0,0,6469,0.269542,1,0.0015,0
2090,18537.7,10,0,2.12808,7.72825,0,0,0,9.85633,361,361,0,1,2.45175,2.45175,1830,367,0,1235,0,0,0,0,0,1337,1627.81,2.40137,3.52742,168488,8,29433,486,464433,32,117732,1944,32,4,644756,1319142,20632192,5276568,25908760,4,4,12,4,4,4,0,20,20,20260807,5,1,1,1,0,0,0,6469,0.269542,1,0.0015,0
2091,18543.2,6,0,2.11658,3.33296,0,0,0,5.44954,361,361,0,1,2.45175,2.45175,1830,367,0,1235,0,0,0,0,0,1337,1627.81,2.40137,3.52742,168488,8,29433,486,464433,32,117732,1944,32,4,644756,1319142,20632192,5276568,25908760,4,4,12,4,4,4,0,20,20,20260807,5,1,1,1,0,0,0,6469,0.269542,1,0.0015,0
2092,18553.8,10,0,2.14575,6.99554,0,0,0,9.14129,361,361,0,1,2.45175,2.45175,1830,367,0,1235,0,0,0,0,0,1337,1627.81,2.40137,3.52742,168488,8,29433,486,464433,32,117732,1944,32,4,644756,1319142,20632192,5276568,25908760,4,4,12,4,4,4,0,20,20,20260807,5,1,1,1,0,0,0,6470,0.269583,1,0.0015,1
2093,18560.9,8,0,2.09329,4.89854,0,0,0,6.99183,361,361,0,1,2.45175,2.45175,1830,367,0,1235,0,0,0,0,0,1337,1627.81,2.40137,3.52742,168488,8,29433,486,464433,32,117732,1944,32,4,644756,1319142,20632192,5276568,25908760,4,4,12,4,4,4,0,20,20,20260807,5,1,1,1,0,0,0,6470,0.269583,1,0.0015,0
2094,18570.3,9,0,2.04887,7.27821,0,0,0,9.32708,361,361,0,1,2.45175,2.45175,1830,367,0,1235,0,0,0,0,0,1337,1627.81,2.40137,3.52742,168488,8,29433,486,464433,32,117732,1944,32,4,644756,1319142,20632192,5276568,25908760,4,4,12,4,4,4,0,20,20,20260807,5,1,1,1,0,0,0,6470,0.269583,1,0.0015,0
2095,18576.7,6,0,2.1045,4.194,0,0,0,6.2985,361,361,0,1,2.45175,2.45175,1830,367,0,1235,0,0,0,0,0,1337,1627.81,2.40137,3.52742,168488,8,29433,486,464433,32,117732,1944,32,4,644756,1319142,20632192,5276568,25908760,4,4,12,4,4,4,0,20,20,20260807,5,1,1,1,0,0,0,6470,0.269583,1,0.0015,0
2096,18587.1,11,0,2.22471,8.01125,0,0,0,10.236,361,361,0,1,2.45175,2.45175,1830,367,0,1235,0,0,0,0,0,1337,1627.81,2.40137,3.52742,168488,8,29433,486,464433,32,117732,1944,32,4,644756,1319142,20632192,5276568,25908760,4,4,12,4,4,4,0,20,20,20260807,5,1,1,1,0,0,0,6470,0.269583,1,0.0015,0
2097,18593.6,6,0,2.04454,4.40038,0,0,0,6.44492,361,361,0,1,2.45175,2.45175,1830,367,0,1235,0,0,0,0,0,1337,1627.81,2.40137,3.52742,168488,8,29433,486,464433,32,117732,1944,32,4,644756,1319142,20632192,5276568,25908760,4,4,12,4,4,4,0,20,20,20260807,5,1,1,1,0,0,0,6470,0.269583,1,0.0015,0
2098,18603.7,10,0,2.36592,7.62458,0,0,0,9.9905,361,361,0,1,2.45175,2.45175,1830,367,0,1235,0,0,0,0,0,1337,1627.81,2.40137,3.52742,168488,8,29433,486,464433,32,117732,1944,32,4,644756,1319142,20632192,5276568,25908760,4,4,12,4,4,4,0,20,20,20260807,5,1,1,1,0,0,0,6471,0.269625,1,0.0015,1
2099,18611.7,8,0,2.06162,5.87442,0,0,0,7.93604,361,361,0,1,2.45175,2.45175,1830,367,0,1235,0,0,0,0,0,1337,1627.81,2.40137,3.52742,168488,8,29433,486,464433,32,117732,1944,32,4,644756,1319142,20632192,5276568,25908760,4,4,12,4,4,4,0,20,20,20260807,5,1,1,1,0,0,0,6471,0.269625,1,0.0015,0
2100,18620.4,9,0,2.06321,6.58333,0,0,0,8.64654,361,361,0,1,2.45175,2.45175,1830,367,0,1235,0,0,0,0,0,1337,1627.81,2.40137,3.52742,168488,8,29433,486,464433,32,117732,1944,32,4,644756,1319142,20632192,5276568,25908760,4,4,12,4,4,4,0,20,20,20260807,5,1,1,1,0,0,0,6471,0.269625,1,0.0015,0
2101,18627.8,7,0,2.09471,5.17033,0,0,0,7.26504,361,361,0,1,2.45175,2.45175,1830,367,0,1235,0,0,0,0,0,1337,1627.81,2.40137,3.52742,168488,8,29433,486,464433,32,117732,1944,32,4,644756,1319142,20632192,5276568,25908760,4,4,12,4,4,4,0,20,20,20260807,5,1,1,1,0,0,0,6471,0.269625,1,0.0015,0
2102,18637.2,10,0,2.05421,7.27296,0,0,0,9.32717,361,361,0,1,2.45175,2.45175,1830,367,0,1235,0,0,0,0,0,1337,1627.81,2.40137,3.52742,168488,8,29433,486,464433,32,117732,1944,32,4,644756,1319142,20632192,5276568,25908760,4,4,12,4,4,4,0,20,20,20260807,5,1,1,1,0,0,0,6471,0.269625,1,0.0015,0
2103,18643.3,6,0,2.08146,3.99996,0,0,0,6.08142,361,361,0,1,2.45175,2.45175,1830,367,0,1235,0,0,0,0,0,1337,1627.81,2.40137,3.52742,168488,8,29433,486,464433,32,117732,1944,32,4,644756,1319142,20632192,5276568,25908760,4,4,12,4,4,4,0,20,20,20260807,5,1,1,1,0,0,0,6471,0.269625,1,0.0015,0
2104,18653.8,10,0,2.337,8.05567,0,0,0,10.3927,361,361,0,1,2.45175,2.45175,1830,367,0,1235,0,0,0,0,0,1337,1627.81,2.40137,3.52742,168488,8,29433,486,464433,32,117732,1944,32,4,644756,1319142,20632192,5276568,25908760,4,4,12,4,4,4,0,20,20,20260807,5,1,1,1,0,0,0,6472,0.269667,1,0.0015,1
2105,18661.3,8,0,2.04696,5.35575,0,0,0,7.40271,361,361,0,1,2.45175,2.45175,1830,367,0,1235,0,0,0,0,0,1337,1627.81,2.40137,3.52742,168488,8,29433,486,464433,32,117732,1944,32,4,644756,1319142,20632192,5276568,25908760,4,4,12,4,4,4,0,20,20,20260807,5,1,1,1,0,0,0,6472,0.269667,1,0.0015,0
2106,18670.7,9,0,2.082,7.23842,0,0,0,9.32042,361,361,0,1,2.45175,2.45175,1830,367,0,1235,0,0,0,0,0,1337,1627.81,2.40137,3.52742,168488,8,29433,486,464433,32,117732,1944,32,4,644756,1319142,20632192,5276568,25908760,4,4,12,4,4,4,0,20,20,20260807,5,1,1,1,0,0,0,6472,0.269667,1,0.0015,0
2107,18676.9,7,0,2.05667,4.09438,0,0,0,6.15104,361,361,0,1,2.45175,2.45175,1830,367,0,1235,0,0,0,0,0,1337,1627.81,2.40137,3.52742,168488,8,29433,486,464433,32,117732,1944,32,4,644756,1319142,20632192,5276568,25908760,4,4,12,4,4,4,0,20,20,20260807,5,1,1,1,0,0,0,6472,0.269667,1,0.0015,0
2108,18687.2,10,0,2.344,7.8325,0,0,0,10.1765,361,361,0,1,2.45175,2.45175,1830,367,0,1235,0,0,0,0,0,1337,1627.81,2.40137,3.52742,168488,8,29433,486,464433,32,117732,1944,32,4,644756,1319142,20632192,5276568,25908760,4,4,12,4,4,4,0,20,20,20260807,5,1,1,1,0,0,0,6472,0.269667,1,0.0015,0
2109,18694.2,7,0,2.05837,4.89412,0,0,0,6.9525,361,361,0,1,2.45175,2.45175,1830,367,0,1235,0,0,0,0,0,1337,1627.81,2.40137,3.52742,168488,8,29433,486,464433,32,117732,1944,32,4,644756,1319142,20632192,5276568,25908760,4,4,12,4,4,4,0,20,20,20260807,5,1,1,1,0,0,0,6472,0.269667,1,0.0015,0
2110,18703.7,9,0,2.15596,7.24175,0,0,0,9.39771,361,361,0,1,2.45175,2.45175,1830,367,0,1235,0,0,0,0,0,1337,1627.81,2.40137,3.52742,168488,8,29433,486,464433,32,117732,1944,32,4,644756,1319142,20632192,5276568,25908760,4,4,12,4,4,4,0,20,20,20260807,5,1,1,1,0,0,0,6473,0.269708,1,0.0015,1
2111,18709.8,6,0,2.08996,3.91246,0,0,0,6.00242,361,361,0,1,2.45175,2.45175,1830,367,0,1235,0,0,0,0,0,1337,1627.81,2.40137,3.52742,168488,8,29433,486,464433,32,117732,1944,32,4,644756,1319142,20632192,5276568,25908760,4,4,12,4,4,4,0,20,20,20260807,5,1,1,1,0,0,0,6473,0.269708,1,0.0015,0
2112,18720.6,11,0,2.26288,8.49642,0,0,0,10.7593,361,361,0,1,2.45175,2.45175,1830,367,0,1235,0,0,0,0,0,1337,1627.81,2.40137,3.52742,168488,8,29433,486,464433,32,117732,1944,32,4,644756,1319142,20632192,5276568,25908760,4,4,12,4,4,4,0,20,20,20260807,5,1,1,1,0,0,0,6473,0.269708,1,0.0015,0
2113,18728.1,8,0,2.07054,5.37063,0,0,0,7.44117,361,361,0,1,2.45175,2.45175,1830,367,0,1235,0,0,0,0,0,1337,1627.81,2.40137,3.52742,168488,8,29433,486,464433,32,117732,1944,32,4,644756,1319142,20632192,5276568,25908760,4,4,12,4,4,4,0,20,20,20260807,5,1,1,1,0,0,0,6473,0.269708,1,0.0015,0
2114,18737.1,9,0,2.07488,6.81321,0,0,0,8.88808,361,361,0,1,2.45175,2.45175,1830,367,0,1235,0,0,0,0,0,1337,1627.81,2.40137,3.52742,168488,8,29433,486,464433,32,117732,1944,32,4,644756,1319142,20632192,5276568,25908760,4,4,12,4,4,4,0,20,20,20260807,5,1,1,1,0,0,0,6473,0.269708,1,0.0015,0
2115,18742.5,5,0,2.12363,3.244,0,0,0,5.36763,361,361,0,1,2.45175,2.45175,1830,367,0,1235,0,0,0,0,0,1337,1627.81,2.40137,3.52742,168488,8,29433,486,464433,32,117732,1944,32,4,644756,1319142,20632192,5276568,25908760,4,4,12,4,4,4,0,20,20,20260807,5,1,1,1,0,0,0,6473,0.269708,1,0.0015,0
2116,18753.7,11,0,2.34863,8.78283,0,0,0,11.1315,361,361,0,1,2.45175,2.45175,1830,367,0,1235,0,0,0,0,0,1337,1627.81,2.40137,3.52742,168488,8,29433,486,464433,32,117732,1944,32,4,644756,1319142,20632192,5276568,25908760,4,4,12,4,4,4,0,20,20,20260807,5,1,1,1,0,0,0,6474,0.26975,1,0.0015,1
2117,18761.3,8,0,2.05104,5.42,0,0,0,7.47104,361,361,0,1,2.45175,2.45175,1830,367,0,1235,0,0,0,0,0,1337,1627.81,2.40137,3.52742,168488,8,29433,486,464433,32,117732,1944,32,4,644756,1319142,20632192,5276568,25908760,4,4,12,4,4,4,0,20,20,20260807,5,1,1,1,0,0,0,6474,0.26975,1,0.0015,0
2118,18770.4,9,0,2.13338,6.92721,0,0,0,9.06058,361,361,0,1,2.45175,2.45175,1830,367,0,1235,0,0,0,0,0,1337,1627.81,2.40137,3.52742,168488,8,29433,486,464433,32,117732,1944,32,4,644756,1319142,20632192,5276568,25908760,4,4,12,4,4,4,0,20,20,20260807,5,1,1,1,0,0,0,6474,0.26975,1,0.0015,0
2119,18776.7,6,0,2.06779,4.17554,0,0,0,6.24333,361,361,0,1,2.45175,2.45175,1830,367,0,1235,0,0,0,0,0,1337,1627.81,2.40137,3.52742,168488,8,29433,486,464433,32,117732,1944,32,4,644756,1319142,20632192,5276568,25908760,4,4,12,4,4,4,0,20,20,20260807,5,1,1,1,0,0,0,6474,0.26975,1,0.0015,0
2120,18787.2,11,0,2.35629,8.02337,0,0,0,10.3797,361,361,0,1,2.45175,2.45175,1830,367,0,1235,0,0,0,0,0,1337,1627.81,2.40137,3.52742,168488,8,29433,486,464433,32,117732,1944,32,4,644756,1319142,20632192,5276568,25908760,4,4,12,4,4,4,0,20,20,20260807,5,1,1,1,0,0,0,6474,0.26975,1,0.0015,0
2121,18793.7,6,0,2.08513,4.30554,0,0,0,6.39067,361,361,0,1,2.45175,2.45175,1830,367,0,1235,0,0,0,0,0,1337,1627.81,2.40137,3.52742,168488,8,29433,486,464433,32,117732,1944,32,4,644756,1319142,20632192,5276568,25908760,4,4,12,4,4,4,0,20,20,20260807,5,1,1,1,0,0,0,6474,0.26975,1,0.0015,0
2122,18803.7,10,0,2.23963,7.75025,0,0,0,9.98987,361,361,0,1,2.45175,2.45175,1830,367,0,1235,0,0,0,0,0,1337,1627.81,2.40137,3.52742,168488,8,29433,486,464433,32,117732,1944,32,4,644756,1319142,20632192,5276568,25908760,4,4,12,4,4,4,0,20,20,20260807,5,1,1,1,0,0,0,6475,0.269792,1,0.0015,1
2123,18810.1,7,0,2.08462,4.16079,0,0,0,6.24542,361,361,0,1,2.45175,2.45175,1830,367,0,1235,0,0,0,0,0,1337,1627.81,2.40137,3.52742,168488,8,29433,486,464433,32,117732,1944,32,4,644756,1319142,20632192,5276568,25908760,4,4,12,4,4,4,0,20,20,20260807,5,1,1,1,0,0,0,6475,0.269792,1,0.0015,0
2124,18820.5,10,0,2.32858,8.06033,0,0,0,10.3889,361,361,0,1,2.45175,2.45175,1830,367,0,1235,0,0,0,0,0,1337,1627.81,2.40137,3.52742,168488,8,29433,486,464433,32,117732,1944,32,4,644756,1319142,20632192,5276568,25908760,4,4,12,4,4,4,0,20,20,20260807,5,1,1,1,0,0,0,6475,0.269792,1,0.0015,0
2125,18827.4,7,0,2.10871,4.705,0,0,0,6.81371,361,361,0,1,2.45175,2.45175,1830,367,0,1235,0,0,0,0,0,1337,1627.81,2.40137,3.52742,168488,8,29433,486,464433,32,117732,1944,32,4,644756,1319142,20632192,5276568,25908760,4,4,12,4,4,4,0,20,20,20260807,5,1,1,1,0,0,0,6475,0.269792,1,0.0015,0
2126,18837.2,10,0,2.12138,7.58567,0,0,0,9.70704,361,361,0,1,2.45175,2.45175,1830,367,0,1235,0,0,0,0,0,1337,1627.81,2.40137,3.52742,168488,8,29433,486,464433,32,117732,1944,32,4,644756,1319142,20632192,5276568,25908760,4,4,12,4,4,4,0,20,20,20260807,5,1,1,1,0,0,0,6475,0.269792,1,0.0015,0
2127,18843.1,6,0,2.09262,3.74217,0,0,0,5.83479,361,361,0,1,2.45175,2.45175,1830,367,0,1235,0,0,0,0,0,1337,1627.81,2.40137,3.52742,168488,8,29433,486,464433,32,117732,1944,32,4,644756,1319142,20632192,5276568,25908760,4,4,12,4,4,4,0,20,20,20260807,5,1,1,1,0,0,0,6475,0.269792,1,0.0015,0
2128,18853.9,11,0,2.28925,8.39425,0,0,0,10.6835,361,361,0,1,2.45175,2.45175,1830,367,0,1235,0,0,0,0,0,1337,1627.81,2.40137,3.52742,168488,8,29433,486,464433,32,117732,1944,32,4,644756,1319142,20632192,5276568,25908760,4,4,12,4,4,4,0,20,20,20260807,5,1,1,1,0,0,0,6476,0.269833,1,0.0015,1
2129,18860.6,6,0,2.12046,4.51225,0,0,0,6.63271,361,361,0,1,2.45175,2.45175,1830,367,0,1235,0,0,0,0,0,1337,1627.81,2.40137,3.52742,168488,8,29433,486,464433,32,117732,1944,32,4,644756,1319142,20632192,5276568,25908760,4,4,12,4,4,4,0,20,20,20260807,5,1,1,1,0,0,0,6476,0.269833,1,0.0015,0
2130,18870.6,10,0,2.21071,7.66867,0,0,0,9.87937,361,361,0,1,2.45175,2.45175,1830,367,0,1235,0,0,0,0,0,1337,1627.81,2.40137,3.52742,168488,8,29433,486,464433,32,117732,1944,32,4,644756,1319142,20632192,5276568,25908760,4,4,12,4,4,4,0,20,20,20260807,5,1,1,1,0,0,0,6476,0.269833,1,0.0015,0
2131,18876.6,6,0,2.11338,3.8045,0,0,0,5.91788,361,361,0,1,2.45175,2.45175,1830,367,0,1235,0,0,0,0,0,1337,1627.81,2.40137,3.52742,168488,8,29433,486,464433,32,117732,1944,32,4,644756,1319142,20632192,5276568,25908760,4,4,12,4,4,4,0,20,20,20260807,5,1,1,1,0,0,0,6476,0.269833,1,0.0015,0
2132,18888.7,12,0,2.32117,9.76167,0,0,0,12.0828,361,361,0,1,2.45175,2.45175,1830,367,0,1235,0,0,0,0,0,1337,1627.81,2.40137,3.52742,168488,8,29433,486,464433,32,117732,1944,32,4,644756,1319142,20632192,5276568,25908760,4,4,12,4,4,4,0,20,20,20260807,5,1,1,1,0,0,0,6476,0.269833,1,0.0015,0
2133,18893.9,6,0,2.15921,2.93733,0,0,0,5.09654,361,361,0,1,2.45175,2.45175,1830,367,0,1235,0,0,0,0,0,1337,1627.81,2.40137,3.52742,168488,8,29433,486,464433,32,117732,1944,32,4,644756,1319142,20632192,5276568,25908760,4,4,12,4,4,4,0,20,20,20260807,5,1,1,1,0,0,0,6477,0.269875,1,0.0015,1
2134,18903.9,10,0,2.04242,7.83162,0,0,0,9.87404,361,361,0,1,2.45175,2.45175,1830,367,0,1235,0,0,0,0,0,1337,1627.81,2.40137,3.52742,168488,8,29433,486,464433,32,117732,1944,32,4,644756,1319142,20632192,5276568,25908760,4,4,12,4,4,4,0,20,20,20260807,5,1,1,1,0,0,0,6477,0.269875,1,0.0015,0
2135,18910.3,6,0,2.15521,4.17792,0,0,0,6.33312,361,361,0,1,2.45175,2.45175,1830,367,0,1235,0,0,0,0,0,1337,1627.81,2.40137,3.52742,168488,8,29433,486,464433,32,117732,1944,32,4,644756,1319142,20632192,5276568,25908760,4,4,12,4,4,4,0,20,20,20260807,5,1,1,1,0,0,0,6477,0.269875,1,0.0015,0
2136,18920.7,10,0,2.24421,8.05479,0,0,0,10.299,361,361,0,1,2.45175,2.45175,1830,367,0,1235,0,0,0,0,0,1337,1627.81,2.40137,3.52742,168488,8,29433,486,464433,32,117732,1944,32,4,644756,1319142,20632192,5276568,25908760,4,4,12,4,4,4,0,20,20,20260807,5,1,1,1,0,0,0,6477,0.269875,1,0.0015,0
2137,18928.3,8,0,2.10054,5.39508,0,0,0,7.49563,361,361,0,1,2.45175,2.45175,1830,367,0,1235,0,0,0,0,0,1337,1627.81,2.40137,3.52742,168488,8,29433,486,464433,32,117732,1944,32,4,644756,1319142,20632192,5276568,25908760,4,4,12,4,4,4,0,20,20,20260807,5,1,1,1,0,0,0,6477,0.269875,1,0.0015,0
2138,18937.2,9,0,2.11733,6.69479,0,0,0,8.81212,361,361,0,1,2.45175,2.45175,1830,367,0,1235,0,0,0,0,0,1337,1627.81,2.40137,3.52742,168488,8,29433,486,464433,32,117732,1944,32,4,644756,1319142,20632192,5276568,25908760,4,4,12,4,4,4,0,20,20,20260807,5,1,1,1,0,0,0,6477,0.269875,1,0.0015,0
2139,18943.3,6,0,2.08913,3.98733,0,0,0,6.07646,361,361,0,1,2.45175,2.45175,1830,367,0,1235,0,0,0,0,0,1337,1627.81,2.40137,3.52742,168488,8,29433,486,464433,32,117732,1944,32,4,644756,1319142,20632192,5276568,25908760,4,4,12,4,4,4,0,20,20,20260807,5,1,1,1,0,0,0,6477,0.269875,1,0.0015,0
2140,18953.8,10,0,2.28217,8.16458,0,0,0,10.4467,361,361,0,1,2.45175,2.45175,1830,367,0,1235,0,0,0,0,0,1337,1627.81,2.40137,3.52742,168488,8,29433,486,464433,32,117732,1944,32,4,644756,1319142,20632192,5276568,25908760,4,4,12,4,4,4,0,20,20,20260807,5,1,1,1,0,0,0,6478,0.269917,1,0.0015,1
2141,18961.4,8,0,2.06429,5.38971,0,0,0,7.454,361,361,0,1,2.45175,2.45175,1830,367,0,1235,0,0,0,0,0,1337,1627.81,2.40137,3.52742,168488,8,29433,486,464433,32,117732,1944,32,4,644756,1319142,20632192,5276568,25908760,4,4,12,4,4,4,0,20,20,20260807,5,1,1,1,0,0,0,6478,0.269917,1,0.0015,0
2142,18970.6,9,0,2.0845,7.04825,0,0,0,9.13275,361,361,0,1,2.45175,2.45175,1830,367,0,1235,0,0,0,0,0,1337,1627.81,2.40137,3.52742,168488,8,29433,486,464433,32,117732,1944,32,4,644756,1319142,20632192,5276568,25908760,4,4,12,4,4,4,0,20,20,20260807,5,1,1,1,0,0,0,6478,0.269917,1,0.0015,0
2143,18976.8,6,0,2.12838,4.03479,0,0,0,6.16317,361,361,0,1,2.45175,2.45175,1830,367,0,1235,0,0,0,0,0,1337,1627.81,2.40137,3.52742,168488,8,29433,486,464433,32,117732,1944,32,4,644756,1319142,20632192,5276568,25908760,4,4,12,4,4,4,0,20,20,20260807,5,1,1,1,0,0,0,6478,0.269917,1,0.0015,0
2144,18987.1,11,0,2.47483,7.76392,0,0,0,10.2387,361,361,0,1,2.45175,2.45175,1830,367,0,1235,0,0,0,0,0,1337,1627.81,2.40137,3.52742,168488,8,29433,486,464433,32,117732,1944,32,4,644756,1319142,20632192,5276568,25908760,4,4,12,4,4,4,0,20,20,20260807,5,1,1,1,0,0,0,6478,0.269917,1,0.0015,0
2145,18994.6,7,0,2.09608,5.28913,0,0,0,7.38521,361,361,0,1,2.45175,2.45175,1830,367,0,1235,0,0,0,0,0,1337,1627.81,2.40137,3.52742,168488,8,29433,486,464433,32,117732,1944,32,4,644756,1319142,20632192,5276568,25908760,4,4,12,4,4,4,0,20,20,20260807,5,1,1,1,0,0,0,6478,0.269917,1,0.0015,0
2146,19004.4,10,0,2.09079,7.66825,0,0,0,9.75904,361,361,0,1,2.45175,2.45175,1830,367,0,1235,0,0,0,0,0,1337,1627.81,2.40137,3.52742,168488,8,29433,486,464433,32,117732,1944,32,4,644756,1319142,20632192,5276568,25908760,4,4,12,4,4,4,0,20,20,20260807,5,1,1,1,0,0,0,6479,0.269958,1,0.0015,1
2147,19009.8,5,0,2.12429,3.15983,0,0,0,5.28413,361,361,0,1,2.45175,2.45175,1830,367,0,1235,0,0,0,0,0,1337,1627.81,2.40137,3.52742,168488,8,29433,486,464433,32,117732,1944,32,4,644756,1319142,20632192,5276568,25908760,4,4,12,4,4,4,0,20,20,20260807,5,1,1,1,0,0,0,6479,0.269958,1,0.0015,0
2148,19020.6,11,0,4.13592,6.61808,0,0,0,10.754,361,361,0,1,2.45175,2.45175,1830,367,0,1235,0,0,0,0,0,1337,1627.81,2.40137,3.52742,168488,8,29433,486,464433,32,117732,1944,32,4,644756,1319142,20632192,5276568,25908760,4,4,12,4,4,4,0,20,20,20260807,5,1,1,1,0,0,0,6479,0.269958,1,0.0015,0
2149,19027.3,7,0,2.15221,4.40092,0,0,0,6.55312,361,361,0,1,2.45175,2.45175,1830,367,0,1235,0,0,0,0,0,1337,1627.81,2.40137,3.52742,168488,8,29433,486,464433,32,117732,1944,32,4,644756,1319142,20632192,5276568,25908760,4,4,12,4,4,4,0,20,20,20260807,5,1,1,1,0,0,0,6479,0.269958,1,0.0015,0
2150,19037.2,9,0,2.1175,7.7775,0,0,0,9.895,361,361,0,1,2.45175,2.45175,1830,367,0,1235,0,0,0,0,0,1337,1627.81,2.40137,3.52742,168488,8,29433,486,464433,32,117732,1944,32,4,644756,1319142,20632192,5276568,25908760,4,4,12,4,4,4,0,20,20,20260807,5,1,1,1,0,0,0,6479,0.269958,1,0.0015,0
2151,19043.2,6,0,2.06625,3.84867,0,0,0,5.91492,361,361,0,1,2.45175,2.45175,1830,367,0,1235,0,0,0,0,0,1337,1627.81,2.40137,3.52742,168488,8,29433,486,464433,32,117732,1944,32,4,644756,1319142,20632192,5276568,25908760,4,4,12,4,4,4,0,20,20,20260807,5,1,1,1,0,0,0,6479,0.269958,1,0.0015,0
2152,19053.8,10,0,2.30029,8.17625,0,0,0,10.4765,361,361,0,1,2.45175,2.45175,1830,367,0,1235,0,0,0,0,0,1337,1627.81,2.40137,3.52742,168488,8,29433,486,464433,32,117732,1944,32,4,644756,1319142,20632192,5276568,25908760,4,4,12,4,4,4,0,20,20,20260807,5,1,1,1,0,0,0,6480,0.27,1,0.0015,1
2153,19063.1,10,0,2.13117,7.039,0,0,0,9.17017,361,361,0,1,2.45175,2.45175,1830,367,0,1235,0,0,0,0,0,1337,1627.81,2.40137,3.52742,168488,8,29433,486,464433,32,117732,1944,32,4,644756,1319142,20632192,5276568,25908760,4,4,12,4,4,4,0,20,20,20260807,5,1,1,1,0,0,0,6480,0.27,1,0.0015,0
2154,19071,8,0,2.07767,5.77479,0,0,0,7.85246,361,361,0,1,2.45175,2.45175,1830,367,0,1235,0,0,0,0,0,1337,1627.81,2.40137,3.52742,168488,8,29433,486,464433,32,117732,1944,32,4,644756,1319142,20632192,5276568,25908760,4,4,12,4,4,4,0,20,20,20260807,5,1,1,1,0,0,0,6480,0.27,1,0.0015,0
2155,19076.9,6,0,2.08225,3.73037,0,0,0,5.81262,361,361,0,1,2.45175,2.45175,1830,367,0,1235,0,0,0,0,0,1337,1627.81,2.40137,3.52742,168488,8,29433,486,464433,32,117732,1944,32,4,644756,1319142,20632192,5276568,25908760,4,4,12,4,4,4,0,20,20,20260807,5,1,1,1,0,0,0,6480,0.27,1,0.0015,0
2156,19087.1,10,0,2.215,7.96779,0,0,0,10.1828,361,361,0,1,2.45175,2.45175,1830,367,0,1235,0,0,0,0,0,1337,1627.81,2.40137,3.52742,168488,8,29433,486,464433,32,117732,1944,32,4,644756,1319142,20632192,5276568,25908760,4,4,12,4,4,4,0,20,20,20260807,5,1,1,1,0,0,0,6480,0.27,1,0.0015,0
2157,19094.2,7,0,2.04729,4.93096,0,0,0,6.97825,361,361,0,1,2.45175,2.45175,1830,367,0,1235,0,0,0,0,0,1337,1627.81,2.40137,3.52742,168488,8,29433,486,464433,32,117732,1944,32,4,644756,1319142,20632192,5276568,25908760,4,4,12,4,4,4,0,20,20,20260807,5,1,1,1,0,0,0,6480,0.27,1,0.0015,0
2158,19104,10,0,2.07408,7.64779,0,0,0,9.72188,361,361,0,1,2.45175,2.45175,1830,367,0,1235,0,0,0,0,0,1337,1627.81,2.40137,3.52742,168488,8,29433,486,464433,32,117732,1944,32,4,644756,1319142,20632192,5276568,25908760,4,4,12,4,4,4,0,20,20,20260807,5,1,1,1,0,0,0,6481,0.270042,1,0.0015,1
2159,19109.2,5,0,2.14596,3.005,0,0,0,5.15096,361,361,0,1,2.45175,2.45175,1830,367,0,1235,0,0,0,0,0,1337,1627.81,2.40137,3.52742,168488,8,29433,486,464433,32,117732,1944,32,4,644756,1319142,20632192,5276568,25908760,4,4,12,4,4,4,0,20,20,20260807,5,1,1,1,0,0,0,6481,0.270042,1,0.0015,0
2160,19121.4,12,0,2.36921,9.696,0,0,0,12.0652,361,361,0,1,2.45175,2.45175,1830,367,0,1235,0,0,0,0,0,1337,1627.81,2.40137,3.52742,168488,8,29433,486,464433,32,117732,1944,32,4,644756,1319142,20632192,5276568,25908760,4,4,12,4,4,4,0,20,20,20260807,5,1,1,1,0,0,0,6481,0.270042,1,0.0015,0
2161,19126.6,5,0,2.12188,3.02562,0,0,0,5.1475,361,361,0,1,2.45175,2.45175,1830,367,0,1235,0,0,0,0,0,1337,1627.81,2.40137,3.52742,168488,8,29433,486,464433,32,117732,1944,32,4,644756,1319142,20632192,5276568,25908760,4,4,12,4,4,4,0,20,20,20260807,5,1,1,1,0,0,0,6481,0.270042,1,0.0015,0
2162,19137.2,11,0,2.55654,7.97996,0,0,0,10.5365,361,361,0,1,2.45175,2.45175,1830,367,0,1235,0,0,0,0,0,1337,1627.81,2.40137,3.52742,168488,8,29433,486,464433,32,117732,1944,32,4,644756,1319142,20632192,5276568,25908760,4,4,12,4,4,4,0,20,20,20260807,5,1,1,1,0,0,0,6481,0.270042,1,0.0015,0
2163,19146.2,9,0,4.49704,4.46221,0,0,0,8.95925,361,361,0,1,2.45175,2.45175,1830,367,0,1235,0,0,0,0,0,1337,1627.81,2.40137,3.52742,168488,8,29433,486,464433,32,117732,1944,32,4,644756,1319142,20632192,5276568,25908760,4,4,12,4,4,4,0,20,20,20260807,5,1,1,1,0,0,0,6481,0.270042,1,0.0015,0
2164,19154,8,0,2.18712,5.51642,0,0,0,7.70354,361,361,0,1,2.45175,2.45175,1830,367,0,1235,0,0,0,0,0,1337,1627.81,2.40137,3.52742,168488,8,29433,486,464433,32,117732,1944,32,4,644756,1319142,20632192,5276568,25908760,4,4,12,4,4,4,0,20,20,20260807,5,1,1,1,0,0,0,6482,0.270083,1,0.0015,1
2165,19159.2,5,0,2.13067,3.00983,0,0,0,5.1405,361,361,0,1,2.45175,2.45175,1830,367,0,1235,0,0,0,0,0,1337,1627.81,2.40137,3.52742,168488,8,29433,486,464433,32,117732,1944,32,4,644756,1319142,20632192,5276568,25908760,4,4,12,4,4,4,0,20,20,20260807,5,1,1,1,0,0,0,6482,0.270083,1,0.0015,0
2166,19173.6,14,0,2.30129,11.9659,0,0,0,14.2672,361,361,0,1,2.45175,2.45175,1830,367,0,1235,0,0,0,0,0,1337,1627.81,2.40137,3.52742,168488,8,29433,486,464433,32,117732,1944,32,4,644756,1319142,20632192,5276568,25908760,4,4,12,4,4,4,0,20,20,20260807,5,1,1,1,0,0,0,6482,0.270083,1,0.0015,0
2167,19179.7,6,0,2.12796,3.91196,0,0,0,6.03992,361,361,0,1,2.45175,2.45175,1830,367,0,1235,0,0,0,0,0,1337,1627.81,2.40137,3.52742,168488,8,29433,486,464433,32,117732,1944,32,4,644756,1319142,20632192,5276568,25908760,4,4,12,4,4,4,0,20,20,20260807,5,1,1,1,0,0,0,6482,0.270083,1,0.0015,0
2168,19188.3,9,0,2.09888,6.43921,0,0,0,8.53808,361,361,0,1,2.45175,2.45175,1830,367,0,1235,0,0,0,0,0,1337,1627.81,2.40137,3.52742,168488,8,29433,486,464433,32,117732,1944,32,4,644756,1319142,20632192,5276568,25908760,4,4,12,4,4,4,0,20,20,20260807,5,1,1,1,0,0,0,6482,0.270083,1,0.0015,0
2169,19194.8,6,0,2.14542,4.23975,0,0,0,6.38517,361,361,0,1,2.45175,2.45175,1830,367,0,1235,0,0,0,0,0,1337,1627.81,2.40137,3.52742,168488,8,29433,486,464433,32,117732,1944,32,4,644756,1319142,20632192,5276568,25908760,4,4,12,4,4,4,0,20,20,20260807,5,1,1,1,0,0,0,6482,0.270083,1,0.0015,0
2170,19207.3,13,0,2.10062,10.3378,0,0,0,12.4384,361,361,0,1,2.45175,2.45175,1830,367,0,1235,0,0,0,0,0,1337,1627.81,2.40137,3.52742,168488,8,29433,486,464433,32,117732,1944,32,4,644756,1319142,20632192,5276568,25908760,4,4,12,4,4,4,0,20,20,20260807,5,1,1,1,0,0,0,6483,0.270125,1,0.0015,1
2171,19213.4,6,0,2.08446,3.86683,0,0,0,5.95129,361,361,0,1,2.45175,2.45175,1830,367,0,1235,0,0,0,0,0,1337,1627.81,2.40137,3.52742,168488,8,29433,486,464433,32,117732,1944,32,4,644756,1319142,20632192,5276568,25908760,4,4,12,4,4,4,0,20,20,20260807,5,1,1,1,0,0,0,6483,0.270125,1,0.0015,0
2172,19223.9,11,0,2.14146,8.273,0,0,0,10.4145,361,361,0,1,2.45175,2.45175,1830,367,0,1235,0,0,0,0,0,1337,1627.81,2.40137,3.52742,168488,8,29433,486,464433,32,117732,1944,32,4,644756,1319142,20632192,5276568,25908760,4,4,12,4,4,4,0,20,20,20260807,5,1,1,1,0,0,0,6483,0.270125,1,0.0015,0
2173,19230.1,6,0,2.07708,4.03804,0,0,0,6.11512,361,361,0,1,2.45175,2.45175,1830,367,0,1235,0,0,0,0,0,1337,1627.81,2.40137,3.52742,168488,8,29433,486,464433,32,117732,1944,32,4,644756,1319142,20632192,5276568,25908760,4,4,12,4,4,4,0,20,20,20260807,5,1,1,1,0,0,0,6483,0.270125,1,0.0015,0
2174,19237.3,7,0,2.09721,5.02367,0,0,0,7.12087,361,361,0,1,2.45175,2.45175,1830,367,0,1235,0,0,0,0,0,1337,1627.81,2.40137,3.52742,168488,8,29433,486,464433,32,117732,1944,32,4,644756,1319142,20632192,5276568,25908760,4,4,12,4,4,4,0,20,20,20260807,5,1,1,1,0,0,0,6483,0.270125,1,0.0015,0
2175,19242.5,5,0,2.16029,3.01713,0,0,0,5.17742,361,361,0,1,2.45175,2.45175,1830,367,0,1235,0,0,0,0,0,1337,1627.81,2.40137,3.52742,168488,8,29433,486,464433,32,117732,1944,32,4,644756,1319142,20632192,5276568,25908760,4,4,12,4,4,4,0,20,20,20260807,5,1,1,1,0,0,0,6483,0.270125,1,0.0015,0
2176,19254.6,12,0,2.31954,9.69667,0,0,0,12.0162,361,361,0,1,2.45175,2.45175,1830,367,0,1235,0,0,0,0,0,1337,1627.81,2.40137,3.52742,168488,8,29433,486,464433,32,117732,1944,32,4,644756,1319142,20632192,5276568,25908760,4,4,12,4,4,4,0,20,20,20260807,5,1,1,1,0,0,0,6484,0.270167,1,0.0015,1
2177,19259.9,6,0,2.12121,3.1015,0,0,0,5.22271,361,361,0,1,2.45175,2.45175,1830,367,0,1235,0,0,0,0,0,1337,1627.81,2.40137,3.52742,168488,8,29433,486,464433,32,117732,1944,32,4,644756,1319142,20632192,5276568,25908760,4,4,12,4,4,4,0,20,20,20260807,5,1,1,1,0,0,0,6484,0.270167,1,0.0015,0
2178,19270.6,10,0,3.40175,7.17442,0,0,0,10.5762,361,361,0,1,2.45175,2.45175,1830,367,0,1235,0,0,0,0,0,1337,1627.81,2.40137,3.52742,168488,8,29433,486,464433,32,117732,1944,32,4,644756,1319142,20632192,5276568,25908760,4,4,12,4,4,4,0,20,20,20260807,5,1,1,1,0,0,0,6484,0.270167,1,0.0015,0
2179,19276.3,6,0,2.10204,3.59746,0,0,0,5.6995,361,361,0,1,2.45175,2.45175,1830,367,0,1235,0,0,0,0,0,1337,1627.81,2.40137,3.52742,168488,8,29433,486,464433,32,117732,1944,32,4,644756,1319142,20632192,5276568,25908760,4,4,12,4,4,4,0,20,20,20260807,5,1,1,1,0,0,0,6484,0.270167,1,0.0015,0
2180,19287.2,12,0,2.2925,8.52354,0,0,0,10.816,361,361,0,1,2.45175,2.45175,1830,367,0,1235,0,0,0,0,0,1337,1627.81,2.40137,3.52742,168488,8,29433,486,464433,32,117732,1944,32,4,644756,1319142,20632192,5276568,25908760,4,4,12,4,4,4,0,20,20,20260807,5,1,1,1,0,0,0,6484,0.270167,1,0.0015,0
2181,19293.5,6,0,2.11729,4.05725,0,0,0,6.17454,361,361,0,1,2.45175,2.45175,1830,367,0,1235,0,0,0,0,0,1337,1627.81,2.40137,3.52742,168488,8,29433,486,464433,32,117732,1944,32,4,644756,1319142,20632192,5276568,25908760,4,4,12,4,4,4,0,20,20,20260807,5,1,1,1,0,0,0,6484,0.270167,1,0.0015,0
2182,19303.9,11,0,2.22967,8.10913,0,0,0,10.3388,361,361,0,1,2.45175,2.45175,1830,367,0,1235,0,0,0,0,0,1337,1627.81,2.40137,3.52742,168488,8,29433,486,464433,32,117732,1944,32,4,644756,1319142,20632192,5276568,25908760,4,4,12,4,4,4,0,20,20,20260807,5,1,1,1,0,0,0,6485,0.270208,1,0.0015,1
2183,19309.5,5,0,2.15971,3.36333,0,0,0,5.52304,361,361,0,1,2.45175,2.45175,1830,367,0,1235,0,0,0,0,0,1337,1627.81,2.40137,3.52742,168488,8,29433,486,464433,32,117732,1944,32,4,644756,1319142,20632192,5276568,25908760,4,4,12,4,4,4,0,20,20,20260807,5,1,1,1,0,0,0,6485,0.270208,1,0.0015,0
2184,19320.6,11,0,2.31458,8.69054,0,0,0,11.0051,361,361,0,1,2.45175,2.45175,1830,367,0,1235,0,0,0,0,0,1337,1627.81,2.40137,3.52742,168488,8,29433,486,464433,32,117732,1944,32,4,644756,1319142,20632192,5276568,25908760,4,4,12,4,4,4,0,20,20,20260807,5,1,1,1,0,0,0,6485,0.270208,1,0.0015,0
2185,19326.2,6,0,2.16225,3.41442,0,0,0,5.57667,361,361,0,1,2.45175,2.45175,1830,367,0,1235,0,0,0,0,0,1337,1627.81,2.40137,3.52742,168488,8,29433,486,464433,32,117732,1944,32,4,644756,1319142,20632192,5276568,25908760,4,4,12,4,4,4,0,20,20,20260807,5,1,1,1,0,0,0,6485,0.270208,1,0.0015,0
2186,19337.3,11,0,2.351,8.59721,0,0,0,10.9482,361,361,0,1,2.45175,2.45175,1830,367,0,1235,0,0,0,0,0,1337,1627.81,2.40137,3.52742,168488,8,29433,486,464433,32,117732,1944,32,4,644756,1319142,20632192,5276568,25908760,4,4,12,4,4,4,0,20,20,20260807,5,1,1,1,0,0,0,6485,0.270208,1,0.0015,0
2187,19344.2,7,0,2.16504,4.66387,0,0,0,6.82892,361,361,0,1,2.45175,2.45175,1830,367,0,1235,0,0,0,0,0,1337,1627.81,2.40137,3.52742,168488,8,29433,486,464433,32,117732,1944,32,4,644756,1319142,20632192,5276568,25908760,4,4,12,4,4,4,0,20,20,20260807,5,1,1,1,0,0,0,6485,0.270208,1,0.0015,0
2188,19354.7,10,0,2.07558,8.40146,0,0,0,10.477,361,361,0,1,2.45175,2.45175,1830,367,0,1235,0,0,0,0,0,1337,1627.81,2.40137,3.52742,168488,8,29433,486,464433,32,117732,1944,32,4,644756,1319142,20632192,5276568,25908760,4,4,12,4,4,4,0,20,20,20260807,5,1,1,1,0,0,0,6486,0.27025,1,0.0015,1
2189,19360.3,6,0,2.26725,3.24704,0,0,0,5.51429,361,361,0,1,2.45175,2.45175,1830,367,0,1235,0,0,0,0,0,1337,1627.81,2.40137,3.52742,168488,8,29433,486,464433,32,117732,1944,32,4,644756,1319142,20632192,5276568,25908760,4,4,12,4,4,4,0,20,20,20260807,5,1,1,1,0,0,0,6486,0.27025,1,0.0015,0
2190,19371.2,11,0,2.34313,8.35458,0,0,0,10.6977,361,361,0,1,2.45175,2.45175,1830,367,0,1235,0,0,0,0,0,1337,1627.81,2.40137,3.52742,168488,8,29433,486,464433,32,117732,1944,32,4,644756,1319142,20632192,5276568,25908760,4,4,12,4,4,4,0,20,20,20260807,5,1,1,1,0,0,0,6486,0.27025,1,0.0015,0
2191,19376.4,5,0,2.1215,3.00421,0,0,0,5.12571,361,361,0,1,2.45175,2.45175,1830,367,0,1235,0,0,0,0,0,1337,1627.81,2.40137,3.52742,168488,8,29433,486,464433,32,117732,1944,32,4,644756,1319142,20632192,5276568,25908760,4,4,12,4,4,4,0,20,20,20260807,5,1,1,1,0,0,0,6486,0.27025,1,0.0015,0
2192,19387.6,11,0,2.3255,8.85212,0,0,0,11.1776,361,361,0,1,2.45175,2.45175,1830,367,0,1235,0,0,0,0,0,1337,1627.81,2.40137,3.52742,168488,8,29433,486,464433,32,117732,1944,32,4,644756,1319142,20632192,5276568,25908760,4,4,12,4,4,4,0,20,20,20260807,5,1,1,1,0,0,0,6486,0.27025,1,0.0015,0
2193,19392.9,6,0,2.18083,3.0045,0,0,0,5.18533,361,361,0,1,2.45175,2.45175,1830,367,0,1235,0,0,0,0,0,1337,1627.81,2.40137,3.52742,168488,8,29433,486,464433,32,117732,1944,32,4,644756,1319142,20632192,5276568,25908760,4,4,12,4,4,4,0,20,20,20260807,5,1,1,1,0,0,0,6486,0.27025,1,0.0015,0
2194,19404,11,0,2.33492,8.71562,0,0,0,11.0505,361,361,0,1,2.45175,2.45175,1830,367,0,1235,0,0,0,0,0,1337,1627.81,2.40137,3.52742,168488,8,29433,486,464433,32,117732,1944,32,4,644756,1319142,20632192,5276568,25908760,4,4,12,4,4,4,0,20,20,20260807,5,1,1,1,0,0,0,6487,0.270292,1,0.0015,1
2195,19409.4,5,0,2.20571,3.04537,0,0,0,5.25108,361,361,0,1,2.45175,2.45175,1830,367,0,1235,0,0,0,0,0,1337,1627.81,2.40137,3.52742,168488,8,29433,486,464433,32,117732,1944,32,4,644756,1319142,20632192,5276568,25908760,4,4,12,4,4,4,0,20,20,20260807,5,1,1,1,0,0,0,6487,0.270292,1,0.0015,0
2196,19423,14,0,2.44321,11.0768,0,0,0,13.52,361,361,0,1,2.45175,2.45175,1830,367,0,1235,0,0,0,0,0,1337,1627.81,2.40137,3.52742,168488,8,29433,486,464433,32,117732,1944,32,4,644756,1319142,20632192,5276568,25908760,4,4,12,4,4,4,0,20,20,20260807,5,1,1,1,0,0,0,6487,0.270292,1,0.0015,0
2197,19428.8,5,0,2.18075,3.56192,0,0,0,5.74267,361,361,0,1,2.45175,2.45175,1830,367,0,1235,0,0,0,0,0,1337,1627.81,2.40137,3.52742,168488,8,29433,486,464433,32,117732,1944,32,4,644756,1319142,20632192,5276568,25908760,4,4,12,4,4,4,0,20,20,20260807,5,1,1,1,0,0,0,6487,0.270292,1,0.0015,0
2198,19437.9,10,0,2.20146,6.76067,0,0,0,8.96213,361,361,0,1,2.45175,2.45175,1830,367,0,1235,0,0,0,0,0,1337,1627.81,2.40137,3.52742,168488,8,29433,486,464433,32,117732,1944,32,4,644756,1319142,20632192,5276568,25908760,4,4,12,4,4,4,0,20,20,20260807,5,1,1,1,0,0,0,6487,0.270292,1,0.0015,0
2199,19443.2,5,0,2.17483,3.09471,0,0,0,5.26954,361,361,0,1,2.45175,2.45175,1830,367,0,1235,0,0,0,0,0,1337,1627.81,2.40137,3.52742,168488,8,29433,486,464433,32,117732,1944,32,4,644756,1319142,20632192,5276568,25908760,4,4,12,4,4,4,0,20,20,20260807,5,1,1,1,0,0,0,6488,0.270333,1,0.0015,1
2200,19454.6,11,0,2.51404,8.79104,0,0,0,11.3051,361,361,0,1,2.45175,2.45175,1830,367,0,1235,0,0,0,0,0,1337,1627.81,2.40137,3.52742,168488,8,29433,486,464433,32,117732,1944,32,4,644756,1319142,20632192,5276568,25908760,4,4,12,4,4,4,0,20,20,20260807,5,1,1,1,0,0,0,6488,0.270333,1,0.0015,0
2201,19459.8,5,0,2.11163,3.00913,0,0,0,5.12075,361,361,0,1,2.45175,2.45175,1830,367,0,1235,0,0,0,0,0,1337,1627.81,2.40137,3.52742,168488,8,29433,486,464433,32,117732,1944,32,4,644756,1319142,20632192,5276568,25908760,4,4,12,4,4,4,0,20,20,20260807,5,1,1,1,0,0,0,6488,0.270333,1,0.0015,0
2202,19470.5,11,0,2.29688,8.36604,0,0,0,10.6629,361,361,0,1,2.45175,2.45175,1830,367,0,1235,0,0,0,0,0,1337,1627.81,2.40137,3.52742,168488,8,29433,486,464433,32,117732,1944,32,4,644756,1319142,20632192,5276568,25908760,4,4,12,4,4,4,0,20,20,20260807,5,1,1,1,0,0,0,6488,0.270333,1,0.0015,0
2203,19475.8,5,0,2.22029,2.94117,0,0,0,5.16146,361,361,0,1,2.45175,2.45175,1830,367,0,1235,0,0,0,0,0,1337,1627.81,2.40137,3.52742,168488,8,29433,486,464433,32,117732,1944,32,4,644756,1319142,20632192,5276568,25908760,4,4,12,4,4,4,0,20,20,20260807,5,1,1,1,0,0,0,6488,0.270333,1,0.0015,0
2204,19487.2,12,0,2.32233,9.06338,0,0,0,11.3857,361,361,0,1,2.45175,2.45175,1830,367,0,1235,0,0,0,0,0,1337,1627.81,2.40137,3.52742,168488,8,29433,486,464433,32,117732,1944,32,4,644756,1319142,20632192,5276568,25908760,4,4,12,4,4,4,0,20,20,20260807,5,1,1,1,0,0,0,6488,0.270333,1,0.0015,0
2205,19492.9,6,0,2.26846,3.36433,0,0,0,5.63279,361,361,0,1,2.45175,2.45175,1830,367,0,1235,0,0,0,0,0,1337,1627.81,2.40137,3.52742,168488,8,29433,486,464433,32,117732,1944,32,4,644756,1319142,20632192,5276568,25908760,4,4,12,4,4,4,0,20,20,20260807,5,1,1,1,0,0,0,6488,0.270333,1,0.0015,0
2206,19503.8,10,0,2.18679,8.57087,0,0,0,10.7577,361,361,0,1,2.45175,2.45175,1830,367,0,1235,0,0,0,0,0,1337,1627.81,2.40137,3.52742,168488,8,29433,486,464433,32,117732,1944,32,4,644756,1319142,20632192,5276568,25908760,4,4,12,4,4,4,0,20,20,20260807,5,1,1,1,0,0,0,6489,0.270375,1,0.0015,1
2207,19516,13,0,2.11425,10.0198,0,0,0,12.134,361,361,0,1,2.45175,2.45175,1830,367,0,1235,0,0,0,0,0,1337,1627.81,2.40137,3.52742,168488,8,29433,486,464433,32,117732,1944,32,4,644756,1319142,20632192,5276568,25908760,4,4,12,4,4,4,0,20,20,20260807,5,1,1,1,0,0,0,6489,0.270375,1,0.0015,0
2208,19521.2,5,0,2.01883,3.06229,0,0,0,5.08113,361,361,0,1,2.45175,2.45175,1830,367,0,1235,0,0,0,0,0,1337,1627.81,2.40137,3.52742,168488,8,29433,486,464433,32,117732,1944,32,4,644756,1319142,20632192,5276568,25908760,4,4,12,4,4,4,0,20,20,20260807,5,1,1,1,0,0,0,6489,0.270375,1,0.0015,0
2209,19526.4,5,0,2.19417,2.98692,0,0,0,5.18108,361,361,0,1,2.45175,2.45175,1830,367,0,1235,0,0,0,0,0,1337,1627.81,2.40137,3.52742,168488,8,29433,486,464433,32,117732,1944,32,4,644756,1319142,20632192,5276568,25908760,4,4,12,4,4,4,0,20,20,20260807,5,1,1,1,0,0,0,6489,0.270375,1,0.0015,0
2210,19537.9,12,0,2.47408,8.91458,0,0,0,11.3887,361,361,0,1,2.45175,2.45175,1830,367,0,1235,0,0,0,0,0,1337,1627.81,2.40137,3.52742,168488,8,29433,486,464433,32,117732,1944,32,4,644756,1319142,20632192,5276568,25908760,4,4,12,4,4,4,0,20,20,20260807,5,1,1,1,0,0,0,6489,0.270375,1,0.0015,0
2211,19543.4,5,0,2.19458,3.20308,0,0,0,5.39767,361,361,0,1,2.45175,2.45175,1830,367,0,1235,0,0,0,0,0,1337,1627.81,2.40137,3.52742,168488,8,29433,486,464433,32,117732,1944,32,4,644756,1319142,20632192,5276568,25908760,4,4,12,4,4,4,0,20,20,20260807,5,1,1,1,0,0,0,6490,0.270417,1,0.0015,1
2212,19554.1,11,0,2.29792,8.32067,0,0,0,10.6186,361,361,0,1,2.45175,2.45175,1830,367,0,1235,0,0,0,0,0,1337,1627.81,2.40137,3.52742,168488,8,29433,486,464433,32,117732,1944,32,4,644756,1319142,20632192,5276568,25908760,4,4,12,4,4,4,0,20,20,20260807,5,1,1,1,0,0,0,6490,0.270417,1,0.0015,0
2213,19560.8,6,0,2.09504,4.59392,0,0,0,6.68896,361,361,0,1,2.45175,2.45175,1830,367,0,1235,0,0,0,0,0,1337,1627.81,2.40137,3.52742,168488,8,29433,486,464433,32,117732,1944,32,4,644756,1319142,20632192,5276568,25908760,4,4,12,4,4,4,0,20,20,20260807,5,1,1,1,0,0,0,6490,0.270417,1,0.0015,0
2214,19570.7,10,0,2.16729,7.62196,0,0,0,9.78925,361,361,0,1,2.45175,2.45175,1830,367,0,1235,0,0,0,0,0,1337,1627.81,2.40137,3.52742,168488,8,29433,486,464433,32,117732,1944,32,4,644756,1319142,20632192,5276568,25908760,4,4,12,4,4,4,0,20,20,20260807,5,1,1,1,0,0,0,6490,0.270417,1,0.0015,0
2215,19576.2,6,0,2.18992,3.22517,0,0,0,5.41508,361,361,0,1,2.45175,2.45175,1830,367,0,1235,0,0,0,0,0,1337,1627.81,2.40137,3.52742,168488,8,29433,486,464433,32,117732,1944,32,4,644756,1319142,20632192,5276568,25908760,4,4,12,4,4,4,0,20,20,20260807,5,1,1,1,0,0,0,6490,0.270417,1,0.0015,0
2216,19587.3,11,0,2.109,8.92812,0,0,0,11.0371,361,361,0,1,2.45175,2.45175,1830,367,0,1235,0,0,0,0,0,1337,1627.81,2.40137,3.52742,168488,8,29433,486,464433,32,117732,1944,32,4,644756,1319142,20632192,5276568,25908760,4,4,12,4,4,4,0,20,20,20260807,5,1,1,1,0,0,0,6490,0.270417,1,0.0015,0
2217,19594.4,7,0,2.13858,4.8895,0,0,0,7.02808,361,361,0,1,2.45175,2.45175,1830,367,0,1235,0,0,0,0,0,1337,1627.81,2.40137,3.52742,168488,8,29433,486,464433,32,117732,1944,32,4,644756,1319142,20632192,5276568,25908760,4,4,12,4,4,4,0,20,20,20260807,5,1,1,1,0,0,0,6490,0.270417,1,0.0015,0
2218,19603.9,10,0,2.6885,6.71725,0,0,0,9.40575,361,361,0,1,2.45175,2.45175,1830,367,0,1235,0,0,0,0,0,1337,1627.81,2.40137,3.52742,168488,8,29433,486,464433,32,117732,1944,32,4,644756,1319142,20632192,5276568,25908760,4,4,12,4,4,4,0,20,20,20260807,5,1,1,1,0,0,0,6491,0.270458,1,0.0015,1
2219,19609.4,5,0,2.29921,3.15033,0,0,0,5.44954,361,361,0,1,2.45175,2.45175,1830,367,0,1235,0,0,0,0,0,1337,1627.81,2.40137,3.52742,168488,8,29433,486,464433,32,117732,1944,32,4,644756,1319142,20632192,5276568,25908760,4,4,12,4,4,4,0,20,20,20260807,5,1,1,1,0,0,0,6491,0.270458,1,0.0015,0
2220,19620.6,11,0,2.19862,8.87142,0,0,0,11.07,361,361,0,1,2.45175,2.45175,1830,367,0,1235,0,0,0,0,0,1337,1627.81,2.40137,3.52742,168488,8,29433,486,464433,32,117732,1944,32,4,644756,1319142,20632192,5276568,25908760,4,4,12,4,4,4,0,20,20,20260807,5,1,1,1,0,0,0,6491,0.270458,1,0.0015,0
2221,19627.5,7,0,2.10625,4.717,0,0,0,6.82325,361,361,0,1,2.45175,2.45175,1830,367,0,1235,0,0,0,0,0,1337,1627.81,2.40137,3.52742,168488,8,29433,486,464433,32,117732,1944,32,4,644756,1319142,20632192,5276568,25908760,4,4,12,4,4,4,0,20,20,20260807,5,1,1,1,0,0,0,6491,0.270458,1,0.0015,0
2222,19637.2,10,0,2.09075,7.53371,0,0,0,9.62446,361,361,0,1,2.45175,2.45175,1830,367,0,1235,0,0,0,0,0,1337,1627.81,2.40137,3.52742,168488,8,29433,486,464433,32,117732,1944,32,4,644756,1319142,20632192,5276568,25908760,4,4,12,4,4,4,0,20,20,20260807,5,1,1,1,0,0,0,6491,0.270458,1,0.0015,0
2223,19643.5,6,0,2.11329,4.07325,0,0,0,6.18654,361,361,0,1,2.45175,2.45175,1830,367,0,1235,0,0,0,0,0,1337,1627.81,2.40137,3.52742,168488,8,29433,486,464433,32,117732,1944,32,4,644756,1319142,20632192,5276568,25908760,4,4,12,4,4,4,0,20,20,20260807,5,1,1,1,0,0,0,6491,0.270458,1,0.0015,0
2224,19653.9,11,0,2.15733,8.09938,0,0,0,10.2567,361,361,0,1,2.45175,2.45175,1830,367,0,1235,0,0,0,0,0,1337,1627.81,2.40137,3.52742,168488,8,29433,486,464433,32,117732,1944,32,4,644756,1319142,20632192,5276568,25908760,4,4,12,4,4,4,0,20,20,20260807,5,1,1,1,0,0,0,6492,0.2705,1,0.0015,1
2225,19660.8,6,0,2.06592,4.74275,0,0,0,6.80867,361,361,0,1,2.45175,2.45175,1830,367,0,1235,0,0,0,0,0,1337,1627.81,2.40137,3.52742,168488,8,29433,486,464433,32,117732,1944,32,4,644756,1319142,20632192,5276568,25908760,4,4,12,4,4,4,0,20,20,20260807,5,1,1,1,0,0,0,6492,0.2705,1,0.0015,0
2226,19670.5,10,0,2.13458,7.56333,0,0,0,9.69792,361,361,0,1,2.45175,2.45175,1830,367,0,1235,0,0,0,0,0,1337,1627.81,2.40137,3.52742,168488,8,29433,486,464433,32,117732,1944,32,4,644756,1319142,20632192,5276568,25908760,4,4,12,4,4,4,0,20,20,20260807,5,1,1,1,0,0,0,6492,0.2705,1,0.0015,0
2227,19678.8,8,0,2.11267,6.12792,0,0,0,8.24058,361,361,0,1,2.45175,2.45175,1830,367,0,1235,0,0,0,0,0,1337,1627.81,2.40137,3.52742,168488,8,29433,486,464433,32,117732,1944,32,4,644756,1319142,20632192,5276568,25908760,4,4,12,4,4,4,0,20,20,20260807,5,1,1,1,0,0,0,6492,0.2705,1,0.0015,0
2228,19687.1,9,0,1.97704,6.24025,0,0,0,8.21729,361,361,0,1,2.45175,2.45175,1830,367,0,1235,0,0,0,0,0,1337,1627.81,2.40137,3.52742,168488,8,29433,486,464433,32,117732,1944,32,4,644756,1319142,20632192,5276568,25908760,4,4,12,4,4,4,0,20,20,20260807,5,1,1,1,0,0,0,6492,0.2705,1,0.0015,0
2229,19693.7,6,0,2.10058,4.41629,0,0,0,6.51687,361,361,0,1,2.45175,2.45175,1830,367,0,1235,0,0,0,0,0,1337,1627.81,2.40137,3.52742,168488,8,29433,486,464433,32,117732,1944,32,4,644756,1319142,20632192,5276568,25908760,4,4,12,4,4,4,0,20,20,20260807,5,1,1,1,0,0,0,6492,0.2705,1,0.0015,0
2230,19703.7,10,0,2.10742,7.80117,0,0,0,9.90858,361,361,0,1,2.45175,2.45175,1830,367,0,1235,0,0,0,0,0,1337,1627.81,2.40137,3.52742,168488,8,29433,486,464433,32,117732,1944,32,4,644756,1319142,20632192,5276568,25908760,4,4,12,4,4,4,0,20,20,20260807,5,1,1,1,0,0,0,6493,0.270542,1,0.0015,1
2231,19709.5,6,0,2.02567,3.68162,0,0,0,5.70729,361,361,0,1,2.45175,2.45175,1830,367,0,1235,0,0,0,0,0,1337,1627.81,2.40137,3.52742,168488,8,29433,486,464433,32,117732,1944,32,4,644756,1319142,20632192,5276568,25908760,4,4,12,4,4,4,0,20,20,20260807,5,1,1,1,0,0,0,6493,0.270542,1,0.0015,0
2232,19720.6,11,0,2.74133,8.29721,0,0,0,11.0385,361,361,0,1,2.45175,2.45175,1830,367,0,1235,0,0,0,0,0,1337,1627.81,2.40137,3.52742,168488,8,29433,486,464433,32,117732,1944,32,4,644756,1319142,20632192,5276568,25908760,4,4,12,4,4,4,0,20,20,20260807,5,1,1,1,0,0,0,6493,0.270542,1,0.0015,0
2233,19727.7,7,0,2.08417,4.95225,0,0,0,7.03642,361,361,0,1,2.45175,2.45175,1830,367,0,1235,0,0,0,0,0,1337,1627.81,2.40137,3.52742,168488,8,29433,486,464433,32,117732,1944,32,4,644756,1319142,20632192,5276568,25908760,4,4,12,4,4,4,0,20,20,20260807,5,1,1,1,0,0,0,6493,0.270542,1,0.0015,0
2234,19738.1,11,0,2.11854,8.19629,0,0,0,10.3148,361,361,0,1,2.45175,2.45175,1830,367,0,1235,0,0,0,0,0,1337,1627.81,2.40137,3.52742,168488,8,29433,486,464433,32,117732,1944,32,4,644756,1319142,20632192,5276568,25908760,4,4,12,4,4,4,0,20,20,20260807,5,1,1,1,0,0,0,6493,0.270542,1,0.0015,0
2235,19743.3,5,0,2.17062,2.89417,0,0,0,5.06479,361,361,0,1,2.45175,2.45175,1830,367,0,1235,0,0,0,0,0,1337,1627.81,2.40137,3.52742,168488,8,29433,486,464433,32,117732,1944,32,4,644756,1319142,20632192,5276568,25908760,4,4,12,4,4,4,0,20,20,20260807,5,1,1,1,0,0,0,6494,0.270583,1,0.0015,1
2236,19753.9,11,0,2.54071,7.99725,0,0,0,10.538,361,361,0,1,2.45175,2.45175,1830,367,0,1235,0,0,0,0,0,1337,1627.81,2.40137,3.52742,168488,8,29433,486,464433,32,117732,1944,32,4,644756,1319142,20632192,5276568,25908760,4,4,12,4,4,4,0,20,20,20260807,5,1,1,1,0,0,0,6494,0.270583,1,0.0015,0
2237,19760.7,6,0,2.00554,4.71029,0,0,0,6.71583,361,361,0,1,2.45175,2.45175,1830,367,0,1235,0,0,0,0,0,1337,1627.81,2.40137,3.52742,168488,8,29433,486,464433,32,117732,1944,32,4,644756,1319142,20632192,5276568,25908760,4,4,12,4,4,4,0,20,20,20260807,5,1,1,1,0,0,0,6494,0.270583,1,0.0015,0
2238,19770.4,10,0,2.11967,7.55229,0,0,0,9.67196,361,361,0,1,2.45175,2.45175,1830,367,0,1235,0,0,0,0,0,1337,1627.81,2.40137,3.52742,168488,8,29433,486,464433,32,117732,1944,32,4,644756,1319142,20632192,5276568,25908760,4,4,12,4,4,4,0,20,20,20260807,5,1,1,1,0,0,0,6494,0.270583,1,0.0015,0
2239,19776.3,6,0,2.07133,3.73029,0,0,0,5.80162,361,361,0,1,2.45175,2.45175,1830,367,0,1235,0,0,0,0,0,1337,1627.81,2.40137,3.52742,168488,8,29433,486,464433,32,117732,1944,32,4,644756,1319142,20632192,5276568,25908760,4,4,12,4,4,4,0,20,20,20260807,5,1,1,1,0,0,0,6494,0.270583,1,0.0015,0
2240,19787.2,11,0,2.53829,8.24779,0,0,0,10.7861,361,361,0,1,2.45175,2.45175,1830,367,0,1235,0,0,0,0,0,1337,1627.81,2.40137,3.52742,168488,8,29433,486,464433,32,117732,1944,32,4,644756,1319142,20632192,5276568,25908760,4,4,12,4,4,4,0,20,20,20260807,5,1,1,1,0,0,0,6494,0.270583,1,0.0015,0
2241,19793.8,7,0,2.00963,4.58033,0,0,0,6.58996,361,361,0,1,2.45175,2.45175,1830,367,0,1235,0,0,0,0,0,1337,1627.81,2.40137,3.52742,168488,8,29433,486,464433,32,117732,1944,32,4,644756,1319142,20632192,5276568,25908760,4,4,12,4,4,4,0,20,20,20260807,5,1,1,1,0,0,0,6494,0.270583,1,0.0015,0
2242,19803.8,9,0,2.14229,7.72396,0,0,0,9.86625,361,361,0,1,2.45175,2.45175,1830,367,0,1235,0,0,0,0,0,1337,1627.81,2.40137,3.52742,168488,8,29433,486,464433,32,117732,1944,32,4,644756,1319142,20632192,5276568,25908760,4,4,12,4,4,4,0,20,20,20260807,5,1,1,1,0,0,0,6495,0.270625,1,0.0015,1
2243,19809.8,7,0,2.04783,3.92783,0,0,0,5.97567,361,361,0,1,2.45175,2.45175,1830,367,0,1235,0,0,0,0,0,1337,1627.81,2.40137,3.52742,168488,8,29433,486,464433,32,117732,1944,32,4,644756,1319142,20632192,5276568,25908760,4,4,12,4,4,4,0,20,20,20260807,5,1,1,1,0,0,0,6495,0.270625,1,0.0015,0
2244,19820.5,10,0,2.20717,8.41842,0,0,0,10.6256,361,361,0,1,2.45175,2.45175,1830,367,0,1235,0,0,0,0,0,1337,1627.81,2.40137,3.52742,168488,8,29433,486,464433,32,117732,1944,32,4,644756,1319142,20632192,5276568,25908760,4,4,12,4,4,4,0,20,20,20260807,5,1,1,1,0,0,0,6495,0.270625,1,0.0015,0
2245,19828.9,9,0,2.04708,6.26337,0,0,0,8.31046,361,361,0,1,2.45175,2.45175,1830,367,0,1235,0,0,0,0,0,1337,1627.81,2.40137,3.52742,168488,8,29433,486,464433,32,117732,1944,32,4,644756,1319142,20632192,5276568,25908760,4,4,12,4,4,4,0,20,20,20260807,5,1,1,1,0,0,0,6495,0.270625,1,0.0015,0
2246,19837.2,8,0,2.07004,6.13321,0,0,0,8.20325,361,361,0,1,2.45175,2.45175,1830,367,0,1235,0,0,0,0,0,1337,1627.81,2.40137,3.52742,168488,8,29433,486,464433,32,117732,1944,32,4,644756,1319142,20632192,5276568,25908760,4,4,12,4,4,4,0,20,20,20260807,5,1,1,1,0,0,0,6495,0.270625,1,0.0015,0
2247,19843.4,6,0,2.08292,4.03408,0,0,0,6.117,361,361,0,1,2.45175,2.45175,1830,367,0,1235,0,0,0,0,0,1337,1627.81,2.40137,3.52742,168488,8,29433,486,464433,32,117732,1944,32,4,644756,1319142,20632192,5276568,25908760,4,4,12,4,4,4,0,20,20,20260807,5,1,1,1,0,0,0,6495,0.270625,1,0.0015,0
2248,19853.8,10,0,2.26825,8.05533,0,0,0,10.3236,361,361,0,1,2.45175,2.45175,1830,367,0,1235,0,0,0,0,0,1337,1627.81,2.40137,3.52742,168488,8,29433,486,464433,32,117732,1944,32,4,644756,1319142,20632192,5276568,25908760,4,4,12,4,4,4,0,20,20,20260807,5,1,1,1,0,0,0,6496,0.270667,1,0.0015,1
2249,19860.4,7,0,2.08304,4.42475,0,0,0,6.50779,361,361,0,1,2.45175,2.45175,1830,367,0,1235,0,0,0,0,0,1337,1627.81,2.40137,3.52742,168488,8,29433,486,464433,32,117732,1944,32,4,644756,1319142,20632192,5276568,25908760,4,4,12,4,4,4,0,20,20,20260807,5,1,1,1,0,0,0,6496,0.270667,1,0.0015,0
2250,19870.5,10,0,2.20792,7.75017,0,0,0,9.95808,361,361,0,1,2.45175,2.45175,1830,367,0,1235,0,0,0,0,0,1337,1627.81,2.40137,3.52742,168488,8,29433,486,464433,32,117732,1944,32,4,644756,1319142,20632192,5276568,25908760,4,4,12,4,4,4,0,20,20,20260807,5,1,1,1,0,0,0,6496,0.270667,1,0.0015,0
2251,19876.4,6,0,2.11575,3.75742,0,0,0,5.87317,361,361,0,1,2.45175,2.45175,1830,367,0,1235,0,0,0,0,0,1337,1627.81,2.40137,3.52742,168488,8,29433,486,464433,32,117732,1944,32,4,644756,1319142,20632192,5276568,25908760,4,4,12,4,4,4,0,20,20,20260807,5,1,1,1,0,0,0,6496,0.270667,1,0.0015,0
2252,19887.1,11,0,2.44242,8.17675,0,0,0,10.6192,361,361,0,1,2.45175,2.45175,1830,367,0,1235,0,0,0,0,0,1337,1627.81,2.40137,3.52742,168488,8,29433,486,464433,32,117732,1944,32,4,644756,1319142,20632192,5276568,25908760,4,4,12,4,4,4,0,20,20,20260807,5,1,1,1,0,0,0,6496,0.270667,1,0.0015,0
2253,19894.1,7,0,2.06583,4.82075,0,0,0,6.88658,361,361,0,1,2.45175,2.45175,1830,367,0,1235,0,0,0,0,0,1337,1627.81,2.40137,3.52742,168488,8,29433,486,464433,32,117732,1944,32,4,644756,1319142,20632192,5276568,25908760,4,4,12,4,4,4,0,20,20,20260807,5,1,1,1,0,0,0,6496,0.270667,1,0.0015,0
2254,19903.8,10,0,2.14017,7.53021,0,0,0,9.67037,361,361,0,1,2.45175,2.45175,1830,367,0,1235,0,0,0,0,0,1337,1627.81,2.40137,3.52742,168488,8,29433,486,464433,32,117732,1944,32,4,644756,1319142,20632192,5276568,25908760,4,4,12,4,4,4,0,20,20,20260807,5,1,1,1,0,0,0,6497,0.270708,1,0.0015,1
2255,19909.9,6,0,2.07296,3.89367,0,0,0,5.96662,361,361,0,1,2.45175,2.45175,1830,367,0,1235,0,0,0,0,0,1337,1627.81,2.40137,3.52742,168488,8,29433,486,464433,32,117732,1944,32,4,644756,1319142,20632192,5276568,25908760,4,4,12,4,4,4,0,20,20,20260807,5,1,1,1,0,0,0,6497,0.270708,1,0.0015,0
2256,19920.5,10,0,2.35787,8.187,0,0,0,10.5449,361,361,0,1,2.45175,2.45175,1830,367,0,1235,0,0,0,0,0,1337,1627.81,2.40137,3.52742,168488,8,29433,486,464433,32,117732,1944,32,4,644756,1319142,20632192,5276568,25908760,4,4,12,4,4,4,0,20,20,20260807,5,1,1,1,0,0,0,6497,0.270708,1,0.0015,0
2257,19927.4,7,0,2.07012,4.71233,0,0,0,6.78246,361,361,0,1,2.45175,2.45175,1830,367,0,1235,0,0,0,0,0,1337,1627.81,2.40137,3.52742,168488,8,29433,486,464433,32,117732,1944,32,4,644756,1319142,20632192,5276568,25908760,4,4,12,4,4,4,0,20,20,20260807,5,1,1,1,0,0,0,6497,0.270708,1,0.0015,0
2258,19937.2,10,0,2.18433,7.51967,0,0,0,9.704,361,361,0,1,2.45175,2.45175,1830,367,0,1235,0,0,0,0,0,1337,1627.81,2.40137,3.52742,168488,8,29433,486,464433,32,117732,1944,32,4,644756,1319142,20632192,5276568,25908760,4,4,12,4,4,4,0,20,20,20260807,5,1,1,1,0,0,0,6497,0.270708,1,0.0015,0
2259,19943,6,0,2.07146,3.732,0,0,0,5.80346,361,361,0,1,2.45175,2.45175,1830,367,0,1235,0,0,0,0,0,1337,1627.81,2.40137,3.52742,168488,8,29433,486,464433,32,117732,1944,32,4,644756,1319142,20632192,5276568,25908760,4,4,12,4,4,4,0,20,20,20260807,5,1,1,1,0,0,0,6497,0.270708,1,0.0015,0
2260,19953.8,10,0,2.34571,8.37992,0,0,0,10.7256,361,361,0,1,2.45175,2.45175,1830,367,0,1235,0,0,0,0,0,1337,1627.81,2.40137,3.52742,168488,8,29433,486,464433,32,117732,1944,32,4,644756,1319142,20632192,5276568,25908760,4,4,12,4,4,4,0,20,20,20260807,5,1,1,1,0,0,0,6498,0.27075,1,0.0015,1
2261,19960.5,7,0,2.05325,4.49913,0,0,0,6.55237,361,361,0,1,2.45175,2.45175,1830,367,0,1235,0,0,0,0,0,1337,1627.81,2.40137,3.52742,168488,8,29433,486,464433,32,117732,1944,32,4,644756,1319142,20632192,5276568,25908760,4,4,12,4,4,4,0,20,20,20260807,5,1,1,1,0,0,0,6498,0.27075,1,0.0015,0
2262,19970.5,10,0,2.23558,7.75133,0,0,0,9.98692,361,361,0,1,2.45175,2.45175,1830,367,0,1235,0,0,0,0,0,1337,1627.81,2.40137,3.52742,168488,8,29433,486,464433,32,117732,1944,32,4,644756,1319142,20632192,5276568,25908760,4,4,12,4,4,4,0,20,20,20260807,5,1,1,1,0,0,0,6498,0.27075,1,0.0015,0
2263,19976.7,6,0,2.12296,3.93117,0,0,0,6.05412,361,361,0,1,2.45175,2.45175,1830,367,0,1235,0,0,0,0,0,1337,1627.81,2.40137,3.52742,168488,8,29433,486,464433,32,117732,1944,32,4,644756,1319142,20632192,5276568,25908760,4,4,12,4,4,4,0,20,20,20260807,5,1,1,1,0,0,0,6498,0.27075,1,0.0015,0
2264,19987.3,11,0,2.07154,7.15137,0,0,0,9.22292,361,361,0,1,2.45175,2.45175,1830,367,0,1235,0,0,0,0,0,1337,1627.81,2.40137,3.52742,168488,8,29433,486,464433,32,117732,1944,32,4,644756,1319142,20632192,5276568,25908760,4,4,12,4,4,4,0,20,20,20260807,5,1,1,1,0,0,0,6498,0.27075,1,0.0015,0
2265,19993.6,6,0,2.07417,4.20654,0,0,0,6.28071,361,361,0,1,2.45175,2.45175,1830,367,0,1235,0,0,0,0,0,1337,1627.81,2.40137,3.52742,168488,8,29433,486,464433,32,117732,1944,32,4,644756,1319142,20632192,5276568,25908760,4,4,12,4,4,4,0,20,20,20260807,5,1,1,1,0,0,0,6498,0.27075,1,0.0015,0
2266,20003.9,11,0,2.27729,7.85225,0,0,0,10.1295,361,361,0,1,2.45175,2.45175,1830,367,0,1235,0,0,0,0,0,1337,1627.81,2.40137,3.52742,168488,8,29433,486,464433,32,117732,1944,32,4,644756,1319142,20632192,5276568,25908760,4,4,12,4,4,4,0,20,20,20260807,5,1,1,1,0,0,0,6499,0.270792,1,0.0015,1
2267,20009.8,5,0,2.10738,3.73258,0,0,0,5.83996,361,361,0,1,2.45175,2.45175,1830,367,0,1235,0,0,0,0,0,1337,1627.81,2.40137,3.52742,168488,8,29433,486,464433,32,117732,1944,32,4,644756,1319142,20632192,5276568,25908760,4,4,12,4,4,4,0,20,20,20260807,5,1,1,1,0,0,0,6499,0.270792,1,0.0015,0
2268,20027.6,18,0,2.85533,14.9199,0,0,0,17.7752,361,361,0,1,2.45175,2.45175,1830,367,0,1235,0,0,0,0,0,1337,1627.81,2.40137,3.52742,168488,8,29433,486,464433,32,117732,1944,32,4,644756,1319142,20632192,5276568,25908760,4,4,12,4,4,4,0,20,20,20260807,5,1,1,1,0,0,0,6499,0.270792,1,0.0015,0
2269,20037.2,9,0,2.09212,7.35746,0,0,0,9.44958,361,361,0,1,2.45175,2.45175,1830,367,0,1235,0,0,0,0,0,1337,1627.81,2.40137,3.52742,168488,8,29433,486,464433,32,117732,1944,32,4,644756,1319142,20632192,5276568,25908760,4,4,12,4,4,4,0,20,20,20260807,5,1,1,1,0,0,0,6499,0.270792,1,0.0015,0
2270,20043.3,6,0,2.12754,3.95046,0,0,0,6.078,361,361,0,1,2.45175,2.45175,1830,367,0,1235,0,0,0,0,0,1337,1627.81,2.40137,3.52742,168488,8,29433,486,464433,32,117732,1944,32,4,644756,1319142,20632192,5276568,25908760,4,4,12,4,4,4,0,20,20,20260807,5,1,1,1,0,0,0,6499,0.270792,1,0.0015,0
2271,20054,11,0,2.30946,8.24837,0,0,0,10.5578,361,361,0,1,2.45175,2.45175,1830,367,0,1235,0,0,0,0,0,1337,1627.81,2.40137,3.52742,168488,8,29433,486,464433,32,117732,1944,32,4,644756,1319142,20632192,5276568,25908760,4,4,12,4,4,4,0,20,20,20260807,5,1,1,1,0,0,0,6500,0.270833,1,0.0015,1
2272,20063.1,9,0,2.04483,7.01542,0,0,0,9.06025,361,361,0,1,2.45175,2.45175,1830,367,0,1235,0,0,0,0,0,1337,1627.81,2.40137,3.52742,168488,8,29433,486,464433,32,117732,1944,32,4,644756,1319142,20632192,5276568,25908760,4,4,12,4,4,4,0,20,20,20260807,5,1,1,1,0,0,0,6500,0.270833,1,0.0015,0
2273,20070.5,7,0,2.06379,5.29279,0,0,0,7.35658,361,361,0,1,2.45175,2.45175,1830,367,0,1235,0,0,0,0,0,1337,1627.81,2.40137,3.52742,168488,8,29433,486,464433,32,117732,1944,32,4,644756,1319142,20632192,5276568,25908760,4,4,12,4,4,4,0,20,20,20260807,5,1,1,1,0,0,0,6500,0.270833,1,0.0015,0
2274,20076.1,6,0,2.09933,3.3475,0,0,0,5.44683,361,361,0,1,2.45175,2.45175,1830,367,0,1235,0,0,0,0,0,1337,1627.81,2.40137,3.52742,168488,8,29433,486,464433,32,117732,1944,32,4,644756,1319142,20632192,5276568,25908760,4,4,12,4,4,4,0,20,20,20260807,5,1,1,1,0,0,0,6500,0.270833,1,0.0015,0
2275,20087.3,11,0,2.32575,8.85525,0,0,0,11.181,361,361,0,1,2.45175,2.45175,1830,367,0,1235,0,0,0,0,0,1337,1627.81,2.40137,3.52742,168488,8,29433,486,464433,32,117732,1944,32,4,644756,1319142,20632192,5276568,25908760,4,4,12,4,4,4,0,20,20,20260807,5,1,1,1,0,0,0,6500,0.270833,1,0.0015,0
2276,20094.1,7,0,2.09967,4.57812,0,0,0,6.67779,361,361,0,1,2.45175,2.45175,1830,367,0,1235,0,0,0,0,0,1337,1627.81,2.40137,3.52742,168488,8,29433,486,464433,32,117732,1944,32,4,644756,1319142,20632192,5276568,25908760,4,4,12,4,4,4,0,20,20,20260807,5,1,1,1,0,0,0,6500,0.270833,1,0.0015,0
2277,20103.9,10,0,2.11608,7.63387,0,0,0,9.74996,361,361,0,1,2.45175,2.45175,1830,367,0,1235,0,0,0,0,0,1337,1627.81,2.40137,3.52742,168488,8,29433,486,464433,32,117732,1944,32,4,644756,1319142,20632192,5276568,25908760,4,4,12,4,4,4,0,20,20,20260807,5,1,1,1,0,0,0,6501,0.270875,1,0.0015,1
2278,20109.3,5,0,2.13354,3.226,0,0,0,5.35954,361,361,0,1,2.45175,2.45175,1830,367,0,1235,0,0,0,0,0,1337,1627.81,2.40137,3.52742,168488,8,29433,486,464433,32,117732,1944,32,4,644756,1319142,20632192,5276568,25908760,4,4,12,4,4,4,0,20,20,20260807,5,1,1,1,0,0,0,6501,0.270875,1,0.0015,0
2279,20120.6,11,0,2.94375,8.27608,0,0,0,11.2198,361,361,0,1,2.45175,2.45175,1830,367,0,1235,0,0,0,0,0,1337,1627.81,2.40137,3.52742,168488,8,29433,486,464433,32,117732,1944,32,4,644756,1319142,20632192,5276568,25908760,4,4,12,4,4,4,0,20,20,20260807,5,1,1,1,0,0,0,6501,0.270875,1,0.0015,0
2280,20127.3,7,0,2.03213,4.57733,0,0,0,6.60946,361,361,0,1,2.45175,2.45175,1830,367,0,1235,0,0,0,0,0,1337,1627.81,2.40137,3.52742,168488,8,29433,486,464433,32,117732,1944,32,4,644756,1319142,20632192,5276568,25908760,4,4,12,4,4,4,0,20,20,20260807,5,1,1,1,0,0,0,6501,0.270875,1,0.0015,0
2281,20141,14,0,2.23212,11.3315,0,0,0,13.5636,361,361,0,1,2.45175,2.45175,1830,367,0,1235,0,0,0,0,0,1337,1627.81,2.40137,3.52742,168488,8,29433,486,464433,32,117732,1944,32,4,644756,1319142,20632192,5276568,25908760,4,4,12,4,4,4,0,20,20,20260807,5,1,1,1,0,0,0,6501,0.270875,1,0.0015,0
2282,20146.4,5,0,2.16971,3.13529,0,0,0,5.305,361,361,0,1,2.45175,2.45175,1830,367,0,1235,0,0,0,0,0,1337,1627.81,2.40137,3.52742,168488,8,29433,486,464433,32,117732,1944,32,4,644756,1319142,20632192,5276568,25908760,4,4,12,4,4,4,0,20,20,20260807,5,1,1,1,0,0,0,6502,0.270917,1,0.0015,1
2283,20153.9,8,0,2.31675,5.10004,0,0,0,7.41679,361,361,0,1,2.45175,2.45175,1830,367,0,1235,0,0,0,0,0,1337,1627.81,2.40137,3.52742,168488,8,29433,486,464433,32,117732,1944,32,4,644756,1319142,20632192,5276568,25908760,4,4,12,4,4,4,0,20,20,20260807,5,1,1,1,0,0,0,6502,0.270917,1,0.0015,0
2284,20161.2,7,0,2.07642,5.14804,0,0,0,7.22446,361,361,0,1,2.45175,2.45175,1830,367,0,1235,0,0,0,0,0,1337,1627.81,2.40137,3.52742,168488,8,29433,486,464433,32,117732,1944,32,4,644756,1319142,20632192,5276568,25908760,4,4,12,4,4,4,0,20,20,20260807,5,1,1,1,0,0,0,6502,0.270917,1,0.0015,0
2285,20170.7,9,0,2.06671,7.37817,0,0,0,9.44487,361,361,0,1,2.45175,2.45175,1830,367,0,1235,0,0,0,0,0,1337,1627.81,2.40137,3.52742,168488,8,29433,486,464433,32,117732,1944,32,4,644756,1319142,20632192,5276568,25908760,4,4,12,4,4,4,0,20,20,20260807,5,1,1,1,0,0,0,6502,0.270917,1,0.0015,0
2286,20176.6,6,0,2.16758,3.64967,0,0,0,5.81725,361,361,0,1,2.45175,2.45175,1830,367,0,1235,0,0,0,0,0,1337,1627.81,2.40137,3.52742,168488,8,29433,486,464433,32,117732,1944,32,4,644756,1319142,20632192,5276568,25908760,4,4,12,4,4,4,0,20,20,20260807,5,1,1,1,0,0,0,6502,0.270917,1,0.0015,0
2287,20187.3,11,0,2.34163,8.31396,0,0,0,10.6556,361,361,0,1,2.45175,2.45175,1830,367,0,1235,0,0,0,0,0,1337,1627.81,2.40137,3.52742,168488,8,29433,486,464433,32,117732,1944,32,4,644756,1319142,20632192,5276568,25908760,4,4,12,4,4,4,0,20,20,20260807,5,1,1,1,0,0,0,6502,0.270917,1,0.0015,0
2288,20194.1,7,0,2.12154,4.58408,0,0,0,6.70563,361,361,0,1,2.45175,2.45175,1830,367,0,1235,0,0,0,0,0,1337,1627.81,2.40137,3.52742,168488,8,29433,486,464433,32,117732,1944,32,4,644756,1319142,20632192,5276568,25908760,4,4,12,4,4,4,0,20,20,20260807,5,1,1,1,0,0,0,6502,0.270917,1,0.0015,0
2289,20203.8,9,0,2.068,7.55633,0,0,0,9.62433,361,361,0,1,2.45175,2.45175,1830,367,0,1235,0,0,0,0,0,1337,1627.81,2.40137,3.52742,168488,8,29433,486,464433,32,117732,1944,32,4,644756,1319142,20632192,5276568,25908760,4,4,12,4,4,4,0,20,20,20260807,5,1,1,1,0,0,0,6503,0.270958,1,0.0015,1
2290,20209.9,7,0,2.19846,3.80888,0,0,0,6.00733,361,361,0,1,2.45175,2.45175,1830,367,0,1235,0,0,0,0,0,1337,1627.81,2.40137,3.52742,168488,8,29433,486,464433,32,117732,1944,32,4,644756,1319142,20632192,5276568,25908760,4,4,12,4,4,4,0,20,20,20260807,5,1,1,1,0,0,0,6503,0.270958,1,0.0015,0
2291,20220.7,10,0,2.36404,8.34442,0,0,0,10.7085,361,361,0,1,2.45175,2.45175,1830,367,0,1235,0,0,0,0,0,1337,1627.81,2.40137,3.52742,168488,8,29433,486,464433,32,117732,1944,32,4,644756,1319142,20632192,5276568,25908760,4,4,12,4,4,4,0,20,20,20260807,5,1,1,1,0,0,0,6503,0.270958,1,0.0015,0
2292,20228.1,8,0,2.05892,5.24779,0,0,0,7.30671,361,361,0,1,2.45175,2.45175,1830,367,0,1235,0,0,0,0,0,1337,1627.81,2.40137,3.52742,168488,8,29433,486,464433,32,117732,1944,32,4,644756,1319142,20632192,5276568,25908760,4,4,12,4,4,4,0,20,20,20260807,5,1,1,1,0,0,0,6503,0.270958,1,0.0015,0
2293,20237.3,9,0,2.08379,7.05229,0,0,0,9.13608,361,361,0,1,2.45175,2.45175,1830,367,0,1235,0,0,0,0,0,1337,1627.81,2.40137,3.52742,168488,8,29433,486,464433,32,117732,1944,32,4,644756,1319142,20632192,5276568,25908760,4,4,12,4,4,4,0,20,20,20260807,5,1,1,1,0,0,0,6503,0.270958,1,0.0015,0
2294,20242.9,6,0,2.02254,3.53271,0,0,0,5.55525,361,361,0,1,2.45175,2.45175,1830,367,0,1235,0,0,0,0,0,1337,1627.81,2.40137,3.52742,168488,8,29433,486,464433,32,117732,1944,32,4,644756,1319142,20632192,5276568,25908760,4,4,12,4,4,4,0,20,20,20260807,5,1,1,1,0,0,0,6503,0.270958,1,0.0015,0
2295,20253.8,10,0,2.306,8.51163,0,0,0,10.8176,361,361,0,1,2.45175,2.45175,1830,367,0,1235,0,0,0,0,0,1337,1627.81,2.40137,3.52742,168488,8,29433,486,464433,32,117732,1944,32,4,644756,1319142,20632192,5276568,25908760,4,4,12,4,4,4,0,20,20,20260807,5,1,1,1,0,0,0,6504,0.271,1,0.0015,1
2296,20262.1,9,0,2.056,6.18604,0,0,0,8.24204,361,361,0,1,2.45175,2.45175,1830,367,0,1235,0,0,0,0,0,1337,1627.81,2.40137,3.52742,168488,8,29433,486,464433,32,117732,1944,32,4,644756,1319142,20632192,5276568,25908760,4,4,12,4,4,4,0,20,20,20260807,5,1,1,1,0,0,0,6504,0.271,1,0.0015,0
2297,20270.6,8,0,2.08225,6.32421,0,0,0,8.40646,361,361,0,1,2.45175,2.45175,1830,367,0,1235,0,0,0,0,0,1337,1627.81,2.40137,3.52742,168488,8,29433,486,464433,32,117732,1944,32,4,644756,1319142,20632192,5276568,25908760,4,4,12,4,4,4,0,20,20,20260807,5,1,1,1,0,0,0,6504,0.271,1,0.0015,0
2298,20276.2,6,0,2.11967,3.33067,0,0,0,5.45033,361,361,0,1,2.45175,2.45175,1830,367,0,1235,0,0,0,0,0,1337,1627.81,2.40137,3.52742,168488,8,29433,486,464433,32,117732,1944,32,4,644756,1319142,20632192,5276568,25908760,4,4,12,4,4,4,0,20,20,20260807,5,1,1,1,0,0,0,6504,0.271,1,0.0015,0
2299,20287.3,12,0,2.81033,8.23129,0,0,0,11.0416,361,361,0,1,2.45175,2.45175,1830,367,0,1235,0,0,0,0,0,1337,1627.81,2.40137,3.52742,168488,8,29433,486,464433,32,117732,1944,32,4,644756,1319142,20632192,5276568,25908760,4,4,12,4,4,4,0,20,20,20260807,5,1,1,1,0,0,0,6504,0.271,1,0.0015,0
2300,20294.3,7,0,2.05708,4.92267,0,0,0,6.97975,361,361,0,1,2.45175,2.45175,1830,367,0,1235,0,0,0,0,0,1337,1627.81,2.40137,3.52742,168488,8,29433,486,464433,32,117732,1944,32,4,644756,1319142,20632192,5276568,25908760,4,4,12,4,4,4,0,20,20,20260807,5,1,1,1,0,0,0,6504,0.271,1,0.0015,0
2301,20304,10,0,2.17083,7.45171,0,0,0,9.62254,361,361,0,1,2.45175,2.45175,1830,367,0,1235,0,0,0,0,0,1337,1627.81,2.40137,3.52742,168488,8,29433,486,464433,32,117732,1944,32,4,644756,1319142,20632192,5276568,25908760,4,4,12,4,4,4,0,20,20,20260807,5,1,1,1,0,0,0,6505,0.271042,1,0.0015,1
2302,20309.8,5,0,2.04608,3.64571,0,0,0,5.69179,361,361,0,1,2.45175,2.45175,1830,367,0,1235,0,0,0,0,0,1337,1627.81,2.40137,3.52742,168488,8,29433,486,464433,32,117732,1944,32,4,644756,1319142,20632192,5276568,25908760,4,4,12,4,4,4,0,20,20,20260807,5,1,1,1,0,0,0,6505,0.271042,1,0.0015,0
2303,20320.6,11,0,2.214,8.547,0,0,0,10.761,361,361,0,1,2.45175,2.45175,1830,367,0,1235,0,0,0,0,0,1337,1627.81,2.40137,3.52742,168488,8,29433,486,464433,32,117732,1944,32,4,644756,1319142,20632192,5276568,25908760,4,4,12,4,4,4,0,20,20,20260807,5,1,1,1,0,0,0,6505,0.271042,1,0.0015,0
2304,20327.1,7,0,2.05063,4.30954,0,0,0,6.36017,361,361,0,1,2.45175,2.45175,1830,367,0,1235,0,0,0,0,0,1337,1627.81,2.40137,3.52742,168488,8,29433,486,464433,32,117732,1944,32,4,644756,1319142,20632192,5276568,25908760,4,4,12,4,4,4,0,20,20,20260807,5,1,1,1,0,0,0,6505,0.271042,1,0.0015,0
2305,20337.2,10,0,2.14246,7.9295,0,0,0,10.072,361,361,0,1,2.45175,2.45175,1830,367,0,1235,0,0,0,0,0,1337,1627.81,2.40137,3.52742,168488,8,29433,486,464433,32,117732,1944,32,4,644756,1319142,20632192,5276568,25908760,4,4,12,4,4,4,0,20,20,20260807,5,1,1,1,0,0,0,6505,0.271042,1,0.0015,0
2306,20343.1,6,0,2.08967,3.76871,0,0,0,5.85837,361,361,0,1,2.45175,2.45175,1830,367,0,1235,0,0,0,0,0,1337,1627.81,2.40137,3.52742,168488,8,29433,486,464433,32,117732,1944,32,4,644756,1319142,20632192,5276568,25908760,4,4,12,4,4,4,0,20,20,20260807,5,1,1,1,0,0,0,6505,0.271042,1,0.0015,0
2307,20353.8,11,0,2.39346,8.21625,0,0,0,10.6097,361,361,0,1,2.45175,2.45175,1830,367,0,1235,0,0,0,0,0,1337,1627.81,2.40137,3.52742,168488,8,29433,486,464433,32,117732,1944,32,4,644756,1319142,20632192,5276568,25908760,4,4,12,4,4,4,0,20,20,20260807,5,1,1,1,0,0,0,6506,0.271083,1,0.0015,1
2308,20359.6,5,0,2.04537,3.60383,0,0,0,5.64921,361,361,0,1,2.45175,2.45175,1830,367,0,1235,0,0,0,0,0,1337,1627.81,2.40137,3.52742,168488,8,29433,486,464433,32,117732,1944,32,4,644756,1319142,20632192,5276568,25908760,4,4,12,4,4,4,0,20,20,20260807,5,1,1,1,0,0,0,6506,0.271083,1,0.0015,0
2309,20370.5,11,0,2.20987,8.63404,0,0,0,10.8439,361,361,0,1,2.45175,2.45175,1830,367,0,1235,0,0,0,0,0,1337,1627.81,2.40137,3.52742,168488,8,29433,486,464433,32,117732,1944,32,4,644756,1319142,20632192,5276568,25908760,4,4,12,4,4,4,0,20,20,20260807,5,1,1,1,0,0,0,6506,0.271083,1,0.0015,0
2310,20376.5,6,0,2.05225,3.88867,0,0,0,5.94092,361,361,0,1,2.45175,2.45175,1830,367,0,1235,0,0,0,0,0,1337,1627.81,2.40137,3.52742,168488,8,29433,486,464433,32,117732,1944,32,4,644756,1319142,20632192,5276568,25908760,4,4,12,4,4,4,0,20,20,20260807,5,1,1,1,0,0,0,6506,0.271083,1,0.0015,0
2311,20387.1,11,0,3.42375,7.09588,0,0,0,10.5196,361,361,0,1,2.45175,2.45175,1830,367,0,1235,0,0,0,0,0,1337,1627.81,2.40137,3.52742,168488,8,29433,486,464433,32,117732,1944,32,4,644756,1319142,20632192,5276568,25908760,4,4,12,4,4,4,0,20,20,20260807,5,1,1,1,0,0,0,6506,0.271083,1,0.0015,0
2312,20393.6,6,0,2.01992,4.38358,0,0,0,6.4035,361,361,0,1,2.45175,2.45175,1830,367,0,1235,0,0,0,0,0,1337,1627.81,2.40137,3.52742,168488,8,29433,486,464433,32,117732,1944,32,4,644756,1319142,20632192,5276568,25908760,4,4,12,4,4,4,0,20,20,20260807,5,1,1,1,0,0,0,6506,0.271083,1,0.0015,0
2313,20404.7,11,0,2.16846,8.88583,0,0,0,11.0543,361,361,0,1,2.45175,2.45175,1830,367,0,1235,0,0,0,0,0,1337,1627.81,2.40137,3.52742,168488,8,29433,486,464433,32,117732,1944,32,4,644756,1319142,20632192,5276568,25908760,4,4,12,4,4,4,0,20,20,20260807,5,1,1,1,0,0,0,6507,0.271125,1,0.0015,1
2314,20409.7,5,0,2.0885,2.77242,0,0,0,4.86092,361,361,0,1,2.45175,2.45175,1830,367,0,1235,0,0,0,0,0,1337,1627.81,2.40137,3.52742,168488,8,29433,486,464433,32,117732,1944,32,4,644756,1319142,20632192,5276568,25908760,4,4,12,4,4,4,0,20,20,20260807,5,1,1,1,0,0,0,6507,0.271125,1,0.0015,0
2315,20420.6,11,0,2.26275,8.59521,0,0,0,10.858,361,361,0,1,2.45175,2.45175,1830,367,0,1235,0,0,0,0,0,1337,1627.81,2.40137,3.52742,168488,8,29433,486,464433,32,117732,1944,32,4,644756,1319142,20632192,5276568,25908760,4,4,12,4,4,4,0,20,20,20260807,5,1,1,1,0,0,0,6507,0.271125,1,0.0015,0
2316,20428.1,8,0,2.11313,5.268,0,0,0,7.38112,361,361,0,1,2.45175,2.45175,1830,367,0,1235,0,0,0,0,0,1337,1627.81,2.40137,3.52742,168488,8,29433,486,464433,32,117732,1944,32,4,644756,1319142,20632192,5276568,25908760,4,4,12,4,4,4,0,20,20,20260807,5,1,1,1,0,0,0,6507,0.271125,1,0.0015,0
2317,20437.2,9,0,2.09821,6.94838,0,0,0,9.04658,361,361,0,1,2.45175,2.45175,1830,367,0,1235,0,0,0,0,0,1337,1627.81,2.40137,3.52742,168488,8,29433,486,464433,32,117732,1944,32,4,644756,1319142,20632192,5276568,25908760,4,4,12,4,4,4,0,20,20,20260807,5,1,1,1,0,0,0,6507,0.271125,1,0.0015,0
2318,20443.2,6,0,2.06029,3.89458,0,0,0,5.95488,361,361,0,1,2.45175,2.45175,1830,367,0,1235,0,0,0,0,0,1337,1627.81,2.40137,3.52742,168488,8,29433,486,464433,32,117732,1944,32,4,644756,1319142,20632192,5276568,25908760,4,4,12,4,4,4,0,20,20,20260807,5,1,1,1,0,0,0,6507,0.271125,1,0.0015,0
2319,20453.9,11,0,3.72667,6.85438,0,0,0,10.581,361,361,0,1,2.45175,2.45175,1830,367,0,1235,0,0,0,0,0,1337,1627.81,2.40137,3.52742,168488,8,29433,486,464433,32,117732,1944,32,4,644756,1319142,20632192,5276568,25908760,4,4,12,4,4,4,0,20,20,20260807,5,1,1,1,0,0,0,6508,0.271167,1,0.0015,1
2320,20461.5,7,0,2.05625,5.50338,0,0,0,7.55962,361,361,0,1,2.45175,2.45175,1830,367,0,1235,0,0,0,0,0,1337,1627.81,2.40137,3.52742,168488,8,29433,486,464433,32,117732,1944,32,4,644756,1319142,20632192,5276568,25908760,4,4,12,4,4,4,0,20,20,20260807,5,1,1,1,0,0,0,6508,0.271167,1,0.0015,0
2321,20471.1,10,0,2.03362,7.46312,0,0,0,9.49675,361,361,0,1,2.45175,2.45175,1830,367,0,1235,0,0,0,0,0,1337,1627.81,2.40137,3.52742,168488,8,29433,486,464433,32,117732,1944,32,4,644756,1319142,20632192,5276568,25908760,4,4,12,4,4,4,0,20,20,20260807,5,1,1,1,0,0,0,6508,0.271167,1,0.0015,0
2322,20476.6,5,0,2.15804,3.26446,0,0,0,5.4225,361,361,0,1,2.45175,2.45175,1830,367,0,1235,0,0,0,0,0,1337,1627.81,2.40137,3.52742,168488,8,29433,486,464433,32,117732,1944,32,4,644756,1319142,20632192,5276568,25908760,4,4,12,4,4,4,0,20,20,20260807,5,1,1,1,0,0,0,6508,0.271167,1,0.0015,0
2323,20487.2,11,0,2.32979,8.21821,0,0,0,10.548,361,361,0,1,2.45175,2.45175,1830,367,0,1235,0,0,0,0,0,1337,1627.81,2.40137,3.52742,168488,8,29433,486,464433,32,117732,1944,32,4,644756,1319142,20632192,5276568,25908760,4,4,12,4,4,4,0,20,20,20260807,5,1,1,1,0,0,0,6508,0.271167,1,0.0015,0
2324,20493.1,6,0,2.05858,3.73021,0,0,0,5.78879,361,361,0,1,2.45175,2.45175,1830,367,0,1235,0,0,0,0,0,1337,1627.81,2.40137,3.52742,168488,8,29433,486,464433,32,117732,1944,32,4,644756,1319142,20632192,5276568,25908760,4,4,12,4,4,4,0,20,20,20260807,5,1,1,1,0,0,0,6508,0.271167,1,0.0015,0
2325,20503.8,11,0,2.49858,8.17792,0,0,0,10.6765,361,361,0,1,2.45175,2.45175,1830,367,0,1235,0,0,0,0,0,1337,1627.81,2.40137,3.52742,168488,8,29433,486,464433,32,117732,1944,32,4,644756,1319142,20632192,5276568,25908760,4,4,12,4,4,4,0,20,20,20260807,5,1,1,1,0,0,0,6509,0.271208,1,0.0015,1
2326,20509.7,5,0,2.04525,3.70087,0,0,0,5.74613,361,361,0,1,2.45175,2.45175,1830,367,0,1235,0,0,0,0,0,1337,1627.81,2.40137,3.52742,168488,8,29433,486,464433,32,117732,1944,32,4,644756,1319142,20632192,5276568,25908760,4,4,12,4,4,4,0,20,20,20260807,5,1,1,1,0,0,0,6509,0.271208,1,0.0015,0
2327,20520.6,11,0,2.55642,8.32,0,0,0,10.8764,361,361,0,1,2.45175,2.45175,1830,367,0,1235,0,0,0,0,0,1337,1627.81,2.40137,3.52742,168488,8,29433,486,464433,32,117732,1944,32,4,644756,1319142,20632192,5276568,25908760,4,4,12,4,4,4,0,20,20,20260807,5,1,1,1,0,0,0,6509,0.271208,1,0.0015,0
2328,20528,8,0,2.04617,5.226,0,0,0,7.27217,361,361,0,1,2.45175,2.45175,1830,367,0,1235,0,0,0,0,0,1337,1627.81,2.40137,3.52742,168488,8,29433,486,464433,32,117732,1944,32,4,644756,1319142,20632192,5276568,25908760,4,4,12,4,4,4,0,20,20,20260807,5,1,1,1,0,0,0,6509,0.271208,1,0.0015,0
2329,20537.1,9,0,2.08279,6.97508,0,0,0,9.05787,361,361,0,1,2.45175,2.45175,1830,367,0,1235,0,0,0,0,0,1337,1627.81,2.40137,3.52742,168488,8,29433,486,464433,32,117732,1944,32,4,644756,1319142,20632192,5276568,25908760,4,4,12,4,4,4,0,20,20,20260807,5,1,1,1,0,0,0,6509,0.271208,1,0.0015,0
2330,20543,6,0,2.08038,3.75333,0,0,0,5.83371,361,361,0,1,2.45175,2.45175,1830,367,0,1235,0,0,0,0,0,1337,1627.81,2.40137,3.52742,168488,8,29433,486,464433,32,117732,1944,32,4,644756,1319142,20632192,5276568,25908760,4,4,12,4,4,4,0,20,20,20260807,5,1,1,1,0,0,0,6509,0.271208,1,0.0015,0
2331,20553.9,11,0,5.01775,5.77071,0,0,0,10.7885,361,361,0,1,2.45175,2.45175,1830,367,0,1235,0,0,0,0,0,1337,1627.81,2.40137,3.52742,168488,8,29433,486,464433,32,117732,1944,32,4,644756,1319142,20632192,5276568,25908760,4,4,12,4,4,4,0,20,20,20260807,5,1,1,1,0,0,0,6510,0.27125,1,0.0015,1
2332,20560.7,6,0,2.12575,4.59892,0,0,0,6.72467,361,361,0,1,2.45175,2.45175,1830,367,0,1235,0,0,0,0,0,1337,1627.81,2.40137,3.52742,168488,8,29433,486,464433,32,117732,1944,32,4,644756,1319142,20632192,5276568,25908760,4,4,12,4,4,4,0,20,20,20260807,5,1,1,1,0,0,0,6510,0.27125,1,0.0015,0
2333,20570.5,10,0,2.12812,7.64567,0,0,0,9.77379,361,361,0,1,2.45175,2.45175,1830,367,0,1235,0,0,0,0,0,1337,1627.81,2.40137,3.52742,168488,8,29433,486,464433,32,117732,1944,32,4,644756,1319142,20632192,5276568,25908760,4,4,12,4,4,4,0,20,20,20260807,5,1,1,1,0,0,0,6510,0.27125,1,0.0015,0
2334,20576.6,6,0,2.09067,3.87962,0,0,0,5.97029,361,361,0,1,2.45175,2.45175,1830,367,0,1235,0,0,0,0,0,1337,1627.81,2.40137,3.52742,168488,8,29433,486,464433,32,117732,1944,32,4,644756,1319142,20632192,5276568,25908760,4,4,12,4,4,4,0,20,20,20260807,5,1,1,1,0,0,0,6510,0.27125,1,0.0015,0
2335,20587.2,11,0,2.30488,8.28983,0,0,0,10.5947,361,361,0,1,2.45175,2.45175,1830,367,0,1235,0,0,0,0,0,1337,1627.81,2.40137,3.52742,168488,8,29433,486,464433,32,117732,1944,32,4,644756,1319142,20632192,5276568,25908760,4,4,12,4,4,4,0,20,20,20260807,5,1,1,1,0,0,0,6510,0.27125,1,0.0015,0
2336,20593.8,6,0,2.13383,4.32646,0,0,0,6.46029,361,361,0,1,2.45175,2.45175,1830,367,0,1235,0,0,0,0,0,1337,1627.81,2.40137,3.52742,168488,8,29433,486,464433,32,117732,1944,32,4,644756,1319142,20632192,5276568,25908760,4,4,12,4,4,4,0,20,20,20260807,5,1,1,1,0,0,0,6510,0.27125,1,0.0015,0
2337,20603.9,11,0,2.22579,7.81558,0,0,0,10.0414,361,361,0,1,2.45175,2.45175,1830,367,0,1235,0,0,0,0,0,1337,1627.81,2.40137,3.52742,168488,8,29433,486,464433,32,117732,1944,32,4,644756,1319142,20632192,5276568,25908760,4,4,12,4,4,4,0,20,20,20260807,5,1,1,1,0,0,0,6511,0.271292,1,0.0015,1
2338,20609.9,6,0,2.15321,3.80675,0,0,0,5.95996,361,361,0,1,2.45175,2.45175,1830,367,0,1235,0,0,0,0,0,1337,1627.81,2.40137,3.52742,168488,8,29433,486,464433,32,117732,1944,32,4,644756,1319142,20632192,5276568,25908760,4,4,12,4,4,4,0,20,20,20260807,5,1,1,1,0,0,0,6511,0.271292,1,0.0015,0
2339,20620.5,10,0,2.3175,8.17688,0,0,0,10.4944,361,361,0,1,2.45175,2.45175,1830,367,0,1235,0,0,0,0,0,1337,1627.81,2.40137,3.52742,168488,8,29433,486,464433,32,117732,1944,32,4,644756,1319142,20632192,5276568,25908760,4,4,12,4,4,4,0,20,20,20260807,5,1,1,1,0,0,0,6511,0.271292,1,0.0015,0
2340,20628.6,8,0,2.05533,5.99196,0,0,0,8.04729,361,361,0,1,2.45175,2.45175,1830,367,0,1235,0,0,0,0,0,1337,1627.81,2.40137,3.52742,168488,8,29433,486,464433,32,117732,1944,32,4,644756,1319142,20632192,5276568,25908760,4,4,12,4,4,4,0,20,20,20260807,5,1,1,1,0,0,0,6511,0.271292,1,0.0015,0
2341,20637.2,9,0,2.06567,6.39167,0,0,0,8.45733,361,361,0,1,2.45175,2.45175,1830,367,0,1235,0,0,0,0,0,1337,1627.81,2.40137,3.52742,168488,8,29433,486,464433,32,117732,1944,32,4,644756,1319142,20632192,5276568,25908760,4,4,12,4,4,4,0,20,20,20260807,5,1,1,1,0,0,0,6511,0.271292,1,0.0015,0
2342,20643.2,6,0,2.09929,3.85396,0,0,0,5.95325,361,361,0,1,2.45175,2.45175,1830,367,0,1235,0,0,0,0,0,1337,1627.81,2.40137,3.52742,168488,8,29433,486,464433,32,117732,1944,32,4,644756,1319142,20632192,5276568,25908760,4,4,12,4,4,4,0,20,20,20260807,5,1,1,1,0,0,0,6511,0.271292,1,0.0015,0
2343,20654,11,0,2.42846,8.28138,0,0,0,10.7098,361,361,0,1,2.45175,2.45175,1830,367,0,1235,0,0,0,0,0,1337,1627.81,2.40137,3.52742,168488,8,29433,486,464433,32,117732,1944,32,4,644756,1319142,20632192,5276568,25908760,4,4,12,4,4,4,0,20,20,20260807,5,1,1,1,0,0,0,6512,0.271333,1,0.0015,1
2344,20661,7,0,2.08487,4.84296,0,0,0,6.92783,361,361,0,1,2.45175,2.45175,1830,367,0,1235,0,0,0,0,0,1337,1627.81,2.40137,3.52742,168488,8,29433,486,464433,32,117732,1944,32,4,644756,1319142,20632192,5276568,25908760,4,4,12,4,4,4,0,20,20,20260807,5,1,1,1,0,0,0,6512,0.271333,1,0.0015,0
2345,20670.5,9,0,2.11821,7.28333,0,0,0,9.40154,361,361,0,1,2.45175,2.45175,1830,367,0,1235,0,0,0,0,0,1337,1627.81,2.40137,3.52742,168488,8,29433,486,464433,32,117732,1944,32,4,644756,1319142,20632192,5276568,25908760,4,4,12,4,4,4,0,20,20,20260807,5,1,1,1,0,0,0,6512,0.271333,1,0.0015,0
2346,20676.5,6,0,2.0125,3.94975,0,0,0,5.96225,361,361,0,1,2.45175,2.45175,1830,367,0,1235,0,0,0,0,0,1337,1627.81,2.40137,3.52742,168488,8,29433,486,464433,32,117732,1944,32,4,644756,1319142,20632192,5276568,25908760,4,4,12,4,4,4,0,20,20,20260807,5,1,1,1,0,0,0,6512,0.271333,1,0.0015,0
2347,20687.3,11,0,2.44217,8.26104,0,0,0,10.7032,361,361,0,1,2.45175,2.45175,1830,367,0,1235,0,0,0,0,0,1337,1627.81,2.40137,3.52742,168488,8,29433,486,464433,32,117732,1944,32,4,644756,1319142,20632192,5276568,25908760,4,4,12,4,4,4,0,20,20,20260807,5,1,1,1,0,0,0,6512,0.271333,1,0.0015,0
2348,20694.1,7,0,2.07029,4.67721,0,0,0,6.7475,361,361,0,1,2.45175,2.45175,1830,367,0,1235,0,0,0,0,0,1337,1627.81,2.40137,3.52742,168488,8,29433,486,464433,32,117732,1944,32,4,644756,1319142,20632192,5276568,25908760,4,4,12,4,4,4,0,20,20,20260807,5,1,1,1,0,0,0,6512,0.271333,1,0.0015,0
2349,20704.4,10,0,2.13596,8.03,0,0,0,10.166,361,361,0,1,2.45175,2.45175,1830,367,0,1235,0,0,0,0,0,1337,1627.81,2.40137,3.52742,168488,8,29433,486,464433,32,117732,1944,32,4,644756,1319142,20632192,5276568,25908760,4,4,12,4,4,4,0,20,20,20260807,5,1,1,1,0,0,0,6513,0.271375,1,0.0015,1
2350,20709.9,6,0,2.11013,3.32025,0,0,0,5.43037,361,361,0,1,2.45175,2.45175,1830,367,0,1235,0,0,0,0,0,1337,1627.81,2.40137,3.52742,168488,8,29433,486,464433,32,117732,1944,32,4,644756,1319142,20632192,5276568,25908760,4,4,12,4,4,4,0,20,20,20260807,5,1,1,1,0,0,0,6513,0.271375,1,0.0015,0
2351,20720.5,10,0,3.563,7.05067,0,0,0,10.6137,361,361,0,1,2.45175,2.45175,1830,367,0,1235,0,0,0,0,0,1337,1627.81,2.40137,3.52742,168488,8,29433,486,464433,32,117732,1944,32,4,644756,1319142,20632192,5276568,25908760,4,4,12,4,4,4,0,20,20,20260807,5,1,1,1,0,0,0,6513,0.271375,1,0.0015,0
2352,20728.5,8,0,2.12867,5.74104,0,0,0,7.86971,361,361,0,1,2.45175,2.45175,1830,367,0,1235,0,0,0,0,0,1337,1627.81,2.40137,3.52742,168488,8,29433,486,464433,32,117732,1944,32,4,644756,1319142,20632192,5276568,25908760,4,4,12,4,4,4,0,20,20,20260807,5,1,1,1,0,0,0,6513,0.271375,1,0.0015,0
2353,20737.3,9,0,2.13842,6.53646,0,0,0,8.67488,361,361,0,1,2.45175,2.45175,1830,367,0,1235,0,0,0,0,0,1337,1627.81,2.40137,3.52742,168488,8,29433,486,464433,32,117732,1944,32,4,644756,1319142,20632192,5276568,25908760,4,4,12,4,4,4,0,20,20,20260807,5,1,1,1,0,0,0,6513,0.271375,1,0.0015,0
2354,20743.6,6,0,2.08279,4.17837,0,0,0,6.26117,361,361,0,1,2.45175,2.45175,1830,367,0,1235,0,0,0,0,0,1337,1627.81,2.40137,3.52742,168488,8,29433,486,464433,32,117732,1944,32,4,644756,1319142,20632192,5276568,25908760,4,4,12,4,4,4,0,20,20,20260807,5,1,1,1,0,0,0,6513,0.271375,1,0.0015,0
2355,20753.9,11,0,2.20187,7.972,0,0,0,10.1739,361,361,0,1,2.45175,2.45175,1830,367,0,1235,0,0,0,0,0,1337,1627.81,2.40137,3.52742,168488,8,29433,486,464433,32,117732,1944,32,4,644756,1319142,20632192,5276568,25908760,4,4,12,4,4,4,0,20,20,20260807,5,1,1,1,0,0,0,6514,0.271417,1,0.0015,1
2356,20760.8,6,0,2.04513,4.72933,0,0,0,6.77446,361,361,0,1,2.45175,2.45175,1830,367,0,1235,0,0,0,0,0,1337,1627.81,2.40137,3.52742,168488,8,29433,486,464433,32,117732,1944,32,4,644756,1319142,20632192,5276568,25908760,4,4,12,4,4,4,0,20,20,20260807,5,1,1,1,0,0,0,6514,0.271417,1,0.0015,0
2357,20770.4,10,0,2.11383,7.47671,0,0,0,9.59054,361,361,0,1,2.45175,2.45175,1830,367,0,1235,0,0,0,0,0,1337,1627.81,2.40137,3.52742,168488,8,29433,486,464433,32,117732,1944,32,4,644756,1319142,20632192,5276568,25908760,4,4,12,4,4,4,0,20,20,20260807,5,1,1,1,0,0,0,6514,0.271417,1,0.0015,0
2358,20776.4,6,0,2.06962,3.81708,0,0,0,5.88671,361,361,0,1,2.45175,2.45175,1830,367,0,1235,0,0,0,0,0,1337,1627.81,2.40137,3.52742,168488,8,29433,486,464433,32,117732,1944,32,4,644756,1319142,20632192,5276568,25908760,4,4,12,4,4,4,0,20,20,20260807,5,1,1,1,0,0,0,6514,0.271417,1,0.0015,0
2359,20787.3,11,0,2.86121,8.00025,0,0,0,10.8615,361,361,0,1,2.45175,2.45175,1830,367,0,1235,0,0,0,0,0,1337,1627.81,2.40137,3.52742,168488,8,29433,486,464433,32,117732,1944,32,4,644756,1319142,20632192,5276568,25908760,4,4,12,4,4,4,0,20,20,20260807,5,1,1,1,0,0,0,6514,0.271417,1,0.0015,0
2360,20794,7,0,2.106,4.46954,0,0,0,6.57554,361,361,0,1,2.45175,2.45175,1830,367,0,1235,0,0,0,0,0,1337,1627.81,2.40137,3.52742,168488,8,29433,486,464433,32,117732,1944,32,4,644756,1319142,20632192,5276568,25908760,4,4,12,4,4,4,0,20,20,20260807,5,1,1,1,0,0,0,6514,0.271417,1,0.0015,0
2361,20803.9,10,0,2.14317,7.68921,0,0,0,9.83238,361,361,0,1,2.45175,2.45175,1830,367,0,1235,0,0,0,0,0,1337,1627.81,2.40137,3.52742,168488,8,29433,486,464433,32,117732,1944,32,4,644756,1319142,20632192,5276568,25908760,4,4,12,4,4,4,0,20,20,20260807,5,1,1,1,0,0,0,6515,0.271458,1,0.0015,1
2362,20812.6,8,0,2.11246,6.48888,0,0,0,8.60133,361,361,0,1,2.45175,2.45175,1830,367,0,1235,0,0,0,0,0,1337,1627.81,2.40137,3.52742,168488,8,29433,486,464433,32,117732,1944,32,4,644756,1319142,20632192,5276568,25908760,4,4,12,4,4,4,0,20,20,20260807,5,1,1,1,0,0,0,6515,0.271458,1,0.0015,0
2363,20821.8,9,0,2.1315,6.98204,0,0,0,9.11354,361,361,0,1,2.45175,2.45175,1830,367,0,1235,0,0,0,0,0,1337,1627.81,2.40137,3.52742,168488,8,29433,486,464433,32,117732,1944,32,4,644756,1319142,20632192,5276568,25908760,4,4,12,4,4,4,0,20,20,20260807,5,1,1,1,0,0,0,6515,0.271458,1,0.0015,0
2364,20827.2,6,0,2.16637,3.20925,0,0,0,5.37563,361,361,0,1,2.45175,2.45175,1830,367,0,1235,0,0,0,0,0,1337,1627.81,2.40137,3.52742,168488,8,29433,486,464433,32,117732,1944,32,4,644756,1319142,20632192,5276568,25908760,4,4,12,4,4,4,0,20,20,20260807,5,1,1,1,0,0,0,6515,0.271458,1,0.0015,0
2365,20837.9,11,0,2.23979,8.38742,0,0,0,10.6272,361,361,0,1,2.45175,2.45175,1830,367,0,1235,0,0,0,0,0,1337,1627.81,2.40137,3.52742,168488,8,29433,486,464433,32,117732,1944,32,4,644756,1319142,20632192,5276568,25908760,4,4,12,4,4,4,0,20,20,20260807,5,1,1,1,0,0,0,6515,0.271458,1,0.0015,0
2366,20843.2,5,0,2.15579,3.06446,0,0,0,5.22025,361,361,0,1,2.45175,2.45175,1830,367,0,1235,0,0,0,0,0,1337,1627.81,2.40137,3.52742,168488,8,29433,486,464433,32,117732,1944,32,4,644756,1319142,20632192,5276568,25908760,4,4,12,4,4,4,0,20,20,20260807,5,1,1,1,0,0,0,6516,0.2715,1,0.0015,1
2367,20853.9,11,0,2.32983,8.20542,0,0,0,10.5352,361,361,0,1,2.45175,2.45175,1830,367,0,1235,0,0,0,0,0,1337,1627.81,2.40137,3.52742,168488,8,29433,486,464433,32,117732,1944,32,4,644756,1319142,20632192,5276568,25908760,4,4,12,4,4,4,0,20,20,20260807,5,1,1,1,0,0,0,6516,0.2715,1,0.0015,0
2368,20860.4,6,0,2.07467,4.43583,0,0,0,6.5105,361,361,0,1,2.45175,2.45175,1830,367,0,1235,0,0,0,0,0,1337,1627.81,2.40137,3.52742,168488,8,29433,486,464433,32,117732,1944,32,4,644756,1319142,20632192,5276568,25908760,4,4,12,4,4,4,0,20,20,20260807,5,1,1,1,0,0,0,6516,0.2715,1,0.0015,0
2369,20870.5,10,0,2.16075,7.86838,0,0,0,10.0291,361,361,0,1,2.45175,2.45175,1830,367,0,1235,0,0,0,0,0,1337,1627.81,2.40137,3.52742,168488,8,29433,486,464433,32,117732,1944,32,4,644756,1319142,20632192,5276568,25908760,4,4,12,4,4,4,0,20,20,20260807,5,1,1,1,0,0,0,6516,0.2715,1,0.0015,0
2370,20876.9,7,0,2.20063,4.06288,0,0,0,6.2635,361,361,0,1,2.45175,2.45175,1830,367,0,1235,0,0,0,0,0,1337,1627.81,2.40137,3.52742,168488,8,29433,486,464433,32,117732,1944,32,4,644756,1319142,20632192,5276568,25908760,4,4,12,4,4,4,0,20,20,20260807,5,1,1,1,0,0,0,6516,0.2715,1,0.0015,0
2371,20887.9,11,0,2.14696,8.76071,0,0,0,10.9077,361,361,0,1,2.45175,2.45175,1830,367,0,1235,0,0,0,0,0,1337,1627.81,2.40137,3.52742,168488,8,29433,486,464433,32,117732,1944,32,4,644756,1319142,20632192,5276568,25908760,4,4,12,4,4,4,0,20,20,20260807,5,1,1,1,0,0,0,6516,0.2715,1,0.0015,0
2372,20893.8,5,0,2.19079,3.57404,0,0,0,5.76483,361,361,0,1,2.45175,2.45175,1830,367,0,1235,0,0,0,0,0,1337,1627.81,2.40137,3.52742,168488,8,29433,486,464433,32,117732,1944,32,4,644756,1319142,20632192,5276568,25908760,4,4,12,4,4,4,0,20,20,20260807,5,1,1,1,0,0,0,6517,0.271542,1,0.0015,1
2373,20903.9,11,0,2.41729,7.68762,0,0,0,10.1049,361,361,0,1,2.45175,2.45175,1830,367,0,1235,0,0,0,0,0,1337,1627.81,2.40137,3.52742,168488,8,29433,486,464433,32,117732,1944,32,4,644756,1319142,20632192,5276568,25908760,4,4,12,4,4,4,0,20,20,20260807,5,1,1,1,0,0,0,6517,0.271542,1,0.0015,0
2374,20909.4,5,0,2.08075,3.30317,0,0,0,5.38392,361,361,0,1,2.45175,2.45175,1830,367,0,1235,0,0,0,0,0,1337,1627.81,2.40137,3.52742,168488,8,29433,486,464433,32,117732,1944,32,4,644756,1319142,20632192,5276568,25908760,4,4,12,4,4,4,0,20,20,20260807,5,1,1,1,0,0,0,6517,0.271542,1,0.0015,0
2375,20920.7,11,0,2.17304,9.01533,0,0,0,11.1884,361,361,0,1,2.45175,2.45175,1830,367,0,1235,0,0,0,0,0,1337,1627.81,2.40137,3.52742,168488,8,29433,486,464433,32,117732,1944,32,4,644756,1319142,20632192,5276568,25908760,4,4,12,4,4,4,0,20,20,20260807,5,1,1,1,0,0,0,6517,0.271542,1,0.0015,0
2376,20926.7,6,0,2.07783,3.89029,0,0,0,5.96812,361,361,0,1,2.45175,2.45175,1830,367,0,1235,0,0,0,0,0,1337,1627.81,2.40137,3.52742,168488,8,29433,486,464433,32,117732,1944,32,4,644756,1319142,20632192,5276568,25908760,4,4,12,4,4,4,0,20,20,20260807,5,1,1,1,0,0,0,6517,0.271542,1,0.0015,0
2377,20937.6,11,0,2.22829,8.58396,0,0,0,10.8123,361,361,0,1,2.45175,2.45175,1830,367,0,1235,0,0,0,0,0,1337,1627.81,2.40137,3.52742,168488,8,29433,486,464433,32,117732,1944,32,4,644756,1319142,20632192,5276568,25908760,4,4,12,4,4,4,0,20,20,20260807,5,1,1,1,0,0,0,6517,0.271542,1,0.0015,0
2378,20942.9,6,0,2.13596,3.12383,0,0,0,5.25979,361,361,0,1,2.45175,2.45175,1830,367,0,1235,0,0,0,0,0,1337,1627.81,2.40137,3.52742,168488,8,29433,486,464433,32,117732,1944,32,4,644756,1319142,20632192,5276568,25908760,4,4,12,4,4,4,0,20,20,20260807,5,1,1,1,0,0,0,6517,0.271542,1,0.0015,0
2379,20953.9,11,0,3.48546,7.38762,0,0,0,10.8731,361,361,0,1,2.45175,2.45175,1830,367,0,1235,0,0,0,0,0,1337,1627.81,2.40137,3.52742,168488,8,29433,486,464433,32,117732,1944,32,4,644756,1319142,20632192,5276568,25908760,4,4,12,4,4,4,0,20,20,20260807,5,1,1,1,0,0,0,6518,0.271583,1,0.0015,1
2380,20960.3,6,0,2.09271,4.23304,0,0,0,6.32575,361,361,0,1,2.45175,2.45175,1830,367,0,1235,0,0,0,0,0,1337,1627.81,2.40137,3.52742,168488,8,29433,486,464433,32,117732,1944,32,4,644756,1319142,20632192,5276568,25908760,4,4,12,4,4,4,0,20,20,20260807,5,1,1,1,0,0,0,6518,0.271583,1,0.0015,0
2381,20971,11,0,2.14583,8.43704,0,0,0,10.5829,361,361,0,1,2.45175,2.45175,1830,367,0,1235,0,0,0,0,0,1337,1627.81,2.40137,3.52742,168488,8,29433,486,464433,32,117732,1944,32,4,644756,1319142,20632192,5276568,25908760,4,4,12,4,4,4,0,20,20,20260807,5,1,1,1,0,0,0,6518,0.271583,1,0.0015,0
2382,20976.1,5,0,2.1055,2.98104,0,0,0,5.08654,361,361,0,1,2.45175,2.45175,1830,367,0,1235,0,0,0,0,0,1337,1627.81,2.40137,3.52742,168488,8,29433,486,464433,32,117732,1944,32,4,644756,1319142,20632192,5276568,25908760,4,4,12,4,4,4,0,20,20,20260807,5,1,1,1,0,0,0,6518,0.271583,1,0.0015,0
2383,20987.3,11,0,2.97658,8.10833,0,0,0,11.0849,361,361,0,1,2.45175,2.45175,1830,367,0,1235,0,0,0,0,0,1337,1627.81,2.40137,3.52742,168488,8,29433,486,464433,32,117732,1944,32,4,644756,1319142,20632192,5276568,25908760,4,4,12,4,4,4,0,20,20,20260807,5,1,1,1,0,0,0,6518,0.271583,1,0.0015,0
2384,20995.3,8,0,2.04058,5.90562,0,0,0,7.94621,361,361,0,1,2.45175,2.45175,1830,367,0,1235,0,0,0,0,0,1337,1627.81,2.40137,3.52742,168488,8,29433,486,464433,32,117732,1944,32,4,644756,1319142,20632192,5276568,25908760,4,4,12,4,4,4,0,20,20,20260807,5,1,1,1,0,0,0,6518,0.271583,1,0.0015,0
2385,21003.8,8,0,2.05692,6.36163,0,0,0,8.41854,361,361,0,1,2.45175,2.45175,1830,367,0,1235,0,0,0,0,0,1337,1627.81,2.40137,3.52742,168488,8,29433,486,464433,32,117732,1944,32,4,644756,1319142,20632192,5276568,25908760,4,4,12,4,4,4,0,20,20,20260807,5,1,1,1,0,0,0,6519,0.271625,1,0.0015,1
2386,21010.3,7,0,1.98204,4.46529,0,0,0,6.44733,361,361,0,1,2.45175,2.45175,1830,367,0,1235,0,0,0,0,0,1337,1627.81,2.40137,3.52742,168488,8,29433,486,464433,32,117732,1944,32,4,644756,1319142,20632192,5276568,25908760,4,4,12,4,4,4,0,20,20,20260807,5,1,1,1,0,0,0,6519,0.271625,1,0.0015,0
2387,21020.9,11,0,2.30108,8.17642,0,0,0,10.4775,361,361,0,1,2.45175,2.45175,1830,367,0,1235,0,0,0,0,0,1337,1627.81,2.40137,3.52742,168488,8,29433,486,464433,32,117732,1944,32,4,644756,1319142,20632192,5276568,25908760,4,4,12,4,4,4,0,20,20,20260807,5,1,1,1,0,0,0,6519,0.271625,1,0.0015,0
2388,21026,5,0,2.11696,2.91379,0,0,0,5.03075,361,361,0,1,2.45175,2.45175,1830,367,0,1235,0,0,0,0,0,1337,1627.81,2.40137,3.52742,168488,8,29433,486,464433,32,117732,1944,32,4,644756,1319142,20632192,5276568,25908760,4,4,12,4,4,4,0,20,20,20260807,5,1,1,1,0,0,0,6519,0.271625,1,0.0015,0
2389,21037.5,10,0,2.53938,8.87438,0,0,0,11.4138,361,361,0,1,2.45175,2.45175,1830,367,0,1235,0,0,0,0,0,1337,1627.81,2.40137,3.52742,168488,8,29433,486,464433,32,117732,1944,32,4,644756,1319142,20632192,5276568,25908760,4,4,12,4,4,4,0,20,20,20260807,5,1,1,1,0,0,0,6519,0.271625,1,0.0015,0
2390,21042.6,5,0,2.10892,2.8985,0,0,0,5.00742,361,361,0,1,2.45175,2.45175,1830,367,0,1235,0,0,0,0,0,1337,1627.81,2.40137,3.52742,168488,8,29433,486,464433,32,117732,1944,32,4,644756,1319142,20632192,5276568,25908760,4,4,12,4,4,4,0,20,20,20260807,5,1,1,1,0,0,0,6519,0.271625,1,0.0015,0
2391,21054.6,12,0,2.37737,9.57621,0,0,0,11.9536,361,361,0,1,2.45175,2.45175,1830,367,0,1235,0,0,0,0,0,1337,1627.81,2.40137,3.52742,168488,8,29433,486,464433,32,117732,1944,32,4,644756,1319142,20632192,5276568,25908760,4,4,12,4,4,4,0,20,20,20260807,5,1,1,1,0,0,0,6520,0.271667,1,0.0015,1
2392,21059.7,5,0,2.11667,2.93725,0,0,0,5.05392,361,361,0,1,2.45175,2.45175,1830,367,0,1235,0,0,0,0,0,1337,1627.81,2.40137,3.52742,168488,8,29433,486,464433,32,117732,1944,32,4,644756,1319142,20632192,5276568,25908760,4,4,12,4,4,4,0,20,20,20260807,5,1,1,1,0,0,0,6520,0.271667,1,0.0015,0
2393,21072.9,14,0,2.26996,10.8659,0,0,0,13.1358,361,361,0,1,2.45175,2.45175,1830,367,0,1235,0,0,0,0,0,1337,1627.81,2.40137,3.52742,168488,8,29433,486,464433,32,117732,1944,32,4,644756,1319142,20632192,5276568,25908760,4,4,12,4,4,4,0,20,20,20260807,5,1,1,1,0,0,0,6520,0.271667,1,0.0015,0
2394,21081.5,8,0,2.05704,6.39642,0,0,0,8.45346,361,361,0,1,2.45175,2.45175,1830,367,0,1235,0,0,0,0,0,1337,1627.81,2.40137,3.52742,168488,8,29433,486,464433,32,117732,1944,32,4,644756,1319142,20632192,5276568,25908760,4,4,12,4,4,4,0,20,20,20260807,5,1,1,1,0,0,0,6520,0.271667,1,0.0015,0
2395,21088.2,7,0,2.07213,4.58067,0,0,0,6.65279,361,361,0,1,2.45175,2.45175,1830,367,0,1235,0,0,0,0,0,1337,1627.81,2.40137,3.52742,168488,8,29433,486,464433,32,117732,1944,32,4,644756,1319142,20632192,5276568,25908760,4,4,12,4,4,4,0,20,20,20260807,5,1,1,1,0,0,0,6520,0.271667,1,0.0015,0
2396,21093.3,5,0,2.05321,2.94112,0,0,0,4.99433,361,361,0,1,2.45175,2.45175,1830,367,0,1235,0,0,0,0,0,1337,1627.81,2.40137,3.52742,168488,8,29433,486,464433,32,117732,1944,32,4,644756,1319142,20632192,5276568,25908760,4,4,12,4,4,4,0,20,20,20260807,5,1,1,1,0,0,0,6520,0.271667,1,0.0015,0
2397,21104.9,12,0,2.72329,8.7985,0,0,0,11.5218,361,361,0,1,2.45175,2.45175,1830,367,0,1235,0,0,0,0,0,1337,1627.81,2.40137,3.52742,168488,8,29433,486,464433,32,117732,1944,32,4,644756,1319142,20632192,5276568,25908760,4,4,12,4,4,4,0,20,20,20260807,5,1,1,1,0,0,0,6521,0.271708,1,0.0015,1
2398,21110,5,0,2.10571,2.95492,0,0,0,5.06062,361,361,0,1,2.45175,2.45175,1830,367,0,1235,0,0,0,0,0,1337,1627.81,2.40137,3.52742,168488,8,29433,486,464433,32,117732,1944,32,4,644756,1319142,20632192,5276568,25908760,4,4,12,4,4,4,0,20,20,20260807,5,1,1,1,0,0,0,6521,0.271708,1,0.0015,0
2399,21121,11,0,2.24475,8.63154,0,0,0,10.8763,361,361,0,1,2.45175,2.45175,1830,367,0,1235,0,0,0,0,0,1337,1627.81,2.40137,3.52742,168488,8,29433,486,464433,32,117732,1944,32,4,644756,1319142,20632192,5276568,25908760,4,4,12,4,4,4,0,20,20,20260807,5,1,1,1,0,0,0,6521,0.271708,1,0.0015,0
2400,21126.2,5,0,2.17258,2.98617,0,0,0,5.15875,361,361,0,1,2.45175,2.45175,1830,367,0,1235,0,0,0,0,0,1337,1627.81,2.40137,3.52742,168488,8,29433,486,464433,32,117732,1944,32,4,644756,1319142,20632192,5276568,25908760,4,4,12,4,4,4,0,20,20,20260807,5,1,1,1,0,0,0,6521,0.271708,1,0.0015,0
2401,21140.8,15,0,2.41262,12.1471,0,0,0,14.5597,361,361,0,1,2.45175,2.45175,1830,367,0,1235,0,0,0,0,0,1337,1627.81,2.40137,3.52742,168488,8,29433,486,464433,32,117732,1944,32,4,644756,1319142,20632192,5276568,25908760,4,4,12,4,4,4,0,20,20,20260807,5,1,1,1,0,0,0,6521,0.271708,1,0.0015,0
2402,21154.2,13,0,2.12429,11.1635,0,0,0,13.2878,361,361,0,1,2.45175,2.45175,1830,367,0,1235,0,0,0,0,0,1337,1627.81,2.40137,3.52742,168488,8,29433,486,464433,32,117732,1944,32,4,644756,1319142,20632192,5276568,25908760,4,4,12,4,4,4,0,20,20,20260807,5,1,1,1,0,0,0,6522,0.27175,1,0.0015,1
2403,21159.3,5,0,2.08487,2.92054,0,0,0,5.00542,361,361,0,1,2.45175,2.45175,1830,367,0,1235,0,0,0,0,0,1337,1627.81,2.40137,3.52742,168488,8,29433,486,464433,32,117732,1944,32,4,644756,1319142,20632192,5276568,25908760,4,4,12,4,4,4,0,20,20,20260807,5,1,1,1,0,0,0,6522,0.27175,1,0.0015,0
2404,21171.4,12,0,2.16763,9.87387,0,0,0,12.0415,361,361,0,1,2.45175,2.45175,1830,367,0,1235,0,0,0,0,0,1337,1627.81,2.40137,3.52742,168488,8,29433,486,464433,32,117732,1944,32,4,644756,1319142,20632192,5276568,25908760,4,4,12,4,4,4,0,20,20,20260807,5,1,1,1,0,0,0,6522,0.27175,1,0.0015,0
2405,21176.4,5,0,2.06612,2.90408,0,0,0,4.97021,361,361,0,1,2.45175,2.45175,1830,367,0,1235,0,0,0,0,0,1337,1627.81,2.40137,3.52742,168488,8,29433,486,464433,32,117732,1944,32,4,644756,1319142,20632192,5276568,25908760,4,4,12,4,4,4,0,20,20,20260807,5,1,1,1,0,0,0,6522,0.27175,1,0.0015,0
2406,21187.6,11,0,2.28075,8.81817,0,0,0,11.0989,361,361,0,1,2.45175,2.45175,1830,367,0,1235,0,0,0,0,0,1337,1627.81,2.40137,3.52742,168488,8,29433,486,464433,32,117732,1944,32,4,644756,1319142,20632192,5276568,25908760,4,4,12,4,4,4,0,20,20,20260807,5,1,1,1,0,0,0,6522,0.27175,1,0.0015,0
2407,21192.8,6,0,2.13925,2.98167,0,0,0,5.12092,361,361,0,1,2.45175,2.45175,1830,367,0,1235,0,0,0,0,0,1337,1627.81,2.40137,3.52742,168488,8,29433,486,464433,32,117732,1944,32,4,644756,1319142,20632192,5276568,25908760,4,4,12,4,4,4,0,20,20,20260807,5,1,1,1,0,0,0,6522,0.27175,1,0.0015,0
2408,21204.3,11,0,2.35171,9.0275,0,0,0,11.3792,361,361,0,1,2.45175,2.45175,1830,367,0,1235,0,0,0,0,0,1337,1627.81,2.40137,3.52742,168488,8,29433,486,464433,32,117732,1944,32,4,644756,1319142,20632192,5276568,25908760,4,4,12,4,4,4,0,20,20,20260807,5,1,1,1,0,0,0,6523,0.271792,1,0.0015,1
2409,21209.3,5,0,2.11446,2.87817,0,0,0,4.99263,361,361,0,1,2.45175,2.45175,1830,367,0,1235,0,0,0,0,0,1337,1627.81,2.40137,3.52742,168488,8,29433,486,464433,32,117732,1944,32,4,644756,1319142,20632192,5276568,25908760,4,4,12,4,4,4,0,20,20,20260807,5,1,1,1,0,0,0,6523,0.271792,1,0.0015,0
2410,21221.4,12,0,2.39863,9.54075,0,0,0,11.9394,361,361,0,1,2.45175,2.45175,1830,367,0,1235,0,0,0,0,0,1337,1627.81,2.40137,3.52742,168488,8,29433,486,464433,32,117732,1944,32,4,644756,1319142,20632192,5276568,25908760,4,4,12,4,4,4,0,20,20,20260807,5,1,1,1,0,0,0,6523,0.271792,1,0.0015,0
2411,21226.5,5,0,2.11554,2.95104,0,0,0,5.06658,361,361,0,1,2.45175,2.45175,1830,367,0,1235,0,0,0,0,0,1337,1627.81,2.40137,3.52742,168488,8,29433,486,464433,32,117732,1944,32,4,644756,1319142,20632192,5276568,25908760,4,4,12,4,4,4,0,20,20,20260807,5,1,1,1,0,0,0,6523,0.271792,1,0.0015,0
2412,21239.1,13,0,2.41033,10.0441,0,0,0,12.4545,361,361,0,1,2.45175,2.45175,1830,367,0,1235,0,0,0,0,0,1337,1627.81,2.40137,3.52742,168488,8,29433,486,464433,32,117732,1944,32,4,644756,1319142,20632192,5276568,25908760,4,4,12,4,4,4,0,20,20,20260807,5,1,1,1,0,0,0,6523,0.271792,1,0.0015,0
2413,21247.6,8,0,2.04846,6.37142,0,0,0,8.41987,361,361,0,1,2.45175,2.45175,1830,367,0,1235,0,0,0,0,0,1337,1627.81,2.40137,3.52742,168488,8,29433,486,464433,32,117732,1944,32,4,644756,1319142,20632192,5276568,25908760,4,4,12,4,4,4,0,20,20,20260807,5,1,1,1,0,0,0,6524,0.271833,1,0.0015,1
2414,21254.8,7,0,2.08283,5.08875,0,0,0,7.17158,361,361,0,1,2.45175,2.45175,1830,367,0,1235,0,0,0,0,0,1337,1627.81,2.40137,3.52742,168488,8,29433,486,464433,32,117732,1944,32,4,644756,1319142,20632192,5276568,25908760,4,4,12,4,4,4,0,20,20,20260807,5,1,1,1,0,0,0,6524,0.271833,1,0.0015,0
2415,21260,6,0,2.07442,3.05742,0,0,0,5.13183,361,361,0,1,2.45175,2.45175,1830,367,0,1235,0,0,0,0,0,1337,1627.81,2.40137,3.52742,168488,8,29433,486,464433,32,117732,1944,32,4,644756,1319142,20632192,5276568,25908760,4,4,12,4,4,4,0,20,20,20260807,5,1,1,1,0,0,0,6524,0.271833,1,0.0015,0
2416,21273,13,0,2.20183,10.6922,0,0,0,12.894,361,361,0,1,2.45175,2.45175,1830,367,0,1235,0,0,0,0,0,1337,1627.81,2.40137,3.52742,168488,8,29433,486,464433,32,117732,1944,32,4,644756,1319142,20632192,5276568,25908760,4,4,12,4,4,4,0,20,20,20260807,5,1,1,1,0,0,0,6524,0.271833,1,0.0015,0
2417,21278.9,6,0,2.12504,3.75171,0,0,0,5.87675,361,361,0,1,2.45175,2.45175,1830,367,0,1235,0,0,0,0,0,1337,1627.81,2.40137,3.52742,168488,8,29433,486,464433,32,117732,1944,32,4,644756,1319142,20632192,5276568,25908760,4,4,12,4,4,4,0,20,20,20260807,5,1,1,1,0,0,0,6524,0.271833,1,0.0015,0
2418,21287.4,9,0,2.11758,6.24304,0,0,0,8.36063,361,361,0,1,2.45175,2.45175,1830,367,0,1235,0,0,0,0,0,1337,1627.81,2.40137,3.52742,168488,8,29433,486,464433,32,117732,1944,32,4,644756,1319142,20632192,5276568,25908760,4,4,12,4,4,4,0,20,20,20260807,5,1,1,1,0,0,0,6524,0.271833,1,0.0015,0
2419,21292.5,5,0,2.11642,2.94329,0,0,0,5.05971,361,361,0,1,2.45175,2.45175,1830,367,0,1235,0,0,0,0,0,1337,1627.81,2.40137,3.52742,168488,8,29433,486,464433,32,117732,1944,32,4,644756,1319142,20632192,5276568,25908760,4,4,12,4,4,4,0,20,20,20260807,5,1,1,1,0,0,0,6524,0.271833,1,0.0015,0
2420,21303.9,12,0,2.18617,9.12621,0,0,0,11.3124,361,361,0,1,2.45175,2.45175,1830,367,0,1235,0,0,0,0,0,1337,1627.81,2.40137,3.52742,168488,8,29433,486,464433,32,117732,1944,32,4,644756,1319142,20632192,5276568,25908760,4,4,12,4,4,4,0,20,20,20260807,5,1,1,1,0,0,0,6525,0.271875,1,0.0015,1
2421,21309.5,5,0,2.16262,3.36125,0,0,0,5.52388,361,361,0,1,2.45175,2.45175,1830,367,0,1235,0,0,0,0,0,1337,1627.81,2.40137,3.52742,168488,8,29433,486,464433,32,117732,1944,32,4,644756,1319142,20632192,5276568,25908760,4,4,12,4,4,4,0,20,20,20260807,5,1,1,1,0,0,0,6525,0.271875,1,0.0015,0
2422,21320.7,11,0,2.16688,8.95112,0,0,0,11.118,361,361,0,1,2.45175,2.45175,1830,367,0,1235,0,0,0,0,0,1337,1627.81,2.40137,3.52742,168488,8,29433,486,464433,32,117732,1944,32,4,644756,1319142,20632192,5276568,25908760,4,4,12,4,4,4,0,20,20,20260807,5,1,1,1,0,0,0,6525,0.271875,1,0.0015,0
2423,21328.1,8,0,2.10646,5.22242,0,0,0,7.32888,361,361,0,1,2.45175,2.45175,1830,367,0,1235,0,0,0,0,0,1337,1627.81,2.40137,3.52742,168488,8,29433,486,464433,32,117732,1944,32,4,644756,1319142,20632192,5276568,25908760,4,4,12,4,4,4,0,20,20,20260807,5,1,1,1,0,0,0,6525,0.271875,1,0.0015,0
2424,21338.3,10,0,2.06671,8.03558,0,0,0,10.1023,361,361,0,1,2.45175,2.45175,1830,367,0,1235,0,0,0,0,0,1337,1627.81,2.40137,3.52742,168488,8,29433,486,464433,32,117732,1944,32,4,644756,1319142,20632192,5276568,25908760,4,4,12,4,4,4,0,20,20,20260807,5,1,1,1,0,0,0,6525,0.271875,1,0.0015,0
2425,21343.9,6,0,2.18896,3.293,0,0,0,5.48196,361,361,0,1,2.45175,2.45175,1830,367,0,1235,0,0,0,0,0,1337,1627.81,2.40137,3.52742,168488,8,29433,486,464433,32,117732,1944,32,4,644756,1319142,20632192,5276568,25908760,4,4,12,4,4,4,0,20,20,20260807,5,1,1,1,0,0,0,6526,0.271917,1,0.0015,1
2426,21358.1,14,0,2.18708,12.0177,0,0,0,14.2048,361,361,0,1,2.45175,2.45175,1830,367,0,1235,0,0,0,0,0,1337,1627.81,2.40137,3.52742,168488,8,29433,486,464433,32,117732,1944,32,4,644756,1319142,20632192,5276568,25908760,4,4,12,4,4,4,0,20,20,20260807,5,1,1,1,0,0,0,6526,0.271917,1,0.0015,0
2427,21371.9,14,0,2.1595,11.5306,0,0,0,13.6901,361,361,0,1,2.45175,2.45175,1830,367,0,1235,0,0,0,0,0,1337,1627.81,2.40137,3.52742,168488,8,29433,486,464433,32,117732,1944,32,4,644756,1319142,20632192,5276568,25908760,4,4,12,4,4,4,0,20,20,20260807,5,1,1,1,0,0,0,6526,0.271917,1,0.0015,0
2428,21389.3,17,0,2.03629,15.2782,0,0,0,17.3145,361,361,0,1,2.45175,2.45175,1830,367,0,1235,0,0,0,0,0,1337,1627.81,2.40137,3.52742,168488,8,29433,486,464433,32,117732,1944,32,4,644756,1319142,20632192,5276568,25908760,4,4,12,4,4,4,0,20,20,20260807,5,1,1,1,0,0,0,6526,0.271917,1,0.0015,0
2429,21396.6,7,0,2.09342,5.16587,0,0,0,7.25929,361,361,0,1,2.45175,2.45175,1830,367,0,1235,0,0,0,0,0,1337,1627.81,2.40137,3.52742,168488,8,29433,486,464433,32,117732,1944,32,4,644756,1319142,20632192,5276568,25908760,4,4,12,4,4,4,0,20,20,20260807,5,1,1,1,0,0,0,6527,0.271958,1,0.0015,1
2430,21404.7,8,0,2.08808,5.91925,0,0,0,8.00733,361,361,0,1,2.45175,2.45175,1830,367,0,1235,0,0,0,0,0,1337,1627.81,2.40137,3.52742,168488,8,29433,486,464433,32,117732,1944,32,4,644756,1319142,20632192,5276568,25908760,4,4,12,4,4,4,0,20,20,20260807,5,1,1,1,0,0,0,6527,0.271958,1,0.0015,0
2431,21409.8,6,0,2.08137,2.93821,0,0,0,5.01958,361,361,0,1,2.45175,2.45175,1830,367,0,1235,0,0,0,0,0,1337,1627.81,2.40137,3.52742,168488,8,29433,486,464433,32,117732,1944,32,4,644756,1319142,20632192,5276568,25908760,4,4,12,4,4,4,0,20,20,20260807,5,1,1,1,0,0,0,6527,0.271958,1,0.0015,0
2432,21420.7,10,0,2.69821,8.11296,0,0,0,10.8112,361,361,0,1,2.45175,2.45175,1830,367,0,1235,0,0,0,0,0,1337,1627.81,2.40137,3.52742,168488,8,29433,486,464433,32,117732,1944,32,4,644756,1319142,20632192,5276568,25908760,4,4,12,4,4,4,0,20,20,20260807,5,1,1,1,0,0,0,6527,0.271958,1,0.0015,0
2433,21426.6,6,0,2.12821,3.69625,0,0,0,5.82446,361,361,0,1,2.45175,2.45175,1830,367,0,1235,0,0,0,0,0,1337,1627.81,2.40137,3.52742,168488,8,29433,486,464433,32,117732,1944,32,4,644756,1319142,20632192,5276568,25908760,4,4,12,4,4,4,0,20,20,20260807,5,1,1,1,0,0,0,6527,0.271958,1,0.0015,0
2434,21437.3,11,0,2.78533,7.82742,0,0,0,10.6128,361,361,0,1,2.45175,2.45175,1830,367,0,1235,0,0,0,0,0,1337,1627.81,2.40137,3.52742,168488,8,29433,486,464433,32,117732,1944,32,4,644756,1319142,20632192,5276568,25908760,4,4,12,4,4,4,0,20,20,20260807,5,1,1,1,0,0,0,6527,0.271958,1,0.0015,0
2435,21443.4,6,0,2.05975,4.00929,0,0,0,6.06904,361,361,0,1,2.45175,2.45175,1830,367,0,1235,0,0,0,0,0,1337,1627.81,2.40137,3.52742,168488,8,29433,486,464433,32,117732,1944,32,4,644756,1319142,20632192,5276568,25908760,4,4,12,4,4,4,0,20,20,20260807,5,1,1,1,0,0,0,6527,0.271958,1,0.0015,0
2436,21454,11,0,2.27913,8.21325,0,0,0,10.4924,361,361,0,1,2.45175,2.45175,1830,367,0,1235,0,0,0,0,0,1337,1627.81,2.40137,3.52742,168488,8,29433,486,464433,32,117732,1944,32,4,644756,1319142,20632192,5276568,25908760,4,4,12,4,4,4,0,20,20,20260807,5,1,1,1,0,0,0,6528,0.272,1,0.0015,1
2437,21460.4,6,0,2.11729,4.26025,0,0,0,6.37754,361,361,0,1,2.45175,2.45175,1830,367,0,1235,0,0,0,0,0,1337,1627.81,2.40137,3.52742,168488,8,29433,486,464433,32,117732,1944,32,4,644756,1319142,20632192,5276568,25908760,4,4,12,4,4,4,0,20,20,20260807,5,1,1,1,0,0,0,6528,0.272,1,0.0015,0
2438,21470.7,10,0,2.26017,7.79158,0,0,0,10.0518,361,361,0,1,2.45175,2.45175,1830,367,0,1235,0,0,0,0,0,1337,1627.81,2.40137,3.52742,168488,8,29433,486,464433,32,117732,1944,32,4,644756,1319142,20632192,5276568,25908760,4,4,12,4,4,4,0,20,20,20260807,5,1,1,1,0,0,0,6528,0.272,1,0.0015,0
2439,21476.7,6,0,2.07221,3.90971,0,0,0,5.98192,361,361,0,1,2.45175,2.45175,1830,367,0,1235,0,0,0,0,0,1337,1627.81,2.40137,3.52742,168488,8,29433,486,464433,32,117732,1944,32,4,644756,1319142,20632192,5276568,25908760,4,4,12,4,4,4,0,20,20,20260807,5,1,1,1,0,0,0,6528,0.272,1,0.0015,0
2440,21487.3,11,0,2.32942,8.16279,0,0,0,10.4922,361,361,0,1,2.45175,2.45175,1830,367,0,1235,0,0,0,0,0,1337,1627.81,2.40137,3.52742,168488,8,29433,486,464433,32,117732,1944,32,4,644756,1319142,20632192,5276568,25908760,4,4,12,4,4,4,0,20,20,20260807,5,1,1,1,0,0,0,6528,0.272,1,0.0015,0
2441,21495.3,8,0,2.07517,5.83008,0,0,0,7.90525,361,361,0,1,2.45175,2.45175,1830,367,0,1235,0,0,0,0,0,1337,1627.81,2.40137,3.52742,168488,8,29433,486,464433,32,117732,1944,32,4,644756,1319142,20632192,5276568,25908760,4,4,12,4,4,4,0,20,20,20260807,5,1,1,1,0,0,0,6528,0.272,1,0.0015,0
2442,21504.1,9,0,2.16608,6.55125,0,0,0,8.71733,361,361,0,1,2.45175,2.45175,1830,367,0,1235,0,0,0,0,0,1337,1627.81,2.40137,3.52742,168488,8,29433,486,464433,32,117732,1944,32,4,644756,1319142,20632192,5276568,25908760,4,4,12,4,4,4,0,20,20,20260807,5,1,1,1,0,0,0,6529,0.272042,1,0.0015,1
2443,21509.4,5,0,2.26788,2.95458,0,0,0,5.22246,361,361,0,1,2.45175,2.45175,1830,367,0,1235,0,0,0,0,0,1337,1627.81,2.40137,3.52742,168488,8,29433,486,464433,32,117732,1944,32,4,644756,1319142,20632192,5276568,25908760,4,4,12,4,4,4,0,20,20,20260807,5,1,1,1,0,0,0,6529,0.272042,1,0.0015,0
2444,21520.6,11,0,2.33054,8.8585,0,0,0,11.189,361,361,0,1,2.45175,2.45175,1830,367,0,1235,0,0,0,0,0,1337,1627.81,2.40137,3.52742,168488,8,29433,486,464433,32,117732,1944,32,4,644756,1319142,20632192,5276568,25908760,4,4,12,4,4,4,0,20,20,20260807,5,1,1,1,0,0,0,6529,0.272042,1,0.0015,0
2445,21527.7,7,0,2.07417,4.93658,0,0,0,7.01075,361,361,0,1,2.45175,2.45175,1830,367,0,1235,0,0,0,0,0,1337,1627.81,2.40137,3.52742,168488,8,29433,486,464433,32,117732,1944,32,4,644756,1319142,20632192,5276568,25908760,4,4,12,4,4,4,0,20,20,20260807,5,1,1,1,0,0,0,6529,0.272042,1,0.0015,0
2446,21537.2,10,0,2.09075,7.28179,0,0,0,9.37254,361,361,0,1,2.45175,2.45175,1830,367,0,1235,0,0,0,0,0,1337,1627.81,2.40137,3.52742,168488,8,29433,486,464433,32,117732,1944,32,4,644756,1319142,20632192,5276568,25908760,4,4,12,4,4,4,0,20,20,20260807,5,1,1,1,0,0,0,6529,0.272042,1,0.0015,0
2447,21542.8,6,0,2.10371,3.49396,0,0,0,5.59767,361,361,0,1,2.45175,2.45175,1830,367,0,1235,0,0,0,0,0,1337,1627.81,2.40137,3.52742,168488,8,29433,486,464433,32,117732,1944,32,4,644756,1319142,20632192,5276568,25908760,4,4,12,4,4,4,0,20,20,20260807,5,1,1,1,0,0,0,6529,0.272042,1,0.0015,0
2448,21554,11,0,2.24192,8.86838,0,0,0,11.1103,361,361,0,1,2.45175,2.45175,1830,367,0,1235,0,0,0,0,0,1337,1627.81,2.40137,3.52742,168488,8,29433,486,464433,32,117732,1944,32,4,644756,1319142,20632192,5276568,25908760,4,4,12,4,4,4,0,20,20,20260807,5,1,1,1,0,0,0,6530,0.272083,1,0.0015,1
2449,21562,8,0,2.07875,5.819,0,0,0,7.89775,361,361,0,1,2.45175,2.45175,1830,367,0,1235,0,0,0,0,0,1337,1627.81,2.40137,3.52742,168488,8,29433,486,464433,32,117732,1944,32,4,644756,1319142,20632192,5276568,25908760,4,4,12,4,4,4,0,20,20,20260807,5,1,1,1,0,0,0,6530,0.272083,1,0.0015,0
2450,21570.5,8,0,2.11083,6.34808,0,0,0,8.45892,361,361,0,1,2.45175,2.45175,1830,367,0,1235,0,0,0,0,0,1337,1627.81,2.40137,3.52742,168488,8,29433,486,464433,32,117732,1944,32,4,644756,1319142,20632192,5276568,25908760,4,4,12,4,4,4,0,20,20,20260807,5,1,1,1,0,0,0,6530,0.272083,1,0.0015,0
2451,21576.7,6,0,2.08571,4.034,0,0,0,6.11971,361,361,0,1,2.45175,2.45175,1830,367,0,1235,0,0,0,0,0,1337,1627.81,2.40137,3.52742,168488,8,29433,486,464433,32,117732,1944,32,4,644756,1319142,20632192,5276568,25908760,4,4,12,4,4,4,0,20,20,20260807,5,1,1,1,0,0,0,6530,0.272083,1,0.0015,0
2452,21587.2,11,0,2.26658,8.14225,0,0,0,10.4088,361,361,0,1,2.45175,2.45175,1830,367,0,1235,0,0,0,0,0,1337,1627.81,2.40137,3.52742,168488,8,29433,486,464433,32,117732,1944,32,4,644756,1319142,20632192,5276568,25908760,4,4,12,4,4,4,0,20,20,20260807,5,1,1,1,0,0,0,6530,0.272083,1,0.0015,0
2453,21594.6,7,0,2.06904,5.16425,0,0,0,7.23329,361,361,0,1,2.45175,2.45175,1830,367,0,1235,0,0,0,0,0,1337,1627.81,2.40137,3.52742,168488,8,29433,486,464433,32,117732,1944,32,4,644756,1319142,20632192,5276568,25908760,4,4,12,4,4,4,0,20,20,20260807,5,1,1,1,0,0,0,6530,0.272083,1,0.0015,0
2454,21605.4,11,0,2.14025,8.5965,0,0,0,10.7368,361,361,0,1,2.45175,2.45175,1830,367,0,1235,0,0,0,0,0,1337,1627.81,2.40137,3.52742,168488,8,29433,486,464433,32,117732,1944,32,4,644756,1319142,20632192,5276568,25908760,4,4,12,4,4,4,0,20,20,20260807,5,1,1,1,0,0,0,6531,0.272125,1,0.0015,1
2455,21611.3,6,0,2.12408,3.77233,0,0,0,5.89642,361,361,0,1,2.45175,2.45175,1830,367,0,1235,0,0,0,0,0,1337,1627.81,2.40137,3.52742,168488,8,29433,486,464433,32,117732,1944,32,4,644756,1319142,20632192,5276568,25908760,4,4,12,4,4,4,0,20,20,20260807,5,1,1,1,0,0,0,6531,0.272125,1,0.0015,0
2456,21621,10,0,2.01196,7.53954,0,0,0,9.5515,361,361,0,1,2.45175,2.45175,1830,367,0,1235,0,0,0,0,0,1337,1627.81,2.40137,3.52742,168488,8,29433,486,464433,32,117732,1944,32,4,644756,1319142,20632192,5276568,25908760,4,4,12,4,4,4,0,20,20,20260807,5,1,1,1,0,0,0,6531,0.272125,1,0.0015,0
2457,21626.2,5,0,2.13125,2.97654,0,0,0,5.10779,361,361,0,1,2.45175,2.45175,1830,367,0,1235,0,0,0,0,0,1337,1627.81,2.40137,3.52742,168488,8,29433,486,464433,32,117732,1944,32,4,644756,1319142,20632192,5276568,25908760,4,4,12,4,4,4,0,20,20,20260807,5,1,1,1,0,0,0,6531,0.272125,1,0.0015,0
2458,21639.2,13,0,3.00679,9.99942,0,0,0,13.0062,361,361,0,1,2.45175,2.45175,1830,367,0,1235,0,0,0,0,0,1337,1627.81,2.40137,3.52742,168488,8,29433,486,464433,32,117732,1944,32,4,644756,1319142,20632192,5276568,25908760,4,4,12,4,4,4,0,20,20,20260807,5,1,1,1,0,0,0,6531,0.272125,1,0.0015,0
2459,21644.3,5,0,2.10704,2.85042,0,0,0,4.95746,361,361,0,1,2.45175,2.45175,1830,367,0,1235,0,0,0,0,0,1337,1627.81,2.40137,3.52742,168488,8,29433,486,464433,32,117732,1944,32,4,644756,1319142,20632192,5276568,25908760,4,4,12,4,4,4,0,20,20,20260807,5,1,1,1,0,0,0,6532,0.272167,1,0.0015,1
2460,21654,10,0,2.04629,7.60621,0,0,0,9.6525,361,361,0,1,2.45175,2.45175,1830,367,0,1235,0,0,0,0,0,1337,1627.81,2.40137,3.52742,168488,8,29433,486,464433,32,117732,1944,32,4,644756,1319142,20632192,5276568,25908760,4,4,12,4,4,4,0,20,20,20260807,5,1,1,1,0,0,0,6532,0.272167,1,0.0015,0
2461,21660.7,6,0,2.19263,4.47433,0,0,0,6.66696,361,361,0,1,2.45175,2.45175,1830,367,0,1235,0,0,0,0,0,1337,1627.81,2.40137,3.52742,168488,8,29433,486,464433,32,117732,1944,32,4,644756,1319142,20632192,5276568,25908760,4,4,12,4,4,4,0,20,20,20260807,5,1,1,1,0,0,0,6532,0.272167,1,0.0015,0
2462,21671,11,0,2.08958,8.03562,0,0,0,10.1252,361,361,0,1,2.45175,2.45175,1830,367,0,1235,0,0,0,0,0,1337,1627.81,2.40137,3.52742,168488,8,29433,486,464433,32,117732,1944,32,4,644756,1319142,20632192,5276568,25908760,4,4,12,4,4,4,0,20,20,20260807,5,1,1,1,0,0,0,6532,0.272167,1,0.0015,0
2463,21677.1,6,0,2.06354,3.98996,0,0,0,6.0535,361,361,0,1,2.45175,2.45175,1830,367,0,1235,0,0,0,0,0,1337,1627.81,2.40137,3.52742,168488,8,29433,486,464433,32,117732,1944,32,4,644756,1319142,20632192,5276568,25908760,4,4,12,4,4,4,0,20,20,20260807,5,1,1,1,0,0,0,6532,0.272167,1,0.0015,0
2464,21687.3,10,0,2.22071,7.92029,0,0,0,10.141,361,361,0,1,2.45175,2.45175,1830,367,0,1235,0,0,0,0,0,1337,1627.81,2.40137,3.52742,168488,8,29433,486,464433,32,117732,1944,32,4,644756,1319142,20632192,5276568,25908760,4,4,12,4,4,4,0,20,20,20260807,5,1,1,1,0,0,0,6532,0.272167,1,0.0015,0
2465,21693,6,0,2.09246,3.56008,0,0,0,5.65254,361,361,0,1,2.45175,2.45175,1830,367,0,1235,0,0,0,0,0,1337,1627.81,2.40137,3.52742,168488,8,29433,486,464433,32,117732,1944,32,4,644756,1319142,20632192,5276568,25908760,4,4,12,4,4,4,0,20,20,20260807,5,1,1,1,0,0,0,6532,0.272167,1,0.0015,0
2466,21704,11,0,2.23621,8.63671,0,0,0,10.8729,361,361,0,1,2.45175,2.45175,1830,367,0,1235,0,0,0,0,0,1337,1627.81,2.40137,3.52742,168488,8,29433,486,464433,32,117732,1944,32,4,644756,1319142,20632192,5276568,25908760,4,4,12,4,4,4,0,20,20,20260807,5,1,1,1,0,0,0,6533,0.272208,1,0.0015,1
2467,21709.5,5,0,2.10754,3.34287,0,0,0,5.45042,361,361,0,1,2.45175,2.45175,1830,367,0,1235,0,0,0,0,0,1337,1627.81,2.40137,3.52742,168488,8,29433,486,464433,32,117732,1944,32,4,644756,1319142,20632192,5276568,25908760,4,4,12,4,4,4,0,20,20,20260807,5,1,1,1,0,0,0,6533,0.272208,1,0.0015,0
2468,21721.4,12,0,2.41637,9.32642,0,0,0,11.7428,361,361,0,1,2.45175,2.45175,1830,367,0,1235,0,0,0,0,0,1337,1627.81,2.40137,3.52742,168488,8,29433,486,464433,32,117732,1944,32,4,644756,1319142,20632192,5276568,25908760,4,4,12,4,4,4,0,20,20,20260807,5,1,1,1,0,0,0,6533,0.272208,1,0.0015,0
2469,21727.1,6,0,2.12779,3.57542,0,0,0,5.70321,361,361,0,1,2.45175,2.45175,1830,367,0,1235,0,0,0,0,0,1337,1627.81,2.40137,3.52742,168488,8,29433,486,464433,32,117732,1944,32,4,644756,1319142,20632192,5276568,25908760,4,4,12,4,4,4,0,20,20,20260807,5,1,1,1,0,0,0,6533,0.272208,1,0.0015,0
2470,21737.2,10,0,2.15975,7.81158,0,0,0,9.97133,361,361,0,1,2.45175,2.45175,1830,367,0,1235,0,0,0,0,0,1337,1627.81,2.40137,3.52742,168488,8,29433,486,464433,32,117732,1944,32,4,644756,1319142,20632192,5276568,25908760,4,4,12,4,4,4,0,20,20,20260807,5,1,1,1,0,0,0,6533,0.272208,1,0.0015,0
2471,21742.9,6,0,2.10946,3.51579,0,0,0,5.62525,361,361,0,1,2.45175,2.45175,1830,367,0,1235,0,0,0,0,0,1337,1627.81,2.40137,3.52742,168488,8,29433,486,464433,32,117732,1944,32,4,644756,1319142,20632192,5276568,25908760,4,4,12,4,4,4,0,20,20,20260807,5,1,1,1,0,0,0,6533,0.272208,1,0.0015,0
2472,21754,11,0,2.35221,8.65137,0,0,0,11.0036,361,361,0,1,2.45175,2.45175,1830,367,0,1235,0,0,0,0,0,1337,1627.81,2.40137,3.52742,168488,8,29433,486,464433,32,117732,1944,32,4,644756,1319142,20632192,5276568,25908760,4,4,12,4,4,4,0,20,20,20260807,5,1,1,1,0,0,0,6534,0.27225,1,0.0015,1
2473,21759.4,5,0,2.12871,3.26717,0,0,0,5.39588,361,361,0,1,2.45175,2.45175,1830,367,0,1235,0,0,0,0,0,1337,1627.81,2.40137,3.52742,168488,8,29433,486,464433,32,117732,1944,32,4,644756,1319142,20632192,5276568,25908760,4,4,12,4,4,4,0,20,20,20260807,5,1,1,1,0,0,0,6534,0.27225,1,0.0015,0
2474,21770.6,11,0,2.23933,8.86138,0,0,0,11.1007,361,361,0,1,2.45175,2.45175,1830,367,0,1235,0,0,0,0,0,1337,1627.81,2.40137,3.52742,168488,8,29433,486,464433,32,117732,1944,32,4,644756,1319142,20632192,5276568,25908760,4,4,12,4,4,4,0,20,20,20260807,5,1,1,1,0,0,0,6534,0.27225,1,0.0015,0
2475,21775.8,5,0,2.15779,2.91925,0,0,0,5.07704,361,361,0,1,2.45175,2.45175,1830,367,0,1235,0,0,0,0,0,1337,1627.81,2.40137,3.52742,168488,8,29433,486,464433,32,117732,1944,32,4,644756,1319142,20632192,5276568,25908760,4,4,12,4,4,4,0,20,20,20260807,5,1,1,1,0,0,0,6534,0.27225,1,0.0015,0
2476,21787.3,12,0,2.1595,9.32333,0,0,0,11.4828,361,361,0,1,2.45175,2.45175,1830,367,0,1235,0,0,0,0,0,1337,1627.81,2.40137,3.52742,168488,8,29433,486,464433,32,117732,1944,32,4,644756,1319142,20632192,5276568,25908760,4,4,12,4,4,4,0,20,20,20260807,5,1,1,1,0,0,0,6534,0.27225,1,0.0015,0
2477,21794,7,0,2.03437,4.58404,0,0,0,6.61842,361,361,0,1,2.45175,2.45175,1830,367,0,1235,0,0,0,0,0,1337,1627.81,2.40137,3.52742,168488,8,29433,486,464433,32,117732,1944,32,4,644756,1319142,20632192,5276568,25908760,4,4,12,4,4,4,0,20,20,20260807,5,1,1,1,0,0,0,6534,0.27225,1,0.0015,0
2478,21806.9,13,0,2.10571,10.7096,0,0,0,12.8153,361,361,0,1,2.45175,2.45175,1830,367,0,1235,0,0,0,0,0,1337,1627.81,2.40137,3.52742,168488,8,29433,486,464433,32,117732,1944,32,4,644756,1319142,20632192,5276568,25908760,4,4,12,4,4,4,0,20,20,20260807,5,1,1,1,0,0,0,6535,0.272292,1,0.0015,1
2479,21812.6,5,0,2.08175,3.55367,0,0,0,5.63542,361,361,0,1,2.45175,2.45175,1830,367,0,1235,0,0,0,0,0,1337,1627.81,2.40137,3.52742,168488,8,29433,486,464433,32,117732,1944,32,4,644756,1319142,20632192,5276568,25908760,4,4,12,4,4,4,0,20,20,20260807,5,1,1,1,0,0,0,6535,0.272292,1,0.0015,0
2480,21820.7,8,0,2.15317,5.82554,0,0,0,7.97871,361,361,0,1,2.45175,2.45175,1830,367,0,1235,0,0,0,0,0,1337,1627.81,2.40137,3.52742,168488,8,29433,486,464433,32,117732,1944,32,4,644756,1319142,20632192,5276568,25908760,4,4,12,4,4,4,0,20,20,20260807,5,1,1,1,0,0,0,6535,0.272292,1,0.0015,0
2481,21826,6,0,2.14213,3.00342,0,0,0,5.14554,361,361,0,1,2.45175,2.45175,1830,367,0,1235,0,0,0,0,0,1337,1627.81,2.40137,3.52742,168488,8,29433,486,464433,32,117732,1944,32,4,644756,1319142,20632192,5276568,25908760,4,4,12,4,4,4,0,20,20,20260807,5,1,1,1,0,0,0,6535,0.272292,1,0.0015,0
2482,21838,12,0,2.35137,9.58717,0,0,0,11.9385,361,361,0,1,2.45175,2.45175,1830,367,0,1235,0,0,0,0,0,1337,1627.81,2.40137,3.52742,168488,8,29433,486,464433,32,117732,1944,32,4,644756,1319142,20632192,5276568,25908760,4,4,12,4,4,4,0,20,20,20260807,5,1,1,1,0,0,0,6535,0.272292,1,0.0015,0
2483,21843.1,5,0,2.12538,2.96146,0,0,0,5.08683,361,361,0,1,2.45175,2.45175,1830,367,0,1235,0,0,0,0,0,1337,1627.81,2.40137,3.52742,168488,8,29433,486,464433,32,117732,1944,32,4,644756,1319142,20632192,5276568,25908760,4,4,12,4,4,4,0,20,20,20260807,5,1,1,1,0,0,0,6536,0.272333,1,0.0015,1
2484,21855.5,12,0,2.19933,10.0727,0,0,0,12.272,361,361,0,1,2.45175,2.45175,1830,367,0,1235,0,0,0,0,0,1337,1627.81,2.40137,3.52742,168488,8,29433,486,464433,32,117732,1944,32,4,644756,1319142,20632192,5276568,25908760,4,4,12,4,4,4,0,20,20,20260807,5,1,1,1,0,0,0,6536,0.272333,1,0.0015,0
2485,21860.7,5,0,2.14567,3.0275,0,0,0,5.17317,361,361,0,1,2.45175,2.45175,1830,367,0,1235,0,0,0,0,0,1337,1627.81,2.40137,3.52742,168488,8,29433,486,464433,32,117732,1944,32,4,644756,1319142,20632192,5276568,25908760,4,4,12,4,4,4,0,20,20,20260807,5,1,1,1,0,0,0,6536,0.272333,1,0.0015,0
2486,21870.5,10,0,2.16337,7.55708,0,0,0,9.72046,361,361,0,1,2.45175,2.45175,1830,367,0,1235,0,0,0,0,0,1337,1627.81,2.40137,3.52742,168488,8,29433,486,464433,32,117732,1944,32,4,644756,1319142,20632192,5276568,25908760,4,4,12,4,4,4,0,20,20,20260807,5,1,1,1,0,0,0,6536,0.272333,1,0.0015,0
2487,21876.4,6,0,2.09446,3.69037,0,0,0,5.78483,361,361,0,1,2.45175,2.45175,1830,367,0,1235,0,0,0,0,0,1337,1627.81,2.40137,3.52742,168488,8,29433,486,464433,32,117732,1944,32,4,644756,1319142,20632192,5276568,25908760,4,4,12,4,4,4,0,20,20,20260807,5,1,1,1,0,0,0,6536,0.272333,1,0.0015,0
2488,21890.2,14,0,2.51238,11.2245,0,0,0,13.7369,361,361,0,1,2.45175,2.45175,1830,367,0,1235,0,0,0,0,0,1337,1627.81,2.40137,3.52742,168488,8,29433,486,464433,32,117732,1944,32,4,644756,1319142,20632192,5276568,25908760,4,4,12,4,4,4,0,20,20,20260807,5,1,1,1,0,0,0,6536,0.272333,1,0.0015,0
2489,21896.1,6,0,2.13025,3.70054,0,0,0,5.83079,361,361,0,1,2.45175,2.45175,1830,367,0,1235,0,0,0,0,0,1337,1627.81,2.40137,3.52742,168488,8,29433,486,464433,32,117732,1944,32,4,644756,1319142,20632192,5276568,25908760,4,4,12,4,4,4,0,20,20,20260807,5,1,1,1,0,0,0,6537,0.272375,1,0.0015,1
2490,21904.6,8,0,2.09454,6.30063,0,0,0,8.39517,361,361,0,1,2.45175,2.45175,1830,367,0,1235,0,0,0,0,0,1337,1627.81,2.40137,3.52742,168488,8,29433,486,464433,32,117732,1944,32,4,644756,1319142,20632192,5276568,25908760,4,4,12,4,4,4,0,20,20,20260807,5,1,1,1,0,0,0,6537,0.272375,1,0.0015,0
2491,21909.8,6,0,2.16621,3.00925,0,0,0,5.17546,361,361,0,1,2.45175,2.45175,1830,367,0,1235,0,0,0,0,0,1337,1627.81,2.40137,3.52742,168488,8,29433,486,464433,32,117732,1944,32,4,644756,1319142,20632192,5276568,25908760,4,4,12,4,4,4,0,20,20,20260807,5,1,1,1,0,0,0,6537,0.272375,1,0.0015,0
2492,21921.4,11,0,2.28571,9.1815,0,0,0,11.4672,361,361,0,1,2.45175,2.45175,1830,367,0,1235,0,0,0,0,0,1337,1627.81,2.40137,3.52742,168488,8,29433,486,464433,32,117732,1944,32,4,644756,1319142,20632192,5276568,25908760,4,4,12,4,4,4,0,20,20,20260807,5,1,1,1,0,0,0,6537,0.272375,1,0.0015,0
2493,21927.2,6,0,2.10079,3.64379,0,0,0,5.74458,361,361,0,1,2.45175,2.45175,1830,367,0,1235,0,0,0,0,0,1337,1627.81,2.40137,3.52742,168488,8,29433,486,464433,32,117732,1944,32,4,644756,1319142,20632192,5276568,25908760,4,4,12,4,4,4,0,20,20,20260807,5,1,1,1,0,0,0,6537,0.272375,1,0.0015,0
2494,21938.6,11,0,2.29308,9.06175,0,0,0,11.3548,361,361,0,1,2.45175,2.45175,1830,367,0,1235,0,0,0,0,0,1337,1627.81,2.40137,3.52742,168488,8,29433,486,464433,32,117732,1944,32,4,644756,1319142,20632192,5276568,25908760,4,4,12,4,4,4,0,20,20,20260807,5,1,1,1,0,0,0,6537,0.272375,1,0.0015,0
2495,21954.4,16,0,2.09267,13.645,0,0,0,15.7376,361,361,0,1,2.45175,2.45175,1830,367,0,1235,0,0,0,0,0,1337,1627.81,2.40137,3.52742,168488,8,29433,486,464433,32,117732,1944,32,4,644756,1319142,20632192,5276568,25908760,4,4,12,4,4,4,0,20,20,20260807,5,1,1,1,0,0,0,6538,0.272417,1,0.0015,1
2496,21959.5,5,0,2.09254,2.85821,0,0,0,4.95075,361,361,0,1,2.45175,2.45175,1830,367,0,1235,0,0,0,0,0,1337,1627.81,2.40137,3.52742,168488,8,29433,486,464433,32,117732,1944,32,4,644756,1319142,20632192,5276568,25908760,4,4,12,4,4,4,0,20,20,20260807,5,1,1,1,0,0,0,6538,0.272417,1,0.0015,0
2497,21971.7,12,0,2.37521,9.72475,0,0,0,12.1,361,361,0,1,2.45175,2.45175,1830,367,0,1235,0,0,0,0,0,1337,1627.81,2.40137,3.52742,168488,8,29433,486,464433,32,117732,1944,32,4,644756,1319142,20632192,5276568,25908760,4,4,12,4,4,4,0,20,20,20260807,5,1,1,1,0,0,0,6538,0.272417,1,0.0015,0
2498,21976.8,5,0,2.10142,2.91217,0,0,0,5.01358,361,361,0,1,2.45175,2.45175,1830,367,0,1235,0,0,0,0,0,1337,1627.81,2.40137,3.52742,168488,8,29433,486,464433,32,117732,1944,32,4,644756,1319142,20632192,5276568,25908760,4,4,12,4,4,4,0,20,20,20260807,5,1,1,1,0,0,0,6538,0.272417,1,0.0015,0
2499,21987.5,11,0,2.44871,8.23283,0,0,0,10.6815,361,361,0,1,2.45175,2.45175,1830,367,0,1235,0,0,0,0,0,1337,1627.81,2.40137,3.52742,168488,8,29433,486,464433,32,117732,1944,32,4,644756,1319142,20632192,5276568,25908760,4,4,12,4,4,4,0,20,20,20260807,5,1,1,1,0,0,0,6538,0.272417,1,0.0015,0
2500,21992.7,5,0,2.11121,3.01808,0,0,0,5.12929,361,361,0,1,2.45175,2.45175,1830,367,0,1235,0,0,0,0,0,1337,1627.81,2.40137,3.52742,168488,8,29433,486,464433,32,117732,1944,32,4,644756,1319142,20632192,5276568,25908760,4,4,12,4,4,4,0,20,20,20260807,5,1,1,1,0,0,0,6538,0.272417,1,0.0015,0
2501,22004.3,12,0,2.298,9.23792,0,0,0,11.5359,361,361,0,1,2.45175,2.45175,1830,367,0,1235,0,0,0,0,0,1337,1627.81,2.40137,3.52742,168488,8,29433,486,464433,32,117732,1944,32,4,644756,1319142,20632192,5276568,25908760,4,4,12,4,4,4,0,20,20,20260807,5,1,1,1,0,0,0,6539,0.272458,1,0.0015,1
2502,22009.5,5,0,2.09092,2.94896,0,0,0,5.03988,361,361,0,1,2.45175,2.45175,1830,367,0,1235,0,0,0,0,0,1337,1627.81,2.40137,3.52742,168488,8,29433,486,464433,32,117732,1944,32,4,644756,1319142,20632192,5276568,25908760,4,4,12,4,4,4,0,20,20,20260807,5,1,1,1,0,0,0,6539,0.272458,1,0.0015,0
2503,22021.5,12,0,2.41521,9.54421,0,0,0,11.9594,361,361,0,1,2.45175,2.45175,1830,367,0,1235,0,0,0,0,0,1337,1627.81,2.40137,3.52742,168488,8,29433,486,464433,32,117732,1944,32,4,644756,1319142,20632192,5276568,25908760,4,4,12,4,4,4,0,20,20,20260807,5,1,1,1,0,0,0,6539,0.272458,1,0.0015,0
2504,22026.6,5,0,2.09208,2.937,0,0,0,5.02908,361,361,0,1,2.45175,2.45175,1830,367,0,1235,0,0,0,0,0,1337,1627.81,2.40137,3.52742,168488,8,29433,486,464433,32,117732,1944,32,4,644756,1319142,20632192,5276568,25908760,4,4,12,4,4,4,0,20,20,20260807,5,1,1,1,0,0,0,6539,0.272458,1,0.0015,0
2505,22040.6,13,0,3.51183,10.3794,0,0,0,13.8912,361,361,0,1,2.45175,2.45175,1830,367,0,1235,0,0,0,0,0,1337,1627.81,2.40137,3.52742,168488,8,29433,486,464433,32,117732,1944,32,4,644756,1319142,20632192,5276568,25908760,4,4,12,4,4,4,0,20,20,20260807,5,1,1,1,0,0,0,6539,0.272458,1,0.0015,0
2506,22046.5,6,0,2.21292,3.65488,0,0,0,5.86779,361,361,0,1,2.45175,2.45175,1830,367,0,1235,0,0,0,0,0,1337,1627.81,2.40137,3.52742,168488,8,29433,486,464433,32,117732,1944,32,4,644756,1319142,20632192,5276568,25908760,4,4,12,4,4,4,0,20,20,20260807,5,1,1,1,0,0,0,6540,0.2725,1,0.0015,1
2507,22058.5,12,0,2.10775,9.78225,0,0,0,11.89,361,361,0,1,2.45175,2.45175,1830,367,0,1235,0,0,0,0,0,1337,1627.81,2.40137,3.52742,168488,8,29433,486,464433,32,117732,1944,32,4,644756,1319142,20632192,5276568,25908760,4,4,12,4,4,4,0,20,20,20260807,5,1,1,1,0,0,0,6540,0.2725,1,0.0015,0
2508,22064.2,6,0,2.19342,3.43996,0,0,0,5.63338,361,361,0,1,2.45175,2.45175,1830,367,0,1235,0,0,0,0,0,1337,1627.81,2.40137,3.52742,168488,8,29433,486,464433,32,117732,1944,32,4,644756,1319142,20632192,5276568,25908760,4,4,12,4,4,4,0,20,20,20260807,5,1,1,1,0,0,0,6540,0.2725,1,0.0015,0
2509,22073,9,0,2.12758,6.56208,0,0,0,8.68967,361,361,0,1,2.45175,2.45175,1830,367,0,1235,0,0,0,0,0,1337,1627.81,2.40137,3.52742,168488,8,29433,486,464433,32,117732,1944,32,4,644756,1319142,20632192,5276568,25908760,4,4,12,4,4,4,0,20,20,20260807,5,1,1,1,0,0,0,6540,0.2725,1,0.0015,0
2510,22078.5,5,0,2.13675,3.22867,0,0,0,5.36542,361,361,0,1,2.45175,2.45175,1830,367,0,1235,0,0,0,0,0,1337,1627.81,2.40137,3.52742,168488,8,29433,486,464433,32,117732,1944,32,4,644756,1319142,20632192,5276568,25908760,4,4,12,4,4,4,0,20,20,20260807,5,1,1,1,0,0,0,6540,0.2725,1,0.0015,0
2511,22089,11,0,2.25667,8.21158,0,0,0,10.4682,361,361,0,1,2.45175,2.45175,1830,367,0,1235,0,0,0,0,0,1337,1627.81,2.40137,3.52742,168488,8,29433,486,464433,32,117732,1944,32,4,644756,1319142,20632192,5276568,25908760,4,4,12,4,4,4,0,20,20,20260807,5,1,1,1,0,0,0,6540,0.2725,1,0.0015,0
2512,22094.4,5,0,2.13371,3.13717,0,0,0,5.27088,361,361,0,1,2.45175,2.45175,1830,367,0,1235,0,0,0,0,0,1337,1627.81,2.40137,3.52742,168488,8,29433,486,464433,32,117732,1944,32,4,644756,1319142,20632192,5276568,25908760,4,4,12,4,4,4,0,20,20,20260807,5,1,1,1,0,0,0,6541,0.272542,1,0.0015,1
2513,22104,10,0,2.26437,7.25621,0,0,0,9.52058,361,361,0,1,2.45175,2.45175,1830,367,0,1235,0,0,0,0,0,1337,1627.81,2.40137,3.52742,168488,8,29433,486,464433,32,117732,1944,32,4,644756,1319142,20632192,5276568,25908760,4,4,12,4,4,4,0,20,20,20260807,5,1,1,1,0,0,0,6541,0.272542,1,0.0015,0
2514,22109.2,5,0,2.11883,3.01004,0,0,0,5.12887,361,361,0,1,2.45175,2.45175,1830,367,0,1235,0,0,0,0,0,1337,1627.81,2.40137,3.52742,168488,8,29433,486,464433,32,117732,1944,32,4,644756,1319142,20632192,5276568,25908760,4,4,12,4,4,4,0,20,20,20260807,5,1,1,1,0,0,0,6541,0.272542,1,0.0015,0
2515,22120.8,11,0,2.55437,8.94438,0,0,0,11.4987,361,361,0,1,2.45175,2.45175,1830,367,0,1235,0,0,0,0,0,1337,1627.81,2.40137,3.52742,168488,8,29433,486,464433,32,117732,1944,32,4,644756,1319142,20632192,5276568,25908760,4,4,12,4,4,4,0,20,20,20260807,5,1,1,1,0,0,0,6541,0.272542,1,0.0015,0
2516,22126,6,0,2.23475,2.94679,0,0,0,5.18154,361,361,0,1,2.45175,2.45175,1830,367,0,1235,0,0,0,0,0,1337,1627.81,2.40137,3.52742,168488,8,29433,486,464433,32,117732,1944,32,4,644756,1319142,20632192,5276568,25908760,4,4,12,4,4,4,0,20,20,20260807,5,1,1,1,0,0,0,6541,0.272542,1,0.0015,0
2517,22137.3,11,0,2.32042,8.89654,0,0,0,11.217,361,361,0,1,2.45175,2.45175,1830,367,0,1235,0,0,0,0,0,1337,1627.81,2.40137,3.52742,168488,8,29433,486,464433,32,117732,1944,32,4,644756,1319142,20632192,5276568,25908760,4,4,12,4,4,4,0,20,20,20260807,5,1,1,1,0,0,0,6541,0.272542,1,0.0015,0
2518,22148.5,11,0,2.12083,9.03729,0,0,0,11.1581,361,361,0,1,2.45175,2.45175,1830,367,0,1235,0,0,0,0,0,1337,1627.81,2.40137,3.52742,168488,8,29433,486,464433,32,117732,1944,32,4,644756,1319142,20632192,5276568,25908760,4,4,12,4,4,4,0,20,20,20260807,5,1,1,1,0,0,0,6541,0.272542,1,0.0015,0
2519,22160.1,12,0,2.11963,9.38975,0,0,0,11.5094,361,361,0,1,2.45175,2.45175,1830,367,0,1235,0,0,0,0,0,1337,1627.81,2.40137,3.52742,168488,8,29433,486,464433,32,117732,1944,32,4,644756,1319142,20632192,5276568,25908760,4,4,12,4,4,4,0,20,20,20260807,5,1,1,1,0,0,0,6542,0.272583,1,0.0015,1
2520,22170.7,10,0,2.17771,8.32375,0,0,0,10.5015,361,361,0,1,2.45175,2.45175,1830,367,0,1235,0,0,0,0,0,1337,1627.81,2.40137,3.52742,168488,8,29433,486,464433,32,117732,1944,32,4,644756,1319142,20632192,5276568,25908760,4,4,12,4,4,4,0,20,20,20260807,5,1,1,1,0,0,0,6542,0.272583,1,0.0015,0
2521,22175.8,6,0,2.13996,2.87821,0,0,0,5.01817,361,361,0,1,2.45175,2.45175,1830,367,0,1235,0,0,0,0,0,1337,1627.81,2.40137,3.52742,168488,8,29433,486,464433,32,117732,1944,32,4,644756,1319142,20632192,5276568,25908760,4,4,12,4,4,4,0,20,20,20260807,5,1,1,1,0,0,0,6542,0.272583,1,0.0015,0
2522,22188.1,12,0,2.242,10.0012,0,0,0,12.2432,361,361,0,1,2.45175,2.45175,1830,367,0,1235,0,0,0,0,0,1337,1627.81,2.40137,3.52742,168488,8,29433,486,464433,32,117732,1944,32,4,644756,1319142,20632192,5276568,25908760,4,4,12,4,4,4,0,20,20,20260807,5,1,1,1,0,0,0,6542,0.272583,1,0.0015,0
2523,22193.3,5,0,2.09783,2.99962,0,0,0,5.09746,361,361,0,1,2.45175,2.45175,1830,367,0,1235,0,0,0,0,0,1337,1627.81,2.40137,3.52742,168488,8,29433,486,464433,32,117732,1944,32,4,644756,1319142,20632192,5276568,25908760,4,4,12,4,4,4,0,20,20,20260807,5,1,1,1,0,0,0,6542,0.272583,1,0.0015,0
2524,22203.9,11,0,2.46054,8.10138,0,0,0,10.5619,361,361,0,1,2.45175,2.45175,1830,367,0,1235,0,0,0,0,0,1337,1627.81,2.40137,3.52742,168488,8,29433,486,464433,32,117732,1944,32,4,644756,1319142,20632192,5276568,25908760,4,4,12,4,4,4,0,20,20,20260807,5,1,1,1,0,0,0,6543,0.272625,1,0.0015,1
2525,22209.9,6,0,2.13413,3.70308,0,0,0,5.83721,361,361,0,1,2.45175,2.45175,1830,367,0,1235,0,0,0,0,0,1337,1627.81,2.40137,3.52742,168488,8,29433,486,464433,32,117732,1944,32,4,644756,1319142,20632192,5276568,25908760,4,4,12,4,4,4,0,20,20,20260807,5,1,1,1,0,0,0,6543,0.272625,1,0.0015,0
2526,22224.6,14,0,2.25013,12.4572,0,0,0,14.7073,361,361,0,1,2.45175,2.45175,1830,367,0,1235,0,0,0,0,0,1337,1627.81,2.40137,3.52742,168488,8,29433,486,464433,32,117732,1944,32,4,644756,1319142,20632192,5276568,25908760,4,4,12,4,4,4,0,20,20,20260807,5,1,1,1,0,0,0,6543,0.272625,1,0.0015,0
2527,22230.2,6,0,2.09267,3.42488,0,0,0,5.51754,361,361,0,1,2.45175,2.45175,1830,367,0,1235,0,0,0,0,0,1337,1627.81,2.40137,3.52742,168488,8,29433,486,464433,32,117732,1944,32,4,644756,1319142,20632192,5276568,25908760,4,4,12,4,4,4,0,20,20,20260807,5,1,1,1,0,0,0,6543,0.272625,1,0.0015,0
2528,22237.3,7,0,2.23967,4.70325,0,0,0,6.94292,361,361,0,1,2.45175,2.45175,1830,367,0,1235,0,0,0,0,0,1337,1627.81,2.40137,3.52742,168488,8,29433,486,464433,32,117732,1944,32,4,644756,1319142,20632192,5276568,25908760,4,4,12,4,4,4,0,20,20,20260807,5,1,1,1,0,0,0,6543,0.272625,1,0.0015,0
2529,22242.9,6,0,2.16633,3.42508,0,0,0,5.59142,361,361,0,1,2.45175,2.45175,1830,367,0,1235,0,0,0,0,0,1337,1627.81,2.40137,3.52742,168488,8,29433,486,464433,32,117732,1944,32,4,644756,1319142,20632192,5276568,25908760,4,4,12,4,4,4,0,20,20,20260807,5,1,1,1,0,0,0,6543,0.272625,1,0.0015,0
2530,22254.3,11,0,2.27371,9.07154,0,0,0,11.3453,361,361,0,1,2.45175,2.45175,1830,367,0,1235,0,0,0,0,0,1337,1627.81,2.40137,3.52742,168488,8,29433,486,464433,32,117732,1944,32,4,644756,1319142,20632192,5276568,25908760,4,4,12,4,4,4,0,20,20,20260807,5,1,1,1,0,0,0,6544,0.272667,1,0.0015,1
2531,22259.5,5,0,2.17263,2.94621,0,0,0,5.11883,361,361,0,1,2.45175,2.45175,1830,367,0,1235,0,0,0,0,0,1337,1627.81,2.40137,3.52742,168488,8,29433,486,464433,32,117732,1944,32,4,644756,1319142,20632192,5276568,25908760,4,4,12,4,4,4,0,20,20,20260807,5,1,1,1,0,0,0,6544,0.272667,1,0.0015,0
2532,22270.9,12,0,2.35862,8.87854,0,0,0,11.2372,361,361,0,1,2.45175,2.45175,1830,367,0,1235,0,0,0,0,0,1337,1627.81,2.40137,3.52742,168488,8,29433,486,464433,32,117732,1944,32,4,644756,1319142,20632192,5276568,25908760,4,4,12,4,4,4,0,20,20,20260807,5,1,1,1,0,0,0,6544,0.272667,1,0.0015,0
2533,22276,5,0,2.0465,2.98825,0,0,0,5.03475,361,361,0,1,2.45175,2.45175,1830,367,0,1235,0,0,0,0,0,1337,1627.81,2.40137,3.52742,168488,8,29433,486,464433,32,117732,1944,32,4,644756,1319142,20632192,5276568,25908760,4,4,12,4,4,4,0,20,20,20260807,5,1,1,1,0,0,0,6544,0.272667,1,0.0015,0
2534,22287.4,12,0,2.27804,9.13725,0,0,0,11.4153,361,361,0,1,2.45175,2.45175,1830,367,0,1235,0,0,0,0,0,1337,1627.81,2.40137,3.52742,168488,8,29433,486,464433,32,117732,1944,32,4,644756,1319142,20632192,5276568,25908760,4,4,12,4,4,4,0,20,20,20260807,5,1,1,1,0,0,0,6544,0.272667,1,0.0015,0
2535,22295.4,8,0,2.14421,5.72308,0,0,0,7.86729,361,361,0,1,2.45175,2.45175,1830,367,0,1235,0,0,0,0,0,1337,1627.81,2.40137,3.52742,168488,8,29433,486,464433,32,117732,1944,32,4,644756,1319142,20632192,5276568,25908760,4,4,12,4,4,4,0,20,20,20260807,5,1,1,1,0,0,0,6544,0.272667,1,0.0015,0
2536,22304.3,9,0,2.12867,6.68096,0,0,0,8.80963,361,361,0,1,2.45175,2.45175,1830,367,0,1235,0,0,0,0,0,1337,1627.81,2.40137,3.52742,168488,8,29433,486,464433,32,117732,1944,32,4,644756,1319142,20632192,5276568,25908760,4,4,12,4,4,4,0,20,20,20260807,5,1,1,1,0,0,0,6545,0.272708,1,0.0015,1
2537,22310.2,6,0,2.07592,3.80542,0,0,0,5.88133,361,361,0,1,2.45175,2.45175,1830,367,0,1235,0,0,0,0,0,1337,1627.81,2.40137,3.52742,168488,8,29433,486,464433,32,117732,1944,32,4,644756,1319142,20632192,5276568,25908760,4,4,12,4,4,4,0,20,20,20260807,5,1,1,1,0,0,0,6545,0.272708,1,0.0015,0
2538,22320.8,11,0,2.25329,8.25992,0,0,0,10.5132,361,361,0,1,2.45175,2.45175,1830,367,0,1235,0,0,0,0,0,1337,1627.81,2.40137,3.52742,168488,8,29433,486,464433,32,117732,1944,32,4,644756,1319142,20632192,5276568,25908760,4,4,12,4,4,4,0,20,20,20260807,5,1,1,1,0,0,0,6545,0.272708,1,0.0015,0
2539,22325.9,5,0,2.08775,2.89208,0,0,0,4.97983,361,361,0,1,2.45175,2.45175,1830,367,0,1235,0,0,0,0,0,1337,1627.81,2.40137,3.52742,168488,8,29433,486,464433,32,117732,1944,32,4,644756,1319142,20632192,5276568,25908760,4,4,12,4,4,4,0,20,20,20260807,5,1,1,1,0,0,0,6545,0.272708,1,0.0015,0
2540,22337.4,11,0,2.33537,9.01592,0,0,0,11.3513,361,361,0,1,2.45175,2.45175,1830,367,0,1235,0,0,0,0,0,1337,1627.81,2.40137,3.52742,168488,8,29433,486,464433,32,117732,1944,32,4,644756,1319142,20632192,5276568,25908760,4,4,12,4,4,4,0,20,20,20260807,5,1,1,1,0,0,0,6545,0.272708,1,0.0015,0
2541,22343,6,0,2.05667,3.49171,0,0,0,5.54838,361,361,0,1,2.45175,2.45175,1830,367,0,1235,0,0,0,0,0,1337,1627.81,2.40137,3.52742,168488,8,29433,486,464433,32,117732,1944,32,4,644756,1319142,20632192,5276568,25908760,4,4,12,4,4,4,0,20,20,20260807,5,1,1,1,0,0,0,6545,0.272708,1,0.0015,0
2542,22353.9,11,0,2.73392,8.06233,0,0,0,10.7963,361,361,0,1,2.45175,2.45175,1830,367,0,1235,0,0,0,0,0,1337,1627.81,2.40137,3.52742,168488,8,29433,486,464433,32,117732,1944,32,4,644756,1319142,20632192,5276568,25908760,4,4,12,4,4,4,0,20,20,20260807,5,1,1,1,0,0,0,6546,0.27275,1,0.0015,1
2543,22360.1,6,0,2.05433,4.15342,0,0,0,6.20775,361,361,0,1,2.45175,2.45175,1830,367,0,1235,0,0,0,0,0,1337,1627.81,2.40137,3.52742,168488,8,29433,486,464433,32,117732,1944,32,4,644756,1319142,20632192,5276568,25908760,4,4,12,4,4,4,0,20,20,20260807,5,1,1,1,0,0,0,6546,0.27275,1,0.0015,0
2544,22370.5,10,0,2.30421,8.00338,0,0,0,10.3076,361,361,0,1,2.45175,2.45175,1830,367,0,1235,0,0,0,0,0,1337,1627.81,2.40137,3.52742,168488,8,29433,486,464433,32,117732,1944,32,4,644756,1319142,20632192,5276568,25908760,4,4,12,4,4,4,0,20,20,20260807,5,1,1,1,0,0,0,6546,0.27275,1,0.0015,0
2545,22376.7,6,0,2.04233,4.0315,0,0,0,6.07383,361,361,0,1,2.45175,2.45175,1830,367,0,1235,0,0,0,0,0,1337,1627.81,2.40137,3.52742,168488,8,29433,486,464433,32,117732,1944,32,4,644756,1319142,20632192,5276568,25908760,4,4,12,4,4,4,0,20,20,20260807,5,1,1,1,0,0,0,6546,0.27275,1,0.0015,0
2546,22387.3,11,0,2.29254,8.23383,0,0,0,10.5264,361,361,0,1,2.45175,2.45175,1830,367,0,1235,0,0,0,0,0,1337,1627.81,2.40137,3.52742,168488,8,29433,486,464433,32,117732,1944,32,4,644756,1319142,20632192,5276568,25908760,4,4,12,4,4,4,0,20,20,20260807,5,1,1,1,0,0,0,6546,0.27275,1,0.0015,0
2547,22394,7,0,2.07037,4.54029,0,0,0,6.61067,361,361,0,1,2.45175,2.45175,1830,367,0,1235,0,0,0,0,0,1337,1627.81,2.40137,3.52742,168488,8,29433,486,464433,32,117732,1944,32,4,644756,1319142,20632192,5276568,25908760,4,4,12,4,4,4,0,20,20,20260807,5,1,1,1,0,0,0,6546,0.27275,1,0.0015,0
2548,22403.9,10,0,2.14213,7.72096,0,0,0,9.86308,361,361,0,1,2.45175,2.45175,1830,367,0,1235,0,0,0,0,0,1337,1627.81,2.40137,3.52742,168488,8,29433,486,464433,32,117732,1944,32,4,644756,1319142,20632192,5276568,25908760,4,4,12,4,4,4,0,20,20,20260807,5,1,1,1,0,0,0,6547,0.272792,1,0.0015,1
2549,22409.8,6,0,2.07408,3.79092,0,0,0,5.865,361,361,0,1,2.45175,2.45175,1830,367,0,1235,0,0,0,0,0,1337,1627.81,2.40137,3.52742,168488,8,29433,486,464433,32,117732,1944,32,4,644756,1319142,20632192,5276568,25908760,4,4,12,4,4,4,0,20,20,20260807,5,1,1,1,0,0,0,6547,0.272792,1,0.0015,0
2550,22420.7,10,0,2.43438,8.316,0,0,0,10.7504,361,361,0,1,2.45175,2.45175,1830,367,0,1235,0,0,0,0,0,1337,1627.81,2.40137,3.52742,168488,8,29433,486,464433,32,117732,1944,32,4,644756,1319142,20632192,5276568,25908760,4,4,12,4,4,4,0,20,20,20260807,5,1,1,1,0,0,0,6547,0.272792,1,0.0015,0
2551,22428,8,0,2.06288,5.13708,0,0,0,7.19996,361,361,0,1,2.45175,2.45175,1830,367,0,1235,0,0,0,0,0,1337,1627.81,2.40137,3.52742,168488,8,29433,486,464433,32,117732,1944,32,4,644756,1319142,20632192,5276568,25908760,4,4,12,4,4,4,0,20,20,20260807,5,1,1,1,0,0,0,6547,0.272792,1,0.0015,0
2552,22437.2,9,0,2.12275,7.09667,0,0,0,9.21942,361,361,0,1,2.45175,2.45175,1830,367,0,1235,0,0,0,0,0,1337,1627.81,2.40137,3.52742,168488,8,29433,486,464433,32,117732,1944,32,4,644756,1319142,20632192,5276568,25908760,4,4,12,4,4,4,0,20,20,20260807,5,1,1,1,0,0,0,6547,0.272792,1,0.0015,0
2553,22444,7,0,2.11767,4.53075,0,0,0,6.64842,361,361,0,1,2.45175,2.45175,1830,367,0,1235,0,0,0,0,0,1337,1627.81,2.40137,3.52742,168488,8,29433,486,464433,32,117732,1944,32,4,644756,1319142,20632192,5276568,25908760,4,4,12,4,4,4,0,20,20,20260807,5,1,1,1,0,0,0,6547,0.272792,1,0.0015,0
2554,22454.8,11,0,2.15721,8.59954,0,0,0,10.7568,361,361,0,1,2.45175,2.45175,1830,367,0,1235,0,0,0,0,0,1337,1627.81,2.40137,3.52742,168488,8,29433,486,464433,32,117732,1944,32,4,644756,1319142,20632192,5276568,25908760,4,4,12,4,4,4,0,20,20,20260807,5,1,1,1,0,0,0,6548,0.272833,1,0.0015,1
2555,22460.4,5,0,2.17871,3.34813,0,0,0,5.52683,361,361,0,1,2.45175,2.45175,1830,367,0,1235,0,0,0,0,0,1337,1627.81,2.40137,3.52742,168488,8,29433,486,464433,32,117732,1944,32,4,644756,1319142,20632192,5276568,25908760,4,4,12,4,4,4,0,20,20,20260807,5,1,1,1,0,0,0,6548,0.272833,1,0.0015,0
2556,22473,13,0,2.24558,10.2067,0,0,0,12.4523,361,361,0,1,2.45175,2.45175,1830,367,0,1235,0,0,0,0,0,1337,1627.81,2.40137,3.52742,168488,8,29433,486,464433,32,117732,1944,32,4,644756,1319142,20632192,5276568,25908760,4,4,12,4,4,4,0,20,20,20260807,5,1,1,1,0,0,0,6548,0.272833,1,0.0015,0
2557,22478.3,5,0,2.11137,3.16292,0,0,0,5.27429,361,361,0,1,2.45175,2.45175,1830,367,0,1235,0,0,0,0,0,1337,1627.81,2.40137,3.52742,168488,8,29433,486,464433,32,117732,1944,32,4,644756,1319142,20632192,5276568,25908760,4,4,12,4,4,4,0,20,20,20260807,5,1,1,1,0,0,0,6548,0.272833,1,0.0015,0
2558,22488.9,11,0,2.20025,8.25117,0,0,0,10.4514,361,361,0,1,2.45175,2.45175,1830,367,0,1235,0,0,0,0,0,1337,1627.81,2.40137,3.52742,168488,8,29433,486,464433,32,117732,1944,32,4,644756,1319142,20632192,5276568,25908760,4,4,12,4,4,4,0,20,20,20260807,5,1,1,1,0,0,0,6548,0.272833,1,0.0015,0
2559,22494.1,5,0,2.129,3.01771,0,0,0,5.14671,361,361,0,1,2.45175,2.45175,1830,367,0,1235,0,0,0,0,0,1337,1627.81,2.40137,3.52742,168488,8,29433,486,464433,32,117732,1944,32,4,644756,1319142,20632192,5276568,25908760,4,4,12,4,4,4,0,20,20,20260807,5,1,1,1,0,0,0,6549,0.272875,1,0.0015,1
2560,22506.5,12,0,2.32687,10.0502,0,0,0,12.377,361,361,0,1,2.45175,2.45175,1830,367,0,1235,0,0,0,0,0,1337,1627.81,2.40137,3.52742,168488,8,29433,486,464433,32,117732,1944,32,4,644756,1319142,20632192,5276568,25908760,4,4,12,4,4,4,0,20,20,20260807,5,1,1,1,0,0,0,6549,0.272875,1,0.0015,0
2561,22512,6,0,2.12396,3.27575,0,0,0,5.39971,361,361,0,1,2.45175,2.45175,1830,367,0,1235,0,0,0,0,0,1337,1627.81,2.40137,3.52742,168488,8,29433,486,464433,32,117732,1944,32,4,644756,1319142,20632192,5276568,25908760,4,4,12,4,4,4,0,20,20,20260807,5,1,1,1,0,0,0,6549,0.272875,1,0.0015,0
2562,22521.2,9,0,2.24158,6.81096,0,0,0,9.05254,361,361,0,1,2.45175,2.45175,1830,367,0,1235,0,0,0,0,0,1337,1627.81,2.40137,3.52742,168488,8,29433,486,464433,32,117732,1944,32,4,644756,1319142,20632192,5276568,25908760,4,4,12,4,4,4,0,20,20,20260807,5,1,1,1,0,0,0,6549,0.272875,1,0.0015,0
2563,22526.2,5,0,2.09863,2.89508,0,0,0,4.99371,361,361,0,1,2.45175,2.45175,1830,367,0,1235,0,0,0,0,0,1337,1627.81,2.40137,3.52742,168488,8,29433,486,464433,32,117732,1944,32,4,644756,1319142,20632192,5276568,25908760,4,4,12,4,4,4,0,20,20,20260807,5,1,1,1,0,0,0,6549,0.272875,1,0.0015,0
2564,22537.4,11,0,2.34088,8.74229,0,0,0,11.0832,361,361,0,1,2.45175,2.45175,1830,367,0,1235,0,0,0,0,0,1337,1627.81,2.40137,3.52742,168488,8,29433,486,464433,32,117732,1944,32,4,644756,1319142,20632192,5276568,25908760,4,4,12,4,4,4,0,20,20,20260807,5,1,1,1,0,0,0,6549,0.272875,1,0.0015,0
2565,22543.4,6,0,2.08487,3.87183,0,0,0,5.95671,361,361,0,1,2.45175,2.45175,1830,367,0,1235,0,0,0,0,0,1337,1627.81,2.40137,3.52742,168488,8,29433,486,464433,32,117732,1944,32,4,644756,1319142,20632192,5276568,25908760,4,4,12,4,4,4,0,20,20,20260807,5,1,1,1,0,0,0,6549,0.272875,1,0.0015,0
2566,22554,11,0,2.22883,8.18767,0,0,0,10.4165,361,361,0,1,2.45175,2.45175,1830,367,0,1235,0,0,0,0,0,1337,1627.81,2.40137,3.52742,168488,8,29433,486,464433,32,117732,1944,32,4,644756,1319142,20632192,5276568,25908760,4,4,12,4,4,4,0,20,20,20260807,5,1,1,1,0,0,0,6550,0.272917,1,0.0015,1
2567,22560.5,6,0,2.07633,4.31329,0,0,0,6.38962,361,361,0,1,2.45175,2.45175,1830,367,0,1235,0,0,0,0,0,1337,1627.81,2.40137,3.52742,168488,8,29433,486,464433,32,117732,1944,32,4,644756,1319142,20632192,5276568,25908760,4,4,12,4,4,4,0,20,20,20260807,5,1,1,1,0,0,0,6550,0.272917,1,0.0015,0
2568,22570.6,10,0,2.1755,7.909,0,0,0,10.0845,361,361,0,1,2.45175,2.45175,1830,367,0,1235,0,0,0,0,0,1337,1627.81,2.40137,3.52742,168488,8,29433,486,464433,32,117732,1944,32,4,644756,1319142,20632192,5276568,25908760,4,4,12,4,4,4,0,20,20,20260807,5,1,1,1,0,0,0,6550,0.272917,1,0.0015,0
2569,22576.7,6,0,2.09321,3.86646,0,0,0,5.95967,361,361,0,1,2.45175,2.45175,1830,367,0,1235,0,0,0,0,0,1337,1627.81,2.40137,3.52742,168488,8,29433,486,464433,32,117732,1944,32,4,644756,1319142,20632192,5276568,25908760,4,4,12,4,4,4,0,20,20,20260807,5,1,1,1,0,0,0,6550,0.272917,1,0.0015,0
2570,22587.3,11,0,3.16229,7.3645,0,0,0,10.5268,361,361,0,1,2.45175,2.45175,1830,367,0,1235,0,0,0,0,0,1337,1627.81,2.40137,3.52742,168488,8,29433,486,464433,32,117732,1944,32,4,644756,1319142,20632192,5276568,25908760,4,4,12,4,4,4,0,20,20,20260807,5,1,1,1,0,0,0,6550,0.272917,1,0.0015,0
2571,22595.5,8,0,2.08425,6.07888,0,0,0,8.16313,361,361,0,1,2.45175,2.45175,1830,367,0,1235,0,0,0,0,0,1337,1627.81,2.40137,3.52742,168488,8,29433,486,464433,32,117732,1944,32,4,644756,1319142,20632192,5276568,25908760,4,4,12,4,4,4,0,20,20,20260807,5,1,1,1,0,0,0,6550,0.272917,1,0.0015,0
2572,22604.2,9,0,2.08592,6.47738,0,0,0,8.56329,361,361,0,1,2.45175,2.45175,1830,367,0,1235,0,0,0,0,0,1337,1627.81,2.40137,3.52742,168488,8,29433,486,464433,32,117732,1944,32,4,644756,1319142,20632192,5276568,25908760,4,4,12,4,4,4,0,20,20,20260807,5,1,1,1,0,0,0,6551,0.272958,1,0.0015,1
2573,22610,6,0,2.13354,3.60308,0,0,0,5.73663,361,361,0,1,2.45175,2.45175,1830,367,0,1235,0,0,0,0,0,1337,1627.81,2.40137,3.52742,168488,8,29433,486,464433,32,117732,1944,32,4,644756,1319142,20632192,5276568,25908760,4,4,12,4,4,4,0,20,20,20260807,5,1,1,1,0,0,0,6551,0.272958,1,0.0015,0
2574,22620.7,10,0,2.37017,8.25858,0,0,0,10.6288,361,361,0,1,2.45175,2.45175,1830,367,0,1235,0,0,0,0,0,1337,1627.81,2.40137,3.52742,168488,8,29433,486,464433,32,117732,1944,32,4,644756,1319142,20632192,5276568,25908760,4,4,12,4,4,4,0,20,20,20260807,5,1,1,1,0,0,0,6551,0.272958,1,0.0015,0
2575,22627.4,7,0,2.06708,4.52917,0,0,0,6.59625,361,361,0,1,2.45175,2.45175,1830,367,0,1235,0,0,0,0,0,1337,1627.81,2.40137,3.52742,168488,8,29433,486,464433,32,117732,1944,32,4,644756,1319142,20632192,5276568,25908760,4,4,12,4,4,4,0,20,20,20260807,5,1,1,1,0,0,0,6551,0.272958,1,0.0015,0
2576,22637.3,10,0,2.02117,7.82617,0,0,0,9.84733,361,361,0,1,2.45175,2.45175,1830,367,0,1235,0,0,0,0,0,1337,1627.81,2.40137,3.52742,168488,8,29433,486,464433,32,117732,1944,32,4,644756,1319142,20632192,5276568,25908760,4,4,12,4,4,4,0,20,20,20260807,5,1,1,1,0,0,0,6551,0.272958,1,0.0015,0
2577,22643.1,6,0,2.0685,3.68637,0,0,0,5.75488,361,361,0,1,2.45175,2.45175,1830,367,0,1235,0,0,0,0,0,1337,1627.81,2.40137,3.52742,168488,8,29433,486,464433,32,117732,1944,32,4,644756,1319142,20632192,5276568,25908760,4,4,12,4,4,4,0,20,20,20260807,5,1,1,1,0,0,0,6551,0.272958,1,0.0015,0
2578,22654,11,0,2.42775,8.35487,0,0,0,10.7826,361,361,0,1,2.45175,2.45175,1830,367,0,1235,0,0,0,0,0,1337,1627.81,2.40137,3.52742,168488,8,29433,486,464433,32,117732,1944,32,4,644756,1319142,20632192,5276568,25908760,4,4,12,4,4,4,0,20,20,20260807,5,1,1,1,0,0,0,6552,0.273,1,0.0015,1
2579,22661.2,7,0,2.02229,5.15946,0,0,0,7.18175,361,361,0,1,2.45175,2.45175,1830,367,0,1235,0,0,0,0,0,1337,1627.81,2.40137,3.52742,168488,8,29433,486,464433,32,117732,1944,32,4,644756,1319142,20632192,5276568,25908760,4,4,12,4,4,4,0,20,20,20260807,5,1,1,1,0,0,0,6552,0.273,1,0.0015,0
2580,22670.6,9,0,2.0945,7.21975,0,0,0,9.31425,361,361,0,1,2.45175,2.45175,1830,367,0,1235,0,0,0,0,0,1337,1627.81,2.40137,3.52742,168488,8,29433,486,464433,32,117732,1944,32,4,644756,1319142,20632192,5276568,25908760,4,4,12,4,4,4,0,20,20,20260807,5,1,1,1,0,0,0,6552,0.273,1,0.0015,0
2581,22676.5,6,0,2.06521,3.69308,0,0,0,5.75829,361,361,0,1,2.45175,2.45175,1830,367,0,1235,0,0,0,0,0,1337,1627.81,2.40137,3.52742,168488,8,29433,486,464433,32,117732,1944,32,4,644756,1319142,20632192,5276568,25908760,4,4,12,4,4,4,0,20,20,20260807,5,1,1,1,0,0,0,6552,0.273,1,0.0015,0
2582,22687.4,11,0,3.775,7.09325,0,0,0,10.8682,361,361,0,1,2.45175,2.45175,1830,367,0,1235,0,0,0,0,0,1337,1627.81,2.40137,3.52742,168488,8,29433,486,464433,32,117732,1944,32,4,644756,1319142,20632192,5276568,25908760,4,4,12,4,4,4,0,20,20,20260807,5,1,1,1,0,0,0,6552,0.273,1,0.0015,0
2583,22693.4,6,0,2.05512,3.80554,0,0,0,5.86067,361,361,0,1,2.45175,2.45175,1830,367,0,1235,0,0,0,0,0,1337,1627.81,2.40137,3.52742,168488,8,29433,486,464433,32,117732,1944,32,4,644756,1319142,20632192,5276568,25908760,4,4,12,4,4,4,0,20,20,20260807,5,1,1,1,0,0,0,6552,0.273,1,0.0015,0
2584,22704.5,11,0,2.31062,8.74325,0,0,0,11.0539,361,361,0,1,2.45175,2.45175,1830,367,0,1235,0,0,0,0,0,1337,1627.81,2.40137,3.52742,168488,8,29433,486,464433,32,117732,1944,32,4,644756,1319142,20632192,5276568,25908760,4,4,12,4,4,4,0,20,20,20260807,5,1,1,1,0,0,0,6553,0.273042,1,0.0015,1
2585,22710.1,6,0,2.11292,3.37054,0,0,0,5.48346,361,361,0,1,2.45175,2.45175,1830,367,0,1235,0,0,0,0,0,1337,1627.81,2.40137,3.52742,168488,8,29433,486,464433,32,117732,1944,32,4,644756,1319142,20632192,5276568,25908760,4,4,12,4,4,4,0,20,20,20260807,5,1,1,1,0,0,0,6553,0.273042,1,0.0015,0
2586,22720.6,10,0,3.09046,7.42567,0,0,0,10.5161,361,361,0,1,2.45175,2.45175,1830,367,0,1235,0,0,0,0,0,1337,1627.81,2.40137,3.52742,168488,8,29433,486,464433,32,117732,1944,32,4,644756,1319142,20632192,5276568,25908760,4,4,12,4,4,4,0,20,20,20260807,5,1,1,1,0,0,0,6553,0.273042,1,0.0015,0
2587,22728.2,8,0,2.04392,5.41429,0,0,0,7.45821,361,361,0,1,2.45175,2.45175,1830,367,0,1235,0,0,0,0,0,1337,1627.81,2.40137,3.52742,168488,8,29433,486,464433,32,117732,1944,32,4,644756,1319142,20632192,5276568,25908760,4,4,12,4,4,4,0,20,20,20260807,5,1,1,1,0,0,0,6553,0.273042,1,0.0015,0
2588,22737.1,9,0,1.99913,6.88346,0,0,0,8.88258,361,361,0,1,2.45175,2.45175,1830,367,0,1235,0,0,0,0,0,1337,1627.81,2.40137,3.52742,168488,8,29433,486,464433,32,117732,1944,32,4,644756,1319142,20632192,5276568,25908760,4,4,12,4,4,4,0,20,20,20260807,5,1,1,1,0,0,0,6553,0.273042,1,0.0015,0
2589,22743.3,6,0,2.07817,4.00292,0,0,0,6.08108,361,361,0,1,2.45175,2.45175,1830,367,0,1235,0,0,0,0,0,1337,1627.81,2.40137,3.52742,168488,8,29433,486,464433,32,117732,1944,32,4,644756,1319142,20632192,5276568,25908760,4,4,12,4,4,4,0,20,20,20260807,5,1,1,1,0,0,0,6553,0.273042,1,0.0015,0
2590,22754,11,0,2.29738,8.30721,0,0,0,10.6046,361,361,0,1,2.45175,2.45175,1830,367,0,1235,0,0,0,0,0,1337,1627.81,2.40137,3.52742,168488,8,29433,486,464433,32,117732,1944,32,4,644756,1319142,20632192,5276568,25908760,4,4,12,4,4,4,0,20,20,20260807,5,1,1,1,0,0,0,6554,0.273083,1,0.0015,1
2591,22759.9,6,0,2.09342,3.74417,0,0,0,5.83758,361,361,0,1,2.45175,2.45175,1830,367,0,1235,0,0,0,0,0,1337,1627.81,2.40137,3.52742,168488,8,29433,486,464433,32,117732,1944,32,4,644756,1319142,20632192,5276568,25908760,4,4,12,4,4,4,0,20,20,20260807,5,1,1,1,0,0,0,6554,0.273083,1,0.0015,0
2592,22770.7,10,0,2.22975,8.53967,0,0,0,10.7694,361,361,0,1,2.45175,2.45175,1830,367,0,1235,0,0,0,0,0,1337,1627.81,2.40137,3.52742,168488,8,29433,486,464433,32,117732,1944,32,4,644756,1319142,20632192,5276568,25908760,4,4,12,4,4,4,0,20,20,20260807,5,1,1,1,0,0,0,6554,0.273083,1,0.0015,0
2593,22777.6,7,0,2.06937,4.70388,0,0,0,6.77325,361,361,0,1,2.45175,2.45175,1830,367,0,1235,0,0,0,0,0,1337,1627.81,2.40137,3.52742,168488,8,29433,486,464433,32,117732,1944,32,4,644756,1319142,20632192,5276568,25908760,4,4,12,4,4,4,0,20,20,20260807,5,1,1,1,0,0,0,6554,0.273083,1,0.0015,0
2594,22787.2,10,0,2.02658,7.52571,0,0,0,9.55229,361,361,0,1,2.45175,2.45175,1830,367,0,1235,0,0,0,0,0,1337,1627.81,2.40137,3.52742,168488,8,29433,486,464433,32,117732,1944,32,4,644756,1319142,20632192,5276568,25908760,4,4,12,4,4,4,0,20,20,20260807,5,1,1,1,0,0,0,6554,0.273083,1,0.0015,0
2595,22794.5,7,0,2.06442,5.11925,0,0,0,7.18367,361,361,0,1,2.45175,2.45175,1830,367,0,1235,0,0,0,0,0,1337,1627.81,2.40137,3.52742,168488,8,29433,486,464433,32,117732,1944,32,4,644756,1319142,20632192,5276568,25908760,4,4,12,4,4,4,0,20,20,20260807,5,1,1,1,0,0,0,6554,0.273083,1,0.0015,0
2596,22804.1,10,0,2.19242,7.27758,0,0,0,9.47,361,361,0,1,2.45175,2.45175,1830,367,0,1235,0,0,0,0,0,1337,1627.81,2.40137,3.52742,168488,8,29433,486,464433,32,117732,1944,32,4,644756,1319142,20632192,5276568,25908760,4,4,12,4,4,4,0,20,20,20260807,5,1,1,1,0,0,0,6555,0.273125,1,0.0015,1
2597,22810.8,6,0,2.09638,4.55867,0,0,0,6.65504,361,361,0,1,2.45175,2.45175,1830,367,0,1235,0,0,0,0,0,1337,1627.81,2.40137,3.52742,168488,8,29433,486,464433,32,117732,1944,32,4,644756,1319142,20632192,5276568,25908760,4,4,12,4,4,4,0,20,20,20260807,5,1,1,1,0,0,0,6555,0.273125,1,0.0015,0
2598,22820.6,10,0,2.08162,7.5705,0,0,0,9.65212,361,361,0,1,2.45175,2.45175,1830,367,0,1235,0,0,0,0,0,1337,1627.81,2.40137,3.52742,168488,8,29433,486,464433,32,117732,1944,32,4,644756,1319142,20632192,5276568,25908760,4,4,12,4,4,4,0,20,20,20260807,5,1,1,1,0,0,0,6555,0.273125,1,0.0015,0
2599,22827.7,7,0,2.10333,4.99667,0,0,0,7.1,361,361,0,1,2.45175,2.45175,1830,367,0,1235,0,0,0,0,0,1337,1627.81,2.40137,3.52742,168488,8,29433,486,464433,32,117732,1944,32,4,644756,1319142,20632192,5276568,25908760,4,4,12,4,4,4,0,20,20,20260807,5,1,1,1,0,0,0,6555,0.273125,1,0.0015,0
2600,22837.2,10,0,2.06396,7.32292,0,0,0,9.38687,361,361,0,1,2.45175,2.45175,1830,367,0,1235,0,0,0,0,0,1337,1627.81,2.40137,3.52742,168488,8,29433,486,464433,32,117732,1944,32,4,644756,1319142,20632192,5276568,25908760,4,4,12,4,4,4,0,20,20,20260807,5,1,1,1,0,0,0,6555,0.273125,1,0.0015,0
2601,22843.1,6,0,1.99796,3.82167,0,0,0,5.81963,361,361,0,1,2.45175,2.45175,1830,367,0,1235,0,0,0,0,0,1337,1627.81,2.40137,3.52742,168488,8,29433,486,464433,32,117732,1944,32,4,644756,1319142,20632192,5276568,25908760,4,4,12,4,4,4,0,20,20,20260807,5,1,1,1,0,0,0,6555,0.273125,1,0.0015,0
2602,22854,11,0,2.25971,8.59062,0,0,0,10.8503,361,361,0,1,2.45175,2.45175,1830,367,0,1235,0,0,0,0,0,1337,1627.81,2.40137,3.52742,168488,8,29433,486,464433,32,117732,1944,32,4,644756,1319142,20632192,5276568,25908760,4,4,12,4,4,4,0,20,20,20260807,5,1,1,1,0,0,0,6556,0.273167,1,0.0015,1
2603,22860.9,7,0,2.04208,4.7805,0,0,0,6.82258,361,361,0,1,2.45175,2.45175,1830,367,0,1235,0,0,0,0,0,1337,1627.81,2.40137,3.52742,168488,8,29433,486,464433,32,117732,1944,32,4,644756,1319142,20632192,5276568,25908760,4,4,12,4,4,4,0,20,20,20260807,5,1,1,1,0,0,0,6556,0.273167,1,0.0015,0
2604,22870.5,9,0,2.09533,7.44242,0,0,0,9.53775,361,361,0,1,2.45175,2.45175,1830,367,0,1235,0,0,0,0,0,1337,1627.81,2.40137,3.52742,168488,8,29433,486,464433,32,117732,1944,32,4,644756,1319142,20632192,5276568,25908760,4,4,12,4,4,4,0,20,20,20260807,5,1,1,1,0,0,0,6556,0.273167,1,0.0015,0
2605,22876.4,6,0,2.09646,3.72187,0,0,0,5.81833,361,361,0,1,2.45175,2.45175,1830,367,0,1235,0,0,0,0,0,1337,1627.81,2.40137,3.52742,168488,8,29433,486,464433,32,117732,1944,32,4,644756,1319142,20632192,5276568,25908760,4,4,12,4,4,4,0,20,20,20260807,5,1,1,1,0,0,0,6556,0.273167,1,0.0015,0
2606,22887.3,11,0,2.38792,8.37142,0,0,0,10.7593,361,361,0,1,2.45175,2.45175,1830,367,0,1235,0,0,0,0,0,1337,1627.81,2.40137,3.52742,168488,8,29433,486,464433,32,117732,1944,32,4,644756,1319142,20632192,5276568,25908760,4,4,12,4,4,4,0,20,20,20260807,5,1,1,1,0,0,0,6556,0.273167,1,0.0015,0
2607,22894.1,7,0,2.03604,4.66967,0,0,0,6.70571,361,361,0,1,2.45175,2.45175,1830,367,0,1235,0,0,0,0,0,1337,1627.81,2.40137,3.52742,168488,8,29433,486,464433,32,117732,1944,32,4,644756,1319142,20632192,5276568,25908760,4,4,12,4,4,4,0,20,20,20260807,5,1,1,1,0,0,0,6556,0.273167,1,0.0015,0
2608,22903.9,10,0,2.18467,7.61337,0,0,0,9.79804,361,361,0,1,2.45175,2.45175,1830,367,0,1235,0,0,0,0,0,1337,1627.81,2.40137,3.52742,168488,8,29433,486,464433,32,117732,1944,32,4,644756,1319142,20632192,5276568,25908760,4,4,12,4,4,4,0,20,20,20260807,5,1,1,1,0,0,0,6557,0.273208,1,0.0015,1
2609,22909.9,6,0,2.09388,3.76496,0,0,0,5.85883,361,361,0,1,2.45175,2.45175,1830,367,0,1235,0,0,0,0,0,1337,1627.81,2.40137,3.52742,168488,8,29433,486,464433,32,117732,1944,32,4,644756,1319142,20632192,5276568,25908760,4,4,12,4,4,4,0,20,20,20260807,5,1,1,1,0,0,0,6557,0.273208,1,0.0015,0
2610,22920.7,10,0,2.27725,8.5095,0,0,0,10.7867,361,361,0,1,2.45175,2.45175,1830,367,0,1235,0,0,0,0,0,1337,1627.81,2.40137,3.52742,168488,8,29433,486,464433,32,117732,1944,32,4,644756,1319142,20632192,5276568,25908760,4,4,12,4,4,4,0,20,20,20260807,5,1,1,1,0,0,0,6557,0.273208,1,0.0015,0
2611,22927.1,7,0,2.06125,4.22088,0,0,0,6.28212,361,361,0,1,2.45175,2.45175,1830,367,0,1235,0,0,0,0,0,1337,1627.81,2.40137,3.52742,168488,8,29433,486,464433,32,117732,1944,32,4,644756,1319142,20632192,5276568,25908760,4,4,12,4,4,4,0,20,20,20260807,5,1,1,1,0,0,0,6557,0.273208,1,0.0015,0
2612,22937.3,10,0,2.15821,7.91463,0,0,0,10.0728,361,361,0,1,2.45175,2.45175,1830,367,0,1235,0,0,0,0,0,1337,1627.81,2.40137,3.52742,168488,8,29433,486,464433,32,117732,1944,32,4,644756,1319142,20632192,5276568,25908760,4,4,12,4,4,4,0,20,20,20260807,5,1,1,1,0,0,0,6557,0.273208,1,0.0015,0
2613,22943.2,6,0,2.09308,3.80837,0,0,0,5.90146,361,361,0,1,2.45175,2.45175,1830,367,0,1235,0,0,0,0,0,1337,1627.81,2.40137,3.52742,168488,8,29433,486,464433,32,117732,1944,32,4,644756,1319142,20632192,5276568,25908760,4,4,12,4,4,4,0,20,20,20260807,5,1,1,1,0,0,0,6557,0.273208,1,0.0015,0
2614,22953.9,11,0,2.26404,8.33904,0,0,0,10.6031,361,361,0,1,2.45175,2.45175,1830,367,0,1235,0,0,0,0,0,1337,1627.81,2.40137,3.52742,168488,8,29433,486,464433,32,117732,1944,32,4,644756,1319142,20632192,5276568,25908760,4,4,12,4,4,4,0,20,20,20260807,5,1,1,1,0,0,0,6558,0.27325,1,0.0015,1
2615,22960.6,6,0,2.03917,4.53329,0,0,0,6.57246,361,361,0,1,2.45175,2.45175,1830,367,0,1235,0,0,0,0,0,1337,1627.81,2.40137,3.52742,168488,8,29433,486,464433,32,117732,1944,32,4,644756,1319142,20632192,5276568,25908760,4,4,12,4,4,4,0,20,20,20260807,5,1,1,1,0,0,0,6558,0.27325,1,0.0015,0
2616,22970.7,10,0,4.68371,5.41446,0,0,0,10.0982,361,361,0,1,2.45175,2.45175,1830,367,0,1235,0,0,0,0,0,1337,1627.81,2.40137,3.52742,168488,8,29433,486,464433,32,117732,1944,32,4,644756,1319142,20632192,5276568,25908760,4,4,12,4,4,4,0,20,20,20260807,5,1,1,1,0,0,0,6558,0.27325,1,0.0015,0
2617,22976.5,6,0,2.05792,3.63437,0,0,0,5.69229,361,361,0,1,2.45175,2.45175,1830,367,0,1235,0,0,0,0,0,1337,1627.81,2.40137,3.52742,168488,8,29433,486,464433,32,117732,1944,32,4,644756,1319142,20632192,5276568,25908760,4,4,12,4,4,4,0,20,20,20260807,5,1,1,1,0,0,0,6558,0.27325,1,0.0015,0
2618,22987.3,11,0,2.22396,8.51092,0,0,0,10.7349,361,361,0,1,2.45175,2.45175,1830,367,0,1235,0,0,0,0,0,1337,1627.81,2.40137,3.52742,168488,8,29433,486,464433,32,117732,1944,32,4,644756,1319142,20632192,5276568,25908760,4,4,12,4,4,4,0,20,20,20260807,5,1,1,1,0,0,0,6558,0.27325,1,0.0015,0
2619,22993.9,7,0,2.11154,4.43258,0,0,0,6.54413,361,361,0,1,2.45175,2.45175,1830,367,0,1235,0,0,0,0,0,1337,1627.81,2.40137,3.52742,168488,8,29433,486,464433,32,117732,1944,32,4,644756,1319142,20632192,5276568,25908760,4,4,12,4,4,4,0,20,20,20260807,5,1,1,1,0,0,0,6558,0.27325,1,0.0015,0
2620,23003.9,10,0,2.21129,7.62804,0,0,0,9.83933,361,361,0,1,2.45175,2.45175,1830,367,0,1235,0,0,0,0,0,1337,1627.81,2.40137,3.52742,168488,8,29433,486,464433,32,117732,1944,32,4,644756,1319142,20632192,5276568,25908760,4,4,12,4,4,4,0,20,20,20260807,5,1,1,1,0,0,0,6559,0.273292,1,0.0015,1
2621,23009.5,5,0,2.09388,3.46913,0,0,0,5.563,361,361,0,1,2.45175,2.45175,1830,367,0,1235,0,0,0,0,0,1337,1627.81,2.40137,3.52742,168488,8,29433,486,464433,32,117732,1944,32,4,644756,1319142,20632192,5276568,25908760,4,4,12,4,4,4,0,20,20,20260807,5,1,1,1,0,0,0,6559,0.273292,1,0.0015,0
2622,23020.7,11,0,2.19433,8.90854,0,0,0,11.1029,361,361,0,1,2.45175,2.45175,1830,367,0,1235,0,0,0,0,0,1337,1627.81,2.40137,3.52742,168488,8,29433,486,464433,32,117732,1944,32,4,644756,1319142,20632192,5276568,25908760,4,4,12,4,4,4,0,20,20,20260807,5,1,1,1,0,0,0,6559,0.273292,1,0.0015,0
2623,23027.2,7,0,2.03204,4.42338,0,0,0,6.45542,361,361,0,1,2.45175,2.45175,1830,367,0,1235,0,0,0,0,0,1337,1627.81,2.40137,3.52742,168488,8,29433,486,464433,32,117732,1944,32,4,644756,1319142,20632192,5276568,25908760,4,4,12,4,4,4,0,20,20,20260807,5,1,1,1,0,0,0,6559,0.273292,1,0.0015,0
2624,23037.4,9,0,2.08533,7.99104,0,0,0,10.0764,361,361,0,1,2.45175,2.45175,1830,367,0,1235,0,0,0,0,0,1337,1627.81,2.40137,3.52742,168488,8,29433,486,464433,32,117732,1944,32,4,644756,1319142,20632192,5276568,25908760,4,4,12,4,4,4,0,20,20,20260807,5,1,1,1,0,0,0,6559,0.273292,1,0.0015,0
2625,23043.3,6,0,2.10529,3.71254,0,0,0,5.81783,361,361,0,1,2.45175,2.45175,1830,367,0,1235,0,0,0,0,0,1337,1627.81,2.40137,3.52742,168488,8,29433,486,464433,32,117732,1944,32,4,644756,1319142,20632192,5276568,25908760,4,4,12,4,4,4,0,20,20,20260807,5,1,1,1,0,0,0,6559,0.273292,1,0.0015,0
2626,23053.9,11,0,3.04796,7.51363,0,0,0,10.5616,361,361,0,1,2.45175,2.45175,1830,367,0,1235,0,0,0,0,0,1337,1627.81,2.40137,3.52742,168488,8,29433,486,464433,32,117732,1944,32,4,644756,1319142,20632192,5276568,25908760,4,4,12,4,4,4,0,20,20,20260807,5,1,1,1,0,0,0,6560,0.273333,1,0.0015,1
2627,23063.5,9,0,2.14921,7.298,0,0,0,9.44721,361,361,0,1,2.45175,2.45175,1830,367,0,1235,0,0,0,0,0,1337,1627.81,2.40137,3.52742,168488,8,29433,486,464433,32,117732,1944,32,4,644756,1319142,20632192,5276568,25908760,4,4,12,4,4,4,0,20,20,20260807,5,1,1,1,0,0,0,6560,0.273333,1,0.0015,0
2628,23070.6,7,0,2.09075,4.95346,0,0,0,7.04421,361,361,0,1,2.45175,2.45175,1830,367,0,1235,0,0,0,0,0,1337,1627.81,2.40137,3.52742,168488,8,29433,486,464433,32,117732,1944,32,4,644756,1319142,20632192,5276568,25908760,4,4,12,4,4,4,0,20,20,20260807,5,1,1,1,0,0,0,6560,0.273333,1,0.0015,0
2629,23076.5,6,0,2.06367,3.73529,0,0,0,5.79896,361,361,0,1,2.45175,2.45175,1830,367,0,1235,0,0,0,0,0,1337,1627.81,2.40137,3.52742,168488,8,29433,486,464433,32,117732,1944,32,4,644756,1319142,20632192,5276568,25908760,4,4,12,4,4,4,0,20,20,20260807,5,1,1,1,0,0,0,6560,0.273333,1,0.0015,0
2630,23087.4,11,0,2.60258,8.3075,0,0,0,10.9101,361,361,0,1,2.45175,2.45175,1830,367,0,1235,0,0,0,0,0,1337,1627.81,2.40137,3.52742,168488,8,29433,486,464433,32,117732,1944,32,4,644756,1319142,20632192,5276568,25908760,4,4,12,4,4,4,0,20,20,20260807,5,1,1,1,0,0,0,6560,0.273333,1,0.0015,0
2631,23093.3,6,0,2.10358,3.58479,0,0,0,5.68837,361,361,0,1,2.45175,2.45175,1830,367,0,1235,0,0,0,0,0,1337,1627.81,2.40137,3.52742,168488,8,29433,486,464433,32,117732,1944,32,4,644756,1319142,20632192,5276568,25908760,4,4,12,4,4,4,0,20,20,20260807,5,1,1,1,0,0,0,6560,0.273333,1,0.0015,0
2632,23103.9,11,0,2.29729,8.21288,0,0,0,10.5102,361,361,0,1,2.45175,2.45175,1830,367,0,1235,0,0,0,0,0,1337,1627.81,2.40137,3.52742,168488,8,29433,486,464433,32,117732,1944,32,4,644756,1319142,20632192,5276568,25908760,4,4,12,4,4,4,0,20,20,20260807,5,1,1,1,0,0,0,6561,0.273375,1,0.0015,1
2633,23109.7,5,0,2.096,3.63692,0,0,0,5.73292,361,361,0,1,2.45175,2.45175,1830,367,0,1235,0,0,0,0,0,1337,1627.81,2.40137,3.52742,168488,8,29433,486,464433,32,117732,1944,32,4,644756,1319142,20632192,5276568,25908760,4,4,12,4,4,4,0,20,20,20260807,5,1,1,1,0,0,0,6561,0.273375,1,0.0015,0
2634,23120.8,11,0,2.25417,8.68592,0,0,0,10.9401,361,361,0,1,2.45175,2.45175,1830,367,0,1235,0,0,0,0,0,1337,1627.81,2.40137,3.52742,168488,8,29433,486,464433,32,117732,1944,32,4,644756,1319142,20632192,5276568,25908760,4,4,12,4,4,4,0,20,20,20260807,5,1,1,1,0,0,0,6561,0.273375,1,0.0015,0
2635,23128.1,8,0,2.1015,5.13421,0,0,0,7.23571,361,361,0,1,2.45175,2.45175,1830,367,0,1235,0,0,0,0,0,1337,1627.81,2.40137,3.52742,168488,8,29433,486,464433,32,117732,1944,32,4,644756,1319142,20632192,5276568,25908760,4,4,12,4,4,4,0,20,20,20260807,5,1,1,1,0,0,0,6561,0.273375,1,0.0015,0
2636,23137.4,9,0,2.10754,7.10146,0,0,0,9.209,361,361,0,1,2.45175,2.45175,1830,367,0,1235,0,0,0,0,0,1337,1627.81,2.40137,3.52742,168488,8,29433,486,464433,32,117732,1944,32,4,644756,1319142,20632192,5276568,25908760,4,4,12,4,4,4,0,20,20,20260807,5,1,1,1,0,0,0,6561,0.273375,1,0.0015,0
2637,23143.2,6,0,2.10304,3.68396,0,0,0,5.787,361,361,0,1,2.45175,2.45175,1830,367,0,1235,0,0,0,0,0,1337,1627.81,2.40137,3.52742,168488,8,29433,486,464433,32,117732,1944,32,4,644756,1319142,20632192,5276568,25908760,4,4,12,4,4,4,0,20,20,20260807,5,1,1,1,0,0,0,6561,0.273375,1,0.0015,0
2638,23154,11,0,2.35325,8.34779,0,0,0,10.701,361,361,0,1,2.45175,2.45175,1830,367,0,1235,0,0,0,0,0,1337,1627.81,2.40137,3.52742,168488,8,29433,486,464433,32,117732,1944,32,4,644756,1319142,20632192,5276568,25908760,4,4,12,4,4,4,0,20,20,20260807,5,1,1,1,0,0,0,6562,0.273417,1,0.0015,1
2639,23161.2,7,0,2.04988,5.01421,0,0,0,7.06408,361,361,0,1,2.45175,2.45175,1830,367,0,1235,0,0,0,0,0,1337,1627.81,2.40137,3.52742,168488,8,29433,486,464433,32,117732,1944,32,4,644756,1319142,20632192,5276568,25908760,4,4,12,4,4,4,0,20,20,20260807,5,1,1,1,0,0,0,6562,0.273417,1,0.0015,0
2640,23170.7,9,0,2.06296,7.38708,0,0,0,9.45004,361,361,0,1,2.45175,2.45175,1830,367,0,1235,0,0,0,0,0,1337,1627.81,2.40137,3.52742,168488,8,29433,486,464433,32,117732,1944,32,4,644756,1319142,20632192,5276568,25908760,4,4,12,4,4,4,0,20,20,20260807,5,1,1,1,0,0,0,6562,0.273417,1,0.0015,0
2641,23178.2,8,0,2.06167,5.36517,0,0,0,7.42683,361,361,0,1,2.45175,2.45175,1830,367,0,1235,0,0,0,0,0,1337,1627.81,2.40137,3.52742,168488,8,29433,486,464433,32,117732,1944,32,4,644756,1319142,20632192,5276568,25908760,4,4,12,4,4,4,0,20,20,20260807,5,1,1,1,0,0,0,6562,0.273417,1,0.0015,0
2642,23187.4,9,0,2.12471,6.96346,0,0,0,9.08817,361,361,0,1,2.45175,2.45175,1830,367,0,1235,0,0,0,0,0,1337,1627.81,2.40137,3.52742,168488,8,29433,486,464433,32,117732,1944,32,4,644756,1319142,20632192,5276568,25908760,4,4,12,4,4,4,0,20,20,20260807,5,1,1,1,0,0,0,6562,0.273417,1,0.0015,0
2643,23194.2,7,0,2.06992,4.6665,0,0,0,6.73642,361,361,0,1,2.45175,2.45175,1830,367,0,1235,0,0,0,0,0,1337,1627.81,2.40137,3.52742,168488,8,29433,486,464433,32,117732,1944,32,4,644756,1319142,20632192,5276568,25908760,4,4,12,4,4,4,0,20,20,20260807,5,1,1,1,0,0,0,6562,0.273417,1,0.0015,0
2644,23204,10,0,2.18208,7.52233,0,0,0,9.70442,361,361,0,1,2.45175,2.45175,1830,367,0,1235,0,0,0,0,0,1337,1627.81,2.40137,3.52742,168488,8,29433,486,464433,32,117732,1944,32,4,644756,1319142,20632192,5276568,25908760,4,4,12,4,4,4,0,20,20,20260807,5,1,1,1,0,0,0,6563,0.273458,1,0.0015,1
2645,23209.8,6,0,2.08921,3.67092,0,0,0,5.76013,361,361,0,1,2.45175,2.45175,1830,367,0,1235,0,0,0,0,0,1337,1627.81,2.40137,3.52742,168488,8,29433,486,464433,32,117732,1944,32,4,644756,1319142,20632192,5276568,25908760,4,4,12,4,4,4,0,20,20,20260807,5,1,1,1,0,0,0,6563,0.273458,1,0.0015,0
2646,23220.8,10,0,2.64104,8.25483,0,0,0,10.8959,361,361,0,1,2.45175,2.45175,1830,367,0,1235,0,0,0,0,0,1337,1627.81,2.40137,3.52742,168488,8,29433,486,464433,32,117732,1944,32,4,644756,1319142,20632192,5276568,25908760,4,4,12,4,4,4,0,20,20,20260807,5,1,1,1,0,0,0,6563,0.273458,1,0.0015,0
2647,23227.4,7,0,2.04904,4.464,0,0,0,6.51304,361,361,0,1,2.45175,2.45175,1830,367,0,1235,0,0,0,0,0,1337,1627.81,2.40137,3.52742,168488,8,29433,486,464433,32,117732,1944,32,4,644756,1319142,20632192,5276568,25908760,4,4,12,4,4,4,0,20,20,20260807,5,1,1,1,0,0,0,6563,0.273458,1,0.0015,0
2648,23237.4,10,0,2.1155,7.87579,0,0,0,9.99129,361,361,0,1,2.45175,2.45175,1830,367,0,1235,0,0,0,0,0,1337,1627.81,2.40137,3.52742,168488,8,29433,486,464433,32,117732,1944,32,4,644756,1319142,20632192,5276568,25908760,4,4,12,4,4,4,0,20,20,20260807,5,1,1,1,0,0,0,6563,0.273458,1,0.0015,0
2649,23242.5,5,0,2.1125,2.84187,0,0,0,4.95437,361,361,0,1,2.45175,2.45175,1830,367,0,1235,0,0,0,0,0,1337,1627.81,2.40137,3.52742,168488,8,29433,486,464433,32,117732,1944,32,4,644756,1319142,20632192,5276568,25908760,4,4,12,4,4,4,0,20,20,20260807,5,1,1,1,0,0,0,6563,0.273458,1,0.0015,0
2650,23254,12,0,2.29142,9.19617,0,0,0,11.4876,361,361,0,1,2.45175,2.45175,1830,367,0,1235,0,0,0,0,0,1337,1627.81,2.40137,3.52742,168488,8,29433,486,464433,32,117732,1944,32,4,644756,1319142,20632192,5276568,25908760,4,4,12,4,4,4,0,20,20,20260807,5,1,1,1,0,0,0,6564,0.2735,1,0.0015,1
2651,23259.3,5,0,2.1425,3.07021,0,0,0,5.21271,361,361,0,1,2.45175,2.45175,1830,367,0,1235,0,0,0,0,0,1337,1627.81,2.40137,3.52742,168488,8,29433,486,464433,32,117732,1944,32,4,644756,1319142,20632192,5276568,25908760,4,4,12,4,4,4,0,20,20,20260807,5,1,1,1,0,0,0,6564,0.2735,1,0.0015,0
2652,23270.6,11,0,2.46796,8.77433,0,0,0,11.2423,361,361,0,1,2.45175,2.45175,1830,367,0,1235,0,0,0,0,0,1337,1627.81,2.40137,3.52742,168488,8,29433,486,464433,32,117732,1944,32,4,644756,1319142,20632192,5276568,25908760,4,4,12,4,4,4,0,20,20,20260807,5,1,1,1,0,0,0,6564,0.2735,1,0.0015,0
2653,23276.1,6,0,2.11083,3.29096,0,0,0,5.40179,361,361,0,1,2.45175,2.45175,1830,367,0,1235,0,0,0,0,0,1337,1627.81,2.40137,3.52742,168488,8,29433,486,464433,32,117732,1944,32,4,644756,1319142,20632192,5276568,25908760,4,4,12,4,4,4,0,20,20,20260807,5,1,1,1,0,0,0,6564,0.2735,1,0.0015,0
2654,23287.4,12,0,2.22304,8.98904,0,0,0,11.2121,361,361,0,1,2.45175,2.45175,1830,367,0,1235,0,0,0,0,0,1337,1627.81,2.40137,3.52742,168488,8,29433,486,464433,32,117732,1944,32,4,644756,1319142,20632192,5276568,25908760,4,4,12,4,4,4,0,20,20,20260807,5,1,1,1,0,0,0,6564,0.2735,1,0.0015,0
2655,23293.1,6,0,2.13283,3.53246,0,0,0,5.66529,361,361,0,1,2.45175,2.45175,1830,367,0,1235,0,0,0,0,0,1337,1627.81,2.40137,3.52742,168488,8,29433,486,464433,32,117732,1944,32,4,644756,1319142,20632192,5276568,25908760,4,4,12,4,4,4,0,20,20,20260807,5,1,1,1,0,0,0,6564,0.2735,1,0.0015,0
2656,23303.9,11,0,2.64558,8.07096,0,0,0,10.7165,361,361,0,1,2.45175,2.45175,1830,367,0,1235,0,0,0,0,0,1337,1627.81,2.40137,3.52742,168488,8,29433,486,464433,32,117732,1944,32,4,644756,1319142,20632192,5276568,25908760,4,4,12,4,4,4,0,20,20,20260807,5,1,1,1,0,0,0,6565,0.273542,1,0.0015,1
2657,23310.5,6,0,2.05096,4.47804,0,0,0,6.529,361,361,0,1,2.45175,2.45175,1830,367,0,1235,0,0,0,0,0,1337,1627.81,2.40137,3.52742,168488,8,29433,486,464433,32,117732,1944,32,4,644756,1319142,20632192,5276568,25908760,4,4,12,4,4,4,0,20,20,20260807,5,1,1,1,0,0,0,6565,0.273542,1,0.0015,0
2658,23320.7,10,0,2.13587,7.89646,0,0,0,10.0323,361,361,0,1,2.45175,2.45175,1830,367,0,1235,0,0,0,0,0,1337,1627.81,2.40137,3.52742,168488,8,29433,486,464433,32,117732,1944,32,4,644756,1319142,20632192,5276568,25908760,4,4,12,4,4,4,0,20,20,20260807,5,1,1,1,0,0,0,6565,0.273542,1,0.0015,0
2659,23327.2,7,0,2.04033,4.40258,0,0,0,6.44292,361,361,0,1,2.45175,2.45175,1830,367,0,1235,0,0,0,0,0,1337,1627.81,2.40137,3.52742,168488,8,29433,486,464433,32,117732,1944,32,4,644756,1319142,20632192,5276568,25908760,4,4,12,4,4,4,0,20,20,20260807,5,1,1,1,0,0,0,6565,0.273542,1,0.0015,0
2660,23337.3,10,0,2.08808,7.93092,0,0,0,10.019,361,361,0,1,2.45175,2.45175,1830,367,0,1235,0,0,0,0,0,1337,1627.81,2.40137,3.52742,168488,8,29433,486,464433,32,117732,1944,32,4,644756,1319142,20632192,5276568,25908760,4,4,12,4,4,4,0,20,20,20260807,5,1,1,1,0,0,0,6565,0.273542,1,0.0015,0
2661,23344,7,0,2.02579,4.59546,0,0,0,6.62125,361,361,0,1,2.45175,2.45175,1830,367,0,1235,0,0,0,0,0,1337,1627.81,2.40137,3.52742,168488,8,29433,486,464433,32,117732,1944,32,4,644756,1319142,20632192,5276568,25908760,4,4,12,4,4,4,0,20,20,20260807,5,1,1,1,0,0,0,6565,0.273542,1,0.0015,0
2662,23354,10,0,2.11533,7.83054,0,0,0,9.94587,361,361,0,1,2.45175,2.45175,1830,367,0,1235,0,0,0,0,0,1337,1627.81,2.40137,3.52742,168488,8,29433,486,464433,32,117732,1944,32,4,644756,1319142,20632192,5276568,25908760,4,4,12,4,4,4,0,20,20,20260807,5,1,1,1,0,0,0,6566,0.273583,1,0.0015,1
2663,23359.9,6,0,2.06829,3.74987,0,0,0,5.81817,361,361,0,1,2.45175,2.45175,1830,367,0,1235,0,0,0,0,0,1337,1627.81,2.40137,3.52742,168488,8,29433,486,464433,32,117732,1944,32,4,644756,1319142,20632192,5276568,25908760,4,4,12,4,4,4,0,20,20,20260807,5,1,1,1,0,0,0,6566,0.273583,1,0.0015,0
2664,23370.7,10,0,2.27446,8.41692,0,0,0,10.6914,361,361,0,1,2.45175,2.45175,1830,367,0,1235,0,0,0,0,0,1337,1627.81,2.40137,3.52742,168488,8,29433,486,464433,32,117732,1944,32,4,644756,1319142,20632192,5276568,25908760,4,4,12,4,4,4,0,20,20,20260807,5,1,1,1,0,0,0,6566,0.273583,1,0.0015,0
2665,23376.8,7,0,2.01646,4.05058,0,0,0,6.06704,361,361,0,1,2.45175,2.45175,1830,367,0,1235,0,0,0,0,0,1337,1627.81,2.40137,3.52742,168488,8,29433,486,464433,32,117732,1944,32,4,644756,1319142,20632192,5276568,25908760,4,4,12,4,4,4,0,20,20,20260807,5,1,1,1,0,0,0,6566,0.273583,1,0.0015,0
2666,23387.6,10,0,2.277,8.36808,0,0,0,10.6451,361,361,0,1,2.45175,2.45175,1830,367,0,1235,0,0,0,0,0,1337,1627.81,2.40137,3.52742,168488,8,29433,486,464433,32,117732,1944,32,4,644756,1319142,20632192,5276568,25908760,4,4,12,4,4,4,0,20,20,20260807,5,1,1,1,0,0,0,6566,0.273583,1,0.0015,0
2667,23393.9,7,0,2.10821,4.12733,0,0,0,6.23554,361,361,0,1,2.45175,2.45175,1830,367,0,1235,0,0,0,0,0,1337,1627.81,2.40137,3.52742,168488,8,29433,486,464433,32,117732,1944,32,4,644756,1319142,20632192,5276568,25908760,4,4,12,4,4,4,0,20,20,20260807,5,1,1,1,0,0,0,6566,0.273583,1,0.0015,0
2668,23403.9,10,0,2.25371,7.66162,0,0,0,9.91533,361,361,0,1,2.45175,2.45175,1830,367,0,1235,0,0,0,0,0,1337,1627.81,2.40137,3.52742,168488,8,29433,486,464433,32,117732,1944,32,4,644756,1319142,20632192,5276568,25908760,4,4,12,4,4,4,0,20,20,20260807,5,1,1,1,0,0,0,6567,0.273625,1,0.0015,1
2669,23409.8,6,0,2.13479,3.68125,0,0,0,5.81604,361,361,0,1,2.45175,2.45175,1830,367,0,1235,0,0,0,0,0,1337,1627.81,2.40137,3.52742,168488,8,29433,486,464433,32,117732,1944,32,4,644756,1319142,20632192,5276568,25908760,4,4,12,4,4,4,0,20,20,20260807,5,1,1,1,0,0,0,6567,0.273625,1,0.0015,0
2670,23420.8,11,0,2.17283,8.70533,0,0,0,10.8782,361,361,0,1,2.45175,2.45175,1830,367,0,1235,0,0,0,0,0,1337,1627.81,2.40137,3.52742,168488,8,29433,486,464433,32,117732,1944,32,4,644756,1319142,20632192,5276568,25908760,4,4,12,4,4,4,0,20,20,20260807,5,1,1,1,0,0,0,6567,0.273625,1,0.0015,0
2671,23428.6,7,0,2.06933,5.68121,0,0,0,7.75054,361,361,0,1,2.45175,2.45175,1830,367,0,1235,0,0,0,0,0,1337,1627.81,2.40137,3.52742,168488,8,29433,486,464433,32,117732,1944,32,4,644756,1319142,20632192,5276568,25908760,4,4,12,4,4,4,0,20,20,20260807,5,1,1,1,0,0,0,6567,0.273625,1,0.0015,0
2672,23437.4,9,0,2.00612,6.73004,0,0,0,8.73617,361,361,0,1,2.45175,2.45175,1830,367,0,1235,0,0,0,0,0,1337,1627.81,2.40137,3.52742,168488,8,29433,486,464433,32,117732,1944,32,4,644756,1319142,20632192,5276568,25908760,4,4,12,4,4,4,0,20,20,20260807,5,1,1,1,0,0,0,6567,0.273625,1,0.0015,0
2673,23443.3,6,0,2.04796,3.74871,0,0,0,5.79667,361,361,0,1,2.45175,2.45175,1830,367,0,1235,0,0,0,0,0,1337,1627.81,2.40137,3.52742,168488,8,29433,486,464433,32,117732,1944,32,4,644756,1319142,20632192,5276568,25908760,4,4,12,4,4,4,0,20,20,20260807,5,1,1,1,0,0,0,6567,0.273625,1,0.0015,0
2674,23454,11,0,2.263,8.34329,0,0,0,10.6063,361,361,0,1,2.45175,2.45175,1830,367,0,1235,0,0,0,0,0,1337,1627.81,2.40137,3.52742,168488,8,29433,486,464433,32,117732,1944,32,4,644756,1319142,20632192,5276568,25908760,4,4,12,4,4,4,0,20,20,20260807,5,1,1,1,0,0,0,6568,0.273667,1,0.0015,1
2675,23460.4,6,0,2.07396,4.3235,0,0,0,6.39746,361,361,0,1,2.45175,2.45175,1830,367,0,1235,0,0,0,0,0,1337,1627.81,2.40137,3.52742,168488,8,29433,486,464433,32,117732,1944,32,4,644756,1319142,20632192,5276568,25908760,4,4,12,4,4,4,0,20,20,20260807,5,1,1,1,0,0,0,6568,0.273667,1,0.0015,0
2676,23470.7,10,0,2.2095,7.95758,0,0,0,10.1671,361,361,0,1,2.45175,2.45175,1830,367,0,1235,0,0,0,0,0,1337,1627.81,2.40137,3.52742,168488,8,29433,486,464433,32,117732,1944,32,4,644756,1319142,20632192,5276568,25908760,4,4,12,4,4,4,0,20,20,20260807,5,1,1,1,0,0,0,6568,0.273667,1,0.0015,0
2677,23476.4,6,0,2.02513,3.65771,0,0,0,5.68283,361,361,0,1,2.45175,2.45175,1830,367,0,1235,0,0,0,0,0,1337,1627.81,2.40137,3.52742,168488,8,29433,486,464433,32,117732,1944,32,4,644756,1319142,20632192,5276568,25908760,4,4,12,4,4,4,0,20,20,20260807,5,1,1,1,0,0,0,6568,0.273667,1,0.0015,0
2678,23487.3,11,0,2.17279,8.60842,0,0,0,10.7812,361,361,0,1,2.45175,2.45175,1830,367,0,1235,0,0,0,0,0,1337,1627.81,2.40137,3.52742,168488,8,29433,486,464433,32,117732,1944,32,4,644756,1319142,20632192,5276568,25908760,4,4,12,4,4,4,0,20,20,20260807,5,1,1,1,0,0,0,6568,0.273667,1,0.0015,0
2679,23493.8,7,0,1.99683,4.44892,0,0,0,6.44575,361,361,0,1,2.45175,2.45175,1830,367,0,1235,0,0,0,0,0,1337,1627.81,2.40137,3.52742,168488,8,29433,486,464433,32,117732,1944,32,4,644756,1319142,20632192,5276568,25908760,4,4,12,4,4,4,0,20,20,20260807,5,1,1,1,0,0,0,6568,0.273667,1,0.0015,0
2680,23503.9,10,0,2.15837,7.84704,0,0,0,10.0054,361,361,0,1,2.45175,2.45175,1830,367,0,1235,0,0,0,0,0,1337,1627.81,2.40137,3.52742,168488,8,29433,486,464433,32,117732,1944,32,4,644756,1319142,20632192,5276568,25908760,4,4,12,4,4,4,0,20,20,20260807,5,1,1,1,0,0,0,6569,0.273708,1,0.0015,1
2681,23510,6,0,2.15008,3.86233,0,0,0,6.01242,361,361,0,1,2.45175,2.45175,1830,367,0,1235,0,0,0,0,0,1337,1627.81,2.40137,3.52742,168488,8,29433,486,464433,32,117732,1944,32,4,644756,1319142,20632192,5276568,25908760,4,4,12,4,4,4,0,20,20,20260807,5,1,1,1,0,0,0,6569,0.273708,1,0.0015,0
2682,23520.6,10,0,2.63563,7.90879,0,0,0,10.5444,361,361,0,1,2.45175,2.45175,1830,367,0,1235,0,0,0,0,0,1337,1627.81,2.40137,3.52742,168488,8,29433,486,464433,32,117732,1944,32,4,644756,1319142,20632192,5276568,25908760,4,4,12,4,4,4,0,20,20,20260807,5,1,1,1,0,0,0,6569,0.273708,1,0.0015,0
2683,23526.8,6,0,2.01904,4.0545,0,0,0,6.07354,361,361,0,1,2.45175,2.45175,1830,367,0,1235,0,0,0,0,0,1337,1627.81,2.40137,3.52742,168488,8,29433,486,464433,32,117732,1944,32,4,644756,1319142,20632192,5276568,25908760,4,4,12,4,4,4,0,20,20,20260807,5,1,1,1,0,0,0,6569,0.273708,1,0.0015,0
2684,23537.3,11,0,2.24104,8.2165,0,0,0,10.4575,361,361,0,1,2.45175,2.45175,1830,367,0,1235,0,0,0,0,0,1337,1627.81,2.40137,3.52742,168488,8,29433,486,464433,32,117732,1944,32,4,644756,1319142,20632192,5276568,25908760,4,4,12,4,4,4,0,20,20,20260807,5,1,1,1,0,0,0,6569,0.273708,1,0.0015,0
2685,23543.3,6,0,2.28196,3.61579,0,0,0,5.89775,361,361,0,1,2.45175,2.45175,1830,367,0,1235,0,0,0,0,0,1337,1627.81,2.40137,3.52742,168488,8,29433,486,464433,32,117732,1944,32,4,644756,1319142,20632192,5276568,25908760,4,4,12,4,4,4,0,20,20,20260807,5,1,1,1,0,0,0,6569,0.273708,1,0.0015,0
2686,23554.4,11,0,2.27975,8.71617,0,0,0,10.9959,361,361,0,1,2.45175,2.45175,1830,367,0,1235,0,0,0,0,0,1337,1627.81,2.40137,3.52742,168488,8,29433,486,464433,32,117732,1944,32,4,644756,1319142,20632192,5276568,25908760,4,4,12,4,4,4,0,20,20,20260807,5,1,1,1,0,0,0,6570,0.27375,1,0.0015,1
2687,23560.1,6,0,2.22154,3.39683,0,0,0,5.61838,361,361,0,1,2.45175,2.45175,1830,367,0,1235,0,0,0,0,0,1337,1627.81,2.40137,3.52742,168488,8,29433,486,464433,32,117732,1944,32,4,644756,1319142,20632192,5276568,25908760,4,4,12,4,4,4,0,20,20,20260807,5,1,1,1,0,0,0,6570,0.27375,1,0.0015,0
2688,23572,12,0,2.30954,9.54483,0,0,0,11.8544,361,361,0,1,2.45175,2.45175,1830,367,0,1235,0,0,0,0,0,1337,1627.81,2.40137,3.52742,168488,8,29433,486,464433,32,117732,1944,32,4,644756,1319142,20632192,5276568,25908760,4,4,12,4,4,4,0,20,20,20260807,5,1,1,1,0,0,0,6570,0.27375,1,0.0015,0
2689,23577.1,5,0,2.07187,2.96779,0,0,0,5.03967,361,361,0,1,2.45175,2.45175,1830,367,0,1235,0,0,0,0,0,1337,1627.81,2.40137,3.52742,168488,8,29433,486,464433,32,117732,1944,32,4,644756,1319142,20632192,5276568,25908760,4,4,12,4,4,4,0,20,20,20260807,5,1,1,1,0,0,0,6570,0.27375,1,0.0015,0
2690,23587.2,10,0,2.30321,7.70367,0,0,0,10.0069,361,361,0,1,2.45175,2.45175,1830,367,0,1235,0,0,0,0,0,1337,1627.81,2.40137,3.52742,168488,8,29433,486,464433,32,117732,1944,32,4,644756,1319142,20632192,5276568,25908760,4,4,12,4,4,4,0,20,20,20260807,5,1,1,1,0,0,0,6570,0.27375,1,0.0015,0
2691,23593.3,6,0,2.11233,3.888,0,0,0,6.00033,361,361,0,1,2.45175,2.45175,1830,367,0,1235,0,0,0,0,0,1337,1627.81,2.40137,3.52742,168488,8,29433,486,464433,32,117732,1944,32,4,644756,1319142,20632192,5276568,25908760,4,4,12,4,4,4,0,20,20,20260807,5,1,1,1,0,0,0,6570,0.27375,1,0.0015,0
2692,23603.9,11,0,2.24175,8.28696,0,0,0,10.5287,361,361,0,1,2.45175,2.45175,1830,367,0,1235,0,0,0,0,0,1337,1627.81,2.40137,3.52742,168488,8,29433,486,464433,32,117732,1944,32,4,644756,1319142,20632192,5276568,25908760,4,4,12,4,4,4,0,20,20,20260807,5,1,1,1,0,0,0,6571,0.273792,1,0.0015,1
2693,23609.8,6,0,2.10229,3.68083,0,0,0,5.78313,361,361,0,1,2.45175,2.45175,1830,367,0,1235,0,0,0,0,0,1337,1627.81,2.40137,3.52742,168488,8,29433,486,464433,32,117732,1944,32,4,644756,1319142,20632192,5276568,25908760,4,4,12,4,4,4,0,20,20,20260807,5,1,1,1,0,0,0,6571,0.273792,1,0.0015,0
2694,23620.7,10,0,2.18667,8.68575,0,0,0,10.8724,361,361,0,1,2.45175,2.45175,1830,367,0,1235,0,0,0,0,0,1337,1627.81,2.40137,3.52742,168488,8,29433,486,464433,32,117732,1944,32,4,644756,1319142,20632192,5276568,25908760,4,4,12,4,4,4,0,20,20,20260807,5,1,1,1,0,0,0,6571,0.273792,1,0.0015,0
2695,23626.5,6,0,2.06267,3.58817,0,0,0,5.65083,361,361,0,1,2.45175,2.45175,1830,367,0,1235,0,0,0,0,0,1337,1627.81,2.40137,3.52742,168488,8,29433,486,464433,32,117732,1944,32,4,644756,1319142,20632192,5276568,25908760,4,4,12,4,4,4,0,20,20,20260807,5,1,1,1,0,0,0,6571,0.273792,1,0.0015,0
2696,23637.9,12,0,2.65638,8.70492,0,0,0,11.3613,361,361,0,1,2.45175,2.45175,1830,367,0,1235,0,0,0,0,0,1337,1627.81,2.40137,3.52742,168488,8,29433,486,464433,32,117732,1944,32,4,644756,1319142,20632192,5276568,25908760,4,4,12,4,4,4,0,20,20,20260807,5,1,1,1,0,0,0,6571,0.273792,1,0.0015,0
2697,23643.7,5,0,2.08542,3.62354,0,0,0,5.70896,361,361,0,1,2.45175,2.45175,1830,367,0,1235,0,0,0,0,0,1337,1627.81,2.40137,3.52742,168488,8,29433,486,464433,32,117732,1944,32,4,644756,1319142,20632192,5276568,25908760,4,4,12,4,4,4,0,20,20,20260807,5,1,1,1,0,0,0,6571,0.273792,1,0.0015,0
2698,23654.7,11,0,2.49625,8.36583,0,0,0,10.8621,361,361,0,1,2.45175,2.45175,1830,367,0,1235,0,0,0,0,0,1337,1627.81,2.40137,3.52742,168488,8,29433,486,464433,32,117732,1944,32,4,644756,1319142,20632192,5276568,25908760,4,4,12,4,4,4,0,20,20,20260807,5,1,1,1,0,0,0,6572,0.273833,1,0.0015,1
2699,23659.8,6,0,2.08562,2.97179,0,0,0,5.05742,361,361,0,1,2.45175,2.45175,1830,367,0,1235,0,0,0,0,0,1337,1627.81,2.40137,3.52742,168488,8,29433,486,464433,32,117732,1944,32,4,644756,1319142,20632192,5276568,25908760,4,4,12,4,4,4,0,20,20,20260807,5,1,1,1,0,0,0,6572,0.273833,1,0.0015,0
2700,23671.4,11,0,2.24846,9.26812,0,0,0,11.5166,361,361,0,1,2.45175,2.45175,1830,367,0,1235,0,0,0,0,0,1337,1627.81,2.40137,3.52742,168488,8,29433,486,464433,32,117732,1944,32,4,644756,1319142,20632192,5276568,25908760,4,4,12,4,4,4,0,20,20,20260807,5,1,1,1,0,0,0,6572,0.273833,1,0.0015,0
2701,23676.5,5,0,2.09808,2.88667,0,0,0,4.98475,361,361,0,1,2.45175,2.45175,1830,367,0,1235,0,0,0,0,0,1337,1627.81,2.40137,3.52742,168488,8,29433,486,464433,32,117732,1944,32,4,644756,1319142,20632192,5276568,25908760,4,4,12,4,4,4,0,20,20,20260807,5,1,1,1,0,0,0,6572,0.273833,1,0.0015,0
2702,23689.2,13,0,2.27,10.4242,0,0,0,12.6942,361,361,0,1,2.45175,2.45175,1830,367,0,1235,0,0,0,0,0,1337,1627.81,2.40137,3.52742,168488,8,29433,486,464433,32,117732,1944,32,4,644756,1319142,20632192,5276568,25908760,4,4,12,4,4,4,0,20,20,20260807,5,1,1,1,0,0,0,6572,0.273833,1,0.0015,0
2703,23695.3,6,0,2.13833,3.86408,0,0,0,6.00242,361,361,0,1,2.45175,2.45175,1830,367,0,1235,0,0,0,0,0,1337,1627.81,2.40137,3.52742,168488,8,29433,486,464433,32,117732,1944,32,4,644756,1319142,20632192,5276568,25908760,4,4,12,4,4,4,0,20,20,20260807,5,1,1,1,0,0,0,6573,0.273875,1,0.0015,1
2704,23703.9,9,0,2.08246,6.48733,0,0,0,8.56979,361,361,0,1,2.45175,2.45175,1830,367,0,1235,0,0,0,0,0,1337,1627.81,2.40137,3.52742,168488,8,29433,486,464433,32,117732,1944,32,4,644756,1319142,20632192,5276568,25908760,4,4,12,4,4,4,0,20,20,20260807,5,1,1,1,0,0,0,6573,0.273875,1,0.0015,0
2705,23709.1,5,0,2.06079,3.02129,0,0,0,5.08208,361,361,0,1,2.45175,2.45175,1830,367,0,1235,0,0,0,0,0,1337,1627.81,2.40137,3.52742,168488,8,29433,486,464433,32,117732,1944,32,4,644756,1319142,20632192,5276568,25908760,4,4,12,4,4,4,0,20,20,20260807,5,1,1,1,0,0,0,6573,0.273875,1,0.0015,0
2706,23720.9,12,0,2.28879,9.4015,0,0,0,11.6903,361,361,0,1,2.45175,2.45175,1830,367,0,1235,0,0,0,0,0,1337,1627.81,2.40137,3.52742,168488,8,29433,486,464433,32,117732,1944,32,4,644756,1319142,20632192,5276568,25908760,4,4,12,4,4,4,0,20,20,20260807,5,1,1,1,0,0,0,6573,0.273875,1,0.0015,0
2707,23725.9,5,0,2.12554,2.8495,0,0,0,4.97504,361,361,0,1,2.45175,2.45175,1830,367,0,1235,0,0,0,0,0,1337,1627.81,2.40137,3.52742,168488,8,29433,486,464433,32,117732,1944,32,4,644756,1319142,20632192,5276568,25908760,4,4,12,4,4,4,0,20,20,20260807,5,1,1,1,0,0,0,6573,0.273875,1,0.0015,0
2708,23737.4,11,0,2.77387,8.63404,0,0,0,11.4079,361,361,0,1,2.45175,2.45175,1830,367,0,1235,0,0,0,0,0,1337,1627.81,2.40137,3.52742,168488,8,29433,486,464433,32,117732,1944,32,4,644756,1319142,20632192,5276568,25908760,4,4,12,4,4,4,0,20,20,20260807,5,1,1,1,0,0,0,6573,0.273875,1,0.0015,0
2709,23742.8,6,0,2.28683,2.99417,0,0,0,5.281,361,361,0,1,2.45175,2.45175,1830,367,0,1235,0,0,0,0,0,1337,1627.81,2.40137,3.52742,168488,8,29433,486,464433,32,117732,1944,32,4,644756,1319142,20632192,5276568,25908760,4,4,12,4,4,4,0,20,20,20260807,5,1,1,1,0,0,0,6573,0.273875,1,0.0015,0
2710,23754.2,11,0,2.27283,9.041,0,0,0,11.3138,361,361,0,1,2.45175,2.45175,1830,367,0,1235,0,0,0,0,0,1337,1627.81,2.40137,3.52742,168488,8,29433,486,464433,32,117732,1944,32,4,644756,1319142,20632192,5276568,25908760,4,4,12,4,4,4,0,20,20,20260807,5,1,1,1,0,0,0,6574,0.273917,1,0.0015,1
2711,23759.4,5,0,2.13771,3.02275,0,0,0,5.16046,361,361,0,1,2.45175,2.45175,1830,367,0,1235,0,0,0,0,0,1337,1627.81,2.40137,3.52742,168488,8,29433,486,464433,32,117732,1944,32,4,644756,1319142,20632192,5276568,25908760,4,4,12,4,4,4,0,20,20,20260807,5,1,1,1,0,0,0,6574,0.273917,1,0.0015,0
2712,23773.2,14,0,2.31517,11.3592,0,0,0,13.6744,361,361,0,1,2.45175,2.45175,1830,367,0,1235,0,0,0,0,0,1337,1627.81,2.40137,3.52742,168488,8,29433,486,464433,32,117732,1944,32,4,644756,1319142,20632192,5276568,25908760,4,4,12,4,4,4,0,20,20,20260807,5,1,1,1,0,0,0,6574,0.273917,1,0.0015,0
2713,23787.4,14,0,2.08921,12.0473,0,0,0,14.1365,361,361,0,1,2.45175,2.45175,1830,367,0,1235,0,0,0,0,0,1337,1627.81,2.40137,3.52742,168488,8,29433,486,464433,32,117732,1944,32,4,644756,1319142,20632192,5276568,25908760,4,4,12,4,4,4,0,20,20,20260807,5,1,1,1,0,0,0,6574,0.273917,1,0.0015,0
2714,23793.3,6,0,2.11908,3.71579,0,0,0,5.83488,361,361,0,1,2.45175,2.45175,1830,367,0,1235,0,0,0,0,0,1337,1627.81,2.40137,3.52742,168488,8,29433,486,464433,32,117732,1944,32,4,644756,1319142,20632192,5276568,25908760,4,4,12,4,4,4,0,20,20,20260807,5,1,1,1,0,0,0,6574,0.273917,1,0.0015,0
2715,23804,11,0,2.42725,8.2035,0,0,0,10.6308,361,361,0,1,2.45175,2.45175,1830,367,0,1235,0,0,0,0,0,1337,1627.81,2.40137,3.52742,168488,8,29433,486,464433,32,117732,1944,32,4,644756,1319142,20632192,5276568,25908760,4,4,12,4,4,4,0,20,20,20260807,5,1,1,1,0,0,0,6575,0.273958,1,0.0015,1
2716,23809.3,5,0,2.21537,3.03371,0,0,0,5.24908,361,361,0,1,2.45175,2.45175,1830,367,0,1235,0,0,0,0,0,1337,1627.81,2.40137,3.52742,168488,8,29433,486,464433,32,117732,1944,32,4,644756,1319142,20632192,5276568,25908760,4,4,12,4,4,4,0,20,20,20260807,5,1,1,1,0,0,0,6575,0.273958,1,0.0015,0
2717,23820.8,12,0,2.60446,8.79558,0,0,0,11.4,361,361,0,1,2.45175,2.45175,1830,367,0,1235,0,0,0,0,0,1337,1627.81,2.40137,3.52742,168488,8,29433,486,464433,32,117732,1944,32,4,644756,1319142,20632192,5276568,25908760,4,4,12,4,4,4,0,20,20,20260807,5,1,1,1,0,0,0,6575,0.273958,1,0.0015,0
2718,23826.1,5,0,2.17604,3.00875,0,0,0,5.18479,361,361,0,1,2.45175,2.45175,1830,367,0,1235,0,0,0,0,0,1337,1627.81,2.40137,3.52742,168488,8,29433,486,464433,32,117732,1944,32,4,644756,1319142,20632192,5276568,25908760,4,4,12,4,4,4,0,20,20,20260807,5,1,1,1,0,0,0,6575,0.273958,1,0.0015,0
2719,23839.8,14,0,2.34146,11.2787,0,0,0,13.6201,361,361,0,1,2.45175,2.45175,1830,367,0,1235,0,0,0,0,0,1337,1627.81,2.40137,3.52742,168488,8,29433,486,464433,32,117732,1944,32,4,644756,1319142,20632192,5276568,25908760,4,4,12,4,4,4,0,20,20,20260807,5,1,1,1,0,0,0,6575,0.273958,1,0.0015,0
2720,23854.1,14,0,2.13446,12.075,0,0,0,14.2094,361,361,0,1,2.45175,2.45175,1830,367,0,1235,0,0,0,0,0,1337,1627.81,2.40137,3.52742,168488,8,29433,486,464433,32,117732,1944,32,4,644756,1319142,20632192,5276568,25908760,4,4,12,4,4,4,0,20,20,20260807,5,1,1,1,0,0,0,6576,0.274,1,0.0015,1
2721,23859.6,5,0,2.15783,3.32296,0,0,0,5.48079,361,361,0,1,2.45175,2.45175,1830,367,0,1235,0,0,0,0,0,1337,1627.81,2.40137,3.52742,168488,8,29433,486,464433,32,117732,1944,32,4,644756,1319142,20632192,5276568,25908760,4,4,12,4,4,4,0,20,20,20260807,5,1,1,1,0,0,0,6576,0.274,1,0.0015,0
2722,23870.7,11,0,2.22075,8.78642,0,0,0,11.0072,361,361,0,1,2.45175,2.45175,1830,367,0,1235,0,0,0,0,0,1337,1627.81,2.40137,3.52742,168488,8,29433,486,464433,32,117732,1944,32,4,644756,1319142,20632192,5276568,25908760,4,4,12,4,4,4,0,20,20,20260807,5,1,1,1,0,0,0,6576,0.274,1,0.0015,0
2723,23876.5,6,0,2.11813,3.61567,0,0,0,5.73379,361,361,0,1,2.45175,2.45175,1830,367,0,1235,0,0,0,0,0,1337,1627.81,2.40137,3.52742,168488,8,29433,486,464433,32,117732,1944,32,4,644756,1319142,20632192,5276568,25908760,4,4,12,4,4,4,0,20,20,20260807,5,1,1,1,0,0,0,6576,0.274,1,0.0015,0
2724,23887.6,11,0,2.42008,8.58346,0,0,0,11.0035,361,361,0,1,2.45175,2.45175,1830,367,0,1235,0,0,0,0,0,1337,1627.81,2.40137,3.52742,168488,8,29433,486,464433,32,117732,1944,32,4,644756,1319142,20632192,5276568,25908760,4,4,12,4,4,4,0,20,20,20260807,5,1,1,1,0,0,0,6576,0.274,1,0.0015,0
2725,23892.8,6,0,2.18508,2.91792,0,0,0,5.103,361,361,0,1,2.45175,2.45175,1830,367,0,1235,0,0,0,0,0,1337,1627.81,2.40137,3.52742,168488,8,29433,486,464433,32,117732,1944,32,4,644756,1319142,20632192,5276568,25908760,4,4,12,4,4,4,0,20,20,20260807,5,1,1,1,0,0,0,6576,0.274,1,0.0015,0
2726,23911.6,18,0,2.87908,15.8315,0,0,0,18.7105,361,361,0,1,2.45175,2.45175,1830,367,0,1235,0,0,0,0,0,1337,1627.81,2.40137,3.52742,168488,8,29433,486,464433,32,117732,1944,32,4,644756,1319142,20632192,5276568,25908760,4,4,12,4,4,4,0,20,20,20260807,5,1,1,1,0,0,0,6577,0.274042,1,0.0015,1
2727,23920.9,10,0,2.0295,7.18571,0,0,0,9.21521,361,361,0,1,2.45175,2.45175,1830,367,0,1235,0,0,0,0,0,1337,1627.81,2.40137,3.52742,168488,8,29433,486,464433,32,117732,1944,32,4,644756,1319142,20632192,5276568,25908760,4,4,12,4,4,4,0,20,20,20260807,5,1,1,1,0,0,0,6577,0.274042,1,0.0015,0
2728,23926.2,5,0,2.14062,3.07425,0,0,0,5.21488,361,361,0,1,2.45175,2.45175,1830,367,0,1235,0,0,0,0,0,1337,1627.81,2.40137,3.52742,168488,8,29433,486,464433,32,117732,1944,32,4,644756,1319142,20632192,5276568,25908760,4,4,12,4,4,4,0,20,20,20260807,5,1,1,1,0,0,0,6577,0.274042,1,0.0015,0
2729,23938.3,12,0,2.27246,9.76767,0,0,0,12.0401,361,361,0,1,2.45175,2.45175,1830,367,0,1235,0,0,0,0,0,1337,1627.81,2.40137,3.52742,168488,8,29433,486,464433,32,117732,1944,32,4,644756,1319142,20632192,5276568,25908760,4,4,12,4,4,4,0,20,20,20260807,5,1,1,1,0,0,0,6577,0.274042,1,0.0015,0
2730,23944.5,6,0,2.22125,3.9085,0,0,0,6.12975,361,361,0,1,2.45175,2.45175,1830,367,0,1235,0,0,0,0,0,1337,1627.81,2.40137,3.52742,168488,8,29433,486,464433,32,117732,1944,32,4,644756,1319142,20632192,5276568,25908760,4,4,12,4,4,4,0,20,20,20260807,5,1,1,1,0,0,0,6577,0.274042,1,0.0015,0
2731,23954.3,10,0,2.06717,7.68146,0,0,0,9.74863,361,361,0,1,2.45175,2.45175,1830,367,0,1235,0,0,0,0,0,1337,1627.81,2.40137,3.52742,168488,8,29433,486,464433,32,117732,1944,32,4,644756,1319142,20632192,5276568,25908760,4,4,12,4,4,4,0,20,20,20260807,5,1,1,1,0,0,0,6578,0.274083,1,0.0015,1
2732,23959.4,5,0,2.10775,2.8565,0,0,0,4.96425,361,361,0,1,2.45175,2.45175,1830,367,0,1235,0,0,0,0,0,1337,1627.81,2.40137,3.52742,168488,8,29433,486,464433,32,117732,1944,32,4,644756,1319142,20632192,5276568,25908760,4,4,12,4,4,4,0,20,20,20260807,5,1,1,1,0,0,0,6578,0.274083,1,0.0015,0
2733,23971.5,12,0,2.34354,9.68396,0,0,0,12.0275,361,361,0,1,2.45175,2.45175,1830,367,0,1235,0,0,0,0,0,1337,1627.81,2.40137,3.52742,168488,8,29433,486,464433,32,117732,1944,32,4,644756,1319142,20632192,5276568,25908760,4,4,12,4,4,4,0,20,20,20260807,5,1,1,1,0,0,0,6578,0.274083,1,0.0015,0
2734,23976.4,5,0,2.0645,2.83412,0,0,0,4.89863,361,361,0,1,2.45175,2.45175,1830,367,0,1235,0,0,0,0,0,1337,1627.81,2.40137,3.52742,168488,8,29433,486,464433,32,117732,1944,32,4,644756,1319142,20632192,5276568,25908760,4,4,12,4,4,4,0,20,20,20260807,5,1,1,1,0,0,0,6578,0.274083,1,0.0015,0
2735,23988.5,12,0,8.805,3.21458,0,0,0,12.0196,361,361,0,1,2.45175,2.45175,1830,367,0,1235,0,0,0,0,0,1337,1627.81,2.40137,3.52742,168488,8,29433,486,464433,32,117732,1944,32,4,644756,1319142,20632192,5276568,25908760,4,4,12,4,4,4,0,20,20,20260807,5,1,1,1,0,0,0,6578,0.274083,1,0.0015,0
2736,24005.5,17,0,2.09337,14.8223,0,0,0,16.9157,361,361,0,1,2.45175,2.45175,1830,367,0,1235,0,0,0,0,0,1337,1627.81,2.40137,3.52742,168488,8,29433,486,464433,32,117732,1944,32,4,644756,1319142,20632192,5276568,25908760,4,4,12,4,4,4,0,20,20,20260807,5,1,1,1,0,0,0,6578,0.274083,1,0.0015,0
2737,24011.5,6,0,2.15329,3.72608,0,0,0,5.87937,361,361,0,1,2.45175,2.45175,1830,367,0,1235,0,0,0,0,0,1337,1627.81,2.40137,3.52742,168488,8,29433,486,464433,32,117732,1944,32,4,644756,1319142,20632192,5276568,25908760,4,4,12,4,4,4,0,20,20,20260807,5,1,1,1,0,0,0,6579,0.274125,1,0.0015,1
2738,24020.6,9,0,2.08858,6.99692,0,0,0,9.0855,361,361,0,1,2.45175,2.45175,1830,367,0,1235,0,0,0,0,0,1337,1627.81,2.40137,3.52742,168488,8,29433,486,464433,32,117732,1944,32,4,644756,1319142,20632192,5276568,25908760,4,4,12,4,4,4,0,20,20,20260807,5,1,1,1,0,0,0,6579,0.274125,1,0.0015,0
2739,24027.4,7,0,2.01767,4.68658,0,0,0,6.70425,361,361,0,1,2.45175,2.45175,1830,367,0,1235,0,0,0,0,0,1337,1627.81,2.40137,3.52742,168488,8,29433,486,464433,32,117732,1944,32,4,644756,1319142,20632192,5276568,25908760,4,4,12,4,4,4,0,20,20,20260807,5,1,1,1,0,0,0,6579,0.274125,1,0.0015,0
2740,24037.2,9,0,2.05358,7.59488,0,0,0,9.64846,361,361,0,1,2.45175,2.45175,1830,367,0,1235,0,0,0,0,0,1337,1627.81,2.40137,3.52742,168488,8,29433,486,464433,32,117732,1944,32,4,644756,1319142,20632192,5276568,25908760,4,4,12,4,4,4,0,20,20,20260807,5,1,1,1,0,0,0,6579,0.274125,1,0.0015,0
2741,24043,6,0,1.97321,3.75762,0,0,0,5.73083,361,361,0,1,2.45175,2.45175,1830,367,0,1235,0,0,0,0,0,1337,1627.81,2.40137,3.52742,168488,8,29433,486,464433,32,117732,1944,32,4,644756,1319142,20632192,5276568,25908760,4,4,12,4,4,4,0,20,20,20260807,5,1,1,1,0,0,0,6579,0.274125,1,0.0015,0
2742,24054.1,11,0,2.20983,8.83033,0,0,0,11.0402,361,361,0,1,2.45175,2.45175,1830,367,0,1235,0,0,0,0,0,1337,1627.81,2.40137,3.52742,168488,8,29433,486,464433,32,117732,1944,32,4,644756,1319142,20632192,5276568,25908760,4,4,12,4,4,4,0,20,20,20260807,5,1,1,1,0,0,0,6580,0.274167,1,0.0015,1
2743,24062.9,9,0,1.97663,6.74246,0,0,0,8.71908,361,361,0,1,2.45175,2.45175,1830,367,0,1235,0,0,0,0,0,1337,1627.81,2.40137,3.52742,168488,8,29433,486,464433,32,117732,1944,32,4,644756,1319142,20632192,5276568,25908760,4,4,12,4,4,4,0,20,20,20260807,5,1,1,1,0,0,0,6580,0.274167,1,0.0015,0
2744,24070.6,7,0,2.05104,5.59604,0,0,0,7.64708,361,361,0,1,2.45175,2.45175,1830,367,0,1235,0,0,0,0,0,1337,1627.81,2.40137,3.52742,168488,8,29433,486,464433,32,117732,1944,32,4,644756,1319142,20632192,5276568,25908760,4,4,12,4,4,4,0,20,20,20260807,5,1,1,1,0,0,0,6580,0.274167,1,0.0015,0
2745,24076,6,0,2.02312,3.35171,0,0,0,5.37483,361,361,0,1,2.45175,2.45175,1830,367,0,1235,0,0,0,0,0,1337,1627.81,2.40137,3.52742,168488,8,29433,486,464433,32,117732,1944,32,4,644756,1319142,20632192,5276568,25908760,4,4,12,4,4,4,0,20,20,20260807,5,1,1,1,0,0,0,6580,0.274167,1,0.0015,0
2746,24087.3,11,0,2.77433,8.45804,0,0,0,11.2324,361,361,0,1,2.45175,2.45175,1830,367,0,1235,0,0,0,0,0,1337,1627.81,2.40137,3.52742,168488,8,29433,486,464433,32,117732,1944,32,4,644756,1319142,20632192,5276568,25908760,4,4,12,4,4,4,0,20,20,20260807,5,1,1,1,0,0,0,6580,0.274167,1,0.0015,0
2747,24093.8,7,0,2.01129,4.39358,0,0,0,6.40487,361,361,0,1,2.45175,2.45175,1830,367,0,1235,0,0,0,0,0,1337,1627.81,2.40137,3.52742,168488,8,29433,486,464433,32,117732,1944,32,4,644756,1319142,20632192,5276568,25908760,4,4,12,4,4,4,0,20,20,20260807,5,1,1,1,0,0,0,6580,0.274167,1,0.0015,0
2748,24104,10,0,2.137,7.96275,0,0,0,10.0998,361,361,0,1,2.45175,2.45175,1830,367,0,1235,0,0,0,0,0,1337,1627.81,2.40137,3.52742,168488,8,29433,486,464433,32,117732,1944,32,4,644756,1319142,20632192,5276568,25908760,4,4,12,4,4,4,0,20,20,20260807,5,1,1,1,0,0,0,6581,0.274208,1,0.0015,1
2749,24109.3,5,0,2.07287,3.14175,0,0,0,5.21462,361,361,0,1,2.45175,2.45175,1830,367,0,1235,0,0,0,0,0,1337,1627.81,2.40137,3.52742,168488,8,29433,486,464433,32,117732,1944,32,4,644756,1319142,20632192,5276568,25908760,4,4,12,4,4,4,0,20,20,20260807,5,1,1,1,0,0,0,6581,0.274208,1,0.0015,0
2750,24120.7,11,0,2.08079,9.314,0,0,0,11.3948,361,361,0,1,2.45175,2.45175,1830,367,0,1235,0,0,0,0,0,1337,1627.81,2.40137,3.52742,168488,8,29433,486,464433,32,117732,1944,32,4,644756,1319142,20632192,5276568,25908760,4,4,12,4,4,4,0,20,20,20260807,5,1,1,1,0,0,0,6581,0.274208,1,0.0015,0
2751,24127.8,8,0,2.07812,4.9435,0,0,0,7.02163,361,361,0,1,2.45175,2.45175,1830,367,0,1235,0,0,0,0,0,1337,1627.81,2.40137,3.52742,168488,8,29433,486,464433,32,117732,1944,32,4,644756,1319142,20632192,5276568,25908760,4,4,12,4,4,4,0,20,20,20260807,5,1,1,1,0,0,0,6581,0.274208,1,0.0015,0
2752,24137.4,9,0,1.91833,7.518,0,0,0,9.43633,361,361,0,1,2.45175,2.45175,1830,367,0,1235,0,0,0,0,0,1337,1627.81,2.40137,3.52742,168488,8,29433,486,464433,32,117732,1944,32,4,644756,1319142,20632192,5276568,25908760,4,4,12,4,4,4,0,20,20,20260807,5,1,1,1,0,0,0,6581,0.274208,1,0.0015,0
2753,24143.6,6,0,2.08229,4.08821,0,0,0,6.1705,361,361,0,1,2.45175,2.45175,1830,367,0,1235,0,0,0,0,0,1337,1627.81,2.40137,3.52742,168488,8,29433,486,464433,32,117732,1944,32,4,644756,1319142,20632192,5276568,25908760,4,4,12,4,4,4,0,20,20,20260807,5,1,1,1,0,0,0,6581,0.274208,1,0.0015,0
2754,24154,11,0,2.16892,8.16013,0,0,0,10.329,361,361,0,1,2.45175,2.45175,1830,367,0,1235,0,0,0,0,0,1337,1627.81,2.40137,3.52742,168488,8,29433,486,464433,32,117732,1944,32,4,644756,1319142,20632192,5276568,25908760,4,4,12,4,4,4,0,20,20,20260807,5,1,1,1,0,0,0,6582,0.27425,1,0.0015,1
2755,24161,7,0,2.08225,4.81833,0,0,0,6.90058,361,361,0,1,2.45175,2.45175,1830,367,0,1235,0,0,0,0,0,1337,1627.81,2.40137,3.52742,168488,8,29433,486,464433,32,117732,1944,32,4,644756,1319142,20632192,5276568,25908760,4,4,12,4,4,4,0,20,20,20260807,5,1,1,1,0,0,0,6582,0.27425,1,0.0015,0
2756,24170.5,9,0,2.14142,7.2495,0,0,0,9.39092,361,361,0,1,2.45175,2.45175,1830,367,0,1235,0,0,0,0,0,1337,1627.81,2.40137,3.52742,168488,8,29433,486,464433,32,117732,1944,32,4,644756,1319142,20632192,5276568,25908760,4,4,12,4,4,4,0,20,20,20260807,5,1,1,1,0,0,0,6582,0.27425,1,0.0015,0
2757,24177.1,7,0,2.02808,4.52392,0,0,0,6.552,361,361,0,1,2.45175,2.45175,1830,367,0,1235,0,0,0,0,0,1337,1627.81,2.40137,3.52742,168488,8,29433,486,464433,32,117732,1944,32,4,644756,1319142,20632192,5276568,25908760,4,4,12,4,4,4,0,20,20,20260807,5,1,1,1,0,0,0,6582,0.27425,1,0.0015,0
2758,24187.4,10,0,2.16962,8.02104,0,0,0,10.1907,361,361,0,1,2.45175,2.45175,1830,367,0,1235,0,0,0,0,0,1337,1627.81,2.40137,3.52742,168488,8,29433,486,464433,32,117732,1944,32,4,644756,1319142,20632192,5276568,25908760,4,4,12,4,4,4,0,20,20,20260807,5,1,1,1,0,0,0,6582,0.27425,1,0.0015,0
2759,24194.4,7,0,2.06821,4.90583,0,0,0,6.97404,361,361,0,1,2.45175,2.45175,1830,367,0,1235,0,0,0,0,0,1337,1627.81,2.40137,3.52742,168488,8,29433,486,464433,32,117732,1944,32,4,644756,1319142,20632192,5276568,25908760,4,4,12,4,4,4,0,20,20,20260807,5,1,1,1,0,0,0,6582,0.27425,1,0.0015,0
2760,24204,10,0,2.13567,7.31383,0,0,0,9.4495,361,361,0,1,2.45175,2.45175,1830,367,0,1235,0,0,0,0,0,1337,1627.81,2.40137,3.52742,168488,8,29433,486,464433,32,117732,1944,32,4,644756,1319142,20632192,5276568,25908760,4,4,12,4,4,4,0,20,20,20260807,5,1,1,1,0,0,0,6583,0.274292,1,0.0015,1
2761,24209.9,6,0,2.08992,3.79688,0,0,0,5.88679,361,361,0,1,2.45175,2.45175,1830,367,0,1235,0,0,0,0,0,1337,1627.81,2.40137,3.52742,168488,8,29433,486,464433,32,117732,1944,32,4,644756,1319142,20632192,5276568,25908760,4,4,12,4,4,4,0,20,20,20260807,5,1,1,1,0,0,0,6583,0.274292,1,0.0015,0
2762,24220.8,11,0,2.26533,8.51004,0,0,0,10.7754,361,361,0,1,2.45175,2.45175,1830,367,0,1235,0,0,0,0,0,1337,1627.81,2.40137,3.52742,168488,8,29433,486,464433,32,117732,1944,32,4,644756,1319142,20632192,5276568,25908760,4,4,12,4,4,4,0,20,20,20260807,5,1,1,1,0,0,0,6583,0.274292,1,0.0015,0
2763,24227.6,6,0,2.10954,4.62104,0,0,0,6.73058,361,361,0,1,2.45175,2.45175,1830,367,0,1235,0,0,0,0,0,1337,1627.81,2.40137,3.52742,168488,8,29433,486,464433,32,117732,1944,32,4,644756,1319142,20632192,5276568,25908760,4,4,12,4,4,4,0,20,20,20260807,5,1,1,1,0,0,0,6583,0.274292,1,0.0015,0
2764,24237.2,10,0,2.09733,7.46983,0,0,0,9.56717,361,361,0,1,2.45175,2.45175,1830,367,0,1235,0,0,0,0,0,1337,1627.81,2.40137,3.52742,168488,8,29433,486,464433,32,117732,1944,32,4,644756,1319142,20632192,5276568,25908760,4,4,12,4,4,4,0,20,20,20260807,5,1,1,1,0,0,0,6583,0.274292,1,0.0015,0
2765,24243.4,6,0,2.06363,4.06171,0,0,0,6.12533,361,361,0,1,2.45175,2.45175,1830,367,0,1235,0,0,0,0,0,1337,1627.81,2.40137,3.52742,168488,8,29433,486,464433,32,117732,1944,32,4,644756,1319142,20632192,5276568,25908760,4,4,12,4,4,4,0,20,20,20260807,5,1,1,1,0,0,0,6583,0.274292,1,0.0015,0
2766,24254,11,0,2.25075,8.25708,0,0,0,10.5078,361,361,0,1,2.45175,2.45175,1830,367,0,1235,0,0,0,0,0,1337,1627.81,2.40137,3.52742,168488,8,29433,486,464433,32,117732,1944,32,4,644756,1319142,20632192,5276568,25908760,4,4,12,4,4,4,0,20,20,20260807,5,1,1,1,0,0,0,6584,0.274333,1,0.0015,1
2767,24261,7,0,2.05467,4.82333,0,0,0,6.878,361,361,0,1,2.45175,2.45175,1830,367,0,1235,0,0,0,0,0,1337,1627.81,2.40137,3.52742,168488,8,29433,486,464433,32,117732,1944,32,4,644756,1319142,20632192,5276568,25908760,4,4,12,4,4,4,0,20,20,20260807,5,1,1,1,0,0,0,6584,0.274333,1,0.0015,0
2768,24270.7,9,0,2.12421,7.46671,0,0,0,9.59092,361,361,0,1,2.45175,2.45175,1830,367,0,1235,0,0,0,0,0,1337,1627.81,2.40137,3.52742,168488,8,29433,486,464433,32,117732,1944,32,4,644756,1319142,20632192,5276568,25908760,4,4,12,4,4,4,0,20,20,20260807,5,1,1,1,0,0,0,6584,0.274333,1,0.0015,0
2769,24276.7,6,0,2.17112,3.72288,0,0,0,5.894,361,361,0,1,2.45175,2.45175,1830,367,0,1235,0,0,0,0,0,1337,1627.81,2.40137,3.52742,168488,8,29433,486,464433,32,117732,1944,32,4,644756,1319142,20632192,5276568,25908760,4,4,12,4,4,4,0,20,20,20260807,5,1,1,1,0,0,0,6584,0.274333,1,0.0015,0
2770,24287.6,12,0,2.37508,8.43542,0,0,0,10.8105,361,361,0,1,2.45175,2.45175,1830,367,0,1235,0,0,0,0,0,1337,1627.81,2.40137,3.52742,168488,8,29433,486,464433,32,117732,1944,32,4,644756,1319142,20632192,5276568,25908760,4,4,12,4,4,4,0,20,20,20260807,5,1,1,1,0,0,0,6584,0.274333,1,0.0015,0
2771,24294.1,7,0,2.09788,4.40838,0,0,0,6.50625,361,361,0,1,2.45175,2.45175,1830,367,0,1235,0,0,0,0,0,1337,1627.81,2.40137,3.52742,168488,8,29433,486,464433,32,117732,1944,32,4,644756,1319142,20632192,5276568,25908760,4,4,12,4,4,4,0,20,20,20260807,5,1,1,1,0,0,0,6584,0.274333,1,0.0015,0
2772,24304,10,0,2.24608,7.5745,0,0,0,9.82058,361,361,0,1,2.45175,2.45175,1830,367,0,1235,0,0,0,0,0,1337,1627.81,2.40137,3.52742,168488,8,29433,486,464433,32,117732,1944,32,4,644756,1319142,20632192,5276568,25908760,4,4,12,4,4,4,0,20,20,20260807,5,1,1,1,0,0,0,6585,0.274375,1,0.0015,1
2773,24310.1,6,0,2.12688,3.84642,0,0,0,5.97329,361,361,0,1,2.45175,2.45175,1830,367,0,1235,0,0,0,0,0,1337,1627.81,2.40137,3.52742,168488,8,29433,486,464433,32,117732,1944,32,4,644756,1319142,20632192,5276568,25908760,4,4,12,4,4,4,0,20,20,20260807,5,1,1,1,0,0,0,6585,0.274375,1,0.0015,0
2774,24320.7,10,0,2.31621,8.2055,0,0,0,10.5217,361,361,0,1,2.45175,2.45175,1830,367,0,1235,0,0,0,0,0,1337,1627.81,2.40137,3.52742,168488,8,29433,486,464433,32,117732,1944,32,4,644756,1319142,20632192,5276568,25908760,4,4,12,4,4,4,0,20,20,20260807,5,1,1,1,0,0,0,6585,0.274375,1,0.0015,0
2775,24327.3,7,0,2.06113,4.45933,0,0,0,6.52046,361,361,0,1,2.45175,2.45175,1830,367,0,1235,0,0,0,0,0,1337,1627.81,2.40137,3.52742,168488,8,29433,486,464433,32,117732,1944,32,4,644756,1319142,20632192,5276568,25908760,4,4,12,4,4,4,0,20,20,20260807,5,1,1,1,0,0,0,6585,0.274375,1,0.0015,0
2776,24337.4,10,0,2.14354,7.88717,0,0,0,10.0307,361,361,0,1,2.45175,2.45175,1830,367,0,1235,0,0,0,0,0,1337,1627.81,2.40137,3.52742,168488,8,29433,486,464433,32,117732,1944,32,4,644756,1319142,20632192,5276568,25908760,4,4,12,4,4,4,0,20,20,20260807,5,1,1,1,0,0,0,6585,0.274375,1,0.0015,0
2777,24343.3,6,0,2.107,3.739,0,0,0,5.846,361,361,0,1,2.45175,2.45175,1830,367,0,1235,0,0,0,0,0,1337,1627.81,2.40137,3.52742,168488,8,29433,486,464433,32,117732,1944,32,4,644756,1319142,20632192,5276568,25908760,4,4,12,4,4,4,0,20,20,20260807,5,1,1,1,0,0,0,6585,0.274375,1,0.0015,0
2778,24354.2,11,0,2.51487,8.27392,0,0,0,10.7888,361,361,0,1,2.45175,2.45175,1830,367,0,1235,0,0,0,0,0,1337,1627.81,2.40137,3.52742,168488,8,29433,486,464433,32,117732,1944,32,4,644756,1319142,20632192,5276568,25908760,4,4,12,4,4,4,0,20,20,20260807,5,1,1,1,0,0,0,6586,0.274417,1,0.0015,1
2779,24359.9,6,0,2.07262,3.53454,0,0,0,5.60717,361,361,0,1,2.45175,2.45175,1830,367,0,1235,0,0,0,0,0,1337,1627.81,2.40137,3.52742,168488,8,29433,486,464433,32,117732,1944,32,4,644756,1319142,20632192,5276568,25908760,4,4,12,4,4,4,0,20,20,20260807,5,1,1,1,0,0,0,6586,0.274417,1,0.0015,0
2780,24370.6,10,0,2.71025,8.00379,0,0,0,10.714,361,361,0,1,2.45175,2.45175,1830,367,0,1235,0,0,0,0,0,1337,1627.81,2.40137,3.52742,168488,8,29433,486,464433,32,117732,1944,32,4,644756,1319142,20632192,5276568,25908760,4,4,12,4,4,4,0,20,20,20260807,5,1,1,1,0,0,0,6586,0.274417,1,0.0015,0
2781,24376.6,6,0,2.00563,3.90663,0,0,0,5.91225,361,361,0,1,2.45175,2.45175,1830,367,0,1235,0,0,0,0,0,1337,1627.81,2.40137,3.52742,168488,8,29433,486,464433,32,117732,1944,32,4,644756,1319142,20632192,5276568,25908760,4,4,12,4,4,4,0,20,20,20260807,5,1,1,1,0,0,0,6586,0.274417,1,0.0015,0
2782,24387.5,11,0,2.24325,8.55375,0,0,0,10.797,361,361,0,1,2.45175,2.45175,1830,367,0,1235,0,0,0,0,0,1337,1627.81,2.40137,3.52742,168488,8,29433,486,464433,32,117732,1944,32,4,644756,1319142,20632192,5276568,25908760,4,4,12,4,4,4,0,20,20,20260807,5,1,1,1,0,0,0,6586,0.274417,1,0.0015,0
2783,24394.5,7,0,2.08571,4.82913,0,0,0,6.91483,361,361,0,1,2.45175,2.45175,1830,367,0,1235,0,0,0,0,0,1337,1627.81,2.40137,3.52742,168488,8,29433,486,464433,32,117732,1944,32,4,644756,1319142,20632192,5276568,25908760,4,4,12,4,4,4,0,20,20,20260807,5,1,1,1,0,0,0,6586,0.274417,1,0.0015,0
2784,24404,10,0,2.17321,7.2255,0,0,0,9.39871,361,361,0,1,2.45175,2.45175,1830,367,0,1235,0,0,0,0,0,1337,1627.81,2.40137,3.52742,168488,8,29433,486,464433,32,117732,1944,32,4,644756,1319142,20632192,5276568,25908760,4,4,12,4,4,4,0,20,20,20260807,5,1,1,1,0,0,0,6587,0.274458,1,0.0015,1
2785,24410.3,6,0,2.10042,4.13271,0,0,0,6.23313,361,361,0,1,2.45175,2.45175,1830,367,0,1235,0,0,0,0,0,1337,1627.81,2.40137,3.52742,168488,8,29433,486,464433,32,117732,1944,32,4,644756,1319142,20632192,5276568,25908760,4,4,12,4,4,4,0,20,20,20260807,5,1,1,1,0,0,0,6587,0.274458,1,0.0015,0
2786,24420.7,10,0,2.33392,7.98558,0,0,0,10.3195,361,361,0,1,2.45175,2.45175,1830,367,0,1235,0,0,0,0,0,1337,1627.81,2.40137,3.52742,168488,8,29433,486,464433,32,117732,1944,32,4,644756,1319142,20632192,5276568,25908760,4,4,12,4,4,4,0,20,20,20260807,5,1,1,1,0,0,0,6587,0.274458,1,0.0015,0
2787,24427.3,7,0,2.11933,4.40458,0,0,0,6.52392,361,361,0,1,2.45175,2.45175,1830,367,0,1235,0,0,0,0,0,1337,1627.81,2.40137,3.52742,168488,8,29433,486,464433,32,117732,1944,32,4,644756,1319142,20632192,5276568,25908760,4,4,12,4,4,4,0,20,20,20260807,5,1,1,1,0,0,0,6587,0.274458,1,0.0015,0
2788,24437.4,10,0,2.17567,7.82671,0,0,0,10.0024,361,361,0,1,2.45175,2.45175,1830,367,0,1235,0,0,0,0,0,1337,1627.81,2.40137,3.52742,168488,8,29433,486,464433,32,117732,1944,32,4,644756,1319142,20632192,5276568,25908760,4,4,12,4,4,4,0,20,20,20260807,5,1,1,1,0,0,0,6587,0.274458,1,0.0015,0
2789,24443.6,6,0,2.1425,3.95071,0,0,0,6.09321,361,361,0,1,2.45175,2.45175,1830,367,0,1235,0,0,0,0,0,1337,1627.81,2.40137,3.52742,168488,8,29433,486,464433,32,117732,1944,32,4,644756,1319142,20632192,5276568,25908760,4,4,12,4,4,4,0,20,20,20260807,5,1,1,1,0,0,0,6587,0.274458,1,0.0015,0
2790,24454.1,11,0,2.28512,8.19442,0,0,0,10.4795,361,361,0,1,2.45175,2.45175,1830,367,0,1235,0,0,0,0,0,1337,1627.81,2.40137,3.52742,168488,8,29433,486,464433,32,117732,1944,32,4,644756,1319142,20632192,5276568,25908760,4,4,12,4,4,4,0,20,20,20260807,5,1,1,1,0,0,0,6588,0.2745,1,0.0015,1
2791,24460.9,7,0,2.11704,4.53675,0,0,0,6.65379,361,361,0,1,2.45175,2.45175,1830,367,0,1235,0,0,0,0,0,1337,1627.81,2.40137,3.52742,168488,8,29433,486,464433,32,117732,1944,32,4,644756,1319142,20632192,5276568,25908760,4,4,12,4,4,4,0,20,20,20260807,5,1,1,1,0,0,0,6588,0.2745,1,0.0015,0
2792,24471,10,0,2.1275,7.93192,0,0,0,10.0594,361,361,0,1,2.45175,2.45175,1830,367,0,1235,0,0,0,0,0,1337,1627.81,2.40137,3.52742,168488,8,29433,486,464433,32,117732,1944,32,4,644756,1319142,20632192,5276568,25908760,4,4,12,4,4,4,0,20,20,20260807,5,1,1,1,0,0,0,6588,0.2745,1,0.0015,0
2793,24477.1,6,0,2.20613,3.74562,0,0,0,5.95175,361,361,0,1,2.45175,2.45175,1830,367,0,1235,0,0,0,0,0,1337,1627.81,2.40137,3.52742,168488,8,29433,486,464433,32,117732,1944,32,4,644756,1319142,20632192,5276568,25908760,4,4,12,4,4,4,0,20,20,20260807,5,1,1,1,0,0,0,6588,0.2745,1,0.0015,0
2794,24487.5,10,0,2.34662,7.99867,0,0,0,10.3453,361,361,0,1,2.45175,2.45175,1830,367,0,1235,0,0,0,0,0,1337,1627.81,2.40137,3.52742,168488,8,29433,486,464433,32,117732,1944,32,4,644756,1319142,20632192,5276568,25908760,4,4,12,4,4,4,0,20,20,20260807,5,1,1,1,0,0,0,6588,0.2745,1,0.0015,0
2795,24494.7,7,0,2.08363,5.01521,0,0,0,7.09883,361,361,0,1,2.45175,2.45175,1830,367,0,1235,0,0,0,0,0,1337,1627.81,2.40137,3.52742,168488,8,29433,486,464433,32,117732,1944,32,4,644756,1319142,20632192,5276568,25908760,4,4,12,4,4,4,0,20,20,20260807,5,1,1,1,0,0,0,6588,0.2745,1,0.0015,0
2796,24504.1,10,0,2.15413,7.23308,0,0,0,9.38721,361,361,0,1,2.45175,2.45175,1830,367,0,1235,0,0,0,0,0,1337,1627.81,2.40137,3.52742,168488,8,29433,486,464433,32,117732,1944,32,4,644756,1319142,20632192,5276568,25908760,4,4,12,4,4,4,0,20,20,20260807,5,1,1,1,0,0,0,6589,0.274542,1,0.0015,1
2797,24509.7,5,0,2.29858,3.22438,0,0,0,5.52296,361,361,0,1,2.45175,2.45175,1830,367,0,1235,0,0,0,0,0,1337,1627.81,2.40137,3.52742,168488,8,29433,486,464433,32,117732,1944,32,4,644756,1319142,20632192,5276568,25908760,4,4,12,4,4,4,0,20,20,20260807,5,1,1,1,0,0,0,6589,0.274542,1,0.0015,0
2798,24522.2,13,0,2.255,8.99746,0,0,0,11.2525,361,361,0,1,2.45175,2.45175,1830,367,0,1235,0,0,0,0,0,1337,1627.81,2.40137,3.52742,168488,8,29433,486,464433,32,117732,1944,32,4,644756,1319142,20632192,5276568,25908760,4,4,12,4,4,4,0,20,20,20260807,5,1,1,1,0,0,0,6589,0.274542,1,0.0015,0
2799,24537.5,15,0,2.08696,13.0801,0,0,0,15.167,361,361,0,1,2.45175,2.45175,1830,367,0,1235,0,0,0,0,0,1337,1627.81,2.40137,3.52742,168488,8,29433,486,464433,32,117732,1944,32,4,644756,1319142,20632192,5276568,25908760,4,4,12,4,4,4,0,20,20,20260807,5,1,1,1,0,0,0,6589,0.274542,1,0.0015,0
2800,24543.1,6,0,2.21963,2.95083,0,0,0,5.17046,361,361,0,1,2.45175,2.45175,1830,367,0,1235,0,0,0,0,0,1337,1627.81,2.40137,3.52742,168488,8,29433,486,464433,32,117732,1944,32,4,644756,1319142,20632192,5276568,25908760,4,4,12,4,4,4,0,20,20,20260807,5,1,1,1,0,0,0,6589,0.274542,1,0.0015,0
2801,24554.2,11,0,2.31067,8.68688,0,0,0,10.9975,361,361,0,1,2.45175,2.45175,1830,367,0,1235,0,0,0,0,0,1337,1627.81,2.40137,3.52742,168488,8,29433,486,464433,32,117732,1944,32,4,644756,1319142,20632192,5276568,25908760,4,4,12,4,4,4,0,20,20,20260807,5,1,1,1,0,0,0,6590,0.274583,1,0.0015,1
2802,24560.6,6,0,2.15287,4.22983,0,0,0,6.38271,361,361,0,1,2.45175,2.45175,1830,367,0,1235,0,0,0,0,0,1337,1627.81,2.40137,3.52742,168488,8,29433,486,464433,32,117732,1944,32,4,644756,1319142,20632192,5276568,25908760,4,4,12,4,4,4,0,20,20,20260807,5,1,1,1,0,0,0,6590,0.274583,1,0.0015,0
2803,24570.7,10,0,5.50512,4.497,0,0,0,10.0021,361,361,0,1,2.45175,2.45175,1830,367,0,1235,0,0,0,0,0,1337,1627.81,2.40137,3.52742,168488,8,29433,486,464433,32,117732,1944,32,4,644756,1319142,20632192,5276568,25908760,4,4,12,4,4,4,0,20,20,20260807,5,1,1,1,0,0,0,6590,0.274583,1,0.0015,0
2804,24576.5,6,0,2.14575,3.57287,0,0,0,5.71863,361,361,0,1,2.45175,2.45175,1830,367,0,1235,0,0,0,0,0,1337,1627.81,2.40137,3.52742,168488,8,29433,486,464433,32,117732,1944,32,4,644756,1319142,20632192,5276568,25908760,4,4,12,4,4,4,0,20,20,20260807,5,1,1,1,0,0,0,6590,0.274583,1,0.0015,0
2805,24587.5,11,0,3.14962,7.75158,0,0,0,10.9012,361,361,0,1,2.45175,2.45175,1830,367,0,1235,0,0,0,0,0,1337,1627.81,2.40137,3.52742,168488,8,29433,486,464433,32,117732,1944,32,4,644756,1319142,20632192,5276568,25908760,4,4,12,4,4,4,0,20,20,20260807,5,1,1,1,0,0,0,6590,0.274583,1,0.0015,0
2806,24593.8,7,0,2.14929,4.11088,0,0,0,6.26017,361,361,0,1,2.45175,2.45175,1830,367,0,1235,0,0,0,0,0,1337,1627.81,2.40137,3.52742,168488,8,29433,486,464433,32,117732,1944,32,4,644756,1319142,20632192,5276568,25908760,4,4,12,4,4,4,0,20,20,20260807,5,1,1,1,0,0,0,6590,0.274583,1,0.0015,0
2807,24604.1,10,0,2.19387,7.97371,0,0,0,10.1676,361,361,0,1,2.45175,2.45175,1830,367,0,1235,0,0,0,0,0,1337,1627.81,2.40137,3.52742,168488,8,29433,486,464433,32,117732,1944,32,4,644756,1319142,20632192,5276568,25908760,4,4,12,4,4,4,0,20,20,20260807,5,1,1,1,0,0,0,6591,0.274625,1,0.0015,1
2808,24610.7,6,0,2.28138,3.82796,0,0,0,6.10933,361,361,0,1,2.45175,2.45175,1830,367,0,1235,0,0,0,0,0,1337,1627.81,2.40137,3.52742,168488,8,29433,486,464433,32,117732,1944,32,4,644756,1319142,20632192,5276568,25908760,4,4,12,4,4,4,0,20,20,20260807,5,1,1,1,0,0,0,6591,0.274625,1,0.0015,0
2809,24623.5,13,0,2.23896,10.5149,0,0,0,12.7538,361,361,0,1,2.45175,2.45175,1830,367,0,1235,0,0,0,0,0,1337,1627.81,2.40137,3.52742,168488,8,29433,486,464433,32,117732,1944,32,4,644756,1319142,20632192,5276568,25908760,4,4,12,4,4,4,0,20,20,20260807,5,1,1,1,0,0,0,6591,0.274625,1,0.0015,0
2810,24629,6,0,2.07063,3.32713,0,0,0,5.39775,361,361,0,1,2.45175,2.45175,1830,367,0,1235,0,0,0,0,0,1337,1627.81,2.40137,3.52742,168488,8,29433,486,464433,32,117732,1944,32,4,644756,1319142,20632192,5276568,25908760,4,4,12,4,4,4,0,20,20,20260807,5,1,1,1,0,0,0,6591,0.274625,1,0.0015,0
2811,24637.4,8,0,2.15729,6.21121,0,0,0,8.3685,361,361,0,1,2.45175,2.45175,1830,367,0,1235,0,0,0,0,0,1337,1627.81,2.40137,3.52742,168488,8,29433,486,464433,32,117732,1944,32,4,644756,1319142,20632192,5276568,25908760,4,4,12,4,4,4,0,20,20,20260807,5,1,1,1,0,0,0,6591,0.274625,1,0.0015,0
2812,24643.4,6,0,2.14033,3.77108,0,0,0,5.91142,361,361,0,1,2.45175,2.45175,1830,367,0,1235,0,0,0,0,0,1337,1627.81,2.40137,3.52742,168488,8,29433,486,464433,32,117732,1944,32,4,644756,1319142,20632192,5276568,25908760,4,4,12,4,4,4,0,20,20,20260807,5,1,1,1,0,0,0,6591,0.274625,1,0.0015,0
2813,24654.1,11,0,2.34825,8.28792,0,0,0,10.6362,361,361,0,1,2.45175,2.45175,1830,367,0,1235,0,0,0,0,0,1337,1627.81,2.40137,3.52742,168488,8,29433,486,464433,32,117732,1944,32,4,644756,1319142,20632192,5276568,25908760,4,4,12,4,4,4,0,20,20,20260807,5,1,1,1,0,0,0,6592,0.274667,1,0.0015,1
2814,24661.1,7,0,2.07662,4.82787,0,0,0,6.9045,361,361,0,1,2.45175,2.45175,1830,367,0,1235,0,0,0,0,0,1337,1627.81,2.40137,3.52742,168488,8,29433,486,464433,32,117732,1944,32,4,644756,1319142,20632192,5276568,25908760,4,4,12,4,4,4,0,20,20,20260807,5,1,1,1,0,0,0,6592,0.274667,1,0.0015,0
2815,24670.8,10,0,2.21025,7.37704,0,0,0,9.58729,361,361,0,1,2.45175,2.45175,1830,367,0,1235,0,0,0,0,0,1337,1627.81,2.40137,3.52742,168488,8,29433,486,464433,32,117732,1944,32,4,644756,1319142,20632192,5276568,25908760,4,4,12,4,4,4,0,20,20,20260807,5,1,1,1,0,0,0,6592,0.274667,1,0.0015,0
2816,24676.9,6,0,2.12071,3.92787,0,0,0,6.04858,361,361,0,1,2.45175,2.45175,1830,367,0,1235,0,0,0,0,0,1337,1627.81,2.40137,3.52742,168488,8,29433,486,464433,32,117732,1944,32,4,644756,1319142,20632192,5276568,25908760,4,4,12,4,4,4,0,20,20,20260807,5,1,1,1,0,0,0,6592,0.274667,1,0.0015,0
2817,24687.4,10,0,2.31067,8.061,0,0,0,10.3717,361,361,0,1,2.45175,2.45175,1830,367,0,1235,0,0,0,0,0,1337,1627.81,2.40137,3.52742,168488,8,29433,486,464433,32,117732,1944,32,4,644756,1319142,20632192,5276568,25908760,4,4,12,4,4,4,0,20,20,20260807,5,1,1,1,0,0,0,6592,0.274667,1,0.0015,0
2818,24692.5,5,0,2.16617,2.85567,0,0,0,5.02183,361,361,0,1,2.45175,2.45175,1830,367,0,1235,0,0,0,0,0,1337,1627.81,2.40137,3.52742,168488,8,29433,486,464433,32,117732,1944,32,4,644756,1319142,20632192,5276568,25908760,4,4,12,4,4,4,0,20,20,20260807,5,1,1,1,0,0,0,6592,0.274667,1,0.0015,0
2819,24704.3,12,0,2.27279,9.492,0,0,0,11.7648,361,361,0,1,2.45175,2.45175,1830,367,0,1235,0,0,0,0,0,1337,1627.81,2.40137,3.52742,168488,8,29433,486,464433,32,117732,1944,32,4,644756,1319142,20632192,5276568,25908760,4,4,12,4,4,4,0,20,20,20260807,5,1,1,1,0,0,0,6593,0.274708,1,0.0015,1
2820,24709.5,5,0,2.17112,2.9705,0,0,0,5.14163,361,361,0,1,2.45175,2.45175,1830,367,0,1235,0,0,0,0,0,1337,1627.81,2.40137,3.52742,168488,8,29433,486,464433,32,117732,1944,32,4,644756,1319142,20632192,5276568,25908760,4,4,12,4,4,4,0,20,20,20260807,5,1,1,1,0,0,0,6593,0.274708,1,0.0015,0
2821,24721,12,0,2.46338,8.92625,0,0,0,11.3896,361,361,0,1,2.45175,2.45175,1830,367,0,1235,0,0,0,0,0,1337,1627.81,2.40137,3.52742,168488,8,29433,486,464433,32,117732,1944,32,4,644756,1319142,20632192,5276568,25908760,4,4,12,4,4,4,0,20,20,20260807,5,1,1,1,0,0,0,6593,0.274708,1,0.0015,0
2822,24726.3,5,0,2.22179,2.99321,0,0,0,5.215,361,361,0,1,2.45175,2.45175,1830,367,0,1235,0,0,0,0,0,1337,1627.81,2.40137,3.52742,168488,8,29433,486,464433,32,117732,1944,32,4,644756,1319142,20632192,5276568,25908760,4,4,12,4,4,4,0,20,20,20260807,5,1,1,1,0,0,0,6593,0.274708,1,0.0015,0
2823,24737.5,11,0,2.35383,8.7455,0,0,0,11.0993,361,361,0,1,2.45175,2.45175,1830,367,0,1235,0,0,0,0,0,1337,1627.81,2.40137,3.52742,168488,8,29433,486,464433,32,117732,1944,32,4,644756,1319142,20632192,5276568,25908760,4,4,12,4,4,4,0,20,20,20260807,5,1,1,1,0,0,0,6593,0.274708,1,0.0015,0
2824,24744.6,7,0,2.13358,4.89254,0,0,0,7.02613,361,361,0,1,2.45175,2.45175,1830,367,0,1235,0,0,0,0,0,1337,1627.81,2.40137,3.52742,168488,8,29433,486,464433,32,117732,1944,32,4,644756,1319142,20632192,5276568,25908760,4,4,12,4,4,4,0,20,20,20260807,5,1,1,1,0,0,0,6593,0.274708,1,0.0015,0
2825,24754,10,0,2.06667,7.33908,0,0,0,9.40575,361,361,0,1,2.45175,2.45175,1830,367,0,1235,0,0,0,0,0,1337,1627.81,2.40137,3.52742,168488,8,29433,486,464433,32,117732,1944,32,4,644756,1319142,20632192,5276568,25908760,4,4,12,4,4,4,0,20,20,20260807,5,1,1,1,0,0,0,6594,0.27475,1,0.0015,1
2826,24761.3,7,0,2.12367,5.01683,0,0,0,7.1405,361,361,0,1,2.45175,2.45175,1830,367,0,1235,0,0,0,0,0,1337,1627.81,2.40137,3.52742,168488,8,29433,486,464433,32,117732,1944,32,4,644756,1319142,20632192,5276568,25908760,4,4,12,4,4,4,0,20,20,20260807,5,1,1,1,0,0,0,6594,0.27475,1,0.0015,0
2827,24770.7,9,0,2.17963,7.19721,0,0,0,9.37683,361,361,0,1,2.45175,2.45175,1830,367,0,1235,0,0,0,0,0,1337,1627.81,2.40137,3.52742,168488,8,29433,486,464433,32,117732,1944,32,4,644756,1319142,20632192,5276568,25908760,4,4,12,4,4,4,0,20,20,20260807,5,1,1,1,0,0,0,6594,0.27475,1,0.0015,0
2828,24777.3,7,0,2.16875,4.30679,0,0,0,6.47554,361,361,0,1,2.45175,2.45175,1830,367,0,1235,0,0,0,0,0,1337,1627.81,2.40137,3.52742,168488,8,29433,486,464433,32,117732,1944,32,4,644756,1319142,20632192,5276568,25908760,4,4,12,4,4,4,0,20,20,20260807,5,1,1,1,0,0,0,6594,0.27475,1,0.0015,0
2829,24787.5,10,0,2.03142,8.12479,0,0,0,10.1562,361,361,0,1,2.45175,2.45175,1830,367,0,1235,0,0,0,0,0,1337,1627.81,2.40137,3.52742,168488,8,29433,486,464433,32,117732,1944,32,4,644756,1319142,20632192,5276568,25908760,4,4,12,4,4,4,0,20,20,20260807,5,1,1,1,0,0,0,6594,0.27475,1,0.0015,0
2830,24794.6,7,0,2.12092,4.87067,0,0,0,6.99158,361,361,0,1,2.45175,2.45175,1830,367,0,1235,0,0,0,0,0,1337,1627.81,2.40137,3.52742,168488,8,29433,486,464433,32,117732,1944,32,4,644756,1319142,20632192,5276568,25908760,4,4,12,4,4,4,0,20,20,20260807,5,1,1,1,0,0,0,6594,0.27475,1,0.0015,0
2831,24804.1,10,0,2.20154,7.23033,0,0,0,9.43187,361,361,0,1,2.45175,2.45175,1830,367,0,1235,0,0,0,0,0,1337,1627.81,2.40137,3.52742,168488,8,29433,486,464433,32,117732,1944,32,4,644756,1319142,20632192,5276568,25908760,4,4,12,4,4,4,0,20,20,20260807,5,1,1,1,0,0,0,6595,0.274792,1,0.0015,1
2832,24810.2,6,0,2.1785,3.873,0,0,0,6.0515,361,361,0,1,2.45175,2.45175,1830,367,0,1235,0,0,0,0,0,1337,1627.81,2.40137,3.52742,168488,8,29433,486,464433,32,117732,1944,32,4,644756,1319142,20632192,5276568,25908760,4,4,12,4,4,4,0,20,20,20260807,5,1,1,1,0,0,0,6595,0.274792,1,0.0015,0
2833,24820.8,11,0,2.24129,8.20796,0,0,0,10.4492,361,361,0,1,2.45175,2.45175,1830,367,0,1235,0,0,0,0,0,1337,1627.81,2.40137,3.52742,168488,8,29433,486,464433,32,117732,1944,32,4,644756,1319142,20632192,5276568,25908760,4,4,12,4,4,4,0,20,20,20260807,5,1,1,1,0,0,0,6595,0.274792,1,0.0015,0
2834,24826.7,5,0,2.1715,3.62204,0,0,0,5.79354,361,361,0,1,2.45175,2.45175,1830,367,0,1235,0,0,0,0,0,1337,1627.81,2.40137,3.52742,168488,8,29433,486,464433,32,117732,1944,32,4,644756,1319142,20632192,5276568,25908760,4,4,12,4,4,4,0,20,20,20260807,5,1,1,1,0,0,0,6595,0.274792,1,0.0015,0
2835,24837.5,11,0,2.31296,8.43817,0,0,0,10.7511,361,361,0,1,2.45175,2.45175,1830,367,0,1235,0,0,0,0,0,1337,1627.81,2.40137,3.52742,168488,8,29433,486,464433,32,117732,1944,32,4,644756,1319142,20632192,5276568,25908760,4,4,12,4,4,4,0,20,20,20260807,5,1,1,1,0,0,0,6595,0.274792,1,0.0015,0
2836,24843.9,7,0,2.14558,4.11937,0,0,0,6.26496,361,361,0,1,2.45175,2.45175,1830,367,0,1235,0,0,0,0,0,1337,1627.81,2.40137,3.52742,168488,8,29433,486,464433,32,117732,1944,32,4,644756,1319142,20632192,5276568,25908760,4,4,12,4,4,4,0,20,20,20260807,5,1,1,1,0,0,0,6595,0.274792,1,0.0015,0
2837,24854.1,10,0,2.26929,7.83725,0,0,0,10.1065,361,361,0,1,2.45175,2.45175,1830,367,0,1235,0,0,0,0,0,1337,1627.81,2.40137,3.52742,168488,8,29433,486,464433,32,117732,1944,32,4,644756,1319142,20632192,5276568,25908760,4,4,12,4,4,4,0,20,20,20260807,5,1,1,1,0,0,0,6596,0.274833,1,0.0015,1
2838,24860.4,6,0,2.06087,4.1525,0,0,0,6.21338,361,361,0,1,2.45175,2.45175,1830,367,0,1235,0,0,0,0,0,1337,1627.81,2.40137,3.52742,168488,8,29433,486,464433,32,117732,1944,32,4,644756,1319142,20632192,5276568,25908760,4,4,12,4,4,4,0,20,20,20260807,5,1,1,1,0,0,0,6596,0.274833,1,0.0015,0
2839,24870.8,11,0,2.16054,8.11029,0,0,0,10.2708,361,361,0,1,2.45175,2.45175,1830,367,0,1235,0,0,0,0,0,1337,1627.81,2.40137,3.52742,168488,8,29433,486,464433,32,117732,1944,32,4,644756,1319142,20632192,5276568,25908760,4,4,12,4,4,4,0,20,20,20260807,5,1,1,1,0,0,0,6596,0.274833,1,0.0015,0
2840,24876.4,5,0,2.1355,3.4145,0,0,0,5.55,361,361,0,1,2.45175,2.45175,1830,367,0,1235,0,0,0,0,0,1337,1627.81,2.40137,3.52742,168488,8,29433,486,464433,32,117732,1944,32,4,644756,1319142,20632192,5276568,25908760,4,4,12,4,4,4,0,20,20,20260807,5,1,1,1,0,0,0,6596,0.274833,1,0.0015,0
2841,24887.6,11,0,3.74383,7.31762,0,0,0,11.0615,361,361,0,1,2.45175,2.45175,1830,367,0,1235,0,0,0,0,0,1337,1627.81,2.40137,3.52742,168488,8,29433,486,464433,32,117732,1944,32,4,644756,1319142,20632192,5276568,25908760,4,4,12,4,4,4,0,20,20,20260807,5,1,1,1,0,0,0,6596,0.274833,1,0.0015,0
2842,24894.2,7,0,2.07017,4.51229,0,0,0,6.58246,361,361,0,1,2.45175,2.45175,1830,367,0,1235,0,0,0,0,0,1337,1627.81,2.40137,3.52742,168488,8,29433,486,464433,32,117732,1944,32,4,644756,1319142,20632192,5276568,25908760,4,4,12,4,4,4,0,20,20,20260807,5,1,1,1,0,0,0,6596,0.274833,1,0.0015,0
2843,24905,11,0,2.22267,8.51967,0,0,0,10.7423,361,361,0,1,2.45175,2.45175,1830,367,0,1235,0,0,0,0,0,1337,1627.81,2.40137,3.52742,168488,8,29433,486,464433,32,117732,1944,32,4,644756,1319142,20632192,5276568,25908760,4,4,12,4,4,4,0,20,20,20260807,5,1,1,1,0,0,0,6597,0.274875,1,0.0015,1
2844,24910.1,5,0,2.09837,2.9045,0,0,0,5.00288,361,361,0,1,2.45175,2.45175,1830,367,0,1235,0,0,0,0,0,1337,1627.81,2.40137,3.52742,168488,8,29433,486,464433,32,117732,1944,32,4,644756,1319142,20632192,5276568,25908760,4,4,12,4,4,4,0,20,20,20260807,5,1,1,1,0,0,0,6597,0.274875,1,0.0015,0
2845,24923,13,0,2.51196,10.3039,0,0,0,12.8158,361,361,0,1,2.45175,2.45175,1830,367,0,1235,0,0,0,0,0,1337,1627.81,2.40137,3.52742,168488,8,29433,486,464433,32,117732,1944,32,4,644756,1319142,20632192,5276568,25908760,4,4,12,4,4,4,0,20,20,20260807,5,1,1,1,0,0,0,6597,0.274875,1,0.0015,0
2846,24928.2,5,0,2.125,2.99217,0,0,0,5.11717,361,361,0,1,2.45175,2.45175,1830,367,0,1235,0,0,0,0,0,1337,1627.81,2.40137,3.52742,168488,8,29433,486,464433,32,117732,1944,32,4,644756,1319142,20632192,5276568,25908760,4,4,12,4,4,4,0,20,20,20260807,5,1,1,1,0,0,0,6597,0.274875,1,0.0015,0
2847,24937.4,9,0,2.19367,6.97138,0,0,0,9.16504,361,361,0,1,2.45175,2.45175,1830,367,0,1235,0,0,0,0,0,1337,1627.81,2.40137,3.52742,168488,8,29433,486,464433,32,117732,1944,32,4,644756,1319142,20632192,5276568,25908760,4,4,12,4,4,4,0,20,20,20260807,5,1,1,1,0,0,0,6597,0.274875,1,0.0015,0
2848,24942.6,5,0,2.16092,2.95021,0,0,0,5.11113,361,361,0,1,2.45175,2.45175,1830,367,0,1235,0,0,0,0,0,1337,1627.81,2.40137,3.52742,168488,8,29433,486,464433,32,117732,1944,32,4,644756,1319142,20632192,5276568,25908760,4,4,12,4,4,4,0,20,20,20260807,5,1,1,1,0,0,0,6597,0.274875,1,0.0015,0
2849,24954.4,12,0,2.31792,9.41792,0,0,0,11.7358,361,361,0,1,2.45175,2.45175,1830,367,0,1235,0,0,0,0,0,1337,1627.81,2.40137,3.52742,168488,8,29433,486,464433,32,117732,1944,32,4,644756,1319142,20632192,5276568,25908760,4,4,12,4,4,4,0,20,20,20260807,5,1,1,1,0,0,0,6598,0.274917,1,0.0015,1
2850,24959.6,5,0,2.11904,2.91858,0,0,0,5.03763,361,361,0,1,2.45175,2.45175,1830,367,0,1235,0,0,0,0,0,1337,1627.81,2.40137,3.52742,168488,8,29433,486,464433,32,117732,1944,32,4,644756,1319142,20632192,5276568,25908760,4,4,12,4,4,4,0,20,20,20260807,5,1,1,1,0,0,0,6598,0.274917,1,0.0015,0
2851,24972.1,13,0,2.53196,9.98167,0,0,0,12.5136,361,361,0,1,2.45175,2.45175,1830,367,0,1235,0,0,0,0,0,1337,1627.81,2.40137,3.52742,168488,8,29433,486,464433,32,117732,1944,32,4,644756,1319142,20632192,5276568,25908760,4,4,12,4,4,4,0,20,20,20260807,5,1,1,1,0,0,0,6598,0.274917,1,0.0015,0
2852,24987.9,16,0,2.06758,13.5645,0,0,0,15.6321,361,361,0,1,2.45175,2.45175,1830,367,0,1235,0,0,0,0,0,1337,1627.81,2.40137,3.52742,168488,8,29433,486,464433,32,117732,1944,32,4,644756,1319142,20632192,5276568,25908760,4,4,12,4,4,4,0,20,20,20260807,5,1,1,1,0,0,0,6598,0.274917,1,0.0015,0
2853,24993,5,0,2.13383,2.97892,0,0,0,5.11275,361,361,0,1,2.45175,2.45175,1830,367,0,1235,0,0,0,0,0,1337,1627.81,2.40137,3.52742,168488,8,29433,486,464433,32,117732,1944,32,4,644756,1319142,20632192,5276568,25908760,4,4,12,4,4,4,0,20,20,20260807,5,1,1,1,0,0,0,6598,0.274917,1,0.0015,0
2854,25005.2,12,0,2.359,9.66108,0,0,0,12.0201,361,361,0,1,2.45175,2.45175,1830,367,0,1235,0,0,0,0,0,1337,1627.81,2.40137,3.52742,168488,8,29433,486,464433,32,117732,1944,32,4,644756,1319142,20632192,5276568,25908760,4,4,12,4,4,4,0,20,20,20260807,5,1,1,1,0,0,0,6599,0.274958,1,0.0015,1
2855,25010.5,5,0,2.19775,3.02729,0,0,0,5.22504,361,361,0,1,2.45175,2.45175,1830,367,0,1235,0,0,0,0,0,1337,1627.81,2.40137,3.52742,168488,8,29433,486,464433,32,117732,1944,32,4,644756,1319142,20632192,5276568,25908760,4,4,12,4,4,4,0,20,20,20260807,5,1,1,1,0,0,0,6599,0.274958,1,0.0015,0
2856,25024.6,14,0,2.3045,11.6562,0,0,0,13.9608,361,361,0,1,2.45175,2.45175,1830,367,0,1235,0,0,0,0,0,1337,1627.81,2.40137,3.52742,168488,8,29433,486,464433,32,117732,1944,32,4,644756,1319142,20632192,5276568,25908760,4,4,12,4,4,4,0,20,20,20260807,5,1,1,1,0,0,0,6599,0.274958,1,0.0015,0
2857,25030.5,6,0,2.13996,3.76575,0,0,0,5.90571,361,361,0,1,2.45175,2.45175,1830,367,0,1235,0,0,0,0,0,1337,1627.81,2.40137,3.52742,168488,8,29433,486,464433,32,117732,1944,32,4,644756,1319142,20632192,5276568,25908760,4,4,12,4,4,4,0,20,20,20260807,5,1,1,1,0,0,0,6599,0.274958,1,0.0015,0
2858,25038.2,7,0,2.12796,5.44512,0,0,0,7.57308,361,361,0,1,2.45175,2.45175,1830,367,0,1235,0,0,0,0,0,1337,1627.81,2.40137,3.52742,168488,8,29433,486,464433,32,117732,1944,32,4,644756,1319142,20632192,5276568,25908760,4,4,12,4,4,4,0,20,20,20260807,5,1,1,1,0,0,0,6599,0.274958,1,0.0015,0
2859,25043.8,6,0,2.20063,3.34337,0,0,0,5.544,361,361,0,1,2.45175,2.45175,1830,367,0,1235,0,0,0,0,0,1337,1627.81,2.40137,3.52742,168488,8,29433,486,464433,32,117732,1944,32,4,644756,1319142,20632192,5276568,25908760,4,4,12,4,4,4,0,20,20,20260807,5,1,1,1,0,0,0,6599,0.274958,1,0.0015,0
2860,25056.3,12,0,2.41571,10.0337,0,0,0,12.4495,361,361,0,1,2.45175,2.45175,1830,367,0,1235,0,0,0,0,0,1337,1627.81,2.40137,3.52742,168488,8,29433,486,464433,32,117732,1944,32,4,644756,1319142,20632192,5276568,25908760,4,4,12,4,4,4,0,20,20,20260807,5,1,1,1,0,0,0,6600,0.275,1,0.0015,1
2861,25063.3,7,0,2.1675,4.70354,0,0,0,6.87104,361,361,0,1,2.45175,2.45175,1830,367,0,1235,0,0,0,0,0,1337,1627.81,2.40137,3.52742,168488,8,29433,486,464433,32,117732,1944,32,4,644756,1319142,20632192,5276568,25908760,4,4,12,4,4,4,0,20,20,20260807,5,1,1,1,0,0,0,6600,0.275,1,0.0015,0
2862,25070.7,7,0,2.14629,5.17283,0,0,0,7.31912,361,361,0,1,2.45175,2.45175,1830,367,0,1235,0,0,0,0,0,1337,1627.81,2.40137,3.52742,168488,8,29433,486,464433,32,117732,1944,32,4,644756,1319142,20632192,5276568,25908760,4,4,12,4,4,4,0,20,20,20260807,5,1,1,1,0,0,0,6600,0.275,1,0.0015,0
2863,25075.8,6,0,2.12417,2.95196,0,0,0,5.07613,361,361,0,1,2.45175,2.45175,1830,367,0,1235,0,0,0,0,0,1337,1627.81,2.40137,3.52742,168488,8,29433,486,464433,32,117732,1944,32,4,644756,1319142,20632192,5276568,25908760,4,4,12,4,4,4,0,20,20,20260807,5,1,1,1,0,0,0,6600,0.275,1,0.0015,0
2864,25087.6,11,0,2.13604,9.50983,0,0,0,11.6459,361,361,0,1,2.45175,2.45175,1830,367,0,1235,0,0,0,0,0,1337,1627.81,2.40137,3.52742,168488,8,29433,486,464433,32,117732,1944,32,4,644756,1319142,20632192,5276568,25908760,4,4,12,4,4,4,0,20,20,20260807,5,1,1,1,0,0,0,6600,0.275,1,0.0015,0
2865,25093.2,6,0,2.17242,3.35004,0,0,0,5.52246,361,361,0,1,2.45175,2.45175,1830,367,0,1235,0,0,0,0,0,1337,1627.81,2.40137,3.52742,168488,8,29433,486,464433,32,117732,1944,32,4,644756,1319142,20632192,5276568,25908760,4,4,12,4,4,4,0,20,20,20260807,5,1,1,1,0,0,0,6600,0.275,1,0.0015,0
2866,25104.1,11,0,2.20637,8.68812,0,0,0,10.8945,361,361,0,1,2.45175,2.45175,1830,367,0,1235,0,0,0,0,0,1337,1627.81,2.40137,3.52742,168488,8,29433,486,464433,32,117732,1944,32,4,644756,1319142,20632192,5276568,25908760,4,4,12,4,4,4,0,20,20,20260807,5,1,1,1,0,0,0,6601,0.275042,1,0.0015,1
2867,25109.3,5,0,2.12062,3.01979,0,0,0,5.14042,361,361,0,1,2.45175,2.45175,1830,367,0,1235,0,0,0,0,0,1337,1627.81,2.40137,3.52742,168488,8,29433,486,464433,32,117732,1944,32,4,644756,1319142,20632192,5276568,25908760,4,4,12,4,4,4,0,20,20,20260807,5,1,1,1,0,0,0,6601,0.275042,1,0.0015,0
2868,25120.9,12,0,2.1485,9.31375,0,0,0,11.4622,361,361,0,1,2.45175,2.45175,1830,367,0,1235,0,0,0,0,0,1337,1627.81,2.40137,3.52742,168488,8,29433,486,464433,32,117732,1944,32,4,644756,1319142,20632192,5276568,25908760,4,4,12,4,4,4,0,20,20,20260807,5,1,1,1,0,0,0,6601,0.275042,1,0.0015,0
2869,25126.8,6,0,2.15437,3.71546,0,0,0,5.86983,361,361,0,1,2.45175,2.45175,1830,367,0,1235,0,0,0,0,0,1337,1627.81,2.40137,3.52742,168488,8,29433,486,464433,32,117732,1944,32,4,644756,1319142,20632192,5276568,25908760,4,4,12,4,4,4,0,20,20,20260807,5,1,1,1,0,0,0,6601,0.275042,1,0.0015,0
2870,25137.3,10,0,2.21321,8.20513,0,0,0,10.4183,361,361,0,1,2.45175,2.45175,1830,367,0,1235,0,0,0,0,0,1337,1627.81,2.40137,3.52742,168488,8,29433,486,464433,32,117732,1944,32,4,644756,1319142,20632192,5276568,25908760,4,4,12,4,4,4,0,20,20,20260807,5,1,1,1,0,0,0,6601,0.275042,1,0.0015,0
2871,25143.1,6,0,2.077,3.63483,0,0,0,5.71183,361,361,0,1,2.45175,2.45175,1830,367,0,1235,0,0,0,0,0,1337,1627.81,2.40137,3.52742,168488,8,29433,486,464433,32,117732,1944,32,4,644756,1319142,20632192,5276568,25908760,4,4,12,4,4,4,0,20,20,20260807,5,1,1,1,0,0,0,6601,0.275042,1,0.0015,0
2872,25154.2,11,0,2.18767,8.79021,0,0,0,10.9779,361,361,0,1,2.45175,2.45175,1830,367,0,1235,0,0,0,0,0,1337,1627.81,2.40137,3.52742,168488,8,29433,486,464433,32,117732,1944,32,4,644756,1319142,20632192,5276568,25908760,4,4,12,4,4,4,0,20,20,20260807,5,1,1,1,0,0,0,6602,0.275083,1,0.0015,1
2873,25161.1,7,0,2.10513,4.70512,0,0,0,6.81025,361,361,0,1,2.45175,2.45175,1830,367,0,1235,0,0,0,0,0,1337,1627.81,2.40137,3.52742,168488,8,29433,486,464433,32,117732,1944,32,4,644756,1319142,20632192,5276568,25908760,4,4,12,4,4,4,0,20,20,20260807,5,1,1,1,0,0,0,6602,0.275083,1,0.0015,0
2874,25170.7,9,0,2.03404,7.55504,0,0,0,9.58908,361,361,0,1,2.45175,2.45175,1830,367,0,1235,0,0,0,0,0,1337,1627.81,2.40137,3.52742,168488,8,29433,486,464433,32,117732,1944,32,4,644756,1319142,20632192,5276568,25908760,4,4,12,4,4,4,0,20,20,20260807,5,1,1,1,0,0,0,6602,0.275083,1,0.0015,0
2875,25176.6,6,0,2.18683,3.63708,0,0,0,5.82392,361,361,0,1,2.45175,2.45175,1830,367,0,1235,0,0,0,0,0,1337,1627.81,2.40137,3.52742,168488,8,29433,486,464433,32,117732,1944,32,4,644756,1319142,20632192,5276568,25908760,4,4,12,4,4,4,0,20,20,20260807,5,1,1,1,0,0,0,6602,0.275083,1,0.0015,0
2876,25187.6,11,0,2.18125,8.68096,0,0,0,10.8622,361,361,0,1,2.45175,2.45175,1830,367,0,1235,0,0,0,0,0,1337,1627.81,2.40137,3.52742,168488,8,29433,486,464433,32,117732,1944,32,4,644756,1319142,20632192,5276568,25908760,4,4,12,4,4,4,0,20,20,20260807,5,1,1,1,0,0,0,6602,0.275083,1,0.0015,0
2877,25193.7,6,0,2.08446,4.01025,0,0,0,6.09471,361,361,0,1,2.45175,2.45175,1830,367,0,1235,0,0,0,0,0,1337,1627.81,2.40137,3.52742,168488,8,29433,486,464433,32,117732,1944,32,4,644756,1319142,20632192,5276568,25908760,4,4,12,4,4,4,0,20,20,20260807,5,1,1,1,0,0,0,6602,0.275083,1,0.0015,0
2878,25204.2,11,0,2.23492,8.10421,0,0,0,10.3391,361,361,0,1,2.45175,2.45175,1830,367,0,1235,0,0,0,0,0,1337,1627.81,2.40137,3.52742,168488,8,29433,486,464433,32,117732,1944,32,4,644756,1319142,20632192,5276568,25908760,4,4,12,4,4,4,0,20,20,20260807,5,1,1,1,0,0,0,6603,0.275125,1,0.0015,1
2879,25210,6,0,2.13404,3.56342,0,0,0,5.69746,361,361,0,1,2.45175,2.45175,1830,367,0,1235,0,0,0,0,0,1337,1627.81,2.40137,3.52742,168488,8,29433,486,464433,32,117732,1944,32,4,644756,1319142,20632192,5276568,25908760,4,4,12,4,4,4,0,20,20,20260807,5,1,1,1,0,0,0,6603,0.275125,1,0.0015,0
2880,25220.9,11,0,2.29508,8.58892,0,0,0,10.884,361,361,0,1,2.45175,2.45175,1830,367,0,1235,0,0,0,0,0,1337,1627.81,2.40137,3.52742,168488,8,29433,486,464433,32,117732,1944,32,4,644756,1319142,20632192,5276568,25908760,4,4,12,4,4,4,0,20,20,20260807,5,1,1,1,0,0,0,6603,0.275125,1,0.0015,0
2881,25227.3,6,0,2.10637,4.21837,0,0,0,6.32475,361,361,0,1,2.45175,2.45175,1830,367,0,1235,0,0,0,0,0,1337,1627.81,2.40137,3.52742,168488,8,29433,486,464433,32,117732,1944,32,4,644756,1319142,20632192,5276568,25908760,4,4,12,4,4,4,0,20,20,20260807,5,1,1,1,0,0,0,6603,0.275125,1,0.0015,0
2882,25237.4,10,0,2.07092,7.82304,0,0,0,9.89396,361,361,0,1,2.45175,2.45175,1830,367,0,1235,0,0,0,0,0,1337,1627.81,2.40137,3.52742,168488,8,29433,486,464433,32,117732,1944,32,4,644756,1319142,20632192,5276568,25908760,4,4,12,4,4,4,0,20,20,20260807,5,1,1,1,0,0,0,6603,0.275125,1,0.0015,0
2883,25242.9,6,0,2.07667,3.34329,0,0,0,5.41996,361,361,0,1,2.45175,2.45175,1830,367,0,1235,0,0,0,0,0,1337,1627.81,2.40137,3.52742,168488,8,29433,486,464433,32,117732,1944,32,4,644756,1319142,20632192,5276568,25908760,4,4,12,4,4,4,0,20,20,20260807,5,1,1,1,0,0,0,6603,0.275125,1,0.0015,0
2884,25254.9,12,0,2.27225,9.62708,0,0,0,11.8993,361,361,0,1,2.45175,2.45175,1830,367,0,1235,0,0,0,0,0,1337,1627.81,2.40137,3.52742,168488,8,29433,486,464433,32,117732,1944,32,4,644756,1319142,20632192,5276568,25908760,4,4,12,4,4,4,0,20,20,20260807,5,1,1,1,0,0,0,6604,0.275167,1,0.0015,1
2885,25260.3,5,0,2.19954,3.17296,0,0,0,5.3725,361,361,0,1,2.45175,2.45175,1830,367,0,1235,0,0,0,0,0,1337,1627.81,2.40137,3.52742,168488,8,29433,486,464433,32,117732,1944,32,4,644756,1319142,20632192,5276568,25908760,4,4,12,4,4,4,0,20,20,20260807,5,1,1,1,0,0,0,6604,0.275167,1,0.0015,0
2886,25270.7,10,0,2.31433,7.98904,0,0,0,10.3034,361,361,0,1,2.45175,2.45175,1830,367,0,1235,0,0,0,0,0,1337,1627.81,2.40137,3.52742,168488,8,29433,486,464433,32,117732,1944,32,4,644756,1319142,20632192,5276568,25908760,4,4,12,4,4,4,0,20,20,20260807,5,1,1,1,0,0,0,6604,0.275167,1,0.0015,0
2887,25275.9,6,0,2.09679,3.04246,0,0,0,5.13925,361,361,0,1,2.45175,2.45175,1830,367,0,1235,0,0,0,0,0,1337,1627.81,2.40137,3.52742,168488,8,29433,486,464433,32,117732,1944,32,4,644756,1319142,20632192,5276568,25908760,4,4,12,4,4,4,0,20,20,20260807,5,1,1,1,0,0,0,6604,0.275167,1,0.0015,0
2888,25288.2,13,0,2.46163,9.6655,0,0,0,12.1271,361,361,0,1,2.45175,2.45175,1830,367,0,1235,0,0,0,0,0,1337,1627.81,2.40137,3.52742,168488,8,29433,486,464433,32,117732,1944,32,4,644756,1319142,20632192,5276568,25908760,4,4,12,4,4,4,0,20,20,20260807,5,1,1,1,0,0,0,6604,0.275167,1,0.0015,0
2889,25293.9,6,0,2.12354,3.541,0,0,0,5.66454,361,361,0,1,2.45175,2.45175,1830,367,0,1235,0,0,0,0,0,1337,1627.81,2.40137,3.52742,168488,8,29433,486,464433,32,117732,1944,32,4,644756,1319142,20632192,5276568,25908760,4,4,12,4,4,4,0,20,20,20260807,5,1,1,1,0,0,0,6604,0.275167,1,0.0015,0
2890,25304.4,10,0,2.27775,8.18946,0,0,0,10.4672,361,361,0,1,2.45175,2.45175,1830,367,0,1235,0,0,0,0,0,1337,1627.81,2.40137,3.52742,168488,8,29433,486,464433,32,117732,1944,32,4,644756,1319142,20632192,5276568,25908760,4,4,12,4,4,4,0,20,20,20260807,5,1,1,1,0,0,0,6605,0.275208,1,0.0015,1
2891,25311,7,0,2.13467,4.32567,0,0,0,6.46033,361,361,0,1,2.45175,2.45175,1830,367,0,1235,0,0,0,0,0,1337,1627.81,2.40137,3.52742,168488,8,29433,486,464433,32,117732,1944,32,4,644756,1319142,20632192,5276568,25908760,4,4,12,4,4,4,0,20,20,20260807,5,1,1,1,0,0,0,6605,0.275208,1,0.0015,0
2892,25320.9,10,0,2.23563,7.60017,0,0,0,9.83579,361,361,0,1,2.45175,2.45175,1830,367,0,1235,0,0,0,0,0,1337,1627.81,2.40137,3.52742,168488,8,29433,486,464433,32,117732,1944,32,4,644756,1319142,20632192,5276568,25908760,4,4,12,4,4,4,0,20,20,20260807,5,1,1,1,0,0,0,6605,0.275208,1,0.0015,0
2893,25328,7,0,2.02067,5.00642,0,0,0,7.02708,361,361,0,1,2.45175,2.45175,1830,367,0,1235,0,0,0,0,0,1337,1627.81,2.40137,3.52742,168488,8,29433,486,464433,32,117732,1944,32,4,644756,1319142,20632192,5276568,25908760,4,4,12,4,4,4,0,20,20,20260807,5,1,1,1,0,0,0,6605,0.275208,1,0.0015,0
2894,25337.7,9,0,2.05671,7.52683,0,0,0,9.58354,361,361,0,1,2.45175,2.45175,1830,367,0,1235,0,0,0,0,0,1337,1627.81,2.40137,3.52742,168488,8,29433,486,464433,32,117732,1944,32,4,644756,1319142,20632192,5276568,25908760,4,4,12,4,4,4,0,20,20,20260807,5,1,1,1,0,0,0,6605,0.275208,1,0.0015,0
2895,25344.3,7,0,2.09204,4.45321,0,0,0,6.54525,361,361,0,1,2.45175,2.45175,1830,367,0,1235,0,0,0,0,0,1337,1627.81,2.40137,3.52742,168488,8,29433,486,464433,32,117732,1944,32,4,644756,1319142,20632192,5276568,25908760,4,4,12,4,4,4,0,20,20,20260807,5,1,1,1,0,0,0,6605,0.275208,1,0.0015,0
2896,25354.1,10,0,2.14142,7.59225,0,0,0,9.73367,361,361,0,1,2.45175,2.45175,1830,367,0,1235,0,0,0,0,0,1337,1627.81,2.40137,3.52742,168488,8,29433,486,464433,32,117732,1944,32,4,644756,1319142,20632192,5276568,25908760,4,4,12,4,4,4,0,20,20,20260807,5,1,1,1,0,0,0,6606,0.27525,1,0.0015,1
2897,25362.1,8,0,2.19583,5.73337,0,0,0,7.92921,361,361,0,1,2.45175,2.45175,1830,367,0,1235,0,0,0,0,0,1337,1627.81,2.40137,3.52742,168488,8,29433,486,464433,32,117732,1944,32,4,644756,1319142,20632192,5276568,25908760,4,4,12,4,4,4,0,20,20,20260807,5,1,1,1,0,0,0,6606,0.27525,1,0.0015,0
2898,25371.6,9,0,2.06637,7.31608,0,0,0,9.38246,361,361,0,1,2.45175,2.45175,1830,367,0,1235,0,0,0,0,0,1337,1627.81,2.40137,3.52742,168488,8,29433,486,464433,32,117732,1944,32,4,644756,1319142,20632192,5276568,25908760,4,4,12,4,4,4,0,20,20,20260807,5,1,1,1,0,0,0,6606,0.27525,1,0.0015,0
2899,25376.9,6,0,2.1335,3.14487,0,0,0,5.27837,361,361,0,1,2.45175,2.45175,1830,367,0,1235,0,0,0,0,0,1337,1627.81,2.40137,3.52742,168488,8,29433,486,464433,32,117732,1944,32,4,644756,1319142,20632192,5276568,25908760,4,4,12,4,4,4,0,20,20,20260807,5,1,1,1,0,0,0,6606,0.27525,1,0.0015,0
2900,25387.4,10,0,2.24025,8.17996,0,0,0,10.4202,361,361,0,1,2.45175,2.45175,1830,367,0,1235,0,0,0,0,0,1337,1627.81,2.40137,3.52742,168488,8,29433,486,464433,32,117732,1944,32,4,644756,1319142,20632192,5276568,25908760,4,4,12,4,4,4,0,20,20,20260807,5,1,1,1,0,0,0,6606,0.27525,1,0.0015,0
2901,25393.6,6,0,2.09946,4.028,0,0,0,6.12746,361,361,0,1,2.45175,2.45175,1830,367,0,1235,0,0,0,0,0,1337,1627.81,2.40137,3.52742,168488,8,29433,486,464433,32,117732,1944,32,4,644756,1319142,20632192,5276568,25908760,4,4,12,4,4,4,0,20,20,20260807,5,1,1,1,0,0,0,6606,0.27525,1,0.0015,0
2902,25404,11,0,2.18092,8.09,0,0,0,10.2709,361,361,0,1,2.45175,2.45175,1830,367,0,1235,0,0,0,0,0,1337,1627.81,2.40137,3.52742,168488,8,29433,486,464433,32,117732,1944,32,4,644756,1319142,20632192,5276568,25908760,4,4,12,4,4,4,0,20,20,20260807,5,1,1,1,0,0,0,6607,0.275292,1,0.0015,1
2903,25410,6,0,2.13933,3.71942,0,0,0,5.85875,361,361,0,1,2.45175,2.45175,1830,367,0,1235,0,0,0,0,0,1337,1627.81,2.40137,3.52742,168488,8,29433,486,464433,32,117732,1944,32,4,644756,1319142,20632192,5276568,25908760,4,4,12,4,4,4,0,20,20,20260807,5,1,1,1,0,0,0,6607,0.275292,1,0.0015,0
2904,25420.9,11,0,2.26571,8.53283,0,0,0,10.7985,361,361,0,1,2.45175,2.45175,1830,367,0,1235,0,0,0,0,0,1337,1627.81,2.40137,3.52742,168488,8,29433,486,464433,32,117732,1944,32,4,644756,1319142,20632192,5276568,25908760,4,4,12,4,4,4,0,20,20,20260807,5,1,1,1,0,0,0,6607,0.275292,1,0.0015,0
2905,25426.8,6,0,2.04679,3.86971,0,0,0,5.9165,361,361,0,1,2.45175,2.45175,1830,367,0,1235,0,0,0,0,0,1337,1627.81,2.40137,3.52742,168488,8,29433,486,464433,32,117732,1944,32,4,644756,1319142,20632192,5276568,25908760,4,4,12,4,4,4,0,20,20,20260807,5,1,1,1,0,0,0,6607,0.275292,1,0.0015,0
2906,25437.4,10,0,2.29354,8.19042,0,0,0,10.484,361,361,0,1,2.45175,2.45175,1830,367,0,1235,0,0,0,0,0,1337,1627.81,2.40137,3.52742,168488,8,29433,486,464433,32,117732,1944,32,4,644756,1319142,20632192,5276568,25908760,4,4,12,4,4,4,0,20,20,20260807,5,1,1,1,0,0,0,6607,0.275292,1,0.0015,0
2907,25443.4,6,0,2.15858,3.71325,0,0,0,5.87183,361,361,0,1,2.45175,2.45175,1830,367,0,1235,0,0,0,0,0,1337,1627.81,2.40137,3.52742,168488,8,29433,486,464433,32,117732,1944,32,4,644756,1319142,20632192,5276568,25908760,4,4,12,4,4,4,0,20,20,20260807,5,1,1,1,0,0,0,6607,0.275292,1,0.0015,0
2908,25454.2,11,0,2.39367,8.38742,0,0,0,10.7811,361,361,0,1,2.45175,2.45175,1830,367,0,1235,0,0,0,0,0,1337,1627.81,2.40137,3.52742,168488,8,29433,486,464433,32,117732,1944,32,4,644756,1319142,20632192,5276568,25908760,4,4,12,4,4,4,0,20,20,20260807,5,1,1,1,0,0,0,6608,0.275333,1,0.0015,1
2909,25460.2,6,0,2.10617,3.80088,0,0,0,5.90704,361,361,0,1,2.45175,2.45175,1830,367,0,1235,0,0,0,0,0,1337,1627.81,2.40137,3.52742,168488,8,29433,486,464433,32,117732,1944,32,4,644756,1319142,20632192,5276568,25908760,4,4,12,4,4,4,0,20,20,20260807,5,1,1,1,0,0,0,6608,0.275333,1,0.0015,0
2910,25470.8,11,0,2.32687,8.16542,0,0,0,10.4923,361,361,0,1,2.45175,2.45175,1830,367,0,1235,0,0,0,0,0,1337,1627.81,2.40137,3.52742,168488,8,29433,486,464433,32,117732,1944,32,4,644756,1319142,20632192,5276568,25908760,4,4,12,4,4,4,0,20,20,20260807,5,1,1,1,0,0,0,6608,0.275333,1,0.0015,0
2911,25476.8,6,0,2.03421,3.90112,0,0,0,5.93533,361,361,0,1,2.45175,2.45175,1830,367,0,1235,0,0,0,0,0,1337,1627.81,2.40137,3.52742,168488,8,29433,486,464433,32,117732,1944,32,4,644756,1319142,20632192,5276568,25908760,4,4,12,4,4,4,0,20,20,20260807,5,1,1,1,0,0,0,6608,0.275333,1,0.0015,0
2912,25487.5,10,0,2.32979,8.24367,0,0,0,10.5735,361,361,0,1,2.45175,2.45175,1830,367,0,1235,0,0,0,0,0,1337,1627.81,2.40137,3.52742,168488,8,29433,486,464433,32,117732,1944,32,4,644756,1319142,20632192,5276568,25908760,4,4,12,4,4,4,0,20,20,20260807,5,1,1,1,0,0,0,6608,0.275333,1,0.0015,0
2913,25493.8,7,0,2.02517,4.28971,0,0,0,6.31487,361,361,0,1,2.45175,2.45175,1830,367,0,1235,0,0,0,0,0,1337,1627.81,2.40137,3.52742,168488,8,29433,486,464433,32,117732,1944,32,4,644756,1319142,20632192,5276568,25908760,4,4,12,4,4,4,0,20,20,20260807,5,1,1,1,0,0,0,6608,0.275333,1,0.0015,0
2914,25504.2,10,0,2.20221,8.0795,0,0,0,10.2817,361,361,0,1,2.45175,2.45175,1830,367,0,1235,0,0,0,0,0,1337,1627.81,2.40137,3.52742,168488,8,29433,486,464433,32,117732,1944,32,4,644756,1319142,20632192,5276568,25908760,4,4,12,4,4,4,0,20,20,20260807,5,1,1,1,0,0,0,6609,0.275375,1,0.0015,1
2915,25509.8,6,0,2.08833,3.44796,0,0,0,5.53629,361,361,0,1,2.45175,2.45175,1830,367,0,1235,0,0,0,0,0,1337,1627.81,2.40137,3.52742,168488,8,29433,486,464433,32,117732,1944,32,4,644756,1319142,20632192,5276568,25908760,4,4,12,4,4,4,0,20,20,20260807,5,1,1,1,0,0,0,6609,0.275375,1,0.0015,0
2916,25520.8,11,0,2.17696,8.74275,0,0,0,10.9197,361,361,0,1,2.45175,2.45175,1830,367,0,1235,0,0,0,0,0,1337,1627.81,2.40137,3.52742,168488,8,29433,486,464433,32,117732,1944,32,4,644756,1319142,20632192,5276568,25908760,4,4,12,4,4,4,0,20,20,20260807,5,1,1,1,0,0,0,6609,0.275375,1,0.0015,0
2917,25526.4,5,0,2.06596,3.4055,0,0,0,5.47146,361,361,0,1,2.45175,2.45175,1830,367,0,1235,0,0,0,0,0,1337,1627.81,2.40137,3.52742,168488,8,29433,486,464433,32,117732,1944,32,4,644756,1319142,20632192,5276568,25908760,4,4,12,4,4,4,0,20,20,20260807,5,1,1,1,0,0,0,6609,0.275375,1,0.0015,0
2918,25537.4,11,0,2.14075,8.87279,0,0,0,11.0135,361,361,0,1,2.45175,2.45175,1830,367,0,1235,0,0,0,0,0,1337,1627.81,2.40137,3.52742,168488,8,29433,486,464433,32,117732,1944,32,4,644756,1319142,20632192,5276568,25908760,4,4,12,4,4,4,0,20,20,20260807,5,1,1,1,0,0,0,6609,0.275375,1,0.0015,0
2919,25543.1,6,0,2.091,3.46008,0,0,0,5.55108,361,361,0,1,2.45175,2.45175,1830,367,0,1235,0,0,0,0,0,1337,1627.81,2.40137,3.52742,168488,8,29433,486,464433,32,117732,1944,32,4,644756,1319142,20632192,5276568,25908760,4,4,12,4,4,4,0,20,20,20260807,5,1,1,1,0,0,0,6609,0.275375,1,0.0015,0
2920,25554.1,11,0,2.23971,8.68129,0,0,0,10.921,361,361,0,1,2.45175,2.45175,1830,367,0,1235,0,0,0,0,0,1337,1627.81,2.40137,3.52742,168488,8,29433,486,464433,32,117732,1944,32,4,644756,1319142,20632192,5276568,25908760,4,4,12,4,4,4,0,20,20,20260807,5,1,1,1,0,0,0,6610,0.275417,1,0.0015,1
2921,25560.2,6,0,2.01696,4.07413,0,0,0,6.09108,361,361,0,1,2.45175,2.45175,1830,367,0,1235,0,0,0,0,0,1337,1627.81,2.40137,3.52742,168488,8,29433,486,464433,32,117732,1944,32,4,644756,1319142,20632192,5276568,25908760,4,4,12,4,4,4,0,20,20,20260807,5,1,1,1,0,0,0,6610,0.275417,1,0.0015,0
2922,25570.7,10,0,2.12712,7.904,0,0,0,10.0311,361,361,0,1,2.45175,2.45175,1830,367,0,1235,0,0,0,0,0,1337,1627.81,2.40137,3.52742,168488,8,29433,486,464433,32,117732,1944,32,4,644756,1319142,20632192,5276568,25908760,4,4,12,4,4,4,0,20,20,20260807,5,1,1,1,0,0,0,6610,0.275417,1,0.0015,0
2923,25576.4,6,0,2.14075,3.49121,0,0,0,5.63196,361,361,0,1,2.45175,2.45175,1830,367,0,1235,0,0,0,0,0,1337,1627.81,2.40137,3.52742,168488,8,29433,486,464433,32,117732,1944,32,4,644756,1319142,20632192,5276568,25908760,4,4,12,4,4,4,0,20,20,20260807,5,1,1,1,0,0,0,6610,0.275417,1,0.0015,0
2924,25587.5,11,0,2.31946,8.64742,0,0,0,10.9669,361,361,0,1,2.45175,2.45175,1830,367,0,1235,0,0,0,0,0,1337,1627.81,2.40137,3.52742,168488,8,29433,486,464433,32,117732,1944,32,4,644756,1319142,20632192,5276568,25908760,4,4,12,4,4,4,0,20,20,20260807,5,1,1,1,0,0,0,6610,0.275417,1,0.0015,0
2925,25593.5,6,0,2.10371,3.81913,0,0,0,5.92283,361,361,0,1,2.45175,2.45175,1830,367,0,1235,0,0,0,0,0,1337,1627.81,2.40137,3.52742,168488,8,29433,486,464433,32,117732,1944,32,4,644756,1319142,20632192,5276568,25908760,4,4,12,4,4,4,0,20,20,20260807,5,1,1,1,0,0,0,6610,0.275417,1,0.0015,0
2926,25604.1,11,0,2.78842,7.72017,0,0,0,10.5086,361,361,0,1,2.45175,2.45175,1830,367,0,1235,0,0,0,0,0,1337,1627.81,2.40137,3.52742,168488,8,29433,486,464433,32,117732,1944,32,4,644756,1319142,20632192,5276568,25908760,4,4,12,4,4,4,0,20,20,20260807,5,1,1,1,0,0,0,6611,0.275458,1,0.0015,1
2927,25609.6,5,0,2.12121,3.30908,0,0,0,5.43029,361,361,0,1,2.45175,2.45175,1830,367,0,1235,0,0,0,0,0,1337,1627.81,2.40137,3.52742,168488,8,29433,486,464433,32,117732,1944,32,4,644756,1319142,20632192,5276568,25908760,4,4,12,4,4,4,0,20,20,20260807,5,1,1,1,0,0,0,6611,0.275458,1,0.0015,0
2928,25620.8,12,0,2.24929,8.88008,0,0,0,11.1294,361,361,0,1,2.45175,2.45175,1830,367,0,1235,0,0,0,0,0,1337,1627.81,2.40137,3.52742,168488,8,29433,486,464433,32,117732,1944,32,4,644756,1319142,20632192,5276568,25908760,4,4,12,4,4,4,0,20,20,20260807,5,1,1,1,0,0,0,6611,0.275458,1,0.0015,0
2929,25627.1,6,0,2.08008,4.14154,0,0,0,6.22163,361,361,0,1,2.45175,2.45175,1830,367,0,1235,0,0,0,0,0,1337,1627.81,2.40137,3.52742,168488,8,29433,486,464433,32,117732,1944,32,4,644756,1319142,20632192,5276568,25908760,4,4,12,4,4,4,0,20,20,20260807,5,1,1,1,0,0,0,6611,0.275458,1,0.0015,0
2930,25637.4,10,0,2.1315,8.09317,0,0,0,10.2247,361,361,0,1,2.45175,2.45175,1830,367,0,1235,0,0,0,0,0,1337,1627.81,2.40137,3.52742,168488,8,29433,486,464433,32,117732,1944,32,4,644756,1319142,20632192,5276568,25908760,4,4,12,4,4,4,0,20,20,20260807,5,1,1,1,0,0,0,6611,0.275458,1,0.0015,0
2931,25643.2,6,0,2.13875,3.55737,0,0,0,5.69613,361,361,0,1,2.45175,2.45175,1830,367,0,1235,0,0,0,0,0,1337,1627.81,2.40137,3.52742,168488,8,29433,486,464433,32,117732,1944,32,4,644756,1319142,20632192,5276568,25908760,4,4,12,4,4,4,0,20,20,20260807,5,1,1,1,0,0,0,6611,0.275458,1,0.0015,0
2932,25654.2,11,0,2.84617,8.10021,0,0,0,10.9464,361,361,0,1,2.45175,2.45175,1830,367,0,1235,0,0,0,0,0,1337,1627.81,2.40137,3.52742,168488,8,29433,486,464433,32,117732,1944,32,4,644756,1319142,20632192,5276568,25908760,4,4,12,4,4,4,0,20,20,20260807,5,1,1,1,0,0,0,6612,0.2755,1,0.0015,1
2933,25662.9,9,0,2.07983,6.52308,0,0,0,8.60292,361,361,0,1,2.45175,2.45175,1830,367,0,1235,0,0,0,0,0,1337,1627.81,2.40137,3.52742,168488,8,29433,486,464433,32,117732,1944,32,4,644756,1319142,20632192,5276568,25908760,4,4,12,4,4,4,0,20,20,20260807,5,1,1,1,0,0,0,6612,0.2755,1,0.0015,0
2934,25670.7,7,0,2.08312,5.64204,0,0,0,7.72517,361,361,0,1,2.45175,2.45175,1830,367,0,1235,0,0,0,0,0,1337,1627.81,2.40137,3.52742,168488,8,29433,486,464433,32,117732,1944,32,4,644756,1319142,20632192,5276568,25908760,4,4,12,4,4,4,0,20,20,20260807,5,1,1,1,0,0,0,6612,0.2755,1,0.0015,0
2935,25676.9,7,0,2.11483,4.02704,0,0,0,6.14187,361,361,0,1,2.45175,2.45175,1830,367,0,1235,0,0,0,0,0,1337,1627.81,2.40137,3.52742,168488,8,29433,486,464433,32,117732,1944,32,4,644756,1319142,20632192,5276568,25908760,4,4,12,4,4,4,0,20,20,20260807,5,1,1,1,0,0,0,6612,0.2755,1,0.0015,0
2936,25687.5,10,0,2.051,7.84208,0,0,0,9.89308,361,361,0,1,2.45175,2.45175,1830,367,0,1235,0,0,0,0,0,1337,1627.81,2.40137,3.52742,168488,8,29433,486,464433,32,117732,1944,32,4,644756,1319142,20632192,5276568,25908760,4,4,12,4,4,4,0,20,20,20260807,5,1,1,1,0,0,0,6612,0.2755,1,0.0015,0
2937,25696,9,0,2.07825,6.29608,0,0,0,8.37433,361,361,0,1,2.45175,2.45175,1830,367,0,1235,0,0,0,0,0,1337,1627.81,2.40137,3.52742,168488,8,29433,486,464433,32,117732,1944,32,4,644756,1319142,20632192,5276568,25908760,4,4,12,4,4,4,0,20,20,20260807,5,1,1,1,0,0,0,6612,0.2755,1,0.0015,0
2938,25704.1,8,0,2.17437,5.85712,0,0,0,8.0315,361,361,0,1,2.45175,2.45175,1830,367,0,1235,0,0,0,0,0,1337,1627.81,2.40137,3.52742,168488,8,29433,486,464433,32,117732,1944,32,4,644756,1319142,20632192,5276568,25908760,4,4,12,4,4,4,0,20,20,20260807,5,1,1,1,0,0,0,6613,0.275542,1,0.0015,1
2939,25709.8,6,0,2.07354,3.61092,0,0,0,5.68446,361,361,0,1,2.45175,2.45175,1830,367,0,1235,0,0,0,0,0,1337,1627.81,2.40137,3.52742,168488,8,29433,486,464433,32,117732,1944,32,4,644756,1319142,20632192,5276568,25908760,4,4,12,4,4,4,0,20,20,20260807,5,1,1,1,0,0,0,6613,0.275542,1,0.0015,0
2940,25720.9,11,0,2.19783,8.7555,0,0,0,10.9533,361,361,0,1,2.45175,2.45175,1830,367,0,1235,0,0,0,0,0,1337,1627.81,2.40137,3.52742,168488,8,29433,486,464433,32,117732,1944,32,4,644756,1319142,20632192,5276568,25908760,4,4,12,4,4,4,0,20,20,20260807,5,1,1,1,0,0,0,6613,0.275542,1,0.0015,0
2941,25727.2,6,0,2.00625,4.22917,0,0,0,6.23542,361,361,0,1,2.45175,2.45175,1830,367,0,1235,0,0,0,0,0,1337,1627.81,2.40137,3.52742,168488,8,29433,486,464433,32,117732,1944,32,4,644756,1319142,20632192,5276568,25908760,4,4,12,4,4,4,0,20,20,20260807,5,1,1,1,0,0,0,6613,0.275542,1,0.0015,0
2942,25737.4,10,0,2.17671,7.92679,0,0,0,10.1035,361,361,0,1,2.45175,2.45175,1830,367,0,1235,0,0,0,0,0,1337,1627.81,2.40137,3.52742,168488,8,29433,486,464433,32,117732,1944,32,4,644756,1319142,20632192,5276568,25908760,4,4,12,4,4,4,0,20,20,20260807,5,1,1,1,0,0,0,6613,0.275542,1,0.0015,0
2943,25743.3,6,0,2.11004,3.74179,0,0,0,5.85183,361,361,0,1,2.45175,2.45175,1830,367,0,1235,0,0,0,0,0,1337,1627.81,2.40137,3.52742,168488,8,29433,486,464433,32,117732,1944,32,4,644756,1319142,20632192,5276568,25908760,4,4,12,4,4,4,0,20,20,20260807,5,1,1,1,0,0,0,6613,0.275542,1,0.0015,0
2944,25754.2,11,0,2.65521,8.13363,0,0,0,10.7888,361,361,0,1,2.45175,2.45175,1830,367,0,1235,0,0,0,0,0,1337,1627.81,2.40137,3.52742,168488,8,29433,486,464433,32,117732,1944,32,4,644756,1319142,20632192,5276568,25908760,4,4,12,4,4,4,0,20,20,20260807,5,1,1,1,0,0,0,6614,0.275583,1,0.0015,1
2945,25762.2,8,0,1.99746,5.91587,0,0,0,7.91333,361,361,0,1,2.45175,2.45175,1830,367,0,1235,0,0,0,0,0,1337,1627.81,2.40137,3.52742,168488,8,29433,486,464433,32,117732,1944,32,4,644756,1319142,20632192,5276568,25908760,4,4,12,4,4,4,0,20,20,20260807,5,1,1,1,0,0,0,6614,0.275583,1,0.0015,0
2946,25770.7,8,0,1.95913,6.49287,0,0,0,8.452,361,361,0,1,2.45175,2.45175,1830,367,0,1235,0,0,0,0,0,1337,1627.81,2.40137,3.52742,168488,8,29433,486,464433,32,117732,1944,32,4,644756,1319142,20632192,5276568,25908760,4,4,12,4,4,4,0,20,20,20260807,5,1,1,1,0,0,0,6614,0.275583,1,0.0015,0
2947,25776.1,6,0,2.08925,3.2255,0,0,0,5.31475,361,361,0,1,2.45175,2.45175,1830,367,0,1235,0,0,0,0,0,1337,1627.81,2.40137,3.52742,168488,8,29433,486,464433,32,117732,1944,32,4,644756,1319142,20632192,5276568,25908760,4,4,12,4,4,4,0,20,20,20260807,5,1,1,1,0,0,0,6614,0.275583,1,0.0015,0
2948,25787.6,11,0,2.13287,9.24938,0,0,0,11.3823,361,361,0,1,2.45175,2.45175,1830,367,0,1235,0,0,0,0,0,1337,1627.81,2.40137,3.52742,168488,8,29433,486,464433,32,117732,1944,32,4,644756,1319142,20632192,5276568,25908760,4,4,12,4,4,4,0,20,20,20260807,5,1,1,1,0,0,0,6614,0.275583,1,0.0015,0
2949,25794.4,7,0,2.07421,4.72821,0,0,0,6.80242,361,361,0,1,2.45175,2.45175,1830,367,0,1235,0,0,0,0,0,1337,1627.81,2.40137,3.52742,168488,8,29433,486,464433,32,117732,1944,32,4,644756,1319142,20632192,5276568,25908760,4,4,12,4,4,4,0,20,20,20260807,5,1,1,1,0,0,0,6614,0.275583,1,0.0015,0
2950,25804.1,10,0,2.10483,7.48071,0,0,0,9.58554,361,361,0,1,2.45175,2.45175,1830,367,0,1235,0,0,0,0,0,1337,1627.81,2.40137,3.52742,168488,8,29433,486,464433,32,117732,1944,32,4,644756,1319142,20632192,5276568,25908760,4,4,12,4,4,4,0,20,20,20260807,5,1,1,1,0,0,0,6615,0.275625,1,0.0015,1
2951,25810.3,6,0,2.08146,4.09033,0,0,0,6.17179,361,361,0,1,2.45175,2.45175,1830,367,0,1235,0,0,0,0,0,1337,1627.81,2.40137,3.52742,168488,8,29433,486,464433,32,117732,1944,32,4,644756,1319142,20632192,5276568,25908760,4,4,12,4,4,4,0,20,20,20260807,5,1,1,1,0,0,0,6615,0.275625,1,0.0015,0
2952,25820.8,11,0,2.39838,7.99079,0,0,0,10.3892,361,361,0,1,2.45175,2.45175,1830,367,0,1235,0,0,0,0,0,1337,1627.81,2.40137,3.52742,168488,8,29433,486,464433,32,117732,1944,32,4,644756,1319142,20632192,5276568,25908760,4,4,12,4,4,4,0,20,20,20260807,5,1,1,1,0,0,0,6615,0.275625,1,0.0015,0
2953,25827.9,7,0,2.07092,4.90521,0,0,0,6.97612,361,361,0,1,2.45175,2.45175,1830,367,0,1235,0,0,0,0,0,1337,1627.81,2.40137,3.52742,168488,8,29433,486,464433,32,117732,1944,32,4,644756,1319142,20632192,5276568,25908760,4,4,12,4,4,4,0,20,20,20260807,5,1,1,1,0,0,0,6615,0.275625,1,0.0015,0
2954,25837.4,9,0,2.04921,7.36021,0,0,0,9.40942,361,361,0,1,2.45175,2.45175,1830,367,0,1235,0,0,0,0,0,1337,1627.81,2.40137,3.52742,168488,8,29433,486,464433,32,117732,1944,32,4,644756,1319142,20632192,5276568,25908760,4,4,12,4,4,4,0,20,20,20260807,5,1,1,1,0,0,0,6615,0.275625,1,0.0015,0
2955,25843.4,6,0,2.07283,3.85533,0,0,0,5.92817,361,361,0,1,2.45175,2.45175,1830,367,0,1235,0,0,0,0,0,1337,1627.81,2.40137,3.52742,168488,8,29433,486,464433,32,117732,1944,32,4,644756,1319142,20632192,5276568,25908760,4,4,12,4,4,4,0,20,20,20260807,5,1,1,1,0,0,0,6615,0.275625,1,0.0015,0
2956,25863.4,20,0,2.36617,17.5085,0,0,0,19.8747,361,361,0,1,2.45175,2.45175,1830,367,0,1235,0,0,0,0,0,1337,1627.81,2.40137,3.52742,168488,8,29433,486,464433,32,117732,1944,32,4,644756,1319142,20632192,5276568,25908760,4,4,12,4,4,4,0,20,20,20260807,5,1,1,1,0,0,0,6616,0.275667,1,0.0015,1
2957,25871.1,8,0,2.11983,5.54208,0,0,0,7.66192,361,361,0,1,2.45175,2.45175,1830,367,0,1235,0,0,0,0,0,1337,1627.81,2.40137,3.52742,168488,8,29433,486,464433,32,117732,1944,32,4,644756,1319142,20632192,5276568,25908760,4,4,12,4,4,4,0,20,20,20260807,5,1,1,1,0,0,0,6616,0.275667,1,0.0015,0
2958,25877.4,6,0,2.10054,4.1335,0,0,0,6.23404,361,361,0,1,2.45175,2.45175,1830,367,0,1235,0,0,0,0,0,1337,1627.81,2.40137,3.52742,168488,8,29433,486,464433,32,117732,1944,32,4,644756,1319142,20632192,5276568,25908760,4,4,12,4,4,4,0,20,20,20260807,5,1,1,1,0,0,0,6616,0.275667,1,0.0015,0
2959,25887.6,10,0,2.19888,7.90642,0,0,0,10.1053,361,361,0,1,2.45175,2.45175,1830,367,0,1235,0,0,0,0,0,1337,1627.81,2.40137,3.52742,168488,8,29433,486,464433,32,117732,1944,32,4,644756,1319142,20632192,5276568,25908760,4,4,12,4,4,4,0,20,20,20260807,5,1,1,1,0,0,0,6616,0.275667,1,0.0015,0
2960,25895,8,0,3.21008,4.13646,0,0,0,7.34654,361,361,0,1,2.45175,2.45175,1830,367,0,1235,0,0,0,0,0,1337,1627.81,2.40137,3.52742,168488,8,29433,486,464433,32,117732,1944,32,4,644756,1319142,20632192,5276568,25908760,4,4,12,4,4,4,0,20,20,20260807,5,1,1,1,0,0,0,6616,0.275667,1,0.0015,0
2961,25904.3,9,0,2.49187,6.72829,0,0,0,9.22017,361,361,0,1,2.45175,2.45175,1830,367,0,1235,0,0,0,0,0,1337,1627.81,2.40137,3.52742,168488,8,29433,486,464433,32,117732,1944,32,4,644756,1319142,20632192,5276568,25908760,4,4,12,4,4,4,0,20,20,20260807,5,1,1,1,0,0,0,6617,0.275708,1,0.0015,1
2962,25912,8,0,4.04525,3.602,0,0,0,7.64725,361,361,0,1,2.45175,2.45175,1830,367,0,1235,0,0,0,0,0,1337,1627.81,2.40137,3.52742,168488,8,29433,486,464433,32,117732,1944,32,4,644756,1319142,20632192,5276568,25908760,4,4,12,4,4,4,0,20,20,20260807,5,1,1,1,0,0,0,6617,0.275708,1,0.0015,0
2963,25921.3,9,0,2.20233,7.021,0,0,0,9.22333,361,361,0,1,2.45175,2.45175,1830,367,0,1235,0,0,0,0,0,1337,1627.81,2.40137,3.52742,168488,8,29433,486,464433,32,117732,1944,32,4,644756,1319142,20632192,5276568,25908760,4,4,12,4,4,4,0,20,20,20260807,5,1,1,1,0,0,0,6617,0.275708,1,0.0015,0
2964,25930,9,0,2.14671,6.41442,0,0,0,8.56113,361,361,0,1,2.45175,2.45175,1830,367,0,1235,0,0,0,0,0,1337,1627.81,2.40137,3.52742,168488,8,29433,486,464433,32,117732,1944,32,4,644756,1319142,20632192,5276568,25908760,4,4,12,4,4,4,0,20,20,20260807,5,1,1,1,0,0,0,6617,0.275708,1,0.0015,0
2965,25938.2,8,0,2.19296,5.93467,0,0,0,8.12763,361,361,0,1,2.45175,2.45175,1830,367,0,1235,0,0,0,0,0,1337,1627.81,2.40137,3.52742,168488,8,29433,486,464433,32,117732,1944,32,4,644756,1319142,20632192,5276568,25908760,4,4,12,4,4,4,0,20,20,20260807,5,1,1,1,0,0,0,6617,0.275708,1,0.0015,0
2966,25944.3,6,0,2.62067,3.40283,0,0,0,6.0235,361,361,0,1,2.45175,2.45175,1830,367,0,1235,0,0,0,0,0,1337,1627.81,2.40137,3.52742,168488,8,29433,486,464433,32,117732,1944,32,4,644756,1319142,20632192,5276568,25908760,4,4,12,4,4,4,0,20,20,20260807,5,1,1,1,0,0,0,6617,0.275708,1,0.0015,0
2967,25954.8,11,0,2.38463,8.0575,0,0,0,10.4421,361,361,0,1,2.45175,2.45175,1830,367,0,1235,0,0,0,0,0,1337,1627.81,2.40137,3.52742,168488,8,29433,486,464433,32,117732,1944,32,4,644756,1319142,20632192,5276568,25908760,4,4,12,4,4,4,0,20,20,20260807,5,1,1,1,0,0,0,6618,0.27575,1,0.0015,1
2968,25961.4,6,0,2.14354,4.35508,0,0,0,6.49862,361,361,0,1,2.45175,2.45175,1830,367,0,1235,0,0,0,0,0,1337,1627.81,2.40137,3.52742,168488,8,29433,486,464433,32,117732,1944,32,4,644756,1319142,20632192,5276568,25908760,4,4,12,4,4,4,0,20,20,20260807,5,1,1,1,0,0,0,6618,0.27575,1,0.0015,0
2969,25971,10,0,2.20425,7.26713,0,0,0,9.47138,361,361,0,1,2.45175,2.45175,1830,367,0,1235,0,0,0,0,0,1337,1627.81,2.40137,3.52742,168488,8,29433,486,464433,32,117732,1944,32,4,644756,1319142,20632192,5276568,25908760,4,4,12,4,4,4,0,20,20,20260807,5,1,1,1,0,0,0,6618,0.27575,1,0.0015,0
2970,25976.7,5,0,2.15529,3.49404,0,0,0,5.64933,361,361,0,1,2.45175,2.45175,1830,367,0,1235,0,0,0,0,0,1337,1627.81,2.40137,3.52742,168488,8,29433,486,464433,32,117732,1944,32,4,644756,1319142,20632192,5276568,25908760,4,4,12,4,4,4,0,20,20,20260807,5,1,1,1,0,0,0,6618,0.27575,1,0.0015,0
2971,25989.3,13,0,2.58367,9.93062,0,0,0,12.5143,361,361,0,1,2.45175,2.45175,1830,367,0,1235,0,0,0,0,0,1337,1627.81,2.40137,3.52742,168488,8,29433,486,464433,32,117732,1944,32,4,644756,1319142,20632192,5276568,25908760,4,4,12,4,4,4,0,20,20,20260807,5,1,1,1,0,0,0,6618,0.27575,1,0.0015,0
2972,25995.1,6,0,2.21146,3.51833,0,0,0,5.72979,361,361,0,1,2.45175,2.45175,1830,367,0,1235,0,0,0,0,0,1337,1627.81,2.40137,3.52742,168488,8,29433,486,464433,32,117732,1944,32,4,644756,1319142,20632192,5276568,25908760,4,4,12,4,4,4,0,20,20,20260807,5,1,1,1,0,0,0,6619,0.275792,1,0.0015,1
2973,26004.2,9,0,2.20508,6.78954,0,0,0,8.99462,361,361,0,1,2.45175,2.45175,1830,367,0,1235,0,0,0,0,0,1337,1627.81,2.40137,3.52742,168488,8,29433,486,464433,32,117732,1944,32,4,644756,1319142,20632192,5276568,25908760,4,4,12,4,4,4,0,20,20,20260807,5,1,1,1,0,0,0,6619,0.275792,1,0.0015,0
2974,26010.2,6,0,2.09779,3.88954,0,0,0,5.98733,361,361,0,1,2.45175,2.45175,1830,367,0,1235,0,0,0,0,0,1337,1627.81,2.40137,3.52742,168488,8,29433,486,464433,32,117732,1944,32,4,644756,1319142,20632192,5276568,25908760,4,4,12,4,4,4,0,20,20,20260807,5,1,1,1,0,0,0,6619,0.275792,1,0.0015,0
2975,26023.9,14,0,2.40158,11.1362,0,0,0,13.5378,361,361,0,1,2.45175,2.45175,1830,367,0,1235,0,0,0,0,0,1337,1627.81,2.40137,3.52742,168488,8,29433,486,464433,32,117732,1944,32,4,644756,1319142,20632192,5276568,25908760,4,4,12,4,4,4,0,20,20,20260807,5,1,1,1,0,0,0,6619,0.275792,1,0.0015,0
2976,26035,10,0,2.16758,8.85846,0,0,0,11.026,361,361,0,1,2.45175,2.45175,1830,367,0,1235,0,0,0,0,0,1337,1627.81,2.40137,3.52742,168488,8,29433,486,464433,32,117732,1944,32,4,644756,1319142,20632192,5276568,25908760,4,4,12,4,4,4,0,20,20,20260807,5,1,1,1,0,0,0,6619,0.275792,1,0.0015,0
2977,26044,9,0,2.03708,6.92138,0,0,0,8.95846,361,361,0,1,2.45175,2.45175,1830,367,0,1235,0,0,0,0,0,1337,1627.81,2.40137,3.52742,168488,8,29433,486,464433,32,117732,1944,32,4,644756,1319142,20632192,5276568,25908760,4,4,12,4,4,4,0,20,20,20260807,5,1,1,1,0,0,0,6619,0.275792,1,0.0015,0
2978,26054.2,10,0,2.15358,7.99946,0,0,0,10.153,361,361,0,1,2.45175,2.45175,1830,367,0,1235,0,0,0,0,0,1337,1627.81,2.40137,3.52742,168488,8,29433,486,464433,32,117732,1944,32,4,644756,1319142,20632192,5276568,25908760,4,4,12,4,4,4,0,20,20,20260807,5,1,1,1,0,0,0,6620,0.275833,1,0.0015,1
2979,26063.9,10,0,2.12404,7.46596,0,0,0,9.59,361,361,0,1,2.45175,2.45175,1830,367,0,1235,0,0,0,0,0,1337,1627.81,2.40137,3.52742,168488,8,29433,486,464433,32,117732,1944,32,4,644756,1319142,20632192,5276568,25908760,4,4,12,4,4,4,0,20,20,20260807,5,1,1,1,0,0,0,6620,0.275833,1,0.0015,0
2980,26070.8,7,0,2.12412,4.66675,0,0,0,6.79087,361,361,0,1,2.45175,2.45175,1830,367,0,1235,0,0,0,0,0,1337,1627.81,2.40137,3.52742,168488,8,29433,486,464433,32,117732,1944,32,4,644756,1319142,20632192,5276568,25908760,4,4,12,4,4,4,0,20,20,20260807,5,1,1,1,0,0,0,6620,0.275833,1,0.0015,0
2981,26076.6,5,0,2.18783,3.54371,0,0,0,5.73154,361,361,0,1,2.45175,2.45175,1830,367,0,1235,0,0,0,0,0,1337,1627.81,2.40137,3.52742,168488,8,29433,486,464433,32,117732,1944,32,4,644756,1319142,20632192,5276568,25908760,4,4,12,4,4,4,0,20,20,20260807,5,1,1,1,0,0,0,6620,0.275833,1,0.0015,0
2982,26088.3,12,0,2.36783,9.24521,0,0,0,11.613,361,361,0,1,2.45175,2.45175,1830,367,0,1235,0,0,0,0,0,1337,1627.81,2.40137,3.52742,168488,8,29433,486,464433,32,117732,1944,32,4,644756,1319142,20632192,5276568,25908760,4,4,12,4,4,4,0,20,20,20260807,5,1,1,1,0,0,0,6620,0.275833,1,0.0015,0
2983,26095.2,7,0,2.38954,4.52167,0,0,0,6.91121,361,361,0,1,2.45175,2.45175,1830,367,0,1235,0,0,0,0,0,1337,1627.81,2.40137,3.52742,168488,8,29433,486,464433,32,117732,1944,32,4,644756,1319142,20632192,5276568,25908760,4,4,12,4,4,4,0,20,20,20260807,5,1,1,1,0,0,0,6620,0.275833,1,0.0015,0
2984,26104.2,9,0,2.14317,6.67508,0,0,0,8.81825,361,361,0,1,2.45175,2.45175,1830,367,0,1235,0,0,0,0,0,1337,1627.81,2.40137,3.52742,168488,8,29433,486,464433,32,117732,1944,32,4,644756,1319142,20632192,5276568,25908760,4,4,12,4,4,4,0,20,20,20260807,5,1,1,1,0,0,0,6621,0.275875,1,0.0015,1
2985,26110.1,6,0,2.13804,3.7125,0,0,0,5.85054,361,361,0,1,2.45175,2.45175,1830,367,0,1235,0,0,0,0,0,1337,1627.81,2.40137,3.52742,168488,8,29433,486,464433,32,117732,1944,32,4,644756,1319142,20632192,5276568,25908760,4,4,12,4,4,4,0,20,20,20260807,5,1,1,1,0,0,0,6621,0.275875,1,0.0015,0
2986,26120.9,11,0,2.34708,8.3855,0,0,0,10.7326,361,361,0,1,2.45175,2.45175,1830,367,0,1235,0,0,0,0,0,1337,1627.81,2.40137,3.52742,168488,8,29433,486,464433,32,117732,1944,32,4,644756,1319142,20632192,5276568,25908760,4,4,12,4,4,4,0,20,20,20260807,5,1,1,1,0,0,0,6621,0.275875,1,0.0015,0
2987,26127.8,7,0,2.11529,4.63612,0,0,0,6.75142,361,361,0,1,2.45175,2.45175,1830,367,0,1235,0,0,0,0,0,1337,1627.81,2.40137,3.52742,168488,8,29433,486,464433,32,117732,1944,32,4,644756,1319142,20632192,5276568,25908760,4,4,12,4,4,4,0,20,20,20260807,5,1,1,1,0,0,0,6621,0.275875,1,0.0015,0
2988,26137.5,9,0,2.13212,7.49404,0,0,0,9.62617,361,361,0,1,2.45175,2.45175,1830,367,0,1235,0,0,0,0,0,1337,1627.81,2.40137,3.52742,168488,8,29433,486,464433,32,117732,1944,32,4,644756,1319142,20632192,5276568,25908760,4,4,12,4,4,4,0,20,20,20260807,5,1,1,1,0,0,0,6621,0.275875,1,0.0015,0
2989,26143.8,7,0,2.11075,4.17333,0,0,0,6.28408,361,361,0,1,2.45175,2.45175,1830,367,0,1235,0,0,0,0,0,1337,1627.81,2.40137,3.52742,168488,8,29433,486,464433,32,117732,1944,32,4,644756,1319142,20632192,5276568,25908760,4,4,12,4,4,4,0,20,20,20260807,5,1,1,1,0,0,0,6621,0.275875,1,0.0015,0
2990,26154.2,10,0,2.20721,8.04954,0,0,0,10.2568,361,361,0,1,2.45175,2.45175,1830,367,0,1235,0,0,0,0,0,1337,1627.81,2.40137,3.52742,168488,8,29433,486,464433,32,117732,1944,32,4,644756,1319142,20632192,5276568,25908760,4,4,12,4,4,4,0,20,20,20260807,5,1,1,1,0,0,0,6622,0.275917,1,0.0015,1
2991,26161,7,0,2.04846,4.70571,0,0,0,6.75417,361,361,0,1,2.45175,2.45175,1830,367,0,1235,0,0,0,0,0,1337,1627.81,2.40137,3.52742,168488,8,29433,486,464433,32,117732,1944,32,4,644756,1319142,20632192,5276568,25908760,4,4,12,4,4,4,0,20,20,20260807,5,1,1,1,0,0,0,6622,0.275917,1,0.0015,0
2992,26172.7,11,0,2.26533,9.28983,0,0,0,11.5552,361,361,0,1,2.45175,2.45175,1830,367,0,1235,0,0,0,0,0,1337,1627.81,2.40137,3.52742,168488,8,29433,486,464433,32,117732,1944,32,4,644756,1319142,20632192,5276568,25908760,4,4,12,4,4,4,0,20,20,20260807,5,1,1,1,0,0,0,6622,0.275917,1,0.0015,0
2993,26178,6,0,2.18754,3.11233,0,0,0,5.29988,361,361,0,1,2.45175,2.45175,1830,367,0,1235,0,0,0,0,0,1337,1627.81,2.40137,3.52742,168488,8,29433,486,464433,32,117732,1944,32,4,644756,1319142,20632192,5276568,25908760,4,4,12,4,4,4,0,20,20,20260807,5,1,1,1,0,0,0,6622,0.275917,1,0.0015,0
2994,26188,10,0,2.31087,7.58079,0,0,0,9.89167,361,361,0,1,2.45175,2.45175,1830,367,0,1235,0,0,0,0,0,1337,1627.81,2.40137,3.52742,168488,8,29433,486,464433,32,117732,1944,32,4,644756,1319142,20632192,5276568,25908760,4,4,12,4,4,4,0,20,20,20260807,5,1,1,1,0,0,0,6622,0.275917,1,0.0015,0
2995,26195.8,8,0,2.12825,5.55867,0,0,0,7.68692,361,361,0,1,2.45175,2.45175,1830,367,0,1235,0,0,0,0,0,1337,1627.81,2.40137,3.52742,168488,8,29433,486,464433,32,117732,1944,32,4,644756,1319142,20632192,5276568,25908760,4,4,12,4,4,4,0,20,20,20260807,5,1,1,1,0,0,0,6622,0.275917,1,0.0015,0
2996,26204.2,8,0,2.15021,6.1475,0,0,0,8.29771,361,361,0,1,2.45175,2.45175,1830,367,0,1235,0,0,0,0,0,1337,1627.81,2.40137,3.52742,168488,8,29433,486,464433,32,117732,1944,32,4,644756,1319142,20632192,5276568,25908760,4,4,12,4,4,4,0,20,20,20260807,5,1,1,1,0,0,0,6623,0.275958,1,0.0015,1
2997,26210.2,6,0,2.05954,3.94263,0,0,0,6.00217,361,361,0,1,2.45175,2.45175,1830,367,0,1235,0,0,0,0,0,1337,1627.81,2.40137,3.52742,168488,8,29433,486,464433,32,117732,1944,32,4,644756,1319142,20632192,5276568,25908760,4,4,12,4,4,4,0,20,20,20260807,5,1,1,1,0,0,0,6623,0.275958,1,0.0015,0
2998,26221,11,0,2.09154,7.58704,0,0,0,9.67858,361,361,0,1,2.45175,2.45175,1830,367,0,1235,0,0,0,0,0,1337,1627.81,2.40137,3.52742,168488,8,29433,486,464433,32,117732,1944,32,4,644756,1319142,20632192,5276568,25908760,4,4,12,4,4,4,0,20,20,20260807,5,1,1,1,0,0,0,6623,0.275958,1,0.0015,0
2999,26227.3,6,0,2.09,4.11367,0,0,0,6.20367,361,361,0,1,2.45175,2.45175,1830,367,0,1235,0,0,0,0,0,1337,1627.81,2.40137,3.52742,168488,8,29433,486,464433,32,117732,1944,32,4,644756,1319142,20632192,5276568,25908760,4,4,12,4,4,4,0,20,20,20260807,5,1,1,1,0,0,0,6623,0.275958,1,0.0015,0
3000,26237.3,10,0,2.14446,7.78492,0,0,0,9.92938,361,361,0,1,2.45175,2.45175,1830,367,0,1235,0,0,0,0,0,1337,1627.81,2.40137,3.52742,168488,8,29433,486,464433,32,117732,1944,32,4,644756,1319142,20632192,5276568,25908760,4,4,12,4,4,4,0,20,20,20260807,5,1,1,1,0,0,0,6623,0.275958,1,0.0015,0
3001,26243.6,6,0,2.04804,4.17933,0,0,0,6.22738,361,361,0,1,2.45175,2.45175,1830,367,0,1235,0,0,0,0,0,1337,1627.81,2.40137,3.52742,168488,8,29433,486,464433,32,117732,1944,32,4,644756,1319142,20632192,5276568,25908760,4,4,12,4,4,4,0,20,20,20260807,5,1,1,1,0,0,0,6623,0.275958,1,0.0015,0
3002,26254.3,11,0,2.19287,8.31221,0,0,0,10.5051,361,361,0,1,2.45175,2.45175,1830,367,0,1235,0,0,0,0,0,1337,1627.81,2.40137,3.52742,168488,8,29433,486,464433,32,117732,1944,32,4,644756,1319142,20632192,5276568,25908760,4,4,12,4,4,4,0,20,20,20260807,5,1,1,1,0,0,0,6624,0.276,1,0.0015,1
3003,26260.5,6,0,2.04154,4.13725,0,0,0,6.17879,361,361,0,1,2.45175,2.45175,1830,367,0,1235,0,0,0,0,0,1337,1627.81,2.40137,3.52742,168488,8,29433,486,464433,32,117732,1944,32,4,644756,1319142,20632192,5276568,25908760,4,4,12,4,4,4,0,20,20,20260807,5,1,1,1,0,0,0,6624,0.276,1,0.0015,0
3004,26270.8,11,0,2.18075,7.98888,0,0,0,10.1696,361,361,0,1,2.45175,2.45175,1830,367,0,1235,0,0,0,0,0,1337,1627.81,2.40137,3.52742,168488,8,29433,486,464433,32,117732,1944,32,4,644756,1319142,20632192,5276568,25908760,4,4,12,4,4,4,0,20,20,20260807,5,1,1,1,0,0,0,6624,0.276,1,0.0015,0
3005,26276.1,5,0,2.01112,3.2745,0,0,0,5.28562,361,361,0,1,2.45175,2.45175,1830,367,0,1235,0,0,0,0,0,1337,1627.81,2.40137,3.52742,168488,8,29433,486,464433,32,117732,1944,32,4,644756,1319142,20632192,5276568,25908760,4,4,12,4,4,4,0,20,20,20260807,5,1,1,1,0,0,0,6624,0.276,1,0.0015,0
3006,26287.5,12,0,2.28987,9.00533,0,0,0,11.2952,361,361,0,1,2.45175,2.45175,1830,367,0,1235,0,0,0,0,0,1337,1627.81,2.40137,3.52742,168488,8,29433,486,464433,32,117732,1944,32,4,644756,1319142,20632192,5276568,25908760,4,4,12,4,4,4,0,20,20,20260807,5,1,1,1,0,0,0,6624,0.276,1,0.0015,0
3007,26294.8,8,0,2.05063,5.16004,0,0,0,7.21067,361,361,0,1,2.45175,2.45175,1830,367,0,1235,0,0,0,0,0,1337,1627.81,2.40137,3.52742,168488,8,29433,486,464433,32,117732,1944,32,4,644756,1319142,20632192,5276568,25908760,4,4,12,4,4,4,0,20,20,20260807,5,1,1,1,0,0,0,6624,0.276,1,0.0015,0
3008,26304,9,0,2.06688,7.10538,0,0,0,9.17225,361,361,0,1,2.45175,2.45175,1830,367,0,1235,0,0,0,0,0,1337,1627.81,2.40137,3.52742,168488,8,29433,486,464433,32,117732,1944,32,4,644756,1319142,20632192,5276568,25908760,4,4,12,4,4,4,0,20,20,20260807,5,1,1,1,0,0,0,6625,0.276042,1,0.0015,1
3009,26310,6,0,2.09317,3.81546,0,0,0,5.90862,361,361,0,1,2.45175,2.45175,1830,367,0,1235,0,0,0,0,0,1337,1627.81,2.40137,3.52742,168488,8,29433,486,464433,32,117732,1944,32,4,644756,1319142,20632192,5276568,25908760,4,4,12,4,4,4,0,20,20,20260807,5,1,1,1,0,0,0,6625,0.276042,1,0.0015,0
3010,26320.9,11,0,2.4035,8.41579,0,0,0,10.8193,361,361,0,1,2.45175,2.45175,1830,367,0,1235,0,0,0,0,0,1337,1627.81,2.40137,3.52742,168488,8,29433,486,464433,32,117732,1944,32,4,644756,1319142,20632192,5276568,25908760,4,4,12,4,4,4,0,20,20,20260807,5,1,1,1,0,0,0,6625,0.276042,1,0.0015,0
3011,26328,7,0,2.0835,4.89917,0,0,0,6.98267,361,361,0,1,2.45175,2.45175,1830,367,0,1235,0,0,0,0,0,1337,1627.81,2.40137,3.52742,168488,8,29433,486,464433,32,117732,1944,32,4,644756,1319142,20632192,5276568,25908760,4,4,12,4,4,4,0,20,20,20260807,5,1,1,1,0,0,0,6625,0.276042,1,0.0015,0
3012,26337.5,9,0,2.10821,7.27867,0,0,0,9.38687,361,361,0,1,2.45175,2.45175,1830,367,0,1235,0,0,0,0,0,1337,1627.81,2.40137,3.52742,168488,8,29433,486,464433,32,117732,1944,32,4,644756,1319142,20632192,5276568,25908760,4,4,12,4,4,4,0,20,20,20260807,5,1,1,1,0,0,0,6625,0.276042,1,0.0015,0
3013,26343.6,6,0,2.11896,3.90088,0,0,0,6.01983,361,361,0,1,2.45175,2.45175,1830,367,0,1235,0,0,0,0,0,1337,1627.81,2.40137,3.52742,168488,8,29433,486,464433,32,117732,1944,32,4,644756,1319142,20632192,5276568,25908760,4,4,12,4,4,4,0,20,20,20260807,5,1,1,1,0,0,0,6625,0.276042,1,0.0015,0
3014,26358,15,0,2.42163,11.9286,0,0,0,14.3502,361,361,0,1,2.45175,2.45175,1830,367,0,1235,0,0,0,0,0,1337,1627.81,2.40137,3.52742,168488,8,29433,486,464433,32,117732,1944,32,4,644756,1319142,20632192,5276568,25908760,4,4,12,4,4,4,0,20,20,20260807,5,1,1,1,0,0,0,6626,0.276083,1,0.0015,1
3015,26367.4,9,0,2.07112,7.24275,0,0,0,9.31387,361,361,0,1,2.45175,2.45175,1830,367,0,1235,0,0,0,0,0,1337,1627.81,2.40137,3.52742,168488,8,29433,486,464433,32,117732,1944,32,4,644756,1319142,20632192,5276568,25908760,4,4,12,4,4,4,0,20,20,20260807,5,1,1,1,0,0,0,6626,0.276083,1,0.0015,0
3016,26387.6,20,0,2.07033,18.059,0,0,0,20.1293,361,361,0,1,2.45175,2.45175,1830,367,0,1235,0,0,0,0,0,1337,1627.81,2.40137,3.52742,168488,8,29433,486,464433,32,117732,1944,32,4,644756,1319142,20632192,5276568,25908760,4,4,12,4,4,4,0,20,20,20260807,5,1,1,1,0,0,0,6626,0.276083,1,0.0015,0
3017,26394,7,0,2.03008,4.26496,0,0,0,6.29504,361,361,0,1,2.45175,2.45175,1830,367,0,1235,0,0,0,0,0,1337,1627.81,2.40137,3.52742,168488,8,29433,486,464433,32,117732,1944,32,4,644756,1319142,20632192,5276568,25908760,4,4,12,4,4,4,0,20,20,20260807,5,1,1,1,0,0,0,6626,0.276083,1,0.0015,0
3018,26404.1,10,0,2.1915,7.85558,0,0,0,10.0471,361,361,0,1,2.45175,2.45175,1830,367,0,1235,0,0,0,0,0,1337,1627.81,2.40137,3.52742,168488,8,29433,486,464433,32,117732,1944,32,4,644756,1319142,20632192,5276568,25908760,4,4,12,4,4,4,0,20,20,20260807,5,1,1,1,0,0,0,6627,0.276125,1,0.0015,1
3019,26410.2,6,0,2.106,3.92029,0,0,0,6.02629,361,361,0,1,2.45175,2.45175,1830,367,0,1235,0,0,0,0,0,1337,1627.81,2.40137,3.52742,168488,8,29433,486,464433,32,117732,1944,32,4,644756,1319142,20632192,5276568,25908760,4,4,12,4,4,4,0,20,20,20260807,5,1,1,1,0,0,0,6627,0.276125,1,0.0015,0
3020,26420.8,11,0,2.26529,8.25642,0,0,0,10.5217,361,361,0,1,2.45175,2.45175,1830,367,0,1235,0,0,0,0,0,1337,1627.81,2.40137,3.52742,168488,8,29433,486,464433,32,117732,1944,32,4,644756,1319142,20632192,5276568,25908760,4,4,12,4,4,4,0,20,20,20260807,5,1,1,1,0,0,0,6627,0.276125,1,0.0015,0
3021,26429.3,8,0,2.07983,6.34738,0,0,0,8.42721,361,361,0,1,2.45175,2.45175,1830,367,0,1235,0,0,0,0,0,1337,1627.81,2.40137,3.52742,168488,8,29433,486,464433,32,117732,1944,32,4,644756,1319142,20632192,5276568,25908760,4,4,12,4,4,4,0,20,20,20260807,5,1,1,1,0,0,0,6627,0.276125,1,0.0015,0
3022,26437.5,8,0,2.09088,5.96758,0,0,0,8.05846,361,361,0,1,2.45175,2.45175,1830,367,0,1235,0,0,0,0,0,1337,1627.81,2.40137,3.52742,168488,8,29433,486,464433,32,117732,1944,32,4,644756,1319142,20632192,5276568,25908760,4,4,12,4,4,4,0,20,20,20260807,5,1,1,1,0,0,0,6627,0.276125,1,0.0015,0
3023,26443.5,6,0,2.17771,3.75975,0,0,0,5.93746,361,361,0,1,2.45175,2.45175,1830,367,0,1235,0,0,0,0,0,1337,1627.81,2.40137,3.52742,168488,8,29433,486,464433,32,117732,1944,32,4,644756,1319142,20632192,5276568,25908760,4,4,12,4,4,4,0,20,20,20260807,5,1,1,1,0,0,0,6627,0.276125,1,0.0015,0
3024,26454.2,11,0,2.2955,8.34283,0,0,0,10.6383,361,361,0,1,2.45175,2.45175,1830,367,0,1235,0,0,0,0,0,1337,1627.81,2.40137,3.52742,168488,8,29433,486,464433,32,117732,1944,32,4,644756,1319142,20632192,5276568,25908760,4,4,12,4,4,4,0,20,20,20260807,5,1,1,1,0,0,0,6628,0.276167,1,0.0015,1
3025,26460.6,6,0,2.09017,4.19187,0,0,0,6.28204,361,361,0,1,2.45175,2.45175,1830,367,0,1235,0,0,0,0,0,1337,1627.81,2.40137,3.52742,168488,8,29433,486,464433,32,117732,1944,32,4,644756,1319142,20632192,5276568,25908760,4,4,12,4,4,4,0,20,20,20260807,5,1,1,1,0,0,0,6628,0.276167,1,0.0015,0
3026,26470.9,11,0,2.16604,8.05096,0,0,0,10.217,361,361,0,1,2.45175,2.45175,1830,367,0,1235,0,0,0,0,0,1337,1627.81,2.40137,3.52742,168488,8,29433,486,464433,32,117732,1944,32,4,644756,1319142,20632192,5276568,25908760,4,4,12,4,4,4,0,20,20,20260807,5,1,1,1,0,0,0,6628,0.276167,1,0.0015,0
3027,26476.9,6,0,2.07133,3.86054,0,0,0,5.93187,361,361,0,1,2.45175,2.45175,1830,367,0,1235,0,0,0,0,0,1337,1627.81,2.40137,3.52742,168488,8,29433,486,464433,32,117732,1944,32,4,644756,1319142,20632192,5276568,25908760,4,4,12,4,4,4,0,20,20,20260807,5,1,1,1,0,0,0,6628,0.276167,1,0.0015,0
3028,26487.5,10,0,3.57025,6.987,0,0,0,10.5572,361,361,0,1,2.45175,2.45175,1830,367,0,1235,0,0,0,0,0,1337,1627.81,2.40137,3.52742,168488,8,29433,486,464433,32,117732,1944,32,4,644756,1319142,20632192,5276568,25908760,4,4,12,4,4,4,0,20,20,20260807,5,1,1,1,0,0,0,6628,0.276167,1,0.0015,0
3029,26494.1,7,0,2.07558,4.45504,0,0,0,6.53062,361,361,0,1,2.45175,2.45175,1830,367,0,1235,0,0,0,0,0,1337,1627.81,2.40137,3.52742,168488,8,29433,486,464433,32,117732,1944,32,4,644756,1319142,20632192,5276568,25908760,4,4,12,4,4,4,0,20,20,20260807,5,1,1,1,0,0,0,6628,0.276167,1,0.0015,0
3030,26504.1,10,0,2.23787,7.64921,0,0,0,9.88708,361,361,0,1,2.45175,2.45175,1830,367,0,1235,0,0,0,0,0,1337,1627.81,2.40137,3.52742,168488,8,29433,486,464433,32,117732,1944,32,4,644756,1319142,20632192,5276568,25908760,4,4,12,4,4,4,0,20,20,20260807,5,1,1,1,0,0,0,6629,0.276208,1,0.0015,1
3031,26510.1,6,0,2.07421,3.80538,0,0,0,5.87958,361,361,0,1,2.45175,2.45175,1830,367,0,1235,0,0,0,0,0,1337,1627.81,2.40137,3.52742,168488,8,29433,486,464433,32,117732,1944,32,4,644756,1319142,20632192,5276568,25908760,4,4,12,4,4,4,0,20,20,20260807,5,1,1,1,0,0,0,6629,0.276208,1,0.0015,0
3032,26520.8,11,0,2.22242,8.47283,0,0,0,10.6952,361,361,0,1,2.45175,2.45175,1830,367,0,1235,0,0,0,0,0,1337,1627.81,2.40137,3.52742,168488,8,29433,486,464433,32,117732,1944,32,4,644756,1319142,20632192,5276568,25908760,4,4,12,4,4,4,0,20,20,20260807,5,1,1,1,0,0,0,6629,0.276208,1,0.0015,0
3033,26526.6,5,0,2.02575,3.72737,0,0,0,5.75312,361,361,0,1,2.45175,2.45175,1830,367,0,1235,0,0,0,0,0,1337,1627.81,2.40137,3.52742,168488,8,29433,486,464433,32,117732,1944,32,4,644756,1319142,20632192,5276568,25908760,4,4,12,4,4,4,0,20,20,20260807,5,1,1,1,0,0,0,6629,0.276208,1,0.0015,0
3034,26537.5,11,0,2.22221,8.51229,0,0,0,10.7345,361,361,0,1,2.45175,2.45175,1830,367,0,1235,0,0,0,0,0,1337,1627.81,2.40137,3.52742,168488,8,29433,486,464433,32,117732,1944,32,4,644756,1319142,20632192,5276568,25908760,4,4,12,4,4,4,0,20,20,20260807,5,1,1,1,0,0,0,6629,0.276208,1,0.0015,0
3035,26543.4,6,0,2.09083,3.75379,0,0,0,5.84462,361,361,0,1,2.45175,2.45175,1830,367,0,1235,0,0,0,0,0,1337,1627.81,2.40137,3.52742,168488,8,29433,486,464433,32,117732,1944,32,4,644756,1319142,20632192,5276568,25908760,4,4,12,4,4,4,0,20,20,20260807,5,1,1,1,0,0,0,6629,0.276208,1,0.0015,0
3036,26554.1,11,0,2.31283,8.35975,0,0,0,10.6726,361,361,0,1,2.45175,2.45175,1830,367,0,1235,0,0,0,0,0,1337,1627.81,2.40137,3.52742,168488,8,29433,486,464433,32,117732,1944,32,4,644756,1319142,20632192,5276568,25908760,4,4,12,4,4,4,0,20,20,20260807,5,1,1,1,0,0,0,6630,0.27625,1,0.0015,1
3037,26562.1,8,0,2.07788,5.78933,0,0,0,7.86721,361,361,0,1,2.45175,2.45175,1830,367,0,1235,0,0,0,0,0,1337,1627.81,2.40137,3.52742,168488,8,29433,486,464433,32,117732,1944,32,4,644756,1319142,20632192,5276568,25908760,4,4,12,4,4,4,0,20,20,20260807,5,1,1,1,0,0,0,6630,0.27625,1,0.0015,0
3038,26571,9,0,2.053,6.76154,0,0,0,8.81454,361,361,0,1,2.45175,2.45175,1830,367,0,1235,0,0,0,0,0,1337,1627.81,2.40137,3.52742,168488,8,29433,486,464433,32,117732,1944,32,4,644756,1319142,20632192,5276568,25908760,4,4,12,4,4,4,0,20,20,20260807,5,1,1,1,0,0,0,6630,0.27625,1,0.0015,0
3039,26576.8,6,0,2.10267,3.64579,0,0,0,5.74846,361,361,0,1,2.45175,2.45175,1830,367,0,1235,0,0,0,0,0,1337,1627.81,2.40137,3.52742,168488,8,29433,486,464433,32,117732,1944,32,4,644756,1319142,20632192,5276568,25908760,4,4,12,4,4,4,0,20,20,20260807,5,1,1,1,0,0,0,6630,0.27625,1,0.0015,0
3040,26587.5,10,0,2.68325,7.89983,0,0,0,10.5831,361,361,0,1,2.45175,2.45175,1830,367,0,1235,0,0,0,0,0,1337,1627.81,2.40137,3.52742,168488,8,29433,486,464433,32,117732,1944,32,4,644756,1319142,20632192,5276568,25908760,4,4,12,4,4,4,0,20,20,20260807,5,1,1,1,0,0,0,6630,0.27625,1,0.0015,0
3041,26594.5,7,0,2.14508,4.80083,0,0,0,6.94592,361,361,0,1,2.45175,2.45175,1830,367,0,1235,0,0,0,0,0,1337,1627.81,2.40137,3.52742,168488,8,29433,486,464433,32,117732,1944,32,4,644756,1319142,20632192,5276568,25908760,4,4,12,4,4,4,0,20,20,20260807,5,1,1,1,0,0,0,6630,0.27625,1,0.0015,0
3042,26604.1,10,0,2.15021,7.391,0,0,0,9.54121,361,361,0,1,2.45175,2.45175,1830,367,0,1235,0,0,0,0,0,1337,1627.81,2.40137,3.52742,168488,8,29433,486,464433,32,117732,1944,32,4,644756,1319142,20632192,5276568,25908760,4,4,12,4,4,4,0,20,20,20260807,5,1,1,1,0,0,0,6631,0.276292,1,0.0015,1
3043,26610.2,6,0,2.15483,3.83354,0,0,0,5.98837,361,361,0,1,2.45175,2.45175,1830,367,0,1235,0,0,0,0,0,1337,1627.81,2.40137,3.52742,168488,8,29433,486,464433,32,117732,1944,32,4,644756,1319142,20632192,5276568,25908760,4,4,12,4,4,4,0,20,20,20260807,5,1,1,1,0,0,0,6631,0.276292,1,0.0015,0
3044,26620.9,11,0,3.85746,6.72808,0,0,0,10.5855,361,361,0,1,2.45175,2.45175,1830,367,0,1235,0,0,0,0,0,1337,1627.81,2.40137,3.52742,168488,8,29433,486,464433,32,117732,1944,32,4,644756,1319142,20632192,5276568,25908760,4,4,12,4,4,4,0,20,20,20260807,5,1,1,1,0,0,0,6631,0.276292,1,0.0015,0
3045,26628.9,8,0,2.064,5.85158,0,0,0,7.91558,361,361,0,1,2.45175,2.45175,1830,367,0,1235,0,0,0,0,0,1337,1627.81,2.40137,3.52742,168488,8,29433,486,464433,32,117732,1944,32,4,644756,1319142,20632192,5276568,25908760,4,4,12,4,4,4,0,20,20,20260807,5,1,1,1,0,0,0,6631,0.276292,1,0.0015,0
3046,26637.4,8,0,2.10308,6.38325,0,0,0,8.48633,361,361,0,1,2.45175,2.45175,1830,367,0,1235,0,0,0,0,0,1337,1627.81,2.40137,3.52742,168488,8,29433,486,464433,32,117732,1944,32,4,644756,1319142,20632192,5276568,25908760,4,4,12,4,4,4,0,20,20,20260807,5,1,1,1,0,0,0,6631,0.276292,1,0.0015,0
3047,26643.8,7,0,2.0755,4.20029,0,0,0,6.27579,361,361,0,1,2.45175,2.45175,1830,367,0,1235,0,0,0,0,0,1337,1627.81,2.40137,3.52742,168488,8,29433,486,464433,32,117732,1944,32,4,644756,1319142,20632192,5276568,25908760,4,4,12,4,4,4,0,20,20,20260807,5,1,1,1,0,0,0,6631,0.276292,1,0.0015,0
3048,26654.2,10,0,2.21338,8.159,0,0,0,10.3724,361,361,0,1,2.45175,2.45175,1830,367,0,1235,0,0,0,0,0,1337,1627.81,2.40137,3.52742,168488,8,29433,486,464433,32,117732,1944,32,4,644756,1319142,20632192,5276568,25908760,4,4,12,4,4,4,0,20,20,20260807,5,1,1,1,0,0,0,6632,0.276333,1,0.0015,1
3049,26660.7,6,0,2.09108,4.29208,0,0,0,6.38317,361,361,0,1,2.45175,2.45175,1830,367,0,1235,0,0,0,0,0,1337,1627.81,2.40137,3.52742,168488,8,29433,486,464433,32,117732,1944,32,4,644756,1319142,20632192,5276568,25908760,4,4,12,4,4,4,0,20,20,20260807,5,1,1,1,0,0,0,6632,0.276333,1,0.0015,0
3050,26670.8,11,0,2.14658,7.86558,0,0,0,10.0122,361,361,0,1,2.45175,2.45175,1830,367,0,1235,0,0,0,0,0,1337,1627.81,2.40137,3.52742,168488,8,29433,486,464433,32,117732,1944,32,4,644756,1319142,20632192,5276568,25908760,4,4,12,4,4,4,0,20,20,20260807,5,1,1,1,0,0,0,6632,0.276333,1,0.0015,0
3051,26676.9,6,0,2.17583,3.87633,0,0,0,6.05217,361,361,0,1,2.45175,2.45175,1830,367,0,1235,0,0,0,0,0,1337,1627.81,2.40137,3.52742,168488,8,29433,486,464433,32,117732,1944,32,4,644756,1319142,20632192,5276568,25908760,4,4,12,4,4,4,0,20,20,20260807,5,1,1,1,0,0,0,6632,0.276333,1,0.0015,0
3052,26687.5,10,0,2.29188,8.22883,0,0,0,10.5207,361,361,0,1,2.45175,2.45175,1830,367,0,1235,0,0,0,0,0,1337,1627.81,2.40137,3.52742,168488,8,29433,486,464433,32,117732,1944,32,4,644756,1319142,20632192,5276568,25908760,4,4,12,4,4,4,0,20,20,20260807,5,1,1,1,0,0,0,6632,0.276333,1,0.0015,0
3053,26693.6,6,0,2.05121,3.95233,0,0,0,6.00354,361,361,0,1,2.45175,2.45175,1830,367,0,1235,0,0,0,0,0,1337,1627.81,2.40137,3.52742,168488,8,29433,486,464433,32,117732,1944,32,4,644756,1319142,20632192,5276568,25908760,4,4,12,4,4,4,0,20,20,20260807,5,1,1,1,0,0,0,6632,0.276333,1,0.0015,0
3054,26704.5,11,0,2.20108,8.64263,0,0,0,10.8437,361,361,0,1,2.45175,2.45175,1830,367,0,1235,0,0,0,0,0,1337,1627.81,2.40137,3.52742,168488,8,29433,486,464433,32,117732,1944,32,4,644756,1319142,20632192,5276568,25908760,4,4,12,4,4,4,0,20,20,20260807,5,1,1,1,0,0,0,6633,0.276375,1,0.0015,1
3055,26710.2,6,0,2.264,3.30983,0,0,0,5.57383,361,361,0,1,2.45175,2.45175,1830,367,0,1235,0,0,0,0,0,1337,1627.81,2.40137,3.52742,168488,8,29433,486,464433,32,117732,1944,32,4,644756,1319142,20632192,5276568,25908760,4,4,12,4,4,4,0,20,20,20260807,5,1,1,1,0,0,0,6633,0.276375,1,0.0015,0
3056,26720.8,11,0,2.26033,8.22879,0,0,0,10.4891,361,361,0,1,2.45175,2.45175,1830,367,0,1235,0,0,0,0,0,1337,1627.81,2.40137,3.52742,168488,8,29433,486,464433,32,117732,1944,32,4,644756,1319142,20632192,5276568,25908760,4,4,12,4,4,4,0,20,20,20260807,5,1,1,1,0,0,0,6633,0.276375,1,0.0015,0
3057,26727.9,7,0,1.95338,5.0855,0,0,0,7.03887,361,361,0,1,2.45175,2.45175,1830,367,0,1235,0,0,0,0,0,1337,1627.81,2.40137,3.52742,168488,8,29433,486,464433,32,117732,1944,32,4,644756,1319142,20632192,5276568,25908760,4,4,12,4,4,4,0,20,20,20260807,5,1,1,1,0,0,0,6633,0.276375,1,0.0015,0
3058,26737.5,9,0,2.09262,7.44179,0,0,0,9.53442,361,361,0,1,2.45175,2.45175,1830,367,0,1235,0,0,0,0,0,1337,1627.81,2.40137,3.52742,168488,8,29433,486,464433,32,117732,1944,32,4,644756,1319142,20632192,5276568,25908760,4,4,12,4,4,4,0,20,20,20260807,5,1,1,1,0,0,0,6633,0.276375,1,0.0015,0
3059,26743.9,7,0,2.20058,4.09554,0,0,0,6.29612,361,361,0,1,2.45175,2.45175,1830,367,0,1235,0,0,0,0,0,1337,1627.81,2.40137,3.52742,168488,8,29433,486,464433,32,117732,1944,32,4,644756,1319142,20632192,5276568,25908760,4,4,12,4,4,4,0,20,20,20260807,5,1,1,1,0,0,0,6633,0.276375,1,0.0015,0
3060,26754.2,10,0,2.20071,8.00096,0,0,0,10.2017,361,361,0,1,2.45175,2.45175,1830,367,0,1235,0,0,0,0,0,1337,1627.81,2.40137,3.52742,168488,8,29433,486,464433,32,117732,1944,32,4,644756,1319142,20632192,5276568,25908760,4,4,12,4,4,4,0,20,20,20260807,5,1,1,1,0,0,0,6634,0.276417,1,0.0015,1
3061,26760.7,7,0,2.03063,4.44071,0,0,0,6.47133,361,361,0,1,2.45175,2.45175,1830,367,0,1235,0,0,0,0,0,1337,1627.81,2.40137,3.52742,168488,8,29433,486,464433,32,117732,1944,32,4,644756,1319142,20632192,5276568,25908760,4,4,12,4,4,4,0,20,20,20260807,5,1,1,1,0,0,0,6634,0.276417,1,0.0015,0
3062,26770.8,10,0,2.18938,7.75242,0,0,0,9.94179,361,361,0,1,2.45175,2.45175,1830,367,0,1235,0,0,0,0,0,1337,1627.81,2.40137,3.52742,168488,8,29433,486,464433,32,117732,1944,32,4,644756,1319142,20632192,5276568,25908760,4,4,12,4,4,4,0,20,20,20260807,5,1,1,1,0,0,0,6634,0.276417,1,0.0015,0
3063,26776.2,5,0,2.06537,3.33792,0,0,0,5.40329,361,361,0,1,2.45175,2.45175,1830,367,0,1235,0,0,0,0,0,1337,1627.81,2.40137,3.52742,168488,8,29433,486,464433,32,117732,1944,32,4,644756,1319142,20632192,5276568,25908760,4,4,12,4,4,4,0,20,20,20260807,5,1,1,1,0,0,0,6634,0.276417,1,0.0015,0
3064,26787.6,11,0,2.42813,8.87954,0,0,0,11.3077,361,361,0,1,2.45175,2.45175,1830,367,0,1235,0,0,0,0,0,1337,1627.81,2.40137,3.52742,168488,8,29433,486,464433,32,117732,1944,32,4,644756,1319142,20632192,5276568,25908760,4,4,12,4,4,4,0,20,20,20260807,5,1,1,1,0,0,0,6634,0.276417,1,0.0015,0
3065,26794.3,7,0,2.09796,4.48229,0,0,0,6.58025,361,361,0,1,2.45175,2.45175,1830,367,0,1235,0,0,0,0,0,1337,1627.81,2.40137,3.52742,168488,8,29433,486,464433,32,117732,1944,32,4,644756,1319142,20632192,5276568,25908760,4,4,12,4,4,4,0,20,20,20260807,5,1,1,1,0,0,0,6634,0.276417,1,0.0015,0
3066,26804.2,10,0,2.08358,7.72304,0,0,0,9.80663,361,361,0,1,2.45175,2.45175,1830,367,0,1235,0,0,0,0,0,1337,1627.81,2.40137,3.52742,168488,8,29433,486,464433,32,117732,1944,32,4,644756,1319142,20632192,5276568,25908760,4,4,12,4,4,4,0,20,20,20260807,5,1,1,1,0,0,0,6635,0.276458,1,0.0015,1
3067,26810.5,6,0,2.05563,4.16629,0,0,0,6.22192,361,361,0,1,2.45175,2.45175,1830,367,0,1235,0,0,0,0,0,1337,1627.81,2.40137,3.52742,168488,8,29433,486,464433,32,117732,1944,32,4,644756,1319142,20632192,5276568,25908760,4,4,12,4,4,4,0,20,20,20260807,5,1,1,1,0,0,0,6635,0.276458,1,0.0015,0
3068,26820.8,11,0,3.07483,7.191,0,0,0,10.2658,361,361,0,1,2.45175,2.45175,1830,367,0,1235,0,0,0,0,0,1337,1627.81,2.40137,3.52742,168488,8,29433,486,464433,32,117732,1944,32,4,644756,1319142,20632192,5276568,25908760,4,4,12,4,4,4,0,20,20,20260807,5,1,1,1,0,0,0,6635,0.276458,1,0.0015,0
3069,26826.7,5,0,2.18046,3.60783,0,0,0,5.78829,361,361,0,1,2.45175,2.45175,1830,367,0,1235,0,0,0,0,0,1337,1627.81,2.40137,3.52742,168488,8,29433,486,464433,32,117732,1944,32,4,644756,1319142,20632192,5276568,25908760,4,4,12,4,4,4,0,20,20,20260807,5,1,1,1,0,0,0,6635,0.276458,1,0.0015,0
3070,26837.4,11,0,2.45996,8.16275,0,0,0,10.6227,361,361,0,1,2.45175,2.45175,1830,367,0,1235,0,0,0,0,0,1337,1627.81,2.40137,3.52742,168488,8,29433,486,464433,32,117732,1944,32,4,644756,1319142,20632192,5276568,25908760,4,4,12,4,4,4,0,20,20,20260807,5,1,1,1,0,0,0,6635,0.276458,1,0.0015,0
3071,26843.2,6,0,2.07925,3.59433,0,0,0,5.67358,361,361,0,1,2.45175,2.45175,1830,367,0,1235,0,0,0,0,0,1337,1627.81,2.40137,3.52742,168488,8,29433,486,464433,32,117732,1944,32,4,644756,1319142,20632192,5276568,25908760,4,4,12,4,4,4,0,20,20,20260807,5,1,1,1,0,0,0,6635,0.276458,1,0.0015,0
3072,26854.2,11,0,2.18954,8.74408,0,0,0,10.9336,361,361,0,1,2.45175,2.45175,1830,367,0,1235,0,0,0,0,0,1337,1627.81,2.40137,3.52742,168488,8,29433,486,464433,32,117732,1944,32,4,644756,1319142,20632192,5276568,25908760,4,4,12,4,4,4,0,20,20,20260807,5,1,1,1,0,0,0,6636,0.2765,1,0.0015,1
3073,26860.3,6,0,2.03192,4.01025,0,0,0,6.04217,361,361,0,1,2.45175,2.45175,1830,367,0,1235,0,0,0,0,0,1337,1627.81,2.40137,3.52742,168488,8,29433,486,464433,32,117732,1944,32,4,644756,1319142,20632192,5276568,25908760,4,4,12,4,4,4,0,20,20,20260807,5,1,1,1,0,0,0,6636,0.2765,1,0.0015,0
3074,26870.8,11,0,2.15692,8.02213,0,0,0,10.179,361,361,0,1,2.45175,2.45175,1830,367,0,1235,0,0,0,0,0,1337,1627.81,2.40137,3.52742,168488,8,29433,486,464433,32,117732,1944,32,4,644756,1319142,20632192,5276568,25908760,4,4,12,4,4,4,0,20,20,20260807,5,1,1,1,0,0,0,6636,0.2765,1,0.0015,0
3075,26876.6,5,0,2.08679,3.60533,0,0,0,5.69212,361,361,0,1,2.45175,2.45175,1830,367,0,1235,0,0,0,0,0,1337,1627.81,2.40137,3.52742,168488,8,29433,486,464433,32,117732,1944,32,4,644756,1319142,20632192,5276568,25908760,4,4,12,4,4,4,0,20,20,20260807,5,1,1,1,0,0,0,6636,0.2765,1,0.0015,0
3076,26887.6,11,0,2.22842,8.69208,0,0,0,10.9205,361,361,0,1,2.45175,2.45175,1830,367,0,1235,0,0,0,0,0,1337,1627.81,2.40137,3.52742,168488,8,29433,486,464433,32,117732,1944,32,4,644756,1319142,20632192,5276568,25908760,4,4,12,4,4,4,0,20,20,20260807,5,1,1,1,0,0,0,6636,0.2765,1,0.0015,0
3077,26893.8,7,0,2.03729,4.09804,0,0,0,6.13533,361,361,0,1,2.45175,2.45175,1830,367,0,1235,0,0,0,0,0,1337,1627.81,2.40137,3.52742,168488,8,29433,486,464433,32,117732,1944,32,4,644756,1319142,20632192,5276568,25908760,4,4,12,4,4,4,0,20,20,20260807,5,1,1,1,0,0,0,6636,0.2765,1,0.0015,0
3078,26904.1,10,0,2.23192,7.96638,0,0,0,10.1983,361,361,0,1,2.45175,2.45175,1830,367,0,1235,0,0,0,0,0,1337,1627.81,2.40137,3.52742,168488,8,29433,486,464433,32,117732,1944,32,4,644756,1319142,20632192,5276568,25908760,4,4,12,4,4,4,0,20,20,20260807,5,1,1,1,0,0,0,6637,0.276542,1,0.0015,1
3079,26909.7,5,0,2.13408,3.36192,0,0,0,5.496,361,361,0,1,2.45175,2.45175,1830,367,0,1235,0,0,0,0,0,1337,1627.81,2.40137,3.52742,168488,8,29433,486,464433,32,117732,1944,32,4,644756,1319142,20632192,5276568,25908760,4,4,12,4,4,4,0,20,20,20260807,5,1,1,1,0,0,0,6637,0.276542,1,0.0015,0
3080,26920.8,12,0,2.17392,8.89671,0,0,0,11.0706,361,361,0,1,2.45175,2.45175,1830,367,0,1235,0,0,0,0,0,1337,1627.81,2.40137,3.52742,168488,8,29433,486,464433,32,117732,1944,32,4,644756,1319142,20632192,5276568,25908760,4,4,12,4,4,4,0,20,20,20260807,5,1,1,1,0,0,0,6637,0.276542,1,0.0015,0
3081,26928,7,0,1.99567,5.101,0,0,0,7.09667,361,361,0,1,2.45175,2.45175,1830,367,0,1235,0,0,0,0,0,1337,1627.81,2.40137,3.52742,168488,8,29433,486,464433,32,117732,1944,32,4,644756,1319142,20632192,5276568,25908760,4,4,12,4,4,4,0,20,20,20260807,5,1,1,1,0,0,0,6637,0.276542,1,0.0015,0
3082,26937.4,9,0,2.05337,7.27121,0,0,0,9.32458,361,361,0,1,2.45175,2.45175,1830,367,0,1235,0,0,0,0,0,1337,1627.81,2.40137,3.52742,168488,8,29433,486,464433,32,117732,1944,32,4,644756,1319142,20632192,5276568,25908760,4,4,12,4,4,4,0,20,20,20260807,5,1,1,1,0,0,0,6637,0.276542,1,0.0015,0
3083,26943,6,0,2.12204,3.41913,0,0,0,5.54117,361,361,0,1,2.45175,2.45175,1830,367,0,1235,0,0,0,0,0,1337,1627.81,2.40137,3.52742,168488,8,29433,486,464433,32,117732,1944,32,4,644756,1319142,20632192,5276568,25908760,4,4,12,4,4,4,0,20,20,20260807,5,1,1,1,0,0,0,6637,0.276542,1,0.0015,0
3084,26954.2,11,0,2.23413,8.89896,0,0,0,11.1331,361,361,0,1,2.45175,2.45175,1830,367,0,1235,0,0,0,0,0,1337,1627.81,2.40137,3.52742,168488,8,29433,486,464433,32,117732,1944,32,4,644756,1319142,20632192,5276568,25908760,4,4,12,4,4,4,0,20,20,20260807,5,1,1,1,0,0,0,6638,0.276583,1,0.0015,1
3085,26960.7,7,0,2.05925,4.35117,0,0,0,6.41042,361,361,0,1,2.45175,2.45175,1830,367,0,1235,0,0,0,0,0,1337,1627.81,2.40137,3.52742,168488,8,29433,486,464433,32,117732,1944,32,4,644756,1319142,20632192,5276568,25908760,4,4,12,4,4,4,0,20,20,20260807,5,1,1,1,0,0,0,6638,0.276583,1,0.0015,0
3086,26970.8,10,0,2.14529,7.82763,0,0,0,9.97292,361,361,0,1,2.45175,2.45175,1830,367,0,1235,0,0,0,0,0,1337,1627.81,2.40137,3.52742,168488,8,29433,486,464433,32,117732,1944,32,4,644756,1319142,20632192,5276568,25908760,4,4,12,4,4,4,0,20,20,20260807,5,1,1,1,0,0,0,6638,0.276583,1,0.0015,0
3087,26976.8,6,0,2.05175,3.90338,0,0,0,5.95512,361,361,0,1,2.45175,2.45175,1830,367,0,1235,0,0,0,0,0,1337,1627.81,2.40137,3.52742,168488,8,29433,486,464433,32,117732,1944,32,4,644756,1319142,20632192,5276568,25908760,4,4,12,4,4,4,0,20,20,20260807,5,1,1,1,0,0,0,6638,0.276583,1,0.0015,0
3088,26987.5,10,0,2.28938,8.35158,0,0,0,10.641,361,361,0,1,2.45175,2.45175,1830,367,0,1235,0,0,0,0,0,1337,1627.81,2.40137,3.52742,168488,8,29433,486,464433,32,117732,1944,32,4,644756,1319142,20632192,5276568,25908760,4,4,12,4,4,4,0,20,20,20260807,5,1,1,1,0,0,0,6638,0.276583,1,0.0015,0
3089,26994.2,7,0,2.07171,4.57129,0,0,0,6.643,361,361,0,1,2.45175,2.45175,1830,367,0,1235,0,0,0,0,0,1337,1627.81,2.40137,3.52742,168488,8,29433,486,464433,32,117732,1944,32,4,644756,1319142,20632192,5276568,25908760,4,4,12,4,4,4,0,20,20,20260807,5,1,1,1,0,0,0,6638,0.276583,1,0.0015,0
3090,27004.3,10,0,2.15133,7.79967,0,0,0,9.951,361,361,0,1,2.45175,2.45175,1830,367,0,1235,0,0,0,0,0,1337,1627.81,2.40137,3.52742,168488,8,29433,486,464433,32,117732,1944,32,4,644756,1319142,20632192,5276568,25908760,4,4,12,4,4,4,0,20,20,20260807,5,1,1,1,0,0,0,6639,0.276625,1,0.0015,1
3091,27010.2,6,0,2.14346,3.74608,0,0,0,5.88954,361,361,0,1,2.45175,2.45175,1830,367,0,1235,0,0,0,0,0,1337,1627.81,2.40137,3.52742,168488,8,29433,486,464433,32,117732,1944,32,4,644756,1319142,20632192,5276568,25908760,4,4,12,4,4,4,0,20,20,20260807,5,1,1,1,0,0,0,6639,0.276625,1,0.0015,0
3092,27020.8,11,0,2.57771,7.92579,0,0,0,10.5035,361,361,0,1,2.45175,2.45175,1830,367,0,1235,0,0,0,0,0,1337,1627.81,2.40137,3.52742,168488,8,29433,486,464433,32,117732,1944,32,4,644756,1319142,20632192,5276568,25908760,4,4,12,4,4,4,0,20,20,20260807,5,1,1,1,0,0,0,6639,0.276625,1,0.0015,0
3093,27029.3,8,0,2.13996,6.26567,0,0,0,8.40563,361,361,0,1,2.45175,2.45175,1830,367,0,1235,0,0,0,0,0,1337,1627.81,2.40137,3.52742,168488,8,29433,486,464433,32,117732,1944,32,4,644756,1319142,20632192,5276568,25908760,4,4,12,4,4,4,0,20,20,20260807,5,1,1,1,0,0,0,6639,0.276625,1,0.0015,0
3094,27040,10,0,2.26858,8.33492,0,0,0,10.6035,361,361,0,1,2.45175,2.45175,1830,367,0,1235,0,0,0,0,0,1337,1627.81,2.40137,3.52742,168488,8,29433,486,464433,32,117732,1944,32,4,644756,1319142,20632192,5276568,25908760,4,4,12,4,4,4,0,20,20,20260807,5,1,1,1,0,0,0,6639,0.276625,1,0.0015,0
3095,27046.3,6,0,2.21946,4.00658,0,0,0,6.22604,361,361,0,1,2.45175,2.45175,1830,367,0,1235,0,0,0,0,0,1337,1627.81,2.40137,3.52742,168488,8,29433,486,464433,32,117732,1944,32,4,644756,1319142,20632192,5276568,25908760,4,4,12,4,4,4,0,20,20,20260807,5,1,1,1,0,0,0,6640,0.276667,1,0.0015,1
3096,27056.7,11,0,2.17158,8.19621,0,0,0,10.3678,361,361,0,1,2.45175,2.45175,1830,367,0,1235,0,0,0,0,0,1337,1627.81,2.40137,3.52742,168488,8,29433,486,464433,32,117732,1944,32,4,644756,1319142,20632192,5276568,25908760,4,4,12,4,4,4,0,20,20,20260807,5,1,1,1,0,0,0,6640,0.276667,1,0.0015,0
3097,27071.2,14,0,2.14842,12.2681,0,0,0,14.4165,361,361,0,1,2.45175,2.45175,1830,367,0,1235,0,0,0,0,0,1337,1627.81,2.40137,3.52742,168488,8,29433,486,464433,32,117732,1944,32,4,644756,1319142,20632192,5276568,25908760,4,4,12,4,4,4,0,20,20,20260807,5,1,1,1,0,0,0,6640,0.276667,1,0.0015,0
3098,27077.1,6,0,2.1315,3.67462,0,0,0,5.80612,361,361,0,1,2.45175,2.45175,1830,367,0,1235,0,0,0,0,0,1337,1627.81,2.40137,3.52742,168488,8,29433,486,464433,32,117732,1944,32,4,644756,1319142,20632192,5276568,25908760,4,4,12,4,4,4,0,20,20,20260807,5,1,1,1,0,0,0,6640,0.276667,1,0.0015,0
3099,27089.1,12,0,2.25913,9.60942,0,0,0,11.8685,361,361,0,1,2.45175,2.45175,1830,367,0,1235,0,0,0,0,0,1337,1627.81,2.40137,3.52742,168488,8,29433,486,464433,32,117732,1944,32,4,644756,1319142,20632192,5276568,25908760,4,4,12,4,4,4,0,20,20,20260807,5,1,1,1,0,0,0,6640,0.276667,1,0.0015,0
3100,27096.8,8,0,2.18029,5.46121,0,0,0,7.6415,361,361,0,1,2.45175,2.45175,1830,367,0,1235,0,0,0,0,0,1337,1627.81,2.40137,3.52742,168488,8,29433,486,464433,32,117732,1944,32,4,644756,1319142,20632192,5276568,25908760,4,4,12,4,4,4,0,20,20,20260807,5,1,1,1,0,0,0,6640,0.276667,1,0.0015,0
3101,27104.3,7,0,2.31179,5.1155,0,0,0,7.42729,361,361,0,1,2.45175,2.45175,1830,367,0,1235,0,0,0,0,0,1337,1627.81,2.40137,3.52742,168488,8,29433,486,464433,32,117732,1944,32,4,644756,1319142,20632192,5276568,25908760,4,4,12,4,4,4,0,20,20,20260807,5,1,1,1,0,0,0,6641,0.276708,1,0.0015,1
3102,27109.3,5,0,2.05275,2.82983,0,0,0,4.88258,361,361,0,1,2.45175,2.45175,1830,367,0,1235,0,0,0,0,0,1337,1627.81,2.40137,3.52742,168488,8,29433,486,464433,32,117732,1944,32,4,644756,1319142,20632192,5276568,25908760,4,4,12,4,4,4,0,20,20,20260807,5,1,1,1,0,0,0,6641,0.276708,1,0.0015,0
3103,27121,12,0,2.31133,9.33258,0,0,0,11.6439,361,361,0,1,2.45175,2.45175,1830,367,0,1235,0,0,0,0,0,1337,1627.81,2.40137,3.52742,168488,8,29433,486,464433,32,117732,1944,32,4,644756,1319142,20632192,5276568,25908760,4,4,12,4,4,4,0,20,20,20260807,5,1,1,1,0,0,0,6641,0.276708,1,0.0015,0
3104,27128,7,0,2.12333,4.82137,0,0,0,6.94471,361,361,0,1,2.45175,2.45175,1830,367,0,1235,0,0,0,0,0,1337,1627.81,2.40137,3.52742,168488,8,29433,486,464433,32,117732,1944,32,4,644756,1319142,20632192,5276568,25908760,4,4,12,4,4,4,0,20,20,20260807,5,1,1,1,0,0,0,6641,0.276708,1,0.0015,0
3105,27137.4,9,0,2.16262,7.09829,0,0,0,9.26092,361,361,0,1,2.45175,2.45175,1830,367,0,1235,0,0,0,0,0,1337,1627.81,2.40137,3.52742,168488,8,29433,486,464433,32,117732,1944,32,4,644756,1319142,20632192,5276568,25908760,4,4,12,4,4,4,0,20,20,20260807,5,1,1,1,0,0,0,6641,0.276708,1,0.0015,0
3106,27143.1,6,0,2.01817,3.62296,0,0,0,5.64112,361,361,0,1,2.45175,2.45175,1830,367,0,1235,0,0,0,0,0,1337,1627.81,2.40137,3.52742,168488,8,29433,486,464433,32,117732,1944,32,4,644756,1319142,20632192,5276568,25908760,4,4,12,4,4,4,0,20,20,20260807,5,1,1,1,0,0,0,6641,0.276708,1,0.0015,0
3107,27154.4,11,0,2.30825,8.91812,0,0,0,11.2264,361,361,0,1,2.45175,2.45175,1830,367,0,1235,0,0,0,0,0,1337,1627.81,2.40137,3.52742,168488,8,29433,486,464433,32,117732,1944,32,4,644756,1319142,20632192,5276568,25908760,4,4,12,4,4,4,0,20,20,20260807,5,1,1,1,0,0,0,6642,0.27675,1,0.0015,1
3108,27161.3,7,0,2.05788,4.81846,0,0,0,6.87633,361,361,0,1,2.45175,2.45175,1830,367,0,1235,0,0,0,0,0,1337,1627.81,2.40137,3.52742,168488,8,29433,486,464433,32,117732,1944,32,4,644756,1319142,20632192,5276568,25908760,4,4,12,4,4,4,0,20,20,20260807,5,1,1,1,0,0,0,6642,0.27675,1,0.0015,0
3109,27170.7,10,0,2.03271,7.27287,0,0,0,9.30558,361,361,0,1,2.45175,2.45175,1830,367,0,1235,0,0,0,0,0,1337,1627.81,2.40137,3.52742,168488,8,29433,486,464433,32,117732,1944,32,4,644756,1319142,20632192,5276568,25908760,4,4,12,4,4,4,0,20,20,20260807,5,1,1,1,0,0,0,6642,0.27675,1,0.0015,0
3110,27176.5,5,0,2.12117,3.619,0,0,0,5.74017,361,361,0,1,2.45175,2.45175,1830,367,0,1235,0,0,0,0,0,1337,1627.81,2.40137,3.52742,168488,8,29433,486,464433,32,117732,1944,32,4,644756,1319142,20632192,5276568,25908760,4,4,12,4,4,4,0,20,20,20260807,5,1,1,1,0,0,0,6642,0.27675,1,0.0015,0
3111,27187.7,11,0,2.17846,8.87063,0,0,0,11.0491,361,361,0,1,2.45175,2.45175,1830,367,0,1235,0,0,0,0,0,1337,1627.81,2.40137,3.52742,168488,8,29433,486,464433,32,117732,1944,32,4,644756,1319142,20632192,5276568,25908760,4,4,12,4,4,4,0,20,20,20260807,5,1,1,1,0,0,0,6642,0.27675,1,0.0015,0
3112,27193.6,6,0,2.14208,3.33125,0,0,0,5.47333,361,361,0,1,2.45175,2.45175,1830,367,0,1235,0,0,0,0,0,1337,1627.81,2.40137,3.52742,168488,8,29433,486,464433,32,117732,1944,32,4,644756,1319142,20632192,5276568,25908760,4,4,12,4,4,4,0,20,20,20260807,5,1,1,1,0,0,0,6642,0.27675,1,0.0015,0
3113,27204.7,11,0,2.18221,8.08467,0,0,0,10.2669,361,361,0,1,2.45175,2.45175,1830,367,0,1235,0,0,0,0,0,1337,1627.81,2.40137,3.52742,168488,8,29433,486,464433,32,117732,1944,32,4,644756,1319142,20632192,5276568,25908760,4,4,12,4,4,4,0,20,20,20260807,5,1,1,1,0,0,0,6643,0.276792,1,0.0015,1
3114,27210.2,6,0,2.18604,3.00687,0,0,0,5.19292,361,361,0,1,2.45175,2.45175,1830,367,0,1235,0,0,0,0,0,1337,1627.81,2.40137,3.52742,168488,8,29433,486,464433,32,117732,1944,32,4,644756,1319142,20632192,5276568,25908760,4,4,12,4,4,4,0,20,20,20260807,5,1,1,1,0,0,0,6643,0.276792,1,0.0015,0
3115,27221,11,0,2.37017,8.36575,0,0,0,10.7359,361,361,0,1,2.45175,2.45175,1830,367,0,1235,0,0,0,0,0,1337,1627.81,2.40137,3.52742,168488,8,29433,486,464433,32,117732,1944,32,4,644756,1319142,20632192,5276568,25908760,4,4,12,4,4,4,0,20,20,20260807,5,1,1,1,0,0,0,6643,0.276792,1,0.0015,0
3116,27227.5,6,0,2.09187,4.30167,0,0,0,6.39354,361,361,0,1,2.45175,2.45175,1830,367,0,1235,0,0,0,0,0,1337,1627.81,2.40137,3.52742,168488,8,29433,486,464433,32,117732,1944,32,4,644756,1319142,20632192,5276568,25908760,4,4,12,4,4,4,0,20,20,20260807,5,1,1,1,0,0,0,6643,0.276792,1,0.0015,0
3117,27237.6,10,0,2.16133,7.85438,0,0,0,10.0157,361,361,0,1,2.45175,2.45175,1830,367,0,1235,0,0,0,0,0,1337,1627.81,2.40137,3.52742,168488,8,29433,486,464433,32,117732,1944,32,4,644756,1319142,20632192,5276568,25908760,4,4,12,4,4,4,0,20,20,20260807,5,1,1,1,0,0,0,6643,0.276792,1,0.0015,0
3118,27243.5,6,0,2.17504,3.60054,0,0,0,5.77558,361,361,0,1,2.45175,2.45175,1830,367,0,1235,0,0,0,0,0,1337,1627.81,2.40137,3.52742,168488,8,29433,486,464433,32,117732,1944,32,4,644756,1319142,20632192,5276568,25908760,4,4,12,4,4,4,0,20,20,20260807,5,1,1,1,0,0,0,6643,0.276792,1,0.0015,0
3119,27254.2,11,0,2.30167,8.35775,0,0,0,10.6594,361,361,0,1,2.45175,2.45175,1830,367,0,1235,0,0,0,0,0,1337,1627.81,2.40137,3.52742,168488,8,29433,486,464433,32,117732,1944,32,4,644756,1319142,20632192,5276568,25908760,4,4,12,4,4,4,0,20,20,20260807,5,1,1,1,0,0,0,6644,0.276833,1,0.0015,1
3120,27260.8,7,0,2.06513,4.44579,0,0,0,6.51092,361,361,0,1,2.45175,2.45175,1830,367,0,1235,0,0,0,0,0,1337,1627.81,2.40137,3.52742,168488,8,29433,486,464433,32,117732,1944,32,4,644756,1319142,20632192,5276568,25908760,4,4,12,4,4,4,0,20,20,20260807,5,1,1,1,0,0,0,6644,0.276833,1,0.0015,0
3121,27270.7,10,0,2.25475,7.59563,0,0,0,9.85037,361,361,0,1,2.45175,2.45175,1830,367,0,1235,0,0,0,0,0,1337,1627.81,2.40137,3.52742,168488,8,29433,486,464433,32,117732,1944,32,4,644756,1319142,20632192,5276568,25908760,4,4,12,4,4,4,0,20,20,20260807,5,1,1,1,0,0,0,6644,0.276833,1,0.0015,0
3122,27277,6,0,2.15908,3.69413,0,0,0,5.85321,361,361,0,1,2.45175,2.45175,1830,367,0,1235,0,0,0,0,0,1337,1627.81,2.40137,3.52742,168488,8,29433,486,464433,32,117732,1944,32,4,644756,1319142,20632192,5276568,25908760,4,4,12,4,4,4,0,20,20,20260807,5,1,1,1,0,0,0,6644,0.276833,1,0.0015,0
3123,27287.4,11,0,2.1555,8.07783,0,0,0,10.2333,361,361,0,1,2.45175,2.45175,1830,367,0,1235,0,0,0,0,0,1337,1627.81,2.40137,3.52742,168488,8,29433,486,464433,32,117732,1944,32,4,644756,1319142,20632192,5276568,25908760,4,4,12,4,4,4,0,20,20,20260807,5,1,1,1,0,0,0,6644,0.276833,1,0.0015,0
3124,27293.6,6,0,1.97346,4.14525,0,0,0,6.11871,361,361,0,1,2.45175,2.45175,1830,367,0,1235,0,0,0,0,0,1337,1627.81,2.40137,3.52742,168488,8,29433,486,464433,32,117732,1944,32,4,644756,1319142,20632192,5276568,25908760,4,4,12,4,4,4,0,20,20,20260807,5,1,1,1,0,0,0,6644,0.276833,1,0.0015,0
3125,27304.3,11,0,2.20412,8.38271,0,0,0,10.5868,361,361,0,1,2.45175,2.45175,1830,367,0,1235,0,0,0,0,0,1337,1627.81,2.40137,3.52742,168488,8,29433,486,464433,32,117732,1944,32,4,644756,1319142,20632192,5276568,25908760,4,4,12,4,4,4,0,20,20,20260807,5,1,1,1,0,0,0,6645,0.276875,1,0.0015,1
3126,27310,6,0,2.10967,3.55704,0,0,0,5.66671,361,361,0,1,2.45175,2.45175,1830,367,0,1235,0,0,0,0,0,1337,1627.81,2.40137,3.52742,168488,8,29433,486,464433,32,117732,1944,32,4,644756,1319142,20632192,5276568,25908760,4,4,12,4,4,4,0,20,20,20260807,5,1,1,1,0,0,0,6645,0.276875,1,0.0015,0
3127,27321.1,11,0,2.85383,8.08192,0,0,0,10.9358,361,361,0,1,2.45175,2.45175,1830,367,0,1235,0,0,0,0,0,1337,1627.81,2.40137,3.52742,168488,8,29433,486,464433,32,117732,1944,32,4,644756,1319142,20632192,5276568,25908760,4,4,12,4,4,4,0,20,20,20260807,5,1,1,1,0,0,0,6645,0.276875,1,0.0015,0
3128,27327.8,7,0,2.029,4.65925,0,0,0,6.68825,361,361,0,1,2.45175,2.45175,1830,367,0,1235,0,0,0,0,0,1337,1627.81,2.40137,3.52742,168488,8,29433,486,464433,32,117732,1944,32,4,644756,1319142,20632192,5276568,25908760,4,4,12,4,4,4,0,20,20,20260807,5,1,1,1,0,0,0,6645,0.276875,1,0.0015,0
3129,27337.5,9,0,2.06533,7.47625,0,0,0,9.54158,361,361,0,1,2.45175,2.45175,1830,367,0,1235,0,0,0,0,0,1337,1627.81,2.40137,3.52742,168488,8,29433,486,464433,32,117732,1944,32,4,644756,1319142,20632192,5276568,25908760,4,4,12,4,4,4,0,20,20,20260807,5,1,1,1,0,0,0,6645,0.276875,1,0.0015,0
3130,27343.5,6,0,2.09279,3.846,0,0,0,5.93879,361,361,0,1,2.45175,2.45175,1830,367,0,1235,0,0,0,0,0,1337,1627.81,2.40137,3.52742,168488,8,29433,486,464433,32,117732,1944,32,4,644756,1319142,20632192,5276568,25908760,4,4,12,4,4,4,0,20,20,20260807,5,1,1,1,0,0,0,6645,0.276875,1,0.0015,0
3131,27354.3,11,0,2.55042,8.23446,0,0,0,10.7849,361,361,0,1,2.45175,2.45175,1830,367,0,1235,0,0,0,0,0,1337,1627.81,2.40137,3.52742,168488,8,29433,486,464433,32,117732,1944,32,4,644756,1319142,20632192,5276568,25908760,4,4,12,4,4,4,0,20,20,20260807,5,1,1,1,0,0,0,6646,0.276917,1,0.0015,1
3132,27360.1,6,0,2.16071,3.50008,0,0,0,5.66079,361,361,0,1,2.45175,2.45175,1830,367,0,1235,0,0,0,0,0,1337,1627.81,2.40137,3.52742,168488,8,29433,486,464433,32,117732,1944,32,4,644756,1319142,20632192,5276568,25908760,4,4,12,4,4,4,0,20,20,20260807,5,1,1,1,0,0,0,6646,0.276917,1,0.0015,0
3133,27370.8,11,0,2.36075,8.30079,0,0,0,10.6615,361,361,0,1,2.45175,2.45175,1830,367,0,1235,0,0,0,0,0,1337,1627.81,2.40137,3.52742,168488,8,29433,486,464433,32,117732,1944,32,4,644756,1319142,20632192,5276568,25908760,4,4,12,4,4,4,0,20,20,20260807,5,1,1,1,0,0,0,6646,0.276917,1,0.0015,0
3134,27376.5,5,0,2.10079,3.49633,0,0,0,5.59713,361,361,0,1,2.45175,2.45175,1830,367,0,1235,0,0,0,0,0,1337,1627.81,2.40137,3.52742,168488,8,29433,486,464433,32,117732,1944,32,4,644756,1319142,20632192,5276568,25908760,4,4,12,4,4,4,0,20,20,20260807,5,1,1,1,0,0,0,6646,0.276917,1,0.0015,0
3135,27387.7,12,0,2.20604,8.93575,0,0,0,11.1418,361,361,0,1,2.45175,2.45175,1830,367,0,1235,0,0,0,0,0,1337,1627.81,2.40137,3.52742,168488,8,29433,486,464433,32,117732,1944,32,4,644756,1319142,20632192,5276568,25908760,4,4,12,4,4,4,0,20,20,20260807,5,1,1,1,0,0,0,6646,0.276917,1,0.0015,0
3136,27393,5,0,2.17475,3.03292,0,0,0,5.20767,361,361,0,1,2.45175,2.45175,1830,367,0,1235,0,0,0,0,0,1337,1627.81,2.40137,3.52742,168488,8,29433,486,464433,32,117732,1944,32,4,644756,1319142,20632192,5276568,25908760,4,4,12,4,4,4,0,20,20,20260807,5,1,1,1,0,0,0,6646,0.276917,1,0.0015,0
3137,27404.9,12,0,2.27208,9.52629,0,0,0,11.7984,361,361,0,1,2.45175,2.45175,1830,367,0,1235,0,0,0,0,0,1337,1627.81,2.40137,3.52742,168488,8,29433,486,464433,32,117732,1944,32,4,644756,1319142,20632192,5276568,25908760,4,4,12,4,4,4,0,20,20,20260807,5,1,1,1,0,0,0,6647,0.276958,1,0.0015,1
3138,27410.3,5,0,2.09425,3.21212,0,0,0,5.30638,361,361,0,1,2.45175,2.45175,1830,367,0,1235,0,0,0,0,0,1337,1627.81,2.40137,3.52742,168488,8,29433,486,464433,32,117732,1944,32,4,644756,1319142,20632192,5276568,25908760,4,4,12,4,4,4,0,20,20,20260807,5,1,1,1,0,0,0,6647,0.276958,1,0.0015,0
3139,27422.2,12,0,2.38304,9.44108,0,0,0,11.8241,361,361,0,1,2.45175,2.45175,1830,367,0,1235,0,0,0,0,0,1337,1627.81,2.40137,3.52742,168488,8,29433,486,464433,32,117732,1944,32,4,644756,1319142,20632192,5276568,25908760,4,4,12,4,4,4,0,20,20,20260807,5,1,1,1,0,0,0,6647,0.276958,1,0.0015,0
3140,27427.3,5,0,2.06596,2.96837,0,0,0,5.03433,361,361,0,1,2.45175,2.45175,1830,367,0,1235,0,0,0,0,0,1337,1627.81,2.40137,3.52742,168488,8,29433,486,464433,32,117732,1944,32,4,644756,1319142,20632192,5276568,25908760,4,4,12,4,4,4,0,20,20,20260807,5,1,1,1,0,0,0,6647,0.276958,1,0.0015,0
3141,27437.4,10,0,2.32,7.64612,0,0,0,9.96612,361,361,0,1,2.45175,2.45175,1830,367,0,1235,0,0,0,0,0,1337,1627.81,2.40137,3.52742,168488,8,29433,486,464433,32,117732,1944,32,4,644756,1319142,20632192,5276568,25908760,4,4,12,4,4,4,0,20,20,20260807,5,1,1,1,0,0,0,6647,0.276958,1,0.0015,0
3142,27442.6,5,0,2.11687,2.98221,0,0,0,5.09908,361,361,0,1,2.45175,2.45175,1830,367,0,1235,0,0,0,0,0,1337,1627.81,2.40137,3.52742,168488,8,29433,486,464433,32,117732,1944,32,4,644756,1319142,20632192,5276568,25908760,4,4,12,4,4,4,0,20,20,20260807,5,1,1,1,0,0,0,6647,0.276958,1,0.0015,0
3143,27454.9,13,0,2.31667,9.94763,0,0,0,12.2643,361,361,0,1,2.45175,2.45175,1830,367,0,1235,0,0,0,0,0,1337,1627.81,2.40137,3.52742,168488,8,29433,486,464433,32,117732,1944,32,4,644756,1319142,20632192,5276568,25908760,4,4,12,4,4,4,0,20,20,20260807,5,1,1,1,0,0,0,6648,0.277,1,0.0015,1
3144,27460,5,0,2.12908,2.91787,0,0,0,5.04696,361,361,0,1,2.45175,2.45175,1830,367,0,1235,0,0,0,0,0,1337,1627.81,2.40137,3.52742,168488,8,29433,486,464433,32,117732,1944,32,4,644756,1319142,20632192,5276568,25908760,4,4,12,4,4,4,0,20,20,20260807,5,1,1,1,0,0,0,6648,0.277,1,0.0015,0
3145,27472,12,0,2.62267,9.21708,0,0,0,11.8398,361,361,0,1,2.45175,2.45175,1830,367,0,1235,0,0,0,0,0,1337,1627.81,2.40137,3.52742,168488,8,29433,486,464433,32,117732,1944,32,4,644756,1319142,20632192,5276568,25908760,4,4,12,4,4,4,0,20,20,20260807,5,1,1,1,0,0,0,6648,0.277,1,0.0015,0
3146,27477.9,6,0,2.07063,3.80583,0,0,0,5.87646,361,361,0,1,2.45175,2.45175,1830,367,0,1235,0,0,0,0,0,1337,1627.81,2.40137,3.52742,168488,8,29433,486,464433,32,117732,1944,32,4,644756,1319142,20632192,5276568,25908760,4,4,12,4,4,4,0,20,20,20260807,5,1,1,1,0,0,0,6648,0.277,1,0.0015,0
3147,27491,13,0,2.09775,10.8782,0,0,0,12.976,361,361,0,1,2.45175,2.45175,1830,367,0,1235,0,0,0,0,0,1337,1627.81,2.40137,3.52742,168488,8,29433,486,464433,32,117732,1944,32,4,644756,1319142,20632192,5276568,25908760,4,4,12,4,4,4,0,20,20,20260807,5,1,1,1,0,0,0,6648,0.277,1,0.0015,0
3148,27496.8,6,0,2.06246,3.68717,0,0,0,5.74962,361,361,0,1,2.45175,2.45175,1830,367,0,1235,0,0,0,0,0,1337,1627.81,2.40137,3.52742,168488,8,29433,486,464433,32,117732,1944,32,4,644756,1319142,20632192,5276568,25908760,4,4,12,4,4,4,0,20,20,20260807,5,1,1,1,0,0,0,6649,0.277042,1,0.0015,1
3149,27504.2,7,0,2.22063,5.11175,0,0,0,7.33237,361,361,0,1,2.45175,2.45175,1830,367,0,1235,0,0,0,0,0,1337,1627.81,2.40137,3.52742,168488,8,29433,486,464433,32,117732,1944,32,4,644756,1319142,20632192,5276568,25908760,4,4,12,4,4,4,0,20,20,20260807,5,1,1,1,0,0,0,6649,0.277042,1,0.0015,0
3150,27510,6,0,2.09142,3.5675,0,0,0,5.65892,361,361,0,1,2.45175,2.45175,1830,367,0,1235,0,0,0,0,0,1337,1627.81,2.40137,3.52742,168488,8,29433,486,464433,32,117732,1944,32,4,644756,1319142,20632192,5276568,25908760,4,4,12,4,4,4,0,20,20,20260807,5,1,1,1,0,0,0,6649,0.277042,1,0.0015,0
3151,27521,11,0,2.20633,8.75125,0,0,0,10.9576,361,361,0,1,2.45175,2.45175,1830,367,0,1235,0,0,0,0,0,1337,1627.81,2.40137,3.52742,168488,8,29433,486,464433,32,117732,1944,32,4,644756,1319142,20632192,5276568,25908760,4,4,12,4,4,4,0,20,20,20260807,5,1,1,1,0,0,0,6649,0.277042,1,0.0015,0
3152,27526.5,5,0,2.14038,3.27658,0,0,0,5.41696,361,361,0,1,2.45175,2.45175,1830,367,0,1235,0,0,0,0,0,1337,1627.81,2.40137,3.52742,168488,8,29433,486,464433,32,117732,1944,32,4,644756,1319142,20632192,5276568,25908760,4,4,12,4,4,4,0,20,20,20260807,5,1,1,1,0,0,0,6649,0.277042,1,0.0015,0
3153,27538.2,12,0,2.20192,9.44463,0,0,0,11.6465,361,361,0,1,2.45175,2.45175,1830,367,0,1235,0,0,0,0,0,1337,1627.81,2.40137,3.52742,168488,8,29433,486,464433,32,117732,1944,32,4,644756,1319142,20632192,5276568,25908760,4,4,12,4,4,4,0,20,20,20260807,5,1,1,1,0,0,0,6649,0.277042,1,0.0015,0
3154,27543.3,5,0,2.09371,2.84254,0,0,0,4.93625,361,361,0,1,2.45175,2.45175,1830,367,0,1235,0,0,0,0,0,1337,1627.81,2.40137,3.52742,168488,8,29433,486,464433,32,117732,1944,32,4,644756,1319142,20632192,5276568,25908760,4,4,12,4,4,4,0,20,20,20260807,5,1,1,1,0,0,0,6649,0.277042,1,0.0015,0
3155,27554.1,11,0,2.20038,8.564,0,0,0,10.7644,361,361,0,1,2.45175,2.45175,1830,367,0,1235,0,0,0,0,0,1337,1627.81,2.40137,3.52742,168488,8,29433,486,464433,32,117732,1944,32,4,644756,1319142,20632192,5276568,25908760,4,4,12,4,4,4,0,20,20,20260807,5,1,1,1,0,0,0,6650,0.277083,1,0.0015,1
3156,27563.1,9,0,2.08637,6.84483,0,0,0,8.93121,361,361,0,1,2.45175,2.45175,1830,367,0,1235,0,0,0,0,0,1337,1627.81,2.40137,3.52742,168488,8,29433,486,464433,32,117732,1944,32,4,644756,1319142,20632192,5276568,25908760,4,4,12,4,4,4,0,20,20,20260807,5,1,1,1,0,0,0,6650,0.277083,1,0.0015,0
3157,27570.8,8,0,2.07863,5.47371,0,0,0,7.55233,361,361,0,1,2.45175,2.45175,1830,367,0,1235,0,0,0,0,0,1337,1627.81,2.40137,3.52742,168488,8,29433,486,464433,32,117732,1944,32,4,644756,1319142,20632192,5276568,25908760,4,4,12,4,4,4,0,20,20,20260807,5,1,1,1,0,0,0,6650,0.277083,1,0.0015,0
3158,27576.9,6,0,2.02758,4.03692,0,0,0,6.0645,361,361,0,1,2.45175,2.45175,1830,367,0,1235,0,0,0,0,0,1337,1627.81,2.40137,3.52742,168488,8,29433,486,464433,32,117732,1944,32,4,644756,1319142,20632192,5276568,25908760,4,4,12,4,4,4,0,20,20,20260807,5,1,1,1,0,0,0,6650,0.277083,1,0.0015,0
3159,27587.6,10,0,2.21358,8.34275,0,0,0,10.5563,361,361,0,1,2.45175,2.45175,1830,367,0,1235,0,0,0,0,0,1337,1627.81,2.40137,3.52742,168488,8,29433,486,464433,32,117732,1944,32,4,644756,1319142,20632192,5276568,25908760,4,4,12,4,4,4,0,20,20,20260807,5,1,1,1,0,0,0,6650,0.277083,1,0.0015,0
3160,27595,8,0,2.07563,5.23925,0,0,0,7.31487,361,361,0,1,2.45175,2.45175,1830,367,0,1235,0,0,0,0,0,1337,1627.81,2.40137,3.52742,168488,8,29433,486,464433,32,117732,1944,32,4,644756,1319142,20632192,5276568,25908760,4,4,12,4,4,4,0,20,20,20260807,5,1,1,1,0,0,0,6650,0.277083,1,0.0015,0
3161,27604.1,9,0,2.13713,6.96771,0,0,0,9.10483,361,361,0,1,2.45175,2.45175,1830,367,0,1235,0,0,0,0,0,1337,1627.81,2.40137,3.52742,168488,8,29433,486,464433,32,117732,1944,32,4,644756,1319142,20632192,5276568,25908760,4,4,12,4,4,4,0,20,20,20260807,5,1,1,1,0,0,0,6651,0.277125,1,0.0015,1
3162,27610.2,6,0,2.06958,3.89254,0,0,0,5.96213,361,361,0,1,2.45175,2.45175,1830,367,0,1235,0,0,0,0,0,1337,1627.81,2.40137,3.52742,168488,8,29433,486,464433,32,117732,1944,32,4,644756,1319142,20632192,5276568,25908760,4,4,12,4,4,4,0,20,20,20260807,5,1,1,1,0,0,0,6651,0.277125,1,0.0015,0
3163,27620.9,11,0,2.26833,8.40771,0,0,0,10.676,361,361,0,1,2.45175,2.45175,1830,367,0,1235,0,0,0,0,0,1337,1627.81,2.40137,3.52742,168488,8,29433,486,464433,32,117732,1944,32,4,644756,1319142,20632192,5276568,25908760,4,4,12,4,4,4,0,20,20,20260807,5,1,1,1,0,0,0,6651,0.277125,1,0.0015,0
3164,27627.4,6,0,2.11346,4.21996,0,0,0,6.33342,361,361,0,1,2.45175,2.45175,1830,367,0,1235,0,0,0,0,0,1337,1627.81,2.40137,3.52742,168488,8,29433,486,464433,32,117732,1944,32,4,644756,1319142,20632192,5276568,25908760,4,4,12,4,4,4,0,20,20,20260807,5,1,1,1,0,0,0,6651,0.277125,1,0.0015,0
3165,27637.6,10,0,2.22388,7.90571,0,0,0,10.1296,361,361,0,1,2.45175,2.45175,1830,367,0,1235,0,0,0,0,0,1337,1627.81,2.40137,3.52742,168488,8,29433,486,464433,32,117732,1944,32,4,644756,1319142,20632192,5276568,25908760,4,4,12,4,4,4,0,20,20,20260807,5,1,1,1,0,0,0,6651,0.277125,1,0.0015,0
3166,27643.4,6,0,2.15371,3.62858,0,0,0,5.78229,361,361,0,1,2.45175,2.45175,1830,367,0,1235,0,0,0,0,0,1337,1627.81,2.40137,3.52742,168488,8,29433,486,464433,32,117732,1944,32,4,644756,1319142,20632192,5276568,25908760,4,4,12,4,4,4,0,20,20,20260807,5,1,1,1,0,0,0,6651,0.277125,1,0.0015,0
3167,27654.3,11,0,2.37629,8.366,0,0,0,10.7423,361,361,0,1,2.45175,2.45175,1830,367,0,1235,0,0,0,0,0,1337,1627.81,2.40137,3.52742,168488,8,29433,486,464433,32,117732,1944,32,4,644756,1319142,20632192,5276568,25908760,4,4,12,4,4,4,0,20,20,20260807,5,1,1,1,0,0,0,6652,0.277167,1,0.0015,1
3168,27660.8,7,0,2.07488,4.35642,0,0,0,6.43129,361,361,0,1,2.45175,2.45175,1830,367,0,1235,0,0,0,0,0,1337,1627.81,2.40137,3.52742,168488,8,29433,486,464433,32,117732,1944,32,4,644756,1319142,20632192,5276568,25908760,4,4,12,4,4,4,0,20,20,20260807,5,1,1,1,0,0,0,6652,0.277167,1,0.0015,0
3169,27670.8,10,0,2.13608,7.86217,0,0,0,9.99825,361,361,0,1,2.45175,2.45175,1830,367,0,1235,0,0,0,0,0,1337,1627.81,2.40137,3.52742,168488,8,29433,486,464433,32,117732,1944,32,4,644756,1319142,20632192,5276568,25908760,4,4,12,4,4,4,0,20,20,20260807,5,1,1,1,0,0,0,6652,0.277167,1,0.0015,0
3170,27676.8,6,0,2.0975,3.79937,0,0,0,5.89687,361,361,0,1,2.45175,2.45175,1830,367,0,1235,0,0,0,0,0,1337,1627.81,2.40137,3.52742,168488,8,29433,486,464433,32,117732,1944,32,4,644756,1319142,20632192,5276568,25908760,4,4,12,4,4,4,0,20,20,20260807,5,1,1,1,0,0,0,6652,0.277167,1,0.0015,0
3171,27687.6,10,0,2.34542,8.34567,0,0,0,10.6911,361,361,0,1,2.45175,2.45175,1830,367,0,1235,0,0,0,0,0,1337,1627.81,2.40137,3.52742,168488,8,29433,486,464433,32,117732,1944,32,4,644756,1319142,20632192,5276568,25908760,4,4,12,4,4,4,0,20,20,20260807,5,1,1,1,0,0,0,6652,0.277167,1,0.0015,0
3172,27693.5,6,0,2.10525,3.69183,0,0,0,5.79708,361,361,0,1,2.45175,2.45175,1830,367,0,1235,0,0,0,0,0,1337,1627.81,2.40137,3.52742,168488,8,29433,486,464433,32,117732,1944,32,4,644756,1319142,20632192,5276568,25908760,4,4,12,4,4,4,0,20,20,20260807,5,1,1,1,0,0,0,6652,0.277167,1,0.0015,0
3173,27704.4,11,0,2.26908,8.50662,0,0,0,10.7757,361,361,0,1,2.45175,2.45175,1830,367,0,1235,0,0,0,0,0,1337,1627.81,2.40137,3.52742,168488,8,29433,486,464433,32,117732,1944,32,4,644756,1319142,20632192,5276568,25908760,4,4,12,4,4,4,0,20,20,20260807,5,1,1,1,0,0,0,6653,0.277208,1,0.0015,1
3174,27711.2,7,0,2.24671,4.53175,0,0,0,6.77846,361,361,0,1,2.45175,2.45175,1830,367,0,1235,0,0,0,0,0,1337,1627.81,2.40137,3.52742,168488,8,29433,486,464433,32,117732,1944,32,4,644756,1319142,20632192,5276568,25908760,4,4,12,4,4,4,0,20,20,20260807,5,1,1,1,0,0,0,6653,0.277208,1,0.0015,0
3175,27721,10,0,2.13638,7.55367,0,0,0,9.69004,361,361,0,1,2.45175,2.45175,1830,367,0,1235,0,0,0,0,0,1337,1627.81,2.40137,3.52742,168488,8,29433,486,464433,32,117732,1944,32,4,644756,1319142,20632192,5276568,25908760,4,4,12,4,4,4,0,20,20,20260807,5,1,1,1,0,0,0,6653,0.277208,1,0.0015,0
3176,27727.5,6,0,2.08596,4.342,0,0,0,6.42796,361,361,0,1,2.45175,2.45175,1830,367,0,1235,0,0,0,0,0,1337,1627.81,2.40137,3.52742,168488,8,29433,486,464433,32,117732,1944,32,4,644756,1319142,20632192,5276568,25908760,4,4,12,4,4,4,0,20,20,20260807,5,1,1,1,0,0,0,6653,0.277208,1,0.0015,0
3177,27737.6,10,0,2.15933,7.82408,0,0,0,9.98342,361,361,0,1,2.45175,2.45175,1830,367,0,1235,0,0,0,0,0,1337,1627.81,2.40137,3.52742,168488,8,29433,486,464433,32,117732,1944,32,4,644756,1319142,20632192,5276568,25908760,4,4,12,4,4,4,0,20,20,20260807,5,1,1,1,0,0,0,6653,0.277208,1,0.0015,0
3178,27743.5,6,0,2.10487,3.79233,0,0,0,5.89721,361,361,0,1,2.45175,2.45175,1830,367,0,1235,0,0,0,0,0,1337,1627.81,2.40137,3.52742,168488,8,29433,486,464433,32,117732,1944,32,4,644756,1319142,20632192,5276568,25908760,4,4,12,4,4,4,0,20,20,20260807,5,1,1,1,0,0,0,6653,0.277208,1,0.0015,0
3179,27754.4,11,0,2.28533,8.53688,0,0,0,10.8222,361,361,0,1,2.45175,2.45175,1830,367,0,1235,0,0,0,0,0,1337,1627.81,2.40137,3.52742,168488,8,29433,486,464433,32,117732,1944,32,4,644756,1319142,20632192,5276568,25908760,4,4,12,4,4,4,0,20,20,20260807,5,1,1,1,0,0,0,6654,0.27725,1,0.0015,1
3180,27761.4,7,0,2.00983,4.9015,0,0,0,6.91133,361,361,0,1,2.45175,2.45175,1830,367,0,1235,0,0,0,0,0,1337,1627.81,2.40137,3.52742,168488,8,29433,486,464433,32,117732,1944,32,4,644756,1319142,20632192,5276568,25908760,4,4,12,4,4,4,0,20,20,20260807,5,1,1,1,0,0,0,6654,0.27725,1,0.0015,0
3181,27770.9,10,0,2.08146,7.25654,0,0,0,9.338,361,361,0,1,2.45175,2.45175,1830,367,0,1235,0,0,0,0,0,1337,1627.81,2.40137,3.52742,168488,8,29433,486,464433,32,117732,1944,32,4,644756,1319142,20632192,5276568,25908760,4,4,12,4,4,4,0,20,20,20260807,5,1,1,1,0,0,0,6654,0.27725,1,0.0015,0
3182,27776.3,5,0,2.13483,3.268,0,0,0,5.40283,361,361,0,1,2.45175,2.45175,1830,367,0,1235,0,0,0,0,0,1337,1627.81,2.40137,3.52742,168488,8,29433,486,464433,32,117732,1944,32,4,644756,1319142,20632192,5276568,25908760,4,4,12,4,4,4,0,20,20,20260807,5,1,1,1,0,0,0,6654,0.27725,1,0.0015,0
3183,27787.5,11,0,6.18983,4.91571,0,0,0,11.1055,361,361,0,1,2.45175,2.45175,1830,367,0,1235,0,0,0,0,0,1337,1627.81,2.40137,3.52742,168488,8,29433,486,464433,32,117732,1944,32,4,644756,1319142,20632192,5276568,25908760,4,4,12,4,4,4,0,20,20,20260807,5,1,1,1,0,0,0,6654,0.27725,1,0.0015,0
3184,27795,8,0,2.05833,5.28763,0,0,0,7.34596,361,361,0,1,2.45175,2.45175,1830,367,0,1235,0,0,0,0,0,1337,1627.81,2.40137,3.52742,168488,8,29433,486,464433,32,117732,1944,32,4,644756,1319142,20632192,5276568,25908760,4,4,12,4,4,4,0,20,20,20260807,5,1,1,1,0,0,0,6654,0.27725,1,0.0015,0
3185,27804.1,9,0,2.10421,6.96567,0,0,0,9.06987,361,361,0,1,2.45175,2.45175,1830,367,0,1235,0,0,0,0,0,1337,1627.81,2.40137,3.52742,168488,8,29433,486,464433,32,117732,1944,32,4,644756,1319142,20632192,5276568,25908760,4,4,12,4,4,4,0,20,20,20260807,5,1,1,1,0,0,0,6655,0.277292,1,0.0015,1
3186,27811.2,7,0,2.08925,4.91329,0,0,0,7.00254,361,361,0,1,2.45175,2.45175,1830,367,0,1235,0,0,0,0,0,1337,1627.81,2.40137,3.52742,168488,8,29433,486,464433,32,117732,1944,32,4,644756,1319142,20632192,5276568,25908760,4,4,12,4,4,4,0,20,20,20260807,5,1,1,1,0,0,0,6655,0.277292,1,0.0015,0
3187,27820.9,10,0,1.99946,7.55217,0,0,0,9.55162,361,361,0,1,2.45175,2.45175,1830,367,0,1235,0,0,0,0,0,1337,1627.81,2.40137,3.52742,168488,8,29433,486,464433,32,117732,1944,32,4,644756,1319142,20632192,5276568,25908760,4,4,12,4,4,4,0,20,20,20260807,5,1,1,1,0,0,0,6655,0.277292,1,0.0015,0
3188,27828.1,7,0,2.10529,5.05092,0,0,0,7.15621,361,361,0,1,2.45175,2.45175,1830,367,0,1235,0,0,0,0,0,1337,1627.81,2.40137,3.52742,168488,8,29433,486,464433,32,117732,1944,32,4,644756,1319142,20632192,5276568,25908760,4,4,12,4,4,4,0,20,20,20260807,5,1,1,1,0,0,0,6655,0.277292,1,0.0015,0
3189,27837.9,10,0,2.12479,7.57712,0,0,0,9.70192,361,361,0,1,2.45175,2.45175,1830,367,0,1235,0,0,0,0,0,1337,1627.81,2.40137,3.52742,168488,8,29433,486,464433,32,117732,1944,32,4,644756,1319142,20632192,5276568,25908760,4,4,12,4,4,4,0,20,20,20260807,5,1,1,1,0,0,0,6655,0.277292,1,0.0015,0
3190,27845,7,0,2.09258,4.96404,0,0,0,7.05663,361,361,0,1,2.45175,2.45175,1830,367,0,1235,0,0,0,0,0,1337,1627.81,2.40137,3.52742,168488,8,29433,486,464433,32,117732,1944,32,4,644756,1319142,20632192,5276568,25908760,4,4,12,4,4,4,0,20,20,20260807,5,1,1,1,0,0,0,6655,0.277292,1,0.0015,0
3191,27854.2,9,0,2.16458,6.92925,0,0,0,9.09383,361,361,0,1,2.45175,2.45175,1830,367,0,1235,0,0,0,0,0,1337,1627.81,2.40137,3.52742,168488,8,29433,486,464433,32,117732,1944,32,4,644756,1319142,20632192,5276568,25908760,4,4,12,4,4,4,0,20,20,20260807,5,1,1,1,0,0,0,6656,0.277333,1,0.0015,1
3192,27861.2,7,0,2.05317,4.89833,0,0,0,6.9515,361,361,0,1,2.45175,2.45175,1830,367,0,1235,0,0,0,0,0,1337,1627.81,2.40137,3.52742,168488,8,29433,486,464433,32,117732,1944,32,4,644756,1319142,20632192,5276568,25908760,4,4,12,4,4,4,0,20,20,20260807,5,1,1,1,0,0,0,6656,0.277333,1,0.0015,0
3193,27870.8,10,0,2.09917,7.33908,0,0,0,9.43825,361,361,0,1,2.45175,2.45175,1830,367,0,1235,0,0,0,0,0,1337,1627.81,2.40137,3.52742,168488,8,29433,486,464433,32,117732,1944,32,4,644756,1319142,20632192,5276568,25908760,4,4,12,4,4,4,0,20,20,20260807,5,1,1,1,0,0,0,6656,0.277333,1,0.0015,0
3194,27876.7,6,0,2.10379,3.73896,0,0,0,5.84275,361,361,0,1,2.45175,2.45175,1830,367,0,1235,0,0,0,0,0,1337,1627.81,2.40137,3.52742,168488,8,29433,486,464433,32,117732,1944,32,4,644756,1319142,20632192,5276568,25908760,4,4,12,4,4,4,0,20,20,20260807,5,1,1,1,0,0,0,6656,0.277333,1,0.0015,0
3195,27887.6,10,0,2.27888,8.53008,0,0,0,10.809,361,361,0,1,2.45175,2.45175,1830,367,0,1235,0,0,0,0,0,1337,1627.81,2.40137,3.52742,168488,8,29433,486,464433,32,117732,1944,32,4,644756,1319142,20632192,5276568,25908760,4,4,12,4,4,4,0,20,20,20260807,5,1,1,1,0,0,0,6656,0.277333,1,0.0015,0
3196,27894.4,7,0,2.11375,4.66633,0,0,0,6.78008,361,361,0,1,2.45175,2.45175,1830,367,0,1235,0,0,0,0,0,1337,1627.81,2.40137,3.52742,168488,8,29433,486,464433,32,117732,1944,32,4,644756,1319142,20632192,5276568,25908760,4,4,12,4,4,4,0,20,20,20260807,5,1,1,1,0,0,0,6656,0.277333,1,0.0015,0
3197,27911.3,17,0,2.17062,14.6297,0,0,0,16.8004,361,361,0,1,2.45175,2.45175,1830,367,0,1235,0,0,0,0,0,1337,1627.81,2.40137,3.52742,168488,8,29433,486,464433,32,117732,1944,32,4,644756,1319142,20632192,5276568,25908760,4,4,12,4,4,4,0,20,20,20260807,5,1,1,1,0,0,0,6657,0.277375,1,0.0015,1
3198,27922.2,11,0,2.1745,8.61475,0,0,0,10.7892,361,361,0,1,2.45175,2.45175,1830,367,0,1235,0,0,0,0,0,1337,1627.81,2.40137,3.52742,168488,8,29433,486,464433,32,117732,1944,32,4,644756,1319142,20632192,5276568,25908760,4,4,12,4,4,4,0,20,20,20260807,5,1,1,1,0,0,0,6657,0.277375,1,0.0015,0
3199,27927.3,5,0,2.04925,2.91904,0,0,0,4.96829,361,361,0,1,2.45175,2.45175,1830,367,0,1235,0,0,0,0,0,1337,1627.81,2.40137,3.52742,168488,8,29433,486,464433,32,117732,1944,32,4,644756,1319142,20632192,5276568,25908760,4,4,12,4,4,4,0,20,20,20260807,5,1,1,1,0,0,0,6657,0.277375,1,0.0015,0
3200,27937.6,10,0,2.20788,7.97312,0,0,0,10.181,361,361,0,1,2.45175,2.45175,1830,367,0,1235,0,0,0,0,0,1337,1627.81,2.40137,3.52742,168488,8,29433,486,464433,32,117732,1944,32,4,644756,1319142,20632192,5276568,25908760,4,4,12,4,4,4,0,20,20,20260807,5,1,1,1,0,0,0,6657,0.277375,1,0.0015,0
3201,27943.5,6,0,2.09483,3.724,0,0,0,5.81883,361,361,0,1,2.45175,2.45175,1830,367,0,1235,0,0,0,0,0,1337,1627.81,2.40137,3.52742,168488,8,29433,486,464433,32,117732,1944,32,4,644756,1319142,20632192,5276568,25908760,4,4,12,4,4,4,0,20,20,20260807,5,1,1,1,0,0,0,6657,0.277375,1,0.0015,0
3202,27954.2,11,0,2.75237,7.92112,0,0,0,10.6735,361,361,0,1,2.45175,2.45175,1830,367,0,1235,0,0,0,0,0,1337,1627.81,2.40137,3.52742,168488,8,29433,486,464433,32,117732,1944,32,4,644756,1319142,20632192,5276568,25908760,4,4,12,4,4,4,0,20,20,20260807,5,1,1,1,0,0,0,6658,0.277417,1,0.0015,1
3203,27961.2,7,0,2.07742,4.86113,0,0,0,6.93854,361,361,0,1,2.45175,2.45175,1830,367,0,1235,0,0,0,0,0,1337,1627.81,2.40137,3.52742,168488,8,29433,486,464433,32,117732,1944,32,4,644756,1319142,20632192,5276568,25908760,4,4,12,4,4,4,0,20,20,20260807,5,1,1,1,0,0,0,6658,0.277417,1,0.0015,0
3204,27970.9,10,0,2.05938,7.52817,0,0,0,9.58754,361,361,0,1,2.45175,2.45175,1830,367,0,1235,0,0,0,0,0,1337,1627.81,2.40137,3.52742,168488,8,29433,486,464433,32,117732,1944,32,4,644756,1319142,20632192,5276568,25908760,4,4,12,4,4,4,0,20,20,20260807,5,1,1,1,0,0,0,6658,0.277417,1,0.0015,0
3205,27976.8,6,0,2.09271,3.66796,0,0,0,5.76067,361,361,0,1,2.45175,2.45175,1830,367,0,1235,0,0,0,0,0,1337,1627.81,2.40137,3.52742,168488,8,29433,486,464433,32,117732,1944,32,4,644756,1319142,20632192,5276568,25908760,4,4,12,4,4,4,0,20,20,20260807,5,1,1,1,0,0,0,6658,0.277417,1,0.0015,0
3206,27987.7,10,0,2.45079,8.37371,0,0,0,10.8245,361,361,0,1,2.45175,2.45175,1830,367,0,1235,0,0,0,0,0,1337,1627.81,2.40137,3.52742,168488,8,29433,486,464433,32,117732,1944,32,4,644756,1319142,20632192,5276568,25908760,4,4,12,4,4,4,0,20,20,20260807,5,1,1,1,0,0,0,6658,0.277417,1,0.0015,0
3207,27994.2,7,0,2.02442,4.3805,0,0,0,6.40492,361,361,0,1,2.45175,2.45175,1830,367,0,1235,0,0,0,0,0,1337,1627.81,2.40137,3.52742,168488,8,29433,486,464433,32,117732,1944,32,4,644756,1319142,20632192,5276568,25908760,4,4,12,4,4,4,0,20,20,20260807,5,1,1,1,0,0,0,6658,0.277417,1,0.0015,0
3208,28004.3,10,0,2.20758,7.83746,0,0,0,10.045,361,361,0,1,2.45175,2.45175,1830,367,0,1235,0,0,0,0,0,1337,1627.81,2.40137,3.52742,168488,8,29433,486,464433,32,117732,1944,32,4,644756,1319142,20632192,5276568,25908760,4,4,12,4,4,4,0,20,20,20260807,5,1,1,1,0,0,0,6659,0.277458,1,0.0015,1
3209,28010.3,6,0,2.09454,3.79954,0,0,0,5.89408,361,361,0,1,2.45175,2.45175,1830,367,0,1235,0,0,0,0,0,1337,1627.81,2.40137,3.52742,168488,8,29433,486,464433,32,117732,1944,32,4,644756,1319142,20632192,5276568,25908760,4,4,12,4,4,4,0,20,20,20260807,5,1,1,1,0,0,0,6659,0.277458,1,0.0015,0
3210,28021,11,0,2.59854,8.01571,0,0,0,10.6143,361,361,0,1,2.45175,2.45175,1830,367,0,1235,0,0,0,0,0,1337,1627.81,2.40137,3.52742,168488,8,29433,486,464433,32,117732,1944,32,4,644756,1319142,20632192,5276568,25908760,4,4,12,4,4,4,0,20,20,20260807,5,1,1,1,0,0,0,6659,0.277458,1,0.0015,0
3211,28026.8,6,0,2.11083,3.60562,0,0,0,5.71646,361,361,0,1,2.45175,2.45175,1830,367,0,1235,0,0,0,0,0,1337,1627.81,2.40137,3.52742,168488,8,29433,486,464433,32,117732,1944,32,4,644756,1319142,20632192,5276568,25908760,4,4,12,4,4,4,0,20,20,20260807,5,1,1,1,0,0,0,6659,0.277458,1,0.0015,0
3212,28037.6,9,0,2.56971,8.17037,0,0,0,10.7401,361,361,0,1,2.45175,2.45175,1830,367,0,1235,0,0,0,0,0,1337,1627.81,2.40137,3.52742,168488,8,29433,486,464433,32,117732,1944,32,4,644756,1319142,20632192,5276568,25908760,4,4,12,4,4,4,0,20,20,20260807,5,1,1,1,0,0,0,6659,0.277458,1,0.0015,0
3213,28043.7,6,0,2.05817,3.91567,0,0,0,5.97383,361,361,0,1,2.45175,2.45175,1830,367,0,1235,0,0,0,0,0,1337,1627.81,2.40137,3.52742,168488,8,29433,486,464433,32,117732,1944,32,4,644756,1319142,20632192,5276568,25908760,4,4,12,4,4,4,0,20,20,20260807,5,1,1,1,0,0,0,6659,0.277458,1,0.0015,0
3214,28054.2,11,0,2.41325,8.06917,0,0,0,10.4824,361,361,0,1,2.45175,2.45175,1830,367,0,1235,0,0,0,0,0,1337,1627.81,2.40137,3.52742,168488,8,29433,486,464433,32,117732,1944,32,4,644756,1319142,20632192,5276568,25908760,4,4,12,4,4,4,0,20,20,20260807,5,1,1,1,0,0,0,6660,0.2775,1,0.0015,1
3215,28063.3,9,0,2.03883,6.92713,0,0,0,8.96596,361,361,0,1,2.45175,2.45175,1830,367,0,1235,0,0,0,0,0,1337,1627.81,2.40137,3.52742,168488,8,29433,486,464433,32,117732,1944,32,4,644756,1319142,20632192,5276568,25908760,4,4,12,4,4,4,0,20,20,20260807,5,1,1,1,0,0,0,6660,0.2775,1,0.0015,0
3216,28070.9,8,0,2.09333,5.43267,0,0,0,7.526,361,361,0,1,2.45175,2.45175,1830,367,0,1235,0,0,0,0,0,1337,1627.81,2.40137,3.52742,168488,8,29433,486,464433,32,117732,1944,32,4,644756,1319142,20632192,5276568,25908760,4,4,12,4,4,4,0,20,20,20260807,5,1,1,1,0,0,0,6660,0.2775,1,0.0015,0
3217,28076.9,6,0,2.06521,3.90325,0,0,0,5.96846,361,361,0,1,2.45175,2.45175,1830,367,0,1235,0,0,0,0,0,1337,1627.81,2.40137,3.52742,168488,8,29433,486,464433,32,117732,1944,32,4,644756,1319142,20632192,5276568,25908760,4,4,12,4,4,4,0,20,20,20260807,5,1,1,1,0,0,0,6660,0.2775,1,0.0015,0
3218,28087.6,10,0,2.27554,8.28254,0,0,0,10.5581,361,361,0,1,2.45175,2.45175,1830,367,0,1235,0,0,0,0,0,1337,1627.81,2.40137,3.52742,168488,8,29433,486,464433,32,117732,1944,32,4,644756,1319142,20632192,5276568,25908760,4,4,12,4,4,4,0,20,20,20260807,5,1,1,1,0,0,0,6660,0.2775,1,0.0015,0
3219,28094.8,8,0,2.097,4.98579,0,0,0,7.08279,361,361,0,1,2.45175,2.45175,1830,367,0,1235,0,0,0,0,0,1337,1627.81,2.40137,3.52742,168488,8,29433,486,464433,32,117732,1944,32,4,644756,1319142,20632192,5276568,25908760,4,4,12,4,4,4,0,20,20,20260807,5,1,1,1,0,0,0,6660,0.2775,1,0.0015,0
3220,28104.3,9,0,2.18417,7.28429,0,0,0,9.46846,361,361,0,1,2.45175,2.45175,1830,367,0,1235,0,0,0,0,0,1337,1627.81,2.40137,3.52742,168488,8,29433,486,464433,32,117732,1944,32,4,644756,1319142,20632192,5276568,25908760,4,4,12,4,4,4,0,20,20,20260807,5,1,1,1,0,0,0,6661,0.277542,1,0.0015,1
3221,28109.5,5,0,2.07283,3.02679,0,0,0,5.09962,361,361,0,1,2.45175,2.45175,1830,367,0,1235,0,0,0,0,0,1337,1627.81,2.40137,3.52742,168488,8,29433,486,464433,32,117732,1944,32,4,644756,1319142,20632192,5276568,25908760,4,4,12,4,4,4,0,20,20,20260807,5,1,1,1,0,0,0,6661,0.277542,1,0.0015,0
3222,28121.1,12,0,2.06413,9.41737,0,0,0,11.4815,361,361,0,1,2.45175,2.45175,1830,367,0,1235,0,0,0,0,0,1337,1627.81,2.40137,3.52742,168488,8,29433,486,464433,32,117732,1944,32,4,644756,1319142,20632192,5276568,25908760,4,4,12,4,4,4,0,20,20,20260807,5,1,1,1,0,0,0,6661,0.277542,1,0.0015,0
3223,28129,8,0,2.074,5.81004,0,0,0,7.88404,361,361,0,1,2.45175,2.45175,1830,367,0,1235,0,0,0,0,0,1337,1627.81,2.40137,3.52742,168488,8,29433,486,464433,32,117732,1944,32,4,644756,1319142,20632192,5276568,25908760,4,4,12,4,4,4,0,20,20,20260807,5,1,1,1,0,0,0,6661,0.277542,1,0.0015,0
3224,28137.5,8,0,2.12254,6.30717,0,0,0,8.42971,361,361,0,1,2.45175,2.45175,1830,367,0,1235,0,0,0,0,0,1337,1627.81,2.40137,3.52742,168488,8,29433,486,464433,32,117732,1944,32,4,644756,1319142,20632192,5276568,25908760,4,4,12,4,4,4,0,20,20,20260807,5,1,1,1,0,0,0,6661,0.277542,1,0.0015,0
3225,28143.4,6,0,2.12729,3.67758,0,0,0,5.80488,361,361,0,1,2.45175,2.45175,1830,367,0,1235,0,0,0,0,0,1337,1627.81,2.40137,3.52742,168488,8,29433,486,464433,32,117732,1944,32,4,644756,1319142,20632192,5276568,25908760,4,4,12,4,4,4,0,20,20,20260807,5,1,1,1,0,0,0,6661,0.277542,1,0.0015,0
3226,28154.2,11,0,3.85071,6.90183,0,0,0,10.7525,361,361,0,1,2.45175,2.45175,1830,367,0,1235,0,0,0,0,0,1337,1627.81,2.40137,3.52742,168488,8,29433,486,464433,32,117732,1944,32,4,644756,1319142,20632192,5276568,25908760,4,4,12,4,4,4,0,20,20,20260807,5,1,1,1,0,0,0,6662,0.277583,1,0.0015,1
3227,28160.9,7,0,2.07754,4.42017,0,0,0,6.49771,361,361,0,1,2.45175,2.45175,1830,367,0,1235,0,0,0,0,0,1337,1627.81,2.40137,3.52742,168488,8,29433,486,464433,32,117732,1944,32,4,644756,1319142,20632192,5276568,25908760,4,4,12,4,4,4,0,20,20,20260807,5,1,1,1,0,0,0,6662,0.277583,1,0.0015,0
3228,28170.8,10,0,2.17779,7.65137,0,0,0,9.82917,361,361,0,1,2.45175,2.45175,1830,367,0,1235,0,0,0,0,0,1337,1627.81,2.40137,3.52742,168488,8,29433,486,464433,32,117732,1944,32,4,644756,1319142,20632192,5276568,25908760,4,4,12,4,4,4,0,20,20,20260807,5,1,1,1,0,0,0,6662,0.277583,1,0.0015,0
3229,28176.9,6,0,2.09538,3.97313,0,0,0,6.0685,361,361,0,1,2.45175,2.45175,1830,367,0,1235,0,0,0,0,0,1337,1627.81,2.40137,3.52742,168488,8,29433,486,464433,32,117732,1944,32,4,644756,1319142,20632192,5276568,25908760,4,4,12,4,4,4,0,20,20,20260807,5,1,1,1,0,0,0,6662,0.277583,1,0.0015,0
3230,28187.7,11,0,2.82683,7.87521,0,0,0,10.702,361,361,0,1,2.45175,2.45175,1830,367,0,1235,0,0,0,0,0,1337,1627.81,2.40137,3.52742,168488,8,29433,486,464433,32,117732,1944,32,4,644756,1319142,20632192,5276568,25908760,4,4,12,4,4,4,0,20,20,20260807,5,1,1,1,0,0,0,6662,0.277583,1,0.0015,0
3231,28194.4,6,0,2.06979,4.49512,0,0,0,6.56492,361,361,0,1,2.45175,2.45175,1830,367,0,1235,0,0,0,0,0,1337,1627.81,2.40137,3.52742,168488,8,29433,486,464433,32,117732,1944,32,4,644756,1319142,20632192,5276568,25908760,4,4,12,4,4,4,0,20,20,20260807,5,1,1,1,0,0,0,6662,0.277583,1,0.0015,0
3232,28204.2,10,0,2.09479,7.60329,0,0,0,9.69808,361,361,0,1,2.45175,2.45175,1830,367,0,1235,0,0,0,0,0,1337,1627.81,2.40137,3.52742,168488,8,29433,486,464433,32,117732,1944,32,4,644756,1319142,20632192,5276568,25908760,4,4,12,4,4,4,0,20,20,20260807,5,1,1,1,0,0,0,6663,0.277625,1,0.0015,1
3233,28209.8,6,0,2.08267,3.46525,0,0,0,5.54792,361,361,0,1,2.45175,2.45175,1830,367,0,1235,0,0,0,0,0,1337,1627.81,2.40137,3.52742,168488,8,29433,486,464433,32,117732,1944,32,4,644756,1319142,20632192,5276568,25908760,4,4,12,4,4,4,0,20,20,20260807,5,1,1,1,0,0,0,6663,0.277625,1,0.0015,0
3234,28221,11,0,2.29017,8.90567,0,0,0,11.1958,361,361,0,1,2.45175,2.45175,1830,367,0,1235,0,0,0,0,0,1337,1627.81,2.40137,3.52742,168488,8,29433,486,464433,32,117732,1944,32,4,644756,1319142,20632192,5276568,25908760,4,4,12,4,4,4,0,20,20,20260807,5,1,1,1,0,0,0,6663,0.277625,1,0.0015,0
3235,28228.6,7,0,2.06092,5.38608,0,0,0,7.447,361,361,0,1,2.45175,2.45175,1830,367,0,1235,0,0,0,0,0,1337,1627.81,2.40137,3.52742,168488,8,29433,486,464433,32,117732,1944,32,4,644756,1319142,20632192,5276568,25908760,4,4,12,4,4,4,0,20,20,20260807,5,1,1,1,0,0,0,6663,0.277625,1,0.0015,0
3236,28237.7,9,0,2.06158,6.93379,0,0,0,8.99537,361,361,0,1,2.45175,2.45175,1830,367,0,1235,0,0,0,0,0,1337,1627.81,2.40137,3.52742,168488,8,29433,486,464433,32,117732,1944,32,4,644756,1319142,20632192,5276568,25908760,4,4,12,4,4,4,0,20,20,20260807,5,1,1,1,0,0,0,6663,0.277625,1,0.0015,0
3237,28243.5,6,0,2.04467,3.71654,0,0,0,5.76121,361,361,0,1,2.45175,2.45175,1830,367,0,1235,0,0,0,0,0,1337,1627.81,2.40137,3.52742,168488,8,29433,486,464433,32,117732,1944,32,4,644756,1319142,20632192,5276568,25908760,4,4,12,4,4,4,0,20,20,20260807,5,1,1,1,0,0,0,6663,0.277625,1,0.0015,0
3238,28254.4,11,0,2.27683,8.55025,0,0,0,10.8271,361,361,0,1,2.45175,2.45175,1830,367,0,1235,0,0,0,0,0,1337,1627.81,2.40137,3.52742,168488,8,29433,486,464433,32,117732,1944,32,4,644756,1319142,20632192,5276568,25908760,4,4,12,4,4,4,0,20,20,20260807,5,1,1,1,0,0,0,6664,0.277667,1,0.0015,1
3239,28261.5,7,0,2.12129,4.91329,0,0,0,7.03458,361,361,0,1,2.45175,2.45175,1830,367,0,1235,0,0,0,0,0,1337,1627.81,2.40137,3.52742,168488,8,29433,486,464433,32,117732,1944,32,4,644756,1319142,20632192,5276568,25908760,4,4,12,4,4,4,0,20,20,20260807,5,1,1,1,0,0,0,6664,0.277667,1,0.0015,0
3240,28272.9,12,0,2.15663,9.13987,0,0,0,11.2965,361,361,0,1,2.45175,2.45175,1830,367,0,1235,0,0,0,0,0,1337,1627.81,2.40137,3.52742,168488,8,29433,486,464433,32,117732,1944,32,4,644756,1319142,20632192,5276568,25908760,4,4,12,4,4,4,0,20,20,20260807,5,1,1,1,0,0,0,6664,0.277667,1,0.0015,0
3241,28282.4,9,0,2.13425,7.31471,0,0,0,9.44896,361,361,0,1,2.45175,2.45175,1830,367,0,1235,0,0,0,0,0,1337,1627.81,2.40137,3.52742,168488,8,29433,486,464433,32,117732,1944,32,4,644756,1319142,20632192,5276568,25908760,4,4,12,4,4,4,0,20,20,20260807,5,1,1,1,0,0,0,6664,0.277667,1,0.0015,0
3242,28287.4,6,0,2.03458,2.85525,0,0,0,4.88983,361,361,0,1,2.45175,2.45175,1830,367,0,1235,0,0,0,0,0,1337,1627.81,2.40137,3.52742,168488,8,29433,486,464433,32,117732,1944,32,4,644756,1319142,20632192,5276568,25908760,4,4,12,4,4,4,0,20,20,20260807,5,1,1,1,0,0,0,6664,0.277667,1,0.0015,0
3243,28293.7,7,0,2.20117,4.00175,0,0,0,6.20292,361,361,0,1,2.45175,2.45175,1830,367,0,1235,0,0,0,0,0,1337,1627.81,2.40137,3.52742,168488,8,29433,486,464433,32,117732,1944,32,4,644756,1319142,20632192,5276568,25908760,4,4,12,4,4,4,0,20,20,20260807,5,1,1,1,0,0,0,6664,0.277667,1,0.0015,0
3244,28304.3,10,0,2.07258,8.00104,0,0,0,10.0736,361,361,0,1,2.45175,2.45175,1830,367,0,1235,0,0,0,0,0,1337,1627.81,2.40137,3.52742,168488,8,29433,486,464433,32,117732,1944,32,4,644756,1319142,20632192,5276568,25908760,4,4,12,4,4,4,0,20,20,20260807,5,1,1,1,0,0,0,6665,0.277708,1,0.0015,1
3245,28310.3,6,0,2.13092,3.81954,0,0,0,5.95046,361,361,0,1,2.45175,2.45175,1830,367,0,1235,0,0,0,0,0,1337,1627.81,2.40137,3.52742,168488,8,29433,486,464433,32,117732,1944,32,4,644756,1319142,20632192,5276568,25908760,4,4,12,4,4,4,0,20,20,20260807,5,1,1,1,0,0,0,6665,0.277708,1,0.0015,0
3246,28320.9,11,0,2.31575,8.16621,0,0,0,10.482,361,361,0,1,2.45175,2.45175,1830,367,0,1235,0,0,0,0,0,1337,1627.81,2.40137,3.52742,168488,8,29433,486,464433,32,117732,1944,32,4,644756,1319142,20632192,5276568,25908760,4,4,12,4,4,4,0,20,20,20260807,5,1,1,1,0,0,0,6665,0.277708,1,0.0015,0
3247,28328.9,8,0,2.11625,5.81288,0,0,0,7.92912,361,361,0,1,2.45175,2.45175,1830,367,0,1235,0,0,0,0,0,1337,1627.81,2.40137,3.52742,168488,8,29433,486,464433,32,117732,1944,32,4,644756,1319142,20632192,5276568,25908760,4,4,12,4,4,4,0,20,20,20260807,5,1,1,1,0,0,0,6665,0.277708,1,0.0015,0
3248,28337.6,8,0,2.08421,6.50625,0,0,0,8.59046,361,361,0,1,2.45175,2.45175,1830,367,0,1235,0,0,0,0,0,1337,1627.81,2.40137,3.52742,168488,8,29433,486,464433,32,117732,1944,32,4,644756,1319142,20632192,5276568,25908760,4,4,12,4,4,4,0,20,20,20260807,5,1,1,1,0,0,0,6665,0.277708,1,0.0015,0
3249,28346.3,9,0,2.10096,6.53346,0,0,0,8.63442,361,361,0,1,2.45175,2.45175,1830,367,0,1235,0,0,0,0,0,1337,1627.81,2.40137,3.52742,168488,8,29433,486,464433,32,117732,1944,32,4,644756,1319142,20632192,5276568,25908760,4,4,12,4,4,4,0,20,20,20260807,5,1,1,1,0,0,0,6665,0.277708,1,0.0015,0
3250,28354.4,8,0,2.13683,5.91204,0,0,0,8.04888,361,361,0,1,2.45175,2.45175,1830,367,0,1235,0,0,0,0,0,1337,1627.81,2.40137,3.52742,168488,8,29433,486,464433,32,117732,1944,32,4,644756,1319142,20632192,5276568,25908760,4,4,12,4,4,4,0,20,20,20260807,5,1,1,1,0,0,0,6666,0.27775,1,0.0015,1
3251,28361.6,7,0,2.11075,4.96988,0,0,0,7.08063,361,361,0,1,2.45175,2.45175,1830,367,0,1235,0,0,0,0,0,1337,1627.81,2.40137,3.52742,168488,8,29433,486,464433,32,117732,1944,32,4,644756,1319142,20632192,5276568,25908760,4,4,12,4,4,4,0,20,20,20260807,5,1,1,1,0,0,0,6666,0.27775,1,0.0015,0
3252,28371.5,10,0,2.11488,7.76846,0,0,0,9.88333,361,361,0,1,2.45175,2.45175,1830,367,0,1235,0,0,0,0,0,1337,1627.81,2.40137,3.52742,168488,8,29433,486,464433,32,117732,1944,32,4,644756,1319142,20632192,5276568,25908760,4,4,12,4,4,4,0,20,20,20260807,5,1,1,1,0,0,0,6666,0.27775,1,0.0015,0
3253,28376.9,6,0,2.12138,3.21225,0,0,0,5.33362,361,361,0,1,2.45175,2.45175,1830,367,0,1235,0,0,0,0,0,1337,1627.81,2.40137,3.52742,168488,8,29433,486,464433,32,117732,1944,32,4,644756,1319142,20632192,5276568,25908760,4,4,12,4,4,4,0,20,20,20260807,5,1,1,1,0,0,0,6666,0.27775,1,0.0015,0
3254,28387.6,10,0,2.23254,8.33146,0,0,0,10.564,361,361,0,1,2.45175,2.45175,1830,367,0,1235,0,0,0,0,0,1337,1627.81,2.40137,3.52742,168488,8,29433,486,464433,32,117732,1944,32,4,644756,1319142,20632192,5276568,25908760,4,4,12,4,4,4,0,20,20,20260807,5,1,1,1,0,0,0,6666,0.27775,1,0.0015,0
3255,28394.1,7,0,2.07888,4.32067,0,0,0,6.39954,361,361,0,1,2.45175,2.45175,1830,367,0,1235,0,0,0,0,0,1337,1627.81,2.40137,3.52742,168488,8,29433,486,464433,32,117732,1944,32,4,644756,1319142,20632192,5276568,25908760,4,4,12,4,4,4,0,20,20,20260807,5,1,1,1,0,0,0,6666,0.27775,1,0.0015,0
3256,28404.3,10,0,2.19417,7.87542,0,0,0,10.0696,361,361,0,1,2.45175,2.45175,1830,367,0,1235,0,0,0,0,0,1337,1627.81,2.40137,3.52742,168488,8,29433,486,464433,32,117732,1944,32,4,644756,1319142,20632192,5276568,25908760,4,4,12,4,4,4,0,20,20,20260807,5,1,1,1,0,0,0,6667,0.277792,1,0.0015,1
3257,28410.4,6,0,2.08783,3.95775,0,0,0,6.04558,361,361,0,1,2.45175,2.45175,1830,367,0,1235,0,0,0,0,0,1337,1627.81,2.40137,3.52742,168488,8,29433,486,464433,32,117732,1944,32,4,644756,1319142,20632192,5276568,25908760,4,4,12,4,4,4,0,20,20,20260807,5,1,1,1,0,0,0,6667,0.277792,1,0.0015,0
3258,28421,11,0,2.23937,8.27033,0,0,0,10.5097,361,361,0,1,2.45175,2.45175,1830,367,0,1235,0,0,0,0,0,1337,1627.81,2.40137,3.52742,168488,8,29433,486,464433,32,117732,1944,32,4,644756,1319142,20632192,5276568,25908760,4,4,12,4,4,4,0,20,20,20260807,5,1,1,1,0,0,0,6667,0.277792,1,0.0015,0
3259,28427.6,6,0,2.06967,4.43458,0,0,0,6.50425,361,361,0,1,2.45175,2.45175,1830,367,0,1235,0,0,0,0,0,1337,1627.81,2.40137,3.52742,168488,8,29433,486,464433,32,117732,1944,32,4,644756,1319142,20632192,5276568,25908760,4,4,12,4,4,4,0,20,20,20260807,5,1,1,1,0,0,0,6667,0.277792,1,0.0015,0
3260,28438.2,11,0,2.22708,8.34992,0,0,0,10.577,361,361,0,1,2.45175,2.45175,1830,367,0,1235,0,0,0,0,0,1337,1627.81,2.40137,3.52742,168488,8,29433,486,464433,32,117732,1944,32,4,644756,1319142,20632192,5276568,25908760,4,4,12,4,4,4,0,20,20,20260807,5,1,1,1,0,0,0,6667,0.277792,1,0.0015,0
3261,28443.6,5,0,2.14154,3.18033,0,0,0,5.32188,361,361,0,1,2.45175,2.45175,1830,367,0,1235,0,0,0,0,0,1337,1627.81,2.40137,3.52742,168488,8,29433,486,464433,32,117732,1944,32,4,644756,1319142,20632192,5276568,25908760,4,4,12,4,4,4,0,20,20,20260807,5,1,1,1,0,0,0,6667,0.277792,1,0.0015,0
3262,28454.3,11,0,2.29792,8.28288,0,0,0,10.5808,361,361,0,1,2.45175,2.45175,1830,367,0,1235,0,0,0,0,0,1337,1627.81,2.40137,3.52742,168488,8,29433,486,464433,32,117732,1944,32,4,644756,1319142,20632192,5276568,25908760,4,4,12,4,4,4,0,20,20,20260807,5,1,1,1,0,0,0,6668,0.277833,1,0.0015,1
3263,28461.6,7,0,2.07512,5.20229,0,0,0,7.27742,361,361,0,1,2.45175,2.45175,1830,367,0,1235,0,0,0,0,0,1337,1627.81,2.40137,3.52742,168488,8,29433,486,464433,32,117732,1944,32,4,644756,1319142,20632192,5276568,25908760,4,4,12,4,4,4,0,20,20,20260807,5,1,1,1,0,0,0,6668,0.277833,1,0.0015,0
3264,28471,10,0,2.10092,7.17029,0,0,0,9.27121,361,361,0,1,2.45175,2.45175,1830,367,0,1235,0,0,0,0,0,1337,1627.81,2.40137,3.52742,168488,8,29433,486,464433,32,117732,1944,32,4,644756,1319142,20632192,5276568,25908760,4,4,12,4,4,4,0,20,20,20260807,5,1,1,1,0,0,0,6668,0.277833,1,0.0015,0
3265,28476.7,6,0,2.06325,3.59896,0,0,0,5.66221,361,361,0,1,2.45175,2.45175,1830,367,0,1235,0,0,0,0,0,1337,1627.81,2.40137,3.52742,168488,8,29433,486,464433,32,117732,1944,32,4,644756,1319142,20632192,5276568,25908760,4,4,12,4,4,4,0,20,20,20260807,5,1,1,1,0,0,0,6668,0.277833,1,0.0015,0
3266,28487.7,10,0,2.27033,8.58029,0,0,0,10.8506,361,361,0,1,2.45175,2.45175,1830,367,0,1235,0,0,0,0,0,1337,1627.81,2.40137,3.52742,168488,8,29433,486,464433,32,117732,1944,32,4,644756,1319142,20632192,5276568,25908760,4,4,12,4,4,4,0,20,20,20260807,5,1,1,1,0,0,0,6668,0.277833,1,0.0015,0
3267,28494.7,7,0,2.07117,4.86533,0,0,0,6.9365,361,361,0,1,2.45175,2.45175,1830,367,0,1235,0,0,0,0,0,1337,1627.81,2.40137,3.52742,168488,8,29433,486,464433,32,117732,1944,32,4,644756,1319142,20632192,5276568,25908760,4,4,12,4,4,4,0,20,20,20260807,5,1,1,1,0,0,0,6668,0.277833,1,0.0015,0
3268,28504.2,10,0,2.18412,7.25275,0,0,0,9.43688,361,361,0,1,2.45175,2.45175,1830,367,0,1235,0,0,0,0,0,1337,1627.81,2.40137,3.52742,168488,8,29433,486,464433,32,117732,1944,32,4,644756,1319142,20632192,5276568,25908760,4,4,12,4,4,4,0,20,20,20260807,5,1,1,1,0,0,0,6669,0.277875,1,0.0015,1
3269,28510.7,7,0,2.07433,4.35654,0,0,0,6.43088,361,361,0,1,2.45175,2.45175,1830,367,0,1235,0,0,0,0,0,1337,1627.81,2.40137,3.52742,168488,8,29433,486,464433,32,117732,1944,32,4,644756,1319142,20632192,5276568,25908760,4,4,12,4,4,4,0,20,20,20260807,5,1,1,1,0,0,0,6669,0.277875,1,0.0015,0
3270,28521.4,10,0,2.16887,8.36771,0,0,0,10.5366,361,361,0,1,2.45175,2.45175,1830,367,0,1235,0,0,0,0,0,1337,1627.81,2.40137,3.52742,168488,8,29433,486,464433,32,117732,1944,32,4,644756,1319142,20632192,5276568,25908760,4,4,12,4,4,4,0,20,20,20260807,5,1,1,1,0,0,0,6669,0.277875,1,0.0015,0
3271,28533.4,12,0,2.13517,9.83108,0,0,0,11.9663,361,361,0,1,2.45175,2.45175,1830,367,0,1235,0,0,0,0,0,1337,1627.81,2.40137,3.52742,168488,8,29433,486,464433,32,117732,1944,32,4,644756,1319142,20632192,5276568,25908760,4,4,12,4,4,4,0,20,20,20260807,5,1,1,1,0,0,0,6669,0.277875,1,0.0015,0
3272,28538.5,5,0,2.07517,2.95025,0,0,0,5.02542,361,361,0,1,2.45175,2.45175,1830,367,0,1235,0,0,0,0,0,1337,1627.81,2.40137,3.52742,168488,8,29433,486,464433,32,117732,1944,32,4,644756,1319142,20632192,5276568,25908760,4,4,12,4,4,4,0,20,20,20260807,5,1,1,1,0,0,0,6669,0.277875,1,0.0015,0
3273,28543.6,5,0,2.19492,2.79458,0,0,0,4.9895,361,361,0,1,2.45175,2.45175,1830,367,0,1235,0,0,0,0,0,1337,1627.81,2.40137,3.52742,168488,8,29433,486,464433,32,117732,1944,32,4,644756,1319142,20632192,5276568,25908760,4,4,12,4,4,4,0,20,20,20260807,5,1,1,1,0,0,0,6669,0.277875,1,0.0015,0
3274,28555.5,12,0,8.78042,3.00008,0,0,0,11.7805,361,361,0,1,2.45175,2.45175,1830,367,0,1235,0,0,0,0,0,1337,1627.81,2.40137,3.52742,168488,8,29433,486,464433,32,117732,1944,32,4,644756,1319142,20632192,5276568,25908760,4,4,12,4,4,4,0,20,20,20260807,5,1,1,1,0,0,0,6670,0.277917,1,0.0015,1
3275,28560.7,6,0,2.167,3.03883,0,0,0,5.20583,361,361,0,1,2.45175,2.45175,1830,367,0,1235,0,0,0,0,0,1337,1627.81,2.40137,3.52742,168488,8,29433,486,464433,32,117732,1944,32,4,644756,1319142,20632192,5276568,25908760,4,4,12,4,4,4,0,20,20,20260807,5,1,1,1,0,0,0,6670,0.277917,1,0.0015,0
3276,28570.8,10,0,2.38729,7.58162,0,0,0,9.96892,361,361,0,1,2.45175,2.45175,1830,367,0,1235,0,0,0,0,0,1337,1627.81,2.40137,3.52742,168488,8,29433,486,464433,32,117732,1944,32,4,644756,1319142,20632192,5276568,25908760,4,4,12,4,4,4,0,20,20,20260807,5,1,1,1,0,0,0,6670,0.277917,1,0.0015,0
3277,28578.6,6,0,2.00004,5.71775,0,0,0,7.71779,361,361,0,1,2.45175,2.45175,1830,367,0,1235,0,0,0,0,0,1337,1627.81,2.40137,3.52742,168488,8,29433,486,464433,32,117732,1944,32,4,644756,1319142,20632192,5276568,25908760,4,4,12,4,4,4,0,20,20,20260807,5,1,1,1,0,0,0,6670,0.277917,1,0.0015,0
3278,28587.8,11,0,2.06038,7.08046,0,0,0,9.14083,361,361,0,1,2.45175,2.45175,1830,367,0,1235,0,0,0,0,0,1337,1627.81,2.40137,3.52742,168488,8,29433,486,464433,32,117732,1944,32,4,644756,1319142,20632192,5276568,25908760,4,4,12,4,4,4,0,20,20,20260807,5,1,1,1,0,0,0,6670,0.277917,1,0.0015,0
3279,28594.8,7,0,2.06296,4.85979,0,0,0,6.92275,361,361,0,1,2.45175,2.45175,1830,367,0,1235,0,0,0,0,0,1337,1627.81,2.40137,3.52742,168488,8,29433,486,464433,32,117732,1944,32,4,644756,1319142,20632192,5276568,25908760,4,4,12,4,4,4,0,20,20,20260807,5,1,1,1,0,0,0,6670,0.277917,1,0.0015,0
3280,28604.9,10,0,2.16917,7.84804,0,0,0,10.0172,361,361,0,1,2.45175,2.45175,1830,367,0,1235,0,0,0,0,0,1337,1627.81,2.40137,3.52742,168488,8,29433,486,464433,32,117732,1944,32,4,644756,1319142,20632192,5276568,25908760,4,4,12,4,4,4,0,20,20,20260807,5,1,1,1,0,0,0,6671,0.277958,1,0.0015,1
3281,28610.3,5,0,2.11392,3.14979,0,0,0,5.26371,361,361,0,1,2.45175,2.45175,1830,367,0,1235,0,0,0,0,0,1337,1627.81,2.40137,3.52742,168488,8,29433,486,464433,32,117732,1944,32,4,644756,1319142,20632192,5276568,25908760,4,4,12,4,4,4,0,20,20,20260807,5,1,1,1,0,0,0,6671,0.277958,1,0.0015,0
3282,28621.1,11,0,2.20104,8.50617,0,0,0,10.7072,361,361,0,1,2.45175,2.45175,1830,367,0,1235,0,0,0,0,0,1337,1627.81,2.40137,3.52742,168488,8,29433,486,464433,32,117732,1944,32,4,644756,1319142,20632192,5276568,25908760,4,4,12,4,4,4,0,20,20,20260807,5,1,1,1,0,0,0,6671,0.277958,1,0.0015,0
3283,28628.5,7,0,2.08167,5.24017,0,0,0,7.32183,361,361,0,1,2.45175,2.45175,1830,367,0,1235,0,0,0,0,0,1337,1627.81,2.40137,3.52742,168488,8,29433,486,464433,32,117732,1944,32,4,644756,1319142,20632192,5276568,25908760,4,4,12,4,4,4,0,20,20,20260807,5,1,1,1,0,0,0,6671,0.277958,1,0.0015,0
3284,28638.2,10,0,2.01842,7.58767,0,0,0,9.60608,361,361,0,1,2.45175,2.45175,1830,367,0,1235,0,0,0,0,0,1337,1627.81,2.40137,3.52742,168488,8,29433,486,464433,32,117732,1944,32,4,644756,1319142,20632192,5276568,25908760,4,4,12,4,4,4,0,20,20,20260807,5,1,1,1,0,0,0,6671,0.277958,1,0.0015,0
3285,28643.6,5,0,2.05592,3.26225,0,0,0,5.31817,361,361,0,1,2.45175,2.45175,1830,367,0,1235,0,0,0,0,0,1337,1627.81,2.40137,3.52742,168488,8,29433,486,464433,32,117732,1944,32,4,644756,1319142,20632192,5276568,25908760,4,4,12,4,4,4,0,20,20,20260807,5,1,1,1,0,0,0,6671,0.277958,1,0.0015,0
3286,28654.4,11,0,2.18296,8.52996,0,0,0,10.7129,361,361,0,1,2.45175,2.45175,1830,367,0,1235,0,0,0,0,0,1337,1627.81,2.40137,3.52742,168488,8,29433,486,464433,32,117732,1944,32,4,644756,1319142,20632192,5276568,25908760,4,4,12,4,4,4,0,20,20,20260807,5,1,1,1,0,0,0,6672,0.278,1,0.0015,1
3287,28662.4,8,0,2.0965,5.79288,0,0,0,7.88938,361,361,0,1,2.45175,2.45175,1830,367,0,1235,0,0,0,0,0,1337,1627.81,2.40137,3.52742,168488,8,29433,486,464433,32,117732,1944,32,4,644756,1319142,20632192,5276568,25908760,4,4,12,4,4,4,0,20,20,20260807,5,1,1,1,0,0,0,6672,0.278,1,0.0015,0
3288,28671,9,0,2.07254,6.447,0,0,0,8.51954,361,361,0,1,2.45175,2.45175,1830,367,0,1235,0,0,0,0,0,1337,1627.81,2.40137,3.52742,168488,8,29433,486,464433,32,117732,1944,32,4,644756,1319142,20632192,5276568,25908760,4,4,12,4,4,4,0,20,20,20260807,5,1,1,1,0,0,0,6672,0.278,1,0.0015,0
3289,28677,6,0,2.11871,3.87725,0,0,0,5.99596,361,361,0,1,2.45175,2.45175,1830,367,0,1235,0,0,0,0,0,1337,1627.81,2.40137,3.52742,168488,8,29433,486,464433,32,117732,1944,32,4,644756,1319142,20632192,5276568,25908760,4,4,12,4,4,4,0,20,20,20260807,5,1,1,1,0,0,0,6672,0.278,1,0.0015,0
3290,28687.6,10,0,2.62025,7.86767,0,0,0,10.4879,361,361,0,1,2.45175,2.45175,1830,367,0,1235,0,0,0,0,0,1337,1627.81,2.40137,3.52742,168488,8,29433,486,464433,32,117732,1944,32,4,644756,1319142,20632192,5276568,25908760,4,4,12,4,4,4,0,20,20,20260807,5,1,1,1,0,0,0,6672,0.278,1,0.0015,0
3291,28693.7,7,0,2.09246,3.93367,0,0,0,6.02613,361,361,0,1,2.45175,2.45175,1830,367,0,1235,0,0,0,0,0,1337,1627.81,2.40137,3.52742,168488,8,29433,486,464433,32,117732,1944,32,4,644756,1319142,20632192,5276568,25908760,4,4,12,4,4,4,0,20,20,20260807,5,1,1,1,0,0,0,6672,0.278,1,0.0015,0
3292,28704.3,10,0,2.30046,8.22908,0,0,0,10.5295,361,361,0,1,2.45175,2.45175,1830,367,0,1235,0,0,0,0,0,1337,1627.81,2.40137,3.52742,168488,8,29433,486,464433,32,117732,1944,32,4,644756,1319142,20632192,5276568,25908760,4,4,12,4,4,4,0,20,20,20260807,5,1,1,1,0,0,0,6673,0.278042,1,0.0015,1
3293,28710.1,6,0,2.0455,3.69033,0,0,0,5.73583,361,361,0,1,2.45175,2.45175,1830,367,0,1235,0,0,0,0,0,1337,1627.81,2.40137,3.52742,168488,8,29433,486,464433,32,117732,1944,32,4,644756,1319142,20632192,5276568,25908760,4,4,12,4,4,4,0,20,20,20260807,5,1,1,1,0,0,0,6673,0.278042,1,0.0015,0
3294,28721,11,0,2.77258,8.05167,0,0,0,10.8242,361,361,0,1,2.45175,2.45175,1830,367,0,1235,0,0,0,0,0,1337,1627.81,2.40137,3.52742,168488,8,29433,486,464433,32,117732,1944,32,4,644756,1319142,20632192,5276568,25908760,4,4,12,4,4,4,0,20,20,20260807,5,1,1,1,0,0,0,6673,0.278042,1,0.0015,0
3295,28734.8,14,0,2.07054,11.6712,0,0,0,13.7417,361,361,0,1,2.45175,2.45175,1830,367,0,1235,0,0,0,0,0,1337,1627.81,2.40137,3.52742,168488,8,29433,486,464433,32,117732,1944,32,4,644756,1319142,20632192,5276568,25908760,4,4,12,4,4,4,0,20,20,20260807,5,1,1,1,0,0,0,6673,0.278042,1,0.0015,0
3296,28743.3,8,0,2.05063,6.27796,0,0,0,8.32858,361,361,0,1,2.45175,2.45175,1830,367,0,1235,0,0,0,0,0,1337,1627.81,2.40137,3.52742,168488,8,29433,486,464433,32,117732,1944,32,4,644756,1319142,20632192,5276568,25908760,4,4,12,4,4,4,0,20,20,20260807,5,1,1,1,0,0,0,6673,0.278042,1,0.0015,0
3297,28754.2,11,0,2.24425,8.64775,0,0,0,10.892,361,361,0,1,2.45175,2.45175,1830,367,0,1235,0,0,0,0,0,1337,1627.81,2.40137,3.52742,168488,8,29433,486,464433,32,117732,1944,32,4,644756,1319142,20632192,5276568,25908760,4,4,12,4,4,4,0,20,20,20260807,5,1,1,1,0,0,0,6674,0.278083,1,0.0015,1
3298,28760.1,6,0,2.10267,3.66779,0,0,0,5.77046,361,361,0,1,2.45175,2.45175,1830,367,0,1235,0,0,0,0,0,1337,1627.81,2.40137,3.52742,168488,8,29433,486,464433,32,117732,1944,32,4,644756,1319142,20632192,5276568,25908760,4,4,12,4,4,4,0,20,20,20260807,5,1,1,1,0,0,0,6674,0.278083,1,0.0015,0
3299,28771.6,11,0,2.23125,9.17058,0,0,0,11.4018,361,361,0,1,2.45175,2.45175,1830,367,0,1235,0,0,0,0,0,1337,1627.81,2.40137,3.52742,168488,8,29433,486,464433,32,117732,1944,32,4,644756,1319142,20632192,5276568,25908760,4,4,12,4,4,4,0,20,20,20260807,5,1,1,1,0,0,0,6674,0.278083,1,0.0015,0
3300,28776.8,6,0,2.23004,2.91329,0,0,0,5.14333,361,361,0,1,2.45175,2.45175,1830,367,0,1235,0,0,0,0,0,1337,1627.81,2.40137,3.52742,168488,8,29433,486,464433,32,117732,1944,32,4,644756,1319142,20632192,5276568,25908760,4,4,12,4,4,4,0,20,20,20260807,5,1,1,1,0,0,0,6674,0.278083,1,0.0015,0
3301,28787.6,10,0,2.35379,8.35246,0,0,0,10.7063,361,361,0,1,2.45175,2.45175,1830,367,0,1235,0,0,0,0,0,1337,1627.81,2.40137,3.52742,168488,8,29433,486,464433,32,117732,1944,32,4,644756,1319142,20632192,5276568,25908760,4,4,12,4,4,4,0,20,20,20260807,5,1,1,1,0,0,0,6674,0.278083,1,0.0015,0
3302,28794.2,7,0,2.10608,4.39821,0,0,0,6.50429,361,361,0,1,2.45175,2.45175,1830,367,0,1235,0,0,0,0,0,1337,1627.81,2.40137,3.52742,168488,8,29433,486,464433,32,117732,1944,32,4,644756,1319142,20632192,5276568,25908760,4,4,12,4,4,4,0,20,20,20260807,5,1,1,1,0,0,0,6674,0.278083,1,0.0015,0
3303,28804.7,10,0,2.17496,8.2215,0,0,0,10.3965,361,361,0,1,2.45175,2.45175,1830,367,0,1235,0,0,0,0,0,1337,1627.81,2.40137,3.52742,168488,8,29433,486,464433,32,117732,1944,32,4,644756,1319142,20632192,5276568,25908760,4,4,12,4,4,4,0,20,20,20260807,5,1,1,1,0,0,0,6675,0.278125,1,0.0015,1
3304,28810.4,6,0,2.20658,3.43679,0,0,0,5.64337,361,361,0,1,2.45175,2.45175,1830,367,0,1235,0,0,0,0,0,1337,1627.81,2.40137,3.52742,168488,8,29433,486,464433,32,117732,1944,32,4,644756,1319142,20632192,5276568,25908760,4,4,12,4,4,4,0,20,20,20260807,5,1,1,1,0,0,0,6675,0.278125,1,0.0015,0
3305,28820.9,11,0,2.391,8.019,0,0,0,10.41,361,361,0,1,2.45175,2.45175,1830,367,0,1235,0,0,0,0,0,1337,1627.81,2.40137,3.52742,168488,8,29433,486,464433,32,117732,1944,32,4,644756,1319142,20632192,5276568,25908760,4,4,12,4,4,4,0,20,20,20260807,5,1,1,1,0,0,0,6675,0.278125,1,0.0015,0
3306,28826.8,6,0,2.138,3.64858,0,0,0,5.78658,361,361,0,1,2.45175,2.45175,1830,367,0,1235,0,0,0,0,0,1337,1627.81,2.40137,3.52742,168488,8,29433,486,464433,32,117732,1944,32,4,644756,1319142,20632192,5276568,25908760,4,4,12,4,4,4,0,20,20,20260807,5,1,1,1,0,0,0,6675,0.278125,1,0.0015,0
3307,28837.6,10,0,2.27175,8.48113,0,0,0,10.7529,361,361,0,1,2.45175,2.45175,1830,367,0,1235,0,0,0,0,0,1337,1627.81,2.40137,3.52742,168488,8,29433,486,464433,32,117732,1944,32,4,644756,1319142,20632192,5276568,25908760,4,4,12,4,4,4,0,20,20,20260807,5,1,1,1,0,0,0,6675,0.278125,1,0.0015,0
3308,28843.4,6,0,2.13054,3.5025,0,0,0,5.63304,361,361,0,1,2.45175,2.45175,1830,367,0,1235,0,0,0,0,0,1337,1627.81,2.40137,3.52742,168488,8,29433,486,464433,32,117732,1944,32,4,644756,1319142,20632192,5276568,25908760,4,4,12,4,4,4,0,20,20,20260807,5,1,1,1,0,0,0,6675,0.278125,1,0.0015,0
3309,28854.3,11,0,2.2675,8.62621,0,0,0,10.8937,361,361,0,1,2.45175,2.45175,1830,367,0,1235,0,0,0,0,0,1337,1627.81,2.40137,3.52742,168488,8,29433,486,464433,32,117732,1944,32,4,644756,1319142,20632192,5276568,25908760,4,4,12,4,4,4,0,20,20,20260807,5,1,1,1,0,0,0,6676,0.278167,1,0.0015,1
3310,28860.4,6,0,2.09029,3.9455,0,0,0,6.03579,361,361,0,1,2.45175,2.45175,1830,367,0,1235,0,0,0,0,0,1337,1627.81,2.40137,3.52742,168488,8,29433,486,464433,32,117732,1944,32,4,644756,1319142,20632192,5276568,25908760,4,4,12,4,4,4,0,20,20,20260807,5,1,1,1,0,0,0,6676,0.278167,1,0.0015,0
3311,28870.8,11,0,2.14829,8.12175,0,0,0,10.27,361,361,0,1,2.45175,2.45175,1830,367,0,1235,0,0,0,0,0,1337,1627.81,2.40137,3.52742,168488,8,29433,486,464433,32,117732,1944,32,4,644756,1319142,20632192,5276568,25908760,4,4,12,4,4,4,0,20,20,20260807,5,1,1,1,0,0,0,6676,0.278167,1,0.0015,0
3312,28876.9,6,0,2.06854,3.89062,0,0,0,5.95917,361,361,0,1,2.45175,2.45175,1830,367,0,1235,0,0,0,0,0,1337,1627.81,2.40137,3.52742,168488,8,29433,486,464433,32,117732,1944,32,4,644756,1319142,20632192,5276568,25908760,4,4,12,4,4,4,0,20,20,20260807,5,1,1,1,0,0,0,6676,0.278167,1,0.0015,0
3313,28890.1,13,0,2.13104,10.6952,0,0,0,12.8262,361,361,0,1,2.45175,2.45175,1830,367,0,1235,0,0,0,0,0,1337,1627.81,2.40137,3.52742,168488,8,29433,486,464433,32,117732,1944,32,4,644756,1319142,20632192,5276568,25908760,4,4,12,4,4,4,0,20,20,20260807,5,1,1,1,0,0,0,6676,0.278167,1,0.0015,0
3314,28896.8,7,0,2.1325,4.47925,0,0,0,6.61175,361,361,0,1,2.45175,2.45175,1830,367,0,1235,0,0,0,0,0,1337,1627.81,2.40137,3.52742,168488,8,29433,486,464433,32,117732,1944,32,4,644756,1319142,20632192,5276568,25908760,4,4,12,4,4,4,0,20,20,20260807,5,1,1,1,0,0,0,6677,0.278208,1,0.0015,1
3315,28904.2,7,0,2.14525,5.26583,0,0,0,7.41108,361,361,0,1,2.45175,2.45175,1830,367,0,1235,0,0,0,0,0,1337,1627.81,2.40137,3.52742,168488,8,29433,486,464433,32,117732,1944,32,4,644756,1319142,20632192,5276568,25908760,4,4,12,4,4,4,0,20,20,20260807,5,1,1,1,0,0,0,6677,0.278208,1,0.0015,0
3316,28910.3,6,0,2.11017,3.90083,0,0,0,6.011,361,361,0,1,2.45175,2.45175,1830,367,0,1235,0,0,0,0,0,1337,1627.81,2.40137,3.52742,168488,8,29433,486,464433,32,117732,1944,32,4,644756,1319142,20632192,5276568,25908760,4,4,12,4,4,4,0,20,20,20260807,5,1,1,1,0,0,0,6677,0.278208,1,0.0015,0
3317,28923.7,14,0,2.25171,11.0395,0,0,0,13.2912,361,361,0,1,2.45175,2.45175,1830,367,0,1235,0,0,0,0,0,1337,1627.81,2.40137,3.52742,168488,8,29433,486,464433,32,117732,1944,32,4,644756,1319142,20632192,5276568,25908760,4,4,12,4,4,4,0,20,20,20260807,5,1,1,1,0,0,0,6677,0.278208,1,0.0015,0
3318,28929.4,5,0,2.10379,3.49554,0,0,0,5.59933,361,361,0,1,2.45175,2.45175,1830,367,0,1235,0,0,0,0,0,1337,1627.81,2.40137,3.52742,168488,8,29433,486,464433,32,117732,1944,32,4,644756,1319142,20632192,5276568,25908760,4,4,12,4,4,4,0,20,20,20260807,5,1,1,1,0,0,0,6677,0.278208,1,0.0015,0
3319,28937.6,8,0,2.06267,5.98333,0,0,0,8.046,361,361,0,1,2.45175,2.45175,1830,367,0,1235,0,0,0,0,0,1337,1627.81,2.40137,3.52742,168488,8,29433,486,464433,32,117732,1944,32,4,644756,1319142,20632192,5276568,25908760,4,4,12,4,4,4,0,20,20,20260807,5,1,1,1,0,0,0,6677,0.278208,1,0.0015,0
3320,28943.5,6,0,2.06629,3.78583,0,0,0,5.85213,361,361,0,1,2.45175,2.45175,1830,367,0,1235,0,0,0,0,0,1337,1627.81,2.40137,3.52742,168488,8,29433,486,464433,32,117732,1944,32,4,644756,1319142,20632192,5276568,25908760,4,4,12,4,4,4,0,20,20,20260807,5,1,1,1,0,0,0,6677,0.278208,1,0.0015,0
3321,28954.5,11,0,2.27646,8.63071,0,0,0,10.9072,361,361,0,1,2.45175,2.45175,1830,367,0,1235,0,0,0,0,0,1337,1627.81,2.40137,3.52742,168488,8,29433,486,464433,32,117732,1944,32,4,644756,1319142,20632192,5276568,25908760,4,4,12,4,4,4,0,20,20,20260807,5,1,1,1,0,0,0,6678,0.27825,1,0.0015,1
3322,28960.6,6,0,2.29571,3.72938,0,0,0,6.02508,361,361,0,1,2.45175,2.45175,1830,367,0,1235,0,0,0,0,0,1337,1627.81,2.40137,3.52742,168488,8,29433,486,464433,32,117732,1944,32,4,644756,1319142,20632192,5276568,25908760,4,4,12,4,4,4,0,20,20,20260807,5,1,1,1,0,0,0,6678,0.27825,1,0.0015,0
3323,28971,11,0,2.27692,8.01675,0,0,0,10.2937,361,361,0,1,2.45175,2.45175,1830,367,0,1235,0,0,0,0,0,1337,1627.81,2.40137,3.52742,168488,8,29433,486,464433,32,117732,1944,32,4,644756,1319142,20632192,5276568,25908760,4,4,12,4,4,4,0,20,20,20260807,5,1,1,1,0,0,0,6678,0.27825,1,0.0015,0
3324,28976.5,5,0,2.0975,3.34929,0,0,0,5.44679,361,361,0,1,2.45175,2.45175,1830,367,0,1235,0,0,0,0,0,1337,1627.81,2.40137,3.52742,168488,8,29433,486,464433,32,117732,1944,32,4,644756,1319142,20632192,5276568,25908760,4,4,12,4,4,4,0,20,20,20260807,5,1,1,1,0,0,0,6678,0.27825,1,0.0015,0
3325,28987.8,12,0,2.95237,8.20087,0,0,0,11.1532,361,361,0,1,2.45175,2.45175,1830,367,0,1235,0,0,0,0,0,1337,1627.81,2.40137,3.52742,168488,8,29433,486,464433,32,117732,1944,32,4,644756,1319142,20632192,5276568,25908760,4,4,12,4,4,4,0,20,20,20260807,5,1,1,1,0,0,0,6678,0.27825,1,0.0015,0
3326,28994.2,6,0,2.11608,4.21221,0,0,0,6.32829,361,361,0,1,2.45175,2.45175,1830,367,0,1235,0,0,0,0,0,1337,1627.81,2.40137,3.52742,168488,8,29433,486,464433,32,117732,1944,32,4,644756,1319142,20632192,5276568,25908760,4,4,12,4,4,4,0,20,20,20260807,5,1,1,1,0,0,0,6678,0.27825,1,0.0015,0
3327,29004.3,10,0,2.17096,7.857,0,0,0,10.028,361,361,0,1,2.45175,2.45175,1830,367,0,1235,0,0,0,0,0,1337,1627.81,2.40137,3.52742,168488,8,29433,486,464433,32,117732,1944,32,4,644756,1319142,20632192,5276568,25908760,4,4,12,4,4,4,0,20,20,20260807,5,1,1,1,0,0,0,6679,0.278292,1,0.0015,1
3328,29010.3,6,0,2.07508,3.82554,0,0,0,5.90062,361,361,0,1,2.45175,2.45175,1830,367,0,1235,0,0,0,0,0,1337,1627.81,2.40137,3.52742,168488,8,29433,486,464433,32,117732,1944,32,4,644756,1319142,20632192,5276568,25908760,4,4,12,4,4,4,0,20,20,20260807,5,1,1,1,0,0,0,6679,0.278292,1,0.0015,0
3329,29021.6,11,0,3.64046,7.579,0,0,0,11.2195,361,361,0,1,2.45175,2.45175,1830,367,0,1235,0,0,0,0,0,1337,1627.81,2.40137,3.52742,168488,8,29433,486,464433,32,117732,1944,32,4,644756,1319142,20632192,5276568,25908760,4,4,12,4,4,4,0,20,20,20260807,5,1,1,1,0,0,0,6679,0.278292,1,0.0015,0
3330,29028.5,7,0,2.10908,4.70542,0,0,0,6.8145,361,361,0,1,2.45175,2.45175,1830,367,0,1235,0,0,0,0,0,1337,1627.81,2.40137,3.52742,168488,8,29433,486,464433,32,117732,1944,32,4,644756,1319142,20632192,5276568,25908760,4,4,12,4,4,4,0,20,20,20260807,5,1,1,1,0,0,0,6679,0.278292,1,0.0015,0
3331,29037.6,8,0,2.04021,6.97933,0,0,0,9.01954,361,361,0,1,2.45175,2.45175,1830,367,0,1235,0,0,0,0,0,1337,1627.81,2.40137,3.52742,168488,8,29433,486,464433,32,117732,1944,32,4,644756,1319142,20632192,5276568,25908760,4,4,12,4,4,4,0,20,20,20260807,5,1,1,1,0,0,0,6679,0.278292,1,0.0015,0
3332,29042.8,6,0,2.13446,2.92629,0,0,0,5.06075,361,361,0,1,2.45175,2.45175,1830,367,0,1235,0,0,0,0,0,1337,1627.81,2.40137,3.52742,168488,8,29433,486,464433,32,117732,1944,32,4,644756,1319142,20632192,5276568,25908760,4,4,12,4,4,4,0,20,20,20260807,5,1,1,1,0,0,0,6679,0.278292,1,0.0015,0
3333,29054.2,11,0,2.18087,9.22075,0,0,0,11.4016,361,361,0,1,2.45175,2.45175,1830,367,0,1235,0,0,0,0,0,1337,1627.81,2.40137,3.52742,168488,8,29433,486,464433,32,117732,1944,32,4,644756,1319142,20632192,5276568,25908760,4,4,12,4,4,4,0,20,20,20260807,5,1,1,1,0,0,0,6680,0.278333,1,0.0015,1
3334,29063.1,9,0,2.1415,6.58229,0,0,0,8.72379,361,361,0,1,2.45175,2.45175,1830,367,0,1235,0,0,0,0,0,1337,1627.81,2.40137,3.52742,168488,8,29433,486,464433,32,117732,1944,32,4,644756,1319142,20632192,5276568,25908760,4,4,12,4,4,4,0,20,20,20260807,5,1,1,1,0,0,0,6680,0.278333,1,0.0015,0
3335,29071,8,0,2.06733,5.74838,0,0,0,7.81571,361,361,0,1,2.45175,2.45175,1830,367,0,1235,0,0,0,0,0,1337,1627.81,2.40137,3.52742,168488,8,29433,486,464433,32,117732,1944,32,4,644756,1319142,20632192,5276568,25908760,4,4,12,4,4,4,0,20,20,20260807,5,1,1,1,0,0,0,6680,0.278333,1,0.0015,0
3336,29076.4,5,0,2.09521,3.30713,0,0,0,5.40233,361,361,0,1,2.45175,2.45175,1830,367,0,1235,0,0,0,0,0,1337,1627.81,2.40137,3.52742,168488,8,29433,486,464433,32,117732,1944,32,4,644756,1319142,20632192,5276568,25908760,4,4,12,4,4,4,0,20,20,20260807,5,1,1,1,0,0,0,6680,0.278333,1,0.0015,0
3337,29087.7,12,0,2.2745,8.96,0,0,0,11.2345,361,361,0,1,2.45175,2.45175,1830,367,0,1235,0,0,0,0,0,1337,1627.81,2.40137,3.52742,168488,8,29433,486,464433,32,117732,1944,32,4,644756,1319142,20632192,5276568,25908760,4,4,12,4,4,4,0,20,20,20260807,5,1,1,1,0,0,0,6680,0.278333,1,0.0015,0
3338,29093.4,5,0,2.07538,3.46771,0,0,0,5.54308,361,361,0,1,2.45175,2.45175,1830,367,0,1235,0,0,0,0,0,1337,1627.81,2.40137,3.52742,168488,8,29433,486,464433,32,117732,1944,32,4,644756,1319142,20632192,5276568,25908760,4,4,12,4,4,4,0,20,20,20260807,5,1,1,1,0,0,0,6680,0.278333,1,0.0015,0
3339,29104.3,11,0,2.32342,8.55325,0,0,0,10.8767,361,361,0,1,2.45175,2.45175,1830,367,0,1235,0,0,0,0,0,1337,1627.81,2.40137,3.52742,168488,8,29433,486,464433,32,117732,1944,32,4,644756,1319142,20632192,5276568,25908760,4,4,12,4,4,4,0,20,20,20260807,5,1,1,1,0,0,0,6681,0.278375,1,0.0015,1
3340,29110.2,6,0,2.21925,3.61121,0,0,0,5.83046,361,361,0,1,2.45175,2.45175,1830,367,0,1235,0,0,0,0,0,1337,1627.81,2.40137,3.52742,168488,8,29433,486,464433,32,117732,1944,32,4,644756,1319142,20632192,5276568,25908760,4,4,12,4,4,4,0,20,20,20260807,5,1,1,1,0,0,0,6681,0.278375,1,0.0015,0
3341,29121.1,11,0,2.50029,8.25521,0,0,0,10.7555,361,361,0,1,2.45175,2.45175,1830,367,0,1235,0,0,0,0,0,1337,1627.81,2.40137,3.52742,168488,8,29433,486,464433,32,117732,1944,32,4,644756,1319142,20632192,5276568,25908760,4,4,12,4,4,4,0,20,20,20260807,5,1,1,1,0,0,0,6681,0.278375,1,0.0015,0
3342,29126.2,5,0,2.08929,2.92825,0,0,0,5.01754,361,361,0,1,2.45175,2.45175,1830,367,0,1235,0,0,0,0,0,1337,1627.81,2.40137,3.52742,168488,8,29433,486,464433,32,117732,1944,32,4,644756,1319142,20632192,5276568,25908760,4,4,12,4,4,4,0,20,20,20260807,5,1,1,1,0,0,0,6681,0.278375,1,0.0015,0
3343,29138.3,12,0,2.24467,9.77437,0,0,0,12.019,361,361,0,1,2.45175,2.45175,1830,367,0,1235,0,0,0,0,0,1337,1627.81,2.40137,3.52742,168488,8,29433,486,464433,32,117732,1944,32,4,644756,1319142,20632192,5276568,25908760,4,4,12,4,4,4,0,20,20,20260807,5,1,1,1,0,0,0,6681,0.278375,1,0.0015,0
3344,29143.6,5,0,2.00513,3.26538,0,0,0,5.2705,361,361,0,1,2.45175,2.45175,1830,367,0,1235,0,0,0,0,0,1337,1627.81,2.40137,3.52742,168488,8,29433,486,464433,32,117732,1944,32,4,644756,1319142,20632192,5276568,25908760,4,4,12,4,4,4,0,20,20,20260807,5,1,1,1,0,0,0,6681,0.278375,1,0.0015,0
3345,29155,12,0,6.17404,5.12392,0,0,0,11.298,361,361,0,1,2.45175,2.45175,1830,367,0,1235,0,0,0,0,0,1337,1627.81,2.40137,3.52742,168488,8,29433,486,464433,32,117732,1944,32,4,644756,1319142,20632192,5276568,25908760,4,4,12,4,4,4,0,20,20,20260807,5,1,1,1,0,0,0,6682,0.278417,1,0.0015,1
3346,29162.5,7,0,2.09504,5.33188,0,0,0,7.42692,361,361,0,1,2.45175,2.45175,1830,367,0,1235,0,0,0,0,0,1337,1627.81,2.40137,3.52742,168488,8,29433,486,464433,32,117732,1944,32,4,644756,1319142,20632192,5276568,25908760,4,4,12,4,4,4,0,20,20,20260807,5,1,1,1,0,0,0,6682,0.278417,1,0.0015,0
3347,29171.9,10,0,2.15646,7.14917,0,0,0,9.30562,361,361,0,1,2.45175,2.45175,1830,367,0,1235,0,0,0,0,0,1337,1627.81,2.40137,3.52742,168488,8,29433,486,464433,32,117732,1944,32,4,644756,1319142,20632192,5276568,25908760,4,4,12,4,4,4,0,20,20,20260807,5,1,1,1,0,0,0,6682,0.278417,1,0.0015,0
3348,29177.4,5,0,2.05754,3.37558,0,0,0,5.43313,361,361,0,1,2.45175,2.45175,1830,367,0,1235,0,0,0,0,0,1337,1627.81,2.40137,3.52742,168488,8,29433,486,464433,32,117732,1944,32,4,644756,1319142,20632192,5276568,25908760,4,4,12,4,4,4,0,20,20,20260807,5,1,1,1,0,0,0,6682,0.278417,1,0.0015,0
3349,29187.7,10,0,2.23033,7.9195,0,0,0,10.1498,361,361,0,1,2.45175,2.45175,1830,367,0,1235,0,0,0,0,0,1337,1627.81,2.40137,3.52742,168488,8,29433,486,464433,32,117732,1944,32,4,644756,1319142,20632192,5276568,25908760,4,4,12,4,4,4,0,20,20,20260807,5,1,1,1,0,0,0,6682,0.278417,1,0.0015,0
3350,29193.6,6,0,2.09771,3.76587,0,0,0,5.86358,361,361,0,1,2.45175,2.45175,1830,367,0,1235,0,0,0,0,0,1337,1627.81,2.40137,3.52742,168488,8,29433,486,464433,32,117732,1944,32,4,644756,1319142,20632192,5276568,25908760,4,4,12,4,4,4,0,20,20,20260807,5,1,1,1,0,0,0,6682,0.278417,1,0.0015,0
3351,29204.3,11,0,2.31754,8.30842,0,0,0,10.626,361,361,0,1,2.45175,2.45175,1830,367,0,1235,0,0,0,0,0,1337,1627.81,2.40137,3.52742,168488,8,29433,486,464433,32,117732,1944,32,4,644756,1319142,20632192,5276568,25908760,4,4,12,4,4,4,0,20,20,20260807,5,1,1,1,0,0,0,6683,0.278458,1,0.0015,1
3352,29213.1,9,0,4.12029,4.62921,0,0,0,8.7495,361,361,0,1,2.45175,2.45175,1830,367,0,1235,0,0,0,0,0,1337,1627.81,2.40137,3.52742,168488,8,29433,486,464433,32,117732,1944,32,4,644756,1319142,20632192,5276568,25908760,4,4,12,4,4,4,0,20,20,20260807,5,1,1,1,0,0,0,6683,0.278458,1,0.0015,0
3353,29223.7,11,0,2.14938,8.36133,0,0,0,10.5107,361,361,0,1,2.45175,2.45175,1830,367,0,1235,0,0,0,0,0,1337,1627.81,2.40137,3.52742,168488,8,29433,486,464433,32,117732,1944,32,4,644756,1319142,20632192,5276568,25908760,4,4,12,4,4,4,0,20,20,20260807,5,1,1,1,0,0,0,6683,0.278458,1,0.0015,0
3354,29229.7,6,0,2.13758,3.77042,0,0,0,5.908,361,361,0,1,2.45175,2.45175,1830,367,0,1235,0,0,0,0,0,1337,1627.81,2.40137,3.52742,168488,8,29433,486,464433,32,117732,1944,32,4,644756,1319142,20632192,5276568,25908760,4,4,12,4,4,4,0,20,20,20260807,5,1,1,1,0,0,0,6683,0.278458,1,0.0015,0
3355,29238.8,9,0,2.04287,6.933,0,0,0,8.97588,361,361,0,1,2.45175,2.45175,1830,367,0,1235,0,0,0,0,0,1337,1627.81,2.40137,3.52742,168488,8,29433,486,464433,32,117732,1944,32,4,644756,1319142,20632192,5276568,25908760,4,4,12,4,4,4,0,20,20,20260807,5,1,1,1,0,0,0,6683,0.278458,1,0.0015,0
3356,29244.3,5,0,2.22375,3.22996,0,0,0,5.45371,361,361,0,1,2.45175,2.45175,1830,367,0,1235,0,0,0,0,0,1337,1627.81,2.40137,3.52742,168488,8,29433,486,464433,32,117732,1944,32,4,644756,1319142,20632192,5276568,25908760,4,4,12,4,4,4,0,20,20,20260807,5,1,1,1,0,0,0,6683,0.278458,1,0.0015,0
3357,29255.1,11,0,2.74583,7.92175,0,0,0,10.6676,361,361,0,1,2.45175,2.45175,1830,367,0,1235,0,0,0,0,0,1337,1627.81,2.40137,3.52742,168488,8,29433,486,464433,32,117732,1944,32,4,644756,1319142,20632192,5276568,25908760,4,4,12,4,4,4,0,20,20,20260807,5,1,1,1,0,0,0,6684,0.2785,1,0.0015,1
3358,29263.7,9,0,4.66175,3.91279,0,0,0,8.57454,361,361,0,1,2.45175,2.45175,1830,367,0,1235,0,0,0,0,0,1337,1627.81,2.40137,3.52742,168488,8,29433,486,464433,32,117732,1944,32,4,644756,1319142,20632192,5276568,25908760,4,4,12,4,4,4,0,20,20,20260807,5,1,1,1,0,0,0,6684,0.2785,1,0.0015,0
3359,29273.4,9,0,2.18237,7.41142,0,0,0,9.59379,361,361,0,1,2.45175,2.45175,1830,367,0,1235,0,0,0,0,0,1337,1627.81,2.40137,3.52742,168488,8,29433,486,464433,32,117732,1944,32,4,644756,1319142,20632192,5276568,25908760,4,4,12,4,4,4,0,20,20,20260807,5,1,1,1,0,0,0,6684,0.2785,1,0.0015,0
3360,29279.6,6,0,2.41363,3.67867,0,0,0,6.09229,361,361,0,1,2.45175,2.45175,1830,367,0,1235,0,0,0,0,0,1337,1627.81,2.40137,3.52742,168488,8,29433,486,464433,32,117732,1944,32,4,644756,1319142,20632192,5276568,25908760,4,4,12,4,4,4,0,20,20,20260807,5,1,1,1,0,0,0,6684,0.2785,1,0.0015,0
3361,29288.7,11,0,2.22671,6.79975,0,0,0,9.02646,361,361,0,1,2.45175,2.45175,1830,367,0,1235,0,0,0,0,0,1337,1627.81,2.40137,3.52742,168488,8,29433,486,464433,32,117732,1944,32,4,644756,1319142,20632192,5276568,25908760,4,4,12,4,4,4,0,20,20,20260807,5,1,1,1,0,0,0,6684,0.2785,1,0.0015,0
3362,29295,6,0,2.12675,4.09571,0,0,0,6.22246,361,361,0,1,2.45175,2.45175,1830,367,0,1235,0,0,0,0,0,1337,1627.81,2.40137,3.52742,168488,8,29433,486,464433,32,117732,1944,32,4,644756,1319142,20632192,5276568,25908760,4,4,12,4,4,4,0,20,20,20260807,5,1,1,1,0,0,0,6685,0.278542,1,0.0015,1
3363,29306.4,11,0,2.37913,8.90646,0,0,0,11.2856,361,361,0,1,2.45175,2.45175,1830,367,0,1235,0,0,0,0,0,1337,1627.81,2.40137,3.52742,168488,8,29433,486,464433,32,117732,1944,32,4,644756,1319142,20632192,5276568,25908760,4,4,12,4,4,4,0,20,20,20260807,5,1,1,1,0,0,0,6685,0.278542,1,0.0015,0
3364,29312.4,6,0,2.20067,3.76321,0,0,0,5.96387,361,361,0,1,2.45175,2.45175,1830,367,0,1235,0,0,0,0,0,1337,1627.81,2.40137,3.52742,168488,8,29433,486,464433,32,117732,1944,32,4,644756,1319142,20632192,5276568,25908760,4,4,12,4,4,4,0,20,20,20260807,5,1,1,1,0,0,0,6685,0.278542,1,0.0015,0
3365,29321.4,9,0,2.68858,6.183,0,0,0,8.87158,361,361,0,1,2.45175,2.45175,1830,367,0,1235,0,0,0,0,0,1337,1627.81,2.40137,3.52742,168488,8,29433,486,464433,32,117732,1944,32,4,644756,1319142,20632192,5276568,25908760,4,4,12,4,4,4,0,20,20,20260807,5,1,1,1,0,0,0,6685,0.278542,1,0.0015,0
3366,29328.1,7,0,2.18279,4.44079,0,0,0,6.62358,361,361,0,1,2.45175,2.45175,1830,367,0,1235,0,0,0,0,0,1337,1627.81,2.40137,3.52742,168488,8,29433,486,464433,32,117732,1944,32,4,644756,1319142,20632192,5276568,25908760,4,4,12,4,4,4,0,20,20,20260807,5,1,1,1,0,0,0,6685,0.278542,1,0.0015,0
3367,29338.3,10,0,2.25567,7.83467,0,0,0,10.0903,361,361,0,1,2.45175,2.45175,1830,367,0,1235,0,0,0,0,0,1337,1627.81,2.40137,3.52742,168488,8,29433,486,464433,32,117732,1944,32,4,644756,1319142,20632192,5276568,25908760,4,4,12,4,4,4,0,20,20,20260807,5,1,1,1,0,0,0,6685,0.278542,1,0.0015,0
3368,29345.8,8,0,2.14317,5.31542,0,0,0,7.45858,361,361,0,1,2.45175,2.45175,1830,367,0,1235,0,0,0,0,0,1337,1627.81,2.40137,3.52742,168488,8,29433,486,464433,32,117732,1944,32,4,644756,1319142,20632192,5276568,25908760,4,4,12,4,4,4,0,20,20,20260807,5,1,1,1,0,0,0,6685,0.278542,1,0.0015,0
3369,29355.6,9,0,2.62387,7.13817,0,0,0,9.76204,361,361,0,1,2.45175,2.45175,1830,367,0,1235,0,0,0,0,0,1337,1627.81,2.40137,3.52742,168488,8,29433,486,464433,32,117732,1944,32,4,644756,1319142,20632192,5276568,25908760,4,4,12,4,4,4,0,20,20,20260807,5,1,1,1,0,0,0,6686,0.278583,1,0.0015,1
3370,29361.8,7,0,2.16179,3.85046,0,0,0,6.01225,361,361,0,1,2.45175,2.45175,1830,367,0,1235,0,0,0,0,0,1337,1627.81,2.40137,3.52742,168488,8,29433,486,464433,32,117732,1944,32,4,644756,1319142,20632192,5276568,25908760,4,4,12,4,4,4,0,20,20,20260807,5,1,1,1,0,0,0,6686,0.278583,1,0.0015,0
3371,29371,9,0,2.23167,6.78254,0,0,0,9.01421,361,361,0,1,2.45175,2.45175,1830,367,0,1235,0,0,0,0,0,1337,1627.81,2.40137,3.52742,168488,8,29433,486,464433,32,117732,1944,32,4,644756,1319142,20632192,5276568,25908760,4,4,12,4,4,4,0,20,20,20260807,5,1,1,1,0,0,0,6686,0.278583,1,0.0015,0
3372,29377.8,7,0,2.18108,4.52729,0,0,0,6.70838,361,361,0,1,2.45175,2.45175,1830,367,0,1235,0,0,0,0,0,1337,1627.81,2.40137,3.52742,168488,8,29433,486,464433,32,117732,1944,32,4,644756,1319142,20632192,5276568,25908760,4,4,12,4,4,4,0,20,20,20260807,5,1,1,1,0,0,0,6686,0.278583,1,0.0015,0
3373,29387.7,10,0,2.36942,7.5145,0,0,0,9.88392,361,361,0,1,2.45175,2.45175,1830,367,0,1235,0,0,0,0,0,1337,1627.81,2.40137,3.52742,168488,8,29433,486,464433,32,117732,1944,32,4,644756,1319142,20632192,5276568,25908760,4,4,12,4,4,4,0,20,20,20260807,5,1,1,1,0,0,0,6686,0.278583,1,0.0015,0
3374,29395.5,7,0,2.08792,5.63742,0,0,0,7.72533,361,361,0,1,2.45175,2.45175,1830,367,0,1235,0,0,0,0,0,1337,1627.81,2.40137,3.52742,168488,8,29433,486,464433,32,117732,1944,32,4,644756,1319142,20632192,5276568,25908760,4,4,12,4,4,4,0,20,20,20260807,5,1,1,1,0,0,0,6686,0.278583,1,0.0015,0
3375,29404.5,9,0,2.18771,6.70175,0,0,0,8.88946,361,361,0,1,2.45175,2.45175,1830,367,0,1235,0,0,0,0,0,1337,1627.81,2.40137,3.52742,168488,8,29433,486,464433,32,117732,1944,32,4,644756,1319142,20632192,5276568,25908760,4,4,12,4,4,4,0,20,20,20260807,5,1,1,1,0,0,0,6687,0.278625,1,0.0015,1
3376,29410.8,7,0,2.16533,4.03533,0,0,0,6.20067,361,361,0,1,2.45175,2.45175,1830,367,0,1235,0,0,0,0,0,1337,1627.81,2.40137,3.52742,168488,8,29433,486,464433,32,117732,1944,32,4,644756,1319142,20632192,5276568,25908760,4,4,12,4,4,4,0,20,20,20260807,5,1,1,1,0,0,0,6687,0.278625,1,0.0015,0
3377,29421.1,10,0,2.10492,8.05375,0,0,0,10.1587,361,361,0,1,2.45175,2.45175,1830,367,0,1235,0,0,0,0,0,1337,1627.81,2.40137,3.52742,168488,8,29433,486,464433,32,117732,1944,32,4,644756,1319142,20632192,5276568,25908760,4,4,12,4,4,4,0,20,20,20260807,5,1,1,1,0,0,0,6687,0.278625,1,0.0015,0
3378,29428,7,0,2.15054,4.64921,0,0,0,6.79975,361,361,0,1,2.45175,2.45175,1830,367,0,1235,0,0,0,0,0,1337,1627.81,2.40137,3.52742,168488,8,29433,486,464433,32,117732,1944,32,4,644756,1319142,20632192,5276568,25908760,4,4,12,4,4,4,0,20,20,20260807,5,1,1,1,0,0,0,6687,0.278625,1,0.0015,0
3379,29437.7,10,0,2.11296,7.56958,0,0,0,9.68254,361,361,0,1,2.45175,2.45175,1830,367,0,1235,0,0,0,0,0,1337,1627.81,2.40137,3.52742,168488,8,29433,486,464433,32,117732,1944,32,4,644756,1319142,20632192,5276568,25908760,4,4,12,4,4,4,0,20,20,20260807,5,1,1,1,0,0,0,6687,0.278625,1,0.0015,0
3380,29443.8,6,0,2.14146,3.81225,0,0,0,5.95371,361,361,0,1,2.45175,2.45175,1830,367,0,1235,0,0,0,0,0,1337,1627.81,2.40137,3.52742,168488,8,29433,486,464433,32,117732,1944,32,4,644756,1319142,20632192,5276568,25908760,4,4,12,4,4,4,0,20,20,20260807,5,1,1,1,0,0,0,6687,0.278625,1,0.0015,0
3381,29454.3,10,0,2.31142,8.17167,0,0,0,10.4831,361,361,0,1,2.45175,2.45175,1830,367,0,1235,0,0,0,0,0,1337,1627.81,2.40137,3.52742,168488,8,29433,486,464433,32,117732,1944,32,4,644756,1319142,20632192,5276568,25908760,4,4,12,4,4,4,0,20,20,20260807,5,1,1,1,0,0,0,6688,0.278667,1,0.0015,1
3382,29461,7,0,2.09267,4.49229,0,0,0,6.58496,361,361,0,1,2.45175,2.45175,1830,367,0,1235,0,0,0,0,0,1337,1627.81,2.40137,3.52742,168488,8,29433,486,464433,32,117732,1944,32,4,644756,1319142,20632192,5276568,25908760,4,4,12,4,4,4,0,20,20,20260807,5,1,1,1,0,0,0,6688,0.278667,1,0.0015,0
3383,29470.9,10,0,2.14621,7.67079,0,0,0,9.817,361,361,0,1,2.45175,2.45175,1830,367,0,1235,0,0,0,0,0,1337,1627.81,2.40137,3.52742,168488,8,29433,486,464433,32,117732,1944,32,4,644756,1319142,20632192,5276568,25908760,4,4,12,4,4,4,0,20,20,20260807,5,1,1,1,0,0,0,6688,0.278667,1,0.0015,0
3384,29477.1,6,0,2.1495,3.95954,0,0,0,6.10904,361,361,0,1,2.45175,2.45175,1830,367,0,1235,0,0,0,0,0,1337,1627.81,2.40137,3.52742,168488,8,29433,486,464433,32,117732,1944,32,4,644756,1319142,20632192,5276568,25908760,4,4,12,4,4,4,0,20,20,20260807,5,1,1,1,0,0,0,6688,0.278667,1,0.0015,0
3385,29487.7,11,0,2.27188,8.183,0,0,0,10.4549,361,361,0,1,2.45175,2.45175,1830,367,0,1235,0,0,0,0,0,1337,1627.81,2.40137,3.52742,168488,8,29433,486,464433,32,117732,1944,32,4,644756,1319142,20632192,5276568,25908760,4,4,12,4,4,4,0,20,20,20260807,5,1,1,1,0,0,0,6688,0.278667,1,0.0015,0
3386,29495.4,7,0,2.37817,5.25375,0,0,0,7.63192,361,361,0,1,2.45175,2.45175,1830,367,0,1235,0,0,0,0,0,1337,1627.81,2.40137,3.52742,168488,8,29433,486,464433,32,117732,1944,32,4,644756,1319142,20632192,5276568,25908760,4,4,12,4,4,4,0,20,20,20260807,5,1,1,1,0,0,0,6688,0.278667,1,0.0015,0
3387,29505.1,10,0,2.17521,7.48658,0,0,0,9.66179,361,361,0,1,2.45175,2.45175,1830,367,0,1235,0,0,0,0,0,1337,1627.81,2.40137,3.52742,168488,8,29433,486,464433,32,117732,1944,32,4,644756,1319142,20632192,5276568,25908760,4,4,12,4,4,4,0,20,20,20260807,5,1,1,1,0,0,0,6689,0.278708,1,0.0015,1
3388,29511.2,6,0,2.12358,3.86258,0,0,0,5.98617,361,361,0,1,2.45175,2.45175,1830,367,0,1235,0,0,0,0,0,1337,1627.81,2.40137,3.52742,168488,8,29433,486,464433,32,117732,1944,32,4,644756,1319142,20632192,5276568,25908760,4,4,12,4,4,4,0,20,20,20260807,5,1,1,1,0,0,0,6689,0.278708,1,0.0015,0
3389,29521,10,0,2.498,7.25312,0,0,0,9.75113,361,361,0,1,2.45175,2.45175,1830,367,0,1235,0,0,0,0,0,1337,1627.81,2.40137,3.52742,168488,8,29433,486,464433,32,117732,1944,32,4,644756,1319142,20632192,5276568,25908760,4,4,12,4,4,4,0,20,20,20260807,5,1,1,1,0,0,0,6689,0.278708,1,0.0015,0
3390,29527.7,7,0,2.13679,4.47571,0,0,0,6.6125,361,361,0,1,2.45175,2.45175,1830,367,0,1235,0,0,0,0,0,1337,1627.81,2.40137,3.52742,168488,8,29433,486,464433,32,117732,1944,32,4,644756,1319142,20632192,5276568,25908760,4,4,12,4,4,4,0,20,20,20260807,5,1,1,1,0,0,0,6689,0.278708,1,0.0015,0
3391,29537.6,9,0,2.23387,7.58967,0,0,0,9.82354,361,361,0,1,2.45175,2.45175,1830,367,0,1235,0,0,0,0,0,1337,1627.81,2.40137,3.52742,168488,8,29433,486,464433,32,117732,1944,32,4,644756,1319142,20632192,5276568,25908760,4,4,12,4,4,4,0,20,20,20260807,5,1,1,1,0,0,0,6689,0.278708,1,0.0015,0
3392,29543.5,6,0,2.17342,3.61579,0,0,0,5.78921,361,361,0,1,2.45175,2.45175,1830,367,0,1235,0,0,0,0,0,1337,1627.81,2.40137,3.52742,168488,8,29433,486,464433,32,117732,1944,32,4,644756,1319142,20632192,5276568,25908760,4,4,12,4,4,4,0,20,20,20260807,5,1,1,1,0,0,0,6689,0.278708,1,0.0015,0
3393,29554.9,12,0,2.31267,8.95363,0,0,0,11.2663,361,361,0,1,2.45175,2.45175,1830,367,0,1235,0,0,0,0,0,1337,1627.81,2.40137,3.52742,168488,8,29433,486,464433,32,117732,1944,32,4,644756,1319142,20632192,5276568,25908760,4,4,12,4,4,4,0,20,20,20260807,5,1,1,1,0,0,0,6690,0.27875,1,0.0015,1
3394,29561.6,6,0,2.17992,4.46063,0,0,0,6.64054,361,361,0,1,2.45175,2.45175,1830,367,0,1235,0,0,0,0,0,1337,1627.81,2.40137,3.52742,168488,8,29433,486,464433,32,117732,1944,32,4,644756,1319142,20632192,5276568,25908760,4,4,12,4,4,4,0,20,20,20260807,5,1,1,1,0,0,0,6690,0.27875,1,0.0015,0
3395,29571.1,10,0,2.04079,7.32204,0,0,0,9.36283,361,361,0,1,2.45175,2.45175,1830,367,0,1235,0,0,0,0,0,1337,1627.81,2.40137,3.52742,168488,8,29433,486,464433,32,117732,1944,32,4,644756,1319142,20632192,5276568,25908760,4,4,12,4,4,4,0,20,20,20260807,5,1,1,1,0,0,0,6690,0.27875,1,0.0015,0
3396,29577.9,7,0,2.1285,4.63012,0,0,0,6.75863,361,361,0,1,2.45175,2.45175,1830,367,0,1235,0,0,0,0,0,1337,1627.81,2.40137,3.52742,168488,8,29433,486,464433,32,117732,1944,32,4,644756,1319142,20632192,5276568,25908760,4,4,12,4,4,4,0,20,20,20260807,5,1,1,1,0,0,0,6690,0.27875,1,0.0015,0
3397,29587.8,10,0,2.09837,7.674,0,0,0,9.77238,361,361,0,1,2.45175,2.45175,1830,367,0,1235,0,0,0,0,0,1337,1627.81,2.40137,3.52742,168488,8,29433,486,464433,32,117732,1944,32,4,644756,1319142,20632192,5276568,25908760,4,4,12,4,4,4,0,20,20,20260807,5,1,1,1,0,0,0,6690,0.27875,1,0.0015,0
3398,29595.3,7,0,2.15971,5.35187,0,0,0,7.51158,361,361,0,1,2.45175,2.45175,1830,367,0,1235,0,0,0,0,0,1337,1627.81,2.40137,3.52742,168488,8,29433,486,464433,32,117732,1944,32,4,644756,1319142,20632192,5276568,25908760,4,4,12,4,4,4,0,20,20,20260807,5,1,1,1,0,0,0,6690,0.27875,1,0.0015,0
3399,29604.3,9,0,2.13187,6.76417,0,0,0,8.89604,361,361,0,1,2.45175,2.45175,1830,367,0,1235,0,0,0,0,0,1337,1627.81,2.40137,3.52742,168488,8,29433,486,464433,32,117732,1944,32,4,644756,1319142,20632192,5276568,25908760,4,4,12,4,4,4,0,20,20,20260807,5,1,1,1,0,0,0,6691,0.278792,1,0.0015,1
3400,29610.5,6,0,2.183,3.83692,0,0,0,6.01992,361,361,0,1,2.45175,2.45175,1830,367,0,1235,0,0,0,0,0,1337,1627.81,2.40137,3.52742,168488,8,29433,486,464433,32,117732,1944,32,4,644756,1319142,20632192,5276568,25908760,4,4,12,4,4,4,0,20,20,20260807,5,1,1,1,0,0,0,6691,0.278792,1,0.0015,0
3401,29621,11,0,2.4055,8.05104,0,0,0,10.4565,361,361,0,1,2.45175,2.45175,1830,367,0,1235,0,0,0,0,0,1337,1627.81,2.40137,3.52742,168488,8,29433,486,464433,32,117732,1944,32,4,644756,1319142,20632192,5276568,25908760,4,4,12,4,4,4,0,20,20,20260807,5,1,1,1,0,0,0,6691,0.278792,1,0.0015,0
3402,29628,7,0,2.14,4.74083,0,0,0,6.88083,361,361,0,1,2.45175,2.45175,1830,367,0,1235,0,0,0,0,0,1337,1627.81,2.40137,3.52742,168488,8,29433,486,464433,32,117732,1944,32,4,644756,1319142,20632192,5276568,25908760,4,4,12,4,4,4,0,20,20,20260807,5,1,1,1,0,0,0,6691,0.278792,1,0.0015,0
3403,29637.7,10,0,2.13096,7.56029,0,0,0,9.69125,361,361,0,1,2.45175,2.45175,1830,367,0,1235,0,0,0,0,0,1337,1627.81,2.40137,3.52742,168488,8,29433,486,464433,32,117732,1944,32,4,644756,1319142,20632192,5276568,25908760,4,4,12,4,4,4,0,20,20,20260807,5,1,1,1,0,0,0,6691,0.278792,1,0.0015,0
3404,29643.6,5,0,2.15638,3.66658,0,0,0,5.82296,361,361,0,1,2.45175,2.45175,1830,367,0,1235,0,0,0,0,0,1337,1627.81,2.40137,3.52742,168488,8,29433,486,464433,32,117732,1944,32,4,644756,1319142,20632192,5276568,25908760,4,4,12,4,4,4,0,20,20,20260807,5,1,1,1,0,0,0,6691,0.278792,1,0.0015,0
3405,29654.5,11,0,2.69296,8.04167,0,0,0,10.7346,361,361,0,1,2.45175,2.45175,1830,367,0,1235,0,0,0,0,0,1337,1627.81,2.40137,3.52742,168488,8,29433,486,464433,32,117732,1944,32,4,644756,1319142,20632192,5276568,25908760,4,4,12,4,4,4,0,20,20,20260807,5,1,1,1,0,0,0,6692,0.278833,1,0.0015,1
3406,29660.6,6,0,2.11813,3.90775,0,0,0,6.02588,361,361,0,1,2.45175,2.45175,1830,367,0,1235,0,0,0,0,0,1337,1627.81,2.40137,3.52742,168488,8,29433,486,464433,32,117732,1944,32,4,644756,1319142,20632192,5276568,25908760,4,4,12,4,4,4,0,20,20,20260807,5,1,1,1,0,0,0,6692,0.278833,1,0.0015,0
3407,29671,11,0,2.28183,8.0105,0,0,0,10.2923,361,361,0,1,2.45175,2.45175,1830,367,0,1235,0,0,0,0,0,1337,1627.81,2.40137,3.52742,168488,8,29433,486,464433,32,117732,1944,32,4,644756,1319142,20632192,5276568,25908760,4,4,12,4,4,4,0,20,20,20260807,5,1,1,1,0,0,0,6692,0.278833,1,0.0015,0
3408,29677.2,6,0,2.12446,3.91438,0,0,0,6.03883,361,361,0,1,2.45175,2.45175,1830,367,0,1235,0,0,0,0,0,1337,1627.81,2.40137,3.52742,168488,8,29433,486,464433,32,117732,1944,32,4,644756,1319142,20632192,5276568,25908760,4,4,12,4,4,4,0,20,20,20260807,5,1,1,1,0,0,0,6692,0.278833,1,0.0015,0
3409,29687.7,11,0,2.24004,8.22271,0,0,0,10.4627,361,361,0,1,2.45175,2.45175,1830,367,0,1235,0,0,0,0,0,1337,1627.81,2.40137,3.52742,168488,8,29433,486,464433,32,117732,1944,32,4,644756,1319142,20632192,5276568,25908760,4,4,12,4,4,4,0,20,20,20260807,5,1,1,1,0,0,0,6692,0.278833,1,0.0015,0
3410,29693.6,5,0,2.24175,3.57167,0,0,0,5.81342,361,361,0,1,2.45175,2.45175,1830,367,0,1235,0,0,0,0,0,1337,1627.81,2.40137,3.52742,168488,8,29433,486,464433,32,117732,1944,32,4,644756,1319142,20632192,5276568,25908760,4,4,12,4,4,4,0,20,20,20260807,5,1,1,1,0,0,0,6692,0.278833,1,0.0015,0
3411,29704.4,11,0,2.25479,8.46687,0,0,0,10.7217,361,361,0,1,2.45175,2.45175,1830,367,0,1235,0,0,0,0,0,1337,1627.81,2.40137,3.52742,168488,8,29433,486,464433,32,117732,1944,32,4,644756,1319142,20632192,5276568,25908760,4,4,12,4,4,4,0,20,20,20260807,5,1,1,1,0,0,0,6693,0.278875,1,0.0015,1
3412,29709.6,5,0,2.14646,2.93363,0,0,0,5.08008,361,361,0,1,2.45175,2.45175,1830,367,0,1235,0,0,0,0,0,1337,1627.81,2.40137,3.52742,168488,8,29433,486,464433,32,117732,1944,32,4,644756,1319142,20632192,5276568,25908760,4,4,12,4,4,4,0,20,20,20260807,5,1,1,1,0,0,0,6693,0.278875,1,0.0015,0
3413,29722,13,0,2.43012,9.89608,0,0,0,12.3262,361,361,0,1,2.45175,2.45175,1830,367,0,1235,0,0,0,0,0,1337,1627.81,2.40137,3.52742,168488,8,29433,486,464433,32,117732,1944,32,4,644756,1319142,20632192,5276568,25908760,4,4,12,4,4,4,0,20,20,20260807,5,1,1,1,0,0,0,6693,0.278875,1,0.0015,0
3414,29727.3,5,0,2.14158,3.05625,0,0,0,5.19783,361,361,0,1,2.45175,2.45175,1830,367,0,1235,0,0,0,0,0,1337,1627.81,2.40137,3.52742,168488,8,29433,486,464433,32,117732,1944,32,4,644756,1319142,20632192,5276568,25908760,4,4,12,4,4,4,0,20,20,20260807,5,1,1,1,0,0,0,6693,0.278875,1,0.0015,0
3415,29737.7,11,0,2.93783,7.39992,0,0,0,10.3377,361,361,0,1,2.45175,2.45175,1830,367,0,1235,0,0,0,0,0,1337,1627.81,2.40137,3.52742,168488,8,29433,486,464433,32,117732,1944,32,4,644756,1319142,20632192,5276568,25908760,4,4,12,4,4,4,0,20,20,20260807,5,1,1,1,0,0,0,6693,0.278875,1,0.0015,0
3416,29743.3,5,0,2.10779,3.36275,0,0,0,5.47054,361,361,0,1,2.45175,2.45175,1830,367,0,1235,0,0,0,0,0,1337,1627.81,2.40137,3.52742,168488,8,29433,486,464433,32,117732,1944,32,4,644756,1319142,20632192,5276568,25908760,4,4,12,4,4,4,0,20,20,20260807,5,1,1,1,0,0,0,6693,0.278875,1,0.0015,0
3417,29754.4,11,0,2.38992,8.70933,0,0,0,11.0992,361,361,0,1,2.45175,2.45175,1830,367,0,1235,0,0,0,0,0,1337,1627.81,2.40137,3.52742,168488,8,29433,486,464433,32,117732,1944,32,4,644756,1319142,20632192,5276568,25908760,4,4,12,4,4,4,0,20,20,20260807,5,1,1,1,0,0,0,6694,0.278917,1,0.0015,1
3418,29761,7,0,2.09204,4.35487,0,0,0,6.44692,361,361,0,1,2.45175,2.45175,1830,367,0,1235,0,0,0,0,0,1337,1627.81,2.40137,3.52742,168488,8,29433,486,464433,32,117732,1944,32,4,644756,1319142,20632192,5276568,25908760,4,4,12,4,4,4,0,20,20,20260807,5,1,1,1,0,0,0,6694,0.278917,1,0.0015,0
3419,29771,10,0,2.17137,7.76696,0,0,0,9.93833,361,361,0,1,2.45175,2.45175,1830,367,0,1235,0,0,0,0,0,1337,1627.81,2.40137,3.52742,168488,8,29433,486,464433,32,117732,1944,32,4,644756,1319142,20632192,5276568,25908760,4,4,12,4,4,4,0,20,20,20260807,5,1,1,1,0,0,0,6694,0.278917,1,0.0015,0
3420,29776.6,5,0,2.08692,3.40867,0,0,0,5.49558,361,361,0,1,2.45175,2.45175,1830,367,0,1235,0,0,0,0,0,1337,1627.81,2.40137,3.52742,168488,8,29433,486,464433,32,117732,1944,32,4,644756,1319142,20632192,5276568,25908760,4,4,12,4,4,4,0,20,20,20260807,5,1,1,1,0,0,0,6694,0.278917,1,0.0015,0
3421,29787.8,12,0,2.24417,8.89229,0,0,0,11.1365,361,361,0,1,2.45175,2.45175,1830,367,0,1235,0,0,0,0,0,1337,1627.81,2.40137,3.52742,168488,8,29433,486,464433,32,117732,1944,32,4,644756,1319142,20632192,5276568,25908760,4,4,12,4,4,4,0,20,20,20260807,5,1,1,1,0,0,0,6694,0.278917,1,0.0015,0
3422,29793.4,5,0,2.0605,3.49217,0,0,0,5.55267,361,361,0,1,2.45175,2.45175,1830,367,0,1235,0,0,0,0,0,1337,1627.81,2.40137,3.52742,168488,8,29433,486,464433,32,117732,1944,32,4,644756,1319142,20632192,5276568,25908760,4,4,12,4,4,4,0,20,20,20260807,5,1,1,1,0,0,0,6694,0.278917,1,0.0015,0
3423,29804.3,11,0,2.42021,8.33467,0,0,0,10.7549,361,361,0,1,2.45175,2.45175,1830,367,0,1235,0,0,0,0,0,1337,1627.81,2.40137,3.52742,168488,8,29433,486,464433,32,117732,1944,32,4,644756,1319142,20632192,5276568,25908760,4,4,12,4,4,4,0,20,20,20260807,5,1,1,1,0,0,0,6695,0.278958,1,0.0015,1
3424,29810.9,7,0,2.14858,4.37713,0,0,0,6.52571,361,361,0,1,2.45175,2.45175,1830,367,0,1235,0,0,0,0,0,1337,1627.81,2.40137,3.52742,168488,8,29433,486,464433,32,117732,1944,32,4,644756,1319142,20632192,5276568,25908760,4,4,12,4,4,4,0,20,20,20260807,5,1,1,1,0,0,0,6695,0.278958,1,0.0015,0
3425,29822,11,0,2.42062,8.65342,0,0,0,11.074,361,361,0,1,2.45175,2.45175,1830,367,0,1235,0,0,0,0,0,1337,1627.81,2.40137,3.52742,168488,8,29433,486,464433,32,117732,1944,32,4,644756,1319142,20632192,5276568,25908760,4,4,12,4,4,4,0,20,20,20260807,5,1,1,1,0,0,0,6695,0.278958,1,0.0015,0
3426,29827.1,5,0,2.07187,2.93375,0,0,0,5.00563,361,361,0,1,2.45175,2.45175,1830,367,0,1235,0,0,0,0,0,1337,1627.81,2.40137,3.52742,168488,8,29433,486,464433,32,117732,1944,32,4,644756,1319142,20632192,5276568,25908760,4,4,12,4,4,4,0,20,20,20260807,5,1,1,1,0,0,0,6695,0.278958,1,0.0015,0
3427,29837.5,10,0,2.40204,7.88896,0,0,0,10.291,361,361,0,1,2.45175,2.45175,1830,367,0,1235,0,0,0,0,0,1337,1627.81,2.40137,3.52742,168488,8,29433,486,464433,32,117732,1944,32,4,644756,1319142,20632192,5276568,25908760,4,4,12,4,4,4,0,20,20,20260807,5,1,1,1,0,0,0,6695,0.278958,1,0.0015,0
3428,29843.3,6,0,2.0515,3.68958,0,0,0,5.74108,361,361,0,1,2.45175,2.45175,1830,367,0,1235,0,0,0,0,0,1337,1627.81,2.40137,3.52742,168488,8,29433,486,464433,32,117732,1944,32,4,644756,1319142,20632192,5276568,25908760,4,4,12,4,4,4,0,20,20,20260807,5,1,1,1,0,0,0,6695,0.278958,1,0.0015,0
3429,29854.4,11,0,2.21796,8.79012,0,0,0,11.0081,361,361,0,1,2.45175,2.45175,1830,367,0,1235,0,0,0,0,0,1337,1627.81,2.40137,3.52742,168488,8,29433,486,464433,32,117732,1944,32,4,644756,1319142,20632192,5276568,25908760,4,4,12,4,4,4,0,20,20,20260807,5,1,1,1,0,0,0,6696,0.279,1,0.0015,1
3430,29860.4,6,0,2.07425,3.80275,0,0,0,5.877,361,361,0,1,2.45175,2.45175,1830,367,0,1235,0,0,0,0,0,1337,1627.81,2.40137,3.52742,168488,8,29433,486,464433,32,117732,1944,32,4,644756,1319142,20632192,5276568,25908760,4,4,12,4,4,4,0,20,20,20260807,5,1,1,1,0,0,0,6696,0.279,1,0.0015,0
3431,29871,11,0,2.257,8.34342,0,0,0,10.6004,361,361,0,1,2.45175,2.45175,1830,367,0,1235,0,0,0,0,0,1337,1627.81,2.40137,3.52742,168488,8,29433,486,464433,32,117732,1944,32,4,644756,1319142,20632192,5276568,25908760,4,4,12,4,4,4,0,20,20,20260807,5,1,1,1,0,0,0,6696,0.279,1,0.0015,0
3432,29876.7,6,0,2.17333,3.38683,0,0,0,5.56017,361,361,0,1,2.45175,2.45175,1830,367,0,1235,0,0,0,0,0,1337,1627.81,2.40137,3.52742,168488,8,29433,486,464433,32,117732,1944,32,4,644756,1319142,20632192,5276568,25908760,4,4,12,4,4,4,0,20,20,20260807,5,1,1,1,0,0,0,6696,0.279,1,0.0015,0
3433,29887.7,11,0,2.22971,8.74737,0,0,0,10.9771,361,361,0,1,2.45175,2.45175,1830,367,0,1235,0,0,0,0,0,1337,1627.81,2.40137,3.52742,168488,8,29433,486,464433,32,117732,1944,32,4,644756,1319142,20632192,5276568,25908760,4,4,12,4,4,4,0,20,20,20260807,5,1,1,1,0,0,0,6696,0.279,1,0.0015,0
3434,29894.8,7,0,2.09262,4.86383,0,0,0,6.95646,361,361,0,1,2.45175,2.45175,1830,367,0,1235,0,0,0,0,0,1337,1627.81,2.40137,3.52742,168488,8,29433,486,464433,32,117732,1944,32,4,644756,1319142,20632192,5276568,25908760,4,4,12,4,4,4,0,20,20,20260807,5,1,1,1,0,0,0,6696,0.279,1,0.0015,0
3435,29904.2,9,0,2.1715,7.18571,0,0,0,9.35721,361,361,0,1,2.45175,2.45175,1830,367,0,1235,0,0,0,0,0,1337,1627.81,2.40137,3.52742,168488,8,29433,486,464433,32,117732,1944,32,4,644756,1319142,20632192,5276568,25908760,4,4,12,4,4,4,0,20,20,20260807,5,1,1,1,0,0,0,6697,0.279042,1,0.0015,1
3436,29910.4,6,0,2.03154,4.10337,0,0,0,6.13492,361,361,0,1,2.45175,2.45175,1830,367,0,1235,0,0,0,0,0,1337,1627.81,2.40137,3.52742,168488,8,29433,486,464433,32,117732,1944,32,4,644756,1319142,20632192,5276568,25908760,4,4,12,4,4,4,0,20,20,20260807,5,1,1,1,0,0,0,6697,0.279042,1,0.0015,0
3437,29927.4,17,0,2.1655,14.6506,0,0,0,16.8161,361,361,0,1,2.45175,2.45175,1830,367,0,1235,0,0,0,0,0,1337,1627.81,2.40137,3.52742,168488,8,29433,486,464433,32,117732,1944,32,4,644756,1319142,20632192,5276568,25908760,4,4,12,4,4,4,0,20,20,20260807,5,1,1,1,0,0,0,6697,0.279042,1,0.0015,0
3438,29937.8,11,0,2.19375,8.17771,0,0,0,10.3715,361,361,0,1,2.45175,2.45175,1830,367,0,1235,0,0,0,0,0,1337,1627.81,2.40137,3.52742,168488,8,29433,486,464433,32,117732,1944,32,4,644756,1319142,20632192,5276568,25908760,4,4,12,4,4,4,0,20,20,20260807,5,1,1,1,0,0,0,6697,0.279042,1,0.0015,0
3439,29943.7,6,0,2.14379,3.65921,0,0,0,5.803,361,361,0,1,2.45175,2.45175,1830,367,0,1235,0,0,0,0,0,1337,1627.81,2.40137,3.52742,168488,8,29433,486,464433,32,117732,1944,32,4,644756,1319142,20632192,5276568,25908760,4,4,12,4,4,4,0,20,20,20260807,5,1,1,1,0,0,0,6697,0.279042,1,0.0015,0
3440,29954.4,10,0,2.34096,8.27421,0,0,0,10.6152,361,361,0,1,2.45175,2.45175,1830,367,0,1235,0,0,0,0,0,1337,1627.81,2.40137,3.52742,168488,8,29433,486,464433,32,117732,1944,32,4,644756,1319142,20632192,5276568,25908760,4,4,12,4,4,4,0,20,20,20260807,5,1,1,1,0,0,0,6698,0.279083,1,0.0015,1
3441,29961.3,7,0,2.09267,4.74804,0,0,0,6.84071,361,361,0,1,2.45175,2.45175,1830,367,0,1235,0,0,0,0,0,1337,1627.81,2.40137,3.52742,168488,8,29433,486,464433,32,117732,1944,32,4,644756,1319142,20632192,5276568,25908760,4,4,12,4,4,4,0,20,20,20260807,5,1,1,1,0,0,0,6698,0.279083,1,0.0015,0
3442,29971,10,0,2.04621,7.51608,0,0,0,9.56229,361,361,0,1,2.45175,2.45175,1830,367,0,1235,0,0,0,0,0,1337,1627.81,2.40137,3.52742,168488,8,29433,486,464433,32,117732,1944,32,4,644756,1319142,20632192,5276568,25908760,4,4,12,4,4,4,0,20,20,20260807,5,1,1,1,0,0,0,6698,0.279083,1,0.0015,0
3443,29978,7,0,2.09292,4.81567,0,0,0,6.90858,361,361,0,1,2.45175,2.45175,1830,367,0,1235,0,0,0,0,0,1337,1627.81,2.40137,3.52742,168488,8,29433,486,464433,32,117732,1944,32,4,644756,1319142,20632192,5276568,25908760,4,4,12,4,4,4,0,20,20,20260807,5,1,1,1,0,0,0,6698,0.279083,1,0.0015,0
3444,29987.7,10,0,2.09567,7.54971,0,0,0,9.64537,361,361,0,1,2.45175,2.45175,1830,367,0,1235,0,0,0,0,0,1337,1627.81,2.40137,3.52742,168488,8,29433,486,464433,32,117732,1944,32,4,644756,1319142,20632192,5276568,25908760,4,4,12,4,4,4,0,20,20,20260807,5,1,1,1,0,0,0,6698,0.279083,1,0.0015,0
3445,29994.7,7,0,2.053,4.79408,0,0,0,6.84708,361,361,0,1,2.45175,2.45175,1830,367,0,1235,0,0,0,0,0,1337,1627.81,2.40137,3.52742,168488,8,29433,486,464433,32,117732,1944,32,4,644756,1319142,20632192,5276568,25908760,4,4,12,4,4,4,0,20,20,20260807,5,1,1,1,0,0,0,6698,0.279083,1,0.0015,0
3446,30004.3,9,0,2.25921,7.31775,0,0,0,9.57696,361,361,0,1,2.45175,2.45175,1830,367,0,1235,0,0,0,0,0,1337,1627.81,2.40137,3.52742,168488,8,29433,486,464433,32,117732,1944,32,4,644756,1319142,20632192,5276568,25908760,4,4,12,4,4,4,0,20,20,20260807,5,1,1,1,0,0,0,6699,0.279125,1,0.0015,1
