frame_index,measured_elapsed_ms,dt_ms,event_ms,update_ms,render_ms,debug_gui_ms,render_capture_ms,display_ms,frame_ms,existing_chunks,loaded_chunks,save_dirty_chunks,save_transactions,save_total_ms,save_max_ms,sections,mesh_dirty_sections,cpu_ready_sections,gpu_buffered_sections,queued_chunk_updates,random_tick_sections,random_tick_blocks,random_tick_sections_processed,random_ticks_dispatched,mesh_rebuilds,mesh_build_total_ms,mesh_build_last_ms,mesh_build_max_ms,solid_faces,transparent_faces,water_faces,flora_faces,solid_vertices,transparent_vertices,water_vertices,flora_vertices,terrain_vertex_stride_bytes,terrain_index_stride_bytes,resident_terrain_vertices,resident_terrain_indices,resident_terrain_vertex_bytes,resident_terrain_index_bytes,resident_terrain_buffer_bytes,actor_count,natural_mob_count,natural_mob_world_cap,natural_mob_local_cap,natural_mob_spawn_attempts,natural_mobs_spawned,natural_mobs_despawned,player_health,player_max_health,terrain_seed,terrain_generation_version,difficulty_profile_version,difficulty_id,post_victory_event_version,post_victory_completed_events,post_victory_active_event,post_victory_event_wave,world_time,day_cycle,daylight,fog_density,simulation_ticks
0,281.289,6,0,4.15408,283.768,0,0,0,287.922,129,129,0,1,1.80238,1.80238,661,290,0,321,0,0,0,0,0,1018,1276.65,2.20392,23.2045,135750,16,28337,106,378589,64,113348,424,32,4,201474,400794,6447168,1603176,8050344,4,4,12,4,8,8,4,20,20,20260807,5,1,1,1,0,0,0,6100,0.254167,1,0.0015,1
1,288.011,288,0,4.5385,2.0805,0,0,0,6.619,146,146,0,1,1.80238,1.80238,746,310,57,328,0,0,0,0,0,1083,1357.15,1.3695,23.2045,145310,16,31665,106,405153,64,126660,424,32,4,207782,413748,6649024,1654992,8304016,4,4,12,4,8,8,4,20,20,20260807,5,1,1,1,0,0,0,6105,0.254375,1,0.0015,5
2,292.42,5,0,1.76096,2.57504,0,0,0,4.336,146,146,0,1,1.80238,1.80238,746,308,50,336,0,0,0,0,0,1084,1358.18,1.027,23.2045,145310,16,31921,106,405153,64,127684,424,32,4,211743,420786,6775776,1683144,8458920,4,4,12,4,8,8,4,20,20,20260807,5,1,1,1,0,0,0,6105,0.254375,1,0.0015,0
3,298.158,5,0,3.45812,2.20842,0,0,0,5.66654,146,146,0,1,1.80238,1.80238,746,305,45,344,0,0,0,0,0,1087,1362.56,1.03242,23.2045,145921,16,31921,106,406909,64,127684,424,32,4,217266,432084,6952512,1728336,8680848,4,4,12,4,8,8,4,20,20,20260807,5,1,1,1,0,0,0,6105,0.254375,1,0.0015,0
4,313.735,16,0,13.4389,2.07217,0,0,0,15.511,148,147,0,1,1.80238,1.80238,751,310,38,351,0,0,0,0,0,1088,1364.23,1.66825,23.2045,146126,16,31921,106,407480,64,127684,424,32,4,221131,439110,7076192,1756440,8832632,4,4,12,4,8,8,4,20,20,20260807,5,1,1,1,0,0,0,6105,0.254375,1,0.0015,0
5,328.218,14,0,11.957,2.45425,0,0,0,14.4113,149,149,0,1,1.80238,1.80238,761,320,30,359,0,0,0,0,0,1088,1364.23,1.66825,23.2045,146126,16,31921,106,407480,64,127684,424,32,4,227313,450978,7274016,1803912,9077928,4,4,12,4,8,8,4,20,20,20260807,5,1,1,1,0,0,0,6105,0.254375,1,0.0015,0
6,332.013,4,0,1.52238,2.19888,0,0,0,3.72125,149,149,0,1,1.80238,1.80238,761,318,23,367,0,0,0,0,0,1089,1364.67,0.439625,23.2045,146126,16,32177,106,407480,64,128708,424,32,4,231135,458640,7396320,1834560,9230880,4,4,12,4,8,8,4,20,20,20260807,5,1,1,1,0,0,0,6105,0.254375,1,0.0015,0
7,347.591,16,0,13.2262,2.27971,0,0,0,15.5059,150,150,0,1,1.80238,1.80238,766,318,20,374,0,0,0,0,0,1094,1371.84,0.435041,23.2045,146587,16,32433,106,408755,64,129732,424,32,4,236427,468816,7565664,1875264,9440928,4,4,12,4,8,8,4,20,20,20260807,5,1,1,1,0,0,0,6105,0.254375,1,0.0015,0
8,363.432,16,0,13.3508,2.42179,0,0,0,15.7726,151,151,0,1,1.80238,1.80238,771,320,16,382,0,0,0,0,0,1098,1376.84,1.08204,23.2045,147066,16,32433,106,410034,64,129732,424,32,4,240326,476586,7690432,1906344,9596776,4,4,12,4,8,8,4,20,20,20260807,5,1,1,1,0,0,0,6106,0.254417,1,0.0015,1
9,367.694,4,0,1.66346,2.5275,0,0,0,4.19096,152,151,0,1,1.80238,1.80238,771,320,8,390,0,0,0,0,0,1098,1376.84,1.08204,23.2045,147066,16,32433,106,410034,64,129732,424,32,4,244801,484734,7833632,1938936,9772568,4,4,12,4,8,8,4,20,20,20260807,5,1,1,1,0,0,0,6106,0.254417,1,0.0015,0
10,383.314,16,0,13.0344,2.50829,0,0,0,15.5427,153,153,0,1,1.80238,1.80238,781,330,0,398,0,0,0,0,0,1098,1376.84,1.08204,23.2045,147066,16,32433,106,410034,64,129732,424,32,4,249303,493266,7977696,1973064,9950760,4,4,12,4,8,8,4,20,20,20260807,5,1,1,1,0,0,0,6106,0.254417,1,0.0015,0
11,393.879,10,0,8.07863,2.31208,0,0,0,10.3907,154,153,0,1,1.80238,1.80238,781,325,4,399,0,0,0,0,0,1103,1382.41,0.900833,23.2045,148219,16,32689,106,413272,64,130756,424,32,4,250327,494802,8010464,1979208,9989672,4,4,12,4,8,8,4,20,20,20260807,5,1,1,1,0,0,0,6107,0.254458,1,0.0015,1
12,401.073,7,0,4.49725,2.62533,0,0,0,7.12258,154,154,0,1,1.80238,1.80238,786,330,0,403,0,0,0,0,0,1103,1382.41,0.900833,23.2045,148219,16,32689,106,413272,64,130756,424,32,4,253565,501720,8114080,2006880,10120960,4,4,12,4,8,8,4,20,20,20260807,5,1,1,1,0,0,0,6107,0.254458,1,0.0015,0
13,413.774,13,0,10.3097,2.31667,0,0,0,12.6263,155,154,0,1,1.80238,1.80238,786,325,4,404,0,0,0,0,0,1108,1388.05,1.13771,23.2045,148341,16,32945,106,413618,64,131780,424,32,4,254589,503256,8146848,2013024,10159872,4,4,12,4,8,8,4,20,20,20260807,5,1,1,1,0,0,0,6107,0.254458,1,0.0015,0
14,430.47,17,0,14.3237,2.30408,0,0,0,16.6278,156,155,0,1,1.80238,1.80238,791,325,5,407,0,0,0,0,0,1113,1394.61,2.09146,23.2045,148934,16,33201,106,415219,64,132804,424,32,4,254935,503988,8157920,2015952,10173872,4,4,12,4,8,8,4,20,20,20260807,5,1,1,1,0,0,0,6107,0.254458,1,0.0015,0
15,447.468,17,0,14.5407,2.39188,0,0,0,16.9325,156,156,0,1,1.80238,1.80238,796,326,4,412,0,0,0,0,0,1117,1400.51,2.50979,23.2045,149180,16,33457,106,415866,64,133828,424,32,4,257560,509082,8241920,2036328,10278248,4,4,12,4,8,8,4,20,20,20260807,5,1,1,1,0,0,0,6107,0.254458,1,0.0015,0
16,460.998,13,0,10.9656,2.49737,0,0,0,13.463,157,157,0,1,1.80238,1.80238,801,330,0,417,0,0,0,0,0,1118,1401.45,0.93475,23.2045,149343,16,33457,106,416318,64,133828,424,32,4,259683,513072,8309856,2052288,10362144,4,4,12,4,8,8,4,20,20,20260807,5,1,1,1,0,0,0,6108,0.2545,1,0.0015,1
17,464.471,3,0,1.18829,2.21192,0,0,0,3.40021,157,157,0,1,1.80238,1.80238,801,327,1,418,0,0,0,0,0,1120,1403.16,1.14529,23.2045,149427,16,33713,106,416544,64,134852,424,32,4,260707,514608,8342624,2058432,10401056,4,4,12,4,8,8,4,20,20,20260807,5,1,1,1,0,0,0,6108,0.2545,1,0.0015,0
18,481.054,16,0,14.0142,2.50296,0,0,0,16.5171,158,158,0,1,1.80238,1.80238,806,327,3,421,0,0,0,0,0,1125,1408.31,1.23017,23.2045,150102,16,33969,106,418419,64,135876,424,32,4,261935,517302,8381920,2069208,10451128,4,4,12,4,8,8,4,20,20,20260807,5,1,1,1,0,0,0,6108,0.2545,1,0.0015,0
19,496.276,16,0,12.5848,2.56583,0,0,0,15.1507,159,159,0,1,1.80238,1.80238,811,330,1,426,0,0,0,0,0,1128,1412.25,1.04879,23.2045,150521,16,33969,106,419588,64,135876,424,32,4,264699,522558,8470368,2090232,10560600,4,4,12,4,8,8,4,20,20,20260807,5,1,1,1,0,0,0,6108,0.2545,1,0.0015,0
20,500.385,4,0,1.46179,2.58137,0,0,0,4.04317,159,159,0,1,1.80238,1.80238,811,327,1,428,0,0,0,0,0,1130,1414.58,1.65725,23.2045,150550,16,34225,106,419666,64,136900,424,32,4,266025,524748,8512800,2098992,10611792,4,4,12,4,8,8,4,20,20,20260807,5,1,1,1,0,0,0,6109,0.254542,1,0.0015,1
21,514.085,13,0,11.1305,2.49371,0,0,0,13.6242,160,160,0,1,1.80238,1.80238,816,330,2,430,0,0,0,0,0,1133,1419.43,0.956709,23.2045,151075,16,34225,106,421122,64,136900,424,32,4,266119,524958,8515808,2099832,10615640,4,4,12,4,8,8,4,20,20,20260807,5,1,1,1,0,0,0,6109,0.254542,1,0.0015,0
22,530.878,18,0,14.059,2.66646,0,0,0,16.7255,162,161,0,1,1.80238,1.80238,821,335,0,432,0,0,0,0,0,1133,1419.43,0.956709,23.2045,151075,16,34225,106,421122,64,136900,424,32,4,267559,528072,8561888,2112288,10674176,4,4,12,4,8,8,4,20,20,20260807,5,1,1,1,0,0,0,6109,0.254542,1,0.0015,0
23,543.28,13,0,3.2105,9.11654,0,0,0,12.327,162,162,0,1,1.80238,1.80238,826,340,0,432,0,0,0,0,0,1133,1419.43,0.956709,23.2045,151075,16,34225,106,421122,64,136900,424,32,4,267559,528072,8561888,2112288,10674176,4,4,12,4,8,8,4,20,20,20260807,5,1,1,1,0,0,0,6109,0.254542,1,0.0015,0
24,547.303,4,0,1.49517,2.43996,0,0,0,3.93513,163,162,0,1,1.80238,1.80238,826,335,0,437,0,0,0,0,0,1138,1423.84,1.00375,23.2045,152259,16,34377,106,424428,64,137508,424,32,4,271473,536088,8687136,2144352,10831488,4,4,12,4,8,8,4,20,20,20260807,5,1,1,1,0,0,0,6110,0.254583,1,0.0015,1
25,563.127,15,0,2.16737,13.5823,0,0,0,15.7497,163,163,0,1,1.80238,1.80238,831,340,0,437,0,0,0,0,0,1138,1423.84,1.00375,23.2045,152259,16,34377,106,424428,64,137508,424,32,4,271473,536088,8687136,2144352,10831488,4,4,12,4,8,8,4,20,20,20260807,5,1,1,1,0,0,0,6110,0.254583,1,0.0015,0
26,577.837,15,0,11.8797,2.71246,0,0,0,14.5922,165,164,0,1,1.80238,1.80238,836,335,5,441,0,0,0,0,0,1148,1434.07,0.993958,23.2045,153137,16,34889,106,426894,64,139556,424,32,4,273751,540312,8760032,2161248,10921280,4,4,12,4,8,8,4,20,20,20260807,5,1,1,1,0,0,0,6110,0.254583,1,0.0015,0
27,585.523,8,0,4.65071,2.95983,0,0,0,7.61054,165,165,0,1,1.80238,1.80238,841,340,0,445,0,0,0,0,0,1148,1434.07,0.993958,23.2045,153137,16,34889,106,426894,64,139556,424,32,4,275987,544428,8831584,2177712,11009296,4,4,12,4,8,8,4,20,20,20260807,5,1,1,1,0,0,0,6110,0.254583,1,0.0015,0
28,597.85,12,0,9.67538,2.576,0,0,0,12.2514,166,165,0,1,1.80238,1.80238,841,335,3,447,0,0,0,0,0,1153,1440,1.03129,23.2045,153784,16,35145,106,428631,64,140580,424,32,4,277187,546360,8869984,2185440,11055424,4,4,12,4,8,8,4,20,20,20260807,5,1,1,1,0,0,0,6111,0.254625,1,0.0015,1
29,611.49,14,0,10.8368,2.733,0,0,0,13.5698,166,166,0,1,1.80238,1.80238,846,336,3,450,0,0,0,0,0,1156,1444.95,2.09488,23.2045,154433,16,35401,106,430452,64,141604,424,32,4,278748,549846,8919936,2199384,11119320,4,4,12,4,8,8,4,20,20,20260807,5,1,1,1,0,0,0,6111,0.254625,1,0.0015,0
30,616.17,4,0,1.57442,3.03104,0,0,0,4.60546,167,166,0,1,1.80238,1.80238,846,335,0,455,0,0,0,0,0,1158,1447.64,1.10442,23.2045,155147,16,35401,106,432505,64,141604,424,32,4,283646,559560,9076672,2238240,11314912,4,4,12,4,8,8,4,20,20,20260807,5,1,1,1,0,0,0,6111,0.254625,1,0.0015,0
31,630.004,14,0,4.29771,9.46083,0,0,0,13.7585,167,167,0,1,1.80238,1.80238,851,340,0,455,0,0,0,0,0,1158,1447.64,1.10442,23.2045,155147,16,35401,106,432505,64,141604,424,32,4,283646,559560,9076672,2238240,11314912,4,4,12,4,8,8,4,20,20,20260807,5,1,1,1,0,0,0,6111,0.254625,1,0.0015,0
32,646.053,16,0,13.1724,2.79825,0,0,0,15.9706,168,168,0,1,1.80238,1.80238,856,340,2,458,0,0,0,0,0,1163,1456.35,0.992083,23.2045,155852,16,35657,106,434463,64,142628,424,32,4,285421,562698,9133472,2250792,11384264,4,4,12,4,8,8,4,20,20,20260807,5,1,1,1,0,0,0,6111,0.254625,1,0.0015,0
33,651.022,5,0,1.44608,3.42663,0,0,0,4.87271,168,168,0,1,1.80238,1.80238,856,337,0,461,0,0,0,0,0,1165,1458.21,1.31525,23.2045,156002,16,35913,106,434863,64,143652,424,32,4,288052,567762,9217664,2271048,11488712,4,4,12,4,8,8,4,20,20,20260807,5,1,1,1,0,0,0,6112,0.254667,1,0.0015,1
34,666.699,16,0,12.8774,2.72183,0,0,0,15.5992,169,169,0,1,1.80238,1.80238,861,340,1,463,0,0,0,0,0,1168,1463.78,2.05304,23.2045,156669,16,35913,106,436729,64,143652,424,32,4,289918,571764,9277376,2287056,11564432,4,4,12,4,8,8,4,20,20,20260807,5,1,1,1,0,0,0,6112,0.254667,1,0.0015,0
35,678.082,11,0,8.39642,2.90871,0,0,0,11.3051,169,169,0,1,1.80238,1.80238,861,336,2,464,0,0,0,0,0,1171,1469.64,2.02833,23.2045,157130,16,36169,106,437961,64,144676,424,32,4,290942,573300,9310144,2293200,11603344,4,4,12,4,8,8,4,20,20,20260807,5,1,1,1,0,0,0,6112,0.254667,1,0.0015,0
36,682.262,5,0,1.38546,2.72233,0,0,0,4.10779,170,169,0,1,1.80238,1.80238,861,335,0,468,0,0,0,0,0,1173,1471.92,1.03783,23.2045,157565,16,36169,106,439149,64,144676,424,32,4,293362,578676,9387584,2314704,11702288,4,4,12,4,8,8,4,20,20,20260807,5,1,1,1,0,0,0,6112,0.254667,1,0.0015,0
37,696.669,14,0,3.40946,10.9154,0,0,0,14.3248,170,170,0,1,1.80238,1.80238,866,340,0,468,0,0,0,0,0,1173,1471.92,1.03783,23.2045,157565,16,36169,106,439149,64,144676,424,32,4,293362,578676,9387584,2314704,11702288,4,4,12,4,8,8,4,20,20,20260807,5,1,1,1,0,0,0,6113,0.254708,1,0.0015,1
38,711.782,15,0,12.1515,2.88121,0,0,0,15.0327,171,171,0,1,1.80238,1.80238,871,339,0,473,0,0,0,0,0,1178,1477.44,1.12096,23.2045,158175,16,36425,106,440885,64,145700,424,32,4,296122,583872,9475904,2335488,11811392,4,4,12,4,8,8,4,20,20,20260807,5,1,1,1,0,0,0,6113,0.254708,1,0.0015,0
39,716.226,4,0,1.41175,2.95233,0,0,0,4.36408,171,171,0,1,1.80238,1.80238,871,337,1,474,0,0,0,0,0,1180,1480.42,1.64142,23.2045,158428,16,36681,106,441587,64,146724,424,32,4,297146,585408,9508672,2341632,11850304,4,4,12,4,8,8,4,20,20,20260807,5,1,1,1,0,0,0,6113,0.254708,1,0.0015,0
40,731.719,16,0,12.5358,2.82742,0,0,0,15.3632,172,172,0,1,1.80238,1.80238,876,340,2,476,0,0,0,0,0,1183,1484.56,1.19304,23.2045,158880,16,36681,106,442831,64,146724,424,32,4,298416,588222,9549312,2352888,11902200,4,4,12,4,8,8,4,20,20,20260807,5,1,1,1,0,0,0,6113,0.254708,1,0.0015,0
41,744.378,13,0,9.90392,2.67908,0,0,0,12.583,173,172,0,1,1.80238,1.80238,876,335,4,479,0,0,0,0,0,1188,1491.92,1.125,23.2045,159684,16,36937,106,445022,64,147748,424,32,4,300116,591174,9603712,2364696,11968408,4,4,12,4,8,8,4,20,20,20260807,5,1,1,1,0,0,0,6113,0.254708,1,0.0015,0
42,753.418,9,0,5.65354,3.31392,0,0,0,8.96746,173,173,0,1,1.80238,1.80238,881,340,0,483,0,0,0,0,0,1188,1491.92,1.125,23.2045,159684,16,36937,106,445022,64,147748,424,32,4,302307,595998,9673824,2383992,12057816,4,4,12,4,8,8,4,20,20,20260807,5,1,1,1,0,0,0,6114,0.25475,1,0.0015,1
43,766.304,13,0,9.93887,2.86808,0,0,0,12.807,165,165,0,1,1.80238,1.80238,841,299,0,484,0,0,0,0,0,1189,1492.63,0.706292,23.2045,159775,16,36937,106,445275,64,147748,424,32,4,302560,596544,9681920,2386176,12068096,4,4,12,4,8,8,4,20,20,20260807,5,1,1,1,0,0,0,6114,0.25475,1,0.0015,0
44,778.283,12,0,8.81983,3.07421,0,0,0,11.894,157,157,0,1,1.80238,1.80238,801,259,0,484,0,0,0,0,0,1189,1492.63,0.706292,23.2045,159775,16,36937,106,445275,64,147748,424,32,4,302560,596544,9681920,2386176,12068096,4,4,12,4,8,8,4,20,20,20260807,5,1,1,1,0,0,0,6114,0.25475,1,0.0015,0
45,796.714,18,0,1.13187,17.2203,0,0,0,18.3522,158,157,0,1,1.80238,1.80238,801,259,0,484,0,0,0,0,0,1189,1492.63,0.706292,23.2045,159775,16,36937,106,445275,64,147748,424,32,4,302560,596544,9681920,2386176,12068096,4,4,12,4,8,8,4,20,20,20260807,5,1,1,1,0,0,0,6114,0.25475,1,0.0015,0
46,810.273,14,0,1.10825,12.376,0,0,0,13.4842,160,159,0,1,1.80238,1.80238,811,269,0,484,0,0,0,0,0,1189,1492.63,0.706292,23.2045,159775,16,36937,106,445275,64,147748,424,32,4,302560,596544,9681920,2386176,12068096,4,4,12,4,8,8,4,20,20,20260807,5,1,1,1,0,0,0,6115,0.254792,1,0.0015,1
47,814.353,4,0,1.21362,2.78429,0,0,0,3.99792,161,161,0,1,1.80238,1.80238,821,279,0,484,0,0,0,0,0,1189,1492.63,0.706292,23.2045,159775,16,36937,106,445275,64,147748,424,32,4,302560,596544,9681920,2386176,12068096,4,4,12,4,8,8,4,20,20,20260807,5,1,1,1,0,0,0,6115,0.254792,1,0.0015,0
48,829.921,15,0,4.23696,11.2481,0,0,0,15.4851,162,162,0,1,1.80238,1.80238,826,284,0,484,0,0,0,0,0,1189,1492.63,0.706292,23.2045,159775,16,36937,106,445275,64,147748,424,32,4,302560,596544,9681920,2386176,12068096,4,4,12,4,8,8,4,20,20,20260807,5,1,1,1,0,0,0,6115,0.254792,1,0.0015,0
49,843.576,14,0,1.14558,12.4329,0,0,0,13.5785,164,163,0,1,1.80238,1.80238,831,289,0,484,0,0,0,0,0,1189,1492.63,0.706292,23.2045,159775,16,36937,106,445275,64,147748,424,32,4,302560,596544,9681920,2386176,12068096,4,4,12,4,8,8,4,20,20,20260807,5,1,1,1,0,0,0,6115,0.254792,1,0.0015,0
50,849.289,6,0,2.55433,3.0725,0,0,0,5.62683,165,165,0,1,1.80238,1.80238,841,299,0,484,0,0,0,0,0,1189,1492.63,0.706292,23.2045,159775,16,36937,106,445275,64,147748,424,32,4,302560,596544,9681920,2386176,12068096,4,4,12,4,8,8,4,20,20,20260807,5,1,1,1,0,0,0,6116,0.254833,1,0.0015,1
51,863.768,14,0,1.26854,13.1268,0,0,0,14.3953,166,165,0,1,1.80238,1.80238,841,299,0,484,0,0,0,0,0,1189,1492.63,0.706292,23.2045,159775,16,36937,106,445275,64,147748,424,32,4,302560,596544,9681920,2386176,12068096,4,4,12,4,8,8,4,20,20,20260807,5,1,1,1,0,0,0,6116,0.254833,1,0.0015,0
52,876.75,13,0,4.56479,8.34962,0,0,0,12.9144,167,167,0,1,1.80238,1.80238,851,309,0,484,0,0,0,0,0,1189,1492.63,0.706292,23.2045,159775,16,36937,106,445275,64,147748,424,32,4,302560,596544,9681920,2386176,12068096,4,4,12,4,8,8,4,20,20,20260807,5,1,1,1,0,0,0,6116,0.254833,1,0.0015,0
53,881.119,4,0,1.4925,2.77462,0,0,0,4.26713,169,168,0,1,1.80238,1.80238,856,314,0,484,0,0,0,0,0,1189,1492.63,0.706292,23.2045,159775,16,36937,106,445275,64,147748,424,32,4,302560,596544,9681920,2386176,12068096,4,4,12,4,8,8,4,20,20,20260807,5,1,1,1,0,0,0,6116,0.254833,1,0.0015,0
54,896.939,16,0,5.25625,10.481,0,0,0,15.7372,169,169,0,1,1.80238,1.80238,861,319,0,484,0,0,0,0,0,1189,1492.63,0.706292,23.2045,159775,16,36937,106,445275,64,147748,424,32,4,302560,596544,9681920,2386176,12068096,4,4,12,4,8,8,4,20,20,20260807,5,1,1,1,0,0,0,6116,0.254833,1,0.0015,0
55,910.278,14,0,1.43133,11.7995,0,0,0,13.2308,171,170,0,1,1.80238,1.80238,866,324,0,484,0,0,0,0,0,1189,1492.63,0.706292,23.2045,159775,16,36937,106,445275,64,147748,424,32,4,302560,596544,9681920,2386176,12068096,4,4,12,4,8,8,4,20,20,20260807,5,1,1,1,0,0,0,6117,0.254875,1,0.0015,1
56,914.43,4,0,1.44325,2.61788,0,0,0,4.06112,172,171,0,1,1.80238,1.80238,871,329,0,484,0,0,0,0,0,1189,1492.63,0.706292,23.2045,159775,16,36937,106,445275,64,147748,424,32,4,302560,596544,9681920,2386176,12068096,4,4,12,4,8,8,4,20,20,20260807,5,1,1,1,0,0,0,6117,0.254875,1,0.0015,0
57,930.026,15,0,2.58812,12.9372,0,0,0,15.5253,172,172,0,1,1.80238,1.80238,876,334,0,484,0,0,0,0,0,1189,1492.63,0.706292,23.2045,159775,16,36937,106,445275,64,147748,424,32,4,302560,596544,9681920,2386176,12068096,4,4,12,4,8,8,4,20,20,20260807,5,1,1,1,0,0,0,6117,0.254875,1,0.0015,0
58,944.984,15,0,11.7348,3.14038,0,0,0,14.8752,174,174,0,1,1.80238,1.80238,886,338,3,486,0,0,0,0,0,1194,1497.31,0.49775,23.2045,159957,16,36963,106,445781,64,147852,424,32,4,302649,596754,9684768,2387016,12071784,4,4,12,4,8,8,4,20,20,20260807,5,1,1,1,0,0,0,6117,0.254875,1,0.0015,0
59,950.248,6,0,1.64258,3.53871,0,0,0,5.18129,174,174,0,1,1.80238,1.80238,886,336,0,490,0,0,0,0,0,1196,1499.86,1.34904,23.2045,160130,16,36963,106,446258,64,147852,424,32,4,303647,598830,9716704,2395320,12112024,4,4,12,4,8,8,4,20,20,20260807,5,1,1,1,0,0,0,6118,0.254917,1,0.0015,1
60,965.595,15,0,12.3214,2.93654,0,0,0,15.2579,175,175,0,1,1.80238,1.80238,891,340,1,491,0,0,0,0,0,1198,1505.78,2.80408,23.2045,160722,16,36963,106,447915,64,147852,424,32,4,304716,601104,9750912,2404416,12155328,4,4,12,4,8,8,4,20,20,20260807,5,1,1,1,0,0,0,6118,0.254917,1,0.0015,0
61,978.197,12,0,9.45283,3.06296,0,0,0,12.5158,176,175,0,1,1.80238,1.80238,891,335,4,493,0,0,0,0,0,1203,1511.37,1.05596,23.2045,161985,16,37211,106,451363,64,148844,424,32,4,306323,603918,9802336,2415672,12218008,4,4,12,4,8,8,4,20,20,20260807,5,1,1,1,0,0,0,6118,0.254917,1,0.0015,0
62,985.105,7,0,3.32271,3.50954,0,0,0,6.83225,176,176,0,1,1.80238,1.80238,896,339,0,497,0,0,0,0,0,1203,1511.37,1.05596,23.2045,161985,16,37211,106,451363,64,148844,424,32,4,309744,611448,9911808,2445792,12357600,4,4,12,4,8,8,4,20,20,20260807,5,1,1,1,0,0,0,6118,0.254917,1,0.0015,0
63,1001.7,17,0,13.03,3.47004,0,0,0,16.5,177,177,0,1,1.80238,1.80238,901,340,2,500,0,0,0,0,0,1208,1517.18,1.01842,23.2045,162494,16,37467,106,452748,64,149868,424,32,4,311492,614586,9967744,2458344,12426088,4,4,12,4,8,8,4,20,20,20260807,5,1,1,1,0,0,0,6119,0.254958,1,0.0015,1
64,1011.96,10,0,6.83196,3.28996,0,0,0,10.1219,178,177,0,1,1.80238,1.80238,901,335,3,503,0,0,0,0,0,1213,1523.04,1.15825,23.2045,163103,16,37723,106,454422,64,150892,424,32,4,313709,618768,10038688,2475072,12513760,4,4,12,4,8,8,4,20,20,20260807,5,1,1,1,0,0,0,6119,0.254958,1,0.0015,0
65,1018.92,7,0,3.18383,3.64775,0,0,0,6.83158,178,178,0,1,1.80238,1.80238,906,340,0,505,0,0,0,0,0,1213,1523.04,1.15825,23.2045,163103,16,37723,106,454422,64,150892,424,32,4,314851,621228,10075232,2484912,12560144,4,4,12,4,8,8,4,20,20,20260807,5,1,1,1,0,0,0,6119,0.254958,1,0.0015,0
66,1035.44,17,0,13.0389,3.38933,0,0,0,16.4282,179,179,0,1,1.80238,1.80238,911,340,3,507,0,0,0,0,0,1218,1528.71,1.05254,23.2045,164305,16,37979,106,457811,64,151916,424,32,4,316888,624936,10140416,2499744,12640160,4,4,12,4,8,8,4,20,20,20260807,5,1,1,1,0,0,0,6119,0.254958,1,0.0015,0
67,1044.94,9,0,6.37917,3.05567,0,0,0,9.43483,180,179,0,1,1.80238,1.80238,911,335,3,511,0,0,0,0,0,1223,1533.63,0.942959,23.2045,164896,16,38235,106,459382,64,152940,424,32,4,320737,632508,10263584,2530032,12793616,4,4,12,4,8,8,4,20,20,20260807,5,1,1,1,0,0,0,6120,0.255,1,0.0015,1
68,1052.82,8,0,4.51821,3.28779,0,0,0,7.806,180,180,0,1,1.80238,1.80238,916,340,0,512,0,0,0,0,0,1223,1533.63,0.942959,23.2045,164896,16,38235,106,459382,64,152940,424,32,4,321859,635058,10299488,2540232,12839720,4,4,12,4,8,8,4,20,20,20260807,5,1,1,1,0,0,0,6120,0.255,1,0.0015,0
69,1063.46,11,0,1.48125,9.03325,0,0,0,10.5145,181,180,0,1,1.80238,1.80238,916,340,0,512,0,0,0,0,0,1223,1533.63,0.942959,23.2045,164896,16,38235,106,459382,64,152940,424,32,4,321859,635058,10299488,2540232,12839720,4,4,12,4,8,8,4,20,20,20260807,5,1,1,1,0,0,0,6120,0.255,1,0.0015,0
70,1077.15,13,0,1.41871,12.2126,0,0,0,13.6313,182,181,0,1,1.80238,1.80238,921,345,0,512,0,0,0,0,0,1223,1533.63,0.942959,23.2045,164896,16,38235,106,459382,64,152940,424,32,4,321859,635058,10299488,2540232,12839720,4,4,12,4,8,8,4,20,20,20260807,5,1,1,1,0,0,0,6120,0.255,1,0.0015,0
71,1082.01,5,0,1.63271,3.15671,0,0,0,4.78942,182,182,0,1,1.80238,1.80238,927,348,1,513,0,0,0,0,0,1225,1536.19,1.08137,23.2045,165393,16,38235,110,461136,64,152940,440,32,4,323521,637800,10352672,2551200,12903872,4,4,12,4,8,8,4,20,20,20260807,5,1,1,1,0,0,0,6120,0.255,1,0.0015,0
72,1098.37,17,0,13.4009,2.89721,0,0,0,16.2981,183,183,0,1,1.80238,1.80238,932,349,2,516,0,0,0,0,0,1229,1542.01,1.04004,23.2045,165634,16,38235,110,461841,64,152940,440,32,4,324036,639000,10369152,2556000,12925152,4,4,12,4,8,8,4,20,20,20260807,5,1,1,1,0,0,0,6120,0.255,1,0.0015,0
73,1113.3,15,0,11.8057,3.03308,0,0,0,14.8388,184,184,0,1,1.80238,1.80238,937,351,2,519,0,0,0,0,0,1233,1547.75,1.05254,23.2045,166166,16,38235,110,463235,64,152940,440,32,4,325618,642462,10419776,2569848,12989624,4,4,12,4,8,8,4,20,20,20260807,5,1,1,1,0,0,0,6121,0.255042,1,0.0015,1
74,1118.11,4,0,1.6655,3.08996,0,0,0,4.75546,184,184,0,1,1.80238,1.80238,937,348,0,522,0,0,0,0,0,1235,1549.62,1.143,23.2045,166459,16,38235,110,464057,64,152940,440,32,4,326550,644460,10449600,2577840,13027440,4,4,12,4,8,8,4,20,20,20260807,5,1,1,1,0,0,0,6121,0.255042,1,0.0015,0
75,1131.64,14,0,10.5171,2.91658,0,0,0,13.4337,186,185,0,1,1.80238,1.80238,942,351,1,523,0,0,0,0,0,1238,1554.37,1.09979,23.2045,166783,16,38235,110,464890,64,152940,440,32,4,326600,644580,10451200,2578320,13029520,4,4,12,4,8,8,4,20,20,20260807,5,1,1,1,0,0,0,6121,0.255042,1,0.0015,0
76,1147.57,16,0,12.7643,3.09058,0,0,0,15.8548,187,187,0,1,1.80238,1.80238,952,361,0,524,0,0,0,0,0,1238,1554.37,1.09979,23.2045,166783,16,38235,110,464890,64,152940,440,32,4,327383,646404,10476256,2585616,13061872,4,4,12,4,8,8,4,20,20,20260807,5,1,1,1,0,0,0,6121,0.255042,1,0.0015,0
77,1152.89,5,0,1.72517,3.49729,0,0,0,5.22246,187,187,0,1,1.80238,1.80238,952,358,1,525,0,0,0,0,0,1240,1556.32,1.161,23.2045,167207,16,38235,114,466397,64,152940,456,32,4,328800,648768,10521600,2595072,13116672,4,4,12,4,8,8,4,20,20,20260807,5,1,1,1,0,0,0,6122,0.255083,1,0.0015,1
78,1165.16,12,0,9.12771,3.05867,0,0,0,12.1864,188,188,0,1,1.80238,1.80238,957,361,0,529,0,0,0,0,0,1243,1559.71,1.09492,23.2045,167775,16,38235,114,467975,64,152940,456,32,4,330484,652380,10575488,2609520,13185008,4,4,12,4,8,8,4,20,20,20260807,5,1,1,1,0,0,0,6122,0.255083,1,0.0015,0
79,1178.52,14,0,9.843,3.44638,0,0,0,13.2894,188,188,0,1,1.80238,1.80238,957,353,5,531,0,0,0,0,0,1250,1567.79,1.17892,23.2045,168677,16,38235,114,470475,64,152940,456,32,4,330989,653514,10591648,2614056,13205704,4,4,12,4,8,8,4,20,20,20260807,5,1,1,1,0,0,0,6122,0.255083,1,0.0015,0
80,1183.87,5,0,1.94196,3.32233,0,0,0,5.26429,188,188,0,1,1.80238,1.80238,957,350,1,538,0,0,0,0,0,1253,1571.47,1.07004,23.2045,168957,16,38235,114,471260,64,152940,456,32,4,333356,658590,10667392,2634360,13301752,4,4,12,4,8,8,4,20,20,20260807,5,1,1,1,0,0,0,6122,0.255083,1,0.0015,0
81,1200.86,17,0,13.6763,3.2345,0,0,0,16.9108,189,189,0,1,1.80238,1.80238,962,351,3,541,0,0,0,0,0,1258,1577.57,1.04475,23.2045,169560,16,38235,114,472942,64,152940,456,32,4,334002,659970,10688064,2639880,13327944,4,4,12,4,8,8,4,20,20,20260807,5,1,1,1,0,0,0,6123,0.255125,1,0.0015,1
82,1211.88,11,0,7.70554,3.21646,0,0,0,10.922,189,189,0,1,1.80238,1.80238,962,347,2,544,0,0,0,0,0,1261,1582.75,2.07133,23.2045,169803,16,38420,114,473597,64,153680,456,32,4,336229,664266,10759328,2657064,13416392,4,4,12,4,8,8,4,20,20,20260807,5,1,1,1,0,0,0,6123,0.255125,1,0.0015,0
83,1217.33,6,0,1.96579,3.41142,0,0,0,5.37721,189,189,0,1,1.80238,1.80238,962,344,1,549,0,0,0,0,0,1265,1587.92,1.20771,23.2045,170535,16,38472,114,475697,64,153888,456,32,4,339011,670038,10848352,2680152,13528504,4,4,12,4,8,8,4,20,20,20260807,5,1,1,1,0,0,0,6123,0.255125,1,0.0015,0
84,1231.4,14,0,10.9169,3.02346,0,0,0,13.9403,189,189,0,1,1.80238,1.80238,962,337,5,550,0,0,0,0,0,1271,1596.51,1.25737,23.2045,171513,16,38472,114,478471,64,153888,456,32,4,339154,670362,10852928,2681448,13534376,4,4,12,4,8,8,4,20,20,20260807,5,1,1,1,0,0,0,6123,0.255125,1,0.0015,0
85,1245.64,14,0,10.7316,3.43533,0,0,0,14.167,189,189,0,1,1.80238,1.80238,962,329,6,555,0,0,0,0,0,1279,1604.94,1.34529,23.2045,172190,16,38784,114,480371,64,155136,456,32,4,341928,676230,10941696,2704920,13646616,4,4,12,4,8,8,4,20,20,20260807,5,1,1,1,0,0,0,6123,0.255125,1,0.0015,0
86,1251.32,6,0,2.29967,3.28904,0,0,0,5.58871,189,189,0,1,1.80238,1.80238,962,327,0,563,0,0,0,0,0,1281,1609.05,2.10108,23.2045,172475,16,38784,114,481140,64,155136,456,32,4,345845,683874,11067040,2735496,13802536,4,4,12,4,8,8,4,20,20,20260807,5,1,1,1,0,0,0,6124,0.255167,1,0.0015,1
87,1320.91,69,0,68.2718,1.24296,0,0,0,69.5148,190,190,0,1,1.80238,1.80238,966,348,3,12,0,0,0,0,0,1284,1612.22,0.48025,23.2045,173073,16,38784,114,482828,64,155136,456,32,4,6723,14604,215136,58416,273552,4,4,12,4,8,8,4,20,20,20260807,5,1,1,1,0,0,0,6124,0.255167,1,0.0015,0
88,1330.5,10,0,8.65467,0.868583,0,0,0,9.52325,182,182,0,1,1.80238,1.80238,926,316,3,15,0,0,0,0,0,1287,1616.72,2.20733,23.2045,173507,16,38784,114,484055,64,155136,456,32,4,7964,17244,254848,68976,323824,4,4,12,4,8,8,4,20,20,20260807,5,1,1,1,0,0,0,6125,0.255208,1,0.0015,1
89,1340.15,9,0,8.69825,0.884917,0,0,0,9.58317,174,174,0,1,1.80238,1.80238,886,295,2,16,0,0,0,0,0,1288,1617.72,1.0035,23.2045,173507,16,38784,114,484055,64,155136,456,32,4,8027,17376,256864,69504,326368,4,4,12,4,8,8,4,20,20,20260807,5,1,1,1,0,0,0,6125,0.255208,1,0.0015,0
90,1358.38,19,0,8.40375,9.75483,0,0,0,18.1586,167,166,0,1,1.80238,1.80238,846,290,2,16,0,0,0,0,0,1288,1617.72,1.0035,23.2045,173507,16,38784,114,484055,64,155136,456,32,4,8027,17376,256864,69504,326368,4,4,12,4,8,8,4,20,20,20260807,5,1,1,1,0,0,0,6126,0.25525,1,0.0015,1
91,1369.22,10,0,9.82983,0.930625,0,0,0,10.7605,161,160,0,1,1.80238,1.80238,816,290,2,16,0,0,0,0,0,1288,1617.72,1.0035,23.2045,173507,16,38784,114,484055,64,155136,456,32,4,8027,17376,256864,69504,326368,4,4,12,4,8,8,4,20,20,20260807,5,1,1,1,0,0,0,6126,0.25525,1,0.0015,0
92,1381.36,13,0,11.2182,0.844209,0,0,0,12.0625,153,153,0,1,1.80238,1.80238,781,290,2,16,0,0,0,0,0,1288,1617.72,1.0035,23.2045,173507,16,38784,114,484055,64,155136,456,32,4,8027,17376,256864,69504,326368,4,4,12,4,8,8,4,20,20,20260807,5,1,1,1,0,0,0,6126,0.25525,1,0.0015,0
93,1391.67,10,0,8.64533,1.59508,0,0,0,10.2404,145,145,0,1,1.80238,1.80238,741,279,3,16,0,0,0,0,0,1289,1618.18,0.453583,23.2045,173514,16,39022,114,484080,64,156088,456,32,4,8027,17376,256864,69504,326368,4,4,12,4,8,8,4,20,20,20260807,5,1,1,1,0,0,0,6126,0.25525,1,0.0015,0
94,1401.52,10,0,8.72333,1.04846,0,0,0,9.77179,137,137,0,1,1.80238,1.80238,701,273,3,17,0,0,0,0,0,1290,1620.5,2.32633,23.2045,173731,16,39022,114,484674,64,156088,456,32,4,9004,18846,288128,75384,363512,4,4,12,4,8,8,4,20,20,20260807,5,1,1,1,0,0,0,6127,0.255292,1,0.0015,1
95,1411.96,10,0,9.55033,0.813208,0,0,0,10.3635,129,129,0,1,1.80238,1.80238,658,254,3,18,0,0,0,0,0,1291,1621.72,1.21521,23.2045,173915,16,39022,114,485186,64,156088,456,32,4,9598,20148,307136,80592,387728,4,4,12,4,8,8,4,20,20,20260807,5,1,1,1,0,0,0,6127,0.255292,1,0.0015,0
96,1425.63,14,0,12.6188,0.990292,0,0,0,13.609,122,121,0,1,1.80238,1.80238,616,230,4,19,0,0,0,0,0,1293,1623.94,1.06592,23.2045,174266,16,39022,114,486167,64,156088,456,32,4,10110,21252,323520,85008,408528,4,4,12,4,8,8,4,20,20,20260807,5,1,1,1,0,0,0,6127,0.255292,1,0.0015,0
97,1437.88,12,0,11.2433,0.920125,0,0,0,12.1635,114,114,0,1,1.80238,1.80238,581,210,2,21,0,0,0,0,0,1293,1623.94,1.06592,23.2045,174266,16,39022,114,486167,64,156088,456,32,4,11091,23358,354912,93432,448344,4,4,12,4,8,8,4,20,20,20260807,5,1,1,1,0,0,0,6127,0.255292,1,0.0015,0
98,1450.96,13,0,12.1275,0.898083,0,0,0,13.0255,107,107,0,1,1.80238,1.80238,544,205,2,21,0,0,0,0,0,1293,1623.94,1.06592,23.2045,174266,16,39022,114,486167,64,156088,456,32,4,11091,23358,354912,93432,448344,2,2,12,4,8,8,6,20,20,20260807,5,1,1,1,0,0,0,6128,0.255333,1,0.0015,1
99,1461,10,0,8.99208,0.915417,0,0,0,9.9075,100,99,0,1,1.80238,1.80238,503,195,2,21,0,0,0,0,0,1293,1623.94,1.06592,23.2045,174266,16,39022,114,486167,64,156088,456,32,4,11091,23358,354912,93432,448344,2,2,12,4,8,8,6,20,20,20260807,5,1,1,1,0,0,0,6128,0.255333,1,0.0015,0
100,1472.65,11,0,10.6193,0.9475,0,0,0,11.5668,92,92,0,1,1.80238,1.80238,468,180,2,21,0,0,0,0,0,1293,1623.94,1.06592,23.2045,174266,16,39022,114,486167,64,156088,456,32,4,11091,23358,354912,93432,448344,2,2,12,4,8,8,6,20,20,20260807,5,1,1,1,0,0,0,6128,0.255333,1,0.0015,0
101,1491.58,19,0,8.70371,10.1425,0,0,0,18.8462,84,84,0,1,1.80238,1.80238,428,170,0,21,0,0,0,0,0,1293,1623.94,1.06592,23.2045,174266,16,39022,114,486167,64,156088,456,32,4,11091,23358,354912,93432,448344,2,2,12,4,8,8,6,20,20,20260807,5,1,1,1,0,0,0,6128,0.255333,1,0.0015,0
102,1504.38,13,0,11.8296,0.881334,0,0,0,12.711,77,77,0,1,1.80238,1.80238,393,160,0,25,0,0,0,0,0,1298,1629.89,1.00446,23.2045,175346,16,39022,114,489241,64,156088,456,32,4,14165,29838,453280,119352,572632,2,2,12,4,8,8,6,20,20,20260807,5,1,1,1,0,0,0,6129,0.255375,1,0.0015,1
103,1513.98,9,0,8.73179,0.802792,0,0,0,9.53458,70,69,0,1,1.80238,1.80238,352,155,0,25,0,0,0,0,0,1298,1629.89,1.00446,23.2045,175346,16,39022,114,489241,64,156088,456,32,4,14165,29838,453280,119352,572632,2,2,12,4,8,8,6,20,20,20260807,5,1,1,1,0,0,0,6129,0.255375,1,0.0015,0
104,1525.77,13,0,10.6634,1.06346,0,0,0,11.7269,63,62,0,1,1.80238,1.80238,317,155,0,25,0,0,0,0,0,1298,1629.89,1.00446,23.2045,175346,16,39022,114,489241,64,156088,456,32,4,14165,29838,453280,119352,572632,2,2,12,4,8,8,6,20,20,20260807,5,1,1,1,0,0,0,6129,0.255375,1,0.0015,0
105,1541.71,16,0,11.688,4.17871,0,0,0,15.8667,55,55,0,1,1.80238,1.80238,281,144,0,25,0,0,0,0,0,1298,1629.89,1.00446,23.2045,175346,16,39022,114,489241,64,156088,456,32,4,14165,29838,453280,119352,572632,2,2,12,4,8,8,6,20,20,20260807,5,1,1,1,0,0,0,6129,0.255375,1,0.0015,0
106,1551.58,10,0,8.81558,0.961292,0,0,0,9.77688,47,47,0,1,1.80238,1.80238,240,125,1,27,0,0,0,0,0,1301,1633.12,1.34871,23.2045,175991,16,39022,114,490972,64,156088,456,32,4,15103,31950,483296,127800,611096,2,2,12,4,8,8,6,20,20,20260807,5,1,1,1,0,0,0,6130,0.255417,1,0.0015,1
107,1561.46,10,0,9.00383,0.791042,0,0,0,9.79487,39,39,0,1,1.80238,1.80238,198,124,0,29,0,0,0,0,0,1302,1634.26,1.13525,23.2045,176213,16,39022,114,491557,64,156088,456,32,4,16481,35040,527392,140160,667552,1,1,12,4,8,8,7,20,20,20260807,5,1,1,1,0,0,0,6130,0.255417,1,0.0015,0
108,1574.95,13,0,8.48333,4.94933,0,0,0,13.4327,31,31,0,1,1.80238,1.80238,157,108,0,29,0,0,0,0,0,1303,1635.27,1.00842,23.2045,176213,16,39022,114,491557,64,156088,456,32,4,16481,35040,527392,140160,667552,1,1,12,4,8,8,7,20,20,20260807,5,1,1,1,0,0,0,6130,0.255417,1,0.0015,0
109,1584.3,10,0,8.40321,0.8465,0,0,0,9.24971,27,27,0,1,1.80238,1.80238,136,103,0,29,0,0,0,0,0,1303,1635.27,1.00842,23.2045,176213,16,39022,114,491557,64,156088,456,32,4,16481,35040,527392,140160,667552,0,0,12,4,8,8,8,20,20,20260807,5,1,1,1,0,0,0,6130,0.255417,1,0.0015,0
110,1591.59,7,0,0.729333,6.48463,0,0,0,7.21396,27,27,0,1,1.80238,1.80238,136,102,0,29,0,0,0,0,0,1303,1635.27,1.00842,23.2045,176213,16,39022,114,491557,64,156088,456,32,4,16481,35040,527392,140160,667552,0,0,12,4,8,8,8,20,20,20260807,5,1,1,1,0,0,0,6131,0.255458,1,0.0015,1
111,1595.4,4,0,2.97187,0.747333,0,0,0,3.71921,28,27,0,1,1.80238,1.80238,136,98,0,34,0,0,0,0,0,1308,1640.19,1.07958,23.2045,177245,16,39200,114,494308,64,156800,456,32,4,19944,42300,638208,169200,807408,0,0,12,4,8,8,8,20,20,20260807,5,1,1,1,0,0,0,6131,0.255458,1,0.0015,0
112,1608.21,12,0,0.5185,12.2342,0,0,0,12.7528,28,27,0,1,1.80238,1.80238,136,98,0,34,0,0,0,0,0,1308,1640.19,1.07958,23.2045,177245,16,39200,114,494308,64,156800,456,32,4,19944,42300,638208,169200,807408,0,0,12,4,8,8,8,20,20,20260807,5,1,1,1,0,0,0,6131,0.255458,1,0.0015,0
113,1612.26,5,0,3.13325,0.818792,0,0,0,3.95204,29,28,0,1,1.80238,1.80238,141,98,1,38,0,0,0,0,0,1313,1646.18,1.63183,23.2045,178337,16,39200,120,497404,64,156800,480,32,4,22899,48504,732768,194016,926784,0,0,12,4,8,8,8,20,20,20260807,5,1,1,1,0,0,0,6131,0.255458,1,0.0015,0
114,1627.53,15,0,14.2808,0.890208,0,0,0,15.171,30,30,0,1,1.80238,1.80238,151,108,0,39,0,0,0,0,0,1313,1646.18,1.63183,23.2045,178337,16,39200,120,497404,64,156800,480,32,4,23064,48888,738048,195552,933600,0,0,12,4,8,8,8,20,20,20260807,5,1,1,1,0,0,0,6131,0.255458,1,0.0015,0
115,1629.1,1,0,0.588833,0.912125,0,0,0,1.50096,31,30,0,1,1.80238,1.80238,151,108,0,39,0,0,0,0,0,1313,1646.18,1.63183,23.2045,178337,16,39200,120,497404,64,156800,480,32,4,23064,48888,738048,195552,933600,0,0,12,4,8,8,8,20,20,20260807,5,1,1,1,0,0,0,6131,0.255458,1,0.0015,0
116,1657.52,29,0,0.608375,27.7722,0,0,0,28.3806,31,30,0,1,1.80238,1.80238,151,108,0,39,0,0,0,0,0,1313,1646.18,1.63183,23.2045,178337,16,39200,120,497404,64,156800,480,32,4,23064,48888,738048,195552,933600,0,0,12,4,8,8,8,20,20,20260807,5,1,1,1,0,0,0,6131,0.255458,1,0.0015,0
117,1684.19,26,0,25.728,0.868625,0,0,0,26.5966,32,32,0,1,1.80238,1.80238,161,111,0,46,0,0,0,0,0,1320,1660.33,3.56404,23.2045,179643,16,39449,120,501037,64,157796,480,32,4,27693,58218,886176,232872,1119048,0,0,12,4,8,8,8,20,20,20260807,5,1,1,1,0,0,0,6132,0.2555,1,0.0015,1
118,1687.92,4,0,0.584542,3.07196,0,0,0,3.6565,32,32,0,1,1.80238,1.80238,161,111,0,46,0,0,0,0,0,1320,1660.33,3.56404,23.2045,179643,16,39449,120,501037,64,157796,480,32,4,27693,58218,886176,232872,1119048,0,0,12,4,8,8,8,20,20,20260807,5,1,1,1,0,0,0,6133,0.255542,1,0.0015,1
119,1698.82,11,0,0.754834,10.0738,0,0,0,10.8287,32,32,0,1,1.80238,1.80238,161,111,0,46,0,0,0,0,0,1320,1660.33,3.56404,23.2045,179643,16,39449,120,501037,64,157796,480,32,4,27693,58218,886176,232872,1119048,0,0,12,4,8,8,8,20,20,20260807,5,1,1,1,0,0,0,6133,0.255542,1,0.0015,0
120,1717.38,19,0,17.6771,0.783834,0,0,0,18.461,33,33,0,1,1.80238,1.80238,166,109,3,48,0,0,0,0,0,1326,1666.4,1.144,23.2045,181206,16,39449,120,505389,64,157796,480,32,4,30095,63372,963040,253488,1216528,0,0,12,4,8,8,8,20,20,20260807,5,1,1,1,0,0,0,6133,0.255542,1,0.0015,0
121,1725.45,8,0,7.22042,0.776041,0,0,0,7.99646,34,33,0,1,1.80238,1.80238,166,108,1,52,0,0,0,0,0,1328,1668.74,1.14613,23.2045,181729,16,39449,120,506801,64,157796,480,32,4,33351,70464,1067232,281856,1349088,0,0,12,4,8,8,8,20,20,20260807,5,1,1,1,0,0,0,6133,0.255542,1,0.0015,0
122,1729.15,3,0,2.81604,0.810917,0,0,0,3.62696,34,34,0,1,1.80238,1.80238,171,113,0,53,0,0,0,0,0,1328,1668.74,1.14613,23.2045,181729,16,39449,120,506801,64,157796,480,32,4,33457,70734,1070624,282936,1353560,0,0,12,4,8,8,8,20,20,20260807,5,1,1,1,0,0,0,6133,0.255542,1,0.0015,0
123,1741.71,13,0,0.329792,12.1619,0,0,0,12.4917,35,34,0,1,1.80238,1.80238,171,113,0,53,0,0,0,0,0,1328,1668.74,1.14613,23.2045,181729,16,39449,120,506801,64,157796,480,32,4,33457,70734,1070624,282936,1353560,0,0,12,4,8,8,8,20,20,20260807,5,1,1,1,0,0,0,6133,0.255542,1,0.0015,0
124,1744.7,3,0,0.421584,2.46771,0,0,0,2.88929,36,35,0,1,1.80238,1.80238,176,118,0,53,0,0,0,0,0,1328,1668.74,1.14613,23.2045,181729,16,39449,120,506801,64,157796,480,32,4,33457,70734,1070624,282936,1353560,0,0,12,4,8,8,8,20,20,20260807,5,1,1,1,0,0,0,6134,0.255583,1,0.0015,1
125,1758.28,14,0,2.88646,10.623,0,0,0,13.5095,36,36,0,1,1.80238,1.80238,181,123,0,53,0,0,0,0,0,1328,1668.74,1.14613,23.2045,181729,16,39449,120,506801,64,157796,480,32,4,33457,70734,1070624,282936,1353560,0,0,12,4,8,8,8,20,20,20260807,5,1,1,1,0,0,0,6134,0.255583,1,0.0015,0
126,1761.92,3,0,2.68204,0.875208,0,0,0,3.55725,37,36,0,1,1.80238,1.80238,181,118,1,56,0,0,0,0,0,1333,1676.59,2.11133,23.2045,182021,16,39449,120,507653,64,157796,480,32,4,34309,72486,1097888,289944,1387832,0,0,12,4,8,8,8,20,20,20260807,5,1,1,1,0,0,0,6134,0.255583,1,0.0015,0
127,1774.99,13,0,0.349833,12.652,0,0,0,13.0018,37,36,0,1,1.80238,1.80238,181,118,0,56,0,0,0,0,0,1333,1676.59,2.11133,23.2045,182021,16,39449,120,507653,64,157796,480,32,4,34309,72486,1097888,289944,1387832,0,0,12,4,8,8,8,20,20,20260807,5,1,1,1,0,0,0,6134,0.255583,1,0.0015,0
128,1777.8,3,0,0.419208,2.31883,0,0,0,2.73804,38,38,0,1,1.80238,1.80238,191,128,0,56,0,0,0,0,0,1333,1676.59,2.11133,23.2045,182021,16,39449,120,507653,64,157796,480,32,4,34309,72486,1097888,289944,1387832,0,0,12,4,8,8,8,20,20,20260807,5,1,1,1,0,0,0,6134,0.255583,1,0.0015,0
129,1791.66,14,0,0.425,13.2645,0,0,0,13.6895,39,38,0,1,1.80238,1.80238,191,128,0,56,0,0,0,0,0,1333,1676.59,2.11133,23.2045,182021,16,39449,120,507653,64,157796,480,32,4,34309,72486,1097888,289944,1387832,0,0,12,4,8,8,8,20,20,20260807,5,1,1,1,0,0,0,6134,0.255583,1,0.0015,0
130,1795.49,4,0,2.83387,0.919125,0,0,0,3.753,40,39,0,1,1.80238,1.80238,196,128,1,59,0,0,0,0,0,1338,1682.89,1.68954,23.2045,182636,16,39705,120,509319,64,158820,480,32,4,36885,77484,1180320,309936,1490256,0,0,12,4,8,8,8,20,20,20260807,5,1,1,1,0,0,0,6135,0.255625,1,0.0015,1
131,1808.77,13,0,12.4433,0.777084,0,0,0,13.2203,40,40,0,1,1.80238,1.80238,201,131,1,60,0,0,0,0,0,1339,1683.39,0.503666,23.2045,182757,16,39723,120,509666,64,158892,480,32,4,36999,77712,1183968,310848,1494816,0,0,12,4,8,8,8,20,20,20260807,5,1,1,1,0,0,0,6135,0.255625,1,0.0015,0
132,1811.87,3,0,2.21513,0.820625,0,0,0,3.03575,40,40,0,1,1.80238,1.80238,201,129,1,62,0,0,0,0,0,1341,1686.86,1.13629,23.2045,183077,16,39723,120,510529,64,158892,480,32,4,38165,80244,1221280,320976,1542256,0,0,12,4,8,8,8,20,20,20260807,5,1,1,1,0,0,0,6135,0.255625,1,0.0015,0
133,1825.47,14,0,12.7088,0.831625,0,0,0,13.5405,41,41,0,1,1.80238,1.80238,206,130,1,64,2,0,0,0,0,1343,1689.75,1.14625,23.2045,183445,16,39723,120,511538,64,158892,480,32,4,38442,80790,1230144,323160,1553304,0,0,12,4,8,8,8,20,20,20260807,5,1,1,1,0,0,0,6135,0.255625,1,0.0015,0
134,1831.1,5,0,3.52942,2.03996,0,0,0,5.56937,41,41,0,1,1.80238,1.80238,206,128,0,69,0,0,0,0,0,1347,1695.47,1.82108,23.2045,185448,20,39723,144,518552,80,158892,576,32,4,46416,94860,1485312,379440,1864752,0,0,12,4,8,8,8,20,20,20260807,5,1,1,1,0,0,0,6135,0.255625,1,0.0015,0
135,1843.06,12,0,10.8556,1.03246,0,0,0,11.8881,42,42,0,1,1.80238,1.80238,212,132,2,70,0,0,0,0,0,1350,1698.85,1.11437,23.2045,186326,20,39723,144,520917,80,158892,576,32,4,47011,96180,1504352,384720,1889072,0,0,12,4,8,8,8,20,20,20260807,5,1,1,1,0,0,0,6135,0.255625,1,0.0015,0
136,1845.12,2,0,1.21842,0.772208,0,0,0,1.99063,43,42,0,1,1.80238,1.80238,212,132,0,72,0,0,0,0,0,1350,1698.85,1.11437,23.2045,186326,20,39723,144,520917,80,158892,576,32,4,48781,100128,1560992,400512,1961504,0,0,12,4,8,8,8,20,20,20260807,5,1,1,1,0,0,0,6136,0.255667,1,0.0015,1
137,1858.58,14,0,0.328583,13.0768,0,0,0,13.4054,43,42,0,1,1.80238,1.80238,212,132,0,72,0,0,0,0,0,1350,1698.85,1.11437,23.2045,186326,20,39723,144,520917,80,158892,576,32,4,48781,100128,1560992,400512,1961504,0,0,12,4,8,8,8,20,20,20260807,5,1,1,1,0,0,0,6136,0.255667,1,0.0015,0
138,1861.61,3,0,0.467125,2.49496,0,0,0,2.96208,44,43,0,1,1.80238,1.80238,217,137,0,72,0,0,0,0,0,1350,1698.85,1.11437,23.2045,186326,20,39723,144,520917,80,158892,576,32,4,48781,100128,1560992,400512,1961504,0,0,12,4,8,8,8,20,20,20260807,5,1,1,1,0,0,0,6136,0.255667,1,0.0015,0
139,1875.79,14,0,13.1306,0.968792,0,0,0,14.0994,45,44,0,1,1.80238,1.80238,222,134,5,74,1,0,0,0,0,1357,1706.47,1.08479,23.2045,188554,24,39723,172,528639,96,158892,688,32,4,53154,107490,1700928,429960,2130888,0,0,12,4,8,8,8,20,20,20260807,5,1,1,1,0,0,0,6136,0.255667,1,0.0015,0
140,1878.53,3,0,1.77375,0.896875,0,0,0,2.67062,45,44,0,1,1.80238,1.80238,222,134,0,79,0,0,0,0,0,1358,1707.47,1.00504,23.2045,188908,24,39723,182,529944,96,158892,728,32,4,57976,115872,1855232,463488,2318720,0,0,12,4,8,8,8,20,20,20260807,5,1,1,1,0,0,0,6136,0.255667,1,0.0015,0
141,1891.75,13,0,0.35825,12.8078,0,0,0,13.166,45,44,0,1,1.80238,1.80238,222,134,0,79,0,0,0,0,0,1358,1707.47,1.00504,23.2045,188908,24,39723,182,529944,96,158892,728,32,4,57976,115872,1855232,463488,2318720,0,0,12,4,8,8,8,20,20,20260807,5,1,1,1,0,0,0,6136,0.255667,1,0.0015,0
142,1895.68,4,0,2.77467,1.087,0,0,0,3.86167,46,45,0,1,1.80238,1.80238,227,134,1,83,0,0,0,0,0,1363,1712.75,1.35421,23.2045,189660,24,39861,182,531990,96,159444,728,32,4,59860,119610,1915520,478440,2393960,0,0,12,4,8,8,8,20,20,20260807,5,1,1,1,0,0,0,6137,0.255708,1,0.0015,1
143,1908.97,13,0,12.2478,0.972875,0,0,0,13.2207,46,46,0,1,1.80238,1.80238,233,135,2,84,3,0,0,0,0,1365,1714.74,1.04146,23.2045,190314,24,39861,184,534381,96,159444,736,32,4,60574,121212,1938368,484848,2423216,0,0,12,4,8,8,8,20,20,20260807,5,1,1,1,0,0,0,6137,0.255708,1,0.0015,0
144,1913.13,4,0,2.94787,1.10492,0,0,0,4.05279,46,46,0,1,1.80238,1.80238,233,134,0,89,1,0,0,0,0,1369,1719.74,1.47837,23.2045,191179,24,39861,196,537257,96,159444,784,32,4,65897,130410,2108704,521640,2630344,0,0,12,4,8,8,8,20,20,20260807,5,1,1,1,0,0,0,6137,0.255708,1,0.0015,0
145,1925.88,13,0,11.5539,1.12554,0,0,0,12.6794,48,47,0,1,1.80238,1.80238,238,138,1,89,0,0,0,0,0,1371,1722.43,1.52812,23.2045,191802,28,39861,204,539294,112,159444,816,32,4,65880,130392,2108160,521568,2629728,0,0,12,4,8,8,8,20,20,20260807,5,1,1,1,0,0,0,6137,0.255708,1,0.0015,0
146,1928.83,3,0,1.808,1.07708,0,0,0,2.88508,48,47,0,1,1.80238,1.80238,238,138,0,90,0,0,0,0,0,1371,1722.43,1.52812,23.2045,191802,28,39861,204,539294,112,159444,816,32,4,66392,131484,2124544,525936,2650480,0,0,12,4,8,8,8,20,20,20260807,5,1,1,1,0,0,0,6137,0.255708,1,0.0015,0
147,1941.91,13,0,2.39171,10.6192,0,0,0,13.0109,48,48,0,1,1.80238,1.80238,243,143,0,90,0,0,0,0,0,1371,1722.43,1.52812,23.2045,191802,28,39861,204,539294,112,159444,816,32,4,66392,131484,2124544,525936,2650480,0,0,12,4,8,8,8,20,20,20260807,5,1,1,1,0,0,0,6137,0.255708,1,0.0015,0
148,1945.08,3,0,0.743667,2.34938,0,0,0,3.09304,49,49,0,1,1.80238,1.80238,249,148,0,90,0,0,0,0,0,1371,1722.43,1.52812,23.2045,191802,28,39861,204,539294,112,159444,816,32,4,66392,131484,2124544,525936,2650480,0,0,12,4,8,8,8,20,20,20260807,5,1,1,1,0,0,0,6138,0.25575,1,0.0015,1
149,1959.25,15,0,12.9285,1.12733,0,0,0,14.0558,51,50,0,1,1.80238,1.80238,254,149,3,92,0,0,0,0,0,1376,1727.75,1.01858,23.2045,192848,28,39861,206,542453,112,159444,824,32,4,68721,135954,2199072,543816,2742888,0,0,12,4,8,8,8,20,20,20260807,5,1,1,1,0,0,0,6138,0.25575,1,0.0015,0
150,1965.26,6,0,4.69075,1.25179,0,0,0,5.94254,51,51,0,1,1.80238,1.80238,259,154,0,93,0,0,0,0,0,1376,1727.75,1.01858,23.2045,192848,28,39861,206,542453,112,159444,824,32,4,69559,137772,2225888,551088,2776976,0,0,12,4,8,8,8,20,20,20260807,5,1,1,1,0,0,0,6138,0.25575,1,0.0015,0
151,1975.18,9,0,0.498166,9.35033,0,0,0,9.8485,52,51,0,1,1.80238,1.80238,259,154,0,93,0,0,0,0,0,1376,1727.75,1.01858,23.2045,192848,28,39861,206,542453,112,159444,824,32,4,69559,137772,2225888,551088,2776976,0,0,12,4,8,8,8,20,20,20260807,5,1,1,1,0,0,0,6138,0.25575,1,0.0015,0
152,1979.18,4,0,2.84963,1.076,0,0,0,3.92563,52,52,0,1,1.80238,1.80238,264,155,1,95,0,0,0,0,0,1379,1731.11,1.66213,23.2045,193403,28,40117,206,543997,112,160468,824,32,4,71004,140214,2272128,560856,2832984,0,0,12,4,8,8,8,20,20,20260807,5,1,1,1,0,0,0,6138,0.25575,1,0.0015,0
153,1992.5,14,0,12.1886,1.06179,0,0,0,13.2504,53,53,0,1,1.80238,1.80238,269,157,2,97,0,0,0,0,0,1382,1734.45,0.728542,23.2045,193661,28,40117,208,544818,112,160468,832,32,4,72157,142728,2309024,570912,2879936,0,0,12,4,8,8,8,20,20,20260807,5,1,1,1,0,0,0,6138,0.25575,1,0.0015,0
154,1995.63,3,0,1.97988,1.08187,0,0,0,3.06175,53,53,0,1,1.80238,1.80238,269,155,1,100,0,0,0,0,0,1384,1736.94,1.34621,23.2045,193998,28,40117,208,545733,112,160468,832,32,4,73411,145212,2349152,580848,2930000,0,0,12,4,8,8,8,20,20,20260807,5,1,1,1,0,0,0,6139,0.255792,1,0.0015,1
155,2010.74,15,0,13.7287,1.31517,0,0,0,15.0439,54,54,0,1,1.80238,1.80238,275,158,1,102,4,0,0,0,0,1386,1739.19,0.998125,23.2045,194547,28,40117,208,547239,112,160468,832,32,4,74839,148296,2394848,593184,2988032,0,0,12,4,8,8,8,20,20,20260807,5,1,1,1,0,0,0,6139,0.255792,1,0.0015,0
156,2015.01,4,0,2.79608,1.40138,0,0,0,4.19746,54,54,0,1,1.80238,1.80238,275,156,0,106,2,0,0,0,0,1389,1742.3,1.20825,23.2045,195341,28,40117,214,550124,112,160468,856,32,4,78286,154314,2505152,617256,3122408,0,0,12,4,8,8,8,20,20,20260807,5,1,1,1,0,0,0,6139,0.255792,1,0.0015,0
157,2026.24,12,0,9.80567,1.32621,0,0,0,11.1319,55,54,0,1,1.80238,1.80238,275,154,3,106,0,0,0,0,0,1394,1749.79,1.5905,23.2045,196703,32,40117,234,554500,128,160468,936,32,4,78241,154254,2503712,617016,3120728,0,0,12,4,8,8,8,20,20,20260807,5,1,1,1,0,0,0,6139,0.255792,1,0.0015,0
158,2028.89,2,0,1.45562,1.11262,0,0,0,2.56825,55,54,0,1,1.80238,1.80238,275,154,0,108,0,0,0,0,0,1394,1749.79,1.5905,23.2045,196703,32,40117,234,554500,128,160468,936,32,4,79563,157140,2546016,628560,3174576,0,0,12,4,8,8,8,20,20,20260807,5,1,1,1,0,0,0,6139,0.255792,1,0.0015,0
159,2042.18,13,0,2.80767,10.3804,0,0,0,13.1881,55,55,0,1,1.80238,1.80238,281,160,0,108,0,0,0,0,0,1394,1749.79,1.5905,23.2045,196703,32,40117,234,554500,128,160468,936,32,4,79563,157140,2546016,628560,3174576,0,0,12,4,8,8,8,20,20,20260807,5,1,1,1,0,0,0,6139,0.255792,1,0.0015,0
160,2046.28,5,0,2.96921,1.05471,0,0,0,4.02392,57,56,0,1,1.80238,1.80238,287,166,0,108,0,0,0,0,0,1394,1749.79,1.5905,23.2045,196703,32,40117,234,554500,128,160468,936,32,4,79563,157140,2546016,628560,3174576,4,4,12,4,13,12,8,20,20,20260807,5,1,1,1,0,0,0,6140,0.255833,1,0.0015,1
161,2058.73,12,0,0.455584,11.9235,0,0,0,12.379,57,56,0,1,1.80238,1.80238,287,166,0,108,0,0,0,0,0,1394,1749.79,1.5905,23.2045,196703,32,40117,234,554500,128,160468,936,32,4,79563,157140,2546016,628560,3174576,4,4,12,4,13,12,8,20,20,20260807,5,1,1,1,0,0,0,6140,0.255833,1,0.0015,0
162,2063.8,5,0,3.57779,1.41896,0,0,0,4.99675,57,57,0,1,1.80238,1.80238,293,169,0,111,0,0,0,0,0,1398,1755.2,1.10817,23.2045,198186,36,40117,252,559545,144,160468,1008,32,4,82610,162576,2643520,650304,3293824,4,4,12,4,13,12,8,20,20,20260807,5,1,1,1,0,0,0,6140,0.255833,1,0.0015,0
163,2075.36,12,0,0.53825,10.9322,0,0,0,11.4704,57,57,0,1,1.80238,1.80238,293,168,0,111,0,0,0,0,0,1398,1755.2,1.10817,23.2045,198186,36,40117,252,559545,144,160468,1008,32,4,82610,162576,2643520,650304,3293824,4,4,12,4,13,12,8,20,20,20260807,5,1,1,1,0,0,0,6140,0.255833,1,0.0015,0
164,2079.28,4,0,2.71771,1.13125,0,0,0,3.84896,58,58,0,1,1.80238,1.80238,298,168,2,113,0,0,0,0,0,1403,1760.64,1.12254,23.2045,198719,36,40315,252,561025,144,161260,1008,32,4,83806,165168,2681792,660672,3342464,4,4,12,4,13,12,8,20,20,20260807,5,1,1,1,0,0,0,6140,0.255833,1,0.0015,0
165,2093.58,14,0,12.8513,1.38854,0,0,0,14.2398,59,59,0,1,1.80238,1.80238,303,171,2,116,0,0,0,0,0,1406,1764.69,1.77737,23.2045,199078,36,40315,252,561977,144,161260,1008,32,4,85056,167340,2721792,669360,3391152,4,4,12,4,13,12,8,20,20,20260807,5,1,1,1,0,0,0,6140,0.255833,1,0.0015,0
166,2095.53,2,0,0.884958,0.980625,0,0,0,1.86558,59,59,0,1,1.80238,1.80238,303,170,0,118,0,0,0,0,0,1406,1764.69,1.77737,23.2045,199078,36,40315,252,561977,144,161260,1008,32,4,85834,169116,2746688,676464,3423152,4,4,12,4,13,12,8,20,20,20260807,5,1,1,1,0,0,0,6141,0.255875,1,0.0015,1
167,2109.35,14,0,12.5052,1.24321,0,0,0,13.7484,60,59,0,1,1.80238,1.80238,303,166,4,119,0,0,0,0,0,1411,1773.33,1.34254,23.2045,199671,36,40315,252,563597,144,161260,1008,32,4,86070,169626,2754240,678504,3432744,4,4,12,4,13,12,8,20,20,20260807,5,1,1,1,0,0,0,6141,0.255875,1,0.0015,0
168,2115.7,6,0,4.71821,1.5585,0,0,0,6.27671,60,60,0,1,1.80238,1.80238,309,171,0,123,4,0,0,0,0,1411,1773.33,1.34254,23.2045,199671,36,40315,252,563597,144,161260,1008,32,4,87454,172674,2798528,690696,3489224,4,4,12,4,13,12,8,20,20,20260807,5,1,1,1,0,0,0,6141,0.255875,1,0.0015,0
169,2126.56,11,0,9.20904,1.56917,0,0,0,10.7782,60,60,0,1,1.80238,1.80238,309,168,3,123,2,0,0,0,0,1416,1782.53,3.78288,23.2045,201773,36,40315,270,570100,144,161260,1080,32,4,87343,172494,2794976,689976,3484952,4,4,12,4,13,12,8,20,20,20260807,5,1,1,1,0,0,0,6141,0.255875,1,0.0015,0
170,2131.57,5,0,3.3295,1.57446,0,0,0,4.90396,61,60,0,1,1.80238,1.80238,309,167,1,127,0,0,0,0,0,1419,1785.84,1.01892,23.2045,202724,40,40315,290,573130,160,161260,1160,32,4,91246,180708,2919872,722832,3642704,4,4,12,4,13,12,8,20,20,20260807,5,1,1,1,0,0,0,6141,0.255875,1,0.0015,0
171,2143.03,11,0,9.97354,1.41492,0,0,0,11.3885,61,61,0,1,1.80238,1.80238,315,172,0,128,0,0,0,0,0,1419,1785.84,1.01892,23.2045,202724,40,40315,290,573130,160,161260,1160,32,4,92007,182412,2944224,729648,3673872,4,4,12,4,13,12,8,20,20,20260807,5,1,1,1,0,0,0,6141,0.255875,1,0.0015,0
172,2145.68,3,0,1.38104,1.20217,0,0,0,2.58321,61,61,0,1,1.80238,1.80238,315,169,1,130,0,0,0,0,0,1422,1788.33,1.11396,23.2045,203372,40,40315,304,575462,160,161260,1216,32,4,94307,186198,3017824,744792,3762616,4,4,12,4,13,12,8,20,20,20260807,5,1,1,1,0,0,0,6142,0.255917,1,0.0015,1
173,2159.64,14,0,12.3725,1.49758,0,0,0,13.8701,62,61,0,1,1.80238,1.80238,315,167,2,132,0,0,0,0,0,1425,1793.44,1.21883,23.2045,204194,40,40315,304,577733,160,161260,1216,32,4,95481,188790,3055392,755160,3810552,4,4,12,4,13,12,8,20,20,20260807,5,1,1,1,0,0,0,6142,0.255917,1,0.0015,0
174,2163.78,4,0,2.65467,1.40467,0,0,0,4.05933,62,62,0,1,1.80238,1.80238,321,173,0,134,0,0,0,0,0,1425,1793.44,1.21883,23.2045,204194,40,40315,304,577733,160,161260,1216,32,4,96666,191316,3093312,765264,3858576,4,4,12,4,13,12,8,20,20,20260807,5,1,1,1,0,0,0,6142,0.255917,1,0.0015,0
175,2179.09,15,0,0.681041,14.5597,0,0,0,15.2408,63,62,0,1,1.80238,1.80238,321,173,0,134,0,0,0,0,0,1425,1793.44,1.21883,23.2045,204194,40,40315,304,577733,160,161260,1216,32,4,96666,191316,3093312,765264,3858576,4,4,12,4,13,12,8,20,20,20260807,5,1,1,1,0,0,0,6142,0.255917,1,0.0015,0
176,2192.22,14,0,0.706042,12.3485,0,0,0,13.0546,64,63,0,1,1.80238,1.80238,327,179,0,134,0,0,0,0,0,1425,1793.44,1.21883,23.2045,204194,40,40315,304,577733,160,161260,1216,32,4,96666,191316,3093312,765264,3858576,4,4,12,4,13,12,8,20,20,20260807,5,1,1,1,0,0,0,6142,0.255917,1,0.0015,0
177,2196.14,3,0,2.37321,1.46858,0,0,0,3.84179,64,64,0,1,1.80238,1.80238,333,182,0,136,0,0,0,0,0,1427,1796.54,2.15392,23.2045,205409,40,40315,312,581494,160,161260,1248,32,4,100459,198654,3214688,794616,4009304,4,4,12,4,13,12,8,20,20,20260807,5,1,1,1,0,0,0,6143,0.255958,1,0.0015,1
178,2209.71,14,0,12.0895,1.41058,0,0,0,13.5,65,65,0,1,1.80238,1.80238,339,186,2,137,0,0,0,0,0,1430,1801.13,1.16525,23.2045,205677,40,40315,312,582206,160,161260,1248,32,4,101165,200250,3237280,801000,4038280,4,4,12,4,13,12,8,20,20,20260807,5,1,1,1,0,0,0,6143,0.255958,1,0.0015,0
179,2212.5,3,0,1.40483,1.31604,0,0,0,2.72087,65,65,0,1,1.80238,1.80238,339,184,1,138,0,0,0,0,0,1431,1802.05,0.919583,23.2045,206022,40,40315,324,583412,160,161260,1296,32,4,101171,200262,3237472,801048,4038520,4,4,12,4,13,12,8,20,20,20260807,5,1,1,1,0,0,0,6143,0.255958,1,0.0015,0
180,2227.78,15,0,13.6459,1.56767,0,0,0,15.2136,66,66,0,1,1.80238,1.80238,345,187,3,140,0,0,0,0,0,1435,1807.26,1.04125,23.2045,206880,40,40315,324,585722,160,161260,1296,32,4,102690,203082,3286080,812328,4098408,4,4,12,4,13,12,8,20,20,20260807,5,1,1,1,0,0,0,6143,0.255958,1,0.0015,0
181,2230.12,2,0,1.00458,1.26042,0,0,0,2.265,66,66,0,1,1.80238,1.80238,345,185,1,143,0,0,0,0,0,1436,1808.27,1.01154,23.2045,207411,40,40315,332,587616,160,161260,1328,32,4,104735,207552,3351520,830208,4181728,4,4,12,4,13,12,8,20,20,20260807,5,1,1,1,0,0,0,6143,0.255958,1,0.0015,0
182,2244.87,15,0,13.074,1.62396,0,0,0,14.698,67,67,0,1,1.80238,1.80238,350,186,3,146,0,0,0,0,0,1441,1812.87,1.04913,23.2045,208066,40,40315,332,589491,160,161260,1328,32,4,106910,211200,3421120,844800,4265920,4,4,12,4,13,12,8,20,20,20260807,5,1,1,1,0,0,0,6143,0.255958,1,0.0015,0
183,2247.1,2,0,0.893541,1.26162,0,0,0,2.15517,67,67,0,1,1.80238,1.80238,350,184,0,149,0,0,0,0,0,1442,1813.4,0.529708,23.2045,208133,40,40315,332,589688,160,161260,1328,32,4,108733,215118,3479456,860472,4339928,4,4,12,4,13,12,8,20,20,20260807,5,1,1,1,0,0,0,6144,0.256,1,0.0015,1
184,2262.43,16,0,13.7488,1.51746,0,0,0,15.2662,68,68,0,1,1.80238,1.80238,356,187,3,150,0,0,0,0,0,1446,1818.3,1.06104,23.2045,208542,40,40315,332,590796,160,161260,1328,32,4,108771,215184,3480672,860736,4341408,4,4,12,4,13,12,8,20,20,20260807,5,1,1,1,0,0,0,6144,0.256,1,0.0015,0
185,2264.59,2,0,0.862167,1.231,0,0,0,2.09317,68,68,0,1,1.80238,1.80238,356,186,0,152,0,0,0,0,0,1446,1818.3,1.06104,23.2045,208542,40,40315,332,590796,160,161260,1328,32,4,109841,217572,3514912,870288,4385200,4,4,12,4,13,12,8,20,20,20260807,5,1,1,1,0,0,0,6144,0.256,1,0.0015,0
186,2278.9,14,0,12.5555,1.69108,0,0,0,14.2465,69,69,0,1,1.80238,1.80238,361,188,3,153,0,0,0,0,0,1450,1824.1,0.793666,23.2045,209596,40,40315,332,593802,160,161260,1328,32,4,110652,219354,3540864,877416,4418280,4,4,12,4,13,12,8,20,20,20260807,5,1,1,1,0,0,0,6144,0.256,1,0.0015,0
187,2281.9,3,0,1.33004,1.602,0,0,0,2.93204,70,69,0,1,1.80238,1.80238,361,188,0,156,0,0,0,0,0,1450,1824.1,0.793666,23.2045,209596,40,40315,332,593802,160,161260,1328,32,4,112847,223896,3611104,895584,4506688,4,4,12,4,13,12,8,20,20,20260807,5,1,1,1,0,0,0,6144,0.256,1,0.0015,0
188,2298.99,17,0,3.92029,13.066,0,0,0,16.9863,70,70,0,1,1.80238,1.80238,366,193,0,156,0,0,0,0,0,1450,1824.1,0.793666,23.2045,209596,40,40315,332,593802,160,161260,1328,32,4,112847,223896,3611104,895584,4506688,4,4,12,4,13,12,8,20,20,20260807,5,1,1,1,0,0,0,6144,0.256,1,0.0015,0
189,2313.12,14,0,12.4612,1.59563,0,0,0,14.0569,72,72,0,1,1.80238,1.80238,377,199,2,159,0,0,0,0,0,1455,1829.77,1.20404,23.2045,209770,40,40542,332,594288,160,162168,1328,32,4,113937,225636,3645984,902544,4548528,4,4,12,4,13,12,8,20,20,20260807,5,1,1,1,0,0,0,6145,0.256042,1,0.0015,1
190,2315.54,3,0,1.07421,1.279,0,0,0,2.35321,72,72,0,1,1.80238,1.80238,377,197,1,161,0,0,0,0,0,1456,1830.56,0.791292,23.2045,210077,40,40542,340,595352,160,162168,1360,32,4,114241,226302,3655712,905208,4560920,4,4,12,4,13,12,8,20,20,20260807,5,1,1,1,0,0,0,6145,0.256042,1,0.0015,0
191,2326.48,11,0,9.20521,1.67425,0,0,0,10.8795,73,72,0,1,1.80238,1.80238,377,194,3,162,0,0,0,0,0,1460,1836.2,1.04279,23.2045,210225,40,40542,340,595740,160,162168,1360,32,4,115337,228192,3690784,912768,4603552,4,4,12,4,13,12,8,20,20,20260807,5,1,1,1,0,0,0,6145,0.256042,1,0.0015,0
192,2329.08,2,0,1.10613,1.407,0,0,0,2.51313,73,72,0,1,1.80238,1.80238,377,194,0,164,0,0,0,0,0,1460,1836.2,1.04279,23.2045,210225,40,40542,340,595740,160,162168,1360,32,4,115725,229080,3703200,916320,4619520,4,4,12,4,13,12,8,20,20,20260807,5,1,1,1,0,0,0,6145,0.256042,1,0.0015,0
193,2342.42,14,0,2.46271,10.7942,0,0,0,13.257,73,73,0,1,1.80238,1.80238,383,200,0,164,0,0,0,0,0,1460,1836.2,1.04279,23.2045,210225,40,40542,340,595740,160,162168,1360,32,4,115725,229080,3703200,916320,4619520,4,4,12,4,13,12,8,20,20,20260807,5,1,1,1,0,0,0,6145,0.256042,1,0.0015,0
194,2346.16,3,0,2.08542,1.58646,0,0,0,3.67188,74,73,0,1,1.80238,1.80238,383,196,0,167,0,0,0,0,0,1464,1842.26,1.43575,23.2045,211497,40,40542,340,599311,160,162168,1360,32,4,119296,236712,3817472,946848,4764320,4,4,12,4,13,12,8,20,20,20260807,5,1,1,1,0,0,0,6146,0.256083,1,0.0015,1
195,2358.97,13,0,0.707292,12.0323,0,0,0,12.7396,74,73,0,1,1.80238,1.80238,383,196,0,167,0,0,0,0,0,1464,1842.26,1.43575,23.2045,211497,40,40542,340,599311,160,162168,1360,32,4,119296,236712,3817472,946848,4764320,4,4,12,4,13,12,8,20,20,20260807,5,1,1,1,0,0,0,6146,0.256083,1,0.0015,0
196,2361.83,3,0,0.682792,2.10412,0,0,0,2.78692,75,74,0,1,1.80238,1.80238,389,202,0,167,0,0,0,0,0,1464,1842.26,1.43575,23.2045,211497,40,40542,340,599311,160,162168,1360,32,4,119296,236712,3817472,946848,4764320,4,4,12,4,13,12,8,20,20,20260807,5,1,1,1,0,0,0,6146,0.256083,1,0.0015,0
197,2375.81,14,0,3.93792,9.95712,0,0,0,13.895,75,75,0,1,1.80238,1.80238,395,208,0,167,0,0,0,0,0,1464,1842.26,1.43575,23.2045,211497,40,40542,340,599311,160,162168,1360,32,4,119296,236712,3817472,946848,4764320,4,4,12,4,13,12,8,20,20,20260807,5,1,1,1,0,0,0,6146,0.256083,1,0.0015,0
198,2378.61,3,0,0.927625,1.79004,0,0,0,2.71767,76,76,0,1,1.80238,1.80238,401,213,0,167,0,0,0,0,0,1464,1842.26,1.43575,23.2045,211497,40,40542,340,599311,160,162168,1360,32,4,119296,236712,3817472,946848,4764320,4,4,12,4,13,12,8,20,20,20260807,5,1,1,1,0,0,0,6146,0.256083,1,0.0015,0
199,2393.22,15,0,12.8636,1.68637,0,0,0,14.55,77,76,0,1,1.80238,1.80238,401,208,5,168,0,0,0,0,0,1470,1850.43,1.01796,23.2045,213032,40,40542,344,603882,160,162168,1376,32,4,120139,238194,3844448,952776,4797224,4,4,12,4,13,12,8,20,20,20260807,5,1,1,1,0,0,0,6146,0.256083,1,0.0015,0
200,2399.36,6,0,4.21521,1.82346,0,0,0,6.03867,77,77,0,1,1.80238,1.80238,407,214,0,173,0,0,0,0,0,1470,1850.43,1.01796,23.2045,213032,40,40542,344,603882,160,162168,1376,32,4,123883,245946,3964256,983784,4948040,4,4,12,4,13,12,8,20,20,20260807,5,1,1,1,0,0,0,6147,0.256125,1,0.0015,1
201,2409.16,9,0,0.674208,9.0575,0,0,0,9.73171,78,77,0,1,1.80238,1.80238,407,214,0,173,0,0,0,0,0,1470,1850.43,1.01796,23.2045,213032,40,40542,344,603882,160,162168,1376,32,4,123883,245946,3964256,983784,4948040,4,4,12,4,13,12,8,20,20,20260807,5,1,1,1,0,0,0,6147,0.256125,1,0.0015,0
202,2412.38,4,0,1.63304,1.50304,0,0,0,3.13608,78,78,0,1,1.80238,1.80238,413,220,0,173,0,0,0,0,0,1470,1850.43,1.01796,23.2045,213032,40,40542,344,603882,160,162168,1376,32,4,123883,245946,3964256,983784,4948040,4,4,12,4,13,12,8,20,20,20260807,5,1,1,1,0,0,0,6147,0.256125,1,0.0015,0
203,2425.62,13,0,0.644459,12.5043,0,0,0,13.1487,79,78,0,1,1.80238,1.80238,413,220,0,173,0,0,0,0,0,1470,1850.43,1.01796,23.2045,213032,40,40542,344,603882,160,162168,1376,32,4,123883,245946,3964256,983784,4948040,4,4,12,4,13,12,8,20,20,20260807,5,1,1,1,0,0,0,6147,0.256125,1,0.0015,0
204,2429.57,4,0,2.25646,1.62538,0,0,0,3.88183,79,79,0,1,1.80238,1.80238,419,223,1,174,0,0,0,0,0,1472,1852.04,0.382708,23.2045,213486,40,40542,352,605505,160,162168,1408,32,4,125178,248178,4005696,992712,4998408,4,4,12,4,13,12,8,20,20,20260807,5,1,1,1,0,0,0,6147,0.256125,1,0.0015,0
205,2445.88,16,0,14.5475,1.68362,0,0,0,16.2311,80,80,0,1,1.80238,1.80238,424,225,3,176,0,0,0,0,0,1476,1858.9,1.38042,23.2045,214313,40,40542,352,607688,160,162168,1408,32,4,126450,250818,4046400,1003272,5049672,4,4,12,4,13,12,8,20,20,20260807,5,1,1,1,0,0,0,6147,0.256125,1,0.0015,0
206,2448.48,3,0,1.13692,1.39592,0,0,0,2.53283,80,80,0,1,1.80238,1.80238,424,223,1,179,0,0,0,0,0,1477,1859.49,0.589625,23.2045,214464,40,40542,352,608212,160,162168,1408,32,4,127721,253680,4087072,1014720,5101792,4,4,12,4,13,12,8,20,20,20260807,5,1,1,1,0,0,0,6148,0.256167,1,0.0015,1
207,2459.95,11,0,9.62329,1.78267,0,0,0,11.406,80,80,0,1,1.80238,1.80238,424,223,0,181,0,0,0,0,0,1478,1861.14,1.6515,23.2045,214501,40,40542,352,608326,160,162168,1408,32,4,128359,254808,4107488,1019232,5126720,4,4,12,4,13,12,8,20,20,20260807,5,1,1,1,0,0,0,6148,0.256167,1,0.0015,0
208,2462.43,3,0,0.744917,1.63987,0,0,0,2.38479,80,80,0,1,1.80238,1.80238,424,223,0,181,0,0,0,0,0,1478,1861.14,1.6515,23.2045,214501,40,40542,352,608326,160,162168,1408,32,4,128359,254808,4107488,1019232,5126720,4,4,12,4,13,12,8,20,20,20260807,5,1,1,1,0,0,0,6148,0.256167,1,0.0015,0
209,2476,12,0,0.705375,12.7952,0,0,0,13.5006,80,80,0,1,1.80238,1.80238,424,223,0,181,0,0,0,0,0,1478,1861.14,1.6515,23.2045,214501,40,40542,352,608326,160,162168,1408,32,4,128359,254808,4107488,1019232,5126720,4,4,12,4,13,12,8,20,20,20260807,5,1,1,1,0,0,0,6148,0.256167,1,0.0015,0
210,2480.09,4,0,2.31675,1.68992,0,0,0,4.00667,81,81,0,1,1.80238,1.80238,429,224,0,183,0,0,0,0,0,1481,1865.35,1.36163,23.2045,214855,40,40542,352,609315,160,162168,1408,32,4,129348,256932,4139136,1027728,5166864,4,4,12,4,13,12,8,20,20,20260807,5,1,1,1,0,0,0,6148,0.256167,1,0.0015,0
211,2493.37,14,0,11.4219,1.78604,0,0,0,13.208,82,81,0,1,1.80238,1.80238,429,220,4,184,0,0,0,0,0,1486,1871.65,0.994959,23.2045,215695,40,40542,364,612024,160,162168,1456,32,4,131092,259830,4194944,1039320,5234264,4,4,12,4,13,12,8,20,20,20260807,5,1,1,1,0,0,0,6148,0.256167,1,0.0015,0
212,2498.96,5,0,3.85817,1.64267,0,0,0,5.50083,82,82,0,1,1.80238,1.80238,435,226,0,186,0,0,0,0,0,1486,1871.65,0.994959,23.2045,215695,40,40542,364,612024,160,162168,1456,32,4,132105,262044,4227360,1048176,5275536,4,4,12,4,13,12,8,20,20,20260807,5,1,1,1,0,0,0,6149,0.256208,1,0.0015,1
213,2509.89,11,0,9.17763,1.688,0,0,0,10.8656,83,82,0,1,1.80238,1.80238,435,221,4,187,0,0,0,0,0,1491,1876.42,0.83,23.2045,216497,40,40542,364,614461,160,162168,1456,32,4,132529,262680,4240928,1050720,5291648,4,4,12,4,13,12,8,20,20,20260807,5,1,1,1,0,0,0,6149,0.256208,1,0.0015,0
214,2512.72,3,0,1.26575,1.47475,0,0,0,2.7405,83,82,0,1,1.80238,1.80238,435,221,0,190,0,0,0,0,0,1491,1876.42,0.83,23.2045,216497,40,40542,364,614461,160,162168,1456,32,4,134542,266856,4305344,1067424,5372768,4,4,12,4,13,12,8,20,20,20260807,5,1,1,1,0,0,0,6149,0.256208,1,0.0015,0
215,2525.87,14,0,4.16421,8.92354,0,0,0,13.0877,83,83,0,1,1.80238,1.80238,441,227,0,190,0,0,0,0,0,1491,1876.42,0.83,23.2045,216497,40,40542,364,614461,160,162168,1456,32,4,134542,266856,4305344,1067424,5372768,4,4,12,4,13,12,8,20,20,20260807,5,1,1,1,0,0,0,6149,0.256208,1,0.0015,0
216,2529.81,4,0,2.24392,1.62321,0,0,0,3.86713,84,83,0,1,1.80238,1.80238,441,221,1,195,0,0,0,0,0,1497,1883.01,1.07904,23.2045,218196,40,40542,368,619522,160,162168,1472,32,4,139164,276066,4453248,1104264,5557512,4,4,12,4,13,12,8,20,20,20260807,5,1,1,1,0,0,0,6149,0.256208,1,0.0015,0
217,2543.12,13,0,11.5798,1.62775,0,0,0,13.2075,84,84,0,1,1.80238,1.80238,447,224,2,196,0,0,0,0,0,1499,1884.51,0.384958,23.2045,218590,40,40542,372,620944,160,162168,1488,32,4,139619,277074,4467808,1108296,5576104,4,4,12,4,13,12,8,20,20,20260807,5,1,1,1,0,0,0,6149,0.256208,1,0.0015,0
218,2546.12,3,0,1.34363,1.57904,0,0,0,2.92267,84,84,0,1,1.80238,1.80238,447,223,1,199,0,0,0,0,0,1501,1888.01,1.4245,23.2045,218619,40,40542,372,621033,160,162168,1488,32,4,141112,279576,4515584,1118304,5633888,4,4,12,4,13,12,8,20,20,20260807,5,1,1,1,0,0,0,6150,0.25625,1,0.0015,1
219,2560.18,14,0,12.1811,1.81113,0,0,0,13.9922,85,85,0,1,1.80238,1.80238,453,227,2,200,0,0,0,0,0,1503,1890.71,1.48979,23.2045,219153,40,40542,372,622502,160,162168,1488,32,4,141146,279636,4516672,1118544,5635216,4,4,12,4,13,12,8,20,20,20260807,5,1,1,1,0,0,0,6150,0.25625,1,0.0015,0
220,2562.93,3,0,1.05808,1.61575,0,0,0,2.67383,85,85,0,1,1.80238,1.80238,453,225,1,202,0,0,0,0,0,1504,1892.02,1.31479,23.2045,219530,40,40542,376,623815,160,162168,1504,32,4,142615,282840,4563680,1131360,5695040,4,4,12,4,13,12,8,20,20,20260807,5,1,1,1,0,0,0,6150,0.25625,1,0.0015,0
221,2578.66,16,0,13.5236,2.13421,0,0,0,15.6578,86,86,0,1,1.80238,1.80238,459,227,3,204,0,0,0,0,0,1509,1896.5,1.10325,23.2045,220526,40,40542,376,626667,160,162168,1504,32,4,144188,285492,4614016,1141968,5755984,4,4,12,4,13,12,8,20,20,20260807,5,1,1,1,0,0,0,6150,0.25625,1,0.0015,0
222,2581.84,3,0,1.28313,1.82438,0,0,0,3.1075,86,86,0,1,1.80238,1.80238,459,224,1,208,0,0,0,0,0,1511,1897.8,0.350916,23.2045,221031,40,40542,384,628474,160,162168,1536,32,4,148395,293820,4748640,1175280,5923920,4,4,12,4,13,12,8,20,20,20260807,5,1,1,1,0,0,0,6150,0.25625,1,0.0015,0
223,2596.92,15,0,13.181,1.82208,0,0,0,15.0031,87,87,0,1,1.80238,1.80238,465,227,2,209,0,0,0,0,0,1515,1901.85,1.01346,23.2045,221068,40,40542,384,628589,160,162168,1536,32,4,148635,294180,4756320,1176720,5933040,4,4,12,4,13,12,8,20,20,20260807,5,1,1,1,0,0,0,6150,0.25625,1,0.0015,0
224,2599.95,3,0,1.20642,1.7555,0,0,0,2.96192,87,87,0,1,1.80238,1.80238,465,225,1,211,0,0,0,0,0,1516,1903.36,1.50487,23.2045,221512,40,40542,388,630070,160,162168,1552,32,4,148750,294402,4760000,1177608,5937608,4,4,12,4,13,12,8,20,20,20260807,5,1,1,1,0,0,0,6151,0.256292,1,0.0015,1
225,2610.49,11,0,8.33079,2.09112,0,0,0,10.4219,88,87,0,1,1.80238,1.80238,465,221,3,213,0,0,0,0,0,1520,1907.34,1.02087,23.2045,222636,40,40542,388,633391,160,162168,1552,32,4,150911,298086,4829152,1192344,6021496,4,4,12,4,13,12,8,20,20,20260807,5,1,1,1,0,0,0,6151,0.256292,1,0.0015,0
226,2613.25,3,0,1.03812,1.64475,0,0,0,2.68288,88,87,0,1,1.80238,1.80238,465,221,0,216,0,0,0,0,0,1520,1907.34,1.02087,23.2045,222636,40,40542,388,633391,160,162168,1552,32,4,153568,303834,4914176,1215336,6129512,4,4,12,4,13,12,8,20,20,20260807,5,1,1,1,0,0,0,6151,0.256292,1,0.0015,0
227,2636.89,23,0,1.76542,21.8142,0,0,0,23.5796,88,88,0,1,1.80238,1.80238,470,226,0,216,0,0,0,0,0,1520,1907.34,1.02087,23.2045,222636,40,40542,388,633391,160,162168,1552,32,4,153568,303834,4914176,1215336,6129512,4,4,12,4,13,12,8,20,20,20260807,5,1,1,1,0,0,0,6151,0.256292,1,0.0015,0
228,2640.13,3,0,1.42946,1.73087,0,0,0,3.16033,89,89,0,1,1.80238,1.80238,476,224,1,220,0,0,0,0,0,1527,1915.49,0.515042,23.2045,224415,40,40542,414,639068,160,162168,1656,32,4,157509,311904,5040288,1247616,6287904,4,4,12,4,13,12,8,20,20,20260807,5,1,1,1,0,0,0,6152,0.256333,1,0.0015,1
229,2660.05,20,0,18.0604,1.79542,0,0,0,19.8558,91,90,0,1,1.80238,1.80238,481,226,3,222,0,0,0,0,0,1531,1920.05,1.10038,23.2045,224671,40,40542,414,639772,160,162168,1656,32,4,159385,314730,5100320,1258920,6359240,4,4,12,4,13,12,8,20,20,20260807,5,1,1,1,0,0,0,6152,0.256333,1,0.0015,0
230,2665.16,5,0,3.19837,1.83496,0,0,0,5.03333,91,91,0,1,1.80238,1.80238,486,231,0,224,0,0,0,0,0,1531,1920.05,1.10038,23.2045,224671,40,40542,414,639772,160,162168,1656,32,4,160053,316200,5121696,1264800,6386496,4,4,12,4,13,12,8,20,20,20260807,5,1,1,1,0,0,0,6152,0.256333,1,0.0015,0
231,2676.12,11,0,0.887542,9.98454,0,0,0,10.8721,92,91,0,1,1.80238,1.80238,486,231,0,224,0,0,0,0,0,1531,1920.05,1.10038,23.2045,224671,40,40542,414,639772,160,162168,1656,32,4,160053,316200,5121696,1264800,6386496,4,4,12,4,13,12,8,20,20,20260807,5,1,1,1,0,0,0,6152,0.256333,1,0.0015,0
232,2682.18,6,0,0.916125,2.07337,0,0,0,2.9895,92,92,0,1,1.80238,1.80238,491,232,1,226,0,0,0,0,0,1535,1925.45,1.29308,23.2045,225033,40,40542,414,640842,160,162168,1656,32,4,161123,318372,5155936,1273488,6429424,4,4,12,4,13,12,8,20,20,20260807,5,1,1,1,0,0,0,6152,0.256333,1,0.0015,0
233,2693.35,12,0,9.16542,1.93162,0,0,0,11.097,93,93,0,1,1.80238,1.80238,496,235,0,226,0,0,0,0,0,1536,1926.41,0.966625,23.2045,225033,40,40542,414,640842,160,162168,1656,32,4,161123,318372,5155936,1273488,6429424,4,4,12,4,13,12,8,20,20,20260807,5,1,1,1,0,0,0,6153,0.256375,1,0.0015,1
234,2697.08,3,0,1.64033,2.00542,0,0,0,3.64575,93,93,0,1,1.80238,1.80238,496,232,1,228,0,0,0,0,0,1539,1929.1,1.11171,23.2045,225472,40,40542,430,642248,160,162168,1720,32,4,162161,320136,5189152,1280544,6469696,4,4,12,4,13,12,8,20,20,20260807,5,1,1,1,0,0,0,6153,0.256375,1,0.0015,0
235,2711.08,14,0,11.8283,2.10408,0,0,0,13.9324,94,94,0,1,1.80238,1.80238,502,236,1,230,0,0,0,0,0,1542,1932.09,0.969667,23.2045,225476,40,40542,430,642260,160,162168,1720,32,4,162605,321126,5203360,1284504,6487864,4,4,12,4,13,12,8,20,20,20260807,5,1,1,1,0,0,0,6153,0.256375,1,0.0015,0
236,2713.66,3,0,0.796375,1.70554,0,0,0,2.50192,94,94,0,1,1.80238,1.80238,502,235,0,230,0,0,0,0,0,1542,1932.09,0.969667,23.2045,225476,40,40542,430,642260,160,162168,1720,32,4,162605,321126,5203360,1284504,6487864,4,4,12,4,13,12,8,20,20,20260807,5,1,1,1,0,0,0,6153,0.256375,1,0.0015,0
237,2727.07,13,0,11.2244,2.11742,0,0,0,13.3418,95,94,0,1,1.80238,1.80238,502,230,4,232,0,0,0,0,0,1548,1939.78,1.3435,23.2045,226595,40,40542,438,645978,160,162168,1752,32,4,165308,325536,5289856,1302144,6592000,4,4,12,4,13,12,8,20,20,20260807,5,1,1,1,0,0,0,6153,0.256375,1,0.0015,0
238,2734.02,7,0,4.65529,2.20804,0,0,0,6.86333,95,95,0,1,1.80238,1.80238,508,236,0,235,0,0,0,0,0,1548,1939.78,1.3435,23.2045,226595,40,40542,438,645978,160,162168,1752,32,4,166355,327888,5323360,1311552,6634912,4,4,12,4,13,12,8,20,20,20260807,5,1,1,1,0,0,0,6153,0.256375,1,0.0015,0
239,2742.93,9,0,0.869,7.97429,0,0,0,8.84329,96,95,0,1,1.80238,1.80238,508,236,0,235,0,0,0,0,0,1548,1939.78,1.3435,23.2045,226595,40,40542,438,645978,160,162168,1752,32,4,166355,327888,5323360,1311552,6634912,4,4,12,4,13,12,8,20,20,20260807,5,1,1,1,0,0,0,6154,0.256417,1,0.0015,1
240,2745.78,3,0,0.916791,1.85267,0,0,0,2.76946,97,96,0,1,1.80238,1.80238,514,242,0,235,0,0,0,0,0,1548,1939.78,1.3435,23.2045,226595,40,40542,438,645978,160,162168,1752,32,4,166355,327888,5323360,1311552,6634912,4,4,12,4,13,12,8,20,20,20260807,5,1,1,1,0,0,0,6154,0.256417,1,0.0015,0
241,2759.41,14,0,0.90425,12.6231,0,0,0,13.5274,97,96,0,1,1.80238,1.80238,514,242,0,235,0,0,0,0,0,1548,1939.78,1.3435,23.2045,226595,40,40542,438,645978,160,162168,1752,32,4,166355,327888,5323360,1311552,6634912,4,4,12,4,13,12,8,20,20,20260807,5,1,1,1,0,0,0,6154,0.256417,1,0.0015,0
242,2763.56,4,0,1.82904,2.11721,0,0,0,3.94625,97,97,0,1,1.80238,1.80238,520,244,1,237,0,0,0,0,0,1551,1943.68,1.98412,23.2045,227472,40,40542,450,648929,160,162168,1800,32,4,168609,331596,5395488,1326384,6721872,4,4,12,4,13,12,8,20,20,20260807,5,1,1,1,0,0,0,6154,0.256417,1,0.0015,0
243,2777.42,14,0,11.634,2.15292,0,0,0,13.7869,98,98,0,1,1.80238,1.80238,526,248,2,239,0,0,0,0,0,1554,1947.28,1.12221,23.2045,227931,40,40542,450,650180,160,162168,1800,32,4,169889,334350,5436448,1337400,6773848,4,4,12,4,13,12,8,20,20,20260807,5,1,1,1,0,0,0,6154,0.256417,1,0.0015,0
244,2780.56,3,0,1.273,1.78075,0,0,0,3.05375,99,98,0,1,1.80238,1.80238,526,248,0,240,0,0,0,0,0,1554,1947.28,1.12221,23.2045,227931,40,40542,450,650180,160,162168,1800,32,4,170605,335976,5459360,1343904,6803264,4,4,12,4,13,12,8,20,20,20260807,5,1,1,1,0,0,0,6154,0.256417,1,0.0015,0
245,2792.9,12,0,3.31717,8.96129,0,0,0,12.2785,99,99,0,1,1.80238,1.80238,531,253,0,240,0,0,0,0,0,1554,1947.28,1.12221,23.2045,227931,40,40542,450,650180,160,162168,1800,32,4,170605,335976,5459360,1343904,6803264,4,4,12,4,13,12,8,20,20,20260807,5,1,1,1,0,0,0,6154,0.256417,1,0.0015,0
246,2796.57,4,0,1.52388,2.02208,0,0,0,3.54596,100,100,0,1,1.80238,1.80238,537,259,0,240,0,0,0,0,0,1554,1947.28,1.12221,23.2045,227931,40,40542,450,650180,160,162168,1800,32,4,170605,335976,5459360,1343904,6803264,4,4,12,4,13,12,8,20,20,20260807,5,1,1,1,0,0,0,6155,0.256458,1,0.0015,1
247,2809.41,13,0,1.42054,11.3359,0,0,0,12.7564,100,100,0,1,1.80238,1.80238,537,256,2,240,0,0,0,0,0,1556,1948.64,0.398375,23.2045,228360,40,40542,450,651736,160,162168,1800,32,4,170605,335976,5459360,1343904,6803264,4,4,12,4,13,12,8,20,20,20260807,5,1,1,1,0,0,0,6155,0.256458,1,0.0015,0
248,2817.16,7,0,5.41633,2.25658,0,0,0,7.67292,101,101,0,1,1.80238,1.80238,543,259,0,245,0,0,0,0,0,1560,1953.85,1.02004,23.2045,228891,40,40542,450,653147,160,162168,1800,32,4,173572,341736,5554304,1366944,6921248,4,4,12,4,13,12,8,20,20,20260807,5,1,1,1,0,0,0,6155,0.256458,1,0.0015,0
249,2826.03,9,0,1.03212,7.76292,0,0,0,8.79504,101,101,0,1,1.80238,1.80238,543,257,1,245,0,0,0,0,0,1561,1955.01,1.16013,23.2045,229292,40,40542,462,654519,160,162168,1848,32,4,173572,341736,5554304,1366944,6921248,4,4,12,4,13,12,8,20,20,20260807,5,1,1,1,0,0,0,6155,0.256458,1,0.0015,0
250,2830.2,4,0,2.15575,1.92962,0,0,0,4.08537,102,101,0,1,1.80238,1.80238,543,253,1,248,0,0,0,0,0,1566,1961.06,1.73733,23.2045,230221,40,40542,462,657303,160,162168,1848,32,4,177319,348750,5674208,1395000,7069208,4,4,12,4,13,12,8,20,20,20260807,5,1,1,1,0,0,0,6155,0.256458,1,0.0015,0
251,2843.56,14,0,11.3043,1.99829,0,0,0,13.3026,102,102,0,1,1.80238,1.80238,549,255,3,249,0,0,0,0,0,1569,1963.54,0.972,23.2045,230951,40,40542,466,659845,160,162168,1864,32,4,177776,349788,5688832,1399152,7087984,4,4,12,4,13,12,8,20,20,20260807,5,1,1,1,0,0,0,6155,0.256458,1,0.0015,0
252,2846.81,3,0,1.17679,1.98658,0,0,0,3.16337,102,102,0,1,1.80238,1.80238,549,253,1,253,0,0,0,0,0,1572,1966.62,1.04175,23.2045,231659,40,40542,466,661872,160,162168,1864,32,4,182220,358116,5831040,1432464,7263504,4,4,12,4,13,12,8,20,20,20260807,5,1,1,1,0,0,0,6156,0.2565,1,0.0015,1
253,2860.49,14,0,11.4217,2.18208,0,0,0,13.6038,103,103,0,1,1.80238,1.80238,555,256,2,254,0,0,0,0,0,1574,1968.63,0.812334,23.2045,232225,40,40542,472,663930,160,162168,1888,32,4,182361,358440,5835552,1433760,7269312,4,4,12,4,13,12,8,20,20,20260807,5,1,1,1,0,0,0,6156,0.2565,1,0.0015,0
254,2863.99,3,0,1.17492,2.25325,0,0,0,3.42817,103,103,0,1,1.80238,1.80238,555,255,1,257,0,0,0,0,0,1576,1971.03,0.994083,23.2045,232276,40,40542,472,664056,160,162168,1888,32,4,184528,362076,5904896,1448304,7353200,4,4,12,4,13,12,8,20,20,20260807,5,1,1,1,0,0,0,6156,0.2565,1,0.0015,0
255,2877.41,14,0,10.924,2.42175,0,0,0,13.3458,104,104,0,1,1.80238,1.80238,561,259,2,258,0,0,0,0,0,1578,1973.15,1.02396,23.2045,232733,40,40542,472,665320,160,162168,1888,32,4,184569,362178,5906208,1448712,7354920,4,4,12,4,13,12,8,20,20,20260807,5,1,1,1,0,0,0,6156,0.2565,1,0.0015,0
256,2880.75,3,0,1.20063,2.05483,0,0,0,3.25546,104,104,0,1,1.80238,1.80238,561,256,0,262,0,0,0,0,0,1580,1975.07,0.409708,23.2045,233362,40,40542,482,667399,160,162168,1928,32,4,187952,368754,6014464,1475016,7489480,4,4,12,4,13,12,8,20,20,20260807,5,1,1,1,0,0,0,6156,0.2565,1,0.0015,0
257,2894.65,14,0,11.2988,2.26783,0,0,0,13.5666,105,105,0,1,1.80238,1.80238,566,258,2,263,0,0,0,0,0,1584,1980.28,1.919,23.2045,233541,40,40542,482,667900,160,162168,1928,32,4,188019,368886,6016608,1475544,7492152,4,4,12,4,13,12,8,20,20,20260807,5,1,1,1,0,0,0,6156,0.2565,1,0.0015,0
258,2898.03,3,0,1.34725,1.95908,0,0,0,3.30633,105,105,0,1,1.80238,1.80238,566,255,1,266,0,0,0,0,0,1586,1982.33,1.13842,23.2045,233907,40,40542,496,668964,160,162168,1984,32,4,188897,370614,6044704,1482456,7527160,4,4,12,4,13,12,8,20,20,20260807,5,1,1,1,0,0,0,6157,0.256542,1,0.0015,1
259,2912.46,15,0,12.0001,2.36362,0,0,0,14.3637,106,106,0,1,1.80238,1.80238,572,259,2,268,0,0,0,0,0,1589,1986.22,0.995625,23.2045,233953,40,40542,496,669106,160,162168,1984,32,4,189715,372384,6070880,1489536,7560416,4,4,12,4,13,12,8,20,20,20260807,5,1,1,1,0,0,0,6157,0.256542,1,0.0015,0
260,2915.99,3,0,1.38512,2.06363,0,0,0,3.44875,106,106,0,1,1.80238,1.80238,572,256,1,269,0,0,0,0,0,1591,1988.09,1.07971,23.2045,234339,40,40542,524,670163,160,162168,2096,32,4,190150,373254,6084800,1493016,7577816,4,4,12,4,13,12,8,20,20,20260807,5,1,1,1,0,0,0,6157,0.256542,1,0.0015,0
261,2930.72,15,0,12.2946,2.35571,0,0,0,14.6503,107,107,0,1,1.80238,1.80238,578,260,1,271,0,0,0,0,0,1594,1991.37,1.03279,23.2045,234340,40,40542,524,670167,160,162168,2096,32,4,190888,374874,6108416,1499496,7607912,4,4,12,4,13,12,8,20,20,20260807,5,1,1,1,0,0,0,6157,0.256542,1,0.0015,0
262,2933.9,3,0,0.912875,2.17975,0,0,0,3.09262,107,107,0,1,1.80238,1.80238,578,259,0,271,0,0,0,0,0,1594,1991.37,1.03279,23.2045,234340,40,40542,524,670167,160,162168,2096,32,4,190888,374874,6108416,1499496,7607912,4,4,12,4,13,12,8,20,20,20260807,5,1,1,1,0,0,0,6157,0.256542,1,0.0015,0
263,2944.3,11,0,7.76254,2.56308,0,0,0,10.3256,108,107,0,1,1.80238,1.80238,578,254,4,273,0,0,0,0,0,1600,1999.51,1.08288,23.2045,235516,40,40542,528,673807,160,162168,2112,32,4,192729,378000,6167328,1512000,7679328,4,4,12,4,13,12,8,20,20,20260807,5,1,1,1,0,0,0,6158,0.256583,1,0.0015,1
264,2952.22,8,0,5.35017,2.49658,0,0,0,7.84675,108,108,0,1,1.80238,1.80238,584,260,0,277,0,0,0,0,0,1600,1999.51,1.08288,23.2045,235516,40,40542,528,673807,160,162168,2112,32,4,194544,381954,6225408,1527816,7753224,4,4,12,4,13,12,8,20,20,20260807,5,1,1,1,0,0,0,6158,0.256583,1,0.0015,0
265,2960.86,8,0,6.15292,2.40896,0,0,0,8.56188,108,108,0,1,1.80238,1.80238,584,255,2,279,0,0,0,0,0,1604,2004.4,1.94496,23.2045,236120,40,40542,538,675879,160,162168,2152,32,4,196521,385356,6288672,1541424,7830096,4,4,12,4,13,12,8,20,20,20260807,5,1,1,1,0,0,0,6158,0.256583,1,0.0015,0
266,2964.89,4,0,1.62521,2.32342,0,0,0,3.94862,108,108,0,1,1.80238,1.80238,584,254,0,280,0,0,0,0,0,1605,2006.58,2.17825,23.2045,236120,40,40542,538,675879,160,162168,2152,32,4,196656,385638,6292992,1542552,7835544,4,4,12,4,13,12,8,20,20,20260807,5,1,1,1,0,0,0,6158,0.256583,1,0.0015,0
267,2976.23,12,0,0.908459,10.3645,0,0,0,11.273,109,108,0,1,1.80238,1.80238,584,254,0,280,0,0,0,0,0,1606,2007.95,1.37183,23.2045,236120,40,40542,538,675879,160,162168,2152,32,4,196656,385638,6292992,1542552,7835544,4,4,12,4,13,12,8,20,20,20260807,5,1,1,1,0,0,0,6158,0.256583,1,0.0015,0
268,2981.91,5,0,3.40313,2.1875,0,0,0,5.59063,110,110,0,1,1.80238,1.80238,594,264,0,280,0,0,0,0,0,1606,2007.95,1.37183,23.2045,236120,40,40542,538,675879,160,162168,2152,32,4,196656,385638,6292992,1542552,7835544,4,4,12,4,13,12,8,20,20,20260807,5,1,1,1,0,0,0,6158,0.256583,1,0.0015,0
269,2993.4,12,0,1.03937,10.3394,0,0,0,11.3788,111,110,0,1,1.80238,1.80238,594,264,0,280,0,0,0,0,0,1606,2007.95,1.37183,23.2045,236120,40,40542,538,675879,160,162168,2152,32,4,196656,385638,6292992,1542552,7835544,4,4,12,4,13,12,8,20,20,20260807,5,1,1,1,0,0,0,6158,0.256583,1,0.0015,0
270,2996.99,3,0,1.24792,2.25621,0,0,0,3.50413,111,111,0,1,1.80238,1.80238,599,266,1,281,0,0,0,0,0,1608,2009.62,1.1695,23.2045,236467,40,40542,538,676811,160,162168,2152,32,4,196689,385692,6294048,1542768,7836816,4,4,12,4,13,12,8,20,20,20260807,5,1,1,1,0,0,0,6159,0.256625,1,0.0015,1
271,3010.93,14,0,11.5861,2.27513,0,0,0,13.8612,112,112,0,1,1.80238,1.80238,604,269,2,282,0,0,0,0,0,1611,2013.52,0.943875,23.2045,236467,40,40542,538,676811,160,162168,2152,32,4,197588,387720,6322816,1550880,7873696,4,4,12,4,13,12,8,20,20,20260807,5,1,1,1,0,0,0,6159,0.256625,1,0.0015,0
272,3014.44,4,0,1.25033,2.18538,0,0,0,3.43571,112,112,0,1,1.80238,1.80238,604,266,1,283,0,0,0,0,0,1613,2014.94,0.4175,23.2045,236800,40,40542,548,677948,160,162168,2192,32,4,198049,388704,6337568,1554816,7892384,4,4,12,4,13,12,8,20,20,20260807,5,1,1,1,0,0,0,6159,0.256625,1,0.0015,0
273,3029.37,15,0,12.591,2.25429,0,0,0,14.8453,113,113,0,1,1.80238,1.80238,610,269,2,286,0,0,0,0,0,1617,2019.28,1.12167,23.2045,237453,40,40542,548,679741,160,162168,2192,32,4,200206,392928,6406592,1571712,7978304,4,4,12,4,13,12,8,20,20,20260807,5,1,1,1,0,0,0,6159,0.256625,1,0.0015,0
274,3032.7,3,0,1.20162,2.05979,0,0,0,3.26142,113,113,0,1,1.80238,1.80238,610,266,1,288,0,0,0,0,0,1619,2020.72,0.366333,23.2045,237836,40,40542,552,681059,160,162168,2208,32,4,201476,395394,6447232,1581576,8028808,4,4,12,4,13,12,8,20,20,20260807,5,1,1,1,0,0,0,6159,0.256625,1,0.0015,0
275,3044.43,12,0,9.02525,2.6065,0,0,0,11.6318,114,113,0,1,1.80238,1.80238,610,263,2,291,0,0,0,0,0,1623,2027.84,2.56933,23.2045,239035,40,40542,552,684260,160,162168,2208,32,4,203811,400350,6521952,1601400,8123352,4,4,12,4,13,12,8,20,20,20260807,5,1,1,1,0,0,0,6160,0.256667,1,0.0015,1
276,3047.99,3,0,1.24429,2.20829,0,0,0,3.45258,114,113,0,1,1.80238,1.80238,610,263,0,293,0,0,0,0,0,1623,2027.84,2.56933,23.2045,239035,40,40542,552,684260,160,162168,2208,32,4,205093,403212,6562976,1612848,8175824,4,4,12,4,13,12,8,20,20,20260807,5,1,1,1,0,0,0,6160,0.256667,1,0.0015,0
277,3059.67,12,0,4.42188,7.19062,0,0,0,11.6125,114,114,0,1,1.80238,1.80238,616,269,0,293,0,0,0,0,0,1623,2027.84,2.56933,23.2045,239035,40,40542,552,684260,160,162168,2208,32,4,205093,403212,6562976,1612848,8175824,4,4,12,4,13,12,8,20,20,20260807,5,1,1,1,0,0,0,6160,0.256667,1,0.0015,0
278,3066.37,7,0,4.39583,2.20825,0,0,0,6.60408,115,115,0,1,1.80238,1.80238,622,275,0,293,0,0,0,0,0,1623,2027.84,2.56933,23.2045,239035,40,40542,552,684260,160,162168,2208,32,4,205093,403212,6562976,1612848,8175824,4,4,12,4,13,12,8,20,20,20260807,5,1,1,1,0,0,0,6160,0.256667,1,0.0015,0
279,3076.63,10,0,0.959458,9.22508,0,0,0,10.1845,116,115,0,1,1.80238,1.80238,622,275,0,293,0,0,0,0,0,1623,2027.84,2.56933,23.2045,239035,40,40542,552,684260,160,162168,2208,32,4,205093,403212,6562976,1612848,8175824,4,4,12,4,13,12,8,20,20,20260807,5,1,1,1,0,0,0,6160,0.256667,1,0.0015,0
280,3080.37,4,0,1.37512,2.25637,0,0,0,3.6315,116,116,0,1,1.80238,1.80238,628,278,1,294,0,0,0,0,0,1625,2029.94,0.804167,23.2045,239662,64,40542,558,686495,256,162168,2232,32,4,205852,404760,6587264,1619040,8206304,4,4,12,4,13,12,8,20,20,20260807,5,1,1,1,0,0,0,6160,0.256667,1,0.0015,0
281,3097.16,16,0,14.2498,2.46488,0,0,0,16.7147,117,117,0,1,1.80238,1.80238,634,281,2,297,0,0,0,0,0,1629,2035.11,1.95762,23.2045,240349,64,40542,558,688347,256,162168,2232,32,4,207863,408102,6651616,1632408,8284024,4,4,12,4,13,12,8,20,20,20260807,5,1,1,1,0,0,0,6160,0.256667,1,0.0015,0
282,3100.46,4,0,1.13587,2.08808,0,0,0,3.22396,118,117,0,1,1.80238,1.80238,634,281,0,298,0,0,0,0,0,1629,2035.11,1.95762,23.2045,240349,64,40542,558,688347,256,162168,2232,32,4,209300,411276,6697600,1645104,8342704,4,4,12,4,13,12,8,20,20,20260807,5,1,1,1,0,0,0,6161,0.256708,1,0.0015,1
283,3110.16,9,0,0.96,8.67633,0,0,0,9.63633,118,117,0,1,1.80238,1.80238,634,281,0,298,0,0,0,0,0,1629,2035.11,1.95762,23.2045,240349,64,40542,558,688347,256,162168,2232,32,4,209300,411276,6697600,1645104,8342704,4,4,12,4,13,12,8,20,20,20260807,5,1,1,1,0,0,0,6161,0.256708,1,0.0015,0
284,3113.41,4,0,0.9555,2.189,0,0,0,3.1445,119,118,0,1,1.80238,1.80238,640,287,0,298,0,0,0,0,0,1629,2035.11,1.95762,23.2045,240349,64,40542,558,688347,256,162168,2232,32,4,209300,411276,6697600,1645104,8342704,4,4,12,4,13,12,8,20,20,20260807,5,1,1,1,0,0,0,6161,0.256708,1,0.0015,0
285,3126.51,13,0,4.46717,8.57662,0,0,0,13.0438,119,119,0,1,1.80238,1.80238,646,293,0,298,0,0,0,0,0,1629,2035.11,1.95762,23.2045,240349,64,40542,558,688347,256,162168,2232,32,4,209300,411276,6697600,1645104,8342704,4,4,12,4,13,12,8,20,20,20260807,5,1,1,1,0,0,0,6161,0.256708,1,0.0015,0
286,3130.52,4,0,1.47779,2.44675,0,0,0,3.92454,119,119,0,1,1.80238,1.80238,646,288,0,301,0,0,0,0,0,1633,2040.72,2.18829,23.2045,240741,64,40542,562,689503,256,162168,2248,32,4,210472,413652,6735104,1654608,8389712,4,4,12,4,13,12,8,20,20,20260807,5,1,1,1,0,0,0,6161,0.256708,1,0.0015,0
287,3144.27,14,0,11.1494,2.51692,0,0,0,13.6663,120,120,0,1,1.80238,1.80238,652,293,0,302,0,0,0,0,0,1634,2043.28,2.55529,23.2045,240984,64,40542,562,690144,256,162168,2248,32,4,211113,415110,6755616,1660440,8416056,4,4,12,4,13,12,8,20,20,20260807,5,1,1,1,0,0,0,6161,0.256708,1,0.0015,0
288,3147.87,3,0,1.1755,2.35838,0,0,0,3.53388,120,120,0,1,1.80238,1.80238,652,290,1,304,0,0,0,0,0,1637,2046.69,1.0785,23.2045,241676,64,40542,562,692368,256,162168,2248,32,4,213157,418836,6821024,1675344,8496368,4,4,12,4,13,12,8,20,20,20260807,5,1,1,1,0,0,0,6162,0.25675,1,0.0015,1
289,3162.52,15,0,11.8634,2.67817,0,0,0,14.5416,121,121,0,1,1.80238,1.80238,658,294,2,306,0,0,0,0,0,1640,2051.03,2.10021,23.2045,241773,64,40542,562,692628,256,162168,2248,32,4,213445,419484,6830240,1677936,8508176,4,4,12,4,13,12,8,20,20,20260807,5,1,1,1,0,0,0,6162,0.25675,1,0.0015,0
290,3166.21,4,0,1.34442,2.27654,0,0,0,3.62096,121,121,0,1,1.80238,1.80238,658,291,1,308,0,0,0,0,0,1642,2052.5,0.415083,23.2045,242362,64,40542,566,694681,256,162168,2264,32,4,215082,422526,6882624,1690104,8572728,4,4,12,4,13,12,8,20,20,20260807,5,1,1,1,0,0,0,6162,0.25675,1,0.0015,0
291,3178.01,11,0,8.81425,2.90263,0,0,0,11.7169,122,121,0,1,1.80238,1.80238,658,288,2,310,0,0,0,0,0,1646,2056.81,0.997542,23.2045,243191,64,40542,566,696936,256,162168,2264,32,4,216363,424980,6923616,1699920,8623536,4,4,12,4,13,12,8,20,20,20260807,5,1,1,1,0,0,0,6162,0.25675,1,0.0015,0
292,3183.65,6,0,3.12838,2.43179,0,0,0,5.56017,122,122,0,1,1.80238,1.80238,663,293,0,311,0,0,0,0,0,1646,2056.81,0.997542,23.2045,243191,64,40542,566,696936,256,162168,2264,32,4,217921,428376,6973472,1713504,8686976,4,4,12,4,13,12,8,20,20,20260807,5,1,1,1,0,0,0,6162,0.25675,1,0.0015,0
293,3194.37,11,0,7.95729,2.68363,0,0,0,10.6409,123,122,0,1,1.80238,1.80238,663,288,4,312,0,0,0,0,0,1651,2062.3,0.990125,23.2045,243451,64,40542,582,697673,256,162168,2328,32,4,218264,429048,6984448,1716192,8700640,4,4,12,4,13,12,8,20,20,20260807,5,1,1,1,0,0,0,6163,0.256792,1,0.0015,1
294,3202.12,7,0,4.93671,2.74887,0,0,0,7.68558,123,123,0,1,1.80238,1.80238,669,294,0,314,0,0,0,0,0,1651,2062.3,0.990125,23.2045,243451,64,40542,582,697673,256,162168,2328,32,4,218722,430032,6999104,1720128,8719232,4,4,12,4,13,12,8,20,20,20260807,5,1,1,1,0,0,0,6163,0.256792,1,0.0015,0
295,3211.38,10,0,6.33025,2.84063,0,0,0,9.17088,123,123,0,1,1.80238,1.80238,669,288,5,315,0,0,0,0,0,1657,2067.89,0.9965,23.2045,244988,64,40542,592,702384,256,162168,2368,32,4,220256,432852,7048192,1731408,8779600,4,4,12,4,13,12,8,20,20,20260807,5,1,1,1,0,0,0,6163,0.256792,1,0.0015,0
296,3215.33,4,0,1.39808,2.47942,0,0,0,3.8775,124,123,0,1,1.80238,1.80238,669,288,0,319,0,0,0,0,0,1657,2067.89,0.9965,23.2045,244988,64,40542,592,702384,256,162168,2368,32,4,223473,439314,7151136,1757256,8908392,4,4,12,4,13,12,8,20,20,20260807,5,1,1,1,0,0,0,6163,0.256792,1,0.0015,0
297,3227.16,11,0,0.984041,10.7739,0,0,0,11.758,124,124,0,1,1.80238,1.80238,674,293,0,319,0,0,0,0,0,1657,2067.89,0.9965,23.2045,244988,64,40542,592,702384,256,162168,2368,32,4,223473,439314,7151136,1757256,8908392,4,4,12,4,13,12,8,20,20,20260807,5,1,1,1,0,0,0,6163,0.256792,1,0.0015,0
298,3230.88,4,0,1.23287,2.39783,0,0,0,3.63071,125,124,0,1,1.80238,1.80238,674,288,0,322,0,0,0,0,0,1662,2073.44,0.969542,23.2045,245646,64,40542,592,704145,256,162168,2368,32,4,225234,443262,7207488,1773048,8980536,4,4,12,4,13,12,8,20,20,20260807,5,1,1,1,0,0,0,6163,0.256792,1,0.0015,0
299,3243.25,13,0,4.8735,7.41671,0,0,0,12.2902,125,125,0,1,1.80238,1.80238,680,294,0,322,0,0,0,0,0,1662,2073.44,0.969542,23.2045,245646,64,40542,592,704145,256,162168,2368,32,4,225234,443262,7207488,1773048,8980536,4,4,12,4,13,12,8,20,20,20260807,5,1,1,1,0,0,0,6163,0.256792,1,0.0015,0
300,3247.28,4,0,1.44,2.49721,0,0,0,3.93721,125,125,0,1,1.80238,1.80238,680,289,0,326,0,0,0,0,0,1666,2078.52,1.8905,23.2045,246417,64,40542,612,706258,256,162168,2448,32,4,227427,448008,7277664,1792032,9069696,4,4,12,4,13,12,8,20,20,20260807,5,1,1,1,0,0,0,6164,0.256833,1,0.0015,1
301,3259.86,12,0,0.991,11.5207,0,0,0,12.5117,126,125,0,1,1.80238,1.80238,680,289,0,326,0,0,0,0,0,1667,2080.1,1.58258,23.2045,246417,64,40542,612,706258,256,162168,2448,32,4,227427,448008,7277664,1792032,9069696,4,4,12,4,13,12,8,20,20,20260807,5,1,1,1,0,0,0,6164,0.256833,1,0.0015,0
302,3263.82,4,0,1.38408,2.47779,0,0,0,3.86187,126,126,0,1,1.80238,1.80238,686,295,0,326,0,0,0,0,0,1667,2080.1,1.58258,23.2045,246417,64,40542,612,706258,256,162168,2448,32,4,227427,448008,7277664,1792032,9069696,4,4,12,4,13,12,8,20,20,20260807,5,1,1,1,0,0,0,6164,0.256833,1,0.0015,0
303,3278.5,15,0,11.5693,3.04183,0,0,0,14.6111,127,126,0,1,1.80238,1.80238,686,289,5,327,0,0,0,0,0,1673,2087.01,1.04787,23.2045,248369,64,40542,618,712093,256,162168,2472,32,4,228930,450822,7325760,1803288,9129048,4,4,12,4,13,12,8,20,20,20260807,5,1,1,1,0,0,0,6164,0.256833,1,0.0015,0
304,3284.61,6,0,3.13308,2.87333,0,0,0,6.00642,127,127,0,1,1.80238,1.80238,692,295,0,332,0,0,0,0,0,1673,2087.01,1.04787,23.2045,248369,64,40542,618,712093,256,162168,2472,32,4,233286,459756,7465152,1839024,9304176,4,4,12,4,13,12,8,20,20,20260807,5,1,1,1,0,0,0,6164,0.256833,1,0.0015,0
305,3298.93,14,0,11.6774,2.56117,0,0,0,14.2386,128,127,0,1,1.80238,1.80238,692,289,5,333,0,0,0,0,0,1679,2095.2,2.24946,23.2045,249586,64,40542,622,715840,256,162168,2488,32,4,234140,461484,7492480,1845936,9338416,4,4,12,4,13,12,8,20,20,20260807,5,1,1,1,0,0,0,6165,0.256875,1,0.0015,1
306,3311.44,13,0,9.62233,2.80821,0,0,0,12.4305,128,128,0,1,1.80238,1.80238,698,290,5,337,0,0,0,0,0,1684,2100.26,1.38317,23.2045,250540,64,40542,626,718901,256,162168,2504,32,4,237049,467082,7585568,1868328,9453896,4,4,12,4,13,12,8,20,20,20260807,5,1,1,1,0,0,0,6165,0.256875,1,0.0015,0
307,3315.93,4,0,1.51433,2.90154,0,0,0,4.41587,129,128,0,1,1.80238,1.80238,698,289,0,342,0,0,0,0,0,1685,2101.39,1.12892,23.2045,250540,64,40542,626,718901,256,162168,2504,32,4,240126,472830,7684032,1891320,9575352,4,4,12,4,13,12,8,20,20,20260807,5,1,1,1,0,0,0,6165,0.256875,1,0.0015,0
308,3326.91,11,0,3.89279,7.00383,0,0,0,10.8966,129,129,0,1,1.80238,1.80238,704,295,0,342,0,0,0,0,0,1685,2101.39,1.12892,23.2045,250540,64,40542,626,718901,256,162168,2504,32,4,240126,472830,7684032,1891320,9575352,4,4,12,4,13,12,8,20,20,20260807,5,1,1,1,0,0,0,6165,0.256875,1,0.0015,0
309,3394.02,67,0,66.1302,0.892875,0,0,0,67.0231,131,130,0,1,1.80238,1.80238,701,288,4,44,0,0,0,0,0,1689,2106.21,1.09454,23.2045,251373,64,40542,632,721517,256,162168,2528,32,4,21325,45096,682400,180384,862784,4,4,12,4,13,12,8,20,20,20260807,5,1,1,1,0,0,0,6165,0.256875,1,0.0015,0
310,3407.76,14,0,12.7945,0.881792,0,0,0,13.6762,123,123,0,1,1.80238,1.80238,658,249,0,44,0,0,0,0,0,1689,2106.21,1.09454,23.2045,251373,64,40542,632,721517,256,162168,2528,32,4,21325,45096,682400,180384,862784,4,4,12,4,13,12,8,20,20,20260807,5,1,1,1,0,0,0,6167,0.256958,1,0.0015,2
311,3421.21,14,0,12.4532,0.927542,0,0,0,13.3808,116,116,0,1,1.80238,1.80238,616,248,0,44,0,0,0,0,0,1689,2106.21,1.09454,23.2045,251373,64,40542,632,721517,256,162168,2528,32,4,21325,45096,682400,180384,862784,4,4,12,4,13,12,8,20,20,20260807,5,1,1,1,0,0,0,6167,0.256958,1,0.0015,0
312,3435.29,14,0,13.0098,1.00179,0,0,0,14.0116,109,109,0,1,1.80238,1.80238,573,247,0,44,0,0,0,0,0,1689,2106.21,1.09454,23.2045,251373,64,40542,632,721517,256,162168,2528,32,4,21325,45096,682400,180384,862784,4,4,12,4,13,12,8,20,20,20260807,5,1,1,1,0,0,0,6167,0.256958,1,0.0015,0
313,3446.02,10,0,9.788,0.852,0,0,0,10.64,101,101,0,1,1.80238,1.80238,525,228,1,44,0,0,0,0,0,1690,2106.67,0.467458,23.2045,251373,64,40798,632,721517,256,163192,2528,32,4,21325,45096,682400,180384,862784,4,4,12,4,13,12,8,20,20,20260807,5,1,1,1,0,0,0,6168,0.257,1,0.0015,1
314,3459.29,14,0,12.2311,0.98475,0,0,0,13.2159,93,93,0,1,1.80238,1.80238,478,227,2,45,1,0,0,0,0,1692,2109.01,1.09429,23.2045,252256,68,40798,652,724574,272,163192,2608,32,4,22349,46632,715168,186528,901696,4,4,12,4,13,12,8,20,20,20260807,5,1,1,1,0,0,0,6168,0.257,1,0.0015,0
315,3471.55,11,0,11.2488,0.932458,0,0,0,12.1813,85,85,0,1,1.80238,1.80238,432,216,2,45,2,0,0,0,0,1694,2112.51,2.2945,23.2045,252984,72,40798,658,727001,288,163192,2632,32,4,22349,46632,715168,186528,901696,4,4,12,4,13,12,8,20,20,20260807,5,1,1,1,0,0,0,6168,0.257,1,0.0015,0
316,3481.72,10,0,9.06783,1.02692,0,0,0,10.0947,77,77,0,1,1.80238,1.80238,390,211,0,47,3,0,0,0,0,1695,2114.09,1.58613,23.2045,253391,72,40798,658,728130,288,163192,2632,32,4,23859,49908,763488,199632,963120,4,4,12,4,13,12,8,20,20,20260807,5,1,1,1,0,0,0,6168,0.257,1,0.0015,0
317,3493.53,12,0,10.7403,1.00287,0,0,0,11.7432,69,69,0,1,1.80238,1.80238,350,195,2,48,1,0,0,0,0,1698,2117.65,1.42237,23.2045,254493,72,40798,680,732076,288,163192,2720,32,4,24140,50508,772480,202032,974512,4,4,12,4,13,12,8,20,20,20260807,5,1,1,1,0,0,0,6168,0.257,1,0.0015,0
318,3503.02,9,0,8.44688,0.953042,0,0,0,9.39992,61,61,0,1,1.80238,1.80238,310,179,3,48,0,0,0,0,0,1699,2119.18,1.52625,23.2045,254545,72,40798,680,732215,288,163192,2720,32,4,24140,50508,772480,202032,974512,4,4,12,4,13,12,8,20,20,20260807,5,1,1,1,0,0,0,6169,0.257042,1,0.0015,1
319,3515.76,13,0,11.6628,0.970959,0,0,0,12.6337,54,54,0,1,1.80238,1.80238,275,166,0,49,0,0,0,0,0,1699,2119.18,1.52625,23.2045,254545,72,40798,680,732215,288,163192,2720,32,4,24279,50820,776928,203280,980208,1,1,12,4,13,12,11,20,20,20260807,5,1,1,1,0,0,0,6169,0.257042,1,0.0015,0
320,3528.25,14,0,11.4439,0.974375,0,0,0,12.4183,47,47,0,1,1.80238,1.80238,239,171,0,49,0,0,0,0,0,1699,2119.18,1.52625,23.2045,254545,72,40798,680,732215,288,163192,2720,32,4,24279,50820,776928,203280,980208,0,0,12,4,13,12,12,20,20,20260807,5,1,1,1,0,0,0,6169,0.257042,1,0.0015,0
321,3530.62,2,0,1.57617,0.724625,0,0,0,2.30079,47,46,0,1,1.80238,1.80238,233,165,0,49,0,0,0,0,0,1699,2119.18,1.52625,23.2045,254545,72,40798,680,732215,288,163192,2720,32,4,24279,50820,776928,203280,980208,0,0,12,4,13,12,12,20,20,20260807,5,1,1,1,0,0,0,6169,0.257042,1,0.0015,0
322,3541.77,11,0,0.355417,10.7424,0,0,0,11.0978,47,46,0,1,1.80238,1.80238,233,165,0,49,0,0,0,0,0,1699,2119.18,1.52625,23.2045,254545,72,40798,680,732215,288,163192,2720,32,4,24279,50820,776928,203280,980208,0,0,12,4,13,12,12,20,20,20260807,5,1,1,1,0,0,0,6169,0.257042,1,0.0015,0
323,3545.2,4,0,2.4685,0.883417,0,0,0,3.35192,47,47,0,1,1.80238,1.80238,238,165,1,52,0,0,0,0,0,1703,2123.95,1.47892,23.2045,255093,72,41054,680,733729,288,164216,2720,32,4,26538,55020,849216,220080,1069296,0,0,12,4,13,12,12,20,20,20260807,5,1,1,1,0,0,0,6170,0.257083,1,0.0015,1
324,3559.19,13,0,12.9482,0.967167,0,0,0,13.9153,48,47,0,1,1.80238,1.80238,238,160,5,54,0,0,0,0,0,1709,2130.87,1.00508,23.2045,255859,72,41310,680,735867,288,165240,2720,32,4,27008,56094,864256,224376,1088632,0,0,12,4,13,12,12,20,20,20260807,5,1,1,1,0,0,0,6170,0.257083,1,0.0015,0
325,3563.6,5,0,3.34483,0.9855,0,0,0,4.33033,48,48,0,1,1.80238,1.80238,243,165,0,58,0,0,0,0,0,1709,2130.87,1.00508,23.2045,255859,72,41310,680,735867,288,165240,2720,32,4,29979,61776,959328,247104,1206432,0,0,12,4,13,12,12,20,20,20260807,5,1,1,1,0,0,0,6170,0.257083,1,0.0015,0
326,3575.15,11,0,0.411083,11.0756,0,0,0,11.4867,48,48,0,1,1.80238,1.80238,243,164,0,58,0,0,0,0,0,1709,2130.87,1.00508,23.2045,255859,72,41310,680,735867,288,165240,2720,32,4,29979,61776,959328,247104,1206432,0,0,12,4,13,12,12,20,20,20260807,5,1,1,1,0,0,0,6170,0.257083,1,0.0015,0
327,3580.77,6,0,4.52813,1.00571,0,0,0,5.53383,49,49,0,1,1.80238,1.80238,248,165,0,62,0,0,0,0,0,1714,2136.91,1.00308,23.2045,256210,72,41566,680,736836,288,166264,2720,32,4,31972,65418,1023104,261672,1284776,0,0,12,4,13,12,12,20,20,20260807,5,1,1,1,0,0,0,6170,0.257083,1,0.0015,0
328,3591.86,11,0,0.417375,10.6027,0,0,0,11.0201,50,49,0,1,1.80238,1.80238,248,165,0,62,0,0,0,0,0,1714,2136.91,1.00308,23.2045,256210,72,41566,680,736836,288,166264,2720,32,4,31972,65418,1023104,261672,1284776,0,0,12,4,13,12,12,20,20,20260807,5,1,1,1,0,0,0,6170,0.257083,1,0.0015,0
329,3594.74,3,0,0.511583,2.29596,0,0,0,2.80754,51,50,0,1,1.80238,1.80238,253,170,0,62,0,0,0,0,0,1714,2136.91,1.00308,23.2045,256210,72,41566,680,736836,288,166264,2720,32,4,31972,65418,1023104,261672,1284776,0,0,12,4,13,12,12,20,20,20260807,5,1,1,1,0,0,0,6171,0.257125,1,0.0015,1
330,3608.45,14,0,1.30575,12.3327,0,0,0,13.6385,51,51,0,1,1.80238,1.80238,258,175,0,62,0,0,0,0,0,1714,2136.91,1.00308,23.2045,256210,72,41566,680,736836,288,166264,2720,32,4,31972,65418,1023104,261672,1284776,0,0,12,4,13,12,12,20,20,20260807,5,1,1,1,0,0,0,6171,0.257125,1,0.0015,0
331,3613.04,4,0,3.44479,1.06288,0,0,0,4.50767,52,52,0,1,1.80238,1.80238,263,175,0,66,0,0,0,0,0,1719,2141.85,1.02125,23.2045,256736,72,41822,680,738297,288,167288,2720,32,4,34457,70110,1102624,280440,1383064,0,0,12,4,13,12,12,20,20,20260807,5,1,1,1,0,0,0,6171,0.257125,1,0.0015,0
332,3625.15,12,0,0.496334,11.5426,0,0,0,12.039,52,52,0,1,1.80238,1.80238,263,174,0,66,0,0,0,0,0,1719,2141.85,1.02125,23.2045,256736,72,41822,680,738297,288,167288,2720,32,4,34457,70110,1102624,280440,1383064,0,0,12,4,13,12,12,20,20,20260807,5,1,1,1,0,0,0,6171,0.257125,1,0.0015,0
333,3629.33,5,0,3.18946,0.888625,0,0,0,4.07808,53,53,0,1,1.80238,1.80238,268,175,0,70,0,0,0,0,0,1724,2147.04,1.06054,23.2045,256994,72,42078,680,738988,288,168312,2720,32,4,36172,73194,1157504,292776,1450280,0,0,12,4,13,12,12,20,20,20260807,5,1,1,1,0,0,0,6171,0.257125,1,0.0015,0
334,3641.8,12,0,0.4905,11.9079,0,0,0,12.3984,54,53,0,1,1.80238,1.80238,268,175,0,70,0,0,0,0,0,1724,2147.04,1.06054,23.2045,256994,72,42078,680,738988,288,168312,2720,32,4,36172,73194,1157504,292776,1450280,0,0,12,4,13,12,12,20,20,20260807,5,1,1,1,0,0,0,6171,0.257125,1,0.0015,0
335,3644.82,3,0,0.513,2.43217,0,0,0,2.94517,55,54,0,1,1.80238,1.80238,273,180,0,70,0,0,0,0,0,1724,2147.04,1.06054,23.2045,256994,72,42078,680,738988,288,168312,2720,32,4,36172,73194,1157504,292776,1450280,0,0,12,4,13,12,12,20,20,20260807,5,1,1,1,0,0,0,6172,0.257167,1,0.0015,1
336,3658.67,14,0,2.37562,11.3933,0,0,0,13.7689,55,55,0,1,1.80238,1.80238,278,185,0,70,0,0,0,0,0,1724,2147.04,1.06054,23.2045,256994,72,42078,680,738988,288,168312,2720,32,4,36172,73194,1157504,292776,1450280,0,0,12,4,13,12,12,20,20,20260807,5,1,1,1,0,0,0,6172,0.257167,1,0.0015,0
337,3662.51,4,0,2.82638,0.939166,0,0,0,3.76554,56,56,0,1,1.80238,1.80238,283,185,0,74,0,0,0,0,0,1729,2151.77,0.997,23.2045,257717,72,42334,680,740997,288,169336,2720,32,4,39205,79068,1254560,316272,1570832,0,0,12,4,13,12,12,20,20,20260807,5,1,1,1,0,0,0,6172,0.257167,1,0.0015,0
338,3675.17,12,0,0.611,11.9814,0,0,0,12.5924,56,56,0,1,1.80238,1.80238,283,183,1,74,0,0,0,0,0,1730,2152.33,0.551583,23.2045,257717,72,42590,680,740997,288,170360,2720,32,4,39205,79068,1254560,316272,1570832,0,0,12,4,13,12,12,20,20,20260807,5,1,1,1,0,0,0,6172,0.257167,1,0.0015,0
339,3678.85,4,0,2.69725,0.90725,0,0,0,3.6045,57,57,0,1,1.80238,1.80238,288,185,0,79,0,0,0,0,0,1734,2156.29,1.09771,23.2045,258512,72,42590,680,743198,288,170360,2720,32,4,42430,85374,1357760,341496,1699256,0,0,12,4,13,12,12,20,20,20260807,5,1,1,1,0,0,0,6172,0.257167,1,0.0015,0
340,3691.87,13,0,0.441208,12.5132,0,0,0,12.9544,57,57,0,1,1.80238,1.80238,288,184,0,79,0,0,0,0,0,1734,2156.29,1.09771,23.2045,258512,72,42590,680,743198,288,170360,2720,32,4,42430,85374,1357760,341496,1699256,0,0,12,4,13,12,12,20,20,20260807,5,1,1,1,0,0,0,6172,0.257167,1,0.0015,0
341,3695.79,4,0,2.84317,1.00046,0,0,0,3.84362,57,57,0,1,1.80238,1.80238,288,180,1,83,0,0,0,0,0,1739,2167.33,2.20617,23.2045,259116,72,42846,680,744824,288,171384,2720,32,4,44570,89394,1426240,357576,1783816,0,0,12,4,13,12,12,20,20,20260807,5,1,1,1,0,0,0,6173,0.257208,1,0.0015,1
342,3708.95,13,0,12.215,0.870458,0,0,0,13.0855,59,58,0,1,1.80238,1.80238,293,185,0,84,0,0,0,0,0,1739,2167.33,2.20617,23.2045,259116,72,42846,680,744824,288,171384,2720,32,4,45080,90534,1442560,362136,1804696,0,0,12,4,13,12,12,20,20,20260807,5,1,1,1,0,0,0,6173,0.257208,1,0.0015,0
343,3711.45,3,0,0.440541,1.99854,0,0,0,2.43908,59,58,0,1,1.80238,1.80238,293,185,0,84,0,0,0,0,0,1739,2167.33,2.20617,23.2045,259116,72,42846,680,744824,288,171384,2720,32,4,45080,90534,1442560,362136,1804696,0,0,12,4,13,12,12,20,20,20260807,5,1,1,1,0,0,0,6173,0.257208,1,0.0015,0
344,3725.23,14,0,3.36875,10.3374,0,0,0,13.7061,59,59,0,1,1.80238,1.80238,298,190,0,84,0,0,0,0,0,1739,2167.33,2.20617,23.2045,259116,72,42846,680,744824,288,171384,2720,32,4,45080,90534,1442560,362136,1804696,0,0,12,4,13,12,12,20,20,20260807,5,1,1,1,0,0,0,6173,0.257208,1,0.0015,0
345,3728.95,3,0,2.73529,0.900334,0,0,0,3.63563,60,60,0,1,1.80238,1.80238,303,192,1,85,0,0,0,0,0,1741,2169.7,1.13783,23.2045,259180,72,43102,680,745006,288,172408,2720,32,4,46104,92070,1475328,368280,1843608,0,0,12,4,13,12,12,20,20,20260807,5,1,1,1,0,0,0,6173,0.257208,1,0.0015,0
346,3742.52,14,0,12.503,1.00379,0,0,0,13.5068,62,61,0,1,1.80238,1.80238,308,195,2,87,0,0,0,0,0,1744,2173.58,1.1455,23.2045,259789,72,43102,680,746718,288,172408,2720,32,4,47539,95088,1521248,380352,1901600,0,0,12,4,13,12,12,20,20,20260807,5,1,1,1,0,0,0,6173,0.257208,1,0.0015,0
347,3748.73,6,0,5.08179,1.05604,0,0,0,6.13783,62,62,0,1,1.80238,1.80238,313,200,0,89,0,0,0,0,0,1744,2173.58,1.1455,23.2045,259789,72,43102,680,746718,288,172408,2720,32,4,47998,96108,1535936,384432,1920368,0,0,12,4,13,12,12,20,20,20260807,5,1,1,1,0,0,0,6174,0.25725,1,0.0015,1
348,3758.44,10,0,0.808959,8.734,0,0,0,9.54296,63,62,0,1,1.80238,1.80238,313,200,0,89,0,0,0,0,0,1744,2173.58,1.1455,23.2045,259789,72,43102,680,746718,288,172408,2720,32,4,47998,96108,1535936,384432,1920368,0,0,12,4,13,12,12,20,20,20260807,5,1,1,1,0,0,0,6174,0.25725,1,0.0015,0
349,3761.69,3,0,1.04558,2.11167,0,0,0,3.15725,63,63,0,1,1.80238,1.80238,318,204,0,89,0,0,0,0,0,1744,2173.58,1.1455,23.2045,259789,72,43102,680,746718,288,172408,2720,32,4,47998,96108,1535936,384432,1920368,0,0,12,4,13,12,12,20,20,20260807,5,1,1,1,0,0,0,6174,0.25725,1,0.0015,0
350,3777.2,16,0,14.3208,1.12371,0,0,0,15.4445,64,64,0,1,1.80238,1.80238,323,205,3,91,0,0,0,0,0,1749,2180.8,2.88137,23.2045,260927,72,43358,680,749880,288,173432,2720,32,4,50068,99954,1602176,399816,2001992,0,0,12,4,13,12,12,20,20,20260807,5,1,1,1,0,0,0,6174,0.25725,1,0.0015,0
351,3779.04,1,0,0.952459,0.81475,0,0,0,1.76721,64,64,0,1,1.80238,1.80238,323,204,0,94,0,0,0,0,0,1749,2180.8,2.88137,23.2045,260927,72,43358,680,749880,288,173432,2720,32,4,52184,104472,1669888,417888,2087776,0,0,12,4,13,12,12,20,20,20260807,5,1,1,1,0,0,0,6174,0.25725,1,0.0015,0
352,3792.04,13,0,0.524625,12.388,0,0,0,12.9126,64,64,0,1,1.80238,1.80238,323,204,0,94,0,0,0,0,0,1749,2180.8,2.88137,23.2045,260927,72,43358,680,749880,288,173432,2720,32,4,52184,104472,1669888,417888,2087776,0,0,12,4,13,12,12,20,20,20260807,5,1,1,1,0,0,0,6174,0.25725,1,0.0015,0
353,3795.84,4,0,2.54988,1.15858,0,0,0,3.70846,66,65,0,1,1.80238,1.80238,328,205,0,98,0,0,0,0,0,1754,2186.67,0.993459,23.2045,261936,72,43614,680,752684,288,174456,2720,32,4,56012,112062,1792384,448248,2240632,0,0,12,4,13,12,12,20,20,20260807,5,1,1,1,0,0,0,6175,0.257292,1,0.0015,1
354,3808.58,13,0,0.740167,11.9433,0,0,0,12.6835,66,65,0,1,1.80238,1.80238,328,205,0,98,0,0,0,0,0,1754,2186.67,0.993459,23.2045,261936,72,43614,680,752684,288,174456,2720,32,4,56012,112062,1792384,448248,2240632,0,0,12,4,13,12,12,20,20,20260807,5,1,1,1,0,0,0,6175,0.257292,1,0.0015,0
355,3812.86,4,0,3.15671,1.04371,0,0,0,4.20042,67,67,0,1,1.80238,1.80238,338,215,0,98,0,0,0,0,0,1754,2186.67,0.993459,23.2045,261936,72,43614,680,752684,288,174456,2720,32,4,56012,112062,1792384,448248,2240632,0,0,12,4,13,12,12,20,20,20260807,5,1,1,1,0,0,0,6175,0.257292,1,0.0015,0
356,3825.39,13,0,0.5535,11.9003,0,0,0,12.4538,67,67,0,1,1.80238,1.80238,338,214,0,98,0,0,0,0,0,1754,2186.67,0.993459,23.2045,261936,72,43614,680,752684,288,174456,2720,32,4,56012,112062,1792384,448248,2240632,0,0,12,4,13,12,12,20,20,20260807,5,1,1,1,0,0,0,6175,0.257292,1,0.0015,0
357,3832.07,6,0,5.48129,1.1135,0,0,0,6.59479,68,68,0,1,1.80238,1.80238,343,215,0,103,0,0,0,0,0,1759,2191.98,1.01329,23.2045,262235,72,43870,680,753504,288,175480,2720,32,4,57856,115392,1851392,461568,2312960,0,0,12,4,13,12,12,20,20,20260807,5,1,1,1,0,0,0,6175,0.257292,1,0.0015,0
358,3841.97,10,0,0.500333,9.33992,0,0,0,9.84025,69,68,0,1,1.80238,1.80238,343,215,0,103,0,0,0,0,0,1759,2191.98,1.01329,23.2045,262235,72,43870,680,753504,288,175480,2720,32,4,57856,115392,1851392,461568,2312960,0,0,12,4,13,12,12,20,20,20260807,5,1,1,1,0,0,0,6175,0.257292,1,0.0015,0
359,3845.01,3,0,0.607166,2.36212,0,0,0,2.96929,70,69,0,1,1.80238,1.80238,348,220,0,103,0,0,0,0,0,1759,2191.98,1.01329,23.2045,262235,72,43870,680,753504,288,175480,2720,32,4,57856,115392,1851392,461568,2312960,0,0,12,4,13,12,12,20,20,20260807,5,1,1,1,0,0,0,6176,0.257333,1,0.0015,1
360,3858.53,14,0,0.591541,12.8467,0,0,0,13.4382,70,69,0,1,1.80238,1.80238,348,220,0,103,0,0,0,0,0,1759,2191.98,1.01329,23.2045,262235,72,43870,680,753504,288,175480,2720,32,4,57856,115392,1851392,461568,2312960,0,0,12,4,13,12,12,20,20,20260807,5,1,1,1,0,0,0,6176,0.257333,1,0.0015,0
361,3862.58,4,0,2.85642,1.11967,0,0,0,3.97608,71,70,0,1,1.80238,1.80238,353,220,0,107,0,0,0,0,0,1764,2196.79,1.13183,23.2045,262654,72,43880,680,754691,288,175520,2720,32,4,59083,117966,1890656,471864,2362520,0,0,12,4,13,12,12,20,20,20260807,5,1,1,1,0,0,0,6176,0.257333,1,0.0015,0
362,3875.28,13,0,0.517459,12.1156,0,0,0,12.633,71,70,0,1,1.80238,1.80238,353,220,0,107,0,0,0,0,0,1764,2196.79,1.13183,23.2045,262654,72,43880,680,754691,288,175520,2720,32,4,59083,117966,1890656,471864,2362520,0,0,12,4,13,12,12,20,20,20260807,5,1,1,1,0,0,0,6176,0.257333,1,0.0015,0
363,3879.18,3,0,2.69383,1.09821,0,0,0,3.79204,72,71,0,1,1.80238,1.80238,358,220,1,111,0,0,0,0,0,1769,2202.47,1.21117,23.2045,263188,72,44136,680,756071,288,176544,2720,32,4,61487,122706,1967584,490824,2458408,0,0,12,4,13,12,12,20,20,20260807,5,1,1,1,0,0,0,6176,0.257333,1,0.0015,0
364,3891.98,13,0,0.527209,12.197,0,0,0,12.7242,72,71,0,1,1.80238,1.80238,358,220,0,111,0,0,0,0,0,1769,2202.47,1.21117,23.2045,263188,72,44136,680,756071,288,176544,2720,32,4,61487,122706,1967584,490824,2458408,0,0,12,4,13,12,12,20,20,20260807,5,1,1,1,0,0,0,6176,0.257333,1,0.0015,0
365,3895.83,4,0,2.66717,1.10662,0,0,0,3.77379,73,72,0,1,1.80238,1.80238,363,220,1,114,0,0,0,0,0,1774,2208.54,1.02133,23.2045,263577,72,44175,680,757152,288,176700,2720,32,4,62724,125274,2007168,501096,2508264,0,0,12,4,13,12,12,20,20,20260807,5,1,1,1,0,0,0,6177,0.257375,1,0.0015,1
366,3908.68,13,0,0.809375,11.9787,0,0,0,12.7881,73,72,0,1,1.80238,1.80238,363,220,0,114,0,0,0,0,0,1774,2208.54,1.02133,23.2045,263577,72,44175,680,757152,288,176700,2720,32,4,62724,125274,2007168,501096,2508264,0,0,12,4,13,12,12,20,20,20260807,5,1,1,1,0,0,0,6177,0.257375,1,0.0015,0
367,3913.22,5,0,3.33887,1.12688,0,0,0,4.46575,74,74,0,1,1.80238,1.80238,373,230,0,114,0,0,0,0,0,1774,2208.54,1.02133,23.2045,263577,72,44175,680,757152,288,176700,2720,32,4,62724,125274,2007168,501096,2508264,0,0,12,4,13,12,12,20,20,20260807,5,1,1,1,0,0,0,6177,0.257375,1,0.0015,0
368,3925.95,12,0,0.937917,11.7159,0,0,0,12.6538,75,74,0,1,1.80238,1.80238,373,230,0,114,0,0,0,0,0,1774,2208.54,1.02133,23.2045,263577,72,44175,680,757152,288,176700,2720,32,4,62724,125274,2007168,501096,2508264,0,0,12,4,13,12,12,20,20,20260807,5,1,1,1,0,0,0,6177,0.257375,1,0.0015,0
369,3942.77,17,0,15.5679,1.17279,0,0,0,16.7407,76,76,0,1,1.80238,1.80238,383,235,4,115,0,0,0,0,0,1779,2215.99,1.49762,23.2045,264014,72,44175,680,758357,288,176700,2720,32,4,63233,126378,2023456,505512,2528968,0,0,12,4,13,12,12,20,20,20260807,5,1,1,1,0,0,0,6177,0.257375,1,0.0015,0
370,3945.91,3,0,1.91396,1.10333,0,0,0,3.01729,76,76,0,1,1.80238,1.80238,383,233,2,118,0,0,0,0,0,1781,2218.13,0.501292,23.2045,264298,72,44232,680,759126,288,176928,2720,32,4,63929,127896,2045728,511584,2557312,0,0,12,4,13,12,12,20,20,20260807,5,1,1,1,0,0,0,6178,0.257417,1,0.0015,1
371,3959.56,14,0,12.3223,1.25633,0,0,0,13.5786,78,77,0,1,1.80238,1.80238,388,235,2,121,0,0,0,0,0,1784,2221.71,0.936375,23.2045,264595,72,44232,680,759942,288,176928,2720,32,4,65659,131532,2101088,526128,2627216,0,0,12,4,13,12,12,20,20,20260807,5,1,1,1,0,0,0,6178,0.257417,1,0.0015,0
372,3962.41,3,0,1.61058,1.164,0,0,0,2.77458,78,77,0,1,1.80238,1.80238,388,235,0,122,0,0,0,0,0,1784,2221.71,0.936375,23.2045,264595,72,44232,680,759942,288,176928,2720,32,4,65742,131724,2103744,526896,2630640,0,0,12,4,13,12,12,20,20,20260807,5,1,1,1,0,0,0,6178,0.257417,1,0.0015,0
373,3975.4,13,0,3.21546,9.711,0,0,0,12.9265,78,78,0,1,1.80238,1.80238,393,240,0,122,0,0,0,0,0,1784,2221.71,0.936375,23.2045,264595,72,44232,680,759942,288,176928,2720,32,4,65742,131724,2103744,526896,2630640,0,0,12,4,13,12,12,20,20,20260807,5,1,1,1,0,0,0,6178,0.257417,1,0.0015,0
374,3978.51,3,0,1.11017,1.92142,0,0,0,3.03158,79,79,0,1,1.80238,1.80238,398,243,1,122,0,0,0,0,0,1785,2223.22,1.516,23.2045,264656,72,44232,680,760104,288,176928,2720,32,4,65742,131724,2103744,526896,2630640,0,0,12,4,13,12,12,20,20,20260807,5,1,1,1,0,0,0,6178,0.257417,1,0.0015,0
375,3993.14,14,0,13.2153,1.35088,0,0,0,14.5662,80,80,0,1,1.80238,1.80238,403,245,3,124,0,0,0,0,0,1789,2227.96,1.25367,23.2045,265518,72,44476,680,762497,288,177904,2720,32,4,66920,133626,2141440,534504,2675944,0,0,12,4,13,12,12,20,20,20260807,5,1,1,1,0,0,0,6178,0.257417,1,0.0015,0
376,3996.07,3,0,1.69,1.13908,0,0,0,2.82908,80,80,0,1,1.80238,1.80238,403,242,1,128,0,0,0,0,0,1791,2230.11,0.778792,23.2045,265661,72,44476,680,762895,288,177904,2720,32,4,69436,139074,2221952,556296,2778248,0,0,12,4,13,12,12,20,20,20260807,5,1,1,1,0,0,0,6179,0.257458,1,0.0015,1
377,4009.55,14,0,12.0829,1.30183,0,0,0,13.3847,81,81,0,1,1.80238,1.80238,408,243,2,130,0,0,0,0,0,1794,2233.45,1.12846,23.2045,265677,72,44476,680,762938,288,177904,2720,32,4,69698,139638,2230336,558552,2788888,0,0,12,4,13,12,12,20,20,20260807,5,1,1,1,0,0,0,6179,0.257458,1,0.0015,0
378,4012.34,3,0,1.41613,1.27575,0,0,0,2.69188,81,81,0,1,1.80238,1.80238,408,241,1,132,0,0,0,0,0,1796,2235.99,1.471,23.2045,265692,72,44487,680,762988,288,177948,2720,32,4,69808,139836,2233856,559344,2793200,0,0,12,4,13,12,12,20,20,20260807,5,1,1,1,0,0,0,6179,0.257458,1,0.0015,0
379,4025.53,13,0,0.887375,12.2358,0,0,0,13.1232,81,81,0,1,1.80238,1.80238,408,241,1,132,0,0,0,0,0,1797,2238.59,2.59775,23.2045,266167,72,44487,680,764263,288,177948,2720,32,4,69808,139836,2233856,559344,2793200,0,0,12,4,13,12,12,20,20,20260807,5,1,1,1,0,0,0,6179,0.257458,1,0.0015,0
380,4029.39,4,0,2.52146,1.25154,0,0,0,3.773,82,82,0,1,1.80238,1.80238,413,242,2,133,0,0,0,0,0,1800,2241.77,0.584209,23.2045,266470,72,44487,680,765093,288,177948,2720,32,4,71083,142686,2274656,570744,2845400,0,0,12,4,13,12,12,20,20,20260807,5,1,1,1,0,0,0,6179,0.257458,1,0.0015,0
381,4043.02,13,0,12.1378,1.42437,0,0,0,13.5621,84,83,0,1,1.80238,1.80238,418,245,2,136,0,0,0,0,0,1803,2244.83,0.937875,23.2045,266550,72,44487,680,765323,288,177948,2720,32,4,72143,144984,2308576,579936,2888512,0,0,12,4,13,12,12,20,20,20260807,5,1,1,1,0,0,0,6179,0.257458,1,0.0015,0
382,4045.35,3,0,1.05683,1.1795,0,0,0,2.23633,84,83,0,1,1.80238,1.80238,418,245,0,136,0,0,0,0,0,1803,2244.83,0.937875,23.2045,266550,72,44487,680,765323,288,177948,2720,32,4,72143,144984,2308576,579936,2888512,0,0,12,4,29,12,12,20,20,20260807,5,1,1,1,0,0,0,6180,0.2575,1,0.0015,1
383,4059.02,13,0,3.32783,10.2765,0,0,0,13.6043,84,84,0,1,1.80238,1.80238,423,250,0,136,0,0,0,0,0,1803,2244.83,0.937875,23.2045,266550,72,44487,680,765323,288,177948,2720,32,4,72143,144984,2308576,579936,2888512,0,0,12,4,29,12,12,20,20,20260807,5,1,1,1,0,0,0,6180,0.2575,1,0.0015,0
384,4062.99,4,0,2.43875,1.44825,0,0,0,3.887,85,85,0,1,1.80238,1.80238,428,252,1,137,0,0,0,0,0,1805,2246.78,0.843791,23.2045,266619,72,44487,680,765518,288,177948,2720,32,4,72207,145122,2310624,580488,2891112,0,0,12,4,29,12,12,20,20,20260807,5,1,1,1,0,0,0,6180,0.2575,1,0.0015,0
385,4076.66,14,0,11.8611,1.72608,0,0,0,13.5872,86,86,0,1,1.80238,1.80238,433,254,1,140,0,0,0,0,0,1808,2249.93,0.992917,23.2045,266804,72,44487,680,766008,288,177948,2720,32,4,72828,146508,2330496,586032,2916528,0,0,12,4,29,12,12,20,20,20260807,5,1,1,1,0,0,0,6180,0.2575,1,0.0015,0
386,4079.13,2,0,1.023,1.35892,0,0,0,2.38192,86,86,0,1,1.80238,1.80238,433,252,0,142,0,0,0,0,0,1810,2252.07,0.831042,23.2045,267352,72,44487,680,767546,288,177948,2720,32,4,74366,149796,2379712,599184,2978896,0,0,12,4,29,12,12,20,20,20260807,5,1,1,1,0,0,0,6180,0.2575,1,0.0015,0
387,4093.69,15,0,12.7812,1.71054,0,0,0,14.4917,87,87,0,1,1.80238,1.80238,438,254,2,143,0,0,0,0,0,1813,2256.12,1.35088,23.2045,267499,72,44487,680,767960,288,177948,2720,32,4,74780,150678,2392960,602712,2995672,0,0,12,4,29,12,12,20,20,20260807,5,1,1,1,0,0,0,6180,0.2575,1,0.0015,0
388,4096.55,3,0,1.39521,1.33258,0,0,0,2.72779,87,87,0,1,1.80238,1.80238,438,252,0,145,0,0,0,0,0,1815,2258.09,0.572583,23.2045,267695,72,44487,680,768474,288,177948,2720,32,4,75294,151854,2409408,607416,3016824,0,0,12,4,29,12,12,20,20,20260807,5,1,1,1,0,0,0,6181,0.257542,1,0.0015,1
389,4109.8,13,0,11.6694,1.52525,0,0,0,13.1946,89,88,0,1,1.80238,1.80238,443,255,2,146,0,0,0,0,0,1818,2261.34,0.982666,23.2045,268185,72,44487,680,769811,288,177948,2720,32,4,75841,153060,2426912,612240,3039152,0,0,12,4,29,12,12,20,20,20260807,5,1,1,1,0,0,0,6181,0.257542,1,0.0015,0
390,4112.5,3,0,1.33571,1.28408,0,0,0,2.61979,89,88,0,1,1.80238,1.80238,443,255,0,147,0,0,0,0,0,1818,2261.34,0.982666,23.2045,268185,72,44487,680,769811,288,177948,2720,32,4,76631,154794,2452192,619176,3071368,0,0,12,4,29,12,12,20,20,20260807,5,1,1,1,0,0,0,6181,0.257542,1,0.0015,0
391,4125.67,13,0,0.61725,12.4878,0,0,0,13.1051,89,88,0,1,1.80238,1.80238,443,255,0,147,0,0,0,0,0,1818,2261.34,0.982666,23.2045,268185,72,44487,680,769811,288,177948,2720,32,4,76631,154794,2452192,619176,3071368,0,0,12,4,29,12,12,20,20,20260807,5,1,1,1,0,0,0,6181,0.257542,1,0.0015,0
392,4128.86,3,0,1.71025,1.36354,0,0,0,3.07379,90,90,0,1,1.80238,1.80238,453,265,0,147,0,0,0,0,0,1818,2261.34,0.982666,23.2045,268185,72,44487,680,769811,288,177948,2720,32,4,76631,154794,2452192,619176,3071368,0,0,12,4,29,12,12,20,20,20260807,5,1,1,1,0,0,0,6181,0.257542,1,0.0015,0
393,4142.52,14,0,0.663292,12.9144,0,0,0,13.5777,90,90,0,1,1.80238,1.80238,453,264,0,147,0,0,0,0,0,1818,2261.34,0.982666,23.2045,268185,72,44487,680,769811,288,177948,2720,32,4,76631,154794,2452192,619176,3071368,0,0,12,4,29,12,12,20,20,20260807,5,1,1,1,0,0,0,6181,0.257542,1,0.0015,0
394,4147.85,5,0,3.66421,1.58904,0,0,0,5.25325,91,91,0,1,1.80238,1.80238,458,265,0,151,0,0,0,0,0,1823,2267.06,1.13921,23.2045,268609,72,44487,680,770948,288,177948,2720,32,4,77768,157338,2488576,629352,3117928,0,0,12,4,29,12,12,20,20,20260807,5,1,1,1,0,0,0,6182,0.257583,1,0.0015,1
395,4159.28,12,0,0.950333,10.4142,0,0,0,11.3646,91,91,0,1,1.80238,1.80238,458,263,1,151,0,0,0,0,0,1824,2268.18,1.11796,23.2045,269029,72,44487,680,772187,288,177948,2720,32,4,77768,157338,2488576,629352,3117928,0,0,12,4,29,12,12,20,20,20260807,5,1,1,1,0,0,0,6182,0.257583,1,0.0015,0
396,4165.97,6,0,5.08338,1.51704,0,0,0,6.60042,92,92,0,1,1.80238,1.80238,463,265,0,154,0,0,0,0,0,1828,2273.19,1.51042,23.2045,269660,72,44487,680,773899,288,177948,2720,32,4,80719,163644,2583008,654576,3237584,0,0,12,4,29,12,12,20,20,20260807,5,1,1,1,0,0,0,6182,0.257583,1,0.0015,0
397,4175.9,10,0,0.672125,9.19538,0,0,0,9.8675,93,92,0,1,1.80238,1.80238,463,265,0,154,0,0,0,0,0,1828,2273.19,1.51042,23.2045,269660,72,44487,680,773899,288,177948,2720,32,4,80719,163644,2583008,654576,3237584,0,0,12,4,29,12,12,20,20,20260807,5,1,1,1,0,0,0,6182,0.257583,1,0.0015,0
398,4179.16,3,0,1.21446,1.95633,0,0,0,3.17079,94,93,0,1,1.80238,1.80238,468,270,0,154,0,0,0,0,0,1828,2273.19,1.51042,23.2045,269660,72,44487,680,773899,288,177948,2720,32,4,80719,163644,2583008,654576,3237584,0,0,12,4,29,12,12,20,20,20260807,5,1,1,1,0,0,0,6182,0.257583,1,0.0015,0
399,4192.5,14,0,0.696292,12.582,0,0,0,13.2782,94,93,0,1,1.80238,1.80238,468,270,0,154,0,0,0,0,0,1828,2273.19,1.51042,23.2045,269660,72,44487,680,773899,288,177948,2720,32,4,80719,163644,2583008,654576,3237584,0,0,12,4,29,12,12,20,20,20260807,5,1,1,1,0,0,0,6182,0.257583,1,0.0015,0
400,4196.3,4,0,2.30096,1.40237,0,0,0,3.70333,95,94,0,1,1.80238,1.80238,473,270,0,159,0,0,0,0,0,1833,2278.34,1.04958,23.2045,270386,72,44487,680,775893,288,177948,2720,32,4,82713,168000,2646816,672000,3318816,0,0,12,4,29,12,12,20,20,20260807,5,1,1,1,0,0,0,6183,0.257625,1,0.0015,1
401,4209.42,13,0,0.717541,12.3381,0,0,0,13.0556,95,94,0,1,1.80238,1.80238,473,270,0,159,0,0,0,0,0,1833,2278.34,1.04958,23.2045,270386,72,44487,680,775893,288,177948,2720,32,4,82713,168000,2646816,672000,3318816,0,0,12,4,29,12,12,20,20,20260807,5,1,1,1,0,0,0,6183,0.257625,1,0.0015,0
402,4213.51,4,0,2.29296,1.70446,0,0,0,3.99742,96,95,0,1,1.80238,1.80238,478,270,0,164,0,0,0,0,0,1838,2283.71,1.12037,23.2045,271122,72,44487,682,777949,288,177948,2728,32,4,84777,172428,2712864,689712,3402576,0,0,12,4,29,12,12,20,20,20260807,5,1,1,1,0,0,0,6183,0.257625,1,0.0015,0
403,4225.78,12,0,3.18788,8.9975,0,0,0,12.1854,96,96,0,1,1.80238,1.80238,483,275,0,164,0,0,0,0,0,1838,2283.71,1.12037,23.2045,271122,72,44487,682,777949,288,177948,2728,32,4,84777,172428,2712864,689712,3402576,0,0,12,4,29,12,12,20,20,20260807,5,1,1,1,0,0,0,6183,0.257625,1,0.0015,0
404,4230.09,4,0,2.54296,1.6395,0,0,0,4.18246,97,96,0,1,1.80238,1.80238,483,270,0,167,0,0,0,0,0,1843,2288.64,1.03346,23.2045,271864,72,44487,682,779990,288,177948,2728,32,4,86818,176880,2778176,707520,3485696,0,0,12,4,29,12,12,20,20,20260807,5,1,1,1,0,0,0,6183,0.257625,1,0.0015,0
405,4242.59,13,0,2.87517,9.55458,0,0,0,12.4298,97,97,0,1,1.80238,1.80238,488,275,0,167,0,0,0,0,0,1843,2288.64,1.03346,23.2045,271864,72,44487,682,779990,288,177948,2728,32,4,86818,176880,2778176,707520,3485696,0,0,12,4,29,12,12,20,20,20260807,5,1,1,1,0,0,0,6183,0.257625,1,0.0015,0
406,4246.52,4,0,2.32008,1.49783,0,0,0,3.81792,98,97,0,1,1.80238,1.80238,488,270,0,171,0,0,0,0,0,1848,2293.78,0.997542,23.2045,272970,72,44487,682,783081,288,177948,2728,32,4,89909,183516,2877088,734064,3611152,0,0,12,4,29,12,12,20,20,20260807,5,1,1,1,0,0,0,6184,0.257667,1,0.0015,1
407,4259.24,13,0,3.27588,9.35412,0,0,0,12.63,98,98,0,1,1.80238,1.80238,493,275,0,171,0,0,0,0,0,1848,2293.78,0.997542,23.2045,272970,72,44487,682,783081,288,177948,2728,32,4,89909,183516,2877088,734064,3611152,0,0,12,4,29,12,12,20,20,20260807,5,1,1,1,0,0,0,6184,0.257667,1,0.0015,0
408,4262.42,3,0,1.13167,1.96663,0,0,0,3.09829,100,99,0,1,1.80238,1.80238,498,280,0,171,0,0,0,0,0,1848,2293.78,0.997542,23.2045,272970,72,44487,682,783081,288,177948,2728,32,4,89909,183516,2877088,734064,3611152,0,0,12,4,29,12,12,20,20,20260807,5,1,1,1,0,0,0,6184,0.257667,1,0.0015,0
409,4275.99,13,0,3.67875,9.80942,0,0,0,13.4882,100,100,0,1,1.80238,1.80238,503,285,0,171,0,0,0,0,0,1848,2293.78,0.997542,23.2045,272970,72,44487,682,783081,288,177948,2728,32,4,89909,183516,2877088,734064,3611152,0,0,12,4,29,12,12,20,20,20260807,5,1,1,1,0,0,0,6184,0.257667,1,0.0015,0
410,4279.84,4,0,2.19658,1.56596,0,0,0,3.76254,101,100,0,1,1.80238,1.80238,503,280,0,174,0,0,0,0,0,1853,2299.18,1.01571,23.2045,273678,72,44487,682,784948,288,177948,2728,32,4,91776,187764,2936832,751056,3687888,0,0,12,4,29,12,12,20,20,20260807,5,1,1,1,0,0,0,6184,0.257667,1,0.0015,0
411,4297.87,18,0,2.46008,15.4889,0,0,0,17.949,101,101,0,1,1.80238,1.80238,508,285,0,174,0,0,0,0,0,1853,2299.18,1.01571,23.2045,273678,72,44487,682,784948,288,177948,2728,32,4,91776,187764,2936832,751056,3687888,0,0,12,4,29,12,12,20,20,20260807,5,1,1,1,0,0,0,6184,0.257667,1,0.0015,0
412,4310.16,12,0,10.3935,1.81358,0,0,0,12.207,103,102,0,1,1.80238,1.80238,513,285,0,179,0,0,0,0,0,1858,2304.79,1.70054,23.2045,274941,72,44487,684,788415,288,177948,2736,32,4,95251,195354,3048032,781416,3829448,0,0,12,4,29,12,12,20,20,20260807,5,1,1,1,0,0,0,6185,0.257708,1,0.0015,1
413,4317.9,8,0,5.8425,1.79508,0,0,0,7.63758,104,103,0,1,1.80238,1.80238,519,286,0,180,3,0,0,0,0,1860,2306.36,1.04892,23.2045,275085,72,44487,684,788789,288,177948,2736,32,4,95625,196218,3060000,784872,3844872,0,0,12,4,29,12,12,20,20,20260807,5,1,1,1,0,0,0,6185,0.257708,1,0.0015,0
414,4327.68,10,0,7.74604,1.96275,0,0,0,9.70879,104,104,0,1,1.80238,1.80238,524,291,0,182,1,0,0,0,0,1862,2308.68,1.032,23.2045,275619,76,44487,684,790315,304,177948,2736,32,4,97167,199446,3109344,797784,3907128,0,0,12,4,29,12,12,20,20,20260807,5,1,1,1,0,0,0,6185,0.257708,1,0.0015,0
415,4331.67,4,0,2.2545,1.66546,0,0,0,3.91996,104,104,0,1,1.80238,1.80238,524,289,1,183,0,0,0,0,0,1864,2311.2,1.42696,23.2045,276157,76,44487,684,791850,304,177948,2736,32,4,97468,200070,3118976,800280,3919256,0,0,12,4,29,12,12,20,20,20260807,5,1,1,1,0,0,0,6185,0.257708,1,0.0015,0
416,4345.47,14,0,11.9492,1.77092,0,0,0,13.7202,105,105,0,1,1.80238,1.80238,529,292,2,185,0,0,0,0,0,1867,2316.12,1.21012,23.2045,276250,76,44487,684,792094,304,177948,2736,32,4,98922,203166,3165504,812664,3978168,0,0,12,4,29,12,12,20,20,20260807,5,1,1,1,0,0,0,6185,0.257708,1,0.0015,0
417,4348.27,3,0,1.17071,1.55954,0,0,0,2.73025,105,105,0,1,1.80238,1.80238,529,290,1,186,0,0,0,0,0,1868,2317.26,1.14004,23.2045,276250,76,44487,684,792094,304,177948,2736,32,4,98946,203232,3166272,812928,3979200,0,0,12,4,29,12,12,20,20,20260807,5,1,1,1,0,0,0,6186,0.25775,1,0.0015,1
418,4360.91,12,0,10.7079,1.85967,0,0,0,12.5675,106,106,0,1,1.80238,1.80238,534,292,2,187,0,0,0,0,0,1872,2320.8,0.988875,23.2045,276993,76,44487,684,794115,304,177948,2736,32,4,99154,203682,3172928,814728,3987656,0,0,12,4,29,12,12,20,20,20260807,5,1,1,1,0,0,0,6186,0.25775,1,0.0015,0
419,4364.13,3,0,1.49842,1.62846,0,0,0,3.12688,106,106,0,1,1.80238,1.80238,534,289,1,189,0,0,0,0,0,1874,2322.29,0.466333,23.2045,277046,76,44487,684,794263,304,177948,2736,32,4,100967,207690,3230944,830760,4061704,0,0,12,4,29,12,12,20,20,20260807,5,1,1,1,0,0,0,6186,0.25775,1,0.0015,0
420,4376.66,13,0,10.7851,1.67729,0,0,0,12.4624,107,107,0,1,1.80238,1.80238,539,292,2,190,0,0,0,0,0,1877,2325.97,1.19854,23.2045,277391,76,44487,684,795186,304,177948,2736,32,4,101115,208008,3235680,832032,4067712,0,0,12,4,29,12,12,20,20,20260807,5,1,1,1,0,0,0,6186,0.25775,1,0.0015,0
421,4380.37,4,0,1.98713,1.59413,0,0,0,3.58125,107,107,0,1,1.80238,1.80238,539,289,1,192,0,0,0,0,0,1879,2327.94,0.712542,23.2045,278052,76,44487,684,797040,304,177948,2736,32,4,103470,213102,3311040,852408,4163448,0,0,12,4,29,12,12,20,20,20260807,5,1,1,1,0,0,0,6186,0.25775,1,0.0015,0
422,4394.03,13,0,11.6931,1.88479,0,0,0,13.5779,108,108,0,1,1.80238,1.80238,544,292,2,194,0,0,0,0,0,1882,2331.77,1.05888,23.2045,278190,76,44487,684,797416,304,177948,2736,32,4,104256,214848,3336192,859392,4195584,0,0,12,4,29,12,12,20,20,20260807,5,1,1,1,0,0,0,6186,0.25775,1,0.0015,0
423,4396.91,3,0,1.22571,1.58354,0,0,0,2.80925,108,108,0,1,1.80238,1.80238,544,290,1,195,0,0,0,0,0,1883,2333.29,1.52433,23.2045,278387,76,44487,684,797939,304,177948,2736,32,4,104268,214872,3336576,859488,4196064,0,0,12,4,29,12,12,20,20,20260807,5,1,1,1,0,0,0,6187,0.257792,1,0.0015,1
424,4410.23,14,0,11.3743,1.86308,0,0,0,13.2374,109,109,0,1,1.80238,1.80238,549,293,2,197,0,0,0,0,0,1886,2337.04,1.05758,23.2045,278541,76,44487,684,798354,304,177948,2736,32,4,104921,216336,3357472,865344,4222816,0,0,12,4,29,12,12,20,20,20260807,5,1,1,1,0,0,0,6187,0.257792,1,0.0015,0
425,4413.37,3,0,1.43837,1.59838,0,0,0,3.03675,109,109,0,1,1.80238,1.80238,549,291,1,198,0,0,0,0,0,1887,2339.42,2.37617,23.2045,278545,76,44487,684,798366,304,177948,2736,32,4,105206,216978,3366592,867912,4234504,0,0,12,4,29,12,12,20,20,20260807,5,1,1,1,0,0,0,6187,0.257792,1,0.0015,0
426,4427.85,14,0,12.5324,1.86262,0,0,0,14.395,110,110,0,1,1.80238,1.80238,554,293,3,200,0,0,0,0,0,1891,2344.62,1.53492,23.2045,279243,76,44487,684,800305,304,177948,2736,32,4,105311,217200,3369952,868800,4238752,0,0,12,4,29,12,12,20,20,20260807,5,1,1,1,0,0,0,6187,0.257792,1,0.0015,0
427,4431.18,4,0,1.53487,1.72946,0,0,0,3.26433,110,110,0,1,1.80238,1.80238,554,291,1,203,0,0,0,0,0,1892,2346.17,1.54717,23.2045,279382,76,44487,684,800678,304,177948,2736,32,4,107157,221190,3429024,884760,4313784,0,0,12,4,29,12,12,20,20,20260807,5,1,1,1,0,0,0,6187,0.257792,1,0.0015,0
428,4444.69,13,0,11.5268,1.91946,0,0,0,13.4462,111,111,0,1,1.80238,1.80238,559,293,2,206,0,0,0,0,0,1896,2349.82,0.995833,23.2045,279495,76,44487,684,800977,304,177948,2736,32,4,107829,222702,3450528,890808,4341336,0,0,12,4,29,12,12,20,20,20260807,5,1,1,1,0,0,0,6187,0.257792,1,0.0015,0
429,4447.54,3,0,1.19517,1.5805,0,0,0,2.77567,111,111,0,1,1.80238,1.80238,559,293,0,206,0,0,0,0,0,1896,2349.82,0.995833,23.2045,279495,76,44487,684,800977,304,177948,2736,32,4,107829,222702,3450528,890808,4341336,0,0,12,4,29,12,12,20,20,20260807,5,1,1,1,0,0,0,6188,0.257833,1,0.0015,1
430,4459.49,12,0,1.03788,10.8411,0,0,0,11.879,111,111,0,1,1.80238,1.80238,559,293,0,206,0,0,0,0,0,1896,2349.82,0.995833,23.2045,279495,76,44487,684,800977,304,177948,2736,32,4,107829,222702,3450528,890808,4341336,0,0,12,4,29,12,12,20,20,20260807,5,1,1,1,0,0,0,6188,0.257833,1,0.0015,0
431,4462.82,3,0,1.46767,1.77467,0,0,0,3.24233,111,111,0,1,1.80238,1.80238,559,292,0,206,0,0,0,0,0,1896,2349.82,0.995833,23.2045,279495,76,44487,684,800977,304,177948,2736,32,4,107829,222702,3450528,890808,4341336,0,0,12,4,29,12,12,20,20,20260807,5,1,1,1,0,0,0,6188,0.257833,1,0.0015,0
432,4477.97,14,0,12.8815,2.19792,0,0,0,15.0795,112,112,0,1,1.80238,1.80238,565,294,3,208,0,0,0,0,0,1901,2354.9,1.04692,23.2045,280011,76,44487,684,802415,304,177948,2736,32,4,108443,224022,3470176,896088,4366264,0,0,12,4,29,12,12,20,20,20260807,5,1,1,1,0,0,0,6188,0.257833,1,0.0015,0
433,4480.98,3,0,1.25571,1.6825,0,0,0,2.93821,113,112,0,1,1.80238,1.80238,565,294,0,211,0,0,0,0,0,1901,2354.9,1.04692,23.2045,280011,76,44487,684,802415,304,177948,2736,32,4,109267,225798,3496544,903192,4399736,0,0,12,4,29,12,12,20,20,20260807,5,1,1,1,0,0,0,6188,0.257833,1,0.0015,0
434,4492.69,12,0,4.29225,7.34954,0,0,0,11.6418,113,113,0,1,1.80238,1.80238,571,298,0,211,4,0,0,0,0,1901,2354.9,1.04692,23.2045,280011,76,44487,684,802415,304,177948,2736,32,4,109267,225798,3496544,903192,4399736,0,0,12,4,29,12,12,20,20,20260807,5,1,1,1,0,0,0,6188,0.257833,1,0.0015,0
435,4498.74,6,0,4.13,1.79954,0,0,0,5.92954,114,114,0,1,1.80238,1.80238,576,302,0,211,2,0,0,0,0,1903,2356.61,1.16512,23.2045,280242,80,44487,684,803100,320,177948,2736,32,4,109212,225696,3494784,902784,4397568,0,0,12,4,29,12,12,20,20,20260807,5,1,1,1,0,0,0,6189,0.257875,1,0.0015,1
436,4510.29,12,0,9.48733,1.97887,0,0,0,11.4662,115,114,0,1,1.80238,1.80238,576,299,4,213,0,0,0,0,0,1909,2363.22,1.42308,23.2045,280920,80,44487,684,805036,320,177948,2736,32,4,110693,228816,3542176,915264,4457440,0,0,12,4,29,12,12,20,20,20260807,5,1,1,1,0,0,0,6189,0.257875,1,0.0015,0
437,4515.24,5,0,3.03279,1.81971,0,0,0,4.8525,115,115,0,1,1.80238,1.80238,581,304,2,214,0,0,0,0,0,1909,2363.22,1.42308,23.2045,280920,80,44487,684,805036,320,177948,2736,32,4,110906,229290,3548992,917160,4466152,0,0,12,4,29,12,12,20,20,20260807,5,1,1,1,0,0,0,6189,0.257875,1,0.0015,0
438,4526.13,11,0,1.11496,9.70525,0,0,0,10.8202,116,115,0,1,1.80238,1.80238,581,304,2,214,0,0,0,0,0,1909,2363.22,1.42308,23.2045,280920,80,44487,684,805036,320,177948,2736,32,4,110906,229290,3548992,917160,4466152,0,0,12,4,29,12,12,20,20,20260807,5,1,1,1,0,0,0,6189,0.257875,1,0.0015,0
439,4532.09,6,0,3.96154,1.90712,0,0,0,5.86867,117,117,0,1,1.80238,1.80238,591,314,2,214,0,0,0,0,0,1909,2363.22,1.42308,23.2045,280920,80,44487,684,805036,320,177948,2736,32,4,110906,229290,3548992,917160,4466152,0,0,12,4,29,12,12,20,20,20260807,5,1,1,1,0,0,0,6189,0.257875,1,0.0015,0
440,4542.7,11,0,1.17217,9.3505,0,0,0,10.5227,117,117,0,1,1.80238,1.80238,591,313,2,214,0,0,0,0,0,1909,2363.22,1.42308,23.2045,280920,80,44487,684,805036,320,177948,2736,32,4,110906,229290,3548992,917160,4466152,0,0,12,4,29,12,12,20,20,20260807,5,1,1,1,0,0,0,6190,0.257917,1,0.0015,1
441,4546.42,4,0,1.80713,1.81987,0,0,0,3.627,118,117,0,1,1.80238,1.80238,591,309,2,216,0,0,0,0,0,1914,2369.52,1.25967,23.2045,281023,80,44487,684,805320,320,177948,2736,32,4,111190,229908,3558080,919632,4477712,0,0,12,4,29,12,12,20,20,20260807,5,1,1,1,0,0,0,6190,0.257917,1,0.0015,0
442,4559.28,13,0,2.33742,10.4502,0,0,0,12.7876,118,118,0,1,1.80238,1.80238,596,314,2,216,0,0,0,0,0,1914,2369.52,1.25967,23.2045,281023,80,44487,684,805320,320,177948,2736,32,4,111190,229908,3558080,919632,4477712,0,0,12,4,29,12,12,20,20,20260807,5,1,1,1,0,0,0,6190,0.257917,1,0.0015,0
443,4563.59,4,0,2.25937,1.96142,0,0,0,4.22079,119,118,0,1,1.80238,1.80238,596,309,2,221,0,0,0,0,0,1919,2374.97,0.968709,23.2045,282158,80,44487,686,808430,320,177948,2744,32,4,114308,236730,3657856,946920,4604776,0,0,12,4,29,12,12,20,20,20260807,5,1,1,1,0,0,0,6190,0.257917,1,0.0015,0
444,4576.42,13,0,3.13512,9.60404,0,0,0,12.7392,119,119,0,1,1.80238,1.80238,602,315,2,221,0,0,0,0,0,1919,2374.97,0.968709,23.2045,282158,80,44487,686,808430,320,177948,2744,32,4,114308,236730,3657856,946920,4604776,0,0,12,4,29,12,12,20,20,20260807,5,1,1,1,0,0,0,6190,0.257917,1,0.0015,0
445,4582.32,6,0,3.75813,2.03538,0,0,0,5.7935,120,120,0,1,1.80238,1.80238,607,316,2,223,0,0,0,0,0,1923,2379.59,0.992542,23.2045,282796,80,44487,686,810191,320,177948,2744,32,4,116069,240558,3714208,962232,4676440,0,0,12,4,29,12,12,20,20,20260807,5,1,1,1,0,0,0,6190,0.257917,1,0.0015,0
446,4593.81,11,0,9.31396,2.10504,0,0,0,11.419,121,120,0,1,1.80238,1.80238,607,311,5,225,0,0,0,0,0,1928,2385.38,0.998792,23.2045,282842,80,44499,686,810325,320,177996,2744,32,4,116251,240906,3720032,963624,4683656,0,0,12,4,29,12,12,20,20,20260807,5,1,1,1,0,0,0,6191,0.257958,1,0.0015,1
447,4596.86,3,0,1.23258,1.75271,0,0,0,2.98529,121,120,0,1,1.80238,1.80238,607,311,2,225,0,0,0,0,0,1928,2385.38,0.998792,23.2045,282842,80,44499,686,810325,320,177996,2744,32,4,116251,240906,3720032,963624,4683656,0,0,12,4,29,12,12,20,20,20260807,5,1,1,1,0,0,0,6191,0.257958,1,0.0015,0
448,4609.63,13,0,3.54842,9.14912,0,0,0,12.6975,121,121,0,1,1.80238,1.80238,612,316,2,225,0,0,0,0,0,1928,2385.38,0.998792,23.2045,282842,80,44499,686,810325,320,177996,2744,32,4,116251,240906,3720032,963624,4683656,0,0,12,4,29,12,12,20,20,20260807,5,1,1,1,0,0,0,6191,0.257958,1,0.0015,0
449,4613.39,4,0,1.88308,1.76533,0,0,0,3.64842,121,121,0,1,1.80238,1.80238,612,311,2,229,0,0,0,0,0,1932,2391.43,1.41729,23.2045,283318,80,44499,686,811648,320,177996,2744,32,4,117574,243762,3762368,975048,4737416,0,0,12,4,29,12,12,20,20,20260807,5,1,1,1,0,0,0,6191,0.257958,1,0.0015,0
450,4626.8,13,0,11.4777,1.84546,0,0,0,13.3231,122,122,0,1,1.80238,1.80238,617,312,5,230,0,0,0,0,0,1936,2395.97,1.21325,23.2045,283759,80,44567,686,812905,320,178268,2744,32,4,117865,244386,3771680,977544,4749224,0,0,12,4,29,12,12,20,20,20260807,5,1,1,1,0,0,0,6191,0.257958,1,0.0015,0
451,4630.82,4,0,1.91092,1.99142,0,0,0,3.90233,123,122,0,1,1.80238,1.80238,617,311,3,234,0,0,0,0,0,1938,2398.81,0.945375,23.2045,284232,80,44567,686,814179,320,178268,2744,32,4,120377,249654,3852064,998616,4850680,0,0,12,4,29,12,12,20,20,20260807,5,1,1,1,0,0,0,6191,0.257958,1,0.0015,0
452,4643.09,12,0,4.32304,7.87921,0,0,0,12.2022,123,123,0,1,1.80238,1.80238,622,316,2,234,0,0,0,0,0,1938,2398.81,0.945375,23.2045,284232,80,44567,686,814179,320,178268,2744,32,4,120377,249654,3852064,998616,4850680,0,0,12,4,29,12,12,20,20,20260807,5,1,1,1,0,0,0,6191,0.257958,1,0.0015,0
453,4647.04,4,0,1.96075,1.88775,0,0,0,3.8485,123,123,0,1,1.80238,1.80238,622,311,2,237,0,0,0,0,0,1942,2404.49,1.48517,23.2045,284452,80,44567,686,814803,320,178268,2744,32,4,121001,250974,3872032,1003896,4875928,0,0,12,4,29,12,12,20,20,20260807,5,1,1,1,0,0,0,6192,0.258,1,0.0015,1
454,4659.68,13,0,1.21646,11.3506,0,0,0,12.567,124,123,0,1,1.80238,1.80238,622,311,2,237,0,0,0,0,0,1943,2405.56,1.07283,23.2045,284452,80,44567,686,814803,320,178268,2744,32,4,121001,250974,3872032,1003896,4875928,0,0,12,4,29,12,12,20,20,20260807,5,1,1,1,0,0,0,6192,0.258,1,0.0015,0
455,4665.41,6,0,3.58933,2.04579,0,0,0,5.63513,125,125,0,1,1.80238,1.80238,632,321,2,237,0,0,0,0,0,1943,2405.56,1.07283,23.2045,284452,80,44567,686,814803,320,178268,2744,32,4,121001,250974,3872032,1003896,4875928,0,0,12,4,29,12,12,20,20,20260807,5,1,1,1,0,0,0,6192,0.258,1,0.0015,0
456,4676.13,10,0,1.16604,9.46383,0,0,0,10.6299,126,125,0,1,1.80238,1.80238,632,321,2,237,0,0,0,0,0,1943,2405.56,1.07283,23.2045,284452,80,44567,686,814803,320,178268,2744,32,4,121001,250974,3872032,1003896,4875928,0,0,12,4,29,12,12,20,20,20260807,5,1,1,1,0,0,0,6192,0.258,1,0.0015,0
457,4680.16,4,0,2.05158,1.88396,0,0,0,3.93554,126,126,0,1,1.80238,1.80238,637,321,3,240,0,0,0,0,0,1947,2410.16,1.1055,23.2045,285053,80,44567,686,816481,320,178268,2744,32,4,122646,254520,3924672,1018080,4942752,0,0,12,4,29,12,12,20,20,20260807,5,1,1,1,0,0,0,6192,0.258,1,0.0015,0
458,4694.1,14,0,11.6998,2.16337,0,0,0,13.8632,127,127,0,1,1.80238,1.80238,642,325,2,241,0,0,0,0,0,1948,2411.92,1.76038,23.2045,285053,80,44567,686,816481,320,178268,2744,32,4,122679,254580,3925728,1018320,4944048,0,0,12,4,29,12,12,20,20,20260807,5,1,1,1,0,0,0,6192,0.258,1,0.0015,0
459,4700,6,0,3.82358,2.00433,0,0,0,5.82792,127,127,0,1,1.80238,1.80238,642,322,5,242,0,0,0,0,0,1952,2417.31,1.42637,23.2045,285389,80,44567,686,817390,320,178268,2744,32,4,123120,255540,3939840,1022160,4962000,0,0,12,4,29,12,12,20,20,20260807,5,1,1,1,0,0,0,6193,0.258042,1,0.0015,1
460,4710.63,11,0,8.43412,2.10246,0,0,0,10.5366,128,128,0,1,1.80238,1.80238,647,325,2,245,0,0,0,0,0,1953,2418.45,1.14904,23.2045,285543,80,44567,686,817803,320,178268,2744,32,4,124001,257520,3968032,1030080,4998112,0,0,12,4,29,12,12,20,20,20260807,5,1,1,1,0,0,0,6193,0.258042,1,0.0015,0
461,4714.2,4,0,1.52188,1.96738,0,0,0,3.48925,128,128,0,1,1.80238,1.80238,647,322,2,248,0,0,0,0,0,1956,2421.18,1.12867,23.2045,285962,80,44810,686,818901,320,179240,2744,32,4,126071,261492,4034272,1045968,5080240,0,0,12,4,29,12,12,20,20,20260807,5,1,1,1,0,0,0,6193,0.258042,1,0.0015,0
462,4727.19,13,0,10.9095,2.00425,0,0,0,12.9138,129,129,0,1,1.80238,1.80238,652,325,3,249,0,0,0,0,0,1958,2424.3,0.957333,23.2045,285971,80,44810,686,818920,320,179240,2744,32,4,126090,261546,4034880,1046184,5081064,0,0,12,4,29,12,12,20,20,20260807,5,1,1,1,0,0,0,6193,0.258042,1,0.0015,0
463,4730.65,3,0,1.28325,2.104,0,0,0,3.38725,129,129,0,1,1.80238,1.80238,652,323,2,251,0,0,0,0,0,1960,2426.49,1.13396,23.2045,286032,80,44889,686,819087,320,179556,2744,32,4,126573,262386,4050336,1049544,5099880,0,0,12,4,29,12,12,20,20,20260807,5,1,1,1,0,0,0,6193,0.258042,1,0.0015,0
464,4743.9,13,0,11.0083,2.13821,0,0,0,13.1465,130,130,0,1,1.80238,1.80238,657,325,3,252,0,0,0,0,0,1963,2430.19,1.0905,23.2045,286589,80,44889,686,820590,320,179556,2744,32,4,127530,264444,4080960,1057776,5138736,0,0,12,4,29,12,12,20,20,20260807,5,1,1,1,0,0,0,6193,0.258042,1,0.0015,0
465,4747.57,4,0,1.526,2.02975,0,0,0,3.55575,130,130,0,1,1.80238,1.80238,657,322,3,255,0,0,0,0,0,1966,2432.87,0.992791,23.2045,287399,80,44941,686,822881,320,179764,2744,32,4,129069,267678,4130208,1070712,5200920,0,0,12,4,29,12,12,20,20,20260807,5,1,1,1,0,0,0,6194,0.258083,1,0.0015,1
466,4760.71,13,0,10.7912,2.26721,0,0,0,13.0585,131,131,0,1,1.80238,1.80238,662,325,2,257,0,0,0,0,0,1968,2435.2,0.996792,23.2045,287632,80,44941,686,823501,320,179764,2744,32,4,131195,272298,4198240,1089192,5287432,0,0,12,4,29,12,12,20,20,20260807,5,1,1,1,0,0,0,6194,0.258083,1,0.0015,0
467,4764,3,0,1.09862,2.11271,0,0,0,3.21133,131,131,0,1,1.80238,1.80238,662,323,2,258,0,0,0,0,0,1970,2437.97,1.12158,23.2045,287675,80,44941,686,823621,320,179764,2744,32,4,131315,272556,4202080,1090224,5292304,0,0,12,4,29,12,12,20,20,20260807,5,1,1,1,0,0,0,6194,0.258083,1,0.0015,0
468,4777.4,14,0,10.9845,2.33375,0,0,0,13.3183,132,132,0,1,1.80238,1.80238,667,326,3,259,0,0,0,0,0,1973,2441.35,1.28012,23.2045,287914,80,44941,686,824238,320,179764,2744,32,4,131716,273486,4214912,1093944,5308856,0,0,12,4,29,12,12,20,20,20260807,5,1,1,1,0,0,0,6194,0.258083,1,0.0015,0
469,4781.05,3,0,1.51029,2.04858,0,0,0,3.55888,132,132,0,1,1.80238,1.80238,667,323,3,261,0,0,0,0,0,1975,2443.57,0.43825,23.2045,288389,80,45197,686,825587,320,180788,2744,32,4,133281,276840,4264992,1107360,5372352,0,0,12,4,29,12,12,20,20,20260807,5,1,1,1,0,0,0,6194,0.258083,1,0.0015,0
470,4794.13,13,0,10.625,2.38383,0,0,0,13.0088,133,133,0,1,1.80238,1.80238,672,325,3,264,0,0,0,0,0,1978,2446.74,0.9915,23.2045,288775,80,45197,686,826657,320,180788,2744,32,4,135375,280692,4332000,1122768,5454768,0,0,12,4,29,12,12,20,20,20260807,5,1,1,1,0,0,0,6194,0.258083,1,0.0015,0
471,4797.3,4,0,1.19704,1.89683,0,0,0,3.09388,133,133,0,1,1.80238,1.80238,672,322,3,266,0,0,0,0,0,1981,2450.28,1.43425,23.2045,288919,80,45451,686,827049,320,181804,2744,32,4,136523,282498,4368736,1129992,5498728,0,0,12,4,29,12,12,20,20,20260807,5,1,1,1,0,0,0,6195,0.258125,1,0.0015,1
472,4811.09,13,0,11.3914,2.33433,0,0,0,13.7257,134,134,0,1,1.80238,1.80238,677,325,2,268,0,0,0,0,0,1983,2452.35,0.978416,23.2045,289023,80,45451,686,827315,320,181804,2744,32,4,137049,283704,4385568,1134816,5520384,0,0,12,4,29,12,12,20,20,20260807,5,1,1,1,0,0,0,6195,0.258125,1,0.0015,0
473,4814.48,4,0,1.26033,2.04408,0,0,0,3.30442,134,134,0,1,1.80238,1.80238,677,322,3,270,0,0,0,0,0,1986,2455.81,1.05779,23.2045,289077,80,45585,686,827466,320,182340,2744,32,4,137736,284832,4407552,1139328,5546880,0,0,12,4,29,12,12,20,20,20260807,5,1,1,1,0,0,0,6195,0.258125,1,0.0015,0
474,4827.64,13,0,10.7922,2.28858,0,0,0,13.0808,135,135,0,1,1.80238,1.80238,682,325,3,271,0,0,0,0,0,1988,2459.64,1.53504,23.2045,289277,80,45585,686,828016,320,182340,2744,32,4,138032,285480,4417024,1141920,5558944,0,0,12,4,29,12,12,20,20,20260807,5,1,1,1,0,0,0,6195,0.258125,1,0.0015,0
475,4830.98,3,0,1.24537,2.01396,0,0,0,3.25933,135,135,0,1,1.80238,1.80238,682,323,2,274,0,0,0,0,0,1990,2461.43,0.443542,23.2045,289308,80,45841,686,828097,320,183364,2744,32,4,139391,287754,4460512,1151016,5611528,0,0,12,4,29,12,12,20,20,20260807,5,1,1,1,0,0,0,6195,0.258125,1,0.0015,0
476,4843.14,12,0,0.891166,11.183,0,0,0,12.0742,135,135,0,1,1.80238,1.80238,682,322,2,274,0,0,0,0,0,1991,2463.28,1.84567,23.2045,289308,80,45841,686,828097,320,183364,2744,32,4,139391,287754,4460512,1151016,5611528,0,0,12,4,29,12,12,20,20,20260807,5,1,1,1,0,0,0,6195,0.258125,1,0.0015,0
477,4846.86,4,0,1.70408,1.93721,0,0,0,3.64129,136,136,0,1,1.80238,1.80238,687,324,3,275,0,0,0,0,0,1994,2467.64,1.28108,23.2045,290119,80,45841,686,830287,320,183364,2744,32,4,140552,290310,4497664,1161240,5658904,0,0,12,4,29,12,12,20,20,20260807,5,1,1,1,0,0,0,6196,0.258167,1,0.0015,1
478,4861.38,15,0,12.1678,2.2285,0,0,0,14.3963,137,137,0,1,1.80238,1.80238,692,326,4,278,0,0,0,0,0,1998,2472.09,1.01908,23.2045,290742,80,46097,686,831991,320,184388,2744,32,4,143191,295464,4582112,1181856,5763968,0,0,12,4,29,12,12,20,20,20260807,5,1,1,1,0,0,0,6196,0.258167,1,0.0015,0
479,4864.75,3,0,1.18029,2.12067,0,0,0,3.30096,137,137,0,1,1.80238,1.80238,692,323,3,280,0,0,0,0,0,2000,2473.76,0.469333,23.2045,290996,80,46353,686,832679,320,185412,2744,32,4,144997,299418,4639904,1197672,5837576,0,0,12,4,29,12,12,20,20,20260807,5,1,1,1,0,0,0,6196,0.258167,1,0.0015,0
480,4877.27,13,0,10.2664,2.15283,0,0,0,12.4192,138,138,0,1,1.80238,1.80238,697,325,3,283,0,0,0,0,0,2003,2476.9,0.978709,23.2045,291275,80,46353,686,833474,320,185412,2744,32,4,146816,302628,4698112,1210512,5908624,0,0,12,4,29,12,12,20,20,20260807,5,1,1,1,0,0,0,6196,0.258167,1,0.0015,0
481,4880.99,3,0,1.52583,2.123,0,0,0,3.64883,138,138,0,1,1.80238,1.80238,697,321,3,286,0,0,0,0,0,2007,2481.28,1.19588,23.2045,291863,80,46609,686,835108,320,186436,2744,32,4,149359,307392,4779488,1229568,6009056,0,0,12,4,29,12,12,20,20,20260807,5,1,1,1,0,0,0,6196,0.258167,1,0.0015,0
482,4894.49,14,0,10.9601,2.40967,0,0,0,13.3697,139,139,0,1,1.80238,1.80238,702,325,2,288,0,0,0,0,0,2008,2482.93,1.6505,23.2045,291972,80,46609,686,835401,320,186436,2744,32,4,149767,308346,4792544,1233384,6025928,0,0,12,4,29,12,12,20,20,20260807,5,1,1,1,0,0,0,6196,0.258167,1,0.0015,0
483,4898.28,4,0,1.45517,2.26583,0,0,0,3.721,139,139,0,1,1.80238,1.80238,702,323,2,290,0,0,0,0,0,2010,2484.71,0.70575,23.2045,292385,80,46622,686,836520,320,186488,2744,32,4,150938,310902,4830016,1243608,6073624,0,0,12,4,29,12,12,20,20,20260807,5,1,1,1,0,0,0,6197,0.258208,1,0.0015,1
484,4910.78,12,0,10.0018,2.40883,0,0,0,12.4106,140,140,0,1,1.80238,1.80238,707,326,3,291,0,0,0,0,0,2013,2489.57,1.13292,23.2045,292766,80,46622,686,837581,320,186488,2744,32,4,151946,313074,4862272,1252296,6114568,0,0,12,4,29,12,12,20,20,20260807,5,1,1,1,0,0,0,6197,0.258208,1,0.0015,0
485,4914.68,4,0,1.81142,1.98617,0,0,0,3.79758,140,140,0,1,1.80238,1.80238,707,323,3,293,0,0,0,0,0,2015,2491.46,0.65025,23.2045,292998,80,46622,686,838214,320,186488,2744,32,4,152535,314370,4881120,1257480,6138600,0,0,12,4,29,12,12,20,20,20260807,5,1,1,1,0,0,0,6197,0.258208,1,0.0015,0
486,4928.29,14,0,11.1548,2.3935,0,0,0,13.5483,141,141,0,1,1.80238,1.80238,712,326,3,295,0,0,0,0,0,2018,2496.34,2.44713,23.2045,293714,80,46622,686,840150,320,186488,2744,32,4,154273,318192,4936736,1272768,6209504,0,0,12,4,29,12,12,20,20,20260807,5,1,1,1,0,0,0,6197,0.258208,1,0.0015,0
487,4931.88,3,0,1.44646,2.06683,0,0,0,3.51329,141,141,0,1,1.80238,1.80238,712,323,3,297,0,0,0,0,0,2020,2498.23,0.766958,23.2045,293901,80,46622,686,840690,320,186488,2744,32,4,154985,319740,4959520,1278960,6238480,0,0,12,4,29,12,12,20,20,20260807,5,1,1,1,0,0,0,6197,0.258208,1,0.0015,0
488,4945.97,14,0,11.7754,2.24792,0,0,0,14.0233,142,142,0,1,1.80238,1.80238,717,326,4,299,0,0,0,0,0,2023,2502.72,0.983792,23.2045,294189,80,46622,686,841483,320,186488,2744,32,4,155611,321072,4979552,1284288,6263840,0,0,12,4,29,12,12,20,20,20260807,5,1,1,1,0,0,0,6197,0.258208,1,0.0015,0
489,4949.79,4,0,1.50429,2.22587,0,0,0,3.73017,142,142,0,1,1.80238,1.80238,717,324,3,300,0,0,0,0,0,2024,2504.73,2.00692,23.2045,294555,80,46622,686,842533,320,186488,2744,32,4,155901,321726,4988832,1286904,6275736,0,0,12,4,29,12,12,20,20,20260807,5,1,1,1,0,0,0,6198,0.25825,1,0.0015,1
490,4960.66,11,0,8.52767,2.26512,0,0,0,10.7928,143,142,0,1,1.80238,1.80238,717,321,5,302,0,0,0,0,0,2028,2509.64,0.994792,23.2045,294867,80,46622,686,843397,320,186488,2744,32,4,157383,324828,5036256,1299312,6335568,0,0,12,4,29,12,12,20,20,20260807,5,1,1,1,0,0,0,6198,0.25825,1,0.0015,0
491,4967.06,6,0,4.03908,2.29067,0,0,0,6.32975,143,143,0,1,1.80238,1.80238,722,326,2,303,0,0,0,0,0,2028,2509.64,0.994792,23.2045,294867,80,46622,686,843397,320,186488,2744,32,4,157815,325794,5050080,1303176,6353256,0,0,12,4,29,12,12,20,20,20260807,5,1,1,1,0,0,0,6198,0.25825,1,0.0015,0
492,4976.57,10,0,1.35425,8.08296,0,0,0,9.43721,143,143,0,1,1.80238,1.80238,722,324,3,303,0,0,0,0,0,2029,2511.24,1.60958,23.2045,295457,80,46622,686,845125,320,186488,2744,32,4,157815,325794,5050080,1303176,6353256,0,0,12,4,29,12,12,20,20,20260807,5,1,1,1,0,0,0,6198,0.25825,1,0.0015,0
493,4980.61,4,0,1.57571,2.32454,0,0,0,3.90025,144,143,0,1,1.80238,1.80238,722,321,2,307,0,0,0,0,0,2033,2515.49,1.02458,23.2045,296039,80,46622,686,846833,320,186488,2744,32,4,161251,332826,5160032,1331304,6491336,0,0,12,4,29,12,12,20,20,20260807,5,1,1,1,0,0,0,6198,0.25825,1,0.0015,0
494,4993.36,13,0,3.86317,8.78104,0,0,0,12.6442,144,144,0,1,1.80238,1.80238,727,326,2,307,0,0,0,0,0,2033,2515.49,1.02458,23.2045,296039,80,46622,686,846833,320,186488,2744,32,4,161251,332826,5160032,1331304,6491336,0,0,12,4,29,12,12,20,20,20260807,5,1,1,1,0,0,0,6198,0.25825,1,0.0015,0
495,4998.61,5,0,2.58125,2.55671,0,0,0,5.13796,145,144,0,1,1.80238,1.80238,727,321,2,312,0,0,0,0,0,2038,2521.54,1.35367,23.2045,296617,80,46622,688,848497,320,186488,2752,32,4,162923,336306,5213536,1345224,6558760,0,0,12,4,29,12,12,20,20,20260807,5,1,1,1,0,0,0,6199,0.258292,1,0.0015,1
496,5149.36,11,0,3.86083,146.815,0,0,0,150.675,145,145,0,1,1.80238,1.80238,732,326,2,312,0,0,0,0,0,2038,2521.54,1.35367,23.2045,296617,80,46622,688,848497,320,186488,2752,32,4,162923,336306,5213536,1345224,6558760,0,0,12,4,29,12,12,20,20,20260807,5,1,1,1,0,0,0,6199,0.258292,1,0.0015,0
497,5154.32,145,0,2.14146,2.70113,0,0,0,4.84258,155,155,0,1,1.80238,1.80238,782,346,24,319,0,0,0,0,0,2068,2556.36,0.993042,23.2045,300683,80,47842,688,859643,320,191368,2752,32,4,167260,345180,5352320,1380720,6733040,0,0,12,4,45,12,12,20,20,20260807,5,1,1,1,0,0,0,6202,0.258417,1,0.0015,3
498,5158.82,4,0,1.92512,2.48421,0,0,0,4.40933,155,155,0,1,1.80238,1.80238,782,342,19,326,0,0,0,0,0,2071,2559.7,1.05421,23.2045,301138,80,48098,688,860838,320,192392,2752,32,4,171325,352650,5482400,1410600,6893000,0,0,12,4,45,12,12,20,20,20260807,5,1,1,1,0,0,0,6202,0.258417,1,0.0015,0
499,5164.54,6,0,3.18337,2.44358,0,0,0,5.62696,156,155,0,1,1.80238,1.80238,782,341,13,333,0,0,0,0,0,2073,2562.49,1.0315,23.2045,301586,80,48098,688,862030,320,192392,2752,32,4,176336,363312,5642752,1453248,7096000,0,0,12,4,45,12,12,20,20,20260807,5,1,1,1,0,0,0,6202,0.258417,1,0.0015,0
500,5178.45,14,0,10.8777,2.95138,0,0,0,13.8291,156,156,0,1,1.80238,1.80238,787,341,10,339,0,0,0,0,0,2078,2567.2,1.00071,23.2045,302216,80,48098,688,863758,320,192392,2752,32,4,180141,370710,5764512,1482840,7247352,0,0,12,4,45,12,12,20,20,20260807,5,1,1,1,0,0,0,6202,0.258417,1,0.0015,0
501,5186.5,8,0,4.88462,3.09754,0,0,0,7.98217,157,157,0,1,1.80238,1.80238,792,346,2,347,0,0,0,0,0,2078,2567.2,1.00071,23.2045,302216,80,48098,688,863758,320,192392,2752,32,4,184088,378756,5890816,1515024,7405840,0,0,12,4,45,12,12,20,20,20260807,5,1,1,1,0,0,0,6202,0.258417,1,0.0015,0
502,5194.73,8,0,5.32933,2.79392,0,0,0,8.12325,157,157,0,1,1.80238,1.80238,792,341,6,348,0,0,0,0,0,2083,2572.46,0.942833,23.2045,303204,80,48232,688,866419,320,192928,2752,32,4,184881,380502,5916192,1522008,7438200,0,0,12,4,45,12,12,20,20,20260807,5,1,1,1,0,0,0,6203,0.258458,1,0.0015,1
503,5199.16,5,0,1.55542,2.80646,0,0,0,4.36188,158,157,0,1,1.80238,1.80238,792,341,2,351,0,0,0,0,0,2083,2572.46,0.942833,23.2045,303204,80,48232,688,866419,320,192928,2752,32,4,187285,385488,5993120,1541952,7535072,0,0,12,4,45,12,12,20,20,20260807,5,1,1,1,0,0,0,6203,0.258458,1,0.0015,0
504,5209.95,10,0,1.36046,9.35196,0,0,0,10.7124,158,158,0,1,1.80238,1.80238,797,346,2,351,0,0,0,0,0,2083,2572.46,0.942833,23.2045,303204,80,48232,688,866419,320,192928,2752,32,4,187285,385488,5993120,1541952,7535072,0,0,12,4,45,12,12,20,20,20260807,5,1,1,1,0,0,0,6203,0.258458,1,0.0015,0
505,5213.77,4,0,1.45487,2.26363,0,0,0,3.7185,159,158,0,1,1.80238,1.80238,797,341,3,354,0,0,0,0,0,2088,2579.65,2.08812,23.2045,303679,80,48232,688,867711,320,192928,2752,32,4,188179,387426,6021728,1549704,7571432,0,0,12,4,45,12,12,20,20,20260807,5,1,1,1,0,0,0,6203,0.258458,1,0.0015,0
506,5227.99,14,0,11.5303,2.63533,0,0,0,14.1656,159,159,0,1,1.80238,1.80238,802,342,5,355,0,0,0,0,0,2091,2583.49,1.46142,23.2045,303950,80,48488,688,868451,320,193952,2752,32,4,188577,388338,6034464,1553352,7587816,0,0,12,4,45,12,12,20,20,20260807,5,1,1,1,0,0,0,6203,0.258458,1,0.0015,0
507,5231.87,4,0,1.48596,2.29738,0,0,0,3.78333,159,159,0,1,1.80238,1.80238,802,341,2,359,0,0,0,0,0,2092,2585.21,1.72633,23.2045,304051,80,48488,688,868726,320,193952,2752,32,4,190616,392106,6099712,1568424,7668136,0,0,12,4,45,12,12,20,20,20260807,5,1,1,1,0,0,0,6203,0.258458,1,0.0015,0
508,5244.65,13,0,9.92108,2.78508,0,0,0,12.7062,160,160,0,1,1.80238,1.80238,807,345,2,360,0,0,0,0,0,2093,2586.45,1.2365,23.2045,304294,80,48488,688,869337,320,193952,2752,32,4,191227,393564,6119264,1574256,7693520,0,0,12,4,45,12,12,20,20,20260807,5,1,1,1,0,0,0,6203,0.258458,1,0.0015,0
509,5248.81,4,0,1.55367,2.5205,0,0,0,4.07417,160,160,0,1,1.80238,1.80238,807,341,3,363,0,0,0,0,0,2097,2590.39,1.13938,23.2045,305032,80,48488,688,871338,320,193952,2752,32,4,193077,397680,6178464,1590720,7769184,0,0,12,4,45,12,12,20,20,20260807,5,1,1,1,0,0,0,6204,0.2585,1,0.0015,1
510,5261.3,13,0,9.59642,2.81221,0,0,0,12.4086,161,160,0,1,1.80238,1.80238,807,336,7,364,0,0,0,0,0,2103,2596.63,0.981667,23.2045,305660,80,48551,688,873069,320,194204,2752,32,4,193228,397992,6183296,1591968,7775264,0,0,12,4,45,12,12,20,20,20260807,5,1,1,1,0,0,0,6204,0.2585,1,0.0015,0
511,5267.66,6,0,3.63104,2.6565,0,0,0,6.28754,161,161,0,1,1.80238,1.80238,812,341,2,367,0,0,0,0,0,2103,2596.63,0.981667,23.2045,305660,80,48551,688,873069,320,194204,2752,32,4,195211,402138,6246752,1608552,7855304,0,0,12,4,45,12,12,20,20,20260807,5,1,1,1,0,0,0,6204,0.2585,1,0.0015,0
512,5277.76,10,0,7.34775,2.66454,0,0,0,10.0123,162,161,0,1,1.80238,1.80238,812,336,5,369,0,0,0,0,0,2108,2602.3,0.966,23.2045,306535,80,48551,688,875484,320,194204,2752,32,4,196127,404166,6276064,1616664,7892728,0,0,12,4,45,12,12,20,20,20260807,5,1,1,1,0,0,0,6204,0.2585,1,0.0015,0
513,5285.13,7,0,3.64,3.28046,0,0,0,6.92046,162,162,0,1,1.80238,1.80238,817,341,2,372,0,0,0,0,0,2108,2602.3,0.966,23.2045,306535,80,48551,688,875484,320,194204,2752,32,4,197626,407388,6324032,1629552,7953584,0,0,12,4,45,12,12,20,20,20260807,5,1,1,1,0,0,0,6204,0.2585,1,0.0015,0
514,5299.02,14,0,11.1496,2.65408,0,0,0,13.8037,162,162,0,1,1.80238,1.80238,817,333,7,374,0,0,0,0,0,2115,2611.17,0.694583,23.2045,307542,80,48551,692,878268,320,194204,2768,32,4,197784,407748,6329088,1630992,7960080,0,0,12,4,45,12,12,20,20,20260807,5,1,1,1,0,0,0,6205,0.258542,1,0.0015,1
515,5311.62,13,0,9.612,2.90725,0,0,0,12.5192,162,162,0,1,1.80238,1.80238,817,327,7,379,0,0,0,0,0,2121,2619.21,1.14962,23.2045,308504,80,48551,694,880847,320,194204,2776,32,4,200426,413454,6413632,1653816,8067448,0,0,12,4,45,12,12,20,20,20260807,5,1,1,1,0,0,0,6205,0.258542,1,0.0015,0
516,5315.97,4,0,1.53971,2.72142,0,0,0,4.26112,162,162,0,1,1.80238,1.80238,817,325,2,383,0,0,0,0,0,2123,2622.89,2.13212,23.2045,308504,80,48551,694,880847,320,194204,2776,32,4,203013,419238,6496416,1676952,8173368,0,0,12,4,45,12,12,20,20,20260807,5,1,1,1,0,0,0,6205,0.258542,1,0.0015,0
517,5378.15,63,0,59.1794,2.93192,0,0,0,62.1113,164,164,0,1,1.80238,1.80238,829,314,24,384,0,0,0,0,0,2146,2650.68,0.987708,23.2045,311520,80,48551,696,889115,320,194204,2784,32,4,203520,420366,6512640,1681464,8194104,0,0,12,4,45,12,12,20,20,20260807,5,1,1,1,0,0,0,6205,0.258542,1,0.0015,0
518,5382.46,4,0,1.66267,2.56829,0,0,0,4.23096,164,164,0,1,1.80238,1.80238,829,310,20,389,0,0,0,0,0,2150,2655.49,0.804584,23.2045,311569,80,48551,696,889248,320,194204,2784,32,4,206130,425988,6596160,1703952,8300112,0,0,12,4,45,12,12,20,20,20260807,5,1,1,1,0,0,0,6206,0.258583,1,0.0015,1
519,5395.12,12,0,9.59971,2.99713,0,0,0,12.5968,165,164,0,1,1.80238,1.80238,829,308,15,394,0,0,0,0,0,2153,2660.28,2.12796,23.2045,311936,80,48551,696,890205,320,194204,2784,32,4,210155,434808,6724960,1739232,8464192,0,0,12,4,45,12,12,20,20,20260807,5,1,1,1,0,0,0,6207,0.258625,1,0.0015,1
520,5400.33,6,0,2.26858,2.86792,0,0,0,5.1365,165,165,0,1,1.80238,1.80238,834,313,7,399,0,0,0,0,0,2153,2660.28,2.12796,23.2045,311936,80,48551,696,890205,320,194204,2784,32,4,211293,437352,6761376,1749408,8510784,0,0,12,4,45,12,12,20,20,20260807,5,1,1,1,0,0,0,6207,0.258625,1,0.0015,0
521,5412.11,11,0,8.35083,3.35387,0,0,0,11.7047,165,165,0,1,1.80238,1.80238,834,307,6,404,0,0,0,0,0,2158,2667.56,1.26629,23.2045,312916,80,48551,696,892891,320,194204,2784,32,4,213718,442770,6838976,1771080,8610056,0,0,12,4,45,12,12,20,20,20260807,5,1,1,1,0,0,0,6207,0.258625,1,0.0015,0
522,5417.2,6,0,1.85375,3.11717,0,0,0,4.97092,165,165,0,1,1.80238,1.80238,834,304,2,409,0,0,0,0,0,2161,2670.21,0.948958,23.2045,312940,80,48551,700,892959,320,194204,2800,32,4,215149,445890,6884768,1783560,8668328,0,0,12,4,45,12,12,20,20,20260807,5,1,1,1,0,0,0,6207,0.258625,1,0.0015,0
523,5427.36,10,0,1.02967,9.05304,0,0,0,10.0827,165,165,0,1,1.80238,1.80238,834,301,3,409,0,0,0,0,0,2164,2673.7,1.0495,23.2045,312940,80,48551,700,892959,320,194204,2800,32,4,215149,445890,6884768,1783560,8668328,0,0,12,4,45,12,12,20,20,20260807,5,1,1,1,0,0,0,6207,0.258625,1,0.0015,0
524,5431.5,4,0,1.18271,2.88771,0,0,0,4.07042,166,165,0,1,1.80238,1.80238,834,298,2,412,0,0,0,0,0,2168,2677.69,1.14342,23.2045,313126,80,48551,700,893448,320,194204,2800,32,4,215638,447006,6900416,1788024,8688440,0,0,12,4,45,12,12,20,20,20260807,5,1,1,1,0,0,0,6207,0.258625,1,0.0015,0
525,5443.91,12,0,4.65262,7.674,0,0,0,12.3266,166,166,0,1,1.80238,1.80238,840,304,2,412,0,0,0,0,0,2168,2677.69,1.14342,23.2045,313126,80,48551,700,893448,320,194204,2800,32,4,215638,447006,6900416,1788024,8688440,0,0,12,4,45,12,12,20,20,20260807,5,1,1,1,0,0,0,6207,0.258625,1,0.0015,0
526,5448.3,5,0,1.47487,2.83858,0,0,0,4.31346,166,166,0,1,1.80238,1.80238,840,297,2,417,0,0,0,0,0,2174,2683.33,0.992917,23.2045,313697,80,48551,700,895000,320,194204,2800,32,4,217190,450432,6950080,1801728,8751808,0,0,12,4,45,12,12,20,20,20260807,5,1,1,1,0,0,0,6208,0.258667,1,0.0015,1
527,5461.82,13,0,10.3035,3.14392,0,0,0,13.4475,166,166,0,1,1.80238,1.80238,840,290,8,418,0,0,0,0,0,2181,2692.27,1.5495,23.2045,314853,80,48551,702,898131,320,194204,2808,32,4,217520,451188,6960640,1804752,8765392,0,0,12,4,45,12,12,20,20,20260807,5,1,1,1,0,0,0,6208,0.258667,1,0.0015,0
528,5466.08,3,0,1.41725,2.76067,0,0,0,4.17792,166,166,0,1,1.80238,1.80238,840,289,2,424,0,0,0,0,0,2182,2693.84,1.56563,23.2045,314876,80,48551,706,898196,320,194204,2824,32,4,220410,457542,7053120,1830168,8883288,0,0,12,4,45,12,12,20,20,20260807,5,1,1,1,0,0,0,6208,0.258667,1,0.0015,0
529,5478.43,13,0,9.147,3.1385,0,0,0,12.2855,167,166,0,1,1.80238,1.80238,840,282,7,425,0,0,0,0,0,2190,2702.69,1.00871,23.2045,315454,80,48551,706,899721,320,194204,2824,32,4,221282,459504,7081024,1838016,8919040,0,0,12,4,45,12,12,20,20,20260807,5,1,1,1,0,0,0,6208,0.258667,1,0.0015,0
530,5484.9,6,0,3.37742,3.01629,0,0,0,6.39371,167,167,0,1,1.80238,1.80238,845,287,2,428,0,0,0,0,0,2190,2702.69,1.00871,23.2045,315454,80,48551,706,899721,320,194204,2824,32,4,221935,461010,7101920,1844040,8945960,0,0,12,4,45,12,12,20,20,20260807,5,1,1,1,0,0,0,6208,0.258667,1,0.0015,0
531,5494.06,9,0,1.15283,7.92946,0,0,0,9.08229,167,167,0,1,1.80238,1.80238,845,286,3,428,0,0,0,0,0,2191,2705.95,3.26542,23.2045,315593,80,48551,706,900116,320,194204,2824,32,4,221935,461010,7101920,1844040,8945960,0,0,12,4,45,12,12,20,20,20260807,5,1,1,1,0,0,0,6209,0.258708,1,0.0015,1
532,5498.03,4,0,1.20375,2.68388,0,0,0,3.88762,168,167,0,1,1.80238,1.80238,845,282,3,432,0,0,0,0,0,2195,2711.58,1.054,23.2045,315817,80,48551,706,900741,320,194204,2824,32,4,222644,462540,7124608,1850160,8974768,0,0,12,4,45,12,12,20,20,20260807,5,1,1,1,0,0,0,6209,0.258708,1,0.0015,0
533,5511.89,14,0,10.5502,3.23925,0,0,0,13.7894,168,168,0,1,1.80238,1.80238,850,283,5,433,0,0,0,0,0,2198,2714.91,1.21267,23.2045,316363,80,48551,706,902204,320,194204,2824,32,4,222955,463188,7134560,1852752,8987312,0,0,12,4,45,12,12,20,20,20260807,5,1,1,1,0,0,0,6209,0.258708,1,0.0015,0
534,5516.2,5,0,1.40721,2.827,0,0,0,4.23421,168,168,0,1,1.80238,1.80238,850,280,3,438,0,0,0,0,0,2201,2718.26,1.16608,23.2045,316464,80,48551,706,902495,320,194204,2824,32,4,224564,466782,7186048,1867128,9053176,0,0,12,4,45,12,12,20,20,20260807,5,1,1,1,0,0,0,6209,0.258708,1,0.0015,0
535,5528.42,13,0,9.10225,3.05279,0,0,0,12.155,169,168,0,1,1.80238,1.80238,850,277,5,440,0,0,0,0,0,2205,2723.93,1.03171,23.2045,316695,80,48551,708,903102,320,194204,2832,32,4,225230,468240,7207360,1872960,9080320,0,0,12,4,45,12,12,20,20,20260807,5,1,1,1,0,0,0,6209,0.258708,1,0.0015,0
536,5535.89,7,0,4.26654,3.10379,0,0,0,7.37033,169,169,0,1,1.80238,1.80238,855,282,2,442,0,0,0,0,0,2205,2723.93,1.03171,23.2045,316695,80,48551,708,903102,320,194204,2832,32,4,225324,468468,7210368,1873872,9084240,0,0,12,4,45,12,12,20,20,20260807,5,1,1,1,0,0,0,6209,0.258708,1,0.0015,0
537,5543.92,8,0,1.25962,6.69692,0,0,0,7.95654,169,169,0,1,1.80238,1.80238,855,280,3,442,0,0,0,0,0,2206,2726.24,2.31025,23.2045,317263,80,48551,708,904629,320,194204,2832,32,4,225324,468468,7210368,1873872,9084240,0,0,12,4,45,12,12,20,20,20260807,5,1,1,1,0,0,0,6210,0.25875,1,0.0015,1
538,5548.7,5,0,1.71333,2.9795,0,0,0,4.69283,169,169,0,1,1.80238,1.80238,855,275,3,447,0,0,0,0,0,2211,2731.53,1.0665,23.2045,318207,80,48551,712,907194,320,194204,2848,32,4,228595,475668,7315040,1902672,9217712,0,0,12,4,45,12,12,20,20,20260807,5,1,1,1,0,0,0,6210,0.25875,1,0.0015,0
539,5563.74,15,0,11.8427,3.12588,0,0,0,14.9686,170,170,0,1,1.80238,1.80238,860,276,4,451,0,0,0,0,0,2216,2737.55,1.841,23.2045,318850,80,48551,712,908924,320,194204,2848,32,4,230579,480162,7378528,1920648,9299176,0,0,12,4,45,12,12,20,20,20260807,5,1,1,1,0,0,0,6210,0.25875,1,0.0015,0
540,5645.01,81,0,79.4562,1.74767,0,0,0,81.2039,172,171,0,1,1.80238,1.80238,866,300,4,107,3,0,0,0,0,2218,2739.37,1.26908,23.2045,319523,84,48551,716,911302,336,194204,2864,32,4,57280,118410,1832960,473640,2306600,0,0,12,4,45,12,12,20,20,20260807,5,1,1,1,0,0,0,6210,0.25875,1,0.0015,0
541,5661.48,17,0,14.8585,1.52996,0,0,0,16.3884,164,164,0,1,1.80238,1.80238,832,296,4,109,1,0,0,0,0,2220,2741.75,1.12975,23.2045,320350,84,48551,724,914243,336,194204,2896,32,4,60253,123420,1928096,493680,2421776,0,0,12,4,45,12,12,20,20,20260807,5,1,1,1,0,0,0,6212,0.258833,1,0.0015,2
542,5676.6,15,0,13.4448,1.61254,0,0,0,15.0573,157,157,0,1,1.80238,1.80238,798,292,4,110,0,0,0,0,0,2221,2742.88,1.13767,23.2045,320737,84,48551,726,915581,336,194204,2904,32,4,61599,125754,1971168,503016,2474184,0,0,12,4,45,12,12,20,20,20260807,5,1,1,1,0,0,0,6212,0.258833,1,0.0015,0
543,5690.42,14,0,12.1219,1.618,0,0,0,13.7399,150,150,0,1,1.80238,1.80238,764,283,4,110,0,0,0,0,0,2221,2742.88,1.13767,23.2045,320737,84,48551,726,915581,336,194204,2904,32,4,61599,125754,1971168,503016,2474184,0,0,12,4,45,12,12,20,20,20260807,5,1,1,1,0,0,0,6212,0.258833,1,0.0015,0
544,5709.09,18,0,11.9467,6.653,0,0,0,18.5998,142,142,0,1,1.80238,1.80238,721,256,5,110,4,0,0,0,0,2224,2746.34,1.22308,23.2045,321230,84,48551,726,916967,336,194204,2904,32,4,61599,125754,1971168,503016,2474184,0,0,12,4,45,12,12,20,20,20260807,5,1,1,1,0,0,0,6213,0.258875,1,0.0015,1
545,5720.11,11,0,9.33633,1.60354,0,0,0,10.9399,134,134,0,1,1.80238,1.80238,681,251,5,115,2,0,0,0,0,2229,2751.88,1.18225,23.2045,321670,84,48551,740,918332,336,194204,2960,32,4,63529,129654,2032928,518616,2551544,0,0,12,4,45,12,12,20,20,20260807,5,1,1,1,0,0,0,6213,0.258875,1,0.0015,0
546,5733.75,14,0,12.1156,1.45946,0,0,0,13.5751,127,127,0,1,1.80238,1.80238,647,252,4,115,0,0,0,0,0,2229,2751.88,1.18225,23.2045,321670,84,48551,740,918332,336,194204,2960,32,4,63529,129654,2032928,518616,2551544,0,0,12,4,45,12,12,20,20,20260807,5,1,1,1,0,0,0,6213,0.258875,1,0.0015,0
547,5747.13,13,0,11.8377,1.47625,0,0,0,13.314,120,120,0,1,1.80238,1.80238,613,258,4,115,0,0,0,0,0,2229,2751.88,1.18225,23.2045,321670,84,48551,740,918332,336,194204,2960,32,4,63529,129654,2032928,518616,2551544,0,0,12,4,45,12,12,20,20,20260807,5,1,1,1,0,0,0,6214,0.258917,1,0.0015,1
548,5760.19,14,0,11.4132,1.5775,0,0,0,12.9908,113,113,0,1,1.80238,1.80238,578,237,4,115,2,0,0,0,0,2229,2751.88,1.18225,23.2045,321670,84,48551,740,918332,336,194204,2960,32,4,63529,129654,2032928,518616,2551544,0,0,12,4,45,12,12,20,20,20260807,5,1,1,1,0,0,0,6214,0.258917,1,0.0015,0
549,5773.16,13,0,11.4216,1.45446,0,0,0,12.876,105,105,0,1,1.80238,1.80238,538,226,5,116,0,0,0,0,0,2232,2755.44,1.10638,23.2045,323011,88,48551,750,922993,352,194204,3000,32,4,65812,133560,2105984,534240,2640224,0,0,12,4,45,12,12,20,20,20260807,5,1,1,1,0,0,0,6214,0.258917,1,0.0015,0
550,5787.11,13,0,12.3799,1.48492,0,0,0,13.8648,97,97,0,1,1.80238,1.80238,498,223,5,119,0,0,0,0,0,2235,2759.96,1.10708,23.2045,323559,88,48551,750,924469,352,194204,3000,32,4,67488,137250,2159616,549000,2708616,0,0,12,4,45,12,12,20,20,20260807,5,1,1,1,0,0,0,6214,0.258917,1,0.0015,0
551,5797.45,11,0,8.82292,1.44908,0,0,0,10.272,89,89,0,1,1.80238,1.80238,457,201,5,119,0,0,0,0,0,2236,2761.34,1.38488,23.2045,323828,88,48551,750,925212,352,194204,3000,32,4,67488,137250,2159616,549000,2708616,0,0,12,4,45,12,12,20,20,20260807,5,1,1,1,0,0,0,6215,0.258958,1,0.0015,1
552,5807.68,10,0,8.52379,1.63992,0,0,0,10.1637,81,81,0,1,1.80238,1.80238,417,180,5,120,0,0,0,0,0,2237,2762.9,1.55937,23.2045,324056,88,48551,750,925845,352,194204,3000,32,4,68231,138864,2183392,555456,2738848,0,0,12,4,45,12,12,20,20,20260807,5,1,1,1,0,0,0,6215,0.258958,1,0.0015,0
553,5818.21,11,0,8.95312,1.50167,0,0,0,10.4548,73,73,0,1,1.80238,1.80238,376,163,4,122,0,0,0,0,0,2238,2764.64,1.73971,23.2045,324290,88,48551,750,926475,352,194204,3000,32,4,69494,141636,2223808,566544,2790352,0,0,12,4,45,12,12,20,20,20260807,5,1,1,1,0,0,0,6215,0.258958,1,0.0015,0
554,5828.49,10,0,8.68546,1.51817,0,0,0,10.2036,65,65,0,1,1.80238,1.80238,335,141,4,122,0,0,0,0,0,2239,2765.82,1.1835,23.2045,324290,88,48551,750,926475,352,194204,3000,32,4,69494,141636,2223808,566544,2790352,0,0,12,4,45,12,12,20,20,20260807,5,1,1,1,0,0,0,6215,0.258958,1,0.0015,0
555,5841.14,12,0,11.0053,1.56971,0,0,0,12.575,59,59,0,1,1.80238,1.80238,304,139,0,122,0,0,0,0,0,2239,2765.82,1.1835,23.2045,324290,88,48551,750,926475,352,194204,3000,32,4,69494,141636,2223808,566544,2790352,0,0,12,4,45,12,12,20,20,20260807,5,1,1,1,0,0,0,6215,0.258958,1,0.0015,0
556,5845.55,5,0,0.537375,3.80925,0,0,0,4.34663,59,59,0,1,1.80238,1.80238,304,138,0,122,0,0,0,0,0,2239,2765.82,1.1835,23.2045,324290,88,48551,750,926475,352,194204,3000,32,4,69494,141636,2223808,566544,2790352,0,0,12,4,45,12,12,20,20,20260807,5,1,1,1,0,0,0,6216,0.259,1,0.0015,1
557,5861.97,16,0,14.7151,1.63108,0,0,0,16.3462,60,60,0,1,1.80238,1.80238,309,140,2,124,0,0,0,0,0,2243,2772.41,0.941083,23.2045,325473,88,48551,750,929723,352,194204,3000,32,4,72183,147468,2309856,589872,2899728,0,0,12,4,45,12,12,20,20,20260807,5,1,1,1,0,0,0,6216,0.259,1,0.0015,0
558,5864.23,3,0,0.895542,1.28579,0,0,0,2.18133,61,60,0,1,1.80238,1.80238,309,140,0,125,0,0,0,0,0,2243,2772.41,0.941083,23.2045,325473,88,48551,750,929723,352,194204,3000,32,4,72742,148734,2327744,594936,2922680,0,0,12,4,45,12,12,20,20,20260807,5,1,1,1,0,0,0,6216,0.259,1,0.0015,0
559,5875.81,11,0,0.5755,10.911,0,0,0,11.4865,61,60,0,1,1.80238,1.80238,309,140,0,125,0,0,0,0,0,2243,2772.41,0.941083,23.2045,325473,88,48551,750,929723,352,194204,3000,32,4,72742,148734,2327744,594936,2922680,0,0,12,4,45,12,12,20,20,20260807,5,1,1,1,0,0,0,6216,0.259,1,0.0015,0
560,5878.99,3,0,0.614666,2.49192,0,0,0,3.10658,62,61,0,1,1.80238,1.80238,314,145,0,125,0,0,0,0,0,2243,2772.41,0.941083,23.2045,325473,88,48551,750,929723,352,194204,3000,32,4,72742,148734,2327744,594936,2922680,0,0,12,4,45,12,12,20,20,20260807,5,1,1,1,0,0,0,6216,0.259,1,0.0015,0
561,5892.51,14,0,0.578125,12.861,0,0,0,13.4392,62,61,0,1,1.80238,1.80238,314,145,0,125,0,0,0,0,0,2243,2772.41,0.941083,23.2045,325473,88,48551,750,929723,352,194204,3000,32,4,72742,148734,2327744,594936,2922680,0,0,12,4,45,12,12,20,20,20260807,5,1,1,1,0,0,0,6216,0.259,1,0.0015,0
562,5896.57,4,0,2.37562,1.61242,0,0,0,3.98804,63,62,0,1,1.80238,1.80238,319,145,1,129,0,0,0,0,0,2248,2778.26,1.47729,23.2045,326925,88,48551,752,934036,352,194204,3008,32,4,77063,157458,2466016,629832,3095848,0,0,12,4,45,12,12,20,20,20260807,5,1,1,1,0,0,0,6217,0.259042,1,0.0015,1
563,5909.12,12,0,0.569666,11.9153,0,0,0,12.485,63,62,0,1,1.80238,1.80238,319,145,0,129,0,0,0,0,0,2248,2778.26,1.47729,23.2045,326925,88,48551,752,934036,352,194204,3008,32,4,77063,157458,2466016,629832,3095848,0,0,12,4,45,12,12,20,20,20260807,5,1,1,1,0,0,0,6217,0.259042,1,0.0015,0
564,5913.03,4,0,2.314,1.523,0,0,0,3.837,63,63,0,1,1.80238,1.80238,324,146,2,130,0,0,0,0,0,2251,2782.44,1.07225,23.2045,328013,88,48551,752,937108,352,194204,3008,32,4,78049,159510,2497568,638040,3135608,0,0,12,4,45,12,12,20,20,20260807,5,1,1,1,0,0,0,6217,0.259042,1,0.0015,0
565,5926.43,14,0,11.9064,1.39108,0,0,0,13.2975,65,64,0,1,1.80238,1.80238,330,152,0,132,0,0,0,0,0,2252,2783.39,0.9525,23.2045,328013,88,48551,752,937108,352,194204,3008,32,4,80135,163986,2564320,655944,3220264,0,0,12,4,45,12,12,20,20,20260807,5,1,1,1,0,0,0,6217,0.259042,1,0.0015,0
566,5928.92,2,0,0.61575,1.80125,0,0,0,2.417,65,64,0,1,1.80238,1.80238,330,152,0,132,0,0,0,0,0,2252,2783.39,0.9525,23.2045,328013,88,48551,752,937108,352,194204,3008,32,4,80135,163986,2564320,655944,3220264,0,0,12,4,45,12,12,20,20,20260807,5,1,1,1,0,0,0,6217,0.259042,1,0.0015,0
567,5942.5,14,0,3.88008,9.61975,0,0,0,13.4998,65,65,0,1,1.80238,1.80238,336,158,0,132,0,0,0,0,0,2252,2783.39,0.9525,23.2045,328013,88,48551,752,937108,352,194204,3008,32,4,80135,163986,2564320,655944,3220264,0,0,12,4,45,12,12,20,20,20260807,5,1,1,1,0,0,0,6217,0.259042,1,0.0015,0
568,5945.51,3,0,0.865916,2.07512,0,0,0,2.94104,66,66,0,1,1.80238,1.80238,342,163,0,132,0,0,0,0,0,2252,2783.39,0.9525,23.2045,328013,88,48551,752,937108,352,194204,3008,32,4,80135,163986,2564320,655944,3220264,0,0,12,4,45,12,12,20,20,20260807,5,1,1,1,0,0,0,6218,0.259083,1,0.0015,1
569,5962.75,17,0,15.4632,1.69192,0,0,0,17.1551,67,67,0,1,1.80238,1.80238,347,163,5,133,0,0,0,0,0,2258,2791.29,1.03304,23.2045,329304,88,48551,762,940888,352,194204,3048,32,4,80927,165762,2589664,663048,3252712,0,0,12,4,45,12,12,20,20,20260807,5,1,1,1,0,0,0,6218,0.259083,1,0.0015,0
570,5965.24,3,0,1.13608,1.26988,0,0,0,2.40596,67,67,0,1,1.80238,1.80238,347,162,0,138,0,0,0,0,0,2258,2791.29,1.03304,23.2045,329304,88,48551,762,940888,352,194204,3048,32,4,83955,171792,2686560,687168,3373728,0,0,12,4,45,12,12,20,20,20260807,5,1,1,1,0,0,0,6218,0.259083,1,0.0015,0
571,5976.48,11,0,9.72217,1.45375,0,0,0,11.1759,68,67,0,1,1.80238,1.80238,347,157,5,139,0,0,0,0,0,2264,2798.1,0.995583,23.2045,330464,88,48551,768,944589,352,194204,3072,32,4,84745,173442,2711840,693768,3405608,0,0,12,4,45,12,12,20,20,20260807,5,1,1,1,0,0,0,6218,0.259083,1,0.0015,0
572,5981.47,5,0,3.45996,1.44571,0,0,0,4.90567,68,68,0,1,1.80238,1.80238,352,162,0,143,0,0,0,0,0,2264,2798.1,0.995583,23.2045,330464,88,48551,768,944589,352,194204,3072,32,4,87680,178788,2805760,715152,3520912,0,0,12,4,45,12,12,20,20,20260807,5,1,1,1,0,0,0,6218,0.259083,1,0.0015,0
573,5992.4,11,0,0.682,10.1785,0,0,0,10.8605,68,68,0,1,1.80238,1.80238,352,161,0,143,0,0,0,0,0,2264,2798.1,0.995583,23.2045,330464,88,48551,768,944589,352,194204,3072,32,4,87680,178788,2805760,715152,3520912,0,0,12,4,45,12,12,20,20,20260807,5,1,1,1,0,0,0,6218,0.259083,1,0.0015,0
574,5996.37,4,0,2.48267,1.40013,0,0,0,3.88279,69,68,0,1,1.80238,1.80238,352,157,0,147,0,0,0,0,0,2269,2803.81,1.28533,23.2045,331816,88,48551,774,948819,352,194204,3096,32,4,91934,186936,2941888,747744,3689632,0,0,12,4,45,12,12,20,20,20260807,5,1,1,1,0,0,0,6219,0.259125,1,0.0015,1
575,6009.13,12,0,0.582875,12.1103,0,0,0,12.6932,69,68,0,1,1.80238,1.80238,352,157,0,147,0,0,0,0,0,2269,2803.81,1.28533,23.2045,331816,88,48551,774,948819,352,194204,3096,32,4,91934,186936,2941888,747744,3689632,0,0,12,4,45,12,12,20,20,20260807,5,1,1,1,0,0,0,6219,0.259125,1,0.0015,0
576,6011.88,3,0,0.631209,2.04038,0,0,0,2.67158,70,69,0,1,1.80238,1.80238,358,163,0,147,0,0,0,0,0,2269,2803.81,1.28533,23.2045,331816,88,48551,774,948819,352,194204,3096,32,4,91934,186936,2941888,747744,3689632,0,0,12,4,45,12,12,20,20,20260807,5,1,1,1,0,0,0,6219,0.259125,1,0.0015,0
577,6025.84,14,0,3.57938,10.3172,0,0,0,13.8966,70,70,0,1,1.80238,1.80238,364,169,0,147,0,0,0,0,0,2269,2803.81,1.28533,23.2045,331816,88,48551,774,948819,352,194204,3096,32,4,91934,186936,2941888,747744,3689632,0,0,12,4,45,12,12,20,20,20260807,5,1,1,1,0,0,0,6219,0.259125,1,0.0015,0
578,6028.9,3,0,0.665833,2.30517,0,0,0,2.971,71,71,0,1,1.80238,1.80238,370,174,0,147,0,0,0,0,0,2269,2803.81,1.28533,23.2045,331816,88,48551,774,948819,352,194204,3096,32,4,91934,186936,2941888,747744,3689632,0,0,12,4,45,12,12,20,20,20260807,5,1,1,1,0,0,0,6219,0.259125,1,0.0015,0
579,6044.28,16,0,13.6478,1.63446,0,0,0,15.2822,72,72,0,1,1.80238,1.80238,376,175,4,149,0,0,0,0,0,2275,2810.49,1.06575,23.2045,332859,88,48551,782,951905,352,194204,3128,32,4,93309,189732,2985888,758928,3744816,0,0,12,4,45,12,12,20,20,20260807,5,1,1,1,0,0,0,6219,0.259125,1,0.0015,0
580,6047.39,3,0,1.61479,1.39746,0,0,0,3.01225,73,72,0,1,1.80238,1.80238,376,175,0,152,0,0,0,0,0,2275,2810.49,1.06575,23.2045,332859,88,48551,782,951905,352,194204,3128,32,4,95052,193242,3041664,772968,3814632,4,4,12,4,49,16,12,20,20,20260807,5,1,1,1,0,0,0,6220,0.259167,1,0.0015,1
581,6059.24,12,0,4.27104,7.50671,0,0,0,11.7777,73,73,0,1,1.80238,1.80238,382,181,0,152,0,0,0,0,0,2275,2810.49,1.06575,23.2045,332859,88,48551,782,951905,352,194204,3128,32,4,95052,193242,3041664,772968,3814632,4,4,12,4,49,16,12,20,20,20260807,5,1,1,1,0,0,0,6220,0.259167,1,0.0015,0
582,6062.21,3,0,0.801458,2.08308,0,0,0,2.88454,74,73,0,1,1.80238,1.80238,382,181,0,152,0,0,0,0,0,2275,2810.49,1.06575,23.2045,332859,88,48551,782,951905,352,194204,3128,32,4,95052,193242,3041664,772968,3814632,4,4,12,4,49,16,12,20,20,20260807,5,1,1,1,0,0,0,6220,0.259167,1,0.0015,0
583,6075.98,13,0,2.49383,11.1986,0,0,0,13.6924,74,74,0,1,1.80238,1.80238,387,186,0,152,0,0,0,0,0,2275,2810.49,1.06575,23.2045,332859,88,48551,782,951905,352,194204,3128,32,4,95052,193242,3041664,772968,3814632,4,4,12,4,49,16,12,20,20,20260807,5,1,1,1,0,0,0,6220,0.259167,1,0.0015,0
584,6079.74,4,0,2.08438,1.60304,0,0,0,3.68742,75,74,0,1,1.80238,1.80238,387,180,1,156,0,0,0,0,0,2281,2818.62,1.58833,23.2045,333592,88,48551,792,954244,352,194204,3168,32,4,97431,197700,3117792,790800,3908592,4,4,12,4,49,16,12,20,20,20260807,5,1,1,1,0,0,0,6220,0.259167,1,0.0015,0
585,6092.48,13,0,0.70025,11.9529,0,0,0,12.6531,75,74,0,1,1.80238,1.80238,387,180,0,156,0,0,0,0,0,2281,2818.62,1.58833,23.2045,333592,88,48551,792,954244,352,194204,3168,32,4,97431,197700,3117792,790800,3908592,4,4,12,4,49,16,12,20,20,20260807,5,1,1,1,0,0,0,6220,0.259167,1,0.0015,0
586,6096.68,4,0,2.52525,1.60638,0,0,0,4.13162,75,75,0,1,1.80238,1.80238,393,181,0,160,0,0,0,0,0,2285,2823.24,1.04375,23.2045,334318,88,48551,798,956466,352,194204,3192,32,4,99677,202092,3189664,808368,3998032,4,4,12,4,49,16,12,20,20,20260807,5,1,1,1,0,0,0,6221,0.259208,1,0.0015,1
587,6109.99,13,0,11.6619,1.57546,0,0,0,13.2373,77,76,0,1,1.80238,1.80238,399,186,1,161,0,0,0,0,0,2287,2826.47,1.23525,23.2045,334715,88,48551,798,957558,352,194204,3192,32,4,99967,202698,3198944,810792,4009736,4,4,12,4,49,16,12,20,20,20260807,5,1,1,1,0,0,0,6221,0.259208,1,0.0015,0
588,6112.94,3,0,1.39429,1.47121,0,0,0,2.8655,77,76,0,1,1.80238,1.80238,399,186,0,162,0,0,0,0,0,2287,2826.47,1.23525,23.2045,334715,88,48551,798,957558,352,194204,3192,32,4,100769,204474,3224608,817896,4042504,4,4,12,4,49,16,12,20,20,20260807,5,1,1,1,0,0,0,6221,0.259208,1,0.0015,0
589,6126.03,13,0,4.31696,8.67242,0,0,0,12.9894,77,77,0,1,1.80238,1.80238,405,192,0,162,0,0,0,0,0,2287,2826.47,1.23525,23.2045,334715,88,48551,798,957558,352,194204,3192,32,4,100769,204474,3224608,817896,4042504,4,4,12,4,49,16,12,20,20,20260807,5,1,1,1,0,0,0,6221,0.259208,1,0.0015,0
590,6129.22,4,0,1.49033,1.62171,0,0,0,3.11204,78,78,0,1,1.80238,1.80238,411,198,0,162,0,0,0,0,0,2287,2826.47,1.23525,23.2045,334715,88,48551,798,957558,352,194204,3192,32,4,100769,204474,3224608,817896,4042504,4,4,12,4,49,16,12,20,20,20260807,5,1,1,1,0,0,0,6221,0.259208,1,0.0015,0
591,6142.72,13,0,0.772959,12.6484,0,0,0,13.4213,78,78,0,1,1.80238,1.80238,411,197,0,162,0,0,0,0,0,2287,2826.47,1.23525,23.2045,334715,88,48551,798,957558,352,194204,3192,32,4,100769,204474,3224608,817896,4042504,4,4,12,4,49,16,12,20,20,20260807,5,1,1,1,0,0,0,6221,0.259208,1,0.0015,0
592,6146.77,4,0,2.27942,1.682,0,0,0,3.96142,79,78,0,1,1.80238,1.80238,411,192,0,168,0,0,0,0,0,2293,2834.76,2.04733,23.2045,336464,88,48551,800,962720,352,194204,3200,32,4,105939,214980,3390048,859920,4249968,4,4,12,4,49,16,12,20,20,20260807,5,1,1,1,0,0,0,6222,0.25925,1,0.0015,1
593,6159.19,13,0,2.59971,9.73925,0,0,0,12.339,79,79,0,1,1.80238,1.80238,417,198,0,168,0,0,0,0,0,2293,2834.76,2.04733,23.2045,336464,88,48551,800,962720,352,194204,3200,32,4,105939,214980,3390048,859920,4249968,4,4,12,4,49,16,12,20,20,20260807,5,1,1,1,0,0,0,6222,0.25925,1,0.0015,0
594,6162.28,3,0,1.03687,1.93104,0,0,0,2.96792,81,80,0,1,1.80238,1.80238,423,204,0,168,0,0,0,0,0,2293,2834.76,2.04733,23.2045,336464,88,48551,800,962720,352,194204,3200,32,4,105939,214980,3390048,859920,4249968,4,4,12,4,49,16,12,20,20,20260807,5,1,1,1,0,0,0,6222,0.25925,1,0.0015,0
595,6175.82,13,0,0.756875,12.7006,0,0,0,13.4575,81,80,0,1,1.80238,1.80238,423,204,0,168,0,0,0,0,0,2293,2834.76,2.04733,23.2045,336464,88,48551,800,962720,352,194204,3200,32,4,105939,214980,3390048,859920,4249968,4,4,12,4,49,16,12,20,20,20260807,5,1,1,1,0,0,0,6222,0.25925,1,0.0015,0
596,6179.63,4,0,2.23308,1.49675,0,0,0,3.72983,82,81,0,1,1.80238,1.80238,428,203,0,170,0,0,0,0,0,2299,2840.35,1.05321,23.2045,336713,88,48551,810,963580,352,194204,3240,32,4,106839,216534,3418848,866136,4284984,4,4,12,4,49,16,12,20,20,20260807,5,1,1,1,0,0,0,6222,0.25925,1,0.0015,0
597,6192.77,13,0,0.638417,12.4307,0,0,0,13.0692,82,81,0,1,1.80238,1.80238,428,203,0,170,0,0,0,0,0,2299,2840.35,1.05321,23.2045,336713,88,48551,810,963580,352,194204,3240,32,4,106839,216534,3418848,866136,4284984,4,4,12,4,49,16,12,20,20,20260807,5,1,1,1,0,0,0,6222,0.25925,1,0.0015,0
598,6196.6,4,0,2.13638,1.60779,0,0,0,3.74417,82,82,0,1,1.80238,1.80238,434,204,0,174,0,0,0,0,0,2303,2845.39,0.425208,23.2045,337260,88,48551,820,965428,352,194204,3280,32,4,108727,219876,3479264,879504,4358768,4,4,12,4,49,16,12,20,20,20260807,5,1,1,1,0,0,0,6223,0.259292,1,0.0015,1
599,6210.05,13,0,11.84,1.54487,0,0,0,13.3849,83,83,0,1,1.80238,1.80238,440,208,0,176,0,0,0,0,0,2305,2847.86,1.38042,23.2045,337622,88,48551,820,966402,352,194204,3280,32,4,109701,222048,3510432,888192,4398624,4,4,12,4,49,16,12,20,20,20260807,5,1,1,1,0,0,0,6223,0.259292,1,0.0015,0
600,6213.12,3,0,1.41467,1.56888,0,0,0,2.98354,83,83,0,1,1.80238,1.80238,440,206,1,177,0,0,0,0,0,2307,2850.52,1.11967,23.2045,338039,88,48551,828,967726,352,194204,3312,32,4,109949,222684,3518368,890736,4409104,4,4,12,4,49,16,12,20,20,20260807,5,1,1,1,0,0,0,6223,0.259292,1,0.0015,0
601,6229.82,17,0,14.9598,1.66688,0,0,0,16.6267,84,84,0,1,1.80238,1.80238,446,209,3,179,0,0,0,0,0,2311,2855.68,1.00183,23.2045,338282,88,48551,828,968535,352,194204,3312,32,4,111458,225444,3566656,901776,4468432,4,4,12,4,49,16,12,20,20,20260807,5,1,1,1,0,0,0,6223,0.259292,1,0.0015,0
602,6232.36,3,0,1.05033,1.43362,0,0,0,2.48396,85,84,0,1,1.80238,1.80238,446,209,0,180,0,0,0,0,0,2311,2855.68,1.00183,23.2045,338282,88,48551,828,968535,352,194204,3312,32,4,111866,226056,3579712,904224,4483936,4,4,12,4,49,16,12,20,20,20260807,5,1,1,1,0,0,0,6223,0.259292,1,0.0015,0
603,6242.52,10,0,0.729667,9.36063,0,0,0,10.0903,85,84,0,1,1.80238,1.80238,446,209,0,180,0,0,0,0,0,2311,2855.68,1.00183,23.2045,338282,88,48551,828,968535,352,194204,3312,32,4,111866,226056,3579712,904224,4483936,4,4,12,4,49,16,12,20,20,20260807,5,1,1,1,0,0,0,6224,0.259333,1,0.0015,1
604,6248.37,6,0,4.11604,1.65875,0,0,0,5.77479,86,86,0,1,1.80238,1.80238,456,219,0,180,0,0,0,0,0,2311,2855.68,1.00183,23.2045,338282,88,48551,828,968535,352,194204,3312,32,4,111866,226056,3579712,904224,4483936,4,4,12,4,49,16,12,20,20,20260807,5,1,1,1,0,0,0,6224,0.259333,1,0.0015,0
605,6259.26,11,0,1.03867,9.76037,0,0,0,10.799,86,86,0,1,1.80238,1.80238,456,218,0,180,0,0,0,0,0,2311,2855.68,1.00183,23.2045,338282,88,48551,828,968535,352,194204,3312,32,4,111866,226056,3579712,904224,4483936,4,4,12,4,49,16,12,20,20,20260807,5,1,1,1,0,0,0,6224,0.259333,1,0.0015,0
606,6266.41,7,0,5.38325,1.68379,0,0,0,7.06704,87,87,0,1,1.80238,1.80238,462,219,0,184,0,0,0,0,0,2317,2861.14,1.04429,23.2045,339043,88,48551,838,971121,352,194204,3352,32,4,114492,230682,3663744,922728,4586472,4,4,12,4,49,16,12,20,20,20260807,5,1,1,1,0,0,0,6224,0.259333,1,0.0015,0
607,6275.87,9,0,1.39692,7.99279,0,0,0,9.38971,87,87,0,1,1.80238,1.80238,462,217,1,184,0,0,0,0,0,2318,2862.59,1.44358,23.2045,339051,88,48551,838,971139,352,194204,3352,32,4,114492,230682,3663744,922728,4586472,4,4,12,4,49,16,12,20,20,20260807,5,1,1,1,0,0,0,6224,0.259333,1,0.0015,0
608,6280.03,4,0,2.27133,1.80533,0,0,0,4.07667,88,87,0,1,1.80238,1.80238,462,213,0,188,0,0,0,0,0,2323,2867.44,0.996292,23.2045,339846,88,48551,840,973724,352,194204,3360,32,4,117103,235512,3747296,942048,4689344,4,4,12,4,49,16,12,20,20,20260807,5,1,1,1,0,0,0,6224,0.259333,1,0.0015,0
609,6296.71,17,0,3.85579,12.7368,0,0,0,16.5926,88,88,0,1,1.80238,1.80238,468,219,0,188,0,0,0,0,0,2323,2867.44,0.996292,23.2045,339846,88,48551,840,973724,352,194204,3360,32,4,117103,235512,3747296,942048,4689344,4,4,12,4,49,16,12,20,20,20260807,5,1,1,1,0,0,0,6224,0.259333,1,0.0015,0
610,6309.39,13,0,1.11658,11.4669,0,0,0,12.5835,90,89,0,1,1.80238,1.80238,474,225,0,188,0,0,0,0,0,2323,2867.44,0.996292,23.2045,339846,88,48551,840,973724,352,194204,3360,32,4,117103,235512,3747296,942048,4689344,4,4,12,4,49,16,12,20,20,20260807,5,1,1,1,0,0,0,6225,0.259375,1,0.0015,1
611,6312.98,3,0,1.79771,1.69775,0,0,0,3.49546,90,90,0,1,1.80238,1.80238,480,228,1,189,0,0,0,0,0,2325,2870.77,1.95021,23.2045,340509,88,48551,842,975577,352,194204,3368,32,4,118010,237546,3776320,950184,4726504,4,4,12,4,49,16,12,20,20,20260807,5,1,1,1,0,0,0,6225,0.259375,1,0.0015,0
612,6327.02,14,0,12.0847,1.88242,0,0,0,13.9672,91,91,0,1,1.80238,1.80238,486,231,3,190,0,0,0,0,0,2329,2874.6,0.997,23.2045,340818,88,48551,842,976811,352,194204,3368,32,4,118964,239502,3806848,958008,4764856,4,4,12,4,49,16,12,20,20,20260807,5,1,1,1,0,0,0,6225,0.259375,1,0.0015,0
613,6329.9,3,0,1.17663,1.59758,0,0,0,2.77421,91,91,0,1,1.80238,1.80238,486,229,0,192,0,0,0,0,0,2330,2875.94,1.34267,23.2045,341028,88,48551,842,977375,352,194204,3368,32,4,120762,242616,3864384,970464,4834848,4,4,12,4,49,16,12,20,20,20260807,5,1,1,1,0,0,0,6225,0.259375,1,0.0015,0
614,6345.27,16,0,13.3838,1.91033,0,0,0,15.2942,92,92,0,1,1.80238,1.80238,492,231,3,194,0,0,0,0,0,2335,2880.86,1.32983,23.2045,342077,88,48551,850,980917,352,194204,3400,32,4,123042,246858,3937344,987432,4924776,4,4,12,4,49,16,12,20,20,20260807,5,1,1,1,0,0,0,6225,0.259375,1,0.0015,0
615,6348.04,2,0,1.18204,1.51671,0,0,0,2.69875,92,92,0,1,1.80238,1.80238,492,230,0,197,0,0,0,0,0,2335,2880.86,1.32983,23.2045,342077,88,48551,850,980917,352,194204,3400,32,4,124336,248958,3978752,995832,4974584,4,4,12,4,49,16,12,20,20,20260807,5,1,1,1,0,0,0,6226,0.259417,1,0.0015,1
616,6360.39,13,0,10.3876,1.89196,0,0,0,12.2795,93,92,0,1,1.80238,1.80238,492,225,4,199,0,0,0,0,0,2340,2886.5,0.95725,23.2045,342749,88,48551,856,983279,352,194204,3424,32,4,125386,251016,4012352,1004064,5016416,4,4,12,4,49,16,12,20,20,20260807,5,1,1,1,0,0,0,6226,0.259417,1,0.0015,0
617,6366.55,6,0,4.30083,1.77108,0,0,0,6.07192,93,93,0,1,1.80238,1.80238,498,231,0,201,0,0,0,0,0,2340,2886.5,0.95725,23.2045,342749,88,48551,856,983279,352,194204,3424,32,4,126722,253026,4055104,1012104,5067208,4,4,12,4,49,16,12,20,20,20260807,5,1,1,1,0,0,0,6226,0.259417,1,0.0015,0
618,6376.71,10,0,8.42729,1.66517,0,0,0,10.0925,93,93,0,1,1.80238,1.80238,498,225,4,202,0,0,0,0,0,2345,2892.09,1.40525,23.2045,344589,88,48551,862,988927,352,194204,3448,32,4,127769,255318,4088608,1021272,5109880,4,4,12,4,49,16,12,20,20,20260807,5,1,1,1,0,0,0,6226,0.259417,1,0.0015,0
619,6379.82,3,0,1.37004,1.65187,0,0,0,3.02192,94,93,0,1,1.80238,1.80238,498,225,0,207,0,0,0,0,0,2346,2893.76,1.67129,23.2045,344926,88,48551,862,989833,352,194204,3448,32,4,133300,266124,4265600,1064496,5330096,4,4,12,4,49,16,12,20,20,20260807,5,1,1,1,0,0,0,6226,0.259417,1,0.0015,0
620,6392.69,13,0,0.800292,11.9849,0,0,0,12.7852,94,93,0,1,1.80238,1.80238,498,225,0,207,0,0,0,0,0,2346,2893.76,1.67129,23.2045,344926,88,48551,862,989833,352,194204,3448,32,4,133300,266124,4265600,1064496,5330096,4,4,12,4,49,16,12,20,20,20260807,5,1,1,1,0,0,0,6226,0.259417,1,0.0015,0
621,6398.27,6,0,3.68533,1.79987,0,0,0,5.48521,95,95,0,1,1.80238,1.80238,510,237,0,207,0,0,0,0,0,2346,2893.76,1.67129,23.2045,344926,88,48551,862,989833,352,194204,3448,32,4,133300,266124,4265600,1064496,5330096,4,4,12,4,49,16,12,20,20,20260807,5,1,1,1,0,0,0,6227,0.259458,1,0.0015,1
622,6409.37,11,0,1.07471,9.96025,0,0,0,11.035,96,95,0,1,1.80238,1.80238,510,237,0,207,0,0,0,0,0,2346,2893.76,1.67129,23.2045,344926,88,48551,862,989833,352,194204,3448,32,4,133300,266124,4265600,1064496,5330096,4,4,12,4,49,16,12,20,20,20260807,5,1,1,1,0,0,0,6227,0.259458,1,0.0015,0
623,6412.72,3,0,1.22717,1.96075,0,0,0,3.18792,96,96,0,1,1.80238,1.80238,515,242,0,207,0,0,0,0,0,2346,2893.76,1.67129,23.2045,344926,88,48551,862,989833,352,194204,3448,32,4,133300,266124,4265600,1064496,5330096,4,4,12,4,49,16,12,20,20,20260807,5,1,1,1,0,0,0,6227,0.259458,1,0.0015,0
624,6426.88,14,0,12.2967,1.78067,0,0,0,14.0773,97,96,0,1,1.80238,1.80238,515,237,4,208,0,0,0,0,0,2351,2900.05,1.10021,23.2045,345990,88,48551,876,993066,352,194204,3504,32,4,133499,266574,4271968,1066296,5338264,4,4,12,4,49,16,12,20,20,20260807,5,1,1,1,0,0,0,6227,0.259458,1,0.0015,0
625,6432.41,6,0,3.66292,1.77854,0,0,0,5.44146,97,97,0,1,1.80238,1.80238,521,243,0,212,0,0,0,0,0,2351,2900.05,1.10021,23.2045,345990,88,48551,876,993066,352,194204,3504,32,4,136589,272592,4370848,1090368,5461216,4,4,12,4,49,16,12,20,20,20260807,5,1,1,1,0,0,0,6227,0.259458,1,0.0015,0
626,6442.95,10,0,1.39067,9.06892,0,0,0,10.4596,97,97,0,1,1.80238,1.80238,521,241,0,212,0,0,0,0,0,2352,2901.58,1.53004,23.2045,345990,88,48551,876,993066,352,194204,3504,32,4,136589,272592,4370848,1090368,5461216,4,4,12,4,49,16,12,20,20,20260807,5,1,1,1,0,0,0,6228,0.2595,1,0.0015,1
627,6447.23,5,0,2.29233,1.90133,0,0,0,4.19367,98,97,0,1,1.80238,1.80238,521,237,0,216,0,0,0,0,0,2357,2907.96,1.33783,23.2045,346750,88,48551,880,995585,352,194204,3520,32,4,139124,277176,4451968,1108704,5560672,4,4,12,4,49,16,12,20,20,20260807,5,1,1,1,0,0,0,6228,0.2595,1,0.0015,0
628,6459.45,12,0,2.59833,9.53412,0,0,0,12.1325,98,98,0,1,1.80238,1.80238,527,243,0,216,0,0,0,0,0,2357,2907.96,1.33783,23.2045,346750,88,48551,880,995585,352,194204,3520,32,4,139124,277176,4451968,1108704,5560672,4,4,12,4,49,16,12,20,20,20260807,5,1,1,1,0,0,0,6228,0.2595,1,0.0015,0
629,6463.58,4,0,2.13592,1.91663,0,0,0,4.05254,98,98,0,1,1.80238,1.80238,527,237,1,220,0,0,0,0,0,2362,2914.13,1.12233,23.2045,348014,88,48551,882,999419,352,194204,3528,32,4,142951,284736,4574432,1138944,5713376,4,4,12,4,49,16,12,20,20,20260807,5,1,1,1,0,0,0,6228,0.2595,1,0.0015,0
630,6477.19,13,0,11.4361,2.09625,0,0,0,13.5324,100,99,0,1,1.80238,1.80238,533,243,0,222,0,0,0,0,0,2363,2916.14,2.01037,23.2045,348021,88,48551,882,999433,352,194204,3528,32,4,142980,284814,4575360,1139256,5714616,4,4,12,4,49,16,12,20,20,20260807,5,1,1,1,0,0,0,6228,0.2595,1,0.0015,0
631,6480.29,3,0,1.22412,1.78212,0,0,0,3.00625,100,99,0,1,1.80238,1.80238,533,243,0,222,0,0,0,0,0,2363,2916.14,2.01037,23.2045,348021,88,48551,882,999433,352,194204,3528,32,4,142980,284814,4575360,1139256,5714616,4,4,12,4,49,16,12,20,20,20260807,5,1,1,1,0,0,0,6228,0.2595,1,0.0015,0
632,6492.97,12,0,2.37625,10.2311,0,0,0,12.6074,100,100,0,1,1.80238,1.80238,539,249,0,222,0,0,0,0,0,2363,2916.14,2.01037,23.2045,348021,88,48551,882,999433,352,194204,3528,32,4,142980,284814,4575360,1139256,5714616,4,4,12,4,49,16,12,20,20,20260807,5,1,1,1,0,0,0,6228,0.2595,1,0.0015,0
633,6496.24,4,0,1.2045,1.97212,0,0,0,3.17663,101,101,0,1,1.80238,1.80238,545,254,0,222,0,0,0,0,0,2363,2916.14,2.01037,23.2045,348021,88,48551,882,999433,352,194204,3528,32,4,142980,284814,4575360,1139256,5714616,4,4,12,4,49,16,12,20,20,20260807,5,1,1,1,0,0,0,6229,0.259542,1,0.0015,1
634,6510.4,14,0,12.1044,1.96467,0,0,0,14.0691,102,101,0,1,1.80238,1.80238,545,249,5,223,0,0,0,0,0,2369,2923.64,0.933541,23.2045,349036,88,48551,900,1002746,352,194204,3600,32,4,143480,285930,4591360,1143720,5735080,4,4,12,4,49,16,12,20,20,20260807,5,1,1,1,0,0,0,6229,0.259542,1,0.0015,0
635,6514.78,4,0,2.29787,1.97717,0,0,0,4.27504,102,102,0,1,1.80238,1.80238,551,255,0,226,0,0,0,0,0,2369,2923.64,0.933541,23.2045,349036,88,48551,900,1002746,352,194204,3600,32,4,146365,291012,4683680,1164048,5847728,4,4,12,4,49,16,12,20,20,20260807,5,1,1,1,0,0,0,6229,0.259542,1,0.0015,0
636,6526.53,13,0,1.222,10.4556,0,0,0,11.6776,102,102,0,1,1.80238,1.80238,551,253,1,226,0,0,0,0,0,2370,2925.51,1.87408,23.2045,349036,88,48551,900,1002746,352,194204,3600,32,4,146365,291012,4683680,1164048,5847728,4,4,12,4,49,16,12,20,20,20260807,5,1,1,1,0,0,0,6229,0.259542,1,0.0015,0
637,6534.2,8,0,5.45796,2.12613,0,0,0,7.58408,103,103,0,1,1.80238,1.80238,557,255,0,231,0,0,0,0,0,2375,2931.54,1.07563,23.2045,351189,88,48551,906,1009427,352,194204,3624,32,4,153070,303966,4898240,1215864,6114104,4,4,12,4,49,16,12,20,20,20260807,5,1,1,1,0,0,0,6229,0.259542,1,0.0015,0
638,6543.01,8,0,1.21504,7.44229,0,0,0,8.65733,104,103,0,1,1.80238,1.80238,557,255,0,231,0,0,0,0,0,2375,2931.54,1.07563,23.2045,351189,88,48551,906,1009427,352,194204,3624,32,4,153070,303966,4898240,1215864,6114104,4,4,12,4,49,16,12,20,20,20260807,5,1,1,1,0,0,0,6230,0.259583,1,0.0015,1
639,6546.19,4,0,1.24792,1.84625,0,0,0,3.09417,105,104,0,1,1.80238,1.80238,562,260,0,231,0,0,0,0,0,2375,2931.54,1.07563,23.2045,351189,88,48551,906,1009427,352,194204,3624,32,4,153070,303966,4898240,1215864,6114104,4,4,12,4,49,16,12,20,20,20260807,5,1,1,1,0,0,0,6230,0.259583,1,0.0015,0
640,6559.48,13,0,1.00788,12.2017,0,0,0,13.2096,105,104,0,1,1.80238,1.80238,562,260,0,231,0,0,0,0,0,2375,2931.54,1.07563,23.2045,351189,88,48551,906,1009427,352,194204,3624,32,4,153070,303966,4898240,1215864,6114104,4,4,12,4,49,16,12,20,20,20260807,5,1,1,1,0,0,0,6230,0.259583,1,0.0015,0
641,6563.32,4,0,1.71971,2.03563,0,0,0,3.75533,105,105,0,1,1.80238,1.80238,567,262,1,232,0,0,0,0,0,2377,2934.82,1.8765,23.2045,352099,88,48551,916,1012457,352,194204,3664,32,4,153740,305472,4919680,1221888,6141568,4,4,12,4,49,16,12,20,20,20260807,5,1,1,1,0,0,0,6230,0.259583,1,0.0015,0
642,6577.47,14,0,11.8942,2.17813,0,0,0,14.0724,106,106,0,1,1.80238,1.80238,573,265,3,234,0,0,0,0,0,2381,2939.66,1.10371,23.2045,353556,88,48551,916,1016467,352,194204,3664,32,4,158021,313512,5056672,1254048,6310720,4,4,12,4,49,16,12,20,20,20260807,5,1,1,1,0,0,0,6230,0.259583,1,0.0015,0
643,6580.85,3,0,1.39321,1.90767,0,0,0,3.30088,106,106,0,1,1.80238,1.80238,573,263,0,238,0,0,0,0,0,2382,2941.1,1.44192,23.2045,353584,88,48551,916,1016545,352,194204,3664,32,4,160228,318396,5127296,1273584,6400880,4,4,12,4,49,16,12,20,20,20260807,5,1,1,1,0,0,0,6230,0.259583,1,0.0015,0
644,6598.26,18,0,14.9911,2.34875,0,0,0,17.3398,107,107,0,1,1.80238,1.80238,579,265,3,240,0,0,0,0,0,2387,2946.49,1.20954,23.2045,354981,88,48551,926,1020625,352,194204,3704,32,4,163215,324498,5222880,1297992,6520872,4,4,12,4,49,16,12,20,20,20260807,5,1,1,1,0,0,0,6230,0.259583,1,0.0015,0
645,6602.84,4,0,1.84862,2.64571,0,0,0,4.49433,107,107,0,1,1.80238,1.80238,579,263,1,243,0,0,0,0,0,2388,2948.39,1.90371,23.2045,354981,88,48551,926,1020625,352,194204,3704,32,4,164348,326838,5259136,1307352,6566488,4,4,12,4,49,16,12,20,20,20260807,5,1,1,1,0,0,0,6231,0.259625,1,0.0015,1
646,6610.7,8,0,5.60004,2.17979,0,0,0,7.77983,107,107,0,1,1.80238,1.80238,579,260,2,244,0,0,0,0,0,2391,2952.45,0.705167,23.2045,355492,88,48551,934,1022484,352,194204,3736,32,4,164489,327102,5263648,1308408,6572056,4,4,12,4,49,16,12,20,20,20260807,5,1,1,1,0,0,0,6231,0.259625,1,0.0015,0
647,6613.96,3,0,1.13942,2.03688,0,0,0,3.17629,108,107,0,1,1.80238,1.80238,579,259,0,245,0,0,0,0,0,2393,2955.81,1.58746,23.2045,355492,88,48551,934,1022484,352,194204,3736,32,4,166239,329952,5319648,1319808,6639456,4,4,12,4,49,16,12,20,20,20260807,5,1,1,1,0,0,0,6231,0.259625,1,0.0015,0
648,6626.47,13,0,0.916375,11.5231,0,0,0,12.4395,108,107,0,1,1.80238,1.80238,579,259,0,245,0,0,0,0,0,2393,2955.81,1.58746,23.2045,355492,88,48551,934,1022484,352,194204,3736,32,4,166239,329952,5319648,1319808,6639456,4,4,12,4,49,16,12,20,20,20260807,5,1,1,1,0,0,0,6231,0.259625,1,0.0015,0
649,6631.02,4,0,2.2865,2.17508,0,0,0,4.46158,108,108,0,1,1.80238,1.80238,585,261,1,247,0,0,0,0,0,2396,2960.91,2.714,23.2045,356235,88,48551,936,1024523,352,194204,3744,32,4,167846,333486,5371072,1333944,6705016,4,4,12,4,49,16,12,20,20,20260807,5,1,1,1,0,0,0,6231,0.259625,1,0.0015,0
650,6645.79,15,0,12.333,2.34925,0,0,0,14.6822,109,109,0,1,1.80238,1.80238,591,265,2,249,0,0,0,0,0,2399,2965.02,1.27533,23.2045,356989,88,48551,940,1027177,352,194204,3760,32,4,170365,337656,5451680,1350624,6802304,4,4,12,4,49,16,12,20,20,20260807,5,1,1,1,0,0,0,6231,0.259625,1,0.0015,0
651,6649.48,4,0,1.36733,2.24187,0,0,0,3.60921,110,109,0,1,1.80238,1.80238,591,265,0,251,0,0,0,0,0,2399,2965.02,1.27533,23.2045,356989,88,48551,940,1027177,352,194204,3760,32,4,170956,338970,5470592,1355880,6826472,4,4,12,4,49,16,12,20,20,20260807,5,1,1,1,0,0,0,6232,0.259667,1,0.0015,1
652,6659.69,10,0,3.62917,6.47487,0,0,0,10.104,110,110,0,1,1.80238,1.80238,597,271,0,251,0,0,0,0,0,2399,2965.02,1.27533,23.2045,356989,88,48551,940,1027177,352,194204,3760,32,4,170956,338970,5470592,1355880,6826472,4,4,12,4,49,16,12,20,20,20260807,5,1,1,1,0,0,0,6232,0.259667,1,0.0015,0
653,6665.74,6,0,3.85275,2.11342,0,0,0,5.96617,111,111,0,1,1.80238,1.80238,603,277,0,251,0,0,0,0,0,2399,2965.02,1.27533,23.2045,356989,88,48551,940,1027177,352,194204,3760,32,4,170956,338970,5470592,1355880,6826472,4,4,12,4,49,16,12,20,20,20260807,5,1,1,1,0,0,0,6232,0.259667,1,0.0015,0
654,6677.48,12,0,9.32842,2.34154,0,0,0,11.67,111,111,0,1,1.80238,1.80238,603,271,4,252,0,0,0,0,0,2404,2971.79,1.57192,23.2045,357731,88,48551,948,1029600,352,194204,3792,32,4,171336,339786,5482752,1359144,6841896,4,4,12,4,49,16,12,20,20,20260807,5,1,1,1,0,0,0,6232,0.259667,1,0.0015,0
655,6681.15,4,0,1.44083,2.16479,0,0,0,3.60562,112,111,0,1,1.80238,1.80238,603,271,0,255,0,0,0,0,0,2405,2973.22,1.42421,23.2045,357731,88,48551,948,1029600,352,194204,3792,32,4,173411,343470,5549152,1373880,6923032,4,4,12,4,49,16,12,20,20,20260807,5,1,1,1,0,0,0,6232,0.259667,1,0.0015,0
656,6693.13,11,0,0.94975,10.95,0,0,0,11.8997,112,111,0,1,1.80238,1.80238,603,271,0,255,0,0,0,0,0,2405,2973.22,1.42421,23.2045,357731,88,48551,948,1029600,352,194204,3792,32,4,173411,343470,5549152,1373880,6923032,4,4,12,4,49,16,12,20,20,20260807,5,1,1,1,0,0,0,6232,0.259667,1,0.0015,0
657,6697.08,4,0,1.72167,2.14162,0,0,0,3.86329,112,112,0,1,1.80238,1.80238,609,272,1,257,0,0,0,0,0,2409,2977.75,0.583708,23.2045,358496,88,48551,950,1032410,352,194204,3800,32,4,174461,345420,5582752,1381680,6964432,4,4,12,4,49,16,12,20,20,20260807,5,1,1,1,0,0,0,6233,0.259708,1,0.0015,1
658,6710.81,14,0,11.3155,2.31667,0,0,0,13.6322,114,113,0,1,1.80238,1.80238,614,276,1,258,0,0,0,0,0,2411,2980.07,1.35846,23.2045,358526,88,48551,950,1032482,352,194204,3800,32,4,176229,348072,5639328,1392288,7031616,4,4,12,4,49,16,12,20,20,20260807,5,1,1,1,0,0,0,6233,0.259708,1,0.0015,0
659,6714.29,4,0,1.36446,2.00513,0,0,0,3.36958,114,113,0,1,1.80238,1.80238,614,276,0,259,0,0,0,0,0,2411,2980.07,1.35846,23.2045,358526,88,48551,950,1032482,352,194204,3800,32,4,176301,348252,5641632,1393008,7034640,4,4,12,4,49,16,12,20,20,20260807,5,1,1,1,0,0,0,6233,0.259708,1,0.0015,0
660,6726.88,12,0,2.50462,10.0086,0,0,0,12.5132,114,114,0,1,1.80238,1.80238,619,281,0,259,0,0,0,0,0,2411,2980.07,1.35846,23.2045,358526,88,48551,950,1032482,352,194204,3800,32,4,176301,348252,5641632,1393008,7034640,4,4,12,4,49,16,12,20,20,20260807,5,1,1,1,0,0,0,6233,0.259708,1,0.0015,0
661,6730.68,4,0,1.44625,2.23271,0,0,0,3.67896,115,115,0,1,1.80238,1.80238,624,285,0,259,0,0,0,0,0,2411,2980.07,1.35846,23.2045,358526,88,48551,950,1032482,352,194204,3800,32,4,176301,348252,5641632,1393008,7034640,4,4,12,4,49,16,12,20,20,20260807,5,1,1,1,0,0,0,6233,0.259708,1,0.0015,0
662,6748.04,17,0,14.9625,2.31742,0,0,0,17.2799,116,116,0,1,1.80238,1.80238,630,287,2,262,0,0,0,0,0,2416,2986.9,1.39338,23.2045,359652,88,48551,956,1035706,352,194204,3824,32,4,178606,352848,5715392,1411392,7126784,4,4,12,4,49,16,12,20,20,20260807,5,1,1,1,0,0,0,6233,0.259708,1,0.0015,0
663,6752.73,5,0,1.88821,2.71446,0,0,0,4.60267,116,116,0,1,1.80238,1.80238,630,285,1,264,0,0,0,0,0,2417,2989.12,2.21958,23.2045,359902,88,48551,956,1036357,352,194204,3824,32,4,179549,355044,5745568,1420176,7165744,4,4,12,4,49,16,12,20,20,20260807,5,1,1,1,0,0,0,6234,0.25975,1,0.0015,1
664,6760.9,8,0,5.81646,2.27237,0,0,0,8.08883,116,116,0,1,1.80238,1.80238,630,281,3,266,0,0,0,0,0,2421,2994.66,1.15796,23.2045,361456,88,48551,962,1041163,352,194204,3848,32,4,181195,358812,5798240,1435248,7233488,4,4,12,4,49,16,12,20,20,20260807,5,1,1,1,0,0,0,6234,0.25975,1,0.0015,0
665,6765.17,5,0,1.88138,2.32379,0,0,0,4.20517,117,116,0,1,1.80238,1.80238,630,281,0,269,0,0,0,0,0,2422,2995.85,1.19042,23.2045,361456,88,48551,962,1041163,352,194204,3848,32,4,185030,365904,5920960,1463616,7384576,4,4,12,4,49,16,12,20,20,20260807,5,1,1,1,0,0,0,6234,0.25975,1,0.0015,0
666,6776.63,11,0,4.66692,6.68187,0,0,0,11.3488,117,117,0,1,1.80238,1.80238,636,287,0,269,0,0,0,0,0,2422,2995.85,1.19042,23.2045,361456,88,48551,962,1041163,352,194204,3848,32,4,185030,365904,5920960,1463616,7384576,4,4,12,4,49,16,12,20,20,20260807,5,1,1,1,0,0,0,6234,0.25975,1,0.0015,0
667,6781.08,4,0,2.12938,2.22567,0,0,0,4.35504,117,117,0,1,1.80238,1.80238,636,281,0,270,0,0,0,0,0,2427,3000.93,0.994833,23.2045,361818,88,48551,968,1042494,352,194204,3872,32,4,186385,368112,5964320,1472448,7436768,4,4,12,4,49,16,12,20,20,20260807,5,1,1,1,0,0,0,6234,0.25975,1,0.0015,0
668,6793.64,13,0,1.2425,11.2383,0,0,0,12.4808,118,117,0,1,1.80238,1.80238,636,281,0,270,0,0,0,0,0,2428,3002.23,1.30279,23.2045,361818,88,48551,968,1042494,352,194204,3872,32,4,186385,368112,5964320,1472448,7436768,4,4,12,4,49,16,12,20,20,20260807,5,1,1,1,0,0,0,6234,0.25975,1,0.0015,0
669,6797.64,4,0,1.4995,2.39758,0,0,0,3.89708,118,118,0,1,1.80238,1.80238,642,283,1,272,0,0,0,0,0,2431,3005.88,1.05675,23.2045,362404,88,48551,972,1044115,352,194204,3888,32,4,188022,371652,6016704,1486608,7503312,4,4,12,4,49,16,12,20,20,20260807,5,1,1,1,0,0,0,6235,0.259792,1,0.0015,1
670,6810.97,13,0,10.8471,2.40287,0,0,0,13.25,119,119,0,1,1.80238,1.80238,648,286,1,274,0,0,0,0,0,2434,3008.55,1.13317,23.2045,363147,88,48551,976,1046587,352,194204,3904,32,4,189619,374232,6067808,1496928,7564736,4,4,12,4,49,16,12,20,20,20260807,5,1,1,1,0,0,0,6235,0.259792,1,0.0015,0
671,6815.2,5,0,1.73279,2.40883,0,0,0,4.14163,119,119,0,1,1.80238,1.80238,648,283,2,276,0,0,0,0,0,2438,3012.17,0.3995,23.2045,363772,88,48551,978,1048721,352,194204,3912,32,4,192148,378954,6148736,1515816,7664552,4,4,12,4,49,16,12,20,20,20260807,5,1,1,1,0,0,0,6235,0.259792,1,0.0015,0
672,6829.03,13,0,11.3389,2.41288,0,0,0,13.7518,120,120,0,1,1.80238,1.80238,654,287,1,279,0,0,0,0,0,2440,3015.57,1.07508,23.2045,363914,88,48551,978,1049102,352,194204,3912,32,4,192703,380004,6166496,1520016,7686512,4,4,12,4,49,16,12,20,20,20260807,5,1,1,1,0,0,0,6235,0.259792,1,0.0015,0
673,6832.62,4,0,1.37875,2.1295,0,0,0,3.50825,120,120,0,1,1.80238,1.80238,654,285,0,280,0,0,0,0,0,2441,3016.56,0.996125,23.2045,363914,88,48551,978,1049102,352,194204,3912,32,4,193033,380748,6177056,1522992,7700048,4,4,12,4,49,16,12,20,20,20260807,5,1,1,1,0,0,0,6235,0.259792,1,0.0015,0
674,6844.74,12,0,9.5945,2.453,0,0,0,12.0475,121,120,0,1,1.80238,1.80238,654,281,2,283,0,0,0,0,0,2446,3022,1.04487,23.2045,364675,88,48551,984,1051668,352,194204,3936,32,4,195623,385350,6259936,1541400,7801336,4,4,12,4,49,16,12,20,20,20260807,5,1,1,1,0,0,0,6236,0.259833,1,0.0015,1
675,6850,5,0,2.87742,2.30592,0,0,0,5.18333,121,121,0,1,1.80238,1.80238,660,287,0,283,0,0,0,0,0,2446,3022,1.04487,23.2045,364675,88,48551,984,1051668,352,194204,3936,32,4,195623,385350,6259936,1541400,7801336,4,4,12,4,49,16,12,20,20,20260807,5,1,1,1,0,0,0,6236,0.259833,1,0.0015,0
676,6860.02,10,0,0.982959,8.96813,0,0,0,9.95108,121,121,0,1,1.80238,1.80238,660,286,0,283,0,0,0,0,0,2446,3022,1.04487,23.2045,364675,88,48551,984,1051668,352,194204,3936,32,4,195623,385350,6259936,1541400,7801336,4,4,12,4,49,16,12,20,20,20260807,5,1,1,1,0,0,0,6236,0.259833,1,0.0015,0
677,6864.34,5,0,1.727,2.49467,0,0,0,4.22167,122,121,0,1,1.80238,1.80238,660,281,0,289,0,0,0,0,0,2452,3030.35,1.04921,23.2045,366355,88,48551,988,1056463,352,194204,3952,32,4,200434,395454,6413888,1581816,7995704,4,4,12,4,49,16,12,20,20,20260807,5,1,1,1,0,0,0,6236,0.259833,1,0.0015,0
678,6876.95,12,0,4.73675,7.80192,0,0,0,12.5387,122,122,0,1,1.80238,1.80238,666,287,0,289,0,0,0,0,0,2452,3030.35,1.04921,23.2045,366355,88,48551,988,1056463,352,194204,3952,32,4,200434,395454,6413888,1581816,7995704,4,4,12,4,49,16,12,20,20,20260807,5,1,1,1,0,0,0,6236,0.259833,1,0.0015,0
679,6881.13,5,0,1.62888,2.45958,0,0,0,4.08846,122,122,0,1,1.80238,1.80238,666,281,0,293,0,0,0,0,0,2457,3036.13,1.00979,23.2045,367537,88,48551,996,1060295,352,194204,3984,32,4,204298,402594,6537536,1610376,8147912,4,4,12,4,49,16,12,20,20,20260807,5,1,1,1,0,0,0,6236,0.259833,1,0.0015,0
680,6894.64,13,0,10.7546,2.66867,0,0,0,13.4232,124,123,0,1,1.80238,1.80238,671,286,0,294,0,0,0,0,0,2458,3037.24,1.10575,23.2045,367619,88,48551,996,1060521,352,194204,3984,32,4,204524,403086,6544768,1612344,8157112,4,4,12,4,49,16,12,20,20,20260807,5,1,1,1,0,0,0,6236,0.259833,1,0.0015,0
681,6898.27,4,0,1.32642,2.20758,0,0,0,3.534,124,124,0,1,1.80238,1.80238,676,291,0,294,0,0,0,0,0,2458,3037.24,1.10575,23.2045,367619,88,48551,996,1060521,352,194204,3984,32,4,204524,403086,6544768,1612344,8157112,4,4,12,4,49,16,12,20,20,20260807,5,1,1,1,0,0,0,6237,0.259875,1,0.0015,1
682,6909.98,11,0,1.14604,10.4846,0,0,0,11.6307,125,124,0,1,1.80238,1.80238,676,291,0,294,0,0,0,0,0,2458,3037.24,1.10575,23.2045,367619,88,48551,996,1060521,352,194204,3984,32,4,204524,403086,6544768,1612344,8157112,4,4,12,4,49,16,12,20,20,20260807,5,1,1,1,0,0,0,6237,0.259875,1,0.0015,0
683,6914.04,4,0,1.65138,2.32112,0,0,0,3.9725,125,125,0,1,1.80238,1.80238,681,293,1,295,0,0,0,0,0,2460,3040.5,1.65721,23.2045,368581,88,48551,1002,1063462,352,194204,4008,32,4,206174,406596,6597568,1626384,8223952,4,4,12,4,49,16,12,20,20,20260807,5,1,1,1,0,0,0,6237,0.259875,1,0.0015,0
684,6929.82,16,0,13.1925,2.51396,0,0,0,15.7065,126,126,0,1,1.80238,1.80238,687,297,1,298,0,0,0,0,0,2463,3044.56,1.68021,23.2045,369241,88,48551,1002,1065226,352,194204,4008,32,4,208995,412254,6687840,1649016,8336856,4,4,12,4,49,16,12,20,20,20260807,5,1,1,1,0,0,0,6237,0.259875,1,0.0015,0
685,6933.59,4,0,1.38125,2.30479,0,0,0,3.68604,127,126,0,1,1.80238,1.80238,687,297,0,299,0,0,0,0,0,2463,3044.56,1.68021,23.2045,369241,88,48551,1002,1065226,352,194204,4008,32,4,209253,412854,6696096,1651416,8347512,4,4,12,4,49,16,12,20,20,20260807,5,1,1,1,0,0,0,6237,0.259875,1,0.0015,0
686,6944.13,10,0,1.12183,9.33267,0,0,0,10.4545,127,126,0,1,1.80238,1.80238,687,297,0,299,0,0,0,0,0,2463,3044.56,1.68021,23.2045,369241,88,48551,1002,1065226,352,194204,4008,32,4,209253,412854,6696096,1651416,8347512,4,4,12,4,49,16,12,20,20,20260807,5,1,1,1,0,0,0,6238,0.259917,1,0.0015,1
687,6947.96,4,0,1.36567,2.37779,0,0,0,3.74346,128,127,0,1,1.80238,1.80238,693,303,0,299,0,0,0,0,0,2463,3044.56,1.68021,23.2045,369241,88,48551,1002,1065226,352,194204,4008,32,4,209253,412854,6696096,1651416,8347512,4,4,12,4,49,16,12,20,20,20260807,5,1,1,1,0,0,0,6238,0.259917,1,0.0015,0
688,6960.42,13,0,1.66296,10.7295,0,0,0,12.3925,128,128,0,1,1.80238,1.80238,699,309,0,299,0,0,0,0,0,2463,3044.56,1.68021,23.2045,369241,88,48551,1002,1065226,352,194204,4008,32,4,209253,412854,6696096,1651416,8347512,4,4,12,4,49,16,12,20,20,20260807,5,1,1,1,0,0,0,6238,0.259917,1,0.0015,0
689,6964.41,4,0,1.52033,2.38567,0,0,0,3.906,128,128,0,1,1.80238,1.80238,699,303,1,301,0,0,0,0,0,2468,3052.2,1.53862,23.2045,369672,88,48551,1014,1066556,352,194204,4056,32,4,210631,415512,6740192,1662048,8402240,4,4,12,4,49,16,12,20,20,20260807,5,1,1,1,0,0,0,6238,0.259917,1,0.0015,0
690,6977.21,13,0,1.02337,11.694,0,0,0,12.7174,129,128,0,1,1.80238,1.80238,699,303,0,301,0,0,0,0,0,2469,3053.19,0.99825,23.2045,369672,88,48551,1014,1066556,352,194204,4056,32,4,210631,415512,6740192,1662048,8402240,4,4,12,4,49,16,12,20,20,20260807,5,1,1,1,0,0,0,6238,0.259917,1,0.0015,0
691,6981.03,3,0,1.43229,2.30479,0,0,0,3.73708,129,129,0,1,1.80238,1.80238,705,304,0,304,0,0,0,0,0,2473,3057.89,0.5435,23.2045,370504,88,48551,1020,1069439,352,194204,4080,32,4,213538,420540,6833216,1682160,8515376,4,4,12,4,49,16,12,20,20,20260807,5,1,1,1,0,0,0,6238,0.259917,1,0.0015,0
692,6994.78,14,0,11.0067,2.67475,0,0,0,13.6815,130,130,0,1,1.80238,1.80238,711,308,1,305,0,0,0,0,0,2475,3060.6,1.35508,23.2045,370659,88,48551,1020,1069857,352,194204,4080,32,4,213560,420606,6833920,1682424,8516344,4,4,12,4,49,16,12,20,20,20260807,5,1,1,1,0,0,0,6238,0.259917,1,0.0015,0
693,6999.14,5,0,1.74692,2.52279,0,0,0,4.26971,130,130,0,1,1.80238,1.80238,711,306,1,306,0,0,0,0,0,2477,3063.84,2.09775,23.2045,371266,88,48551,1022,1072074,352,194204,4088,32,4,213956,421470,6846592,1685880,8532472,4,4,12,4,49,16,12,20,20,20260807,5,1,1,1,0,0,0,6239,0.259958,1,0.0015,1
694,7014.44,15,0,12.7096,2.50783,0,0,0,15.2175,131,131,0,1,1.80238,1.80238,717,310,2,307,0,0,0,0,0,2480,3067.75,1.50542,23.2045,371498,88,48551,1022,1072702,352,194204,4088,32,4,216181,425124,6917792,1700496,8618288,4,4,12,4,49,16,12,20,20,20260807,5,1,1,1,0,0,0,6239,0.259958,1,0.0015,0
695,7018.91,4,0,1.85787,2.50933,0,0,0,4.36721,131,131,0,1,1.80238,1.80238,717,307,1,309,0,0,0,0,0,2482,3070.04,1.09967,23.2045,372015,88,48551,1022,1074169,352,194204,4088,32,4,217964,428952,6974848,1715808,8690656,4,4,12,4,49,16,12,20,20,20260807,5,1,1,1,0,0,0,6239,0.259958,1,0.0015,0
696,7027.92,9,0,6.38642,2.55504,0,0,0,8.94146,132,131,0,1,1.80238,1.80238,717,304,2,312,0,0,0,0,0,2486,3074.06,1.08325,23.2045,372789,88,48551,1024,1076592,352,194204,4096,32,4,220707,434274,7062624,1737096,8799720,4,4,12,4,49,16,12,20,20,20260807,5,1,1,1,0,0,0,6239,0.259958,1,0.0015,0
697,7034.81,7,0,4.16263,2.66475,0,0,0,6.82737,132,132,0,1,1.80238,1.80238,723,310,0,312,0,0,0,0,0,2486,3074.06,1.08325,23.2045,372789,88,48551,1024,1076592,352,194204,4096,32,4,220707,434274,7062624,1737096,8799720,4,4,12,4,49,16,12,20,20,20260807,5,1,1,1,0,0,0,6239,0.259958,1,0.0015,0
698,7044.59,10,0,7.03142,2.67246,0,0,0,9.70388,132,132,0,1,1.80238,1.80238,723,304,3,314,0,0,0,0,0,2491,3079.07,1.02925,23.2045,373199,88,48551,1026,1078054,352,194204,4104,32,4,221591,435864,7090912,1743456,8834368,4,4,12,4,49,16,12,20,20,20260807,5,1,1,1,0,0,0,6240,0.26,1,0.0015,1
699,7048.79,4,0,1.47242,2.65892,0,0,0,4.13133,133,132,0,1,1.80238,1.80238,723,304,0,316,0,0,0,0,0,2492,3081.92,2.84575,23.2045,373203,88,48551,1026,1078070,352,194204,4104,32,4,222193,436770,7110176,1747080,8857256,4,4,12,4,49,16,12,20,20,20260807,5,1,1,1,0,0,0,6240,0.26,1,0.0015,0
700,7060.63,12,0,3.65379,8.11363,0,0,0,11.7674,133,133,0,1,1.80238,1.80238,729,310,0,316,0,0,0,0,0,2492,3081.92,2.84575,23.2045,373203,88,48551,1026,1078070,352,194204,4104,32,4,222193,436770,7110176,1747080,8857256,4,4,12,4,49,16,12,20,20,20260807,5,1,1,1,0,0,0,6240,0.26,1,0.0015,0
701,7065.33,5,0,1.949,2.66383,0,0,0,4.61283,133,133,0,1,1.80238,1.80238,729,304,0,321,0,0,0,0,0,2497,3087.56,1.05412,23.2045,374473,88,48551,1030,1081974,352,194204,4120,32,4,226113,444414,7235616,1777656,9013272,4,4,12,4,49,16,12,20,20,20260807,5,1,1,1,0,0,0,6240,0.26,1,0.0015,0
702,7077.85,12,0,9.82454,2.61775,0,0,0,12.4423,134,134,0,1,1.80238,1.80238,735,309,0,322,0,0,0,0,0,2498,3088.78,1.22379,23.2045,374785,88,48551,1030,1082823,352,194204,4120,32,4,226962,446286,7262784,1785144,9047928,4,4,12,4,49,16,12,20,20,20260807,5,1,1,1,0,0,0,6240,0.26,1,0.0015,0
703,7082.23,5,0,1.6305,2.65321,0,0,0,4.28371,134,134,0,1,1.80238,1.80238,735,307,1,324,0,0,0,0,0,2501,3094.19,1.46796,23.2045,375448,88,48551,1030,1084658,352,194204,4120,32,4,227746,448008,7287872,1792032,9079904,4,4,12,4,49,16,12,20,20,20260807,5,1,1,1,0,0,0,6240,0.26,1,0.0015,0
704,7095.2,13,0,10.32,2.56967,0,0,0,12.8897,135,135,0,1,1.80238,1.80238,741,310,1,326,0,0,0,0,0,2503,3096.6,1.23629,23.2045,376266,88,48551,1036,1087421,352,194204,4144,32,4,231020,453900,7392640,1815600,9208240,4,4,12,4,49,16,12,20,20,20260807,5,1,1,1,0,0,0,6241,0.260042,1,0.0015,1
705,7099.06,3,0,1.25317,2.53783,0,0,0,3.791,136,135,0,1,1.80238,1.80238,741,310,0,327,0,0,0,0,0,2503,3096.6,1.23629,23.2045,376266,88,48551,1036,1087421,352,194204,4144,32,4,231584,455208,7410688,1820832,9231520,4,4,12,4,49,16,12,20,20,20260807,5,1,1,1,0,0,0,6241,0.260042,1,0.0015,0
706,7110.24,12,0,3.45421,7.64537,0,0,0,11.0996,136,136,0,1,1.80238,1.80238,747,316,0,327,0,0,0,0,0,2503,3096.6,1.23629,23.2045,376266,88,48551,1036,1087421,352,194204,4144,32,4,231584,455208,7410688,1820832,9231520,4,4,12,4,49,16,12,20,20,20260807,5,1,1,1,0,0,0,6241,0.260042,1,0.0015,0
707,7114.22,4,0,1.39958,2.48325,0,0,0,3.88283,137,136,0,1,1.80238,1.80238,747,316,0,327,0,0,0,0,0,2503,3096.6,1.23629,23.2045,376266,88,48551,1036,1087421,352,194204,4144,32,4,231584,455208,7410688,1820832,9231520,4,4,12,4,49,16,12,20,20,20260807,5,1,1,1,0,0,0,6241,0.260042,1,0.0015,0
708,7126.82,12,0,2.54617,9.92546,0,0,0,12.4716,137,137,0,1,1.80238,1.80238,753,322,0,327,0,0,0,0,0,2503,3096.6,1.23629,23.2045,376266,88,48551,1036,1087421,352,194204,4144,32,4,231584,455208,7410688,1820832,9231520,4,4,12,4,49,16,12,20,20,20260807,5,1,1,1,0,0,0,6241,0.260042,1,0.0015,0
709,7131.25,5,0,1.7535,2.53446,0,0,0,4.28796,137,137,0,1,1.80238,1.80238,753,317,1,330,0,0,0,0,0,2507,3104.47,1.28333,23.2045,377047,88,48551,1050,1089818,352,194204,4200,32,4,232772,457878,7448704,1831512,9280216,4,4,12,4,49,16,12,20,20,20260807,5,1,1,1,0,0,0,6241,0.260042,1,0.0015,0
710,7147.64,16,0,13.6181,2.70113,0,0,0,16.3192,138,138,0,1,1.80238,1.80238,759,322,1,331,0,0,0,0,0,2509,3108.27,1.80117,23.2045,377047,88,48551,1050,1089818,352,194204,4200,32,4,234037,459978,7489184,1839912,9329096,4,4,12,4,49,16,12,20,20,20260807,5,1,1,1,0,0,0,6241,0.260042,1,0.0015,0
711,7151.57,4,0,1.25917,2.5905,0,0,0,3.84967,138,138,0,1,1.80238,1.80238,759,320,1,331,0,0,0,0,0,2510,3110.22,1.95388,23.2045,377047,88,48551,1050,1089818,352,194204,4200,32,4,234037,459978,7489184,1839912,9329096,4,4,12,4,49,16,12,20,20,20260807,5,1,1,1,0,0,0,6242,0.260083,1,0.0015,1
712,7161.6,10,0,7.05233,2.89717,0,0,0,9.9495,139,138,0,1,1.80238,1.80238,759,316,4,332,0,0,0,0,0,2515,3116.41,1.56158,23.2045,377709,88,48551,1054,1092070,352,194204,4216,32,4,234973,461772,7519136,1847088,9366224,4,4,12,4,49,16,12,20,20,20260807,5,1,1,1,0,0,0,6242,0.260083,1,0.0015,0
713,7165.62,4,0,1.39596,2.54854,0,0,0,3.9445,139,138,0,1,1.80238,1.80238,759,316,0,335,0,0,0,0,0,2515,3116.41,1.56158,23.2045,377709,88,48551,1054,1092070,352,194204,4216,32,4,236305,463974,7561760,1855896,9417656,4,4,12,4,49,16,12,20,20,20260807,5,1,1,1,0,0,0,6242,0.260083,1,0.0015,0
714,7177.31,12,0,3.76987,7.84621,0,0,0,11.6161,139,139,0,1,1.80238,1.80238,765,322,0,335,0,0,0,0,0,2515,3116.41,1.56158,23.2045,377709,88,48551,1054,1092070,352,194204,4216,32,4,236305,463974,7561760,1855896,9417656,4,4,12,4,49,16,12,20,20,20260807,5,1,1,1,0,0,0,6242,0.260083,1,0.0015,0
715,7181.49,4,0,1.37854,2.72329,0,0,0,4.10183,139,139,0,1,1.80238,1.80238,765,318,0,338,0,0,0,0,0,2518,3121.37,1.68242,23.2045,378906,88,48551,1054,1095349,352,194204,4216,32,4,239584,471156,7666688,1884624,9551312,4,4,12,4,49,16,12,20,20,20260807,5,1,1,1,0,0,0,6242,0.260083,1,0.0015,0
716,7195.23,14,0,10.6167,3.04596,0,0,0,13.6627,140,140,0,1,1.80238,1.80238,771,321,0,341,0,0,0,0,0,2521,3124.09,1.04867,23.2045,379189,88,48551,1056,1096283,352,194204,4224,32,4,240526,472866,7696832,1891464,9588296,4,4,12,4,49,16,12,20,20,20260807,5,1,1,1,0,0,0,6242,0.260083,1,0.0015,0
717,7199.41,4,0,1.36596,2.73546,0,0,0,4.10142,140,140,0,1,1.80238,1.80238,771,319,0,342,0,0,0,0,0,2523,3126.62,1.35408,23.2045,379437,88,48551,1056,1096992,352,194204,4224,32,4,241235,474354,7719520,1897416,9616936,4,4,12,4,49,16,12,20,20,20260807,5,1,1,1,0,0,0,6243,0.260125,1,0.0015,1
718,7213.76,14,0,11.4869,2.78542,0,0,0,14.2723,141,141,0,1,1.80238,1.80238,777,322,1,344,0,0,0,0,0,2526,3130.65,1.24625,23.2045,380319,88,48551,1062,1099889,352,194204,4248,32,4,244148,479664,7812736,1918656,9731392,4,4,12,4,49,16,12,20,20,20260807,5,1,1,1,0,0,0,6243,0.260125,1,0.0015,0
719,7218,4,0,1.39958,2.75721,0,0,0,4.15679,141,141,0,1,1.80238,1.80238,777,319,1,346,0,0,0,0,0,2528,3132.92,1.1205,23.2045,380861,88,48551,1062,1101404,352,194204,4248,32,4,244961,481416,7838752,1925664,9764416,4,4,12,4,49,16,12,20,20,20260807,5,1,1,1,0,0,0,6243,0.260125,1,0.0015,0
720,7231.82,14,0,10.6752,3.02554,0,0,0,13.7007,142,142,0,1,1.80238,1.80238,783,322,1,349,0,0,0,0,0,2532,3137.26,1.48021,23.2045,381357,88,48551,1066,1103092,352,194204,4264,32,4,247207,485580,7910624,1942320,9852944,4,4,12,4,49,16,12,20,20,20260807,5,1,1,1,0,0,0,6243,0.260125,1,0.0015,0
721,7236.27,5,0,1.34904,3.03129,0,0,0,4.38033,142,142,0,1,1.80238,1.80238,783,320,0,351,0,0,0,0,0,2533,3138.61,1.35117,23.2045,381415,88,48551,1066,1103256,352,194204,4264,32,4,247539,486282,7921248,1945128,9866376,4,4,12,4,49,16,12,20,20,20260807,5,1,1,1,0,0,0,6243,0.260125,1,0.0015,0
722,7245.15,9,0,5.71917,3.07608,0,0,0,8.79525,143,142,0,1,1.80238,1.80238,783,316,3,353,0,0,0,0,0,2537,3144.22,1.37583,23.2045,382017,88,48551,1072,1105227,352,194204,4288,32,4,247799,486858,7929568,1947432,9877000,4,4,12,4,49,16,12,20,20,20260807,5,1,1,1,0,0,0,6244,0.260167,1,0.0015,1
723,7249.33,4,0,1.34808,2.75137,0,0,0,4.09946,143,142,0,1,1.80238,1.80238,783,316,0,355,0,0,0,0,0,2537,3144.22,1.37583,23.2045,382017,88,48551,1072,1105227,352,194204,4288,32,4,249534,489930,7985088,1959720,9944808,4,4,12,4,49,16,12,20,20,20260807,5,1,1,1,0,0,0,6244,0.260167,1,0.0015,0
724,7260.81,11,0,1.58642,9.78579,0,0,0,11.3722,143,143,0,1,1.80238,1.80238,789,322,0,355,0,0,0,0,0,2537,3144.22,1.37583,23.2045,382017,88,48551,1072,1105227,352,194204,4288,32,4,249534,489930,7985088,1959720,9944808,4,4,12,4,49,16,12,20,20,20260807,5,1,1,1,0,0,0,6244,0.260167,1,0.0015,0
725,7265.05,4,0,1.38604,2.77883,0,0,0,4.16488,143,143,0,1,1.80238,1.80238,789,317,1,357,0,0,0,0,0,2541,3150.98,1.28388,23.2045,382624,88,48551,1078,1107228,352,194204,4312,32,4,250109,491196,8003488,1964784,9968272,4,4,12,4,49,16,12,20,20,20260807,5,1,1,1,0,0,0,6244,0.260167,1,0.0015,0
726,7279.08,14,0,10.7957,3.16613,0,0,0,13.9619,144,144,0,1,1.80238,1.80238,795,322,1,358,0,0,0,0,0,2543,3154.35,2.24175,23.2045,382634,88,48551,1078,1107253,352,194204,4312,32,4,251559,493608,8049888,1974432,10024320,4,4,12,4,49,16,12,20,20,20260807,5,1,1,1,0,0,0,6244,0.260167,1,0.0015,0
727,7283.51,5,0,1.53108,2.80246,0,0,0,4.33354,144,144,0,1,1.80238,1.80238,795,319,1,360,0,0,0,0,0,2545,3156.71,1.07488,23.2045,382817,88,48551,1078,1107764,352,194204,4312,32,4,252008,494598,8064256,1978392,10042648,4,4,12,4,49,16,12,20,20,20260807,5,1,1,1,0,0,0,6244,0.260167,1,0.0015,0
728,7301.74,18,0,15.1339,3.02654,0,0,0,18.1604,145,145,0,1,1.80238,1.80238,801,322,2,363,0,0,0,0,0,2549,3162.27,1.12483,23.2045,384024,88,48551,1086,1111391,352,194204,4344,32,4,254204,498552,8134528,1994208,10128736,4,4,12,4,49,16,12,20,20,20260807,5,1,1,1,0,0,0,6245,0.260208,1,0.0015,1
729,7312.1,10,0,6.88525,3.38254,0,0,0,10.2678,145,145,0,1,1.80238,1.80238,801,318,2,366,0,0,0,0,0,2552,3167.57,1.84858,23.2045,384133,88,48551,1086,1111698,352,194204,4344,32,4,255823,502194,8186336,2008776,10195112,4,4,12,4,49,16,12,20,20,20260807,5,1,1,1,0,0,0,6245,0.260208,1,0.0015,0
730,7316.61,5,0,1.47096,2.95492,0,0,0,4.42587,146,145,0,1,1.80238,1.80238,801,316,0,369,0,0,0,0,0,2555,3171.56,1.0055,23.2045,384440,88,48551,1086,1112803,352,194204,4344,32,4,257166,504552,8229312,2018208,10247520,4,4,12,4,49,16,12,20,20,20260807,5,1,1,1,0,0,0,6245,0.260208,1,0.0015,0
731,7327.97,11,0,4.10325,7.17342,0,0,0,11.2767,146,146,0,1,1.80238,1.80238,807,322,0,369,0,0,0,0,0,2555,3171.56,1.0055,23.2045,384440,88,48551,1086,1112803,352,194204,4344,32,4,257166,504552,8229312,2018208,10247520,4,4,12,4,49,16,12,20,20,20260807,5,1,1,1,0,0,0,6245,0.260208,1,0.0015,0
732,7332.57,5,0,1.76887,2.75333,0,0,0,4.52221,146,146,0,1,1.80238,1.80238,807,318,0,370,0,0,0,0,0,2558,3177.31,2.253,23.2045,384634,88,48551,1086,1113357,352,194204,4344,32,4,257720,505716,8247040,2022864,10269904,4,4,12,4,49,16,12,20,20,20260807,5,1,1,1,0,0,0,6245,0.260208,1,0.0015,0
733,7345.36,13,0,9.35238,3.37029,0,0,0,12.7227,147,146,0,1,1.80238,1.80238,807,316,2,371,0,0,0,0,0,2561,3182.15,1.39675,23.2045,385587,88,48551,1094,1116474,352,194204,4376,32,4,259743,509022,8311776,2036088,10347864,4,4,12,4,49,16,12,20,20,20260807,5,1,1,1,0,0,0,6246,0.26025,1,0.0015,1
734,7350.96,5,0,2.48967,3.01979,0,0,0,5.50946,147,147,0,1,1.80238,1.80238,813,322,0,373,0,0,0,0,0,2561,3182.15,1.39675,23.2045,385587,88,48551,1094,1116474,352,194204,4376,32,4,260869,511482,8347808,2045928,10393736,4,4,12,4,49,16,12,20,20,20260807,5,1,1,1,0,0,0,6246,0.26025,1,0.0015,0
735,7360.86,10,0,1.07537,8.7525,0,0,0,9.82788,147,147,0,1,1.80238,1.80238,813,320,0,373,0,0,0,0,0,2562,3183.55,1.40258,23.2045,385587,88,48551,1094,1116474,352,194204,4376,32,4,260869,511482,8347808,2045928,10393736,4,4,12,4,49,16,12,20,20,20260807,5,1,1,1,0,0,0,6246,0.26025,1,0.0015,0
736,7365.68,5,0,1.78779,2.94888,0,0,0,4.73667,148,147,0,1,1.80238,1.80238,813,316,0,378,0,0,0,0,0,2567,3189.99,1.30262,23.2045,386295,88,48551,1098,1118849,352,194204,4392,32,4,263260,515754,8424320,2063016,10487336,4,4,12,4,49,16,12,20,20,20260807,5,1,1,1,0,0,0,6246,0.26025,1,0.0015,0
737,7377.35,12,0,3.96342,7.63142,0,0,0,11.5948,148,148,0,1,1.80238,1.80238,819,322,0,378,0,0,0,0,0,2567,3189.99,1.30262,23.2045,386295,88,48551,1098,1118849,352,194204,4392,32,4,263260,515754,8424320,2063016,10487336,4,4,12,4,49,16,12,20,20,20260807,5,1,1,1,0,0,0,6246,0.26025,1,0.0015,0
738,7381.6,4,0,1.36396,2.77817,0,0,0,4.14213,148,148,0,1,1.80238,1.80238,819,318,0,380,0,0,0,0,0,2570,3195.72,2.04792,23.2045,386510,88,48551,1098,1119410,352,194204,4392,32,4,263821,517044,8442272,2068176,10510448,4,4,12,4,49,16,12,20,20,20260807,5,1,1,1,0,0,0,6246,0.26025,1,0.0015,0
739,7395.43,14,0,10.3975,3.31379,0,0,0,13.7112,149,149,0,1,1.80238,1.80238,824,320,1,382,0,0,0,0,0,2573,3199.35,1.34438,23.2045,387053,88,48551,1104,1121100,352,194204,4416,32,4,264938,519030,8478016,2076120,10554136,4,4,12,4,49,16,12,20,20,20260807,5,1,1,1,0,0,0,6246,0.26025,1,0.0015,0
740,7400.15,5,0,1.59563,3.04146,0,0,0,4.63708,150,149,0,1,1.80238,1.80238,824,317,1,385,0,0,0,0,0,2577,3203.67,0.978125,23.2045,387506,88,48551,1104,1122373,352,194204,4416,32,4,266808,523056,8537856,2092224,10630080,4,4,12,4,49,16,12,20,20,20260807,5,1,1,1,0,0,0,6247,0.260292,1,0.0015,1
741,7411.35,11,0,4.0345,7.07954,0,0,0,11.114,150,150,0,1,1.80238,1.80238,829,322,0,385,0,0,0,0,0,2577,3203.67,0.978125,23.2045,387506,88,48551,1104,1122373,352,194204,4416,32,4,266808,523056,8537856,2092224,10630080,4,4,12,4,49,16,12,20,20,20260807,5,1,1,1,0,0,0,6247,0.260292,1,0.0015,0
742,7416.11,4,0,1.69408,2.98508,0,0,0,4.67917,151,150,0,1,1.80238,1.80238,829,317,0,389,0,0,0,0,0,2582,3209.36,1.01804,23.2045,388573,88,48551,1112,1125643,352,194204,4448,32,4,270110,529506,8643520,2118024,10761544,4,4,12,4,49,16,12,20,20,20260807,5,1,1,1,0,0,0,6247,0.260292,1,0.0015,0
743,7427.88,12,0,1.13925,10.5422,0,0,0,11.6815,151,150,0,1,1.80238,1.80238,829,317,0,389,0,0,0,0,0,2582,3209.36,1.01804,23.2045,388573,88,48551,1112,1125643,352,194204,4448,32,4,270110,529506,8643520,2118024,10761544,4,4,12,4,49,16,12,20,20,20260807,5,1,1,1,0,0,0,6247,0.260292,1,0.0015,0
744,7432.4,5,0,1.37767,3.07063,0,0,0,4.44829,151,151,0,1,1.80238,1.80238,834,318,1,391,0,0,0,0,0,2585,3213.48,1.07942,23.2045,389337,88,48551,1114,1128082,352,194204,4456,32,4,272160,533220,8709120,2132880,10842000,4,4,12,4,49,16,12,20,20,20260807,5,1,1,1,0,0,0,6247,0.260292,1,0.0015,0
745,7445.59,13,0,9.82129,3.275,0,0,0,13.0963,152,152,0,1,1.80238,1.80238,839,321,1,393,0,0,0,0,0,2587,3216.32,1.46029,23.2045,389341,88,48551,1114,1128092,352,194204,4456,32,4,272567,534126,8722144,2136504,10858648,4,4,12,4,49,16,12,20,20,20260807,5,1,1,1,0,0,0,6248,0.260333,1,0.0015,1
746,7451.28,6,0,1.95112,3.66075,0,0,0,5.61188,152,152,0,1,1.80238,1.80238,839,318,1,396,0,0,0,0,0,2591,3221.4,1.6705,23.2045,390571,88,48551,1116,1131740,352,194204,4464,32,4,276020,541050,8832640,2164200,10996840,4,4,12,4,49,16,12,20,20,20260807,5,1,1,1,0,0,0,6248,0.260333,1,0.0015,0
747,7462,10,0,7.33883,3.28625,0,0,0,10.6251,153,153,0,1,1.80238,1.80238,844,322,0,397,0,0,0,0,0,2592,3222.64,1.23933,23.2045,390571,88,48551,1116,1131740,352,194204,4464,32,4,276223,541518,8839136,2166072,11005208,4,4,12,4,49,16,12,20,20,20260807,5,1,1,1,0,0,0,6248,0.260333,1,0.0015,0
748,7466.76,4,0,1.56854,3.1265,0,0,0,4.69504,153,153,0,1,1.80238,1.80238,844,319,0,399,0,0,0,0,0,2594,3225.01,0.695667,23.2045,391235,88,48551,1116,1133706,352,194204,4464,32,4,278189,545502,8902048,2182008,11084056,4,4,12,4,49,16,12,20,20,20260807,5,1,1,1,0,0,0,6248,0.260333,1,0.0015,0
749,7479.69,13,0,9.51329,3.32896,0,0,0,12.8422,154,154,0,1,1.80238,1.80238,849,322,1,401,0,0,0,0,0,2597,3229.27,1.21996,23.2045,391513,88,48551,1116,1134491,352,194204,4464,32,4,278974,547170,8927168,2188680,11115848,4,4,12,4,49,16,12,20,20,20260807,5,1,1,1,0,0,0,6248,0.260333,1,0.0015,0
750,7484.4,5,0,1.46442,3.16346,0,0,0,4.62788,154,154,0,1,1.80238,1.80238,849,318,1,403,0,0,0,0,0,2600,3231.94,1.05621,23.2045,392270,88,48551,1116,1136628,352,194204,4464,32,4,280185,549732,8965920,2198928,11164848,4,4,12,4,49,16,12,20,20,20260807,5,1,1,1,0,0,0,6248,0.260333,1,0.0015,0
751,7495.49,11,0,7.65929,3.35275,0,0,0,11.012,155,155,0,1,1.80238,1.80238,854,321,0,406,0,0,0,0,0,2602,3234.05,1.007,23.2045,392532,88,48551,1116,1137374,352,194204,4464,32,4,281857,553284,9019424,2213136,11232560,4,4,12,4,49,16,12,20,20,20260807,5,1,1,1,0,0,0,6249,0.260375,1,0.0015,1
752,7501.3,6,0,2.11287,3.58213,0,0,0,5.695,155,155,0,1,1.80238,1.80238,854,318,1,408,0,0,0,0,0,2605,3238.52,1.81417,23.2045,393143,88,48551,1116,1139073,352,194204,4464,32,4,283388,556602,9068416,2226408,11294824,4,4,12,4,49,16,12,20,20,20260807,5,1,1,1,0,0,0,6249,0.260375,1,0.0015,0
753,7512.35,11,0,7.68483,3.28667,0,0,0,10.9715,156,156,0,1,1.80238,1.80238,859,322,1,410,0,0,0,0,0,2607,3241.91,1.07208,23.2045,393644,88,48551,1116,1140435,352,194204,4464,32,4,284386,558756,9100352,2235024,11335376,4,4,12,4,49,16,12,20,20,20260807,5,1,1,1,0,0,0,6249,0.260375,1,0.0015,0
754,7516.93,4,0,1.39562,3.104,0,0,0,4.49962,156,156,0,1,1.80238,1.80238,859,319,0,413,0,0,0,0,0,2609,3243.99,0.9435,23.2045,394417,88,48551,1118,1142920,352,194204,4472,32,4,287411,564606,9197152,2258424,11455576,4,4,12,4,49,16,12,20,20,20260807,5,1,1,1,0,0,0,6249,0.260375,1,0.0015,0
755,7530.95,15,0,10.6158,3.33017,0,0,0,13.946,157,157,0,1,1.80238,1.80238,864,322,2,414,0,0,0,0,0,2612,3249.18,1.00983,23.2045,394876,88,48551,1118,1144186,352,194204,4472,32,4,288641,567246,9236512,2268984,11505496,4,4,12,4,49,16,12,20,20,20260807,5,1,1,1,0,0,0,6249,0.260375,1,0.0015,0
756,7538.43,8,0,4.22267,3.17092,0,0,0,7.39358,158,158,0,1,1.80238,1.80238,869,327,0,415,0,0,0,0,0,2612,3249.18,1.00983,23.2045,394876,88,48551,1118,1144186,352,194204,4472,32,4,288677,567360,9237664,2269440,11507104,4,4,12,4,49,16,12,20,20,20260807,5,1,1,1,0,0,0,6249,0.260375,1,0.0015,0
757,7544.33,6,0,1.15767,4.66808,0,0,0,5.82575,159,158,0,1,1.80238,1.80238,869,327,0,415,0,0,0,0,0,2612,3249.18,1.00983,23.2045,394876,88,48551,1118,1144186,352,194204,4472,32,4,288677,567360,9237664,2269440,11507104,4,4,12,4,49,16,12,20,20,20260807,5,1,1,1,0,0,0,6250,0.260417,1,0.0015,1
758,7548.64,4,0,1.17242,3.05446,0,0,0,4.22687,159,159,0,1,1.80238,1.80238,874,331,0,415,0,0,0,0,0,2612,3249.18,1.00983,23.2045,394876,88,48551,1118,1144186,352,194204,4472,32,4,288677,567360,9237664,2269440,11507104,4,4,12,4,49,16,12,20,20,20260807,5,1,1,1,0,0,0,6250,0.260417,1,0.0015,0
759,7562.25,14,0,10.2584,3.275,0,0,0,13.5334,159,159,0,1,1.80238,1.80238,874,323,6,417,0,0,0,0,0,2620,3258.99,1.65362,23.2045,396191,88,48551,1140,1148078,352,194204,4560,32,4,289610,569292,9267520,2277168,11544688,4,4,12,4,49,16,12,20,20,20260807,5,1,1,1,0,0,0,6250,0.260417,1,0.0015,0
760,7567.11,4,0,1.57729,3.20808,0,0,0,4.78538,160,159,0,1,1.80238,1.80238,874,322,0,423,0,0,0,0,0,2622,3261.08,1.03442,23.2045,396204,88,48551,1140,1148104,352,194204,4560,32,4,292683,575460,9365856,2301840,11667696,4,4,12,4,49,16,12,20,20,20260807,5,1,1,1,0,0,0,6250,0.260417,1,0.0015,0
761,7578.17,12,0,2.26154,8.71846,0,0,0,10.98,160,160,0,1,1.80238,1.80238,879,327,0,423,0,0,0,0,0,2622,3261.08,1.03442,23.2045,396204,88,48551,1140,1148104,352,194204,4560,32,4,292683,575460,9365856,2301840,11667696,4,4,12,4,49,16,12,20,20,20260807,5,1,1,1,0,0,0,6250,0.260417,1,0.0015,0
762,7583.02,4,0,1.55537,3.22517,0,0,0,4.78054,161,160,0,1,1.80238,1.80238,879,322,0,425,0,0,0,0,0,2627,3266.78,1.013,23.2045,397061,88,48551,1148,1151145,352,194204,4592,32,4,295756,580650,9464192,2322600,11786792,4,4,12,4,49,16,12,20,20,20260807,5,1,1,1,0,0,0,6250,0.260417,1,0.0015,0
763,7594.61,12,0,3.81796,7.69467,0,0,0,11.5126,161,161,0,1,1.80238,1.80238,884,327,0,425,0,0,0,0,0,2627,3266.78,1.013,23.2045,397061,88,48551,1148,1151145,352,194204,4592,32,4,295756,580650,9464192,2322600,11786792,4,4,12,4,49,16,12,20,20,20260807,5,1,1,1,0,0,0,6251,0.260458,1,0.0015,1
764,7598.89,4,0,1.17025,3.03446,0,0,0,4.20471,162,162,0,1,1.80238,1.80238,889,332,0,425,0,0,0,0,0,2627,3266.78,1.013,23.2045,397061,88,48551,1148,1151145,352,194204,4592,32,4,295756,580650,9464192,2322600,11786792,4,4,12,4,49,16,12,20,20,20260807,5,1,1,1,0,0,0,6251,0.260458,1,0.0015,0
765,7611.01,12,0,1.10592,10.9465,0,0,0,12.0524,163,162,0,1,1.80238,1.80238,889,332,0,425,0,0,0,0,0,2627,3266.78,1.013,23.2045,397061,88,48551,1148,1151145,352,194204,4592,32,4,295756,580650,9464192,2322600,11786792,4,4,12,4,49,16,12,20,20,20260807,5,1,1,1,0,0,0,6251,0.260458,1,0.0015,0
766,7615.71,5,0,1.41596,3.18283,0,0,0,4.59879,163,163,0,1,1.80238,1.80238,894,334,0,428,0,0,0,0,0,2630,3271.82,1.18979,23.2045,397655,88,48551,1176,1152746,352,194204,4704,32,4,297469,584382,9519008,2337528,11856536,4,4,12,4,49,16,12,20,20,20260807,5,1,1,1,0,0,0,6251,0.260458,1,0.0015,0
767,7627.88,12,0,1.41292,10.689,0,0,0,12.1019,163,163,0,1,1.80238,1.80238,894,331,0,428,0,0,0,0,0,2632,3274.63,1.70692,23.2045,397655,88,48551,1176,1152746,352,194204,4704,32,4,297469,584382,9519008,2337528,11856536,4,4,12,4,49,16,12,20,20,20260807,5,1,1,1,0,0,0,6251,0.260458,1,0.0015,0
768,7632.66,5,0,1.44421,3.26383,0,0,0,4.70804,163,163,0,1,1.80238,1.80238,894,324,0,430,0,0,0,0,0,2639,3282.36,0.684958,23.2045,397875,88,48551,1210,1153450,352,194204,4840,32,4,298309,585906,9545888,2343624,11889512,4,4,12,4,49,16,12,20,20,20260807,5,1,1,1,0,0,0,6251,0.260458,1,0.0015,0
769,7645.62,13,0,9.25446,3.63413,0,0,0,12.8886,164,164,0,1,1.80238,1.80238,899,326,0,431,0,0,0,0,0,2642,3286.31,1.76496,23.2045,397891,88,48551,1210,1153501,352,194204,4840,32,4,298360,586002,9547520,2344008,11891528,4,4,12,4,49,16,12,20,20,20260807,5,1,1,1,0,0,0,6252,0.2605,1,0.0015,1
770,7650.18,5,0,1.34413,3.12825,0,0,0,4.47238,164,164,0,1,1.80238,1.80238,899,323,1,433,0,0,0,0,0,2645,3291.24,1.98292,23.2045,398637,88,48551,1210,1155830,352,194204,4840,32,4,299801,588582,9593632,2354328,11947960,4,4,12,4,49,16,12,20,20,20260807,5,1,1,1,0,0,0,6252,0.2605,1,0.0015,0
771,7662.77,12,0,8.63225,3.86413,0,0,0,12.4964,164,164,0,1,1.80238,1.80238,899,319,2,436,0,0,0,0,0,2649,3297.31,0.66575,23.2045,398974,88,48551,1222,1156935,352,194204,4888,32,4,300965,591054,9630880,2364216,11995096,4,4,12,4,49,16,12,20,20,20260807,5,1,1,1,0,0,0,6252,0.2605,1,0.0015,0
772,7668.96,6,0,2.30504,3.80842,0,0,0,6.11346,164,164,0,1,1.80238,1.80238,899,315,1,438,0,0,0,0,0,2653,3301.72,1.042,23.2045,398974,88,48551,1222,1156935,352,194204,4888,32,4,301842,592572,9658944,2370288,12029232,4,4,12,4,49,16,12,20,20,20260807,5,1,1,1,0,0,0,6252,0.2605,1,0.0015,0
773,7679.31,11,0,6.42513,3.8325,0,0,0,10.2576,165,164,0,1,1.80238,1.80238,899,312,2,440,0,0,0,0,0,2657,3306.74,1.02908,23.2045,399249,88,48551,1222,1157768,352,194204,4888,32,4,302489,593832,9679648,2375328,12054976,4,4,12,4,49,16,12,20,20,20260807,5,1,1,1,0,0,0,6252,0.2605,1,0.0015,0
774,7684.78,5,0,2.12658,3.26525,0,0,0,5.39183,165,165,0,1,1.80238,1.80238,904,317,0,442,0,0,0,0,0,2657,3306.74,1.02908,23.2045,399249,88,48551,1222,1157768,352,194204,4888,32,4,302675,594222,9685600,2376888,12062488,4,4,12,4,49,16,12,20,20,20260807,5,1,1,1,0,0,0,6252,0.2605,1,0.0015,0
775,7695.66,11,0,7.385,3.41658,0,0,0,10.8016,165,165,0,1,1.80238,1.80238,904,311,3,444,0,0,0,0,0,2662,3313.55,1.75162,23.2045,400027,88,48551,1224,1160041,352,194204,4896,32,4,303656,596016,9716992,2384064,12101056,4,4,12,4,49,16,12,20,20,20260807,5,1,1,1,0,0,0,6253,0.260542,1,0.0015,1
776,7700.93,5,0,1.77563,3.42604,0,0,0,5.20167,165,165,0,1,1.80238,1.80238,904,308,0,450,0,0,0,0,0,2665,3316.97,1.11542,23.2045,400666,88,48551,1224,1161866,352,194204,4896,32,4,306781,602736,9816992,2410944,12227936,4,4,12,4,49,16,12,20,20,20260807,5,1,1,1,0,0,0,6253,0.260542,1,0.0015,0
777,7710.99,10,0,1.50158,8.47471,0,0,0,9.97629,165,165,0,1,1.80238,1.80238,904,305,1,450,0,0,0,0,0,2668,3321.19,2.12938,23.2045,400802,88,48551,1224,1162223,352,194204,4896,32,4,306781,602736,9816992,2410944,12227936,4,4,12,4,49,16,12,20,20,20260807,5,1,1,1,0,0,0,6253,0.260542,1,0.0015,0
778,7719.64,9,0,4.96638,3.60504,0,0,0,8.57142,166,166,0,1,1.80238,1.80238,909,307,0,455,0,0,0,0,0,2672,3324.98,1.05267,23.2045,401211,88,48551,1224,1163426,352,194204,4896,32,4,308341,606006,9866912,2424024,12290936,4,4,12,4,49,16,12,20,20,20260807,5,1,1,1,0,0,0,6253,0.260542,1,0.0015,0
779,7729.08,9,0,5.98987,3.36121,0,0,0,9.35108,166,166,0,1,1.80238,1.80238,909,301,4,457,0,0,0,0,0,2678,3330.61,1.015,23.2045,402424,88,48551,1226,1166903,352,194204,4904,32,4,309146,607674,9892672,2430696,12323368,4,4,12,4,49,16,12,20,20,20260807,5,1,1,1,0,0,0,6253,0.260542,1,0.0015,0
780,7764.28,36,0,31.1865,3.95213,0,0,0,35.1386,167,167,0,1,1.80238,1.80238,914,292,10,464,0,0,0,0,0,2692,3348.2,1.05575,23.2045,405320,88,48551,1226,1174944,352,194204,4904,32,4,314737,619518,10071584,2478072,12549656,4,4,12,4,49,16,12,20,20,20260807,5,1,1,1,0,0,0,6253,0.260542,1,0.0015,0
781,7770.29,6,0,1.86225,4.02654,0,0,0,5.88879,167,167,0,1,1.80238,1.80238,914,289,4,472,0,0,0,0,0,2694,3350.47,0.500834,23.2045,405780,88,48551,1226,1176227,352,194204,4904,32,4,318416,627516,10189312,2510064,12699376,4,4,12,4,49,16,12,20,20,20260807,5,1,1,1,0,0,0,6254,0.260583,1,0.0015,1
782,7779.93,9,0,5.51063,4.05792,0,0,0,9.56854,167,167,0,1,1.80238,1.80238,914,284,4,478,0,0,0,0,0,2700,3357.79,1.16967,23.2045,406919,88,48564,1226,1179507,352,194256,4904,32,4,323167,637686,10341344,2550744,12892088,4,4,12,4,49,16,12,20,20,20260807,5,1,1,1,0,0,0,6254,0.260583,1,0.0015,0
783,7787.2,8,0,2.6035,4.58333,0,0,0,7.18683,167,167,0,1,1.80238,1.80238,914,281,2,482,0,0,0,0,0,2703,3362.19,1.03833,23.2045,407277,88,48564,1226,1180499,352,194256,4904,32,4,325403,642288,10412896,2569152,12982048,4,4,12,4,49,16,12,20,20,20260807,5,1,1,1,0,0,0,6254,0.260583,1,0.0015,0
784,7797.37,10,0,5.69804,4.3875,0,0,0,10.0855,168,167,0,1,1.80238,1.80238,914,277,3,485,0,0,0,0,0,2707,3367.51,1.07,23.2045,407413,88,48711,1226,1180956,352,194844,4904,32,4,326308,643788,10441856,2575152,13017008,4,4,12,4,49,16,12,20,20,20260807,5,1,1,1,0,0,0,6255,0.260625,1,0.0015,1
785,7804.88,7,0,3.248,4.17908,0,0,0,7.42708,168,168,0,1,1.80238,1.80238,919,282,0,488,0,0,0,0,0,2707,3367.51,1.07,23.2045,407413,88,48711,1226,1180956,352,194844,4904,32,4,326519,644190,10448608,2576760,13025368,4,4,12,4,49,16,12,20,20,20260807,5,1,1,1,0,0,0,6255,0.260625,1,0.0015,0
786,7812.75,8,0,3.78854,4.00367,0,0,0,7.79221,168,168,0,1,1.80238,1.80238,919,278,1,490,0,0,0,0,0,2710,3371.13,0.851917,23.2045,408405,88,48720,1226,1183738,352,194880,4904,32,4,327944,647256,10494208,2589024,13083232,4,4,12,4,49,16,12,20,20,20260807,5,1,1,1,0,0,0,6255,0.260625,1,0.0015,0
787,7818.61,6,0,1.68054,4.09292,0,0,0,5.77346,168,168,0,1,1.80238,1.80238,919,275,1,493,0,0,0,0,0,2713,3376.48,2.43388,23.2045,409381,88,48720,1226,1186497,352,194880,4904,32,4,331713,655218,10614816,2620872,13235688,4,4,12,4,49,16,12,20,20,20260807,5,1,1,1,0,0,0,6255,0.260625,1,0.0015,0
788,7829.34,11,0,6.94508,3.7125,0,0,0,10.6576,168,168,0,1,1.80238,1.80238,919,269,5,496,0,0,0,0,0,2720,3384.11,1.05279,23.2045,410180,88,49180,1226,1188764,352,196720,4904,32,4,333684,658872,10677888,2635488,13313376,4,4,12,4,49,16,12,20,20,20260807,5,1,1,1,0,0,0,6255,0.260625,1,0.0015,0
789,7835.58,6,0,1.99946,4.15492,0,0,0,6.15437,169,168,0,1,1.80238,1.80238,919,267,0,500,0,0,0,0,0,2722,3387.22,1.48442,23.2045,410459,88,49180,1226,1189522,352,196720,4904,32,4,336961,665280,10782752,2661120,13443872,4,4,12,4,49,16,12,20,20,20260807,5,1,1,1,0,0,0,6255,0.260625,1,0.0015,0
790,7844.59,9,0,3.92196,5.014,0,0,0,8.93596,169,169,0,1,1.80238,1.80238,924,272,0,500,0,0,0,0,0,2722,3387.22,1.48442,23.2045,410459,88,49180,1226,1189522,352,196720,4904,32,4,336961,665280,10782752,2661120,13443872,4,4,12,4,49,16,12,20,20,20260807,5,1,1,1,0,0,0,6256,0.260667,1,0.0015,1
791,7849.93,5,0,1.50871,3.74967,0,0,0,5.25838,169,169,0,1,1.80238,1.80238,924,269,0,502,0,0,0,0,0,2724,3389.75,0.517292,23.2045,410633,88,49319,1226,1190018,352,197276,4904,32,4,338013,667158,10816416,2668632,13485048,4,4,12,4,49,16,12,20,20,20260807,5,1,1,1,0,0,0,6256,0.260667,1,0.0015,0
792,7863.35,14,0,9.27779,4.05354,0,0,0,13.3313,170,170,0,1,1.80238,1.80238,929,271,1,504,0,0,0,0,0,2727,3394.46,1.58921,23.2045,411652,88,49319,1226,1192916,352,197276,4904,32,4,340547,672516,10897504,2690064,13587568,4,4,12,4,49,16,12,20,20,20260807,5,1,1,1,0,0,0,6256,0.260667,1,0.0015,0
793,7868.88,5,0,1.59433,3.86146,0,0,0,5.45579,170,170,0,1,1.80238,1.80238,929,268,0,508,0,0,0,0,0,2730,3398.77,1.87338,23.2045,411908,88,49575,1226,1193660,352,198300,4904,32,4,342679,676344,10965728,2705376,13671104,4,4,12,4,49,16,12,20,20,20260807,5,1,1,1,0,0,0,6256,0.260667,1,0.0015,0
794,7879.78,11,0,6.89575,3.91329,0,0,0,10.809,171,171,0,1,1.80238,1.80238,934,271,0,510,0,0,0,0,0,2732,3401.28,1.17013,23.2045,412566,88,49575,1226,1195508,352,198300,4904,32,4,344527,680292,11024864,2721168,13746032,4,4,12,4,49,16,12,20,20,20260807,5,1,1,1,0,0,0,6256,0.260667,1,0.0015,0
795,7885.58,6,0,1.68562,4.02104,0,0,0,5.70667,171,171,0,1,1.80238,1.80238,934,267,0,514,0,0,0,0,0,2736,3405.1,1.14454,23.2045,413027,88,49831,1226,1196778,352,199324,4904,32,4,346821,684594,11098272,2738376,13836648,4,4,12,4,49,16,12,20,20,20260807,5,1,1,1,0,0,0,6256,0.260667,1,0.0015,0
796,7896.23,11,0,6.42167,4.14917,0,0,0,10.5708,173,172,0,1,1.80238,1.80238,939,272,0,515,0,0,0,0,0,2737,3407.18,2.07863,23.2045,413080,88,49831,1226,1196935,352,199324,4904,32,4,346978,684912,11103296,2739648,13842944,4,4,12,4,49,16,12,20,20,20260807,5,1,1,1,0,0,0,6257,0.260708,1,0.0015,1
797,7903.69,7,0,3.37375,4.00304,0,0,0,7.37679,173,173,0,1,1.80238,1.80238,944,277,0,515,0,0,0,0,0,2737,3407.18,2.07863,23.2045,413080,88,49831,1226,1196935,352,199324,4904,32,4,346978,684912,11103296,2739648,13842944,4,4,12,4,49,16,12,20,20,20260807,5,1,1,1,0,0,0,6257,0.260708,1,0.0015,0
798,7912.02,8,0,3.96471,4.28683,0,0,0,8.25154,174,174,0,1,1.80238,1.80238,949,282,0,515,0,0,0,0,0,2737,3407.18,2.07863,23.2045,413080,88,49831,1226,1196935,352,199324,4904,32,4,346978,684912,11103296,2739648,13842944,4,4,12,4,49,16,12,20,20,20260807,5,1,1,1,0,0,0,6257,0.260708,1,0.0015,0
799,7928.67,17,0,1.25071,15.3194,0,0,0,16.5701,175,174,0,1,1.80238,1.80238,949,282,0,515,0,0,0,0,0,2737,3407.18,2.07863,23.2045,413080,88,49831,1226,1196935,352,199324,4904,32,4,346978,684912,11103296,2739648,13842944,4,4,12,4,49,16,12,20,20,20260807,5,1,1,1,0,0,0,6257,0.260708,1,0.0015,0
800,7933.4,5,0,1.2165,3.43842,0,0,0,4.65492,177,176,0,1,1.80238,1.80238,959,292,0,515,0,0,0,0,0,2737,3407.18,2.07863,23.2045,413080,88,49831,1226,1196935,352,199324,4904,32,4,346978,684912,11103296,2739648,13842944,4,4,12,4,49,16,12,20,20,20260807,5,1,1,1,0,0,0,6257,0.260708,1,0.0015,0
801,7944.67,11,0,2.64712,8.54896,0,0,0,11.1961,177,177,0,1,1.80238,1.80238,964,297,0,515,0,0,0,0,0,2737,3407.18,2.07863,23.2045,413080,88,49831,1226,1196935,352,199324,4904,32,4,346978,684912,11103296,2739648,13842944,4,4,12,4,49,16,12,20,20,20260807,5,1,1,1,0,0,0,6258,0.26075,1,0.0015,1
802,7952.89,8,0,4.13617,3.99604,0,0,0,8.13221,178,178,0,1,1.80238,1.80238,969,302,0,515,0,0,0,0,0,2737,3407.18,2.07863,23.2045,413080,88,49831,1226,1196935,352,199324,4904,32,4,346978,684912,11103296,2739648,13842944,4,4,12,4,49,16,12,20,20,20260807,5,1,1,1,0,0,0,6258,0.26075,1,0.0015,0
803,7961.17,9,0,1.20208,7.00271,0,0,0,8.20479,179,178,0,1,1.80238,1.80238,969,302,0,515,0,0,0,0,0,2737,3407.18,2.07863,23.2045,413080,88,49831,1226,1196935,352,199324,4904,32,4,346978,684912,11103296,2739648,13842944,4,4,12,4,49,16,12,20,20,20260807,5,1,1,1,0,0,0,6258,0.26075,1,0.0015,0
804,7968.95,7,0,3.65054,4.05438,0,0,0,7.70492,179,179,0,1,1.80238,1.80238,974,307,0,515,0,0,0,0,0,2737,3407.18,2.07863,23.2045,413080,88,49831,1226,1196935,352,199324,4904,32,4,346978,684912,11103296,2739648,13842944,4,4,12,4,49,16,12,20,20,20260807,5,1,1,1,0,0,0,6258,0.26075,1,0.0015,0
805,7978.4,10,0,1.28062,8.08221,0,0,0,9.36283,180,179,0,1,1.80238,1.80238,974,307,0,515,0,0,0,0,0,2737,3407.18,2.07863,23.2045,413080,88,49831,1226,1196935,352,199324,4904,32,4,346978,684912,11103296,2739648,13842944,4,4,12,4,49,16,12,20,20,20260807,5,1,1,1,0,0,0,6258,0.26075,1,0.0015,0
806,7982.99,4,0,1.20087,3.32425,0,0,0,4.52513,181,180,0,1,1.80238,1.80238,979,312,0,515,0,0,0,0,0,2737,3407.18,2.07863,23.2045,413080,88,49831,1226,1196935,352,199324,4904,32,4,346978,684912,11103296,2739648,13842944,4,4,12,4,49,16,12,20,20,20260807,5,1,1,1,0,0,0,6258,0.26075,1,0.0015,0
807,7994.43,12,0,2.79475,8.55738,0,0,0,11.3521,181,181,0,1,1.80238,1.80238,984,317,0,515,0,0,0,0,0,2737,3407.18,2.07863,23.2045,413080,88,49831,1226,1196935,352,199324,4904,32,4,346978,684912,11103296,2739648,13842944,4,4,12,4,49,16,12,20,20,20260807,5,1,1,1,0,0,0,6259,0.260792,1,0.0015,1
808,8001.17,7,0,3.06229,3.61517,0,0,0,6.67746,182,182,0,1,1.80238,1.80238,990,323,0,515,0,0,0,0,0,2737,3407.18,2.07863,23.2045,413080,88,49831,1226,1196935,352,199324,4904,32,4,346978,684912,11103296,2739648,13842944,4,4,12,4,49,16,12,20,20,20260807,5,1,1,1,0,0,0,6259,0.260792,1,0.0015,0
809,8011.53,10,0,4.90029,5.36137,0,0,0,10.2617,183,183,0,1,1.80238,1.80238,996,329,0,515,0,0,0,0,0,2737,3407.18,2.07863,23.2045,413080,88,49831,1226,1196935,352,199324,4904,32,4,346978,684912,11103296,2739648,13842944,4,4,12,4,49,16,12,20,20,20260807,5,1,1,1,0,0,0,6259,0.260792,1,0.0015,0
810,8017.51,6,0,2.09804,3.81292,0,0,0,5.91096,183,183,0,1,1.80238,1.80238,996,324,1,518,0,0,0,0,0,2741,3411.14,0.514,23.2045,413965,88,49831,1228,1199981,352,199324,4912,32,4,348500,687936,11152000,2751744,13903744,4,4,12,4,49,16,12,20,20,20260807,5,1,1,1,0,0,0,6259,0.260792,1,0.0015,0
811,8029.84,12,0,8.70021,3.55733,0,0,0,12.2575,184,184,0,1,1.80238,1.80238,1002,329,0,519,0,0,0,0,0,2743,3413.24,1.08317,23.2045,413965,88,49831,1228,1199981,352,199324,4912,32,4,350032,690234,11201024,2760936,13961960,4,4,12,4,49,16,12,20,20,20260807,5,1,1,1,0,0,0,6259,0.260792,1,0.0015,0
812,8034.97,5,0,1.74463,3.31137,0,0,0,5.056,184,184,0,1,1.80238,1.80238,1002,325,1,520,0,0,0,0,0,2746,3417.03,1.11717,23.2045,414182,88,49831,1236,1200716,352,199324,4944,32,4,350799,691584,11225568,2766336,13991904,4,4,12,4,49,16,12,20,20,20260807,5,1,1,1,0,0,0,6259,0.260792,1,0.0015,0
813,8045.68,11,0,6.96783,3.66996,0,0,0,10.6378,185,184,0,1,1.80238,1.80238,1002,323,1,522,0,0,0,0,0,2749,3420.98,0.972625,23.2045,414390,88,49831,1236,1201468,352,199324,4944,32,4,351551,692832,11249632,2771328,14020960,4,4,12,4,49,16,12,20,20,20260807,5,1,1,1,0,0,0,6260,0.260833,1,0.0015,1
814,8050.69,5,0,1.46663,3.45925,0,0,0,4.92587,185,185,0,1,1.80238,1.80238,1008,329,0,522,0,0,0,0,0,2749,3420.98,0.972625,23.2045,414390,88,49831,1236,1201468,352,199324,4944,32,4,351551,692832,11249632,2771328,14020960,4,4,12,4,49,16,12,20,20,20260807,5,1,1,1,0,0,0,6260,0.260833,1,0.0015,0
815,8061.06,10,0,4.68567,5.61487,0,0,0,10.3005,186,186,0,1,1.80238,1.80238,1014,335,0,522,0,0,0,0,0,2749,3420.98,0.972625,23.2045,414390,88,49831,1236,1201468,352,199324,4944,32,4,351551,692832,11249632,2771328,14020960,4,4,12,4,49,16,12,20,20,20260807,5,1,1,1,0,0,0,6260,0.260833,1,0.0015,0
816,8068.83,8,0,4.20804,3.48438,0,0,0,7.69242,187,187,0,1,1.80238,1.80238,1019,340,0,522,0,0,0,0,0,2749,3420.98,0.972625,23.2045,414390,88,49831,1236,1201468,352,199324,4944,32,4,351551,692832,11249632,2771328,14020960,4,4,12,4,49,16,12,20,20,20260807,5,1,1,1,0,0,0,6260,0.260833,1,0.0015,0
817,8079.06,10,0,6.52121,3.62992,0,0,0,10.1511,187,187,0,1,1.80238,1.80238,1019,334,4,523,0,0,0,0,0,2754,3426.58,1.01221,23.2045,416085,88,49831,1242,1206738,352,199324,4968,32,4,351704,693144,11254528,2772576,14027104,4,4,12,4,49,16,12,20,20,20260807,5,1,1,1,0,0,0,6260,0.260833,1,0.0015,0
818,8084.33,6,0,1.6575,3.53542,0,0,0,5.19292,188,187,0,1,1.80238,1.80238,1019,334,0,528,0,0,0,0,0,2755,3428.38,1.79983,23.2045,416343,88,49831,1242,1207414,352,199324,4968,32,4,357521,704586,11440672,2818344,14259016,4,4,12,4,49,16,12,20,20,20260807,5,1,1,1,0,0,0,6260,0.260833,1,0.0015,0
819,8094.53,10,0,3.59271,6.52463,0,0,0,10.1173,188,188,0,1,1.80238,1.80238,1025,340,0,528,0,0,0,0,0,2755,3428.38,1.79983,23.2045,416343,88,49831,1242,1207414,352,199324,4968,32,4,357521,704586,11440672,2818344,14259016,4,4,12,4,49,16,12,20,20,20260807,5,1,1,1,0,0,0,6261,0.260875,1,0.0015,1
820,8099.28,5,0,1.34671,3.33637,0,0,0,4.68308,188,188,0,1,1.80238,1.80238,1025,337,1,529,0,0,0,0,0,2758,3434.07,1.14187,23.2045,416836,88,49831,1246,1209100,352,199324,4984,32,4,359010,707106,11488320,2828424,14316744,4,4,12,4,49,16,12,20,20,20260807,5,1,1,1,0,0,0,6261,0.260875,1,0.0015,0
821,8115.76,16,0,11.9341,4.46833,0,0,0,16.4024,189,189,0,1,1.80238,1.80238,1031,340,2,531,0,0,0,0,0,2761,3437.47,1.01283,23.2045,417156,88,49831,1246,1210063,352,199324,4984,32,4,359599,708132,11507168,2832528,14339696,4,4,12,4,49,16,12,20,20,20260807,5,1,1,1,0,0,0,6261,0.260875,1,0.0015,0
822,8129.53,14,0,9.92654,3.76221,0,0,0,13.6888,190,189,0,1,1.80238,1.80238,1031,334,5,533,0,0,0,0,0,2767,3445.12,1.05721,23.2045,418612,88,49831,1252,1214572,352,199324,5008,32,4,360674,710568,11541568,2842272,14383840,4,4,12,4,49,16,12,20,20,20260807,5,1,1,1,0,0,0,6261,0.260875,1,0.0015,0
823,8140.32,11,0,7.04,3.62167,0,0,0,10.6617,190,190,0,1,1.80238,1.80238,1037,336,3,538,0,0,0,0,0,2770,3448.42,1.03667,23.2045,419023,88,49831,1260,1215731,352,199324,5040,32,4,364719,718260,11671008,2873040,14544048,4,4,12,4,49,16,12,20,20,20260807,5,1,1,1,0,0,0,6261,0.260875,1,0.0015,0
824,8163.96,23,0,19.5306,4.03658,0,0,0,23.5672,192,192,0,1,1.80238,1.80238,1049,346,1,542,0,0,0,0,0,2773,3452.02,1.3245,23.2045,419578,88,49831,1260,1217878,352,199324,5040,32,4,367906,723774,11772992,2895096,14668088,4,4,12,4,49,16,12,20,20,20260807,5,1,1,1,0,0,0,6262,0.260917,1,0.0015,1
825,8172,8,0,4.19733,3.75896,0,0,0,7.95629,193,193,0,1,1.80238,1.80238,1054,351,0,543,0,0,0,0,0,2773,3452.02,1.3245,23.2045,419578,88,49831,1260,1217878,352,199324,5040,32,4,368057,724104,11777824,2896416,14674240,4,4,12,4,49,16,12,20,20,20260807,5,1,1,1,0,0,0,6262,0.260917,1,0.0015,0
826,8179.59,8,0,3.22329,4.28392,0,0,0,7.50721,193,193,0,1,1.80238,1.80238,1054,346,2,545,0,0,0,0,0,2777,3455.95,0.358791,23.2045,420404,88,49831,1264,1220463,352,199324,5056,32,4,370233,728142,11847456,2912568,14760024,4,4,12,4,49,16,12,20,20,20260807,5,1,1,1,0,0,0,6262,0.260917,1,0.0015,0
827,8185.01,5,0,1.53675,3.8005,0,0,0,5.33725,194,193,0,1,1.80238,1.80238,1054,345,0,548,0,0,0,0,0,2779,3458.04,0.999334,23.2045,420412,88,49831,1264,1220479,352,199324,5056,32,4,370674,729132,11861568,2916528,14778096,4,4,12,4,49,16,12,20,20,20260807,5,1,1,1,0,0,0,6262,0.260917,1,0.0015,0
828,8194.54,10,0,1.81387,7.63379,0,0,0,9.44767,194,194,0,1,1.80238,1.80238,1060,351,0,548,0,0,0,0,0,2779,3458.04,0.999334,23.2045,420412,88,49831,1264,1220479,352,199324,5056,32,4,370674,729132,11861568,2916528,14778096,4,4,12,4,49,16,12,20,20,20260807,5,1,1,1,0,0,0,6263,0.260958,1,0.0015,1
829,8199.85,5,0,1.74983,3.47825,0,0,0,5.22808,194,194,0,1,1.80238,1.80238,1060,345,0,551,0,0,0,0,0,2784,3463.92,1.47371,23.2045,421095,88,49831,1266,1222961,352,199324,5064,32,4,373164,733242,11941248,2932968,14874216,4,4,12,4,49,16,12,20,20,20260807,5,1,1,1,0,0,0,6263,0.260958,1,0.0015,0
830,8212.7,13,0,8.837,3.94717,0,0,0,12.7842,195,195,0,1,1.80238,1.80238,1066,350,0,552,0,0,0,0,0,2785,3464.95,1.02854,23.2045,421196,88,49831,1266,1223212,352,199324,5064,32,4,373415,733848,11949280,2935392,14884672,4,4,12,4,49,16,12,20,20,20260807,5,1,1,1,0,0,0,6263,0.260958,1,0.0015,0
831,8218.04,5,0,1.63888,3.62204,0,0,0,5.26092,195,195,0,1,1.80238,1.80238,1066,346,1,555,0,0,0,0,0,2790,3470.66,1.06346,23.2045,422241,88,49831,1272,1226703,352,199324,5088,32,4,376930,740154,12061760,2960616,15022376,4,4,12,4,49,16,12,20,20,20260807,5,1,1,1,0,0,0,6263,0.260958,1,0.0015,0
832,8228.58,11,0,1.30183,9.158,0,0,0,10.4598,196,195,0,1,1.80238,1.80238,1066,345,0,555,0,0,0,0,0,2791,3471.76,1.09813,23.2045,422241,88,49831,1272,1226703,352,199324,5088,32,4,376930,740154,12061760,2960616,15022376,4,4,12,4,49,16,12,20,20,20260807,5,1,1,1,0,0,0,6263,0.260958,1,0.0015,0
833,8233.59,5,0,1.38758,3.54246,0,0,0,4.93004,197,196,0,1,1.80238,1.80238,1072,351,0,555,0,0,0,0,0,2791,3471.76,1.09813,23.2045,422241,88,49831,1272,1226703,352,199324,5088,32,4,376930,740154,12061760,2960616,15022376,4,4,12,4,49,16,12,20,20,20260807,5,1,1,1,0,0,0,6263,0.260958,1,0.0015,0
834,8245.08,11,0,3.41879,7.98421,0,0,0,11.403,197,197,0,1,1.80238,1.80238,1078,357,0,555,0,0,0,0,0,2791,3471.76,1.09813,23.2045,422241,88,49831,1272,1226703,352,199324,5088,32,4,376930,740154,12061760,2960616,15022376,4,4,12,4,49,16,12,20,20,20260807,5,1,1,1,0,0,0,6264,0.261,1,0.0015,1
835,8250.81,6,0,1.80408,3.84563,0,0,0,5.64971,197,197,0,1,1.80238,1.80238,1078,352,1,557,0,0,0,0,0,2796,3478.62,1.20713,23.2045,422702,88,49831,1276,1228351,352,199324,5104,32,4,378594,742944,12115008,2971776,15086784,4,4,12,4,49,16,12,20,20,20260807,5,1,1,1,0,0,0,6264,0.261,1,0.0015,0
836,8263.43,13,0,8.10879,4.42325,0,0,0,12.532,197,197,0,1,1.80238,1.80238,1078,345,5,558,0,0,0,0,0,2802,3486.27,1.05979,23.2045,423758,88,49831,1284,1231793,352,199324,5136,32,4,378632,743016,12116224,2972064,15088288,4,4,12,4,49,16,12,20,20,20260807,5,1,1,1,0,0,0,6264,0.261,1,0.0015,0
837,8269.77,6,0,1.89667,4.32875,0,0,0,6.22542,198,197,0,1,1.80238,1.80238,1078,345,0,562,0,0,0,0,0,2803,3487.47,1.20138,23.2045,423777,88,49831,1284,1231852,352,199324,5136,32,4,382127,749442,12228064,2997768,15225832,4,4,12,4,49,16,12,20,20,20260807,5,1,1,1,0,0,0,6264,0.261,1,0.0015,0
838,8278.01,8,0,1.79817,6.36396,0,0,0,8.16212,198,198,0,1,1.80238,1.80238,1084,349,1,562,0,0,0,0,0,2804,3488.45,0.981542,23.2045,423777,88,49831,1284,1231852,352,199324,5136,32,4,382127,749442,12228064,2997768,15225832,4,4,12,4,49,16,12,20,20,20260807,5,1,1,1,0,0,0,6264,0.261,1,0.0015,0
839,8283.77,6,0,1.97188,3.70117,0,0,0,5.67304,198,198,0,1,1.80238,1.80238,1084,345,1,564,0,0,0,0,0,2808,3493.84,1.14129,23.2045,424485,88,49831,1290,1234439,352,199324,5160,32,4,384738,753726,12311616,3014904,15326520,4,4,12,4,49,16,12,20,20,20260807,5,1,1,1,0,0,0,6264,0.261,1,0.0015,0
840,8295.11,12,0,1.37596,9.88958,0,0,0,11.2655,199,198,0,1,1.80238,1.80238,1084,345,0,564,0,0,0,0,0,2809,3494.84,0.995958,23.2045,424485,88,49831,1290,1234439,352,199324,5160,32,4,384738,753726,12311616,3014904,15326520,4,4,12,4,49,16,12,20,20,20260807,5,1,1,1,0,0,0,6265,0.261042,1,0.0015,1
841,8300.25,5,0,1.35567,3.70183,0,0,0,5.0575,200,199,0,1,1.80238,1.80238,1090,351,0,564,0,0,0,0,0,2809,3494.84,0.995958,23.2045,424485,88,49831,1290,1234439,352,199324,5160,32,4,384738,753726,12311616,3014904,15326520,4,4,12,4,49,16,12,20,20,20260807,5,1,1,1,0,0,0,6265,0.261042,1,0.0015,0
842,8311.51,11,0,4.40129,6.77613,0,0,0,11.1774,200,200,0,1,1.80238,1.80238,1096,357,0,564,0,0,0,0,0,2809,3494.84,0.995958,23.2045,424485,88,49831,1290,1234439,352,199324,5160,32,4,384738,753726,12311616,3014904,15326520,4,4,12,4,49,16,12,20,20,20260807,5,1,1,1,0,0,0,6265,0.261042,1,0.0015,0
843,8318.42,7,0,2.81813,3.99925,0,0,0,6.81738,201,201,0,1,1.80238,1.80238,1101,362,0,564,0,0,0,0,0,2809,3494.84,0.995958,23.2045,424485,88,49831,1290,1234439,352,199324,5160,32,4,384738,753726,12311616,3014904,15326520,4,4,12,4,49,16,12,20,20,20260807,5,1,1,1,0,0,0,6265,0.261042,1,0.0015,0
844,8329.64,11,0,7.18196,3.95575,0,0,0,11.1377,202,201,0,1,1.80238,1.80238,1101,356,4,566,0,0,0,0,0,2815,3500.68,1.39346,23.2045,425817,88,49831,1298,1238426,352,199324,5192,32,4,387281,758652,12392992,3034608,15427600,4,4,12,4,49,16,12,20,20,20260807,5,1,1,1,0,0,0,6265,0.261042,1,0.0015,0
845,8335.51,6,0,1.73942,4.04904,0,0,0,5.78846,202,201,0,1,1.80238,1.80238,1101,356,0,568,0,0,0,0,0,2815,3500.68,1.39346,23.2045,425817,88,49831,1298,1238426,352,199324,5192,32,4,388757,761766,12440224,3047064,15487288,4,4,12,4,49,16,12,20,20,20260807,5,1,1,1,0,0,0,6265,0.261042,1,0.0015,0
846,8344.66,9,0,1.66783,7.397,0,0,0,9.06483,202,202,0,1,1.80238,1.80238,1107,361,0,568,0,0,0,0,0,2815,3500.68,1.39346,23.2045,425817,88,49831,1298,1238426,352,199324,5192,32,4,388757,761766,12440224,3047064,15487288,4,4,12,4,49,16,12,20,20,20260807,5,1,1,1,0,0,0,6266,0.261083,1,0.0015,1
847,8350.1,5,0,1.63254,3.72154,0,0,0,5.35408,202,202,0,1,1.80238,1.80238,1107,356,0,572,0,0,0,0,0,2820,3506.11,1.47612,23.2045,426466,88,49831,1298,1240728,352,199324,5192,32,4,391059,765660,12513888,3062640,15576528,4,4,12,4,49,16,12,20,20,20260807,5,1,1,1,0,0,0,6266,0.261083,1,0.0015,0
848,8361.3,12,0,4.84788,6.26883,0,0,0,11.1167,203,203,0,1,1.80238,1.80238,1113,362,0,572,0,0,0,0,0,2821,3507.73,1.61625,23.2045,426466,88,49831,1298,1240728,352,199324,5192,32,4,391059,765660,12513888,3062640,15576528,4,4,12,4,49,16,12,20,20,20260807,5,1,1,1,0,0,0,6266,0.261083,1,0.0015,0
849,8366.78,5,0,1.61917,3.7875,0,0,0,5.40667,203,203,0,1,1.80238,1.80238,1113,357,1,575,0,0,0,0,0,2826,3513.4,0.957375,23.2045,427038,88,49831,1304,1242632,352,199324,5216,32,4,392987,769128,12575584,3076512,15652096,4,4,12,4,49,16,12,20,20,20260807,5,1,1,1,0,0,0,6266,0.261083,1,0.0015,0
850,8378.21,12,0,1.42771,9.9105,0,0,0,11.3382,204,203,0,1,1.80238,1.80238,1113,356,0,575,0,0,0,0,0,2827,3515.18,1.77658,23.2045,427038,88,49831,1304,1242632,352,199324,5216,32,4,392987,769128,12575584,3076512,15652096,4,4,12,4,49,16,12,20,20,20260807,5,1,1,1,0,0,0,6266,0.261083,1,0.0015,0
851,8383.38,5,0,1.39896,3.66542,0,0,0,5.06438,204,204,0,1,1.80238,1.80238,1119,360,1,575,0,0,0,0,0,2828,3517.29,2.11154,23.2045,427076,88,49831,1304,1242744,352,199324,5216,32,4,392987,769128,12575584,3076512,15652096,4,4,12,4,49,16,12,20,20,20260807,5,1,1,1,0,0,0,6266,0.261083,1,0.0015,0
852,8397.32,14,0,9.90158,3.95363,0,0,0,13.8552,205,204,0,1,1.80238,1.80238,1119,356,2,579,0,0,0,0,0,2833,3522.63,1.01979,23.2045,427685,88,49831,1310,1244532,352,199324,5240,32,4,394739,772614,12631648,3090456,15722104,4,4,12,4,49,16,12,20,20,20260807,5,1,1,1,0,0,0,6267,0.261125,1,0.0015,1
853,8403.72,6,0,2.27879,4.04158,0,0,0,6.32038,205,205,0,1,1.80238,1.80238,1125,362,0,580,0,0,0,0,0,2833,3522.63,1.01979,23.2045,427685,88,49831,1310,1244532,352,199324,5240,32,4,394911,773046,12637152,3092184,15729336,4,4,12,4,49,16,12,20,20,20260807,5,1,1,1,0,0,0,6267,0.261125,1,0.0015,0
854,8411.3,8,0,1.34592,6.15429,0,0,0,7.50021,206,205,0,1,1.80238,1.80238,1125,362,0,580,0,0,0,0,0,2833,3522.63,1.01979,23.2045,427685,88,49831,1310,1244532,352,199324,5240,32,4,394911,773046,12637152,3092184,15729336,4,4,12,4,49,16,12,20,20,20260807,5,1,1,1,0,0,0,6267,0.261125,1,0.0015,0
855,8417.19,6,0,2.13313,3.6655,0,0,0,5.79863,206,206,0,1,1.80238,1.80238,1131,368,0,580,0,0,0,0,0,2833,3522.63,1.01979,23.2045,427685,88,49831,1310,1244532,352,199324,5240,32,4,394911,773046,12637152,3092184,15729336,4,4,12,4,49,16,12,20,20,20260807,5,1,1,1,0,0,0,6267,0.261125,1,0.0015,0
856,8427.95,10,0,1.4555,9.22833,0,0,0,10.6838,207,206,0,1,1.80238,1.80238,1131,368,0,580,0,0,0,0,0,2833,3522.63,1.01979,23.2045,427685,88,49831,1310,1244532,352,199324,5240,32,4,394911,773046,12637152,3092184,15729336,4,4,12,4,49,16,12,20,20,20260807,5,1,1,1,0,0,0,6267,0.261125,1,0.0015,0
857,8433.36,6,0,1.50446,3.76754,0,0,0,5.272,207,207,0,1,1.80238,1.80238,1137,372,0,580,0,0,0,0,0,2834,3524.4,1.76929,23.2045,427685,88,49831,1310,1244532,352,199324,5240,32,4,394911,773046,12637152,3092184,15729336,4,4,12,4,49,16,12,20,20,20260807,5,1,1,1,0,0,0,6267,0.261125,1,0.0015,0
858,8446.43,13,0,9.21671,3.76596,0,0,0,12.9827,208,207,0,1,1.80238,1.80238,1137,368,3,582,0,0,0,0,0,2839,3531.13,1.00221,23.2045,428479,88,49831,1314,1247219,352,199324,5256,32,4,395617,774450,12659744,3097800,15757544,4,4,12,4,49,16,12,20,20,20260807,5,1,1,1,0,0,0,6268,0.261167,1,0.0015,1
859,8454.36,8,0,3.94408,3.90679,0,0,0,7.85088,208,208,0,1,1.80238,1.80238,1143,373,0,584,0,0,0,0,0,2839,3531.13,1.00221,23.2045,428479,88,49831,1314,1247219,352,199324,5256,32,4,397614,777834,12723648,3111336,15834984,4,4,12,4,49,16,12,20,20,20260807,5,1,1,1,0,0,0,6268,0.261167,1,0.0015,0
860,8461.33,7,0,1.61671,5.27588,0,0,0,6.89258,208,208,0,1,1.80238,1.80238,1143,371,1,584,0,0,0,0,0,2841,3536.11,1.06417,23.2045,428636,88,49831,1326,1247725,352,199324,5304,32,4,397614,777834,12723648,3111336,15834984,4,4,12,4,49,16,12,20,20,20260807,5,1,1,1,0,0,0,6268,0.261167,1,0.0015,0
861,8466.79,4,0,1.66546,3.70438,0,0,0,5.36983,209,208,0,1,1.80238,1.80238,1143,368,1,587,0,0,0,0,0,2845,3540.07,0.952709,23.2045,429134,88,49831,1326,1249243,352,199324,5304,32,4,399686,781836,12789952,3127344,15917296,4,4,12,4,49,16,12,20,20,20260807,5,1,1,1,0,0,0,6268,0.261167,1,0.0015,0
862,8478.67,12,0,4.17413,7.62538,0,0,0,11.7995,209,209,0,1,1.80238,1.80238,1149,374,0,587,0,0,0,0,0,2845,3540.07,0.952709,23.2045,429134,88,49831,1326,1249243,352,199324,5304,32,4,399686,781836,12789952,3127344,15917296,4,4,12,4,49,16,12,20,20,20260807,5,1,1,1,0,0,0,6268,0.261167,1,0.0015,0
863,8484.54,6,0,2.08396,3.69929,0,0,0,5.78325,209,209,0,1,1.80238,1.80238,1149,367,1,592,0,0,0,0,0,2851,3546.29,1.44083,23.2045,430685,88,49831,1332,1253960,352,199324,5328,32,4,404427,791178,12941664,3164712,16106376,4,4,12,4,49,16,12,20,20,20260807,5,1,1,1,0,0,0,6268,0.261167,1,0.0015,0
864,8496.55,12,0,7.75563,4.17642,0,0,0,11.932,210,209,0,1,1.80238,1.80238,1149,362,4,594,0,0,0,0,0,2857,3553.16,0.994334,23.2045,431554,88,49831,1336,1256742,352,199324,5344,32,4,404990,792288,12959680,3169152,16128832,4,4,12,4,49,16,12,20,20,20260807,5,1,1,1,0,0,0,6269,0.261208,1,0.0015,1
865,8505.22,9,0,4.64958,3.93054,0,0,0,8.58013,210,210,0,1,1.80238,1.80238,1155,367,0,597,0,0,0,0,0,2857,3553.16,0.994334,23.2045,431554,88,49831,1336,1256742,352,199324,5344,32,4,407225,796416,13031200,3185664,16216864,4,4,12,4,49,16,12,20,20,20260807,5,1,1,1,0,0,0,6269,0.261208,1,0.0015,0
866,8513.19,8,0,3.70863,4.15383,0,0,0,7.86246,210,210,0,1,1.80238,1.80238,1155,362,2,600,0,0,0,0,0,2862,3558.19,1.04679,23.2045,432243,88,49831,1338,1259162,352,199324,5352,32,4,408143,798246,13060576,3192984,16253560,4,4,12,4,49,16,12,20,20,20260807,5,1,1,1,0,0,0,6269,0.261208,1,0.0015,0
867,8522.62,10,0,5.01842,4.32492,0,0,0,9.34333,211,211,0,1,1.80238,1.80238,1161,368,0,603,0,0,0,0,0,2863,3559.23,1.04575,23.2045,432377,88,49831,1338,1259522,352,199324,5352,32,4,410013,801366,13120416,3205464,16325880,4,4,12,4,49,16,12,20,20,20260807,5,1,1,1,0,0,0,6269,0.261208,1,0.0015,0
868,8528.45,6,0,1.46317,4.29204,0,0,0,5.75521,212,211,0,1,1.80238,1.80238,1161,368,0,603,0,0,0,0,0,2863,3559.23,1.04575,23.2045,432377,88,49831,1338,1259522,352,199324,5352,32,4,410013,801366,13120416,3205464,16325880,4,4,12,4,49,16,12,20,20,20260807,5,1,1,1,0,0,0,6269,0.261208,1,0.0015,0
869,8535.09,6,0,2.54038,4.01842,0,0,0,6.55879,212,212,0,1,1.80238,1.80238,1167,374,0,603,0,0,0,0,0,2863,3559.23,1.04575,23.2045,432377,88,49831,1338,1259522,352,199324,5352,32,4,410013,801366,13120416,3205464,16325880,4,4,12,4,49,16,12,20,20,20260807,5,1,1,1,0,0,0,6269,0.261208,1,0.0015,0
870,8544.71,10,0,1.56229,7.98417,0,0,0,9.54646,213,212,0,1,1.80238,1.80238,1167,374,0,603,0,0,0,0,0,2863,3559.23,1.04575,23.2045,432377,88,49831,1338,1259522,352,199324,5352,32,4,410013,801366,13120416,3205464,16325880,4,4,12,4,49,16,12,20,20,20260807,5,1,1,1,0,0,0,6270,0.26125,1,0.0015,1
871,8550.36,6,0,1.70404,3.86929,0,0,0,5.57333,213,213,0,1,1.80238,1.80238,1172,374,2,605,0,0,0,0,0,2867,3562.43,0.342083,23.2045,433433,88,49831,1344,1262669,352,199324,5376,32,4,411742,804816,13175744,3219264,16395008,4,4,12,4,49,16,12,20,20,20260807,5,1,1,1,0,0,0,6270,0.26125,1,0.0015,0
872,8562.93,12,0,8.85138,3.63512,0,0,0,12.4865,213,213,0,1,1.80238,1.80238,1172,368,4,608,0,0,0,0,0,2873,3569.61,0.567709,23.2045,434186,88,49831,1350,1264919,352,199324,5400,32,4,413249,807924,13223968,3231696,16455664,4,4,12,4,49,16,12,20,20,20260807,5,1,1,1,0,0,0,6270,0.26125,1,0.0015,0
873,8568.98,6,0,1.75983,4.20904,0,0,0,5.96887,214,213,0,1,1.80238,1.80238,1172,367,0,613,0,0,0,0,0,2875,3572.13,1.03075,23.2045,434391,88,49831,1350,1265485,352,199324,5400,32,4,416024,813522,13312768,3254088,16566856,4,4,12,4,49,16,12,20,20,20260807,5,1,1,1,0,0,0,6270,0.26125,1,0.0015,0
874,8578.73,10,0,2.35929,7.29983,0,0,0,9.65912,214,214,0,1,1.80238,1.80238,1178,373,0,613,0,0,0,0,0,2875,3572.13,1.03075,23.2045,434391,88,49831,1350,1265485,352,199324,5400,32,4,416024,813522,13312768,3254088,16566856,4,4,12,4,49,16,12,20,20,20260807,5,1,1,1,0,0,0,6270,0.26125,1,0.0015,0
875,8584.82,6,0,2.10792,3.89579,0,0,0,6.00371,214,214,0,1,1.80238,1.80238,1178,367,0,617,0,0,0,0,0,2880,3577.55,1.07933,23.2045,435127,88,49831,1354,1268104,352,199324,5416,32,4,418659,817962,13397088,3271848,16668936,4,4,12,4,49,16,12,20,20,20260807,5,1,1,1,0,0,0,6270,0.26125,1,0.0015,0
876,8596.71,12,0,7.46454,4.34029,0,0,0,11.8048,215,215,0,1,1.80238,1.80238,1184,372,0,618,0,0,0,0,0,2881,3578.76,1.21588,23.2045,435313,88,49831,1354,1268590,352,199324,5416,32,4,419145,819078,13412640,3276312,16688952,4,4,12,4,49,16,12,20,20,20260807,5,1,1,1,0,0,0,6271,0.261292,1,0.0015,1
877,8602.88,6,0,1.74542,4.34021,0,0,0,6.08563,215,215,0,1,1.80238,1.80238,1184,368,1,620,0,0,0,0,0,2886,3584.32,1.067,23.2045,435891,88,49831,1354,1270636,352,199324,5416,32,4,421017,822150,13472544,3288600,16761144,4,4,12,4,49,16,12,20,20,20260807,5,1,1,1,0,0,0,6271,0.261292,1,0.0015,0
878,8613.96,11,0,7.19283,3.80346,0,0,0,10.9963,216,216,0,1,1.80238,1.80238,1190,373,0,621,0,0,0,0,0,2887,3586.08,1.75925,23.2045,435891,88,49831,1354,1270636,352,199324,5416,32,4,421191,822546,13478112,3290184,16768296,4,4,12,4,49,16,12,20,20,20260807,5,1,1,1,0,0,0,6271,0.261292,1,0.0015,0
879,8620.04,6,0,1.88225,4.10463,0,0,0,5.98688,216,216,0,1,1.80238,1.80238,1190,370,0,623,0,0,0,0,0,2889,3588.86,1.4635,23.2045,436137,88,49831,1360,1271365,352,199324,5440,32,4,421944,824058,13502208,3296232,16798440,4,4,12,4,49,16,12,20,20,20260807,5,1,1,1,0,0,0,6271,0.261292,1,0.0015,0
880,8629.58,10,0,5.52517,3.91038,0,0,0,9.43554,217,216,0,1,1.80238,1.80238,1190,367,2,624,0,0,0,0,0,2893,3593.98,0.999792,23.2045,436661,88,49831,1360,1273235,352,199324,5440,32,4,423430,826290,13549760,3305160,16854920,4,4,12,4,49,16,12,20,20,20260807,5,1,1,1,0,0,0,6271,0.261292,1,0.0015,0
881,8636.12,7,0,2.38679,4.0685,0,0,0,6.45529,217,217,0,1,1.80238,1.80238,1196,373,0,625,0,0,0,0,0,2893,3593.98,0.999792,23.2045,436661,88,49831,1360,1273235,352,199324,5440,32,4,423814,827202,13562048,3308808,16870856,4,4,12,4,49,16,12,20,20,20260807,5,1,1,1,0,0,0,6271,0.261292,1,0.0015,0
882,8644.74,8,0,1.53533,7.0025,0,0,0,8.53783,217,217,0,1,1.80238,1.80238,1196,370,1,625,0,0,0,0,0,2895,3597.66,2.28504,23.2045,436863,88,49831,1364,1273879,352,199324,5456,32,4,423814,827202,13562048,3308808,16870856,4,4,12,4,49,16,12,20,20,20260807,5,1,1,1,0,0,0,6272,0.261333,1,0.0015,1
883,8650.46,6,0,1.83158,3.80092,0,0,0,5.6325,218,217,0,1,1.80238,1.80238,1196,367,0,629,0,0,0,0,0,2899,3601.38,1.02438,23.2045,437519,88,49831,1364,1276279,352,199324,5456,32,4,426874,832374,13659968,3329496,16989464,4,4,12,4,49,16,12,20,20,20260807,5,1,1,1,0,0,0,6272,0.261333,1,0.0015,0
884,8661.72,11,0,1.98729,9.18475,0,0,0,11.172,218,218,0,1,1.80238,1.80238,1202,373,0,629,0,0,0,0,0,2899,3601.38,1.02438,23.2045,437519,88,49831,1364,1276279,352,199324,5456,32,4,426874,832374,13659968,3329496,16989464,4,4,12,4,49,16,12,20,20,20260807,5,1,1,1,0,0,0,6272,0.261333,1,0.0015,0
885,8667.19,6,0,1.61179,3.77513,0,0,0,5.38692,218,218,0,1,1.80238,1.80238,1202,369,1,630,0,0,0,0,0,2902,3609.09,1.31617,23.2045,438241,88,49831,1372,1278394,352,199324,5488,32,4,427808,834066,13689856,3336264,17026120,4,4,12,4,49,16,12,20,20,20260807,5,1,1,1,0,0,0,6272,0.261333,1,0.0015,0
886,8682.79,15,0,11.7595,3.76133,0,0,0,15.5209,219,219,0,1,1.80238,1.80238,1208,373,1,633,0,0,0,0,0,2905,3614.11,1.03967,23.2045,439061,88,49831,1372,1281104,352,199324,5488,32,4,431731,841674,13815392,3366696,17182088,4,4,12,4,49,16,12,20,20,20260807,5,1,1,1,0,0,0,6272,0.261333,1,0.0015,0
887,8688.45,6,0,1.59246,3.98462,0,0,0,5.57708,220,219,0,1,1.80238,1.80238,1208,373,0,633,0,0,0,0,0,2905,3614.11,1.03967,23.2045,439061,88,49831,1372,1281104,352,199324,5488,32,4,431731,841674,13815392,3366696,17182088,4,4,12,4,49,16,12,20,20,20260807,5,1,1,1,0,0,0,6273,0.261375,1,0.0015,1
888,8696.37,8,0,3.98079,3.85708,0,0,0,7.83788,220,220,0,1,1.80238,1.80238,1214,379,0,633,0,0,0,0,0,2905,3614.11,1.03967,23.2045,439061,88,49831,1372,1281104,352,199324,5488,32,4,431731,841674,13815392,3366696,17182088,4,4,12,4,49,16,12,20,20,20260807,5,1,1,1,0,0,0,6273,0.261375,1,0.0015,0
889,8711.42,15,0,1.62037,13.3448,0,0,0,14.9652,221,220,0,1,1.80238,1.80238,1214,379,0,633,0,0,0,0,0,2905,3614.11,1.03967,23.2045,439061,88,49831,1372,1281104,352,199324,5488,32,4,431731,841674,13815392,3366696,17182088,4,4,12,4,49,16,12,20,20,20260807,5,1,1,1,0,0,0,6273,0.261375,1,0.0015,0
890,8717.12,6,0,2.02267,3.59083,0,0,0,5.6135,221,221,0,1,1.80238,1.80238,1220,378,1,638,0,0,0,0,0,2911,3620.46,1.39017,23.2045,440714,88,49831,1378,1285972,352,199324,5512,32,4,435698,849624,13942336,3398496,17340832,4,4,12,4,49,16,12,20,20,20260807,5,1,1,1,0,0,0,6273,0.261375,1,0.0015,0
891,8729.66,12,0,8.76254,3.69817,0,0,0,12.4607,222,221,0,1,1.80238,1.80238,1220,373,4,641,0,0,0,0,0,2917,3628.41,1.07337,23.2045,442598,88,49831,1384,1291906,352,199324,5536,32,4,437756,854112,14008192,3416448,17424640,4,4,12,4,49,16,12,20,20,20260807,5,1,1,1,0,0,0,6273,0.261375,1,0.0015,0
892,8735.43,6,0,1.954,3.73675,0,0,0,5.69075,222,221,0,1,1.80238,1.80238,1220,373,0,645,0,0,0,0,0,2917,3628.41,1.07337,23.2045,442598,88,49831,1384,1291906,352,199324,5536,32,4,442581,862968,14162592,3451872,17614464,4,4,12,4,49,16,12,20,20,20260807,5,1,1,1,0,0,0,6273,0.261375,1,0.0015,0
893,8744.83,9,0,3.45467,5.87046,0,0,0,9.32512,222,222,0,1,1.80238,1.80238,1226,379,0,645,0,0,0,0,0,2917,3628.41,1.07337,23.2045,442598,88,49831,1384,1291906,352,199324,5536,32,4,442581,862968,14162592,3451872,17614464,4,4,12,4,49,16,12,20,20,20260807,5,1,1,1,0,0,0,6274,0.261417,1,0.0015,1
894,8750.49,6,0,1.82829,3.71204,0,0,0,5.54033,222,222,0,1,1.80238,1.80238,1226,374,1,649,0,0,0,0,0,2922,3634.12,1.08404,23.2045,443571,88,49831,1390,1294686,352,199324,5560,32,4,445194,868356,14246208,3473424,17719632,4,4,12,4,49,16,12,20,20,20260807,5,1,1,1,0,0,0,6274,0.261417,1,0.0015,0
895,8763.35,13,0,9.01317,3.77729,0,0,0,12.7905,223,223,0,1,1.80238,1.80238,1232,379,1,650,0,0,0,0,0,2923,3637.46,3.33304,23.2045,443938,88,49831,1390,1295745,352,199324,5560,32,4,445385,868842,14252320,3475368,17727688,4,4,12,4,49,16,12,20,20,20260807,5,1,1,1,0,0,0,6274,0.261417,1,0.0015,0
896,8770.03,6,0,2.10817,4.48571,0,0,0,6.59387,224,223,0,1,1.80238,1.80238,1232,379,0,651,0,0,0,0,0,2923,3637.46,3.33304,23.2045,443938,88,49831,1390,1295745,352,199324,5560,32,4,446444,871044,14286208,3484176,17770384,4,4,12,4,49,16,12,20,20,20260807,5,1,1,1,0,0,0,6274,0.261417,1,0.0015,0
897,8778.02,8,0,1.83279,6.07792,0,0,0,7.91071,224,224,0,1,1.80238,1.80238,1238,385,0,651,0,0,0,0,0,2923,3637.46,3.33304,23.2045,443938,88,49831,1390,1295745,352,199324,5560,32,4,446444,871044,14286208,3484176,17770384,4,4,12,4,49,16,12,20,20,20260807,5,1,1,1,0,0,0,6274,0.261417,1,0.0015,0
898,8785.57,8,0,3.65217,3.81087,0,0,0,7.46304,225,225,0,1,1.80238,1.80238,1243,390,0,651,0,0,0,0,0,2923,3637.46,3.33304,23.2045,443938,88,49831,1390,1295745,352,199324,5560,32,4,446444,871044,14286208,3484176,17770384,4,4,12,4,49,16,12,20,20,20260807,5,1,1,1,0,0,0,6274,0.261417,1,0.0015,0
899,8796.44,11,0,6.70708,4.08058,0,0,0,10.7877,225,225,0,1,1.80238,1.80238,1243,384,4,652,0,0,0,0,0,2928,3644.49,1.66304,23.2045,445202,88,49831,1398,1299598,352,199324,5592,32,4,447147,872664,14308704,3490656,17799360,4,4,12,4,49,16,12,20,20,20260807,5,1,1,1,0,0,0,6275,0.261458,1,0.0015,1
900,8802.75,6,0,2.11292,4.12054,0,0,0,6.23346,225,225,0,1,1.80238,1.80238,1243,381,0,657,0,0,0,0,0,2931,3647.85,1.0315,23.2045,445481,88,49831,1398,1300358,352,199324,5592,32,4,451089,880350,14434848,3521400,17956248,4,4,12,4,49,16,12,20,20,20260807,5,1,1,1,0,0,0,6275,0.261458,1,0.0015,0
901,8812.74,10,0,6.30071,3.60012,0,0,0,9.90083,226,225,0,1,1.80238,1.80238,1243,378,1,660,0,0,0,0,0,2935,3652.27,1.02575,23.2045,447093,88,49831,1404,1305397,352,199324,5616,32,4,455923,889560,14589536,3558240,18147776,4,4,12,4,49,16,12,20,20,20260807,5,1,1,1,0,0,0,6275,0.261458,1,0.0015,0
902,8820.05,7,0,3.15829,4.07125,0,0,0,7.22954,226,226,0,1,1.80238,1.80238,1249,384,0,661,0,0,0,0,0,2935,3652.27,1.02575,23.2045,447093,88,49831,1404,1305397,352,199324,5616,32,4,456152,890058,14596864,3560232,18157096,4,4,12,4,49,16,12,20,20,20260807,5,1,1,1,0,0,0,6275,0.261458,1,0.0015,0
903,8829.4,10,0,5.57662,3.69367,0,0,0,9.27029,226,226,0,1,1.80238,1.80238,1249,378,3,663,0,0,0,0,0,2940,3658.14,1.03483,23.2045,448069,88,49831,1408,1308720,352,199324,5632,32,4,457082,892014,14626624,3568056,18194680,4,4,12,4,49,16,12,20,20,20260807,5,1,1,1,0,0,0,6275,0.261458,1,0.0015,0
904,8835.02,5,0,1.80412,3.74337,0,0,0,5.5475,227,226,0,1,1.80238,1.80238,1249,378,0,667,0,0,0,0,0,2941,3659.57,1.42929,23.2045,448192,88,49831,1408,1309024,352,199324,5632,32,4,459795,896676,14713440,3586704,18300144,4,4,12,4,49,16,12,20,20,20260807,5,1,1,1,0,0,0,6275,0.261458,1,0.0015,0
905,8844.83,10,0,3.31958,6.40996,0,0,0,9.72954,227,227,0,1,1.80238,1.80238,1255,384,0,667,0,0,0,0,0,2941,3659.57,1.42929,23.2045,448192,88,49831,1408,1309024,352,199324,5632,32,4,459795,896676,14713440,3586704,18300144,4,4,12,4,49,16,12,20,20,20260807,5,1,1,1,0,0,0,6276,0.2615,1,0.0015,1
906,8850.38,6,0,1.84617,3.61292,0,0,0,5.45908,227,227,0,1,1.80238,1.80238,1255,380,0,671,0,0,0,0,0,2945,3664.01,0.33725,23.2045,448867,88,49831,1410,1311106,352,199324,5640,32,4,461885,900738,14780320,3602952,18383272,4,4,12,4,49,16,12,20,20,20260807,5,1,1,1,0,0,0,6276,0.2615,1,0.0015,0
907,8861.7,11,0,1.64025,9.61017,0,0,0,11.2504,227,227,0,1,1.80238,1.80238,1255,378,0,671,0,0,0,0,0,2946,3665.46,1.44988,23.2045,448867,88,49831,1410,1311106,352,199324,5640,32,4,461885,900738,14780320,3602952,18383272,4,4,12,4,49,16,12,20,20,20260807,5,1,1,1,0,0,0,6276,0.2615,1,0.0015,0
908,8867.79,6,0,2.28329,3.69767,0,0,0,5.98096,228,228,0,1,1.80238,1.80238,1261,384,0,671,0,0,0,0,0,2947,3666.95,1.48454,23.2045,448867,88,49831,1410,1311106,352,199324,5640,32,4,461885,900738,14780320,3602952,18383272,4,4,12,4,49,16,12,20,20,20260807,5,1,1,1,0,0,0,6276,0.2615,1,0.0015,0
909,8879.6,12,0,7.81325,3.92725,0,0,0,11.7405,228,228,0,1,1.80238,1.80238,1261,378,4,672,0,0,0,0,0,2952,3674.56,1.47342,23.2045,450043,88,49831,1418,1314861,352,199324,5672,32,4,461993,900984,14783776,3603936,18387712,4,4,12,4,49,16,12,20,20,20260807,5,1,1,1,0,0,0,6276,0.2615,1,0.0015,0
910,8886.25,7,0,2.48,4.07571,0,0,0,6.55571,229,228,0,1,1.80238,1.80238,1261,378,0,677,0,0,0,0,0,2953,3676.22,1.65608,23.2045,450356,88,49831,1418,1315712,352,199324,5672,32,4,466523,909720,14928736,3638880,18567616,4,4,12,4,49,16,12,20,20,20260807,5,1,1,1,0,0,0,6276,0.2615,1,0.0015,0
911,8894.57,8,0,1.95454,6.2945,0,0,0,8.24904,229,229,0,1,1.80238,1.80238,1267,384,0,677,0,0,0,0,0,2953,3676.22,1.65608,23.2045,450356,88,49831,1418,1315712,352,199324,5672,32,4,466523,909720,14928736,3638880,18567616,4,4,12,4,49,16,12,20,20,20260807,5,1,1,1,0,0,0,6277,0.261542,1,0.0015,1
912,8901.19,7,0,2.61383,3.92246,0,0,0,6.53629,229,229,0,1,1.80238,1.80238,1267,379,1,680,0,0,0,0,0,2957,3681.62,0.430166,23.2045,451178,88,49831,1422,1318320,352,199324,5688,32,4,468339,913464,14986848,3653856,18640704,4,4,12,4,49,16,12,20,20,20260807,5,1,1,1,0,0,0,6277,0.261542,1,0.0015,0
913,8912.79,11,0,7.86538,3.65371,0,0,0,11.5191,230,230,0,1,1.80238,1.80238,1273,383,0,681,0,0,0,0,0,2959,3683.71,1.00708,23.2045,451178,88,49831,1422,1318320,352,199324,5688,32,4,469147,914676,15012704,3658704,18671408,4,4,12,4,49,16,12,20,20,20260807,5,1,1,1,0,0,0,6277,0.261542,1,0.0015,0
914,8919.17,7,0,2.05579,4.24358,0,0,0,6.29938,230,230,0,1,1.80238,1.80238,1273,379,1,685,0,0,0,0,0,2964,3688.61,1.07717,23.2045,452024,88,49831,1432,1321066,352,199324,5728,32,4,471484,918792,15087488,3675168,18762656,4,4,12,4,49,16,12,20,20,20260807,5,1,1,1,0,0,0,6277,0.261542,1,0.0015,0
915,8931.49,12,0,8.45042,3.77992,0,0,0,12.2303,231,231,0,1,1.80238,1.80238,1279,384,0,687,0,0,0,0,0,2965,3690.21,1.60283,23.2045,452031,88,49831,1432,1321083,352,199324,5728,32,4,471950,919854,15102400,3679416,18781816,4,4,12,4,49,16,12,20,20,20260807,5,1,1,1,0,0,0,6277,0.261542,1,0.0015,0
916,8938.13,7,0,2.18575,4.36258,0,0,0,6.54833,231,231,0,1,1.80238,1.80238,1279,381,1,688,0,0,0,0,0,2967,3694.06,2.22025,23.2045,452636,88,49831,1442,1322856,352,199324,5768,32,4,472621,921258,15123872,3685032,18808904,4,4,12,4,49,16,12,20,20,20260807,5,1,1,1,0,0,0,6277,0.261542,1,0.0015,0
917,8946.85,8,0,4.28812,4.3595,0,0,0,8.64762,232,231,0,1,1.80238,1.80238,1279,378,2,691,0,0,0,0,0,2971,3699.26,1.01963,23.2045,453098,88,49831,1442,1324444,352,199324,5768,32,4,474945,925422,15198240,3701688,18899928,4,4,12,4,49,16,12,20,20,20260807,5,1,1,1,0,0,0,6278,0.261583,1,0.0015,1
918,8955.89,9,0,4.77492,4.17696,0,0,0,8.95187,233,232,0,1,1.80238,1.80238,1285,384,0,692,0,0,0,0,0,2971,3699.26,1.01963,23.2045,453098,88,49831,1442,1324444,352,199324,5768,32,4,475351,926316,15211232,3705264,18916496,4,4,12,4,49,16,12,20,20,20260807,5,1,1,1,0,0,0,6278,0.261583,1,0.0015,0
919,8964.45,9,0,4.85917,3.62192,0,0,0,8.48108,233,233,0,1,1.80238,1.80238,1291,390,0,692,0,0,0,0,0,2971,3699.26,1.01963,23.2045,453098,88,49831,1442,1324444,352,199324,5768,32,4,475351,926316,15211232,3705264,18916496,4,4,12,4,49,16,12,20,20,20260807,5,1,1,1,0,0,0,6278,0.261583,1,0.0015,0
920,8978.06,13,0,1.55392,11.9831,0,0,0,13.537,234,233,0,1,1.80238,1.80238,1291,390,0,692,0,0,0,0,0,2971,3699.26,1.01963,23.2045,453098,88,49831,1442,1324444,352,199324,5768,32,4,475351,926316,15211232,3705264,18916496,4,4,12,4,49,16,12,20,20,20260807,5,1,1,1,0,0,0,6278,0.261583,1,0.0015,0
921,8983.7,6,0,1.88437,3.681,0,0,0,5.56538,234,234,0,1,1.80238,1.80238,1297,391,1,695,0,0,0,0,0,2975,3703.68,0.564708,23.2045,454191,88,49831,1452,1327809,352,199324,5808,32,4,477394,930696,15276608,3722784,18999392,4,4,12,4,49,16,12,20,20,20260807,5,1,1,1,0,0,0,6278,0.261583,1,0.0015,0
922,8996.71,13,0,8.91033,3.99446,0,0,0,12.9048,235,235,0,1,1.80238,1.80238,1303,396,0,698,0,0,0,0,0,2977,3705.92,1.14637,23.2045,454593,88,49831,1452,1328902,352,199324,5808,32,4,479849,935346,15355168,3741384,19096552,4,4,12,4,49,16,12,20,20,20260807,5,1,1,1,0,0,0,6279,0.261625,1,0.0015,1
923,9003.04,6,0,2.00879,4.22946,0,0,0,6.23825,235,235,0,1,1.80238,1.80238,1303,391,1,701,0,0,0,0,0,2981,3709.95,0.742792,23.2045,455898,88,49831,1454,1333204,352,199324,5816,32,4,481495,938826,15407840,3755304,19163144,4,4,12,4,49,16,12,20,20,20260807,5,1,1,1,0,0,0,6279,0.261625,1,0.0015,0
924,9014.77,12,0,7.8715,3.77954,0,0,0,11.651,236,236,0,1,1.80238,1.80238,1309,396,0,704,0,0,0,0,0,2983,3712.23,1.18237,23.2045,456260,88,49831,1454,1334190,352,199324,5816,32,4,485145,945360,15524640,3781440,19306080,4,4,12,4,49,16,12,20,20,20260807,5,1,1,1,0,0,0,6279,0.261625,1,0.0015,0
925,9020.97,6,0,1.84975,4.273,0,0,0,6.12275,236,236,0,1,1.80238,1.80238,1309,391,2,706,0,0,0,0,0,2987,3716.19,0.59325,23.2045,457638,88,49831,1454,1338526,352,199324,5816,32,4,486354,948036,15563328,3792144,19355472,4,4,12,4,49,16,12,20,20,20260807,5,1,1,1,0,0,0,6279,0.261625,1,0.0015,0
926,9032.86,12,0,8.11204,3.70083,0,0,0,11.8129,237,237,0,1,1.80238,1.80238,1315,396,0,710,0,0,0,0,0,2989,3718.67,1.16592,23.2045,457885,88,49831,1454,1339194,352,199324,5816,32,4,490149,955110,15684768,3820440,19505208,4,4,12,4,49,16,12,20,20,20260807,5,1,1,1,0,0,0,6279,0.261625,1,0.0015,0
927,9040.78,8,0,4.39396,3.456,0,0,0,7.84996,238,238,0,1,1.80238,1.80238,1320,401,0,710,0,0,0,0,0,2989,3718.67,1.16592,23.2045,457885,88,49831,1454,1339194,352,199324,5816,32,4,490149,955110,15684768,3820440,19505208,4,4,12,4,49,16,12,20,20,20260807,5,1,1,1,0,0,0,6280,0.261667,1,0.0015,1
928,9047.76,7,0,1.59046,5.32242,0,0,0,6.91287,239,238,0,1,1.80238,1.80238,1320,401,0,710,0,0,0,0,0,2989,3718.67,1.16592,23.2045,457885,88,49831,1454,1339194,352,199324,5816,32,4,490149,955110,15684768,3820440,19505208,4,4,12,4,49,16,12,20,20,20260807,5,1,1,1,0,0,0,6280,0.261667,1,0.0015,0
929,9061.86,14,0,1.55592,12.468,0,0,0,14.0239,239,239,0,1,1.80238,1.80238,1325,405,0,710,0,0,0,0,0,2989,3718.67,1.16592,23.2045,457885,88,49831,1454,1339194,352,199324,5816,32,4,490149,955110,15684768,3820440,19505208,4,4,12,4,49,16,12,20,20,20260807,5,1,1,1,0,0,0,6280,0.261667,1,0.0015,0
930,9067.79,6,0,2.19738,3.655,0,0,0,5.85238,240,239,0,1,1.80238,1.80238,1325,400,0,715,0,0,0,0,0,2995,3724.94,1.28521,23.2045,458819,88,49831,1466,1342479,352,199324,5864,32,4,493482,960786,15791424,3843144,19634568,4,4,12,4,49,16,12,20,20,20260807,5,1,1,1,0,0,0,6280,0.261667,1,0.0015,0
931,9078.39,11,0,1.89983,8.62054,0,0,0,10.5204,240,240,0,1,1.80238,1.80238,1331,405,0,715,0,0,0,0,0,2995,3724.94,1.28521,23.2045,458819,88,49831,1466,1342479,352,199324,5864,32,4,493482,960786,15791424,3843144,19634568,4,4,12,4,49,16,12,20,20,20260807,5,1,1,1,0,0,0,6280,0.261667,1,0.0015,0
932,9084.52,6,0,2.19096,3.86279,0,0,0,6.05375,240,240,0,1,1.80238,1.80238,1331,400,0,719,0,0,0,0,0,3000,3731.12,1.33646,23.2045,459953,88,49831,1476,1346089,352,199324,5904,32,4,497132,967650,15908224,3870600,19778824,4,4,12,4,49,16,12,20,20,20260807,5,1,1,1,0,0,0,6280,0.261667,1,0.0015,0
933,9096.67,12,0,7.84312,4.23813,0,0,0,12.0813,241,241,0,1,1.80238,1.80238,1337,405,0,720,0,0,0,0,0,3001,3734.48,3.35971,23.2045,460201,88,49831,1476,1346766,352,199324,5904,32,4,497809,969138,15929888,3876552,19806440,4,4,12,4,49,16,12,20,20,20260807,5,1,1,1,0,0,0,6281,0.261708,1,0.0015,1
934,9102.65,6,0,1.90254,3.98879,0,0,0,5.89133,241,241,0,1,1.80238,1.80238,1337,401,1,723,0,0,0,0,0,3005,3738.89,0.6135,23.2045,461433,88,49831,1488,1350649,352,199324,5952,32,4,499771,973500,15992672,3894000,19886672,4,4,12,4,49,16,12,20,20,20260807,5,1,1,1,0,0,0,6281,0.261708,1,0.0015,0
935,9112.76,10,0,6.36246,3.66458,0,0,0,10.027,242,241,0,1,1.80238,1.80238,1337,400,1,725,0,0,0,0,0,3007,3742.55,1.73308,23.2045,461615,88,49831,1488,1351154,352,199324,5952,32,4,501831,976812,16058592,3907248,19965840,4,4,12,4,49,16,12,20,20,20260807,5,1,1,1,0,0,0,6281,0.261708,1,0.0015,0
936,9120.9,8,0,4.273,3.75417,0,0,0,8.02717,242,242,0,1,1.80238,1.80238,1343,405,0,726,0,0,0,0,0,3007,3742.55,1.73308,23.2045,461615,88,49831,1488,1351154,352,199324,5952,32,4,502245,977694,16071840,3910776,19982616,4,4,12,4,49,16,12,20,20,20260807,5,1,1,1,0,0,0,6281,0.261708,1,0.0015,0
937,9129.56,9,0,4.88733,3.68038,0,0,0,8.56771,242,242,0,1,1.80238,1.80238,1343,400,2,729,0,0,0,0,0,3012,3747.49,1.29713,23.2045,462813,88,49831,1498,1354898,352,199324,5992,32,4,504701,982926,16150432,3931704,20082136,4,4,12,4,49,16,12,20,20,20260807,5,1,1,1,0,0,0,6281,0.261708,1,0.0015,0
938,9135.23,6,0,1.89008,3.70246,0,0,0,5.59254,242,242,0,1,1.80238,1.80238,1343,398,0,732,0,0,0,0,0,3014,3751.62,1.85625,23.2045,463209,88,49831,1498,1355973,352,199324,5992,32,4,507104,987318,16227328,3949272,20176600,4,4,12,4,49,16,12,20,20,20260807,5,1,1,1,0,0,0,6281,0.261708,1,0.0015,0
939,9146.28,11,0,7.13567,3.8285,0,0,0,10.9642,243,242,0,1,1.80238,1.80238,1343,394,3,734,0,0,0,0,0,3019,3758.33,1.02388,23.2045,464447,112,49831,1500,1359740,448,199324,6000,32,4,508171,989634,16261472,3958536,20220008,4,4,12,4,49,16,12,20,20,20260807,5,1,1,1,0,0,0,6282,0.26175,1,0.0015,1
940,9154.88,8,0,4.37838,4.13971,0,0,0,8.51808,243,243,0,1,1.80238,1.80238,1349,399,0,737,0,0,0,0,0,3019,3758.33,1.02388,23.2045,464447,112,49831,1500,1359740,448,199324,6000,32,4,510975,994902,16351200,3979608,20330808,4,4,12,4,49,16,12,20,20,20260807,5,1,1,1,0,0,0,6282,0.26175,1,0.0015,0
941,9162.86,8,0,4.12604,3.77838,0,0,0,7.90442,243,243,0,1,1.80238,1.80238,1349,396,1,739,0,0,0,0,0,3022,3763.74,1.69771,23.2045,465038,112,49831,1500,1361359,448,199324,6000,32,4,512332,997890,16394624,3991560,20386184,4,4,12,4,49,16,12,20,20,20260807,5,1,1,1,0,0,0,6282,0.26175,1,0.0015,0
942,9168.72,6,0,1.88783,3.896,0,0,0,5.78383,244,243,0,1,1.80238,1.80238,1349,394,1,742,0,0,0,0,0,3025,3768.01,1.41767,23.2045,465616,112,49831,1506,1363363,448,199324,6024,32,4,514544,1001766,16465408,4007064,20472472,4,4,12,4,49,16,12,20,20,20260807,5,1,1,1,0,0,0,6282,0.26175,1,0.0015,0
943,9180.03,11,0,7.24904,3.97871,0,0,0,11.2278,244,244,0,1,1.80238,1.80238,1355,399,0,743,0,0,0,0,0,3025,3768.01,1.41767,23.2045,465616,112,49831,1506,1363363,448,199324,6024,32,4,514622,1001952,16467904,4007808,20475712,4,4,12,4,49,16,12,20,20,20260807,5,1,1,1,0,0,0,6282,0.26175,1,0.0015,0
944,9186.24,7,0,1.96071,4.17087,0,0,0,6.13158,244,244,0,1,1.80238,1.80238,1355,396,2,745,0,0,0,0,0,3029,3773,0.403875,23.2045,466678,112,49831,1514,1366951,448,199324,6056,32,4,517854,1007790,16571328,4031160,20602488,4,4,12,4,49,16,12,20,20,20260807,5,1,1,1,0,0,0,6282,0.26175,1,0.0015,0
945,9196.08,9,0,6.13642,3.62308,0,0,0,9.7595,244,244,0,1,1.80238,1.80238,1355,391,3,747,0,0,0,0,0,3033,3777.9,1.14888,23.2045,467192,112,49831,1514,1368317,448,199324,6056,32,4,519246,1010628,16615872,4042512,20658384,4,4,12,4,49,16,12,20,20,20260807,5,1,1,1,0,0,0,6283,0.261792,1,0.0015,1
946,9201.89,6,0,2.1115,3.61713,0,0,0,5.72863,244,244,0,1,1.80238,1.80238,1355,388,1,752,0,0,0,0,0,3037,3782.92,1.03529,23.2045,468276,112,49831,1526,1371884,448,199324,6104,32,4,523052,1017660,16737664,4070640,20808304,4,4,12,4,49,16,12,20,20,20260807,5,1,1,1,0,0,0,6283,0.261792,1,0.0015,0
947,9215.4,14,0,9.84892,3.58283,0,0,0,13.4317,245,245,0,1,1.80238,1.80238,1361,392,0,753,2,0,0,0,0,3037,3782.92,1.03529,23.2045,468276,112,49831,1526,1371884,448,199324,6104,32,4,523223,1018032,16743136,4072128,20815264,4,4,12,4,49,16,12,20,20,20260807,5,1,1,1,0,0,0,6283,0.261792,1,0.0015,0
948,9223.63,8,0,4.36683,3.78783,0,0,0,8.15467,245,245,0,1,1.80238,1.80238,1361,389,1,756,0,0,0,0,0,3041,3788.17,2.02404,23.2045,469970,116,49831,1532,1377386,464,199324,6128,32,4,527658,1025754,16885056,4103016,20988072,4,4,12,4,49,16,12,20,20,20260807,5,1,1,1,0,0,0,6283,0.261792,1,0.0015,0
949,9246.6,23,0,19.0681,3.82483,0,0,0,22.8929,246,246,0,1,1.80238,1.80238,1367,387,8,758,0,0,0,0,0,3050,3799.26,1.21275,23.2045,472678,140,49831,1546,1385397,560,199324,6184,32,4,529242,1029294,16935744,4117176,21052920,4,4,12,4,49,16,12,20,20,20260807,5,1,1,1,0,0,0,6283,0.261792,1,0.0015,0
950,9263.57,17,0,12.9033,3.96033,0,0,0,16.8637,247,247,0,1,1.80238,1.80238,1373,389,3,765,0,0,0,0,0,3053,3803.14,1.68467,23.2045,473695,140,49831,1548,1388280,560,199324,6192,32,4,536604,1044636,17171328,4178544,21349872,4,4,12,4,49,16,12,20,20,20260807,5,1,1,1,0,0,0,6284,0.261833,1,0.0015,1
951,9270.3,7,0,2.54329,4.109,0,0,0,6.65229,247,247,0,1,1.80238,1.80238,1373,387,1,769,0,0,0,0,0,3055,3806.89,0.491333,23.2045,474295,140,49831,1558,1390195,560,199324,6232,32,4,540855,1053102,17307360,4212408,21519768,4,4,12,4,49,16,12,20,20,20260807,5,1,1,1,0,0,0,6284,0.261833,1,0.0015,0
952,9284,13,0,9.02654,4.58763,0,0,0,13.6142,248,248,0,1,1.80238,1.80238,1379,392,0,772,0,0,0,0,0,3057,3811.01,2.26621,23.2045,474765,140,49831,1558,1391463,560,199324,6232,32,4,543042,1057326,17377344,4229304,21606648,4,4,12,4,49,16,12,20,20,20260807,5,1,1,1,0,0,0,6284,0.261833,1,0.0015,0
953,9289.77,6,0,2.05725,3.63088,0,0,0,5.68813,248,248,0,1,1.80238,1.80238,1379,388,1,774,0,0,0,0,0,3060,3814.98,1.64621,23.2045,475469,140,49831,1562,1393427,560,199324,6248,32,4,544667,1060794,17429344,4243176,21672520,4,4,12,4,49,16,12,20,20,20260807,5,1,1,1,0,0,0,6285,0.261875,1,0.0015,1
954,9296.46,7,0,2.39508,4.20033,0,0,0,6.59542,249,248,0,1,1.80238,1.80238,1379,386,1,776,0,0,0,0,0,3063,3818.49,1.21725,23.2045,475688,140,49831,1562,1394303,560,199324,6248,32,4,545898,1062888,17468736,4251552,21720288,4,4,12,4,49,16,12,20,20,20260807,5,1,1,1,0,0,0,6285,0.261875,1,0.0015,0
955,9304.51,8,0,3.73317,4.2385,0,0,0,7.97167,250,249,0,1,1.80238,1.80238,1385,392,0,776,0,0,0,0,0,3063,3818.49,1.21725,23.2045,475688,140,49831,1562,1394303,560,199324,6248,32,4,545898,1062888,17468736,4251552,21720288,4,4,12,4,49,16,12,20,20,20260807,5,1,1,1,0,0,0,6285,0.261875,1,0.0015,0
956,9313.6,9,0,5.30367,3.71158,0,0,0,9.01525,251,250,0,1,1.80238,1.80238,1391,398,0,776,0,0,0,0,0,3063,3818.49,1.21725,23.2045,475688,140,49831,1562,1394303,560,199324,6248,32,4,545898,1062888,17468736,4251552,21720288,4,4,12,4,49,16,12,20,20,20260807,5,1,1,1,0,0,0,6285,0.261875,1,0.0015,0
957,9322.1,9,0,4.81396,3.61021,0,0,0,8.42417,251,251,0,1,1.80238,1.80238,1397,404,0,776,0,0,0,0,0,3063,3818.49,1.21725,23.2045,475688,140,49831,1562,1394303,560,199324,6248,32,4,545898,1062888,17468736,4251552,21720288,4,4,12,4,49,16,12,20,20,20260807,5,1,1,1,0,0,0,6285,0.261875,1,0.0015,0
958,9329.94,7,0,3.56392,4.20242,0,0,0,7.76633,251,251,0,1,1.80238,1.80238,1397,399,3,778,0,0,0,0,0,3068,3823.83,1.086,23.2045,476622,140,49831,1562,1397441,560,199324,6248,32,4,546488,1064124,17487616,4256496,21744112,4,4,12,4,49,16,12,20,20,20260807,5,1,1,1,0,0,0,6285,0.261875,1,0.0015,0
959,9336.49,7,0,2.2885,4.17517,0,0,0,6.46367,252,251,0,1,1.80238,1.80238,1397,398,0,782,0,0,0,0,0,3069,3824.92,1.09217,23.2045,476688,140,49831,1562,1397617,560,199324,6248,32,4,549212,1068888,17574784,4275552,21850336,4,4,12,4,49,16,12,20,20,20260807,5,1,1,1,0,0,0,6285,0.261875,1,0.0015,0
960,9344.64,8,0,2.47333,5.59938,0,0,0,8.07271,252,252,0,1,1.80238,1.80238,1403,403,0,782,0,0,0,0,0,3069,3824.92,1.09217,23.2045,476688,140,49831,1562,1397617,560,199324,6248,32,4,549212,1068888,17574784,4275552,21850336,4,4,12,4,49,16,12,20,20,20260807,5,1,1,1,0,0,0,6286,0.261917,1,0.0015,1
961,9350.68,6,0,1.92621,4.02825,0,0,0,5.95446,252,252,0,1,1.80238,1.80238,1403,400,1,785,0,0,0,0,0,3073,3830.65,0.761625,23.2045,477634,140,49831,1572,1400580,560,199324,6288,32,4,550625,1071972,17620000,4287888,21907888,4,4,12,4,49,16,12,20,20,20260807,5,1,1,1,0,0,0,6286,0.261917,1,0.0015,0
962,9365.08,15,0,10.618,3.70446,0,0,0,14.3225,253,253,0,1,1.80238,1.80238,1409,404,1,787,0,0,0,0,0,3075,3834.95,2.728,23.2045,477720,140,49831,1572,1400813,560,199324,6288,32,4,552295,1074816,17673440,4299264,21972704,4,4,12,4,49,16,12,20,20,20260807,5,1,1,1,0,0,0,6286,0.261917,1,0.0015,0
963,9371.42,6,0,1.88129,4.37104,0,0,0,6.25233,253,253,0,1,1.80238,1.80238,1409,399,2,788,0,0,0,0,0,3079,3839.07,0.768667,23.2045,478307,140,49831,1578,1402952,560,199324,6312,32,4,552448,1075140,17678336,4300560,21978896,4,4,12,4,49,16,12,20,20,20260807,5,1,1,1,0,0,0,6286,0.261917,1,0.0015,0
964,9379.96,8,0,4.42079,4.01762,0,0,0,8.43842,254,253,0,1,1.80238,1.80238,1409,398,1,791,0,0,0,0,0,3081,3842.43,1.46925,23.2045,478611,140,49831,1578,1403778,560,199324,6312,32,4,554677,1078860,17749664,4315440,22065104,4,4,12,4,49,16,12,20,20,20260807,5,1,1,1,0,0,0,6286,0.261917,1,0.0015,0
965,9388.04,8,0,3.53408,4.46263,0,0,0,7.99671,254,254,0,1,1.80238,1.80238,1415,404,0,792,0,0,0,0,0,3081,3842.43,1.46925,23.2045,478611,140,49831,1578,1403778,560,199324,6312,32,4,555437,1080522,17773984,4322088,22096072,4,4,12,4,49,16,12,20,20,20260807,5,1,1,1,0,0,0,6286,0.261917,1,0.0015,0
966,9397.07,9,0,4.45033,4.48871,0,0,0,8.93904,255,255,0,1,1.80238,1.80238,1420,409,0,792,0,0,0,0,0,3081,3842.43,1.46925,23.2045,478611,140,49831,1578,1403778,560,199324,6312,32,4,555437,1080522,17773984,4322088,22096072,4,4,12,4,49,16,12,20,20,20260807,5,1,1,1,0,0,0,6287,0.261958,1,0.0015,1
967,9405.45,9,0,4.08529,4.22017,0,0,0,8.30546,256,256,0,1,1.80238,1.80238,1425,414,0,792,0,0,0,0,0,3081,3842.43,1.46925,23.2045,478611,140,49831,1578,1403778,560,199324,6312,32,4,555437,1080522,17773984,4322088,22096072,4,4,12,4,49,16,12,20,20,20260807,5,1,1,1,0,0,0,6287,0.261958,1,0.0015,0
968,9413.57,8,0,3.61175,4.41842,0,0,0,8.03017,256,256,0,1,1.80238,1.80238,1425,409,1,795,0,0,0,0,0,3085,3846.45,1.01508,23.2045,479150,140,49831,1584,1405671,560,199324,6336,32,4,557354,1083792,17835328,4335168,22170496,4,4,12,4,49,16,12,20,20,20260807,5,1,1,1,0,0,0,6287,0.261958,1,0.0015,0
969,9419.83,6,0,1.77304,4.41075,0,0,0,6.18379,257,256,0,1,1.80238,1.80238,1425,409,0,795,0,0,0,0,0,3086,3848.28,1.82083,23.2045,479150,140,49831,1584,1405671,560,199324,6336,32,4,557354,1083792,17835328,4335168,22170496,4,4,12,4,49,16,12,20,20,20260807,5,1,1,1,0,0,0,6287,0.261958,1,0.0015,0
970,9430.39,11,0,6.07758,4.34425,0,0,0,10.4218,257,257,0,1,1.80238,1.80238,1431,412,1,796,0,0,0,0,0,3089,3851.48,1.31079,23.2045,480637,144,49831,1594,1410995,576,199324,6376,32,4,559839,1087842,17914848,4351368,22266216,4,4,12,4,49,16,12,20,20,20260807,5,1,1,1,0,0,0,6287,0.261958,1,0.0015,0
971,9437.51,7,0,2.60513,4.43879,0,0,0,7.04392,257,257,0,1,1.80238,1.80238,1431,409,0,800,0,0,0,0,0,3092,3854.18,0.549208,23.2045,481201,144,49831,1594,1412775,576,199324,6376,32,4,562028,1092066,17984896,4368264,22353160,4,4,12,4,49,16,12,20,20,20260807,5,1,1,1,0,0,0,6287,0.261958,1,0.0015,0
972,9449.16,12,0,7.32046,4.24217,0,0,0,11.5626,258,258,0,1,1.80238,1.80238,1437,414,0,802,0,0,0,0,0,3094,3858.27,1.50796,23.2045,481485,144,49831,1594,1413549,576,199324,6376,32,4,562802,1093770,18009664,4375080,22384744,4,4,12,4,49,16,12,20,20,20260807,5,1,1,1,0,0,0,6288,0.262,1,0.0015,1
973,9455.9,6,0,2.21567,4.4445,0,0,0,6.66017,258,258,0,1,1.80238,1.80238,1437,411,1,803,0,0,0,0,0,3096,3862.57,2.10629,23.2045,481781,144,49831,1606,1414452,576,199324,6424,32,4,563234,1094694,18023488,4378776,22402264,4,4,12,4,49,16,12,20,20,20260807,5,1,1,1,0,0,0,6288,0.262,1,0.0015,0
974,9462.82,7,0,3.15446,3.67462,0,0,0,6.82908,258,258,0,1,1.80238,1.80238,1437,406,2,807,0,0,0,0,0,3101,3868.22,1.13579,23.2045,482721,144,49831,1606,1417211,576,199324,6424,32,4,565837,1099800,18106784,4399200,22505984,4,4,12,4,49,16,12,20,20,20260807,5,1,1,1,0,0,0,6288,0.262,1,0.0015,0
975,9468.32,5,0,1.84683,3.58613,0,0,0,5.43296,258,258,0,1,1.80238,1.80238,1437,403,1,811,0,0,0,0,0,3104,3871.26,0.894084,23.2045,483215,144,49831,1610,1418860,576,199324,6440,32,4,566779,1101828,18136928,4407312,22544240,4,4,12,4,49,16,12,20,20,20260807,5,1,1,1,0,0,0,6288,0.262,1,0.0015,0
976,9481.39,13,0,8.91125,4.08592,0,0,0,12.9972,259,259,0,1,1.80238,1.80238,1443,408,0,813,0,0,0,0,0,3106,3873.68,1.36504,23.2045,483216,144,49831,1610,1418864,576,199324,6440,32,4,568181,1104252,18181792,4417008,22598800,4,4,12,4,49,16,12,20,20,20260807,5,1,1,1,0,0,0,6288,0.262,1,0.0015,0
977,9487.76,6,0,1.90871,4.37367,0,0,0,6.28238,259,259,0,1,1.80238,1.80238,1443,403,2,815,0,0,0,0,0,3110,3877.99,0.703667,23.2045,484190,144,49831,1616,1421957,576,199324,6464,32,4,569240,1106472,18215680,4425888,22641568,4,4,12,4,49,16,12,20,20,20260807,5,1,1,1,0,0,0,6288,0.262,1,0.0015,0
978,9497.28,10,0,4.91662,4.51187,0,0,0,9.4285,260,259,0,1,1.80238,1.80238,1443,402,0,819,0,0,0,0,0,3112,3880.69,1.1355,23.2045,484631,144,49831,1616,1423155,576,199324,6464,32,4,572496,1112778,18319872,4451112,22770984,4,4,12,4,49,16,12,20,20,20260807,5,1,1,1,0,0,0,6289,0.262042,1,0.0015,1
979,9503.2,6,0,1.793,4.03017,0,0,0,5.82317,260,260,0,1,1.80238,1.80238,1449,407,0,819,0,0,0,0,0,3112,3880.69,1.1355,23.2045,484631,144,49831,1616,1423155,576,199324,6464,32,4,572496,1112778,18319872,4451112,22770984,4,4,12,4,49,16,12,20,20,20260807,5,1,1,1,0,0,0,6289,0.262042,1,0.0015,0
980,9513.15,10,0,6.09713,3.77658,0,0,0,9.87371,261,260,0,1,1.80238,1.80238,1449,402,2,823,0,0,0,0,0,3118,3886.45,1.00896,23.2045,485930,144,49831,1622,1426941,576,199324,6488,32,4,575806,1119510,18425792,4478040,22903832,4,4,12,4,49,16,12,20,20,20260807,5,1,1,1,0,0,0,6289,0.262042,1,0.0015,0
981,9520.55,8,0,2.98996,4.32729,0,0,0,7.31725,261,261,0,1,1.80238,1.80238,1455,407,0,825,0,0,0,0,0,3118,3886.45,1.00896,23.2045,485930,144,49831,1622,1426941,576,199324,6488,32,4,576306,1120608,18441792,4482432,22924224,4,4,12,4,49,16,12,20,20,20260807,5,1,1,1,0,0,0,6289,0.262042,1,0.0015,0
982,9530.42,10,0,5.48504,4.30796,0,0,0,9.793,261,261,0,1,1.80238,1.80238,1455,402,3,827,0,0,0,0,0,3123,3892.62,1.62179,23.2045,486441,144,49831,1626,1428493,576,199324,6504,32,4,577524,1123164,18480768,4492656,22973424,4,4,12,4,49,16,12,20,20,20260807,5,1,1,1,0,0,0,6289,0.262042,1,0.0015,0
983,9537.06,6,0,2.22675,4.33138,0,0,0,6.55813,261,261,0,1,1.80238,1.80238,1455,398,1,829,0,0,0,0,0,3127,3897.52,1.13192,23.2045,486670,144,49831,1626,1429113,576,199324,6504,32,4,577922,1123812,18493504,4495248,22988752,4,4,12,4,49,16,12,20,20,20260807,5,1,1,1,0,0,0,6289,0.262042,1,0.0015,0
984,9551.6,15,0,9.99713,4.46462,0,0,0,14.4618,262,262,0,1,1.80238,1.80238,1461,401,0,833,3,0,0,0,0,3130,3900.91,1.3505,23.2045,487667,144,49831,1634,1432292,576,199324,6536,32,4,581705,1131102,18614560,4524408,23138968,4,4,12,4,49,16,12,20,20,20260807,5,1,1,1,0,0,0,6290,0.262083,1,0.0015,1
985,9662.8,111,0,106.83,4.27142,0,0,0,111.101,265,264,0,1,1.80238,1.80238,1473,396,11,841,1,0,0,0,0,3149,3938.08,1.15283,23.2045,493029,148,49831,1656,1449208,592,199324,6624,32,4,587131,1142712,18788192,4570848,23359040,4,4,12,4,49,16,12,20,20,20260807,5,1,1,1,0,0,0,6290,0.262083,1,0.0015,0
986,9675.98,13,0,4.74275,5.02017,0,0,0,9.76292,265,265,0,1,1.80238,1.80238,1479,400,5,849,0,0,0,0,0,3151,3940.46,1.32896,23.2045,493725,148,49831,1664,1451664,592,199324,6656,32,4,592181,1152648,18949792,4610592,23560384,4,4,12,4,49,16,12,20,20,20260807,5,1,1,1,0,0,0,6292,0.262167,1,0.0015,2
987,9699.01,23,0,17.2086,5.7505,0,0,0,22.9591,266,266,0,1,1.80238,1.80238,1485,398,3,853,4,0,0,0,0,3158,3947.68,1.18533,23.2045,495246,148,49831,1672,1456353,592,199324,6688,32,4,593589,1156326,18994848,4625304,23620152,4,4,12,4,49,16,12,20,20,20260807,5,1,1,1,0,0,0,6292,0.262167,1,0.0015,0
988,9715.54,17,0,12.0892,4.34854,0,0,0,16.4378,267,267,0,1,1.80238,1.80238,1491,402,1,858,2,0,0,0,0,3163,3954.68,1.06429,23.2045,497696,152,49831,1684,1464213,608,199324,6736,32,4,599788,1168518,19193216,4674072,23867288,4,4,12,4,49,16,12,20,20,20260807,5,1,1,1,0,0,0,6293,0.262208,1,0.0015,1
989,9772.89,57,0,53.1856,4.08537,0,0,0,57.271,269,269,0,1,1.80238,1.80238,1503,397,16,861,0,0,0,0,0,3181,3977.38,0.937333,23.2045,502339,152,49831,1704,1479352,608,199324,6816,32,4,603358,1175016,19307456,4700064,24007520,4,4,12,4,49,16,12,20,20,20260807,5,1,1,1,0,0,0,6293,0.262208,1,0.0015,0
990,9784.67,12,0,6.55075,5.02667,0,0,0,11.5774,270,270,0,1,1.80238,1.80238,1509,402,10,869,0,0,0,0,0,3183,3979.5,1.03208,23.2045,502799,152,49831,1704,1480624,608,199324,6816,32,4,606038,1180194,19393216,4720776,24113992,4,4,12,4,49,16,12,20,20,20260807,5,1,1,1,0,0,0,6294,0.26225,1,0.0015,1
991,9791.4,7,0,2.9455,3.70412,0,0,0,6.64963,270,270,0,1,1.80238,1.80238,1509,397,7,877,0,0,0,0,0,3188,3985.72,1.35438,23.2045,503693,152,49831,1704,1483012,608,199324,6816,32,4,614139,1195770,19652448,4783080,24435528,4,4,12,4,49,16,12,20,20,20260807,5,1,1,1,0,0,0,6295,0.262292,1,0.0015,1
992,9802.29,11,0,6.4985,4.31137,0,0,0,10.8099,271,271,0,1,1.80238,1.80238,1515,403,2,882,0,0,0,0,0,3188,3985.72,1.35438,23.2045,503693,152,49831,1704,1483012,608,199324,6816,32,4,616527,1201134,19728864,4804536,24533400,4,4,12,4,49,16,12,20,20,20260807,5,1,1,1,0,0,0,6295,0.262292,1,0.0015,0
993,9847.97,45,0,41.2582,4.31096,0,0,0,45.5692,273,273,0,1,1.80238,1.80238,1527,398,16,884,0,0,0,0,0,3204,4002.85,0.719167,23.2045,508015,152,49831,1724,1496252,608,199324,6896,32,4,618559,1205448,19793888,4821792,24615680,4,4,12,4,49,16,12,20,20,20260807,5,1,1,1,0,0,0,6295,0.262292,1,0.0015,0
994,9855.81,8,0,2.61692,3.71383,0,0,0,6.33075,274,273,0,1,1.80238,1.80238,1527,397,10,892,0,0,0,0,0,3206,4005.8,1.12575,23.2045,508522,152,49831,1724,1497613,608,199324,6896,32,4,623745,1215714,19959840,4862856,24822696,4,4,12,4,49,16,12,20,20,20260807,5,1,1,1,0,0,0,6296,0.262333,1,0.0015,1
995,9865,9,0,4.4265,4.68717,0,0,0,9.11367,274,274,0,1,1.80238,1.80238,1533,398,5,899,1,0,0,0,0,3209,4008.59,1.13617,23.2045,509365,156,49831,1736,1500435,624,199324,6944,32,4,631208,1230228,20198656,4920912,25119568,4,4,12,4,49,16,12,20,20,20260807,5,1,1,1,0,0,0,6296,0.262333,1,0.0015,0
996,9872.28,8,0,3.15883,4.00733,0,0,0,7.16617,275,274,0,1,1.80238,1.80238,1533,394,6,904,0,0,0,0,0,3215,4015.38,1.08204,23.2045,511742,156,49831,1758,1507955,624,199324,7032,32,4,637722,1242216,20407104,4968864,25375968,4,4,12,4,49,16,12,20,20,20260807,5,1,1,1,0,0,0,6296,0.262333,1,0.0015,0
997,9884.29,12,0,7.14,4.77637,0,0,0,11.9164,275,275,0,1,1.80238,1.80238,1539,400,4,906,0,0,0,0,0,3215,4015.38,1.08204,23.2045,511742,156,49831,1758,1507955,624,199324,7032,32,4,639287,1245654,20457184,4982616,25439800,4,4,12,4,49,16,12,20,20,20260807,5,1,1,1,0,0,0,6296,0.262333,1,0.0015,0
998,9890.41,6,0,2.19058,3.83675,0,0,0,6.02733,275,275,0,1,1.80238,1.80238,1539,396,6,908,0,0,0,0,0,3219,4020.4,0.711791,23.2045,512922,156,49831,1766,1511621,624,199324,7064,32,4,641189,1249770,20518048,4999080,25517128,4,4,12,4,49,16,12,20,20,20260807,5,1,1,1,0,0,0,6297,0.262375,1,0.0015,1
999,9913.25,23,0,18.9638,3.78458,0,0,0,22.7483,276,276,0,1,1.80238,1.80238,1545,394,8,911,2,0,0,0,0,3225,4029,1.07842,23.2045,513390,156,49831,1766,1512924,624,199324,7064,32,4,643184,1253214,20581888,5012856,25594744,4,4,12,4,49,16,12,20,20,20260807,5,1,1,1,0,0,0,6297,0.262375,1,0.0015,0
1000,9925.24,12,0,7.70008,4.21962,0,0,0,11.9197,277,277,0,1,1.80238,1.80238,1551,400,5,917,0,0,0,0,0,3228,4032.04,0.917833,23.2045,514293,160,49831,1778,1516046,640,199324,7112,32,4,644596,1256304,20627072,5025216,25652288,4,4,12,4,49,16,12,20,20,20260807,5,1,1,1,0,0,0,6297,0.262375,1,0.0015,0
1001,9933.21,8,0,4.02846,3.85425,0,0,0,7.88271,277,277,0,1,1.80238,1.80238,1551,395,8,919,0,0,0,0,0,3233,4037.74,1.12508,23.2045,514767,160,49831,1788,1517641,640,199324,7152,32,4,645005,1257180,20640160,5028720,25668880,4,4,12,4,49,16,12,20,20,20260807,5,1,1,1,0,0,0,6297,0.262375,1,0.0015,0
1002,9946.82,13,0,9.44429,4.08754,0,0,0,13.5318,278,278,0,1,1.80238,1.80238,1556,398,5,921,0,0,0,0,0,3234,4038.74,1.00279,23.2045,514767,160,49831,1788,1517641,640,199324,7152,32,4,646231,1259208,20679392,5036832,25716224,4,4,12,4,49,16,12,20,20,20260807,5,1,1,1,0,0,0,6298,0.262417,1,0.0015,1
1003,9953.66,7,0,2.27975,4.47421,0,0,0,6.75396,278,278,0,1,1.80238,1.80238,1556,394,6,925,0,0,0,0,0,3239,4044.65,1.76846,23.2045,516096,160,49831,1798,1521509,640,199324,7192,32,4,649695,1266246,20790240,5064984,25855224,4,4,12,4,49,16,12,20,20,20260807,5,1,1,1,0,0,0,6298,0.262417,1,0.0015,0
1004,9965.63,12,0,7.54221,4.36246,0,0,0,11.9047,279,279,0,1,1.80238,1.80238,1561,398,5,926,0,0,0,0,0,3240,4046.78,2.1295,23.2045,516096,160,49831,1798,1521509,640,199324,7192,32,4,650139,1267242,20804448,5068968,25873416,4,4,12,4,49,16,12,20,20,20260807,5,1,1,1,0,0,0,6298,0.262417,1,0.0015,0
1005,9982.62,17,0,12.9647,3.93171,0,0,0,16.8964,280,280,0,1,1.80238,1.80238,1566,398,7,929,0,0,0,0,0,3245,4052.86,1.32771,23.2045,517098,160,49831,1800,1524579,640,199324,7200,32,4,653217,1273266,20902944,5093064,25996008,4,4,12,4,49,16,12,20,20,20260807,5,1,1,1,0,0,0,6298,0.262417,1,0.0015,0
1006,9990.55,8,0,3.17963,4.67454,0,0,0,7.85417,280,280,0,1,1.80238,1.80238,1566,393,6,932,0,0,0,0,0,3249,4057.24,1.17329,23.2045,518192,160,49831,1808,1527854,640,199324,7232,32,4,656388,1279554,21004416,5118216,26122632,4,4,12,4,49,16,12,20,20,20260807,5,1,1,1,0,0,0,6299,0.262458,1,0.0015,1
1007,10014.7,24,0,19.4948,4.56575,0,0,0,24.0606,282,281,0,1,1.80238,1.80238,1571,393,10,934,0,0,0,0,0,3255,4064.3,1.28529,23.2045,519492,160,49831,1810,1531830,640,199324,7240,32,4,657340,1281696,21034880,5126784,26161664,4,4,12,4,49,16,12,20,20,20260807,5,1,1,1,0,0,0,6299,0.262458,1,0.0015,0
1008,10030.3,16,0,11.3106,4.19738,0,0,0,15.508,283,282,0,1,1.80238,1.80238,1576,393,10,939,0,0,0,0,0,3260,4070.35,1.11196,23.2045,521496,184,49831,1814,1537923,736,199324,7256,32,4,660508,1287690,21136256,5150760,26287016,4,4,12,4,49,16,12,20,20,20260807,5,1,1,1,0,0,0,6299,0.262458,1,0.0015,0
1009,10038.1,8,0,2.82658,4.92879,0,0,0,7.75537,283,283,0,1,1.80238,1.80238,1581,397,5,944,0,0,0,0,0,3260,4070.35,1.11196,23.2045,521496,184,49831,1814,1537923,736,199324,7256,32,4,666713,1299882,21334816,5199528,26534344,4,4,12,4,49,16,12,20,20,20260807,5,1,1,1,0,0,0,6299,0.262458,1,0.0015,0
1010,10047,8,0,4.558,4.20321,0,0,0,8.76121,284,283,0,1,1.80238,1.80238,1581,393,6,948,0,0,0,0,0,3265,4077.66,2.08017,23.2045,523224,184,49831,1820,1543042,736,199324,7280,32,4,671684,1309908,21493888,5239632,26733520,4,4,12,4,49,16,12,20,20,20260807,5,1,1,1,0,0,0,6300,0.2625,1,0.0015,1
1011,10056.2,10,0,5.23554,3.89962,0,0,0,9.13517,284,284,0,1,1.80238,1.80238,1586,398,5,949,0,0,0,0,0,3265,4077.66,2.08017,23.2045,523224,184,49831,1820,1543042,736,199324,7280,32,4,671856,1310286,21499392,5241144,26740536,4,4,12,4,49,16,12,20,20,20260807,5,1,1,1,0,0,0,6300,0.2625,1,0.0015,0
1012,10063.1,7,0,2.67537,4.11587,0,0,0,6.79125,284,284,0,1,1.80238,1.80238,1586,394,6,951,0,0,0,0,0,3268,4082.18,1.29038,23.2045,523478,184,49831,1820,1543751,736,199324,7280,32,4,672349,1311342,21515168,5245368,26760536,4,4,12,4,49,16,12,20,20,20260807,5,1,1,1,0,0,0,6300,0.2625,1,0.0015,0
1013,10070.6,7,0,2.7695,4.65425,0,0,0,7.42375,285,284,0,1,1.80238,1.80238,1586,393,5,954,0,0,0,0,0,3270,4084.79,1.50033,23.2045,523710,184,49831,1820,1544363,736,199324,7280,32,4,673177,1313202,21541664,5252808,26794472,4,4,12,4,49,16,12,20,20,20260807,5,1,1,1,0,0,0,6300,0.2625,1,0.0015,0
1014,10078.8,8,0,1.918,6.17354,0,0,0,8.09154,285,285,0,1,1.80238,1.80238,1591,397,5,954,0,0,0,0,0,3270,4084.79,1.50033,23.2045,523710,184,49831,1820,1544363,736,199324,7280,32,4,673177,1313202,21541664,5252808,26794472,4,4,12,4,49,16,12,20,20,20260807,5,1,1,1,0,0,0,6300,0.2625,1,0.0015,0
1015,10085.4,7,0,2.25779,4.31571,0,0,0,6.5735,286,285,0,1,1.80238,1.80238,1591,393,6,958,0,0,0,0,0,3275,4091.53,0.980125,23.2045,524903,184,49831,1834,1547860,736,199324,7336,32,4,676730,1320444,21655360,5281776,26937136,4,4,12,4,49,16,12,20,20,20260807,5,1,1,1,0,0,0,6300,0.2625,1,0.0015,0
1016,10095.6,10,0,4.10412,6.00096,0,0,0,10.1051,286,286,0,1,1.80238,1.80238,1596,397,5,958,0,0,0,0,0,3275,4091.53,0.980125,23.2045,524903,184,49831,1834,1547860,736,199324,7336,32,4,676730,1320444,21655360,5281776,26937136,4,4,12,4,49,16,12,20,20,20260807,5,1,1,1,0,0,0,6301,0.262542,1,0.0015,1
1017,10102.6,7,0,2.25296,4.62492,0,0,0,6.87788,287,286,0,1,1.80238,1.80238,1596,393,5,963,0,0,0,0,0,3280,4096.68,1.02158,23.2045,525972,184,49831,1840,1551000,736,199324,7360,32,4,679894,1326894,21756608,5307576,27064184,4,4,12,4,49,16,12,20,20,20260807,5,1,1,1,0,0,0,6301,0.262542,1,0.0015,0
1018,10112.2,10,0,4.81108,4.73454,0,0,0,9.54562,287,287,0,1,1.80238,1.80238,1601,398,5,963,0,0,0,0,0,3280,4096.68,1.02158,23.2045,525972,184,49831,1840,1551000,736,199324,7360,32,4,679894,1326894,21756608,5307576,27064184,4,4,12,4,49,16,12,20,20,20260807,5,1,1,1,0,0,0,6301,0.262542,1,0.0015,0
1019,10130.5,18,0,14.0113,4.22825,0,0,0,18.2396,288,288,0,1,1.80238,1.80238,1606,396,8,966,0,0,0,0,0,3286,4103.4,1.67788,23.2045,527545,184,49831,1856,1555499,736,199324,7424,32,4,682139,1331412,21828448,5325648,27154096,4,4,12,4,49,16,12,20,20,20260807,5,1,1,1,0,0,0,6301,0.262542,1,0.0015,0
1020,10137.1,7,0,2.25687,4.29988,0,0,0,6.55675,289,288,0,1,1.80238,1.80238,1606,393,5,972,0,0,0,0,0,3290,4107.56,1.01008,23.2045,528351,184,49831,1858,1558054,736,199324,7432,32,4,687020,1341276,21984640,5365104,27349744,4,4,12,4,49,16,12,20,20,20260807,5,1,1,1,0,0,0,6301,0.262542,1,0.0015,0
1021,10146.5,9,0,4.88921,4.36033,0,0,0,9.24954,289,289,0,1,1.80238,1.80238,1611,397,5,972,0,0,0,0,0,3290,4107.56,1.01008,23.2045,528351,184,49831,1858,1558054,736,199324,7432,32,4,687020,1341276,21984640,5365104,27349744,4,4,12,4,49,16,12,20,20,20260807,5,1,1,1,0,0,0,6302,0.262583,1,0.0015,1
1022,10153.5,7,0,2.24821,4.72554,0,0,0,6.97375,289,289,0,1,1.80238,1.80238,1611,393,6,975,0,0,0,0,0,3294,4112.49,1.04667,23.2045,529735,184,49831,1878,1561926,736,199324,7512,32,4,690202,1348020,22086464,5392080,27478544,4,4,12,4,49,16,12,20,20,20260807,5,1,1,1,0,0,0,6302,0.262583,1,0.0015,0
1023,10163.7,10,0,5.73846,4.33383,0,0,0,10.0723,290,290,0,1,1.80238,1.80238,1616,397,5,976,0,0,0,0,0,3295,4113.5,1.01008,23.2045,529735,184,49831,1878,1561926,736,199324,7512,32,4,690972,1349700,22111104,5398800,27509904,4,4,12,4,49,16,12,20,20,20260807,5,1,1,1,0,0,0,6302,0.262583,1,0.0015,0
1024,10170.7,7,0,2.43058,4.47325,0,0,0,6.90383,290,290,0,1,1.80238,1.80238,1616,393,6,980,0,0,0,0,0,3300,4118.59,1.08075,23.2045,530507,184,49831,1888,1564111,736,199324,7552,32,4,692179,1352184,22149728,5408736,27558464,4,4,12,4,49,16,12,20,20,20260807,5,1,1,1,0,0,0,6302,0.262583,1,0.0015,0
1025,10180.7,10,0,4.49504,4.30638,0,0,0,8.80142,291,291,0,1,1.80238,1.80238,1621,397,5,981,0,0,0,0,0,3300,4118.59,1.08075,23.2045,530507,184,49831,1888,1564111,736,199324,7552,32,4,693197,1354392,22182304,5417568,27599872,4,4,12,4,49,16,12,20,20,20260807,5,1,1,1,0,0,0,6302,0.262583,1,0.0015,0
1026,10189,8,0,2.36987,5.83233,0,0,0,8.20221,291,291,0,1,1.80238,1.80238,1621,393,6,985,0,0,0,0,0,3305,4123.92,0.987708,23.2045,531833,184,49831,1908,1567924,736,199324,7632,32,4,697077,1362432,22306464,5449728,27756192,4,4,12,4,49,16,12,20,20,20260807,5,1,1,1,0,0,0,6302,0.262583,1,0.0015,0
1027,10197.8,9,0,4.38008,4.32317,0,0,0,8.70325,292,292,0,1,1.80238,1.80238,1626,397,5,986,0,0,0,0,0,3305,4123.92,0.987708,23.2045,531833,184,49831,1908,1567924,736,199324,7632,32,4,697090,1362468,22306880,5449872,27756752,4,4,12,4,49,16,12,20,20,20260807,5,1,1,1,0,0,0,6303,0.262625,1,0.0015,1
1028,10204.5,7,0,2.26713,4.43496,0,0,0,6.70208,292,292,0,1,1.80238,1.80238,1626,393,5,990,0,0,0,0,0,3309,4128.56,1.08317,23.2045,532581,184,49831,1916,1570318,736,199324,7664,32,4,699516,1367004,22384512,5468016,27852528,4,4,12,4,49,16,12,20,20,20260807,5,1,1,1,0,0,0,6303,0.262625,1,0.0015,0
1029,10215.1,11,0,6.61967,3.83113,0,0,0,10.4508,293,293,0,1,1.80238,1.80238,1631,396,6,991,0,0,0,0,0,3311,4130.85,1.21904,23.2045,533122,184,49831,1916,1571864,736,199324,7664,32,4,699920,1367850,22397440,5471400,27868840,4,4,12,4,49,16,12,20,20,20260807,5,1,1,1,0,0,0,6303,0.262625,1,0.0015,0
1030,10232.5,17,0,12.8077,4.57896,0,0,0,17.3866,294,294,0,1,1.80238,1.80238,1636,398,7,994,0,0,0,0,0,3315,4136.39,1.339,23.2045,533822,184,49831,1920,1574055,736,199324,7680,32,4,702902,1373682,22492864,5494728,27987592,4,4,12,4,49,16,12,20,20,20260807,5,1,1,1,0,0,0,6303,0.262625,1,0.0015,0
1031,10241.9,9,0,5.32338,3.94808,0,0,0,9.27146,295,295,0,1,1.80238,1.80238,1641,402,5,996,0,0,0,0,0,3315,4136.39,1.339,23.2045,533822,184,49831,1920,1574055,736,199324,7680,32,4,703269,1374474,22504608,5497896,28002504,4,4,12,4,49,16,12,20,20,20260807,5,1,1,1,0,0,0,6304,0.262667,1,0.0015,1
1032,10251.6,10,0,5.38042,4.25508,0,0,0,9.6355,295,295,0,1,1.80238,1.80238,1641,399,7,997,0,0,0,0,0,3318,4142.02,1.48183,23.2045,534361,184,49831,1952,1575552,736,199324,7808,32,4,703920,1375878,22525440,5503512,28028952,4,4,12,4,49,16,12,20,20,20260807,5,1,1,1,0,0,0,6304,0.262667,1,0.0015,0
1033,10264.6,13,0,8.23813,4.66546,0,0,0,12.9036,296,296,0,1,1.80238,1.80238,1646,402,5,1001,0,0,0,0,0,3320,4144.72,1.05725,23.2045,534726,184,49831,1952,1576546,736,199324,7808,32,4,705888,1380090,22588416,5520360,28108776,4,4,12,4,49,16,12,20,20,20260807,5,1,1,1,0,0,0,6304,0.262667,1,0.0015,0
1034,10273.8,9,0,5.23479,3.87479,0,0,0,9.10958,296,296,0,1,1.80238,1.80238,1646,398,6,1003,0,0,0,0,0,3324,4150.09,1.12037,23.2045,535468,184,49831,1960,1578815,736,199324,7840,32,4,707516,1383066,22640512,5532264,28172776,4,4,12,4,49,16,12,20,20,20260807,5,1,1,1,0,0,0,6304,0.262667,1,0.0015,0
1035,10299.4,26,0,20.5296,4.91446,0,0,0,25.444,297,297,0,1,1.80238,1.80238,1651,393,12,1008,0,0,0,0,0,3335,4162.58,0.999208,23.2045,537330,184,49831,2004,1584011,736,199324,8016,32,4,710397,1389264,22732704,5557056,28289760,4,4,12,4,49,16,12,20,20,20260807,5,1,1,1,0,0,0,6304,0.262667,1,0.0015,0
1036,10314.5,15,0,10.692,4.32662,0,0,0,15.0187,298,298,0,1,1.80238,1.80238,1656,395,7,1015,0,0,0,0,0,3337,4164.78,0.796584,23.2045,537650,184,49831,2020,1585022,736,199324,8080,32,4,713561,1396026,22833952,5584104,28418056,4,4,12,4,49,16,12,20,20,20260807,5,1,1,1,0,0,0,6305,0.262708,1,0.0015,1
1037,10330.4,16,0,11.6657,4.18262,0,0,0,15.8483,299,299,0,1,1.80238,1.80238,1661,396,7,1019,0,0,0,0,0,3341,4169.91,1.50779,23.2045,538117,184,49831,2020,1586315,736,199324,8080,32,4,715334,1399542,22890688,5598168,28488856,4,4,12,4,49,16,12,20,20,20260807,5,1,1,1,0,0,0,6305,0.262708,1,0.0015,0
1038,10337.2,7,0,2.36571,4.34975,0,0,0,6.71546,299,299,0,1,1.80238,1.80238,1661,393,6,1023,0,0,0,0,0,3344,4174.37,1.21679,23.2045,538782,184,49831,2024,1588476,736,199324,8096,32,4,717750,1404108,22968000,5616432,28584432,4,4,12,4,49,16,12,20,20,20260807,5,1,1,1,0,0,0,6305,0.262708,1,0.0015,0
1039,10349,11,0,8.07963,3.69304,0,0,0,11.7727,300,300,0,1,1.80238,1.80238,1666,398,5,1025,0,0,0,0,0,3345,4176.27,1.90271,23.2045,538962,184,49831,2024,1588970,736,199324,8096,32,4,718600,1405938,22995200,5623752,28618952,4,4,12,4,49,16,12,20,20,20260807,5,1,1,1,0,0,0,6306,0.26275,1,0.0015,1
1040,10355.2,7,0,2.20113,3.92225,0,0,0,6.12338,300,300,0,1,1.80238,1.80238,1666,395,5,1027,0,0,0,0,0,3347,4178.93,1.51525,23.2045,539377,184,49831,2050,1590139,736,199324,8200,32,4,719873,1408584,23035936,5634336,28670272,4,4,12,4,49,16,12,20,20,20260807,5,1,1,1,0,0,0,6306,0.26275,1,0.0015,0
1041,10363.4,8,0,4.00017,4.08737,0,0,0,8.08754,301,300,0,1,1.80238,1.80238,1666,393,6,1029,0,0,0,0,0,3350,4184.18,2.26633,23.2045,539954,184,49831,2050,1591698,736,199324,8200,32,4,720850,1410762,23067200,5643048,28710248,4,4,12,4,49,16,12,20,20,20260807,5,1,1,1,0,0,0,6306,0.26275,1,0.0015,0
1042,10370.4,7,0,2.39404,4.56792,0,0,0,6.96196,302,301,0,1,1.80238,1.80238,1671,398,5,1030,0,0,0,0,0,3350,4184.18,2.26633,23.2045,539954,184,49831,2050,1591698,736,199324,8200,32,4,721432,1412046,23085824,5648184,28734008,4,4,12,4,49,16,12,20,20,20260807,5,1,1,1,0,0,0,6306,0.26275,1,0.0015,0
1043,10382.1,12,0,4.56262,7.04213,0,0,0,11.6047,303,302,0,1,1.80238,1.80238,1676,403,5,1030,0,0,0,0,0,3350,4184.18,2.26633,23.2045,539954,184,49831,2050,1591698,736,199324,8200,32,4,721432,1412046,23085824,5648184,28734008,4,4,12,4,49,16,12,20,20,20260807,5,1,1,1,0,0,0,6306,0.26275,1,0.0015,0
1044,10395.8,13,0,4.79646,8.76171,0,0,0,13.5582,303,303,0,1,1.80238,1.80238,1681,407,5,1030,0,0,0,0,0,3350,4184.18,2.26633,23.2045,539954,184,49831,2050,1591698,736,199324,8200,32,4,721432,1412046,23085824,5648184,28734008,4,4,12,4,49,16,12,20,20,20260807,5,1,1,1,0,0,0,6307,0.262792,1,0.0015,1
1045,10403.7,8,0,2.3425,5.49175,0,0,0,7.83425,304,303,0,1,1.80238,1.80238,1681,403,6,1034,0,0,0,0,0,3355,4191.67,1.03042,23.2045,540623,184,49831,2062,1593528,736,199324,8248,32,4,722638,1414596,23124416,5658384,28782800,4,4,12,4,49,16,12,20,20,20260807,5,1,1,1,0,0,0,6307,0.262792,1,0.0015,0
1046,10413.7,10,0,5.75,4.17246,0,0,0,9.92246,304,304,0,1,1.80238,1.80238,1686,405,7,1035,0,0,0,0,0,3357,4194.39,1.55075,23.2045,541263,184,49831,2070,1595636,736,199324,8280,32,4,723310,1416132,23145920,5664528,28810448,4,4,12,4,49,16,12,20,20,20260807,5,1,1,1,0,0,0,6307,0.262792,1,0.0015,0
1047,10420.4,7,0,2.13833,4.497,0,0,0,6.63533,304,304,0,1,1.80238,1.80238,1686,403,6,1038,0,0,0,0,0,3359,4197.68,1.17042,23.2045,541472,184,49831,2070,1596223,736,199324,8280,32,4,725897,1420980,23228704,5683920,28912624,4,4,12,4,49,16,12,20,20,20260807,5,1,1,1,0,0,0,6307,0.262792,1,0.0015,0
1048,10434.2,14,0,8.89087,4.74142,0,0,0,13.6323,305,305,0,1,1.80238,1.80238,1691,405,7,1039,0,0,0,0,0,3362,4201.3,1.54683,23.2045,541531,184,49831,2086,1596396,736,199324,8344,32,4,726037,1421274,23233184,5685096,28918280,4,4,12,4,49,16,12,20,20,20260807,5,1,1,1,0,0,0,6307,0.262792,1,0.0015,0
1049,10441.5,7,0,3.29442,3.9595,0,0,0,7.25392,305,305,0,1,1.80238,1.80238,1691,403,6,1041,0,0,0,0,0,3364,4206.7,2.50021,23.2045,541967,184,49831,2086,1597568,736,199324,8344,32,4,726460,1422162,23246720,5688648,28935368,4,4,12,4,49,16,12,20,20,20260807,5,1,1,1,0,0,0,6308,0.262833,1,0.0015,1
1050,10452.6,11,0,6.31042,4.65567,0,0,0,10.9661,306,306,0,1,1.80238,1.80238,1696,408,5,1043,0,0,0,0,0,3365,4207.99,1.28654,23.2045,542216,184,49831,2086,1598198,736,199324,8344,32,4,728076,1425834,23298432,5703336,29001768,4,4,12,4,49,16,12,20,20,20260807,5,1,1,1,0,0,0,6308,0.262833,1,0.0015,0
1051,10464.5,11,0,6.90013,4.94596,0,0,0,11.8461,306,306,0,1,1.80238,1.80238,1696,402,8,1045,0,0,0,0,0,3370,4215.34,1.71242,23.2045,542918,184,49831,2096,1600321,736,199324,8384,32,4,729242,1427880,23335744,5711520,29047264,4,4,12,4,49,16,12,20,20,20260807,5,1,1,1,0,0,0,6308,0.262833,1,0.0015,0
1052,10472.8,8,0,2.59404,5.59567,0,0,0,8.18971,306,306,0,1,1.80238,1.80238,1696,398,5,1052,0,0,0,0,0,3374,4219.37,1.05854,23.2045,544336,184,49831,2098,1604292,736,199324,8392,32,4,734218,1438626,23494976,5754504,29249480,4,4,12,4,49,16,12,20,20,20260807,5,1,1,1,0,0,0,6308,0.262833,1,0.0015,0
1053,10480.9,8,0,3.75792,4.24437,0,0,0,8.00229,307,307,0,1,1.80238,1.80238,1701,402,5,1053,0,0,0,0,0,3375,4220.72,1.35404,23.2045,544559,184,49831,2098,1604898,736,199324,8392,32,4,734824,1439964,23514368,5759856,29274224,4,4,12,4,49,16,12,20,20,20260807,5,1,1,1,0,0,0,6308,0.262833,1,0.0015,0
1054,10489.1,9,0,2.83271,5.32946,0,0,0,8.16217,307,307,0,1,1.80238,1.80238,1701,398,6,1057,0,0,0,0,0,3380,4226.06,1.09704,23.2045,545042,184,49831,2114,1606252,736,199324,8456,32,4,736079,1442616,23554528,5770464,29324992,4,4,12,4,49,16,12,20,20,20260807,5,1,1,1,0,0,0,6308,0.262833,1,0.0015,0
1055,10497.1,8,0,3.75425,4.09608,0,0,0,7.85033,308,308,0,1,1.80238,1.80238,1706,402,5,1058,0,0,0,0,0,3380,4226.06,1.09704,23.2045,545042,184,49831,2114,1606252,736,199324,8456,32,4,736242,1442958,23559744,5771832,29331576,4,4,12,4,49,16,12,20,20,20260807,5,1,1,1,0,0,0,6309,0.262875,1,0.0015,1
1056,10504.6,7,0,2.77729,4.70846,0,0,0,7.48575,308,308,0,1,1.80238,1.80238,1706,398,7,1061,0,0,0,0,0,3385,4231.9,1.28871,23.2045,546402,184,49831,2126,1610501,736,199324,8504,32,4,739453,1448886,23662496,5795544,29458040,4,4,12,4,49,16,12,20,20,20260807,5,1,1,1,0,0,0,6309,0.262875,1,0.0015,0
1057,10514.5,10,0,5.19883,4.61662,0,0,0,9.81546,309,308,0,1,1.80238,1.80238,1706,393,7,1066,0,0,0,0,0,3390,4237.22,1.07071,23.2045,547989,184,49831,2126,1614862,736,199324,8504,32,4,743635,1457994,23796320,5831976,29628296,4,4,12,4,49,16,12,20,20,20260807,5,1,1,1,0,0,0,6309,0.262875,1,0.0015,0
1058,10521.8,8,0,2.56908,4.65967,0,0,0,7.22875,309,309,0,1,1.80238,1.80238,1711,397,5,1068,0,0,0,0,0,3390,4237.22,1.07071,23.2045,547989,184,49831,2126,1614862,736,199324,8504,32,4,744900,1460712,23836800,5842848,29679648,4,4,12,4,49,16,12,20,20,20260807,5,1,1,1,0,0,0,6309,0.262875,1,0.0015,0
1059,10530.5,9,0,4.38592,4.17229,0,0,0,8.55821,309,309,0,1,1.80238,1.80238,1711,393,6,1071,0,0,0,0,0,3394,4242.13,1.22017,23.2045,549257,184,49831,2154,1618276,736,199324,8616,32,4,747068,1465476,23906176,5861904,29768080,4,4,12,4,49,16,12,20,20,20260807,5,1,1,1,0,0,0,6309,0.262875,1,0.0015,0
1060,10540,9,0,5.27862,4.16979,0,0,0,9.44842,310,310,0,1,1.80238,1.80238,1716,397,5,1073,0,0,0,0,0,3395,4244.3,2.16538,23.2045,549275,184,49831,2154,1618322,736,199324,8616,32,4,748472,1468596,23951104,5874384,29825488,4,4,12,4,49,16,12,20,20,20260807,5,1,1,1,0,0,0,6309,0.262875,1,0.0015,0
1061,10547.3,8,0,2.47417,4.69667,0,0,0,7.17083,310,310,0,1,1.80238,1.80238,1716,393,6,1074,0,0,0,0,0,3399,4248.76,1.06017,23.2045,549395,184,49831,2180,1618700,736,199324,8720,32,4,748954,1469472,23966528,5877888,29844416,4,4,12,4,49,16,12,20,20,20260807,5,1,1,1,0,0,0,6310,0.262917,1,0.0015,1
1062,10556.7,9,0,5.39046,3.95079,0,0,0,9.34125,311,311,0,1,1.80238,1.80238,1721,397,5,1074,0,0,0,0,0,3400,4249.77,1.01425,23.2045,549395,184,49831,2180,1618700,736,199324,8720,32,4,748954,1469472,23966528,5877888,29844416,4,4,12,4,49,16,12,20,20,20260807,5,1,1,1,0,0,0,6310,0.262917,1,0.0015,0
1063,10564.8,8,0,3.35629,4.6035,0,0,0,7.95979,311,311,0,1,1.80238,1.80238,1721,394,6,1076,0,0,0,0,0,3403,4254.95,1.84858,23.2045,550139,184,49831,2186,1620925,736,199324,8744,32,4,751199,1473966,24038368,5895864,29934232,4,4,12,4,49,16,12,20,20,20260807,5,1,1,1,0,0,0,6310,0.262917,1,0.0015,0
1064,10571.4,7,0,2.49192,4.092,0,0,0,6.58392,312,311,0,1,1.80238,1.80238,1721,393,5,1078,0,0,0,0,0,3405,4258.04,1.00746,23.2045,550424,184,49831,2186,1621686,736,199324,8744,32,4,751964,1475682,24062848,5902728,29965576,4,4,12,4,49,16,12,20,20,20260807,5,1,1,1,0,0,0,6310,0.262917,1,0.0015,0
1065,10578.1,7,0,2.26529,4.32125,0,0,0,6.58654,312,312,0,1,1.80238,1.80238,1726,396,6,1078,0,0,0,0,0,3406,4259.09,1.05363,23.2045,550424,184,49831,2186,1621686,736,199324,8744,32,4,751964,1475682,24062848,5902728,29965576,4,4,12,4,49,16,12,20,20,20260807,5,1,1,1,0,0,0,6310,0.262917,1,0.0015,0
1066,10587.4,9,0,2.3925,6.78571,0,0,0,9.17821,312,312,0,1,1.80238,1.80238,1726,393,5,1081,0,0,0,0,0,3409,4263.26,1.19579,23.2045,551113,184,49831,2206,1623569,736,199324,8824,32,4,753927,1479936,24125664,5919744,30045408,4,4,12,4,49,16,12,20,20,20260807,5,1,1,1,0,0,0,6310,0.262917,1,0.0015,0
1067,10595.7,8,0,3.85658,4.39246,0,0,0,8.24904,314,313,0,1,1.80238,1.80238,1731,398,5,1081,0,0,0,0,0,3410,4265.31,2.04962,23.2045,551113,184,49831,2206,1623569,736,199324,8824,32,4,753927,1479936,24125664,5919744,30045408,4,4,12,4,49,16,12,20,20,20260807,5,1,1,1,0,0,0,6311,0.262958,1,0.0015,1
1068,10612.3,17,0,4.36554,12.101,0,0,0,16.4665,314,314,0,1,1.80238,1.80238,1736,403,5,1081,0,0,0,0,0,3410,4265.31,2.04962,23.2045,551113,184,49831,2206,1623569,736,199324,8824,32,4,753927,1479936,24125664,5919744,30045408,4,4,12,4,49,16,12,20,20,20260807,5,1,1,1,0,0,0,6311,0.262958,1,0.0015,0
1069,10621.9,9,0,5.686,3.88783,0,0,0,9.57383,315,315,0,1,1.80238,1.80238,1741,403,5,1086,0,0,0,0,0,3415,4272.62,1.04304,23.2045,552031,184,49831,2206,1626088,736,199324,8824,32,4,756446,1485444,24206272,5941776,30148048,4,4,12,4,49,16,12,20,20,20260807,5,1,1,1,0,0,0,6311,0.262958,1,0.0015,0
1070,10632.8,11,0,6.94429,3.89712,0,0,0,10.8414,315,315,0,1,1.80238,1.80238,1741,398,7,1089,0,0,0,0,0,3420,4278.49,2.05183,23.2045,554049,184,49831,2210,1631784,736,199324,8840,32,4,759675,1492152,24309600,5968608,30278208,4,4,12,4,49,16,12,20,20,20260807,5,1,1,1,0,0,0,6311,0.262958,1,0.0015,0
1071,10640.1,8,0,3.44433,3.76404,0,0,0,7.20838,315,315,0,1,1.80238,1.80238,1741,394,6,1093,0,0,0,0,0,3423,4282.69,1.61525,23.2045,554478,184,49831,2210,1632970,736,199324,8840,32,4,763245,1499946,24423840,5999784,30423624,4,4,12,4,49,16,12,20,20,20260807,5,1,1,1,0,0,0,6312,0.263,1,0.0015,1
1072,10647,6,0,2.34796,4.398,0,0,0,6.74596,316,315,0,1,1.80238,1.80238,1741,393,5,1095,0,0,0,0,0,3425,4284.93,0.998,23.2045,554819,184,49831,2210,1633901,736,199324,8840,32,4,764275,1502196,24456800,6008784,30465584,4,4,12,4,49,16,12,20,20,20260807,5,1,1,1,0,0,0,6312,0.263,1,0.0015,0
1073,10653.4,7,0,2.09292,4.30096,0,0,0,6.39388,316,316,0,1,1.80238,1.80238,1746,397,5,1095,0,0,0,0,0,3425,4284.93,0.998,23.2045,554819,184,49831,2210,1633901,736,199324,8840,32,4,764275,1502196,24456800,6008784,30465584,4,4,12,4,49,16,12,20,20,20260807,5,1,1,1,0,0,0,6312,0.263,1,0.0015,0
1074,10664,10,0,6.231,4.25067,0,0,0,10.4817,317,316,0,1,1.80238,1.80238,1746,393,6,1099,0,0,0,0,0,3430,4290.49,1.123,23.2045,555804,184,49831,2212,1636635,736,199324,8848,32,4,766311,1506606,24521952,6026424,30548376,4,4,12,4,49,16,12,20,20,20260807,5,1,1,1,0,0,0,6312,0.263,1,0.0015,0
1075,10670.9,7,0,2.2135,4.57717,0,0,0,6.79067,317,317,0,1,1.80238,1.80238,1751,396,6,1100,0,0,0,0,0,3431,4291.66,1.16996,23.2045,556295,184,49831,2212,1637991,736,199324,8848,32,4,767017,1508118,24544544,6032472,30577016,4,4,12,4,49,16,12,20,20,20260807,5,1,1,1,0,0,0,6312,0.263,1,0.0015,0
1076,10680.7,10,0,5.71396,3.93121,0,0,0,9.64517,317,317,0,1,1.80238,1.80238,1751,392,7,1103,0,0,0,0,0,3435,4298.07,1.24454,23.2045,557160,184,49831,2214,1640434,736,199324,8856,32,4,769848,1514130,24635136,6056520,30691656,4,4,12,4,49,16,12,20,20,20260807,5,1,1,1,0,0,0,6312,0.263,1,0.0015,0
1077,10687.4,7,0,2.44483,4.23921,0,0,0,6.68404,317,317,0,1,1.80238,1.80238,1751,388,6,1108,0,0,0,0,0,3439,4303.32,1.13704,23.2045,558190,184,49831,2214,1643236,736,199324,8856,32,4,772887,1520916,24732384,6083664,30816048,4,4,12,4,49,16,12,20,20,20260807,5,1,1,1,0,0,0,6312,0.263,1,0.0015,0
1078,10697.5,10,0,5.44038,4.50229,0,0,0,9.94267,318,318,0,1,1.80238,1.80238,1756,392,5,1109,0,0,0,0,0,3440,4304.32,0.994708,23.2045,558190,184,49831,2214,1643236,736,199324,8856,32,4,773626,1522446,24756032,6089784,30845816,4,4,12,4,49,16,12,20,20,20260807,5,1,1,1,0,0,0,6313,0.263042,1,0.0015,1
1079,10704.3,7,0,2.39075,4.35533,0,0,0,6.74608,319,318,0,1,1.80238,1.80238,1756,388,5,1113,0,0,0,0,0,3445,4309.42,1.07513,23.2045,558851,184,49831,2228,1645032,736,199324,8912,32,4,775478,1526496,24815296,6105984,30921280,4,4,12,4,49,16,12,20,20,20260807,5,1,1,1,0,0,0,6313,0.263042,1,0.0015,0
1080,10712.3,8,0,3.82875,4.15008,0,0,0,7.97883,319,319,0,1,1.80238,1.80238,1761,392,5,1113,0,0,0,0,0,3445,4309.42,1.07513,23.2045,558851,184,49831,2228,1645032,736,199324,8912,32,4,775478,1526496,24815296,6105984,30921280,4,4,12,4,49,16,12,20,20,20260807,5,1,1,1,0,0,0,6313,0.263042,1,0.0015,0
1081,10719.1,7,0,2.61329,4.11083,0,0,0,6.72412,319,319,0,1,1.80238,1.80238,1761,388,7,1114,0,0,0,0,0,3449,4315.03,1.11804,23.2045,559060,184,49831,2228,1645737,736,199324,8912,32,4,776183,1527750,24837856,6111000,30948856,4,4,12,4,49,16,12,20,20,20260807,5,1,1,1,0,0,0,6313,0.263042,1,0.0015,0
1082,10731,11,0,6.87821,4.91167,0,0,0,11.7899,320,320,0,1,1.80238,1.80238,1766,393,5,1114,0,0,0,0,0,3449,4315.03,1.11804,23.2045,559060,184,49831,2228,1645737,736,199324,8912,32,4,776183,1527750,24837856,6111000,30948856,4,4,12,4,49,16,12,20,20,20260807,5,1,1,1,0,0,0,6313,0.263042,1,0.0015,0
1083,10739.9,9,0,5.05108,3.73113,0,0,0,8.78221,321,320,0,1,1.80238,1.80238,1766,388,6,1118,0,0,0,0,0,3454,4320.17,1.08921,23.2045,559713,184,49831,2234,1647570,736,199324,8936,32,4,778040,1531704,24897280,6126816,31024096,4,4,12,4,49,16,12,20,20,20260807,5,1,1,1,0,0,0,6313,0.263042,1,0.0015,0
1084,10748.3,9,0,3.91883,4.37171,0,0,0,8.29054,321,321,0,1,1.80238,1.80238,1771,392,5,1118,0,0,0,0,0,3454,4320.17,1.08921,23.2045,559713,184,49831,2234,1647570,736,199324,8936,32,4,778040,1531704,24897280,6126816,31024096,4,4,12,4,49,16,12,20,20,20260807,5,1,1,1,0,0,0,6314,0.263083,1,0.0015,1
1085,10755,6,0,2.49567,4.13771,0,0,0,6.63338,321,321,0,1,1.80238,1.80238,1771,389,6,1121,0,0,0,0,0,3458,4325.49,1.12692,23.2045,560117,184,49831,2234,1648714,736,199324,8936,32,4,778695,1533090,24918240,6132360,31050600,4,4,12,4,49,16,12,20,20,20260807,5,1,1,1,0,0,0,6314,0.263083,1,0.0015,0
1086,10768.6,14,0,5.13588,8.44592,0,0,0,13.5818,322,322,0,1,1.80238,1.80238,1776,393,5,1123,0,0,0,0,0,3459,4326.6,1.11021,23.2045,560284,184,49831,2234,1649161,736,199324,8936,32,4,779631,1535130,24948192,6140520,31088712,4,4,12,4,49,16,12,20,20,20260807,5,1,1,1,0,0,0,6314,0.263083,1,0.0015,0
1087,10775.7,7,0,2.61671,4.41471,0,0,0,7.03142,323,322,0,1,1.80238,1.80238,1776,388,5,1127,0,0,0,0,0,3464,4331.59,1.00775,23.2045,560672,184,49831,2234,1650294,736,199324,8936,32,4,780764,1537458,24984448,6149832,31134280,4,4,12,4,49,16,12,20,20,20260807,5,1,1,1,0,0,0,6314,0.263083,1,0.0015,0
1088,10784.3,9,0,2.61104,5.83567,0,0,0,8.44671,323,323,0,1,1.80238,1.80238,1781,392,5,1127,0,0,0,0,0,3464,4331.59,1.00775,23.2045,560672,184,49831,2234,1650294,736,199324,8936,32,4,780764,1537458,24984448,6149832,31134280,4,4,12,4,49,16,12,20,20,20260807,5,1,1,1,0,0,0,6314,0.263083,1,0.0015,0
1089,10797.9,13,0,8.69125,4.84796,0,0,0,13.5392,324,323,0,1,1.80238,1.80238,1781,388,8,1129,0,0,0,0,0,3469,4340.4,1.00979,23.2045,561341,184,49863,2234,1652142,736,199452,8936,32,4,781407,1538742,25005024,6154968,31159992,4,4,12,4,49,16,12,20,20,20260807,5,1,1,1,0,0,0,6315,0.263125,1,0.0015,1
1090,10806.3,9,0,2.40908,5.85679,0,0,0,8.26587,324,324,0,1,1.80238,1.80238,1786,391,6,1132,0,0,0,0,0,3470,4341.57,1.17492,23.2045,561723,184,49863,2234,1653182,736,199452,8936,32,4,782740,1541664,25047680,6166656,31214336,4,4,12,4,49,16,12,20,20,20260807,5,1,1,1,0,0,0,6315,0.263125,1,0.0015,0
1091,10814.2,8,0,3.19771,4.6195,0,0,0,7.81721,324,324,0,1,1.80238,1.80238,1786,387,6,1136,0,0,0,0,0,3474,4347.72,1.05154,23.2045,562223,184,49863,2234,1654562,736,199452,8936,32,4,785092,1546818,25122944,6187272,31310216,4,4,12,4,49,16,12,20,20,20260807,5,1,1,1,0,0,0,6315,0.263125,1,0.0015,0
1092,10821.7,7,0,2.71446,4.67267,0,0,0,7.38713,324,324,0,1,1.80238,1.80238,1786,383,5,1141,0,0,0,0,0,3478,4351.96,1.19075,23.2045,562819,184,49926,2234,1656180,736,199704,8936,32,4,787030,1550910,25184960,6203640,31388600,4,4,12,4,49,16,12,20,20,20260807,5,1,1,1,0,0,0,6315,0.263125,1,0.0015,0
1093,10833.3,12,0,7.73858,3.85679,0,0,0,11.5954,325,325,0,1,1.80238,1.80238,1791,387,5,1142,0,0,0,0,0,3479,4353.22,1.25887,23.2045,563210,184,49926,2234,1657259,736,199704,8936,32,4,788109,1553256,25219488,6213024,31432512,4,4,12,4,49,16,12,20,20,20260807,5,1,1,1,0,0,0,6315,0.263125,1,0.0015,0
1094,10839.7,6,0,2.372,3.91763,0,0,0,6.28963,325,325,0,1,1.80238,1.80238,1791,384,6,1144,0,0,0,0,0,3482,4357.66,1.30629,23.2045,563527,184,49952,2234,1658114,736,199808,8936,32,4,788687,1554480,25237984,6217920,31455904,4,4,12,4,49,16,12,20,20,20260807,5,1,1,1,0,0,0,6316,0.263167,1,0.0015,1
1095,10852.5,13,0,7.87483,4.85062,0,0,0,12.7255,326,326,0,1,1.80238,1.80238,1796,388,5,1147,0,0,0,0,0,3484,4359.97,1.10488,23.2045,564054,184,49952,2234,1659529,736,199808,8936,32,4,790483,1558476,25295456,6233904,31529360,4,4,12,4,49,16,12,20,20,20260807,5,1,1,1,0,0,0,6316,0.263167,1,0.0015,0
1096,10859.4,7,0,2.36662,4.40417,0,0,0,6.77079,326,326,0,1,1.80238,1.80238,1796,384,6,1148,0,0,0,0,0,3487,4363.66,1.83375,23.2045,564245,184,49952,2234,1660151,736,199808,8936,32,4,791105,1559622,25315360,6238488,31553848,4,4,12,4,49,16,12,20,20,20260807,5,1,1,1,0,0,0,6316,0.263167,1,0.0015,0
1097,10870.9,11,0,7.32558,4.15304,0,0,0,11.4786,327,327,0,1,1.80238,1.80238,1801,388,5,1149,0,0,0,0,0,3489,4366.7,1.08046,23.2045,564263,184,49952,2234,1660198,736,199808,8936,32,4,791152,1559730,25316864,6238920,31555784,4,4,12,4,49,16,12,20,20,20260807,5,1,1,1,0,0,0,6316,0.263167,1,0.0015,0
1098,10880.5,10,0,5.35683,4.13867,0,0,0,9.4955,327,327,0,1,1.80238,1.80238,1801,384,6,1150,0,0,0,0,0,3492,4371.86,1.81425,23.2045,564426,184,49952,2234,1660704,736,199808,8936,32,4,791658,1560708,25333056,6242832,31575888,4,4,12,4,49,16,12,20,20,20260807,5,1,1,1,0,0,0,6316,0.263167,1,0.0015,0
1099,10887.2,7,0,2.17917,4.47504,0,0,0,6.65421,328,327,0,1,1.80238,1.80238,1801,383,5,1152,0,0,0,0,0,3494,4375.4,1.75746,23.2045,564795,184,49952,2234,1661714,736,199808,8936,32,4,792668,1562922,25365376,6251688,31617064,4,4,12,4,49,16,12,20,20,20260807,5,1,1,1,0,0,0,6316,0.263167,1,0.0015,0
1100,10900.7,13,0,2.19638,11.1753,0,0,0,13.3716,328,328,0,1,1.80238,1.80238,1806,387,5,1152,0,0,0,0,0,3494,4375.4,1.75746,23.2045,564795,184,49952,2234,1661714,736,199808,8936,32,4,792668,1562922,25365376,6251688,31617064,4,4,12,4,49,16,12,20,20,20260807,5,1,1,1,0,0,0,6317,0.263208,1,0.0015,1
1101,10909.8,9,0,2.77671,6.27729,0,0,0,9.054,329,328,0,1,1.80238,1.80238,1806,383,5,1156,0,0,0,0,0,3499,4384.44,1.89079,23.2045,566036,184,49952,2234,1665189,736,199808,8936,32,4,796143,1570368,25476576,6281472,31758048,4,4,12,4,49,16,12,20,20,20260807,5,1,1,1,0,0,0,6317,0.263208,1,0.0015,0
1102,10918.8,9,0,4.42933,4.46325,0,0,0,8.89258,329,329,0,1,1.80238,1.80238,1811,387,5,1156,0,0,0,0,0,3499,4384.44,1.89079,23.2045,566036,184,49952,2234,1665189,736,199808,8936,32,4,796143,1570368,25476576,6281472,31758048,4,4,12,4,49,16,12,20,20,20260807,5,1,1,1,0,0,0,6317,0.263208,1,0.0015,0
1103,10931.4,13,0,7.70263,4.86529,0,0,0,12.5679,329,329,0,1,1.80238,1.80238,1811,381,9,1158,0,0,0,0,0,3505,4392.85,1.30125,23.2045,567152,184,49952,2234,1668250,736,199808,8936,32,4,797082,1572468,25506624,6289872,31796496,4,4,12,4,49,16,12,20,20,20260807,5,1,1,1,0,0,0,6317,0.263208,1,0.0015,0
1104,10939.5,8,0,2.73008,4.94913,0,0,0,7.67921,329,329,0,1,1.80238,1.80238,1811,378,6,1164,0,0,0,0,0,3508,4398.91,1.98237,23.2045,567635,184,50001,2234,1669607,736,200004,8936,32,4,799889,1578450,25596448,6313800,31910248,4,4,12,4,49,16,12,20,20,20260807,5,1,1,1,0,0,0,6317,0.263208,1,0.0015,0
1105,10949.2,10,0,4.90975,4.646,0,0,0,9.55575,330,330,0,1,1.80238,1.80238,1816,382,5,1166,0,0,0,0,0,3509,4399.98,1.06304,23.2045,567827,184,50001,2234,1670109,736,200004,8936,32,4,801259,1581408,25640288,6325632,31965920,4,4,12,4,49,16,12,20,20,20260807,5,1,1,1,0,0,0,6318,0.26325,1,0.0015,1
1106,10956.3,7,0,2.87558,4.21837,0,0,0,7.09396,330,330,0,1,1.80238,1.80238,1816,378,5,1170,0,0,0,0,0,3513,4404.47,1.31038,23.2045,568151,184,50001,2234,1670937,736,200004,8936,32,4,802087,1583352,25666784,6333408,32000192,4,4,12,4,49,16,12,20,20,20260807,5,1,1,1,0,0,0,6318,0.26325,1,0.0015,0
1107,10978.5,22,0,2.20296,19.8576,0,0,0,22.0606,331,330,0,1,1.80238,1.80238,1816,378,5,1170,0,0,0,0,0,3514,4405.96,1.48621,23.2045,568151,184,50001,2234,1670937,736,200004,8936,32,4,802087,1583352,25666784,6333408,32000192,4,4,12,4,49,16,12,20,20,20260807,5,1,1,1,0,0,0,6318,0.26325,1,0.0015,0
1108,10989.3,11,0,5.45429,5.33475,0,0,0,10.789,332,332,0,1,1.80238,1.80238,1826,382,5,1175,0,0,0,0,0,3519,4412.57,0.997459,23.2045,569182,184,50001,2234,1673793,736,200004,8936,32,4,804943,1589538,25758176,6358152,32116328,4,4,12,4,49,16,12,20,20,20260807,5,1,1,1,0,0,0,6318,0.26325,1,0.0015,0
1109,10997.7,8,0,3.67608,4.62512,0,0,0,8.30121,332,332,0,1,1.80238,1.80238,1826,378,6,1178,0,0,0,0,0,3524,4418.9,1.90917,23.2045,569412,184,50001,2234,1674464,736,200004,8936,32,4,805467,1590570,25774944,6362280,32137224,4,4,12,4,49,16,12,20,20,20260807,5,1,1,1,0,0,0,6319,0.263292,1,0.0015,1
1110,11005.4,8,0,3.40238,4.20183,0,0,0,7.60421,333,333,0,1,1.80238,1.80238,1831,382,5,1179,0,0,0,0,0,3524,4418.9,1.90917,23.2045,569412,184,50001,2234,1674464,736,200004,8936,32,4,805614,1590918,25779648,6363672,32143320,4,4,12,4,49,16,12,20,20,20260807,5,1,1,1,0,0,0,6319,0.263292,1,0.0015,0
1111,11014.3,9,0,4.11296,4.70787,0,0,0,8.82083,334,333,0,1,1.80238,1.80238,1831,378,6,1183,0,0,0,0,0,3529,4424.23,1.02342,23.2045,570597,184,50128,2234,1677692,736,200512,8936,32,4,808870,1597674,25883840,6390696,32274536,4,4,12,4,49,16,12,20,20,20260807,5,1,1,1,0,0,0,6319,0.263292,1,0.0015,0
1112,11022.3,8,0,3.16104,4.72408,0,0,0,7.88513,334,334,0,1,1.80238,1.80238,1836,382,5,1184,0,0,0,0,0,3529,4424.23,1.02342,23.2045,570597,184,50128,2234,1677692,736,200512,8936,32,4,809350,1598790,25899200,6395160,32294360,4,4,12,4,49,16,12,20,20,20260807,5,1,1,1,0,0,0,6319,0.263292,1,0.0015,0
1113,11032.6,10,0,6.46104,3.74092,0,0,0,10.202,335,334,0,1,1.80238,1.80238,1836,378,6,1187,0,0,0,0,0,3534,4429.21,1.01654,23.2045,570923,184,50169,2234,1678658,736,200676,8936,32,4,810420,1600872,25933440,6403488,32336928,4,4,12,4,49,16,12,20,20,20260807,5,1,1,1,0,0,0,6319,0.263292,1,0.0015,0
1114,11047.5,15,0,10.321,4.52846,0,0,0,14.8494,337,336,0,1,1.80238,1.80238,1846,388,5,1188,0,0,0,0,0,3534,4429.21,1.01654,23.2045,570923,184,50169,2234,1678658,736,200676,8936,32,4,810480,1600992,25935360,6403968,32339328,4,4,12,4,49,16,12,20,20,20260807,5,1,1,1,0,0,0,6320,0.263333,1,0.0015,1
1115,11056.2,9,0,4.81933,3.85142,0,0,0,8.67075,337,337,0,1,1.80238,1.80238,1851,392,5,1188,0,0,0,0,0,3534,4429.21,1.01654,23.2045,570923,184,50169,2234,1678658,736,200676,8936,32,4,810480,1600992,25935360,6403968,32339328,4,4,12,4,49,16,12,20,20,20260807,5,1,1,1,0,0,0,6320,0.263333,1,0.0015,0
1116,11065.9,9,0,3.03417,6.50954,0,0,0,9.54371,337,337,0,1,1.80238,1.80238,1851,388,7,1191,0,0,0,0,0,3539,4435.35,1.09758,23.2045,571283,184,50425,2234,1679661,736,201700,8936,32,4,812320,1604316,25994240,6417264,32411504,4,4,12,4,49,16,12,20,20,20260807,5,1,1,1,0,0,0,6320,0.263333,1,0.0015,0
1117,11073.9,8,0,3.9115,4.02817,0,0,0,7.93967,338,338,0,1,1.80238,1.80238,1856,392,5,1192,0,0,0,0,0,3539,4435.35,1.09758,23.2045,571283,184,50425,2234,1679661,736,201700,8936,32,4,812507,1604688,26000224,6418752,32418976,4,4,12,4,49,16,12,20,20,20260807,5,1,1,1,0,0,0,6320,0.263333,1,0.0015,0
1118,11097.2,24,0,19.1043,4.08117,0,0,0,23.1855,339,339,0,1,1.80238,1.80238,1861,388,11,1194,0,0,0,0,0,3548,4444.99,1.18121,23.2045,572508,184,50681,2234,1682995,736,202724,8936,32,4,813004,1605720,26016128,6422880,32439008,4,4,12,4,49,16,12,20,20,20260807,5,1,1,1,0,0,0,6320,0.263333,1,0.0015,0
1119,11106.6,9,0,5.43067,3.86079,0,0,0,9.29146,340,340,0,1,1.80238,1.80238,1866,393,5,1201,0,0,0,0,0,3549,4446.27,1.28588,23.2045,572846,184,50681,2234,1683921,736,202724,8936,32,4,817791,1615602,26169312,6462408,32631720,4,4,12,4,49,16,12,20,20,20260807,5,1,1,1,0,0,0,6321,0.263375,1,0.0015,1
1120,11116.6,10,0,6.26296,3.75287,0,0,0,10.0158,340,340,0,1,1.80238,1.80238,1866,388,8,1202,0,0,0,0,0,3553,4452.6,1.1,23.2045,573454,184,50937,2234,1685626,736,203748,8936,32,4,818880,1617960,26204160,6471840,32676000,4,4,12,4,49,16,12,20,20,20260807,5,1,1,1,0,0,0,6321,0.263375,1,0.0015,0
1121,11130.6,14,0,9.6185,4.24587,0,0,0,13.8644,341,341,0,1,1.80238,1.80238,1871,390,7,1206,0,0,0,0,0,3556,4455.31,0.498375,23.2045,573795,184,51021,2234,1686550,736,204084,8936,32,4,820939,1621728,26270048,6486912,32756960,4,4,12,4,49,16,12,20,20,20260807,5,1,1,1,0,0,0,6321,0.263375,1,0.0015,0
1122,11137.8,7,0,2.53737,4.61654,0,0,0,7.15392,342,341,0,1,1.80238,1.80238,1871,388,6,1208,0,0,0,0,0,3559,4459.48,1.04821,23.2045,573803,184,51021,2234,1686578,736,204084,8936,32,4,821780,1623336,26296960,6493344,32790304,4,4,12,4,49,16,12,20,20,20260807,5,1,1,1,0,0,0,6321,0.263375,1,0.0015,0
1123,11146.8,9,0,4.75417,4.16192,0,0,0,8.91608,342,342,0,1,1.80238,1.80238,1876,392,5,1209,0,0,0,0,0,3559,4459.48,1.04821,23.2045,573803,184,51021,2234,1686578,736,204084,8936,32,4,821808,1623384,26297856,6493536,32791392,4,4,12,4,49,16,12,20,20,20260807,5,1,1,1,0,0,0,6322,0.263417,1,0.0015,1
1124,11154.7,8,0,3.29325,4.46833,0,0,0,7.76158,342,342,0,1,1.80238,1.80238,1876,389,6,1211,0,0,0,0,0,3562,4464.84,2.09675,23.2045,574962,184,51033,2234,1689788,736,204132,8936,32,4,823951,1627944,26366432,6511776,32878208,4,4,12,4,49,16,12,20,20,20260807,5,1,1,1,0,0,0,6322,0.263417,1,0.0015,0
1125,11164.8,10,0,5.71558,4.33396,0,0,0,10.0495,343,343,0,1,1.80238,1.80238,1881,393,5,1214,0,0,0,0,0,3564,4467.65,1.472,23.2045,575441,184,51033,2234,1691057,736,204132,8936,32,4,826335,1633284,26442720,6533136,32975856,4,4,12,4,49,16,12,20,20,20260807,5,1,1,1,0,0,0,6322,0.263417,1,0.0015,0
1126,11171.8,7,0,2.50567,4.399,0,0,0,6.90467,343,343,0,1,1.80238,1.80238,1881,389,6,1216,0,0,0,0,0,3567,4471.72,1.66112,23.2045,575860,184,51038,2234,1692243,736,204152,8936,32,4,826717,1634082,26454944,6536328,32991272,4,4,12,4,49,16,12,20,20,20260807,5,1,1,1,0,0,0,6322,0.263417,1,0.0015,0
1127,11183.3,12,0,7.62721,3.86483,0,0,0,11.492,344,344,0,1,1.80238,1.80238,1886,393,5,1219,0,0,0,0,0,3569,4475,1.14088,23.2045,576058,184,51038,2234,1692812,736,204152,8936,32,4,828110,1637016,26499520,6548064,33047584,4,4,12,4,49,16,12,20,20,20260807,5,1,1,1,0,0,0,6322,0.263417,1,0.0015,0
1128,11190.6,7,0,2.58375,4.46583,0,0,0,7.04958,344,344,0,1,1.80238,1.80238,1886,389,6,1221,0,0,0,0,0,3572,4479.09,1.65004,23.2045,576931,184,51264,2234,1695182,736,205056,8936,32,4,830221,1641060,26567072,6564240,33131312,4,4,12,4,49,16,12,20,20,20260807,5,1,1,1,0,0,0,6323,0.263458,1,0.0015,1
1129,11214.3,24,0,19.3421,4.32188,0,0,0,23.664,346,345,0,1,1.80238,1.80238,1891,388,11,1223,0,0,0,0,0,3579,4490.01,1.67804,23.2045,577835,184,51516,2234,1697548,736,206064,8936,32,4,831420,1643724,26605440,6574896,33180336,4,4,12,4,49,16,12,20,20,20260807,5,1,1,1,0,0,0,6323,0.263458,1,0.0015,0
1130,11224.9,10,0,6.28238,4.17733,0,0,0,10.4597,346,346,0,1,1.80238,1.80238,1896,391,6,1228,0,0,0,0,0,3580,4491.08,1.06246,23.2045,577931,184,51516,2234,1697791,736,206064,8936,32,4,834758,1650546,26712256,6602184,33314440,4,4,12,4,49,16,12,20,20,20260807,5,1,1,1,0,0,0,6323,0.263458,1,0.0015,0
1131,11238.6,14,0,9.17013,4.45454,0,0,0,13.6247,347,347,0,1,1.80238,1.80238,1901,393,6,1232,0,0,0,0,0,3584,4495.83,1.27233,23.2045,578542,184,51604,2234,1699503,736,206416,8936,32,4,836783,1654692,26777056,6618768,33395824,4,4,12,4,49,16,12,20,20,20260807,5,1,1,1,0,0,0,6323,0.263458,1,0.0015,0
1132,11247.5,9,0,4.20758,4.5555,0,0,0,8.76308,347,347,0,1,1.80238,1.80238,1901,388,7,1235,0,0,0,0,0,3589,4501.52,0.9955,23.2045,578841,184,51783,2234,1700325,736,207132,8936,32,4,837906,1656612,26812992,6626448,33439440,4,4,12,4,49,16,12,20,20,20260807,5,1,1,1,0,0,0,6324,0.2635,1,0.0015,1
1133,11256.7,9,0,4.87604,4.22892,0,0,0,9.10496,348,348,0,1,1.80238,1.80238,1906,393,5,1236,0,0,0,0,0,3589,4501.52,0.9955,23.2045,578841,184,51783,2234,1700325,736,207132,8936,32,4,838603,1658184,26835296,6632736,33468032,4,4,12,4,49,16,12,20,20,20260807,5,1,1,1,0,0,0,6324,0.2635,1,0.0015,0
1134,11264.3,8,0,2.99492,4.60042,0,0,0,7.59533,348,348,0,1,1.80238,1.80238,1906,390,6,1237,0,0,0,0,0,3591,4506.02,1.3225,23.2045,578932,184,52039,2234,1700567,736,208156,8936,32,4,838845,1658730,26843040,6634920,33477960,4,4,12,4,49,16,12,20,20,20260807,5,1,1,1,0,0,0,6324,0.2635,1,0.0015,0
1135,11275.7,11,0,7.38162,3.91617,0,0,0,11.2978,349,349,0,1,1.80238,1.80238,1911,393,5,1240,0,0,0,0,0,3594,4509.63,0.983292,23.2045,579270,184,52039,2234,1701449,736,208156,8936,32,4,840751,1662294,26904032,6649176,33553208,4,4,12,4,49,16,12,20,20,20260807,5,1,1,1,0,0,0,6324,0.2635,1,0.0015,0
1136,11284.2,9,0,4.51258,3.94663,0,0,0,8.45921,349,349,0,1,1.80238,1.80238,1911,389,8,1241,0,0,0,0,0,3598,4513.36,0.9905,23.2045,579506,184,52231,2234,1702107,736,208924,8936,32,4,841090,1663098,26914880,6652392,33567272,4,4,12,4,49,16,12,20,20,20260807,5,1,1,1,0,0,0,6324,0.2635,1,0.0015,0
1137,11298,13,0,8.66871,4.90708,0,0,0,13.5758,350,350,0,1,1.80238,1.80238,1916,392,5,1245,0,0,0,0,0,3599,4515.35,1.99367,23.2045,579705,184,52231,2234,1702663,736,208924,8936,32,4,842733,1666056,26967456,6664224,33631680,4,4,12,4,49,16,12,20,20,20260807,5,1,1,1,0,0,0,6325,0.263542,1,0.0015,1
1138,11306,8,0,3.65537,4.26996,0,0,0,7.92533,351,350,0,1,1.80238,1.80238,1916,388,5,1249,0,0,0,0,0,3604,4520.45,1.09808,23.2045,580180,184,52467,2234,1703904,736,209868,8936,32,4,844918,1670322,27037376,6681288,33718664,4,4,12,4,49,16,12,20,20,20260807,5,1,1,1,0,0,0,6325,0.263542,1,0.0015,0
1139,11313.9,8,0,3.05287,4.72679,0,0,0,7.77967,351,351,0,1,1.80238,1.80238,1921,392,5,1249,0,0,0,0,0,3604,4520.45,1.09808,23.2045,580180,184,52467,2234,1703904,736,209868,8936,32,4,844918,1670322,27037376,6681288,33718664,4,4,12,4,49,16,12,20,20,20260807,5,1,1,1,0,0,0,6325,0.263542,1,0.0015,0
1140,11321.7,8,0,3.35462,4.38004,0,0,0,7.73467,351,351,0,1,1.80238,1.80238,1921,388,6,1251,0,0,0,0,0,3608,4526.08,1.16046,23.2045,580263,184,52702,2234,1704152,736,210808,8936,32,4,846106,1672230,27075392,6688920,33764312,4,4,12,4,49,16,12,20,20,20260807,5,1,1,1,0,0,0,6325,0.263542,1,0.0015,0
1141,11332.2,11,0,5.0555,4.54796,0,0,0,9.60346,352,352,0,1,1.80238,1.80238,1926,392,5,1251,0,0,0,0,0,3609,4528.01,1.92342,23.2045,580263,184,52702,2234,1704152,736,210808,8936,32,4,846106,1672230,27075392,6688920,33764312,4,4,12,4,49,16,12,20,20,20260807,5,1,1,1,0,0,0,6325,0.263542,1,0.0015,0
1142,11339.2,7,0,2.82746,4.09179,0,0,0,6.91925,353,352,0,1,1.80238,1.80238,1926,388,6,1255,0,0,0,0,0,3614,4532.83,0.992125,23.2045,580539,184,52958,2234,1704889,736,211832,8936,32,4,847867,1675422,27131744,6701688,33833432,4,4,12,4,49,16,12,20,20,20260807,5,1,1,1,0,0,0,6326,0.263583,1,0.0015,1
1143,11349.7,10,0,6.56633,3.87387,0,0,0,10.4402,353,353,0,1,1.80238,1.80238,1931,392,5,1255,0,0,0,0,0,3614,4532.83,0.992125,23.2045,580539,184,52958,2234,1704889,736,211832,8936,32,4,847867,1675422,27131744,6701688,33833432,4,4,12,4,49,16,12,20,20,20260807,5,1,1,1,0,0,0,6326,0.263583,1,0.0015,0
1144,11356.7,7,0,2.76942,4.11963,0,0,0,6.88904,354,353,0,1,1.80238,1.80238,1931,388,5,1258,0,0,0,0,0,3618,4536.67,0.991792,23.2045,581155,184,53214,2234,1706586,736,212856,8936,32,4,850588,1680654,27218816,6722616,33941432,4,4,12,4,49,16,12,20,20,20260807,5,1,1,1,0,0,0,6326,0.263583,1,0.0015,0
1145,11363.9,7,0,2.93983,4.16717,0,0,0,7.107,354,354,0,1,1.80238,1.80238,1936,392,5,1258,0,0,0,0,0,3618,4536.67,0.991792,23.2045,581155,184,53214,2234,1706586,736,212856,8936,32,4,850588,1680654,27218816,6722616,33941432,4,4,12,4,49,16,12,20,20,20260807,5,1,1,1,0,0,0,6326,0.263583,1,0.0015,0
1146,11381.3,18,0,13.1143,4.19454,0,0,0,17.3089,355,355,0,1,1.80238,1.80238,1941,391,7,1262,0,0,0,0,0,3624,4543.61,1.085,23.2045,581880,184,53470,2234,1708599,736,213880,8936,32,4,853377,1686006,27308064,6744024,34052088,4,4,12,4,49,16,12,20,20,20260807,5,1,1,1,0,0,0,6326,0.263583,1,0.0015,0
1147,11390.7,9,0,5.58996,3.74879,0,0,0,9.33875,356,356,0,1,1.80238,1.80238,1946,393,5,1265,0,0,0,0,0,3627,4546.55,1.49517,23.2045,581880,184,53726,2234,1708599,736,214904,8936,32,4,854649,1688076,27348768,6752304,34101072,4,4,12,4,49,16,12,20,20,20260807,5,1,1,1,0,0,0,6326,0.263583,1,0.0015,0
1148,11414.7,24,0,19.6532,4.1905,0,0,0,23.8437,357,357,0,1,1.80238,1.80238,1951,393,9,1266,0,0,0,0,0,3632,4554.86,1.58842,23.2045,582477,184,53982,2234,1710131,736,215928,8936,32,4,855489,1690074,27375648,6760296,34135944,4,4,12,4,49,16,12,20,20,20260807,5,1,1,1,0,0,0,6327,0.263625,1,0.0015,1
1149,11421.9,7,0,3.1325,3.99746,0,0,0,7.12996,357,357,0,1,1.80238,1.80238,1951,389,6,1272,0,0,0,0,0,3635,4559.05,1.43804,23.2045,582899,184,54238,2234,1711270,736,216952,8936,32,4,859068,1696626,27490176,6786504,34276680,4,4,12,4,49,16,12,20,20,20260807,5,1,1,1,0,0,0,6327,0.263625,1,0.0015,0
1150,11432.8,11,0,7.01933,3.80592,0,0,0,10.8253,358,358,0,1,1.80238,1.80238,1956,393,5,1275,0,0,0,0,0,3637,4562.91,1.67525,23.2045,583617,184,54238,2234,1713226,736,216952,8936,32,4,861324,1701570,27562368,6806280,34368648,4,4,12,4,49,16,12,20,20,20260807,5,1,1,1,0,0,0,6327,0.263625,1,0.0015,0
1151,11440,7,0,2.97613,4.18554,0,0,0,7.16167,358,358,0,1,1.80238,1.80238,1956,390,6,1276,0,0,0,0,0,3639,4565.86,1.06117,23.2045,583730,184,54494,2234,1713523,736,217976,8936,32,4,861621,1702248,27571872,6808992,34380864,4,4,12,4,49,16,12,20,20,20260807,5,1,1,1,0,0,0,6328,0.263667,1,0.0015,1
1152,11452.5,13,0,7.79563,4.59183,0,0,0,12.3875,359,359,0,1,1.80238,1.80238,1961,393,5,1278,0,0,0,0,0,3641,4567.89,0.963209,23.2045,583747,184,54494,2234,1713572,736,217976,8936,32,4,862694,1703886,27606208,6815544,34421752,4,4,12,4,49,16,12,20,20,20260807,5,1,1,1,0,0,0,6328,0.263667,1,0.0015,0
1153,11458.9,6,0,2.50008,3.7805,0,0,0,6.28058,359,359,0,1,1.80238,1.80238,1961,390,6,1280,0,0,0,0,0,3644,4572.72,2.20992,23.2045,583884,184,54750,2234,1713919,736,219000,8936,32,4,863899,1705812,27644768,6823248,34468016,4,4,12,4,49,16,12,20,20,20260807,5,1,1,1,0,0,0,6328,0.263667,1,0.0015,0
1154,11470.5,11,0,7.31867,4.233,0,0,0,11.5517,360,360,0,1,1.80238,1.80238,1966,393,6,1282,0,0,0,0,0,3646,4576.44,1.69033,23.2045,583895,184,54750,2234,1713953,736,219000,8936,32,4,864099,1706310,27651168,6825240,34476408,4,4,12,4,49,16,12,20,20,20260807,5,1,1,1,0,0,0,6328,0.263667,1,0.0015,0
1155,11480.6,10,0,5.90712,4.07758,0,0,0,9.98471,361,360,0,1,1.80238,1.80238,1966,388,8,1284,0,0,0,0,0,3650,4581.14,0.972,23.2045,584096,184,55006,2234,1714523,736,220024,8936,32,4,865529,1708716,27696928,6834864,34531792,4,4,12,4,49,16,12,20,20,20260807,5,1,1,1,0,0,0,6328,0.263667,1,0.0015,0
1156,11488.4,8,0,2.48454,5.32483,0,0,0,7.80938,361,361,0,1,1.80238,1.80238,1971,392,5,1285,0,0,0,0,0,3650,4581.14,0.972,23.2045,584096,184,55006,2234,1714523,736,220024,8936,32,4,865693,1709052,27702176,6836208,34538384,4,4,12,4,49,16,12,20,20,20260807,5,1,1,1,0,0,0,6328,0.263667,1,0.0015,0
1157,11498.4,10,0,4.62117,5.18987,0,0,0,9.81104,361,361,0,1,1.80238,1.80238,1971,388,6,1288,0,0,0,0,0,3655,4587.37,1.0905,23.2045,584359,184,55262,2234,1715218,736,221048,8936,32,4,867412,1712166,27757184,6848664,34605848,4,4,12,4,49,16,12,20,20,20260807,5,1,1,1,0,0,0,6329,0.263708,1,0.0015,1
1158,11504.8,6,0,2.33696,4.05442,0,0,0,6.39138,361,361,0,1,1.80238,1.80238,1971,388,5,1288,0,0,0,0,0,3655,4587.37,1.0905,23.2045,584359,184,55262,2234,1715218,736,221048,8936,32,4,867412,1712166,27757184,6848664,34605848,4,4,12,4,49,16,12,20,20,20260807,5,1,1,1,0,0,0,6329,0.263708,1,0.0015,0
1159,11529.5,26,0,2.27588,22.3369,0,0,0,24.6127,361,361,0,1,1.80238,1.80238,1971,388,5,1288,0,0,0,0,0,3655,4587.37,1.0905,23.2045,584359,184,55262,2234,1715218,736,221048,8936,32,4,867412,1712166,27757184,6848664,34605848,4,4,12,4,49,16,12,20,20,20260807,5,1,1,1,0,0,0,6329,0.263708,1,0.0015,0
1160,11537.4,8,0,2.57921,5.10221,0,0,0,7.68142,361,361,0,1,1.80238,1.80238,1971,388,5,1288,0,0,0,0,0,3655,4587.37,1.0905,23.2045,584359,184,55262,2234,1715218,736,221048,8936,32,4,867412,1712166,27757184,6848664,34605848,4,4,12,4,49,16,12,20,20,20260807,5,1,1,1,0,0,0,6329,0.263708,1,0.0015,0
1161,11546.1,9,0,2.43325,6.20254,0,0,0,8.63579,361,361,0,1,1.80238,1.80238,1971,388,5,1288,0,0,0,0,0,3655,4587.37,1.0905,23.2045,584359,184,55262,2234,1715218,736,221048,8936,32,4,867412,1712166,27757184,6848664,34605848,4,4,12,4,49,16,12,20,20,20260807,5,1,1,1,0,0,0,6330,0.26375,1,0.0015,1
1162,11553.6,7,0,2.41292,5.00075,0,0,0,7.41367,361,361,0,1,1.80238,1.80238,1971,388,5,1288,0,0,0,0,0,3655,4587.37,1.0905,23.2045,584359,184,55262,2234,1715218,736,221048,8936,32,4,867412,1712166,27757184,6848664,34605848,4,4,12,4,49,16,12,20,20,20260807,5,1,1,1,0,0,0,6330,0.26375,1,0.0015,0
1163,11562.7,9,0,2.34292,6.72833,0,0,0,9.07125,361,361,0,1,1.80238,1.80238,1971,388,5,1288,0,0,0,0,0,3655,4587.37,1.0905,23.2045,584359,184,55262,2234,1715218,736,221048,8936,32,4,867412,1712166,27757184,6848664,34605848,4,4,12,4,49,16,12,20,20,20260807,5,1,1,1,0,0,0,6330,0.26375,1,0.0015,0
1164,11570.6,8,0,2.37921,5.44354,0,0,0,7.82275,361,361,0,1,1.80238,1.80238,1971,388,5,1288,0,0,0,0,0,3655,4587.37,1.0905,23.2045,584359,184,55262,2234,1715218,736,221048,8936,32,4,867412,1712166,27757184,6848664,34605848,4,4,12,4,49,16,12,20,20,20260807,5,1,1,1,0,0,0,6330,0.26375,1,0.0015,0
1165,11578.4,8,0,2.39108,5.32062,0,0,0,7.71171,361,361,0,1,1.80238,1.80238,1971,388,5,1288,0,0,0,0,0,3655,4587.37,1.0905,23.2045,584359,184,55262,2234,1715218,736,221048,8936,32,4,867412,1712166,27757184,6848664,34605848,4,4,12,4,49,16,12,20,20,20260807,5,1,1,1,0,0,0,6330,0.26375,1,0.0015,0
1166,11585.3,7,0,2.25821,4.51971,0,0,0,6.77792,361,361,0,1,1.80238,1.80238,1971,388,5,1288,0,0,0,0,0,3655,4587.37,1.0905,23.2045,584359,184,55262,2234,1715218,736,221048,8936,32,4,867412,1712166,27757184,6848664,34605848,4,4,12,4,49,16,12,20,20,20260807,5,1,1,1,0,0,0,6330,0.26375,1,0.0015,0
1167,11596,10,0,2.5235,8.04942,0,0,0,10.5729,361,361,0,1,1.80238,1.80238,1971,388,5,1288,0,0,0,0,0,3655,4587.37,1.0905,23.2045,584359,184,55262,2234,1715218,736,221048,8936,32,4,867412,1712166,27757184,6848664,34605848,4,4,12,4,49,16,12,20,20,20260807,5,1,1,1,0,0,0,6331,0.263792,1,0.0015,1
1168,11605.2,10,0,2.51079,6.59458,0,0,0,9.10538,361,361,0,1,1.80238,1.80238,1971,388,5,1288,0,0,0,0,0,3655,4587.37,1.0905,23.2045,584359,184,55262,2234,1715218,736,221048,8936,32,4,867412,1712166,27757184,6848664,34605848,4,4,12,4,49,16,12,20,20,20260807,5,1,1,1,0,0,0,6331,0.263792,1,0.0015,0
1169,11612.6,7,0,2.52196,4.87258,0,0,0,7.39454,361,361,0,1,1.80238,1.80238,1971,388,5,1288,0,0,0,0,0,3655,4587.37,1.0905,23.2045,584359,184,55262,2234,1715218,736,221048,8936,32,4,867412,1712166,27757184,6848664,34605848,4,4,12,4,49,16,12,20,20,20260807,5,1,1,1,0,0,0,6331,0.263792,1,0.0015,0
1170,11619.8,7,0,2.48808,4.55529,0,0,0,7.04338,361,361,0,1,1.80238,1.80238,1971,388,5,1288,0,0,0,0,0,3655,4587.37,1.0905,23.2045,584359,184,55262,2234,1715218,736,221048,8936,32,4,867412,1712166,27757184,6848664,34605848,4,4,12,4,49,16,12,20,20,20260807,5,1,1,1,0,0,0,6331,0.263792,1,0.0015,0
1171,11629.1,10,0,2.29787,6.98567,0,0,0,9.28354,361,361,0,1,1.80238,1.80238,1971,388,5,1288,0,0,0,0,0,3655,4587.37,1.0905,23.2045,584359,184,55262,2234,1715218,736,221048,8936,32,4,867412,1712166,27757184,6848664,34605848,4,4,12,4,49,16,12,20,20,20260807,5,1,1,1,0,0,0,6331,0.263792,1,0.0015,0
1172,11637.2,8,0,2.28346,5.743,0,0,0,8.02646,361,361,0,1,1.80238,1.80238,1971,388,5,1288,0,0,0,0,0,3655,4587.37,1.0905,23.2045,584359,184,55262,2234,1715218,736,221048,8936,32,4,867412,1712166,27757184,6848664,34605848,4,4,12,4,49,16,12,20,20,20260807,5,1,1,1,0,0,0,6331,0.263792,1,0.0015,0
1173,11645.6,8,0,2.511,5.79479,0,0,0,8.30579,361,361,0,1,1.80238,1.80238,1971,388,5,1288,0,0,0,0,0,3655,4587.37,1.0905,23.2045,584359,184,55262,2234,1715218,736,221048,8936,32,4,867412,1712166,27757184,6848664,34605848,4,4,12,4,49,16,12,20,20,20260807,5,1,1,1,0,0,0,6332,0.263833,1,0.0015,1
1174,11653.3,8,0,2.48354,5.06083,0,0,0,7.54437,361,361,0,1,1.80238,1.80238,1971,388,5,1288,0,0,0,0,0,3655,4587.37,1.0905,23.2045,584359,184,55262,2234,1715218,736,221048,8936,32,4,867412,1712166,27757184,6848664,34605848,4,4,12,4,49,16,12,20,20,20260807,5,1,1,1,0,0,0,6332,0.263833,1,0.0015,0
1175,11662.3,9,0,2.43896,6.44579,0,0,0,8.88475,361,361,0,1,1.80238,1.80238,1971,388,5,1288,0,0,0,0,0,3655,4587.37,1.0905,23.2045,584359,184,55262,2234,1715218,736,221048,8936,32,4,867412,1712166,27757184,6848664,34605848,4,4,12,4,49,16,12,20,20,20260807,5,1,1,1,0,0,0,6332,0.263833,1,0.0015,0
1176,11669,6,0,2.52779,4.12196,0,0,0,6.64975,361,361,0,1,1.80238,1.80238,1971,388,5,1288,0,0,0,0,0,3655,4587.37,1.0905,23.2045,584359,184,55262,2234,1715218,736,221048,8936,32,4,867412,1712166,27757184,6848664,34605848,4,4,12,4,49,16,12,20,20,20260807,5,1,1,1,0,0,0,6332,0.263833,1,0.0015,0
1177,11678.8,10,0,2.3445,7.41692,0,0,0,9.76142,361,361,0,1,1.80238,1.80238,1971,388,5,1288,0,0,0,0,0,3655,4587.37,1.0905,23.2045,584359,184,55262,2234,1715218,736,221048,8936,32,4,867412,1712166,27757184,6848664,34605848,4,4,12,4,49,16,12,20,20,20260807,5,1,1,1,0,0,0,6332,0.263833,1,0.0015,0
1178,11686,8,0,2.29879,4.81846,0,0,0,7.11725,361,361,0,1,1.80238,1.80238,1971,388,5,1288,0,0,0,0,0,3655,4587.37,1.0905,23.2045,584359,184,55262,2234,1715218,736,221048,8936,32,4,867412,1712166,27757184,6848664,34605848,4,4,12,4,49,16,12,20,20,20260807,5,1,1,1,0,0,0,6332,0.263833,1,0.0015,0
1179,11699.3,13,0,2.32187,10.8644,0,0,0,13.1862,361,361,0,1,1.80238,1.80238,1971,388,5,1288,0,0,0,0,0,3655,4587.37,1.0905,23.2045,584359,184,55262,2234,1715218,736,221048,8936,32,4,867412,1712166,27757184,6848664,34605848,4,4,12,4,49,16,12,20,20,20260807,5,1,1,1,0,0,0,6333,0.263875,1,0.0015,1
1180,11708.2,9,0,2.46904,6.33512,0,0,0,8.80417,361,361,0,1,1.80238,1.80238,1971,388,5,1288,0,0,0,0,0,3655,4587.37,1.0905,23.2045,584359,184,55262,2234,1715218,736,221048,8936,32,4,867412,1712166,27757184,6848664,34605848,4,4,12,4,49,16,12,20,20,20260807,5,1,1,1,0,0,0,6333,0.263875,1,0.0015,0
1181,11715.4,7,0,2.45308,4.65067,0,0,0,7.10375,361,361,0,1,1.80238,1.80238,1971,388,5,1288,0,0,0,0,0,3655,4587.37,1.0905,23.2045,584359,184,55262,2234,1715218,736,221048,8936,32,4,867412,1712166,27757184,6848664,34605848,4,4,12,4,49,16,12,20,20,20260807,5,1,1,1,0,0,0,6333,0.263875,1,0.0015,0
1182,11728.9,13,0,2.66379,10.74,0,0,0,13.4038,361,361,0,1,1.80238,1.80238,1971,388,5,1288,0,0,0,0,0,3655,4587.37,1.0905,23.2045,584359,184,55262,2234,1715218,736,221048,8936,32,4,867412,1712166,27757184,6848664,34605848,4,4,12,4,49,16,12,20,20,20260807,5,1,1,1,0,0,0,6333,0.263875,1,0.0015,0
1183,11736.1,8,0,2.41879,4.67375,0,0,0,7.09254,361,361,0,1,1.80238,1.80238,1971,388,5,1288,0,0,0,0,0,3655,4587.37,1.0905,23.2045,584359,184,55262,2234,1715218,736,221048,8936,32,4,867412,1712166,27757184,6848664,34605848,4,4,12,4,49,16,12,20,20,20260807,5,1,1,1,0,0,0,6333,0.263875,1,0.0015,0
1184,11761.9,25,0,2.38275,23.3562,0,0,0,25.7389,361,361,0,1,1.80238,1.80238,1971,388,5,1288,0,0,0,0,0,3655,4587.37,1.0905,23.2045,584359,184,55262,2234,1715218,736,221048,8936,32,4,867412,1712166,27757184,6848664,34605848,4,4,12,4,49,16,12,20,20,20260807,5,1,1,1,0,0,0,6334,0.263917,1,0.0015,1
1185,11768.4,7,0,2.31162,4.14513,0,0,0,6.45675,361,361,0,1,1.80238,1.80238,1971,388,5,1288,0,0,0,0,0,3655,4587.37,1.0905,23.2045,584359,184,55262,2234,1715218,736,221048,8936,32,4,867412,1712166,27757184,6848664,34605848,4,4,12,4,49,16,12,20,20,20260807,5,1,1,1,0,0,0,6334,0.263917,1,0.0015,0
1186,11778.6,10,0,2.36783,7.76554,0,0,0,10.1334,361,361,0,1,1.80238,1.80238,1971,388,5,1288,0,0,0,0,0,3655,4587.37,1.0905,23.2045,584359,184,55262,2234,1715218,736,221048,8936,32,4,867412,1712166,27757184,6848664,34605848,4,4,12,4,49,16,12,20,20,20260807,5,1,1,1,0,0,0,6334,0.263917,1,0.0015,0
1187,11785.2,7,0,2.35663,4.14471,0,0,0,6.50133,361,361,0,1,1.80238,1.80238,1971,388,5,1288,0,0,0,0,0,3655,4587.37,1.0905,23.2045,584359,184,55262,2234,1715218,736,221048,8936,32,4,867412,1712166,27757184,6848664,34605848,4,4,12,4,49,16,12,20,20,20260807,5,1,1,1,0,0,0,6334,0.263917,1,0.0015,0
1188,11796.8,11,0,2.27704,9.13246,0,0,0,11.4095,361,361,0,1,1.80238,1.80238,1971,388,5,1288,0,0,0,0,0,3655,4587.37,1.0905,23.2045,584359,184,55262,2234,1715218,736,221048,8936,32,4,867412,1712166,27757184,6848664,34605848,4,4,12,4,49,16,12,20,20,20260807,5,1,1,1,0,0,0,6335,0.263958,1,0.0015,1
1189,11812.6,16,0,2.43213,13.318,0,0,0,15.7501,361,361,0,1,1.80238,1.80238,1971,388,5,1288,0,0,0,0,0,3655,4587.37,1.0905,23.2045,584359,184,55262,2234,1715218,736,221048,8936,32,4,867412,1712166,27757184,6848664,34605848,4,4,12,4,49,16,12,20,20,20260807,5,1,1,1,0,0,0,6335,0.263958,1,0.0015,0
1190,11820.4,8,0,3.41229,4.29913,0,0,0,7.71142,361,361,0,1,1.80238,1.80238,1971,388,5,1288,0,0,0,0,0,3655,4587.37,1.0905,23.2045,584359,184,55262,2234,1715218,736,221048,8936,32,4,867412,1712166,27757184,6848664,34605848,4,4,12,4,49,16,12,20,20,20260807,5,1,1,1,0,0,0,6335,0.263958,1,0.0015,0
1191,11828.3,8,0,2.45133,5.41133,0,0,0,7.86267,361,361,0,1,1.80238,1.80238,1971,388,5,1288,0,0,0,0,0,3655,4587.37,1.0905,23.2045,584359,184,55262,2234,1715218,736,221048,8936,32,4,867412,1712166,27757184,6848664,34605848,4,4,12,4,49,16,12,20,20,20260807,5,1,1,1,0,0,0,6335,0.263958,1,0.0015,0
1192,11835.1,7,0,2.33879,4.28388,0,0,0,6.62267,361,361,0,1,1.80238,1.80238,1971,388,5,1288,0,0,0,0,0,3655,4587.37,1.0905,23.2045,584359,184,55262,2234,1715218,736,221048,8936,32,4,867412,1712166,27757184,6848664,34605848,4,4,12,4,49,16,12,20,20,20260807,5,1,1,1,0,0,0,6335,0.263958,1,0.0015,0
1193,11845.4,10,0,2.44329,7.83237,0,0,0,10.2757,361,361,0,1,1.80238,1.80238,1971,388,5,1288,0,0,0,0,0,3655,4587.37,1.0905,23.2045,584359,184,55262,2234,1715218,736,221048,8936,32,4,867412,1712166,27757184,6848664,34605848,4,4,12,4,49,16,12,20,20,20260807,5,1,1,1,0,0,0,6336,0.264,1,0.0015,1
1194,11852.8,7,0,2.235,5.07183,0,0,0,7.30683,361,361,0,1,1.80238,1.80238,1971,388,5,1288,0,0,0,0,0,3655,4587.37,1.0905,23.2045,584359,184,55262,2234,1715218,736,221048,8936,32,4,867412,1712166,27757184,6848664,34605848,4,4,12,4,49,16,12,20,20,20260807,5,1,1,1,0,0,0,6336,0.264,1,0.0015,0
1195,11862.5,10,0,2.26483,7.33838,0,0,0,9.60321,361,361,0,1,1.80238,1.80238,1971,388,5,1288,0,0,0,0,0,3655,4587.37,1.0905,23.2045,584359,184,55262,2234,1715218,736,221048,8936,32,4,867412,1712166,27757184,6848664,34605848,4,4,12,4,49,16,12,20,20,20260807,5,1,1,1,0,0,0,6336,0.264,1,0.0015,0
1196,11870.2,8,0,2.37392,5.25529,0,0,0,7.62921,361,361,0,1,1.80238,1.80238,1971,388,5,1288,0,0,0,0,0,3655,4587.37,1.0905,23.2045,584359,184,55262,2234,1715218,736,221048,8936,32,4,867412,1712166,27757184,6848664,34605848,4,4,12,4,49,16,12,20,20,20260807,5,1,1,1,0,0,0,6336,0.264,1,0.0015,0
1197,11881.1,11,0,2.30567,8.47392,0,0,0,10.7796,361,361,0,1,1.80238,1.80238,1971,388,5,1288,0,0,0,0,0,3655,4587.37,1.0905,23.2045,584359,184,55262,2234,1715218,736,221048,8936,32,4,867412,1712166,27757184,6848664,34605848,4,4,12,4,49,16,12,20,20,20260807,5,1,1,1,0,0,0,6336,0.264,1,0.0015,0
1198,11895,14,0,2.35504,11.5329,0,0,0,13.8879,361,361,0,1,1.80238,1.80238,1971,388,5,1288,0,0,0,0,0,3655,4587.37,1.0905,23.2045,584359,184,55262,2234,1715218,736,221048,8936,32,4,867412,1712166,27757184,6848664,34605848,4,4,12,4,49,16,12,20,20,20260807,5,1,1,1,0,0,0,6336,0.264,1,0.0015,0
1199,11901.7,6,0,2.37029,4.20075,0,0,0,6.57104,361,361,0,1,1.80238,1.80238,1971,388,5,1288,0,0,0,0,0,3655,4587.37,1.0905,23.2045,584359,184,55262,2234,1715218,736,221048,8936,32,4,867412,1712166,27757184,6848664,34605848,4,4,12,4,49,16,12,20,20,20260807,5,1,1,1,0,0,0,6337,0.264042,1,0.0015,1
1200,11914.9,13,0,2.36671,10.7457,0,0,0,13.1125,361,361,0,1,1.80238,1.80238,1971,388,5,1288,0,0,0,0,0,3655,4587.37,1.0905,23.2045,584359,184,55262,2234,1715218,736,221048,8936,32,4,867412,1712166,27757184,6848664,34605848,4,4,12,4,49,16,12,20,20,20260807,5,1,1,1,0,0,0,6337,0.264042,1,0.0015,0
1201,11921.9,7,0,2.39179,4.55638,0,0,0,6.94817,361,361,0,1,1.80238,1.80238,1971,388,5,1288,0,0,0,0,0,3655,4587.37,1.0905,23.2045,584359,184,55262,2234,1715218,736,221048,8936,32,4,867412,1712166,27757184,6848664,34605848,4,4,12,4,49,16,12,20,20,20260807,5,1,1,1,0,0,0,6337,0.264042,1,0.0015,0
1202,11929,7,0,2.32563,4.61283,0,0,0,6.93846,361,361,0,1,1.80238,1.80238,1971,388,5,1288,0,0,0,0,0,3655,4587.37,1.0905,23.2045,584359,184,55262,2234,1715218,736,221048,8936,32,4,867412,1712166,27757184,6848664,34605848,4,4,12,4,49,16,12,20,20,20260807,5,1,1,1,0,0,0,6337,0.264042,1,0.0015,0
1203,11936.1,8,0,2.51908,4.52917,0,0,0,7.04825,361,361,0,1,1.80238,1.80238,1971,388,5,1288,0,0,0,0,0,3655,4587.37,1.0905,23.2045,584359,184,55262,2234,1715218,736,221048,8936,32,4,867412,1712166,27757184,6848664,34605848,4,4,12,4,49,16,12,20,20,20260807,5,1,1,1,0,0,0,6337,0.264042,1,0.0015,0
1204,11944.9,8,0,2.21517,6.48725,0,0,0,8.70242,361,361,0,1,1.80238,1.80238,1971,388,5,1288,0,0,0,0,0,3655,4587.37,1.0905,23.2045,584359,184,55262,2234,1715218,736,221048,8936,32,4,867412,1712166,27757184,6848664,34605848,4,4,12,4,49,16,12,20,20,20260807,5,1,1,1,0,0,0,6338,0.264083,1,0.0015,1
1205,11951.5,7,0,2.44188,4.01708,0,0,0,6.45896,361,361,0,1,1.80238,1.80238,1971,388,5,1288,0,0,0,0,0,3655,4587.37,1.0905,23.2045,584359,184,55262,2234,1715218,736,221048,8936,32,4,867412,1712166,27757184,6848664,34605848,4,4,12,4,49,16,12,20,20,20260807,5,1,1,1,0,0,0,6338,0.264083,1,0.0015,0
1206,11961.7,10,0,2.31742,7.81733,0,0,0,10.1348,361,361,0,1,1.80238,1.80238,1971,388,5,1288,0,0,0,0,0,3655,4587.37,1.0905,23.2045,584359,184,55262,2234,1715218,736,221048,8936,32,4,867412,1712166,27757184,6848664,34605848,4,4,12,4,49,16,12,20,20,20260807,5,1,1,1,0,0,0,6338,0.264083,1,0.0015,0
1207,11968.3,7,0,2.39967,4.16183,0,0,0,6.5615,361,361,0,1,1.80238,1.80238,1971,388,5,1288,0,0,0,0,0,3655,4587.37,1.0905,23.2045,584359,184,55262,2234,1715218,736,221048,8936,32,4,867412,1712166,27757184,6848664,34605848,4,4,12,4,49,16,12,20,20,20260807,5,1,1,1,0,0,0,6338,0.264083,1,0.0015,0
1208,11979.6,11,0,2.3105,8.85471,0,0,0,11.1652,361,361,0,1,1.80238,1.80238,1971,388,5,1288,0,0,0,0,0,3655,4587.37,1.0905,23.2045,584359,184,55262,2234,1715218,736,221048,8936,32,4,867412,1712166,27757184,6848664,34605848,4,4,12,4,49,16,12,20,20,20260807,5,1,1,1,0,0,0,6338,0.264083,1,0.0015,0
1209,11986.9,7,0,2.50446,4.74113,0,0,0,7.24558,361,361,0,1,1.80238,1.80238,1971,388,5,1288,0,0,0,0,0,3655,4587.37,1.0905,23.2045,584359,184,55262,2234,1715218,736,221048,8936,32,4,867412,1712166,27757184,6848664,34605848,4,4,12,4,49,16,12,20,20,20260807,5,1,1,1,0,0,0,6338,0.264083,1,0.0015,0
1210,11995,8,0,2.38792,5.55633,0,0,0,7.94425,361,361,0,1,1.80238,1.80238,1971,388,5,1288,0,0,0,0,0,3655,4587.37,1.0905,23.2045,584359,184,55262,2234,1715218,736,221048,8936,32,4,867412,1712166,27757184,6848664,34605848,4,4,12,4,49,16,12,20,20,20260807,5,1,1,1,0,0,0,6339,0.264125,1,0.0015,1
1211,12001.8,7,0,2.36883,4.43033,0,0,0,6.79917,361,361,0,1,1.80238,1.80238,1971,388,5,1288,0,0,0,0,0,3655,4587.37,1.0905,23.2045,584359,184,55262,2234,1715218,736,221048,8936,32,4,867412,1712166,27757184,6848664,34605848,4,4,12,4,49,16,12,20,20,20260807,5,1,1,1,0,0,0,6339,0.264125,1,0.0015,0
1212,12012.3,11,0,2.30817,8.01863,0,0,0,10.3268,361,361,0,1,1.80238,1.80238,1971,388,5,1288,0,0,0,0,0,3655,4587.37,1.0905,23.2045,584359,184,55262,2234,1715218,736,221048,8936,32,4,867412,1712166,27757184,6848664,34605848,4,4,12,4,49,16,12,20,20,20260807,5,1,1,1,0,0,0,6339,0.264125,1,0.0015,0
1213,12018.8,6,0,2.35392,4.09646,0,0,0,6.45038,361,361,0,1,1.80238,1.80238,1971,388,5,1288,0,0,0,0,0,3655,4587.37,1.0905,23.2045,584359,184,55262,2234,1715218,736,221048,8936,32,4,867412,1712166,27757184,6848664,34605848,4,4,12,4,49,16,12,20,20,20260807,5,1,1,1,0,0,0,6339,0.264125,1,0.0015,0
1214,12029.9,11,0,2.35729,8.68404,0,0,0,11.0413,361,361,0,1,1.80238,1.80238,1971,388,5,1288,0,0,0,0,0,3655,4587.37,1.0905,23.2045,584359,184,55262,2234,1715218,736,221048,8936,32,4,867412,1712166,27757184,6848664,34605848,4,4,12,4,49,16,12,20,20,20260807,5,1,1,1,0,0,0,6339,0.264125,1,0.0015,0
1215,12044.9,15,0,2.40729,12.4573,0,0,0,14.8646,361,361,0,1,1.80238,1.80238,1971,388,5,1288,0,0,0,0,0,3655,4587.37,1.0905,23.2045,584359,184,55262,2234,1715218,736,221048,8936,32,4,867412,1712166,27757184,6848664,34605848,4,4,12,4,49,16,12,20,20,20260807,5,1,1,1,0,0,0,6339,0.264125,1,0.0015,0
1216,12051.5,7,0,2.41117,4.11042,0,0,0,6.52158,361,361,0,1,1.80238,1.80238,1971,388,5,1288,0,0,0,0,0,3655,4587.37,1.0905,23.2045,584359,184,55262,2234,1715218,736,221048,8936,32,4,867412,1712166,27757184,6848664,34605848,4,4,12,4,49,16,12,20,20,20260807,5,1,1,1,0,0,0,6340,0.264167,1,0.0015,1
1217,12061.8,10,0,2.28033,7.96658,0,0,0,10.2469,361,361,0,1,1.80238,1.80238,1971,388,5,1288,0,0,0,0,0,3655,4587.37,1.0905,23.2045,584359,184,55262,2234,1715218,736,221048,8936,32,4,867412,1712166,27757184,6848664,34605848,4,4,12,4,49,16,12,20,20,20260807,5,1,1,1,0,0,0,6340,0.264167,1,0.0015,0
1218,12069.6,8,0,2.36292,5.31888,0,0,0,7.68179,361,361,0,1,1.80238,1.80238,1971,388,5,1288,0,0,0,0,0,3655,4587.37,1.0905,23.2045,584359,184,55262,2234,1715218,736,221048,8936,32,4,867412,1712166,27757184,6848664,34605848,4,4,12,4,49,16,12,20,20,20260807,5,1,1,1,0,0,0,6340,0.264167,1,0.0015,0
1219,12078.2,9,0,2.3545,6.12217,0,0,0,8.47667,361,361,0,1,1.80238,1.80238,1971,388,5,1288,0,0,0,0,0,3655,4587.37,1.0905,23.2045,584359,184,55262,2234,1715218,736,221048,8936,32,4,867412,1712166,27757184,6848664,34605848,4,4,12,4,49,16,12,20,20,20260807,5,1,1,1,0,0,0,6340,0.264167,1,0.0015,0
1220,12084.4,6,0,2.34046,3.81858,0,0,0,6.15904,361,361,0,1,1.80238,1.80238,1971,388,5,1288,0,0,0,0,0,3655,4587.37,1.0905,23.2045,584359,184,55262,2234,1715218,736,221048,8936,32,4,867412,1712166,27757184,6848664,34605848,4,4,12,4,49,16,12,20,20,20260807,5,1,1,1,0,0,0,6340,0.264167,1,0.0015,0
1221,12095.5,11,0,2.24404,8.77746,0,0,0,11.0215,361,361,0,1,1.80238,1.80238,1971,388,5,1288,0,0,0,0,0,3655,4587.37,1.0905,23.2045,584359,184,55262,2234,1715218,736,221048,8936,32,4,867412,1712166,27757184,6848664,34605848,4,4,12,4,49,16,12,20,20,20260807,5,1,1,1,0,0,0,6341,0.264208,1,0.0015,1
1222,12101.7,6,0,2.21696,3.85054,0,0,0,6.0675,361,361,0,1,1.80238,1.80238,1971,388,5,1288,0,0,0,0,0,3655,4587.37,1.0905,23.2045,584359,184,55262,2234,1715218,736,221048,8936,32,4,867412,1712166,27757184,6848664,34605848,4,4,12,4,49,16,12,20,20,20260807,5,1,1,1,0,0,0,6341,0.264208,1,0.0015,0
1223,12111.6,10,0,2.3485,7.52108,0,0,0,9.86958,361,361,0,1,1.80238,1.80238,1971,388,5,1288,0,0,0,0,0,3655,4587.37,1.0905,23.2045,584359,184,55262,2234,1715218,736,221048,8936,32,4,867412,1712166,27757184,6848664,34605848,4,4,12,4,49,16,12,20,20,20260807,5,1,1,1,0,0,0,6341,0.264208,1,0.0015,0
1224,12120.7,9,0,2.33763,6.65496,0,0,0,8.99258,361,361,0,1,1.80238,1.80238,1971,388,5,1288,0,0,0,0,0,3655,4587.37,1.0905,23.2045,584359,184,55262,2234,1715218,736,221048,8936,32,4,867412,1712166,27757184,6848664,34605848,4,4,12,4,49,16,12,20,20,20260807,5,1,1,1,0,0,0,6341,0.264208,1,0.0015,0
1225,12129.5,9,0,2.24887,6.45862,0,0,0,8.7075,361,361,0,1,1.80238,1.80238,1971,388,5,1288,0,0,0,0,0,3655,4587.37,1.0905,23.2045,584359,184,55262,2234,1715218,736,221048,8936,32,4,867412,1712166,27757184,6848664,34605848,4,4,12,4,49,16,12,20,20,20260807,5,1,1,1,0,0,0,6341,0.264208,1,0.0015,0
1226,12136.4,7,0,2.40925,4.37296,0,0,0,6.78221,361,361,0,1,1.80238,1.80238,1971,388,5,1288,0,0,0,0,0,3655,4587.37,1.0905,23.2045,584359,184,55262,2234,1715218,736,221048,8936,32,4,867412,1712166,27757184,6848664,34605848,4,4,12,4,49,16,12,20,20,20260807,5,1,1,1,0,0,0,6341,0.264208,1,0.0015,0
1227,12144.8,8,0,2.27767,6.06754,0,0,0,8.34521,361,361,0,1,1.80238,1.80238,1971,388,5,1288,0,0,0,0,0,3655,4587.37,1.0905,23.2045,584359,184,55262,2234,1715218,736,221048,8936,32,4,867412,1712166,27757184,6848664,34605848,4,4,12,4,49,16,12,20,20,20260807,5,1,1,1,0,0,0,6342,0.26425,1,0.0015,1
1228,12153.6,9,0,2.33087,6.39558,0,0,0,8.72646,361,361,0,1,1.80238,1.80238,1971,388,5,1288,0,0,0,0,0,3655,4587.37,1.0905,23.2045,584359,184,55262,2234,1715218,736,221048,8936,32,4,867412,1712166,27757184,6848664,34605848,4,4,12,4,49,16,12,20,20,20260807,5,1,1,1,0,0,0,6342,0.26425,1,0.0015,0
1229,12161.5,8,0,2.20688,5.56342,0,0,0,7.77029,361,361,0,1,1.80238,1.80238,1971,388,5,1288,0,0,0,0,0,3655,4587.37,1.0905,23.2045,584359,184,55262,2234,1715218,736,221048,8936,32,4,867412,1712166,27757184,6848664,34605848,4,4,12,4,49,16,12,20,20,20260807,5,1,1,1,0,0,0,6342,0.26425,1,0.0015,0
1230,12167.8,6,0,2.29242,3.90512,0,0,0,6.19754,361,361,0,1,1.80238,1.80238,1971,388,5,1288,0,0,0,0,0,3655,4587.37,1.0905,23.2045,584359,184,55262,2234,1715218,736,221048,8936,32,4,867412,1712166,27757184,6848664,34605848,4,4,12,4,49,16,12,20,20,20260807,5,1,1,1,0,0,0,6342,0.26425,1,0.0015,0
1231,12178.2,11,0,2.17079,8.18883,0,0,0,10.3596,361,361,0,1,1.80238,1.80238,1971,388,5,1288,0,0,0,0,0,3655,4587.37,1.0905,23.2045,584359,184,55262,2234,1715218,736,221048,8936,32,4,867412,1712166,27757184,6848664,34605848,4,4,12,4,49,16,12,20,20,20260807,5,1,1,1,0,0,0,6342,0.26425,1,0.0015,0
1232,12184.6,6,0,2.31288,3.96225,0,0,0,6.27513,361,361,0,1,1.80238,1.80238,1971,388,5,1288,0,0,0,0,0,3655,4587.37,1.0905,23.2045,584359,184,55262,2234,1715218,736,221048,8936,32,4,867412,1712166,27757184,6848664,34605848,4,4,12,4,49,16,12,20,20,20260807,5,1,1,1,0,0,0,6342,0.26425,1,0.0015,0
1233,12195,10,0,2.22492,8.08587,0,0,0,10.3108,361,361,0,1,1.80238,1.80238,1971,388,5,1288,0,0,0,0,0,3655,4587.37,1.0905,23.2045,584359,184,55262,2234,1715218,736,221048,8936,32,4,867412,1712166,27757184,6848664,34605848,4,4,12,4,49,16,12,20,20,20260807,5,1,1,1,0,0,0,6343,0.264292,1,0.0015,1
1234,12201.4,7,0,2.31654,4.03529,0,0,0,6.35183,361,361,0,1,1.80238,1.80238,1971,388,5,1288,0,0,0,0,0,3655,4587.37,1.0905,23.2045,584359,184,55262,2234,1715218,736,221048,8936,32,4,867412,1712166,27757184,6848664,34605848,4,4,12,4,49,16,12,20,20,20260807,5,1,1,1,0,0,0,6343,0.264292,1,0.0015,0
1235,12211.9,10,0,2.28504,8.1515,0,0,0,10.4365,361,361,0,1,1.80238,1.80238,1971,388,5,1288,0,0,0,0,0,3655,4587.37,1.0905,23.2045,584359,184,55262,2234,1715218,736,221048,8936,32,4,867412,1712166,27757184,6848664,34605848,4,4,12,4,49,16,12,20,20,20260807,5,1,1,1,0,0,0,6343,0.264292,1,0.0015,0
1236,12219.2,8,0,2.343,4.82521,0,0,0,7.16821,361,361,0,1,1.80238,1.80238,1971,388,5,1288,0,0,0,0,0,3655,4587.37,1.0905,23.2045,584359,184,55262,2234,1715218,736,221048,8936,32,4,867412,1712166,27757184,6848664,34605848,4,4,12,4,49,16,12,20,20,20260807,5,1,1,1,0,0,0,6343,0.264292,1,0.0015,0
1237,12229.1,10,0,2.464,7.37408,0,0,0,9.83808,361,361,0,1,1.80238,1.80238,1971,388,5,1288,0,0,0,0,0,3655,4587.37,1.0905,23.2045,584359,184,55262,2234,1715218,736,221048,8936,32,4,867412,1712166,27757184,6848664,34605848,4,4,12,4,49,16,12,20,20,20260807,5,1,1,1,0,0,0,6343,0.264292,1,0.0015,0
1238,12235.9,6,0,2.40825,4.33258,0,0,0,6.74083,361,361,0,1,1.80238,1.80238,1971,388,5,1288,0,0,0,0,0,3655,4587.37,1.0905,23.2045,584359,184,55262,2234,1715218,736,221048,8936,32,4,867412,1712166,27757184,6848664,34605848,4,4,12,4,49,16,12,20,20,20260807,5,1,1,1,0,0,0,6343,0.264292,1,0.0015,0
1239,12245.6,10,0,2.2665,7.32329,0,0,0,9.58979,361,361,0,1,1.80238,1.80238,1971,388,5,1288,0,0,0,0,0,3655,4587.37,1.0905,23.2045,584359,184,55262,2234,1715218,736,221048,8936,32,4,867412,1712166,27757184,6848664,34605848,4,4,12,4,49,16,12,20,20,20260807,5,1,1,1,0,0,0,6344,0.264333,1,0.0015,1
1240,12252.1,7,0,2.30183,4.04992,0,0,0,6.35175,361,361,0,1,1.80238,1.80238,1971,388,5,1288,0,0,0,0,0,3655,4587.37,1.0905,23.2045,584359,184,55262,2234,1715218,736,221048,8936,32,4,867412,1712166,27757184,6848664,34605848,4,4,12,4,49,16,12,20,20,20260807,5,1,1,1,0,0,0,6344,0.264333,1,0.0015,0
1241,12261.5,9,0,2.29688,7.03592,0,0,0,9.33279,361,361,0,1,1.80238,1.80238,1971,388,5,1288,0,0,0,0,0,3655,4587.37,1.0905,23.2045,584359,184,55262,2234,1715218,736,221048,8936,32,4,867412,1712166,27757184,6848664,34605848,4,4,12,4,49,16,12,20,20,20260807,5,1,1,1,0,0,0,6344,0.264333,1,0.0015,0
1242,12268,6,0,2.37613,4.01638,0,0,0,6.3925,361,361,0,1,1.80238,1.80238,1971,388,5,1288,0,0,0,0,0,3655,4587.37,1.0905,23.2045,584359,184,55262,2234,1715218,736,221048,8936,32,4,867412,1712166,27757184,6848664,34605848,4,4,12,4,49,16,12,20,20,20260807,5,1,1,1,0,0,0,6344,0.264333,1,0.0015,0
1243,12278.3,11,0,2.61892,7.62904,0,0,0,10.248,361,361,0,1,1.80238,1.80238,1971,388,5,1288,0,0,0,0,0,3655,4587.37,1.0905,23.2045,584359,184,55262,2234,1715218,736,221048,8936,32,4,867412,1712166,27757184,6848664,34605848,4,4,12,4,49,16,12,20,20,20260807,5,1,1,1,0,0,0,6344,0.264333,1,0.0015,0
1244,12285,6,0,2.38296,4.20367,0,0,0,6.58662,361,361,0,1,1.80238,1.80238,1971,388,5,1288,0,0,0,0,0,3655,4587.37,1.0905,23.2045,584359,184,55262,2234,1715218,736,221048,8936,32,4,867412,1712166,27757184,6848664,34605848,4,4,12,4,49,16,12,20,20,20260807,5,1,1,1,0,0,0,6344,0.264333,1,0.0015,0
1245,12295.3,11,0,2.41583,7.80638,0,0,0,10.2222,361,361,0,1,1.80238,1.80238,1971,388,5,1288,0,0,0,0,0,3655,4587.37,1.0905,23.2045,584359,184,55262,2234,1715218,736,221048,8936,32,4,867412,1712166,27757184,6848664,34605848,4,4,12,4,49,16,12,20,20,20260807,5,1,1,1,0,0,0,6345,0.264375,1,0.0015,1
1246,12301.6,6,0,2.39442,3.87033,0,0,0,6.26475,361,361,0,1,1.80238,1.80238,1971,388,5,1288,0,0,0,0,0,3655,4587.37,1.0905,23.2045,584359,184,55262,2234,1715218,736,221048,8936,32,4,867412,1712166,27757184,6848664,34605848,4,4,12,4,49,16,12,20,20,20260807,5,1,1,1,0,0,0,6345,0.264375,1,0.0015,0
1247,12312.6,11,0,2.24158,8.6865,0,0,0,10.9281,361,361,0,1,1.80238,1.80238,1971,388,5,1288,0,0,0,0,0,3655,4587.37,1.0905,23.2045,584359,184,55262,2234,1715218,736,221048,8936,32,4,867412,1712166,27757184,6848664,34605848,4,4,12,4,49,16,12,20,20,20260807,5,1,1,1,0,0,0,6345,0.264375,1,0.0015,0
1248,12319.4,7,0,2.3705,4.31179,0,0,0,6.68229,361,361,0,1,1.80238,1.80238,1971,388,5,1288,0,0,0,0,0,3655,4587.37,1.0905,23.2045,584359,184,55262,2234,1715218,736,221048,8936,32,4,867412,1712166,27757184,6848664,34605848,4,4,12,4,49,16,12,20,20,20260807,5,1,1,1,0,0,0,6345,0.264375,1,0.0015,0
1249,12328.3,9,0,2.38121,6.37983,0,0,0,8.76104,361,361,0,1,1.80238,1.80238,1971,388,5,1288,0,0,0,0,0,3655,4587.37,1.0905,23.2045,584359,184,55262,2234,1715218,736,221048,8936,32,4,867412,1712166,27757184,6848664,34605848,4,4,12,4,49,16,12,20,20,20260807,5,1,1,1,0,0,0,6345,0.264375,1,0.0015,0
1250,12335.2,7,0,2.36004,4.45904,0,0,0,6.81908,361,361,0,1,1.80238,1.80238,1971,388,5,1288,0,0,0,0,0,3655,4587.37,1.0905,23.2045,584359,184,55262,2234,1715218,736,221048,8936,32,4,867412,1712166,27757184,6848664,34605848,4,4,12,4,49,16,12,20,20,20260807,5,1,1,1,0,0,0,6345,0.264375,1,0.0015,0
1251,12345.4,10,0,2.43833,7.672,0,0,0,10.1103,361,361,0,1,1.80238,1.80238,1971,388,5,1288,0,0,0,0,0,3655,4587.37,1.0905,23.2045,584359,184,55262,2234,1715218,736,221048,8936,32,4,867412,1712166,27757184,6848664,34605848,4,4,12,4,49,16,12,20,20,20260807,5,1,1,1,0,0,0,6346,0.264417,1,0.0015,1
1252,12352.2,7,0,2.25808,4.47987,0,0,0,6.73796,361,361,0,1,1.80238,1.80238,1971,388,5,1288,0,0,0,0,0,3655,4587.37,1.0905,23.2045,584359,184,55262,2234,1715218,736,221048,8936,32,4,867412,1712166,27757184,6848664,34605848,4,4,12,4,49,16,12,20,20,20260807,5,1,1,1,0,0,0,6346,0.264417,1,0.0015,0
1253,12361.8,9,0,2.33567,7.1765,0,0,0,9.51217,361,361,0,1,1.80238,1.80238,1971,388,5,1288,0,0,0,0,0,3655,4587.37,1.0905,23.2045,584359,184,55262,2234,1715218,736,221048,8936,32,4,867412,1712166,27757184,6848664,34605848,4,4,12,4,49,16,12,20,20,20260807,5,1,1,1,0,0,0,6346,0.264417,1,0.0015,0
1254,12368.2,7,0,2.32279,4.03796,0,0,0,6.36075,361,361,0,1,1.80238,1.80238,1971,388,5,1288,0,0,0,0,0,3655,4587.37,1.0905,23.2045,584359,184,55262,2234,1715218,736,221048,8936,32,4,867412,1712166,27757184,6848664,34605848,4,4,12,4,49,16,12,20,20,20260807,5,1,1,1,0,0,0,6346,0.264417,1,0.0015,0
1255,12378.1,10,0,2.31771,7.46542,0,0,0,9.78313,361,361,0,1,1.80238,1.80238,1971,388,5,1288,0,0,0,0,0,3655,4587.37,1.0905,23.2045,584359,184,55262,2234,1715218,736,221048,8936,32,4,867412,1712166,27757184,6848664,34605848,4,4,12,4,49,16,12,20,20,20260807,5,1,1,1,0,0,0,6346,0.264417,1,0.0015,0
1256,12384.8,6,0,2.33546,4.29546,0,0,0,6.63092,361,361,0,1,1.80238,1.80238,1971,388,5,1288,0,0,0,0,0,3655,4587.37,1.0905,23.2045,584359,184,55262,2234,1715218,736,221048,8936,32,4,867412,1712166,27757184,6848664,34605848,4,4,12,4,49,16,12,20,20,20260807,5,1,1,1,0,0,0,6346,0.264417,1,0.0015,0
1257,12395.4,11,0,2.33458,8.17983,0,0,0,10.5144,361,361,0,1,1.80238,1.80238,1971,388,5,1288,0,0,0,0,0,3655,4587.37,1.0905,23.2045,584359,184,55262,2234,1715218,736,221048,8936,32,4,867412,1712166,27757184,6848664,34605848,4,4,12,4,49,16,12,20,20,20260807,5,1,1,1,0,0,0,6347,0.264458,1,0.0015,1
1258,12402,6,0,2.27221,4.21237,0,0,0,6.48458,361,361,0,1,1.80238,1.80238,1971,388,5,1288,0,0,0,0,0,3655,4587.37,1.0905,23.2045,584359,184,55262,2234,1715218,736,221048,8936,32,4,867412,1712166,27757184,6848664,34605848,4,4,12,4,49,16,12,20,20,20260807,5,1,1,1,0,0,0,6347,0.264458,1,0.0015,0
1259,12412.2,11,0,2.36054,7.70825,0,0,0,10.0688,361,361,0,1,1.80238,1.80238,1971,388,5,1288,0,0,0,0,0,3655,4587.37,1.0905,23.2045,584359,184,55262,2234,1715218,736,221048,8936,32,4,867412,1712166,27757184,6848664,34605848,4,4,12,4,49,16,12,20,20,20260807,5,1,1,1,0,0,0,6347,0.264458,1,0.0015,0
1260,12418.7,6,0,2.31517,4.11546,0,0,0,6.43063,361,361,0,1,1.80238,1.80238,1971,388,5,1288,0,0,0,0,0,3655,4587.37,1.0905,23.2045,584359,184,55262,2234,1715218,736,221048,8936,32,4,867412,1712166,27757184,6848664,34605848,4,4,12,4,49,16,12,20,20,20260807,5,1,1,1,0,0,0,6347,0.264458,1,0.0015,0
1261,12428.8,10,0,2.24504,7.82125,0,0,0,10.0663,361,361,0,1,1.80238,1.80238,1971,388,5,1288,0,0,0,0,0,3655,4587.37,1.0905,23.2045,584359,184,55262,2234,1715218,736,221048,8936,32,4,867412,1712166,27757184,6848664,34605848,4,4,12,4,49,16,12,20,20,20260807,5,1,1,1,0,0,0,6347,0.264458,1,0.0015,0
1262,12437.1,9,0,2.37517,5.861,0,0,0,8.23617,361,361,0,1,1.80238,1.80238,1971,388,5,1288,0,0,0,0,0,3655,4587.37,1.0905,23.2045,584359,184,55262,2234,1715218,736,221048,8936,32,4,867412,1712166,27757184,6848664,34605848,4,4,12,4,49,16,12,20,20,20260807,5,1,1,1,0,0,0,6347,0.264458,1,0.0015,0
1263,12446.4,9,0,2.3,6.84825,0,0,0,9.14825,361,361,0,1,1.80238,1.80238,1971,388,5,1288,0,0,0,0,0,3655,4587.37,1.0905,23.2045,584359,184,55262,2234,1715218,736,221048,8936,32,4,867412,1712166,27757184,6848664,34605848,4,4,12,4,49,16,12,20,20,20260807,5,1,1,1,0,0,0,6348,0.2645,1,0.0015,1
1264,12453.3,7,0,2.31588,4.54408,0,0,0,6.85996,361,361,0,1,1.80238,1.80238,1971,388,5,1288,0,0,0,0,0,3655,4587.37,1.0905,23.2045,584359,184,55262,2234,1715218,736,221048,8936,32,4,867412,1712166,27757184,6848664,34605848,4,4,12,4,49,16,12,20,20,20260807,5,1,1,1,0,0,0,6348,0.2645,1,0.0015,0
1265,12462.3,9,0,2.33742,6.53208,0,0,0,8.8695,361,361,0,1,1.80238,1.80238,1971,388,5,1288,0,0,0,0,0,3655,4587.37,1.0905,23.2045,584359,184,55262,2234,1715218,736,221048,8936,32,4,867412,1712166,27757184,6848664,34605848,4,4,12,4,49,16,12,20,20,20260807,5,1,1,1,0,0,0,6348,0.2645,1,0.0015,0
1266,12469.1,6,0,2.36725,4.39971,0,0,0,6.76696,361,361,0,1,1.80238,1.80238,1971,388,5,1288,0,0,0,0,0,3655,4587.37,1.0905,23.2045,584359,184,55262,2234,1715218,736,221048,8936,32,4,867412,1712166,27757184,6848664,34605848,4,4,12,4,49,16,12,20,20,20260807,5,1,1,1,0,0,0,6348,0.2645,1,0.0015,0
1267,12478.9,9,0,2.34192,7.31804,0,0,0,9.65996,361,361,0,1,1.80238,1.80238,1971,388,5,1288,0,0,0,0,0,3655,4587.37,1.0905,23.2045,584359,184,55262,2234,1715218,736,221048,8936,32,4,867412,1712166,27757184,6848664,34605848,4,4,12,4,49,16,12,20,20,20260807,5,1,1,1,0,0,0,6348,0.2645,1,0.0015,0
1268,12485.6,7,0,2.31942,4.30083,0,0,0,6.62025,361,361,0,1,1.80238,1.80238,1971,388,5,1288,0,0,0,0,0,3655,4587.37,1.0905,23.2045,584359,184,55262,2234,1715218,736,221048,8936,32,4,867412,1712166,27757184,6848664,34605848,4,4,12,4,49,16,12,20,20,20260807,5,1,1,1,0,0,0,6348,0.2645,1,0.0015,0
1269,12496.4,11,0,2.47696,8.27954,0,0,0,10.7565,361,361,0,1,1.80238,1.80238,1971,388,5,1288,0,0,0,0,0,3655,4587.37,1.0905,23.2045,584359,184,55262,2234,1715218,736,221048,8936,32,4,867412,1712166,27757184,6848664,34605848,4,4,12,4,49,16,12,20,20,20260807,5,1,1,1,0,0,0,6349,0.264542,1,0.0015,1
1270,12511.9,15,0,2.28079,13.1659,0,0,0,15.4467,361,361,0,1,1.80238,1.80238,1971,388,5,1288,0,0,0,0,0,3655,4587.37,1.0905,23.2045,584359,184,55262,2234,1715218,736,221048,8936,32,4,867412,1712166,27757184,6848664,34605848,4,4,12,4,49,16,12,20,20,20260807,5,1,1,1,0,0,0,6349,0.264542,1,0.0015,0
1271,12518.4,7,0,2.20554,4.18408,0,0,0,6.38962,361,361,0,1,1.80238,1.80238,1971,388,5,1288,0,0,0,0,0,3655,4587.37,1.0905,23.2045,584359,184,55262,2234,1715218,736,221048,8936,32,4,867412,1712166,27757184,6848664,34605848,4,4,12,4,49,16,12,20,20,20260807,5,1,1,1,0,0,0,6349,0.264542,1,0.0015,0
1272,12530.9,13,0,2.35517,10.011,0,0,0,12.3662,361,361,0,1,1.80238,1.80238,1971,388,5,1288,0,0,0,0,0,3655,4587.37,1.0905,23.2045,584359,184,55262,2234,1715218,736,221048,8936,32,4,867412,1712166,27757184,6848664,34605848,4,4,12,4,49,16,12,20,20,20260807,5,1,1,1,0,0,0,6349,0.264542,1,0.0015,0
1273,12537.8,7,0,2.79975,3.96425,0,0,0,6.764,361,361,0,1,1.80238,1.80238,1971,388,5,1288,0,0,0,0,0,3655,4587.37,1.0905,23.2045,584359,184,55262,2234,1715218,736,221048,8936,32,4,867412,1712166,27757184,6848664,34605848,4,4,12,4,49,16,12,20,20,20260807,5,1,1,1,0,0,0,6349,0.264542,1,0.0015,0
1274,12544.9,7,0,2.37642,4.67029,0,0,0,7.04671,361,361,0,1,1.80238,1.80238,1971,388,5,1288,0,0,0,0,0,3655,4587.37,1.0905,23.2045,584359,184,55262,2234,1715218,736,221048,8936,32,4,867412,1712166,27757184,6848664,34605848,4,4,12,4,49,16,12,20,20,20260807,5,1,1,1,0,0,0,6350,0.264583,1,0.0015,1
1275,12551.6,7,0,2.44508,4.14671,0,0,0,6.59179,361,361,0,1,1.80238,1.80238,1971,388,5,1288,0,0,0,0,0,3655,4587.37,1.0905,23.2045,584359,184,55262,2234,1715218,736,221048,8936,32,4,867412,1712166,27757184,6848664,34605848,4,4,12,4,49,16,12,20,20,20260807,5,1,1,1,0,0,0,6350,0.264583,1,0.0015,0
1276,12562.1,11,0,2.22925,8.27646,0,0,0,10.5057,361,361,0,1,1.80238,1.80238,1971,388,5,1288,0,0,0,0,0,3655,4587.37,1.0905,23.2045,584359,184,55262,2234,1715218,736,221048,8936,32,4,867412,1712166,27757184,6848664,34605848,4,4,12,4,49,16,12,20,20,20260807,5,1,1,1,0,0,0,6350,0.264583,1,0.0015,0
1277,12568.7,6,0,2.35096,4.08292,0,0,0,6.43387,361,361,0,1,1.80238,1.80238,1971,388,5,1288,0,0,0,0,0,3655,4587.37,1.0905,23.2045,584359,184,55262,2234,1715218,736,221048,8936,32,4,867412,1712166,27757184,6848664,34605848,4,4,12,4,49,16,12,20,20,20260807,5,1,1,1,0,0,0,6350,0.264583,1,0.0015,0
1278,12578.7,10,0,2.33562,7.61517,0,0,0,9.95079,361,361,0,1,1.80238,1.80238,1971,388,5,1288,0,0,0,0,0,3655,4587.37,1.0905,23.2045,584359,184,55262,2234,1715218,736,221048,8936,32,4,867412,1712166,27757184,6848664,34605848,4,4,12,4,49,16,12,20,20,20260807,5,1,1,1,0,0,0,6350,0.264583,1,0.0015,0
1279,12585.5,7,0,2.34542,4.36662,0,0,0,6.71204,361,361,0,1,1.80238,1.80238,1971,388,5,1288,0,0,0,0,0,3655,4587.37,1.0905,23.2045,584359,184,55262,2234,1715218,736,221048,8936,32,4,867412,1712166,27757184,6848664,34605848,4,4,12,4,49,16,12,20,20,20260807,5,1,1,1,0,0,0,6350,0.264583,1,0.0015,0
1280,12598.1,13,0,2.38921,10.18,0,0,0,12.5692,361,361,0,1,1.80238,1.80238,1971,388,5,1288,0,0,0,0,0,3655,4587.37,1.0905,23.2045,584359,184,55262,2234,1715218,736,221048,8936,32,4,867412,1712166,27757184,6848664,34605848,4,4,12,4,49,16,12,20,20,20260807,5,1,1,1,0,0,0,6351,0.264625,1,0.0015,1
1281,12606,8,0,3.18187,4.62937,0,0,0,7.81125,361,361,0,1,1.80238,1.80238,1971,388,5,1288,0,0,0,0,0,3655,4587.37,1.0905,23.2045,584359,184,55262,2234,1715218,736,221048,8936,32,4,867412,1712166,27757184,6848664,34605848,4,4,12,4,49,16,12,20,20,20260807,5,1,1,1,0,0,0,6351,0.264625,1,0.0015,0
1282,12613.4,7,0,2.35183,4.88458,0,0,0,7.23642,361,361,0,1,1.80238,1.80238,1971,388,5,1288,0,0,0,0,0,3655,4587.37,1.0905,23.2045,584359,184,55262,2234,1715218,736,221048,8936,32,4,867412,1712166,27757184,6848664,34605848,4,4,12,4,49,16,12,20,20,20260807,5,1,1,1,0,0,0,6351,0.264625,1,0.0015,0
1283,12620.5,7,0,2.38171,4.6795,0,0,0,7.06121,361,361,0,1,1.80238,1.80238,1971,388,5,1288,0,0,0,0,0,3655,4587.37,1.0905,23.2045,584359,184,55262,2234,1715218,736,221048,8936,32,4,867412,1712166,27757184,6848664,34605848,4,4,12,4,49,16,12,20,20,20260807,5,1,1,1,0,0,0,6351,0.264625,1,0.0015,0
1284,12629.7,9,0,2.332,6.79929,0,0,0,9.13129,361,361,0,1,1.80238,1.80238,1971,388,5,1288,0,0,0,0,0,3655,4587.37,1.0905,23.2045,584359,184,55262,2234,1715218,736,221048,8936,32,4,867412,1712166,27757184,6848664,34605848,4,4,12,4,49,16,12,20,20,20260807,5,1,1,1,0,0,0,6351,0.264625,1,0.0015,0
1285,12637,7,0,2.27521,4.92737,0,0,0,7.20258,361,361,0,1,1.80238,1.80238,1971,388,5,1288,0,0,0,0,0,3655,4587.37,1.0905,23.2045,584359,184,55262,2234,1715218,736,221048,8936,32,4,867412,1712166,27757184,6848664,34605848,4,4,12,4,49,16,12,20,20,20260807,5,1,1,1,0,0,0,6351,0.264625,1,0.0015,0
1286,12646.3,10,0,2.39267,6.82575,0,0,0,9.21842,361,361,0,1,1.80238,1.80238,1971,388,5,1288,0,0,0,0,0,3655,4587.37,1.0905,23.2045,584359,184,55262,2234,1715218,736,221048,8936,32,4,867412,1712166,27757184,6848664,34605848,4,4,12,4,49,16,12,20,20,20260807,5,1,1,1,0,0,0,6352,0.264667,1,0.0015,1
1287,12653.6,7,0,2.34371,4.78721,0,0,0,7.13092,361,361,0,1,1.80238,1.80238,1971,388,5,1288,0,0,0,0,0,3655,4587.37,1.0905,23.2045,584359,184,55262,2234,1715218,736,221048,8936,32,4,867412,1712166,27757184,6848664,34605848,4,4,12,4,49,16,12,20,20,20260807,5,1,1,1,0,0,0,6352,0.264667,1,0.0015,0
1288,12664.6,11,0,2.27654,8.62996,0,0,0,10.9065,361,361,0,1,1.80238,1.80238,1971,388,5,1288,0,0,0,0,0,3655,4587.37,1.0905,23.2045,584359,184,55262,2234,1715218,736,221048,8936,32,4,867412,1712166,27757184,6848664,34605848,4,4,12,4,49,16,12,20,20,20260807,5,1,1,1,0,0,0,6352,0.264667,1,0.0015,0
1289,12684.1,20,0,2.36046,17.06,0,0,0,19.4205,361,361,0,1,1.80238,1.80238,1971,388,5,1288,0,0,0,0,0,3655,4587.37,1.0905,23.2045,584359,184,55262,2234,1715218,736,221048,8936,32,4,867412,1712166,27757184,6848664,34605848,4,4,12,4,49,16,12,20,20,20260807,5,1,1,1,0,0,0,6352,0.264667,1,0.0015,0
1290,12695.7,11,0,2.38604,9.15692,0,0,0,11.543,361,361,0,1,1.80238,1.80238,1971,388,5,1288,0,0,0,0,0,3655,4587.37,1.0905,23.2045,584359,184,55262,2234,1715218,736,221048,8936,32,4,867412,1712166,27757184,6848664,34605848,4,4,12,4,49,16,12,20,20,20260807,5,1,1,1,0,0,0,6353,0.264708,1,0.0015,1
1291,12704,8,0,2.39433,5.79821,0,0,0,8.19254,361,361,0,1,1.80238,1.80238,1971,388,5,1288,0,0,0,0,0,3655,4587.37,1.0905,23.2045,584359,184,55262,2234,1715218,736,221048,8936,32,4,867412,1712166,27757184,6848664,34605848,4,4,12,4,49,16,12,20,20,20260807,5,1,1,1,0,0,0,6353,0.264708,1,0.0015,0
1292,12712.6,9,0,2.4115,6.0975,0,0,0,8.509,361,361,0,1,1.80238,1.80238,1971,388,5,1288,0,0,0,0,0,3655,4587.37,1.0905,23.2045,584359,184,55262,2234,1715218,736,221048,8936,32,4,867412,1712166,27757184,6848664,34605848,4,4,12,4,49,16,12,20,20,20260807,5,1,1,1,0,0,0,6353,0.264708,1,0.0015,0
1293,12719.6,7,0,2.30196,4.70388,0,0,0,7.00583,361,361,0,1,1.80238,1.80238,1971,388,5,1288,0,0,0,0,0,3655,4587.37,1.0905,23.2045,584359,184,55262,2234,1715218,736,221048,8936,32,4,867412,1712166,27757184,6848664,34605848,4,4,12,4,49,16,12,20,20,20260807,5,1,1,1,0,0,0,6353,0.264708,1,0.0015,0
1294,12729.8,10,0,2.40892,7.65362,0,0,0,10.0625,361,361,0,1,1.80238,1.80238,1971,388,5,1288,0,0,0,0,0,3655,4587.37,1.0905,23.2045,584359,184,55262,2234,1715218,736,221048,8936,32,4,867412,1712166,27757184,6848664,34605848,4,4,12,4,49,16,12,20,20,20260807,5,1,1,1,0,0,0,6353,0.264708,1,0.0015,0
1295,12736.8,7,0,2.28429,4.67471,0,0,0,6.959,361,361,0,1,1.80238,1.80238,1971,388,5,1288,0,0,0,0,0,3655,4587.37,1.0905,23.2045,584359,184,55262,2234,1715218,736,221048,8936,32,4,867412,1712166,27757184,6848664,34605848,4,4,12,4,49,16,12,20,20,20260807,5,1,1,1,0,0,0,6353,0.264708,1,0.0015,0
1296,12746.6,10,0,2.293,7.41275,0,0,0,9.70575,361,361,0,1,1.80238,1.80238,1971,388,5,1288,0,0,0,0,0,3655,4587.37,1.0905,23.2045,584359,184,55262,2234,1715218,736,221048,8936,32,4,867412,1712166,27757184,6848664,34605848,4,4,12,4,49,16,12,20,20,20260807,5,1,1,1,0,0,0,6354,0.26475,1,0.0015,1
1297,12753.4,7,0,2.2385,4.49617,0,0,0,6.73467,361,361,0,1,1.80238,1.80238,1971,388,5,1288,0,0,0,0,0,3655,4587.37,1.0905,23.2045,584359,184,55262,2234,1715218,736,221048,8936,32,4,867412,1712166,27757184,6848664,34605848,4,4,12,4,49,16,12,20,20,20260807,5,1,1,1,0,0,0,6354,0.26475,1,0.0015,0
1298,12761.7,8,0,2.307,5.84592,0,0,0,8.15292,361,361,0,1,1.80238,1.80238,1971,388,5,1288,0,0,0,0,0,3655,4587.37,1.0905,23.2045,584359,184,55262,2234,1715218,736,221048,8936,32,4,867412,1712166,27757184,6848664,34605848,4,4,12,4,49,16,12,20,20,20260807,5,1,1,1,0,0,0,6354,0.26475,1,0.0015,0
1299,12768.2,7,0,2.38187,4.06708,0,0,0,6.44896,361,361,0,1,1.80238,1.80238,1971,388,5,1288,0,0,0,0,0,3655,4587.37,1.0905,23.2045,584359,184,55262,2234,1715218,736,221048,8936,32,4,867412,1712166,27757184,6848664,34605848,4,4,12,4,49,16,12,20,20,20260807,5,1,1,1,0,0,0,6354,0.26475,1,0.0015,0
1300,12778.3,10,0,2.53642,7.41533,0,0,0,9.95175,361,361,0,1,1.80238,1.80238,1971,388,5,1288,0,0,0,0,0,3655,4587.37,1.0905,23.2045,584359,184,55262,2234,1715218,736,221048,8936,32,4,867412,1712166,27757184,6848664,34605848,4,4,12,4,49,16,12,20,20,20260807,5,1,1,1,0,0,0,6354,0.26475,1,0.0015,0
1301,12785,6,0,2.3885,4.23042,0,0,0,6.61892,361,361,0,1,1.80238,1.80238,1971,388,5,1288,0,0,0,0,0,3655,4587.37,1.0905,23.2045,584359,184,55262,2234,1715218,736,221048,8936,32,4,867412,1712166,27757184,6848664,34605848,4,4,12,4,49,16,12,20,20,20260807,5,1,1,1,0,0,0,6354,0.26475,1,0.0015,0
1302,12794.9,10,0,2.22996,7.59975,0,0,0,9.82971,361,361,0,1,1.80238,1.80238,1971,388,5,1288,0,0,0,0,0,3655,4587.37,1.0905,23.2045,584359,184,55262,2234,1715218,736,221048,8936,32,4,867412,1712166,27757184,6848664,34605848,4,4,12,4,49,16,12,20,20,20260807,5,1,1,1,0,0,0,6355,0.264792,1,0.0015,1
1303,12804.1,10,0,2.38362,6.69442,0,0,0,9.07804,361,361,0,1,1.80238,1.80238,1971,388,5,1288,0,0,0,0,0,3655,4587.37,1.0905,23.2045,584359,184,55262,2234,1715218,736,221048,8936,32,4,867412,1712166,27757184,6848664,34605848,4,4,12,4,49,16,12,20,20,20260807,5,1,1,1,0,0,0,6355,0.264792,1,0.0015,0
1304,12811.5,7,0,2.35592,5.03038,0,0,0,7.38629,361,361,0,1,1.80238,1.80238,1971,388,5,1288,0,0,0,0,0,3655,4587.37,1.0905,23.2045,584359,184,55262,2234,1715218,736,221048,8936,32,4,867412,1712166,27757184,6848664,34605848,4,4,12,4,49,16,12,20,20,20260807,5,1,1,1,0,0,0,6355,0.264792,1,0.0015,0
1305,12818.1,7,0,2.29479,4.15233,0,0,0,6.44712,361,361,0,1,1.80238,1.80238,1971,388,5,1288,0,0,0,0,0,3655,4587.37,1.0905,23.2045,584359,184,55262,2234,1715218,736,221048,8936,32,4,867412,1712166,27757184,6848664,34605848,4,4,12,4,49,16,12,20,20,20260807,5,1,1,1,0,0,0,6355,0.264792,1,0.0015,0
1306,12828.9,10,0,2.44862,8.31358,0,0,0,10.7622,361,361,0,1,1.80238,1.80238,1971,388,5,1288,0,0,0,0,0,3655,4587.37,1.0905,23.2045,584359,184,55262,2234,1715218,736,221048,8936,32,4,867412,1712166,27757184,6848664,34605848,4,4,12,4,49,16,12,20,20,20260807,5,1,1,1,0,0,0,6355,0.264792,1,0.0015,0
1307,12835.9,7,0,2.33767,4.60342,0,0,0,6.94108,361,361,0,1,1.80238,1.80238,1971,388,5,1288,0,0,0,0,0,3655,4587.37,1.0905,23.2045,584359,184,55262,2234,1715218,736,221048,8936,32,4,867412,1712166,27757184,6848664,34605848,4,4,12,4,49,16,12,20,20,20260807,5,1,1,1,0,0,0,6355,0.264792,1,0.0015,0
1308,12846.3,11,0,2.42846,7.87046,0,0,0,10.2989,361,361,0,1,1.80238,1.80238,1971,388,5,1288,0,0,0,0,0,3655,4587.37,1.0905,23.2045,584359,184,55262,2234,1715218,736,221048,8936,32,4,867412,1712166,27757184,6848664,34605848,4,4,12,4,49,16,12,20,20,20260807,5,1,1,1,0,0,0,6356,0.264833,1,0.0015,1
1309,12853.8,7,0,2.43183,4.96704,0,0,0,7.39888,361,361,0,1,1.80238,1.80238,1971,388,5,1288,0,0,0,0,0,3655,4587.37,1.0905,23.2045,584359,184,55262,2234,1715218,736,221048,8936,32,4,867412,1712166,27757184,6848664,34605848,4,4,12,4,49,16,12,20,20,20260807,5,1,1,1,0,0,0,6356,0.264833,1,0.0015,0
1310,12864.6,11,0,2.31729,8.34763,0,0,0,10.6649,361,361,0,1,1.80238,1.80238,1971,388,5,1288,0,0,0,0,0,3655,4587.37,1.0905,23.2045,584359,184,55262,2234,1715218,736,221048,8936,32,4,867412,1712166,27757184,6848664,34605848,4,4,12,4,49,16,12,20,20,20260807,5,1,1,1,0,0,0,6356,0.264833,1,0.0015,0
1311,12880.7,16,0,2.34408,13.6942,0,0,0,16.0383,361,361,0,1,1.80238,1.80238,1971,388,5,1288,0,0,0,0,0,3655,4587.37,1.0905,23.2045,584359,184,55262,2234,1715218,736,221048,8936,32,4,867412,1712166,27757184,6848664,34605848,4,4,12,4,49,16,12,20,20,20260807,5,1,1,1,0,0,0,6356,0.264833,1,0.0015,0
1312,12897.8,17,0,2.41662,14.5638,0,0,0,16.9804,361,361,0,1,1.80238,1.80238,1971,388,5,1288,0,0,0,0,0,3655,4587.37,1.0905,23.2045,584359,184,55262,2234,1715218,736,221048,8936,32,4,867412,1712166,27757184,6848664,34605848,4,4,12,4,49,16,12,20,20,20260807,5,1,1,1,0,0,0,6356,0.264833,1,0.0015,0
1313,12913,16,0,2.41146,12.7795,0,0,0,15.191,361,361,0,1,1.80238,1.80238,1971,388,5,1288,0,0,0,0,0,3655,4587.37,1.0905,23.2045,584359,184,55262,2234,1715218,736,221048,8936,32,4,867412,1712166,27757184,6848664,34605848,4,4,12,4,49,16,12,20,20,20260807,5,1,1,1,0,0,0,6357,0.264875,1,0.0015,1
1314,12920.2,7,0,2.32254,4.72654,0,0,0,7.04908,361,361,0,1,1.80238,1.80238,1971,388,5,1288,0,0,0,0,0,3655,4587.37,1.0905,23.2045,584359,184,55262,2234,1715218,736,221048,8936,32,4,867412,1712166,27757184,6848664,34605848,4,4,12,4,49,16,12,20,20,20260807,5,1,1,1,0,0,0,6357,0.264875,1,0.0015,0
1315,12929.2,9,0,2.34908,6.576,0,0,0,8.92508,361,361,0,1,1.80238,1.80238,1971,388,5,1288,0,0,0,0,0,3655,4587.37,1.0905,23.2045,584359,184,55262,2234,1715218,736,221048,8936,32,4,867412,1712166,27757184,6848664,34605848,4,4,12,4,49,16,12,20,20,20260807,5,1,1,1,0,0,0,6357,0.264875,1,0.0015,0
1316,12936,6,0,2.40625,4.2705,0,0,0,6.67675,361,361,0,1,1.80238,1.80238,1971,388,5,1288,0,0,0,0,0,3655,4587.37,1.0905,23.2045,584359,184,55262,2234,1715218,736,221048,8936,32,4,867412,1712166,27757184,6848664,34605848,4,4,12,4,49,16,12,20,20,20260807,5,1,1,1,0,0,0,6357,0.264875,1,0.0015,0
1317,12946.8,11,0,2.36804,8.38837,0,0,0,10.7564,361,361,0,1,1.80238,1.80238,1971,388,5,1288,0,0,0,0,0,3655,4587.37,1.0905,23.2045,584359,184,55262,2234,1715218,736,221048,8936,32,4,867412,1712166,27757184,6848664,34605848,4,4,12,4,49,16,12,20,20,20260807,5,1,1,1,0,0,0,6358,0.264917,1,0.0015,1
1318,12963.6,17,0,2.57512,14.1301,0,0,0,16.7052,361,361,0,1,1.80238,1.80238,1971,388,5,1288,0,0,0,0,0,3655,4587.37,1.0905,23.2045,584359,184,55262,2234,1715218,736,221048,8936,32,4,867412,1712166,27757184,6848664,34605848,4,4,12,4,49,16,12,20,20,20260807,5,1,1,1,0,0,0,6358,0.264917,1,0.0015,0
1319,12970.7,7,0,2.35646,4.63775,0,0,0,6.99421,361,361,0,1,1.80238,1.80238,1971,388,5,1288,0,0,0,0,0,3655,4587.37,1.0905,23.2045,584359,184,55262,2234,1715218,736,221048,8936,32,4,867412,1712166,27757184,6848664,34605848,4,4,12,4,49,16,12,20,20,20260807,5,1,1,1,0,0,0,6358,0.264917,1,0.0015,0
1320,12979.1,9,0,2.34479,5.9135,0,0,0,8.25829,361,361,0,1,1.80238,1.80238,1971,388,5,1288,0,0,0,0,0,3655,4587.37,1.0905,23.2045,584359,184,55262,2234,1715218,736,221048,8936,32,4,867412,1712166,27757184,6848664,34605848,4,4,12,4,49,16,12,20,20,20260807,5,1,1,1,0,0,0,6358,0.264917,1,0.0015,0
1321,12985.6,6,0,2.41125,4.09904,0,0,0,6.51029,361,361,0,1,1.80238,1.80238,1971,388,5,1288,0,0,0,0,0,3655,4587.37,1.0905,23.2045,584359,184,55262,2234,1715218,736,221048,8936,32,4,867412,1712166,27757184,6848664,34605848,4,4,12,4,49,16,12,20,20,20260807,5,1,1,1,0,0,0,6358,0.264917,1,0.0015,0
1322,12995,9,0,2.3195,6.91788,0,0,0,9.23738,361,361,0,1,1.80238,1.80238,1971,388,5,1288,0,0,0,0,0,3655,4587.37,1.0905,23.2045,584359,184,55262,2234,1715218,736,221048,8936,32,4,867412,1712166,27757184,6848664,34605848,4,4,12,4,49,16,12,20,20,20260807,5,1,1,1,0,0,0,6359,0.264958,1,0.0015,1
1323,13002.3,8,0,2.53796,4.70104,0,0,0,7.239,361,361,0,1,1.80238,1.80238,1971,388,5,1288,0,0,0,0,0,3655,4587.37,1.0905,23.2045,584359,184,55262,2234,1715218,736,221048,8936,32,4,867412,1712166,27757184,6848664,34605848,4,4,12,4,49,16,12,20,20,20260807,5,1,1,1,0,0,0,6359,0.264958,1,0.0015,0
1324,13012.1,10,0,2.36792,7.40342,0,0,0,9.77133,361,361,0,1,1.80238,1.80238,1971,388,5,1288,0,0,0,0,0,3655,4587.37,1.0905,23.2045,584359,184,55262,2234,1715218,736,221048,8936,32,4,867412,1712166,27757184,6848664,34605848,4,4,12,4,49,16,12,20,20,20260807,5,1,1,1,0,0,0,6359,0.264958,1,0.0015,0
1325,13018.6,6,0,2.32287,4.04812,0,0,0,6.371,361,361,0,1,1.80238,1.80238,1971,388,5,1288,0,0,0,0,0,3655,4587.37,1.0905,23.2045,584359,184,55262,2234,1715218,736,221048,8936,32,4,867412,1712166,27757184,6848664,34605848,4,4,12,4,49,16,12,20,20,20260807,5,1,1,1,0,0,0,6359,0.264958,1,0.0015,0
1326,13028.8,10,0,2.45975,7.66817,0,0,0,10.1279,361,361,0,1,1.80238,1.80238,1971,388,5,1288,0,0,0,0,0,3655,4587.37,1.0905,23.2045,584359,184,55262,2234,1715218,736,221048,8936,32,4,867412,1712166,27757184,6848664,34605848,4,4,12,4,49,16,12,20,20,20260807,5,1,1,1,0,0,0,6359,0.264958,1,0.0015,0
1327,13035.6,7,0,2.3355,4.36554,0,0,0,6.70104,361,361,0,1,1.80238,1.80238,1971,388,5,1288,0,0,0,0,0,3655,4587.37,1.0905,23.2045,584359,184,55262,2234,1715218,736,221048,8936,32,4,867412,1712166,27757184,6848664,34605848,4,4,12,4,49,16,12,20,20,20260807,5,1,1,1,0,0,0,6359,0.264958,1,0.0015,0
1328,13044.8,9,0,2.31504,6.80738,0,0,0,9.12242,361,361,0,1,1.80238,1.80238,1971,388,5,1288,0,0,0,0,0,3655,4587.37,1.0905,23.2045,584359,184,55262,2234,1715218,736,221048,8936,32,4,867412,1712166,27757184,6848664,34605848,4,4,12,4,49,16,12,20,20,20260807,5,1,1,1,0,0,0,6360,0.265,1,0.0015,1
1329,13051.7,7,0,2.38108,4.41,0,0,0,6.79108,361,361,0,1,1.80238,1.80238,1971,388,5,1288,0,0,0,0,0,3655,4587.37,1.0905,23.2045,584359,184,55262,2234,1715218,736,221048,8936,32,4,867412,1712166,27757184,6848664,34605848,4,4,12,4,49,16,12,20,20,20260807,5,1,1,1,0,0,0,6360,0.265,1,0.0015,0
1330,13061.7,10,0,2.31667,7.58767,0,0,0,9.90433,361,361,0,1,1.80238,1.80238,1971,388,5,1288,0,0,0,0,0,3655,4587.37,1.0905,23.2045,584359,184,55262,2234,1715218,736,221048,8936,32,4,867412,1712166,27757184,6848664,34605848,4,4,12,4,49,16,12,20,20,20260807,5,1,1,1,0,0,0,6360,0.265,1,0.0015,0
1331,13068.5,7,0,2.36063,4.35771,0,0,0,6.71833,361,361,0,1,1.80238,1.80238,1971,388,5,1288,0,0,0,0,0,3655,4587.37,1.0905,23.2045,584359,184,55262,2234,1715218,736,221048,8936,32,4,867412,1712166,27757184,6848664,34605848,4,4,12,4,49,16,12,20,20,20260807,5,1,1,1,0,0,0,6360,0.265,1,0.0015,0
1332,13079.4,11,0,2.37442,8.44796,0,0,0,10.8224,361,361,0,1,1.80238,1.80238,1971,388,5,1288,0,0,0,0,0,3655,4587.37,1.0905,23.2045,584359,184,55262,2234,1715218,736,221048,8936,32,4,867412,1712166,27757184,6848664,34605848,4,4,12,4,49,16,12,20,20,20260807,5,1,1,1,0,0,0,6360,0.265,1,0.0015,0
1333,13086.6,7,0,2.3125,4.814,0,0,0,7.1265,361,361,0,1,1.80238,1.80238,1971,388,5,1288,0,0,0,0,0,3655,4587.37,1.0905,23.2045,584359,184,55262,2234,1715218,736,221048,8936,32,4,867412,1712166,27757184,6848664,34605848,4,4,12,4,49,16,12,20,20,20260807,5,1,1,1,0,0,0,6360,0.265,1,0.0015,0
1334,13095.3,9,0,2.39258,6.17392,0,0,0,8.5665,361,361,0,1,1.80238,1.80238,1971,388,5,1288,0,0,0,0,0,3655,4587.37,1.0905,23.2045,584359,184,55262,2234,1715218,736,221048,8936,32,4,867412,1712166,27757184,6848664,34605848,4,4,12,4,49,16,12,20,20,20260807,5,1,1,1,0,0,0,6361,0.265042,1,0.0015,1
1335,13102.5,7,0,2.37775,4.70437,0,0,0,7.08212,361,361,0,1,1.80238,1.80238,1971,388,5,1288,0,0,0,0,0,3655,4587.37,1.0905,23.2045,584359,184,55262,2234,1715218,736,221048,8936,32,4,867412,1712166,27757184,6848664,34605848,4,4,12,4,49,16,12,20,20,20260807,5,1,1,1,0,0,0,6361,0.265042,1,0.0015,0
1336,13115.6,13,0,2.33683,10.7014,0,0,0,13.0382,361,361,0,1,1.80238,1.80238,1971,388,5,1288,0,0,0,0,0,3655,4587.37,1.0905,23.2045,584359,184,55262,2234,1715218,736,221048,8936,32,4,867412,1712166,27757184,6848664,34605848,4,4,12,4,49,16,12,20,20,20260807,5,1,1,1,0,0,0,6361,0.265042,1,0.0015,0
1337,13122.4,7,0,2.601,4.09467,0,0,0,6.69567,361,361,0,1,1.80238,1.80238,1971,388,5,1288,0,0,0,0,0,3655,4587.37,1.0905,23.2045,584359,184,55262,2234,1715218,736,221048,8936,32,4,867412,1712166,27757184,6848664,34605848,4,4,12,4,49,16,12,20,20,20260807,5,1,1,1,0,0,0,6361,0.265042,1,0.0015,0
1338,13129.3,7,0,2.40825,4.41654,0,0,0,6.82479,361,361,0,1,1.80238,1.80238,1971,388,5,1288,0,0,0,0,0,3655,4587.37,1.0905,23.2045,584359,184,55262,2234,1715218,736,221048,8936,32,4,867412,1712166,27757184,6848664,34605848,4,4,12,4,49,16,12,20,20,20260807,5,1,1,1,0,0,0,6361,0.265042,1,0.0015,0
1339,13146.4,17,0,2.69367,14.3573,0,0,0,17.051,361,361,0,1,1.80238,1.80238,1971,388,5,1288,0,0,0,0,0,3655,4587.37,1.0905,23.2045,584359,184,55262,2234,1715218,736,221048,8936,32,4,867412,1712166,27757184,6848664,34605848,4,4,12,4,49,16,12,20,20,20260807,5,1,1,1,0,0,0,6361,0.265042,1,0.0015,0
1340,13154.1,8,0,2.63912,4.91783,0,0,0,7.55696,361,361,0,1,1.80238,1.80238,1971,388,5,1288,0,0,0,0,0,3655,4587.37,1.0905,23.2045,584359,184,55262,2234,1715218,736,221048,8936,32,4,867412,1712166,27757184,6848664,34605848,4,4,12,4,49,16,12,20,20,20260807,5,1,1,1,0,0,0,6362,0.265083,1,0.0015,1
1341,13162.6,8,0,2.35696,6.0445,0,0,0,8.40146,361,361,0,1,1.80238,1.80238,1971,388,5,1288,0,0,0,0,0,3655,4587.37,1.0905,23.2045,584359,184,55262,2234,1715218,736,221048,8936,32,4,867412,1712166,27757184,6848664,34605848,4,4,12,4,49,16,12,20,20,20260807,5,1,1,1,0,0,0,6362,0.265083,1,0.0015,0
1342,13169.6,7,0,2.49221,4.44833,0,0,0,6.94054,361,361,0,1,1.80238,1.80238,1971,388,5,1288,0,0,0,0,0,3655,4587.37,1.0905,23.2045,584359,184,55262,2234,1715218,736,221048,8936,32,4,867412,1712166,27757184,6848664,34605848,4,4,12,4,49,16,12,20,20,20260807,5,1,1,1,0,0,0,6362,0.265083,1,0.0015,0
1343,13179.2,10,0,2.34496,7.18258,0,0,0,9.52754,361,361,0,1,1.80238,1.80238,1971,388,5,1288,0,0,0,0,0,3655,4587.37,1.0905,23.2045,584359,184,55262,2234,1715218,736,221048,8936,32,4,867412,1712166,27757184,6848664,34605848,4,4,12,4,49,16,12,20,20,20260807,5,1,1,1,0,0,0,6362,0.265083,1,0.0015,0
1344,13186.3,7,0,2.33896,4.649,0,0,0,6.98796,361,361,0,1,1.80238,1.80238,1971,388,5,1288,0,0,0,0,0,3655,4587.37,1.0905,23.2045,584359,184,55262,2234,1715218,736,221048,8936,32,4,867412,1712166,27757184,6848664,34605848,4,4,12,4,49,16,12,20,20,20260807,5,1,1,1,0,0,0,6362,0.265083,1,0.0015,0
1345,13195.4,9,0,2.38063,6.66379,0,0,0,9.04442,361,361,0,1,1.80238,1.80238,1971,388,5,1288,0,0,0,0,0,3655,4587.37,1.0905,23.2045,584359,184,55262,2234,1715218,736,221048,8936,32,4,867412,1712166,27757184,6848664,34605848,4,4,12,4,49,16,12,20,20,20260807,5,1,1,1,0,0,0,6363,0.265125,1,0.0015,1
1346,13202.4,7,0,2.46846,4.365,0,0,0,6.83346,361,361,0,1,1.80238,1.80238,1971,388,5,1288,0,0,0,0,0,3655,4587.37,1.0905,23.2045,584359,184,55262,2234,1715218,736,221048,8936,32,4,867412,1712166,27757184,6848664,34605848,4,4,12,4,49,16,12,20,20,20260807,5,1,1,1,0,0,0,6363,0.265125,1,0.0015,0
1347,13212.2,10,0,2.40567,7.35746,0,0,0,9.76313,361,361,0,1,1.80238,1.80238,1971,388,5,1288,0,0,0,0,0,3655,4587.37,1.0905,23.2045,584359,184,55262,2234,1715218,736,221048,8936,32,4,867412,1712166,27757184,6848664,34605848,4,4,12,4,49,16,12,20,20,20260807,5,1,1,1,0,0,0,6363,0.265125,1,0.0015,0
1348,13218.9,6,0,2.47667,4.14921,0,0,0,6.62587,361,361,0,1,1.80238,1.80238,1971,388,5,1288,0,0,0,0,0,3655,4587.37,1.0905,23.2045,584359,184,55262,2234,1715218,736,221048,8936,32,4,867412,1712166,27757184,6848664,34605848,4,4,12,4,49,16,12,20,20,20260807,5,1,1,1,0,0,0,6363,0.265125,1,0.0015,0
1349,13232.9,14,0,2.45083,11.4063,0,0,0,13.8571,361,361,0,1,1.80238,1.80238,1971,388,5,1288,0,0,0,0,0,3655,4587.37,1.0905,23.2045,584359,184,55262,2234,1715218,736,221048,8936,32,4,867412,1712166,27757184,6848664,34605848,4,4,12,4,49,16,12,20,20,20260807,5,1,1,1,0,0,0,6363,0.265125,1,0.0015,0
1350,13245.5,13,0,2.39496,10.1548,0,0,0,12.5497,361,361,0,1,1.80238,1.80238,1971,388,5,1288,0,0,0,0,0,3655,4587.37,1.0905,23.2045,584359,184,55262,2234,1715218,736,221048,8936,32,4,867412,1712166,27757184,6848664,34605848,4,4,12,4,49,16,12,20,20,20260807,5,1,1,1,0,0,0,6364,0.265167,1,0.0015,1
1351,13256.1,11,0,2.62829,7.90504,0,0,0,10.5333,361,361,0,1,1.80238,1.80238,1971,388,5,1288,0,0,0,0,0,3655,4587.37,1.0905,23.2045,584359,184,55262,2234,1715218,736,221048,8936,32,4,867412,1712166,27757184,6848664,34605848,4,4,12,4,49,16,12,20,20,20260807,5,1,1,1,0,0,0,6364,0.265167,1,0.0015,0
1352,13263.6,7,0,2.62737,4.68792,0,0,0,7.31529,361,361,0,1,1.80238,1.80238,1971,388,5,1288,0,0,0,0,0,3655,4587.37,1.0905,23.2045,584359,184,55262,2234,1715218,736,221048,8936,32,4,867412,1712166,27757184,6848664,34605848,4,4,12,4,49,16,12,20,20,20260807,5,1,1,1,0,0,0,6364,0.265167,1,0.0015,0
1353,13272.2,9,0,2.81621,5.64808,0,0,0,8.46429,361,361,0,1,1.80238,1.80238,1971,388,5,1288,0,0,0,0,0,3655,4587.37,1.0905,23.2045,584359,184,55262,2234,1715218,736,221048,8936,32,4,867412,1712166,27757184,6848664,34605848,4,4,12,4,49,16,12,20,20,20260807,5,1,1,1,0,0,0,6364,0.265167,1,0.0015,0
1354,13279.8,7,0,2.45117,5.07375,0,0,0,7.52492,361,361,0,1,1.80238,1.80238,1971,388,5,1288,0,0,0,0,0,3655,4587.37,1.0905,23.2045,584359,184,55262,2234,1715218,736,221048,8936,32,4,867412,1712166,27757184,6848664,34605848,4,4,12,4,49,16,12,20,20,20260807,5,1,1,1,0,0,0,6364,0.265167,1,0.0015,0
1355,13296.6,17,0,2.4805,13.9962,0,0,0,16.4767,361,361,0,1,1.80238,1.80238,1971,388,5,1288,0,0,0,0,0,3655,4587.37,1.0905,23.2045,584359,184,55262,2234,1715218,736,221048,8936,32,4,867412,1712166,27757184,6848664,34605848,4,4,12,4,49,16,12,20,20,20260807,5,1,1,1,0,0,0,6364,0.265167,1,0.0015,0
1356,13312.7,16,0,3.08171,12.9273,0,0,0,16.009,361,361,0,1,1.80238,1.80238,1971,388,5,1288,0,0,0,0,0,3655,4587.37,1.0905,23.2045,584359,184,55262,2234,1715218,736,221048,8936,32,4,867412,1712166,27757184,6848664,34605848,4,4,12,4,49,16,12,20,20,20260807,5,1,1,1,0,0,0,6365,0.265208,1,0.0015,1
1357,13328.5,16,0,2.37562,13.3316,0,0,0,15.7073,361,361,0,1,1.80238,1.80238,1971,388,5,1288,0,0,0,0,0,3655,4587.37,1.0905,23.2045,584359,184,55262,2234,1715218,736,221048,8936,32,4,867412,1712166,27757184,6848664,34605848,4,4,12,4,49,16,12,20,20,20260807,5,1,1,1,0,0,0,6365,0.265208,1,0.0015,0
1358,13335.4,7,0,2.34546,4.38896,0,0,0,6.73442,361,361,0,1,1.80238,1.80238,1971,388,5,1288,0,0,0,0,0,3655,4587.37,1.0905,23.2045,584359,184,55262,2234,1715218,736,221048,8936,32,4,867412,1712166,27757184,6848664,34605848,4,4,12,4,49,16,12,20,20,20260807,5,1,1,1,0,0,0,6365,0.265208,1,0.0015,0
1359,13341.7,6,0,2.37017,3.91721,0,0,0,6.28737,361,361,0,1,1.80238,1.80238,1971,388,5,1288,0,0,0,0,0,3655,4587.37,1.0905,23.2045,584359,184,55262,2234,1715218,736,221048,8936,32,4,867412,1712166,27757184,6848664,34605848,4,4,12,4,49,16,12,20,20,20260807,5,1,1,1,0,0,0,6366,0.26525,1,0.0015,1
1360,13348.4,7,0,2.56117,4.00058,0,0,0,6.56175,361,361,0,1,1.80238,1.80238,1971,388,5,1288,0,0,0,0,0,3655,4587.37,1.0905,23.2045,584359,184,55262,2234,1715218,736,221048,8936,32,4,867412,1712166,27757184,6848664,34605848,4,4,12,4,49,16,12,20,20,20260807,5,1,1,1,0,0,0,6366,0.26525,1,0.0015,0
1361,13355.3,7,0,2.38437,4.43592,0,0,0,6.82029,361,361,0,1,1.80238,1.80238,1971,388,5,1288,0,0,0,0,0,3655,4587.37,1.0905,23.2045,584359,184,55262,2234,1715218,736,221048,8936,32,4,867412,1712166,27757184,6848664,34605848,4,4,12,4,49,16,12,20,20,20260807,5,1,1,1,0,0,0,6366,0.26525,1,0.0015,0
1362,13364.7,9,0,2.38338,6.92225,0,0,0,9.30562,361,361,0,1,1.80238,1.80238,1971,388,5,1288,0,0,0,0,0,3655,4587.37,1.0905,23.2045,584359,184,55262,2234,1715218,736,221048,8936,32,4,867412,1712166,27757184,6848664,34605848,4,4,12,4,49,16,12,20,20,20260807,5,1,1,1,0,0,0,6366,0.26525,1,0.0015,0
1363,13371.1,7,0,2.23263,4.15742,0,0,0,6.39004,361,361,0,1,1.80238,1.80238,1971,388,5,1288,0,0,0,0,0,3655,4587.37,1.0905,23.2045,584359,184,55262,2234,1715218,736,221048,8936,32,4,867412,1712166,27757184,6848664,34605848,4,4,12,4,49,16,12,20,20,20260807,5,1,1,1,0,0,0,6366,0.26525,1,0.0015,0
1364,13377.6,6,0,2.405,3.95954,0,0,0,6.36454,361,361,0,1,1.80238,1.80238,1971,388,5,1288,0,0,0,0,0,3655,4587.37,1.0905,23.2045,584359,184,55262,2234,1715218,736,221048,8936,32,4,867412,1712166,27757184,6848664,34605848,4,4,12,4,49,16,12,20,20,20260807,5,1,1,1,0,0,0,6366,0.26525,1,0.0015,0
1365,13385,7,0,2.38092,4.9535,0,0,0,7.33442,361,361,0,1,1.80238,1.80238,1971,388,5,1288,0,0,0,0,0,3655,4587.37,1.0905,23.2045,584359,184,55262,2234,1715218,736,221048,8936,32,4,867412,1712166,27757184,6848664,34605848,4,4,12,4,49,16,12,20,20,20260807,5,1,1,1,0,0,0,6366,0.26525,1,0.0015,0
1366,13391.5,7,0,2.578,3.80925,0,0,0,6.38725,361,361,0,1,1.80238,1.80238,1971,388,5,1288,0,0,0,0,0,3655,4587.37,1.0905,23.2045,584359,184,55262,2234,1715218,736,221048,8936,32,4,867412,1712166,27757184,6848664,34605848,4,4,12,4,49,16,12,20,20,20260807,5,1,1,1,0,0,0,6367,0.265292,1,0.0015,1
1367,13401.7,10,0,2.44675,7.74,0,0,0,10.1867,361,361,0,1,1.80238,1.80238,1971,388,5,1288,0,0,0,0,0,3655,4587.37,1.0905,23.2045,584359,184,55262,2234,1715218,736,221048,8936,32,4,867412,1712166,27757184,6848664,34605848,4,4,12,4,49,16,12,20,20,20260807,5,1,1,1,0,0,0,6367,0.265292,1,0.0015,0
1368,13408.6,7,0,2.48354,4.31712,0,0,0,6.80067,361,361,0,1,1.80238,1.80238,1971,388,5,1288,0,0,0,0,0,3655,4587.37,1.0905,23.2045,584359,184,55262,2234,1715218,736,221048,8936,32,4,867412,1712166,27757184,6848664,34605848,4,4,12,4,49,16,12,20,20,20260807,5,1,1,1,0,0,0,6367,0.265292,1,0.0015,0
1369,13415.9,7,0,2.54546,4.59642,0,0,0,7.14187,361,361,0,1,1.80238,1.80238,1971,388,5,1288,0,0,0,0,0,3655,4587.37,1.0905,23.2045,584359,184,55262,2234,1715218,736,221048,8936,32,4,867412,1712166,27757184,6848664,34605848,4,4,12,4,49,16,12,20,20,20260807,5,1,1,1,0,0,0,6367,0.265292,1,0.0015,0
1370,13423,7,0,2.55963,4.4805,0,0,0,7.04012,361,361,0,1,1.80238,1.80238,1971,388,5,1288,0,0,0,0,0,3655,4587.37,1.0905,23.2045,584359,184,55262,2234,1715218,736,221048,8936,32,4,867412,1712166,27757184,6848664,34605848,4,4,12,4,49,16,12,20,20,20260807,5,1,1,1,0,0,0,6367,0.265292,1,0.0015,0
1371,13429.7,7,0,2.50163,4.14967,0,0,0,6.65129,361,361,0,1,1.80238,1.80238,1971,388,5,1288,0,0,0,0,0,3655,4587.37,1.0905,23.2045,584359,184,55262,2234,1715218,736,221048,8936,32,4,867412,1712166,27757184,6848664,34605848,4,4,12,4,49,16,12,20,20,20260807,5,1,1,1,0,0,0,6367,0.265292,1,0.0015,0
1372,13436.8,7,0,2.26133,4.68817,0,0,0,6.9495,361,361,0,1,1.80238,1.80238,1971,388,5,1288,0,0,0,0,0,3655,4587.37,1.0905,23.2045,584359,184,55262,2234,1715218,736,221048,8936,32,4,867412,1712166,27757184,6848664,34605848,4,4,12,4,49,16,12,20,20,20260807,5,1,1,1,0,0,0,6367,0.265292,1,0.0015,0
1373,13444.2,8,0,2.689,4.69379,0,0,0,7.38279,361,361,0,1,1.80238,1.80238,1971,388,5,1288,0,0,0,0,0,3655,4587.37,1.0905,23.2045,584359,184,55262,2234,1715218,736,221048,8936,32,4,867412,1712166,27757184,6848664,34605848,4,4,12,4,49,16,12,20,20,20260807,5,1,1,1,0,0,0,6368,0.265333,1,0.0015,1
1374,13451.6,7,0,2.39617,4.929,0,0,0,7.32517,361,361,0,1,1.80238,1.80238,1971,388,5,1288,0,0,0,0,0,3655,4587.37,1.0905,23.2045,584359,184,55262,2234,1715218,736,221048,8936,32,4,867412,1712166,27757184,6848664,34605848,4,4,12,4,49,16,12,20,20,20260807,5,1,1,1,0,0,0,6368,0.265333,1,0.0015,0
1375,13457.8,6,0,2.23133,3.86867,0,0,0,6.1,361,361,0,1,1.80238,1.80238,1971,388,5,1288,0,0,0,0,0,3655,4587.37,1.0905,23.2045,584359,184,55262,2234,1715218,736,221048,8936,32,4,867412,1712166,27757184,6848664,34605848,4,4,12,4,49,16,12,20,20,20260807,5,1,1,1,0,0,0,6368,0.265333,1,0.0015,0
1376,13465.1,7,0,2.4135,4.78546,0,0,0,7.19896,361,361,0,1,1.80238,1.80238,1971,388,5,1288,0,0,0,0,0,3655,4587.37,1.0905,23.2045,584359,184,55262,2234,1715218,736,221048,8936,32,4,867412,1712166,27757184,6848664,34605848,4,4,12,4,49,16,12,20,20,20260807,5,1,1,1,0,0,0,6368,0.265333,1,0.0015,0
1377,13472.2,7,0,2.47038,4.51562,0,0,0,6.986,361,361,0,1,1.80238,1.80238,1971,388,5,1288,0,0,0,0,0,3655,4587.37,1.0905,23.2045,584359,184,55262,2234,1715218,736,221048,8936,32,4,867412,1712166,27757184,6848664,34605848,4,4,12,4,49,16,12,20,20,20260807,5,1,1,1,0,0,0,6368,0.265333,1,0.0015,0
1378,13478.9,6,0,2.2755,4.3485,0,0,0,6.624,361,361,0,1,1.80238,1.80238,1971,388,5,1288,0,0,0,0,0,3655,4587.37,1.0905,23.2045,584359,184,55262,2234,1715218,736,221048,8936,32,4,867412,1712166,27757184,6848664,34605848,4,4,12,4,49,16,12,20,20,20260807,5,1,1,1,0,0,0,6368,0.265333,1,0.0015,0
1379,13486.4,8,0,2.467,4.99375,0,0,0,7.46075,361,361,0,1,1.80238,1.80238,1971,388,5,1288,0,0,0,0,0,3655,4587.37,1.0905,23.2045,584359,184,55262,2234,1715218,736,221048,8936,32,4,867412,1712166,27757184,6848664,34605848,4,4,12,4,49,16,12,20,20,20260807,5,1,1,1,0,0,0,6368,0.265333,1,0.0015,0
1380,13494.2,8,0,2.37279,5.3125,0,0,0,7.68529,361,361,0,1,1.80238,1.80238,1971,388,5,1288,0,0,0,0,0,3655,4587.37,1.0905,23.2045,584359,184,55262,2234,1715218,736,221048,8936,32,4,867412,1712166,27757184,6848664,34605848,4,4,12,4,49,16,12,20,20,20260807,5,1,1,1,0,0,0,6369,0.265375,1,0.0015,1
1381,13501.5,7,0,2.39917,4.81883,0,0,0,7.218,361,361,0,1,1.80238,1.80238,1971,388,5,1288,0,0,0,0,0,3655,4587.37,1.0905,23.2045,584359,184,55262,2234,1715218,736,221048,8936,32,4,867412,1712166,27757184,6848664,34605848,4,4,12,4,49,16,12,20,20,20260807,5,1,1,1,0,0,0,6369,0.265375,1,0.0015,0
1382,13508.6,7,0,2.40629,4.66862,0,0,0,7.07492,361,361,0,1,1.80238,1.80238,1971,388,5,1288,0,0,0,0,0,3655,4587.37,1.0905,23.2045,584359,184,55262,2234,1715218,736,221048,8936,32,4,867412,1712166,27757184,6848664,34605848,4,4,12,4,49,16,12,20,20,20260807,5,1,1,1,0,0,0,6369,0.265375,1,0.0015,0
1383,13516.7,8,0,3.97838,3.97138,0,0,0,7.94975,361,361,0,1,1.80238,1.80238,1971,388,5,1288,0,0,0,0,0,3655,4587.37,1.0905,23.2045,584359,184,55262,2234,1715218,736,221048,8936,32,4,867412,1712166,27757184,6848664,34605848,4,4,12,4,49,16,12,20,20,20260807,5,1,1,1,0,0,0,6369,0.265375,1,0.0015,0
1384,13523.2,8,0,2.44029,3.97354,0,0,0,6.41383,361,361,0,1,1.80238,1.80238,1971,388,5,1288,0,0,0,0,0,3655,4587.37,1.0905,23.2045,584359,184,55262,2234,1715218,736,221048,8936,32,4,867412,1712166,27757184,6848664,34605848,4,4,12,4,49,16,12,20,20,20260807,5,1,1,1,0,0,0,6369,0.265375,1,0.0015,0
1385,13529.8,6,0,2.38875,4.11933,0,0,0,6.50808,361,361,0,1,1.80238,1.80238,1971,388,5,1288,0,0,0,0,0,3655,4587.37,1.0905,23.2045,584359,184,55262,2234,1715218,736,221048,8936,32,4,867412,1712166,27757184,6848664,34605848,4,4,12,4,49,16,12,20,20,20260807,5,1,1,1,0,0,0,6369,0.265375,1,0.0015,0
1386,13537.4,8,0,2.43129,5.10454,0,0,0,7.53583,361,361,0,1,1.80238,1.80238,1971,388,5,1288,0,0,0,0,0,3655,4587.37,1.0905,23.2045,584359,184,55262,2234,1715218,736,221048,8936,32,4,867412,1712166,27757184,6848664,34605848,4,4,12,4,49,16,12,20,20,20260807,5,1,1,1,0,0,0,6369,0.265375,1,0.0015,0
1387,13544.6,7,0,2.30033,4.82158,0,0,0,7.12192,361,361,0,1,1.80238,1.80238,1971,388,5,1288,0,0,0,0,0,3655,4587.37,1.0905,23.2045,584359,184,55262,2234,1715218,736,221048,8936,32,4,867412,1712166,27757184,6848664,34605848,4,4,12,4,49,16,12,20,20,20260807,5,1,1,1,0,0,0,6370,0.265417,1,0.0015,1
1388,13551.8,7,0,2.43717,4.67425,0,0,0,7.11142,361,361,0,1,1.80238,1.80238,1971,388,5,1288,0,0,0,0,0,3655,4587.37,1.0905,23.2045,584359,184,55262,2234,1715218,736,221048,8936,32,4,867412,1712166,27757184,6848664,34605848,4,4,12,4,49,16,12,20,20,20260807,5,1,1,1,0,0,0,6370,0.265417,1,0.0015,0
1389,13558.7,7,0,2.49067,4.26054,0,0,0,6.75121,361,361,0,1,1.80238,1.80238,1971,388,5,1288,0,0,0,0,0,3655,4587.37,1.0905,23.2045,584359,184,55262,2234,1715218,736,221048,8936,32,4,867412,1712166,27757184,6848664,34605848,4,4,12,4,49,16,12,20,20,20260807,5,1,1,1,0,0,0,6370,0.265417,1,0.0015,0
1390,13565.3,7,0,2.32821,4.26079,0,0,0,6.589,361,361,0,1,1.80238,1.80238,1971,388,5,1288,0,0,0,0,0,3655,4587.37,1.0905,23.2045,584359,184,55262,2234,1715218,736,221048,8936,32,4,867412,1712166,27757184,6848664,34605848,4,4,12,4,49,16,12,20,20,20260807,5,1,1,1,0,0,0,6370,0.265417,1,0.0015,0
1391,13572.2,7,0,2.76729,4.06837,0,0,0,6.83567,361,361,0,1,1.80238,1.80238,1971,388,5,1288,0,0,0,0,0,3655,4587.37,1.0905,23.2045,584359,184,55262,2234,1715218,736,221048,8936,32,4,867412,1712166,27757184,6848664,34605848,4,4,12,4,49,16,12,20,20,20260807,5,1,1,1,0,0,0,6370,0.265417,1,0.0015,0
1392,13579.5,7,0,2.35633,4.78429,0,0,0,7.14062,361,361,0,1,1.80238,1.80238,1971,388,5,1288,0,0,0,0,0,3655,4587.37,1.0905,23.2045,584359,184,55262,2234,1715218,736,221048,8936,32,4,867412,1712166,27757184,6848664,34605848,4,4,12,4,49,16,12,20,20,20260807,5,1,1,1,0,0,0,6370,0.265417,1,0.0015,0
1393,13586.5,7,0,2.48896,4.51458,0,0,0,7.00354,361,361,0,1,1.80238,1.80238,1971,388,5,1288,0,0,0,0,0,3655,4587.37,1.0905,23.2045,584359,184,55262,2234,1715218,736,221048,8936,32,4,867412,1712166,27757184,6848664,34605848,4,4,12,4,49,16,12,20,20,20260807,5,1,1,1,0,0,0,6370,0.265417,1,0.0015,0
1394,13593.9,7,0,2.39679,4.90429,0,0,0,7.30108,361,361,0,1,1.80238,1.80238,1971,388,5,1288,0,0,0,0,0,3655,4587.37,1.0905,23.2045,584359,184,55262,2234,1715218,736,221048,8936,32,4,867412,1712166,27757184,6848664,34605848,4,4,12,4,49,16,12,20,20,20260807,5,1,1,1,0,0,0,6371,0.265458,1,0.0015,1
1395,13600.5,7,0,2.30538,4.21596,0,0,0,6.52133,361,361,0,1,1.80238,1.80238,1971,388,5,1288,0,0,0,0,0,3655,4587.37,1.0905,23.2045,584359,184,55262,2234,1715218,736,221048,8936,32,4,867412,1712166,27757184,6848664,34605848,4,4,12,4,49,16,12,20,20,20260807,5,1,1,1,0,0,0,6371,0.265458,1,0.0015,0
1396,13607.3,7,0,2.437,4.30671,0,0,0,6.74371,361,361,0,1,1.80238,1.80238,1971,388,5,1288,0,0,0,0,0,3655,4587.37,1.0905,23.2045,584359,184,55262,2234,1715218,736,221048,8936,32,4,867412,1712166,27757184,6848664,34605848,4,4,12,4,49,16,12,20,20,20260807,5,1,1,1,0,0,0,6371,0.265458,1,0.0015,0
1397,13614.3,7,0,2.29633,4.57812,0,0,0,6.87446,361,361,0,1,1.80238,1.80238,1971,388,5,1288,0,0,0,0,0,3655,4587.37,1.0905,23.2045,584359,184,55262,2234,1715218,736,221048,8936,32,4,867412,1712166,27757184,6848664,34605848,4,4,12,4,49,16,12,20,20,20260807,5,1,1,1,0,0,0,6371,0.265458,1,0.0015,0
1398,13621.5,7,0,2.50504,4.539,0,0,0,7.04404,361,361,0,1,1.80238,1.80238,1971,388,5,1288,0,0,0,0,0,3655,4587.37,1.0905,23.2045,584359,184,55262,2234,1715218,736,221048,8936,32,4,867412,1712166,27757184,6848664,34605848,4,4,12,4,49,16,12,20,20,20260807,5,1,1,1,0,0,0,6371,0.265458,1,0.0015,0
1399,13628.4,7,0,2.32837,4.52604,0,0,0,6.85442,361,361,0,1,1.80238,1.80238,1971,388,5,1288,0,0,0,0,0,3655,4587.37,1.0905,23.2045,584359,184,55262,2234,1715218,736,221048,8936,32,4,867412,1712166,27757184,6848664,34605848,4,4,12,4,49,16,12,20,20,20260807,5,1,1,1,0,0,0,6371,0.265458,1,0.0015,0
1400,13635.2,7,0,2.46654,4.2485,0,0,0,6.71504,361,361,0,1,1.80238,1.80238,1971,388,5,1288,0,0,0,0,0,3655,4587.37,1.0905,23.2045,584359,184,55262,2234,1715218,736,221048,8936,32,4,867412,1712166,27757184,6848664,34605848,4,4,12,4,49,16,12,20,20,20260807,5,1,1,1,0,0,0,6371,0.265458,1,0.0015,0
1401,13642.5,7,0,2.50287,4.72379,0,0,0,7.22667,361,361,0,1,1.80238,1.80238,1971,388,5,1288,0,0,0,0,0,3655,4587.37,1.0905,23.2045,584359,184,55262,2234,1715218,736,221048,8936,32,4,867412,1712166,27757184,6848664,34605848,4,4,12,4,49,16,12,20,20,20260807,5,1,1,1,0,0,0,6372,0.2655,1,0.0015,1
1402,13651.5,9,0,2.30108,6.35787,0,0,0,8.65896,361,361,0,1,1.80238,1.80238,1971,388,5,1288,0,0,0,0,0,3655,4587.37,1.0905,23.2045,584359,184,55262,2234,1715218,736,221048,8936,32,4,867412,1712166,27757184,6848664,34605848,4,4,12,4,49,16,12,20,20,20260807,5,1,1,1,0,0,0,6372,0.2655,1,0.0015,0
1403,13659.2,8,0,2.44896,5.18704,0,0,0,7.636,361,361,0,1,1.80238,1.80238,1971,388,5,1288,0,0,0,0,0,3655,4587.37,1.0905,23.2045,584359,184,55262,2234,1715218,736,221048,8936,32,4,867412,1712166,27757184,6848664,34605848,4,4,12,4,49,16,12,20,20,20260807,5,1,1,1,0,0,0,6372,0.2655,1,0.0015,0
1404,13665.7,6,0,2.37504,4.03725,0,0,0,6.41229,361,361,0,1,1.80238,1.80238,1971,388,5,1288,0,0,0,0,0,3655,4587.37,1.0905,23.2045,584359,184,55262,2234,1715218,736,221048,8936,32,4,867412,1712166,27757184,6848664,34605848,4,4,12,4,49,16,12,20,20,20260807,5,1,1,1,0,0,0,6372,0.2655,1,0.0015,0
1405,13673,8,0,2.49729,4.73796,0,0,0,7.23525,361,361,0,1,1.80238,1.80238,1971,388,5,1288,0,0,0,0,0,3655,4587.37,1.0905,23.2045,584359,184,55262,2234,1715218,736,221048,8936,32,4,867412,1712166,27757184,6848664,34605848,4,4,12,4,49,16,12,20,20,20260807,5,1,1,1,0,0,0,6372,0.2655,1,0.0015,0
1406,13681,7,0,2.75137,5.13217,0,0,0,7.88354,361,361,0,1,1.80238,1.80238,1971,388,5,1288,0,0,0,0,0,3655,4587.37,1.0905,23.2045,584359,184,55262,2234,1715218,736,221048,8936,32,4,867412,1712166,27757184,6848664,34605848,4,4,12,4,49,16,12,20,20,20260807,5,1,1,1,0,0,0,6372,0.2655,1,0.0015,0
1407,13688,7,0,2.51087,4.37833,0,0,0,6.88921,361,361,0,1,1.80238,1.80238,1971,388,5,1288,0,0,0,0,0,3655,4587.37,1.0905,23.2045,584359,184,55262,2234,1715218,736,221048,8936,32,4,867412,1712166,27757184,6848664,34605848,4,4,12,4,49,16,12,20,20,20260807,5,1,1,1,0,0,0,6372,0.2655,1,0.0015,0
1408,13694.9,7,0,2.42233,4.40083,0,0,0,6.82317,361,361,0,1,1.80238,1.80238,1971,388,5,1288,0,0,0,0,0,3655,4587.37,1.0905,23.2045,584359,184,55262,2234,1715218,736,221048,8936,32,4,867412,1712166,27757184,6848664,34605848,4,4,12,4,49,16,12,20,20,20260807,5,1,1,1,0,0,0,6373,0.265542,1,0.0015,1
1409,13702.6,8,0,2.74275,4.8555,0,0,0,7.59825,361,361,0,1,1.80238,1.80238,1971,388,5,1288,0,0,0,0,0,3655,4587.37,1.0905,23.2045,584359,184,55262,2234,1715218,736,221048,8936,32,4,867412,1712166,27757184,6848664,34605848,4,4,12,4,49,16,12,20,20,20260807,5,1,1,1,0,0,0,6373,0.265542,1,0.0015,0
1410,13709.3,7,0,2.36504,4.30825,0,0,0,6.67329,361,361,0,1,1.80238,1.80238,1971,388,5,1288,0,0,0,0,0,3655,4587.37,1.0905,23.2045,584359,184,55262,2234,1715218,736,221048,8936,32,4,867412,1712166,27757184,6848664,34605848,4,4,12,4,49,16,12,20,20,20260807,5,1,1,1,0,0,0,6373,0.265542,1,0.0015,0
1411,13733.4,24,0,2.58033,21.3927,0,0,0,23.9731,361,361,0,1,1.80238,1.80238,1971,388,5,1288,0,0,0,0,0,3655,4587.37,1.0905,23.2045,584359,184,55262,2234,1715218,736,221048,8936,32,4,867412,1712166,27757184,6848664,34605848,4,4,12,4,49,16,12,20,20,20260807,5,1,1,1,0,0,0,6373,0.265542,1,0.0015,0
1412,13740.3,7,0,2.41996,4.44592,0,0,0,6.86587,361,361,0,1,1.80238,1.80238,1971,388,5,1288,0,0,0,0,0,3655,4587.37,1.0905,23.2045,584359,184,55262,2234,1715218,736,221048,8936,32,4,867412,1712166,27757184,6848664,34605848,4,4,12,4,49,16,12,20,20,20260807,5,1,1,1,0,0,0,6374,0.265583,1,0.0015,1
1413,13751.6,11,0,3.23608,7.89925,0,0,0,11.1353,361,361,0,1,1.80238,1.80238,1971,388,5,1288,0,0,0,0,0,3655,4587.37,1.0905,23.2045,584359,184,55262,2234,1715218,736,221048,8936,32,4,867412,1712166,27757184,6848664,34605848,4,4,12,4,49,16,12,20,20,20260807,5,1,1,1,0,0,0,6374,0.265583,1,0.0015,0
1414,13758.4,7,0,2.35917,4.35129,0,0,0,6.71046,361,361,0,1,1.80238,1.80238,1971,388,5,1288,0,0,0,0,0,3655,4587.37,1.0905,23.2045,584359,184,55262,2234,1715218,736,221048,8936,32,4,867412,1712166,27757184,6848664,34605848,4,4,12,4,49,16,12,20,20,20260807,5,1,1,1,0,0,0,6374,0.265583,1,0.0015,0
1415,13774.7,16,0,2.52513,13.766,0,0,0,16.2911,361,361,0,1,1.80238,1.80238,1971,388,5,1288,0,0,0,0,0,3655,4587.37,1.0905,23.2045,584359,184,55262,2234,1715218,736,221048,8936,32,4,867412,1712166,27757184,6848664,34605848,4,4,12,4,49,16,12,20,20,20260807,5,1,1,1,0,0,0,6374,0.265583,1,0.0015,0
1416,13784,9,0,2.33763,6.84054,0,0,0,9.17817,361,361,0,1,1.80238,1.80238,1971,388,5,1288,0,0,0,0,0,3655,4587.37,1.0905,23.2045,584359,184,55262,2234,1715218,736,221048,8936,32,4,867412,1712166,27757184,6848664,34605848,4,4,12,4,49,16,12,20,20,20260807,5,1,1,1,0,0,0,6374,0.265583,1,0.0015,0
1417,13791.1,8,0,2.5725,4.47471,0,0,0,7.04721,361,361,0,1,1.80238,1.80238,1971,388,5,1288,0,0,0,0,0,3655,4587.37,1.0905,23.2045,584359,184,55262,2234,1715218,736,221048,8936,32,4,867412,1712166,27757184,6848664,34605848,4,4,12,4,49,16,12,20,20,20260807,5,1,1,1,0,0,0,6375,0.265625,1,0.0015,1
1418,13800.8,9,0,2.4165,7.12408,0,0,0,9.54058,361,361,0,1,1.80238,1.80238,1971,388,5,1288,0,0,0,0,0,3655,4587.37,1.0905,23.2045,584359,184,55262,2234,1715218,736,221048,8936,32,4,867412,1712166,27757184,6848664,34605848,4,4,12,4,49,16,12,20,20,20260807,5,1,1,1,0,0,0,6375,0.265625,1,0.0015,0
1419,13807.6,7,0,2.48725,4.28492,0,0,0,6.77217,361,361,0,1,1.80238,1.80238,1971,388,5,1288,0,0,0,0,0,3655,4587.37,1.0905,23.2045,584359,184,55262,2234,1715218,736,221048,8936,32,4,867412,1712166,27757184,6848664,34605848,4,4,12,4,49,16,12,20,20,20260807,5,1,1,1,0,0,0,6375,0.265625,1,0.0015,0
1420,13817.4,10,0,5.04962,4.68921,0,0,0,9.73883,361,361,0,1,1.80238,1.80238,1971,388,5,1288,0,0,0,0,0,3655,4587.37,1.0905,23.2045,584359,184,55262,2234,1715218,736,221048,8936,32,4,867412,1712166,27757184,6848664,34605848,4,4,12,4,49,16,12,20,20,20260807,5,1,1,1,0,0,0,6375,0.265625,1,0.0015,0
1421,13823.7,6,0,2.44263,3.77767,0,0,0,6.22029,361,361,0,1,1.80238,1.80238,1971,388,5,1288,0,0,0,0,0,3655,4587.37,1.0905,23.2045,584359,184,55262,2234,1715218,736,221048,8936,32,4,867412,1712166,27757184,6848664,34605848,4,4,12,4,49,16,12,20,20,20260807,5,1,1,1,0,0,0,6375,0.265625,1,0.0015,0
1422,13830.5,7,0,2.30658,4.41179,0,0,0,6.71837,361,361,0,1,1.80238,1.80238,1971,388,5,1288,0,0,0,0,0,3655,4587.37,1.0905,23.2045,584359,184,55262,2234,1715218,736,221048,8936,32,4,867412,1712166,27757184,6848664,34605848,4,4,12,4,49,16,12,20,20,20260807,5,1,1,1,0,0,0,6375,0.265625,1,0.0015,0
1423,13838.4,8,0,2.33796,5.40412,0,0,0,7.74208,361,361,0,1,1.80238,1.80238,1971,388,5,1288,0,0,0,0,0,3655,4587.37,1.0905,23.2045,584359,184,55262,2234,1715218,736,221048,8936,32,4,867412,1712166,27757184,6848664,34605848,4,4,12,4,49,16,12,20,20,20260807,5,1,1,1,0,0,0,6375,0.265625,1,0.0015,0
1424,13845.8,7,0,2.48717,4.84912,0,0,0,7.33629,361,361,0,1,1.80238,1.80238,1971,388,5,1288,0,0,0,0,0,3655,4587.37,1.0905,23.2045,584359,184,55262,2234,1715218,736,221048,8936,32,4,867412,1712166,27757184,6848664,34605848,4,4,12,4,49,16,12,20,20,20260807,5,1,1,1,0,0,0,6376,0.265667,1,0.0015,1
1425,13853,8,0,2.35321,4.82963,0,0,0,7.18283,361,361,0,1,1.80238,1.80238,1971,388,5,1288,0,0,0,0,0,3655,4587.37,1.0905,23.2045,584359,184,55262,2234,1715218,736,221048,8936,32,4,867412,1712166,27757184,6848664,34605848,4,4,12,4,49,16,12,20,20,20260807,5,1,1,1,0,0,0,6376,0.265667,1,0.0015,0
1426,13862.1,9,0,2.34092,6.55404,0,0,0,8.89496,361,361,0,1,1.80238,1.80238,1971,388,5,1288,0,0,0,0,0,3655,4587.37,1.0905,23.2045,584359,184,55262,2234,1715218,736,221048,8936,32,4,867412,1712166,27757184,6848664,34605848,4,4,12,4,49,16,12,20,20,20260807,5,1,1,1,0,0,0,6376,0.265667,1,0.0015,0
1427,13869,7,0,2.48188,4.39279,0,0,0,6.87467,361,361,0,1,1.80238,1.80238,1971,388,5,1288,0,0,0,0,0,3655,4587.37,1.0905,23.2045,584359,184,55262,2234,1715218,736,221048,8936,32,4,867412,1712166,27757184,6848664,34605848,4,4,12,4,49,16,12,20,20,20260807,5,1,1,1,0,0,0,6376,0.265667,1,0.0015,0
1428,13875.4,6,0,2.31071,3.99446,0,0,0,6.30517,361,361,0,1,1.80238,1.80238,1971,388,5,1288,0,0,0,0,0,3655,4587.37,1.0905,23.2045,584359,184,55262,2234,1715218,736,221048,8936,32,4,867412,1712166,27757184,6848664,34605848,4,4,12,4,49,16,12,20,20,20260807,5,1,1,1,0,0,0,6376,0.265667,1,0.0015,0
1429,13885.2,10,0,2.82375,6.87954,0,0,0,9.70329,361,361,0,1,1.80238,1.80238,1971,388,5,1288,0,0,0,0,0,3655,4587.37,1.0905,23.2045,584359,184,55262,2234,1715218,736,221048,8936,32,4,867412,1712166,27757184,6848664,34605848,4,4,12,4,49,16,12,20,20,20260807,5,1,1,1,0,0,0,6376,0.265667,1,0.0015,0
1430,13892.1,7,0,2.37513,4.49229,0,0,0,6.86742,361,361,0,1,1.80238,1.80238,1971,388,5,1288,0,0,0,0,0,3655,4587.37,1.0905,23.2045,584359,184,55262,2234,1715218,736,221048,8936,32,4,867412,1712166,27757184,6848664,34605848,4,4,12,4,49,16,12,20,20,20260807,5,1,1,1,0,0,0,6377,0.265708,1,0.0015,1
1431,13902.1,10,0,5.03217,4.87167,0,0,0,9.90383,361,361,0,1,1.80238,1.80238,1971,388,5,1288,0,0,0,0,0,3655,4587.37,1.0905,23.2045,584359,184,55262,2234,1715218,736,221048,8936,32,4,867412,1712166,27757184,6848664,34605848,4,4,12,4,49,16,12,20,20,20260807,5,1,1,1,0,0,0,6377,0.265708,1,0.0015,0
1432,13909.2,7,0,2.51225,4.43621,0,0,0,6.94846,361,361,0,1,1.80238,1.80238,1971,388,5,1288,0,0,0,0,0,3655,4587.37,1.0905,23.2045,584359,184,55262,2234,1715218,736,221048,8936,32,4,867412,1712166,27757184,6848664,34605848,4,4,12,4,49,16,12,20,20,20260807,5,1,1,1,0,0,0,6377,0.265708,1,0.0015,0
1433,13917.4,8,0,2.33137,5.86467,0,0,0,8.19604,361,361,0,1,1.80238,1.80238,1971,388,5,1288,0,0,0,0,0,3655,4587.37,1.0905,23.2045,584359,184,55262,2234,1715218,736,221048,8936,32,4,867412,1712166,27757184,6848664,34605848,4,4,12,4,49,16,12,20,20,20260807,5,1,1,1,0,0,0,6377,0.265708,1,0.0015,0
1434,13925.1,8,0,2.45179,5.12654,0,0,0,7.57833,361,361,0,1,1.80238,1.80238,1971,388,5,1288,0,0,0,0,0,3655,4587.37,1.0905,23.2045,584359,184,55262,2234,1715218,736,221048,8936,32,4,867412,1712166,27757184,6848664,34605848,4,4,12,4,49,16,12,20,20,20260807,5,1,1,1,0,0,0,6377,0.265708,1,0.0015,0
1435,13932.8,7,0,2.38242,5.23608,0,0,0,7.6185,361,361,0,1,1.80238,1.80238,1971,388,5,1288,0,0,0,0,0,3655,4587.37,1.0905,23.2045,584359,184,55262,2234,1715218,736,221048,8936,32,4,867412,1712166,27757184,6848664,34605848,4,4,12,4,49,16,12,20,20,20260807,5,1,1,1,0,0,0,6377,0.265708,1,0.0015,0
1436,13939.8,7,0,2.63308,4.26754,0,0,0,6.90062,361,361,0,1,1.80238,1.80238,1971,388,5,1288,0,0,0,0,0,3655,4587.37,1.0905,23.2045,584359,184,55262,2234,1715218,736,221048,8936,32,4,867412,1712166,27757184,6848664,34605848,4,4,12,4,49,16,12,20,20,20260807,5,1,1,1,0,0,0,6378,0.26575,1,0.0015,1
1437,13947.8,8,0,3.51604,4.44242,0,0,0,7.95846,361,361,0,1,1.80238,1.80238,1971,388,5,1288,0,0,0,0,0,3655,4587.37,1.0905,23.2045,584359,184,55262,2234,1715218,736,221048,8936,32,4,867412,1712166,27757184,6848664,34605848,4,4,12,4,49,16,12,20,20,20260807,5,1,1,1,0,0,0,6378,0.26575,1,0.0015,0
1438,13955.2,8,0,2.57454,4.73667,0,0,0,7.31121,361,361,0,1,1.80238,1.80238,1971,388,5,1288,0,0,0,0,0,3655,4587.37,1.0905,23.2045,584359,184,55262,2234,1715218,736,221048,8936,32,4,867412,1712166,27757184,6848664,34605848,4,4,12,4,49,16,12,20,20,20260807,5,1,1,1,0,0,0,6378,0.26575,1,0.0015,0
1439,13961.8,6,0,2.38558,4.08379,0,0,0,6.46938,361,361,0,1,1.80238,1.80238,1971,388,5,1288,0,0,0,0,0,3655,4587.37,1.0905,23.2045,584359,184,55262,2234,1715218,736,221048,8936,32,4,867412,1712166,27757184,6848664,34605848,4,4,12,4,49,16,12,20,20,20260807,5,1,1,1,0,0,0,6378,0.26575,1,0.0015,0
1440,13969.8,8,0,2.31071,5.57988,0,0,0,7.89058,361,361,0,1,1.80238,1.80238,1971,388,5,1288,0,0,0,0,0,3655,4587.37,1.0905,23.2045,584359,184,55262,2234,1715218,736,221048,8936,32,4,867412,1712166,27757184,6848664,34605848,4,4,12,4,49,16,12,20,20,20260807,5,1,1,1,0,0,0,6378,0.26575,1,0.0015,0
1441,13976.4,7,0,2.37012,4.1895,0,0,0,6.55962,361,361,0,1,1.80238,1.80238,1971,388,5,1288,0,0,0,0,0,3655,4587.37,1.0905,23.2045,584359,184,55262,2234,1715218,736,221048,8936,32,4,867412,1712166,27757184,6848664,34605848,4,4,12,4,49,16,12,20,20,20260807,5,1,1,1,0,0,0,6378,0.26575,1,0.0015,0
1442,13986.2,10,0,2.50321,7.14858,0,0,0,9.65179,361,361,0,1,1.80238,1.80238,1971,388,5,1288,0,0,0,0,0,3655,4587.37,1.0905,23.2045,584359,184,55262,2234,1715218,736,221048,8936,32,4,867412,1712166,27757184,6848664,34605848,4,4,12,4,49,16,12,20,20,20260807,5,1,1,1,0,0,0,6378,0.26575,1,0.0015,0
1443,13992.9,6,0,2.48467,4.09971,0,0,0,6.58437,361,361,0,1,1.80238,1.80238,1971,388,5,1288,0,0,0,0,0,3655,4587.37,1.0905,23.2045,584359,184,55262,2234,1715218,736,221048,8936,32,4,867412,1712166,27757184,6848664,34605848,4,4,12,4,49,16,12,20,20,20260807,5,1,1,1,0,0,0,6379,0.265792,1,0.0015,1
1444,13999.6,7,0,2.4435,4.23163,0,0,0,6.67513,361,361,0,1,1.80238,1.80238,1971,388,5,1288,0,0,0,0,0,3655,4587.37,1.0905,23.2045,584359,184,55262,2234,1715218,736,221048,8936,32,4,867412,1712166,27757184,6848664,34605848,4,4,12,4,49,16,12,20,20,20260807,5,1,1,1,0,0,0,6379,0.265792,1,0.0015,0
1445,14006.4,7,0,2.44396,4.27363,0,0,0,6.71758,361,361,0,1,1.80238,1.80238,1971,388,5,1288,0,0,0,0,0,3655,4587.37,1.0905,23.2045,584359,184,55262,2234,1715218,736,221048,8936,32,4,867412,1712166,27757184,6848664,34605848,4,4,12,4,49,16,12,20,20,20260807,5,1,1,1,0,0,0,6379,0.265792,1,0.0015,0
1446,14016.2,10,0,3.21317,6.49583,0,0,0,9.709,361,361,0,1,1.80238,1.80238,1971,388,5,1288,0,0,0,0,0,3655,4587.37,1.0905,23.2045,584359,184,55262,2234,1715218,736,221048,8936,32,4,867412,1712166,27757184,6848664,34605848,4,4,12,4,49,16,12,20,20,20260807,5,1,1,1,0,0,0,6379,0.265792,1,0.0015,0
1447,14023.3,7,0,2.57217,4.40388,0,0,0,6.97604,361,361,0,1,1.80238,1.80238,1971,388,5,1288,0,0,0,0,0,3655,4587.37,1.0905,23.2045,584359,184,55262,2234,1715218,736,221048,8936,32,4,867412,1712166,27757184,6848664,34605848,4,4,12,4,49,16,12,20,20,20260807,5,1,1,1,0,0,0,6379,0.265792,1,0.0015,0
1448,14030.7,7,0,2.70779,4.68225,0,0,0,7.39004,361,361,0,1,1.80238,1.80238,1971,388,5,1288,0,0,0,0,0,3655,4587.37,1.0905,23.2045,584359,184,55262,2234,1715218,736,221048,8936,32,4,867412,1712166,27757184,6848664,34605848,4,4,12,4,49,16,12,20,20,20260807,5,1,1,1,0,0,0,6379,0.265792,1,0.0015,0
1449,14038.1,8,0,2.415,4.83717,0,0,0,7.25217,361,361,0,1,1.80238,1.80238,1971,388,5,1288,0,0,0,0,0,3655,4587.37,1.0905,23.2045,584359,184,55262,2234,1715218,736,221048,8936,32,4,867412,1712166,27757184,6848664,34605848,4,4,12,4,49,16,12,20,20,20260807,5,1,1,1,0,0,0,6379,0.265792,1,0.0015,0
1450,14044.9,6,0,2.32238,4.41742,0,0,0,6.73979,361,361,0,1,1.80238,1.80238,1971,388,5,1288,0,0,0,0,0,3655,4587.37,1.0905,23.2045,584359,184,55262,2234,1715218,736,221048,8936,32,4,867412,1712166,27757184,6848664,34605848,4,4,12,4,49,16,12,20,20,20260807,5,1,1,1,0,0,0,6380,0.265833,1,0.0015,1
1451,14064.2,20,0,2.71554,4.59288,0,0,0,7.30842,361,361,0,1,1.80238,1.80238,1971,388,5,1288,0,0,0,0,0,3655,4587.37,1.0905,23.2045,584359,184,55262,2234,1715218,736,221048,8936,32,4,867412,1712166,27757184,6848664,34605848,4,4,12,4,49,16,12,20,20,20260807,5,1,1,1,0,0,0,6380,0.265833,1,0.0015,0
1452,14073,9,0,2.448,6.27787,0,0,0,8.72588,361,361,0,1,1.80238,1.80238,1971,388,5,1288,0,0,0,0,0,3655,4587.37,1.0905,23.2045,584359,184,55262,2234,1715218,736,221048,8936,32,4,867412,1712166,27757184,6848664,34605848,4,4,12,4,49,16,12,20,20,20260807,5,1,1,1,0,0,0,6380,0.265833,1,0.0015,0
1453,14080.5,7,0,2.32512,5.05987,0,0,0,7.385,361,361,0,1,1.80238,1.80238,1971,388,5,1288,0,0,0,0,0,3655,4587.37,1.0905,23.2045,584359,184,55262,2234,1715218,736,221048,8936,32,4,867412,1712166,27757184,6848664,34605848,4,4,12,4,49,16,12,20,20,20260807,5,1,1,1,0,0,0,6380,0.265833,1,0.0015,0
1454,14087.8,7,0,2.43475,4.77771,0,0,0,7.21246,361,361,0,1,1.80238,1.80238,1971,388,5,1288,0,0,0,0,0,3655,4587.37,1.0905,23.2045,584359,184,55262,2234,1715218,736,221048,8936,32,4,867412,1712166,27757184,6848664,34605848,4,4,12,4,49,16,12,20,20,20260807,5,1,1,1,0,0,0,6380,0.265833,1,0.0015,0
1455,14095,7,0,2.32846,4.74421,0,0,0,7.07267,361,361,0,1,1.80238,1.80238,1971,388,5,1288,0,0,0,0,0,3655,4587.37,1.0905,23.2045,584359,184,55262,2234,1715218,736,221048,8936,32,4,867412,1712166,27757184,6848664,34605848,4,4,12,4,49,16,12,20,20,20260807,5,1,1,1,0,0,0,6381,0.265875,1,0.0015,1
1456,14102.7,8,0,2.61296,5.01075,0,0,0,7.62371,361,361,0,1,1.80238,1.80238,1971,388,5,1288,0,0,0,0,0,3655,4587.37,1.0905,23.2045,584359,184,55262,2234,1715218,736,221048,8936,32,4,867412,1712166,27757184,6848664,34605848,4,4,12,4,49,16,12,20,20,20260807,5,1,1,1,0,0,0,6381,0.265875,1,0.0015,0
1457,14117,14,0,3.31263,5.46446,0,0,0,8.77708,361,361,0,1,1.80238,1.80238,1971,388,5,1288,0,0,0,0,0,3655,4587.37,1.0905,23.2045,584359,184,55262,2234,1715218,736,221048,8936,32,4,867412,1712166,27757184,6848664,34605848,4,4,12,4,49,16,12,20,20,20260807,5,1,1,1,0,0,0,6381,0.265875,1,0.0015,0
1458,14123.7,7,0,2.62408,4.00579,0,0,0,6.62988,361,361,0,1,1.80238,1.80238,1971,388,5,1288,0,0,0,0,0,3655,4587.37,1.0905,23.2045,584359,184,55262,2234,1715218,736,221048,8936,32,4,867412,1712166,27757184,6848664,34605848,4,4,12,4,49,16,12,20,20,20260807,5,1,1,1,0,0,0,6381,0.265875,1,0.0015,0
1459,14134.3,11,0,6.16683,4.37108,0,0,0,10.5379,361,361,0,1,1.80238,1.80238,1971,388,5,1288,0,0,0,0,0,3655,4587.37,1.0905,23.2045,584359,184,55262,2234,1715218,736,221048,8936,32,4,867412,1712166,27757184,6848664,34605848,4,4,12,4,49,16,12,20,20,20260807,5,1,1,1,0,0,0,6381,0.265875,1,0.0015,0
1460,14142,7,0,2.46529,5.08183,0,0,0,7.54713,361,361,0,1,1.80238,1.80238,1971,388,5,1288,0,0,0,0,0,3655,4587.37,1.0905,23.2045,584359,184,55262,2234,1715218,736,221048,8936,32,4,867412,1712166,27757184,6848664,34605848,4,4,12,4,49,16,12,20,20,20260807,5,1,1,1,0,0,0,6382,0.265917,1,0.0015,1
1461,14149,7,0,2.44879,4.48558,0,0,0,6.93438,361,361,0,1,1.80238,1.80238,1971,388,5,1288,0,0,0,0,0,3655,4587.37,1.0905,23.2045,584359,184,55262,2234,1715218,736,221048,8936,32,4,867412,1712166,27757184,6848664,34605848,4,4,12,4,49,16,12,20,20,20260807,5,1,1,1,0,0,0,6382,0.265917,1,0.0015,0
1462,14156.8,8,0,3.18821,4.54938,0,0,0,7.73758,361,361,0,1,1.80238,1.80238,1971,388,5,1288,0,0,0,0,0,3655,4587.37,1.0905,23.2045,584359,184,55262,2234,1715218,736,221048,8936,32,4,867412,1712166,27757184,6848664,34605848,4,4,12,4,49,16,12,20,20,20260807,5,1,1,1,0,0,0,6382,0.265917,1,0.0015,0
1463,14163.7,7,0,2.54646,4.31121,0,0,0,6.85767,361,361,0,1,1.80238,1.80238,1971,388,5,1288,0,0,0,0,0,3655,4587.37,1.0905,23.2045,584359,184,55262,2234,1715218,736,221048,8936,32,4,867412,1712166,27757184,6848664,34605848,4,4,12,4,49,16,12,20,20,20260807,5,1,1,1,0,0,0,6382,0.265917,1,0.0015,0
1464,14171.4,8,0,2.47079,5.07842,0,0,0,7.54921,361,361,0,1,1.80238,1.80238,1971,388,5,1288,0,0,0,0,0,3655,4587.37,1.0905,23.2045,584359,184,55262,2234,1715218,736,221048,8936,32,4,867412,1712166,27757184,6848664,34605848,4,4,12,4,49,16,12,20,20,20260807,5,1,1,1,0,0,0,6382,0.265917,1,0.0015,0
1465,14179.6,8,0,2.56567,5.61221,0,0,0,8.17788,361,361,0,1,1.80238,1.80238,1971,388,5,1288,0,0,0,0,0,3655,4587.37,1.0905,23.2045,584359,184,55262,2234,1715218,736,221048,8936,32,4,867412,1712166,27757184,6848664,34605848,4,4,12,4,49,16,12,20,20,20260807,5,1,1,1,0,0,0,6382,0.265917,1,0.0015,0
1466,14186.9,7,0,2.44462,4.72792,0,0,0,7.17254,361,361,0,1,1.80238,1.80238,1971,388,5,1288,0,0,0,0,0,3655,4587.37,1.0905,23.2045,584359,184,55262,2234,1715218,736,221048,8936,32,4,867412,1712166,27757184,6848664,34605848,4,4,12,4,49,16,12,20,20,20260807,5,1,1,1,0,0,0,6382,0.265917,1,0.0015,0
1467,14193.6,7,0,2.43642,4.12546,0,0,0,6.56187,361,361,0,1,1.80238,1.80238,1971,388,5,1288,0,0,0,0,0,3655,4587.37,1.0905,23.2045,584359,184,55262,2234,1715218,736,221048,8936,32,4,867412,1712166,27757184,6848664,34605848,4,4,12,4,49,16,12,20,20,20260807,5,1,1,1,0,0,0,6383,0.265958,1,0.0015,1
1468,14201,7,0,2.61679,4.71662,0,0,0,7.33342,361,361,0,1,1.80238,1.80238,1971,388,5,1288,0,0,0,0,0,3655,4587.37,1.0905,23.2045,584359,184,55262,2234,1715218,736,221048,8936,32,4,867412,1712166,27757184,6848664,34605848,4,4,12,4,49,16,12,20,20,20260807,5,1,1,1,0,0,0,6383,0.265958,1,0.0015,0
1469,14208.2,8,0,2.65492,4.46438,0,0,0,7.11929,361,361,0,1,1.80238,1.80238,1971,388,5,1288,0,0,0,0,0,3655,4587.37,1.0905,23.2045,584359,184,55262,2234,1715218,736,221048,8936,32,4,867412,1712166,27757184,6848664,34605848,4,4,12,4,49,16,12,20,20,20260807,5,1,1,1,0,0,0,6383,0.265958,1,0.0015,0
1470,14216.6,8,0,2.97542,5.32567,0,0,0,8.30108,361,361,0,1,1.80238,1.80238,1971,388,5,1288,0,0,0,0,0,3655,4587.37,1.0905,23.2045,584359,184,55262,2234,1715218,736,221048,8936,32,4,867412,1712166,27757184,6848664,34605848,4,4,12,4,49,16,12,20,20,20260807,5,1,1,1,0,0,0,6383,0.265958,1,0.0015,0
1471,14223.8,7,0,2.60104,4.54208,0,0,0,7.14313,361,361,0,1,1.80238,1.80238,1971,388,5,1288,0,0,0,0,0,3655,4587.37,1.0905,23.2045,584359,184,55262,2234,1715218,736,221048,8936,32,4,867412,1712166,27757184,6848664,34605848,4,4,12,4,49,16,12,20,20,20260807,5,1,1,1,0,0,0,6383,0.265958,1,0.0015,0
1472,14230.4,7,0,2.31971,4.14213,0,0,0,6.46183,361,361,0,1,1.80238,1.80238,1971,388,5,1288,0,0,0,0,0,3655,4587.37,1.0905,23.2045,584359,184,55262,2234,1715218,736,221048,8936,32,4,867412,1712166,27757184,6848664,34605848,4,4,12,4,49,16,12,20,20,20260807,5,1,1,1,0,0,0,6383,0.265958,1,0.0015,0
1473,14237.6,7,0,2.55404,4.62733,0,0,0,7.18138,361,361,0,1,1.80238,1.80238,1971,388,5,1288,0,0,0,0,0,3655,4587.37,1.0905,23.2045,584359,184,55262,2234,1715218,736,221048,8936,32,4,867412,1712166,27757184,6848664,34605848,4,4,12,4,49,16,12,20,20,20260807,5,1,1,1,0,0,0,6383,0.265958,1,0.0015,0
1474,14246.4,9,0,2.382,6.33021,0,0,0,8.71221,361,361,0,1,1.80238,1.80238,1971,388,5,1288,0,0,0,0,0,3655,4587.37,1.0905,23.2045,584359,184,55262,2234,1715218,736,221048,8936,32,4,867412,1712166,27757184,6848664,34605848,4,4,12,4,49,16,12,20,20,20260807,5,1,1,1,0,0,0,6384,0.266,1,0.0015,1
1475,14256.1,10,0,2.40342,7.22529,0,0,0,9.62871,361,361,0,1,1.80238,1.80238,1971,388,5,1288,0,0,0,0,0,3655,4587.37,1.0905,23.2045,584359,184,55262,2234,1715218,736,221048,8936,32,4,867412,1712166,27757184,6848664,34605848,4,4,12,4,49,16,12,20,20,20260807,5,1,1,1,0,0,0,6384,0.266,1,0.0015,0
1476,14263.7,7,0,2.44175,5.04529,0,0,0,7.48704,361,361,0,1,1.80238,1.80238,1971,388,5,1288,0,0,0,0,0,3655,4587.37,1.0905,23.2045,584359,184,55262,2234,1715218,736,221048,8936,32,4,867412,1712166,27757184,6848664,34605848,4,4,12,4,49,16,12,20,20,20260807,5,1,1,1,0,0,0,6384,0.266,1,0.0015,0
1477,14270.8,7,0,2.35642,4.69062,0,0,0,7.04704,361,361,0,1,1.80238,1.80238,1971,388,5,1288,0,0,0,0,0,3655,4587.37,1.0905,23.2045,584359,184,55262,2234,1715218,736,221048,8936,32,4,867412,1712166,27757184,6848664,34605848,4,4,12,4,49,16,12,20,20,20260807,5,1,1,1,0,0,0,6384,0.266,1,0.0015,0
1478,14279.4,9,0,2.33804,6.11613,0,0,0,8.45417,361,361,0,1,1.80238,1.80238,1971,388,5,1288,0,0,0,0,0,3655,4587.37,1.0905,23.2045,584359,184,55262,2234,1715218,736,221048,8936,32,4,867412,1712166,27757184,6848664,34605848,4,4,12,4,49,16,12,20,20,20260807,5,1,1,1,0,0,0,6384,0.266,1,0.0015,0
1479,14286.8,7,0,2.46592,4.90342,0,0,0,7.36933,361,361,0,1,1.80238,1.80238,1971,388,5,1288,0,0,0,0,0,3655,4587.37,1.0905,23.2045,584359,184,55262,2234,1715218,736,221048,8936,32,4,867412,1712166,27757184,6848664,34605848,4,4,12,4,49,16,12,20,20,20260807,5,1,1,1,0,0,0,6384,0.266,1,0.0015,0
1480,14295.3,9,0,2.58929,5.78467,0,0,0,8.37396,361,361,0,1,1.80238,1.80238,1971,388,5,1288,0,0,0,0,0,3655,4587.37,1.0905,23.2045,584359,184,55262,2234,1715218,736,221048,8936,32,4,867412,1712166,27757184,6848664,34605848,4,4,12,4,49,16,12,20,20,20260807,5,1,1,1,0,0,0,6385,0.266042,1,0.0015,1
1481,14304.5,9,0,2.52804,6.61092,0,0,0,9.13896,361,361,0,1,1.80238,1.80238,1971,388,5,1288,0,0,0,0,0,3655,4587.37,1.0905,23.2045,584359,184,55262,2234,1715218,736,221048,8936,32,4,867412,1712166,27757184,6848664,34605848,4,4,12,4,49,16,12,20,20,20260807,5,1,1,1,0,0,0,6385,0.266042,1,0.0015,0
1482,14311.6,7,0,2.38,4.59458,0,0,0,6.97458,361,361,0,1,1.80238,1.80238,1971,388,5,1288,0,0,0,0,0,3655,4587.37,1.0905,23.2045,584359,184,55262,2234,1715218,736,221048,8936,32,4,867412,1712166,27757184,6848664,34605848,4,4,12,4,49,16,12,20,20,20260807,5,1,1,1,0,0,0,6385,0.266042,1,0.0015,0
1483,14318.4,7,0,2.47758,4.26321,0,0,0,6.74079,361,361,0,1,1.80238,1.80238,1971,388,5,1288,0,0,0,0,0,3655,4587.37,1.0905,23.2045,584359,184,55262,2234,1715218,736,221048,8936,32,4,867412,1712166,27757184,6848664,34605848,4,4,12,4,49,16,12,20,20,20260807,5,1,1,1,0,0,0,6385,0.266042,1,0.0015,0
1484,14330,11,0,2.99079,8.44354,0,0,0,11.4343,361,361,0,1,1.80238,1.80238,1971,388,5,1288,0,0,0,0,0,3655,4587.37,1.0905,23.2045,584359,184,55262,2234,1715218,736,221048,8936,32,4,867412,1712166,27757184,6848664,34605848,4,4,12,4,49,16,12,20,20,20260807,5,1,1,1,0,0,0,6385,0.266042,1,0.0015,0
1485,14337.3,8,0,2.33804,4.90725,0,0,0,7.24529,361,361,0,1,1.80238,1.80238,1971,388,5,1288,0,0,0,0,0,3655,4587.37,1.0905,23.2045,584359,184,55262,2234,1715218,736,221048,8936,32,4,867412,1712166,27757184,6848664,34605848,4,4,12,4,49,16,12,20,20,20260807,5,1,1,1,0,0,0,6385,0.266042,1,0.0015,0
1486,14345.8,8,0,2.3875,6.05621,0,0,0,8.44371,361,361,0,1,1.80238,1.80238,1971,388,5,1288,0,0,0,0,0,3655,4587.37,1.0905,23.2045,584359,184,55262,2234,1715218,736,221048,8936,32,4,867412,1712166,27757184,6848664,34605848,4,4,12,4,49,16,12,20,20,20260807,5,1,1,1,0,0,0,6386,0.266083,1,0.0015,1
1487,14352.7,7,0,2.34096,4.43979,0,0,0,6.78075,361,361,0,1,1.80238,1.80238,1971,388,5,1288,0,0,0,0,0,3655,4587.37,1.0905,23.2045,584359,184,55262,2234,1715218,736,221048,8936,32,4,867412,1712166,27757184,6848664,34605848,4,4,12,4,49,16,12,20,20,20260807,5,1,1,1,0,0,0,6386,0.266083,1,0.0015,0
1488,14362.1,10,0,2.50371,6.86375,0,0,0,9.36746,361,361,0,1,1.80238,1.80238,1971,388,5,1288,0,0,0,0,0,3655,4587.37,1.0905,23.2045,584359,184,55262,2234,1715218,736,221048,8936,32,4,867412,1712166,27757184,6848664,34605848,4,4,12,4,49,16,12,20,20,20260807,5,1,1,1,0,0,0,6386,0.266083,1,0.0015,0
1489,14369.4,7,0,2.39162,4.81617,0,0,0,7.20779,361,361,0,1,1.80238,1.80238,1971,388,5,1288,0,0,0,0,0,3655,4587.37,1.0905,23.2045,584359,184,55262,2234,1715218,736,221048,8936,32,4,867412,1712166,27757184,6848664,34605848,4,4,12,4,49,16,12,20,20,20260807,5,1,1,1,0,0,0,6386,0.266083,1,0.0015,0
1490,14378.7,9,0,2.36767,6.77321,0,0,0,9.14087,361,361,0,1,1.80238,1.80238,1971,388,5,1288,0,0,0,0,0,3655,4587.37,1.0905,23.2045,584359,184,55262,2234,1715218,736,221048,8936,32,4,867412,1712166,27757184,6848664,34605848,4,4,12,4,49,16,12,20,20,20260807,5,1,1,1,0,0,0,6386,0.266083,1,0.0015,0
1491,14385.8,7,0,2.57408,4.43567,0,0,0,7.00975,361,361,0,1,1.80238,1.80238,1971,388,5,1288,0,0,0,0,0,3655,4587.37,1.0905,23.2045,584359,184,55262,2234,1715218,736,221048,8936,32,4,867412,1712166,27757184,6848664,34605848,4,4,12,4,49,16,12,20,20,20260807,5,1,1,1,0,0,0,6386,0.266083,1,0.0015,0
1492,14396.9,11,0,3.40854,7.68242,0,0,0,11.091,361,361,0,1,1.80238,1.80238,1971,388,5,1288,0,0,0,0,0,3655,4587.37,1.0905,23.2045,584359,184,55262,2234,1715218,736,221048,8936,32,4,867412,1712166,27757184,6848664,34605848,4,4,12,4,49,16,12,20,20,20260807,5,1,1,1,0,0,0,6387,0.266125,1,0.0015,1
1493,14414.2,18,0,2.40071,14.807,0,0,0,17.2077,361,361,0,1,1.80238,1.80238,1971,388,5,1288,0,0,0,0,0,3655,4587.37,1.0905,23.2045,584359,184,55262,2234,1715218,736,221048,8936,32,4,867412,1712166,27757184,6848664,34605848,4,4,12,4,49,16,12,20,20,20260807,5,1,1,1,0,0,0,6387,0.266125,1,0.0015,0
1494,14422.1,8,0,2.666,5.07779,0,0,0,7.74379,361,361,0,1,1.80238,1.80238,1971,388,5,1288,0,0,0,0,0,3655,4587.37,1.0905,23.2045,584359,184,55262,2234,1715218,736,221048,8936,32,4,867412,1712166,27757184,6848664,34605848,4,4,12,4,49,16,12,20,20,20260807,5,1,1,1,0,0,0,6387,0.266125,1,0.0015,0
1495,14429.5,7,0,2.35054,5.00271,0,0,0,7.35325,361,361,0,1,1.80238,1.80238,1971,388,5,1288,0,0,0,0,0,3655,4587.37,1.0905,23.2045,584359,184,55262,2234,1715218,736,221048,8936,32,4,867412,1712166,27757184,6848664,34605848,4,4,12,4,49,16,12,20,20,20260807,5,1,1,1,0,0,0,6387,0.266125,1,0.0015,0
1496,14439.2,10,0,2.36075,7.30762,0,0,0,9.66837,361,361,0,1,1.80238,1.80238,1971,388,5,1288,0,0,0,0,0,3655,4587.37,1.0905,23.2045,584359,184,55262,2234,1715218,736,221048,8936,32,4,867412,1712166,27757184,6848664,34605848,4,4,12,4,49,16,12,20,20,20260807,5,1,1,1,0,0,0,6387,0.266125,1,0.0015,0
1497,14446,7,0,2.40471,4.26713,0,0,0,6.67183,361,361,0,1,1.80238,1.80238,1971,388,5,1288,0,0,0,0,0,3655,4587.37,1.0905,23.2045,584359,184,55262,2234,1715218,736,221048,8936,32,4,867412,1712166,27757184,6848664,34605848,4,4,12,4,49,16,12,20,20,20260807,5,1,1,1,0,0,0,6388,0.266167,1,0.0015,1
1498,14455.3,9,0,2.35179,6.82608,0,0,0,9.17788,361,361,0,1,1.80238,1.80238,1971,388,5,1288,0,0,0,0,0,3655,4587.37,1.0905,23.2045,584359,184,55262,2234,1715218,736,221048,8936,32,4,867412,1712166,27757184,6848664,34605848,4,4,12,4,49,16,12,20,20,20260807,5,1,1,1,0,0,0,6388,0.266167,1,0.0015,0
1499,14462.2,7,0,2.41683,4.38842,0,0,0,6.80525,361,361,0,1,1.80238,1.80238,1971,388,5,1288,0,0,0,0,0,3655,4587.37,1.0905,23.2045,584359,184,55262,2234,1715218,736,221048,8936,32,4,867412,1712166,27757184,6848664,34605848,4,4,12,4,49,16,12,20,20,20260807,5,1,1,1,0,0,0,6388,0.266167,1,0.0015,0
1500,14469.4,6,0,2.46958,4.65663,0,0,0,7.12621,361,361,0,1,1.80238,1.80238,1971,388,5,1288,0,0,0,0,0,3655,4587.37,1.0905,23.2045,584359,184,55262,2234,1715218,736,221048,8936,32,4,867412,1712166,27757184,6848664,34605848,4,4,12,4,49,16,12,20,20,20260807,5,1,1,1,0,0,0,6388,0.266167,1,0.0015,0
1501,14480.5,11,0,2.27796,8.73371,0,0,0,11.0117,361,361,0,1,1.80238,1.80238,1971,388,5,1288,0,0,0,0,0,3655,4587.37,1.0905,23.2045,584359,184,55262,2234,1715218,736,221048,8936,32,4,867412,1712166,27757184,6848664,34605848,4,4,12,4,49,16,12,20,20,20260807,5,1,1,1,0,0,0,6388,0.266167,1,0.0015,0
1502,14499.5,19,0,2.6235,16.2676,0,0,0,18.8911,361,361,0,1,1.80238,1.80238,1971,388,5,1288,0,0,0,0,0,3655,4587.37,1.0905,23.2045,584359,184,55262,2234,1715218,736,221048,8936,32,4,867412,1712166,27757184,6848664,34605848,4,4,12,4,49,16,12,20,20,20260807,5,1,1,1,0,0,0,6388,0.266167,1,0.0015,0
1503,14511.8,12,0,2.707,9.49725,0,0,0,12.2043,361,361,0,1,1.80238,1.80238,1971,388,5,1288,0,0,0,0,0,3655,4587.37,1.0905,23.2045,584359,184,55262,2234,1715218,736,221048,8936,32,4,867412,1712166,27757184,6848664,34605848,4,4,12,4,49,16,12,20,20,20260807,5,1,1,1,0,0,0,6389,0.266208,1,0.0015,1
1504,14518.3,7,0,2.3325,4.11796,0,0,0,6.45046,361,361,0,1,1.80238,1.80238,1971,388,5,1288,0,0,0,0,0,3655,4587.37,1.0905,23.2045,584359,184,55262,2234,1715218,736,221048,8936,32,4,867412,1712166,27757184,6848664,34605848,4,4,12,4,49,16,12,20,20,20260807,5,1,1,1,0,0,0,6389,0.266208,1,0.0015,0
1505,14528.7,11,0,2.35517,7.91058,0,0,0,10.2658,361,361,0,1,1.80238,1.80238,1971,388,5,1288,0,0,0,0,0,3655,4587.37,1.0905,23.2045,584359,184,55262,2234,1715218,736,221048,8936,32,4,867412,1712166,27757184,6848664,34605848,4,4,12,4,49,16,12,20,20,20260807,5,1,1,1,0,0,0,6389,0.266208,1,0.0015,0
1506,14535.3,7,0,2.272,4.31325,0,0,0,6.58525,361,361,0,1,1.80238,1.80238,1971,388,5,1288,0,0,0,0,0,3655,4587.37,1.0905,23.2045,584359,184,55262,2234,1715218,736,221048,8936,32,4,867412,1712166,27757184,6848664,34605848,4,4,12,4,49,16,12,20,20,20260807,5,1,1,1,0,0,0,6389,0.266208,1,0.0015,0
1507,14547.7,12,0,2.32171,9.99908,0,0,0,12.3208,361,361,0,1,1.80238,1.80238,1971,388,5,1288,0,0,0,0,0,3655,4587.37,1.0905,23.2045,584359,184,55262,2234,1715218,736,221048,8936,32,4,867412,1712166,27757184,6848664,34605848,4,4,12,4,49,16,12,20,20,20260807,5,1,1,1,0,0,0,6390,0.26625,1,0.0015,1
1508,14556.3,9,0,2.34358,6.137,0,0,0,8.48058,361,361,0,1,1.80238,1.80238,1971,388,5,1288,0,0,0,0,0,3655,4587.37,1.0905,23.2045,584359,184,55262,2234,1715218,736,221048,8936,32,4,867412,1712166,27757184,6848664,34605848,4,4,12,4,49,16,12,20,20,20260807,5,1,1,1,0,0,0,6390,0.26625,1,0.0015,0
1509,14566.2,10,0,2.51975,7.24329,0,0,0,9.76304,361,361,0,1,1.80238,1.80238,1971,388,5,1288,0,0,0,0,0,3655,4587.37,1.0905,23.2045,584359,184,55262,2234,1715218,736,221048,8936,32,4,867412,1712166,27757184,6848664,34605848,4,4,12,4,49,16,12,20,20,20260807,5,1,1,1,0,0,0,6390,0.26625,1,0.0015,0
1510,14572.7,6,0,2.51367,3.90525,0,0,0,6.41892,361,361,0,1,1.80238,1.80238,1971,388,5,1288,0,0,0,0,0,3655,4587.37,1.0905,23.2045,584359,184,55262,2234,1715218,736,221048,8936,32,4,867412,1712166,27757184,6848664,34605848,4,4,12,4,49,16,12,20,20,20260807,5,1,1,1,0,0,0,6390,0.26625,1,0.0015,0
1511,14579.4,7,0,2.40413,4.13092,0,0,0,6.53504,361,361,0,1,1.80238,1.80238,1971,388,5,1288,0,0,0,0,0,3655,4587.37,1.0905,23.2045,584359,184,55262,2234,1715218,736,221048,8936,32,4,867412,1712166,27757184,6848664,34605848,4,4,12,4,49,16,12,20,20,20260807,5,1,1,1,0,0,0,6390,0.26625,1,0.0015,0
1512,14596.2,17,0,2.30358,14.4628,0,0,0,16.7664,361,361,0,1,1.80238,1.80238,1971,388,5,1288,0,0,0,0,0,3655,4587.37,1.0905,23.2045,584359,184,55262,2234,1715218,736,221048,8936,32,4,867412,1712166,27757184,6848664,34605848,4,4,12,4,49,16,12,20,20,20260807,5,1,1,1,0,0,0,6390,0.26625,1,0.0015,0
1513,14603.1,7,0,2.42029,4.43054,0,0,0,6.85083,361,361,0,1,1.80238,1.80238,1971,388,5,1288,0,0,0,0,0,3655,4587.37,1.0905,23.2045,584359,184,55262,2234,1715218,736,221048,8936,32,4,867412,1712166,27757184,6848664,34605848,4,4,12,4,49,16,12,20,20,20260807,5,1,1,1,0,0,0,6391,0.266292,1,0.0015,1
1514,14611.5,8,0,2.37567,5.89117,0,0,0,8.26683,361,361,0,1,1.80238,1.80238,1971,388,5,1288,0,0,0,0,0,3655,4587.37,1.0905,23.2045,584359,184,55262,2234,1715218,736,221048,8936,32,4,867412,1712166,27757184,6848664,34605848,4,4,12,4,49,16,12,20,20,20260807,5,1,1,1,0,0,0,6391,0.266292,1,0.0015,0
1515,14618.1,7,0,2.36604,4.14358,0,0,0,6.50962,361,361,0,1,1.80238,1.80238,1971,388,5,1288,0,0,0,0,0,3655,4587.37,1.0905,23.2045,584359,184,55262,2234,1715218,736,221048,8936,32,4,867412,1712166,27757184,6848664,34605848,4,4,12,4,49,16,12,20,20,20260807,5,1,1,1,0,0,0,6391,0.266292,1,0.0015,0
1516,14628.5,10,0,2.38813,7.91033,0,0,0,10.2985,361,361,0,1,1.80238,1.80238,1971,388,5,1288,0,0,0,0,0,3655,4587.37,1.0905,23.2045,584359,184,55262,2234,1715218,736,221048,8936,32,4,867412,1712166,27757184,6848664,34605848,4,4,12,4,49,16,12,20,20,20260807,5,1,1,1,0,0,0,6391,0.266292,1,0.0015,0
1517,14635.2,7,0,2.42083,4.21425,0,0,0,6.63508,361,361,0,1,1.80238,1.80238,1971,388,5,1288,0,0,0,0,0,3655,4587.37,1.0905,23.2045,584359,184,55262,2234,1715218,736,221048,8936,32,4,867412,1712166,27757184,6848664,34605848,4,4,12,4,49,16,12,20,20,20260807,5,1,1,1,0,0,0,6391,0.266292,1,0.0015,0
1518,14646.6,11,0,2.51508,8.79454,0,0,0,11.3096,361,361,0,1,1.80238,1.80238,1971,388,5,1288,0,0,0,0,0,3655,4587.37,1.0905,23.2045,584359,184,55262,2234,1715218,736,221048,8936,32,4,867412,1712166,27757184,6848664,34605848,4,4,12,4,49,16,12,20,20,20260807,5,1,1,1,0,0,0,6392,0.266333,1,0.0015,1
1519,14662.3,16,0,2.35188,13.2897,0,0,0,15.6415,361,361,0,1,1.80238,1.80238,1971,388,5,1288,0,0,0,0,0,3655,4587.37,1.0905,23.2045,584359,184,55262,2234,1715218,736,221048,8936,32,4,867412,1712166,27757184,6848664,34605848,4,4,12,4,49,16,12,20,20,20260807,5,1,1,1,0,0,0,6392,0.266333,1,0.0015,0
1520,14669.4,7,0,2.49508,4.47,0,0,0,6.96508,361,361,0,1,1.80238,1.80238,1971,388,5,1288,0,0,0,0,0,3655,4587.37,1.0905,23.2045,584359,184,55262,2234,1715218,736,221048,8936,32,4,867412,1712166,27757184,6848664,34605848,4,4,12,4,49,16,12,20,20,20260807,5,1,1,1,0,0,0,6392,0.266333,1,0.0015,0
1521,14678.5,9,0,2.96233,6.05475,0,0,0,9.01708,361,361,0,1,1.80238,1.80238,1971,388,5,1288,0,0,0,0,0,3655,4587.37,1.0905,23.2045,584359,184,55262,2234,1715218,736,221048,8936,32,4,867412,1712166,27757184,6848664,34605848,4,4,12,4,49,16,12,20,20,20260807,5,1,1,1,0,0,0,6392,0.266333,1,0.0015,0
1522,14686.3,8,0,2.33529,5.42438,0,0,0,7.75967,361,361,0,1,1.80238,1.80238,1971,388,5,1288,0,0,0,0,0,3655,4587.37,1.0905,23.2045,584359,184,55262,2234,1715218,736,221048,8936,32,4,867412,1712166,27757184,6848664,34605848,4,4,12,4,49,16,12,20,20,20260807,5,1,1,1,0,0,0,6392,0.266333,1,0.0015,0
1523,14696.1,10,0,2.61358,7.09517,0,0,0,9.70875,361,361,0,1,1.80238,1.80238,1971,388,5,1288,0,0,0,0,0,3655,4587.37,1.0905,23.2045,584359,184,55262,2234,1715218,736,221048,8936,32,4,867412,1712166,27757184,6848664,34605848,4,4,12,4,49,16,12,20,20,20260807,5,1,1,1,0,0,0,6393,0.266375,1,0.0015,1
1524,14712.4,16,0,2.36929,13.8694,0,0,0,16.2387,361,361,0,1,1.80238,1.80238,1971,388,5,1288,0,0,0,0,0,3655,4587.37,1.0905,23.2045,584359,184,55262,2234,1715218,736,221048,8936,32,4,867412,1712166,27757184,6848664,34605848,4,4,12,4,49,16,12,20,20,20260807,5,1,1,1,0,0,0,6393,0.266375,1,0.0015,0
1525,14718.9,6,0,2.27754,4.05733,0,0,0,6.33488,361,361,0,1,1.80238,1.80238,1971,388,5,1288,0,0,0,0,0,3655,4587.37,1.0905,23.2045,584359,184,55262,2234,1715218,736,221048,8936,32,4,867412,1712166,27757184,6848664,34605848,4,4,12,4,49,16,12,20,20,20260807,5,1,1,1,0,0,0,6393,0.266375,1,0.0015,0
1526,14729.2,11,0,2.22104,7.87433,0,0,0,10.0954,361,361,0,1,1.80238,1.80238,1971,388,5,1288,0,0,0,0,0,3655,4587.37,1.0905,23.2045,584359,184,55262,2234,1715218,736,221048,8936,32,4,867412,1712166,27757184,6848664,34605848,4,4,12,4,49,16,12,20,20,20260807,5,1,1,1,0,0,0,6393,0.266375,1,0.0015,0
1527,14737.1,8,0,2.57112,5.23038,0,0,0,7.8015,361,361,0,1,1.80238,1.80238,1971,388,5,1288,0,0,0,0,0,3655,4587.37,1.0905,23.2045,584359,184,55262,2234,1715218,736,221048,8936,32,4,867412,1712166,27757184,6848664,34605848,4,4,12,4,49,16,12,20,20,20260807,5,1,1,1,0,0,0,6393,0.266375,1,0.0015,0
1528,14746.9,9,0,2.59013,7.11121,0,0,0,9.70133,361,361,0,1,1.80238,1.80238,1971,388,5,1288,0,0,0,0,0,3655,4587.37,1.0905,23.2045,584359,184,55262,2234,1715218,736,221048,8936,32,4,867412,1712166,27757184,6848664,34605848,4,4,12,4,49,16,12,20,20,20260807,5,1,1,1,0,0,0,6394,0.266417,1,0.0015,1
1529,14754.1,8,0,2.34242,4.75996,0,0,0,7.10238,361,361,0,1,1.80238,1.80238,1971,388,5,1288,0,0,0,0,0,3655,4587.37,1.0905,23.2045,584359,184,55262,2234,1715218,736,221048,8936,32,4,867412,1712166,27757184,6848664,34605848,4,4,12,4,49,16,12,20,20,20260807,5,1,1,1,0,0,0,6394,0.266417,1,0.0015,0
1530,14762.3,8,0,2.452,5.66592,0,0,0,8.11792,361,361,0,1,1.80238,1.80238,1971,388,5,1288,0,0,0,0,0,3655,4587.37,1.0905,23.2045,584359,184,55262,2234,1715218,736,221048,8936,32,4,867412,1712166,27757184,6848664,34605848,4,4,12,4,49,16,12,20,20,20260807,5,1,1,1,0,0,0,6394,0.266417,1,0.0015,0
1531,14769.8,7,0,2.341,5.14262,0,0,0,7.48362,361,361,0,1,1.80238,1.80238,1971,388,5,1288,0,0,0,0,0,3655,4587.37,1.0905,23.2045,584359,184,55262,2234,1715218,736,221048,8936,32,4,867412,1712166,27757184,6848664,34605848,4,4,12,4,49,16,12,20,20,20260807,5,1,1,1,0,0,0,6394,0.266417,1,0.0015,0
1532,14779.4,10,0,2.52,6.95783,0,0,0,9.47783,361,361,0,1,1.80238,1.80238,1971,388,5,1288,0,0,0,0,0,3655,4587.37,1.0905,23.2045,584359,184,55262,2234,1715218,736,221048,8936,32,4,867412,1712166,27757184,6848664,34605848,4,4,12,4,49,16,12,20,20,20260807,5,1,1,1,0,0,0,6394,0.266417,1,0.0015,0
1533,14789.4,10,0,2.49283,7.42387,0,0,0,9.91671,361,361,0,1,1.80238,1.80238,1971,388,5,1288,0,0,0,0,0,3655,4587.37,1.0905,23.2045,584359,184,55262,2234,1715218,736,221048,8936,32,4,867412,1712166,27757184,6848664,34605848,4,4,12,4,49,16,12,20,20,20260807,5,1,1,1,0,0,0,6394,0.266417,1,0.0015,0
1534,14797.4,8,0,2.96762,4.97921,0,0,0,7.94683,361,361,0,1,1.80238,1.80238,1971,388,5,1288,0,0,0,0,0,3655,4587.37,1.0905,23.2045,584359,184,55262,2234,1715218,736,221048,8936,32,4,867412,1712166,27757184,6848664,34605848,4,4,12,4,49,16,12,20,20,20260807,5,1,1,1,0,0,0,6395,0.266458,1,0.0015,1
1535,14811.7,14,0,2.18262,12.0476,0,0,0,14.2302,361,361,0,1,1.80238,1.80238,1971,388,5,1288,0,0,0,0,0,3655,4587.37,1.0905,23.2045,584359,184,55262,2234,1715218,736,221048,8936,32,4,867412,1712166,27757184,6848664,34605848,4,4,12,4,49,16,12,20,20,20260807,5,1,1,1,0,0,0,6395,0.266458,1,0.0015,0
1536,14821.2,10,0,2.32333,7.02429,0,0,0,9.34763,361,361,0,1,1.80238,1.80238,1971,388,5,1288,0,0,0,0,0,3655,4587.37,1.0905,23.2045,584359,184,55262,2234,1715218,736,221048,8936,32,4,867412,1712166,27757184,6848664,34605848,4,4,12,4,49,16,12,20,20,20260807,5,1,1,1,0,0,0,6395,0.266458,1,0.0015,0
1537,14832.3,11,0,2.21554,8.85233,0,0,0,11.0679,361,361,0,1,1.80238,1.80238,1971,388,5,1288,0,0,0,0,0,3655,4587.37,1.0905,23.2045,584359,184,55262,2234,1715218,736,221048,8936,32,4,867412,1712166,27757184,6848664,34605848,4,4,12,4,49,16,12,20,20,20260807,5,1,1,1,0,0,0,6395,0.266458,1,0.0015,0
1538,14839.4,7,0,2.46104,4.54646,0,0,0,7.0075,361,361,0,1,1.80238,1.80238,1971,388,5,1288,0,0,0,0,0,3655,4587.37,1.0905,23.2045,584359,184,55262,2234,1715218,736,221048,8936,32,4,867412,1712166,27757184,6848664,34605848,4,4,12,4,49,16,12,20,20,20260807,5,1,1,1,0,0,0,6396,0.2665,1,0.0015,1
1539,14847.2,8,0,2.33062,5.30529,0,0,0,7.63592,361,361,0,1,1.80238,1.80238,1971,388,5,1288,0,0,0,0,0,3655,4587.37,1.0905,23.2045,584359,184,55262,2234,1715218,736,221048,8936,32,4,867412,1712166,27757184,6848664,34605848,4,4,12,4,49,16,12,20,20,20260807,5,1,1,1,0,0,0,6396,0.2665,1,0.0015,0
1540,14854,7,0,2.31688,4.42925,0,0,0,6.74613,361,361,0,1,1.80238,1.80238,1971,388,5,1288,0,0,0,0,0,3655,4587.37,1.0905,23.2045,584359,184,55262,2234,1715218,736,221048,8936,32,4,867412,1712166,27757184,6848664,34605848,4,4,12,4,49,16,12,20,20,20260807,5,1,1,1,0,0,0,6396,0.2665,1,0.0015,0
1541,14862.4,8,0,2.58117,5.74704,0,0,0,8.32821,361,361,0,1,1.80238,1.80238,1971,388,5,1288,0,0,0,0,0,3655,4587.37,1.0905,23.2045,584359,184,55262,2234,1715218,736,221048,8936,32,4,867412,1712166,27757184,6848664,34605848,4,4,12,4,49,16,12,20,20,20260807,5,1,1,1,0,0,0,6396,0.2665,1,0.0015,0
1542,14869.4,7,0,2.28863,4.61038,0,0,0,6.899,361,361,0,1,1.80238,1.80238,1971,388,5,1288,0,0,0,0,0,3655,4587.37,1.0905,23.2045,584359,184,55262,2234,1715218,736,221048,8936,32,4,867412,1712166,27757184,6848664,34605848,4,4,12,4,49,16,12,20,20,20260807,5,1,1,1,0,0,0,6396,0.2665,1,0.0015,0
1543,14878.9,9,0,2.30133,7.07704,0,0,0,9.37838,361,361,0,1,1.80238,1.80238,1971,388,5,1288,0,0,0,0,0,3655,4587.37,1.0905,23.2045,584359,184,55262,2234,1715218,736,221048,8936,32,4,867412,1712166,27757184,6848664,34605848,4,4,12,4,49,16,12,20,20,20260807,5,1,1,1,0,0,0,6396,0.2665,1,0.0015,0
1544,14887.1,9,0,2.33742,5.77617,0,0,0,8.11358,361,361,0,1,1.80238,1.80238,1971,388,5,1288,0,0,0,0,0,3655,4587.37,1.0905,23.2045,584359,184,55262,2234,1715218,736,221048,8936,32,4,867412,1712166,27757184,6848664,34605848,4,4,12,4,49,16,12,20,20,20260807,5,1,1,1,0,0,0,6396,0.2665,1,0.0015,0
1545,14896.2,9,0,2.45475,6.60258,0,0,0,9.05733,361,361,0,1,1.80238,1.80238,1971,388,5,1288,0,0,0,0,0,3655,4587.37,1.0905,23.2045,584359,184,55262,2234,1715218,736,221048,8936,32,4,867412,1712166,27757184,6848664,34605848,4,4,12,4,49,16,12,20,20,20260807,5,1,1,1,0,0,0,6397,0.266542,1,0.0015,1
1546,14903.1,7,0,2.32658,4.51596,0,0,0,6.84254,361,361,0,1,1.80238,1.80238,1971,388,5,1288,0,0,0,0,0,3655,4587.37,1.0905,23.2045,584359,184,55262,2234,1715218,736,221048,8936,32,4,867412,1712166,27757184,6848664,34605848,4,4,12,4,49,16,12,20,20,20260807,5,1,1,1,0,0,0,6397,0.266542,1,0.0015,0
1547,14913.8,10,0,2.52417,8.01508,0,0,0,10.5392,361,361,0,1,1.80238,1.80238,1971,388,5,1288,0,0,0,0,0,3655,4587.37,1.0905,23.2045,584359,184,55262,2234,1715218,736,221048,8936,32,4,867412,1712166,27757184,6848664,34605848,4,4,12,4,49,16,12,20,20,20260807,5,1,1,1,0,0,0,6397,0.266542,1,0.0015,0
1548,14930.1,17,0,2.31654,13.9825,0,0,0,16.299,361,361,0,1,1.80238,1.80238,1971,388,5,1288,0,0,0,0,0,3655,4587.37,1.0905,23.2045,584359,184,55262,2234,1715218,736,221048,8936,32,4,867412,1712166,27757184,6848664,34605848,4,4,12,4,49,16,12,20,20,20260807,5,1,1,1,0,0,0,6397,0.266542,1,0.0015,0
1549,14937.3,7,0,2.31092,4.75662,0,0,0,7.06754,361,361,0,1,1.80238,1.80238,1971,388,5,1288,0,0,0,0,0,3655,4587.37,1.0905,23.2045,584359,184,55262,2234,1715218,736,221048,8936,32,4,867412,1712166,27757184,6848664,34605848,4,4,12,4,49,16,12,20,20,20260807,5,1,1,1,0,0,0,6397,0.266542,1,0.0015,0
1550,14946,9,0,2.27675,6.36058,0,0,0,8.63733,361,361,0,1,1.80238,1.80238,1971,388,5,1288,0,0,0,0,0,3655,4587.37,1.0905,23.2045,584359,184,55262,2234,1715218,736,221048,8936,32,4,867412,1712166,27757184,6848664,34605848,4,4,12,4,49,16,12,20,20,20260807,5,1,1,1,0,0,0,6398,0.266583,1,0.0015,1
1551,14963.3,17,0,2.32187,14.877,0,0,0,17.1988,361,361,0,1,1.80238,1.80238,1971,388,5,1288,0,0,0,0,0,3655,4587.37,1.0905,23.2045,584359,184,55262,2234,1715218,736,221048,8936,32,4,867412,1712166,27757184,6848664,34605848,4,4,12,4,49,16,12,20,20,20260807,5,1,1,1,0,0,0,6398,0.266583,1,0.0015,0
1552,14971.5,8,0,2.31754,5.80896,0,0,0,8.1265,361,361,0,1,1.80238,1.80238,1971,388,5,1288,0,0,0,0,0,3655,4587.37,1.0905,23.2045,584359,184,55262,2234,1715218,736,221048,8936,32,4,867412,1712166,27757184,6848664,34605848,4,4,12,4,49,16,12,20,20,20260807,5,1,1,1,0,0,0,6398,0.266583,1,0.0015,0
1553,14981,10,0,2.25563,7.13358,0,0,0,9.38921,361,361,0,1,1.80238,1.80238,1971,388,5,1288,0,0,0,0,0,3655,4587.37,1.0905,23.2045,584359,184,55262,2234,1715218,736,221048,8936,32,4,867412,1712166,27757184,6848664,34605848,4,4,12,4,49,16,12,20,20,20260807,5,1,1,1,0,0,0,6398,0.266583,1,0.0015,0
1554,14987.9,6,0,2.32192,4.49708,0,0,0,6.819,361,361,0,1,1.80238,1.80238,1971,388,5,1288,0,0,0,0,0,3655,4587.37,1.0905,23.2045,584359,184,55262,2234,1715218,736,221048,8936,32,4,867412,1712166,27757184,6848664,34605848,4,4,12,4,49,16,12,20,20,20260807,5,1,1,1,0,0,0,6398,0.266583,1,0.0015,0
1555,14995.7,8,0,2.27354,5.47679,0,0,0,7.75033,361,361,0,1,1.80238,1.80238,1971,388,5,1288,0,0,0,0,0,3655,4587.37,1.0905,23.2045,584359,184,55262,2234,1715218,736,221048,8936,32,4,867412,1712166,27757184,6848664,34605848,4,4,12,4,49,16,12,20,20,20260807,5,1,1,1,0,0,0,6399,0.266625,1,0.0015,1
1556,15002.8,7,0,2.21767,4.78779,0,0,0,7.00546,361,361,0,1,1.80238,1.80238,1971,388,5,1288,0,0,0,0,0,3655,4587.37,1.0905,23.2045,584359,184,55262,2234,1715218,736,221048,8936,32,4,867412,1712166,27757184,6848664,34605848,4,4,12,4,49,16,12,20,20,20260807,5,1,1,1,0,0,0,6399,0.266625,1,0.0015,0
1557,15014.1,12,0,2.326,8.81808,0,0,0,11.1441,361,361,0,1,1.80238,1.80238,1971,388,5,1288,0,0,0,0,0,3655,4587.37,1.0905,23.2045,584359,184,55262,2234,1715218,736,221048,8936,32,4,867412,1712166,27757184,6848664,34605848,4,4,12,4,49,16,12,20,20,20260807,5,1,1,1,0,0,0,6399,0.266625,1,0.0015,0
1558,15021.2,7,0,2.50517,4.53133,0,0,0,7.0365,361,361,0,1,1.80238,1.80238,1971,388,5,1288,0,0,0,0,0,3655,4587.37,1.0905,23.2045,584359,184,55262,2234,1715218,736,221048,8936,32,4,867412,1712166,27757184,6848664,34605848,4,4,12,4,49,16,12,20,20,20260807,5,1,1,1,0,0,0,6399,0.266625,1,0.0015,0
1559,15029.2,8,0,2.3575,5.5725,0,0,0,7.93,361,361,0,1,1.80238,1.80238,1971,388,5,1288,0,0,0,0,0,3655,4587.37,1.0905,23.2045,584359,184,55262,2234,1715218,736,221048,8936,32,4,867412,1712166,27757184,6848664,34605848,4,4,12,4,49,16,12,20,20,20260807,5,1,1,1,0,0,0,6399,0.266625,1,0.0015,0
1560,15036.5,7,0,2.36417,4.83579,0,0,0,7.19996,361,361,0,1,1.80238,1.80238,1971,388,5,1288,0,0,0,0,0,3655,4587.37,1.0905,23.2045,584359,184,55262,2234,1715218,736,221048,8936,32,4,867412,1712166,27757184,6848664,34605848,4,4,12,4,49,16,12,20,20,20260807,5,1,1,1,0,0,0,6399,0.266625,1,0.0015,0
1561,15044.7,8,0,2.25233,5.87071,0,0,0,8.12304,361,361,0,1,1.80238,1.80238,1971,388,5,1288,0,0,0,0,0,3655,4587.37,1.0905,23.2045,584359,184,55262,2234,1715218,736,221048,8936,32,4,867412,1712166,27757184,6848664,34605848,4,4,12,4,49,16,12,20,20,20260807,5,1,1,1,0,0,0,6400,0.266667,1,0.0015,1
1562,15050.7,6,0,2.27733,3.70046,0,0,0,5.97779,361,361,0,1,1.80238,1.80238,1971,388,5,1288,0,0,0,0,0,3655,4587.37,1.0905,23.2045,584359,184,55262,2234,1715218,736,221048,8936,32,4,867412,1712166,27757184,6848664,34605848,4,4,12,4,49,16,12,20,20,20260807,5,1,1,1,0,0,0,6400,0.266667,1,0.0015,0
1563,15062.5,12,0,2.3185,9.3265,0,0,0,11.645,361,361,0,1,1.80238,1.80238,1971,388,5,1288,0,0,0,0,0,3655,4587.37,1.0905,23.2045,584359,184,55262,2234,1715218,736,221048,8936,32,4,867412,1712166,27757184,6848664,34605848,4,4,12,4,49,16,12,20,20,20260807,5,1,1,1,0,0,0,6400,0.266667,1,0.0015,0
1564,15068.8,6,0,2.19837,4.02325,0,0,0,6.22163,361,361,0,1,1.80238,1.80238,1971,388,5,1288,0,0,0,0,0,3655,4587.37,1.0905,23.2045,584359,184,55262,2234,1715218,736,221048,8936,32,4,867412,1712166,27757184,6848664,34605848,4,4,12,4,49,16,12,20,20,20260807,5,1,1,1,0,0,0,6400,0.266667,1,0.0015,0
1565,15078.9,10,0,2.34458,7.66229,0,0,0,10.0069,361,361,0,1,1.80238,1.80238,1971,388,5,1288,0,0,0,0,0,3655,4587.37,1.0905,23.2045,584359,184,55262,2234,1715218,736,221048,8936,32,4,867412,1712166,27757184,6848664,34605848,4,4,12,4,49,16,12,20,20,20260807,5,1,1,1,0,0,0,6400,0.266667,1,0.0015,0
1566,15085.6,7,0,2.34592,4.28062,0,0,0,6.62654,361,361,0,1,1.80238,1.80238,1971,388,5,1288,0,0,0,0,0,3655,4587.37,1.0905,23.2045,584359,184,55262,2234,1715218,736,221048,8936,32,4,867412,1712166,27757184,6848664,34605848,4,4,12,4,49,16,12,20,20,20260807,5,1,1,1,0,0,0,6400,0.266667,1,0.0015,0
1567,15095.6,10,0,2.27879,7.57808,0,0,0,9.85688,361,361,0,1,1.80238,1.80238,1971,388,5,1288,0,0,0,0,0,3655,4587.37,1.0905,23.2045,584359,184,55262,2234,1715218,736,221048,8936,32,4,867412,1712166,27757184,6848664,34605848,4,4,12,4,49,16,12,20,20,20260807,5,1,1,1,0,0,0,6401,0.266708,1,0.0015,1
1568,15102.6,7,0,2.43379,4.53733,0,0,0,6.97112,361,361,0,1,1.80238,1.80238,1971,388,5,1288,0,0,0,0,0,3655,4587.37,1.0905,23.2045,584359,184,55262,2234,1715218,736,221048,8936,32,4,867412,1712166,27757184,6848664,34605848,4,4,12,4,49,16,12,20,20,20260807,5,1,1,1,0,0,0,6401,0.266708,1,0.0015,0
1569,15112.1,10,0,2.3335,7.08367,0,0,0,9.41717,361,361,0,1,1.80238,1.80238,1971,388,5,1288,0,0,0,0,0,3655,4587.37,1.0905,23.2045,584359,184,55262,2234,1715218,736,221048,8936,32,4,867412,1712166,27757184,6848664,34605848,4,4,12,4,49,16,12,20,20,20260807,5,1,1,1,0,0,0,6401,0.266708,1,0.0015,0
1570,15118.9,6,0,2.50304,4.26325,0,0,0,6.76629,361,361,0,1,1.80238,1.80238,1971,388,5,1288,0,0,0,0,0,3655,4587.37,1.0905,23.2045,584359,184,55262,2234,1715218,736,221048,8936,32,4,867412,1712166,27757184,6848664,34605848,4,4,12,4,49,16,12,20,20,20260807,5,1,1,1,0,0,0,6401,0.266708,1,0.0015,0
1571,15129.1,11,0,2.3985,7.64883,0,0,0,10.0473,361,361,0,1,1.80238,1.80238,1971,388,5,1288,0,0,0,0,0,3655,4587.37,1.0905,23.2045,584359,184,55262,2234,1715218,736,221048,8936,32,4,867412,1712166,27757184,6848664,34605848,4,4,12,4,49,16,12,20,20,20260807,5,1,1,1,0,0,0,6401,0.266708,1,0.0015,0
1572,15137.1,8,0,2.40079,5.51983,0,0,0,7.92063,361,361,0,1,1.80238,1.80238,1971,388,5,1288,0,0,0,0,0,3655,4587.37,1.0905,23.2045,584359,184,55262,2234,1715218,736,221048,8936,32,4,867412,1712166,27757184,6848664,34605848,4,4,12,4,49,16,12,20,20,20260807,5,1,1,1,0,0,0,6401,0.266708,1,0.0015,0
1573,15145.9,8,0,2.37733,6.395,0,0,0,8.77233,361,361,0,1,1.80238,1.80238,1971,388,5,1288,0,0,0,0,0,3655,4587.37,1.0905,23.2045,584359,184,55262,2234,1715218,736,221048,8936,32,4,867412,1712166,27757184,6848664,34605848,4,4,12,4,49,16,12,20,20,20260807,5,1,1,1,0,0,0,6402,0.26675,1,0.0015,1
1574,15153.3,8,0,2.49942,4.79846,0,0,0,7.29788,361,361,0,1,1.80238,1.80238,1971,388,5,1288,0,0,0,0,0,3655,4587.37,1.0905,23.2045,584359,184,55262,2234,1715218,736,221048,8936,32,4,867412,1712166,27757184,6848664,34605848,4,4,12,4,49,16,12,20,20,20260807,5,1,1,1,0,0,0,6402,0.26675,1,0.0015,0
1575,15162.3,9,0,2.49812,6.41962,0,0,0,8.91775,361,361,0,1,1.80238,1.80238,1971,388,5,1288,0,0,0,0,0,3655,4587.37,1.0905,23.2045,584359,184,55262,2234,1715218,736,221048,8936,32,4,867412,1712166,27757184,6848664,34605848,4,4,12,4,49,16,12,20,20,20260807,5,1,1,1,0,0,0,6402,0.26675,1,0.0015,0
1576,15169.1,7,0,2.41225,4.25558,0,0,0,6.66783,361,361,0,1,1.80238,1.80238,1971,388,5,1288,0,0,0,0,0,3655,4587.37,1.0905,23.2045,584359,184,55262,2234,1715218,736,221048,8936,32,4,867412,1712166,27757184,6848664,34605848,4,4,12,4,49,16,12,20,20,20260807,5,1,1,1,0,0,0,6402,0.26675,1,0.0015,0
1577,15183.3,14,0,2.37092,11.7918,0,0,0,14.1627,361,361,0,1,1.80238,1.80238,1971,388,5,1288,0,0,0,0,0,3655,4587.37,1.0905,23.2045,584359,184,55262,2234,1715218,736,221048,8936,32,4,867412,1712166,27757184,6848664,34605848,4,4,12,4,49,16,12,20,20,20260807,5,1,1,1,0,0,0,6402,0.26675,1,0.0015,0
1578,15195.7,12,0,2.26017,10.0004,0,0,0,12.2606,361,361,0,1,1.80238,1.80238,1971,388,5,1288,0,0,0,0,0,3655,4587.37,1.0905,23.2045,584359,184,55262,2234,1715218,736,221048,8936,32,4,867412,1712166,27757184,6848664,34605848,4,4,12,4,49,16,12,20,20,20260807,5,1,1,1,0,0,0,6403,0.266792,1,0.0015,1
1579,15203,8,0,2.33396,4.90796,0,0,0,7.24192,361,361,0,1,1.80238,1.80238,1971,388,5,1288,0,0,0,0,0,3655,4587.37,1.0905,23.2045,584359,184,55262,2234,1715218,736,221048,8936,32,4,867412,1712166,27757184,6848664,34605848,4,4,12,4,49,16,12,20,20,20260807,5,1,1,1,0,0,0,6403,0.266792,1,0.0015,0
1580,15214,11,0,2.276,8.65212,0,0,0,10.9281,361,361,0,1,1.80238,1.80238,1971,388,5,1288,0,0,0,0,0,3655,4587.37,1.0905,23.2045,584359,184,55262,2234,1715218,736,221048,8936,32,4,867412,1712166,27757184,6848664,34605848,4,4,12,4,49,16,12,20,20,20260807,5,1,1,1,0,0,0,6403,0.266792,1,0.0015,0
1581,15229.5,15,0,2.41121,12.9264,0,0,0,15.3376,361,361,0,1,1.80238,1.80238,1971,388,5,1288,0,0,0,0,0,3655,4587.37,1.0905,23.2045,584359,184,55262,2234,1715218,736,221048,8936,32,4,867412,1712166,27757184,6848664,34605848,4,4,12,4,49,16,12,20,20,20260807,5,1,1,1,0,0,0,6403,0.266792,1,0.0015,0
1582,15237.4,8,0,2.5905,5.2255,0,0,0,7.816,361,361,0,1,1.80238,1.80238,1971,388,5,1288,0,0,0,0,0,3655,4587.37,1.0905,23.2045,584359,184,55262,2234,1715218,736,221048,8936,32,4,867412,1712166,27757184,6848664,34605848,4,4,12,4,49,16,12,20,20,20260807,5,1,1,1,0,0,0,6403,0.266792,1,0.0015,0
1583,15246.8,9,0,2.28,7.11571,0,0,0,9.39571,361,361,0,1,1.80238,1.80238,1971,388,5,1288,0,0,0,0,0,3655,4587.37,1.0905,23.2045,584359,184,55262,2234,1715218,736,221048,8936,32,4,867412,1712166,27757184,6848664,34605848,4,4,12,4,49,16,12,20,20,20260807,5,1,1,1,0,0,0,6404,0.266833,1,0.0015,1
1584,15262.9,16,0,2.16363,13.8397,0,0,0,16.0033,361,361,0,1,1.80238,1.80238,1971,388,5,1288,0,0,0,0,0,3655,4587.37,1.0905,23.2045,584359,184,55262,2234,1715218,736,221048,8936,32,4,867412,1712166,27757184,6848664,34605848,4,4,12,4,49,16,12,20,20,20260807,5,1,1,1,0,0,0,6404,0.266833,1,0.0015,0
1585,15280.5,18,0,2.47804,15.0142,0,0,0,17.4922,361,361,0,1,1.80238,1.80238,1971,388,5,1288,0,0,0,0,0,3655,4587.37,1.0905,23.2045,584359,184,55262,2234,1715218,736,221048,8936,32,4,867412,1712166,27757184,6848664,34605848,4,4,12,4,49,16,12,20,20,20260807,5,1,1,1,0,0,0,6404,0.266833,1,0.0015,0
1586,15298.1,18,0,2.49204,14.9791,0,0,0,17.4712,361,361,0,1,1.80238,1.80238,1971,388,5,1288,0,0,0,0,0,3655,4587.37,1.0905,23.2045,584359,184,55262,2234,1715218,736,221048,8936,32,4,867412,1712166,27757184,6848664,34605848,4,4,12,4,49,16,12,20,20,20260807,5,1,1,1,0,0,0,6404,0.266833,1,0.0015,0
1587,15305.2,7,0,2.35854,4.69508,0,0,0,7.05363,361,361,0,1,1.80238,1.80238,1971,388,5,1288,0,0,0,0,0,3655,4587.37,1.0905,23.2045,584359,184,55262,2234,1715218,736,221048,8936,32,4,867412,1712166,27757184,6848664,34605848,4,4,12,4,49,16,12,20,20,20260807,5,1,1,1,0,0,0,6405,0.266875,1,0.0015,1
1588,15312.6,7,0,2.38225,4.94121,0,0,0,7.32346,361,361,0,1,1.80238,1.80238,1971,388,5,1288,0,0,0,0,0,3655,4587.37,1.0905,23.2045,584359,184,55262,2234,1715218,736,221048,8936,32,4,867412,1712166,27757184,6848664,34605848,4,4,12,4,49,16,12,20,20,20260807,5,1,1,1,0,0,0,6405,0.266875,1,0.0015,0
1589,15319.3,7,0,2.35079,4.30421,0,0,0,6.655,361,361,0,1,1.80238,1.80238,1971,388,5,1288,0,0,0,0,0,3655,4587.37,1.0905,23.2045,584359,184,55262,2234,1715218,736,221048,8936,32,4,867412,1712166,27757184,6848664,34605848,4,4,12,4,49,16,12,20,20,20260807,5,1,1,1,0,0,0,6405,0.266875,1,0.0015,0
1590,15329.3,10,0,2.42046,7.47408,0,0,0,9.89454,361,361,0,1,1.80238,1.80238,1971,388,5,1288,0,0,0,0,0,3655,4587.37,1.0905,23.2045,584359,184,55262,2234,1715218,736,221048,8936,32,4,867412,1712166,27757184,6848664,34605848,4,4,12,4,49,16,12,20,20,20260807,5,1,1,1,0,0,0,6405,0.266875,1,0.0015,0
1591,15336.4,7,0,2.37771,4.65904,0,0,0,7.03675,361,361,0,1,1.80238,1.80238,1971,388,5,1288,0,0,0,0,0,3655,4587.37,1.0905,23.2045,584359,184,55262,2234,1715218,736,221048,8936,32,4,867412,1712166,27757184,6848664,34605848,4,4,12,4,49,16,12,20,20,20260807,5,1,1,1,0,0,0,6405,0.266875,1,0.0015,0
1592,15347.1,11,0,2.35562,8.23804,0,0,0,10.5937,361,361,0,1,1.80238,1.80238,1971,388,5,1288,0,0,0,0,0,3655,4587.37,1.0905,23.2045,584359,184,55262,2234,1715218,736,221048,8936,32,4,867412,1712166,27757184,6848664,34605848,4,4,12,4,49,16,12,20,20,20260807,5,1,1,1,0,0,0,6406,0.266917,1,0.0015,1
1593,15355.1,8,0,2.37304,5.50858,0,0,0,7.88162,361,361,0,1,1.80238,1.80238,1971,388,5,1288,0,0,0,0,0,3655,4587.37,1.0905,23.2045,584359,184,55262,2234,1715218,736,221048,8936,32,4,867412,1712166,27757184,6848664,34605848,4,4,12,4,49,16,12,20,20,20260807,5,1,1,1,0,0,0,6406,0.266917,1,0.0015,0
1594,15362.6,7,0,2.24771,5.23583,0,0,0,7.48354,361,361,0,1,1.80238,1.80238,1971,388,5,1288,0,0,0,0,0,3655,4587.37,1.0905,23.2045,584359,184,55262,2234,1715218,736,221048,8936,32,4,867412,1712166,27757184,6848664,34605848,4,4,12,4,49,16,12,20,20,20260807,5,1,1,1,0,0,0,6406,0.266917,1,0.0015,0
1595,15369.5,7,0,2.27704,4.50496,0,0,0,6.782,361,361,0,1,1.80238,1.80238,1971,388,5,1288,0,0,0,0,0,3655,4587.37,1.0905,23.2045,584359,184,55262,2234,1715218,736,221048,8936,32,4,867412,1712166,27757184,6848664,34605848,4,4,12,4,49,16,12,20,20,20260807,5,1,1,1,0,0,0,6406,0.266917,1,0.0015,0
1596,15378.8,9,0,2.52146,6.61567,0,0,0,9.13712,361,361,0,1,1.80238,1.80238,1971,388,5,1288,0,0,0,0,0,3655,4587.37,1.0905,23.2045,584359,184,55262,2234,1715218,736,221048,8936,32,4,867412,1712166,27757184,6848664,34605848,4,4,12,4,49,16,12,20,20,20260807,5,1,1,1,0,0,0,6406,0.266917,1,0.0015,0
1597,15385.8,7,0,2.35333,4.59208,0,0,0,6.94542,361,361,0,1,1.80238,1.80238,1971,388,5,1288,0,0,0,0,0,3655,4587.37,1.0905,23.2045,584359,184,55262,2234,1715218,736,221048,8936,32,4,867412,1712166,27757184,6848664,34605848,4,4,12,4,49,16,12,20,20,20260807,5,1,1,1,0,0,0,6406,0.266917,1,0.0015,0
1598,15395.8,10,0,2.43742,7.52258,0,0,0,9.96,361,361,0,1,1.80238,1.80238,1971,388,5,1288,0,0,0,0,0,3655,4587.37,1.0905,23.2045,584359,184,55262,2234,1715218,736,221048,8936,32,4,867412,1712166,27757184,6848664,34605848,4,4,12,4,49,16,12,20,20,20260807,5,1,1,1,0,0,0,6407,0.266958,1,0.0015,1
1599,15402.5,7,0,2.29717,4.28579,0,0,0,6.58296,361,361,0,1,1.80238,1.80238,1971,388,5,1288,0,0,0,0,0,3655,4587.37,1.0905,23.2045,584359,184,55262,2234,1715218,736,221048,8936,32,4,867412,1712166,27757184,6848664,34605848,4,4,12,4,49,16,12,20,20,20260807,5,1,1,1,0,0,0,6407,0.266958,1,0.0015,0
1600,15412.1,10,0,2.30971,7.16775,0,0,0,9.47746,361,361,0,1,1.80238,1.80238,1971,388,5,1288,0,0,0,0,0,3655,4587.37,1.0905,23.2045,584359,184,55262,2234,1715218,736,221048,8936,32,4,867412,1712166,27757184,6848664,34605848,4,4,12,4,49,16,12,20,20,20260807,5,1,1,1,0,0,0,6407,0.266958,1,0.0015,0
1601,15419.3,7,0,2.3395,4.78396,0,0,0,7.12346,361,361,0,1,1.80238,1.80238,1971,388,5,1288,0,0,0,0,0,3655,4587.37,1.0905,23.2045,584359,184,55262,2234,1715218,736,221048,8936,32,4,867412,1712166,27757184,6848664,34605848,4,4,12,4,49,16,12,20,20,20260807,5,1,1,1,0,0,0,6407,0.266958,1,0.0015,0
1602,15429.5,10,0,2.24713,7.87892,0,0,0,10.126,361,361,0,1,1.80238,1.80238,1971,388,5,1288,0,0,0,0,0,3655,4587.37,1.0905,23.2045,584359,184,55262,2234,1715218,736,221048,8936,32,4,867412,1712166,27757184,6848664,34605848,4,4,12,4,49,16,12,20,20,20260807,5,1,1,1,0,0,0,6407,0.266958,1,0.0015,0
1603,15435.7,6,0,2.261,3.88967,0,0,0,6.15067,361,361,0,1,1.80238,1.80238,1971,388,5,1288,0,0,0,0,0,3655,4587.37,1.0905,23.2045,584359,184,55262,2234,1715218,736,221048,8936,32,4,867412,1712166,27757184,6848664,34605848,4,4,12,4,49,16,12,20,20,20260807,5,1,1,1,0,0,0,6407,0.266958,1,0.0015,0
1604,15449.9,14,0,2.26408,11.8583,0,0,0,14.1224,361,361,0,1,1.80238,1.80238,1971,388,5,1288,0,0,0,0,0,3655,4587.37,1.0905,23.2045,584359,184,55262,2234,1715218,736,221048,8936,32,4,867412,1712166,27757184,6848664,34605848,4,4,12,4,49,16,12,20,20,20260807,5,1,1,1,0,0,0,6408,0.267,1,0.0015,1
1605,15461.9,12,0,2.47875,9.43308,0,0,0,11.9118,361,361,0,1,1.80238,1.80238,1971,388,5,1288,0,0,0,0,0,3655,4587.37,1.0905,23.2045,584359,184,55262,2234,1715218,736,221048,8936,32,4,867412,1712166,27757184,6848664,34605848,4,4,12,4,49,16,12,20,20,20260807,5,1,1,1,0,0,0,6408,0.267,1,0.0015,0
1606,15468.4,6,0,2.32258,4.09892,0,0,0,6.4215,361,361,0,1,1.80238,1.80238,1971,388,5,1288,0,0,0,0,0,3655,4587.37,1.0905,23.2045,584359,184,55262,2234,1715218,736,221048,8936,32,4,867412,1712166,27757184,6848664,34605848,4,4,12,4,49,16,12,20,20,20260807,5,1,1,1,0,0,0,6408,0.267,1,0.0015,0
1607,15480.9,12,0,2.27304,10.0898,0,0,0,12.3628,361,361,0,1,1.80238,1.80238,1971,388,5,1288,0,0,0,0,0,3655,4587.37,1.0905,23.2045,584359,184,55262,2234,1715218,736,221048,8936,32,4,867412,1712166,27757184,6848664,34605848,4,4,12,4,49,16,12,20,20,20260807,5,1,1,1,0,0,0,6408,0.267,1,0.0015,0
1608,15495.6,15,0,2.32963,12.2737,0,0,0,14.6034,361,361,0,1,1.80238,1.80238,1971,388,5,1288,0,0,0,0,0,3655,4587.37,1.0905,23.2045,584359,184,55262,2234,1715218,736,221048,8936,32,4,867412,1712166,27757184,6848664,34605848,4,4,12,4,49,16,12,20,20,20260807,5,1,1,1,0,0,0,6408,0.267,1,0.0015,0
1609,15503.1,8,0,2.35542,5.02517,0,0,0,7.38058,361,361,0,1,1.80238,1.80238,1971,388,5,1288,0,0,0,0,0,3655,4587.37,1.0905,23.2045,584359,184,55262,2234,1715218,736,221048,8936,32,4,867412,1712166,27757184,6848664,34605848,4,4,12,4,49,16,12,20,20,20260807,5,1,1,1,0,0,0,6409,0.267042,1,0.0015,1
1610,15512.8,9,0,2.31704,7.35425,0,0,0,9.67129,361,361,0,1,1.80238,1.80238,1971,388,5,1288,0,0,0,0,0,3655,4587.37,1.0905,23.2045,584359,184,55262,2234,1715218,736,221048,8936,32,4,867412,1712166,27757184,6848664,34605848,4,4,12,4,49,16,12,20,20,20260807,5,1,1,1,0,0,0,6409,0.267042,1,0.0015,0
1611,15533,21,0,2.38067,17.661,0,0,0,20.0417,361,361,0,1,1.80238,1.80238,1971,388,5,1288,0,0,0,0,0,3655,4587.37,1.0905,23.2045,584359,184,55262,2234,1715218,736,221048,8936,32,4,867412,1712166,27757184,6848664,34605848,4,4,12,4,49,16,12,20,20,20260807,5,1,1,1,0,0,0,6409,0.267042,1,0.0015,0
1612,15539.7,7,0,2.59396,4.09879,0,0,0,6.69275,361,361,0,1,1.80238,1.80238,1971,388,5,1288,0,0,0,0,0,3655,4587.37,1.0905,23.2045,584359,184,55262,2234,1715218,736,221048,8936,32,4,867412,1712166,27757184,6848664,34605848,4,4,12,4,49,16,12,20,20,20260807,5,1,1,1,0,0,0,6410,0.267083,1,0.0015,1
1613,15549.1,10,0,2.21413,7.03546,0,0,0,9.24958,361,361,0,1,1.80238,1.80238,1971,388,5,1288,0,0,0,0,0,3655,4587.37,1.0905,23.2045,584359,184,55262,2234,1715218,736,221048,8936,32,4,867412,1712166,27757184,6848664,34605848,4,4,12,4,49,16,12,20,20,20260807,5,1,1,1,0,0,0,6410,0.267083,1,0.0015,0
1614,15562.9,13,0,2.46567,11.2976,0,0,0,13.7632,361,361,0,1,1.80238,1.80238,1971,388,5,1288,0,0,0,0,0,3655,4587.37,1.0905,23.2045,584359,184,55262,2234,1715218,736,221048,8936,32,4,867412,1712166,27757184,6848664,34605848,4,4,12,4,49,16,12,20,20,20260807,5,1,1,1,0,0,0,6410,0.267083,1,0.0015,0
1615,15569.8,7,0,2.29625,4.50433,0,0,0,6.80058,361,361,0,1,1.80238,1.80238,1971,388,5,1288,0,0,0,0,0,3655,4587.37,1.0905,23.2045,584359,184,55262,2234,1715218,736,221048,8936,32,4,867412,1712166,27757184,6848664,34605848,4,4,12,4,49,16,12,20,20,20260807,5,1,1,1,0,0,0,6410,0.267083,1,0.0015,0
1616,15579.6,10,0,2.22033,7.49538,0,0,0,9.71571,361,361,0,1,1.80238,1.80238,1971,388,5,1288,0,0,0,0,0,3655,4587.37,1.0905,23.2045,584359,184,55262,2234,1715218,736,221048,8936,32,4,867412,1712166,27757184,6848664,34605848,4,4,12,4,49,16,12,20,20,20260807,5,1,1,1,0,0,0,6410,0.267083,1,0.0015,0
1617,15586.3,7,0,2.31596,4.25654,0,0,0,6.5725,361,361,0,1,1.80238,1.80238,1971,388,5,1288,0,0,0,0,0,3655,4587.37,1.0905,23.2045,584359,184,55262,2234,1715218,736,221048,8936,32,4,867412,1712166,27757184,6848664,34605848,4,4,12,4,49,16,12,20,20,20260807,5,1,1,1,0,0,0,6410,0.267083,1,0.0015,0
1618,15595.6,9,0,2.25483,6.99875,0,0,0,9.25358,361,361,0,1,1.80238,1.80238,1971,388,5,1288,0,0,0,0,0,3655,4587.37,1.0905,23.2045,584359,184,55262,2234,1715218,736,221048,8936,32,4,867412,1712166,27757184,6848664,34605848,4,4,12,4,49,16,12,20,20,20260807,5,1,1,1,0,0,0,6411,0.267125,1,0.0015,1
1619,15602.8,7,0,2.39438,4.73125,0,0,0,7.12563,361,361,0,1,1.80238,1.80238,1971,388,5,1288,0,0,0,0,0,3655,4587.37,1.0905,23.2045,584359,184,55262,2234,1715218,736,221048,8936,32,4,867412,1712166,27757184,6848664,34605848,4,4,12,4,49,16,12,20,20,20260807,5,1,1,1,0,0,0,6411,0.267125,1,0.0015,0
1620,15615.5,13,0,2.35854,10.2483,0,0,0,12.6068,361,361,0,1,1.80238,1.80238,1971,388,5,1288,0,0,0,0,0,3655,4587.37,1.0905,23.2045,584359,184,55262,2234,1715218,736,221048,8936,32,4,867412,1712166,27757184,6848664,34605848,4,4,12,4,49,16,12,20,20,20260807,5,1,1,1,0,0,0,6411,0.267125,1,0.0015,0
1621,15629.4,14,0,2.41329,11.4292,0,0,0,13.8425,361,361,0,1,1.80238,1.80238,1971,388,5,1288,0,0,0,0,0,3655,4587.37,1.0905,23.2045,584359,184,55262,2234,1715218,736,221048,8936,32,4,867412,1712166,27757184,6848664,34605848,4,4,12,4,49,16,12,20,20,20260807,5,1,1,1,0,0,0,6411,0.267125,1,0.0015,0
1622,15636.4,7,0,2.30204,4.5525,0,0,0,6.85454,361,361,0,1,1.80238,1.80238,1971,388,5,1288,0,0,0,0,0,3655,4587.37,1.0905,23.2045,584359,184,55262,2234,1715218,736,221048,8936,32,4,867412,1712166,27757184,6848664,34605848,4,4,12,4,49,16,12,20,20,20260807,5,1,1,1,0,0,0,6411,0.267125,1,0.0015,0
1623,15645.8,9,0,2.37254,6.90038,0,0,0,9.27292,361,361,0,1,1.80238,1.80238,1971,388,5,1288,0,0,0,0,0,3655,4587.37,1.0905,23.2045,584359,184,55262,2234,1715218,736,221048,8936,32,4,867412,1712166,27757184,6848664,34605848,4,4,12,4,49,16,12,20,20,20260807,5,1,1,1,0,0,0,6412,0.267167,1,0.0015,1
1624,15652.7,7,0,2.31092,4.46263,0,0,0,6.77354,361,361,0,1,1.80238,1.80238,1971,388,5,1288,0,0,0,0,0,3655,4587.37,1.0905,23.2045,584359,184,55262,2234,1715218,736,221048,8936,32,4,867412,1712166,27757184,6848664,34605848,4,4,12,4,49,16,12,20,20,20260807,5,1,1,1,0,0,0,6412,0.267167,1,0.0015,0
1625,15662.8,10,0,2.38675,7.63875,0,0,0,10.0255,361,361,0,1,1.80238,1.80238,1971,388,5,1288,0,0,0,0,0,3655,4587.37,1.0905,23.2045,584359,184,55262,2234,1715218,736,221048,8936,32,4,867412,1712166,27757184,6848664,34605848,4,4,12,4,49,16,12,20,20,20260807,5,1,1,1,0,0,0,6412,0.267167,1,0.0015,0
1626,15678.6,16,0,2.27179,13.5215,0,0,0,15.7933,361,361,0,1,1.80238,1.80238,1971,388,5,1288,0,0,0,0,0,3655,4587.37,1.0905,23.2045,584359,184,55262,2234,1715218,736,221048,8936,32,4,867412,1712166,27757184,6848664,34605848,4,4,12,4,49,16,12,20,20,20260807,5,1,1,1,0,0,0,6412,0.267167,1,0.0015,0
1627,15685.2,7,0,2.34908,4.15429,0,0,0,6.50338,361,361,0,1,1.80238,1.80238,1971,388,5,1288,0,0,0,0,0,3655,4587.37,1.0905,23.2045,584359,184,55262,2234,1715218,736,221048,8936,32,4,867412,1712166,27757184,6848664,34605848,4,4,12,4,49,16,12,20,20,20260807,5,1,1,1,0,0,0,6412,0.267167,1,0.0015,0
1628,15698.7,13,0,2.36908,10.9871,0,0,0,13.3562,361,361,0,1,1.80238,1.80238,1971,388,5,1288,0,0,0,0,0,3655,4587.37,1.0905,23.2045,584359,184,55262,2234,1715218,736,221048,8936,32,4,867412,1712166,27757184,6848664,34605848,4,4,12,4,49,16,12,20,20,20260807,5,1,1,1,0,0,0,6413,0.267208,1,0.0015,1
1629,15706.1,8,0,2.49346,4.84938,0,0,0,7.34283,361,361,0,1,1.80238,1.80238,1971,388,5,1288,0,0,0,0,0,3655,4587.37,1.0905,23.2045,584359,184,55262,2234,1715218,736,221048,8936,32,4,867412,1712166,27757184,6848664,34605848,4,4,12,4,49,16,12,20,20,20260807,5,1,1,1,0,0,0,6413,0.267208,1,0.0015,0
1630,15714.4,8,0,2.34725,5.91229,0,0,0,8.25954,361,361,0,1,1.80238,1.80238,1971,388,5,1288,0,0,0,0,0,3655,4587.37,1.0905,23.2045,584359,184,55262,2234,1715218,736,221048,8936,32,4,867412,1712166,27757184,6848664,34605848,4,4,12,4,49,16,12,20,20,20260807,5,1,1,1,0,0,0,6413,0.267208,1,0.0015,0
1631,15731.1,17,0,2.64763,13.9334,0,0,0,16.581,361,361,0,1,1.80238,1.80238,1971,388,5,1288,0,0,0,0,0,3655,4587.37,1.0905,23.2045,584359,184,55262,2234,1715218,736,221048,8936,32,4,867412,1712166,27757184,6848664,34605848,4,4,12,4,49,16,12,20,20,20260807,5,1,1,1,0,0,0,6413,0.267208,1,0.0015,0
1632,15738.3,7,0,2.51142,4.57804,0,0,0,7.08946,361,361,0,1,1.80238,1.80238,1971,388,5,1288,0,0,0,0,0,3655,4587.37,1.0905,23.2045,584359,184,55262,2234,1715218,736,221048,8936,32,4,867412,1712166,27757184,6848664,34605848,4,4,12,4,49,16,12,20,20,20260807,5,1,1,1,0,0,0,6413,0.267208,1,0.0015,0
1633,15744.8,6,0,2.29029,4.17392,0,0,0,6.46421,361,361,0,1,1.80238,1.80238,1971,388,5,1288,0,0,0,0,0,3655,4587.37,1.0905,23.2045,584359,184,55262,2234,1715218,736,221048,8936,32,4,867412,1712166,27757184,6848664,34605848,4,4,12,4,49,16,12,20,20,20260807,5,1,1,1,0,0,0,6414,0.26725,1,0.0015,1
1634,15752.9,8,0,2.33092,5.64846,0,0,0,7.97938,361,361,0,1,1.80238,1.80238,1971,388,5,1288,0,0,0,0,0,3655,4587.37,1.0905,23.2045,584359,184,55262,2234,1715218,736,221048,8936,32,4,867412,1712166,27757184,6848664,34605848,4,4,12,4,49,16,12,20,20,20260807,5,1,1,1,0,0,0,6414,0.26725,1,0.0015,0
1635,15762.9,10,0,2.32713,7.58729,0,0,0,9.91442,361,361,0,1,1.80238,1.80238,1971,388,5,1288,0,0,0,0,0,3655,4587.37,1.0905,23.2045,584359,184,55262,2234,1715218,736,221048,8936,32,4,867412,1712166,27757184,6848664,34605848,4,4,12,4,49,16,12,20,20,20260807,5,1,1,1,0,0,0,6414,0.26725,1,0.0015,0
1636,15770.5,8,0,2.35554,5.20167,0,0,0,7.55721,361,361,0,1,1.80238,1.80238,1971,388,5,1288,0,0,0,0,0,3655,4587.37,1.0905,23.2045,584359,184,55262,2234,1715218,736,221048,8936,32,4,867412,1712166,27757184,6848664,34605848,4,4,12,4,49,16,12,20,20,20260807,5,1,1,1,0,0,0,6414,0.26725,1,0.0015,0
1637,15778.5,8,0,2.31958,5.51067,0,0,0,7.83025,361,361,0,1,1.80238,1.80238,1971,388,5,1288,0,0,0,0,0,3655,4587.37,1.0905,23.2045,584359,184,55262,2234,1715218,736,221048,8936,32,4,867412,1712166,27757184,6848664,34605848,4,4,12,4,49,16,12,20,20,20260807,5,1,1,1,0,0,0,6414,0.26725,1,0.0015,0
1638,15785.2,7,0,2.36575,4.28554,0,0,0,6.65129,361,361,0,1,1.80238,1.80238,1971,388,5,1288,0,0,0,0,0,3655,4587.37,1.0905,23.2045,584359,184,55262,2234,1715218,736,221048,8936,32,4,867412,1712166,27757184,6848664,34605848,4,4,12,4,49,16,12,20,20,20260807,5,1,1,1,0,0,0,6414,0.26725,1,0.0015,0
1639,15795.3,10,0,2.38858,7.66792,0,0,0,10.0565,361,361,0,1,1.80238,1.80238,1971,388,5,1288,0,0,0,0,0,3655,4587.37,1.0905,23.2045,584359,184,55262,2234,1715218,736,221048,8936,32,4,867412,1712166,27757184,6848664,34605848,4,4,12,4,49,16,12,20,20,20260807,5,1,1,1,0,0,0,6415,0.267292,1,0.0015,1
1640,15802.5,7,0,2.34554,4.69671,0,0,0,7.04225,361,361,0,1,1.80238,1.80238,1971,388,5,1288,0,0,0,0,0,3655,4587.37,1.0905,23.2045,584359,184,55262,2234,1715218,736,221048,8936,32,4,867412,1712166,27757184,6848664,34605848,4,4,12,4,49,16,12,20,20,20260807,5,1,1,1,0,0,0,6415,0.267292,1,0.0015,0
1641,15813.2,11,0,2.41008,8.21642,0,0,0,10.6265,361,361,0,1,1.80238,1.80238,1971,388,5,1288,0,0,0,0,0,3655,4587.37,1.0905,23.2045,584359,184,55262,2234,1715218,736,221048,8936,32,4,867412,1712166,27757184,6848664,34605848,4,4,12,4,49,16,12,20,20,20260807,5,1,1,1,0,0,0,6415,0.267292,1,0.0015,0
1642,15820.2,7,0,2.27513,4.66321,0,0,0,6.93833,361,361,0,1,1.80238,1.80238,1971,388,5,1288,0,0,0,0,0,3655,4587.37,1.0905,23.2045,584359,184,55262,2234,1715218,736,221048,8936,32,4,867412,1712166,27757184,6848664,34605848,4,4,12,4,49,16,12,20,20,20260807,5,1,1,1,0,0,0,6415,0.267292,1,0.0015,0
1643,15830,10,0,2.22987,7.53954,0,0,0,9.76942,361,361,0,1,1.80238,1.80238,1971,388,5,1288,0,0,0,0,0,3655,4587.37,1.0905,23.2045,584359,184,55262,2234,1715218,736,221048,8936,32,4,867412,1712166,27757184,6848664,34605848,4,4,12,4,49,16,12,20,20,20260807,5,1,1,1,0,0,0,6415,0.267292,1,0.0015,0
1644,15845.5,15,0,2.29358,13.0327,0,0,0,15.3263,361,361,0,1,1.80238,1.80238,1971,388,5,1288,0,0,0,0,0,3655,4587.37,1.0905,23.2045,584359,184,55262,2234,1715218,736,221048,8936,32,4,867412,1712166,27757184,6848664,34605848,4,4,12,4,49,16,12,20,20,20260807,5,1,1,1,0,0,0,6415,0.267292,1,0.0015,0
1645,15853.5,8,0,2.48787,5.42421,0,0,0,7.91208,361,361,0,1,1.80238,1.80238,1971,388,5,1288,0,0,0,0,0,3655,4587.37,1.0905,23.2045,584359,184,55262,2234,1715218,736,221048,8936,32,4,867412,1712166,27757184,6848664,34605848,4,4,12,4,49,16,12,20,20,20260807,5,1,1,1,0,0,0,6416,0.267333,1,0.0015,1
1646,15862.7,9,0,2.29804,6.83146,0,0,0,9.1295,361,361,0,1,1.80238,1.80238,1971,388,5,1288,0,0,0,0,0,3655,4587.37,1.0905,23.2045,584359,184,55262,2234,1715218,736,221048,8936,32,4,867412,1712166,27757184,6848664,34605848,4,4,12,4,49,16,12,20,20,20260807,5,1,1,1,0,0,0,6416,0.267333,1,0.0015,0
1647,15880.4,18,0,2.28542,15.3547,0,0,0,17.6401,361,361,0,1,1.80238,1.80238,1971,388,5,1288,0,0,0,0,0,3655,4587.37,1.0905,23.2045,584359,184,55262,2234,1715218,736,221048,8936,32,4,867412,1712166,27757184,6848664,34605848,4,4,12,4,49,16,12,20,20,20260807,5,1,1,1,0,0,0,6416,0.267333,1,0.0015,0
1648,15896.2,16,0,2.27312,13.4935,0,0,0,15.7666,361,361,0,1,1.80238,1.80238,1971,388,5,1288,0,0,0,0,0,3655,4587.37,1.0905,23.2045,584359,184,55262,2234,1715218,736,221048,8936,32,4,867412,1712166,27757184,6848664,34605848,4,4,12,4,49,16,12,20,20,20260807,5,1,1,1,0,0,0,6416,0.267333,1,0.0015,0
1649,15912.4,16,0,2.362,13.6664,0,0,0,16.0284,361,361,0,1,1.80238,1.80238,1971,388,5,1288,0,0,0,0,0,3655,4587.37,1.0905,23.2045,584359,184,55262,2234,1715218,736,221048,8936,32,4,867412,1712166,27757184,6848664,34605848,4,4,12,4,49,16,12,20,20,20260807,5,1,1,1,0,0,0,6417,0.267375,1,0.0015,1
1650,15919.2,7,0,2.33354,4.37525,0,0,0,6.70879,361,361,0,1,1.80238,1.80238,1971,388,5,1288,0,0,0,0,0,3655,4587.37,1.0905,23.2045,584359,184,55262,2234,1715218,736,221048,8936,32,4,867412,1712166,27757184,6848664,34605848,4,4,12,4,49,16,12,20,20,20260807,5,1,1,1,0,0,0,6417,0.267375,1,0.0015,0
1651,15929.4,10,0,2.27438,7.86908,0,0,0,10.1435,361,361,0,1,1.80238,1.80238,1971,388,5,1288,0,0,0,0,0,3655,4587.37,1.0905,23.2045,584359,184,55262,2234,1715218,736,221048,8936,32,4,867412,1712166,27757184,6848664,34605848,4,4,12,4,49,16,12,20,20,20260807,5,1,1,1,0,0,0,6417,0.267375,1,0.0015,0
1652,15945.7,16,0,2.38342,13.7741,0,0,0,16.1575,361,361,0,1,1.80238,1.80238,1971,388,5,1288,0,0,0,0,0,3655,4587.37,1.0905,23.2045,584359,184,55262,2234,1715218,736,221048,8936,32,4,867412,1712166,27757184,6848664,34605848,4,4,12,4,49,16,12,20,20,20260807,5,1,1,1,0,0,0,6417,0.267375,1,0.0015,0
1653,15952.4,7,0,2.41342,4.23504,0,0,0,6.64846,361,361,0,1,1.80238,1.80238,1971,388,5,1288,0,0,0,0,0,3655,4587.37,1.0905,23.2045,584359,184,55262,2234,1715218,736,221048,8936,32,4,867412,1712166,27757184,6848664,34605848,4,4,12,4,49,16,12,20,20,20260807,5,1,1,1,0,0,0,6418,0.267417,1,0.0015,1
1654,15962.4,10,0,2.29212,7.61333,0,0,0,9.90546,361,361,0,1,1.80238,1.80238,1971,388,5,1288,0,0,0,0,0,3655,4587.37,1.0905,23.2045,584359,184,55262,2234,1715218,736,221048,8936,32,4,867412,1712166,27757184,6848664,34605848,4,4,12,4,49,16,12,20,20,20260807,5,1,1,1,0,0,0,6418,0.267417,1,0.0015,0
1655,15968.9,6,0,2.35875,4.04867,0,0,0,6.40742,361,361,0,1,1.80238,1.80238,1971,388,5,1288,0,0,0,0,0,3655,4587.37,1.0905,23.2045,584359,184,55262,2234,1715218,736,221048,8936,32,4,867412,1712166,27757184,6848664,34605848,4,4,12,4,49,16,12,20,20,20260807,5,1,1,1,0,0,0,6418,0.267417,1,0.0015,0
1656,15978.4,10,0,2.26483,7.13162,0,0,0,9.39646,361,361,0,1,1.80238,1.80238,1971,388,5,1288,0,0,0,0,0,3655,4587.37,1.0905,23.2045,584359,184,55262,2234,1715218,736,221048,8936,32,4,867412,1712166,27757184,6848664,34605848,4,4,12,4,49,16,12,20,20,20260807,5,1,1,1,0,0,0,6418,0.267417,1,0.0015,0
1657,15985.2,7,0,2.37058,4.35712,0,0,0,6.72771,361,361,0,1,1.80238,1.80238,1971,388,5,1288,0,0,0,0,0,3655,4587.37,1.0905,23.2045,584359,184,55262,2234,1715218,736,221048,8936,32,4,867412,1712166,27757184,6848664,34605848,4,4,12,4,49,16,12,20,20,20260807,5,1,1,1,0,0,0,6418,0.267417,1,0.0015,0
1658,15995.5,10,0,2.46183,7.80096,0,0,0,10.2628,361,361,0,1,1.80238,1.80238,1971,388,5,1288,0,0,0,0,0,3655,4587.37,1.0905,23.2045,584359,184,55262,2234,1715218,736,221048,8936,32,4,867412,1712166,27757184,6848664,34605848,4,4,12,4,49,16,12,20,20,20260807,5,1,1,1,0,0,0,6419,0.267458,1,0.0015,1
1659,16003.2,8,0,2.34488,5.24842,0,0,0,7.59329,361,361,0,1,1.80238,1.80238,1971,388,5,1288,0,0,0,0,0,3655,4587.37,1.0905,23.2045,584359,184,55262,2234,1715218,736,221048,8936,32,4,867412,1712166,27757184,6848664,34605848,4,4,12,4,49,16,12,20,20,20260807,5,1,1,1,0,0,0,6419,0.267458,1,0.0015,0
1660,16012.1,9,0,2.27442,6.58721,0,0,0,8.86163,361,361,0,1,1.80238,1.80238,1971,388,5,1288,0,0,0,0,0,3655,4587.37,1.0905,23.2045,584359,184,55262,2234,1715218,736,221048,8936,32,4,867412,1712166,27757184,6848664,34605848,4,4,12,4,49,16,12,20,20,20260807,5,1,1,1,0,0,0,6419,0.267458,1,0.0015,0
1661,16018.8,6,0,2.30587,4.30242,0,0,0,6.60829,361,361,0,1,1.80238,1.80238,1971,388,5,1288,0,0,0,0,0,3655,4587.37,1.0905,23.2045,584359,184,55262,2234,1715218,736,221048,8936,32,4,867412,1712166,27757184,6848664,34605848,4,4,12,4,49,16,12,20,20,20260807,5,1,1,1,0,0,0,6419,0.267458,1,0.0015,0
1662,16029.3,11,0,2.39196,8.04921,0,0,0,10.4412,361,361,0,1,1.80238,1.80238,1971,388,5,1288,0,0,0,0,0,3655,4587.37,1.0905,23.2045,584359,184,55262,2234,1715218,736,221048,8936,32,4,867412,1712166,27757184,6848664,34605848,4,4,12,4,49,16,12,20,20,20260807,5,1,1,1,0,0,0,6419,0.267458,1,0.0015,0
1663,16045.9,16,0,2.34146,14.1321,0,0,0,16.4735,361,361,0,1,1.80238,1.80238,1971,388,5,1288,0,0,0,0,0,3655,4587.37,1.0905,23.2045,584359,184,55262,2234,1715218,736,221048,8936,32,4,867412,1712166,27757184,6848664,34605848,4,4,12,4,49,16,12,20,20,20260807,5,1,1,1,0,0,0,6419,0.267458,1,0.0015,0
1664,16052.8,7,0,2.31125,4.49104,0,0,0,6.80229,361,361,0,1,1.80238,1.80238,1971,388,5,1288,0,0,0,0,0,3655,4587.37,1.0905,23.2045,584359,184,55262,2234,1715218,736,221048,8936,32,4,867412,1712166,27757184,6848664,34605848,4,4,12,4,49,16,12,20,20,20260807,5,1,1,1,0,0,0,6420,0.2675,1,0.0015,1
1665,16063.2,11,0,2.275,8.04396,0,0,0,10.319,361,361,0,1,1.80238,1.80238,1971,388,5,1288,0,0,0,0,0,3655,4587.37,1.0905,23.2045,584359,184,55262,2234,1715218,736,221048,8936,32,4,867412,1712166,27757184,6848664,34605848,4,4,12,4,49,16,12,20,20,20260807,5,1,1,1,0,0,0,6420,0.2675,1,0.0015,0
1666,16079,16,0,2.31462,13.3981,0,0,0,15.7127,361,361,0,1,1.80238,1.80238,1971,388,5,1288,0,0,0,0,0,3655,4587.37,1.0905,23.2045,584359,184,55262,2234,1715218,736,221048,8936,32,4,867412,1712166,27757184,6848664,34605848,4,4,12,4,49,16,12,20,20,20260807,5,1,1,1,0,0,0,6420,0.2675,1,0.0015,0
1667,16095.5,16,0,2.27113,14.0941,0,0,0,16.3652,361,361,0,1,1.80238,1.80238,1971,388,5,1288,0,0,0,0,0,3655,4587.37,1.0905,23.2045,584359,184,55262,2234,1715218,736,221048,8936,32,4,867412,1712166,27757184,6848664,34605848,4,4,12,4,49,16,12,20,20,20260807,5,1,1,1,0,0,0,6420,0.2675,1,0.0015,0
1668,16102.1,7,0,2.359,4.19554,0,0,0,6.55454,361,361,0,1,1.80238,1.80238,1971,388,5,1288,0,0,0,0,0,3655,4587.37,1.0905,23.2045,584359,184,55262,2234,1715218,736,221048,8936,32,4,867412,1712166,27757184,6848664,34605848,4,4,12,4,49,16,12,20,20,20260807,5,1,1,1,0,0,0,6421,0.267542,1,0.0015,1
1669,16111.7,9,0,2.34313,7.13567,0,0,0,9.47879,361,361,0,1,1.80238,1.80238,1971,388,5,1288,0,0,0,0,0,3655,4587.37,1.0905,23.2045,584359,184,55262,2234,1715218,736,221048,8936,32,4,867412,1712166,27757184,6848664,34605848,4,4,12,4,49,16,12,20,20,20260807,5,1,1,1,0,0,0,6421,0.267542,1,0.0015,0
1670,16118.1,7,0,2.308,4.05379,0,0,0,6.36179,361,361,0,1,1.80238,1.80238,1971,388,5,1288,0,0,0,0,0,3655,4587.37,1.0905,23.2045,584359,184,55262,2234,1715218,736,221048,8936,32,4,867412,1712166,27757184,6848664,34605848,4,4,12,4,49,16,12,20,20,20260807,5,1,1,1,0,0,0,6421,0.267542,1,0.0015,0
1671,16128.5,10,0,2.16221,8.12754,0,0,0,10.2897,361,361,0,1,1.80238,1.80238,1971,388,5,1288,0,0,0,0,0,3655,4587.37,1.0905,23.2045,584359,184,55262,2234,1715218,736,221048,8936,32,4,867412,1712166,27757184,6848664,34605848,4,4,12,4,49,16,12,20,20,20260807,5,1,1,1,0,0,0,6421,0.267542,1,0.0015,0
1672,16135,7,0,2.33004,4.14325,0,0,0,6.47329,361,361,0,1,1.80238,1.80238,1971,388,5,1288,0,0,0,0,0,3655,4587.37,1.0905,23.2045,584359,184,55262,2234,1715218,736,221048,8936,32,4,867412,1712166,27757184,6848664,34605848,4,4,12,4,49,16,12,20,20,20260807,5,1,1,1,0,0,0,6421,0.267542,1,0.0015,0
1673,16145.1,10,0,2.18221,7.83308,0,0,0,10.0153,361,361,0,1,1.80238,1.80238,1971,388,5,1288,0,0,0,0,0,3655,4587.37,1.0905,23.2045,584359,184,55262,2234,1715218,736,221048,8936,32,4,867412,1712166,27757184,6848664,34605848,4,4,12,4,49,16,12,20,20,20260807,5,1,1,1,0,0,0,6422,0.267583,1,0.0015,1
1674,16151.5,6,0,2.345,3.97754,0,0,0,6.32254,361,361,0,1,1.80238,1.80238,1971,388,5,1288,0,0,0,0,0,3655,4587.37,1.0905,23.2045,584359,184,55262,2234,1715218,736,221048,8936,32,4,867412,1712166,27757184,6848664,34605848,4,4,12,4,49,16,12,20,20,20260807,5,1,1,1,0,0,0,6422,0.267583,1,0.0015,0
1675,16161.6,10,0,2.33971,7.66796,0,0,0,10.0077,361,361,0,1,1.80238,1.80238,1971,388,5,1288,0,0,0,0,0,3655,4587.37,1.0905,23.2045,584359,184,55262,2234,1715218,736,221048,8936,32,4,867412,1712166,27757184,6848664,34605848,4,4,12,4,49,16,12,20,20,20260807,5,1,1,1,0,0,0,6422,0.267583,1,0.0015,0
1676,16171.3,10,0,2.41842,7.16583,0,0,0,9.58425,361,361,0,1,1.80238,1.80238,1971,388,5,1288,0,0,0,0,0,3655,4587.37,1.0905,23.2045,584359,184,55262,2234,1715218,736,221048,8936,32,4,867412,1712166,27757184,6848664,34605848,4,4,12,4,49,16,12,20,20,20260807,5,1,1,1,0,0,0,6422,0.267583,1,0.0015,0
1677,16179.1,8,0,2.36967,5.32533,0,0,0,7.695,361,361,0,1,1.80238,1.80238,1971,388,5,1288,0,0,0,0,0,3655,4587.37,1.0905,23.2045,584359,184,55262,2234,1715218,736,221048,8936,32,4,867412,1712166,27757184,6848664,34605848,4,4,12,4,49,16,12,20,20,20260807,5,1,1,1,0,0,0,6422,0.267583,1,0.0015,0
1678,16187.1,8,0,2.28863,5.65871,0,0,0,7.94733,361,361,0,1,1.80238,1.80238,1971,388,5,1288,0,0,0,0,0,3655,4587.37,1.0905,23.2045,584359,184,55262,2234,1715218,736,221048,8936,32,4,867412,1712166,27757184,6848664,34605848,4,4,12,4,49,16,12,20,20,20260807,5,1,1,1,0,0,0,6422,0.267583,1,0.0015,0
1679,16196.2,9,0,2.373,6.59679,0,0,0,8.96979,361,361,0,1,1.80238,1.80238,1971,388,5,1288,0,0,0,0,0,3655,4587.37,1.0905,23.2045,584359,184,55262,2234,1715218,736,221048,8936,32,4,867412,1712166,27757184,6848664,34605848,4,4,12,4,49,16,12,20,20,20260807,5,1,1,1,0,0,0,6423,0.267625,1,0.0015,1
1680,16214.5,18,0,2.26388,15.9566,0,0,0,18.2205,361,361,0,1,1.80238,1.80238,1971,388,5,1288,0,0,0,0,0,3655,4587.37,1.0905,23.2045,584359,184,55262,2234,1715218,736,221048,8936,32,4,867412,1712166,27757184,6848664,34605848,4,4,12,4,49,16,12,20,20,20260807,5,1,1,1,0,0,0,6423,0.267625,1,0.0015,0
1681,16229,15,0,2.44483,12.0041,0,0,0,14.449,361,361,0,1,1.80238,1.80238,1971,388,5,1288,0,0,0,0,0,3655,4587.37,1.0905,23.2045,584359,184,55262,2234,1715218,736,221048,8936,32,4,867412,1712166,27757184,6848664,34605848,4,4,12,4,49,16,12,20,20,20260807,5,1,1,1,0,0,0,6423,0.267625,1,0.0015,0
1682,16237.5,8,0,2.49129,5.915,0,0,0,8.40629,361,361,0,1,1.80238,1.80238,1971,388,5,1288,0,0,0,0,0,3655,4587.37,1.0905,23.2045,584359,184,55262,2234,1715218,736,221048,8936,32,4,867412,1712166,27757184,6848664,34605848,4,4,12,4,49,16,12,20,20,20260807,5,1,1,1,0,0,0,6423,0.267625,1,0.0015,0
1683,16247.3,10,0,2.28417,7.44358,0,0,0,9.72775,361,361,0,1,1.80238,1.80238,1971,388,5,1288,0,0,0,0,0,3655,4587.37,1.0905,23.2045,584359,184,55262,2234,1715218,736,221048,8936,32,4,867412,1712166,27757184,6848664,34605848,4,4,12,4,49,16,12,20,20,20260807,5,1,1,1,0,0,0,6424,0.267667,1,0.0015,1
1684,16256.1,9,0,4.13704,4.53571,0,0,0,8.67275,361,361,0,1,1.80238,1.80238,1971,388,5,1288,0,0,0,0,0,3655,4587.37,1.0905,23.2045,584359,184,55262,2234,1715218,736,221048,8936,32,4,867412,1712166,27757184,6848664,34605848,4,4,12,4,49,16,12,20,20,20260807,5,1,1,1,0,0,0,6424,0.267667,1,0.0015,0
1685,16280.3,24,0,2.58225,21.5538,0,0,0,24.1361,361,361,0,1,1.80238,1.80238,1971,388,5,1288,0,0,0,0,0,3655,4587.37,1.0905,23.2045,584359,184,55262,2234,1715218,736,221048,8936,32,4,867412,1712166,27757184,6848664,34605848,4,4,12,4,49,16,12,20,20,20260807,5,1,1,1,0,0,0,6424,0.267667,1,0.0015,0
1686,16289.4,9,0,2.34687,6.68721,0,0,0,9.03408,361,361,0,1,1.80238,1.80238,1971,388,5,1288,0,0,0,0,0,3655,4587.37,1.0905,23.2045,584359,184,55262,2234,1715218,736,221048,8936,32,4,867412,1712166,27757184,6848664,34605848,4,4,12,4,49,16,12,20,20,20260807,5,1,1,1,0,0,0,6424,0.267667,1,0.0015,0
1687,16296,7,0,2.44742,4.00054,0,0,0,6.44796,361,361,0,1,1.80238,1.80238,1971,388,5,1288,0,0,0,0,0,3655,4587.37,1.0905,23.2045,584359,184,55262,2234,1715218,736,221048,8936,32,4,867412,1712166,27757184,6848664,34605848,4,4,12,4,49,16,12,20,20,20260807,5,1,1,1,0,0,0,6425,0.267708,1,0.0015,1
1688,16303.3,7,0,2.38829,4.843,0,0,0,7.23129,361,361,0,1,1.80238,1.80238,1971,388,5,1288,0,0,0,0,0,3655,4587.37,1.0905,23.2045,584359,184,55262,2234,1715218,736,221048,8936,32,4,867412,1712166,27757184,6848664,34605848,4,4,12,4,49,16,12,20,20,20260807,5,1,1,1,0,0,0,6425,0.267708,1,0.0015,0
1689,16314.7,11,0,2.53325,8.80317,0,0,0,11.3364,361,361,0,1,1.80238,1.80238,1971,388,5,1288,0,0,0,0,0,3655,4587.37,1.0905,23.2045,584359,184,55262,2234,1715218,736,221048,8936,32,4,867412,1712166,27757184,6848664,34605848,4,4,12,4,49,16,12,20,20,20260807,5,1,1,1,0,0,0,6425,0.267708,1,0.0015,0
1690,16329.1,15,0,2.47117,11.8,0,0,0,14.2712,361,361,0,1,1.80238,1.80238,1971,388,5,1288,0,0,0,0,0,3655,4587.37,1.0905,23.2045,584359,184,55262,2234,1715218,736,221048,8936,32,4,867412,1712166,27757184,6848664,34605848,4,4,12,4,49,16,12,20,20,20260807,5,1,1,1,0,0,0,6425,0.267708,1,0.0015,0
1691,16336.3,7,0,2.48879,4.70654,0,0,0,7.19533,361,361,0,1,1.80238,1.80238,1971,388,5,1288,0,0,0,0,0,3655,4587.37,1.0905,23.2045,584359,184,55262,2234,1715218,736,221048,8936,32,4,867412,1712166,27757184,6848664,34605848,4,4,12,4,49,16,12,20,20,20260807,5,1,1,1,0,0,0,6425,0.267708,1,0.0015,0
1692,16346.1,10,0,2.37867,7.35717,0,0,0,9.73583,361,361,0,1,1.80238,1.80238,1971,388,5,1288,0,0,0,0,0,3655,4587.37,1.0905,23.2045,584359,184,55262,2234,1715218,736,221048,8936,32,4,867412,1712166,27757184,6848664,34605848,4,4,12,4,49,16,12,20,20,20260807,5,1,1,1,0,0,0,6426,0.26775,1,0.0015,1
1693,16362.5,16,0,2.34296,13.8699,0,0,0,16.2128,361,361,0,1,1.80238,1.80238,1971,388,5,1288,0,0,0,0,0,3655,4587.37,1.0905,23.2045,584359,184,55262,2234,1715218,736,221048,8936,32,4,867412,1712166,27757184,6848664,34605848,4,4,12,4,49,16,12,20,20,20260807,5,1,1,1,0,0,0,6426,0.26775,1,0.0015,0
1694,16369.1,7,0,2.3,4.26875,0,0,0,6.56875,361,361,0,1,1.80238,1.80238,1971,388,5,1288,0,0,0,0,0,3655,4587.37,1.0905,23.2045,584359,184,55262,2234,1715218,736,221048,8936,32,4,867412,1712166,27757184,6848664,34605848,4,4,12,4,49,16,12,20,20,20260807,5,1,1,1,0,0,0,6426,0.26775,1,0.0015,0
1695,16383.9,14,0,2.22229,12.411,0,0,0,14.6333,361,361,0,1,1.80238,1.80238,1971,388,5,1288,0,0,0,0,0,3655,4587.37,1.0905,23.2045,584359,184,55262,2234,1715218,736,221048,8936,32,4,867412,1712166,27757184,6848664,34605848,4,4,12,4,49,16,12,20,20,20260807,5,1,1,1,0,0,0,6426,0.26775,1,0.0015,0
1696,16390.5,7,0,2.51992,4.0425,0,0,0,6.56242,361,361,0,1,1.80238,1.80238,1971,388,5,1288,0,0,0,0,0,3655,4587.37,1.0905,23.2045,584359,184,55262,2234,1715218,736,221048,8936,32,4,867412,1712166,27757184,6848664,34605848,4,4,12,4,49,16,12,20,20,20260807,5,1,1,1,0,0,0,6427,0.267792,1,0.0015,1
1697,16397.1,7,0,2.343,4.15375,0,0,0,6.49675,361,361,0,1,1.80238,1.80238,1971,388,5,1288,0,0,0,0,0,3655,4587.37,1.0905,23.2045,584359,184,55262,2234,1715218,736,221048,8936,32,4,867412,1712166,27757184,6848664,34605848,4,4,12,4,49,16,12,20,20,20260807,5,1,1,1,0,0,0,6427,0.267792,1,0.0015,0
1698,16405.5,8,0,2.502,5.81987,0,0,0,8.32188,361,361,0,1,1.80238,1.80238,1971,388,5,1288,0,0,0,0,0,3655,4587.37,1.0905,23.2045,584359,184,55262,2234,1715218,736,221048,8936,32,4,867412,1712166,27757184,6848664,34605848,4,4,12,4,49,16,12,20,20,20260807,5,1,1,1,0,0,0,6427,0.267792,1,0.0015,0
1699,16412.5,7,0,2.25175,4.71017,0,0,0,6.96192,361,361,0,1,1.80238,1.80238,1971,388,5,1288,0,0,0,0,0,3655,4587.37,1.0905,23.2045,584359,184,55262,2234,1715218,736,221048,8936,32,4,867412,1712166,27757184,6848664,34605848,4,4,12,4,49,16,12,20,20,20260807,5,1,1,1,0,0,0,6427,0.267792,1,0.0015,0
1700,16419.1,7,0,2.24713,4.28413,0,0,0,6.53125,361,361,0,1,1.80238,1.80238,1971,388,5,1288,0,0,0,0,0,3655,4587.37,1.0905,23.2045,584359,184,55262,2234,1715218,736,221048,8936,32,4,867412,1712166,27757184,6848664,34605848,4,4,12,4,49,16,12,20,20,20260807,5,1,1,1,0,0,0,6427,0.267792,1,0.0015,0
1701,16429.9,10,0,2.33779,8.31583,0,0,0,10.6536,361,361,0,1,1.80238,1.80238,1971,388,5,1288,0,0,0,0,0,3655,4587.37,1.0905,23.2045,584359,184,55262,2234,1715218,736,221048,8936,32,4,867412,1712166,27757184,6848664,34605848,4,4,12,4,49,16,12,20,20,20260807,5,1,1,1,0,0,0,6427,0.267792,1,0.0015,0
1702,16436.5,7,0,2.26183,4.29096,0,0,0,6.55279,361,361,0,1,1.80238,1.80238,1971,388,5,1288,0,0,0,0,0,3655,4587.37,1.0905,23.2045,584359,184,55262,2234,1715218,736,221048,8936,32,4,867412,1712166,27757184,6848664,34605848,4,4,12,4,49,16,12,20,20,20260807,5,1,1,1,0,0,0,6427,0.267792,1,0.0015,0
1703,16448,12,0,2.35933,9.01354,0,0,0,11.3729,361,361,0,1,1.80238,1.80238,1971,388,5,1288,0,0,0,0,0,3655,4587.37,1.0905,23.2045,584359,184,55262,2234,1715218,736,221048,8936,32,4,867412,1712166,27757184,6848664,34605848,4,4,12,4,49,16,12,20,20,20260807,5,1,1,1,0,0,0,6428,0.267833,1,0.0015,1
1704,16455.2,7,0,2.18292,4.93404,0,0,0,7.11696,361,361,0,1,1.80238,1.80238,1971,388,5,1288,0,0,0,0,0,3655,4587.37,1.0905,23.2045,584359,184,55262,2234,1715218,736,221048,8936,32,4,867412,1712166,27757184,6848664,34605848,4,4,12,4,49,16,12,20,20,20260807,5,1,1,1,0,0,0,6428,0.267833,1,0.0015,0
1705,16464.1,8,0,2.30121,6.51412,0,0,0,8.81533,361,361,0,1,1.80238,1.80238,1971,388,5,1288,0,0,0,0,0,3655,4587.37,1.0905,23.2045,584359,184,55262,2234,1715218,736,221048,8936,32,4,867412,1712166,27757184,6848664,34605848,4,4,12,4,49,16,12,20,20,20260807,5,1,1,1,0,0,0,6428,0.267833,1,0.0015,0
1706,16481,17,0,2.27833,14.5576,0,0,0,16.836,361,361,0,1,1.80238,1.80238,1971,388,5,1288,0,0,0,0,0,3655,4587.37,1.0905,23.2045,584359,184,55262,2234,1715218,736,221048,8936,32,4,867412,1712166,27757184,6848664,34605848,4,4,12,4,49,16,12,20,20,20260807,5,1,1,1,0,0,0,6428,0.267833,1,0.0015,0
1707,16496.3,15,0,2.35025,12.8,0,0,0,15.1502,361,361,0,1,1.80238,1.80238,1971,388,5,1288,0,0,0,0,0,3655,4587.37,1.0905,23.2045,584359,184,55262,2234,1715218,736,221048,8936,32,4,867412,1712166,27757184,6848664,34605848,4,4,12,4,49,16,12,20,20,20260807,5,1,1,1,0,0,0,6428,0.267833,1,0.0015,0
1708,16504.6,8,0,2.49812,5.80579,0,0,0,8.30392,361,361,0,1,1.80238,1.80238,1971,388,5,1288,0,0,0,0,0,3655,4587.37,1.0905,23.2045,584359,184,55262,2234,1715218,736,221048,8936,32,4,867412,1712166,27757184,6848664,34605848,4,4,12,4,49,16,12,20,20,20260807,5,1,1,1,0,0,0,6429,0.267875,1,0.0015,1
1709,16514.2,10,0,2.42442,7.04592,0,0,0,9.47033,361,361,0,1,1.80238,1.80238,1971,388,5,1288,0,0,0,0,0,3655,4587.37,1.0905,23.2045,584359,184,55262,2234,1715218,736,221048,8936,32,4,867412,1712166,27757184,6848664,34605848,4,4,12,4,49,16,12,20,20,20260807,5,1,1,1,0,0,0,6429,0.267875,1,0.0015,0
1710,16529.9,16,0,2.68079,12.9569,0,0,0,15.6377,361,361,0,1,1.80238,1.80238,1971,388,5,1288,0,0,0,0,0,3655,4587.37,1.0905,23.2045,584359,184,55262,2234,1715218,736,221048,8936,32,4,867412,1712166,27757184,6848664,34605848,4,4,12,4,49,16,12,20,20,20260807,5,1,1,1,0,0,0,6429,0.267875,1,0.0015,0
1711,16536.8,7,0,2.40788,4.37233,0,0,0,6.78021,361,361,0,1,1.80238,1.80238,1971,388,5,1288,0,0,0,0,0,3655,4587.37,1.0905,23.2045,584359,184,55262,2234,1715218,736,221048,8936,32,4,867412,1712166,27757184,6848664,34605848,4,4,12,4,49,16,12,20,20,20260807,5,1,1,1,0,0,0,6429,0.267875,1,0.0015,0
1712,16545.2,9,0,2.23133,6.06371,0,0,0,8.29504,361,361,0,1,1.80238,1.80238,1971,388,5,1288,0,0,0,0,0,3655,4587.37,1.0905,23.2045,584359,184,55262,2234,1715218,736,221048,8936,32,4,867412,1712166,27757184,6848664,34605848,4,4,12,4,49,16,12,20,20,20260807,5,1,1,1,0,0,0,6430,0.267917,1,0.0015,1
1713,16551.5,6,0,2.28358,3.96758,0,0,0,6.25117,361,361,0,1,1.80238,1.80238,1971,388,5,1288,0,0,0,0,0,3655,4587.37,1.0905,23.2045,584359,184,55262,2234,1715218,736,221048,8936,32,4,867412,1712166,27757184,6848664,34605848,4,4,12,4,49,16,12,20,20,20260807,5,1,1,1,0,0,0,6430,0.267917,1,0.0015,0
1714,16565.3,14,0,2.28196,11.4302,0,0,0,13.7122,361,361,0,1,1.80238,1.80238,1971,388,5,1288,0,0,0,0,0,3655,4587.37,1.0905,23.2045,584359,184,55262,2234,1715218,736,221048,8936,32,4,867412,1712166,27757184,6848664,34605848,4,4,12,4,49,16,12,20,20,20260807,5,1,1,1,0,0,0,6430,0.267917,1,0.0015,0
1715,16581.4,16,0,2.29096,13.7261,0,0,0,16.017,361,361,0,1,1.80238,1.80238,1971,388,5,1288,0,0,0,0,0,3655,4587.37,1.0905,23.2045,584359,184,55262,2234,1715218,736,221048,8936,32,4,867412,1712166,27757184,6848664,34605848,4,4,12,4,49,16,12,20,20,20260807,5,1,1,1,0,0,0,6430,0.267917,1,0.0015,0
1716,16595.3,14,0,4.55717,9.21692,0,0,0,13.7741,361,361,0,1,1.80238,1.80238,1971,388,5,1288,0,0,0,0,0,3655,4587.37,1.0905,23.2045,584359,184,55262,2234,1715218,736,221048,8936,32,4,867412,1712166,27757184,6848664,34605848,4,4,12,4,49,16,12,20,20,20260807,5,1,1,1,0,0,0,6430,0.267917,1,0.0015,0
1717,16602.8,7,0,2.40612,5.04962,0,0,0,7.45575,361,361,0,1,1.80238,1.80238,1971,388,5,1288,0,0,0,0,0,3655,4587.37,1.0905,23.2045,584359,184,55262,2234,1715218,736,221048,8936,32,4,867412,1712166,27757184,6848664,34605848,4,4,12,4,49,16,12,20,20,20260807,5,1,1,1,0,0,0,6431,0.267958,1,0.0015,1
1718,16611.9,9,0,2.25775,6.73308,0,0,0,8.99083,361,361,0,1,1.80238,1.80238,1971,388,5,1288,0,0,0,0,0,3655,4587.37,1.0905,23.2045,584359,184,55262,2234,1715218,736,221048,8936,32,4,867412,1712166,27757184,6848664,34605848,4,4,12,4,49,16,12,20,20,20260807,5,1,1,1,0,0,0,6431,0.267958,1,0.0015,0
1719,16618.4,7,0,2.3555,4.10379,0,0,0,6.45929,361,361,0,1,1.80238,1.80238,1971,388,5,1288,0,0,0,0,0,3655,4587.37,1.0905,23.2045,584359,184,55262,2234,1715218,736,221048,8936,32,4,867412,1712166,27757184,6848664,34605848,4,4,12,4,49,16,12,20,20,20260807,5,1,1,1,0,0,0,6431,0.267958,1,0.0015,0
1720,16629.8,11,0,2.26608,8.70688,0,0,0,10.973,361,361,0,1,1.80238,1.80238,1971,388,5,1288,0,0,0,0,0,3655,4587.37,1.0905,23.2045,584359,184,55262,2234,1715218,736,221048,8936,32,4,867412,1712166,27757184,6848664,34605848,4,4,12,4,49,16,12,20,20,20260807,5,1,1,1,0,0,0,6431,0.267958,1,0.0015,0
1721,16645.3,16,0,2.288,13.127,0,0,0,15.415,361,361,0,1,1.80238,1.80238,1971,388,5,1288,0,0,0,0,0,3655,4587.37,1.0905,23.2045,584359,184,55262,2234,1715218,736,221048,8936,32,4,867412,1712166,27757184,6848664,34605848,4,4,12,4,49,16,12,20,20,20260807,5,1,1,1,0,0,0,6431,0.267958,1,0.0015,0
1722,16653.5,8,0,2.35092,5.78854,0,0,0,8.13946,361,361,0,1,1.80238,1.80238,1971,388,5,1288,0,0,0,0,0,3655,4587.37,1.0905,23.2045,584359,184,55262,2234,1715218,736,221048,8936,32,4,867412,1712166,27757184,6848664,34605848,4,4,12,4,49,16,12,20,20,20260807,5,1,1,1,0,0,0,6432,0.268,1,0.0015,1
1723,16663.5,10,0,2.33729,7.51158,0,0,0,9.84887,361,361,0,1,1.80238,1.80238,1971,388,5,1288,0,0,0,0,0,3655,4587.37,1.0905,23.2045,584359,184,55262,2234,1715218,736,221048,8936,32,4,867412,1712166,27757184,6848664,34605848,4,4,12,4,49,16,12,20,20,20260807,5,1,1,1,0,0,0,6432,0.268,1,0.0015,0
1724,16670.6,7,0,2.33363,4.66867,0,0,0,7.00229,361,361,0,1,1.80238,1.80238,1971,388,5,1288,0,0,0,0,0,3655,4587.37,1.0905,23.2045,584359,184,55262,2234,1715218,736,221048,8936,32,4,867412,1712166,27757184,6848664,34605848,4,4,12,4,49,16,12,20,20,20260807,5,1,1,1,0,0,0,6432,0.268,1,0.0015,0
1725,16678.7,8,0,2.22521,5.85004,0,0,0,8.07525,361,361,0,1,1.80238,1.80238,1971,388,5,1288,0,0,0,0,0,3655,4587.37,1.0905,23.2045,584359,184,55262,2234,1715218,736,221048,8936,32,4,867412,1712166,27757184,6848664,34605848,4,4,12,4,49,16,12,20,20,20260807,5,1,1,1,0,0,0,6432,0.268,1,0.0015,0
1726,16686.1,8,0,2.36713,4.93129,0,0,0,7.29842,361,361,0,1,1.80238,1.80238,1971,388,5,1288,0,0,0,0,0,3655,4587.37,1.0905,23.2045,584359,184,55262,2234,1715218,736,221048,8936,32,4,867412,1712166,27757184,6848664,34605848,4,4,12,4,49,16,12,20,20,20260807,5,1,1,1,0,0,0,6432,0.268,1,0.0015,0
1727,16696,10,0,2.39667,7.42525,0,0,0,9.82192,361,361,0,1,1.80238,1.80238,1971,388,5,1288,0,0,0,0,0,3655,4587.37,1.0905,23.2045,584359,184,55262,2234,1715218,736,221048,8936,32,4,867412,1712166,27757184,6848664,34605848,4,4,12,4,49,16,12,20,20,20260807,5,1,1,1,0,0,0,6433,0.268042,1,0.0015,1
1728,16714.1,18,0,2.38804,15.6495,0,0,0,18.0376,361,361,0,1,1.80238,1.80238,1971,388,5,1288,0,0,0,0,0,3655,4587.37,1.0905,23.2045,584359,184,55262,2234,1715218,736,221048,8936,32,4,867412,1712166,27757184,6848664,34605848,4,4,12,4,49,16,12,20,20,20260807,5,1,1,1,0,0,0,6433,0.268042,1,0.0015,0
1729,16729.3,15,0,2.67233,12.4659,0,0,0,15.1382,361,361,0,1,1.80238,1.80238,1971,388,5,1288,0,0,0,0,0,3655,4587.37,1.0905,23.2045,584359,184,55262,2234,1715218,736,221048,8936,32,4,867412,1712166,27757184,6848664,34605848,4,4,12,4,49,16,12,20,20,20260807,5,1,1,1,0,0,0,6433,0.268042,1,0.0015,0
1730,16736.2,7,0,2.32638,4.40287,0,0,0,6.72925,361,361,0,1,1.80238,1.80238,1971,388,5,1288,0,0,0,0,0,3655,4587.37,1.0905,23.2045,584359,184,55262,2234,1715218,736,221048,8936,32,4,867412,1712166,27757184,6848664,34605848,4,4,12,4,49,16,12,20,20,20260807,5,1,1,1,0,0,0,6433,0.268042,1,0.0015,0
1731,16748.6,12,0,2.31637,10.031,0,0,0,12.3474,361,361,0,1,1.80238,1.80238,1971,388,5,1288,0,0,0,0,0,3655,4587.37,1.0905,23.2045,584359,184,55262,2234,1715218,736,221048,8936,32,4,867412,1712166,27757184,6848664,34605848,4,4,12,4,49,16,12,20,20,20260807,5,1,1,1,0,0,0,6434,0.268083,1,0.0015,1
1732,16762.8,14,0,2.40879,11.6722,0,0,0,14.081,361,361,0,1,1.80238,1.80238,1971,388,5,1288,0,0,0,0,0,3655,4587.37,1.0905,23.2045,584359,184,55262,2234,1715218,736,221048,8936,32,4,867412,1712166,27757184,6848664,34605848,4,4,12,4,49,16,12,20,20,20260807,5,1,1,1,0,0,0,6434,0.268083,1,0.0015,0
1733,16769.9,7,0,2.44917,4.56308,0,0,0,7.01225,361,361,0,1,1.80238,1.80238,1971,388,5,1288,0,0,0,0,0,3655,4587.37,1.0905,23.2045,584359,184,55262,2234,1715218,736,221048,8936,32,4,867412,1712166,27757184,6848664,34605848,4,4,12,4,49,16,12,20,20,20260807,5,1,1,1,0,0,0,6434,0.268083,1,0.0015,0
1734,16783,14,0,2.38512,10.625,0,0,0,13.0102,361,361,0,1,1.80238,1.80238,1971,388,5,1288,0,0,0,0,0,3655,4587.37,1.0905,23.2045,584359,184,55262,2234,1715218,736,221048,8936,32,4,867412,1712166,27757184,6848664,34605848,4,4,12,4,49,16,12,20,20,20260807,5,1,1,1,0,0,0,6434,0.268083,1,0.0015,0
1735,16789.7,6,0,2.48729,4.11937,0,0,0,6.60667,361,361,0,1,1.80238,1.80238,1971,388,5,1288,0,0,0,0,0,3655,4587.37,1.0905,23.2045,584359,184,55262,2234,1715218,736,221048,8936,32,4,867412,1712166,27757184,6848664,34605848,4,4,12,4,49,16,12,20,20,20260807,5,1,1,1,0,0,0,6435,0.268125,1,0.0015,1
1736,16797.5,8,0,2.3625,5.40712,0,0,0,7.76962,361,361,0,1,1.80238,1.80238,1971,388,5,1288,0,0,0,0,0,3655,4587.37,1.0905,23.2045,584359,184,55262,2234,1715218,736,221048,8936,32,4,867412,1712166,27757184,6848664,34605848,4,4,12,4,49,16,12,20,20,20260807,5,1,1,1,0,0,0,6435,0.268125,1,0.0015,0
1737,16805,8,0,2.45171,4.93883,0,0,0,7.39054,361,361,0,1,1.80238,1.80238,1971,388,5,1288,0,0,0,0,0,3655,4587.37,1.0905,23.2045,584359,184,55262,2234,1715218,736,221048,8936,32,4,867412,1712166,27757184,6848664,34605848,4,4,12,4,49,16,12,20,20,20260807,5,1,1,1,0,0,0,6435,0.268125,1,0.0015,0
1738,16812.8,7,0,2.43904,5.26029,0,0,0,7.69933,361,361,0,1,1.80238,1.80238,1971,388,5,1288,0,0,0,0,0,3655,4587.37,1.0905,23.2045,584359,184,55262,2234,1715218,736,221048,8936,32,4,867412,1712166,27757184,6848664,34605848,4,4,12,4,49,16,12,20,20,20260807,5,1,1,1,0,0,0,6435,0.268125,1,0.0015,0
1739,16819.8,7,0,2.43646,4.47658,0,0,0,6.91304,361,361,0,1,1.80238,1.80238,1971,388,5,1288,0,0,0,0,0,3655,4587.37,1.0905,23.2045,584359,184,55262,2234,1715218,736,221048,8936,32,4,867412,1712166,27757184,6848664,34605848,4,4,12,4,49,16,12,20,20,20260807,5,1,1,1,0,0,0,6435,0.268125,1,0.0015,0
1740,16829,10,0,2.34942,6.78867,0,0,0,9.13808,361,361,0,1,1.80238,1.80238,1971,388,5,1288,0,0,0,0,0,3655,4587.37,1.0905,23.2045,584359,184,55262,2234,1715218,736,221048,8936,32,4,867412,1712166,27757184,6848664,34605848,4,4,12,4,49,16,12,20,20,20260807,5,1,1,1,0,0,0,6435,0.268125,1,0.0015,0
1741,16835.4,6,0,2.30071,4.01746,0,0,0,6.31817,361,361,0,1,1.80238,1.80238,1971,388,5,1288,0,0,0,0,0,3655,4587.37,1.0905,23.2045,584359,184,55262,2234,1715218,736,221048,8936,32,4,867412,1712166,27757184,6848664,34605848,4,4,12,4,49,16,12,20,20,20260807,5,1,1,1,0,0,0,6435,0.268125,1,0.0015,0
1742,16846.6,11,0,2.35542,8.71842,0,0,0,11.0738,361,361,0,1,1.80238,1.80238,1971,388,5,1288,0,0,0,0,0,3655,4587.37,1.0905,23.2045,584359,184,55262,2234,1715218,736,221048,8936,32,4,867412,1712166,27757184,6848664,34605848,4,4,12,4,49,16,12,20,20,20260807,5,1,1,1,0,0,0,6436,0.268167,1,0.0015,1
1743,16862.6,16,0,2.33446,13.619,0,0,0,15.9535,361,361,0,1,1.80238,1.80238,1971,388,5,1288,0,0,0,0,0,3655,4587.37,1.0905,23.2045,584359,184,55262,2234,1715218,736,221048,8936,32,4,867412,1712166,27757184,6848664,34605848,4,4,12,4,49,16,12,20,20,20260807,5,1,1,1,0,0,0,6436,0.268167,1,0.0015,0
1744,16869,7,0,2.23137,4.05458,0,0,0,6.28596,361,361,0,1,1.80238,1.80238,1971,388,5,1288,0,0,0,0,0,3655,4587.37,1.0905,23.2045,584359,184,55262,2234,1715218,736,221048,8936,32,4,867412,1712166,27757184,6848664,34605848,4,4,12,4,49,16,12,20,20,20260807,5,1,1,1,0,0,0,6436,0.268167,1,0.0015,0
1745,16878.4,9,0,2.31421,6.99067,0,0,0,9.30487,361,361,0,1,1.80238,1.80238,1971,388,5,1288,0,0,0,0,0,3655,4587.37,1.0905,23.2045,584359,184,55262,2234,1715218,736,221048,8936,32,4,867412,1712166,27757184,6848664,34605848,4,4,12,4,49,16,12,20,20,20260807,5,1,1,1,0,0,0,6436,0.268167,1,0.0015,0
1746,16884.7,6,0,2.19,4.04667,0,0,0,6.23667,361,361,0,1,1.80238,1.80238,1971,388,5,1288,0,0,0,0,0,3655,4587.37,1.0905,23.2045,584359,184,55262,2234,1715218,736,221048,8936,32,4,867412,1712166,27757184,6848664,34605848,4,4,12,4,49,16,12,20,20,20260807,5,1,1,1,0,0,0,6436,0.268167,1,0.0015,0
1747,16896.5,12,0,2.244,9.43708,0,0,0,11.6811,361,361,0,1,1.80238,1.80238,1971,388,5,1288,0,0,0,0,0,3655,4587.37,1.0905,23.2045,584359,184,55262,2234,1715218,736,221048,8936,32,4,867412,1712166,27757184,6848664,34605848,4,4,12,4,49,16,12,20,20,20260807,5,1,1,1,0,0,0,6437,0.268208,1,0.0015,1
1748,16912.9,16,0,2.19783,14.1248,0,0,0,16.3227,361,361,0,1,1.80238,1.80238,1971,388,5,1288,0,0,0,0,0,3655,4587.37,1.0905,23.2045,584359,184,55262,2234,1715218,736,221048,8936,32,4,867412,1712166,27757184,6848664,34605848,4,4,12,4,49,16,12,20,20,20260807,5,1,1,1,0,0,0,6437,0.268208,1,0.0015,0
1749,16929,17,0,3.17417,12.8449,0,0,0,16.0191,361,361,0,1,1.80238,1.80238,1971,388,5,1288,0,0,0,0,0,3655,4587.37,1.0905,23.2045,584359,184,55262,2234,1715218,736,221048,8936,32,4,867412,1712166,27757184,6848664,34605848,4,4,12,4,49,16,12,20,20,20260807,5,1,1,1,0,0,0,6437,0.268208,1,0.0015,0
1750,16935.9,6,0,2.28037,4.55783,0,0,0,6.83821,361,361,0,1,1.80238,1.80238,1971,388,5,1288,0,0,0,0,0,3655,4587.37,1.0905,23.2045,584359,184,55262,2234,1715218,736,221048,8936,32,4,867412,1712166,27757184,6848664,34605848,4,4,12,4,49,16,12,20,20,20260807,5,1,1,1,0,0,0,6437,0.268208,1,0.0015,0
1751,16945.1,10,0,2.32404,6.75067,0,0,0,9.07471,361,361,0,1,1.80238,1.80238,1971,388,5,1288,0,0,0,0,0,3655,4587.37,1.0905,23.2045,584359,184,55262,2234,1715218,736,221048,8936,32,4,867412,1712166,27757184,6848664,34605848,4,4,12,4,49,16,12,20,20,20260807,5,1,1,1,0,0,0,6438,0.26825,1,0.0015,1
1752,16952,7,0,2.32242,4.56813,0,0,0,6.89054,361,361,0,1,1.80238,1.80238,1971,388,5,1288,0,0,0,0,0,3655,4587.37,1.0905,23.2045,584359,184,55262,2234,1715218,736,221048,8936,32,4,867412,1712166,27757184,6848664,34605848,4,4,12,4,49,16,12,20,20,20260807,5,1,1,1,0,0,0,6438,0.26825,1,0.0015,0
1753,16965.7,13,0,2.25888,11.3027,0,0,0,13.5616,361,361,0,1,1.80238,1.80238,1971,388,5,1288,0,0,0,0,0,3655,4587.37,1.0905,23.2045,584359,184,55262,2234,1715218,736,221048,8936,32,4,867412,1712166,27757184,6848664,34605848,4,4,12,4,49,16,12,20,20,20260807,5,1,1,1,0,0,0,6438,0.26825,1,0.0015,0
1754,16972.3,7,0,2.46354,4.03683,0,0,0,6.50038,361,361,0,1,1.80238,1.80238,1971,388,5,1288,0,0,0,0,0,3655,4587.37,1.0905,23.2045,584359,184,55262,2234,1715218,736,221048,8936,32,4,867412,1712166,27757184,6848664,34605848,4,4,12,4,49,16,12,20,20,20260807,5,1,1,1,0,0,0,6438,0.26825,1,0.0015,0
1755,16978.5,6,0,2.30425,3.82633,0,0,0,6.13058,361,361,0,1,1.80238,1.80238,1971,388,5,1288,0,0,0,0,0,3655,4587.37,1.0905,23.2045,584359,184,55262,2234,1715218,736,221048,8936,32,4,867412,1712166,27757184,6848664,34605848,4,4,12,4,49,16,12,20,20,20260807,5,1,1,1,0,0,0,6438,0.26825,1,0.0015,0
1756,16986.3,8,0,2.46721,5.229,0,0,0,7.69621,361,361,0,1,1.80238,1.80238,1971,388,5,1288,0,0,0,0,0,3655,4587.37,1.0905,23.2045,584359,184,55262,2234,1715218,736,221048,8936,32,4,867412,1712166,27757184,6848664,34605848,4,4,12,4,49,16,12,20,20,20260807,5,1,1,1,0,0,0,6438,0.26825,1,0.0015,0
1757,16995.5,9,0,2.59221,6.43567,0,0,0,9.02787,361,361,0,1,1.80238,1.80238,1971,388,5,1288,0,0,0,0,0,3655,4587.37,1.0905,23.2045,584359,184,55262,2234,1715218,736,221048,8936,32,4,867412,1712166,27757184,6848664,34605848,4,4,12,4,49,16,12,20,20,20260807,5,1,1,1,0,0,0,6439,0.268292,1,0.0015,1
1758,17003.5,8,0,2.38342,5.50454,0,0,0,7.88796,361,361,0,1,1.80238,1.80238,1971,388,5,1288,0,0,0,0,0,3655,4587.37,1.0905,23.2045,584359,184,55262,2234,1715218,736,221048,8936,32,4,867412,1712166,27757184,6848664,34605848,4,4,12,4,49,16,12,20,20,20260807,5,1,1,1,0,0,0,6439,0.268292,1,0.0015,0
1759,17014.1,11,0,2.22675,8.34,0,0,0,10.5668,361,361,0,1,1.80238,1.80238,1971,388,5,1288,0,0,0,0,0,3655,4587.37,1.0905,23.2045,584359,184,55262,2234,1715218,736,221048,8936,32,4,867412,1712166,27757184,6848664,34605848,4,4,12,4,49,16,12,20,20,20260807,5,1,1,1,0,0,0,6439,0.268292,1,0.0015,0
1760,17030.1,16,0,2.39067,13.5452,0,0,0,15.9359,361,361,0,1,1.80238,1.80238,1971,388,5,1288,0,0,0,0,0,3655,4587.37,1.0905,23.2045,584359,184,55262,2234,1715218,736,221048,8936,32,4,867412,1712166,27757184,6848664,34605848,4,4,12,4,49,16,12,20,20,20260807,5,1,1,1,0,0,0,6439,0.268292,1,0.0015,0
1761,17037.8,7,0,2.40108,5.22558,0,0,0,7.62667,361,361,0,1,1.80238,1.80238,1971,388,5,1288,0,0,0,0,0,3655,4587.37,1.0905,23.2045,584359,184,55262,2234,1715218,736,221048,8936,32,4,867412,1712166,27757184,6848664,34605848,4,4,12,4,49,16,12,20,20,20260807,5,1,1,1,0,0,0,6439,0.268292,1,0.0015,0
1762,17047,10,0,2.30608,6.73483,0,0,0,9.04092,361,361,0,1,1.80238,1.80238,1971,388,5,1288,0,0,0,0,0,3655,4587.37,1.0905,23.2045,584359,184,55262,2234,1715218,736,221048,8936,32,4,867412,1712166,27757184,6848664,34605848,4,4,12,4,49,16,12,20,20,20260807,5,1,1,1,0,0,0,6440,0.268333,1,0.0015,1
1763,17062.2,15,0,2.46325,12.6328,0,0,0,15.096,361,361,0,1,1.80238,1.80238,1971,388,5,1288,0,0,0,0,0,3655,4587.37,1.0905,23.2045,584359,184,55262,2234,1715218,736,221048,8936,32,4,867412,1712166,27757184,6848664,34605848,4,4,12,4,49,16,12,20,20,20260807,5,1,1,1,0,0,0,6440,0.268333,1,0.0015,0
1764,17069.1,7,0,2.33133,4.49067,0,0,0,6.822,361,361,0,1,1.80238,1.80238,1971,388,5,1288,0,0,0,0,0,3655,4587.37,1.0905,23.2045,584359,184,55262,2234,1715218,736,221048,8936,32,4,867412,1712166,27757184,6848664,34605848,4,4,12,4,49,16,12,20,20,20260807,5,1,1,1,0,0,0,6440,0.268333,1,0.0015,0
1765,17078.8,9,0,2.36108,7.23121,0,0,0,9.59229,361,361,0,1,1.80238,1.80238,1971,388,5,1288,0,0,0,0,0,3655,4587.37,1.0905,23.2045,584359,184,55262,2234,1715218,736,221048,8936,32,4,867412,1712166,27757184,6848664,34605848,4,4,12,4,49,16,12,20,20,20260807,5,1,1,1,0,0,0,6440,0.268333,1,0.0015,0
1766,17085.8,7,0,2.3655,4.60425,0,0,0,6.96975,361,361,0,1,1.80238,1.80238,1971,388,5,1288,0,0,0,0,0,3655,4587.37,1.0905,23.2045,584359,184,55262,2234,1715218,736,221048,8936,32,4,867412,1712166,27757184,6848664,34605848,4,4,12,4,49,16,12,20,20,20260807,5,1,1,1,0,0,0,6440,0.268333,1,0.0015,0
1767,17096.6,11,0,2.41258,8.25158,0,0,0,10.6642,361,361,0,1,1.80238,1.80238,1971,388,5,1288,0,0,0,0,0,3655,4587.37,1.0905,23.2045,584359,184,55262,2234,1715218,736,221048,8936,32,4,867412,1712166,27757184,6848664,34605848,4,4,12,4,49,16,12,20,20,20260807,5,1,1,1,0,0,0,6441,0.268375,1,0.0015,1
1768,17113.6,17,0,2.36129,14.573,0,0,0,16.9342,361,361,0,1,1.80238,1.80238,1971,388,5,1288,0,0,0,0,0,3655,4587.37,1.0905,23.2045,584359,184,55262,2234,1715218,736,221048,8936,32,4,867412,1712166,27757184,6848664,34605848,4,4,12,4,49,16,12,20,20,20260807,5,1,1,1,0,0,0,6441,0.268375,1,0.0015,0
1769,17120.5,7,0,2.36762,4.47775,0,0,0,6.84537,361,361,0,1,1.80238,1.80238,1971,388,5,1288,0,0,0,0,0,3655,4587.37,1.0905,23.2045,584359,184,55262,2234,1715218,736,221048,8936,32,4,867412,1712166,27757184,6848664,34605848,4,4,12,4,49,16,12,20,20,20260807,5,1,1,1,0,0,0,6441,0.268375,1,0.0015,0
1770,17129.2,9,0,2.42454,6.13896,0,0,0,8.5635,361,361,0,1,1.80238,1.80238,1971,388,5,1288,0,0,0,0,0,3655,4587.37,1.0905,23.2045,584359,184,55262,2234,1715218,736,221048,8936,32,4,867412,1712166,27757184,6848664,34605848,4,4,12,4,49,16,12,20,20,20260807,5,1,1,1,0,0,0,6441,0.268375,1,0.0015,0
1771,17136.1,7,0,2.46504,4.40446,0,0,0,6.8695,361,361,0,1,1.80238,1.80238,1971,388,5,1288,0,0,0,0,0,3655,4587.37,1.0905,23.2045,584359,184,55262,2234,1715218,736,221048,8936,32,4,867412,1712166,27757184,6848664,34605848,4,4,12,4,49,16,12,20,20,20260807,5,1,1,1,0,0,0,6441,0.268375,1,0.0015,0
1772,17145.9,9,0,2.42771,7.25512,0,0,0,9.68283,361,361,0,1,1.80238,1.80238,1971,388,5,1288,0,0,0,0,0,3655,4587.37,1.0905,23.2045,584359,184,55262,2234,1715218,736,221048,8936,32,4,867412,1712166,27757184,6848664,34605848,4,4,12,4,49,16,12,20,20,20260807,5,1,1,1,0,0,0,6442,0.268417,1,0.0015,1
1773,17153.4,8,0,2.50163,4.91683,0,0,0,7.41846,361,361,0,1,1.80238,1.80238,1971,388,5,1288,0,0,0,0,0,3655,4587.37,1.0905,23.2045,584359,184,55262,2234,1715218,736,221048,8936,32,4,867412,1712166,27757184,6848664,34605848,4,4,12,4,49,16,12,20,20,20260807,5,1,1,1,0,0,0,6442,0.268417,1,0.0015,0
1774,17162.9,9,0,2.31933,7.06013,0,0,0,9.37946,361,361,0,1,1.80238,1.80238,1971,388,5,1288,0,0,0,0,0,3655,4587.37,1.0905,23.2045,584359,184,55262,2234,1715218,736,221048,8936,32,4,867412,1712166,27757184,6848664,34605848,4,4,12,4,49,16,12,20,20,20260807,5,1,1,1,0,0,0,6442,0.268417,1,0.0015,0
1775,17170.3,8,0,2.40413,4.93025,0,0,0,7.33437,361,361,0,1,1.80238,1.80238,1971,388,5,1288,0,0,0,0,0,3655,4587.37,1.0905,23.2045,584359,184,55262,2234,1715218,736,221048,8936,32,4,867412,1712166,27757184,6848664,34605848,4,4,12,4,49,16,12,20,20,20260807,5,1,1,1,0,0,0,6442,0.268417,1,0.0015,0
1776,17179.8,9,0,2.45517,6.99596,0,0,0,9.45112,361,361,0,1,1.80238,1.80238,1971,388,5,1288,0,0,0,0,0,3655,4587.37,1.0905,23.2045,584359,184,55262,2234,1715218,736,221048,8936,32,4,867412,1712166,27757184,6848664,34605848,4,4,12,4,49,16,12,20,20,20260807,5,1,1,1,0,0,0,6442,0.268417,1,0.0015,0
1777,17188.2,9,0,2.38479,5.89863,0,0,0,8.28342,361,361,0,1,1.80238,1.80238,1971,388,5,1288,0,0,0,0,0,3655,4587.37,1.0905,23.2045,584359,184,55262,2234,1715218,736,221048,8936,32,4,867412,1712166,27757184,6848664,34605848,4,4,12,4,49,16,12,20,20,20260807,5,1,1,1,0,0,0,6442,0.268417,1,0.0015,0
1778,17195.8,7,0,2.40417,5.09037,0,0,0,7.49454,361,361,0,1,1.80238,1.80238,1971,388,5,1288,0,0,0,0,0,3655,4587.37,1.0905,23.2045,584359,184,55262,2234,1715218,736,221048,8936,32,4,867412,1712166,27757184,6848664,34605848,4,4,12,4,49,16,12,20,20,20260807,5,1,1,1,0,0,0,6443,0.268458,1,0.0015,1
1779,17203.6,8,0,2.44025,5.33542,0,0,0,7.77567,361,361,0,1,1.80238,1.80238,1971,388,5,1288,0,0,0,0,0,3655,4587.37,1.0905,23.2045,584359,184,55262,2234,1715218,736,221048,8936,32,4,867412,1712166,27757184,6848664,34605848,4,4,12,4,49,16,12,20,20,20260807,5,1,1,1,0,0,0,6443,0.268458,1,0.0015,0
1780,17215.7,12,0,2.59683,9.39129,0,0,0,11.9881,361,361,0,1,1.80238,1.80238,1971,388,5,1288,0,0,0,0,0,3655,4587.37,1.0905,23.2045,584359,184,55262,2234,1715218,736,221048,8936,32,4,867412,1712166,27757184,6848664,34605848,4,4,12,4,49,16,12,20,20,20260807,5,1,1,1,0,0,0,6443,0.268458,1,0.0015,0
1781,17223.2,8,0,2.72054,4.64479,0,0,0,7.36533,361,361,0,1,1.80238,1.80238,1971,388,5,1288,0,0,0,0,0,3655,4587.37,1.0905,23.2045,584359,184,55262,2234,1715218,736,221048,8936,32,4,867412,1712166,27757184,6848664,34605848,4,4,12,4,49,16,12,20,20,20260807,5,1,1,1,0,0,0,6443,0.268458,1,0.0015,0
1782,17230.4,7,0,2.57279,4.55663,0,0,0,7.12942,361,361,0,1,1.80238,1.80238,1971,388,5,1288,0,0,0,0,0,3655,4587.37,1.0905,23.2045,584359,184,55262,2234,1715218,736,221048,8936,32,4,867412,1712166,27757184,6848664,34605848,4,4,12,4,49,16,12,20,20,20260807,5,1,1,1,0,0,0,6443,0.268458,1,0.0015,0
1783,17237.7,7,0,2.45662,4.7565,0,0,0,7.21312,361,361,0,1,1.80238,1.80238,1971,388,5,1288,0,0,0,0,0,3655,4587.37,1.0905,23.2045,584359,184,55262,2234,1715218,736,221048,8936,32,4,867412,1712166,27757184,6848664,34605848,4,4,12,4,49,16,12,20,20,20260807,5,1,1,1,0,0,0,6443,0.268458,1,0.0015,0
1784,17246.4,9,0,2.50733,6.08946,0,0,0,8.59679,361,361,0,1,1.80238,1.80238,1971,388,5,1288,0,0,0,0,0,3655,4587.37,1.0905,23.2045,584359,184,55262,2234,1715218,736,221048,8936,32,4,867412,1712166,27757184,6848664,34605848,4,4,12,4,49,16,12,20,20,20260807,5,1,1,1,0,0,0,6444,0.2685,1,0.0015,1
1785,17253.3,7,0,2.44371,4.44404,0,0,0,6.88775,361,361,0,1,1.80238,1.80238,1971,388,5,1288,0,0,0,0,0,3655,4587.37,1.0905,23.2045,584359,184,55262,2234,1715218,736,221048,8936,32,4,867412,1712166,27757184,6848664,34605848,4,4,12,4,49,16,12,20,20,20260807,5,1,1,1,0,0,0,6444,0.2685,1,0.0015,0
1786,17262.5,9,0,2.31513,6.79767,0,0,0,9.11279,361,361,0,1,1.80238,1.80238,1971,388,5,1288,0,0,0,0,0,3655,4587.37,1.0905,23.2045,584359,184,55262,2234,1715218,736,221048,8936,32,4,867412,1712166,27757184,6848664,34605848,4,4,12,4,49,16,12,20,20,20260807,5,1,1,1,0,0,0,6444,0.2685,1,0.0015,0
1787,17270.2,8,0,2.45983,5.16737,0,0,0,7.62721,361,361,0,1,1.80238,1.80238,1971,388,5,1288,0,0,0,0,0,3655,4587.37,1.0905,23.2045,584359,184,55262,2234,1715218,736,221048,8936,32,4,867412,1712166,27757184,6848664,34605848,4,4,12,4,49,16,12,20,20,20260807,5,1,1,1,0,0,0,6444,0.2685,1,0.0015,0
1788,17279.7,9,0,2.48125,6.87967,0,0,0,9.36092,361,361,0,1,1.80238,1.80238,1971,388,5,1288,0,0,0,0,0,3655,4587.37,1.0905,23.2045,584359,184,55262,2234,1715218,736,221048,8936,32,4,867412,1712166,27757184,6848664,34605848,4,4,12,4,49,16,12,20,20,20260807,5,1,1,1,0,0,0,6444,0.2685,1,0.0015,0
1789,17286.7,7,0,2.39142,4.54863,0,0,0,6.94004,361,361,0,1,1.80238,1.80238,1971,388,5,1288,0,0,0,0,0,3655,4587.37,1.0905,23.2045,584359,184,55262,2234,1715218,736,221048,8936,32,4,867412,1712166,27757184,6848664,34605848,4,4,12,4,49,16,12,20,20,20260807,5,1,1,1,0,0,0,6444,0.2685,1,0.0015,0
1790,17296.4,10,0,2.37833,7.19017,0,0,0,9.5685,361,361,0,1,1.80238,1.80238,1971,388,5,1288,0,0,0,0,0,3655,4587.37,1.0905,23.2045,584359,184,55262,2234,1715218,736,221048,8936,32,4,867412,1712166,27757184,6848664,34605848,4,4,12,4,49,16,12,20,20,20260807,5,1,1,1,0,0,0,6445,0.268542,1,0.0015,1
1791,17303.6,7,0,2.36238,4.70325,0,0,0,7.06562,361,361,0,1,1.80238,1.80238,1971,388,5,1288,0,0,0,0,0,3655,4587.37,1.0905,23.2045,584359,184,55262,2234,1715218,736,221048,8936,32,4,867412,1712166,27757184,6848664,34605848,4,4,12,4,49,16,12,20,20,20260807,5,1,1,1,0,0,0,6445,0.268542,1,0.0015,0
1792,17312.1,9,0,2.37079,6.13608,0,0,0,8.50688,361,361,0,1,1.80238,1.80238,1971,388,5,1288,0,0,0,0,0,3655,4587.37,1.0905,23.2045,584359,184,55262,2234,1715218,736,221048,8936,32,4,867412,1712166,27757184,6848664,34605848,4,4,12,4,49,16,12,20,20,20260807,5,1,1,1,0,0,0,6445,0.268542,1,0.0015,0
1793,17319.7,7,0,2.40971,5.04829,0,0,0,7.458,361,361,0,1,1.80238,1.80238,1971,388,5,1288,0,0,0,0,0,3655,4587.37,1.0905,23.2045,584359,184,55262,2234,1715218,736,221048,8936,32,4,867412,1712166,27757184,6848664,34605848,4,4,12,4,49,16,12,20,20,20260807,5,1,1,1,0,0,0,6445,0.268542,1,0.0015,0
1794,17329.2,10,0,2.35062,7.09438,0,0,0,9.445,361,361,0,1,1.80238,1.80238,1971,388,5,1288,0,0,0,0,0,3655,4587.37,1.0905,23.2045,584359,184,55262,2234,1715218,736,221048,8936,32,4,867412,1712166,27757184,6848664,34605848,4,4,12,4,49,16,12,20,20,20260807,5,1,1,1,0,0,0,6445,0.268542,1,0.0015,0
1795,17345.2,16,0,2.63796,13.2575,0,0,0,15.8955,361,361,0,1,1.80238,1.80238,1971,388,5,1288,0,0,0,0,0,3655,4587.37,1.0905,23.2045,584359,184,55262,2234,1715218,736,221048,8936,32,4,867412,1712166,27757184,6848664,34605848,4,4,12,4,49,16,12,20,20,20260807,5,1,1,1,0,0,0,6445,0.268542,1,0.0015,0
1796,17353.1,8,0,2.54875,5.30508,0,0,0,7.85383,361,361,0,1,1.80238,1.80238,1971,388,5,1288,0,0,0,0,0,3655,4587.37,1.0905,23.2045,584359,184,55262,2234,1715218,736,221048,8936,32,4,867412,1712166,27757184,6848664,34605848,4,4,12,4,49,16,12,20,20,20260807,5,1,1,1,0,0,0,6446,0.268583,1,0.0015,1
1797,17363.7,10,0,2.30042,8.13642,0,0,0,10.4368,361,361,0,1,1.80238,1.80238,1971,388,5,1288,0,0,0,0,0,3655,4587.37,1.0905,23.2045,584359,184,55262,2234,1715218,736,221048,8936,32,4,867412,1712166,27757184,6848664,34605848,4,4,12,4,49,16,12,20,20,20260807,5,1,1,1,0,0,0,6446,0.268583,1,0.0015,0
1798,17379.5,16,0,2.34725,13.4458,0,0,0,15.793,361,361,0,1,1.80238,1.80238,1971,388,5,1288,0,0,0,0,0,3655,4587.37,1.0905,23.2045,584359,184,55262,2234,1715218,736,221048,8936,32,4,867412,1712166,27757184,6848664,34605848,4,4,12,4,49,16,12,20,20,20260807,5,1,1,1,0,0,0,6446,0.268583,1,0.0015,0
1799,17386.8,7,0,2.64812,4.54154,0,0,0,7.18967,361,361,0,1,1.80238,1.80238,1971,388,5,1288,0,0,0,0,0,3655,4587.37,1.0905,23.2045,584359,184,55262,2234,1715218,736,221048,8936,32,4,867412,1712166,27757184,6848664,34605848,4,4,12,4,49,16,12,20,20,20260807,5,1,1,1,0,0,0,6446,0.268583,1,0.0015,0
1800,17396.1,10,0,2.707,6.45563,0,0,0,9.16263,361,361,0,1,1.80238,1.80238,1971,388,5,1288,0,0,0,0,0,3655,4587.37,1.0905,23.2045,584359,184,55262,2234,1715218,736,221048,8936,32,4,867412,1712166,27757184,6848664,34605848,4,4,12,4,49,16,12,20,20,20260807,5,1,1,1,0,0,0,6447,0.268625,1,0.0015,1
1801,17403.5,7,0,2.60775,4.71221,0,0,0,7.31996,361,361,0,1,1.80238,1.80238,1971,388,5,1288,0,0,0,0,0,3655,4587.37,1.0905,23.2045,584359,184,55262,2234,1715218,736,221048,8936,32,4,867412,1712166,27757184,6848664,34605848,4,4,12,4,49,16,12,20,20,20260807,5,1,1,1,0,0,0,6447,0.268625,1,0.0015,0
1802,17412.1,9,0,2.70821,5.86179,0,0,0,8.57,361,361,0,1,1.80238,1.80238,1971,388,5,1288,0,0,0,0,0,3655,4587.37,1.0905,23.2045,584359,184,55262,2234,1715218,736,221048,8936,32,4,867412,1712166,27757184,6848664,34605848,4,4,12,4,49,16,12,20,20,20260807,5,1,1,1,0,0,0,6447,0.268625,1,0.0015,0
1803,17419.4,7,0,2.55146,4.61567,0,0,0,7.16713,361,361,0,1,1.80238,1.80238,1971,388,5,1288,0,0,0,0,0,3655,4587.37,1.0905,23.2045,584359,184,55262,2234,1715218,736,221048,8936,32,4,867412,1712166,27757184,6848664,34605848,4,4,12,4,49,16,12,20,20,20260807,5,1,1,1,0,0,0,6447,0.268625,1,0.0015,0
1804,17429.1,10,0,2.44171,7.20921,0,0,0,9.65092,361,361,0,1,1.80238,1.80238,1971,388,5,1288,0,0,0,0,0,3655,4587.37,1.0905,23.2045,584359,184,55262,2234,1715218,736,221048,8936,32,4,867412,1712166,27757184,6848664,34605848,4,4,12,4,49,16,12,20,20,20260807,5,1,1,1,0,0,0,6447,0.268625,1,0.0015,0
1805,17436.8,7,0,2.69387,4.89983,0,0,0,7.59371,361,361,0,1,1.80238,1.80238,1971,388,5,1288,0,0,0,0,0,3655,4587.37,1.0905,23.2045,584359,184,55262,2234,1715218,736,221048,8936,32,4,867412,1712166,27757184,6848664,34605848,4,4,12,4,49,16,12,20,20,20260807,5,1,1,1,0,0,0,6447,0.268625,1,0.0015,0
1806,17446,10,0,2.44858,6.62038,0,0,0,9.06896,361,361,0,1,1.80238,1.80238,1971,388,5,1288,0,0,0,0,0,3655,4587.37,1.0905,23.2045,584359,184,55262,2234,1715218,736,221048,8936,32,4,867412,1712166,27757184,6848664,34605848,4,4,12,4,49,16,12,20,20,20260807,5,1,1,1,0,0,0,6448,0.268667,1,0.0015,1
1807,17453.1,7,0,2.39938,4.64179,0,0,0,7.04117,361,361,0,1,1.80238,1.80238,1971,388,5,1288,0,0,0,0,0,3655,4587.37,1.0905,23.2045,584359,184,55262,2234,1715218,736,221048,8936,32,4,867412,1712166,27757184,6848664,34605848,4,4,12,4,49,16,12,20,20,20260807,5,1,1,1,0,0,0,6448,0.268667,1,0.0015,0
1808,17462.6,9,0,2.48967,6.94117,0,0,0,9.43083,361,361,0,1,1.80238,1.80238,1971,388,5,1288,0,0,0,0,0,3655,4587.37,1.0905,23.2045,584359,184,55262,2234,1715218,736,221048,8936,32,4,867412,1712166,27757184,6848664,34605848,4,4,12,4,49,16,12,20,20,20260807,5,1,1,1,0,0,0,6448,0.268667,1,0.0015,0
1809,17469.7,6,0,2.46979,4.51871,0,0,0,6.9885,361,361,0,1,1.80238,1.80238,1971,388,5,1288,0,0,0,0,0,3655,4587.37,1.0905,23.2045,584359,184,55262,2234,1715218,736,221048,8936,32,4,867412,1712166,27757184,6848664,34605848,4,4,12,4,49,16,12,20,20,20260807,5,1,1,1,0,0,0,6448,0.268667,1,0.0015,0
1810,17478.7,9,0,2.32817,6.58408,0,0,0,8.91225,361,361,0,1,1.80238,1.80238,1971,388,5,1288,0,0,0,0,0,3655,4587.37,1.0905,23.2045,584359,184,55262,2234,1715218,736,221048,8936,32,4,867412,1712166,27757184,6848664,34605848,4,4,12,4,49,16,12,20,20,20260807,5,1,1,1,0,0,0,6448,0.268667,1,0.0015,0
1811,17485.9,7,0,2.44096,4.68379,0,0,0,7.12475,361,361,0,1,1.80238,1.80238,1971,388,5,1288,0,0,0,0,0,3655,4587.37,1.0905,23.2045,584359,184,55262,2234,1715218,736,221048,8936,32,4,867412,1712166,27757184,6848664,34605848,4,4,12,4,49,16,12,20,20,20260807,5,1,1,1,0,0,0,6448,0.268667,1,0.0015,0
1812,17495.8,10,0,2.31654,7.43746,0,0,0,9.754,361,361,0,1,1.80238,1.80238,1971,388,5,1288,0,0,0,0,0,3655,4587.37,1.0905,23.2045,584359,184,55262,2234,1715218,736,221048,8936,32,4,867412,1712166,27757184,6848664,34605848,4,4,12,4,49,16,12,20,20,20260807,5,1,1,1,0,0,0,6449,0.268708,1,0.0015,1
1813,17502.5,7,0,2.43079,4.14987,0,0,0,6.58067,361,361,0,1,1.80238,1.80238,1971,388,5,1288,0,0,0,0,0,3655,4587.37,1.0905,23.2045,584359,184,55262,2234,1715218,736,221048,8936,32,4,867412,1712166,27757184,6848664,34605848,4,4,12,4,49,16,12,20,20,20260807,5,1,1,1,0,0,0,6449,0.268708,1,0.0015,0
1814,17512.7,10,0,2.54483,7.60571,0,0,0,10.1505,361,361,0,1,1.80238,1.80238,1971,388,5,1288,0,0,0,0,0,3655,4587.37,1.0905,23.2045,584359,184,55262,2234,1715218,736,221048,8936,32,4,867412,1712166,27757184,6848664,34605848,4,4,12,4,49,16,12,20,20,20260807,5,1,1,1,0,0,0,6449,0.268708,1,0.0015,0
1815,17520.1,9,0,2.34783,4.87746,0,0,0,7.22529,361,361,0,1,1.80238,1.80238,1971,388,5,1288,0,0,0,0,0,3655,4587.37,1.0905,23.2045,584359,184,55262,2234,1715218,736,221048,8936,32,4,867412,1712166,27757184,6848664,34605848,4,4,12,4,49,16,12,20,20,20260807,5,1,1,1,0,0,0,6449,0.268708,1,0.0015,0
1816,17529.2,9,0,2.43583,6.67217,0,0,0,9.108,361,361,0,1,1.80238,1.80238,1971,388,5,1288,0,0,0,0,0,3655,4587.37,1.0905,23.2045,584359,184,55262,2234,1715218,736,221048,8936,32,4,867412,1712166,27757184,6848664,34605848,4,4,12,4,49,16,12,20,20,20260807,5,1,1,1,0,0,0,6449,0.268708,1,0.0015,0
1817,17537.6,8,0,3.237,5.01625,0,0,0,8.25325,361,361,0,1,1.80238,1.80238,1971,388,5,1288,0,0,0,0,0,3655,4587.37,1.0905,23.2045,584359,184,55262,2234,1715218,736,221048,8936,32,4,867412,1712166,27757184,6848664,34605848,4,4,12,4,49,16,12,20,20,20260807,5,1,1,1,0,0,0,6449,0.268708,1,0.0015,0
1818,17545.8,8,0,2.4775,5.66317,0,0,0,8.14067,361,361,0,1,1.80238,1.80238,1971,388,5,1288,0,0,0,0,0,3655,4587.37,1.0905,23.2045,584359,184,55262,2234,1715218,736,221048,8936,32,4,867412,1712166,27757184,6848664,34605848,4,4,12,4,49,16,12,20,20,20260807,5,1,1,1,0,0,0,6450,0.26875,1,0.0015,1
1819,17555.9,10,0,5.68275,4.25812,0,0,0,9.94088,361,361,0,1,1.80238,1.80238,1971,388,5,1288,0,0,0,0,0,3655,4587.37,1.0905,23.2045,584359,184,55262,2234,1715218,736,221048,8936,32,4,867412,1712166,27757184,6848664,34605848,4,4,12,4,49,16,12,20,20,20260807,5,1,1,1,0,0,0,6450,0.26875,1,0.0015,0
1820,17565.6,10,0,2.32321,7.35567,0,0,0,9.67887,361,361,0,1,1.80238,1.80238,1971,388,5,1288,0,0,0,0,0,3655,4587.37,1.0905,23.2045,584359,184,55262,2234,1715218,736,221048,8936,32,4,867412,1712166,27757184,6848664,34605848,4,4,12,4,49,16,12,20,20,20260807,5,1,1,1,0,0,0,6450,0.26875,1,0.0015,0
1821,17579.3,14,0,2.38313,11.2155,0,0,0,13.5987,361,361,0,1,1.80238,1.80238,1971,388,5,1288,0,0,0,0,0,3655,4587.37,1.0905,23.2045,584359,184,55262,2234,1715218,736,221048,8936,32,4,867412,1712166,27757184,6848664,34605848,4,4,12,4,49,16,12,20,20,20260807,5,1,1,1,0,0,0,6450,0.26875,1,0.0015,0
1822,17595.7,16,0,2.33,13.9338,0,0,0,16.2638,361,361,0,1,1.80238,1.80238,1971,388,5,1288,0,0,0,0,0,3655,4587.37,1.0905,23.2045,584359,184,55262,2234,1715218,736,221048,8936,32,4,867412,1712166,27757184,6848664,34605848,4,4,12,4,49,16,12,20,20,20260807,5,1,1,1,0,0,0,6450,0.26875,1,0.0015,0
1823,17603,8,0,2.40392,4.81946,0,0,0,7.22337,361,361,0,1,1.80238,1.80238,1971,388,5,1288,0,0,0,0,0,3655,4587.37,1.0905,23.2045,584359,184,55262,2234,1715218,736,221048,8936,32,4,867412,1712166,27757184,6848664,34605848,4,4,12,4,49,16,12,20,20,20260807,5,1,1,1,0,0,0,6451,0.268792,1,0.0015,1
1824,17612.1,9,0,2.2825,6.79142,0,0,0,9.07392,361,361,0,1,1.80238,1.80238,1971,388,5,1288,0,0,0,0,0,3655,4587.37,1.0905,23.2045,584359,184,55262,2234,1715218,736,221048,8936,32,4,867412,1712166,27757184,6848664,34605848,4,4,12,4,49,16,12,20,20,20260807,5,1,1,1,0,0,0,6451,0.268792,1,0.0015,0
1825,17619.4,7,0,2.27971,4.91788,0,0,0,7.19758,361,361,0,1,1.80238,1.80238,1971,388,5,1288,0,0,0,0,0,3655,4587.37,1.0905,23.2045,584359,184,55262,2234,1715218,736,221048,8936,32,4,867412,1712166,27757184,6848664,34605848,4,4,12,4,49,16,12,20,20,20260807,5,1,1,1,0,0,0,6451,0.268792,1,0.0015,0
1826,17629.2,10,0,2.35025,7.34733,0,0,0,9.69758,361,361,0,1,1.80238,1.80238,1971,388,5,1288,0,0,0,0,0,3655,4587.37,1.0905,23.2045,584359,184,55262,2234,1715218,736,221048,8936,32,4,867412,1712166,27757184,6848664,34605848,4,4,12,4,49,16,12,20,20,20260807,5,1,1,1,0,0,0,6451,0.268792,1,0.0015,0
1827,17635.8,6,0,2.26508,4.26058,0,0,0,6.52567,361,361,0,1,1.80238,1.80238,1971,388,5,1288,0,0,0,0,0,3655,4587.37,1.0905,23.2045,584359,184,55262,2234,1715218,736,221048,8936,32,4,867412,1712166,27757184,6848664,34605848,4,4,12,4,49,16,12,20,20,20260807,5,1,1,1,0,0,0,6451,0.268792,1,0.0015,0
1828,17648.4,13,0,2.23879,10.2727,0,0,0,12.5115,361,361,0,1,1.80238,1.80238,1971,388,5,1288,0,0,0,0,0,3655,4587.37,1.0905,23.2045,584359,184,55262,2234,1715218,736,221048,8936,32,4,867412,1712166,27757184,6848664,34605848,4,4,12,4,49,16,12,20,20,20260807,5,1,1,1,0,0,0,6452,0.268833,1,0.0015,1
1829,17662.7,14,0,2.57283,11.5158,0,0,0,14.0887,361,361,0,1,1.80238,1.80238,1971,388,5,1288,0,0,0,0,0,3655,4587.37,1.0905,23.2045,584359,184,55262,2234,1715218,736,221048,8936,32,4,867412,1712166,27757184,6848664,34605848,4,4,12,4,49,16,12,20,20,20260807,5,1,1,1,0,0,0,6452,0.268833,1,0.0015,0
1830,17670.3,8,0,2.44017,5.08575,0,0,0,7.52592,361,361,0,1,1.80238,1.80238,1971,388,5,1288,0,0,0,0,0,3655,4587.37,1.0905,23.2045,584359,184,55262,2234,1715218,736,221048,8936,32,4,867412,1712166,27757184,6848664,34605848,4,4,12,4,49,16,12,20,20,20260807,5,1,1,1,0,0,0,6452,0.268833,1,0.0015,0
1831,17679.9,9,0,2.36179,7.1315,0,0,0,9.49329,361,361,0,1,1.80238,1.80238,1971,388,5,1288,0,0,0,0,0,3655,4587.37,1.0905,23.2045,584359,184,55262,2234,1715218,736,221048,8936,32,4,867412,1712166,27757184,6848664,34605848,4,4,12,4,49,16,12,20,20,20260807,5,1,1,1,0,0,0,6452,0.268833,1,0.0015,0
1832,17686.8,7,0,2.37525,4.46837,0,0,0,6.84363,361,361,0,1,1.80238,1.80238,1971,388,5,1288,0,0,0,0,0,3655,4587.37,1.0905,23.2045,584359,184,55262,2234,1715218,736,221048,8936,32,4,867412,1712166,27757184,6848664,34605848,4,4,12,4,49,16,12,20,20,20260807,5,1,1,1,0,0,0,6452,0.268833,1,0.0015,0
1833,17696.9,10,0,2.4855,7.45554,0,0,0,9.94104,361,361,0,1,1.80238,1.80238,1971,388,5,1288,0,0,0,0,0,3655,4587.37,1.0905,23.2045,584359,184,55262,2234,1715218,736,221048,8936,32,4,867412,1712166,27757184,6848664,34605848,4,4,12,4,49,16,12,20,20,20260807,5,1,1,1,0,0,0,6453,0.268875,1,0.0015,1
1834,17713.3,17,0,2.36079,13.9617,0,0,0,16.3225,361,361,0,1,1.80238,1.80238,1971,388,5,1288,0,0,0,0,0,3655,4587.37,1.0905,23.2045,584359,184,55262,2234,1715218,736,221048,8936,32,4,867412,1712166,27757184,6848664,34605848,4,4,12,4,49,16,12,20,20,20260807,5,1,1,1,0,0,0,6453,0.268875,1,0.0015,0
1835,17729.4,16,0,2.47021,13.5066,0,0,0,15.9768,361,361,0,1,1.80238,1.80238,1971,388,5,1288,0,0,0,0,0,3655,4587.37,1.0905,23.2045,584359,184,55262,2234,1715218,736,221048,8936,32,4,867412,1712166,27757184,6848664,34605848,4,4,12,4,49,16,12,20,20,20260807,5,1,1,1,0,0,0,6453,0.268875,1,0.0015,0
1836,17736.6,7,0,2.37392,4.79779,0,0,0,7.17171,361,361,0,1,1.80238,1.80238,1971,388,5,1288,0,0,0,0,0,3655,4587.37,1.0905,23.2045,584359,184,55262,2234,1715218,736,221048,8936,32,4,867412,1712166,27757184,6848664,34605848,4,4,12,4,49,16,12,20,20,20260807,5,1,1,1,0,0,0,6453,0.268875,1,0.0015,0
1837,17747.4,11,0,2.28213,8.44154,0,0,0,10.7237,361,361,0,1,1.80238,1.80238,1971,388,5,1288,0,0,0,0,0,3655,4587.37,1.0905,23.2045,584359,184,55262,2234,1715218,736,221048,8936,32,4,867412,1712166,27757184,6848664,34605848,4,4,12,4,49,16,12,20,20,20260807,5,1,1,1,0,0,0,6454,0.268917,1,0.0015,1
1838,17754.8,7,0,2.45187,4.88696,0,0,0,7.33883,361,361,0,1,1.80238,1.80238,1971,388,5,1288,0,0,0,0,0,3655,4587.37,1.0905,23.2045,584359,184,55262,2234,1715218,736,221048,8936,32,4,867412,1712166,27757184,6848664,34605848,4,4,12,4,49,16,12,20,20,20260807,5,1,1,1,0,0,0,6454,0.268917,1,0.0015,0
1839,17762.5,8,0,2.44512,5.10854,0,0,0,7.55367,361,361,0,1,1.80238,1.80238,1971,388,5,1288,0,0,0,0,0,3655,4587.37,1.0905,23.2045,584359,184,55262,2234,1715218,736,221048,8936,32,4,867412,1712166,27757184,6848664,34605848,4,4,12,4,49,16,12,20,20,20260807,5,1,1,1,0,0,0,6454,0.268917,1,0.0015,0
1840,17770.5,8,0,2.45304,5.44013,0,0,0,7.89317,361,361,0,1,1.80238,1.80238,1971,388,5,1288,0,0,0,0,0,3655,4587.37,1.0905,23.2045,584359,184,55262,2234,1715218,736,221048,8936,32,4,867412,1712166,27757184,6848664,34605848,4,4,12,4,49,16,12,20,20,20260807,5,1,1,1,0,0,0,6454,0.268917,1,0.0015,0
1841,17778.4,8,0,2.30858,5.48042,0,0,0,7.789,361,361,0,1,1.80238,1.80238,1971,388,5,1288,0,0,0,0,0,3655,4587.37,1.0905,23.2045,584359,184,55262,2234,1715218,736,221048,8936,32,4,867412,1712166,27757184,6848664,34605848,4,4,12,4,49,16,12,20,20,20260807,5,1,1,1,0,0,0,6454,0.268917,1,0.0015,0
1842,17785.7,7,0,2.69742,4.55508,0,0,0,7.2525,361,361,0,1,1.80238,1.80238,1971,388,5,1288,0,0,0,0,0,3655,4587.37,1.0905,23.2045,584359,184,55262,2234,1715218,736,221048,8936,32,4,867412,1712166,27757184,6848664,34605848,4,4,12,4,49,16,12,20,20,20260807,5,1,1,1,0,0,0,6454,0.268917,1,0.0015,0
1843,17798.6,13,0,2.47133,10.2808,0,0,0,12.7522,361,361,0,1,1.80238,1.80238,1971,388,5,1288,0,0,0,0,0,3655,4587.37,1.0905,23.2045,584359,184,55262,2234,1715218,736,221048,8936,32,4,867412,1712166,27757184,6848664,34605848,4,4,12,4,49,16,12,20,20,20260807,5,1,1,1,0,0,0,6455,0.268958,1,0.0015,1
1844,17812.4,14,0,2.51788,11.2368,0,0,0,13.7546,361,361,0,1,1.80238,1.80238,1971,388,5,1288,0,0,0,0,0,3655,4587.37,1.0905,23.2045,584359,184,55262,2234,1715218,736,221048,8936,32,4,867412,1712166,27757184,6848664,34605848,4,4,12,4,49,16,12,20,20,20260807,5,1,1,1,0,0,0,6455,0.268958,1,0.0015,0
1845,17819.7,7,0,2.36967,4.87221,0,0,0,7.24188,361,361,0,1,1.80238,1.80238,1971,388,5,1288,0,0,0,0,0,3655,4587.37,1.0905,23.2045,584359,184,55262,2234,1715218,736,221048,8936,32,4,867412,1712166,27757184,6848664,34605848,4,4,12,4,49,16,12,20,20,20260807,5,1,1,1,0,0,0,6455,0.268958,1,0.0015,0
1846,17829.8,10,0,2.35792,7.65433,0,0,0,10.0122,361,361,0,1,1.80238,1.80238,1971,388,5,1288,0,0,0,0,0,3655,4587.37,1.0905,23.2045,584359,184,55262,2234,1715218,736,221048,8936,32,4,867412,1712166,27757184,6848664,34605848,4,4,12,4,49,16,12,20,20,20260807,5,1,1,1,0,0,0,6455,0.268958,1,0.0015,0
1847,17836.9,7,0,2.29646,4.62008,0,0,0,6.91654,361,361,0,1,1.80238,1.80238,1971,388,5,1288,0,0,0,0,0,3655,4587.37,1.0905,23.2045,584359,184,55262,2234,1715218,736,221048,8936,32,4,867412,1712166,27757184,6848664,34605848,4,4,12,4,49,16,12,20,20,20260807,5,1,1,1,0,0,0,6455,0.268958,1,0.0015,0
1848,17845.8,9,0,2.37158,6.48987,0,0,0,8.86146,361,361,0,1,1.80238,1.80238,1971,388,5,1288,0,0,0,0,0,3655,4587.37,1.0905,23.2045,584359,184,55262,2234,1715218,736,221048,8936,32,4,867412,1712166,27757184,6848664,34605848,4,4,12,4,49,16,12,20,20,20260807,5,1,1,1,0,0,0,6456,0.269,1,0.0015,1
1849,17852.4,7,0,2.29258,4.24467,0,0,0,6.53725,361,361,0,1,1.80238,1.80238,1971,388,5,1288,0,0,0,0,0,3655,4587.37,1.0905,23.2045,584359,184,55262,2234,1715218,736,221048,8936,32,4,867412,1712166,27757184,6848664,34605848,4,4,12,4,49,16,12,20,20,20260807,5,1,1,1,0,0,0,6456,0.269,1,0.0015,0
1850,17862.3,10,0,2.24379,7.50796,0,0,0,9.75175,361,361,0,1,1.80238,1.80238,1971,388,5,1288,0,0,0,0,0,3655,4587.37,1.0905,23.2045,584359,184,55262,2234,1715218,736,221048,8936,32,4,867412,1712166,27757184,6848664,34605848,4,4,12,4,49,16,12,20,20,20260807,5,1,1,1,0,0,0,6456,0.269,1,0.0015,0
1851,17869,7,0,2.25413,4.42071,0,0,0,6.67483,361,361,0,1,1.80238,1.80238,1971,388,5,1288,0,0,0,0,0,3655,4587.37,1.0905,23.2045,584359,184,55262,2234,1715218,736,221048,8936,32,4,867412,1712166,27757184,6848664,34605848,4,4,12,4,49,16,12,20,20,20260807,5,1,1,1,0,0,0,6456,0.269,1,0.0015,0
1852,17878.8,9,0,2.40017,7.24988,0,0,0,9.65004,361,361,0,1,1.80238,1.80238,1971,388,5,1288,0,0,0,0,0,3655,4587.37,1.0905,23.2045,584359,184,55262,2234,1715218,736,221048,8936,32,4,867412,1712166,27757184,6848664,34605848,4,4,12,4,49,16,12,20,20,20260807,5,1,1,1,0,0,0,6456,0.269,1,0.0015,0
1853,17885.9,7,0,2.3805,4.68471,0,0,0,7.06521,361,361,0,1,1.80238,1.80238,1971,388,5,1288,0,0,0,0,0,3655,4587.37,1.0905,23.2045,584359,184,55262,2234,1715218,736,221048,8936,32,4,867412,1712166,27757184,6848664,34605848,4,4,12,4,49,16,12,20,20,20260807,5,1,1,1,0,0,0,6456,0.269,1,0.0015,0
1854,17896.8,11,0,2.20942,8.596,0,0,0,10.8054,361,361,0,1,1.80238,1.80238,1971,388,5,1288,0,0,0,0,0,3655,4587.37,1.0905,23.2045,584359,184,55262,2234,1715218,736,221048,8936,32,4,867412,1712166,27757184,6848664,34605848,4,4,12,4,49,16,12,20,20,20260807,5,1,1,1,0,0,0,6457,0.269042,1,0.0015,1
1855,17904.4,8,0,2.40979,5.11988,0,0,0,7.52967,361,361,0,1,1.80238,1.80238,1971,388,5,1288,0,0,0,0,0,3655,4587.37,1.0905,23.2045,584359,184,55262,2234,1715218,736,221048,8936,32,4,867412,1712166,27757184,6848664,34605848,4,4,12,4,49,16,12,20,20,20260807,5,1,1,1,0,0,0,6457,0.269042,1,0.0015,0
1856,17917.6,13,0,2.44358,10.6138,0,0,0,13.0574,361,361,0,1,1.80238,1.80238,1971,388,5,1288,0,0,0,0,0,3655,4587.37,1.0905,23.2045,584359,184,55262,2234,1715218,736,221048,8936,32,4,867412,1712166,27757184,6848664,34605848,4,4,12,4,49,16,12,20,20,20260807,5,1,1,1,0,0,0,6457,0.269042,1,0.0015,0
1857,17929,12,0,2.83613,8.55213,0,0,0,11.3882,361,361,0,1,1.80238,1.80238,1971,388,5,1288,0,0,0,0,0,3655,4587.37,1.0905,23.2045,584359,184,55262,2234,1715218,736,221048,8936,32,4,867412,1712166,27757184,6848664,34605848,4,4,12,4,49,16,12,20,20,20260807,5,1,1,1,0,0,0,6457,0.269042,1,0.0015,0
1858,17936.4,7,0,2.29546,4.978,0,0,0,7.27346,361,361,0,1,1.80238,1.80238,1971,388,5,1288,0,0,0,0,0,3655,4587.37,1.0905,23.2045,584359,184,55262,2234,1715218,736,221048,8936,32,4,867412,1712166,27757184,6848664,34605848,4,4,12,4,49,16,12,20,20,20260807,5,1,1,1,0,0,0,6457,0.269042,1,0.0015,0
1859,17947.4,11,0,2.57008,8.38063,0,0,0,10.9507,361,361,0,1,1.80238,1.80238,1971,388,5,1288,0,0,0,0,0,3655,4587.37,1.0905,23.2045,584359,184,55262,2234,1715218,736,221048,8936,32,4,867412,1712166,27757184,6848664,34605848,4,4,12,4,49,16,12,20,20,20260807,5,1,1,1,0,0,0,6458,0.269083,1,0.0015,1
1860,17962,15,0,2.45454,12.0345,0,0,0,14.4891,361,361,0,1,1.80238,1.80238,1971,388,5,1288,0,0,0,0,0,3655,4587.37,1.0905,23.2045,584359,184,55262,2234,1715218,736,221048,8936,32,4,867412,1712166,27757184,6848664,34605848,4,4,12,4,49,16,12,20,20,20260807,5,1,1,1,0,0,0,6458,0.269083,1,0.0015,0
1861,17969.3,7,0,2.42654,4.75375,0,0,0,7.18029,361,361,0,1,1.80238,1.80238,1971,388,5,1288,0,0,0,0,0,3655,4587.37,1.0905,23.2045,584359,184,55262,2234,1715218,736,221048,8936,32,4,867412,1712166,27757184,6848664,34605848,4,4,12,4,49,16,12,20,20,20260807,5,1,1,1,0,0,0,6458,0.269083,1,0.0015,0
1862,17980.9,11,0,2.65433,8.88762,0,0,0,11.542,361,361,0,1,1.80238,1.80238,1971,388,5,1288,0,0,0,0,0,3655,4587.37,1.0905,23.2045,584359,184,55262,2234,1715218,736,221048,8936,32,4,867412,1712166,27757184,6848664,34605848,4,4,12,4,49,16,12,20,20,20260807,5,1,1,1,0,0,0,6458,0.269083,1,0.0015,0
1863,17988.7,8,0,2.72467,4.92346,0,0,0,7.64813,361,361,0,1,1.80238,1.80238,1971,388,5,1288,0,0,0,0,0,3655,4587.37,1.0905,23.2045,584359,184,55262,2234,1715218,736,221048,8936,32,4,867412,1712166,27757184,6848664,34605848,4,4,12,4,49,16,12,20,20,20260807,5,1,1,1,0,0,0,6458,0.269083,1,0.0015,0
1864,17996.1,8,0,2.45917,4.88387,0,0,0,7.34304,361,361,0,1,1.80238,1.80238,1971,388,5,1288,0,0,0,0,0,3655,4587.37,1.0905,23.2045,584359,184,55262,2234,1715218,736,221048,8936,32,4,867412,1712166,27757184,6848664,34605848,4,4,12,4,49,16,12,20,20,20260807,5,1,1,1,0,0,0,6459,0.269125,1,0.0015,1
1865,18004,8,0,2.62046,5.25971,0,0,0,7.88017,361,361,0,1,1.80238,1.80238,1971,388,5,1288,0,0,0,0,0,3655,4587.37,1.0905,23.2045,584359,184,55262,2234,1715218,736,221048,8936,32,4,867412,1712166,27757184,6848664,34605848,4,4,12,4,49,16,12,20,20,20260807,5,1,1,1,0,0,0,6459,0.269125,1,0.0015,0
1866,18011.8,7,0,2.34612,5.33079,0,0,0,7.67692,361,361,0,1,1.80238,1.80238,1971,388,5,1288,0,0,0,0,0,3655,4587.37,1.0905,23.2045,584359,184,55262,2234,1715218,736,221048,8936,32,4,867412,1712166,27757184,6848664,34605848,4,4,12,4,49,16,12,20,20,20260807,5,1,1,1,0,0,0,6459,0.269125,1,0.0015,0
1867,18019.5,8,0,2.49125,5.10337,0,0,0,7.59462,361,361,0,1,1.80238,1.80238,1971,388,5,1288,0,0,0,0,0,3655,4587.37,1.0905,23.2045,584359,184,55262,2234,1715218,736,221048,8936,32,4,867412,1712166,27757184,6848664,34605848,4,4,12,4,49,16,12,20,20,20260807,5,1,1,1,0,0,0,6459,0.269125,1,0.0015,0
1868,18029.8,10,0,2.27192,7.92713,0,0,0,10.199,361,361,0,1,1.80238,1.80238,1971,388,5,1288,0,0,0,0,0,3655,4587.37,1.0905,23.2045,584359,184,55262,2234,1715218,736,221048,8936,32,4,867412,1712166,27757184,6848664,34605848,4,4,12,4,49,16,12,20,20,20260807,5,1,1,1,0,0,0,6459,0.269125,1,0.0015,0
1869,18037.1,8,0,2.42325,4.78233,0,0,0,7.20558,361,361,0,1,1.80238,1.80238,1971,388,5,1288,0,0,0,0,0,3655,4587.37,1.0905,23.2045,584359,184,55262,2234,1715218,736,221048,8936,32,4,867412,1712166,27757184,6848664,34605848,4,4,12,4,49,16,12,20,20,20260807,5,1,1,1,0,0,0,6459,0.269125,1,0.0015,0
1870,18045.6,8,0,2.52075,5.95117,0,0,0,8.47192,361,361,0,1,1.80238,1.80238,1971,388,5,1288,0,0,0,0,0,3655,4587.37,1.0905,23.2045,584359,184,55262,2234,1715218,736,221048,8936,32,4,867412,1712166,27757184,6848664,34605848,4,4,12,4,49,16,12,20,20,20260807,5,1,1,1,0,0,0,6460,0.269167,1,0.0015,1
1871,18052.5,7,0,2.43175,4.39612,0,0,0,6.82787,361,361,0,1,1.80238,1.80238,1971,388,5,1288,0,0,0,0,0,3655,4587.37,1.0905,23.2045,584359,184,55262,2234,1715218,736,221048,8936,32,4,867412,1712166,27757184,6848664,34605848,4,4,12,4,49,16,12,20,20,20260807,5,1,1,1,0,0,0,6460,0.269167,1,0.0015,0
1872,18062.5,10,0,2.33246,7.60562,0,0,0,9.93808,361,361,0,1,1.80238,1.80238,1971,388,5,1288,0,0,0,0,0,3655,4587.37,1.0905,23.2045,584359,184,55262,2234,1715218,736,221048,8936,32,4,867412,1712166,27757184,6848664,34605848,4,4,12,4,49,16,12,20,20,20260807,5,1,1,1,0,0,0,6460,0.269167,1,0.0015,0
1873,18069.3,7,0,2.30229,4.36946,0,0,0,6.67175,361,361,0,1,1.80238,1.80238,1971,388,5,1288,0,0,0,0,0,3655,4587.37,1.0905,23.2045,584359,184,55262,2234,1715218,736,221048,8936,32,4,867412,1712166,27757184,6848664,34605848,4,4,12,4,49,16,12,20,20,20260807,5,1,1,1,0,0,0,6460,0.269167,1,0.0015,0
1874,18079.9,10,0,3.75446,6.76346,0,0,0,10.5179,361,361,0,1,1.80238,1.80238,1971,388,5,1288,0,0,0,0,0,3655,4587.37,1.0905,23.2045,584359,184,55262,2234,1715218,736,221048,8936,32,4,867412,1712166,27757184,6848664,34605848,4,4,12,4,49,16,12,20,20,20260807,5,1,1,1,0,0,0,6460,0.269167,1,0.0015,0
1875,18096.8,17,0,2.56171,14.2322,0,0,0,16.7939,361,361,0,1,1.80238,1.80238,1971,388,5,1288,0,0,0,0,0,3655,4587.37,1.0905,23.2045,584359,184,55262,2234,1715218,736,221048,8936,32,4,867412,1712166,27757184,6848664,34605848,4,4,12,4,49,16,12,20,20,20260807,5,1,1,1,0,0,0,6460,0.269167,1,0.0015,0
1876,18104.2,8,0,2.57075,4.72213,0,0,0,7.29288,361,361,0,1,1.80238,1.80238,1971,388,5,1288,0,0,0,0,0,3655,4587.37,1.0905,23.2045,584359,184,55262,2234,1715218,736,221048,8936,32,4,867412,1712166,27757184,6848664,34605848,4,4,12,4,49,16,12,20,20,20260807,5,1,1,1,0,0,0,6461,0.269208,1,0.0015,1
1877,18111.9,7,0,2.21575,5.401,0,0,0,7.61675,361,361,0,1,1.80238,1.80238,1971,388,5,1288,0,0,0,0,0,3655,4587.37,1.0905,23.2045,584359,184,55262,2234,1715218,736,221048,8936,32,4,867412,1712166,27757184,6848664,34605848,4,4,12,4,49,16,12,20,20,20260807,5,1,1,1,0,0,0,6461,0.269208,1,0.0015,0
1878,18118.7,7,0,2.371,4.35837,0,0,0,6.72938,361,361,0,1,1.80238,1.80238,1971,388,5,1288,0,0,0,0,0,3655,4587.37,1.0905,23.2045,584359,184,55262,2234,1715218,736,221048,8936,32,4,867412,1712166,27757184,6848664,34605848,4,4,12,4,49,16,12,20,20,20260807,5,1,1,1,0,0,0,6461,0.269208,1,0.0015,0
1879,18128.4,10,0,2.32917,7.25554,0,0,0,9.58471,361,361,0,1,1.80238,1.80238,1971,388,5,1288,0,0,0,0,0,3655,4587.37,1.0905,23.2045,584359,184,55262,2234,1715218,736,221048,8936,32,4,867412,1712166,27757184,6848664,34605848,4,4,12,4,49,16,12,20,20,20260807,5,1,1,1,0,0,0,6461,0.269208,1,0.0015,0
1880,18135.5,7,0,2.34883,4.65946,0,0,0,7.00829,361,361,0,1,1.80238,1.80238,1971,388,5,1288,0,0,0,0,0,3655,4587.37,1.0905,23.2045,584359,184,55262,2234,1715218,736,221048,8936,32,4,867412,1712166,27757184,6848664,34605848,4,4,12,4,49,16,12,20,20,20260807,5,1,1,1,0,0,0,6461,0.269208,1,0.0015,0
1881,18145.3,10,0,2.39617,7.29546,0,0,0,9.69163,361,361,0,1,1.80238,1.80238,1971,388,5,1288,0,0,0,0,0,3655,4587.37,1.0905,23.2045,584359,184,55262,2234,1715218,736,221048,8936,32,4,867412,1712166,27757184,6848664,34605848,4,4,12,4,49,16,12,20,20,20260807,5,1,1,1,0,0,0,6462,0.26925,1,0.0015,1
1882,18152.7,7,0,2.51037,4.87742,0,0,0,7.38779,361,361,0,1,1.80238,1.80238,1971,388,5,1288,0,0,0,0,0,3655,4587.37,1.0905,23.2045,584359,184,55262,2234,1715218,736,221048,8936,32,4,867412,1712166,27757184,6848664,34605848,4,4,12,4,49,16,12,20,20,20260807,5,1,1,1,0,0,0,6462,0.26925,1,0.0015,0
1883,18163.6,11,0,2.2975,8.46371,0,0,0,10.7612,361,361,0,1,1.80238,1.80238,1971,388,5,1288,0,0,0,0,0,3655,4587.37,1.0905,23.2045,584359,184,55262,2234,1715218,736,221048,8936,32,4,867412,1712166,27757184,6848664,34605848,4,4,12,4,49,16,12,20,20,20260807,5,1,1,1,0,0,0,6462,0.26925,1,0.0015,0
1884,18181.1,18,0,2.41162,15.0265,0,0,0,17.4381,361,361,0,1,1.80238,1.80238,1971,388,5,1288,0,0,0,0,0,3655,4587.37,1.0905,23.2045,584359,184,55262,2234,1715218,736,221048,8936,32,4,867412,1712166,27757184,6848664,34605848,4,4,12,4,49,16,12,20,20,20260807,5,1,1,1,0,0,0,6462,0.26925,1,0.0015,0
1885,18197.2,16,0,2.21442,13.8292,0,0,0,16.0436,361,361,0,1,1.80238,1.80238,1971,388,5,1288,0,0,0,0,0,3655,4587.37,1.0905,23.2045,584359,184,55262,2234,1715218,736,221048,8936,32,4,867412,1712166,27757184,6848664,34605848,4,4,12,4,49,16,12,20,20,20260807,5,1,1,1,0,0,0,6462,0.26925,1,0.0015,0
1886,18204.1,7,0,2.28992,4.43358,0,0,0,6.7235,361,361,0,1,1.80238,1.80238,1971,388,5,1288,0,0,0,0,0,3655,4587.37,1.0905,23.2045,584359,184,55262,2234,1715218,736,221048,8936,32,4,867412,1712166,27757184,6848664,34605848,4,4,12,4,49,16,12,20,20,20260807,5,1,1,1,0,0,0,6463,0.269292,1,0.0015,1
1887,18213,9,0,2.278,6.56963,0,0,0,8.84763,361,361,0,1,1.80238,1.80238,1971,388,5,1288,0,0,0,0,0,3655,4587.37,1.0905,23.2045,584359,184,55262,2234,1715218,736,221048,8936,32,4,867412,1712166,27757184,6848664,34605848,4,4,12,4,49,16,12,20,20,20260807,5,1,1,1,0,0,0,6463,0.269292,1,0.0015,0
1888,18220.6,7,0,2.29979,5.22604,0,0,0,7.52583,361,361,0,1,1.80238,1.80238,1971,388,5,1288,0,0,0,0,0,3655,4587.37,1.0905,23.2045,584359,184,55262,2234,1715218,736,221048,8936,32,4,867412,1712166,27757184,6848664,34605848,4,4,12,4,49,16,12,20,20,20260807,5,1,1,1,0,0,0,6463,0.269292,1,0.0015,0
1889,18228.8,8,0,2.28354,5.65583,0,0,0,7.93938,361,361,0,1,1.80238,1.80238,1971,388,5,1288,0,0,0,0,0,3655,4587.37,1.0905,23.2045,584359,184,55262,2234,1715218,736,221048,8936,32,4,867412,1712166,27757184,6848664,34605848,4,4,12,4,49,16,12,20,20,20260807,5,1,1,1,0,0,0,6463,0.269292,1,0.0015,0
1890,18235.3,7,0,2.30867,4.17683,0,0,0,6.4855,361,361,0,1,1.80238,1.80238,1971,388,5,1288,0,0,0,0,0,3655,4587.37,1.0905,23.2045,584359,184,55262,2234,1715218,736,221048,8936,32,4,867412,1712166,27757184,6848664,34605848,4,4,12,4,49,16,12,20,20,20260807,5,1,1,1,0,0,0,6463,0.269292,1,0.0015,0
1891,18248.3,13,0,2.15842,10.7046,0,0,0,12.863,361,361,0,1,1.80238,1.80238,1971,388,5,1288,0,0,0,0,0,3655,4587.37,1.0905,23.2045,584359,184,55262,2234,1715218,736,221048,8936,32,4,867412,1712166,27757184,6848664,34605848,4,4,12,4,49,16,12,20,20,20260807,5,1,1,1,0,0,0,6464,0.269333,1,0.0015,1
1892,18262.1,14,0,2.17196,11.5508,0,0,0,13.7228,361,361,0,1,1.80238,1.80238,1971,388,5,1288,0,0,0,0,0,3655,4587.37,1.0905,23.2045,584359,184,55262,2234,1715218,736,221048,8936,32,4,867412,1712166,27757184,6848664,34605848,4,4,12,4,49,16,12,20,20,20260807,5,1,1,1,0,0,0,6464,0.269333,1,0.0015,0
1893,18269,7,0,2.10204,4.72675,0,0,0,6.82879,361,361,0,1,1.80238,1.80238,1971,388,5,1288,0,0,0,0,0,3655,4587.37,1.0905,23.2045,584359,184,55262,2234,1715218,736,221048,8936,32,4,867412,1712166,27757184,6848664,34605848,4,4,12,4,49,16,12,20,20,20260807,5,1,1,1,0,0,0,6464,0.269333,1,0.0015,0
1894,18278.8,9,0,2.12804,7.59083,0,0,0,9.71888,361,361,0,1,1.80238,1.80238,1971,388,5,1288,0,0,0,0,0,3655,4587.37,1.0905,23.2045,584359,184,55262,2234,1715218,736,221048,8936,32,4,867412,1712166,27757184,6848664,34605848,4,4,12,4,49,16,12,20,20,20260807,5,1,1,1,0,0,0,6464,0.269333,1,0.0015,0
1895,18285.7,7,0,2.37308,4.42554,0,0,0,6.79863,361,361,0,1,1.80238,1.80238,1971,388,5,1288,0,0,0,0,0,3655,4587.37,1.0905,23.2045,584359,184,55262,2234,1715218,736,221048,8936,32,4,867412,1712166,27757184,6848664,34605848,4,4,12,4,49,16,12,20,20,20260807,5,1,1,1,0,0,0,6464,0.269333,1,0.0015,0
1896,18295.6,10,0,2.27846,7.52246,0,0,0,9.80092,361,361,0,1,1.80238,1.80238,1971,388,5,1288,0,0,0,0,0,3655,4587.37,1.0905,23.2045,584359,184,55262,2234,1715218,736,221048,8936,32,4,867412,1712166,27757184,6848664,34605848,4,4,12,4,49,16,12,20,20,20260807,5,1,1,1,0,0,0,6465,0.269375,1,0.0015,1
1897,18302.4,7,0,2.49229,4.31429,0,0,0,6.80658,361,361,0,1,1.80238,1.80238,1971,388,5,1288,0,0,0,0,0,3655,4587.37,1.0905,23.2045,584359,184,55262,2234,1715218,736,221048,8936,32,4,867412,1712166,27757184,6848664,34605848,4,4,12,4,49,16,12,20,20,20260807,5,1,1,1,0,0,0,6465,0.269375,1,0.0015,0
1898,18312.6,10,0,2.15354,7.95329,0,0,0,10.1068,361,361,0,1,1.80238,1.80238,1971,388,5,1288,0,0,0,0,0,3655,4587.37,1.0905,23.2045,584359,184,55262,2234,1715218,736,221048,8936,32,4,867412,1712166,27757184,6848664,34605848,4,4,12,4,49,16,12,20,20,20260807,5,1,1,1,0,0,0,6465,0.269375,1,0.0015,0
1899,18319.7,7,0,2.27475,4.66579,0,0,0,6.94054,361,361,0,1,1.80238,1.80238,1971,388,5,1288,0,0,0,0,0,3655,4587.37,1.0905,23.2045,584359,184,55262,2234,1715218,736,221048,8936,32,4,867412,1712166,27757184,6848664,34605848,4,4,12,4,49,16,12,20,20,20260807,5,1,1,1,0,0,0,6465,0.269375,1,0.0015,0
1900,18330.1,11,0,2.29787,8.02088,0,0,0,10.3187,361,361,0,1,1.80238,1.80238,1971,388,5,1288,0,0,0,0,0,3655,4587.37,1.0905,23.2045,584359,184,55262,2234,1715218,736,221048,8936,32,4,867412,1712166,27757184,6848664,34605848,4,4,12,4,49,16,12,20,20,20260807,5,1,1,1,0,0,0,6465,0.269375,1,0.0015,0
1901,18345.6,15,0,2.25533,13.215,0,0,0,15.4704,361,361,0,1,1.80238,1.80238,1971,388,5,1288,0,0,0,0,0,3655,4587.37,1.0905,23.2045,584359,184,55262,2234,1715218,736,221048,8936,32,4,867412,1712166,27757184,6848664,34605848,4,4,12,4,49,16,12,20,20,20260807,5,1,1,1,0,0,0,6465,0.269375,1,0.0015,0
1902,18352.2,7,0,2.3985,4.10933,0,0,0,6.50783,361,361,0,1,1.80238,1.80238,1971,388,5,1288,0,0,0,0,0,3655,4587.37,1.0905,23.2045,584359,184,55262,2234,1715218,736,221048,8936,32,4,867412,1712166,27757184,6848664,34605848,4,4,12,4,49,16,12,20,20,20260807,5,1,1,1,0,0,0,6466,0.269417,1,0.0015,1
1903,18362.3,10,0,2.37267,7.57271,0,0,0,9.94538,361,361,0,1,1.80238,1.80238,1971,388,5,1288,0,0,0,0,0,3655,4587.37,1.0905,23.2045,584359,184,55262,2234,1715218,736,221048,8936,32,4,867412,1712166,27757184,6848664,34605848,4,4,12,4,49,16,12,20,20,20260807,5,1,1,1,0,0,0,6466,0.269417,1,0.0015,0
1904,18369,7,0,2.29771,4.36529,0,0,0,6.663,361,361,0,1,1.80238,1.80238,1971,388,5,1288,0,0,0,0,0,3655,4587.37,1.0905,23.2045,584359,184,55262,2234,1715218,736,221048,8936,32,4,867412,1712166,27757184,6848664,34605848,4,4,12,4,49,16,12,20,20,20260807,5,1,1,1,0,0,0,6466,0.269417,1,0.0015,0
1905,18379.2,10,0,2.341,7.77112,0,0,0,10.1121,361,361,0,1,1.80238,1.80238,1971,388,5,1288,0,0,0,0,0,3655,4587.37,1.0905,23.2045,584359,184,55262,2234,1715218,736,221048,8936,32,4,867412,1712166,27757184,6848664,34605848,4,4,12,4,49,16,12,20,20,20260807,5,1,1,1,0,0,0,6466,0.269417,1,0.0015,0
1906,18395.9,17,0,2.39312,14.2355,0,0,0,16.6287,361,361,0,1,1.80238,1.80238,1971,388,5,1288,0,0,0,0,0,3655,4587.37,1.0905,23.2045,584359,184,55262,2234,1715218,736,221048,8936,32,4,867412,1712166,27757184,6848664,34605848,4,4,12,4,49,16,12,20,20,20260807,5,1,1,1,0,0,0,6466,0.269417,1,0.0015,0
1907,18412.5,16,0,2.35867,14.1046,0,0,0,16.4633,361,361,0,1,1.80238,1.80238,1971,388,5,1288,0,0,0,0,0,3655,4587.37,1.0905,23.2045,584359,184,55262,2234,1715218,736,221048,8936,32,4,867412,1712166,27757184,6848664,34605848,4,4,12,4,49,16,12,20,20,20260807,5,1,1,1,0,0,0,6467,0.269458,1,0.0015,1
1908,18428.9,16,0,2.32638,13.9495,0,0,0,16.2759,361,361,0,1,1.80238,1.80238,1971,388,5,1288,0,0,0,0,0,3655,4587.37,1.0905,23.2045,584359,184,55262,2234,1715218,736,221048,8936,32,4,867412,1712166,27757184,6848664,34605848,4,4,12,4,49,16,12,20,20,20260807,5,1,1,1,0,0,0,6467,0.269458,1,0.0015,0
1909,18436.1,8,0,2.4805,4.62417,0,0,0,7.10467,361,361,0,1,1.80238,1.80238,1971,388,5,1288,0,0,0,0,0,3655,4587.37,1.0905,23.2045,584359,184,55262,2234,1715218,736,221048,8936,32,4,867412,1712166,27757184,6848664,34605848,4,4,12,4,49,16,12,20,20,20260807,5,1,1,1,0,0,0,6467,0.269458,1,0.0015,0
1910,18449.2,13,0,2.32012,10.7795,0,0,0,13.0996,361,361,0,1,1.80238,1.80238,1971,388,5,1288,0,0,0,0,0,3655,4587.37,1.0905,23.2045,584359,184,55262,2234,1715218,736,221048,8936,32,4,867412,1712166,27757184,6848664,34605848,4,4,12,4,49,16,12,20,20,20260807,5,1,1,1,0,0,0,6468,0.2695,1,0.0015,1
1911,18455.5,6,0,2.44112,3.77375,0,0,0,6.21488,361,361,0,1,1.80238,1.80238,1971,388,5,1288,0,0,0,0,0,3655,4587.37,1.0905,23.2045,584359,184,55262,2234,1715218,736,221048,8936,32,4,867412,1712166,27757184,6848664,34605848,4,4,12,4,49,16,12,20,20,20260807,5,1,1,1,0,0,0,6468,0.2695,1,0.0015,0
1912,18461.8,6,0,2.212,3.92362,0,0,0,6.13563,361,361,0,1,1.80238,1.80238,1971,388,5,1288,0,0,0,0,0,3655,4587.37,1.0905,23.2045,584359,184,55262,2234,1715218,736,221048,8936,32,4,867412,1712166,27757184,6848664,34605848,4,4,12,4,49,16,12,20,20,20260807,5,1,1,1,0,0,0,6468,0.2695,1,0.0015,0
1913,18468.5,6,0,2.32279,4.35104,0,0,0,6.67383,361,361,0,1,1.80238,1.80238,1971,388,5,1288,0,0,0,0,0,3655,4587.37,1.0905,23.2045,584359,184,55262,2234,1715218,736,221048,8936,32,4,867412,1712166,27757184,6848664,34605848,4,4,12,4,49,16,12,20,20,20260807,5,1,1,1,0,0,0,6468,0.2695,1,0.0015,0
1914,18481.1,13,0,2.14312,10.3558,0,0,0,12.4989,361,361,0,1,1.80238,1.80238,1971,388,5,1288,0,0,0,0,0,3655,4587.37,1.0905,23.2045,584359,184,55262,2234,1715218,736,221048,8936,32,4,867412,1712166,27757184,6848664,34605848,4,4,12,4,49,16,12,20,20,20260807,5,1,1,1,0,0,0,6468,0.2695,1,0.0015,0
1915,18495.6,14,0,2.26858,12.1405,0,0,0,14.4091,361,361,0,1,1.80238,1.80238,1971,388,5,1288,0,0,0,0,0,3655,4587.37,1.0905,23.2045,584359,184,55262,2234,1715218,736,221048,8936,32,4,867412,1712166,27757184,6848664,34605848,4,4,12,4,49,16,12,20,20,20260807,5,1,1,1,0,0,0,6468,0.2695,1,0.0015,0
1916,18502.7,7,0,2.46908,4.59938,0,0,0,7.06846,361,361,0,1,1.80238,1.80238,1971,388,5,1288,0,0,0,0,0,3655,4587.37,1.0905,23.2045,584359,184,55262,2234,1715218,736,221048,8936,32,4,867412,1712166,27757184,6848664,34605848,4,4,12,4,49,16,12,20,20,20260807,5,1,1,1,0,0,0,6469,0.269542,1,0.0015,1
1917,18512.5,10,0,2.28192,7.39175,0,0,0,9.67367,361,361,0,1,1.80238,1.80238,1971,388,5,1288,0,0,0,0,0,3655,4587.37,1.0905,23.2045,584359,184,55262,2234,1715218,736,221048,8936,32,4,867412,1712166,27757184,6848664,34605848,4,4,12,4,49,16,12,20,20,20260807,5,1,1,1,0,0,0,6469,0.269542,1,0.0015,0
1918,18519.5,8,0,2.4195,4.41783,0,0,0,6.83733,361,361,0,1,1.80238,1.80238,1971,388,5,1288,0,0,0,0,0,3655,4587.37,1.0905,23.2045,584359,184,55262,2234,1715218,736,221048,8936,32,4,867412,1712166,27757184,6848664,34605848,4,4,12,4,49,16,12,20,20,20260807,5,1,1,1,0,0,0,6469,0.269542,1,0.0015,0
1919,18531.3,12,0,2.32379,9.43196,0,0,0,11.7558,361,361,0,1,1.80238,1.80238,1971,388,5,1288,0,0,0,0,0,3655,4587.37,1.0905,23.2045,584359,184,55262,2234,1715218,736,221048,8936,32,4,867412,1712166,27757184,6848664,34605848,4,4,12,4,49,16,12,20,20,20260807,5,1,1,1,0,0,0,6469,0.269542,1,0.0015,0
1920,18548.6,17,0,2.42204,14.7628,0,0,0,17.1848,361,361,0,1,1.80238,1.80238,1971,388,5,1288,0,0,0,0,0,3655,4587.37,1.0905,23.2045,584359,184,55262,2234,1715218,736,221048,8936,32,4,867412,1712166,27757184,6848664,34605848,4,4,12,4,49,16,12,20,20,20260807,5,1,1,1,0,0,0,6469,0.269542,1,0.0015,0
1921,18564.8,16,0,3.53967,12.6351,0,0,0,16.1748,361,361,0,1,1.80238,1.80238,1971,388,5,1288,0,0,0,0,0,3655,4587.37,1.0905,23.2045,584359,184,55262,2234,1715218,736,221048,8936,32,4,867412,1712166,27757184,6848664,34605848,4,4,12,4,49,16,12,20,20,20260807,5,1,1,1,0,0,0,6470,0.269583,1,0.0015,1
1922,18581.4,17,0,2.29046,14.2214,0,0,0,16.5118,361,361,0,1,1.80238,1.80238,1971,388,5,1288,0,0,0,0,0,3655,4587.37,1.0905,23.2045,584359,184,55262,2234,1715218,736,221048,8936,32,4,867412,1712166,27757184,6848664,34605848,4,4,12,4,49,16,12,20,20,20260807,5,1,1,1,0,0,0,6470,0.269583,1,0.0015,0
1923,18588.1,7,0,2.48992,4.06192,0,0,0,6.55183,361,361,0,1,1.80238,1.80238,1971,388,5,1288,0,0,0,0,0,3655,4587.37,1.0905,23.2045,584359,184,55262,2234,1715218,736,221048,8936,32,4,867412,1712166,27757184,6848664,34605848,4,4,12,4,49,16,12,20,20,20260807,5,1,1,1,0,0,0,6470,0.269583,1,0.0015,0
1924,18596.4,8,0,2.50767,5.80592,0,0,0,8.31358,361,361,0,1,1.80238,1.80238,1971,388,5,1288,0,0,0,0,0,3655,4587.37,1.0905,23.2045,584359,184,55262,2234,1715218,736,221048,8936,32,4,867412,1712166,27757184,6848664,34605848,4,4,12,4,49,16,12,20,20,20260807,5,1,1,1,0,0,0,6471,0.269625,1,0.0015,1
1925,18603.5,7,0,2.40608,4.6105,0,0,0,7.01658,361,361,0,1,1.80238,1.80238,1971,388,5,1288,0,0,0,0,0,3655,4587.37,1.0905,23.2045,584359,184,55262,2234,1715218,736,221048,8936,32,4,867412,1712166,27757184,6848664,34605848,4,4,12,4,49,16,12,20,20,20260807,5,1,1,1,0,0,0,6471,0.269625,1,0.0015,0
1926,18612,9,0,2.30742,6.07688,0,0,0,8.38429,361,361,0,1,1.80238,1.80238,1971,388,5,1288,0,0,0,0,0,3655,4587.37,1.0905,23.2045,584359,184,55262,2234,1715218,736,221048,8936,32,4,867412,1712166,27757184,6848664,34605848,4,4,12,4,49,16,12,20,20,20260807,5,1,1,1,0,0,0,6471,0.269625,1,0.0015,0
1927,18618.8,6,0,2.35017,4.38404,0,0,0,6.73421,361,361,0,1,1.80238,1.80238,1971,388,5,1288,0,0,0,0,0,3655,4587.37,1.0905,23.2045,584359,184,55262,2234,1715218,736,221048,8936,32,4,867412,1712166,27757184,6848664,34605848,4,4,12,4,49,16,12,20,20,20260807,5,1,1,1,0,0,0,6471,0.269625,1,0.0015,0
1928,18630.4,12,0,2.30925,9.18371,0,0,0,11.493,361,361,0,1,1.80238,1.80238,1971,388,5,1288,0,0,0,0,0,3655,4587.37,1.0905,23.2045,584359,184,55262,2234,1715218,736,221048,8936,32,4,867412,1712166,27757184,6848664,34605848,4,4,12,4,49,16,12,20,20,20260807,5,1,1,1,0,0,0,6471,0.269625,1,0.0015,0
1929,18646.4,16,0,2.43496,13.4286,0,0,0,15.8636,361,361,0,1,1.80238,1.80238,1971,388,5,1288,0,0,0,0,0,3655,4587.37,1.0905,23.2045,584359,184,55262,2234,1715218,736,221048,8936,32,4,867412,1712166,27757184,6848664,34605848,4,4,12,4,49,16,12,20,20,20260807,5,1,1,1,0,0,0,6471,0.269625,1,0.0015,0
1930,18654.4,8,0,2.44804,5.50054,0,0,0,7.94858,361,361,0,1,1.80238,1.80238,1971,388,5,1288,0,0,0,0,0,3655,4587.37,1.0905,23.2045,584359,184,55262,2234,1715218,736,221048,8936,32,4,867412,1712166,27757184,6848664,34605848,4,4,12,4,49,16,12,20,20,20260807,5,1,1,1,0,0,0,6472,0.269667,1,0.0015,1
1931,18662.4,8,0,2.48054,5.42808,0,0,0,7.90862,361,361,0,1,1.80238,1.80238,1971,388,5,1288,0,0,0,0,0,3655,4587.37,1.0905,23.2045,584359,184,55262,2234,1715218,736,221048,8936,32,4,867412,1712166,27757184,6848664,34605848,4,4,12,4,49,16,12,20,20,20260807,5,1,1,1,0,0,0,6472,0.269667,1,0.0015,0
1932,18679.7,17,0,2.33446,14.8867,0,0,0,17.2212,361,361,0,1,1.80238,1.80238,1971,388,5,1288,0,0,0,0,0,3655,4587.37,1.0905,23.2045,584359,184,55262,2234,1715218,736,221048,8936,32,4,867412,1712166,27757184,6848664,34605848,4,4,12,4,49,16,12,20,20,20260807,5,1,1,1,0,0,0,6472,0.269667,1,0.0015,0
1933,18687.1,8,0,2.42342,4.81146,0,0,0,7.23487,361,361,0,1,1.80238,1.80238,1971,388,5,1288,0,0,0,0,0,3655,4587.37,1.0905,23.2045,584359,184,55262,2234,1715218,736,221048,8936,32,4,867412,1712166,27757184,6848664,34605848,4,4,12,4,49,16,12,20,20,20260807,5,1,1,1,0,0,0,6472,0.269667,1,0.0015,0
1934,18696.5,9,0,2.44879,6.95838,0,0,0,9.40717,361,361,0,1,1.80238,1.80238,1971,388,5,1288,0,0,0,0,0,3655,4587.37,1.0905,23.2045,584359,184,55262,2234,1715218,736,221048,8936,32,4,867412,1712166,27757184,6848664,34605848,4,4,12,4,49,16,12,20,20,20260807,5,1,1,1,0,0,0,6473,0.269708,1,0.0015,1
1935,18703.7,7,0,2.50742,4.59604,0,0,0,7.10346,361,361,0,1,1.80238,1.80238,1971,388,5,1288,0,0,0,0,0,3655,4587.37,1.0905,23.2045,584359,184,55262,2234,1715218,736,221048,8936,32,4,867412,1712166,27757184,6848664,34605848,4,4,12,4,49,16,12,20,20,20260807,5,1,1,1,0,0,0,6473,0.269708,1,0.0015,0
1936,18712.5,9,0,2.32125,6.37946,0,0,0,8.70071,361,361,0,1,1.80238,1.80238,1971,388,5,1288,0,0,0,0,0,3655,4587.37,1.0905,23.2045,584359,184,55262,2234,1715218,736,221048,8936,32,4,867412,1712166,27757184,6848664,34605848,4,4,12,4,49,16,12,20,20,20260807,5,1,1,1,0,0,0,6473,0.269708,1,0.0015,0
1937,18729.3,17,0,2.29483,14.3691,0,0,0,16.664,361,361,0,1,1.80238,1.80238,1971,388,5,1288,0,0,0,0,0,3655,4587.37,1.0905,23.2045,584359,184,55262,2234,1715218,736,221048,8936,32,4,867412,1712166,27757184,6848664,34605848,4,4,12,4,49,16,12,20,20,20260807,5,1,1,1,0,0,0,6473,0.269708,1,0.0015,0
1938,18737.6,8,0,2.37237,5.85513,0,0,0,8.2275,361,361,0,1,1.80238,1.80238,1971,388,5,1288,0,0,0,0,0,3655,4587.37,1.0905,23.2045,584359,184,55262,2234,1715218,736,221048,8936,32,4,867412,1712166,27757184,6848664,34605848,4,4,12,4,49,16,12,20,20,20260807,5,1,1,1,0,0,0,6473,0.269708,1,0.0015,0
1939,18745.2,8,0,2.20237,5.29429,0,0,0,7.49667,361,361,0,1,1.80238,1.80238,1971,388,5,1288,0,0,0,0,0,3655,4587.37,1.0905,23.2045,584359,184,55262,2234,1715218,736,221048,8936,32,4,867412,1712166,27757184,6848664,34605848,4,4,12,4,49,16,12,20,20,20260807,5,1,1,1,0,0,0,6474,0.26975,1,0.0015,1
1940,18752.4,7,0,2.53471,4.62367,0,0,0,7.15838,361,361,0,1,1.80238,1.80238,1971,388,5,1288,0,0,0,0,0,3655,4587.37,1.0905,23.2045,584359,184,55262,2234,1715218,736,221048,8936,32,4,867412,1712166,27757184,6848664,34605848,4,4,12,4,49,16,12,20,20,20260807,5,1,1,1,0,0,0,6474,0.26975,1,0.0015,0
1941,18762.4,10,0,2.31208,7.54529,0,0,0,9.85737,361,361,0,1,1.80238,1.80238,1971,388,5,1288,0,0,0,0,0,3655,4587.37,1.0905,23.2045,584359,184,55262,2234,1715218,736,221048,8936,32,4,867412,1712166,27757184,6848664,34605848,4,4,12,4,49,16,12,20,20,20260807,5,1,1,1,0,0,0,6474,0.26975,1,0.0015,0
1942,18770,8,0,2.43063,5.14454,0,0,0,7.57517,361,361,0,1,1.80238,1.80238,1971,388,5,1288,0,0,0,0,0,3655,4587.37,1.0905,23.2045,584359,184,55262,2234,1715218,736,221048,8936,32,4,867412,1712166,27757184,6848664,34605848,4,4,12,4,49,16,12,20,20,20260807,5,1,1,1,0,0,0,6474,0.26975,1,0.0015,0
1943,18780.1,10,0,2.41521,7.61437,0,0,0,10.0296,361,361,0,1,1.80238,1.80238,1971,388,5,1288,0,0,0,0,0,3655,4587.37,1.0905,23.2045,584359,184,55262,2234,1715218,736,221048,8936,32,4,867412,1712166,27757184,6848664,34605848,4,4,12,4,49,16,12,20,20,20260807,5,1,1,1,0,0,0,6474,0.26975,1,0.0015,0
1944,18796.5,16,0,2.43442,13.8403,0,0,0,16.2747,361,361,0,1,1.80238,1.80238,1971,388,5,1288,0,0,0,0,0,3655,4587.37,1.0905,23.2045,584359,184,55262,2234,1715218,736,221048,8936,32,4,867412,1712166,27757184,6848664,34605848,4,4,12,4,49,16,12,20,20,20260807,5,1,1,1,0,0,0,6474,0.26975,1,0.0015,0
1945,18811.9,16,0,2.33021,12.9963,0,0,0,15.3265,361,361,0,1,1.80238,1.80238,1971,388,5,1288,0,0,0,0,0,3655,4587.37,1.0905,23.2045,584359,184,55262,2234,1715218,736,221048,8936,32,4,867412,1712166,27757184,6848664,34605848,4,4,12,4,49,16,12,20,20,20260807,5,1,1,1,0,0,0,6475,0.269792,1,0.0015,1
1946,18819.3,7,0,2.41896,4.82208,0,0,0,7.24104,361,361,0,1,1.80238,1.80238,1971,388,5,1288,0,0,0,0,0,3655,4587.37,1.0905,23.2045,584359,184,55262,2234,1715218,736,221048,8936,32,4,867412,1712166,27757184,6848664,34605848,4,4,12,4,49,16,12,20,20,20260807,5,1,1,1,0,0,0,6475,0.269792,1,0.0015,0
1947,18834.5,15,0,2.345,12.8101,0,0,0,15.1551,361,361,0,1,1.80238,1.80238,1971,388,5,1288,0,0,0,0,0,3655,4587.37,1.0905,23.2045,584359,184,55262,2234,1715218,736,221048,8936,32,4,867412,1712166,27757184,6848664,34605848,4,4,12,4,49,16,12,20,20,20260807,5,1,1,1,0,0,0,6475,0.269792,1,0.0015,0
1948,18851.7,17,0,2.27813,14.8632,0,0,0,17.1413,361,361,0,1,1.80238,1.80238,1971,388,5,1288,0,0,0,0,0,3655,4587.37,1.0905,23.2045,584359,184,55262,2234,1715218,736,221048,8936,32,4,867412,1712166,27757184,6848664,34605848,4,4,12,4,49,16,12,20,20,20260807,5,1,1,1,0,0,0,6476,0.269833,1,0.0015,1
1949,18858.6,7,0,2.47708,4.32271,0,0,0,6.79979,361,361,0,1,1.80238,1.80238,1971,388,5,1288,0,0,0,0,0,3655,4587.37,1.0905,23.2045,584359,184,55262,2234,1715218,736,221048,8936,32,4,867412,1712166,27757184,6848664,34605848,4,4,12,4,49,16,12,20,20,20260807,5,1,1,1,0,0,0,6476,0.269833,1,0.0015,0
1950,18867,9,0,2.42308,5.92629,0,0,0,8.34938,361,361,0,1,1.80238,1.80238,1971,388,5,1288,0,0,0,0,0,3655,4587.37,1.0905,23.2045,584359,184,55262,2234,1715218,736,221048,8936,32,4,867412,1712166,27757184,6848664,34605848,4,4,12,4,49,16,12,20,20,20260807,5,1,1,1,0,0,0,6476,0.269833,1,0.0015,0
1951,18879.1,12,0,2.47375,9.52646,0,0,0,12.0002,361,361,0,1,1.80238,1.80238,1971,388,5,1288,0,0,0,0,0,3655,4587.37,1.0905,23.2045,584359,184,55262,2234,1715218,736,221048,8936,32,4,867412,1712166,27757184,6848664,34605848,4,4,12,4,49,16,12,20,20,20260807,5,1,1,1,0,0,0,6476,0.269833,1,0.0015,0
1952,18885.6,6,0,2.32213,4.06029,0,0,0,6.38242,361,361,0,1,1.80238,1.80238,1971,388,5,1288,0,0,0,0,0,3655,4587.37,1.0905,23.2045,584359,184,55262,2234,1715218,736,221048,8936,32,4,867412,1712166,27757184,6848664,34605848,4,4,12,4,49,16,12,20,20,20260807,5,1,1,1,0,0,0,6476,0.269833,1,0.0015,0
1953,18896,11,0,2.46471,7.80975,0,0,0,10.2745,361,361,0,1,1.80238,1.80238,1971,388,5,1288,0,0,0,0,0,3655,4587.37,1.0905,23.2045,584359,184,55262,2234,1715218,736,221048,8936,32,4,867412,1712166,27757184,6848664,34605848,4,4,12,4,49,16,12,20,20,20260807,5,1,1,1,0,0,0,6477,0.269875,1,0.0015,1
1954,18912.9,16,0,2.45467,14.3796,0,0,0,16.8343,361,361,0,1,1.80238,1.80238,1971,388,5,1288,0,0,0,0,0,3655,4587.37,1.0905,23.2045,584359,184,55262,2234,1715218,736,221048,8936,32,4,867412,1712166,27757184,6848664,34605848,4,4,12,4,49,16,12,20,20,20260807,5,1,1,1,0,0,0,6477,0.269875,1,0.0015,0
1955,18931.6,19,0,2.40883,16.2336,0,0,0,18.6425,361,361,0,1,1.80238,1.80238,1971,388,5,1288,0,0,0,0,0,3655,4587.37,1.0905,23.2045,584359,184,55262,2234,1715218,736,221048,8936,32,4,867412,1712166,27757184,6848664,34605848,4,4,12,4,49,16,12,20,20,20260807,5,1,1,1,0,0,0,6477,0.269875,1,0.0015,0
1956,18945.7,14,0,2.90475,11.0614,0,0,0,13.9662,361,361,0,1,1.80238,1.80238,1971,388,5,1288,0,0,0,0,0,3655,4587.37,1.0905,23.2045,584359,184,55262,2234,1715218,736,221048,8936,32,4,867412,1712166,27757184,6848664,34605848,4,4,12,4,49,16,12,20,20,20260807,5,1,1,1,0,0,0,6477,0.269875,1,0.0015,0
1957,18952.3,7,0,2.37838,4.18208,0,0,0,6.56046,361,361,0,1,1.80238,1.80238,1971,388,5,1288,0,0,0,0,0,3655,4587.37,1.0905,23.2045,584359,184,55262,2234,1715218,736,221048,8936,32,4,867412,1712166,27757184,6848664,34605848,4,4,12,4,49,16,12,20,20,20260807,5,1,1,1,0,0,0,6478,0.269917,1,0.0015,1
1958,18962.6,10,0,2.19008,8.02783,0,0,0,10.2179,361,361,0,1,1.80238,1.80238,1971,388,5,1288,0,0,0,0,0,3655,4587.37,1.0905,23.2045,584359,184,55262,2234,1715218,736,221048,8936,32,4,867412,1712166,27757184,6848664,34605848,4,4,12,4,49,16,12,20,20,20260807,5,1,1,1,0,0,0,6478,0.269917,1,0.0015,0
1959,18969.5,7,0,2.21963,4.56846,0,0,0,6.78808,361,361,0,1,1.80238,1.80238,1971,388,5,1288,0,0,0,0,0,3655,4587.37,1.0905,23.2045,584359,184,55262,2234,1715218,736,221048,8936,32,4,867412,1712166,27757184,6848664,34605848,4,4,12,4,49,16,12,20,20,20260807,5,1,1,1,0,0,0,6478,0.269917,1,0.0015,0
1960,18982.3,13,0,2.31146,10.3816,0,0,0,12.6931,361,361,0,1,1.80238,1.80238,1971,388,5,1288,0,0,0,0,0,3655,4587.37,1.0905,23.2045,584359,184,55262,2234,1715218,736,221048,8936,32,4,867412,1712166,27757184,6848664,34605848,4,4,12,4,49,16,12,20,20,20260807,5,1,1,1,0,0,0,6478,0.269917,1,0.0015,0
1961,18995.2,13,0,3.38621,9.44158,0,0,0,12.8278,361,361,0,1,1.80238,1.80238,1971,388,5,1288,0,0,0,0,0,3655,4587.37,1.0905,23.2045,584359,184,55262,2234,1715218,736,221048,8936,32,4,867412,1712166,27757184,6848664,34605848,4,4,12,4,49,16,12,20,20,20260807,5,1,1,1,0,0,0,6479,0.269958,1,0.0015,1
1962,19002,7,0,2.45025,4.26129,0,0,0,6.71154,361,361,0,1,1.80238,1.80238,1971,388,5,1288,0,0,0,0,0,3655,4587.37,1.0905,23.2045,584359,184,55262,2234,1715218,736,221048,8936,32,4,867412,1712166,27757184,6848664,34605848,4,4,12,4,49,16,12,20,20,20260807,5,1,1,1,0,0,0,6479,0.269958,1,0.0015,0
1963,19012.4,10,0,2.35804,7.97975,0,0,0,10.3378,361,361,0,1,1.80238,1.80238,1971,388,5,1288,0,0,0,0,0,3655,4587.37,1.0905,23.2045,584359,184,55262,2234,1715218,736,221048,8936,32,4,867412,1712166,27757184,6848664,34605848,4,4,12,4,49,16,12,20,20,20260807,5,1,1,1,0,0,0,6479,0.269958,1,0.0015,0
1964,19019.9,8,0,2.59437,4.80729,0,0,0,7.40167,361,361,0,1,1.80238,1.80238,1971,388,5,1288,0,0,0,0,0,3655,4587.37,1.0905,23.2045,584359,184,55262,2234,1715218,736,221048,8936,32,4,867412,1712166,27757184,6848664,34605848,4,4,12,4,49,16,12,20,20,20260807,5,1,1,1,0,0,0,6479,0.269958,1,0.0015,0
1965,19033.5,13,0,2.50225,11.0248,0,0,0,13.527,361,361,0,1,1.80238,1.80238,1971,388,5,1288,0,0,0,0,0,3655,4587.37,1.0905,23.2045,584359,184,55262,2234,1715218,736,221048,8936,32,4,867412,1712166,27757184,6848664,34605848,4,4,12,4,49,16,12,20,20,20260807,5,1,1,1,0,0,0,6479,0.269958,1,0.0015,0
1966,19045.2,12,0,2.55375,9.04288,0,0,0,11.5966,361,361,0,1,1.80238,1.80238,1971,388,5,1288,0,0,0,0,0,3655,4587.37,1.0905,23.2045,584359,184,55262,2234,1715218,736,221048,8936,32,4,867412,1712166,27757184,6848664,34605848,4,4,12,4,49,16,12,20,20,20260807,5,1,1,1,0,0,0,6480,0.27,1,0.0015,1
1967,19051.7,6,0,2.34371,4.03583,0,0,0,6.37954,361,361,0,1,1.80238,1.80238,1971,388,5,1288,0,0,0,0,0,3655,4587.37,1.0905,23.2045,584359,184,55262,2234,1715218,736,221048,8936,32,4,867412,1712166,27757184,6848664,34605848,4,4,12,4,49,16,12,20,20,20260807,5,1,1,1,0,0,0,6480,0.27,1,0.0015,0
1968,19062.7,11,0,2.35679,8.48804,0,0,0,10.8448,361,361,0,1,1.80238,1.80238,1971,388,5,1288,0,0,0,0,0,3655,4587.37,1.0905,23.2045,584359,184,55262,2234,1715218,736,221048,8936,32,4,867412,1712166,27757184,6848664,34605848,4,4,12,4,49,16,12,20,20,20260807,5,1,1,1,0,0,0,6480,0.27,1,0.0015,0
1969,19069,7,0,2.39042,3.84512,0,0,0,6.23554,361,361,0,1,1.80238,1.80238,1971,388,5,1288,0,0,0,0,0,3655,4587.37,1.0905,23.2045,584359,184,55262,2234,1715218,736,221048,8936,32,4,867412,1712166,27757184,6848664,34605848,4,4,12,4,49,16,12,20,20,20260807,5,1,1,1,0,0,0,6480,0.27,1,0.0015,0
1970,19079.1,10,0,2.31808,7.75321,0,0,0,10.0713,361,361,0,1,1.80238,1.80238,1971,388,5,1288,0,0,0,0,0,3655,4587.37,1.0905,23.2045,584359,184,55262,2234,1715218,736,221048,8936,32,4,867412,1712166,27757184,6848664,34605848,4,4,12,4,49,16,12,20,20,20260807,5,1,1,1,0,0,0,6480,0.27,1,0.0015,0
1971,19086.2,7,0,2.31246,4.67058,0,0,0,6.98304,361,361,0,1,1.80238,1.80238,1971,388,5,1288,0,0,0,0,0,3655,4587.37,1.0905,23.2045,584359,184,55262,2234,1715218,736,221048,8936,32,4,867412,1712166,27757184,6848664,34605848,4,4,12,4,49,16,12,20,20,20260807,5,1,1,1,0,0,0,6480,0.27,1,0.0015,0
1972,19095.9,9,0,2.34871,7.27667,0,0,0,9.62538,361,361,0,1,1.80238,1.80238,1971,388,5,1288,0,0,0,0,0,3655,4587.37,1.0905,23.2045,584359,184,55262,2234,1715218,736,221048,8936,32,4,867412,1712166,27757184,6848664,34605848,4,4,12,4,49,16,12,20,20,20260807,5,1,1,1,0,0,0,6481,0.270042,1,0.0015,1
1973,19103,8,0,2.36779,4.61313,0,0,0,6.98092,361,361,0,1,1.80238,1.80238,1971,388,5,1288,0,0,0,0,0,3655,4587.37,1.0905,23.2045,584359,184,55262,2234,1715218,736,221048,8936,32,4,867412,1712166,27757184,6848664,34605848,4,4,12,4,49,16,12,20,20,20260807,5,1,1,1,0,0,0,6481,0.270042,1,0.0015,0
1974,19111.6,8,0,2.49267,6.05837,0,0,0,8.55104,361,361,0,1,1.80238,1.80238,1971,388,5,1288,0,0,0,0,0,3655,4587.37,1.0905,23.2045,584359,184,55262,2234,1715218,736,221048,8936,32,4,867412,1712166,27757184,6848664,34605848,4,4,12,4,49,16,12,20,20,20260807,5,1,1,1,0,0,0,6481,0.270042,1,0.0015,0
1975,19119.8,8,0,2.36587,5.67971,0,0,0,8.04558,361,361,0,1,1.80238,1.80238,1971,388,5,1288,0,0,0,0,0,3655,4587.37,1.0905,23.2045,584359,184,55262,2234,1715218,736,221048,8936,32,4,867412,1712166,27757184,6848664,34605848,4,4,12,4,49,16,12,20,20,20260807,5,1,1,1,0,0,0,6481,0.270042,1,0.0015,0
1976,19129.1,10,0,2.22817,7.02088,0,0,0,9.24904,361,361,0,1,1.80238,1.80238,1971,388,5,1288,0,0,0,0,0,3655,4587.37,1.0905,23.2045,584359,184,55262,2234,1715218,736,221048,8936,32,4,867412,1712166,27757184,6848664,34605848,4,4,12,4,49,16,12,20,20,20260807,5,1,1,1,0,0,0,6481,0.270042,1,0.0015,0
1977,19136.5,7,0,2.38217,4.97746,0,0,0,7.35963,361,361,0,1,1.80238,1.80238,1971,388,5,1288,0,0,0,0,0,3655,4587.37,1.0905,23.2045,584359,184,55262,2234,1715218,736,221048,8936,32,4,867412,1712166,27757184,6848664,34605848,4,4,12,4,49,16,12,20,20,20260807,5,1,1,1,0,0,0,6481,0.270042,1,0.0015,0
1978,19146.1,10,0,2.25892,7.16817,0,0,0,9.42708,361,361,0,1,1.80238,1.80238,1971,388,5,1288,0,0,0,0,0,3655,4587.37,1.0905,23.2045,584359,184,55262,2234,1715218,736,221048,8936,32,4,867412,1712166,27757184,6848664,34605848,4,4,12,4,49,16,12,20,20,20260807,5,1,1,1,0,0,0,6482,0.270083,1,0.0015,1
1979,19153.7,7,0,2.44433,5.0865,0,0,0,7.53083,361,361,0,1,1.80238,1.80238,1971,388,5,1288,0,0,0,0,0,3655,4587.37,1.0905,23.2045,584359,184,55262,2234,1715218,736,221048,8936,32,4,867412,1712166,27757184,6848664,34605848,4,4,12,4,49,16,12,20,20,20260807,5,1,1,1,0,0,0,6482,0.270083,1,0.0015,0
1980,19169.3,16,0,2.28412,13.272,0,0,0,15.5561,361,361,0,1,1.80238,1.80238,1971,388,5,1288,0,0,0,0,0,3655,4587.37,1.0905,23.2045,584359,184,55262,2234,1715218,736,221048,8936,32,4,867412,1712166,27757184,6848664,34605848,4,4,12,4,49,16,12,20,20,20260807,5,1,1,1,0,0,0,6482,0.270083,1,0.0015,0
1981,19177.1,8,0,2.71183,4.97954,0,0,0,7.69137,361,361,0,1,1.80238,1.80238,1971,388,5,1288,0,0,0,0,0,3655,4587.37,1.0905,23.2045,584359,184,55262,2234,1715218,736,221048,8936,32,4,867412,1712166,27757184,6848664,34605848,4,4,12,4,49,16,12,20,20,20260807,5,1,1,1,0,0,0,6482,0.270083,1,0.0015,0
1982,19183.7,6,0,2.73404,3.82633,0,0,0,6.56037,361,361,0,1,1.80238,1.80238,1971,388,5,1288,0,0,0,0,0,3655,4587.37,1.0905,23.2045,584359,184,55262,2234,1715218,736,221048,8936,32,4,867412,1712166,27757184,6848664,34605848,4,4,12,4,49,16,12,20,20,20260807,5,1,1,1,0,0,0,6482,0.270083,1,0.0015,0
1983,19195.3,12,0,2.56258,8.89329,0,0,0,11.4559,361,361,0,1,1.80238,1.80238,1971,388,5,1288,0,0,0,0,0,3655,4587.37,1.0905,23.2045,584359,184,55262,2234,1715218,736,221048,8936,32,4,867412,1712166,27757184,6848664,34605848,4,4,12,4,49,16,12,20,20,20260807,5,1,1,1,0,0,0,6483,0.270125,1,0.0015,1
1984,19201.8,6,0,2.397,3.99025,0,0,0,6.38725,361,361,0,1,1.80238,1.80238,1971,388,5,1288,0,0,0,0,0,3655,4587.37,1.0905,23.2045,584359,184,55262,2234,1715218,736,221048,8936,32,4,867412,1712166,27757184,6848664,34605848,4,4,12,4,49,16,12,20,20,20260807,5,1,1,1,0,0,0,6483,0.270125,1,0.0015,0
1985,19211.6,10,0,2.31546,7.41875,0,0,0,9.73421,361,361,0,1,1.80238,1.80238,1971,388,5,1288,0,0,0,0,0,3655,4587.37,1.0905,23.2045,584359,184,55262,2234,1715218,736,221048,8936,32,4,867412,1712166,27757184,6848664,34605848,4,4,12,4,49,16,12,20,20,20260807,5,1,1,1,0,0,0,6483,0.270125,1,0.0015,0
1986,19217.9,7,0,2.38971,3.84842,0,0,0,6.23813,361,361,0,1,1.80238,1.80238,1971,388,5,1288,0,0,0,0,0,3655,4587.37,1.0905,23.2045,584359,184,55262,2234,1715218,736,221048,8936,32,4,867412,1712166,27757184,6848664,34605848,4,4,12,4,49,16,12,20,20,20260807,5,1,1,1,0,0,0,6483,0.270125,1,0.0015,0
1987,19228.7,10,0,2.36467,8.34475,0,0,0,10.7094,361,361,0,1,1.80238,1.80238,1971,388,5,1288,0,0,0,0,0,3655,4587.37,1.0905,23.2045,584359,184,55262,2234,1715218,736,221048,8936,32,4,867412,1712166,27757184,6848664,34605848,4,4,12,4,49,16,12,20,20,20260807,5,1,1,1,0,0,0,6483,0.270125,1,0.0015,0
1988,19235.8,7,0,2.32479,4.66292,0,0,0,6.98771,361,361,0,1,1.80238,1.80238,1971,388,5,1288,0,0,0,0,0,3655,4587.37,1.0905,23.2045,584359,184,55262,2234,1715218,736,221048,8936,32,4,867412,1712166,27757184,6848664,34605848,4,4,12,4,49,16,12,20,20,20260807,5,1,1,1,0,0,0,6483,0.270125,1,0.0015,0
1989,19245.3,10,0,2.35887,7.06421,0,0,0,9.42308,361,361,0,1,1.80238,1.80238,1971,388,5,1288,0,0,0,0,0,3655,4587.37,1.0905,23.2045,584359,184,55262,2234,1715218,736,221048,8936,32,4,867412,1712166,27757184,6848664,34605848,4,4,12,4,49,16,12,20,20,20260807,5,1,1,1,0,0,0,6484,0.270167,1,0.0015,1
1990,19257,12,0,2.3615,9.18933,0,0,0,11.5508,361,361,0,1,1.80238,1.80238,1971,388,5,1288,0,0,0,0,0,3655,4587.37,1.0905,23.2045,584359,184,55262,2234,1715218,736,221048,8936,32,4,867412,1712166,27757184,6848664,34605848,4,4,12,4,49,16,12,20,20,20260807,5,1,1,1,0,0,0,6484,0.270167,1,0.0015,0
1991,19263.5,6,0,2.41008,4.08242,0,0,0,6.4925,361,361,0,1,1.80238,1.80238,1971,388,5,1288,0,0,0,0,0,3655,4587.37,1.0905,23.2045,584359,184,55262,2234,1715218,736,221048,8936,32,4,867412,1712166,27757184,6848664,34605848,4,4,12,4,49,16,12,20,20,20260807,5,1,1,1,0,0,0,6484,0.270167,1,0.0015,0
1992,19273.5,10,0,2.32633,7.54713,0,0,0,9.87346,361,361,0,1,1.80238,1.80238,1971,388,5,1288,0,0,0,0,0,3655,4587.37,1.0905,23.2045,584359,184,55262,2234,1715218,736,221048,8936,32,4,867412,1712166,27757184,6848664,34605848,4,4,12,4,49,16,12,20,20,20260807,5,1,1,1,0,0,0,6484,0.270167,1,0.0015,0
1993,19280.1,7,0,2.40496,4.08375,0,0,0,6.48871,361,361,0,1,1.80238,1.80238,1971,388,5,1288,0,0,0,0,0,3655,4587.37,1.0905,23.2045,584359,184,55262,2234,1715218,736,221048,8936,32,4,867412,1712166,27757184,6848664,34605848,4,4,12,4,49,16,12,20,20,20260807,5,1,1,1,0,0,0,6484,0.270167,1,0.0015,0
1994,19286.8,6,0,2.27479,4.33967,0,0,0,6.61446,361,361,0,1,1.80238,1.80238,1971,388,5,1288,0,0,0,0,0,3655,4587.37,1.0905,23.2045,584359,184,55262,2234,1715218,736,221048,8936,32,4,867412,1712166,27757184,6848664,34605848,4,4,12,4,49,16,12,20,20,20260807,5,1,1,1,0,0,0,6484,0.270167,1,0.0015,0
1995,19296.7,10,0,2.34729,7.52937,0,0,0,9.87667,361,361,0,1,1.80238,1.80238,1971,388,5,1288,0,0,0,0,0,3655,4587.37,1.0905,23.2045,584359,184,55262,2234,1715218,736,221048,8936,32,4,867412,1712166,27757184,6848664,34605848,4,4,12,4,49,16,12,20,20,20260807,5,1,1,1,0,0,0,6485,0.270208,1,0.0015,1
1996,19304.4,8,0,3.02704,4.51729,0,0,0,7.54433,361,361,0,1,1.80238,1.80238,1971,388,5,1288,0,0,0,0,0,3655,4587.37,1.0905,23.2045,584359,184,55262,2234,1715218,736,221048,8936,32,4,867412,1712166,27757184,6848664,34605848,4,4,12,4,49,16,12,20,20,20260807,5,1,1,1,0,0,0,6485,0.270208,1,0.0015,0
1997,19311.9,8,0,2.56146,4.91179,0,0,0,7.47325,361,361,0,1,1.80238,1.80238,1971,388,5,1288,0,0,0,0,0,3655,4587.37,1.0905,23.2045,584359,184,55262,2234,1715218,736,221048,8936,32,4,867412,1712166,27757184,6848664,34605848,4,4,12,4,49,16,12,20,20,20260807,5,1,1,1,0,0,0,6485,0.270208,1,0.0015,0
1998,19320.2,8,0,2.6895,5.44637,0,0,0,8.13588,361,361,0,1,1.80238,1.80238,1971,388,5,1288,0,0,0,0,0,3655,4587.37,1.0905,23.2045,584359,184,55262,2234,1715218,736,221048,8936,32,4,867412,1712166,27757184,6848664,34605848,4,4,12,4,49,16,12,20,20,20260807,5,1,1,1,0,0,0,6485,0.270208,1,0.0015,0
1999,19329,9,0,2.25779,6.51387,0,0,0,8.77167,361,361,0,1,1.80238,1.80238,1971,388,5,1288,0,0,0,0,0,3655,4587.37,1.0905,23.2045,584359,184,55262,2234,1715218,736,221048,8936,32,4,867412,1712166,27757184,6848664,34605848,4,4,12,4,49,16,12,20,20,20260807,5,1,1,1,0,0,0,6485,0.270208,1,0.0015,0
2000,19342.1,13,0,2.47892,10.57,0,0,0,13.0489,361,361,0,1,1.80238,1.80238,1971,388,5,1288,0,0,0,0,0,3655,4587.37,1.0905,23.2045,584359,184,55262,2234,1715218,736,221048,8936,32,4,867412,1712166,27757184,6848664,34605848,4,4,12,4,49,16,12,20,20,20260807,5,1,1,1,0,0,0,6485,0.270208,1,0.0015,0
2001,19349.6,7,0,2.86754,4.387,0,0,0,7.25454,361,361,0,1,1.80238,1.80238,1971,388,5,1288,0,0,0,0,0,3655,4587.37,1.0905,23.2045,584359,184,55262,2234,1715218,736,221048,8936,32,4,867412,1712166,27757184,6848664,34605848,4,4,12,4,49,16,12,20,20,20260807,5,1,1,1,0,0,0,6486,0.27025,1,0.0015,1
2002,19366.4,17,0,3.05696,13.6862,0,0,0,16.7432,361,361,0,1,1.80238,1.80238,1971,388,5,1288,0,0,0,0,0,3655,4587.37,1.0905,23.2045,584359,184,55262,2234,1715218,736,221048,8936,32,4,867412,1712166,27757184,6848664,34605848,4,4,12,4,49,16,12,20,20,20260807,5,1,1,1,0,0,0,6486,0.27025,1,0.0015,0
2003,19380.9,14,0,2.47721,11.8932,0,0,0,14.3704,361,361,0,1,1.80238,1.80238,1971,388,5,1288,0,0,0,0,0,3655,4587.37,1.0905,23.2045,584359,184,55262,2234,1715218,736,221048,8936,32,4,867412,1712166,27757184,6848664,34605848,4,4,12,4,49,16,12,20,20,20260807,5,1,1,1,0,0,0,6486,0.27025,1,0.0015,0
2004,19388.1,8,0,2.469,4.70988,0,0,0,7.17887,361,361,0,1,1.80238,1.80238,1971,388,5,1288,0,0,0,0,0,3655,4587.37,1.0905,23.2045,584359,184,55262,2234,1715218,736,221048,8936,32,4,867412,1712166,27757184,6848664,34605848,4,4,12,4,49,16,12,20,20,20260807,5,1,1,1,0,0,0,6486,0.27025,1,0.0015,0
2005,19395.2,7,0,2.29146,4.65204,0,0,0,6.9435,361,361,0,1,1.80238,1.80238,1971,388,5,1288,0,0,0,0,0,3655,4587.37,1.0905,23.2045,584359,184,55262,2234,1715218,736,221048,8936,32,4,867412,1712166,27757184,6848664,34605848,4,4,12,4,49,16,12,20,20,20260807,5,1,1,1,0,0,0,6487,0.270292,1,0.0015,1
2006,19403.8,8,0,2.30892,6.22446,0,0,0,8.53337,361,361,0,1,1.80238,1.80238,1971,388,5,1288,0,0,0,0,0,3655,4587.37,1.0905,23.2045,584359,184,55262,2234,1715218,736,221048,8936,32,4,867412,1712166,27757184,6848664,34605848,4,4,12,4,49,16,12,20,20,20260807,5,1,1,1,0,0,0,6487,0.270292,1,0.0015,0
2007,19413.5,10,0,2.20308,7.47562,0,0,0,9.67871,361,361,0,1,1.80238,1.80238,1971,388,5,1288,0,0,0,0,0,3655,4587.37,1.0905,23.2045,584359,184,55262,2234,1715218,736,221048,8936,32,4,867412,1712166,27757184,6848664,34605848,4,4,12,4,49,16,12,20,20,20260807,5,1,1,1,0,0,0,6487,0.270292,1,0.0015,0
2008,19420.7,7,0,2.41517,4.66387,0,0,0,7.07904,361,361,0,1,1.80238,1.80238,1971,388,5,1288,0,0,0,0,0,3655,4587.37,1.0905,23.2045,584359,184,55262,2234,1715218,736,221048,8936,32,4,867412,1712166,27757184,6848664,34605848,4,4,12,4,49,16,12,20,20,20260807,5,1,1,1,0,0,0,6487,0.270292,1,0.0015,0
2009,19430.4,10,0,2.35221,7.26842,0,0,0,9.62063,361,361,0,1,1.80238,1.80238,1971,388,5,1288,0,0,0,0,0,3655,4587.37,1.0905,23.2045,584359,184,55262,2234,1715218,736,221048,8936,32,4,867412,1712166,27757184,6848664,34605848,4,4,12,4,49,16,12,20,20,20260807,5,1,1,1,0,0,0,6487,0.270292,1,0.0015,0
2010,19437.8,7,0,2.70371,4.55821,0,0,0,7.26192,361,361,0,1,1.80238,1.80238,1971,388,5,1288,0,0,0,0,0,3655,4587.37,1.0905,23.2045,584359,184,55262,2234,1715218,736,221048,8936,32,4,867412,1712166,27757184,6848664,34605848,4,4,12,4,49,16,12,20,20,20260807,5,1,1,1,0,0,0,6487,0.270292,1,0.0015,0
2011,19446.8,9,0,2.35654,6.58208,0,0,0,8.93863,361,361,0,1,1.80238,1.80238,1971,388,5,1288,0,0,0,0,0,3655,4587.37,1.0905,23.2045,584359,184,55262,2234,1715218,736,221048,8936,32,4,867412,1712166,27757184,6848664,34605848,4,4,12,4,49,16,12,20,20,20260807,5,1,1,1,0,0,0,6488,0.270333,1,0.0015,1
2012,19465.8,18,0,2.34771,16.63,0,0,0,18.9777,361,361,0,1,1.80238,1.80238,1971,388,5,1288,0,0,0,0,0,3655,4587.37,1.0905,23.2045,584359,184,55262,2234,1715218,736,221048,8936,32,4,867412,1712166,27757184,6848664,34605848,4,4,12,4,49,16,12,20,20,20260807,5,1,1,1,0,0,0,6488,0.270333,1,0.0015,0
2013,19480.5,15,0,3.48571,11.0953,0,0,0,14.581,361,361,0,1,1.80238,1.80238,1971,388,5,1288,0,0,0,0,0,3655,4587.37,1.0905,23.2045,584359,184,55262,2234,1715218,736,221048,8936,32,4,867412,1712166,27757184,6848664,34605848,4,4,12,4,49,16,12,20,20,20260807,5,1,1,1,0,0,0,6488,0.270333,1,0.0015,0
2014,19496.3,16,0,2.27554,13.4136,0,0,0,15.6892,361,361,0,1,1.80238,1.80238,1971,388,5,1288,0,0,0,0,0,3655,4587.37,1.0905,23.2045,584359,184,55262,2234,1715218,736,221048,8936,32,4,867412,1712166,27757184,6848664,34605848,4,4,12,4,49,16,12,20,20,20260807,5,1,1,1,0,0,0,6488,0.270333,1,0.0015,0
2015,19503.7,7,0,2.31008,4.90825,0,0,0,7.21833,361,361,0,1,1.80238,1.80238,1971,388,5,1288,0,0,0,0,0,3655,4587.37,1.0905,23.2045,584359,184,55262,2234,1715218,736,221048,8936,32,4,867412,1712166,27757184,6848664,34605848,4,4,12,4,49,16,12,20,20,20260807,5,1,1,1,0,0,0,6489,0.270375,1,0.0015,1
2016,19512.7,9,0,4.55996,4.38713,0,0,0,8.94708,361,361,0,1,1.80238,1.80238,1971,388,5,1288,0,0,0,0,0,3655,4587.37,1.0905,23.2045,584359,184,55262,2234,1715218,736,221048,8936,32,4,867412,1712166,27757184,6848664,34605848,4,4,12,4,49,16,12,20,20,20260807,5,1,1,1,0,0,0,6489,0.270375,1,0.0015,0
2017,19520.1,9,0,2.4095,4.84396,0,0,0,7.25346,361,361,0,1,1.80238,1.80238,1971,388,5,1288,0,0,0,0,0,3655,4587.37,1.0905,23.2045,584359,184,55262,2234,1715218,736,221048,8936,32,4,867412,1712166,27757184,6848664,34605848,4,4,12,4,49,16,12,20,20,20260807,5,1,1,1,0,0,0,6489,0.270375,1,0.0015,0
2018,19530.1,10,0,2.40271,7.50213,0,0,0,9.90483,361,361,0,1,1.80238,1.80238,1971,388,5,1288,0,0,0,0,0,3655,4587.37,1.0905,23.2045,584359,184,55262,2234,1715218,736,221048,8936,32,4,867412,1712166,27757184,6848664,34605848,4,4,12,4,49,16,12,20,20,20260807,5,1,1,1,0,0,0,6489,0.270375,1,0.0015,0
2019,19546.5,16,0,2.47487,13.8478,0,0,0,16.3227,361,361,0,1,1.80238,1.80238,1971,388,5,1288,0,0,0,0,0,3655,4587.37,1.0905,23.2045,584359,184,55262,2234,1715218,736,221048,8936,32,4,867412,1712166,27757184,6848664,34605848,4,4,12,4,49,16,12,20,20,20260807,5,1,1,1,0,0,0,6489,0.270375,1,0.0015,0
2020,19553.7,7,0,2.79387,4.37433,0,0,0,7.16821,361,361,0,1,1.80238,1.80238,1971,388,5,1288,0,0,0,0,0,3655,4587.37,1.0905,23.2045,584359,184,55262,2234,1715218,736,221048,8936,32,4,867412,1712166,27757184,6848664,34605848,4,4,12,4,49,16,12,20,20,20260807,5,1,1,1,0,0,0,6490,0.270417,1,0.0015,1
2021,19563.2,10,0,2.35542,7.00525,0,0,0,9.36067,361,361,0,1,1.80238,1.80238,1971,388,5,1288,0,0,0,0,0,3655,4587.37,1.0905,23.2045,584359,184,55262,2234,1715218,736,221048,8936,32,4,867412,1712166,27757184,6848664,34605848,4,4,12,4,49,16,12,20,20,20260807,5,1,1,1,0,0,0,6490,0.270417,1,0.0015,0
2022,19570.5,7,0,2.50137,4.78958,0,0,0,7.29096,361,361,0,1,1.80238,1.80238,1971,388,5,1288,0,0,0,0,0,3655,4587.37,1.0905,23.2045,584359,184,55262,2234,1715218,736,221048,8936,32,4,867412,1712166,27757184,6848664,34605848,4,4,12,4,49,16,12,20,20,20260807,5,1,1,1,0,0,0,6490,0.270417,1,0.0015,0
2023,19579.3,9,0,2.75442,5.958,0,0,0,8.71242,361,361,0,1,1.80238,1.80238,1971,388,5,1288,0,0,0,0,0,3655,4587.37,1.0905,23.2045,584359,184,55262,2234,1715218,736,221048,8936,32,4,867412,1712166,27757184,6848664,34605848,4,4,12,4,49,16,12,20,20,20260807,5,1,1,1,0,0,0,6490,0.270417,1,0.0015,0
2024,19586.7,7,0,2.44621,4.80483,0,0,0,7.25104,361,361,0,1,1.80238,1.80238,1971,388,5,1288,0,0,0,0,0,3655,4587.37,1.0905,23.2045,584359,184,55262,2234,1715218,736,221048,8936,32,4,867412,1712166,27757184,6848664,34605848,4,4,12,4,49,16,12,20,20,20260807,5,1,1,1,0,0,0,6490,0.270417,1,0.0015,0
2025,19596.2,10,0,2.6335,6.80671,0,0,0,9.44021,361,361,0,1,1.80238,1.80238,1971,388,5,1288,0,0,0,0,0,3655,4587.37,1.0905,23.2045,584359,184,55262,2234,1715218,736,221048,8936,32,4,867412,1712166,27757184,6848664,34605848,4,4,12,4,49,16,12,20,20,20260807,5,1,1,1,0,0,0,6491,0.270458,1,0.0015,1
2026,19603.4,7,0,2.31825,4.80575,0,0,0,7.124,361,361,0,1,1.80238,1.80238,1971,388,5,1288,0,0,0,0,0,3655,4587.37,1.0905,23.2045,584359,184,55262,2234,1715218,736,221048,8936,32,4,867412,1712166,27757184,6848664,34605848,4,4,12,4,49,16,12,20,20,20260807,5,1,1,1,0,0,0,6491,0.270458,1,0.0015,0
2027,19613.2,10,0,2.31729,7.3575,0,0,0,9.67479,361,361,0,1,1.80238,1.80238,1971,388,5,1288,0,0,0,0,0,3655,4587.37,1.0905,23.2045,584359,184,55262,2234,1715218,736,221048,8936,32,4,867412,1712166,27757184,6848664,34605848,4,4,12,4,49,16,12,20,20,20260807,5,1,1,1,0,0,0,6491,0.270458,1,0.0015,0
2028,19629.5,16,0,2.60433,13.6949,0,0,0,16.2993,361,361,0,1,1.80238,1.80238,1971,388,5,1288,0,0,0,0,0,3655,4587.37,1.0905,23.2045,584359,184,55262,2234,1715218,736,221048,8936,32,4,867412,1712166,27757184,6848664,34605848,4,4,12,4,49,16,12,20,20,20260807,5,1,1,1,0,0,0,6491,0.270458,1,0.0015,0
2029,19638.4,9,0,2.41125,6.3215,0,0,0,8.73275,361,361,0,1,1.80238,1.80238,1971,388,5,1288,0,0,0,0,0,3655,4587.37,1.0905,23.2045,584359,184,55262,2234,1715218,736,221048,8936,32,4,867412,1712166,27757184,6848664,34605848,4,4,12,4,49,16,12,20,20,20260807,5,1,1,1,0,0,0,6491,0.270458,1,0.0015,0
2030,19646,8,0,2.73808,4.72288,0,0,0,7.46096,361,361,0,1,1.80238,1.80238,1971,388,5,1288,0,0,0,0,0,3655,4587.37,1.0905,23.2045,584359,184,55262,2234,1715218,736,221048,8936,32,4,867412,1712166,27757184,6848664,34605848,4,4,12,4,49,16,12,20,20,20260807,5,1,1,1,0,0,0,6492,0.2705,1,0.0015,1
2031,19653.8,7,0,2.6935,5.02921,0,0,0,7.72271,361,361,0,1,1.80238,1.80238,1971,388,5,1288,0,0,0,0,0,3655,4587.37,1.0905,23.2045,584359,184,55262,2234,1715218,736,221048,8936,32,4,867412,1712166,27757184,6848664,34605848,4,4,12,4,49,16,12,20,20,20260807,5,1,1,1,0,0,0,6492,0.2705,1,0.0015,0
2032,19664.4,11,0,2.77263,7.736,0,0,0,10.5086,361,361,0,1,1.80238,1.80238,1971,388,5,1288,0,0,0,0,0,3655,4587.37,1.0905,23.2045,584359,184,55262,2234,1715218,736,221048,8936,32,4,867412,1712166,27757184,6848664,34605848,4,4,12,4,49,16,12,20,20,20260807,5,1,1,1,0,0,0,6492,0.2705,1,0.0015,0
2033,19673.1,9,0,2.44054,6.21208,0,0,0,8.65263,361,361,0,1,1.80238,1.80238,1971,388,5,1288,0,0,0,0,0,3655,4587.37,1.0905,23.2045,584359,184,55262,2234,1715218,736,221048,8936,32,4,867412,1712166,27757184,6848664,34605848,4,4,12,4,49,16,12,20,20,20260807,5,1,1,1,0,0,0,6492,0.2705,1,0.0015,0
2034,19697.9,25,0,2.41658,22.3232,0,0,0,24.7398,361,361,0,1,1.80238,1.80238,1971,388,5,1288,0,0,0,0,0,3655,4587.37,1.0905,23.2045,584359,184,55262,2234,1715218,736,221048,8936,32,4,867412,1712166,27757184,6848664,34605848,4,4,12,4,49,16,12,20,20,20260807,5,1,1,1,0,0,0,6492,0.2705,1,0.0015,0
2035,19704.7,6,0,2.41213,4.30025,0,0,0,6.71237,361,361,0,1,1.80238,1.80238,1971,388,5,1288,0,0,0,0,0,3655,4587.37,1.0905,23.2045,584359,184,55262,2234,1715218,736,221048,8936,32,4,867412,1712166,27757184,6848664,34605848,4,4,12,4,49,16,12,20,20,20260807,5,1,1,1,0,0,0,6493,0.270542,1,0.0015,1
2036,19712,8,0,2.37571,4.83867,0,0,0,7.21438,361,361,0,1,1.80238,1.80238,1971,388,5,1288,0,0,0,0,0,3655,4587.37,1.0905,23.2045,584359,184,55262,2234,1715218,736,221048,8936,32,4,867412,1712166,27757184,6848664,34605848,4,4,12,4,49,16,12,20,20,20260807,5,1,1,1,0,0,0,6493,0.270542,1,0.0015,0
2037,19719.4,7,0,2.40833,4.84837,0,0,0,7.25671,361,361,0,1,1.80238,1.80238,1971,388,5,1288,0,0,0,0,0,3655,4587.37,1.0905,23.2045,584359,184,55262,2234,1715218,736,221048,8936,32,4,867412,1712166,27757184,6848664,34605848,4,4,12,4,49,16,12,20,20,20260807,5,1,1,1,0,0,0,6493,0.270542,1,0.0015,0
2038,19729.6,10,0,2.32262,7.79471,0,0,0,10.1173,361,361,0,1,1.80238,1.80238,1971,388,5,1288,0,0,0,0,0,3655,4587.37,1.0905,23.2045,584359,184,55262,2234,1715218,736,221048,8936,32,4,867412,1712166,27757184,6848664,34605848,4,4,12,4,49,16,12,20,20,20260807,5,1,1,1,0,0,0,6493,0.270542,1,0.0015,0
2039,19737.7,8,0,2.53733,5.52492,0,0,0,8.06225,361,361,0,1,1.80238,1.80238,1971,388,5,1288,0,0,0,0,0,3655,4587.37,1.0905,23.2045,584359,184,55262,2234,1715218,736,221048,8936,32,4,867412,1712166,27757184,6848664,34605848,4,4,12,4,49,16,12,20,20,20260807,5,1,1,1,0,0,0,6493,0.270542,1,0.0015,0
2040,19747.1,10,0,2.34092,6.92229,0,0,0,9.26321,361,361,0,1,1.80238,1.80238,1971,388,5,1288,0,0,0,0,0,3655,4587.37,1.0905,23.2045,584359,184,55262,2234,1715218,736,221048,8936,32,4,867412,1712166,27757184,6848664,34605848,4,4,12,4,49,16,12,20,20,20260807,5,1,1,1,0,0,0,6494,0.270583,1,0.0015,1
2041,19754.5,7,0,2.29475,5.04404,0,0,0,7.33879,361,361,0,1,1.80238,1.80238,1971,388,5,1288,0,0,0,0,0,3655,4587.37,1.0905,23.2045,584359,184,55262,2234,1715218,736,221048,8936,32,4,867412,1712166,27757184,6848664,34605848,4,4,12,4,49,16,12,20,20,20260807,5,1,1,1,0,0,0,6494,0.270583,1,0.0015,0
2042,19762.8,8,0,2.48633,5.72425,0,0,0,8.21058,361,361,0,1,1.80238,1.80238,1971,388,5,1288,0,0,0,0,0,3655,4587.37,1.0905,23.2045,584359,184,55262,2234,1715218,736,221048,8936,32,4,867412,1712166,27757184,6848664,34605848,4,4,12,4,49,16,12,20,20,20260807,5,1,1,1,0,0,0,6494,0.270583,1,0.0015,0
2043,19770.9,9,0,3.19492,4.83692,0,0,0,8.03183,361,361,0,1,1.80238,1.80238,1971,388,5,1288,0,0,0,0,0,3655,4587.37,1.0905,23.2045,584359,184,55262,2234,1715218,736,221048,8936,32,4,867412,1712166,27757184,6848664,34605848,4,4,12,4,49,16,12,20,20,20260807,5,1,1,1,0,0,0,6494,0.270583,1,0.0015,0
2044,19779.9,9,0,2.38458,6.52925,0,0,0,8.91383,361,361,0,1,1.80238,1.80238,1971,388,5,1288,0,0,0,0,0,3655,4587.37,1.0905,23.2045,584359,184,55262,2234,1715218,736,221048,8936,32,4,867412,1712166,27757184,6848664,34605848,4,4,12,4,49,16,12,20,20,20260807,5,1,1,1,0,0,0,6494,0.270583,1,0.0015,0
2045,19787.1,7,0,2.39025,4.71133,0,0,0,7.10158,361,361,0,1,1.80238,1.80238,1971,388,5,1288,0,0,0,0,0,3655,4587.37,1.0905,23.2045,584359,184,55262,2234,1715218,736,221048,8936,32,4,867412,1712166,27757184,6848664,34605848,4,4,12,4,49,16,12,20,20,20260807,5,1,1,1,0,0,0,6494,0.270583,1,0.0015,0
2046,19796.9,10,0,2.58787,7.13017,0,0,0,9.71804,361,361,0,1,1.80238,1.80238,1971,388,5,1288,0,0,0,0,0,3655,4587.37,1.0905,23.2045,584359,184,55262,2234,1715218,736,221048,8936,32,4,867412,1712166,27757184,6848664,34605848,4,4,12,4,49,16,12,20,20,20260807,5,1,1,1,0,0,0,6495,0.270625,1,0.0015,1
2047,19813.1,16,0,2.35938,13.7202,0,0,0,16.0795,361,361,0,1,1.80238,1.80238,1971,388,5,1288,0,0,0,0,0,3655,4587.37,1.0905,23.2045,584359,184,55262,2234,1715218,736,221048,8936,32,4,867412,1712166,27757184,6848664,34605848,4,4,12,4,49,16,12,20,20,20260807,5,1,1,1,0,0,0,6495,0.270625,1,0.0015,0
2048,19820.4,7,0,2.24371,5.018,0,0,0,7.26171,361,361,0,1,1.80238,1.80238,1971,388,5,1288,0,0,0,0,0,3655,4587.37,1.0905,23.2045,584359,184,55262,2234,1715218,736,221048,8936,32,4,867412,1712166,27757184,6848664,34605848,4,4,12,4,49,16,12,20,20,20260807,5,1,1,1,0,0,0,6495,0.270625,1,0.0015,0
2049,19838.9,19,0,2.32083,4.08425,0,0,0,6.40508,361,361,0,1,1.80238,1.80238,1971,388,5,1288,0,0,0,0,0,3655,4587.37,1.0905,23.2045,584359,184,55262,2234,1715218,736,221048,8936,32,4,867412,1712166,27757184,6848664,34605848,4,4,12,4,49,16,12,20,20,20260807,5,1,1,1,0,0,0,6496,0.270667,1,0.0015,1
2050,19846.1,7,0,2.26942,4.77975,0,0,0,7.04917,361,361,0,1,1.80238,1.80238,1971,388,5,1288,0,0,0,0,0,3655,4587.37,1.0905,23.2045,584359,184,55262,2234,1715218,736,221048,8936,32,4,867412,1712166,27757184,6848664,34605848,4,4,12,4,49,16,12,20,20,20260807,5,1,1,1,0,0,0,6496,0.270667,1,0.0015,0
2051,19852.8,6,0,2.28463,4.38058,0,0,0,6.66521,361,361,0,1,1.80238,1.80238,1971,388,5,1288,0,0,0,0,0,3655,4587.37,1.0905,23.2045,584359,184,55262,2234,1715218,736,221048,8936,32,4,867412,1712166,27757184,6848664,34605848,4,4,12,4,49,16,12,20,20,20260807,5,1,1,1,0,0,0,6496,0.270667,1,0.0015,0
2052,19863.8,11,0,2.34788,8.52475,0,0,0,10.8726,361,361,0,1,1.80238,1.80238,1971,388,5,1288,0,0,0,0,0,3655,4587.37,1.0905,23.2045,584359,184,55262,2234,1715218,736,221048,8936,32,4,867412,1712166,27757184,6848664,34605848,4,4,12,4,49,16,12,20,20,20260807,5,1,1,1,0,0,0,6496,0.270667,1,0.0015,0
2053,19880.1,17,0,2.35267,13.9113,0,0,0,16.264,361,361,0,1,1.80238,1.80238,1971,388,5,1288,0,0,0,0,0,3655,4587.37,1.0905,23.2045,584359,184,55262,2234,1715218,736,221048,8936,32,4,867412,1712166,27757184,6848664,34605848,4,4,12,4,49,16,12,20,20,20260807,5,1,1,1,0,0,0,6496,0.270667,1,0.0015,0
2054,19896.1,16,0,2.32917,13.5594,0,0,0,15.8886,361,361,0,1,1.80238,1.80238,1971,388,5,1288,0,0,0,0,0,3655,4587.37,1.0905,23.2045,584359,184,55262,2234,1715218,736,221048,8936,32,4,867412,1712166,27757184,6848664,34605848,4,4,12,4,49,16,12,20,20,20260807,5,1,1,1,0,0,0,6496,0.270667,1,0.0015,0
2055,19903.4,7,0,2.70704,4.474,0,0,0,7.18104,361,361,0,1,1.80238,1.80238,1971,388,5,1288,0,0,0,0,0,3655,4587.37,1.0905,23.2045,584359,184,55262,2234,1715218,736,221048,8936,32,4,867412,1712166,27757184,6848664,34605848,4,4,12,4,49,16,12,20,20,20260807,5,1,1,1,0,0,0,6497,0.270708,1,0.0015,1
2056,19913.3,10,0,2.28604,7.55825,0,0,0,9.84429,361,361,0,1,1.80238,1.80238,1971,388,5,1288,0,0,0,0,0,3655,4587.37,1.0905,23.2045,584359,184,55262,2234,1715218,736,221048,8936,32,4,867412,1712166,27757184,6848664,34605848,4,4,12,4,49,16,12,20,20,20260807,5,1,1,1,0,0,0,6497,0.270708,1,0.0015,0
2057,19920.4,7,0,2.42142,4.52029,0,0,0,6.94171,361,361,0,1,1.80238,1.80238,1971,388,5,1288,0,0,0,0,0,3655,4587.37,1.0905,23.2045,584359,184,55262,2234,1715218,736,221048,8936,32,4,867412,1712166,27757184,6848664,34605848,4,4,12,4,49,16,12,20,20,20260807,5,1,1,1,0,0,0,6497,0.270708,1,0.0015,0
2058,19930.9,10,0,2.50358,7.89912,0,0,0,10.4027,361,361,0,1,1.80238,1.80238,1971,388,5,1288,0,0,0,0,0,3655,4587.37,1.0905,23.2045,584359,184,55262,2234,1715218,736,221048,8936,32,4,867412,1712166,27757184,6848664,34605848,4,4,12,4,49,16,12,20,20,20260807,5,1,1,1,0,0,0,6497,0.270708,1,0.0015,0
2059,19938.6,8,0,2.54475,5.13513,0,0,0,7.67988,361,361,0,1,1.80238,1.80238,1971,388,5,1288,0,0,0,0,0,3655,4587.37,1.0905,23.2045,584359,184,55262,2234,1715218,736,221048,8936,32,4,867412,1712166,27757184,6848664,34605848,4,4,12,4,49,16,12,20,20,20260807,5,1,1,1,0,0,0,6497,0.270708,1,0.0015,0
2060,19945.4,7,0,2.369,4.28071,0,0,0,6.64971,361,361,0,1,1.80238,1.80238,1971,388,5,1288,0,0,0,0,0,3655,4587.37,1.0905,23.2045,584359,184,55262,2234,1715218,736,221048,8936,32,4,867412,1712166,27757184,6848664,34605848,4,4,12,4,49,16,12,20,20,20260807,5,1,1,1,0,0,0,6498,0.27075,1,0.0015,1
2061,19952.8,7,0,2.6805,4.65988,0,0,0,7.34037,361,361,0,1,1.80238,1.80238,1971,388,5,1288,0,0,0,0,0,3655,4587.37,1.0905,23.2045,584359,184,55262,2234,1715218,736,221048,8936,32,4,867412,1712166,27757184,6848664,34605848,4,4,12,4,49,16,12,20,20,20260807,5,1,1,1,0,0,0,6498,0.27075,1,0.0015,0
2062,19963.8,11,0,2.67058,8.29612,0,0,0,10.9667,361,361,0,1,1.80238,1.80238,1971,388,5,1288,0,0,0,0,0,3655,4587.37,1.0905,23.2045,584359,184,55262,2234,1715218,736,221048,8936,32,4,867412,1712166,27757184,6848664,34605848,4,4,12,4,49,16,12,20,20,20260807,5,1,1,1,0,0,0,6498,0.27075,1,0.0015,0
2063,19971.4,8,0,2.35529,5.14229,0,0,0,7.49758,361,361,0,1,1.80238,1.80238,1971,388,5,1288,0,0,0,0,0,3655,4587.37,1.0905,23.2045,584359,184,55262,2234,1715218,736,221048,8936,32,4,867412,1712166,27757184,6848664,34605848,4,4,12,4,49,16,12,20,20,20260807,5,1,1,1,0,0,0,6498,0.27075,1,0.0015,0
2064,19997,26,0,4.32233,21.1767,0,0,0,25.499,361,361,0,1,1.80238,1.80238,1971,388,5,1288,0,0,0,0,0,3655,4587.37,1.0905,23.2045,584359,184,55262,2234,1715218,736,221048,8936,32,4,867412,1712166,27757184,6848664,34605848,4,4,12,4,49,16,12,20,20,20260807,5,1,1,1,0,0,0,6498,0.27075,1,0.0015,0
2065,20012.8,15,0,2.24354,13.4614,0,0,0,15.7049,361,361,0,1,1.80238,1.80238,1971,388,5,1288,0,0,0,0,0,3655,4587.37,1.0905,23.2045,584359,184,55262,2234,1715218,736,221048,8936,32,4,867412,1712166,27757184,6848664,34605848,4,4,12,4,49,16,12,20,20,20260807,5,1,1,1,0,0,0,6499,0.270792,1,0.0015,1
2066,20020.1,8,0,2.51938,4.69508,0,0,0,7.21446,361,361,0,1,1.80238,1.80238,1971,388,5,1288,0,0,0,0,0,3655,4587.37,1.0905,23.2045,584359,184,55262,2234,1715218,736,221048,8936,32,4,867412,1712166,27757184,6848664,34605848,4,4,12,4,49,16,12,20,20,20260807,5,1,1,1,0,0,0,6499,0.270792,1,0.0015,0
2067,20028.5,8,0,2.45092,5.89546,0,0,0,8.34638,361,361,0,1,1.80238,1.80238,1971,388,5,1288,0,0,0,0,0,3655,4587.37,1.0905,23.2045,584359,184,55262,2234,1715218,736,221048,8936,32,4,867412,1712166,27757184,6848664,34605848,4,4,12,4,49,16,12,20,20,20260807,5,1,1,1,0,0,0,6499,0.270792,1,0.0015,0
2068,20035.8,7,0,2.54071,4.65771,0,0,0,7.19842,361,361,0,1,1.80238,1.80238,1971,388,5,1288,0,0,0,0,0,3655,4587.37,1.0905,23.2045,584359,184,55262,2234,1715218,736,221048,8936,32,4,867412,1712166,27757184,6848664,34605848,4,4,12,4,49,16,12,20,20,20260807,5,1,1,1,0,0,0,6499,0.270792,1,0.0015,0
2069,20046.2,11,0,2.34504,7.98692,0,0,0,10.332,361,361,0,1,1.80238,1.80238,1971,388,5,1288,0,0,0,0,0,3655,4587.37,1.0905,23.2045,584359,184,55262,2234,1715218,736,221048,8936,32,4,867412,1712166,27757184,6848664,34605848,4,4,12,4,49,16,12,20,20,20260807,5,1,1,1,0,0,0,6500,0.270833,1,0.0015,1
2070,20064.2,18,0,2.48396,15.406,0,0,0,17.89,361,361,0,1,1.80238,1.80238,1971,388,5,1288,0,0,0,0,0,3655,4587.37,1.0905,23.2045,584359,184,55262,2234,1715218,736,221048,8936,32,4,867412,1712166,27757184,6848664,34605848,4,4,12,4,49,16,12,20,20,20260807,5,1,1,1,0,0,0,6500,0.270833,1,0.0015,0
2071,20072.6,8,0,2.44379,5.84496,0,0,0,8.28875,361,361,0,1,1.80238,1.80238,1971,388,5,1288,0,0,0,0,0,3655,4587.37,1.0905,23.2045,584359,184,55262,2234,1715218,736,221048,8936,32,4,867412,1712166,27757184,6848664,34605848,4,4,12,4,49,16,12,20,20,20260807,5,1,1,1,0,0,0,6500,0.270833,1,0.0015,0
2072,20080.3,8,0,3.00925,4.5825,0,0,0,7.59175,361,361,0,1,1.80238,1.80238,1971,388,5,1288,0,0,0,0,0,3655,4587.37,1.0905,23.2045,584359,184,55262,2234,1715218,736,221048,8936,32,4,867412,1712166,27757184,6848664,34605848,4,4,12,4,49,16,12,20,20,20260807,5,1,1,1,0,0,0,6500,0.270833,1,0.0015,0
2073,20098.1,18,0,2.32238,15.3347,0,0,0,17.657,361,361,0,1,1.80238,1.80238,1971,388,5,1288,0,0,0,0,0,3655,4587.37,1.0905,23.2045,584359,184,55262,2234,1715218,736,221048,8936,32,4,867412,1712166,27757184,6848664,34605848,4,4,12,4,49,16,12,20,20,20260807,5,1,1,1,0,0,0,6500,0.270833,1,0.0015,0
2074,20112,14,0,2.78471,11.0766,0,0,0,13.8613,361,361,0,1,1.80238,1.80238,1971,388,5,1288,0,0,0,0,0,3655,4587.37,1.0905,23.2045,584359,184,55262,2234,1715218,736,221048,8936,32,4,867412,1712166,27757184,6848664,34605848,4,4,12,4,49,16,12,20,20,20260807,5,1,1,1,0,0,0,6501,0.270875,1,0.0015,1
2075,20118.9,6,0,2.43887,4.31579,0,0,0,6.75467,361,361,0,1,1.80238,1.80238,1971,388,5,1288,0,0,0,0,0,3655,4587.37,1.0905,23.2045,584359,184,55262,2234,1715218,736,221048,8936,32,4,867412,1712166,27757184,6848664,34605848,4,4,12,4,49,16,12,20,20,20260807,5,1,1,1,0,0,0,6501,0.270875,1,0.0015,0
2076,20132.1,14,0,2.47379,10.6874,0,0,0,13.1612,361,361,0,1,1.80238,1.80238,1971,388,5,1288,0,0,0,0,0,3655,4587.37,1.0905,23.2045,584359,184,55262,2234,1715218,736,221048,8936,32,4,867412,1712166,27757184,6848664,34605848,4,4,12,4,49,16,12,20,20,20260807,5,1,1,1,0,0,0,6501,0.270875,1,0.0015,0
2077,20139.8,7,0,2.69663,4.87875,0,0,0,7.57538,361,361,0,1,1.80238,1.80238,1971,388,5,1288,0,0,0,0,0,3655,4587.37,1.0905,23.2045,584359,184,55262,2234,1715218,736,221048,8936,32,4,867412,1712166,27757184,6848664,34605848,4,4,12,4,49,16,12,20,20,20260807,5,1,1,1,0,0,0,6502,0.270917,1,0.0015,1
2078,20146.4,7,0,2.4015,4.12075,0,0,0,6.52225,361,361,0,1,1.80238,1.80238,1971,388,5,1288,0,0,0,0,0,3655,4587.37,1.0905,23.2045,584359,184,55262,2234,1715218,736,221048,8936,32,4,867412,1712166,27757184,6848664,34605848,4,4,12,4,49,16,12,20,20,20260807,5,1,1,1,0,0,0,6502,0.270917,1,0.0015,0
2079,20153.7,7,0,2.3465,4.90313,0,0,0,7.24962,361,361,0,1,1.80238,1.80238,1971,388,5,1288,0,0,0,0,0,3655,4587.37,1.0905,23.2045,584359,184,55262,2234,1715218,736,221048,8936,32,4,867412,1712166,27757184,6848664,34605848,4,4,12,4,49,16,12,20,20,20260807,5,1,1,1,0,0,0,6502,0.270917,1,0.0015,0
2080,20165.6,12,0,2.24629,9.55937,0,0,0,11.8057,361,361,0,1,1.80238,1.80238,1971,388,5,1288,0,0,0,0,0,3655,4587.37,1.0905,23.2045,584359,184,55262,2234,1715218,736,221048,8936,32,4,867412,1712166,27757184,6848664,34605848,4,4,12,4,49,16,12,20,20,20260807,5,1,1,1,0,0,0,6502,0.270917,1,0.0015,0
2081,20180.5,15,0,2.47179,12.3187,0,0,0,14.7905,361,361,0,1,1.80238,1.80238,1971,388,5,1288,0,0,0,0,0,3655,4587.37,1.0905,23.2045,584359,184,55262,2234,1715218,736,221048,8936,32,4,867412,1712166,27757184,6848664,34605848,4,4,12,4,49,16,12,20,20,20260807,5,1,1,1,0,0,0,6502,0.270917,1,0.0015,0
2082,20199.6,19,0,2.50029,16.564,0,0,0,19.0643,361,361,0,1,1.80238,1.80238,1971,388,5,1288,0,0,0,0,0,3655,4587.37,1.0905,23.2045,584359,184,55262,2234,1715218,736,221048,8936,32,4,867412,1712166,27757184,6848664,34605848,4,4,12,4,49,16,12,20,20,20260807,5,1,1,1,0,0,0,6502,0.270917,1,0.0015,0
2083,20212.8,13,0,2.77233,10.2977,0,0,0,13.07,361,361,0,1,1.80238,1.80238,1971,388,5,1288,0,0,0,0,0,3655,4587.37,1.0905,23.2045,584359,184,55262,2234,1715218,736,221048,8936,32,4,867412,1712166,27757184,6848664,34605848,4,4,12,4,49,16,12,20,20,20260807,5,1,1,1,0,0,0,6503,0.270958,1,0.0015,1
2084,20219.3,7,0,2.39042,4.01725,0,0,0,6.40767,361,361,0,1,1.80238,1.80238,1971,388,5,1288,0,0,0,0,0,3655,4587.37,1.0905,23.2045,584359,184,55262,2234,1715218,736,221048,8936,32,4,867412,1712166,27757184,6848664,34605848,4,4,12,4,49,16,12,20,20,20260807,5,1,1,1,0,0,0,6503,0.270958,1,0.0015,0
2085,20229.2,10,0,2.47829,7.34567,0,0,0,9.82396,361,361,0,1,1.80238,1.80238,1971,388,5,1288,0,0,0,0,0,3655,4587.37,1.0905,23.2045,584359,184,55262,2234,1715218,736,221048,8936,32,4,867412,1712166,27757184,6848664,34605848,4,4,12,4,49,16,12,20,20,20260807,5,1,1,1,0,0,0,6503,0.270958,1,0.0015,0
2086,20238.3,9,0,4.08671,4.89129,0,0,0,8.978,361,361,0,1,1.80238,1.80238,1971,388,5,1288,0,0,0,0,0,3655,4587.37,1.0905,23.2045,584359,184,55262,2234,1715218,736,221048,8936,32,4,867412,1712166,27757184,6848664,34605848,4,4,12,4,49,16,12,20,20,20260807,5,1,1,1,0,0,0,6503,0.270958,1,0.0015,0
2087,20245.5,7,0,2.57512,4.56987,0,0,0,7.145,361,361,0,1,1.80238,1.80238,1971,388,5,1288,0,0,0,0,0,3655,4587.37,1.0905,23.2045,584359,184,55262,2234,1715218,736,221048,8936,32,4,867412,1712166,27757184,6848664,34605848,4,4,12,4,49,16,12,20,20,20260807,5,1,1,1,0,0,0,6504,0.271,1,0.0015,1
2088,20252.5,7,0,2.47521,4.41471,0,0,0,6.88992,361,361,0,1,1.80238,1.80238,1971,388,5,1288,0,0,0,0,0,3655,4587.37,1.0905,23.2045,584359,184,55262,2234,1715218,736,221048,8936,32,4,867412,1712166,27757184,6848664,34605848,4,4,12,4,49,16,12,20,20,20260807,5,1,1,1,0,0,0,6504,0.271,1,0.0015,0
2089,20263,11,0,2.36729,8.06987,0,0,0,10.4372,361,361,0,1,1.80238,1.80238,1971,388,5,1288,0,0,0,0,0,3655,4587.37,1.0905,23.2045,584359,184,55262,2234,1715218,736,221048,8936,32,4,867412,1712166,27757184,6848664,34605848,4,4,12,4,49,16,12,20,20,20260807,5,1,1,1,0,0,0,6504,0.271,1,0.0015,0
2090,20279.4,16,0,2.66742,13.604,0,0,0,16.2714,361,361,0,1,1.80238,1.80238,1971,388,5,1288,0,0,0,0,0,3655,4587.37,1.0905,23.2045,584359,184,55262,2234,1715218,736,221048,8936,32,4,867412,1712166,27757184,6848664,34605848,4,4,12,4,49,16,12,20,20,20260807,5,1,1,1,0,0,0,6504,0.271,1,0.0015,0
2091,20288.1,9,0,2.48179,6.13413,0,0,0,8.61592,361,361,0,1,1.80238,1.80238,1971,388,5,1288,0,0,0,0,0,3655,4587.37,1.0905,23.2045,584359,184,55262,2234,1715218,736,221048,8936,32,4,867412,1712166,27757184,6848664,34605848,4,4,12,4,49,16,12,20,20,20260807,5,1,1,1,0,0,0,6504,0.271,1,0.0015,0
2092,20298.4,10,0,2.89421,7.35987,0,0,0,10.2541,361,361,0,1,1.80238,1.80238,1971,388,5,1288,0,0,0,0,0,3655,4587.37,1.0905,23.2045,584359,184,55262,2234,1715218,736,221048,8936,32,4,867412,1712166,27757184,6848664,34605848,4,4,12,4,49,16,12,20,20,20260807,5,1,1,1,0,0,0,6505,0.271042,1,0.0015,1
2093,20306.5,8,0,3.71462,4.24279,0,0,0,7.95742,361,361,0,1,1.80238,1.80238,1971,388,5,1288,0,0,0,0,0,3655,4587.37,1.0905,23.2045,584359,184,55262,2234,1715218,736,221048,8936,32,4,867412,1712166,27757184,6848664,34605848,4,4,12,4,49,16,12,20,20,20260807,5,1,1,1,0,0,0,6505,0.271042,1,0.0015,0
2094,20313.7,7,0,2.55842,4.59225,0,0,0,7.15067,361,361,0,1,1.80238,1.80238,1971,388,5,1288,0,0,0,0,0,3655,4587.37,1.0905,23.2045,584359,184,55262,2234,1715218,736,221048,8936,32,4,867412,1712166,27757184,6848664,34605848,4,4,12,4,49,16,12,20,20,20260807,5,1,1,1,0,0,0,6505,0.271042,1,0.0015,0
2095,20322.1,9,0,2.64371,5.64408,0,0,0,8.28779,361,361,0,1,1.80238,1.80238,1971,388,5,1288,0,0,0,0,0,3655,4587.37,1.0905,23.2045,584359,184,55262,2234,1715218,736,221048,8936,32,4,867412,1712166,27757184,6848664,34605848,4,4,12,4,49,16,12,20,20,20260807,5,1,1,1,0,0,0,6505,0.271042,1,0.0015,0
2096,20331.6,9,0,2.48404,6.92283,0,0,0,9.40687,361,361,0,1,1.80238,1.80238,1971,388,5,1288,0,0,0,0,0,3655,4587.37,1.0905,23.2045,584359,184,55262,2234,1715218,736,221048,8936,32,4,867412,1712166,27757184,6848664,34605848,4,4,12,4,49,16,12,20,20,20260807,5,1,1,1,0,0,0,6505,0.271042,1,0.0015,0
2097,20346.7,15,0,2.63692,12.3658,0,0,0,15.0027,361,361,0,1,1.80238,1.80238,1971,388,5,1288,0,0,0,0,0,3655,4587.37,1.0905,23.2045,584359,184,55262,2234,1715218,736,221048,8936,32,4,867412,1712166,27757184,6848664,34605848,4,4,12,4,49,16,12,20,20,20260807,5,1,1,1,0,0,0,6505,0.271042,1,0.0015,0
2098,20353.9,7,0,2.43008,4.67796,0,0,0,7.10804,361,361,0,1,1.80238,1.80238,1971,388,5,1288,0,0,0,0,0,3655,4587.37,1.0905,23.2045,584359,184,55262,2234,1715218,736,221048,8936,32,4,867412,1712166,27757184,6848664,34605848,4,4,12,4,49,16,12,20,20,20260807,5,1,1,1,0,0,0,6506,0.271083,1,0.0015,1
2099,20362.8,9,0,2.418,6.14508,0,0,0,8.56308,361,361,0,1,1.80238,1.80238,1971,388,5,1288,0,0,0,0,0,3655,4587.37,1.0905,23.2045,584359,184,55262,2234,1715218,736,221048,8936,32,4,867412,1712166,27757184,6848664,34605848,4,4,12,4,49,16,12,20,20,20260807,5,1,1,1,0,0,0,6506,0.271083,1,0.0015,0
2100,20369.8,7,0,2.3955,4.56658,0,0,0,6.96208,361,361,0,1,1.80238,1.80238,1971,388,5,1288,0,0,0,0,0,3655,4587.37,1.0905,23.2045,584359,184,55262,2234,1715218,736,221048,8936,32,4,867412,1712166,27757184,6848664,34605848,4,4,12,4,49,16,12,20,20,20260807,5,1,1,1,0,0,0,6506,0.271083,1,0.0015,0
2101,20379.7,10,0,2.352,7.46004,0,0,0,9.81204,361,361,0,1,1.80238,1.80238,1971,388,5,1288,0,0,0,0,0,3655,4587.37,1.0905,23.2045,584359,184,55262,2234,1715218,736,221048,8936,32,4,867412,1712166,27757184,6848664,34605848,4,4,12,4,49,16,12,20,20,20260807,5,1,1,1,0,0,0,6506,0.271083,1,0.0015,0
2102,20390.5,11,0,2.38079,8.35979,0,0,0,10.7406,361,361,0,1,1.80238,1.80238,1971,388,5,1288,0,0,0,0,0,3655,4587.37,1.0905,23.2045,584359,184,55262,2234,1715218,736,221048,8936,32,4,867412,1712166,27757184,6848664,34605848,4,4,12,4,49,16,12,20,20,20260807,5,1,1,1,0,0,0,6506,0.271083,1,0.0015,0
2103,20397.8,7,0,2.40417,4.7525,0,0,0,7.15667,361,361,0,1,1.80238,1.80238,1971,388,5,1288,0,0,0,0,0,3655,4587.37,1.0905,23.2045,584359,184,55262,2234,1715218,736,221048,8936,32,4,867412,1712166,27757184,6848664,34605848,4,4,12,4,49,16,12,20,20,20260807,5,1,1,1,0,0,0,6507,0.271125,1,0.0015,1
2104,20405.4,8,0,2.39213,5.19487,0,0,0,7.587,361,361,0,1,1.80238,1.80238,1971,388,5,1288,0,0,0,0,0,3655,4587.37,1.0905,23.2045,584359,184,55262,2234,1715218,736,221048,8936,32,4,867412,1712166,27757184,6848664,34605848,4,4,12,4,49,16,12,20,20,20260807,5,1,1,1,0,0,0,6507,0.271125,1,0.0015,0
2105,20412.6,7,0,2.42271,4.61937,0,0,0,7.04208,361,361,0,1,1.80238,1.80238,1971,388,5,1288,0,0,0,0,0,3655,4587.37,1.0905,23.2045,584359,184,55262,2234,1715218,736,221048,8936,32,4,867412,1712166,27757184,6848664,34605848,4,4,12,4,49,16,12,20,20,20260807,5,1,1,1,0,0,0,6507,0.271125,1,0.0015,0
2106,20419.4,7,0,2.44229,4.32654,0,0,0,6.76883,361,361,0,1,1.80238,1.80238,1971,388,5,1288,0,0,0,0,0,3655,4587.37,1.0905,23.2045,584359,184,55262,2234,1715218,736,221048,8936,32,4,867412,1712166,27757184,6848664,34605848,4,4,12,4,49,16,12,20,20,20260807,5,1,1,1,0,0,0,6507,0.271125,1,0.0015,0
2107,20429.3,10,0,2.39854,7.43483,0,0,0,9.83338,361,361,0,1,1.80238,1.80238,1971,388,5,1288,0,0,0,0,0,3655,4587.37,1.0905,23.2045,584359,184,55262,2234,1715218,736,221048,8936,32,4,867412,1712166,27757184,6848664,34605848,4,4,12,4,49,16,12,20,20,20260807,5,1,1,1,0,0,0,6507,0.271125,1,0.0015,0
2108,20436.6,7,0,2.49962,4.61279,0,0,0,7.11242,361,361,0,1,1.80238,1.80238,1971,388,5,1288,0,0,0,0,0,3655,4587.37,1.0905,23.2045,584359,184,55262,2234,1715218,736,221048,8936,32,4,867412,1712166,27757184,6848664,34605848,4,4,12,4,49,16,12,20,20,20260807,5,1,1,1,0,0,0,6507,0.271125,1,0.0015,0
2109,20448.4,12,0,2.40183,9.39937,0,0,0,11.8012,361,361,0,1,1.80238,1.80238,1971,388,5,1288,0,0,0,0,0,3655,4587.37,1.0905,23.2045,584359,184,55262,2234,1715218,736,221048,8936,32,4,867412,1712166,27757184,6848664,34605848,4,4,12,4,49,16,12,20,20,20260807,5,1,1,1,0,0,0,6508,0.271167,1,0.0015,1
2110,20465.2,16,0,2.35604,14.271,0,0,0,16.6271,361,361,0,1,1.80238,1.80238,1971,388,5,1288,0,0,0,0,0,3655,4587.37,1.0905,23.2045,584359,184,55262,2234,1715218,736,221048,8936,32,4,867412,1712166,27757184,6848664,34605848,4,4,12,4,49,16,12,20,20,20260807,5,1,1,1,0,0,0,6508,0.271167,1,0.0015,0
2111,20479.4,14,0,2.78938,11.364,0,0,0,14.1533,361,361,0,1,1.80238,1.80238,1971,388,5,1288,0,0,0,0,0,3655,4587.37,1.0905,23.2045,584359,184,55262,2234,1715218,736,221048,8936,32,4,867412,1712166,27757184,6848664,34605848,4,4,12,4,49,16,12,20,20,20260807,5,1,1,1,0,0,0,6508,0.271167,1,0.0015,0
2112,20486.8,7,0,2.41442,4.90642,0,0,0,7.32083,361,361,0,1,1.80238,1.80238,1971,388,5,1288,0,0,0,0,0,3655,4587.37,1.0905,23.2045,584359,184,55262,2234,1715218,736,221048,8936,32,4,867412,1712166,27757184,6848664,34605848,4,4,12,4,49,16,12,20,20,20260807,5,1,1,1,0,0,0,6508,0.271167,1,0.0015,0
2113,20496.4,10,0,2.61154,6.80425,0,0,0,9.41579,361,361,0,1,1.80238,1.80238,1971,388,5,1288,0,0,0,0,0,3655,4587.37,1.0905,23.2045,584359,184,55262,2234,1715218,736,221048,8936,32,4,867412,1712166,27757184,6848664,34605848,4,4,12,4,49,16,12,20,20,20260807,5,1,1,1,0,0,0,6509,0.271208,1,0.0015,1
2114,20503.8,7,0,2.40612,4.96687,0,0,0,7.373,361,361,0,1,1.80238,1.80238,1971,388,5,1288,0,0,0,0,0,3655,4587.37,1.0905,23.2045,584359,184,55262,2234,1715218,736,221048,8936,32,4,867412,1712166,27757184,6848664,34605848,4,4,12,4,49,16,12,20,20,20260807,5,1,1,1,0,0,0,6509,0.271208,1,0.0015,0
2115,20513.2,10,0,2.37942,6.86463,0,0,0,9.24404,361,361,0,1,1.80238,1.80238,1971,388,5,1288,0,0,0,0,0,3655,4587.37,1.0905,23.2045,584359,184,55262,2234,1715218,736,221048,8936,32,4,867412,1712166,27757184,6848664,34605848,4,4,12,4,49,16,12,20,20,20260807,5,1,1,1,0,0,0,6509,0.271208,1,0.0015,0
2116,20520,8,0,2.39113,4.32913,0,0,0,6.72025,361,361,0,1,1.80238,1.80238,1971,388,5,1288,0,0,0,0,0,3655,4587.37,1.0905,23.2045,584359,184,55262,2234,1715218,736,221048,8936,32,4,867412,1712166,27757184,6848664,34605848,4,4,12,4,49,16,12,20,20,20260807,5,1,1,1,0,0,0,6509,0.271208,1,0.0015,0
2117,20529.8,9,0,2.25433,7.44383,0,0,0,9.69817,361,361,0,1,1.80238,1.80238,1971,388,5,1288,0,0,0,0,0,3655,4587.37,1.0905,23.2045,584359,184,55262,2234,1715218,736,221048,8936,32,4,867412,1712166,27757184,6848664,34605848,4,4,12,4,49,16,12,20,20,20260807,5,1,1,1,0,0,0,6509,0.271208,1,0.0015,0
2118,20551.4,22,0,2.52942,19.0057,0,0,0,21.5351,361,361,0,1,1.80238,1.80238,1971,388,5,1288,0,0,0,0,0,3655,4587.37,1.0905,23.2045,584359,184,55262,2234,1715218,736,221048,8936,32,4,867412,1712166,27757184,6848664,34605848,4,4,12,4,49,16,12,20,20,20260807,5,1,1,1,0,0,0,6509,0.271208,1,0.0015,0
2119,20563.1,12,0,2.37021,9.30417,0,0,0,11.6744,361,361,0,1,1.80238,1.80238,1971,388,5,1288,0,0,0,0,0,3655,4587.37,1.0905,23.2045,584359,184,55262,2234,1715218,736,221048,8936,32,4,867412,1712166,27757184,6848664,34605848,4,4,12,4,49,16,12,20,20,20260807,5,1,1,1,0,0,0,6510,0.27125,1,0.0015,1
2120,20579.4,16,0,2.37438,13.8226,0,0,0,16.197,361,361,0,1,1.80238,1.80238,1971,388,5,1288,0,0,0,0,0,3655,4587.37,1.0905,23.2045,584359,184,55262,2234,1715218,736,221048,8936,32,4,867412,1712166,27757184,6848664,34605848,4,4,12,4,49,16,12,20,20,20260807,5,1,1,1,0,0,0,6510,0.27125,1,0.0015,0
2121,20586.6,7,0,2.466,4.67942,0,0,0,7.14542,361,361,0,1,1.80238,1.80238,1971,388,5,1288,0,0,0,0,0,3655,4587.37,1.0905,23.2045,584359,184,55262,2234,1715218,736,221048,8936,32,4,867412,1712166,27757184,6848664,34605848,4,4,12,4,49,16,12,20,20,20260807,5,1,1,1,0,0,0,6510,0.27125,1,0.0015,0
2122,20595.7,9,0,2.19096,6.82579,0,0,0,9.01675,361,361,0,1,1.80238,1.80238,1971,388,5,1288,0,0,0,0,0,3655,4587.37,1.0905,23.2045,584359,184,55262,2234,1715218,736,221048,8936,32,4,867412,1712166,27757184,6848664,34605848,4,4,12,4,49,16,12,20,20,20260807,5,1,1,1,0,0,0,6511,0.271292,1,0.0015,1
2123,20603.4,8,0,2.26446,5.27463,0,0,0,7.53908,361,361,0,1,1.80238,1.80238,1971,388,5,1288,0,0,0,0,0,3655,4587.37,1.0905,23.2045,584359,184,55262,2234,1715218,736,221048,8936,32,4,867412,1712166,27757184,6848664,34605848,4,4,12,4,49,16,12,20,20,20260807,5,1,1,1,0,0,0,6511,0.271292,1,0.0015,0
2124,20618.5,15,0,2.1805,12.9039,0,0,0,15.0844,361,361,0,1,1.80238,1.80238,1971,388,5,1288,0,0,0,0,0,3655,4587.37,1.0905,23.2045,584359,184,55262,2234,1715218,736,221048,8936,32,4,867412,1712166,27757184,6848664,34605848,4,4,12,4,49,16,12,20,20,20260807,5,1,1,1,0,0,0,6511,0.271292,1,0.0015,0
2125,20629.2,11,0,2.51892,8.01342,0,0,0,10.5323,361,361,0,1,1.80238,1.80238,1971,388,5,1288,0,0,0,0,0,3655,4587.37,1.0905,23.2045,584359,184,55262,2234,1715218,736,221048,8936,32,4,867412,1712166,27757184,6848664,34605848,4,4,12,4,49,16,12,20,20,20260807,5,1,1,1,0,0,0,6511,0.271292,1,0.0015,0
2126,20638.9,10,0,2.42742,7.23933,0,0,0,9.66675,361,361,0,1,1.80238,1.80238,1971,388,5,1288,0,0,0,0,0,3655,4587.37,1.0905,23.2045,584359,184,55262,2234,1715218,736,221048,8936,32,4,867412,1712166,27757184,6848664,34605848,4,4,12,4,49,16,12,20,20,20260807,5,1,1,1,0,0,0,6511,0.271292,1,0.0015,0
2127,20646.3,7,0,2.63208,4.60088,0,0,0,7.23296,361,361,0,1,1.80238,1.80238,1971,388,5,1288,0,0,0,0,0,3655,4587.37,1.0905,23.2045,584359,184,55262,2234,1715218,736,221048,8936,32,4,867412,1712166,27757184,6848664,34605848,4,4,12,4,49,16,12,20,20,20260807,5,1,1,1,0,0,0,6512,0.271333,1,0.0015,1
2128,20663.2,17,0,2.45629,14.3972,0,0,0,16.8535,361,361,0,1,1.80238,1.80238,1971,388,5,1288,0,0,0,0,0,3655,4587.37,1.0905,23.2045,584359,184,55262,2234,1715218,736,221048,8936,32,4,867412,1712166,27757184,6848664,34605848,4,4,12,4,49,16,12,20,20,20260807,5,1,1,1,0,0,0,6512,0.271333,1,0.0015,0
2129,20670.7,7,0,2.54058,4.88254,0,0,0,7.42312,361,361,0,1,1.80238,1.80238,1971,388,5,1288,0,0,0,0,0,3655,4587.37,1.0905,23.2045,584359,184,55262,2234,1715218,736,221048,8936,32,4,867412,1712166,27757184,6848664,34605848,4,4,12,4,49,16,12,20,20,20260807,5,1,1,1,0,0,0,6512,0.271333,1,0.0015,0
2130,20678.8,8,0,2.34025,5.69258,0,0,0,8.03283,361,361,0,1,1.80238,1.80238,1971,388,5,1288,0,0,0,0,0,3655,4587.37,1.0905,23.2045,584359,184,55262,2234,1715218,736,221048,8936,32,4,867412,1712166,27757184,6848664,34605848,4,4,12,4,49,16,12,20,20,20260807,5,1,1,1,0,0,0,6512,0.271333,1,0.0015,0
2131,20686.2,8,0,2.55025,4.74662,0,0,0,7.29688,361,361,0,1,1.80238,1.80238,1971,388,5,1288,0,0,0,0,0,3655,4587.37,1.0905,23.2045,584359,184,55262,2234,1715218,736,221048,8936,32,4,867412,1712166,27757184,6848664,34605848,4,4,12,4,49,16,12,20,20,20260807,5,1,1,1,0,0,0,6512,0.271333,1,0.0015,0
2132,20700.9,15,0,7.01875,7.58471,0,0,0,14.6035,361,361,0,1,1.80238,1.80238,1971,388,5,1288,0,0,0,0,0,3655,4587.37,1.0905,23.2045,584359,184,55262,2234,1715218,736,221048,8936,32,4,867412,1712166,27757184,6848664,34605848,4,4,12,4,49,16,12,20,20,20260807,5,1,1,1,0,0,0,6513,0.271375,1,0.0015,1
2133,20713.8,12,0,2.47942,10.074,0,0,0,12.5534,361,361,0,1,1.80238,1.80238,1971,388,5,1288,0,0,0,0,0,3655,4587.37,1.0905,23.2045,584359,184,55262,2234,1715218,736,221048,8936,32,4,867412,1712166,27757184,6848664,34605848,4,4,12,4,49,16,12,20,20,20260807,5,1,1,1,0,0,0,6513,0.271375,1,0.0015,0
2134,20730,17,0,2.35754,13.801,0,0,0,16.1585,361,361,0,1,1.80238,1.80238,1971,388,5,1288,0,0,0,0,0,3655,4587.37,1.0905,23.2045,584359,184,55262,2234,1715218,736,221048,8936,32,4,867412,1712166,27757184,6848664,34605848,4,4,12,4,49,16,12,20,20,20260807,5,1,1,1,0,0,0,6513,0.271375,1,0.0015,0
2135,20748.8,18,0,2.39292,16.2948,0,0,0,18.6878,361,361,0,1,1.80238,1.80238,1971,388,5,1288,0,0,0,0,0,3655,4587.37,1.0905,23.2045,584359,184,55262,2234,1715218,736,221048,8936,32,4,867412,1712166,27757184,6848664,34605848,4,4,12,4,49,16,12,20,20,20260807,5,1,1,1,0,0,0,6513,0.271375,1,0.0015,0
2136,20755.8,7,0,2.4445,4.45121,0,0,0,6.89571,361,361,0,1,1.80238,1.80238,1971,388,5,1288,0,0,0,0,0,3655,4587.37,1.0905,23.2045,584359,184,55262,2234,1715218,736,221048,8936,32,4,867412,1712166,27757184,6848664,34605848,4,4,12,4,49,16,12,20,20,20260807,5,1,1,1,0,0,0,6514,0.271417,1,0.0015,1
2137,20762.3,7,0,2.30654,4.10546,0,0,0,6.412,361,361,0,1,1.80238,1.80238,1971,388,5,1288,0,0,0,0,0,3655,4587.37,1.0905,23.2045,584359,184,55262,2234,1715218,736,221048,8936,32,4,867412,1712166,27757184,6848664,34605848,4,4,12,4,49,16,12,20,20,20260807,5,1,1,1,0,0,0,6514,0.271417,1,0.0015,0
2138,20769.7,7,0,2.92921,4.37546,0,0,0,7.30467,361,361,0,1,1.80238,1.80238,1971,388,5,1288,0,0,0,0,0,3655,4587.37,1.0905,23.2045,584359,184,55262,2234,1715218,736,221048,8936,32,4,867412,1712166,27757184,6848664,34605848,4,4,12,4,49,16,12,20,20,20260807,5,1,1,1,0,0,0,6514,0.271417,1,0.0015,0
2139,20779.5,10,0,2.39021,7.331,0,0,0,9.72121,361,361,0,1,1.80238,1.80238,1971,388,5,1288,0,0,0,0,0,3655,4587.37,1.0905,23.2045,584359,184,55262,2234,1715218,736,221048,8936,32,4,867412,1712166,27757184,6848664,34605848,4,4,12,4,49,16,12,20,20,20260807,5,1,1,1,0,0,0,6514,0.271417,1,0.0015,0
2140,20786.4,7,0,2.39496,4.49175,0,0,0,6.88671,361,361,0,1,1.80238,1.80238,1971,388,5,1288,0,0,0,0,0,3655,4587.37,1.0905,23.2045,584359,184,55262,2234,1715218,736,221048,8936,32,4,867412,1712166,27757184,6848664,34605848,4,4,12,4,49,16,12,20,20,20260807,5,1,1,1,0,0,0,6514,0.271417,1,0.0015,0
2141,20797.1,11,0,2.62025,7.96221,0,0,0,10.5825,361,361,0,1,1.80238,1.80238,1971,388,5,1288,0,0,0,0,0,3655,4587.37,1.0905,23.2045,584359,184,55262,2234,1715218,736,221048,8936,32,4,867412,1712166,27757184,6848664,34605848,4,4,12,4,49,16,12,20,20,20260807,5,1,1,1,0,0,0,6515,0.271458,1,0.0015,1
2142,20813.8,16,0,2.22458,14.3821,0,0,0,16.6067,361,361,0,1,1.80238,1.80238,1971,388,5,1288,0,0,0,0,0,3655,4587.37,1.0905,23.2045,584359,184,55262,2234,1715218,736,221048,8936,32,4,867412,1712166,27757184,6848664,34605848,4,4,12,4,49,16,12,20,20,20260807,5,1,1,1,0,0,0,6515,0.271458,1,0.0015,0
2143,20829.3,16,0,2.39637,13.0313,0,0,0,15.4277,361,361,0,1,1.80238,1.80238,1971,388,5,1288,0,0,0,0,0,3655,4587.37,1.0905,23.2045,584359,184,55262,2234,1715218,736,221048,8936,32,4,867412,1712166,27757184,6848664,34605848,4,4,12,4,49,16,12,20,20,20260807,5,1,1,1,0,0,0,6515,0.271458,1,0.0015,0
2144,20836.4,7,0,2.48121,4.50767,0,0,0,6.98888,361,361,0,1,1.80238,1.80238,1971,388,5,1288,0,0,0,0,0,3655,4587.37,1.0905,23.2045,584359,184,55262,2234,1715218,736,221048,8936,32,4,867412,1712166,27757184,6848664,34605848,4,4,12,4,49,16,12,20,20,20260807,5,1,1,1,0,0,0,6515,0.271458,1,0.0015,0
2145,20845.7,9,0,2.42375,6.81954,0,0,0,9.24329,361,361,0,1,1.80238,1.80238,1971,388,5,1288,0,0,0,0,0,3655,4587.37,1.0905,23.2045,584359,184,55262,2234,1715218,736,221048,8936,32,4,867412,1712166,27757184,6848664,34605848,4,4,12,4,49,16,12,20,20,20260807,5,1,1,1,0,0,0,6516,0.2715,1,0.0015,1
2146,20853.8,8,0,3.27067,4.7495,0,0,0,8.02017,361,361,0,1,1.80238,1.80238,1971,388,5,1288,0,0,0,0,0,3655,4587.37,1.0905,23.2045,584359,184,55262,2234,1715218,736,221048,8936,32,4,867412,1712166,27757184,6848664,34605848,4,4,12,4,49,16,12,20,20,20260807,5,1,1,1,0,0,0,6516,0.2715,1,0.0015,0
2147,20862.6,9,0,2.57954,6.09454,0,0,0,8.67408,361,361,0,1,1.80238,1.80238,1971,388,5,1288,0,0,0,0,0,3655,4587.37,1.0905,23.2045,584359,184,55262,2234,1715218,736,221048,8936,32,4,867412,1712166,27757184,6848664,34605848,4,4,12,4,49,16,12,20,20,20260807,5,1,1,1,0,0,0,6516,0.2715,1,0.0015,0
2148,20869.8,7,0,2.52571,4.529,0,0,0,7.05471,361,361,0,1,1.80238,1.80238,1971,388,5,1288,0,0,0,0,0,3655,4587.37,1.0905,23.2045,584359,184,55262,2234,1715218,736,221048,8936,32,4,867412,1712166,27757184,6848664,34605848,4,4,12,4,49,16,12,20,20,20260807,5,1,1,1,0,0,0,6516,0.2715,1,0.0015,0
2149,20878.7,9,0,2.37692,6.50183,0,0,0,8.87875,361,361,0,1,1.80238,1.80238,1971,388,5,1288,0,0,0,0,0,3655,4587.37,1.0905,23.2045,584359,184,55262,2234,1715218,736,221048,8936,32,4,867412,1712166,27757184,6848664,34605848,4,4,12,4,49,16,12,20,20,20260807,5,1,1,1,0,0,0,6516,0.2715,1,0.0015,0
2150,20886.1,8,0,2.46042,4.81229,0,0,0,7.27271,361,361,0,1,1.80238,1.80238,1971,388,5,1288,0,0,0,0,0,3655,4587.37,1.0905,23.2045,584359,184,55262,2234,1715218,736,221048,8936,32,4,867412,1712166,27757184,6848664,34605848,4,4,12,4,49,16,12,20,20,20260807,5,1,1,1,0,0,0,6516,0.2715,1,0.0015,0
2151,20896.4,10,0,2.33467,7.88713,0,0,0,10.2218,361,361,0,1,1.80238,1.80238,1971,388,5,1288,0,0,0,0,0,3655,4587.37,1.0905,23.2045,584359,184,55262,2234,1715218,736,221048,8936,32,4,867412,1712166,27757184,6848664,34605848,4,4,12,4,49,16,12,20,20,20260807,5,1,1,1,0,0,0,6517,0.271542,1,0.0015,1
2152,20903.4,7,0,2.34208,4.58396,0,0,0,6.92604,361,361,0,1,1.80238,1.80238,1971,388,5,1288,0,0,0,0,0,3655,4587.37,1.0905,23.2045,584359,184,55262,2234,1715218,736,221048,8936,32,4,867412,1712166,27757184,6848664,34605848,4,4,12,4,49,16,12,20,20,20260807,5,1,1,1,0,0,0,6517,0.271542,1,0.0015,0
2153,20912.7,9,0,2.3955,6.86025,0,0,0,9.25575,361,361,0,1,1.80238,1.80238,1971,388,5,1288,0,0,0,0,0,3655,4587.37,1.0905,23.2045,584359,184,55262,2234,1715218,736,221048,8936,32,4,867412,1712166,27757184,6848664,34605848,4,4,12,4,49,16,12,20,20,20260807,5,1,1,1,0,0,0,6517,0.271542,1,0.0015,0
2154,20919.9,8,0,2.39467,4.67638,0,0,0,7.07104,361,361,0,1,1.80238,1.80238,1971,388,5,1288,0,0,0,0,0,3655,4587.37,1.0905,23.2045,584359,184,55262,2234,1715218,736,221048,8936,32,4,867412,1712166,27757184,6848664,34605848,4,4,12,4,49,16,12,20,20,20260807,5,1,1,1,0,0,0,6517,0.271542,1,0.0015,0
2155,20931.7,11,0,2.47146,9.24825,0,0,0,11.7197,361,361,0,1,1.80238,1.80238,1971,388,5,1288,0,0,0,0,0,3655,4587.37,1.0905,23.2045,584359,184,55262,2234,1715218,736,221048,8936,32,4,867412,1712166,27757184,6848664,34605848,4,4,12,4,49,16,12,20,20,20260807,5,1,1,1,0,0,0,6517,0.271542,1,0.0015,0
2156,20939.3,8,0,2.77279,4.69021,0,0,0,7.463,361,361,0,1,1.80238,1.80238,1971,388,5,1288,0,0,0,0,0,3655,4587.37,1.0905,23.2045,584359,184,55262,2234,1715218,736,221048,8936,32,4,867412,1712166,27757184,6848664,34605848,4,4,12,4,49,16,12,20,20,20260807,5,1,1,1,0,0,0,6517,0.271542,1,0.0015,0
2157,20946.7,7,0,2.64425,4.66054,0,0,0,7.30479,361,361,0,1,1.80238,1.80238,1971,388,5,1288,0,0,0,0,0,3655,4587.37,1.0905,23.2045,584359,184,55262,2234,1715218,736,221048,8936,32,4,867412,1712166,27757184,6848664,34605848,4,4,12,4,49,16,12,20,20,20260807,5,1,1,1,0,0,0,6518,0.271583,1,0.0015,1
2158,20963.7,17,0,2.51529,14.4142,0,0,0,16.9295,361,361,0,1,1.80238,1.80238,1971,388,5,1288,0,0,0,0,0,3655,4587.37,1.0905,23.2045,584359,184,55262,2234,1715218,736,221048,8936,32,4,867412,1712166,27757184,6848664,34605848,4,4,12,4,49,16,12,20,20,20260807,5,1,1,1,0,0,0,6518,0.271583,1,0.0015,0
2159,20981.8,18,0,2.45433,15.601,0,0,0,18.0553,361,361,0,1,1.80238,1.80238,1971,388,5,1288,0,0,0,0,0,3655,4587.37,1.0905,23.2045,584359,184,55262,2234,1715218,736,221048,8936,32,4,867412,1712166,27757184,6848664,34605848,4,4,12,4,49,16,12,20,20,20260807,5,1,1,1,0,0,0,6518,0.271583,1,0.0015,0
2160,20998.8,17,0,2.58937,14.2822,0,0,0,16.8716,361,361,0,1,1.80238,1.80238,1971,388,5,1288,0,0,0,0,0,3655,4587.37,1.0905,23.2045,584359,184,55262,2234,1715218,736,221048,8936,32,4,867412,1712166,27757184,6848664,34605848,4,4,12,4,49,16,12,20,20,20260807,5,1,1,1,0,0,0,6519,0.271625,1,0.0015,1
2161,21013.4,15,0,2.4775,12.0452,0,0,0,14.5228,361,361,0,1,1.80238,1.80238,1971,388,5,1288,0,0,0,0,0,3655,4587.37,1.0905,23.2045,584359,184,55262,2234,1715218,736,221048,8936,32,4,867412,1712166,27757184,6848664,34605848,4,4,12,4,49,16,12,20,20,20260807,5,1,1,1,0,0,0,6519,0.271625,1,0.0015,0
2162,21021.5,8,0,2.64696,5.37192,0,0,0,8.01887,361,361,0,1,1.80238,1.80238,1971,388,5,1288,0,0,0,0,0,3655,4587.37,1.0905,23.2045,584359,184,55262,2234,1715218,736,221048,8936,32,4,867412,1712166,27757184,6848664,34605848,4,4,12,4,49,16,12,20,20,20260807,5,1,1,1,0,0,0,6519,0.271625,1,0.0015,0
2163,21029.3,8,0,2.29567,5.45567,0,0,0,7.75133,361,361,0,1,1.80238,1.80238,1971,388,5,1288,0,0,0,0,0,3655,4587.37,1.0905,23.2045,584359,184,55262,2234,1715218,736,221048,8936,32,4,867412,1712166,27757184,6848664,34605848,4,4,12,4,49,16,12,20,20,20260807,5,1,1,1,0,0,0,6519,0.271625,1,0.0015,0
2164,21036,7,0,2.36238,4.19579,0,0,0,6.55817,361,361,0,1,1.80238,1.80238,1971,388,5,1288,0,0,0,0,0,3655,4587.37,1.0905,23.2045,584359,184,55262,2234,1715218,736,221048,8936,32,4,867412,1712166,27757184,6848664,34605848,4,4,12,4,49,16,12,20,20,20260807,5,1,1,1,0,0,0,6519,0.271625,1,0.0015,0
2165,21045.9,10,0,2.33579,7.51783,0,0,0,9.85362,361,361,0,1,1.80238,1.80238,1971,388,5,1288,0,0,0,0,0,3655,4587.37,1.0905,23.2045,584359,184,55262,2234,1715218,736,221048,8936,32,4,867412,1712166,27757184,6848664,34605848,4,4,12,4,49,16,12,20,20,20260807,5,1,1,1,0,0,0,6520,0.271667,1,0.0015,1
2166,21052.4,6,0,2.33133,4.04625,0,0,0,6.37758,361,361,0,1,1.80238,1.80238,1971,388,5,1288,0,0,0,0,0,3655,4587.37,1.0905,23.2045,584359,184,55262,2234,1715218,736,221048,8936,32,4,867412,1712166,27757184,6848664,34605848,4,4,12,4,49,16,12,20,20,20260807,5,1,1,1,0,0,0,6520,0.271667,1,0.0015,0
2167,21063.8,11,0,2.27146,9.08346,0,0,0,11.3549,361,361,0,1,1.80238,1.80238,1971,388,5,1288,0,0,0,0,0,3655,4587.37,1.0905,23.2045,584359,184,55262,2234,1715218,736,221048,8936,32,4,867412,1712166,27757184,6848664,34605848,4,4,12,4,49,16,12,20,20,20260807,5,1,1,1,0,0,0,6520,0.271667,1,0.0015,0
2168,21081.1,18,0,2.71158,14.4705,0,0,0,17.1821,361,361,0,1,1.80238,1.80238,1971,388,5,1288,0,0,0,0,0,3655,4587.37,1.0905,23.2045,584359,184,55262,2234,1715218,736,221048,8936,32,4,867412,1712166,27757184,6848664,34605848,4,4,12,4,49,16,12,20,20,20260807,5,1,1,1,0,0,0,6520,0.271667,1,0.0015,0
2169,21096.1,15,0,2.39729,12.4351,0,0,0,14.8324,361,361,0,1,1.80238,1.80238,1971,388,5,1288,0,0,0,0,0,3655,4587.37,1.0905,23.2045,584359,184,55262,2234,1715218,736,221048,8936,32,4,867412,1712166,27757184,6848664,34605848,4,4,12,4,49,16,12,20,20,20260807,5,1,1,1,0,0,0,6520,0.271667,1,0.0015,0
2170,21106.8,10,0,6.68088,3.99633,0,0,0,10.6772,361,361,0,1,1.80238,1.80238,1971,388,5,1288,0,0,0,0,0,3655,4587.37,1.0905,23.2045,584359,184,55262,2234,1715218,736,221048,8936,32,4,867412,1712166,27757184,6848664,34605848,4,4,12,4,49,16,12,20,20,20260807,5,1,1,1,0,0,0,6521,0.271708,1,0.0015,1
2171,21113.3,7,0,2.30825,4.10025,0,0,0,6.4085,361,361,0,1,1.80238,1.80238,1971,388,5,1288,0,0,0,0,0,3655,4587.37,1.0905,23.2045,584359,184,55262,2234,1715218,736,221048,8936,32,4,867412,1712166,27757184,6848664,34605848,4,4,12,4,49,16,12,20,20,20260807,5,1,1,1,0,0,0,6521,0.271708,1,0.0015,0
2172,21120.7,7,0,2.35325,4.87708,0,0,0,7.23033,361,361,0,1,1.80238,1.80238,1971,388,5,1288,0,0,0,0,0,3655,4587.37,1.0905,23.2045,584359,184,55262,2234,1715218,736,221048,8936,32,4,867412,1712166,27757184,6848664,34605848,4,4,12,4,49,16,12,20,20,20260807,5,1,1,1,0,0,0,6521,0.271708,1,0.0015,0
2173,21129.1,9,0,2.39812,5.96558,0,0,0,8.36371,361,361,0,1,1.80238,1.80238,1971,388,5,1288,0,0,0,0,0,3655,4587.37,1.0905,23.2045,584359,184,55262,2234,1715218,736,221048,8936,32,4,867412,1712166,27757184,6848664,34605848,4,4,12,4,49,16,12,20,20,20260807,5,1,1,1,0,0,0,6521,0.271708,1,0.0015,0
2174,21136,7,0,2.44867,4.38396,0,0,0,6.83263,361,361,0,1,1.80238,1.80238,1971,388,5,1288,0,0,0,0,0,3655,4587.37,1.0905,23.2045,584359,184,55262,2234,1715218,736,221048,8936,32,4,867412,1712166,27757184,6848664,34605848,4,4,12,4,49,16,12,20,20,20260807,5,1,1,1,0,0,0,6521,0.271708,1,0.0015,0
2175,21145.7,9,0,2.40421,7.22746,0,0,0,9.63167,361,361,0,1,1.80238,1.80238,1971,388,5,1288,0,0,0,0,0,3655,4587.37,1.0905,23.2045,584359,184,55262,2234,1715218,736,221048,8936,32,4,867412,1712166,27757184,6848664,34605848,4,4,12,4,49,16,12,20,20,20260807,5,1,1,1,0,0,0,6522,0.27175,1,0.0015,1
2176,21162.7,17,0,2.43579,14.4204,0,0,0,16.8562,361,361,0,1,1.80238,1.80238,1971,388,5,1288,0,0,0,0,0,3655,4587.37,1.0905,23.2045,584359,184,55262,2234,1715218,736,221048,8936,32,4,867412,1712166,27757184,6848664,34605848,4,4,12,4,49,16,12,20,20,20260807,5,1,1,1,0,0,0,6522,0.27175,1,0.0015,0
2177,21171.4,9,0,2.47521,6.1635,0,0,0,8.63871,361,361,0,1,1.80238,1.80238,1971,388,5,1288,0,0,0,0,0,3655,4587.37,1.0905,23.2045,584359,184,55262,2234,1715218,736,221048,8936,32,4,867412,1712166,27757184,6848664,34605848,4,4,12,4,49,16,12,20,20,20260807,5,1,1,1,0,0,0,6522,0.27175,1,0.0015,0
2178,21178.5,7,0,2.30808,4.73633,0,0,0,7.04442,361,361,0,1,1.80238,1.80238,1971,388,5,1288,0,0,0,0,0,3655,4587.37,1.0905,23.2045,584359,184,55262,2234,1715218,736,221048,8936,32,4,867412,1712166,27757184,6848664,34605848,4,4,12,4,49,16,12,20,20,20260807,5,1,1,1,0,0,0,6522,0.27175,1,0.0015,0
2179,21185.4,7,0,2.63858,4.17012,0,0,0,6.80871,361,361,0,1,1.80238,1.80238,1971,388,5,1288,0,0,0,0,0,3655,4587.37,1.0905,23.2045,584359,184,55262,2234,1715218,736,221048,8936,32,4,867412,1712166,27757184,6848664,34605848,4,4,12,4,49,16,12,20,20,20260807,5,1,1,1,0,0,0,6522,0.27175,1,0.0015,0
2180,21196.8,11,0,2.40037,8.82258,0,0,0,11.223,361,361,0,1,1.80238,1.80238,1971,388,5,1288,0,0,0,0,0,3655,4587.37,1.0905,23.2045,584359,184,55262,2234,1715218,736,221048,8936,32,4,867412,1712166,27757184,6848664,34605848,4,4,12,4,49,16,12,20,20,20260807,5,1,1,1,0,0,0,6523,0.271792,1,0.0015,1
2181,21204.9,9,0,2.81721,5.18883,0,0,0,8.00604,361,361,0,1,1.80238,1.80238,1971,388,5,1288,0,0,0,0,0,3655,4587.37,1.0905,23.2045,584359,184,55262,2234,1715218,736,221048,8936,32,4,867412,1712166,27757184,6848664,34605848,4,4,12,4,49,16,12,20,20,20260807,5,1,1,1,0,0,0,6523,0.271792,1,0.0015,0
2182,21212,7,0,2.48208,4.49287,0,0,0,6.97496,361,361,0,1,1.80238,1.80238,1971,388,5,1288,0,0,0,0,0,3655,4587.37,1.0905,23.2045,584359,184,55262,2234,1715218,736,221048,8936,32,4,867412,1712166,27757184,6848664,34605848,4,4,12,4,49,16,12,20,20,20260807,5,1,1,1,0,0,0,6523,0.271792,1,0.0015,0
2183,21218.2,6,0,2.30421,3.81458,0,0,0,6.11879,361,361,0,1,1.80238,1.80238,1971,388,5,1288,0,0,0,0,0,3655,4587.37,1.0905,23.2045,584359,184,55262,2234,1715218,736,221048,8936,32,4,867412,1712166,27757184,6848664,34605848,4,4,12,4,49,16,12,20,20,20260807,5,1,1,1,0,0,0,6523,0.271792,1,0.0015,0
2184,21229.1,11,0,2.54338,8.21983,0,0,0,10.7632,361,361,0,1,1.80238,1.80238,1971,388,5,1288,0,0,0,0,0,3655,4587.37,1.0905,23.2045,584359,184,55262,2234,1715218,736,221048,8936,32,4,867412,1712166,27757184,6848664,34605848,4,4,12,4,49,16,12,20,20,20260807,5,1,1,1,0,0,0,6523,0.271792,1,0.0015,0
2185,21235.8,6,0,2.49321,4.18446,0,0,0,6.67767,361,361,0,1,1.80238,1.80238,1971,388,5,1288,0,0,0,0,0,3655,4587.37,1.0905,23.2045,584359,184,55262,2234,1715218,736,221048,8936,32,4,867412,1712166,27757184,6848664,34605848,4,4,12,4,49,16,12,20,20,20260807,5,1,1,1,0,0,0,6523,0.271792,1,0.0015,0
2186,21247.4,12,0,2.36404,9.07863,0,0,0,11.4427,361,361,0,1,1.80238,1.80238,1971,388,5,1288,0,0,0,0,0,3655,4587.37,1.0905,23.2045,584359,184,55262,2234,1715218,736,221048,8936,32,4,867412,1712166,27757184,6848664,34605848,4,4,12,4,49,16,12,20,20,20260807,5,1,1,1,0,0,0,6524,0.271833,1,0.0015,1
2187,21262.5,15,0,2.30283,12.7988,0,0,0,15.1016,361,361,0,1,1.80238,1.80238,1971,388,5,1288,0,0,0,0,0,3655,4587.37,1.0905,23.2045,584359,184,55262,2234,1715218,736,221048,8936,32,4,867412,1712166,27757184,6848664,34605848,4,4,12,4,49,16,12,20,20,20260807,5,1,1,1,0,0,0,6524,0.271833,1,0.0015,0
2188,21270,8,0,2.46342,4.86329,0,0,0,7.32671,361,361,0,1,1.80238,1.80238,1971,388,5,1288,0,0,0,0,0,3655,4587.37,1.0905,23.2045,584359,184,55262,2234,1715218,736,221048,8936,32,4,867412,1712166,27757184,6848664,34605848,4,4,12,4,49,16,12,20,20,20260807,5,1,1,1,0,0,0,6524,0.271833,1,0.0015,0
2189,21280.8,10,0,2.30746,8.46208,0,0,0,10.7695,361,361,0,1,1.80238,1.80238,1971,388,5,1288,0,0,0,0,0,3655,4587.37,1.0905,23.2045,584359,184,55262,2234,1715218,736,221048,8936,32,4,867412,1712166,27757184,6848664,34605848,4,4,12,4,49,16,12,20,20,20260807,5,1,1,1,0,0,0,6524,0.271833,1,0.0015,0
2190,21298.4,18,0,2.35338,15.0998,0,0,0,17.4531,361,361,0,1,1.80238,1.80238,1971,388,5,1288,0,0,0,0,0,3655,4587.37,1.0905,23.2045,584359,184,55262,2234,1715218,736,221048,8936,32,4,867412,1712166,27757184,6848664,34605848,4,4,12,4,49,16,12,20,20,20260807,5,1,1,1,0,0,0,6524,0.271833,1,0.0015,0
2191,21313.1,15,0,2.35642,12.2852,0,0,0,14.6417,361,361,0,1,1.80238,1.80238,1971,388,5,1288,0,0,0,0,0,3655,4587.37,1.0905,23.2045,584359,184,55262,2234,1715218,736,221048,8936,32,4,867412,1712166,27757184,6848664,34605848,4,4,12,4,49,16,12,20,20,20260807,5,1,1,1,0,0,0,6525,0.271875,1,0.0015,1
2192,21320.2,7,0,2.33137,4.6735,0,0,0,7.00488,361,361,0,1,1.80238,1.80238,1971,388,5,1288,0,0,0,0,0,3655,4587.37,1.0905,23.2045,584359,184,55262,2234,1715218,736,221048,8936,32,4,867412,1712166,27757184,6848664,34605848,4,4,12,4,49,16,12,20,20,20260807,5,1,1,1,0,0,0,6525,0.271875,1,0.0015,0
2193,21329,9,0,2.51017,6.22092,0,0,0,8.73108,361,361,0,1,1.80238,1.80238,1971,388,5,1288,0,0,0,0,0,3655,4587.37,1.0905,23.2045,584359,184,55262,2234,1715218,736,221048,8936,32,4,867412,1712166,27757184,6848664,34605848,4,4,12,4,49,16,12,20,20,20260807,5,1,1,1,0,0,0,6525,0.271875,1,0.0015,0
2194,21336.3,7,0,2.32804,4.86608,0,0,0,7.19412,361,361,0,1,1.80238,1.80238,1971,388,5,1288,0,0,0,0,0,3655,4587.37,1.0905,23.2045,584359,184,55262,2234,1715218,736,221048,8936,32,4,867412,1712166,27757184,6848664,34605848,4,4,12,4,49,16,12,20,20,20260807,5,1,1,1,0,0,0,6525,0.271875,1,0.0015,0
2195,21346,10,0,2.3105,7.28604,0,0,0,9.59654,361,361,0,1,1.80238,1.80238,1971,388,5,1288,0,0,0,0,0,3655,4587.37,1.0905,23.2045,584359,184,55262,2234,1715218,736,221048,8936,32,4,867412,1712166,27757184,6848664,34605848,4,4,12,4,49,16,12,20,20,20260807,5,1,1,1,0,0,0,6526,0.271917,1,0.0015,1
2196,21354.8,8,0,2.27475,6.45896,0,0,0,8.73371,361,361,0,1,1.80238,1.80238,1971,388,5,1288,0,0,0,0,0,3655,4587.37,1.0905,23.2045,584359,184,55262,2234,1715218,736,221048,8936,32,4,867412,1712166,27757184,6848664,34605848,4,4,12,4,49,16,12,20,20,20260807,5,1,1,1,0,0,0,6526,0.271917,1,0.0015,0
2197,21363,9,0,2.34642,5.744,0,0,0,8.09042,361,361,0,1,1.80238,1.80238,1971,388,5,1288,0,0,0,0,0,3655,4587.37,1.0905,23.2045,584359,184,55262,2234,1715218,736,221048,8936,32,4,867412,1712166,27757184,6848664,34605848,4,4,12,4,49,16,12,20,20,20260807,5,1,1,1,0,0,0,6526,0.271917,1,0.0015,0
2198,21370.3,7,0,2.39167,4.87887,0,0,0,7.27054,361,361,0,1,1.80238,1.80238,1971,388,5,1288,0,0,0,0,0,3655,4587.37,1.0905,23.2045,584359,184,55262,2234,1715218,736,221048,8936,32,4,867412,1712166,27757184,6848664,34605848,4,4,12,4,49,16,12,20,20,20260807,5,1,1,1,0,0,0,6526,0.271917,1,0.0015,0
2199,21379.5,9,0,2.38892,5.76442,0,0,0,8.15333,361,361,0,1,1.80238,1.80238,1971,388,5,1288,0,0,0,0,0,3655,4587.37,1.0905,23.2045,584359,184,55262,2234,1715218,736,221048,8936,32,4,867412,1712166,27757184,6848664,34605848,4,4,12,4,49,16,12,20,20,20260807,5,1,1,1,0,0,0,6526,0.271917,1,0.0015,0
2200,21387.3,8,0,2.45321,5.28587,0,0,0,7.73908,361,361,0,1,1.80238,1.80238,1971,388,5,1288,0,0,0,0,0,3655,4587.37,1.0905,23.2045,584359,184,55262,2234,1715218,736,221048,8936,32,4,867412,1712166,27757184,6848664,34605848,4,4,12,4,49,16,12,20,20,20260807,5,1,1,1,0,0,0,6526,0.271917,1,0.0015,0
2201,21396.6,9,0,2.59167,6.59046,0,0,0,9.18212,361,361,0,1,1.80238,1.80238,1971,388,5,1288,0,0,0,0,0,3655,4587.37,1.0905,23.2045,584359,184,55262,2234,1715218,736,221048,8936,32,4,867412,1712166,27757184,6848664,34605848,4,4,12,4,49,16,12,20,20,20260807,5,1,1,1,0,0,0,6527,0.271958,1,0.0015,1
2202,21411.5,15,0,2.40638,12.0297,0,0,0,14.436,361,361,0,1,1.80238,1.80238,1971,388,5,1288,0,0,0,0,0,3655,4587.37,1.0905,23.2045,584359,184,55262,2234,1715218,736,221048,8936,32,4,867412,1712166,27757184,6848664,34605848,4,4,12,4,49,16,12,20,20,20260807,5,1,1,1,0,0,0,6527,0.271958,1,0.0015,0
2203,21430.5,19,0,2.332,16.3898,0,0,0,18.7218,361,361,0,1,1.80238,1.80238,1971,388,5,1288,0,0,0,0,0,3655,4587.37,1.0905,23.2045,584359,184,55262,2234,1715218,736,221048,8936,32,4,867412,1712166,27757184,6848664,34605848,4,4,12,4,49,16,12,20,20,20260807,5,1,1,1,0,0,0,6527,0.271958,1,0.0015,0
2204,21446.4,16,0,2.40408,13.3509,0,0,0,15.755,361,361,0,1,1.80238,1.80238,1971,388,5,1288,0,0,0,0,0,3655,4587.37,1.0905,23.2045,584359,184,55262,2234,1715218,736,221048,8936,32,4,867412,1712166,27757184,6848664,34605848,4,4,12,4,49,16,12,20,20,20260807,5,1,1,1,0,0,0,6527,0.271958,1,0.0015,0
2205,21453.9,8,0,2.47975,4.93475,0,0,0,7.4145,361,361,0,1,1.80238,1.80238,1971,388,5,1288,0,0,0,0,0,3655,4587.37,1.0905,23.2045,584359,184,55262,2234,1715218,736,221048,8936,32,4,867412,1712166,27757184,6848664,34605848,4,4,12,4,49,16,12,20,20,20260807,5,1,1,1,0,0,0,6528,0.272,1,0.0015,1
2206,21463,9,0,2.40013,6.6155,0,0,0,9.01562,361,361,0,1,1.80238,1.80238,1971,388,5,1288,0,0,0,0,0,3655,4587.37,1.0905,23.2045,584359,184,55262,2234,1715218,736,221048,8936,32,4,867412,1712166,27757184,6848664,34605848,4,4,12,4,49,16,12,20,20,20260807,5,1,1,1,0,0,0,6528,0.272,1,0.0015,0
2207,21470.1,6,0,2.38742,4.70046,0,0,0,7.08788,361,361,0,1,1.80238,1.80238,1971,388,5,1288,0,0,0,0,0,3655,4587.37,1.0905,23.2045,584359,184,55262,2234,1715218,736,221048,8936,32,4,867412,1712166,27757184,6848664,34605848,4,4,12,4,49,16,12,20,20,20260807,5,1,1,1,0,0,0,6528,0.272,1,0.0015,0
2208,21480.2,10,0,2.35904,7.49608,0,0,0,9.85512,361,361,0,1,1.80238,1.80238,1971,388,5,1288,0,0,0,0,0,3655,4587.37,1.0905,23.2045,584359,184,55262,2234,1715218,736,221048,8936,32,4,867412,1712166,27757184,6848664,34605848,4,4,12,4,49,16,12,20,20,20260807,5,1,1,1,0,0,0,6528,0.272,1,0.0015,0
2209,21488.5,8,0,2.90125,5.35142,0,0,0,8.25267,361,361,0,1,1.80238,1.80238,1971,388,5,1288,0,0,0,0,0,3655,4587.37,1.0905,23.2045,584359,184,55262,2234,1715218,736,221048,8936,32,4,867412,1712166,27757184,6848664,34605848,4,4,12,4,49,16,12,20,20,20260807,5,1,1,1,0,0,0,6528,0.272,1,0.0015,0
2210,21496.7,8,0,2.46104,5.60179,0,0,0,8.06283,361,361,0,1,1.80238,1.80238,1971,388,5,1288,0,0,0,0,0,3655,4587.37,1.0905,23.2045,584359,184,55262,2234,1715218,736,221048,8936,32,4,867412,1712166,27757184,6848664,34605848,4,4,12,4,49,16,12,20,20,20260807,5,1,1,1,0,0,0,6529,0.272042,1,0.0015,1
2211,21504.1,8,0,2.63529,4.68842,0,0,0,7.32371,361,361,0,1,1.80238,1.80238,1971,388,5,1288,0,0,0,0,0,3655,4587.37,1.0905,23.2045,584359,184,55262,2234,1715218,736,221048,8936,32,4,867412,1712166,27757184,6848664,34605848,4,4,12,4,49,16,12,20,20,20260807,5,1,1,1,0,0,0,6529,0.272042,1,0.0015,0
2212,21512.7,8,0,2.15892,6.42521,0,0,0,8.58413,361,361,0,1,1.80238,1.80238,1971,388,5,1288,0,0,0,0,0,3655,4587.37,1.0905,23.2045,584359,184,55262,2234,1715218,736,221048,8936,32,4,867412,1712166,27757184,6848664,34605848,4,4,12,4,49,16,12,20,20,20260807,5,1,1,1,0,0,0,6529,0.272042,1,0.0015,0
2213,21519.9,9,0,2.53608,4.51542,0,0,0,7.0515,361,361,0,1,1.80238,1.80238,1971,388,5,1288,0,0,0,0,0,3655,4587.37,1.0905,23.2045,584359,184,55262,2234,1715218,736,221048,8936,32,4,867412,1712166,27757184,6848664,34605848,4,4,12,4,49,16,12,20,20,20260807,5,1,1,1,0,0,0,6529,0.272042,1,0.0015,0
2214,21530.2,10,0,2.37717,7.81133,0,0,0,10.1885,361,361,0,1,1.80238,1.80238,1971,388,5,1288,0,0,0,0,0,3655,4587.37,1.0905,23.2045,584359,184,55262,2234,1715218,736,221048,8936,32,4,867412,1712166,27757184,6848664,34605848,4,4,12,4,49,16,12,20,20,20260807,5,1,1,1,0,0,0,6529,0.272042,1,0.0015,0
2215,21537.3,7,0,2.65125,4.43604,0,0,0,7.08729,361,361,0,1,1.80238,1.80238,1971,388,5,1288,0,0,0,0,0,3655,4587.37,1.0905,23.2045,584359,184,55262,2234,1715218,736,221048,8936,32,4,867412,1712166,27757184,6848664,34605848,4,4,12,4,49,16,12,20,20,20260807,5,1,1,1,0,0,0,6529,0.272042,1,0.0015,0
2216,21546.2,9,0,2.34921,6.45929,0,0,0,8.8085,361,361,0,1,1.80238,1.80238,1971,388,5,1288,0,0,0,0,0,3655,4587.37,1.0905,23.2045,584359,184,55262,2234,1715218,736,221048,8936,32,4,867412,1712166,27757184,6848664,34605848,4,4,12,4,49,16,12,20,20,20260807,5,1,1,1,0,0,0,6530,0.272083,1,0.0015,1
2217,21553.9,8,0,2.33008,5.26408,0,0,0,7.59417,361,361,0,1,1.80238,1.80238,1971,388,5,1288,0,0,0,0,0,3655,4587.37,1.0905,23.2045,584359,184,55262,2234,1715218,736,221048,8936,32,4,867412,1712166,27757184,6848664,34605848,4,4,12,4,49,16,12,20,20,20260807,5,1,1,1,0,0,0,6530,0.272083,1,0.0015,0
2218,21562.4,8,0,2.47517,5.86683,0,0,0,8.342,361,361,0,1,1.80238,1.80238,1971,388,5,1288,0,0,0,0,0,3655,4587.37,1.0905,23.2045,584359,184,55262,2234,1715218,736,221048,8936,32,4,867412,1712166,27757184,6848664,34605848,4,4,12,4,49,16,12,20,20,20260807,5,1,1,1,0,0,0,6530,0.272083,1,0.0015,0
2219,21569.6,7,0,2.32812,4.84004,0,0,0,7.16817,361,361,0,1,1.80238,1.80238,1971,388,5,1288,0,0,0,0,0,3655,4587.37,1.0905,23.2045,584359,184,55262,2234,1715218,736,221048,8936,32,4,867412,1712166,27757184,6848664,34605848,4,4,12,4,49,16,12,20,20,20260807,5,1,1,1,0,0,0,6530,0.272083,1,0.0015,0
2220,21579.6,10,0,2.3395,7.51758,0,0,0,9.85708,361,361,0,1,1.80238,1.80238,1971,388,5,1288,0,0,0,0,0,3655,4587.37,1.0905,23.2045,584359,184,55262,2234,1715218,736,221048,8936,32,4,867412,1712166,27757184,6848664,34605848,4,4,12,4,49,16,12,20,20,20260807,5,1,1,1,0,0,0,6530,0.272083,1,0.0015,0
2221,21586.4,7,0,2.36117,4.44571,0,0,0,6.80687,361,361,0,1,1.80238,1.80238,1971,388,5,1288,0,0,0,0,0,3655,4587.37,1.0905,23.2045,584359,184,55262,2234,1715218,736,221048,8936,32,4,867412,1712166,27757184,6848664,34605848,4,4,12,4,49,16,12,20,20,20260807,5,1,1,1,0,0,0,6530,0.272083,1,0.0015,0
2222,21596.8,10,0,2.43637,7.80537,0,0,0,10.2417,361,361,0,1,1.80238,1.80238,1971,388,5,1288,0,0,0,0,0,3655,4587.37,1.0905,23.2045,584359,184,55262,2234,1715218,736,221048,8936,32,4,867412,1712166,27757184,6848664,34605848,4,4,12,4,49,16,12,20,20,20260807,5,1,1,1,0,0,0,6531,0.272125,1,0.0015,1
2223,21603.9,8,0,2.448,4.57433,0,0,0,7.02233,361,361,0,1,1.80238,1.80238,1971,388,5,1288,0,0,0,0,0,3655,4587.37,1.0905,23.2045,584359,184,55262,2234,1715218,736,221048,8936,32,4,867412,1712166,27757184,6848664,34605848,4,4,12,4,49,16,12,20,20,20260807,5,1,1,1,0,0,0,6531,0.272125,1,0.0015,0
2224,21616,12,0,2.34746,9.68358,0,0,0,12.031,361,361,0,1,1.80238,1.80238,1971,388,5,1288,0,0,0,0,0,3655,4587.37,1.0905,23.2045,584359,184,55262,2234,1715218,736,221048,8936,32,4,867412,1712166,27757184,6848664,34605848,4,4,12,4,49,16,12,20,20,20260807,5,1,1,1,0,0,0,6531,0.272125,1,0.0015,0
2225,21629.6,13,0,2.55804,10.972,0,0,0,13.53,361,361,0,1,1.80238,1.80238,1971,388,5,1288,0,0,0,0,0,3655,4587.37,1.0905,23.2045,584359,184,55262,2234,1715218,736,221048,8936,32,4,867412,1712166,27757184,6848664,34605848,4,4,12,4,49,16,12,20,20,20260807,5,1,1,1,0,0,0,6531,0.272125,1,0.0015,0
2226,21637.1,8,0,2.67112,4.67213,0,0,0,7.34325,361,361,0,1,1.80238,1.80238,1971,388,5,1288,0,0,0,0,0,3655,4587.37,1.0905,23.2045,584359,184,55262,2234,1715218,736,221048,8936,32,4,867412,1712166,27757184,6848664,34605848,4,4,12,4,49,16,12,20,20,20260807,5,1,1,1,0,0,0,6531,0.272125,1,0.0015,0
2227,21646.6,9,0,2.63121,6.878,0,0,0,9.50921,361,361,0,1,1.80238,1.80238,1971,388,5,1288,0,0,0,0,0,3655,4587.37,1.0905,23.2045,584359,184,55262,2234,1715218,736,221048,8936,32,4,867412,1712166,27757184,6848664,34605848,4,4,12,4,49,16,12,20,20,20260807,5,1,1,1,0,0,0,6532,0.272167,1,0.0015,1
2228,21654.2,8,0,2.61558,4.87613,0,0,0,7.49171,361,361,0,1,1.80238,1.80238,1971,388,5,1288,0,0,0,0,0,3655,4587.37,1.0905,23.2045,584359,184,55262,2234,1715218,736,221048,8936,32,4,867412,1712166,27757184,6848664,34605848,4,4,12,4,49,16,12,20,20,20260807,5,1,1,1,0,0,0,6532,0.272167,1,0.0015,0
2229,21663.3,9,0,2.30037,6.72504,0,0,0,9.02542,361,361,0,1,1.80238,1.80238,1971,388,5,1288,0,0,0,0,0,3655,4587.37,1.0905,23.2045,584359,184,55262,2234,1715218,736,221048,8936,32,4,867412,1712166,27757184,6848664,34605848,4,4,12,4,49,16,12,20,20,20260807,5,1,1,1,0,0,0,6532,0.272167,1,0.0015,0
2230,21671.2,8,0,2.42,5.38687,0,0,0,7.80687,361,361,0,1,1.80238,1.80238,1971,388,5,1288,0,0,0,0,0,3655,4587.37,1.0905,23.2045,584359,184,55262,2234,1715218,736,221048,8936,32,4,867412,1712166,27757184,6848664,34605848,4,4,12,4,49,16,12,20,20,20260807,5,1,1,1,0,0,0,6532,0.272167,1,0.0015,0
2231,21679.7,8,0,2.50592,5.84442,0,0,0,8.35033,361,361,0,1,1.80238,1.80238,1971,388,5,1288,0,0,0,0,0,3655,4587.37,1.0905,23.2045,584359,184,55262,2234,1715218,736,221048,8936,32,4,867412,1712166,27757184,6848664,34605848,4,4,12,4,49,16,12,20,20,20260807,5,1,1,1,0,0,0,6532,0.272167,1,0.0015,0
2232,21687.2,8,0,2.41246,5.00825,0,0,0,7.42071,361,361,0,1,1.80238,1.80238,1971,388,5,1288,0,0,0,0,0,3655,4587.37,1.0905,23.2045,584359,184,55262,2234,1715218,736,221048,8936,32,4,867412,1712166,27757184,6848664,34605848,4,4,12,4,49,16,12,20,20,20260807,5,1,1,1,0,0,0,6532,0.272167,1,0.0015,0
2233,21695.8,8,0,2.37263,6.20046,0,0,0,8.57308,361,361,0,1,1.80238,1.80238,1971,388,5,1288,0,0,0,0,0,3655,4587.37,1.0905,23.2045,584359,184,55262,2234,1715218,736,221048,8936,32,4,867412,1712166,27757184,6848664,34605848,4,4,12,4,49,16,12,20,20,20260807,5,1,1,1,0,0,0,6533,0.272208,1,0.0015,1
2234,21702.8,7,0,2.29904,4.61133,0,0,0,6.91038,361,361,0,1,1.80238,1.80238,1971,388,5,1288,0,0,0,0,0,3655,4587.37,1.0905,23.2045,584359,184,55262,2234,1715218,736,221048,8936,32,4,867412,1712166,27757184,6848664,34605848,4,4,12,4,49,16,12,20,20,20260807,5,1,1,1,0,0,0,6533,0.272208,1,0.0015,0
2235,21713,11,0,2.37917,7.59367,0,0,0,9.97283,361,361,0,1,1.80238,1.80238,1971,388,5,1288,0,0,0,0,0,3655,4587.37,1.0905,23.2045,584359,184,55262,2234,1715218,736,221048,8936,32,4,867412,1712166,27757184,6848664,34605848,4,4,12,4,49,16,12,20,20,20260807,5,1,1,1,0,0,0,6533,0.272208,1,0.0015,0
2236,21720.6,7,0,2.40467,5.11325,0,0,0,7.51792,361,361,0,1,1.80238,1.80238,1971,388,5,1288,0,0,0,0,0,3655,4587.37,1.0905,23.2045,584359,184,55262,2234,1715218,736,221048,8936,32,4,867412,1712166,27757184,6848664,34605848,4,4,12,4,49,16,12,20,20,20260807,5,1,1,1,0,0,0,6533,0.272208,1,0.0015,0
2237,21729.2,9,0,2.28804,6.23925,0,0,0,8.52729,361,361,0,1,1.80238,1.80238,1971,388,5,1288,0,0,0,0,0,3655,4587.37,1.0905,23.2045,584359,184,55262,2234,1715218,736,221048,8936,32,4,867412,1712166,27757184,6848664,34605848,4,4,12,4,49,16,12,20,20,20260807,5,1,1,1,0,0,0,6533,0.272208,1,0.0015,0
2238,21736.7,7,0,2.56558,4.86512,0,0,0,7.43071,361,361,0,1,1.80238,1.80238,1971,388,5,1288,0,0,0,0,0,3655,4587.37,1.0905,23.2045,584359,184,55262,2234,1715218,736,221048,8936,32,4,867412,1712166,27757184,6848664,34605848,4,4,12,4,49,16,12,20,20,20260807,5,1,1,1,0,0,0,6533,0.272208,1,0.0015,0
2239,21746.4,10,0,2.47521,7.16475,0,0,0,9.63996,361,361,0,1,1.80238,1.80238,1971,388,5,1288,0,0,0,0,0,3655,4587.37,1.0905,23.2045,584359,184,55262,2234,1715218,736,221048,8936,32,4,867412,1712166,27757184,6848664,34605848,4,4,12,4,49,16,12,20,20,20260807,5,1,1,1,0,0,0,6534,0.27225,1,0.0015,1
2240,21753.4,7,0,2.47658,4.43125,0,0,0,6.90783,361,361,0,1,1.80238,1.80238,1971,388,5,1288,0,0,0,0,0,3655,4587.37,1.0905,23.2045,584359,184,55262,2234,1715218,736,221048,8936,32,4,867412,1712166,27757184,6848664,34605848,4,4,12,4,49,16,12,20,20,20260807,5,1,1,1,0,0,0,6534,0.27225,1,0.0015,0
2241,21762.8,9,0,2.41012,6.90038,0,0,0,9.3105,361,361,0,1,1.80238,1.80238,1971,388,5,1288,0,0,0,0,0,3655,4587.37,1.0905,23.2045,584359,184,55262,2234,1715218,736,221048,8936,32,4,867412,1712166,27757184,6848664,34605848,4,4,12,4,49,16,12,20,20,20260807,5,1,1,1,0,0,0,6534,0.27225,1,0.0015,0
2242,21770.5,8,0,2.54988,5.06271,0,0,0,7.61258,361,361,0,1,1.80238,1.80238,1971,388,5,1288,0,0,0,0,0,3655,4587.37,1.0905,23.2045,584359,184,55262,2234,1715218,736,221048,8936,32,4,867412,1712166,27757184,6848664,34605848,4,4,12,4,49,16,12,20,20,20260807,5,1,1,1,0,0,0,6534,0.27225,1,0.0015,0
2243,21779.8,9,0,2.37304,6.84504,0,0,0,9.21808,361,361,0,1,1.80238,1.80238,1971,388,5,1288,0,0,0,0,0,3655,4587.37,1.0905,23.2045,584359,184,55262,2234,1715218,736,221048,8936,32,4,867412,1712166,27757184,6848664,34605848,4,4,12,4,49,16,12,20,20,20260807,5,1,1,1,0,0,0,6534,0.27225,1,0.0015,0
2244,21787.3,8,0,2.44533,4.96492,0,0,0,7.41025,361,361,0,1,1.80238,1.80238,1971,388,5,1288,0,0,0,0,0,3655,4587.37,1.0905,23.2045,584359,184,55262,2234,1715218,736,221048,8936,32,4,867412,1712166,27757184,6848664,34605848,4,4,12,4,49,16,12,20,20,20260807,5,1,1,1,0,0,0,6534,0.27225,1,0.0015,0
2245,21796.2,9,0,2.27317,6.50083,0,0,0,8.774,361,361,0,1,1.80238,1.80238,1971,388,5,1288,0,0,0,0,0,3655,4587.37,1.0905,23.2045,584359,184,55262,2234,1715218,736,221048,8936,32,4,867412,1712166,27757184,6848664,34605848,4,4,12,4,49,16,12,20,20,20260807,5,1,1,1,0,0,0,6535,0.272292,1,0.0015,1
2246,21803.4,7,0,2.3215,4.85346,0,0,0,7.17496,361,361,0,1,1.80238,1.80238,1971,388,5,1288,0,0,0,0,0,3655,4587.37,1.0905,23.2045,584359,184,55262,2234,1715218,736,221048,8936,32,4,867412,1712166,27757184,6848664,34605848,4,4,12,4,49,16,12,20,20,20260807,5,1,1,1,0,0,0,6535,0.272292,1,0.0015,0
2247,21812.5,9,0,2.3325,6.66733,0,0,0,8.99983,361,361,0,1,1.80238,1.80238,1971,388,5,1288,0,0,0,0,0,3655,4587.37,1.0905,23.2045,584359,184,55262,2234,1715218,736,221048,8936,32,4,867412,1712166,27757184,6848664,34605848,4,4,12,4,49,16,12,20,20,20260807,5,1,1,1,0,0,0,6535,0.272292,1,0.0015,0
2248,21819.7,7,0,2.59088,4.47333,0,0,0,7.06421,361,361,0,1,1.80238,1.80238,1971,388,5,1288,0,0,0,0,0,3655,4587.37,1.0905,23.2045,584359,184,55262,2234,1715218,736,221048,8936,32,4,867412,1712166,27757184,6848664,34605848,4,4,12,4,49,16,12,20,20,20260807,5,1,1,1,0,0,0,6535,0.272292,1,0.0015,0
2249,21829.4,10,0,2.39938,7.20871,0,0,0,9.60808,361,361,0,1,1.80238,1.80238,1971,388,5,1288,0,0,0,0,0,3655,4587.37,1.0905,23.2045,584359,184,55262,2234,1715218,736,221048,8936,32,4,867412,1712166,27757184,6848664,34605848,4,4,12,4,49,16,12,20,20,20260807,5,1,1,1,0,0,0,6535,0.272292,1,0.0015,0
2250,21836.5,7,0,2.41729,4.6035,0,0,0,7.02079,361,361,0,1,1.80238,1.80238,1971,388,5,1288,0,0,0,0,0,3655,4587.37,1.0905,23.2045,584359,184,55262,2234,1715218,736,221048,8936,32,4,867412,1712166,27757184,6848664,34605848,4,4,12,4,49,16,12,20,20,20260807,5,1,1,1,0,0,0,6535,0.272292,1,0.0015,0
2251,21848.2,12,0,2.48663,9.10329,0,0,0,11.5899,361,361,0,1,1.80238,1.80238,1971,388,5,1288,0,0,0,0,0,3655,4587.37,1.0905,23.2045,584359,184,55262,2234,1715218,736,221048,8936,32,4,867412,1712166,27757184,6848664,34605848,4,4,12,4,49,16,12,20,20,20260807,5,1,1,1,0,0,0,6536,0.272333,1,0.0015,1
2252,21855.1,7,0,2.41892,4.42254,0,0,0,6.84146,361,361,0,1,1.80238,1.80238,1971,388,5,1288,0,0,0,0,0,3655,4587.37,1.0905,23.2045,584359,184,55262,2234,1715218,736,221048,8936,32,4,867412,1712166,27757184,6848664,34605848,4,4,12,4,49,16,12,20,20,20260807,5,1,1,1,0,0,0,6536,0.272333,1,0.0015,0
2253,21862.9,8,0,2.41479,5.26492,0,0,0,7.67971,361,361,0,1,1.80238,1.80238,1971,388,5,1288,0,0,0,0,0,3655,4587.37,1.0905,23.2045,584359,184,55262,2234,1715218,736,221048,8936,32,4,867412,1712166,27757184,6848664,34605848,4,4,12,4,49,16,12,20,20,20260807,5,1,1,1,0,0,0,6536,0.272333,1,0.0015,0
2254,21870,7,0,2.37392,4.6835,0,0,0,7.05742,361,361,0,1,1.80238,1.80238,1971,388,5,1288,0,0,0,0,0,3655,4587.37,1.0905,23.2045,584359,184,55262,2234,1715218,736,221048,8936,32,4,867412,1712166,27757184,6848664,34605848,4,4,12,4,49,16,12,20,20,20260807,5,1,1,1,0,0,0,6536,0.272333,1,0.0015,0
2255,21879.3,9,0,2.48433,6.73463,0,0,0,9.21896,361,361,0,1,1.80238,1.80238,1971,388,5,1288,0,0,0,0,0,3655,4587.37,1.0905,23.2045,584359,184,55262,2234,1715218,736,221048,8936,32,4,867412,1712166,27757184,6848664,34605848,4,4,12,4,49,16,12,20,20,20260807,5,1,1,1,0,0,0,6536,0.272333,1,0.0015,0
2256,21886.9,8,0,2.43408,5.01354,0,0,0,7.44763,361,361,0,1,1.80238,1.80238,1971,388,5,1288,0,0,0,0,0,3655,4587.37,1.0905,23.2045,584359,184,55262,2234,1715218,736,221048,8936,32,4,867412,1712166,27757184,6848664,34605848,4,4,12,4,49,16,12,20,20,20260807,5,1,1,1,0,0,0,6536,0.272333,1,0.0015,0
2257,21896.1,9,0,2.47604,6.66629,0,0,0,9.14233,361,361,0,1,1.80238,1.80238,1971,388,5,1288,0,0,0,0,0,3655,4587.37,1.0905,23.2045,584359,184,55262,2234,1715218,736,221048,8936,32,4,867412,1712166,27757184,6848664,34605848,4,4,12,4,49,16,12,20,20,20260807,5,1,1,1,0,0,0,6537,0.272375,1,0.0015,1
2258,21904.2,8,0,2.76846,5.26217,0,0,0,8.03063,361,361,0,1,1.80238,1.80238,1971,388,5,1288,0,0,0,0,0,3655,4587.37,1.0905,23.2045,584359,184,55262,2234,1715218,736,221048,8936,32,4,867412,1712166,27757184,6848664,34605848,4,4,12,4,49,16,12,20,20,20260807,5,1,1,1,0,0,0,6537,0.272375,1,0.0015,0
2259,21914.1,10,0,2.32754,7.48708,0,0,0,9.81462,361,361,0,1,1.80238,1.80238,1971,388,5,1288,0,0,0,0,0,3655,4587.37,1.0905,23.2045,584359,184,55262,2234,1715218,736,221048,8936,32,4,867412,1712166,27757184,6848664,34605848,4,4,12,4,49,16,12,20,20,20260807,5,1,1,1,0,0,0,6537,0.272375,1,0.0015,0
2260,21921,7,0,2.37454,4.46442,0,0,0,6.83896,361,361,0,1,1.80238,1.80238,1971,388,5,1288,0,0,0,0,0,3655,4587.37,1.0905,23.2045,584359,184,55262,2234,1715218,736,221048,8936,32,4,867412,1712166,27757184,6848664,34605848,4,4,12,4,49,16,12,20,20,20260807,5,1,1,1,0,0,0,6537,0.272375,1,0.0015,0
2261,21931,10,0,2.49983,7.32963,0,0,0,9.82946,361,361,0,1,1.80238,1.80238,1971,388,5,1288,0,0,0,0,0,3655,4587.37,1.0905,23.2045,584359,184,55262,2234,1715218,736,221048,8936,32,4,867412,1712166,27757184,6848664,34605848,4,4,12,4,49,16,12,20,20,20260807,5,1,1,1,0,0,0,6537,0.272375,1,0.0015,0
2262,21945.9,15,0,2.45921,12.4179,0,0,0,14.8771,361,361,0,1,1.80238,1.80238,1971,388,5,1288,0,0,0,0,0,3655,4587.37,1.0905,23.2045,584359,184,55262,2234,1715218,736,221048,8936,32,4,867412,1712166,27757184,6848664,34605848,4,4,12,4,49,16,12,20,20,20260807,5,1,1,1,0,0,0,6537,0.272375,1,0.0015,0
2263,21952.9,7,0,2.44558,4.42488,0,0,0,6.87046,361,361,0,1,1.80238,1.80238,1971,388,5,1288,0,0,0,0,0,3655,4587.37,1.0905,23.2045,584359,184,55262,2234,1715218,736,221048,8936,32,4,867412,1712166,27757184,6848664,34605848,4,4,12,4,49,16,12,20,20,20260807,5,1,1,1,0,0,0,6538,0.272417,1,0.0015,1
2264,21962.8,9,0,2.29371,7.58196,0,0,0,9.87567,361,361,0,1,1.80238,1.80238,1971,388,5,1288,0,0,0,0,0,3655,4587.37,1.0905,23.2045,584359,184,55262,2234,1715218,736,221048,8936,32,4,867412,1712166,27757184,6848664,34605848,4,4,12,4,49,16,12,20,20,20260807,5,1,1,1,0,0,0,6538,0.272417,1,0.0015,0
2265,21970.9,9,0,2.26388,4.94367,0,0,0,7.20754,361,361,0,1,1.80238,1.80238,1971,388,5,1288,0,0,0,0,0,3655,4587.37,1.0905,23.2045,584359,184,55262,2234,1715218,736,221048,8936,32,4,867412,1712166,27757184,6848664,34605848,4,4,12,4,49,16,12,20,20,20260807,5,1,1,1,0,0,0,6538,0.272417,1,0.0015,0
2266,21982.9,12,0,2.32429,9.51408,0,0,0,11.8384,361,361,0,1,1.80238,1.80238,1971,388,5,1288,0,0,0,0,0,3655,4587.37,1.0905,23.2045,584359,184,55262,2234,1715218,736,221048,8936,32,4,867412,1712166,27757184,6848664,34605848,4,4,12,4,49,16,12,20,20,20260807,5,1,1,1,0,0,0,6538,0.272417,1,0.0015,0
2267,21996.2,13,0,2.58208,10.6583,0,0,0,13.2403,361,361,0,1,1.80238,1.80238,1971,388,5,1288,0,0,0,0,0,3655,4587.37,1.0905,23.2045,584359,184,55262,2234,1715218,736,221048,8936,32,4,867412,1712166,27757184,6848664,34605848,4,4,12,4,49,16,12,20,20,20260807,5,1,1,1,0,0,0,6539,0.272458,1,0.0015,1
2268,22006.5,10,0,6.28646,3.94658,0,0,0,10.233,361,361,0,1,1.80238,1.80238,1971,388,5,1288,0,0,0,0,0,3655,4587.37,1.0905,23.2045,584359,184,55262,2234,1715218,736,221048,8936,32,4,867412,1712166,27757184,6848664,34605848,4,4,12,4,49,16,12,20,20,20260807,5,1,1,1,0,0,0,6539,0.272458,1,0.0015,0
2269,22014.7,8,0,2.84246,5.21138,0,0,0,8.05383,361,361,0,1,1.80238,1.80238,1971,388,5,1288,0,0,0,0,0,3655,4587.37,1.0905,23.2045,584359,184,55262,2234,1715218,736,221048,8936,32,4,867412,1712166,27757184,6848664,34605848,4,4,12,4,49,16,12,20,20,20260807,5,1,1,1,0,0,0,6539,0.272458,1,0.0015,0
2270,22022.4,8,0,2.49583,5.10062,0,0,0,7.59646,361,361,0,1,1.80238,1.80238,1971,388,5,1288,0,0,0,0,0,3655,4587.37,1.0905,23.2045,584359,184,55262,2234,1715218,736,221048,8936,32,4,867412,1712166,27757184,6848664,34605848,4,4,12,4,49,16,12,20,20,20260807,5,1,1,1,0,0,0,6539,0.272458,1,0.0015,0
2271,22029.2,7,0,2.31596,4.47708,0,0,0,6.79304,361,361,0,1,1.80238,1.80238,1971,388,5,1288,0,0,0,0,0,3655,4587.37,1.0905,23.2045,584359,184,55262,2234,1715218,736,221048,8936,32,4,867412,1712166,27757184,6848664,34605848,4,4,12,4,49,16,12,20,20,20260807,5,1,1,1,0,0,0,6539,0.272458,1,0.0015,0
2272,22036.7,7,0,2.32279,5.08625,0,0,0,7.40904,361,361,0,1,1.80238,1.80238,1971,388,5,1288,0,0,0,0,0,3655,4587.37,1.0905,23.2045,584359,184,55262,2234,1715218,736,221048,8936,32,4,867412,1712166,27757184,6848664,34605848,4,4,12,4,49,16,12,20,20,20260807,5,1,1,1,0,0,0,6539,0.272458,1,0.0015,0
2273,22045.9,10,0,2.34475,6.72608,0,0,0,9.07083,361,361,0,1,1.80238,1.80238,1971,388,5,1288,0,0,0,0,0,3655,4587.37,1.0905,23.2045,584359,184,55262,2234,1715218,736,221048,8936,32,4,867412,1712166,27757184,6848664,34605848,4,4,12,4,49,16,12,20,20,20260807,5,1,1,1,0,0,0,6540,0.2725,1,0.0015,1
2274,22053.3,7,0,2.20213,5.03963,0,0,0,7.24175,361,361,0,1,1.80238,1.80238,1971,388,5,1288,0,0,0,0,0,3655,4587.37,1.0905,23.2045,584359,184,55262,2234,1715218,736,221048,8936,32,4,867412,1712166,27757184,6848664,34605848,4,4,12,4,49,16,12,20,20,20260807,5,1,1,1,0,0,0,6540,0.2725,1,0.0015,0
2275,22063.1,10,0,2.38317,7.2975,0,0,0,9.68067,361,361,0,1,1.80238,1.80238,1971,388,5,1288,0,0,0,0,0,3655,4587.37,1.0905,23.2045,584359,184,55262,2234,1715218,736,221048,8936,32,4,867412,1712166,27757184,6848664,34605848,4,4,12,4,49,16,12,20,20,20260807,5,1,1,1,0,0,0,6540,0.2725,1,0.0015,0
2276,22069.9,7,0,2.34954,4.44679,0,0,0,6.79633,361,361,0,1,1.80238,1.80238,1971,388,5,1288,0,0,0,0,0,3655,4587.37,1.0905,23.2045,584359,184,55262,2234,1715218,736,221048,8936,32,4,867412,1712166,27757184,6848664,34605848,4,4,12,4,49,16,12,20,20,20260807,5,1,1,1,0,0,0,6540,0.2725,1,0.0015,0
2277,22079.6,9,0,2.57992,6.94133,0,0,0,9.52125,361,361,0,1,1.80238,1.80238,1971,388,5,1288,0,0,0,0,0,3655,4587.37,1.0905,23.2045,584359,184,55262,2234,1715218,736,221048,8936,32,4,867412,1712166,27757184,6848664,34605848,4,4,12,4,49,16,12,20,20,20260807,5,1,1,1,0,0,0,6540,0.2725,1,0.0015,0
2278,22086.6,7,0,2.36483,4.63175,0,0,0,6.99658,361,361,0,1,1.80238,1.80238,1971,388,5,1288,0,0,0,0,0,3655,4587.37,1.0905,23.2045,584359,184,55262,2234,1715218,736,221048,8936,32,4,867412,1712166,27757184,6848664,34605848,4,4,12,4,49,16,12,20,20,20260807,5,1,1,1,0,0,0,6540,0.2725,1,0.0015,0
2279,22096.3,10,0,2.40942,7.15562,0,0,0,9.56504,361,361,0,1,1.80238,1.80238,1971,388,5,1288,0,0,0,0,0,3655,4587.37,1.0905,23.2045,584359,184,55262,2234,1715218,736,221048,8936,32,4,867412,1712166,27757184,6848664,34605848,4,4,12,4,49,16,12,20,20,20260807,5,1,1,1,0,0,0,6541,0.272542,1,0.0015,1
2280,22103.9,8,0,2.49454,5.02917,0,0,0,7.52371,361,361,0,1,1.80238,1.80238,1971,388,5,1288,0,0,0,0,0,3655,4587.37,1.0905,23.2045,584359,184,55262,2234,1715218,736,221048,8936,32,4,867412,1712166,27757184,6848664,34605848,4,4,12,4,49,16,12,20,20,20260807,5,1,1,1,0,0,0,6541,0.272542,1,0.0015,0
2281,22112.7,8,0,2.55029,6.07579,0,0,0,8.62608,361,361,0,1,1.80238,1.80238,1971,388,5,1288,0,0,0,0,0,3655,4587.37,1.0905,23.2045,584359,184,55262,2234,1715218,736,221048,8936,32,4,867412,1712166,27757184,6848664,34605848,4,4,12,4,49,16,12,20,20,20260807,5,1,1,1,0,0,0,6541,0.272542,1,0.0015,0
2282,22120.3,8,0,2.65946,4.86246,0,0,0,7.52192,361,361,0,1,1.80238,1.80238,1971,388,5,1288,0,0,0,0,0,3655,4587.37,1.0905,23.2045,584359,184,55262,2234,1715218,736,221048,8936,32,4,867412,1712166,27757184,6848664,34605848,4,4,12,4,49,16,12,20,20,20260807,5,1,1,1,0,0,0,6541,0.272542,1,0.0015,0
2283,22131.2,11,0,2.74804,8.03929,0,0,0,10.7873,361,361,0,1,1.80238,1.80238,1971,388,5,1288,0,0,0,0,0,3655,4587.37,1.0905,23.2045,584359,184,55262,2234,1715218,736,221048,8936,32,4,867412,1712166,27757184,6848664,34605848,4,4,12,4,49,16,12,20,20,20260807,5,1,1,1,0,0,0,6541,0.272542,1,0.0015,0
2284,22138.9,8,0,2.71542,4.9685,0,0,0,7.68392,361,361,0,1,1.80238,1.80238,1971,388,5,1288,0,0,0,0,0,3655,4587.37,1.0905,23.2045,584359,184,55262,2234,1715218,736,221048,8936,32,4,867412,1712166,27757184,6848664,34605848,4,4,12,4,49,16,12,20,20,20260807,5,1,1,1,0,0,0,6541,0.272542,1,0.0015,0
2285,22146.7,7,0,2.36967,5.33233,0,0,0,7.702,361,361,0,1,1.80238,1.80238,1971,388,5,1288,0,0,0,0,0,3655,4587.37,1.0905,23.2045,584359,184,55262,2234,1715218,736,221048,8936,32,4,867412,1712166,27757184,6848664,34605848,4,4,12,4,49,16,12,20,20,20260807,5,1,1,1,0,0,0,6542,0.272583,1,0.0015,1
2286,22154.6,8,0,2.64542,5.16442,0,0,0,7.80983,361,361,0,1,1.80238,1.80238,1971,388,5,1288,0,0,0,0,0,3655,4587.37,1.0905,23.2045,584359,184,55262,2234,1715218,736,221048,8936,32,4,867412,1712166,27757184,6848664,34605848,4,4,12,4,49,16,12,20,20,20260807,5,1,1,1,0,0,0,6542,0.272583,1,0.0015,0
2287,22162.1,8,0,2.66863,4.74308,0,0,0,7.41171,361,361,0,1,1.80238,1.80238,1971,388,5,1288,0,0,0,0,0,3655,4587.37,1.0905,23.2045,584359,184,55262,2234,1715218,736,221048,8936,32,4,867412,1712166,27757184,6848664,34605848,4,4,12,4,49,16,12,20,20,20260807,5,1,1,1,0,0,0,6542,0.272583,1,0.0015,0
2288,22171.1,9,0,2.27771,5.59696,0,0,0,7.87467,361,361,0,1,1.80238,1.80238,1971,388,5,1288,0,0,0,0,0,3655,4587.37,1.0905,23.2045,584359,184,55262,2234,1715218,736,221048,8936,32,4,867412,1712166,27757184,6848664,34605848,4,4,12,4,49,16,12,20,20,20260807,5,1,1,1,0,0,0,6542,0.272583,1,0.0015,0
2289,22186.5,15,0,2.41042,12.849,0,0,0,15.2594,361,361,0,1,1.80238,1.80238,1971,388,5,1288,0,0,0,0,0,3655,4587.37,1.0905,23.2045,584359,184,55262,2234,1715218,736,221048,8936,32,4,867412,1712166,27757184,6848664,34605848,4,4,12,4,49,16,12,20,20,20260807,5,1,1,1,0,0,0,6542,0.272583,1,0.0015,0
2290,22193,7,0,2.40888,4.0075,0,0,0,6.41638,361,361,0,1,1.80238,1.80238,1971,388,5,1288,0,0,0,0,0,3655,4587.37,1.0905,23.2045,584359,184,55262,2234,1715218,736,221048,8936,32,4,867412,1712166,27757184,6848664,34605848,4,4,12,4,49,16,12,20,20,20260807,5,1,1,1,0,0,0,6543,0.272625,1,0.0015,1
2291,22199.6,6,0,2.23271,4.28183,0,0,0,6.51454,361,361,0,1,1.80238,1.80238,1971,388,5,1288,0,0,0,0,0,3655,4587.37,1.0905,23.2045,584359,184,55262,2234,1715218,736,221048,8936,32,4,867412,1712166,27757184,6848664,34605848,4,4,12,4,49,16,12,20,20,20260807,5,1,1,1,0,0,0,6543,0.272625,1,0.0015,0
2292,22213.1,14,0,2.53471,10.9417,0,0,0,13.4764,361,361,0,1,1.80238,1.80238,1971,388,5,1288,0,0,0,0,0,3655,4587.37,1.0905,23.2045,584359,184,55262,2234,1715218,736,221048,8936,32,4,867412,1712166,27757184,6848664,34605848,4,4,12,4,49,16,12,20,20,20260807,5,1,1,1,0,0,0,6543,0.272625,1,0.0015,0
2293,22220.2,7,0,2.41175,4.53792,0,0,0,6.94967,361,361,0,1,1.80238,1.80238,1971,388,5,1288,0,0,0,0,0,3655,4587.37,1.0905,23.2045,584359,184,55262,2234,1715218,736,221048,8936,32,4,867412,1712166,27757184,6848664,34605848,4,4,12,4,49,16,12,20,20,20260807,5,1,1,1,0,0,0,6543,0.272625,1,0.0015,0
2294,22229.9,10,0,2.34758,7.29946,0,0,0,9.64704,361,361,0,1,1.80238,1.80238,1971,388,5,1288,0,0,0,0,0,3655,4587.37,1.0905,23.2045,584359,184,55262,2234,1715218,736,221048,8936,32,4,867412,1712166,27757184,6848664,34605848,4,4,12,4,49,16,12,20,20,20260807,5,1,1,1,0,0,0,6543,0.272625,1,0.0015,0
2295,22246,16,0,2.32029,13.6397,0,0,0,15.96,361,361,0,1,1.80238,1.80238,1971,388,5,1288,0,0,0,0,0,3655,4587.37,1.0905,23.2045,584359,184,55262,2234,1715218,736,221048,8936,32,4,867412,1712166,27757184,6848664,34605848,4,4,12,4,49,16,12,20,20,20260807,5,1,1,1,0,0,0,6543,0.272625,1,0.0015,0
2296,22253,7,0,2.43221,4.51083,0,0,0,6.94304,361,361,0,1,1.80238,1.80238,1971,388,5,1288,0,0,0,0,0,3655,4587.37,1.0905,23.2045,584359,184,55262,2234,1715218,736,221048,8936,32,4,867412,1712166,27757184,6848664,34605848,4,4,12,4,49,16,12,20,20,20260807,5,1,1,1,0,0,0,6544,0.272667,1,0.0015,1
2297,22262.7,9,0,2.37379,7.18983,0,0,0,9.56363,361,361,0,1,1.80238,1.80238,1971,388,5,1288,0,0,0,0,0,3655,4587.37,1.0905,23.2045,584359,184,55262,2234,1715218,736,221048,8936,32,4,867412,1712166,27757184,6848664,34605848,4,4,12,4,49,16,12,20,20,20260807,5,1,1,1,0,0,0,6544,0.272667,1,0.0015,0
2298,22270.2,8,0,2.36379,5.05279,0,0,0,7.41658,361,361,0,1,1.80238,1.80238,1971,388,5,1288,0,0,0,0,0,3655,4587.37,1.0905,23.2045,584359,184,55262,2234,1715218,736,221048,8936,32,4,867412,1712166,27757184,6848664,34605848,4,4,12,4,49,16,12,20,20,20260807,5,1,1,1,0,0,0,6544,0.272667,1,0.0015,0
2299,22279,9,0,2.26971,6.46117,0,0,0,8.73087,361,361,0,1,1.80238,1.80238,1971,388,5,1288,0,0,0,0,0,3655,4587.37,1.0905,23.2045,584359,184,55262,2234,1715218,736,221048,8936,32,4,867412,1712166,27757184,6848664,34605848,4,4,12,4,49,16,12,20,20,20260807,5,1,1,1,0,0,0,6544,0.272667,1,0.0015,0
2300,22286,7,0,2.49575,4.50417,0,0,0,6.99992,361,361,0,1,1.80238,1.80238,1971,388,5,1288,0,0,0,0,0,3655,4587.37,1.0905,23.2045,584359,184,55262,2234,1715218,736,221048,8936,32,4,867412,1712166,27757184,6848664,34605848,4,4,12,4,49,16,12,20,20,20260807,5,1,1,1,0,0,0,6544,0.272667,1,0.0015,0
2301,22295.7,9,0,2.41483,7.15121,0,0,0,9.56604,361,361,0,1,1.80238,1.80238,1971,388,5,1288,0,0,0,0,0,3655,4587.37,1.0905,23.2045,584359,184,55262,2234,1715218,736,221048,8936,32,4,867412,1712166,27757184,6848664,34605848,4,4,12,4,49,16,12,20,20,20260807,5,1,1,1,0,0,0,6545,0.272708,1,0.0015,1
2302,22303,8,0,2.61596,4.6005,0,0,0,7.21646,361,361,0,1,1.80238,1.80238,1971,388,5,1288,0,0,0,0,0,3655,4587.37,1.0905,23.2045,584359,184,55262,2234,1715218,736,221048,8936,32,4,867412,1712166,27757184,6848664,34605848,4,4,12,4,49,16,12,20,20,20260807,5,1,1,1,0,0,0,6545,0.272708,1,0.0015,0
2303,22313,10,0,2.32488,7.60858,0,0,0,9.93346,361,361,0,1,1.80238,1.80238,1971,388,5,1288,0,0,0,0,0,3655,4587.37,1.0905,23.2045,584359,184,55262,2234,1715218,736,221048,8936,32,4,867412,1712166,27757184,6848664,34605848,4,4,12,4,49,16,12,20,20,20260807,5,1,1,1,0,0,0,6545,0.272708,1,0.0015,0
2304,22320.2,7,0,2.27308,4.79237,0,0,0,7.06546,361,361,0,1,1.80238,1.80238,1971,388,5,1288,0,0,0,0,0,3655,4587.37,1.0905,23.2045,584359,184,55262,2234,1715218,736,221048,8936,32,4,867412,1712166,27757184,6848664,34605848,4,4,12,4,49,16,12,20,20,20260807,5,1,1,1,0,0,0,6545,0.272708,1,0.0015,0
2305,22329.7,9,0,2.264,7.20204,0,0,0,9.46604,361,361,0,1,1.80238,1.80238,1971,388,5,1288,0,0,0,0,0,3655,4587.37,1.0905,23.2045,584359,184,55262,2234,1715218,736,221048,8936,32,4,867412,1712166,27757184,6848664,34605848,4,4,12,4,49,16,12,20,20,20260807,5,1,1,1,0,0,0,6545,0.272708,1,0.0015,0
2306,22336.2,7,0,2.24025,4.14346,0,0,0,6.38371,361,361,0,1,1.80238,1.80238,1971,388,5,1288,0,0,0,0,0,3655,4587.37,1.0905,23.2045,584359,184,55262,2234,1715218,736,221048,8936,32,4,867412,1712166,27757184,6848664,34605848,4,4,12,4,49,16,12,20,20,20260807,5,1,1,1,0,0,0,6545,0.272708,1,0.0015,0
2307,22346.2,10,0,2.33179,7.61637,0,0,0,9.94817,361,361,0,1,1.80238,1.80238,1971,388,5,1288,0,0,0,0,0,3655,4587.37,1.0905,23.2045,584359,184,55262,2234,1715218,736,221048,8936,32,4,867412,1712166,27757184,6848664,34605848,4,4,12,4,49,16,12,20,20,20260807,5,1,1,1,0,0,0,6546,0.27275,1,0.0015,1
2308,22352.4,6,0,2.25338,3.83654,0,0,0,6.08992,361,361,0,1,1.80238,1.80238,1971,388,5,1288,0,0,0,0,0,3655,4587.37,1.0905,23.2045,584359,184,55262,2234,1715218,736,221048,8936,32,4,867412,1712166,27757184,6848664,34605848,4,4,12,4,49,16,12,20,20,20260807,5,1,1,1,0,0,0,6546,0.27275,1,0.0015,0
2309,22362.1,10,0,2.32458,7.35146,0,0,0,9.67604,361,361,0,1,1.80238,1.80238,1971,388,5,1288,0,0,0,0,0,3655,4587.37,1.0905,23.2045,584359,184,55262,2234,1715218,736,221048,8936,32,4,867412,1712166,27757184,6848664,34605848,4,4,12,4,49,16,12,20,20,20260807,5,1,1,1,0,0,0,6546,0.27275,1,0.0015,0
2310,22368.3,6,0,2.29287,3.80958,0,0,0,6.10246,361,361,0,1,1.80238,1.80238,1971,388,5,1288,0,0,0,0,0,3655,4587.37,1.0905,23.2045,584359,184,55262,2234,1715218,736,221048,8936,32,4,867412,1712166,27757184,6848664,34605848,4,4,12,4,49,16,12,20,20,20260807,5,1,1,1,0,0,0,6546,0.27275,1,0.0015,0
2311,22379.1,11,0,2.12304,8.55717,0,0,0,10.6802,361,361,0,1,1.80238,1.80238,1971,388,5,1288,0,0,0,0,0,3655,4587.37,1.0905,23.2045,584359,184,55262,2234,1715218,736,221048,8936,32,4,867412,1712166,27757184,6848664,34605848,4,4,12,4,49,16,12,20,20,20260807,5,1,1,1,0,0,0,6546,0.27275,1,0.0015,0
2312,22385.6,6,0,2.37575,3.9975,0,0,0,6.37325,361,361,0,1,1.80238,1.80238,1971,388,5,1288,0,0,0,0,0,3655,4587.37,1.0905,23.2045,584359,184,55262,2234,1715218,736,221048,8936,32,4,867412,1712166,27757184,6848664,34605848,4,4,12,4,49,16,12,20,20,20260807,5,1,1,1,0,0,0,6546,0.27275,1,0.0015,0
2313,22395.3,10,0,2.23242,7.47037,0,0,0,9.70279,361,361,0,1,1.80238,1.80238,1971,388,5,1288,0,0,0,0,0,3655,4587.37,1.0905,23.2045,584359,184,55262,2234,1715218,736,221048,8936,32,4,867412,1712166,27757184,6848664,34605848,4,4,12,4,49,16,12,20,20,20260807,5,1,1,1,0,0,0,6547,0.272792,1,0.0015,1
2314,22401.5,6,0,2.30233,3.72492,0,0,0,6.02725,361,361,0,1,1.80238,1.80238,1971,388,5,1288,0,0,0,0,0,3655,4587.37,1.0905,23.2045,584359,184,55262,2234,1715218,736,221048,8936,32,4,867412,1712166,27757184,6848664,34605848,4,4,12,4,49,16,12,20,20,20260807,5,1,1,1,0,0,0,6547,0.272792,1,0.0015,0
2315,22412.1,11,0,2.28279,8.26892,0,0,0,10.5517,361,361,0,1,1.80238,1.80238,1971,388,5,1288,0,0,0,0,0,3655,4587.37,1.0905,23.2045,584359,184,55262,2234,1715218,736,221048,8936,32,4,867412,1712166,27757184,6848664,34605848,4,4,12,4,49,16,12,20,20,20260807,5,1,1,1,0,0,0,6547,0.272792,1,0.0015,0
2316,22418.9,7,0,2.36454,4.31571,0,0,0,6.68025,361,361,0,1,1.80238,1.80238,1971,388,5,1288,0,0,0,0,0,3655,4587.37,1.0905,23.2045,584359,184,55262,2234,1715218,736,221048,8936,32,4,867412,1712166,27757184,6848664,34605848,4,4,12,4,49,16,12,20,20,20260807,5,1,1,1,0,0,0,6547,0.272792,1,0.0015,0
2317,22428.8,9,0,2.30121,7.50992,0,0,0,9.81113,361,361,0,1,1.80238,1.80238,1971,388,5,1288,0,0,0,0,0,3655,4587.37,1.0905,23.2045,584359,184,55262,2234,1715218,736,221048,8936,32,4,867412,1712166,27757184,6848664,34605848,4,4,12,4,49,16,12,20,20,20260807,5,1,1,1,0,0,0,6547,0.272792,1,0.0015,0
2318,22435.3,7,0,2.35042,4.06717,0,0,0,6.41758,361,361,0,1,1.80238,1.80238,1971,388,5,1288,0,0,0,0,0,3655,4587.37,1.0905,23.2045,584359,184,55262,2234,1715218,736,221048,8936,32,4,867412,1712166,27757184,6848664,34605848,4,4,12,4,49,16,12,20,20,20260807,5,1,1,1,0,0,0,6547,0.272792,1,0.0015,0
2319,22445.2,10,0,2.29738,7.58008,0,0,0,9.87746,361,361,0,1,1.80238,1.80238,1971,388,5,1288,0,0,0,0,0,3655,4587.37,1.0905,23.2045,584359,184,55262,2234,1715218,736,221048,8936,32,4,867412,1712166,27757184,6848664,34605848,4,4,12,4,49,16,12,20,20,20260807,5,1,1,1,0,0,0,6548,0.272833,1,0.0015,1
2320,22451.7,6,0,2.27396,4.08842,0,0,0,6.36238,361,361,0,1,1.80238,1.80238,1971,388,5,1288,0,0,0,0,0,3655,4587.37,1.0905,23.2045,584359,184,55262,2234,1715218,736,221048,8936,32,4,867412,1712166,27757184,6848664,34605848,4,4,12,4,49,16,12,20,20,20260807,5,1,1,1,0,0,0,6548,0.272833,1,0.0015,0
2321,22462,11,0,2.14158,8.1175,0,0,0,10.2591,361,361,0,1,1.80238,1.80238,1971,388,5,1288,0,0,0,0,0,3655,4587.37,1.0905,23.2045,584359,184,55262,2234,1715218,736,221048,8936,32,4,867412,1712166,27757184,6848664,34605848,4,4,12,4,49,16,12,20,20,20260807,5,1,1,1,0,0,0,6548,0.272833,1,0.0015,0
2322,22468.9,6,0,2.35483,4.50283,0,0,0,6.85767,361,361,0,1,1.80238,1.80238,1971,388,5,1288,0,0,0,0,0,3655,4587.37,1.0905,23.2045,584359,184,55262,2234,1715218,736,221048,8936,32,4,867412,1712166,27757184,6848664,34605848,4,4,12,4,49,16,12,20,20,20260807,5,1,1,1,0,0,0,6548,0.272833,1,0.0015,0
2323,22483,14,0,2.32825,11.6187,0,0,0,13.9469,361,361,0,1,1.80238,1.80238,1971,388,5,1288,0,0,0,0,0,3655,4587.37,1.0905,23.2045,584359,184,55262,2234,1715218,736,221048,8936,32,4,867412,1712166,27757184,6848664,34605848,4,4,12,4,49,16,12,20,20,20260807,5,1,1,1,0,0,0,6548,0.272833,1,0.0015,0
2324,22499.9,17,0,2.37658,14.4377,0,0,0,16.8143,361,361,0,1,1.80238,1.80238,1971,388,5,1288,0,0,0,0,0,3655,4587.37,1.0905,23.2045,584359,184,55262,2234,1715218,736,221048,8936,32,4,867412,1712166,27757184,6848664,34605848,4,4,12,4,49,16,12,20,20,20260807,5,1,1,1,0,0,0,6549,0.272875,1,0.0015,1
2325,22520.3,21,0,2.40488,17.935,0,0,0,20.3398,361,361,0,1,1.80238,1.80238,1971,388,5,1288,0,0,0,0,0,3655,4587.37,1.0905,23.2045,584359,184,55262,2234,1715218,736,221048,8936,32,4,867412,1712166,27757184,6848664,34605848,4,4,12,4,49,16,12,20,20,20260807,5,1,1,1,0,0,0,6549,0.272875,1,0.0015,0
2326,22529,9,0,2.25188,6.29675,0,0,0,8.54862,361,361,0,1,1.80238,1.80238,1971,388,5,1288,0,0,0,0,0,3655,4587.37,1.0905,23.2045,584359,184,55262,2234,1715218,736,221048,8936,32,4,867412,1712166,27757184,6848664,34605848,4,4,12,4,49,16,12,20,20,20260807,5,1,1,1,0,0,0,6549,0.272875,1,0.0015,0
2327,22536.2,7,0,2.43363,4.76967,0,0,0,7.20329,361,361,0,1,1.80238,1.80238,1971,388,5,1288,0,0,0,0,0,3655,4587.37,1.0905,23.2045,584359,184,55262,2234,1715218,736,221048,8936,32,4,867412,1712166,27757184,6848664,34605848,4,4,12,4,49,16,12,20,20,20260807,5,1,1,1,0,0,0,6549,0.272875,1,0.0015,0
2328,22546,10,0,2.423,7.23475,0,0,0,9.65775,361,361,0,1,1.80238,1.80238,1971,388,5,1288,0,0,0,0,0,3655,4587.37,1.0905,23.2045,584359,184,55262,2234,1715218,736,221048,8936,32,4,867412,1712166,27757184,6848664,34605848,4,4,12,4,49,16,12,20,20,20260807,5,1,1,1,0,0,0,6550,0.272917,1,0.0015,1
2329,22552.7,6,0,2.38929,4.28792,0,0,0,6.67721,361,361,0,1,1.80238,1.80238,1971,388,5,1288,0,0,0,0,0,3655,4587.37,1.0905,23.2045,584359,184,55262,2234,1715218,736,221048,8936,32,4,867412,1712166,27757184,6848664,34605848,4,4,12,4,49,16,12,20,20,20260807,5,1,1,1,0,0,0,6550,0.272917,1,0.0015,0
2330,22562.1,10,0,2.22942,7.04421,0,0,0,9.27362,361,361,0,1,1.80238,1.80238,1971,388,5,1288,0,0,0,0,0,3655,4587.37,1.0905,23.2045,584359,184,55262,2234,1715218,736,221048,8936,32,4,867412,1712166,27757184,6848664,34605848,4,4,12,4,49,16,12,20,20,20260807,5,1,1,1,0,0,0,6550,0.272917,1,0.0015,0
2331,22568.8,6,0,2.36821,4.2535,0,0,0,6.62171,361,361,0,1,1.80238,1.80238,1971,388,5,1288,0,0,0,0,0,3655,4587.37,1.0905,23.2045,584359,184,55262,2234,1715218,736,221048,8936,32,4,867412,1712166,27757184,6848664,34605848,4,4,12,4,49,16,12,20,20,20260807,5,1,1,1,0,0,0,6550,0.272917,1,0.0015,0
2332,22581.2,13,0,2.43725,9.8985,0,0,0,12.3358,361,361,0,1,1.80238,1.80238,1971,388,5,1288,0,0,0,0,0,3655,4587.37,1.0905,23.2045,584359,184,55262,2234,1715218,736,221048,8936,32,4,867412,1712166,27757184,6848664,34605848,4,4,12,4,49,16,12,20,20,20260807,5,1,1,1,0,0,0,6550,0.272917,1,0.0015,0
2333,22588.3,7,0,2.34833,4.69108,0,0,0,7.03942,361,361,0,1,1.80238,1.80238,1971,388,5,1288,0,0,0,0,0,3655,4587.37,1.0905,23.2045,584359,184,55262,2234,1715218,736,221048,8936,32,4,867412,1712166,27757184,6848664,34605848,4,4,12,4,49,16,12,20,20,20260807,5,1,1,1,0,0,0,6550,0.272917,1,0.0015,0
2334,22595.5,7,0,2.39817,4.71196,0,0,0,7.11013,361,361,0,1,1.80238,1.80238,1971,388,5,1288,0,0,0,0,0,3655,4587.37,1.0905,23.2045,584359,184,55262,2234,1715218,736,221048,8936,32,4,867412,1712166,27757184,6848664,34605848,4,4,12,4,49,16,12,20,20,20260807,5,1,1,1,0,0,0,6551,0.272958,1,0.0015,1
2335,22602.5,7,0,2.43729,4.45371,0,0,0,6.891,361,361,0,1,1.80238,1.80238,1971,388,5,1288,0,0,0,0,0,3655,4587.37,1.0905,23.2045,584359,184,55262,2234,1715218,736,221048,8936,32,4,867412,1712166,27757184,6848664,34605848,4,4,12,4,49,16,12,20,20,20260807,5,1,1,1,0,0,0,6551,0.272958,1,0.0015,0
2336,22612.9,11,0,2.36687,7.89404,0,0,0,10.2609,361,361,0,1,1.80238,1.80238,1971,388,5,1288,0,0,0,0,0,3655,4587.37,1.0905,23.2045,584359,184,55262,2234,1715218,736,221048,8936,32,4,867412,1712166,27757184,6848664,34605848,4,4,12,4,49,16,12,20,20,20260807,5,1,1,1,0,0,0,6551,0.272958,1,0.0015,0
2337,22619.8,6,0,2.37129,4.44779,0,0,0,6.81908,361,361,0,1,1.80238,1.80238,1971,388,5,1288,0,0,0,0,0,3655,4587.37,1.0905,23.2045,584359,184,55262,2234,1715218,736,221048,8936,32,4,867412,1712166,27757184,6848664,34605848,4,4,12,4,49,16,12,20,20,20260807,5,1,1,1,0,0,0,6551,0.272958,1,0.0015,0
2338,22630.2,11,0,2.33487,7.96629,0,0,0,10.3012,361,361,0,1,1.80238,1.80238,1971,388,5,1288,0,0,0,0,0,3655,4587.37,1.0905,23.2045,584359,184,55262,2234,1715218,736,221048,8936,32,4,867412,1712166,27757184,6848664,34605848,4,4,12,4,49,16,12,20,20,20260807,5,1,1,1,0,0,0,6551,0.272958,1,0.0015,0
2339,22637.3,7,0,2.28929,4.71504,0,0,0,7.00433,361,361,0,1,1.80238,1.80238,1971,388,5,1288,0,0,0,0,0,3655,4587.37,1.0905,23.2045,584359,184,55262,2234,1715218,736,221048,8936,32,4,867412,1712166,27757184,6848664,34605848,4,4,12,4,49,16,12,20,20,20260807,5,1,1,1,0,0,0,6551,0.272958,1,0.0015,0
2340,22647.7,10,0,2.30354,8.08538,0,0,0,10.3889,361,361,0,1,1.80238,1.80238,1971,388,5,1288,0,0,0,0,0,3655,4587.37,1.0905,23.2045,584359,184,55262,2234,1715218,736,221048,8936,32,4,867412,1712166,27757184,6848664,34605848,4,4,12,4,49,16,12,20,20,20260807,5,1,1,1,0,0,0,6552,0.273,1,0.0015,1
2341,22654.7,7,0,2.18096,4.65821,0,0,0,6.83917,361,361,0,1,1.80238,1.80238,1971,388,5,1288,0,0,0,0,0,3655,4587.37,1.0905,23.2045,584359,184,55262,2234,1715218,736,221048,8936,32,4,867412,1712166,27757184,6848664,34605848,4,4,12,4,49,16,12,20,20,20260807,5,1,1,1,0,0,0,6552,0.273,1,0.0015,0
2342,22663,9,0,2.29604,5.98175,0,0,0,8.27779,361,361,0,1,1.80238,1.80238,1971,388,5,1288,0,0,0,0,0,3655,4587.37,1.0905,23.2045,584359,184,55262,2234,1715218,736,221048,8936,32,4,867412,1712166,27757184,6848664,34605848,4,4,12,4,49,16,12,20,20,20260807,5,1,1,1,0,0,0,6552,0.273,1,0.0015,0
2343,22670,7,0,2.38413,4.55392,0,0,0,6.93804,361,361,0,1,1.80238,1.80238,1971,388,5,1288,0,0,0,0,0,3655,4587.37,1.0905,23.2045,584359,184,55262,2234,1715218,736,221048,8936,32,4,867412,1712166,27757184,6848664,34605848,4,4,12,4,49,16,12,20,20,20260807,5,1,1,1,0,0,0,6552,0.273,1,0.0015,0
2344,22679.6,9,0,3.423,6.09671,0,0,0,9.51971,361,361,0,1,1.80238,1.80238,1971,388,5,1288,0,0,0,0,0,3655,4587.37,1.0905,23.2045,584359,184,55262,2234,1715218,736,221048,8936,32,4,867412,1712166,27757184,6848664,34605848,4,4,12,4,49,16,12,20,20,20260807,5,1,1,1,0,0,0,6552,0.273,1,0.0015,0
2345,22686.9,8,0,2.16712,5.02596,0,0,0,7.19308,361,361,0,1,1.80238,1.80238,1971,388,5,1288,0,0,0,0,0,3655,4587.37,1.0905,23.2045,584359,184,55262,2234,1715218,736,221048,8936,32,4,867412,1712166,27757184,6848664,34605848,4,4,12,4,49,16,12,20,20,20260807,5,1,1,1,0,0,0,6552,0.273,1,0.0015,0
2346,22695.9,9,0,2.32667,6.56363,0,0,0,8.89029,361,361,0,1,1.80238,1.80238,1971,388,5,1288,0,0,0,0,0,3655,4587.37,1.0905,23.2045,584359,184,55262,2234,1715218,736,221048,8936,32,4,867412,1712166,27757184,6848664,34605848,4,4,12,4,49,16,12,20,20,20260807,5,1,1,1,0,0,0,6553,0.273042,1,0.0015,1
2347,22703.5,7,0,2.24975,5.18433,0,0,0,7.43408,361,361,0,1,1.80238,1.80238,1971,388,5,1288,0,0,0,0,0,3655,4587.37,1.0905,23.2045,584359,184,55262,2234,1715218,736,221048,8936,32,4,867412,1712166,27757184,6848664,34605848,4,4,12,4,49,16,12,20,20,20260807,5,1,1,1,0,0,0,6553,0.273042,1,0.0015,0
2348,22713,10,0,2.27125,7.11258,0,0,0,9.38383,361,361,0,1,1.80238,1.80238,1971,388,5,1288,0,0,0,0,0,3655,4587.37,1.0905,23.2045,584359,184,55262,2234,1715218,736,221048,8936,32,4,867412,1712166,27757184,6848664,34605848,4,4,12,4,49,16,12,20,20,20260807,5,1,1,1,0,0,0,6553,0.273042,1,0.0015,0
2349,22720.9,8,0,2.52108,5.28983,0,0,0,7.81092,361,361,0,1,1.80238,1.80238,1971,388,5,1288,0,0,0,0,0,3655,4587.37,1.0905,23.2045,584359,184,55262,2234,1715218,736,221048,8936,32,4,867412,1712166,27757184,6848664,34605848,4,4,12,4,49,16,12,20,20,20260807,5,1,1,1,0,0,0,6553,0.273042,1,0.0015,0
2350,22728.9,8,0,2.22258,5.735,0,0,0,7.95758,361,361,0,1,1.80238,1.80238,1971,388,5,1288,0,0,0,0,0,3655,4587.37,1.0905,23.2045,584359,184,55262,2234,1715218,736,221048,8936,32,4,867412,1712166,27757184,6848664,34605848,4,4,12,4,49,16,12,20,20,20260807,5,1,1,1,0,0,0,6553,0.273042,1,0.0015,0
2351,22739.4,10,0,6.52142,3.83183,0,0,0,10.3532,361,361,0,1,1.80238,1.80238,1971,388,5,1288,0,0,0,0,0,3655,4587.37,1.0905,23.2045,584359,184,55262,2234,1715218,736,221048,8936,32,4,867412,1712166,27757184,6848664,34605848,4,4,12,4,49,16,12,20,20,20260807,5,1,1,1,0,0,0,6553,0.273042,1,0.0015,0
2352,22745.9,7,0,2.31533,4.08154,0,0,0,6.39687,361,361,0,1,1.80238,1.80238,1971,388,5,1288,0,0,0,0,0,3655,4587.37,1.0905,23.2045,584359,184,55262,2234,1715218,736,221048,8936,32,4,867412,1712166,27757184,6848664,34605848,4,4,12,4,49,16,12,20,20,20260807,5,1,1,1,0,0,0,6554,0.273083,1,0.0015,1
2353,22763.5,17,0,2.5965,14.9487,0,0,0,17.5452,361,361,0,1,1.80238,1.80238,1971,388,5,1288,0,0,0,0,0,3655,4587.37,1.0905,23.2045,584359,184,55262,2234,1715218,736,221048,8936,32,4,867412,1712166,27757184,6848664,34605848,4,4,12,4,49,16,12,20,20,20260807,5,1,1,1,0,0,0,6554,0.273083,1,0.0015,0
2354,22770.8,7,0,2.69833,4.55146,0,0,0,7.24979,361,361,0,1,1.80238,1.80238,1971,388,5,1288,0,0,0,0,0,3655,4587.37,1.0905,23.2045,584359,184,55262,2234,1715218,736,221048,8936,32,4,867412,1712166,27757184,6848664,34605848,4,4,12,4,49,16,12,20,20,20260807,5,1,1,1,0,0,0,6554,0.273083,1,0.0015,0
2355,22779.3,9,0,2.35292,6.00408,0,0,0,8.357,361,361,0,1,1.80238,1.80238,1971,388,5,1288,0,0,0,0,0,3655,4587.37,1.0905,23.2045,584359,184,55262,2234,1715218,736,221048,8936,32,4,867412,1712166,27757184,6848664,34605848,4,4,12,4,49,16,12,20,20,20260807,5,1,1,1,0,0,0,6554,0.273083,1,0.0015,0
2356,22786.4,7,0,2.30979,4.69004,0,0,0,6.99983,361,361,0,1,1.80238,1.80238,1971,388,5,1288,0,0,0,0,0,3655,4587.37,1.0905,23.2045,584359,184,55262,2234,1715218,736,221048,8936,32,4,867412,1712166,27757184,6848664,34605848,4,4,12,4,49,16,12,20,20,20260807,5,1,1,1,0,0,0,6554,0.273083,1,0.0015,0
2357,22795.7,9,0,2.36483,6.92442,0,0,0,9.28925,361,361,0,1,1.80238,1.80238,1971,388,5,1288,0,0,0,0,0,3655,4587.37,1.0905,23.2045,584359,184,55262,2234,1715218,736,221048,8936,32,4,867412,1712166,27757184,6848664,34605848,4,4,12,4,49,16,12,20,20,20260807,5,1,1,1,0,0,0,6555,0.273125,1,0.0015,1
2358,22802.4,7,0,2.29813,4.316,0,0,0,6.61412,361,361,0,1,1.80238,1.80238,1971,388,5,1288,0,0,0,0,0,3655,4587.37,1.0905,23.2045,584359,184,55262,2234,1715218,736,221048,8936,32,4,867412,1712166,27757184,6848664,34605848,4,4,12,4,49,16,12,20,20,20260807,5,1,1,1,0,0,0,6555,0.273125,1,0.0015,0
2359,22814.5,12,0,2.42446,9.56054,0,0,0,11.985,361,361,0,1,1.80238,1.80238,1971,388,5,1288,0,0,0,0,0,3655,4587.37,1.0905,23.2045,584359,184,55262,2234,1715218,736,221048,8936,32,4,867412,1712166,27757184,6848664,34605848,4,4,12,4,49,16,12,20,20,20260807,5,1,1,1,0,0,0,6555,0.273125,1,0.0015,0
2360,22829.9,16,0,2.59583,12.7642,0,0,0,15.36,361,361,0,1,1.80238,1.80238,1971,388,5,1288,0,0,0,0,0,3655,4587.37,1.0905,23.2045,584359,184,55262,2234,1715218,736,221048,8936,32,4,867412,1712166,27757184,6848664,34605848,4,4,12,4,49,16,12,20,20,20260807,5,1,1,1,0,0,0,6555,0.273125,1,0.0015,0
2361,22836.8,6,0,2.30613,4.42604,0,0,0,6.73217,361,361,0,1,1.80238,1.80238,1971,388,5,1288,0,0,0,0,0,3655,4587.37,1.0905,23.2045,584359,184,55262,2234,1715218,736,221048,8936,32,4,867412,1712166,27757184,6848664,34605848,4,4,12,4,49,16,12,20,20,20260807,5,1,1,1,0,0,0,6555,0.273125,1,0.0015,0
2362,22845.9,10,0,2.33429,6.68213,0,0,0,9.01642,361,361,0,1,1.80238,1.80238,1971,388,5,1288,0,0,0,0,0,3655,4587.37,1.0905,23.2045,584359,184,55262,2234,1715218,736,221048,8936,32,4,867412,1712166,27757184,6848664,34605848,4,4,12,4,49,16,12,20,20,20260807,5,1,1,1,0,0,0,6556,0.273167,1,0.0015,1
2363,22852.9,7,0,2.42813,4.46138,0,0,0,6.8895,361,361,0,1,1.80238,1.80238,1971,388,5,1288,0,0,0,0,0,3655,4587.37,1.0905,23.2045,584359,184,55262,2234,1715218,736,221048,8936,32,4,867412,1712166,27757184,6848664,34605848,4,4,12,4,49,16,12,20,20,20260807,5,1,1,1,0,0,0,6556,0.273167,1,0.0015,0
2364,22863,10,0,2.33967,7.67612,0,0,0,10.0158,361,361,0,1,1.80238,1.80238,1971,388,5,1288,0,0,0,0,0,3655,4587.37,1.0905,23.2045,584359,184,55262,2234,1715218,736,221048,8936,32,4,867412,1712166,27757184,6848664,34605848,4,4,12,4,49,16,12,20,20,20260807,5,1,1,1,0,0,0,6556,0.273167,1,0.0015,0
2365,22870,7,0,2.42325,4.53275,0,0,0,6.956,361,361,0,1,1.80238,1.80238,1971,388,5,1288,0,0,0,0,0,3655,4587.37,1.0905,23.2045,584359,184,55262,2234,1715218,736,221048,8936,32,4,867412,1712166,27757184,6848664,34605848,4,4,12,4,49,16,12,20,20,20260807,5,1,1,1,0,0,0,6556,0.273167,1,0.0015,0
2366,22878.9,9,0,2.3045,6.48813,0,0,0,8.79262,361,361,0,1,1.80238,1.80238,1971,388,5,1288,0,0,0,0,0,3655,4587.37,1.0905,23.2045,584359,184,55262,2234,1715218,736,221048,8936,32,4,867412,1712166,27757184,6848664,34605848,4,4,12,4,49,16,12,20,20,20260807,5,1,1,1,0,0,0,6556,0.273167,1,0.0015,0
2367,22885.6,6,0,2.37438,4.2095,0,0,0,6.58387,361,361,0,1,1.80238,1.80238,1971,388,5,1288,0,0,0,0,0,3655,4587.37,1.0905,23.2045,584359,184,55262,2234,1715218,736,221048,8936,32,4,867412,1712166,27757184,6848664,34605848,4,4,12,4,49,16,12,20,20,20260807,5,1,1,1,0,0,0,6556,0.273167,1,0.0015,0
2368,22896.2,11,0,2.29317,8.27733,0,0,0,10.5705,361,361,0,1,1.80238,1.80238,1971,388,5,1288,0,0,0,0,0,3655,4587.37,1.0905,23.2045,584359,184,55262,2234,1715218,736,221048,8936,32,4,867412,1712166,27757184,6848664,34605848,4,4,12,4,49,16,12,20,20,20260807,5,1,1,1,0,0,0,6557,0.273208,1,0.0015,1
2369,22903.7,7,0,2.66042,4.73396,0,0,0,7.39438,361,361,0,1,1.80238,1.80238,1971,388,5,1288,0,0,0,0,0,3655,4587.37,1.0905,23.2045,584359,184,55262,2234,1715218,736,221048,8936,32,4,867412,1712166,27757184,6848664,34605848,4,4,12,4,49,16,12,20,20,20260807,5,1,1,1,0,0,0,6557,0.273208,1,0.0015,0
2370,22912.7,9,0,2.20296,6.67508,0,0,0,8.87804,361,361,0,1,1.80238,1.80238,1971,388,5,1288,0,0,0,0,0,3655,4587.37,1.0905,23.2045,584359,184,55262,2234,1715218,736,221048,8936,32,4,867412,1712166,27757184,6848664,34605848,4,4,12,4,49,16,12,20,20,20260807,5,1,1,1,0,0,0,6557,0.273208,1,0.0015,0
2371,22919.9,8,0,2.33763,4.8505,0,0,0,7.18813,361,361,0,1,1.80238,1.80238,1971,388,5,1288,0,0,0,0,0,3655,4587.37,1.0905,23.2045,584359,184,55262,2234,1715218,736,221048,8936,32,4,867412,1712166,27757184,6848664,34605848,4,4,12,4,49,16,12,20,20,20260807,5,1,1,1,0,0,0,6557,0.273208,1,0.0015,0
2372,22929.6,9,0,2.44671,7.15592,0,0,0,9.60262,361,361,0,1,1.80238,1.80238,1971,388,5,1288,0,0,0,0,0,3655,4587.37,1.0905,23.2045,584359,184,55262,2234,1715218,736,221048,8936,32,4,867412,1712166,27757184,6848664,34605848,4,4,12,4,49,16,12,20,20,20260807,5,1,1,1,0,0,0,6557,0.273208,1,0.0015,0
2373,22936.7,7,0,2.49704,4.44554,0,0,0,6.94258,361,361,0,1,1.80238,1.80238,1971,388,5,1288,0,0,0,0,0,3655,4587.37,1.0905,23.2045,584359,184,55262,2234,1715218,736,221048,8936,32,4,867412,1712166,27757184,6848664,34605848,4,4,12,4,49,16,12,20,20,20260807,5,1,1,1,0,0,0,6557,0.273208,1,0.0015,0
2374,22946.1,10,0,2.43121,6.93992,0,0,0,9.37112,361,361,0,1,1.80238,1.80238,1971,388,5,1288,0,0,0,0,0,3655,4587.37,1.0905,23.2045,584359,184,55262,2234,1715218,736,221048,8936,32,4,867412,1712166,27757184,6848664,34605848,4,4,12,4,49,16,12,20,20,20260807,5,1,1,1,0,0,0,6558,0.27325,1,0.0015,1
2375,22952.8,6,0,2.47079,4.13525,0,0,0,6.60604,361,361,0,1,1.80238,1.80238,1971,388,5,1288,0,0,0,0,0,3655,4587.37,1.0905,23.2045,584359,184,55262,2234,1715218,736,221048,8936,32,4,867412,1712166,27757184,6848664,34605848,4,4,12,4,49,16,12,20,20,20260807,5,1,1,1,0,0,0,6558,0.27325,1,0.0015,0
2376,22961.9,10,0,2.31829,6.69183,0,0,0,9.01013,361,361,0,1,1.80238,1.80238,1971,388,5,1288,0,0,0,0,0,3655,4587.37,1.0905,23.2045,584359,184,55262,2234,1715218,736,221048,8936,32,4,867412,1712166,27757184,6848664,34605848,4,4,12,4,49,16,12,20,20,20260807,5,1,1,1,0,0,0,6558,0.27325,1,0.0015,0
2377,22968.4,6,0,2.37892,4.01575,0,0,0,6.39467,361,361,0,1,1.80238,1.80238,1971,388,5,1288,0,0,0,0,0,3655,4587.37,1.0905,23.2045,584359,184,55262,2234,1715218,736,221048,8936,32,4,867412,1712166,27757184,6848664,34605848,4,4,12,4,49,16,12,20,20,20260807,5,1,1,1,0,0,0,6558,0.27325,1,0.0015,0
2378,22978.6,10,0,2.34267,7.77058,0,0,0,10.1133,361,361,0,1,1.80238,1.80238,1971,388,5,1288,0,0,0,0,0,3655,4587.37,1.0905,23.2045,584359,184,55262,2234,1715218,736,221048,8936,32,4,867412,1712166,27757184,6848664,34605848,4,4,12,4,49,16,12,20,20,20260807,5,1,1,1,0,0,0,6558,0.27325,1,0.0015,0
2379,22985.3,7,0,2.33637,4.2005,0,0,0,6.53688,361,361,0,1,1.80238,1.80238,1971,388,5,1288,0,0,0,0,0,3655,4587.37,1.0905,23.2045,584359,184,55262,2234,1715218,736,221048,8936,32,4,867412,1712166,27757184,6848664,34605848,4,4,12,4,49,16,12,20,20,20260807,5,1,1,1,0,0,0,6558,0.27325,1,0.0015,0
2380,22995.8,10,0,2.18113,8.22546,0,0,0,10.4066,361,361,0,1,1.80238,1.80238,1971,388,5,1288,0,0,0,0,0,3655,4587.37,1.0905,23.2045,584359,184,55262,2234,1715218,736,221048,8936,32,4,867412,1712166,27757184,6848664,34605848,4,4,12,4,49,16,12,20,20,20260807,5,1,1,1,0,0,0,6559,0.273292,1,0.0015,1
2381,23003.3,8,0,2.38442,5.03329,0,0,0,7.41771,361,361,0,1,1.80238,1.80238,1971,388,5,1288,0,0,0,0,0,3655,4587.37,1.0905,23.2045,584359,184,55262,2234,1715218,736,221048,8936,32,4,867412,1712166,27757184,6848664,34605848,4,4,12,4,49,16,12,20,20,20260807,5,1,1,1,0,0,0,6559,0.273292,1,0.0015,0
2382,23011.7,8,0,2.27233,6.06183,0,0,0,8.33417,361,361,0,1,1.80238,1.80238,1971,388,5,1288,0,0,0,0,0,3655,4587.37,1.0905,23.2045,584359,184,55262,2234,1715218,736,221048,8936,32,4,867412,1712166,27757184,6848664,34605848,4,4,12,4,49,16,12,20,20,20260807,5,1,1,1,0,0,0,6559,0.273292,1,0.0015,0
2383,23020.6,9,0,2.41792,6.22325,0,0,0,8.64117,361,361,0,1,1.80238,1.80238,1971,388,5,1288,0,0,0,0,0,3655,4587.37,1.0905,23.2045,584359,184,55262,2234,1715218,736,221048,8936,32,4,867412,1712166,27757184,6848664,34605848,4,4,12,4,49,16,12,20,20,20260807,5,1,1,1,0,0,0,6559,0.273292,1,0.0015,0
2384,23029.3,9,0,2.23692,6.39479,0,0,0,8.63171,361,361,0,1,1.80238,1.80238,1971,388,5,1288,0,0,0,0,0,3655,4587.37,1.0905,23.2045,584359,184,55262,2234,1715218,736,221048,8936,32,4,867412,1712166,27757184,6848664,34605848,4,4,12,4,49,16,12,20,20,20260807,5,1,1,1,0,0,0,6559,0.273292,1,0.0015,0
2385,23035.6,6,0,2.30675,3.89192,0,0,0,6.19867,361,361,0,1,1.80238,1.80238,1971,388,5,1288,0,0,0,0,0,3655,4587.37,1.0905,23.2045,584359,184,55262,2234,1715218,736,221048,8936,32,4,867412,1712166,27757184,6848664,34605848,4,4,12,4,49,16,12,20,20,20260807,5,1,1,1,0,0,0,6559,0.273292,1,0.0015,0
2386,23046.2,11,0,2.36258,8.23742,0,0,0,10.6,361,361,0,1,1.80238,1.80238,1971,388,5,1288,0,0,0,0,0,3655,4587.37,1.0905,23.2045,584359,184,55262,2234,1715218,736,221048,8936,32,4,867412,1712166,27757184,6848664,34605848,4,4,12,4,49,16,12,20,20,20260807,5,1,1,1,0,0,0,6560,0.273333,1,0.0015,1
2387,23054.6,8,0,2.31225,5.95042,0,0,0,8.26267,361,361,0,1,1.80238,1.80238,1971,388,5,1288,0,0,0,0,0,3655,4587.37,1.0905,23.2045,584359,184,55262,2234,1715218,736,221048,8936,32,4,867412,1712166,27757184,6848664,34605848,4,4,12,4,49,16,12,20,20,20260807,5,1,1,1,0,0,0,6560,0.273333,1,0.0015,0
2388,23063.2,9,0,2.31913,6.18196,0,0,0,8.50108,361,361,0,1,1.80238,1.80238,1971,388,5,1288,0,0,0,0,0,3655,4587.37,1.0905,23.2045,584359,184,55262,2234,1715218,736,221048,8936,32,4,867412,1712166,27757184,6848664,34605848,4,4,12,4,49,16,12,20,20,20260807,5,1,1,1,0,0,0,6560,0.273333,1,0.0015,0
2389,23070.1,7,0,2.28796,4.58825,0,0,0,6.87621,361,361,0,1,1.80238,1.80238,1971,388,5,1288,0,0,0,0,0,3655,4587.37,1.0905,23.2045,584359,184,55262,2234,1715218,736,221048,8936,32,4,867412,1712166,27757184,6848664,34605848,4,4,12,4,49,16,12,20,20,20260807,5,1,1,1,0,0,0,6560,0.273333,1,0.0015,0
2390,23079.6,9,0,2.22446,7.14067,0,0,0,9.36513,361,361,0,1,1.80238,1.80238,1971,388,5,1288,0,0,0,0,0,3655,4587.37,1.0905,23.2045,584359,184,55262,2234,1715218,736,221048,8936,32,4,867412,1712166,27757184,6848664,34605848,4,4,12,4,49,16,12,20,20,20260807,5,1,1,1,0,0,0,6560,0.273333,1,0.0015,0
2391,23086.5,7,0,2.30337,4.51962,0,0,0,6.823,361,361,0,1,1.80238,1.80238,1971,388,5,1288,0,0,0,0,0,3655,4587.37,1.0905,23.2045,584359,184,55262,2234,1715218,736,221048,8936,32,4,867412,1712166,27757184,6848664,34605848,4,4,12,4,49,16,12,20,20,20260807,5,1,1,1,0,0,0,6560,0.273333,1,0.0015,0
2392,23099.1,13,0,2.4395,10.0556,0,0,0,12.4951,361,361,0,1,1.80238,1.80238,1971,388,5,1288,0,0,0,0,0,3655,4587.37,1.0905,23.2045,584359,184,55262,2234,1715218,736,221048,8936,32,4,867412,1712166,27757184,6848664,34605848,4,4,12,4,49,16,12,20,20,20260807,5,1,1,1,0,0,0,6561,0.273375,1,0.0015,1
2393,23112.2,13,0,2.39492,10.6067,0,0,0,13.0017,361,361,0,1,1.80238,1.80238,1971,388,5,1288,0,0,0,0,0,3655,4587.37,1.0905,23.2045,584359,184,55262,2234,1715218,736,221048,8936,32,4,867412,1712166,27757184,6848664,34605848,4,4,12,4,49,16,12,20,20,20260807,5,1,1,1,0,0,0,6561,0.273375,1,0.0015,0
2394,23119.1,7,0,2.406,4.42263,0,0,0,6.82862,361,361,0,1,1.80238,1.80238,1971,388,5,1288,0,0,0,0,0,3655,4587.37,1.0905,23.2045,584359,184,55262,2234,1715218,736,221048,8936,32,4,867412,1712166,27757184,6848664,34605848,4,4,12,4,49,16,12,20,20,20260807,5,1,1,1,0,0,0,6561,0.273375,1,0.0015,0
2395,23128.9,10,0,2.31133,7.37858,0,0,0,9.68992,361,361,0,1,1.80238,1.80238,1971,388,5,1288,0,0,0,0,0,3655,4587.37,1.0905,23.2045,584359,184,55262,2234,1715218,736,221048,8936,32,4,867412,1712166,27757184,6848664,34605848,4,4,12,4,49,16,12,20,20,20260807,5,1,1,1,0,0,0,6561,0.273375,1,0.0015,0
2396,23135.3,6,0,2.36967,4.003,0,0,0,6.37267,361,361,0,1,1.80238,1.80238,1971,388,5,1288,0,0,0,0,0,3655,4587.37,1.0905,23.2045,584359,184,55262,2234,1715218,736,221048,8936,32,4,867412,1712166,27757184,6848664,34605848,4,4,12,4,49,16,12,20,20,20260807,5,1,1,1,0,0,0,6561,0.273375,1,0.0015,0
2397,23147.6,12,0,2.34733,9.84233,0,0,0,12.1897,361,361,0,1,1.80238,1.80238,1971,388,5,1288,0,0,0,0,0,3655,4587.37,1.0905,23.2045,584359,184,55262,2234,1715218,736,221048,8936,32,4,867412,1712166,27757184,6848664,34605848,4,4,12,4,49,16,12,20,20,20260807,5,1,1,1,0,0,0,6562,0.273417,1,0.0015,1
2398,23154.3,7,0,2.26725,4.32879,0,0,0,6.59604,361,361,0,1,1.80238,1.80238,1971,388,5,1288,0,0,0,0,0,3655,4587.37,1.0905,23.2045,584359,184,55262,2234,1715218,736,221048,8936,32,4,867412,1712166,27757184,6848664,34605848,4,4,12,4,49,16,12,20,20,20260807,5,1,1,1,0,0,0,6562,0.273417,1,0.0015,0
2399,23162.1,8,0,2.25721,5.43579,0,0,0,7.693,361,361,0,1,1.80238,1.80238,1971,388,5,1288,0,0,0,0,0,3655,4587.37,1.0905,23.2045,584359,184,55262,2234,1715218,736,221048,8936,32,4,867412,1712166,27757184,6848664,34605848,4,4,12,4,49,16,12,20,20,20260807,5,1,1,1,0,0,0,6562,0.273417,1,0.0015,0
2400,23169.2,7,0,2.33104,4.71917,0,0,0,7.05021,361,361,0,1,1.80238,1.80238,1971,388,5,1288,0,0,0,0,0,3655,4587.37,1.0905,23.2045,584359,184,55262,2234,1715218,736,221048,8936,32,4,867412,1712166,27757184,6848664,34605848,4,4,12,4,49,16,12,20,20,20260807,5,1,1,1,0,0,0,6562,0.273417,1,0.0015,0
2401,23179.5,10,0,2.34554,7.87975,0,0,0,10.2253,361,361,0,1,1.80238,1.80238,1971,388,5,1288,0,0,0,0,0,3655,4587.37,1.0905,23.2045,584359,184,55262,2234,1715218,736,221048,8936,32,4,867412,1712166,27757184,6848664,34605848,4,4,12,4,49,16,12,20,20,20260807,5,1,1,1,0,0,0,6562,0.273417,1,0.0015,0
2402,23186.7,7,0,2.35129,4.71458,0,0,0,7.06588,361,361,0,1,1.80238,1.80238,1971,388,5,1288,0,0,0,0,0,3655,4587.37,1.0905,23.2045,584359,184,55262,2234,1715218,736,221048,8936,32,4,867412,1712166,27757184,6848664,34605848,4,4,12,4,49,16,12,20,20,20260807,5,1,1,1,0,0,0,6562,0.273417,1,0.0015,0
2403,23196.9,11,0,2.36879,7.81129,0,0,0,10.1801,361,361,0,1,1.80238,1.80238,1971,388,5,1288,0,0,0,0,0,3655,4587.37,1.0905,23.2045,584359,184,55262,2234,1715218,736,221048,8936,32,4,867412,1712166,27757184,6848664,34605848,4,4,12,4,49,16,12,20,20,20260807,5,1,1,1,0,0,0,6563,0.273458,1,0.0015,1
2404,23203.5,6,0,2.37325,4.11392,0,0,0,6.48717,361,361,0,1,1.80238,1.80238,1971,388,5,1288,0,0,0,0,0,3655,4587.37,1.0905,23.2045,584359,184,55262,2234,1715218,736,221048,8936,32,4,867412,1712166,27757184,6848664,34605848,4,4,12,4,49,16,12,20,20,20260807,5,1,1,1,0,0,0,6563,0.273458,1,0.0015,0
2405,23212.2,9,0,2.38667,6.19167,0,0,0,8.57833,361,361,0,1,1.80238,1.80238,1971,388,5,1288,0,0,0,0,0,3655,4587.37,1.0905,23.2045,584359,184,55262,2234,1715218,736,221048,8936,32,4,867412,1712166,27757184,6848664,34605848,4,4,12,4,49,16,12,20,20,20260807,5,1,1,1,0,0,0,6563,0.273458,1,0.0015,0
2406,23218.7,6,0,2.42208,3.97875,0,0,0,6.40083,361,361,0,1,1.80238,1.80238,1971,388,5,1288,0,0,0,0,0,3655,4587.37,1.0905,23.2045,584359,184,55262,2234,1715218,736,221048,8936,32,4,867412,1712166,27757184,6848664,34605848,4,4,12,4,49,16,12,20,20,20260807,5,1,1,1,0,0,0,6563,0.273458,1,0.0015,0
2407,23229.4,11,0,2.40092,8.21813,0,0,0,10.619,361,361,0,1,1.80238,1.80238,1971,388,5,1288,0,0,0,0,0,3655,4587.37,1.0905,23.2045,584359,184,55262,2234,1715218,736,221048,8936,32,4,867412,1712166,27757184,6848664,34605848,4,4,12,4,49,16,12,20,20,20260807,5,1,1,1,0,0,0,6563,0.273458,1,0.0015,0
2408,23236.2,7,0,2.5425,4.16496,0,0,0,6.70746,361,361,0,1,1.80238,1.80238,1971,388,5,1288,0,0,0,0,0,3655,4587.37,1.0905,23.2045,584359,184,55262,2234,1715218,736,221048,8936,32,4,867412,1712166,27757184,6848664,34605848,4,4,12,4,49,16,12,20,20,20260807,5,1,1,1,0,0,0,6563,0.273458,1,0.0015,0
2409,23246.1,10,0,2.27875,7.48192,0,0,0,9.76067,361,361,0,1,1.80238,1.80238,1971,388,5,1288,0,0,0,0,0,3655,4587.37,1.0905,23.2045,584359,184,55262,2234,1715218,736,221048,8936,32,4,867412,1712166,27757184,6848664,34605848,4,4,12,4,49,16,12,20,20,20260807,5,1,1,1,0,0,0,6564,0.2735,1,0.0015,1
2410,23252.8,7,0,2.35696,4.35,0,0,0,6.70696,361,361,0,1,1.80238,1.80238,1971,388,5,1288,0,0,0,0,0,3655,4587.37,1.0905,23.2045,584359,184,55262,2234,1715218,736,221048,8936,32,4,867412,1712166,27757184,6848664,34605848,4,4,12,4,49,16,12,20,20,20260807,5,1,1,1,0,0,0,6564,0.2735,1,0.0015,0
2411,23263.2,10,0,2.26521,7.99042,0,0,0,10.2556,361,361,0,1,1.80238,1.80238,1971,388,5,1288,0,0,0,0,0,3655,4587.37,1.0905,23.2045,584359,184,55262,2234,1715218,736,221048,8936,32,4,867412,1712166,27757184,6848664,34605848,4,4,12,4,49,16,12,20,20,20260807,5,1,1,1,0,0,0,6564,0.2735,1,0.0015,0
2412,23270.4,7,0,2.38954,4.74763,0,0,0,7.13717,361,361,0,1,1.80238,1.80238,1971,388,5,1288,0,0,0,0,0,3655,4587.37,1.0905,23.2045,584359,184,55262,2234,1715218,736,221048,8936,32,4,867412,1712166,27757184,6848664,34605848,4,4,12,4,49,16,12,20,20,20260807,5,1,1,1,0,0,0,6564,0.2735,1,0.0015,0
2413,23282.3,12,0,2.30217,9.50529,0,0,0,11.8075,361,361,0,1,1.80238,1.80238,1971,388,5,1288,0,0,0,0,0,3655,4587.37,1.0905,23.2045,584359,184,55262,2234,1715218,736,221048,8936,32,4,867412,1712166,27757184,6848664,34605848,4,4,12,4,49,16,12,20,20,20260807,5,1,1,1,0,0,0,6564,0.2735,1,0.0015,0
2414,23288.7,6,0,2.29733,4.00596,0,0,0,6.30329,361,361,0,1,1.80238,1.80238,1971,388,5,1288,0,0,0,0,0,3655,4587.37,1.0905,23.2045,584359,184,55262,2234,1715218,736,221048,8936,32,4,867412,1712166,27757184,6848664,34605848,4,4,12,4,49,16,12,20,20,20260807,5,1,1,1,0,0,0,6565,0.273542,1,0.0015,1
2415,23296.1,8,0,2.48433,4.81058,0,0,0,7.29492,361,361,0,1,1.80238,1.80238,1971,388,5,1288,0,0,0,0,0,3655,4587.37,1.0905,23.2045,584359,184,55262,2234,1715218,736,221048,8936,32,4,867412,1712166,27757184,6848664,34605848,4,4,12,4,49,16,12,20,20,20260807,5,1,1,1,0,0,0,6565,0.273542,1,0.0015,0
2416,23304.1,8,0,2.57092,5.39313,0,0,0,7.96404,361,361,0,1,1.80238,1.80238,1971,388,5,1288,0,0,0,0,0,3655,4587.37,1.0905,23.2045,584359,184,55262,2234,1715218,736,221048,8936,32,4,867412,1712166,27757184,6848664,34605848,4,4,12,4,49,16,12,20,20,20260807,5,1,1,1,0,0,0,6565,0.273542,1,0.0015,0
2417,23313.5,9,0,2.29933,6.97446,0,0,0,9.27379,361,361,0,1,1.80238,1.80238,1971,388,5,1288,0,0,0,0,0,3655,4587.37,1.0905,23.2045,584359,184,55262,2234,1715218,736,221048,8936,32,4,867412,1712166,27757184,6848664,34605848,4,4,12,4,49,16,12,20,20,20260807,5,1,1,1,0,0,0,6565,0.273542,1,0.0015,0
2418,23319.8,7,0,2.32858,3.94504,0,0,0,6.27363,361,361,0,1,1.80238,1.80238,1971,388,5,1288,0,0,0,0,0,3655,4587.37,1.0905,23.2045,584359,184,55262,2234,1715218,736,221048,8936,32,4,867412,1712166,27757184,6848664,34605848,4,4,12,4,49,16,12,20,20,20260807,5,1,1,1,0,0,0,6565,0.273542,1,0.0015,0
2419,23328.8,8,0,2.25875,6.64108,0,0,0,8.89983,361,361,0,1,1.80238,1.80238,1971,388,5,1288,0,0,0,0,0,3655,4587.37,1.0905,23.2045,584359,184,55262,2234,1715218,736,221048,8936,32,4,867412,1712166,27757184,6848664,34605848,4,4,12,4,49,16,12,20,20,20260807,5,1,1,1,0,0,0,6565,0.273542,1,0.0015,0
2420,23336.5,8,0,2.33033,5.22367,0,0,0,7.554,361,361,0,1,1.80238,1.80238,1971,388,5,1288,0,0,0,0,0,3655,4587.37,1.0905,23.2045,584359,184,55262,2234,1715218,736,221048,8936,32,4,867412,1712166,27757184,6848664,34605848,4,4,12,4,49,16,12,20,20,20260807,5,1,1,1,0,0,0,6565,0.273542,1,0.0015,0
2421,23345.4,9,0,2.35158,6.47117,0,0,0,8.82275,361,361,0,1,1.80238,1.80238,1971,388,5,1288,0,0,0,0,0,3655,4587.37,1.0905,23.2045,584359,184,55262,2234,1715218,736,221048,8936,32,4,867412,1712166,27757184,6848664,34605848,4,4,12,4,49,16,12,20,20,20260807,5,1,1,1,0,0,0,6566,0.273583,1,0.0015,1
2422,23351.8,7,0,2.38463,3.95967,0,0,0,6.34429,361,361,0,1,1.80238,1.80238,1971,388,5,1288,0,0,0,0,0,3655,4587.37,1.0905,23.2045,584359,184,55262,2234,1715218,736,221048,8936,32,4,867412,1712166,27757184,6848664,34605848,4,4,12,4,49,16,12,20,20,20260807,5,1,1,1,0,0,0,6566,0.273583,1,0.0015,0
2423,23364.6,12,0,2.31675,10.3675,0,0,0,12.6842,361,361,0,1,1.80238,1.80238,1971,388,5,1288,0,0,0,0,0,3655,4587.37,1.0905,23.2045,584359,184,55262,2234,1715218,736,221048,8936,32,4,867412,1712166,27757184,6848664,34605848,4,4,12,4,49,16,12,20,20,20260807,5,1,1,1,0,0,0,6566,0.273583,1,0.0015,0
2424,23378.7,14,0,2.24562,11.809,0,0,0,14.0546,361,361,0,1,1.80238,1.80238,1971,388,5,1288,0,0,0,0,0,3655,4587.37,1.0905,23.2045,584359,184,55262,2234,1715218,736,221048,8936,32,4,867412,1712166,27757184,6848664,34605848,4,4,12,4,49,16,12,20,20,20260807,5,1,1,1,0,0,0,6566,0.273583,1,0.0015,0
2425,23385.8,8,0,2.39942,4.61804,0,0,0,7.01746,361,361,0,1,1.80238,1.80238,1971,388,5,1288,0,0,0,0,0,3655,4587.37,1.0905,23.2045,584359,184,55262,2234,1715218,736,221048,8936,32,4,867412,1712166,27757184,6848664,34605848,4,4,12,4,49,16,12,20,20,20260807,5,1,1,1,0,0,0,6566,0.273583,1,0.0015,0
2426,23395.4,9,0,2.29479,7.11129,0,0,0,9.40608,361,361,0,1,1.80238,1.80238,1971,388,5,1288,0,0,0,0,0,3655,4587.37,1.0905,23.2045,584359,184,55262,2234,1715218,736,221048,8936,32,4,867412,1712166,27757184,6848664,34605848,4,4,12,4,49,16,12,20,20,20260807,5,1,1,1,0,0,0,6567,0.273625,1,0.0015,1
2427,23402.9,8,0,2.37158,5.07392,0,0,0,7.4455,361,361,0,1,1.80238,1.80238,1971,388,5,1288,0,0,0,0,0,3655,4587.37,1.0905,23.2045,584359,184,55262,2234,1715218,736,221048,8936,32,4,867412,1712166,27757184,6848664,34605848,4,4,12,4,49,16,12,20,20,20260807,5,1,1,1,0,0,0,6567,0.273625,1,0.0015,0
2428,23414.5,11,0,2.25588,9.25475,0,0,0,11.5106,361,361,0,1,1.80238,1.80238,1971,388,5,1288,0,0,0,0,0,3655,4587.37,1.0905,23.2045,584359,184,55262,2234,1715218,736,221048,8936,32,4,867412,1712166,27757184,6848664,34605848,4,4,12,4,49,16,12,20,20,20260807,5,1,1,1,0,0,0,6567,0.273625,1,0.0015,0
2429,23421,7,0,2.32975,4.07179,0,0,0,6.40154,361,361,0,1,1.80238,1.80238,1971,388,5,1288,0,0,0,0,0,3655,4587.37,1.0905,23.2045,584359,184,55262,2234,1715218,736,221048,8936,32,4,867412,1712166,27757184,6848664,34605848,4,4,12,4,49,16,12,20,20,20260807,5,1,1,1,0,0,0,6567,0.273625,1,0.0015,0
2430,23430.1,9,0,2.25025,6.74654,0,0,0,8.99679,361,361,0,1,1.80238,1.80238,1971,388,5,1288,0,0,0,0,0,3655,4587.37,1.0905,23.2045,584359,184,55262,2234,1715218,736,221048,8936,32,4,867412,1712166,27757184,6848664,34605848,4,4,12,4,49,16,12,20,20,20260807,5,1,1,1,0,0,0,6567,0.273625,1,0.0015,0
2431,23436.5,6,0,2.30825,4.03021,0,0,0,6.33846,361,361,0,1,1.80238,1.80238,1971,388,5,1288,0,0,0,0,0,3655,4587.37,1.0905,23.2045,584359,184,55262,2234,1715218,736,221048,8936,32,4,867412,1712166,27757184,6848664,34605848,4,4,12,4,49,16,12,20,20,20260807,5,1,1,1,0,0,0,6567,0.273625,1,0.0015,0
2432,23445.7,9,0,2.21638,6.94125,0,0,0,9.15762,361,361,0,1,1.80238,1.80238,1971,388,5,1288,0,0,0,0,0,3655,4587.37,1.0905,23.2045,584359,184,55262,2234,1715218,736,221048,8936,32,4,867412,1712166,27757184,6848664,34605848,4,4,12,4,49,16,12,20,20,20260807,5,1,1,1,0,0,0,6568,0.273667,1,0.0015,1
2433,23452.5,7,0,2.36867,4.32633,0,0,0,6.695,361,361,0,1,1.80238,1.80238,1971,388,5,1288,0,0,0,0,0,3655,4587.37,1.0905,23.2045,584359,184,55262,2234,1715218,736,221048,8936,32,4,867412,1712166,27757184,6848664,34605848,4,4,12,4,49,16,12,20,20,20260807,5,1,1,1,0,0,0,6568,0.273667,1,0.0015,0
2434,23462.6,10,0,2.33779,7.65429,0,0,0,9.99208,361,361,0,1,1.80238,1.80238,1971,388,5,1288,0,0,0,0,0,3655,4587.37,1.0905,23.2045,584359,184,55262,2234,1715218,736,221048,8936,32,4,867412,1712166,27757184,6848664,34605848,4,4,12,4,49,16,12,20,20,20260807,5,1,1,1,0,0,0,6568,0.273667,1,0.0015,0
2435,23469.2,6,0,2.36404,4.10438,0,0,0,6.46842,361,361,0,1,1.80238,1.80238,1971,388,5,1288,0,0,0,0,0,3655,4587.37,1.0905,23.2045,584359,184,55262,2234,1715218,736,221048,8936,32,4,867412,1712166,27757184,6848664,34605848,4,4,12,4,49,16,12,20,20,20260807,5,1,1,1,0,0,0,6568,0.273667,1,0.0015,0
2436,23480.5,11,0,2.23575,8.979,0,0,0,11.2148,361,361,0,1,1.80238,1.80238,1971,388,5,1288,0,0,0,0,0,3655,4587.37,1.0905,23.2045,584359,184,55262,2234,1715218,736,221048,8936,32,4,867412,1712166,27757184,6848664,34605848,4,4,12,4,49,16,12,20,20,20260807,5,1,1,1,0,0,0,6568,0.273667,1,0.0015,0
2437,23496.2,16,0,2.44917,13.2194,0,0,0,15.6685,361,361,0,1,1.80238,1.80238,1971,388,5,1288,0,0,0,0,0,3655,4587.37,1.0905,23.2045,584359,184,55262,2234,1715218,736,221048,8936,32,4,867412,1712166,27757184,6848664,34605848,4,4,12,4,49,16,12,20,20,20260807,5,1,1,1,0,0,0,6568,0.273667,1,0.0015,0
2438,23516.7,20,0,2.40829,18.0358,0,0,0,20.444,361,361,0,1,1.80238,1.80238,1971,388,5,1288,0,0,0,0,0,3655,4587.37,1.0905,23.2045,584359,184,55262,2234,1715218,736,221048,8936,32,4,867412,1712166,27757184,6848664,34605848,4,4,12,4,49,16,12,20,20,20260807,5,1,1,1,0,0,0,6569,0.273708,1,0.0015,1
2439,23523.7,8,0,2.54925,4.35892,0,0,0,6.90817,361,361,0,1,1.80238,1.80238,1971,388,5,1288,0,0,0,0,0,3655,4587.37,1.0905,23.2045,584359,184,55262,2234,1715218,736,221048,8936,32,4,867412,1712166,27757184,6848664,34605848,4,4,12,4,49,16,12,20,20,20260807,5,1,1,1,0,0,0,6569,0.273708,1,0.0015,0
2440,23530.8,7,0,2.57512,4.37242,0,0,0,6.94754,361,361,0,1,1.80238,1.80238,1971,388,5,1288,0,0,0,0,0,3655,4587.37,1.0905,23.2045,584359,184,55262,2234,1715218,736,221048,8936,32,4,867412,1712166,27757184,6848664,34605848,4,4,12,4,49,16,12,20,20,20260807,5,1,1,1,0,0,0,6569,0.273708,1,0.0015,0
2441,23537.8,7,0,2.34992,4.56187,0,0,0,6.91179,361,361,0,1,1.80238,1.80238,1971,388,5,1288,0,0,0,0,0,3655,4587.37,1.0905,23.2045,584359,184,55262,2234,1715218,736,221048,8936,32,4,867412,1712166,27757184,6848664,34605848,4,4,12,4,49,16,12,20,20,20260807,5,1,1,1,0,0,0,6569,0.273708,1,0.0015,0
2442,23548.4,11,0,2.3055,8.281,0,0,0,10.5865,361,361,0,1,1.80238,1.80238,1971,388,5,1288,0,0,0,0,0,3655,4587.37,1.0905,23.2045,584359,184,55262,2234,1715218,736,221048,8936,32,4,867412,1712166,27757184,6848664,34605848,4,4,12,4,49,16,12,20,20,20260807,5,1,1,1,0,0,0,6570,0.27375,1,0.0015,1
2443,23555,7,0,2.52692,3.94713,0,0,0,6.47404,361,361,0,1,1.80238,1.80238,1971,388,5,1288,0,0,0,0,0,3655,4587.37,1.0905,23.2045,584359,184,55262,2234,1715218,736,221048,8936,32,4,867412,1712166,27757184,6848664,34605848,4,4,12,4,49,16,12,20,20,20260807,5,1,1,1,0,0,0,6570,0.27375,1,0.0015,0
2444,23562.6,7,0,2.77192,4.73271,0,0,0,7.50462,361,361,0,1,1.80238,1.80238,1971,388,5,1288,0,0,0,0,0,3655,4587.37,1.0905,23.2045,584359,184,55262,2234,1715218,736,221048,8936,32,4,867412,1712166,27757184,6848664,34605848,4,4,12,4,49,16,12,20,20,20260807,5,1,1,1,0,0,0,6570,0.27375,1,0.0015,0
2445,23568.9,7,0,2.33,3.93483,0,0,0,6.26483,361,361,0,1,1.80238,1.80238,1971,388,5,1288,0,0,0,0,0,3655,4587.37,1.0905,23.2045,584359,184,55262,2234,1715218,736,221048,8936,32,4,867412,1712166,27757184,6848664,34605848,4,4,12,4,49,16,12,20,20,20260807,5,1,1,1,0,0,0,6570,0.27375,1,0.0015,0
2446,23579,10,0,2.3325,7.61754,0,0,0,9.95004,361,361,0,1,1.80238,1.80238,1971,388,5,1288,0,0,0,0,0,3655,4587.37,1.0905,23.2045,584359,184,55262,2234,1715218,736,221048,8936,32,4,867412,1712166,27757184,6848664,34605848,4,4,12,4,49,16,12,20,20,20260807,5,1,1,1,0,0,0,6570,0.27375,1,0.0015,0
2447,23585.4,6,0,2.35833,3.95292,0,0,0,6.31125,361,361,0,1,1.80238,1.80238,1971,388,5,1288,0,0,0,0,0,3655,4587.37,1.0905,23.2045,584359,184,55262,2234,1715218,736,221048,8936,32,4,867412,1712166,27757184,6848664,34605848,4,4,12,4,49,16,12,20,20,20260807,5,1,1,1,0,0,0,6570,0.27375,1,0.0015,0
2448,23595.5,10,0,2.29246,7.76821,0,0,0,10.0607,361,361,0,1,1.80238,1.80238,1971,388,5,1288,0,0,0,0,0,3655,4587.37,1.0905,23.2045,584359,184,55262,2234,1715218,736,221048,8936,32,4,867412,1712166,27757184,6848664,34605848,4,4,12,4,49,16,12,20,20,20260807,5,1,1,1,0,0,0,6571,0.273792,1,0.0015,1
2449,23602,7,0,2.35988,4.06588,0,0,0,6.42575,361,361,0,1,1.80238,1.80238,1971,388,5,1288,0,0,0,0,0,3655,4587.37,1.0905,23.2045,584359,184,55262,2234,1715218,736,221048,8936,32,4,867412,1712166,27757184,6848664,34605848,4,4,12,4,49,16,12,20,20,20260807,5,1,1,1,0,0,0,6571,0.273792,1,0.0015,0
2450,23612.7,10,0,2.28987,8.29888,0,0,0,10.5887,361,361,0,1,1.80238,1.80238,1971,388,5,1288,0,0,0,0,0,3655,4587.37,1.0905,23.2045,584359,184,55262,2234,1715218,736,221048,8936,32,4,867412,1712166,27757184,6848664,34605848,4,4,12,4,49,16,12,20,20,20260807,5,1,1,1,0,0,0,6571,0.273792,1,0.0015,0
2451,23619.4,7,0,2.42496,4.19838,0,0,0,6.62333,361,361,0,1,1.80238,1.80238,1971,388,5,1288,0,0,0,0,0,3655,4587.37,1.0905,23.2045,584359,184,55262,2234,1715218,736,221048,8936,32,4,867412,1712166,27757184,6848664,34605848,4,4,12,4,49,16,12,20,20,20260807,5,1,1,1,0,0,0,6571,0.273792,1,0.0015,0
2452,23629.6,10,0,2.37679,7.68675,0,0,0,10.0635,361,361,0,1,1.80238,1.80238,1971,388,5,1288,0,0,0,0,0,3655,4587.37,1.0905,23.2045,584359,184,55262,2234,1715218,736,221048,8936,32,4,867412,1712166,27757184,6848664,34605848,4,4,12,4,49,16,12,20,20,20260807,5,1,1,1,0,0,0,6571,0.273792,1,0.0015,0
2453,23636.5,7,0,2.5115,4.29092,0,0,0,6.80242,361,361,0,1,1.80238,1.80238,1971,388,5,1288,0,0,0,0,0,3655,4587.37,1.0905,23.2045,584359,184,55262,2234,1715218,736,221048,8936,32,4,867412,1712166,27757184,6848664,34605848,4,4,12,4,49,16,12,20,20,20260807,5,1,1,1,0,0,0,6571,0.273792,1,0.0015,0
2454,23646.4,10,0,2.33371,7.54242,0,0,0,9.87613,361,361,0,1,1.80238,1.80238,1971,388,5,1288,0,0,0,0,0,3655,4587.37,1.0905,23.2045,584359,184,55262,2234,1715218,736,221048,8936,32,4,867412,1712166,27757184,6848664,34605848,4,4,12,4,49,16,12,20,20,20260807,5,1,1,1,0,0,0,6572,0.273833,1,0.0015,1
2455,23653.5,7,0,2.58588,4.43571,0,0,0,7.02158,361,361,0,1,1.80238,1.80238,1971,388,5,1288,0,0,0,0,0,3655,4587.37,1.0905,23.2045,584359,184,55262,2234,1715218,736,221048,8936,32,4,867412,1712166,27757184,6848664,34605848,4,4,12,4,49,16,12,20,20,20260807,5,1,1,1,0,0,0,6572,0.273833,1,0.0015,0
2456,23663.6,10,0,2.3425,7.62312,0,0,0,9.96562,361,361,0,1,1.80238,1.80238,1971,388,5,1288,0,0,0,0,0,3655,4587.37,1.0905,23.2045,584359,184,55262,2234,1715218,736,221048,8936,32,4,867412,1712166,27757184,6848664,34605848,4,4,12,4,49,16,12,20,20,20260807,5,1,1,1,0,0,0,6572,0.273833,1,0.0015,0
2457,23686.9,24,0,2.39667,20.8287,0,0,0,23.2253,361,361,0,1,1.80238,1.80238,1971,388,5,1288,0,0,0,0,0,3655,4587.37,1.0905,23.2045,584359,184,55262,2234,1715218,736,221048,8936,32,4,867412,1712166,27757184,6848664,34605848,4,4,12,4,49,16,12,20,20,20260807,5,1,1,1,0,0,0,6572,0.273833,1,0.0015,0
2458,23696.1,9,0,2.56425,6.54846,0,0,0,9.11271,361,361,0,1,1.80238,1.80238,1971,388,5,1288,0,0,0,0,0,3655,4587.37,1.0905,23.2045,584359,184,55262,2234,1715218,736,221048,8936,32,4,867412,1712166,27757184,6848664,34605848,4,4,12,4,49,16,12,20,20,20260807,5,1,1,1,0,0,0,6573,0.273875,1,0.0015,1
2459,23704.7,8,0,3.48821,5.04288,0,0,0,8.53108,361,361,0,1,1.80238,1.80238,1971,388,5,1288,0,0,0,0,0,3655,4587.37,1.0905,23.2045,584359,184,55262,2234,1715218,736,221048,8936,32,4,867412,1712166,27757184,6848664,34605848,4,4,12,4,49,16,12,20,20,20260807,5,1,1,1,0,0,0,6573,0.273875,1,0.0015,0
2460,23711.9,8,0,2.34512,4.77833,0,0,0,7.12346,361,361,0,1,1.80238,1.80238,1971,388,5,1288,0,0,0,0,0,3655,4587.37,1.0905,23.2045,584359,184,55262,2234,1715218,736,221048,8936,32,4,867412,1712166,27757184,6848664,34605848,4,4,12,4,49,16,12,20,20,20260807,5,1,1,1,0,0,0,6573,0.273875,1,0.0015,0
2461,23718.4,6,0,2.40088,3.94508,0,0,0,6.34596,361,361,0,1,1.80238,1.80238,1971,388,5,1288,0,0,0,0,0,3655,4587.37,1.0905,23.2045,584359,184,55262,2234,1715218,736,221048,8936,32,4,867412,1712166,27757184,6848664,34605848,4,4,12,4,49,16,12,20,20,20260807,5,1,1,1,0,0,0,6573,0.273875,1,0.0015,0
2462,23729.6,11,0,2.31729,8.85046,0,0,0,11.1677,361,361,0,1,1.80238,1.80238,1971,388,5,1288,0,0,0,0,0,3655,4587.37,1.0905,23.2045,584359,184,55262,2234,1715218,736,221048,8936,32,4,867412,1712166,27757184,6848664,34605848,4,4,12,4,49,16,12,20,20,20260807,5,1,1,1,0,0,0,6573,0.273875,1,0.0015,0
2463,23736.7,7,0,2.65037,4.25162,0,0,0,6.902,361,361,0,1,1.80238,1.80238,1971,388,5,1288,0,0,0,0,0,3655,4587.37,1.0905,23.2045,584359,184,55262,2234,1715218,736,221048,8936,32,4,867412,1712166,27757184,6848664,34605848,4,4,12,4,49,16,12,20,20,20260807,5,1,1,1,0,0,0,6573,0.273875,1,0.0015,0
2464,23746.5,10,0,2.40646,7.34863,0,0,0,9.75508,361,361,0,1,1.80238,1.80238,1971,388,5,1288,0,0,0,0,0,3655,4587.37,1.0905,23.2045,584359,184,55262,2234,1715218,736,221048,8936,32,4,867412,1712166,27757184,6848664,34605848,4,4,12,4,49,16,12,20,20,20260807,5,1,1,1,0,0,0,6574,0.273917,1,0.0015,1
2465,23753,7,0,2.24421,4.16117,0,0,0,6.40538,361,361,0,1,1.80238,1.80238,1971,388,5,1288,0,0,0,0,0,3655,4587.37,1.0905,23.2045,584359,184,55262,2234,1715218,736,221048,8936,32,4,867412,1712166,27757184,6848664,34605848,4,4,12,4,49,16,12,20,20,20260807,5,1,1,1,0,0,0,6574,0.273917,1,0.0015,0
2466,23762,9,0,2.33629,6.63275,0,0,0,8.96904,361,361,0,1,1.80238,1.80238,1971,388,5,1288,0,0,0,0,0,3655,4587.37,1.0905,23.2045,584359,184,55262,2234,1715218,736,221048,8936,32,4,867412,1712166,27757184,6848664,34605848,4,4,12,4,49,16,12,20,20,20260807,5,1,1,1,0,0,0,6574,0.273917,1,0.0015,0
2467,23768.8,7,0,2.28662,4.42771,0,0,0,6.71433,361,361,0,1,1.80238,1.80238,1971,388,5,1288,0,0,0,0,0,3655,4587.37,1.0905,23.2045,584359,184,55262,2234,1715218,736,221048,8936,32,4,867412,1712166,27757184,6848664,34605848,4,4,12,4,49,16,12,20,20,20260807,5,1,1,1,0,0,0,6574,0.273917,1,0.0015,0
2468,23780,11,0,2.28767,8.83283,0,0,0,11.1205,361,361,0,1,1.80238,1.80238,1971,388,5,1288,0,0,0,0,0,3655,4587.37,1.0905,23.2045,584359,184,55262,2234,1715218,736,221048,8936,32,4,867412,1712166,27757184,6848664,34605848,4,4,12,4,49,16,12,20,20,20260807,5,1,1,1,0,0,0,6574,0.273917,1,0.0015,0
2469,23795.8,16,0,2.24954,13.467,0,0,0,15.7165,361,361,0,1,1.80238,1.80238,1971,388,5,1288,0,0,0,0,0,3655,4587.37,1.0905,23.2045,584359,184,55262,2234,1715218,736,221048,8936,32,4,867412,1712166,27757184,6848664,34605848,4,4,12,4,49,16,12,20,20,20260807,5,1,1,1,0,0,0,6574,0.273917,1,0.0015,0
2470,23802.5,6,0,2.3315,4.23633,0,0,0,6.56783,361,361,0,1,1.80238,1.80238,1971,388,5,1288,0,0,0,0,0,3655,4587.37,1.0905,23.2045,584359,184,55262,2234,1715218,736,221048,8936,32,4,867412,1712166,27757184,6848664,34605848,4,4,12,4,49,16,12,20,20,20260807,5,1,1,1,0,0,0,6575,0.273958,1,0.0015,1
2471,23812.5,10,0,2.29371,7.57575,0,0,0,9.86946,361,361,0,1,1.80238,1.80238,1971,388,5,1288,0,0,0,0,0,3655,4587.37,1.0905,23.2045,584359,184,55262,2234,1715218,736,221048,8936,32,4,867412,1712166,27757184,6848664,34605848,4,4,12,4,49,16,12,20,20,20260807,5,1,1,1,0,0,0,6575,0.273958,1,0.0015,0
2472,23825.5,13,0,2.42533,10.5377,0,0,0,12.963,361,361,0,1,1.80238,1.80238,1971,388,5,1288,0,0,0,0,0,3655,4587.37,1.0905,23.2045,584359,184,55262,2234,1715218,736,221048,8936,32,4,867412,1712166,27757184,6848664,34605848,4,4,12,4,49,16,12,20,20,20260807,5,1,1,1,0,0,0,6575,0.273958,1,0.0015,0
2473,23832.1,7,0,2.41142,4.05358,0,0,0,6.465,361,361,0,1,1.80238,1.80238,1971,388,5,1288,0,0,0,0,0,3655,4587.37,1.0905,23.2045,584359,184,55262,2234,1715218,736,221048,8936,32,4,867412,1712166,27757184,6848664,34605848,4,4,12,4,49,16,12,20,20,20260807,5,1,1,1,0,0,0,6575,0.273958,1,0.0015,0
2474,23846.1,14,0,3.42367,10.5459,0,0,0,13.9695,361,361,0,1,1.80238,1.80238,1971,388,5,1288,0,0,0,0,0,3655,4587.37,1.0905,23.2045,584359,184,55262,2234,1715218,736,221048,8936,32,4,867412,1712166,27757184,6848664,34605848,4,4,12,4,49,16,12,20,20,20260807,5,1,1,1,0,0,0,6576,0.274,1,0.0015,1
2475,23855.4,9,0,2.61742,6.58671,0,0,0,9.20412,361,361,0,1,1.80238,1.80238,1971,388,5,1288,0,0,0,0,0,3655,4587.37,1.0905,23.2045,584359,184,55262,2234,1715218,736,221048,8936,32,4,867412,1712166,27757184,6848664,34605848,4,4,12,4,49,16,12,20,20,20260807,5,1,1,1,0,0,0,6576,0.274,1,0.0015,0
2476,23862.5,7,0,2.65042,4.39996,0,0,0,7.05037,361,361,0,1,1.80238,1.80238,1971,388,5,1288,0,0,0,0,0,3655,4587.37,1.0905,23.2045,584359,184,55262,2234,1715218,736,221048,8936,32,4,867412,1712166,27757184,6848664,34605848,4,4,12,4,49,16,12,20,20,20260807,5,1,1,1,0,0,0,6576,0.274,1,0.0015,0
2477,23869.8,7,0,2.64204,4.43912,0,0,0,7.08117,361,361,0,1,1.80238,1.80238,1971,388,5,1288,0,0,0,0,0,3655,4587.37,1.0905,23.2045,584359,184,55262,2234,1715218,736,221048,8936,32,4,867412,1712166,27757184,6848664,34605848,4,4,12,4,49,16,12,20,20,20260807,5,1,1,1,0,0,0,6576,0.274,1,0.0015,0
2478,23879.5,10,0,2.44033,7.20396,0,0,0,9.64429,361,361,0,1,1.80238,1.80238,1971,388,5,1288,0,0,0,0,0,3655,4587.37,1.0905,23.2045,584359,184,55262,2234,1715218,736,221048,8936,32,4,867412,1712166,27757184,6848664,34605848,4,4,12,4,49,16,12,20,20,20260807,5,1,1,1,0,0,0,6576,0.274,1,0.0015,0
2479,23887.3,8,0,2.33654,5.4385,0,0,0,7.77504,361,361,0,1,1.80238,1.80238,1971,388,5,1288,0,0,0,0,0,3655,4587.37,1.0905,23.2045,584359,184,55262,2234,1715218,736,221048,8936,32,4,867412,1712166,27757184,6848664,34605848,4,4,12,4,49,16,12,20,20,20260807,5,1,1,1,0,0,0,6576,0.274,1,0.0015,0
2480,23895.9,9,0,2.47183,6.01342,0,0,0,8.48525,361,361,0,1,1.80238,1.80238,1971,388,5,1288,0,0,0,0,0,3655,4587.37,1.0905,23.2045,584359,184,55262,2234,1715218,736,221048,8936,32,4,867412,1712166,27757184,6848664,34605848,4,4,12,4,49,16,12,20,20,20260807,5,1,1,1,0,0,0,6577,0.274042,1,0.0015,1
2481,23903.1,7,0,2.43983,4.6185,0,0,0,7.05833,361,361,0,1,1.80238,1.80238,1971,388,5,1288,0,0,0,0,0,3655,4587.37,1.0905,23.2045,584359,184,55262,2234,1715218,736,221048,8936,32,4,867412,1712166,27757184,6848664,34605848,4,4,12,4,49,16,12,20,20,20260807,5,1,1,1,0,0,0,6577,0.274042,1,0.0015,0
2482,23912.6,9,0,2.41133,6.99083,0,0,0,9.40217,361,361,0,1,1.80238,1.80238,1971,388,5,1288,0,0,0,0,0,3655,4587.37,1.0905,23.2045,584359,184,55262,2234,1715218,736,221048,8936,32,4,867412,1712166,27757184,6848664,34605848,4,4,12,4,49,16,12,20,20,20260807,5,1,1,1,0,0,0,6577,0.274042,1,0.0015,0
2483,23919,7,0,2.36146,3.98404,0,0,0,6.3455,361,361,0,1,1.80238,1.80238,1971,388,5,1288,0,0,0,0,0,3655,4587.37,1.0905,23.2045,584359,184,55262,2234,1715218,736,221048,8936,32,4,867412,1712166,27757184,6848664,34605848,4,4,12,4,49,16,12,20,20,20260807,5,1,1,1,0,0,0,6577,0.274042,1,0.0015,0
2484,23930,11,0,2.39358,8.48817,0,0,0,10.8818,361,361,0,1,1.80238,1.80238,1971,388,5,1288,0,0,0,0,0,3655,4587.37,1.0905,23.2045,584359,184,55262,2234,1715218,736,221048,8936,32,4,867412,1712166,27757184,6848664,34605848,4,4,12,4,49,16,12,20,20,20260807,5,1,1,1,0,0,0,6577,0.274042,1,0.0015,0
2485,23937.6,7,0,2.70713,4.81308,0,0,0,7.52021,361,361,0,1,1.80238,1.80238,1971,388,5,1288,0,0,0,0,0,3655,4587.37,1.0905,23.2045,584359,184,55262,2234,1715218,736,221048,8936,32,4,867412,1712166,27757184,6848664,34605848,4,4,12,4,49,16,12,20,20,20260807,5,1,1,1,0,0,0,6577,0.274042,1,0.0015,0
2486,23946.2,9,0,2.53975,5.96762,0,0,0,8.50737,361,361,0,1,1.80238,1.80238,1971,388,5,1288,0,0,0,0,0,3655,4587.37,1.0905,23.2045,584359,184,55262,2234,1715218,736,221048,8936,32,4,867412,1712166,27757184,6848664,34605848,4,4,12,4,49,16,12,20,20,20260807,5,1,1,1,0,0,0,6578,0.274083,1,0.0015,1
2487,23952.9,7,0,2.42621,4.22646,0,0,0,6.65267,361,361,0,1,1.80238,1.80238,1971,388,5,1288,0,0,0,0,0,3655,4587.37,1.0905,23.2045,584359,184,55262,2234,1715218,736,221048,8936,32,4,867412,1712166,27757184,6848664,34605848,4,4,12,4,49,16,12,20,20,20260807,5,1,1,1,0,0,0,6578,0.274083,1,0.0015,0
2488,23963,10,0,2.36954,7.64238,0,0,0,10.0119,361,361,0,1,1.80238,1.80238,1971,388,5,1288,0,0,0,0,0,3655,4587.37,1.0905,23.2045,584359,184,55262,2234,1715218,736,221048,8936,32,4,867412,1712166,27757184,6848664,34605848,4,4,12,4,49,16,12,20,20,20260807,5,1,1,1,0,0,0,6578,0.274083,1,0.0015,0
2489,23970.6,7,0,2.29588,5.14112,0,0,0,7.437,361,361,0,1,1.80238,1.80238,1971,388,5,1288,0,0,0,0,0,3655,4587.37,1.0905,23.2045,584359,184,55262,2234,1715218,736,221048,8936,32,4,867412,1712166,27757184,6848664,34605848,4,4,12,4,49,16,12,20,20,20260807,5,1,1,1,0,0,0,6578,0.274083,1,0.0015,0
2490,23982.1,12,0,2.35562,9.11021,0,0,0,11.4658,361,361,0,1,1.80238,1.80238,1971,388,5,1288,0,0,0,0,0,3655,4587.37,1.0905,23.2045,584359,184,55262,2234,1715218,736,221048,8936,32,4,867412,1712166,27757184,6848664,34605848,4,4,12,4,49,16,12,20,20,20260807,5,1,1,1,0,0,0,6578,0.274083,1,0.0015,0
2491,23999.8,17,0,2.49879,15.0329,0,0,0,17.5317,361,361,0,1,1.80238,1.80238,1971,388,5,1288,0,0,0,0,0,3655,4587.37,1.0905,23.2045,584359,184,55262,2234,1715218,736,221048,8936,32,4,867412,1712166,27757184,6848664,34605848,4,4,12,4,49,16,12,20,20,20260807,5,1,1,1,0,0,0,6579,0.274125,1,0.0015,1
2492,24019.1,20,0,2.32917,16.8877,0,0,0,19.2168,361,361,0,1,1.80238,1.80238,1971,388,5,1288,0,0,0,0,0,3655,4587.37,1.0905,23.2045,584359,184,55262,2234,1715218,736,221048,8936,32,4,867412,1712166,27757184,6848664,34605848,4,4,12,4,49,16,12,20,20,20260807,5,1,1,1,0,0,0,6579,0.274125,1,0.0015,0
2493,24029.9,11,0,2.39492,8.31508,0,0,0,10.71,361,361,0,1,1.80238,1.80238,1971,388,5,1288,0,0,0,0,0,3655,4587.37,1.0905,23.2045,584359,184,55262,2234,1715218,736,221048,8936,32,4,867412,1712166,27757184,6848664,34605848,4,4,12,4,49,16,12,20,20,20260807,5,1,1,1,0,0,0,6579,0.274125,1,0.0015,0
2494,24037.5,7,0,2.29404,5.27546,0,0,0,7.5695,361,361,0,1,1.80238,1.80238,1971,388,5,1288,0,0,0,0,0,3655,4587.37,1.0905,23.2045,584359,184,55262,2234,1715218,736,221048,8936,32,4,867412,1712166,27757184,6848664,34605848,4,4,12,4,49,16,12,20,20,20260807,5,1,1,1,0,0,0,6579,0.274125,1,0.0015,0
2495,24047.9,11,0,4.33246,5.91812,0,0,0,10.2506,361,361,0,1,1.80238,1.80238,1971,388,5,1288,0,0,0,0,0,3655,4587.37,1.0905,23.2045,584359,184,55262,2234,1715218,736,221048,8936,32,4,867412,1712166,27757184,6848664,34605848,4,4,12,4,49,16,12,20,20,20260807,5,1,1,1,0,0,0,6580,0.274167,1,0.0015,1
2496,24063.6,15,0,2.40558,13.2018,0,0,0,15.6074,361,361,0,1,1.80238,1.80238,1971,388,5,1288,0,0,0,0,0,3655,4587.37,1.0905,23.2045,584359,184,55262,2234,1715218,736,221048,8936,32,4,867412,1712166,27757184,6848664,34605848,4,4,12,4,49,16,12,20,20,20260807,5,1,1,1,0,0,0,6580,0.274167,1,0.0015,0
2497,24072.1,9,0,2.37367,5.99958,0,0,0,8.37325,361,361,0,1,1.80238,1.80238,1971,388,5,1288,0,0,0,0,0,3655,4587.37,1.0905,23.2045,584359,184,55262,2234,1715218,736,221048,8936,32,4,867412,1712166,27757184,6848664,34605848,4,4,12,4,49,16,12,20,20,20260807,5,1,1,1,0,0,0,6580,0.274167,1,0.0015,0
2498,24079.8,8,0,2.34671,5.32625,0,0,0,7.67296,361,361,0,1,1.80238,1.80238,1971,388,5,1288,0,0,0,0,0,3655,4587.37,1.0905,23.2045,584359,184,55262,2234,1715218,736,221048,8936,32,4,867412,1712166,27757184,6848664,34605848,4,4,12,4,49,16,12,20,20,20260807,5,1,1,1,0,0,0,6580,0.274167,1,0.0015,0
2499,24087.2,7,0,2.34337,4.96988,0,0,0,7.31325,361,361,0,1,1.80238,1.80238,1971,388,5,1288,0,0,0,0,0,3655,4587.37,1.0905,23.2045,584359,184,55262,2234,1715218,736,221048,8936,32,4,867412,1712166,27757184,6848664,34605848,4,4,12,4,49,16,12,20,20,20260807,5,1,1,1,0,0,0,6580,0.274167,1,0.0015,0
2500,24096.3,9,0,2.4075,6.6005,0,0,0,9.008,361,361,0,1,1.80238,1.80238,1971,388,5,1288,0,0,0,0,0,3655,4587.37,1.0905,23.2045,584359,184,55262,2234,1715218,736,221048,8936,32,4,867412,1712166,27757184,6848664,34605848,4,4,12,4,49,16,12,20,20,20260807,5,1,1,1,0,0,0,6581,0.274208,1,0.0015,1
2501,24103.3,7,0,2.28692,4.63596,0,0,0,6.92288,361,361,0,1,1.80238,1.80238,1971,388,5,1288,0,0,0,0,0,3655,4587.37,1.0905,23.2045,584359,184,55262,2234,1715218,736,221048,8936,32,4,867412,1712166,27757184,6848664,34605848,4,4,12,4,49,16,12,20,20,20260807,5,1,1,1,0,0,0,6581,0.274208,1,0.0015,0
2502,24115.6,12,0,2.44612,9.74392,0,0,0,12.19,361,361,0,1,1.80238,1.80238,1971,388,5,1288,0,0,0,0,0,3655,4587.37,1.0905,23.2045,584359,184,55262,2234,1715218,736,221048,8936,32,4,867412,1712166,27757184,6848664,34605848,4,4,12,4,49,16,12,20,20,20260807,5,1,1,1,0,0,0,6581,0.274208,1,0.0015,0
2503,24122.4,7,0,2.39321,4.33796,0,0,0,6.73117,361,361,0,1,1.80238,1.80238,1971,388,5,1288,0,0,0,0,0,3655,4587.37,1.0905,23.2045,584359,184,55262,2234,1715218,736,221048,8936,32,4,867412,1712166,27757184,6848664,34605848,4,4,12,4,49,16,12,20,20,20260807,5,1,1,1,0,0,0,6581,0.274208,1,0.0015,0
2504,24130,8,0,2.40208,5.0325,0,0,0,7.43458,361,361,0,1,1.80238,1.80238,1971,388,5,1288,0,0,0,0,0,3655,4587.37,1.0905,23.2045,584359,184,55262,2234,1715218,736,221048,8936,32,4,867412,1712166,27757184,6848664,34605848,4,4,12,4,49,16,12,20,20,20260807,5,1,1,1,0,0,0,6581,0.274208,1,0.0015,0
2505,24136.9,7,0,2.38733,4.39192,0,0,0,6.77925,361,361,0,1,1.80238,1.80238,1971,388,5,1288,0,0,0,0,0,3655,4587.37,1.0905,23.2045,584359,184,55262,2234,1715218,736,221048,8936,32,4,867412,1712166,27757184,6848664,34605848,4,4,12,4,49,16,12,20,20,20260807,5,1,1,1,0,0,0,6581,0.274208,1,0.0015,0
2506,24146.2,9,0,2.337,6.95575,0,0,0,9.29275,361,361,0,1,1.80238,1.80238,1971,388,5,1288,0,0,0,0,0,3655,4587.37,1.0905,23.2045,584359,184,55262,2234,1715218,736,221048,8936,32,4,867412,1712166,27757184,6848664,34605848,4,4,12,4,49,16,12,20,20,20260807,5,1,1,1,0,0,0,6582,0.27425,1,0.0015,1
2507,24153.7,7,0,2.39171,5.01904,0,0,0,7.41075,361,361,0,1,1.80238,1.80238,1971,388,5,1288,0,0,0,0,0,3655,4587.37,1.0905,23.2045,584359,184,55262,2234,1715218,736,221048,8936,32,4,867412,1712166,27757184,6848664,34605848,4,4,12,4,49,16,12,20,20,20260807,5,1,1,1,0,0,0,6582,0.27425,1,0.0015,0
2508,24162.2,9,0,2.35058,6.00508,0,0,0,8.35567,361,361,0,1,1.80238,1.80238,1971,388,5,1288,0,0,0,0,0,3655,4587.37,1.0905,23.2045,584359,184,55262,2234,1715218,736,221048,8936,32,4,867412,1712166,27757184,6848664,34605848,4,4,12,4,49,16,12,20,20,20260807,5,1,1,1,0,0,0,6582,0.27425,1,0.0015,0
2509,24168.8,6,0,2.42821,4.11933,0,0,0,6.54754,361,361,0,1,1.80238,1.80238,1971,388,5,1288,0,0,0,0,0,3655,4587.37,1.0905,23.2045,584359,184,55262,2234,1715218,736,221048,8936,32,4,867412,1712166,27757184,6848664,34605848,4,4,12,4,49,16,12,20,20,20260807,5,1,1,1,0,0,0,6582,0.27425,1,0.0015,0
2510,24183.1,15,0,2.30746,11.9604,0,0,0,14.2679,361,361,0,1,1.80238,1.80238,1971,388,5,1288,0,0,0,0,0,3655,4587.37,1.0905,23.2045,584359,184,55262,2234,1715218,736,221048,8936,32,4,867412,1712166,27757184,6848664,34605848,4,4,12,4,49,16,12,20,20,20260807,5,1,1,1,0,0,0,6582,0.27425,1,0.0015,0
2511,24189.9,7,0,2.4535,4.21721,0,0,0,6.67071,361,361,0,1,1.80238,1.80238,1971,388,5,1288,0,0,0,0,0,3655,4587.37,1.0905,23.2045,584359,184,55262,2234,1715218,736,221048,8936,32,4,867412,1712166,27757184,6848664,34605848,4,4,12,4,49,16,12,20,20,20260807,5,1,1,1,0,0,0,6583,0.274292,1,0.0015,1
2512,24196.9,7,0,2.57788,4.30567,0,0,0,6.88354,361,361,0,1,1.80238,1.80238,1971,388,5,1288,0,0,0,0,0,3655,4587.37,1.0905,23.2045,584359,184,55262,2234,1715218,736,221048,8936,32,4,867412,1712166,27757184,6848664,34605848,4,4,12,4,49,16,12,20,20,20260807,5,1,1,1,0,0,0,6583,0.274292,1,0.0015,0
2513,24204,7,0,2.52096,4.49504,0,0,0,7.016,361,361,0,1,1.80238,1.80238,1971,388,5,1288,0,0,0,0,0,3655,4587.37,1.0905,23.2045,584359,184,55262,2234,1715218,736,221048,8936,32,4,867412,1712166,27757184,6848664,34605848,4,4,12,4,49,16,12,20,20,20260807,5,1,1,1,0,0,0,6583,0.274292,1,0.0015,0
2514,24212.3,8,0,2.40179,5.8605,0,0,0,8.26229,361,361,0,1,1.80238,1.80238,1971,388,5,1288,0,0,0,0,0,3655,4587.37,1.0905,23.2045,584359,184,55262,2234,1715218,736,221048,8936,32,4,867412,1712166,27757184,6848664,34605848,4,4,12,4,49,16,12,20,20,20260807,5,1,1,1,0,0,0,6583,0.274292,1,0.0015,0
2515,24219.3,7,0,2.30567,4.56704,0,0,0,6.87271,361,361,0,1,1.80238,1.80238,1971,388,5,1288,0,0,0,0,0,3655,4587.37,1.0905,23.2045,584359,184,55262,2234,1715218,736,221048,8936,32,4,867412,1712166,27757184,6848664,34605848,4,4,12,4,49,16,12,20,20,20260807,5,1,1,1,0,0,0,6583,0.274292,1,0.0015,0
2516,24229.8,11,0,2.36546,8.13129,0,0,0,10.4968,361,361,0,1,1.80238,1.80238,1971,388,5,1288,0,0,0,0,0,3655,4587.37,1.0905,23.2045,584359,184,55262,2234,1715218,736,221048,8936,32,4,867412,1712166,27757184,6848664,34605848,4,4,12,4,49,16,12,20,20,20260807,5,1,1,1,0,0,0,6583,0.274292,1,0.0015,0
2517,24238.3,8,0,2.25913,6.067,0,0,0,8.32612,361,361,0,1,1.80238,1.80238,1971,388,5,1288,0,0,0,0,0,3655,4587.37,1.0905,23.2045,584359,184,55262,2234,1715218,736,221048,8936,32,4,867412,1712166,27757184,6848664,34605848,4,4,12,4,49,16,12,20,20,20260807,5,1,1,1,0,0,0,6583,0.274292,1,0.0015,0
2518,24248.5,10,0,2.62008,7.56329,0,0,0,10.1834,361,361,0,1,1.80238,1.80238,1971,388,5,1288,0,0,0,0,0,3655,4587.37,1.0905,23.2045,584359,184,55262,2234,1715218,736,221048,8936,32,4,867412,1712166,27757184,6848664,34605848,4,4,12,4,49,16,12,20,20,20260807,5,1,1,1,0,0,0,6584,0.274333,1,0.0015,1
2519,24262.9,15,0,2.38813,11.9074,0,0,0,14.2955,361,361,0,1,1.80238,1.80238,1971,388,5,1288,0,0,0,0,0,3655,4587.37,1.0905,23.2045,584359,184,55262,2234,1715218,736,221048,8936,32,4,867412,1712166,27757184,6848664,34605848,4,4,12,4,49,16,12,20,20,20260807,5,1,1,1,0,0,0,6584,0.274333,1,0.0015,0
2520,24270.2,7,0,2.39688,4.7525,0,0,0,7.14938,361,361,0,1,1.80238,1.80238,1971,388,5,1288,0,0,0,0,0,3655,4587.37,1.0905,23.2045,584359,184,55262,2234,1715218,736,221048,8936,32,4,867412,1712166,27757184,6848664,34605848,4,4,12,4,49,16,12,20,20,20260807,5,1,1,1,0,0,0,6584,0.274333,1,0.0015,0
2521,24280.8,10,0,2.33667,8.19904,0,0,0,10.5357,361,361,0,1,1.80238,1.80238,1971,388,5,1288,0,0,0,0,0,3655,4587.37,1.0905,23.2045,584359,184,55262,2234,1715218,736,221048,8936,32,4,867412,1712166,27757184,6848664,34605848,4,4,12,4,49,16,12,20,20,20260807,5,1,1,1,0,0,0,6584,0.274333,1,0.0015,0
2522,24288.8,8,0,2.37113,5.52729,0,0,0,7.89842,361,361,0,1,1.80238,1.80238,1971,388,5,1288,0,0,0,0,0,3655,4587.37,1.0905,23.2045,584359,184,55262,2234,1715218,736,221048,8936,32,4,867412,1712166,27757184,6848664,34605848,4,4,12,4,49,16,12,20,20,20260807,5,1,1,1,0,0,0,6584,0.274333,1,0.0015,0
2523,24296.9,9,0,2.24567,5.80025,0,0,0,8.04592,361,361,0,1,1.80238,1.80238,1971,388,5,1288,0,0,0,0,0,3655,4587.37,1.0905,23.2045,584359,184,55262,2234,1715218,736,221048,8936,32,4,867412,1712166,27757184,6848664,34605848,4,4,12,4,49,16,12,20,20,20260807,5,1,1,1,0,0,0,6585,0.274375,1,0.0015,1
2524,24304.1,7,0,2.38587,4.69712,0,0,0,7.083,361,361,0,1,1.80238,1.80238,1971,388,5,1288,0,0,0,0,0,3655,4587.37,1.0905,23.2045,584359,184,55262,2234,1715218,736,221048,8936,32,4,867412,1712166,27757184,6848664,34605848,4,4,12,4,49,16,12,20,20,20260807,5,1,1,1,0,0,0,6585,0.274375,1,0.0015,0
2525,24313.7,9,0,2.46483,7.02429,0,0,0,9.48912,361,361,0,1,1.80238,1.80238,1971,388,5,1288,0,0,0,0,0,3655,4587.37,1.0905,23.2045,584359,184,55262,2234,1715218,736,221048,8936,32,4,867412,1712166,27757184,6848664,34605848,4,4,12,4,49,16,12,20,20,20260807,5,1,1,1,0,0,0,6585,0.274375,1,0.0015,0
2526,24320.8,7,0,2.46862,4.50079,0,0,0,6.96942,361,361,0,1,1.80238,1.80238,1971,388,5,1288,0,0,0,0,0,3655,4587.37,1.0905,23.2045,584359,184,55262,2234,1715218,736,221048,8936,32,4,867412,1712166,27757184,6848664,34605848,4,4,12,4,49,16,12,20,20,20260807,5,1,1,1,0,0,0,6585,0.274375,1,0.0015,0
2527,24329.6,9,0,2.24262,6.48821,0,0,0,8.73083,361,361,0,1,1.80238,1.80238,1971,388,5,1288,0,0,0,0,0,3655,4587.37,1.0905,23.2045,584359,184,55262,2234,1715218,736,221048,8936,32,4,867412,1712166,27757184,6848664,34605848,4,4,12,4,49,16,12,20,20,20260807,5,1,1,1,0,0,0,6585,0.274375,1,0.0015,0
2528,24336.2,7,0,2.41337,4.12488,0,0,0,6.53825,361,361,0,1,1.80238,1.80238,1971,388,5,1288,0,0,0,0,0,3655,4587.37,1.0905,23.2045,584359,184,55262,2234,1715218,736,221048,8936,32,4,867412,1712166,27757184,6848664,34605848,4,4,12,4,49,16,12,20,20,20260807,5,1,1,1,0,0,0,6585,0.274375,1,0.0015,0
2529,24346.1,10,0,2.35738,7.42796,0,0,0,9.78533,361,361,0,1,1.80238,1.80238,1971,388,5,1288,0,0,0,0,0,3655,4587.37,1.0905,23.2045,584359,184,55262,2234,1715218,736,221048,8936,32,4,867412,1712166,27757184,6848664,34605848,4,4,12,4,49,16,12,20,20,20260807,5,1,1,1,0,0,0,6586,0.274417,1,0.0015,1
2530,24353.2,7,0,2.74525,4.30667,0,0,0,7.05192,361,361,0,1,1.80238,1.80238,1971,388,5,1288,0,0,0,0,0,3655,4587.37,1.0905,23.2045,584359,184,55262,2234,1715218,736,221048,8936,32,4,867412,1712166,27757184,6848664,34605848,4,4,12,4,49,16,12,20,20,20260807,5,1,1,1,0,0,0,6586,0.274417,1,0.0015,0
2531,24363.6,10,0,2.31621,8.00296,0,0,0,10.3192,361,361,0,1,1.80238,1.80238,1971,388,5,1288,0,0,0,0,0,3655,4587.37,1.0905,23.2045,584359,184,55262,2234,1715218,736,221048,8936,32,4,867412,1712166,27757184,6848664,34605848,4,4,12,4,49,16,12,20,20,20260807,5,1,1,1,0,0,0,6586,0.274417,1,0.0015,0
2532,24370.9,8,0,2.51392,4.71983,0,0,0,7.23375,361,361,0,1,1.80238,1.80238,1971,388,5,1288,0,0,0,0,0,3655,4587.37,1.0905,23.2045,584359,184,55262,2234,1715218,736,221048,8936,32,4,867412,1712166,27757184,6848664,34605848,4,4,12,4,49,16,12,20,20,20260807,5,1,1,1,0,0,0,6586,0.274417,1,0.0015,0
2533,24380.4,9,0,2.37708,6.93854,0,0,0,9.31563,361,361,0,1,1.80238,1.80238,1971,388,5,1288,0,0,0,0,0,3655,4587.37,1.0905,23.2045,584359,184,55262,2234,1715218,736,221048,8936,32,4,867412,1712166,27757184,6848664,34605848,4,4,12,4,49,16,12,20,20,20260807,5,1,1,1,0,0,0,6586,0.274417,1,0.0015,0
2534,24396.6,16,0,2.41733,13.7635,0,0,0,16.1809,361,361,0,1,1.80238,1.80238,1971,388,5,1288,0,0,0,0,0,3655,4587.37,1.0905,23.2045,584359,184,55262,2234,1715218,736,221048,8936,32,4,867412,1712166,27757184,6848664,34605848,4,4,12,4,49,16,12,20,20,20260807,5,1,1,1,0,0,0,6586,0.274417,1,0.0015,0
2535,24404.2,8,0,2.61833,4.86067,0,0,0,7.479,361,361,0,1,1.80238,1.80238,1971,388,5,1288,0,0,0,0,0,3655,4587.37,1.0905,23.2045,584359,184,55262,2234,1715218,736,221048,8936,32,4,867412,1712166,27757184,6848664,34605848,4,4,12,4,49,16,12,20,20,20260807,5,1,1,1,0,0,0,6587,0.274458,1,0.0015,1
2536,24413.8,9,0,2.30742,7.19029,0,0,0,9.49771,361,361,0,1,1.80238,1.80238,1971,388,5,1288,0,0,0,0,0,3655,4587.37,1.0905,23.2045,584359,184,55262,2234,1715218,736,221048,8936,32,4,867412,1712166,27757184,6848664,34605848,4,4,12,4,49,16,12,20,20,20260807,5,1,1,1,0,0,0,6587,0.274458,1,0.0015,0
2537,24420.8,8,0,2.31333,4.66308,0,0,0,6.97642,361,361,0,1,1.80238,1.80238,1971,388,5,1288,0,0,0,0,0,3655,4587.37,1.0905,23.2045,584359,184,55262,2234,1715218,736,221048,8936,32,4,867412,1712166,27757184,6848664,34605848,4,4,12,4,49,16,12,20,20,20260807,5,1,1,1,0,0,0,6587,0.274458,1,0.0015,0
2538,24429.6,8,0,3.16538,5.52029,0,0,0,8.68567,361,361,0,1,1.80238,1.80238,1971,388,5,1288,0,0,0,0,0,3655,4587.37,1.0905,23.2045,584359,184,55262,2234,1715218,736,221048,8936,32,4,867412,1712166,27757184,6848664,34605848,4,4,12,4,49,16,12,20,20,20260807,5,1,1,1,0,0,0,6587,0.274458,1,0.0015,0
2539,24436.7,7,0,2.43725,4.61171,0,0,0,7.04896,361,361,0,1,1.80238,1.80238,1971,388,5,1288,0,0,0,0,0,3655,4587.37,1.0905,23.2045,584359,184,55262,2234,1715218,736,221048,8936,32,4,867412,1712166,27757184,6848664,34605848,4,4,12,4,49,16,12,20,20,20260807,5,1,1,1,0,0,0,6587,0.274458,1,0.0015,0
2540,24446.5,10,0,2.29413,7.34542,0,0,0,9.63954,361,361,0,1,1.80238,1.80238,1971,388,5,1288,0,0,0,0,0,3655,4587.37,1.0905,23.2045,584359,184,55262,2234,1715218,736,221048,8936,32,4,867412,1712166,27757184,6848664,34605848,4,4,12,4,49,16,12,20,20,20260807,5,1,1,1,0,0,0,6588,0.2745,1,0.0015,1
2541,24453.9,8,0,2.41708,4.91204,0,0,0,7.32913,361,361,0,1,1.80238,1.80238,1971,388,5,1288,0,0,0,0,0,3655,4587.37,1.0905,23.2045,584359,184,55262,2234,1715218,736,221048,8936,32,4,867412,1712166,27757184,6848664,34605848,4,4,12,4,49,16,12,20,20,20260807,5,1,1,1,0,0,0,6588,0.2745,1,0.0015,0
2542,24463.3,9,0,2.30204,7.02396,0,0,0,9.326,361,361,0,1,1.80238,1.80238,1971,388,5,1288,0,0,0,0,0,3655,4587.37,1.0905,23.2045,584359,184,55262,2234,1715218,736,221048,8936,32,4,867412,1712166,27757184,6848664,34605848,4,4,12,4,49,16,12,20,20,20260807,5,1,1,1,0,0,0,6588,0.2745,1,0.0015,0
2543,24471.7,7,0,2.39871,5.95937,0,0,0,8.35808,361,361,0,1,1.80238,1.80238,1971,388,5,1288,0,0,0,0,0,3655,4587.37,1.0905,23.2045,584359,184,55262,2234,1715218,736,221048,8936,32,4,867412,1712166,27757184,6848664,34605848,4,4,12,4,49,16,12,20,20,20260807,5,1,1,1,0,0,0,6588,0.2745,1,0.0015,0
2544,24479.6,8,0,2.59963,5.19604,0,0,0,7.79567,361,361,0,1,1.80238,1.80238,1971,388,5,1288,0,0,0,0,0,3655,4587.37,1.0905,23.2045,584359,184,55262,2234,1715218,736,221048,8936,32,4,867412,1712166,27757184,6848664,34605848,4,4,12,4,49,16,12,20,20,20260807,5,1,1,1,0,0,0,6588,0.2745,1,0.0015,0
2545,24486.3,7,0,2.3215,4.27754,0,0,0,6.59904,361,361,0,1,1.80238,1.80238,1971,388,5,1288,0,0,0,0,0,3655,4587.37,1.0905,23.2045,584359,184,55262,2234,1715218,736,221048,8936,32,4,867412,1712166,27757184,6848664,34605848,4,4,12,4,49,16,12,20,20,20260807,5,1,1,1,0,0,0,6588,0.2745,1,0.0015,0
2546,24496.3,10,0,2.39029,7.49992,0,0,0,9.89021,361,361,0,1,1.80238,1.80238,1971,388,5,1288,0,0,0,0,0,3655,4587.37,1.0905,23.2045,584359,184,55262,2234,1715218,736,221048,8936,32,4,867412,1712166,27757184,6848664,34605848,4,4,12,4,49,16,12,20,20,20260807,5,1,1,1,0,0,0,6589,0.274542,1,0.0015,1
2547,24502.8,7,0,2.34737,4.093,0,0,0,6.44038,361,361,0,1,1.80238,1.80238,1971,388,5,1288,0,0,0,0,0,3655,4587.37,1.0905,23.2045,584359,184,55262,2234,1715218,736,221048,8936,32,4,867412,1712166,27757184,6848664,34605848,4,4,12,4,49,16,12,20,20,20260807,5,1,1,1,0,0,0,6589,0.274542,1,0.0015,0
2548,24515,12,0,2.28292,9.81571,0,0,0,12.0986,361,361,0,1,1.80238,1.80238,1971,388,5,1288,0,0,0,0,0,3655,4587.37,1.0905,23.2045,584359,184,55262,2234,1715218,736,221048,8936,32,4,867412,1712166,27757184,6848664,34605848,4,4,12,4,49,16,12,20,20,20260807,5,1,1,1,0,0,0,6589,0.274542,1,0.0015,0
2549,24530.4,16,0,2.70117,12.6359,0,0,0,15.337,361,361,0,1,1.80238,1.80238,1971,388,5,1288,0,0,0,0,0,3655,4587.37,1.0905,23.2045,584359,184,55262,2234,1715218,736,221048,8936,32,4,867412,1712166,27757184,6848664,34605848,4,4,12,4,49,16,12,20,20,20260807,5,1,1,1,0,0,0,6589,0.274542,1,0.0015,0
2550,24538.2,8,0,2.56579,4.72667,0,0,0,7.29246,361,361,0,1,1.80238,1.80238,1971,388,5,1288,0,0,0,0,0,3655,4587.37,1.0905,23.2045,584359,184,55262,2234,1715218,736,221048,8936,32,4,867412,1712166,27757184,6848664,34605848,4,4,12,4,49,16,12,20,20,20260807,5,1,1,1,0,0,0,6589,0.274542,1,0.0015,0
2551,24545.9,8,0,2.43471,5.24146,0,0,0,7.67617,361,361,0,1,1.80238,1.80238,1971,388,5,1288,0,0,0,0,0,3655,4587.37,1.0905,23.2045,584359,184,55262,2234,1715218,736,221048,8936,32,4,867412,1712166,27757184,6848664,34605848,4,4,12,4,49,16,12,20,20,20260807,5,1,1,1,0,0,0,6590,0.274583,1,0.0015,1
2552,24553.5,7,0,2.4245,5.02833,0,0,0,7.45283,361,361,0,1,1.80238,1.80238,1971,388,5,1288,0,0,0,0,0,3655,4587.37,1.0905,23.2045,584359,184,55262,2234,1715218,736,221048,8936,32,4,867412,1712166,27757184,6848664,34605848,4,4,12,4,49,16,12,20,20,20260807,5,1,1,1,0,0,0,6590,0.274583,1,0.0015,0
2553,24564.7,11,0,2.43758,8.6035,0,0,0,11.0411,361,361,0,1,1.80238,1.80238,1971,388,5,1288,0,0,0,0,0,3655,4587.37,1.0905,23.2045,584359,184,55262,2234,1715218,736,221048,8936,32,4,867412,1712166,27757184,6848664,34605848,4,4,12,4,49,16,12,20,20,20260807,5,1,1,1,0,0,0,6590,0.274583,1,0.0015,0
2554,24571.5,7,0,2.33271,4.43063,0,0,0,6.76333,361,361,0,1,1.80238,1.80238,1971,388,5,1288,0,0,0,0,0,3655,4587.37,1.0905,23.2045,584359,184,55262,2234,1715218,736,221048,8936,32,4,867412,1712166,27757184,6848664,34605848,4,4,12,4,49,16,12,20,20,20260807,5,1,1,1,0,0,0,6590,0.274583,1,0.0015,0
2555,24580.5,9,0,2.35458,6.53933,0,0,0,8.89392,361,361,0,1,1.80238,1.80238,1971,388,5,1288,0,0,0,0,0,3655,4587.37,1.0905,23.2045,584359,184,55262,2234,1715218,736,221048,8936,32,4,867412,1712166,27757184,6848664,34605848,4,4,12,4,49,16,12,20,20,20260807,5,1,1,1,0,0,0,6590,0.274583,1,0.0015,0
2556,24587.7,7,0,2.51283,4.68475,0,0,0,7.19758,361,361,0,1,1.80238,1.80238,1971,388,5,1288,0,0,0,0,0,3655,4587.37,1.0905,23.2045,584359,184,55262,2234,1715218,736,221048,8936,32,4,867412,1712166,27757184,6848664,34605848,4,4,12,4,49,16,12,20,20,20260807,5,1,1,1,0,0,0,6590,0.274583,1,0.0015,0
2557,24596.6,9,0,2.502,6.28617,0,0,0,8.78817,361,361,0,1,1.80238,1.80238,1971,388,5,1288,0,0,0,0,0,3655,4587.37,1.0905,23.2045,584359,184,55262,2234,1715218,736,221048,8936,32,4,867412,1712166,27757184,6848664,34605848,4,4,12,4,49,16,12,20,20,20260807,5,1,1,1,0,0,0,6591,0.274625,1,0.0015,1
2558,24603.9,8,0,2.47958,4.67675,0,0,0,7.15633,361,361,0,1,1.80238,1.80238,1971,388,5,1288,0,0,0,0,0,3655,4587.37,1.0905,23.2045,584359,184,55262,2234,1715218,736,221048,8936,32,4,867412,1712166,27757184,6848664,34605848,4,4,12,4,49,16,12,20,20,20260807,5,1,1,1,0,0,0,6591,0.274625,1,0.0015,0
2559,24612.9,9,0,2.54062,6.36913,0,0,0,8.90975,361,361,0,1,1.80238,1.80238,1971,388,5,1288,0,0,0,0,0,3655,4587.37,1.0905,23.2045,584359,184,55262,2234,1715218,736,221048,8936,32,4,867412,1712166,27757184,6848664,34605848,4,4,12,4,49,16,12,20,20,20260807,5,1,1,1,0,0,0,6591,0.274625,1,0.0015,0
2560,24620.1,7,0,2.47592,4.68392,0,0,0,7.15983,361,361,0,1,1.80238,1.80238,1971,388,5,1288,0,0,0,0,0,3655,4587.37,1.0905,23.2045,584359,184,55262,2234,1715218,736,221048,8936,32,4,867412,1712166,27757184,6848664,34605848,4,4,12,4,49,16,12,20,20,20260807,5,1,1,1,0,0,0,6591,0.274625,1,0.0015,0
2561,24629.5,9,0,2.40604,6.90792,0,0,0,9.31396,361,361,0,1,1.80238,1.80238,1971,388,5,1288,0,0,0,0,0,3655,4587.37,1.0905,23.2045,584359,184,55262,2234,1715218,736,221048,8936,32,4,867412,1712166,27757184,6848664,34605848,4,4,12,4,49,16,12,20,20,20260807,5,1,1,1,0,0,0,6591,0.274625,1,0.0015,0
2562,24638,9,0,2.3485,6.04387,0,0,0,8.39237,361,361,0,1,1.80238,1.80238,1971,388,5,1288,0,0,0,0,0,3655,4587.37,1.0905,23.2045,584359,184,55262,2234,1715218,736,221048,8936,32,4,867412,1712166,27757184,6848664,34605848,4,4,12,4,49,16,12,20,20,20260807,5,1,1,1,0,0,0,6591,0.274625,1,0.0015,0
2563,24645.8,7,0,2.42112,5.26321,0,0,0,7.68433,361,361,0,1,1.80238,1.80238,1971,388,5,1288,0,0,0,0,0,3655,4587.37,1.0905,23.2045,584359,184,55262,2234,1715218,736,221048,8936,32,4,867412,1712166,27757184,6848664,34605848,4,4,12,4,49,16,12,20,20,20260807,5,1,1,1,0,0,0,6592,0.274667,1,0.0015,1
2564,24652.4,7,0,2.50104,3.98754,0,0,0,6.48858,361,361,0,1,1.80238,1.80238,1971,388,5,1288,0,0,0,0,0,3655,4587.37,1.0905,23.2045,584359,184,55262,2234,1715218,736,221048,8936,32,4,867412,1712166,27757184,6848664,34605848,4,4,12,4,49,16,12,20,20,20260807,5,1,1,1,0,0,0,6592,0.274667,1,0.0015,0
2565,24663,11,0,2.40525,8.19125,0,0,0,10.5965,361,361,0,1,1.80238,1.80238,1971,388,5,1288,0,0,0,0,0,3655,4587.37,1.0905,23.2045,584359,184,55262,2234,1715218,736,221048,8936,32,4,867412,1712166,27757184,6848664,34605848,4,4,12,4,49,16,12,20,20,20260807,5,1,1,1,0,0,0,6592,0.274667,1,0.0015,0
2566,24682,19,0,2.35642,16.5065,0,0,0,18.8629,361,361,0,1,1.80238,1.80238,1971,388,5,1288,0,0,0,0,0,3655,4587.37,1.0905,23.2045,584359,184,55262,2234,1715218,736,221048,8936,32,4,867412,1712166,27757184,6848664,34605848,4,4,12,4,49,16,12,20,20,20260807,5,1,1,1,0,0,0,6592,0.274667,1,0.0015,0
2567,24688.7,6,0,2.62621,4.004,0,0,0,6.63021,361,361,0,1,1.80238,1.80238,1971,388,5,1288,0,0,0,0,0,3655,4587.37,1.0905,23.2045,584359,184,55262,2234,1715218,736,221048,8936,32,4,867412,1712166,27757184,6848664,34605848,4,4,12,4,49,16,12,20,20,20260807,5,1,1,1,0,0,0,6593,0.274708,1,0.0015,1
2568,24695.8,7,0,2.50271,4.51875,0,0,0,7.02146,361,361,0,1,1.80238,1.80238,1971,388,5,1288,0,0,0,0,0,3655,4587.37,1.0905,23.2045,584359,184,55262,2234,1715218,736,221048,8936,32,4,867412,1712166,27757184,6848664,34605848,4,4,12,4,49,16,12,20,20,20260807,5,1,1,1,0,0,0,6593,0.274708,1,0.0015,0
2569,24703.1,8,0,2.55625,4.70483,0,0,0,7.26108,361,361,0,1,1.80238,1.80238,1971,388,5,1288,0,0,0,0,0,3655,4587.37,1.0905,23.2045,584359,184,55262,2234,1715218,736,221048,8936,32,4,867412,1712166,27757184,6848664,34605848,4,4,12,4,49,16,12,20,20,20260807,5,1,1,1,0,0,0,6593,0.274708,1,0.0015,0
2570,24712.2,9,0,2.28967,6.67975,0,0,0,8.96942,361,361,0,1,1.80238,1.80238,1971,388,5,1288,0,0,0,0,0,3655,4587.37,1.0905,23.2045,584359,184,55262,2234,1715218,736,221048,8936,32,4,867412,1712166,27757184,6848664,34605848,4,4,12,4,49,16,12,20,20,20260807,5,1,1,1,0,0,0,6593,0.274708,1,0.0015,0
2571,24719.6,7,0,2.57596,4.73125,0,0,0,7.30721,361,361,0,1,1.80238,1.80238,1971,388,5,1288,0,0,0,0,0,3655,4587.37,1.0905,23.2045,584359,184,55262,2234,1715218,736,221048,8936,32,4,867412,1712166,27757184,6848664,34605848,4,4,12,4,49,16,12,20,20,20260807,5,1,1,1,0,0,0,6593,0.274708,1,0.0015,0
2572,24729.8,10,0,2.35862,7.74533,0,0,0,10.104,361,361,0,1,1.80238,1.80238,1971,388,5,1288,0,0,0,0,0,3655,4587.37,1.0905,23.2045,584359,184,55262,2234,1715218,736,221048,8936,32,4,867412,1712166,27757184,6848664,34605848,4,4,12,4,49,16,12,20,20,20260807,5,1,1,1,0,0,0,6593,0.274708,1,0.0015,0
2573,24736.8,7,0,2.38442,4.50658,0,0,0,6.891,361,361,0,1,1.80238,1.80238,1971,388,5,1288,0,0,0,0,0,3655,4587.37,1.0905,23.2045,584359,184,55262,2234,1715218,736,221048,8936,32,4,867412,1712166,27757184,6848664,34605848,4,4,12,4,49,16,12,20,20,20260807,5,1,1,1,0,0,0,6593,0.274708,1,0.0015,0
2574,24746.5,10,0,2.30979,7.37667,0,0,0,9.68646,361,361,0,1,1.80238,1.80238,1971,388,5,1288,0,0,0,0,0,3655,4587.37,1.0905,23.2045,584359,184,55262,2234,1715218,736,221048,8936,32,4,867412,1712166,27757184,6848664,34605848,4,4,12,4,49,16,12,20,20,20260807,5,1,1,1,0,0,0,6594,0.27475,1,0.0015,1
2575,24762.3,16,0,2.38683,13.2562,0,0,0,15.6431,361,361,0,1,1.80238,1.80238,1971,388,5,1288,0,0,0,0,0,3655,4587.37,1.0905,23.2045,584359,184,55262,2234,1715218,736,221048,8936,32,4,867412,1712166,27757184,6848664,34605848,4,4,12,4,49,16,12,20,20,20260807,5,1,1,1,0,0,0,6594,0.27475,1,0.0015,0
2576,24769.1,7,0,2.56579,4.19779,0,0,0,6.76358,361,361,0,1,1.80238,1.80238,1971,388,5,1288,0,0,0,0,0,3655,4587.37,1.0905,23.2045,584359,184,55262,2234,1715218,736,221048,8936,32,4,867412,1712166,27757184,6848664,34605848,4,4,12,4,49,16,12,20,20,20260807,5,1,1,1,0,0,0,6594,0.27475,1,0.0015,0
2577,24780.3,11,0,2.30721,8.76175,0,0,0,11.069,361,361,0,1,1.80238,1.80238,1971,388,5,1288,0,0,0,0,0,3655,4587.37,1.0905,23.2045,584359,184,55262,2234,1715218,736,221048,8936,32,4,867412,1712166,27757184,6848664,34605848,4,4,12,4,49,16,12,20,20,20260807,5,1,1,1,0,0,0,6594,0.27475,1,0.0015,0
2578,24787.1,7,0,2.29083,4.40658,0,0,0,6.69742,361,361,0,1,1.80238,1.80238,1971,388,5,1288,0,0,0,0,0,3655,4587.37,1.0905,23.2045,584359,184,55262,2234,1715218,736,221048,8936,32,4,867412,1712166,27757184,6848664,34605848,4,4,12,4,49,16,12,20,20,20260807,5,1,1,1,0,0,0,6594,0.27475,1,0.0015,0
2579,24796,9,0,2.58192,6.29096,0,0,0,8.87288,361,361,0,1,1.80238,1.80238,1971,388,5,1288,0,0,0,0,0,3655,4587.37,1.0905,23.2045,584359,184,55262,2234,1715218,736,221048,8936,32,4,867412,1712166,27757184,6848664,34605848,4,4,12,4,49,16,12,20,20,20260807,5,1,1,1,0,0,0,6595,0.274792,1,0.0015,1
2580,24803.1,7,0,2.30108,4.68637,0,0,0,6.98746,361,361,0,1,1.80238,1.80238,1971,388,5,1288,0,0,0,0,0,3655,4587.37,1.0905,23.2045,584359,184,55262,2234,1715218,736,221048,8936,32,4,867412,1712166,27757184,6848664,34605848,4,4,12,4,49,16,12,20,20,20260807,5,1,1,1,0,0,0,6595,0.274792,1,0.0015,0
2581,24814.3,11,0,2.58433,8.50629,0,0,0,11.0906,361,361,0,1,1.80238,1.80238,1971,388,5,1288,0,0,0,0,0,3655,4587.37,1.0905,23.2045,584359,184,55262,2234,1715218,736,221048,8936,32,4,867412,1712166,27757184,6848664,34605848,4,4,12,4,49,16,12,20,20,20260807,5,1,1,1,0,0,0,6595,0.274792,1,0.0015,0
2582,24830,16,0,2.29813,13.3606,0,0,0,15.6587,361,361,0,1,1.80238,1.80238,1971,388,5,1288,0,0,0,0,0,3655,4587.37,1.0905,23.2045,584359,184,55262,2234,1715218,736,221048,8936,32,4,867412,1712166,27757184,6848664,34605848,4,4,12,4,49,16,12,20,20,20260807,5,1,1,1,0,0,0,6595,0.274792,1,0.0015,0
2583,24837.4,7,0,2.48175,4.80863,0,0,0,7.29038,361,361,0,1,1.80238,1.80238,1971,388,5,1288,0,0,0,0,0,3655,4587.37,1.0905,23.2045,584359,184,55262,2234,1715218,736,221048,8936,32,4,867412,1712166,27757184,6848664,34605848,4,4,12,4,49,16,12,20,20,20260807,5,1,1,1,0,0,0,6595,0.274792,1,0.0015,0
2584,24846.5,9,0,2.36662,6.65683,0,0,0,9.02346,361,361,0,1,1.80238,1.80238,1971,388,5,1288,0,0,0,0,0,3655,4587.37,1.0905,23.2045,584359,184,55262,2234,1715218,736,221048,8936,32,4,867412,1712166,27757184,6848664,34605848,4,4,12,4,49,16,12,20,20,20260807,5,1,1,1,0,0,0,6596,0.274833,1,0.0015,1
2585,24853.7,7,0,2.35363,4.77992,0,0,0,7.13354,361,361,0,1,1.80238,1.80238,1971,388,5,1288,0,0,0,0,0,3655,4587.37,1.0905,23.2045,584359,184,55262,2234,1715218,736,221048,8936,32,4,867412,1712166,27757184,6848664,34605848,4,4,12,4,49,16,12,20,20,20260807,5,1,1,1,0,0,0,6596,0.274833,1,0.0015,0
2586,24863.2,10,0,2.37992,6.96654,0,0,0,9.34646,361,361,0,1,1.80238,1.80238,1971,388,5,1288,0,0,0,0,0,3655,4587.37,1.0905,23.2045,584359,184,55262,2234,1715218,736,221048,8936,32,4,867412,1712166,27757184,6848664,34605848,4,4,12,4,49,16,12,20,20,20260807,5,1,1,1,0,0,0,6596,0.274833,1,0.0015,0
2587,24871.4,8,0,2.49642,5.63829,0,0,0,8.13471,361,361,0,1,1.80238,1.80238,1971,388,5,1288,0,0,0,0,0,3655,4587.37,1.0905,23.2045,584359,184,55262,2234,1715218,736,221048,8936,32,4,867412,1712166,27757184,6848664,34605848,4,4,12,4,49,16,12,20,20,20260807,5,1,1,1,0,0,0,6596,0.274833,1,0.0015,0
2588,24880.5,9,0,2.66004,6.33613,0,0,0,8.99617,361,361,0,1,1.80238,1.80238,1971,388,5,1288,0,0,0,0,0,3655,4587.37,1.0905,23.2045,584359,184,55262,2234,1715218,736,221048,8936,32,4,867412,1712166,27757184,6848664,34605848,4,4,12,4,49,16,12,20,20,20260807,5,1,1,1,0,0,0,6596,0.274833,1,0.0015,0
2589,24887.8,8,0,2.46592,4.7455,0,0,0,7.21142,361,361,0,1,1.80238,1.80238,1971,388,5,1288,0,0,0,0,0,3655,4587.37,1.0905,23.2045,584359,184,55262,2234,1715218,736,221048,8936,32,4,867412,1712166,27757184,6848664,34605848,4,4,12,4,49,16,12,20,20,20260807,5,1,1,1,0,0,0,6596,0.274833,1,0.0015,0
2590,24898.1,10,0,2.26912,7.90179,0,0,0,10.1709,361,361,0,1,1.80238,1.80238,1971,388,5,1288,0,0,0,0,0,3655,4587.37,1.0905,23.2045,584359,184,55262,2234,1715218,736,221048,8936,32,4,867412,1712166,27757184,6848664,34605848,4,4,12,4,49,16,12,20,20,20260807,5,1,1,1,0,0,0,6597,0.274875,1,0.0015,1
2591,24912.9,15,0,2.61937,12.1256,0,0,0,14.745,361,361,0,1,1.80238,1.80238,1971,388,5,1288,0,0,0,0,0,3655,4587.37,1.0905,23.2045,584359,184,55262,2234,1715218,736,221048,8936,32,4,867412,1712166,27757184,6848664,34605848,4,4,12,4,49,16,12,20,20,20260807,5,1,1,1,0,0,0,6597,0.274875,1,0.0015,0
2592,24920.2,7,0,2.46425,4.66121,0,0,0,7.12546,361,361,0,1,1.80238,1.80238,1971,388,5,1288,0,0,0,0,0,3655,4587.37,1.0905,23.2045,584359,184,55262,2234,1715218,736,221048,8936,32,4,867412,1712166,27757184,6848664,34605848,4,4,12,4,49,16,12,20,20,20260807,5,1,1,1,0,0,0,6597,0.274875,1,0.0015,0
2593,24932.4,12,0,3.72092,8.47338,0,0,0,12.1943,361,361,0,1,1.80238,1.80238,1971,388,5,1288,0,0,0,0,0,3655,4587.37,1.0905,23.2045,584359,184,55262,2234,1715218,736,221048,8936,32,4,867412,1712166,27757184,6848664,34605848,4,4,12,4,49,16,12,20,20,20260807,5,1,1,1,0,0,0,6597,0.274875,1,0.0015,0
2594,24947.9,16,0,3.291,12.1248,0,0,0,15.4157,361,361,0,1,1.80238,1.80238,1971,388,5,1288,0,0,0,0,0,3655,4587.37,1.0905,23.2045,584359,184,55262,2234,1715218,736,221048,8936,32,4,867412,1712166,27757184,6848664,34605848,4,4,12,4,49,16,12,20,20,20260807,5,1,1,1,0,0,0,6598,0.274917,1,0.0015,1
2595,24957.1,9,0,3.79796,5.27238,0,0,0,9.07033,361,361,0,1,1.80238,1.80238,1971,388,5,1288,0,0,0,0,0,3655,4587.37,1.0905,23.2045,584359,184,55262,2234,1715218,736,221048,8936,32,4,867412,1712166,27757184,6848664,34605848,4,4,12,4,49,16,12,20,20,20260807,5,1,1,1,0,0,0,6598,0.274917,1,0.0015,0
2596,24964.7,7,0,2.4895,5.04325,0,0,0,7.53275,361,361,0,1,1.80238,1.80238,1971,388,5,1288,0,0,0,0,0,3655,4587.37,1.0905,23.2045,584359,184,55262,2234,1715218,736,221048,8936,32,4,867412,1712166,27757184,6848664,34605848,4,4,12,4,49,16,12,20,20,20260807,5,1,1,1,0,0,0,6598,0.274917,1,0.0015,0
2597,24972.5,8,0,2.99671,4.71592,0,0,0,7.71263,361,361,0,1,1.80238,1.80238,1971,388,5,1288,0,0,0,0,0,3655,4587.37,1.0905,23.2045,584359,184,55262,2234,1715218,736,221048,8936,32,4,867412,1712166,27757184,6848664,34605848,4,4,12,4,49,16,12,20,20,20260807,5,1,1,1,0,0,0,6598,0.274917,1,0.0015,0
2598,24980.6,8,0,2.56879,5.48192,0,0,0,8.05071,361,361,0,1,1.80238,1.80238,1971,388,5,1288,0,0,0,0,0,3655,4587.37,1.0905,23.2045,584359,184,55262,2234,1715218,736,221048,8936,32,4,867412,1712166,27757184,6848664,34605848,4,4,12,4,49,16,12,20,20,20260807,5,1,1,1,0,0,0,6598,0.274917,1,0.0015,0
2599,24988.3,8,0,2.64892,4.88242,0,0,0,7.53133,361,361,0,1,1.80238,1.80238,1971,388,5,1288,0,0,0,0,0,3655,4587.37,1.0905,23.2045,584359,184,55262,2234,1715218,736,221048,8936,32,4,867412,1712166,27757184,6848664,34605848,4,4,12,4,49,16,12,20,20,20260807,5,1,1,1,0,0,0,6598,0.274917,1,0.0015,0
2600,24996.5,8,0,2.76646,5.40137,0,0,0,8.16783,361,361,0,1,1.80238,1.80238,1971,388,5,1288,0,0,0,0,0,3655,4587.37,1.0905,23.2045,584359,184,55262,2234,1715218,736,221048,8936,32,4,867412,1712166,27757184,6848664,34605848,4,4,12,4,49,16,12,20,20,20260807,5,1,1,1,0,0,0,6599,0.274958,1,0.0015,1
2601,25004.1,8,0,2.89575,4.57367,0,0,0,7.46942,361,361,0,1,1.80238,1.80238,1971,388,5,1288,0,0,0,0,0,3655,4587.37,1.0905,23.2045,584359,184,55262,2234,1715218,736,221048,8936,32,4,867412,1712166,27757184,6848664,34605848,4,4,12,4,49,16,12,20,20,20260807,5,1,1,1,0,0,0,6599,0.274958,1,0.0015,0
2602,25013.5,9,0,2.33046,7.03696,0,0,0,9.36742,361,361,0,1,1.80238,1.80238,1971,388,5,1288,0,0,0,0,0,3655,4587.37,1.0905,23.2045,584359,184,55262,2234,1715218,736,221048,8936,32,4,867412,1712166,27757184,6848664,34605848,4,4,12,4,49,16,12,20,20,20260807,5,1,1,1,0,0,0,6599,0.274958,1,0.0015,0
2603,25023.2,10,0,2.38179,7.17921,0,0,0,9.561,361,361,0,1,1.80238,1.80238,1971,388,5,1288,0,0,0,0,0,3655,4587.37,1.0905,23.2045,584359,184,55262,2234,1715218,736,221048,8936,32,4,867412,1712166,27757184,6848664,34605848,4,4,12,4,49,16,12,20,20,20260807,5,1,1,1,0,0,0,6599,0.274958,1,0.0015,0
2604,25031.4,8,0,2.4075,5.66212,0,0,0,8.06963,361,361,0,1,1.80238,1.80238,1971,388,5,1288,0,0,0,0,0,3655,4587.37,1.0905,23.2045,584359,184,55262,2234,1715218,736,221048,8936,32,4,867412,1712166,27757184,6848664,34605848,4,4,12,4,49,16,12,20,20,20260807,5,1,1,1,0,0,0,6599,0.274958,1,0.0015,0
2605,25038.1,7,0,2.38338,4.24079,0,0,0,6.62417,361,361,0,1,1.80238,1.80238,1971,388,5,1288,0,0,0,0,0,3655,4587.37,1.0905,23.2045,584359,184,55262,2234,1715218,736,221048,8936,32,4,867412,1712166,27757184,6848664,34605848,4,4,12,4,49,16,12,20,20,20260807,5,1,1,1,0,0,0,6599,0.274958,1,0.0015,0
2606,25048.3,10,0,2.688,7.50946,0,0,0,10.1975,361,361,0,1,1.80238,1.80238,1971,388,5,1288,0,0,0,0,0,3655,4587.37,1.0905,23.2045,584359,184,55262,2234,1715218,736,221048,8936,32,4,867412,1712166,27757184,6848664,34605848,4,4,12,4,49,16,12,20,20,20260807,5,1,1,1,0,0,0,6600,0.275,1,0.0015,1
2607,25055.3,7,0,2.56408,4.27425,0,0,0,6.83833,361,361,0,1,1.80238,1.80238,1971,388,5,1288,0,0,0,0,0,3655,4587.37,1.0905,23.2045,584359,184,55262,2234,1715218,736,221048,8936,32,4,867412,1712166,27757184,6848664,34605848,4,4,12,4,49,16,12,20,20,20260807,5,1,1,1,0,0,0,6600,0.275,1,0.0015,0
2608,25063.7,8,0,2.61463,5.70129,0,0,0,8.31592,361,361,0,1,1.80238,1.80238,1971,388,5,1288,0,0,0,0,0,3655,4587.37,1.0905,23.2045,584359,184,55262,2234,1715218,736,221048,8936,32,4,867412,1712166,27757184,6848664,34605848,4,4,12,4,49,16,12,20,20,20260807,5,1,1,1,0,0,0,6600,0.275,1,0.0015,0
2609,25071.7,8,0,2.69517,5.22825,0,0,0,7.92342,361,361,0,1,1.80238,1.80238,1971,388,5,1288,0,0,0,0,0,3655,4587.37,1.0905,23.2045,584359,184,55262,2234,1715218,736,221048,8936,32,4,867412,1712166,27757184,6848664,34605848,4,4,12,4,49,16,12,20,20,20260807,5,1,1,1,0,0,0,6600,0.275,1,0.0015,0
2610,25080.6,9,0,2.60971,6.22963,0,0,0,8.83933,361,361,0,1,1.80238,1.80238,1971,388,5,1288,0,0,0,0,0,3655,4587.37,1.0905,23.2045,584359,184,55262,2234,1715218,736,221048,8936,32,4,867412,1712166,27757184,6848664,34605848,4,4,12,4,49,16,12,20,20,20260807,5,1,1,1,0,0,0,6600,0.275,1,0.0015,0
2611,25088.3,8,0,2.68179,4.90379,0,0,0,7.58558,361,361,0,1,1.80238,1.80238,1971,388,5,1288,0,0,0,0,0,3655,4587.37,1.0905,23.2045,584359,184,55262,2234,1715218,736,221048,8936,32,4,867412,1712166,27757184,6848664,34605848,4,4,12,4,49,16,12,20,20,20260807,5,1,1,1,0,0,0,6600,0.275,1,0.0015,0
2612,25096.1,8,0,2.55138,5.15921,0,0,0,7.71058,361,361,0,1,1.80238,1.80238,1971,388,5,1288,0,0,0,0,0,3655,4587.37,1.0905,23.2045,584359,184,55262,2234,1715218,736,221048,8936,32,4,867412,1712166,27757184,6848664,34605848,4,4,12,4,49,16,12,20,20,20260807,5,1,1,1,0,0,0,6601,0.275042,1,0.0015,1
2613,25103.6,7,0,2.48462,4.9405,0,0,0,7.42513,361,361,0,1,1.80238,1.80238,1971,388,5,1288,0,0,0,0,0,3655,4587.37,1.0905,23.2045,584359,184,55262,2234,1715218,736,221048,8936,32,4,867412,1712166,27757184,6848664,34605848,4,4,12,4,49,16,12,20,20,20260807,5,1,1,1,0,0,0,6601,0.275042,1,0.0015,0
2614,25113.2,10,0,2.50088,7.07017,0,0,0,9.57104,361,361,0,1,1.80238,1.80238,1971,388,5,1288,0,0,0,0,0,3655,4587.37,1.0905,23.2045,584359,184,55262,2234,1715218,736,221048,8936,32,4,867412,1712166,27757184,6848664,34605848,4,4,12,4,49,16,12,20,20,20260807,5,1,1,1,0,0,0,6601,0.275042,1,0.0015,0
2615,25121,8,0,2.46563,5.18262,0,0,0,7.64825,361,361,0,1,1.80238,1.80238,1971,388,5,1288,0,0,0,0,0,3655,4587.37,1.0905,23.2045,584359,184,55262,2234,1715218,736,221048,8936,32,4,867412,1712166,27757184,6848664,34605848,4,4,12,4,49,16,12,20,20,20260807,5,1,1,1,0,0,0,6601,0.275042,1,0.0015,0
2616,25130.3,9,0,2.51087,6.69304,0,0,0,9.20392,361,361,0,1,1.80238,1.80238,1971,388,5,1288,0,0,0,0,0,3655,4587.37,1.0905,23.2045,584359,184,55262,2234,1715218,736,221048,8936,32,4,867412,1712166,27757184,6848664,34605848,4,4,12,4,49,16,12,20,20,20260807,5,1,1,1,0,0,0,6601,0.275042,1,0.0015,0
2617,25137.3,7,0,2.33708,4.61379,0,0,0,6.95087,361,361,0,1,1.80238,1.80238,1971,388,5,1288,0,0,0,0,0,3655,4587.37,1.0905,23.2045,584359,184,55262,2234,1715218,736,221048,8936,32,4,867412,1712166,27757184,6848664,34605848,4,4,12,4,49,16,12,20,20,20260807,5,1,1,1,0,0,0,6601,0.275042,1,0.0015,0
2618,25146.5,9,0,2.34296,6.75283,0,0,0,9.09579,361,361,0,1,1.80238,1.80238,1971,388,5,1288,0,0,0,0,0,3655,4587.37,1.0905,23.2045,584359,184,55262,2234,1715218,736,221048,8936,32,4,867412,1712166,27757184,6848664,34605848,4,4,12,4,49,16,12,20,20,20260807,5,1,1,1,0,0,0,6602,0.275083,1,0.0015,1
2619,25153.6,7,0,2.48913,4.52725,0,0,0,7.01638,361,361,0,1,1.80238,1.80238,1971,388,5,1288,0,0,0,0,0,3655,4587.37,1.0905,23.2045,584359,184,55262,2234,1715218,736,221048,8936,32,4,867412,1712166,27757184,6848664,34605848,4,4,12,4,49,16,12,20,20,20260807,5,1,1,1,0,0,0,6602,0.275083,1,0.0015,0
2620,25163,10,0,2.50392,6.80704,0,0,0,9.31096,361,361,0,1,1.80238,1.80238,1971,388,5,1288,0,0,0,0,0,3655,4587.37,1.0905,23.2045,584359,184,55262,2234,1715218,736,221048,8936,32,4,867412,1712166,27757184,6848664,34605848,4,4,12,4,49,16,12,20,20,20260807,5,1,1,1,0,0,0,6602,0.275083,1,0.0015,0
2621,25170.3,7,0,2.24571,4.9115,0,0,0,7.15721,361,361,0,1,1.80238,1.80238,1971,388,5,1288,0,0,0,0,0,3655,4587.37,1.0905,23.2045,584359,184,55262,2234,1715218,736,221048,8936,32,4,867412,1712166,27757184,6848664,34605848,4,4,12,4,49,16,12,20,20,20260807,5,1,1,1,0,0,0,6602,0.275083,1,0.0015,0
2622,25180.3,10,0,2.75108,7.12962,0,0,0,9.88071,361,361,0,1,1.80238,1.80238,1971,388,5,1288,0,0,0,0,0,3655,4587.37,1.0905,23.2045,584359,184,55262,2234,1715218,736,221048,8936,32,4,867412,1712166,27757184,6848664,34605848,4,4,12,4,49,16,12,20,20,20260807,5,1,1,1,0,0,0,6602,0.275083,1,0.0015,0
2623,25187.7,7,0,2.65842,4.61008,0,0,0,7.2685,361,361,0,1,1.80238,1.80238,1971,388,5,1288,0,0,0,0,0,3655,4587.37,1.0905,23.2045,584359,184,55262,2234,1715218,736,221048,8936,32,4,867412,1712166,27757184,6848664,34605848,4,4,12,4,49,16,12,20,20,20260807,5,1,1,1,0,0,0,6602,0.275083,1,0.0015,0
2624,25197.2,10,0,2.53521,6.89158,0,0,0,9.42679,361,361,0,1,1.80238,1.80238,1971,388,5,1288,0,0,0,0,0,3655,4587.37,1.0905,23.2045,584359,184,55262,2234,1715218,736,221048,8936,32,4,867412,1712166,27757184,6848664,34605848,4,4,12,4,49,16,12,20,20,20260807,5,1,1,1,0,0,0,6603,0.275125,1,0.0015,1
2625,25204.5,7,0,2.4615,4.71725,0,0,0,7.17875,361,361,0,1,1.80238,1.80238,1971,388,5,1288,0,0,0,0,0,3655,4587.37,1.0905,23.2045,584359,184,55262,2234,1715218,736,221048,8936,32,4,867412,1712166,27757184,6848664,34605848,4,4,12,4,49,16,12,20,20,20260807,5,1,1,1,0,0,0,6603,0.275125,1,0.0015,0
2626,25213.1,9,0,2.32396,6.20958,0,0,0,8.53354,361,361,0,1,1.80238,1.80238,1971,388,5,1288,0,0,0,0,0,3655,4587.37,1.0905,23.2045,584359,184,55262,2234,1715218,736,221048,8936,32,4,867412,1712166,27757184,6848664,34605848,4,4,12,4,49,16,12,20,20,20260807,5,1,1,1,0,0,0,6603,0.275125,1,0.0015,0
2627,25220.6,7,0,2.19017,5.214,0,0,0,7.40417,361,361,0,1,1.80238,1.80238,1971,388,5,1288,0,0,0,0,0,3655,4587.37,1.0905,23.2045,584359,184,55262,2234,1715218,736,221048,8936,32,4,867412,1712166,27757184,6848664,34605848,4,4,12,4,49,16,12,20,20,20260807,5,1,1,1,0,0,0,6603,0.275125,1,0.0015,0
2628,25229.1,9,0,2.24979,6.15546,0,0,0,8.40525,361,361,0,1,1.80238,1.80238,1971,388,5,1288,0,0,0,0,0,3655,4587.37,1.0905,23.2045,584359,184,55262,2234,1715218,736,221048,8936,32,4,867412,1712166,27757184,6848664,34605848,4,4,12,4,49,16,12,20,20,20260807,5,1,1,1,0,0,0,6603,0.275125,1,0.0015,0
2629,25235.8,7,0,2.39404,4.30196,0,0,0,6.696,361,361,0,1,1.80238,1.80238,1971,388,5,1288,0,0,0,0,0,3655,4587.37,1.0905,23.2045,584359,184,55262,2234,1715218,736,221048,8936,32,4,867412,1712166,27757184,6848664,34605848,4,4,12,4,49,16,12,20,20,20260807,5,1,1,1,0,0,0,6603,0.275125,1,0.0015,0
2630,25247.1,11,0,2.38596,8.79629,0,0,0,11.1822,361,361,0,1,1.80238,1.80238,1971,388,5,1288,0,0,0,0,0,3655,4587.37,1.0905,23.2045,584359,184,55262,2234,1715218,736,221048,8936,32,4,867412,1712166,27757184,6848664,34605848,4,4,12,4,49,16,12,20,20,20260807,5,1,1,1,0,0,0,6604,0.275167,1,0.0015,1
2631,25256.1,9,0,2.32992,6.53917,0,0,0,8.86908,361,361,0,1,1.80238,1.80238,1971,388,5,1288,0,0,0,0,0,3655,4587.37,1.0905,23.2045,584359,184,55262,2234,1715218,736,221048,8936,32,4,867412,1712166,27757184,6848664,34605848,4,4,12,4,49,16,12,20,20,20260807,5,1,1,1,0,0,0,6604,0.275167,1,0.0015,0
2632,25262.6,6,0,2.33004,4.09312,0,0,0,6.42317,361,361,0,1,1.80238,1.80238,1971,388,5,1288,0,0,0,0,0,3655,4587.37,1.0905,23.2045,584359,184,55262,2234,1715218,736,221048,8936,32,4,867412,1712166,27757184,6848664,34605848,4,4,12,4,49,16,12,20,20,20260807,5,1,1,1,0,0,0,6604,0.275167,1,0.0015,0
2633,25270.3,8,0,2.93438,4.723,0,0,0,7.65738,361,361,0,1,1.80238,1.80238,1971,388,5,1288,0,0,0,0,0,3655,4587.37,1.0905,23.2045,584359,184,55262,2234,1715218,736,221048,8936,32,4,867412,1712166,27757184,6848664,34605848,4,4,12,4,49,16,12,20,20,20260807,5,1,1,1,0,0,0,6604,0.275167,1,0.0015,0
2634,25279.4,9,0,2.42296,6.50579,0,0,0,8.92875,361,361,0,1,1.80238,1.80238,1971,388,5,1288,0,0,0,0,0,3655,4587.37,1.0905,23.2045,584359,184,55262,2234,1715218,736,221048,8936,32,4,867412,1712166,27757184,6848664,34605848,4,4,12,4,49,16,12,20,20,20260807,5,1,1,1,0,0,0,6604,0.275167,1,0.0015,0
2635,25287.5,8,0,2.16613,5.87446,0,0,0,8.04058,361,361,0,1,1.80238,1.80238,1971,388,5,1288,0,0,0,0,0,3655,4587.37,1.0905,23.2045,584359,184,55262,2234,1715218,736,221048,8936,32,4,867412,1712166,27757184,6848664,34605848,4,4,12,4,49,16,12,20,20,20260807,5,1,1,1,0,0,0,6604,0.275167,1,0.0015,0
2636,25296.6,9,0,2.44658,6.52438,0,0,0,8.97096,361,361,0,1,1.80238,1.80238,1971,388,5,1288,0,0,0,0,0,3655,4587.37,1.0905,23.2045,584359,184,55262,2234,1715218,736,221048,8936,32,4,867412,1712166,27757184,6848664,34605848,4,4,12,4,49,16,12,20,20,20260807,5,1,1,1,0,0,0,6605,0.275208,1,0.0015,1
2637,25303.6,7,0,2.58133,4.41883,0,0,0,7.00017,361,361,0,1,1.80238,1.80238,1971,388,5,1288,0,0,0,0,0,3655,4587.37,1.0905,23.2045,584359,184,55262,2234,1715218,736,221048,8936,32,4,867412,1712166,27757184,6848664,34605848,4,4,12,4,49,16,12,20,20,20260807,5,1,1,1,0,0,0,6605,0.275208,1,0.0015,0
2638,25314.6,11,0,2.33862,8.53754,0,0,0,10.8762,361,361,0,1,1.80238,1.80238,1971,388,5,1288,0,0,0,0,0,3655,4587.37,1.0905,23.2045,584359,184,55262,2234,1715218,736,221048,8936,32,4,867412,1712166,27757184,6848664,34605848,4,4,12,4,49,16,12,20,20,20260807,5,1,1,1,0,0,0,6605,0.275208,1,0.0015,0
2639,25321.9,8,0,2.45183,4.73567,0,0,0,7.1875,361,361,0,1,1.80238,1.80238,1971,388,5,1288,0,0,0,0,0,3655,4587.37,1.0905,23.2045,584359,184,55262,2234,1715218,736,221048,8936,32,4,867412,1712166,27757184,6848664,34605848,4,4,12,4,49,16,12,20,20,20260807,5,1,1,1,0,0,0,6605,0.275208,1,0.0015,0
2640,25331.2,9,0,2.39196,6.83913,0,0,0,9.23108,361,361,0,1,1.80238,1.80238,1971,388,5,1288,0,0,0,0,0,3655,4587.37,1.0905,23.2045,584359,184,55262,2234,1715218,736,221048,8936,32,4,867412,1712166,27757184,6848664,34605848,4,4,12,4,49,16,12,20,20,20260807,5,1,1,1,0,0,0,6605,0.275208,1,0.0015,0
2641,25346.7,15,0,2.55229,12.8362,0,0,0,15.3885,361,361,0,1,1.80238,1.80238,1971,388,5,1288,0,0,0,0,0,3655,4587.37,1.0905,23.2045,584359,184,55262,2234,1715218,736,221048,8936,32,4,867412,1712166,27757184,6848664,34605848,4,4,12,4,49,16,12,20,20,20260807,5,1,1,1,0,0,0,6605,0.275208,1,0.0015,0
2642,25354.1,8,0,2.51954,4.86283,0,0,0,7.38237,361,361,0,1,1.80238,1.80238,1971,388,5,1288,0,0,0,0,0,3655,4587.37,1.0905,23.2045,584359,184,55262,2234,1715218,736,221048,8936,32,4,867412,1712166,27757184,6848664,34605848,4,4,12,4,49,16,12,20,20,20260807,5,1,1,1,0,0,0,6606,0.27525,1,0.0015,1
2643,25364.1,10,0,2.33054,7.57996,0,0,0,9.9105,361,361,0,1,1.80238,1.80238,1971,388,5,1288,0,0,0,0,0,3655,4587.37,1.0905,23.2045,584359,184,55262,2234,1715218,736,221048,8936,32,4,867412,1712166,27757184,6848664,34605848,4,4,12,4,49,16,12,20,20,20260807,5,1,1,1,0,0,0,6606,0.27525,1,0.0015,0
2644,25379.3,15,0,2.36146,12.7167,0,0,0,15.0781,361,361,0,1,1.80238,1.80238,1971,388,5,1288,0,0,0,0,0,3655,4587.37,1.0905,23.2045,584359,184,55262,2234,1715218,736,221048,8936,32,4,867412,1712166,27757184,6848664,34605848,4,4,12,4,49,16,12,20,20,20260807,5,1,1,1,0,0,0,6606,0.27525,1,0.0015,0
2645,25386.4,7,0,2.29446,4.666,0,0,0,6.96046,361,361,0,1,1.80238,1.80238,1971,388,5,1288,0,0,0,0,0,3655,4587.37,1.0905,23.2045,584359,184,55262,2234,1715218,736,221048,8936,32,4,867412,1712166,27757184,6848664,34605848,4,4,12,4,49,16,12,20,20,20260807,5,1,1,1,0,0,0,6606,0.27525,1,0.0015,0
2646,25397,11,0,2.31046,8.20867,0,0,0,10.5191,361,361,0,1,1.80238,1.80238,1971,388,5,1288,0,0,0,0,0,3655,4587.37,1.0905,23.2045,584359,184,55262,2234,1715218,736,221048,8936,32,4,867412,1712166,27757184,6848664,34605848,4,4,12,4,49,16,12,20,20,20260807,5,1,1,1,0,0,0,6607,0.275292,1,0.0015,1
2647,25405.1,8,0,2.47087,5.58537,0,0,0,8.05625,361,361,0,1,1.80238,1.80238,1971,388,5,1288,0,0,0,0,0,3655,4587.37,1.0905,23.2045,584359,184,55262,2234,1715218,736,221048,8936,32,4,867412,1712166,27757184,6848664,34605848,4,4,12,4,49,16,12,20,20,20260807,5,1,1,1,0,0,0,6607,0.275292,1,0.0015,0
2648,25412.6,7,0,2.29558,5.07025,0,0,0,7.36583,361,361,0,1,1.80238,1.80238,1971,388,5,1288,0,0,0,0,0,3655,4587.37,1.0905,23.2045,584359,184,55262,2234,1715218,736,221048,8936,32,4,867412,1712166,27757184,6848664,34605848,4,4,12,4,49,16,12,20,20,20260807,5,1,1,1,0,0,0,6607,0.275292,1,0.0015,0
2649,25419.7,7,0,2.31617,4.73179,0,0,0,7.04796,361,361,0,1,1.80238,1.80238,1971,388,5,1288,0,0,0,0,0,3655,4587.37,1.0905,23.2045,584359,184,55262,2234,1715218,736,221048,8936,32,4,867412,1712166,27757184,6848664,34605848,4,4,12,4,49,16,12,20,20,20260807,5,1,1,1,0,0,0,6607,0.275292,1,0.0015,0
2650,25429.3,10,0,2.28417,7.16742,0,0,0,9.45158,361,361,0,1,1.80238,1.80238,1971,388,5,1288,0,0,0,0,0,3655,4587.37,1.0905,23.2045,584359,184,55262,2234,1715218,736,221048,8936,32,4,867412,1712166,27757184,6848664,34605848,4,4,12,4,49,16,12,20,20,20260807,5,1,1,1,0,0,0,6607,0.275292,1,0.0015,0
2651,25437.6,8,0,3.69121,4.60633,0,0,0,8.29754,361,361,0,1,1.80238,1.80238,1971,388,5,1288,0,0,0,0,0,3655,4587.37,1.0905,23.2045,584359,184,55262,2234,1715218,736,221048,8936,32,4,867412,1712166,27757184,6848664,34605848,4,4,12,4,49,16,12,20,20,20260807,5,1,1,1,0,0,0,6607,0.275292,1,0.0015,0
2652,25446.4,9,0,2.45379,6.2175,0,0,0,8.67129,361,361,0,1,1.80238,1.80238,1971,388,5,1288,0,0,0,0,0,3655,4587.37,1.0905,23.2045,584359,184,55262,2234,1715218,736,221048,8936,32,4,867412,1712166,27757184,6848664,34605848,4,4,12,4,49,16,12,20,20,20260807,5,1,1,1,0,0,0,6608,0.275333,1,0.0015,1
2653,25453.8,7,0,2.33363,4.94642,0,0,0,7.28004,361,361,0,1,1.80238,1.80238,1971,388,5,1288,0,0,0,0,0,3655,4587.37,1.0905,23.2045,584359,184,55262,2234,1715218,736,221048,8936,32,4,867412,1712166,27757184,6848664,34605848,4,4,12,4,49,16,12,20,20,20260807,5,1,1,1,0,0,0,6608,0.275333,1,0.0015,0
2654,25466.3,12,0,2.39771,10.0706,0,0,0,12.4683,361,361,0,1,1.80238,1.80238,1971,388,5,1288,0,0,0,0,0,3655,4587.37,1.0905,23.2045,584359,184,55262,2234,1715218,736,221048,8936,32,4,867412,1712166,27757184,6848664,34605848,4,4,12,4,49,16,12,20,20,20260807,5,1,1,1,0,0,0,6608,0.275333,1,0.0015,0
2655,25482,16,0,2.95229,12.6618,0,0,0,15.6141,361,361,0,1,1.80238,1.80238,1971,388,5,1288,0,0,0,0,0,3655,4587.37,1.0905,23.2045,584359,184,55262,2234,1715218,736,221048,8936,32,4,867412,1712166,27757184,6848664,34605848,4,4,12,4,49,16,12,20,20,20260807,5,1,1,1,0,0,0,6608,0.275333,1,0.0015,0
2656,25496.5,14,0,2.72942,11.6738,0,0,0,14.4032,361,361,0,1,1.80238,1.80238,1971,388,5,1288,0,0,0,0,0,3655,4587.37,1.0905,23.2045,584359,184,55262,2234,1715218,736,221048,8936,32,4,867412,1712166,27757184,6848664,34605848,4,4,12,4,49,16,12,20,20,20260807,5,1,1,1,0,0,0,6608,0.275333,1,0.0015,0
2657,25504.1,8,0,2.45625,5.06196,0,0,0,7.51821,361,361,0,1,1.80238,1.80238,1971,388,5,1288,0,0,0,0,0,3655,4587.37,1.0905,23.2045,584359,184,55262,2234,1715218,736,221048,8936,32,4,867412,1712166,27757184,6848664,34605848,4,4,12,4,49,16,12,20,20,20260807,5,1,1,1,0,0,0,6609,0.275375,1,0.0015,1
2658,25512.9,9,0,2.3225,6.40658,0,0,0,8.72908,361,361,0,1,1.80238,1.80238,1971,388,5,1288,0,0,0,0,0,3655,4587.37,1.0905,23.2045,584359,184,55262,2234,1715218,736,221048,8936,32,4,867412,1712166,27757184,6848664,34605848,4,4,12,4,49,16,12,20,20,20260807,5,1,1,1,0,0,0,6609,0.275375,1,0.0015,0
2659,25520.7,8,0,2.30617,5.31217,0,0,0,7.61833,361,361,0,1,1.80238,1.80238,1971,388,5,1288,0,0,0,0,0,3655,4587.37,1.0905,23.2045,584359,184,55262,2234,1715218,736,221048,8936,32,4,867412,1712166,27757184,6848664,34605848,4,4,12,4,49,16,12,20,20,20260807,5,1,1,1,0,0,0,6609,0.275375,1,0.0015,0
2660,25529.4,9,0,2.33046,6.32658,0,0,0,8.65704,361,361,0,1,1.80238,1.80238,1971,388,5,1288,0,0,0,0,0,3655,4587.37,1.0905,23.2045,584359,184,55262,2234,1715218,736,221048,8936,32,4,867412,1712166,27757184,6848664,34605848,4,4,12,4,49,16,12,20,20,20260807,5,1,1,1,0,0,0,6609,0.275375,1,0.0015,0
2661,25536.2,7,0,2.399,4.29604,0,0,0,6.69504,361,361,0,1,1.80238,1.80238,1971,388,5,1288,0,0,0,0,0,3655,4587.37,1.0905,23.2045,584359,184,55262,2234,1715218,736,221048,8936,32,4,867412,1712166,27757184,6848664,34605848,4,4,12,4,49,16,12,20,20,20260807,5,1,1,1,0,0,0,6609,0.275375,1,0.0015,0
2662,25546.8,10,0,2.4135,8.09771,0,0,0,10.5112,361,361,0,1,1.80238,1.80238,1971,388,5,1288,0,0,0,0,0,3655,4587.37,1.0905,23.2045,584359,184,55262,2234,1715218,736,221048,8936,32,4,867412,1712166,27757184,6848664,34605848,4,4,12,4,49,16,12,20,20,20260807,5,1,1,1,0,0,0,6610,0.275417,1,0.0015,1
2663,25553.6,7,0,2.37129,4.39204,0,0,0,6.76333,361,361,0,1,1.80238,1.80238,1971,388,5,1288,0,0,0,0,0,3655,4587.37,1.0905,23.2045,584359,184,55262,2234,1715218,736,221048,8936,32,4,867412,1712166,27757184,6848664,34605848,4,4,12,4,49,16,12,20,20,20260807,5,1,1,1,0,0,0,6610,0.275417,1,0.0015,0
2664,25562.6,9,0,2.25658,6.66621,0,0,0,8.92279,361,361,0,1,1.80238,1.80238,1971,388,5,1288,0,0,0,0,0,3655,4587.37,1.0905,23.2045,584359,184,55262,2234,1715218,736,221048,8936,32,4,867412,1712166,27757184,6848664,34605848,4,4,12,4,49,16,12,20,20,20260807,5,1,1,1,0,0,0,6610,0.275417,1,0.0015,0
2665,25569.1,7,0,2.36225,4.00012,0,0,0,6.36238,361,361,0,1,1.80238,1.80238,1971,388,5,1288,0,0,0,0,0,3655,4587.37,1.0905,23.2045,584359,184,55262,2234,1715218,736,221048,8936,32,4,867412,1712166,27757184,6848664,34605848,4,4,12,4,49,16,12,20,20,20260807,5,1,1,1,0,0,0,6610,0.275417,1,0.0015,0
2666,25581.1,12,0,2.49808,9.42075,0,0,0,11.9188,361,361,0,1,1.80238,1.80238,1971,388,5,1288,0,0,0,0,0,3655,4587.37,1.0905,23.2045,584359,184,55262,2234,1715218,736,221048,8936,32,4,867412,1712166,27757184,6848664,34605848,4,4,12,4,49,16,12,20,20,20260807,5,1,1,1,0,0,0,6610,0.275417,1,0.0015,0
2667,25596.2,15,0,2.28308,12.7553,0,0,0,15.0384,361,361,0,1,1.80238,1.80238,1971,388,5,1288,0,0,0,0,0,3655,4587.37,1.0905,23.2045,584359,184,55262,2234,1715218,736,221048,8936,32,4,867412,1712166,27757184,6848664,34605848,4,4,12,4,49,16,12,20,20,20260807,5,1,1,1,0,0,0,6610,0.275417,1,0.0015,0
2668,25603.7,7,0,2.38679,5.03504,0,0,0,7.42183,361,361,0,1,1.80238,1.80238,1971,388,5,1288,0,0,0,0,0,3655,4587.37,1.0905,23.2045,584359,184,55262,2234,1715218,736,221048,8936,32,4,867412,1712166,27757184,6848664,34605848,4,4,12,4,49,16,12,20,20,20260807,5,1,1,1,0,0,0,6611,0.275458,1,0.0015,1
2669,25612,9,0,2.23246,5.99725,0,0,0,8.22971,361,361,0,1,1.80238,1.80238,1971,388,5,1288,0,0,0,0,0,3655,4587.37,1.0905,23.2045,584359,184,55262,2234,1715218,736,221048,8936,32,4,867412,1712166,27757184,6848664,34605848,4,4,12,4,49,16,12,20,20,20260807,5,1,1,1,0,0,0,6611,0.275458,1,0.0015,0
2670,25618.5,6,0,2.41513,3.97625,0,0,0,6.39138,361,361,0,1,1.80238,1.80238,1971,388,5,1288,0,0,0,0,0,3655,4587.37,1.0905,23.2045,584359,184,55262,2234,1715218,736,221048,8936,32,4,867412,1712166,27757184,6848664,34605848,4,4,12,4,49,16,12,20,20,20260807,5,1,1,1,0,0,0,6611,0.275458,1,0.0015,0
2671,25629,11,0,2.40575,7.94946,0,0,0,10.3552,361,361,0,1,1.80238,1.80238,1971,388,5,1288,0,0,0,0,0,3655,4587.37,1.0905,23.2045,584359,184,55262,2234,1715218,736,221048,8936,32,4,867412,1712166,27757184,6848664,34605848,4,4,12,4,49,16,12,20,20,20260807,5,1,1,1,0,0,0,6611,0.275458,1,0.0015,0
2672,25640.1,11,0,2.38088,8.64108,0,0,0,11.022,361,361,0,1,1.80238,1.80238,1971,388,5,1288,0,0,0,0,0,3655,4587.37,1.0905,23.2045,584359,184,55262,2234,1715218,736,221048,8936,32,4,867412,1712166,27757184,6848664,34605848,4,4,12,4,49,16,12,20,20,20260807,5,1,1,1,0,0,0,6611,0.275458,1,0.0015,0
2673,25646.9,7,0,2.37933,4.3445,0,0,0,6.72383,361,361,0,1,1.80238,1.80238,1971,388,5,1288,0,0,0,0,0,3655,4587.37,1.0905,23.2045,584359,184,55262,2234,1715218,736,221048,8936,32,4,867412,1712166,27757184,6848664,34605848,4,4,12,4,49,16,12,20,20,20260807,5,1,1,1,0,0,0,6612,0.2755,1,0.0015,1
2674,25653.8,7,0,2.34471,4.50737,0,0,0,6.85208,361,361,0,1,1.80238,1.80238,1971,388,5,1288,0,0,0,0,0,3655,4587.37,1.0905,23.2045,584359,184,55262,2234,1715218,736,221048,8936,32,4,867412,1712166,27757184,6848664,34605848,4,4,12,4,49,16,12,20,20,20260807,5,1,1,1,0,0,0,6612,0.2755,1,0.0015,0
2675,25662.2,8,0,2.24487,6.02533,0,0,0,8.27021,361,361,0,1,1.80238,1.80238,1971,388,5,1288,0,0,0,0,0,3655,4587.37,1.0905,23.2045,584359,184,55262,2234,1715218,736,221048,8936,32,4,867412,1712166,27757184,6848664,34605848,4,4,12,4,49,16,12,20,20,20260807,5,1,1,1,0,0,0,6612,0.2755,1,0.0015,0
2676,25670.8,8,0,2.2915,6.20679,0,0,0,8.49829,361,361,0,1,1.80238,1.80238,1971,388,5,1288,0,0,0,0,0,3655,4587.37,1.0905,23.2045,584359,184,55262,2234,1715218,736,221048,8936,32,4,867412,1712166,27757184,6848664,34605848,4,4,12,4,49,16,12,20,20,20260807,5,1,1,1,0,0,0,6612,0.2755,1,0.0015,0
2677,25680.4,10,0,2.24996,7.25437,0,0,0,9.50433,361,361,0,1,1.80238,1.80238,1971,388,5,1288,0,0,0,0,0,3655,4587.37,1.0905,23.2045,584359,184,55262,2234,1715218,736,221048,8936,32,4,867412,1712166,27757184,6848664,34605848,4,4,12,4,49,16,12,20,20,20260807,5,1,1,1,0,0,0,6612,0.2755,1,0.0015,0
2678,25687.6,7,0,2.31629,4.82421,0,0,0,7.1405,361,361,0,1,1.80238,1.80238,1971,388,5,1288,0,0,0,0,0,3655,4587.37,1.0905,23.2045,584359,184,55262,2234,1715218,736,221048,8936,32,4,867412,1712166,27757184,6848664,34605848,4,4,12,4,49,16,12,20,20,20260807,5,1,1,1,0,0,0,6612,0.2755,1,0.0015,0
2679,25697.9,11,0,2.2195,7.99925,0,0,0,10.2188,361,361,0,1,1.80238,1.80238,1971,388,5,1288,0,0,0,0,0,3655,4587.37,1.0905,23.2045,584359,184,55262,2234,1715218,736,221048,8936,32,4,867412,1712166,27757184,6848664,34605848,4,4,12,4,49,16,12,20,20,20260807,5,1,1,1,0,0,0,6613,0.275542,1,0.0015,1
2680,25713.1,15,0,2.30925,12.7613,0,0,0,15.0705,361,361,0,1,1.80238,1.80238,1971,388,5,1288,0,0,0,0,0,3655,4587.37,1.0905,23.2045,584359,184,55262,2234,1715218,736,221048,8936,32,4,867412,1712166,27757184,6848664,34605848,4,4,12,4,49,16,12,20,20,20260807,5,1,1,1,0,0,0,6613,0.275542,1,0.0015,0
2681,25719.7,6,0,2.35875,4.22442,0,0,0,6.58317,361,361,0,1,1.80238,1.80238,1971,388,5,1288,0,0,0,0,0,3655,4587.37,1.0905,23.2045,584359,184,55262,2234,1715218,736,221048,8936,32,4,867412,1712166,27757184,6848664,34605848,4,4,12,4,49,16,12,20,20,20260807,5,1,1,1,0,0,0,6613,0.275542,1,0.0015,0
2682,25730.1,11,0,2.54458,7.73717,0,0,0,10.2818,361,361,0,1,1.80238,1.80238,1971,388,5,1288,0,0,0,0,0,3655,4587.37,1.0905,23.2045,584359,184,55262,2234,1715218,736,221048,8936,32,4,867412,1712166,27757184,6848664,34605848,4,4,12,4,49,16,12,20,20,20260807,5,1,1,1,0,0,0,6613,0.275542,1,0.0015,0
2683,25738.5,8,0,2.37038,5.96917,0,0,0,8.33954,361,361,0,1,1.80238,1.80238,1971,388,5,1288,0,0,0,0,0,3655,4587.37,1.0905,23.2045,584359,184,55262,2234,1715218,736,221048,8936,32,4,867412,1712166,27757184,6848664,34605848,4,4,12,4,49,16,12,20,20,20260807,5,1,1,1,0,0,0,6613,0.275542,1,0.0015,0
2684,25748.1,10,0,2.57012,6.96242,0,0,0,9.53254,361,361,0,1,1.80238,1.80238,1971,388,5,1288,0,0,0,0,0,3655,4587.37,1.0905,23.2045,584359,184,55262,2234,1715218,736,221048,8936,32,4,867412,1712166,27757184,6848664,34605848,4,4,12,4,49,16,12,20,20,20260807,5,1,1,1,0,0,0,6614,0.275583,1,0.0015,1
2685,25763.7,15,0,2.324,13.1961,0,0,0,15.5201,361,361,0,1,1.80238,1.80238,1971,388,5,1288,0,0,0,0,0,3655,4587.37,1.0905,23.2045,584359,184,55262,2234,1715218,736,221048,8936,32,4,867412,1712166,27757184,6848664,34605848,4,4,12,4,49,16,12,20,20,20260807,5,1,1,1,0,0,0,6614,0.275583,1,0.0015,0
2686,25772.1,9,0,2.34325,5.91096,0,0,0,8.25421,361,361,0,1,1.80238,1.80238,1971,388,5,1288,0,0,0,0,0,3655,4587.37,1.0905,23.2045,584359,184,55262,2234,1715218,736,221048,8936,32,4,867412,1712166,27757184,6848664,34605848,4,4,12,4,49,16,12,20,20,20260807,5,1,1,1,0,0,0,6614,0.275583,1,0.0015,0
2687,25780.2,8,0,2.48992,5.51475,0,0,0,8.00467,361,361,0,1,1.80238,1.80238,1971,388,5,1288,0,0,0,0,0,3655,4587.37,1.0905,23.2045,584359,184,55262,2234,1715218,736,221048,8936,32,4,867412,1712166,27757184,6848664,34605848,4,4,12,4,49,16,12,20,20,20260807,5,1,1,1,0,0,0,6614,0.275583,1,0.0015,0
2688,25786.7,6,0,2.29667,4.10325,0,0,0,6.39992,361,361,0,1,1.80238,1.80238,1971,388,5,1288,0,0,0,0,0,3655,4587.37,1.0905,23.2045,584359,184,55262,2234,1715218,736,221048,8936,32,4,867412,1712166,27757184,6848664,34605848,4,4,12,4,49,16,12,20,20,20260807,5,1,1,1,0,0,0,6614,0.275583,1,0.0015,0
2689,25797,11,0,2.34429,7.89992,0,0,0,10.2442,361,361,0,1,1.80238,1.80238,1971,388,5,1288,0,0,0,0,0,3655,4587.37,1.0905,23.2045,584359,184,55262,2234,1715218,736,221048,8936,32,4,867412,1712166,27757184,6848664,34605848,4,4,12,4,49,16,12,20,20,20260807,5,1,1,1,0,0,0,6615,0.275625,1,0.0015,1
2690,25815.7,18,0,2.40729,16.2276,0,0,0,18.6349,361,361,0,1,1.80238,1.80238,1971,388,5,1288,0,0,0,0,0,3655,4587.37,1.0905,23.2045,584359,184,55262,2234,1715218,736,221048,8936,32,4,867412,1712166,27757184,6848664,34605848,4,4,12,4,49,16,12,20,20,20260807,5,1,1,1,0,0,0,6615,0.275625,1,0.0015,0
2691,25823.1,8,0,2.65775,4.59821,0,0,0,7.25596,361,361,0,1,1.80238,1.80238,1971,388,5,1288,0,0,0,0,0,3655,4587.37,1.0905,23.2045,584359,184,55262,2234,1715218,736,221048,8936,32,4,867412,1712166,27757184,6848664,34605848,4,4,12,4,49,16,12,20,20,20260807,5,1,1,1,0,0,0,6615,0.275625,1,0.0015,0
2692,25847.3,24,0,2.74604,21.4494,0,0,0,24.1955,361,361,0,1,1.80238,1.80238,1971,388,5,1288,0,0,0,0,0,3655,4587.37,1.0905,23.2045,584359,184,55262,2234,1715218,736,221048,8936,32,4,867412,1712166,27757184,6848664,34605848,4,4,12,4,49,16,12,20,20,20260807,5,1,1,1,0,0,0,6615,0.275625,1,0.0015,0
2693,25854.2,7,0,2.41375,4.36725,0,0,0,6.781,361,361,0,1,1.80238,1.80238,1971,388,5,1288,0,0,0,0,0,3655,4587.37,1.0905,23.2045,584359,184,55262,2234,1715218,736,221048,8936,32,4,867412,1712166,27757184,6848664,34605848,4,4,12,4,49,16,12,20,20,20260807,5,1,1,1,0,0,0,6616,0.275667,1,0.0015,1
2694,25864.4,10,0,2.791,7.34021,0,0,0,10.1312,361,361,0,1,1.80238,1.80238,1971,388,5,1288,0,0,0,0,0,3655,4587.37,1.0905,23.2045,584359,184,55262,2234,1715218,736,221048,8936,32,4,867412,1712166,27757184,6848664,34605848,4,4,12,4,49,16,12,20,20,20260807,5,1,1,1,0,0,0,6616,0.275667,1,0.0015,0
2695,25873.6,9,0,4.53425,4.44854,0,0,0,8.98279,361,361,0,1,1.80238,1.80238,1971,388,5,1288,0,0,0,0,0,3655,4587.37,1.0905,23.2045,584359,184,55262,2234,1715218,736,221048,8936,32,4,867412,1712166,27757184,6848664,34605848,4,4,12,4,49,16,12,20,20,20260807,5,1,1,1,0,0,0,6616,0.275667,1,0.0015,0
2696,25881.2,8,0,2.65088,4.89283,0,0,0,7.54371,361,361,0,1,1.80238,1.80238,1971,388,5,1288,0,0,0,0,0,3655,4587.37,1.0905,23.2045,584359,184,55262,2234,1715218,736,221048,8936,32,4,867412,1712166,27757184,6848664,34605848,4,4,12,4,49,16,12,20,20,20260807,5,1,1,1,0,0,0,6616,0.275667,1,0.0015,0
2697,25888.3,7,0,2.5225,4.47,0,0,0,6.9925,361,361,0,1,1.80238,1.80238,1971,388,5,1288,0,0,0,0,0,3655,4587.37,1.0905,23.2045,584359,184,55262,2234,1715218,736,221048,8936,32,4,867412,1712166,27757184,6848664,34605848,4,4,12,4,49,16,12,20,20,20260807,5,1,1,1,0,0,0,6616,0.275667,1,0.0015,0
2698,25897.3,9,0,2.45379,6.47387,0,0,0,8.92767,361,361,0,1,1.80238,1.80238,1971,388,5,1288,0,0,0,0,0,3655,4587.37,1.0905,23.2045,584359,184,55262,2234,1715218,736,221048,8936,32,4,867412,1712166,27757184,6848664,34605848,4,4,12,4,49,16,12,20,20,20260807,5,1,1,1,0,0,0,6617,0.275708,1,0.0015,1
2699,25912.8,16,0,2.42413,13.0242,0,0,0,15.4483,361,361,0,1,1.80238,1.80238,1971,388,5,1288,0,0,0,0,0,3655,4587.37,1.0905,23.2045,584359,184,55262,2234,1715218,736,221048,8936,32,4,867412,1712166,27757184,6848664,34605848,4,4,12,4,49,16,12,20,20,20260807,5,1,1,1,0,0,0,6617,0.275708,1,0.0015,0
2700,25920.4,7,0,2.44996,5.08167,0,0,0,7.53163,361,361,0,1,1.80238,1.80238,1971,388,5,1288,0,0,0,0,0,3655,4587.37,1.0905,23.2045,584359,184,55262,2234,1715218,736,221048,8936,32,4,867412,1712166,27757184,6848664,34605848,4,4,12,4,49,16,12,20,20,20260807,5,1,1,1,0,0,0,6617,0.275708,1,0.0015,0
2701,25930,10,0,2.47012,7.01829,0,0,0,9.48842,361,361,0,1,1.80238,1.80238,1971,388,5,1288,0,0,0,0,0,3655,4587.37,1.0905,23.2045,584359,184,55262,2234,1715218,736,221048,8936,32,4,867412,1712166,27757184,6848664,34605848,4,4,12,4,49,16,12,20,20,20260807,5,1,1,1,0,0,0,6617,0.275708,1,0.0015,0
2702,25938,8,0,2.46121,5.36892,0,0,0,7.83012,361,361,0,1,1.80238,1.80238,1971,388,5,1288,0,0,0,0,0,3655,4587.37,1.0905,23.2045,584359,184,55262,2234,1715218,736,221048,8936,32,4,867412,1712166,27757184,6848664,34605848,4,4,12,4,49,16,12,20,20,20260807,5,1,1,1,0,0,0,6617,0.275708,1,0.0015,0
2703,25953,15,0,2.52483,12.4,0,0,0,14.9249,361,361,0,1,1.80238,1.80238,1971,388,5,1288,0,0,0,0,0,3655,4587.37,1.0905,23.2045,584359,184,55262,2234,1715218,736,221048,8936,32,4,867412,1712166,27757184,6848664,34605848,4,4,12,4,49,16,12,20,20,20260807,5,1,1,1,0,0,0,6618,0.27575,1,0.0015,1
2704,25964.2,11,0,2.27146,8.85483,0,0,0,11.1263,361,361,0,1,1.80238,1.80238,1971,388,5,1288,0,0,0,0,0,3655,4587.37,1.0905,23.2045,584359,184,55262,2234,1715218,736,221048,8936,32,4,867412,1712166,27757184,6848664,34605848,4,4,12,4,49,16,12,20,20,20260807,5,1,1,1,0,0,0,6618,0.27575,1,0.0015,0
2705,25981.6,17,0,2.41904,14.8592,0,0,0,17.2782,361,361,0,1,1.80238,1.80238,1971,388,5,1288,0,0,0,0,0,3655,4587.37,1.0905,23.2045,584359,184,55262,2234,1715218,736,221048,8936,32,4,867412,1712166,27757184,6848664,34605848,4,4,12,4,49,16,12,20,20,20260807,5,1,1,1,0,0,0,6618,0.27575,1,0.0015,0
2706,25989.5,8,0,2.59404,5.23283,0,0,0,7.82688,361,361,0,1,1.80238,1.80238,1971,388,5,1288,0,0,0,0,0,3655,4587.37,1.0905,23.2045,584359,184,55262,2234,1715218,736,221048,8936,32,4,867412,1712166,27757184,6848664,34605848,4,4,12,4,49,16,12,20,20,20260807,5,1,1,1,0,0,0,6618,0.27575,1,0.0015,0
2707,25996.9,8,0,2.44133,4.90892,0,0,0,7.35025,361,361,0,1,1.80238,1.80238,1971,388,5,1288,0,0,0,0,0,3655,4587.37,1.0905,23.2045,584359,184,55262,2234,1715218,736,221048,8936,32,4,867412,1712166,27757184,6848664,34605848,4,4,12,4,49,16,12,20,20,20260807,5,1,1,1,0,0,0,6619,0.275792,1,0.0015,1
2708,26004,7,0,2.3945,4.65808,0,0,0,7.05258,361,361,0,1,1.80238,1.80238,1971,388,5,1288,0,0,0,0,0,3655,4587.37,1.0905,23.2045,584359,184,55262,2234,1715218,736,221048,8936,32,4,867412,1712166,27757184,6848664,34605848,4,4,12,4,49,16,12,20,20,20260807,5,1,1,1,0,0,0,6619,0.275792,1,0.0015,0
2709,26013.3,9,0,2.76987,6.42846,0,0,0,9.19833,361,361,0,1,1.80238,1.80238,1971,388,5,1288,0,0,0,0,0,3655,4587.37,1.0905,23.2045,584359,184,55262,2234,1715218,736,221048,8936,32,4,867412,1712166,27757184,6848664,34605848,4,4,12,4,49,16,12,20,20,20260807,5,1,1,1,0,0,0,6619,0.275792,1,0.0015,0
2710,26021.6,8,0,2.26946,5.8745,0,0,0,8.14396,361,361,0,1,1.80238,1.80238,1971,388,5,1288,0,0,0,0,0,3655,4587.37,1.0905,23.2045,584359,184,55262,2234,1715218,736,221048,8936,32,4,867412,1712166,27757184,6848664,34605848,4,4,12,4,49,16,12,20,20,20260807,5,1,1,1,0,0,0,6619,0.275792,1,0.0015,0
2711,26030,9,0,2.29025,6.061,0,0,0,8.35125,361,361,0,1,1.80238,1.80238,1971,388,5,1288,0,0,0,0,0,3655,4587.37,1.0905,23.2045,584359,184,55262,2234,1715218,736,221048,8936,32,4,867412,1712166,27757184,6848664,34605848,4,4,12,4,49,16,12,20,20,20260807,5,1,1,1,0,0,0,6619,0.275792,1,0.0015,0
2712,26037.2,7,0,2.36167,4.73862,0,0,0,7.10029,361,361,0,1,1.80238,1.80238,1971,388,5,1288,0,0,0,0,0,3655,4587.37,1.0905,23.2045,584359,184,55262,2234,1715218,736,221048,8936,32,4,867412,1712166,27757184,6848664,34605848,4,4,12,4,49,16,12,20,20,20260807,5,1,1,1,0,0,0,6619,0.275792,1,0.0015,0
2713,26047.9,11,0,2.45954,8.12892,0,0,0,10.5885,361,361,0,1,1.80238,1.80238,1971,388,5,1288,0,0,0,0,0,3655,4587.37,1.0905,23.2045,584359,184,55262,2234,1715218,736,221048,8936,32,4,867412,1712166,27757184,6848664,34605848,4,4,12,4,49,16,12,20,20,20260807,5,1,1,1,0,0,0,6620,0.275833,1,0.0015,1
2714,26054.7,6,0,2.49538,4.23879,0,0,0,6.73417,361,361,0,1,1.80238,1.80238,1971,388,5,1288,0,0,0,0,0,3655,4587.37,1.0905,23.2045,584359,184,55262,2234,1715218,736,221048,8936,32,4,867412,1712166,27757184,6848664,34605848,4,4,12,4,49,16,12,20,20,20260807,5,1,1,1,0,0,0,6620,0.275833,1,0.0015,0
2715,26068.7,14,0,2.53596,11.3796,0,0,0,13.9155,361,361,0,1,1.80238,1.80238,1971,388,5,1288,0,0,0,0,0,3655,4587.37,1.0905,23.2045,584359,184,55262,2234,1715218,736,221048,8936,32,4,867412,1712166,27757184,6848664,34605848,4,4,12,4,49,16,12,20,20,20260807,5,1,1,1,0,0,0,6620,0.275833,1,0.0015,0
2716,26080.7,12,0,2.42058,9.46617,0,0,0,11.8867,361,361,0,1,1.80238,1.80238,1971,388,5,1288,0,0,0,0,0,3655,4587.37,1.0905,23.2045,584359,184,55262,2234,1715218,736,221048,8936,32,4,867412,1712166,27757184,6848664,34605848,4,4,12,4,49,16,12,20,20,20260807,5,1,1,1,0,0,0,6620,0.275833,1,0.0015,0
2717,26096.3,16,0,2.48787,12.9397,0,0,0,15.4276,361,361,0,1,1.80238,1.80238,1971,388,5,1288,0,0,0,0,0,3655,4587.37,1.0905,23.2045,584359,184,55262,2234,1715218,736,221048,8936,32,4,867412,1712166,27757184,6848664,34605848,4,4,12,4,49,16,12,20,20,20260807,5,1,1,1,0,0,0,6620,0.275833,1,0.0015,0
2718,26103.6,7,0,2.62808,4.63775,0,0,0,7.26583,361,361,0,1,1.80238,1.80238,1971,388,5,1288,0,0,0,0,0,3655,4587.37,1.0905,23.2045,584359,184,55262,2234,1715218,736,221048,8936,32,4,867412,1712166,27757184,6848664,34605848,4,4,12,4,49,16,12,20,20,20260807,5,1,1,1,0,0,0,6621,0.275875,1,0.0015,1
2719,26113.2,10,0,2.98508,6.53125,0,0,0,9.51633,361,361,0,1,1.80238,1.80238,1971,388,5,1288,0,0,0,0,0,3655,4587.37,1.0905,23.2045,584359,184,55262,2234,1715218,736,221048,8936,32,4,867412,1712166,27757184,6848664,34605848,4,4,12,4,49,16,12,20,20,20260807,5,1,1,1,0,0,0,6621,0.275875,1,0.0015,0
2720,26120.5,7,0,2.48096,4.72483,0,0,0,7.20579,361,361,0,1,1.80238,1.80238,1971,388,5,1288,0,0,0,0,0,3655,4587.37,1.0905,23.2045,584359,184,55262,2234,1715218,736,221048,8936,32,4,867412,1712166,27757184,6848664,34605848,4,4,12,4,49,16,12,20,20,20260807,5,1,1,1,0,0,0,6621,0.275875,1,0.0015,0
2721,26130.4,10,0,2.50958,7.24321,0,0,0,9.75279,361,361,0,1,1.80238,1.80238,1971,388,5,1288,0,0,0,0,0,3655,4587.37,1.0905,23.2045,584359,184,55262,2234,1715218,736,221048,8936,32,4,867412,1712166,27757184,6848664,34605848,4,4,12,4,49,16,12,20,20,20260807,5,1,1,1,0,0,0,6621,0.275875,1,0.0015,0
2722,26137.8,8,0,2.62433,4.71638,0,0,0,7.34071,361,361,0,1,1.80238,1.80238,1971,388,5,1288,0,0,0,0,0,3655,4587.37,1.0905,23.2045,584359,184,55262,2234,1715218,736,221048,8936,32,4,867412,1712166,27757184,6848664,34605848,4,4,12,4,49,16,12,20,20,20260807,5,1,1,1,0,0,0,6621,0.275875,1,0.0015,0
2723,26149.4,11,0,2.2765,9.30025,0,0,0,11.5768,361,361,0,1,1.80238,1.80238,1971,388,5,1288,0,0,0,0,0,3655,4587.37,1.0905,23.2045,584359,184,55262,2234,1715218,736,221048,8936,32,4,867412,1712166,27757184,6848664,34605848,4,4,12,4,49,16,12,20,20,20260807,5,1,1,1,0,0,0,6622,0.275917,1,0.0015,1
2724,26157,8,0,2.372,5.13371,0,0,0,7.50571,361,361,0,1,1.80238,1.80238,1971,388,5,1288,0,0,0,0,0,3655,4587.37,1.0905,23.2045,584359,184,55262,2234,1715218,736,221048,8936,32,4,867412,1712166,27757184,6848664,34605848,4,4,12,4,49,16,12,20,20,20260807,5,1,1,1,0,0,0,6622,0.275917,1,0.0015,0
2725,26180.2,23,0,2.28183,20.7984,0,0,0,23.0802,361,361,0,1,1.80238,1.80238,1971,388,5,1288,0,0,0,0,0,3655,4587.37,1.0905,23.2045,584359,184,55262,2234,1715218,736,221048,8936,32,4,867412,1712166,27757184,6848664,34605848,4,4,12,4,49,16,12,20,20,20260807,5,1,1,1,0,0,0,6622,0.275917,1,0.0015,0
2726,26190.2,10,0,2.37592,7.43071,0,0,0,9.80663,361,361,0,1,1.80238,1.80238,1971,388,5,1288,0,0,0,0,0,3655,4587.37,1.0905,23.2045,584359,184,55262,2234,1715218,736,221048,8936,32,4,867412,1712166,27757184,6848664,34605848,4,4,12,4,49,16,12,20,20,20260807,5,1,1,1,0,0,0,6622,0.275917,1,0.0015,0
2727,26199.1,9,0,2.77925,5.05537,0,0,0,7.83462,361,361,0,1,1.80238,1.80238,1971,388,5,1288,0,0,0,0,0,3655,4587.37,1.0905,23.2045,584359,184,55262,2234,1715218,736,221048,8936,32,4,867412,1712166,27757184,6848664,34605848,4,4,12,4,49,16,12,20,20,20260807,5,1,1,1,0,0,0,6623,0.275958,1,0.0015,1
2728,26213.6,14,0,2.32696,11.8313,0,0,0,14.1583,361,361,0,1,1.80238,1.80238,1971,388,5,1288,0,0,0,0,0,3655,4587.37,1.0905,23.2045,584359,184,55262,2234,1715218,736,221048,8936,32,4,867412,1712166,27757184,6848664,34605848,4,4,12,4,49,16,12,20,20,20260807,5,1,1,1,0,0,0,6623,0.275958,1,0.0015,0
2729,26220.9,8,0,2.33729,4.87779,0,0,0,7.21508,361,361,0,1,1.80238,1.80238,1971,388,5,1288,0,0,0,0,0,3655,4587.37,1.0905,23.2045,584359,184,55262,2234,1715218,736,221048,8936,32,4,867412,1712166,27757184,6848664,34605848,4,4,12,4,49,16,12,20,20,20260807,5,1,1,1,0,0,0,6623,0.275958,1,0.0015,0
2730,26230,9,0,2.56438,6.44954,0,0,0,9.01392,361,361,0,1,1.80238,1.80238,1971,388,5,1288,0,0,0,0,0,3655,4587.37,1.0905,23.2045,584359,184,55262,2234,1715218,736,221048,8936,32,4,867412,1712166,27757184,6848664,34605848,4,4,12,4,49,16,12,20,20,20260807,5,1,1,1,0,0,0,6623,0.275958,1,0.0015,0
2731,26238,8,0,2.457,5.45771,0,0,0,7.91471,361,361,0,1,1.80238,1.80238,1971,388,5,1288,0,0,0,0,0,3655,4587.37,1.0905,23.2045,584359,184,55262,2234,1715218,736,221048,8936,32,4,867412,1712166,27757184,6848664,34605848,4,4,12,4,49,16,12,20,20,20260807,5,1,1,1,0,0,0,6623,0.275958,1,0.0015,0
2732,26247.1,9,0,2.45496,6.51367,0,0,0,8.96862,361,361,0,1,1.80238,1.80238,1971,388,5,1288,0,0,0,0,0,3655,4587.37,1.0905,23.2045,584359,184,55262,2234,1715218,736,221048,8936,32,4,867412,1712166,27757184,6848664,34605848,4,4,12,4,49,16,12,20,20,20260807,5,1,1,1,0,0,0,6624,0.276,1,0.0015,1
2733,26255.8,9,0,2.68113,5.93896,0,0,0,8.62008,361,361,0,1,1.80238,1.80238,1971,388,5,1288,0,0,0,0,0,3655,4587.37,1.0905,23.2045,584359,184,55262,2234,1715218,736,221048,8936,32,4,867412,1712166,27757184,6848664,34605848,4,4,12,4,49,16,12,20,20,20260807,5,1,1,1,0,0,0,6624,0.276,1,0.0015,0
2734,26264.4,8,0,2.59825,5.92213,0,0,0,8.52037,361,361,0,1,1.80238,1.80238,1971,388,5,1288,0,0,0,0,0,3655,4587.37,1.0905,23.2045,584359,184,55262,2234,1715218,736,221048,8936,32,4,867412,1712166,27757184,6848664,34605848,4,4,12,4,49,16,12,20,20,20260807,5,1,1,1,0,0,0,6624,0.276,1,0.0015,0
2735,26280.3,16,0,2.40896,13.4155,0,0,0,15.8245,361,361,0,1,1.80238,1.80238,1971,388,5,1288,0,0,0,0,0,3655,4587.37,1.0905,23.2045,584359,184,55262,2234,1715218,736,221048,8936,32,4,867412,1712166,27757184,6848664,34605848,4,4,12,4,49,16,12,20,20,20260807,5,1,1,1,0,0,0,6624,0.276,1,0.0015,0
2736,26287.7,7,0,2.30496,5.0085,0,0,0,7.31346,361,361,0,1,1.80238,1.80238,1971,388,5,1288,0,0,0,0,0,3655,4587.37,1.0905,23.2045,584359,184,55262,2234,1715218,736,221048,8936,32,4,867412,1712166,27757184,6848664,34605848,4,4,12,4,49,16,12,20,20,20260807,5,1,1,1,0,0,0,6624,0.276,1,0.0015,0
2737,26296.7,9,0,2.63879,6.24321,0,0,0,8.882,361,361,0,1,1.80238,1.80238,1971,388,5,1288,0,0,0,0,0,3655,4587.37,1.0905,23.2045,584359,184,55262,2234,1715218,736,221048,8936,32,4,867412,1712166,27757184,6848664,34605848,4,4,12,4,49,16,12,20,20,20260807,5,1,1,1,0,0,0,6625,0.276042,1,0.0015,1
2738,26303.7,7,0,2.32729,4.56275,0,0,0,6.89004,361,361,0,1,1.80238,1.80238,1971,388,5,1288,0,0,0,0,0,3655,4587.37,1.0905,23.2045,584359,184,55262,2234,1715218,736,221048,8936,32,4,867412,1712166,27757184,6848664,34605848,4,4,12,4,49,16,12,20,20,20260807,5,1,1,1,0,0,0,6625,0.276042,1,0.0015,0
2739,26312.8,9,0,2.43467,6.54704,0,0,0,8.98171,361,361,0,1,1.80238,1.80238,1971,388,5,1288,0,0,0,0,0,3655,4587.37,1.0905,23.2045,584359,184,55262,2234,1715218,736,221048,8936,32,4,867412,1712166,27757184,6848664,34605848,4,4,12,4,49,16,12,20,20,20260807,5,1,1,1,0,0,0,6625,0.276042,1,0.0015,0
2740,26320.4,8,0,2.88629,4.66358,0,0,0,7.54988,361,361,0,1,1.80238,1.80238,1971,388,5,1288,0,0,0,0,0,3655,4587.37,1.0905,23.2045,584359,184,55262,2234,1715218,736,221048,8936,32,4,867412,1712166,27757184,6848664,34605848,4,4,12,4,49,16,12,20,20,20260807,5,1,1,1,0,0,0,6625,0.276042,1,0.0015,0
2741,26329.8,10,0,2.48988,6.83254,0,0,0,9.32242,361,361,0,1,1.80238,1.80238,1971,388,5,1288,0,0,0,0,0,3655,4587.37,1.0905,23.2045,584359,184,55262,2234,1715218,736,221048,8936,32,4,867412,1712166,27757184,6848664,34605848,4,4,12,4,49,16,12,20,20,20260807,5,1,1,1,0,0,0,6625,0.276042,1,0.0015,0
2742,26337.3,7,0,2.27263,5.09146,0,0,0,7.36408,361,361,0,1,1.80238,1.80238,1971,388,5,1288,0,0,0,0,0,3655,4587.37,1.0905,23.2045,584359,184,55262,2234,1715218,736,221048,8936,32,4,867412,1712166,27757184,6848664,34605848,4,4,12,4,49,16,12,20,20,20260807,5,1,1,1,0,0,0,6625,0.276042,1,0.0015,0
2743,26346.5,9,0,3.92792,5.23179,0,0,0,9.15971,361,361,0,1,1.80238,1.80238,1971,388,5,1288,0,0,0,0,0,3655,4587.37,1.0905,23.2045,584359,184,55262,2234,1715218,736,221048,8936,32,4,867412,1712166,27757184,6848664,34605848,4,4,12,4,49,16,12,20,20,20260807,5,1,1,1,0,0,0,6626,0.276083,1,0.0015,1
2744,26353.6,7,0,2.38358,4.61867,0,0,0,7.00225,361,361,0,1,1.80238,1.80238,1971,388,5,1288,0,0,0,0,0,3655,4587.37,1.0905,23.2045,584359,184,55262,2234,1715218,736,221048,8936,32,4,867412,1712166,27757184,6848664,34605848,4,4,12,4,49,16,12,20,20,20260807,5,1,1,1,0,0,0,6626,0.276083,1,0.0015,0
2745,26363,10,0,2.75629,6.52754,0,0,0,9.28383,361,361,0,1,1.80238,1.80238,1971,388,5,1288,0,0,0,0,0,3655,4587.37,1.0905,23.2045,584359,184,55262,2234,1715218,736,221048,8936,32,4,867412,1712166,27757184,6848664,34605848,4,4,12,4,49,16,12,20,20,20260807,5,1,1,1,0,0,0,6626,0.276083,1,0.0015,0
2746,26370.7,7,0,2.62008,5.01621,0,0,0,7.63629,361,361,0,1,1.80238,1.80238,1971,388,5,1288,0,0,0,0,0,3655,4587.37,1.0905,23.2045,584359,184,55262,2234,1715218,736,221048,8936,32,4,867412,1712166,27757184,6848664,34605848,4,4,12,4,49,16,12,20,20,20260807,5,1,1,1,0,0,0,6626,0.276083,1,0.0015,0
2747,26380.3,10,0,2.58292,6.90362,0,0,0,9.48654,361,361,0,1,1.80238,1.80238,1971,388,5,1288,0,0,0,0,0,3655,4587.37,1.0905,23.2045,584359,184,55262,2234,1715218,736,221048,8936,32,4,867412,1712166,27757184,6848664,34605848,4,4,12,4,49,16,12,20,20,20260807,5,1,1,1,0,0,0,6626,0.276083,1,0.0015,0
2748,26387.3,7,0,2.29242,4.60992,0,0,0,6.90233,361,361,0,1,1.80238,1.80238,1971,388,5,1288,0,0,0,0,0,3655,4587.37,1.0905,23.2045,584359,184,55262,2234,1715218,736,221048,8936,32,4,867412,1712166,27757184,6848664,34605848,4,4,12,4,49,16,12,20,20,20260807,5,1,1,1,0,0,0,6626,0.276083,1,0.0015,0
2749,26396,9,0,2.35204,6.34371,0,0,0,8.69575,361,361,0,1,1.80238,1.80238,1971,388,5,1288,0,0,0,0,0,3655,4587.37,1.0905,23.2045,584359,184,55262,2234,1715218,736,221048,8936,32,4,867412,1712166,27757184,6848664,34605848,4,4,12,4,49,16,12,20,20,20260807,5,1,1,1,0,0,0,6627,0.276125,1,0.0015,1
2750,26402.8,7,0,2.21263,4.43329,0,0,0,6.64592,361,361,0,1,1.80238,1.80238,1971,388,5,1288,0,0,0,0,0,3655,4587.37,1.0905,23.2045,584359,184,55262,2234,1715218,736,221048,8936,32,4,867412,1712166,27757184,6848664,34605848,4,4,12,4,49,16,12,20,20,20260807,5,1,1,1,0,0,0,6627,0.276125,1,0.0015,0
2751,26413,10,0,2.38008,7.73221,0,0,0,10.1123,361,361,0,1,1.80238,1.80238,1971,388,5,1288,0,0,0,0,0,3655,4587.37,1.0905,23.2045,584359,184,55262,2234,1715218,736,221048,8936,32,4,867412,1712166,27757184,6848664,34605848,4,4,12,4,49,16,12,20,20,20260807,5,1,1,1,0,0,0,6627,0.276125,1,0.0015,0
2752,26421.2,8,0,2.38996,5.77613,0,0,0,8.16608,361,361,0,1,1.80238,1.80238,1971,388,5,1288,0,0,0,0,0,3655,4587.37,1.0905,23.2045,584359,184,55262,2234,1715218,736,221048,8936,32,4,867412,1712166,27757184,6848664,34605848,4,4,12,4,49,16,12,20,20,20260807,5,1,1,1,0,0,0,6627,0.276125,1,0.0015,0
2753,26430.1,9,0,2.58771,6.21667,0,0,0,8.80438,361,361,0,1,1.80238,1.80238,1971,388,5,1288,0,0,0,0,0,3655,4587.37,1.0905,23.2045,584359,184,55262,2234,1715218,736,221048,8936,32,4,867412,1712166,27757184,6848664,34605848,4,4,12,4,49,16,12,20,20,20260807,5,1,1,1,0,0,0,6627,0.276125,1,0.0015,0
2754,26438.6,8,0,2.43067,5.96542,0,0,0,8.39608,361,361,0,1,1.80238,1.80238,1971,388,5,1288,0,0,0,0,0,3655,4587.37,1.0905,23.2045,584359,184,55262,2234,1715218,736,221048,8936,32,4,867412,1712166,27757184,6848664,34605848,4,4,12,4,49,16,12,20,20,20260807,5,1,1,1,0,0,0,6627,0.276125,1,0.0015,0
2755,26447.5,9,0,2.85879,5.96188,0,0,0,8.82067,361,361,0,1,1.80238,1.80238,1971,388,5,1288,0,0,0,0,0,3655,4587.37,1.0905,23.2045,584359,184,55262,2234,1715218,736,221048,8936,32,4,867412,1712166,27757184,6848664,34605848,4,4,12,4,49,16,12,20,20,20260807,5,1,1,1,0,0,0,6628,0.276167,1,0.0015,1
2756,26454.7,7,0,2.31017,4.79504,0,0,0,7.10521,361,361,0,1,1.80238,1.80238,1971,388,5,1288,0,0,0,0,0,3655,4587.37,1.0905,23.2045,584359,184,55262,2234,1715218,736,221048,8936,32,4,867412,1712166,27757184,6848664,34605848,4,4,12,4,49,16,12,20,20,20260807,5,1,1,1,0,0,0,6628,0.276167,1,0.0015,0
2757,26463.4,9,0,2.44583,6.16304,0,0,0,8.60887,361,361,0,1,1.80238,1.80238,1971,388,5,1288,0,0,0,0,0,3655,4587.37,1.0905,23.2045,584359,184,55262,2234,1715218,736,221048,8936,32,4,867412,1712166,27757184,6848664,34605848,4,4,12,4,49,16,12,20,20,20260807,5,1,1,1,0,0,0,6628,0.276167,1,0.0015,0
2758,26470.9,7,0,2.26708,5.15437,0,0,0,7.42146,361,361,0,1,1.80238,1.80238,1971,388,5,1288,0,0,0,0,0,3655,4587.37,1.0905,23.2045,584359,184,55262,2234,1715218,736,221048,8936,32,4,867412,1712166,27757184,6848664,34605848,4,4,12,4,49,16,12,20,20,20260807,5,1,1,1,0,0,0,6628,0.276167,1,0.0015,0
2759,26479.8,9,0,2.40408,6.39808,0,0,0,8.80217,361,361,0,1,1.80238,1.80238,1971,388,5,1288,0,0,0,0,0,3655,4587.37,1.0905,23.2045,584359,184,55262,2234,1715218,736,221048,8936,32,4,867412,1712166,27757184,6848664,34605848,4,4,12,4,49,16,12,20,20,20260807,5,1,1,1,0,0,0,6628,0.276167,1,0.0015,0
2760,26487.1,7,0,2.48658,4.72612,0,0,0,7.21271,361,361,0,1,1.80238,1.80238,1971,388,5,1288,0,0,0,0,0,3655,4587.37,1.0905,23.2045,584359,184,55262,2234,1715218,736,221048,8936,32,4,867412,1712166,27757184,6848664,34605848,4,4,12,4,49,16,12,20,20,20260807,5,1,1,1,0,0,0,6628,0.276167,1,0.0015,0
2761,26499.7,12,0,2.34975,10.1636,0,0,0,12.5133,361,361,0,1,1.80238,1.80238,1971,388,5,1288,0,0,0,0,0,3655,4587.37,1.0905,23.2045,584359,184,55262,2234,1715218,736,221048,8936,32,4,867412,1712166,27757184,6848664,34605848,4,4,12,4,49,16,12,20,20,20260807,5,1,1,1,0,0,0,6629,0.276208,1,0.0015,1
2762,26507.3,8,0,2.26729,5.10542,0,0,0,7.37271,361,361,0,1,1.80238,1.80238,1971,388,5,1288,0,0,0,0,0,3655,4587.37,1.0905,23.2045,584359,184,55262,2234,1715218,736,221048,8936,32,4,867412,1712166,27757184,6848664,34605848,4,4,12,4,49,16,12,20,20,20260807,5,1,1,1,0,0,0,6629,0.276208,1,0.0015,0
2763,26518.6,12,0,5.55096,5.73487,0,0,0,11.2858,361,361,0,1,1.80238,1.80238,1971,388,5,1288,0,0,0,0,0,3655,4587.37,1.0905,23.2045,584359,184,55262,2234,1715218,736,221048,8936,32,4,867412,1712166,27757184,6848664,34605848,4,4,12,4,49,16,12,20,20,20260807,5,1,1,1,0,0,0,6629,0.276208,1,0.0015,0
2764,26529.5,11,0,2.45021,8.35508,0,0,0,10.8053,361,361,0,1,1.80238,1.80238,1971,388,5,1288,0,0,0,0,0,3655,4587.37,1.0905,23.2045,584359,184,55262,2234,1715218,736,221048,8936,32,4,867412,1712166,27757184,6848664,34605848,4,4,12,4,49,16,12,20,20,20260807,5,1,1,1,0,0,0,6629,0.276208,1,0.0015,0
2765,26537.2,8,0,2.55871,4.99137,0,0,0,7.55008,361,361,0,1,1.80238,1.80238,1971,388,5,1288,0,0,0,0,0,3655,4587.37,1.0905,23.2045,584359,184,55262,2234,1715218,736,221048,8936,32,4,867412,1712166,27757184,6848664,34605848,4,4,12,4,49,16,12,20,20,20260807,5,1,1,1,0,0,0,6629,0.276208,1,0.0015,0
2766,26549,12,0,6.87921,4.83454,0,0,0,11.7137,361,361,0,1,1.80238,1.80238,1971,388,5,1288,0,0,0,0,0,3655,4587.37,1.0905,23.2045,584359,184,55262,2234,1715218,736,221048,8936,32,4,867412,1712166,27757184,6848664,34605848,4,4,12,4,49,16,12,20,20,20260807,5,1,1,1,0,0,0,6630,0.27625,1,0.0015,1
2767,26563.7,14,0,2.614,12.0337,0,0,0,14.6478,361,361,0,1,1.80238,1.80238,1971,388,5,1288,0,0,0,0,0,3655,4587.37,1.0905,23.2045,584359,184,55262,2234,1715218,736,221048,8936,32,4,867412,1712166,27757184,6848664,34605848,4,4,12,4,49,16,12,20,20,20260807,5,1,1,1,0,0,0,6630,0.27625,1,0.0015,0
2768,26570.7,7,0,2.26713,4.60925,0,0,0,6.87638,361,361,0,1,1.80238,1.80238,1971,388,5,1288,0,0,0,0,0,3655,4587.37,1.0905,23.2045,584359,184,55262,2234,1715218,736,221048,8936,32,4,867412,1712166,27757184,6848664,34605848,4,4,12,4,49,16,12,20,20,20260807,5,1,1,1,0,0,0,6630,0.27625,1,0.0015,0
2769,26580.3,10,0,2.54729,6.95629,0,0,0,9.50358,361,361,0,1,1.80238,1.80238,1971,388,5,1288,0,0,0,0,0,3655,4587.37,1.0905,23.2045,584359,184,55262,2234,1715218,736,221048,8936,32,4,867412,1712166,27757184,6848664,34605848,4,4,12,4,49,16,12,20,20,20260807,5,1,1,1,0,0,0,6630,0.27625,1,0.0015,0
2770,26587.6,7,0,2.41675,4.8695,0,0,0,7.28625,361,361,0,1,1.80238,1.80238,1971,388,5,1288,0,0,0,0,0,3655,4587.37,1.0905,23.2045,584359,184,55262,2234,1715218,736,221048,8936,32,4,867412,1712166,27757184,6848664,34605848,4,4,12,4,49,16,12,20,20,20260807,5,1,1,1,0,0,0,6630,0.27625,1,0.0015,0
2771,26596.7,9,0,2.36529,6.55525,0,0,0,8.92054,361,361,0,1,1.80238,1.80238,1971,388,5,1288,0,0,0,0,0,3655,4587.37,1.0905,23.2045,584359,184,55262,2234,1715218,736,221048,8936,32,4,867412,1712166,27757184,6848664,34605848,4,4,12,4,49,16,12,20,20,20260807,5,1,1,1,0,0,0,6631,0.276292,1,0.0015,1
2772,26604.1,8,0,2.42617,4.95113,0,0,0,7.37729,361,361,0,1,1.80238,1.80238,1971,388,5,1288,0,0,0,0,0,3655,4587.37,1.0905,23.2045,584359,184,55262,2234,1715218,736,221048,8936,32,4,867412,1712166,27757184,6848664,34605848,4,4,12,4,49,16,12,20,20,20260807,5,1,1,1,0,0,0,6631,0.276292,1,0.0015,0
2773,26613,9,0,2.42488,6.39683,0,0,0,8.82171,361,361,0,1,1.80238,1.80238,1971,388,5,1288,0,0,0,0,0,3655,4587.37,1.0905,23.2045,584359,184,55262,2234,1715218,736,221048,8936,32,4,867412,1712166,27757184,6848664,34605848,4,4,12,4,49,16,12,20,20,20260807,5,1,1,1,0,0,0,6631,0.276292,1,0.0015,0
2774,26620.5,7,0,2.55354,4.80675,0,0,0,7.36029,361,361,0,1,1.80238,1.80238,1971,388,5,1288,0,0,0,0,0,3655,4587.37,1.0905,23.2045,584359,184,55262,2234,1715218,736,221048,8936,32,4,867412,1712166,27757184,6848664,34605848,4,4,12,4,49,16,12,20,20,20260807,5,1,1,1,0,0,0,6631,0.276292,1,0.0015,0
2775,26629.2,9,0,2.301,6.37796,0,0,0,8.67896,361,361,0,1,1.80238,1.80238,1971,388,5,1288,0,0,0,0,0,3655,4587.37,1.0905,23.2045,584359,184,55262,2234,1715218,736,221048,8936,32,4,867412,1712166,27757184,6848664,34605848,4,4,12,4,49,16,12,20,20,20260807,5,1,1,1,0,0,0,6631,0.276292,1,0.0015,0
2776,26636.9,8,0,2.52612,5.06008,0,0,0,7.58621,361,361,0,1,1.80238,1.80238,1971,388,5,1288,0,0,0,0,0,3655,4587.37,1.0905,23.2045,584359,184,55262,2234,1715218,736,221048,8936,32,4,867412,1712166,27757184,6848664,34605848,4,4,12,4,49,16,12,20,20,20260807,5,1,1,1,0,0,0,6631,0.276292,1,0.0015,0
2777,26648.1,11,0,2.46708,8.64375,0,0,0,11.1108,361,361,0,1,1.80238,1.80238,1971,388,5,1288,0,0,0,0,0,3655,4587.37,1.0905,23.2045,584359,184,55262,2234,1715218,736,221048,8936,32,4,867412,1712166,27757184,6848664,34605848,4,4,12,4,49,16,12,20,20,20260807,5,1,1,1,0,0,0,6632,0.276333,1,0.0015,1
2778,26655.8,7,0,2.42971,5.13992,0,0,0,7.56963,361,361,0,1,1.80238,1.80238,1971,388,5,1288,0,0,0,0,0,3655,4587.37,1.0905,23.2045,584359,184,55262,2234,1715218,736,221048,8936,32,4,867412,1712166,27757184,6848664,34605848,4,4,12,4,49,16,12,20,20,20260807,5,1,1,1,0,0,0,6632,0.276333,1,0.0015,0
2779,26662.4,7,0,2.38713,4.18592,0,0,0,6.57304,361,361,0,1,1.80238,1.80238,1971,388,5,1288,0,0,0,0,0,3655,4587.37,1.0905,23.2045,584359,184,55262,2234,1715218,736,221048,8936,32,4,867412,1712166,27757184,6848664,34605848,4,4,12,4,49,16,12,20,20,20260807,5,1,1,1,0,0,0,6632,0.276333,1,0.0015,0
2780,26669.6,7,0,2.51483,4.57571,0,0,0,7.09054,361,361,0,1,1.80238,1.80238,1971,388,5,1288,0,0,0,0,0,3655,4587.37,1.0905,23.2045,584359,184,55262,2234,1715218,736,221048,8936,32,4,867412,1712166,27757184,6848664,34605848,4,4,12,4,49,16,12,20,20,20260807,5,1,1,1,0,0,0,6632,0.276333,1,0.0015,0
2781,26680,11,0,2.627,7.73792,0,0,0,10.3649,361,361,0,1,1.80238,1.80238,1971,388,5,1288,0,0,0,0,0,3655,4587.37,1.0905,23.2045,584359,184,55262,2234,1715218,736,221048,8936,32,4,867412,1712166,27757184,6848664,34605848,4,4,12,4,49,16,12,20,20,20260807,5,1,1,1,0,0,0,6632,0.276333,1,0.0015,0
2782,26687.4,7,0,2.39525,4.79158,0,0,0,7.18683,361,361,0,1,1.80238,1.80238,1971,388,5,1288,0,0,0,0,0,3655,4587.37,1.0905,23.2045,584359,184,55262,2234,1715218,736,221048,8936,32,4,867412,1712166,27757184,6848664,34605848,4,4,12,4,49,16,12,20,20,20260807,5,1,1,1,0,0,0,6632,0.276333,1,0.0015,0
2783,26696.6,9,0,2.46108,6.69921,0,0,0,9.16029,361,361,0,1,1.80238,1.80238,1971,388,5,1288,0,0,0,0,0,3655,4587.37,1.0905,23.2045,584359,184,55262,2234,1715218,736,221048,8936,32,4,867412,1712166,27757184,6848664,34605848,4,4,12,4,49,16,12,20,20,20260807,5,1,1,1,0,0,0,6633,0.276375,1,0.0015,1
2784,26704,8,0,2.41929,4.87229,0,0,0,7.29158,361,361,0,1,1.80238,1.80238,1971,388,5,1288,0,0,0,0,0,3655,4587.37,1.0905,23.2045,584359,184,55262,2234,1715218,736,221048,8936,32,4,867412,1712166,27757184,6848664,34605848,4,4,12,4,49,16,12,20,20,20260807,5,1,1,1,0,0,0,6633,0.276375,1,0.0015,0
2785,26712.9,9,0,2.42825,6.4125,0,0,0,8.84075,361,361,0,1,1.80238,1.80238,1971,388,5,1288,0,0,0,0,0,3655,4587.37,1.0905,23.2045,584359,184,55262,2234,1715218,736,221048,8936,32,4,867412,1712166,27757184,6848664,34605848,4,4,12,4,49,16,12,20,20,20260807,5,1,1,1,0,0,0,6633,0.276375,1,0.0015,0
2786,26719.7,6,0,2.363,4.26187,0,0,0,6.62488,361,361,0,1,1.80238,1.80238,1971,388,5,1288,0,0,0,0,0,3655,4587.37,1.0905,23.2045,584359,184,55262,2234,1715218,736,221048,8936,32,4,867412,1712166,27757184,6848664,34605848,4,4,12,4,49,16,12,20,20,20260807,5,1,1,1,0,0,0,6633,0.276375,1,0.0015,0
2787,26730.3,11,0,2.43379,8.08333,0,0,0,10.5171,361,361,0,1,1.80238,1.80238,1971,388,5,1288,0,0,0,0,0,3655,4587.37,1.0905,23.2045,584359,184,55262,2234,1715218,736,221048,8936,32,4,867412,1712166,27757184,6848664,34605848,4,4,12,4,49,16,12,20,20,20260807,5,1,1,1,0,0,0,6633,0.276375,1,0.0015,0
2788,26737.9,8,0,2.64979,4.90879,0,0,0,7.55858,361,361,0,1,1.80238,1.80238,1971,388,5,1288,0,0,0,0,0,3655,4587.37,1.0905,23.2045,584359,184,55262,2234,1715218,736,221048,8936,32,4,867412,1712166,27757184,6848664,34605848,4,4,12,4,49,16,12,20,20,20260807,5,1,1,1,0,0,0,6633,0.276375,1,0.0015,0
2789,26747.8,10,0,2.64983,7.18546,0,0,0,9.83529,361,361,0,1,1.80238,1.80238,1971,388,5,1288,0,0,0,0,0,3655,4587.37,1.0905,23.2045,584359,184,55262,2234,1715218,736,221048,8936,32,4,867412,1712166,27757184,6848664,34605848,4,4,12,4,49,16,12,20,20,20260807,5,1,1,1,0,0,0,6634,0.276417,1,0.0015,1
2790,26755.1,7,0,2.50979,4.71367,0,0,0,7.22346,361,361,0,1,1.80238,1.80238,1971,388,5,1288,0,0,0,0,0,3655,4587.37,1.0905,23.2045,584359,184,55262,2234,1715218,736,221048,8936,32,4,867412,1712166,27757184,6848664,34605848,4,4,12,4,49,16,12,20,20,20260807,5,1,1,1,0,0,0,6634,0.276417,1,0.0015,0
2791,26763.6,8,0,2.37575,6.02975,0,0,0,8.4055,361,361,0,1,1.80238,1.80238,1971,388,5,1288,0,0,0,0,0,3655,4587.37,1.0905,23.2045,584359,184,55262,2234,1715218,736,221048,8936,32,4,867412,1712166,27757184,6848664,34605848,4,4,12,4,49,16,12,20,20,20260807,5,1,1,1,0,0,0,6634,0.276417,1,0.0015,0
2792,26770.4,7,0,2.35683,4.31187,0,0,0,6.66871,361,361,0,1,1.80238,1.80238,1971,388,5,1288,0,0,0,0,0,3655,4587.37,1.0905,23.2045,584359,184,55262,2234,1715218,736,221048,8936,32,4,867412,1712166,27757184,6848664,34605848,4,4,12,4,49,16,12,20,20,20260807,5,1,1,1,0,0,0,6634,0.276417,1,0.0015,0
2793,26780.2,10,0,2.31221,7.40346,0,0,0,9.71567,361,361,0,1,1.80238,1.80238,1971,388,5,1288,0,0,0,0,0,3655,4587.37,1.0905,23.2045,584359,184,55262,2234,1715218,736,221048,8936,32,4,867412,1712166,27757184,6848664,34605848,4,4,12,4,49,16,12,20,20,20260807,5,1,1,1,0,0,0,6634,0.276417,1,0.0015,0
2794,26787.7,7,0,2.62579,4.80746,0,0,0,7.43325,361,361,0,1,1.80238,1.80238,1971,388,5,1288,0,0,0,0,0,3655,4587.37,1.0905,23.2045,584359,184,55262,2234,1715218,736,221048,8936,32,4,867412,1712166,27757184,6848664,34605848,4,4,12,4,49,16,12,20,20,20260807,5,1,1,1,0,0,0,6634,0.276417,1,0.0015,0
2795,26796.5,9,0,2.38088,6.36275,0,0,0,8.74362,361,361,0,1,1.80238,1.80238,1971,388,5,1288,0,0,0,0,0,3655,4587.37,1.0905,23.2045,584359,184,55262,2234,1715218,736,221048,8936,32,4,867412,1712166,27757184,6848664,34605848,4,4,12,4,49,16,12,20,20,20260807,5,1,1,1,0,0,0,6635,0.276458,1,0.0015,1
2796,26803.5,7,0,2.47225,4.38075,0,0,0,6.853,361,361,0,1,1.80238,1.80238,1971,388,5,1288,0,0,0,0,0,3655,4587.37,1.0905,23.2045,584359,184,55262,2234,1715218,736,221048,8936,32,4,867412,1712166,27757184,6848664,34605848,4,4,12,4,49,16,12,20,20,20260807,5,1,1,1,0,0,0,6635,0.276458,1,0.0015,0
2797,26813.6,10,0,2.48158,7.57171,0,0,0,10.0533,361,361,0,1,1.80238,1.80238,1971,388,5,1288,0,0,0,0,0,3655,4587.37,1.0905,23.2045,584359,184,55262,2234,1715218,736,221048,8936,32,4,867412,1712166,27757184,6848664,34605848,4,4,12,4,49,16,12,20,20,20260807,5,1,1,1,0,0,0,6635,0.276458,1,0.0015,0
2798,26821.1,8,0,2.35817,5.04742,0,0,0,7.40558,361,361,0,1,1.80238,1.80238,1971,388,5,1288,0,0,0,0,0,3655,4587.37,1.0905,23.2045,584359,184,55262,2234,1715218,736,221048,8936,32,4,867412,1712166,27757184,6848664,34605848,4,4,12,4,49,16,12,20,20,20260807,5,1,1,1,0,0,0,6635,0.276458,1,0.0015,0
2799,26832.5,11,0,2.34638,8.96092,0,0,0,11.3073,361,361,0,1,1.80238,1.80238,1971,388,5,1288,0,0,0,0,0,3655,4587.37,1.0905,23.2045,584359,184,55262,2234,1715218,736,221048,8936,32,4,867412,1712166,27757184,6848664,34605848,4,4,12,4,49,16,12,20,20,20260807,5,1,1,1,0,0,0,6635,0.276458,1,0.0015,0
2800,26847.7,15,0,2.80492,12.3135,0,0,0,15.1184,361,361,0,1,1.80238,1.80238,1971,388,5,1288,0,0,0,0,0,3655,4587.37,1.0905,23.2045,584359,184,55262,2234,1715218,736,221048,8936,32,4,867412,1712166,27757184,6848664,34605848,4,4,12,4,49,16,12,20,20,20260807,5,1,1,1,0,0,0,6636,0.2765,1,0.0015,1
2801,26855.1,8,0,2.66204,4.6885,0,0,0,7.35054,361,361,0,1,1.80238,1.80238,1971,388,5,1288,0,0,0,0,0,3655,4587.37,1.0905,23.2045,584359,184,55262,2234,1715218,736,221048,8936,32,4,867412,1712166,27757184,6848664,34605848,4,4,12,4,49,16,12,20,20,20260807,5,1,1,1,0,0,0,6636,0.2765,1,0.0015,0
2802,26863.7,8,0,2.50067,5.95567,0,0,0,8.45633,361,361,0,1,1.80238,1.80238,1971,388,5,1288,0,0,0,0,0,3655,4587.37,1.0905,23.2045,584359,184,55262,2234,1715218,736,221048,8936,32,4,867412,1712166,27757184,6848664,34605848,4,4,12,4,49,16,12,20,20,20260807,5,1,1,1,0,0,0,6636,0.2765,1,0.0015,0
2803,26880.4,17,0,2.29733,14.3505,0,0,0,16.6479,361,361,0,1,1.80238,1.80238,1971,388,5,1288,0,0,0,0,0,3655,4587.37,1.0905,23.2045,584359,184,55262,2234,1715218,736,221048,8936,32,4,867412,1712166,27757184,6848664,34605848,4,4,12,4,49,16,12,20,20,20260807,5,1,1,1,0,0,0,6636,0.2765,1,0.0015,0
2804,26888.2,8,0,2.81717,4.88992,0,0,0,7.70708,361,361,0,1,1.80238,1.80238,1971,388,5,1288,0,0,0,0,0,3655,4587.37,1.0905,23.2045,584359,184,55262,2234,1715218,736,221048,8936,32,4,867412,1712166,27757184,6848664,34605848,4,4,12,4,49,16,12,20,20,20260807,5,1,1,1,0,0,0,6636,0.2765,1,0.0015,0
2805,26896.6,8,0,2.758,5.56163,0,0,0,8.31963,361,361,0,1,1.80238,1.80238,1971,388,5,1288,0,0,0,0,0,3655,4587.37,1.0905,23.2045,584359,184,55262,2234,1715218,736,221048,8936,32,4,867412,1712166,27757184,6848664,34605848,4,4,12,4,49,16,12,20,20,20260807,5,1,1,1,0,0,0,6637,0.276542,1,0.0015,1
2806,26904.1,8,0,2.40292,4.94446,0,0,0,7.34738,361,361,0,1,1.80238,1.80238,1971,388,5,1288,0,0,0,0,0,3655,4587.37,1.0905,23.2045,584359,184,55262,2234,1715218,736,221048,8936,32,4,867412,1712166,27757184,6848664,34605848,4,4,12,4,49,16,12,20,20,20260807,5,1,1,1,0,0,0,6637,0.276542,1,0.0015,0
2807,26914.8,11,0,2.90125,7.76288,0,0,0,10.6641,361,361,0,1,1.80238,1.80238,1971,388,5,1288,0,0,0,0,0,3655,4587.37,1.0905,23.2045,584359,184,55262,2234,1715218,736,221048,8936,32,4,867412,1712166,27757184,6848664,34605848,4,4,12,4,49,16,12,20,20,20260807,5,1,1,1,0,0,0,6637,0.276542,1,0.0015,0
2808,26930.4,15,0,2.73596,12.7444,0,0,0,15.4803,361,361,0,1,1.80238,1.80238,1971,388,5,1288,0,0,0,0,0,3655,4587.37,1.0905,23.2045,584359,184,55262,2234,1715218,736,221048,8936,32,4,867412,1712166,27757184,6848664,34605848,4,4,12,4,49,16,12,20,20,20260807,5,1,1,1,0,0,0,6637,0.276542,1,0.0015,0
2809,26937.4,7,0,2.24796,4.65825,0,0,0,6.90621,361,361,0,1,1.80238,1.80238,1971,388,5,1288,0,0,0,0,0,3655,4587.37,1.0905,23.2045,584359,184,55262,2234,1715218,736,221048,8936,32,4,867412,1712166,27757184,6848664,34605848,4,4,12,4,49,16,12,20,20,20260807,5,1,1,1,0,0,0,6637,0.276542,1,0.0015,0
2810,26945.8,9,0,2.65621,5.69771,0,0,0,8.35392,361,361,0,1,1.80238,1.80238,1971,388,5,1288,0,0,0,0,0,3655,4587.37,1.0905,23.2045,584359,184,55262,2234,1715218,736,221048,8936,32,4,867412,1712166,27757184,6848664,34605848,4,4,12,4,49,16,12,20,20,20260807,5,1,1,1,0,0,0,6638,0.276583,1,0.0015,1
2811,26953,7,0,2.28229,4.80987,0,0,0,7.09217,361,361,0,1,1.80238,1.80238,1971,388,5,1288,0,0,0,0,0,3655,4587.37,1.0905,23.2045,584359,184,55262,2234,1715218,736,221048,8936,32,4,867412,1712166,27757184,6848664,34605848,4,4,12,4,49,16,12,20,20,20260807,5,1,1,1,0,0,0,6638,0.276583,1,0.0015,0
2812,26963.1,10,0,2.31604,7.71371,0,0,0,10.0297,361,361,0,1,1.80238,1.80238,1971,388,5,1288,0,0,0,0,0,3655,4587.37,1.0905,23.2045,584359,184,55262,2234,1715218,736,221048,8936,32,4,867412,1712166,27757184,6848664,34605848,4,4,12,4,49,16,12,20,20,20260807,5,1,1,1,0,0,0,6638,0.276583,1,0.0015,0
2813,26970.6,7,0,2.45296,4.796,0,0,0,7.24896,361,361,0,1,1.80238,1.80238,1971,388,5,1288,0,0,0,0,0,3655,4587.37,1.0905,23.2045,584359,184,55262,2234,1715218,736,221048,8936,32,4,867412,1712166,27757184,6848664,34605848,4,4,12,4,49,16,12,20,20,20260807,5,1,1,1,0,0,0,6638,0.276583,1,0.0015,0
2814,26979.4,9,0,2.36346,6.35621,0,0,0,8.71967,361,361,0,1,1.80238,1.80238,1971,388,5,1288,0,0,0,0,0,3655,4587.37,1.0905,23.2045,584359,184,55262,2234,1715218,736,221048,8936,32,4,867412,1712166,27757184,6848664,34605848,4,4,12,4,49,16,12,20,20,20260807,5,1,1,1,0,0,0,6638,0.276583,1,0.0015,0
2815,26986.1,7,0,2.38163,4.24442,0,0,0,6.62604,361,361,0,1,1.80238,1.80238,1971,388,5,1288,0,0,0,0,0,3655,4587.37,1.0905,23.2045,584359,184,55262,2234,1715218,736,221048,8936,32,4,867412,1712166,27757184,6848664,34605848,4,4,12,4,49,16,12,20,20,20260807,5,1,1,1,0,0,0,6638,0.276583,1,0.0015,0
2816,26995.8,9,0,2.28388,7.32129,0,0,0,9.60517,361,361,0,1,1.80238,1.80238,1971,388,5,1288,0,0,0,0,0,3655,4587.37,1.0905,23.2045,584359,184,55262,2234,1715218,736,221048,8936,32,4,867412,1712166,27757184,6848664,34605848,4,4,12,4,49,16,12,20,20,20260807,5,1,1,1,0,0,0,6639,0.276625,1,0.0015,1
2817,27002.2,7,0,2.36833,3.94067,0,0,0,6.309,361,361,0,1,1.80238,1.80238,1971,388,5,1288,0,0,0,0,0,3655,4587.37,1.0905,23.2045,584359,184,55262,2234,1715218,736,221048,8936,32,4,867412,1712166,27757184,6848664,34605848,4,4,12,4,49,16,12,20,20,20260807,5,1,1,1,0,0,0,6639,0.276625,1,0.0015,0
2818,27012.3,10,0,2.42708,7.60342,0,0,0,10.0305,361,361,0,1,1.80238,1.80238,1971,388,5,1288,0,0,0,0,0,3655,4587.37,1.0905,23.2045,584359,184,55262,2234,1715218,736,221048,8936,32,4,867412,1712166,27757184,6848664,34605848,4,4,12,4,49,16,12,20,20,20260807,5,1,1,1,0,0,0,6639,0.276625,1,0.0015,0
2819,27020,8,0,3.38217,4.253,0,0,0,7.63517,361,361,0,1,1.80238,1.80238,1971,388,5,1288,0,0,0,0,0,3655,4587.37,1.0905,23.2045,584359,184,55262,2234,1715218,736,221048,8936,32,4,867412,1712166,27757184,6848664,34605848,4,4,12,4,49,16,12,20,20,20260807,5,1,1,1,0,0,0,6639,0.276625,1,0.0015,0
2820,27029.3,9,0,2.29371,6.94517,0,0,0,9.23888,361,361,0,1,1.80238,1.80238,1971,388,5,1288,0,0,0,0,0,3655,4587.37,1.0905,23.2045,584359,184,55262,2234,1715218,736,221048,8936,32,4,867412,1712166,27757184,6848664,34605848,4,4,12,4,49,16,12,20,20,20260807,5,1,1,1,0,0,0,6639,0.276625,1,0.0015,0
2821,27037.6,8,0,2.39883,5.82587,0,0,0,8.22471,361,361,0,1,1.80238,1.80238,1971,388,5,1288,0,0,0,0,0,3655,4587.37,1.0905,23.2045,584359,184,55262,2234,1715218,736,221048,8936,32,4,867412,1712166,27757184,6848664,34605848,4,4,12,4,49,16,12,20,20,20260807,5,1,1,1,0,0,0,6639,0.276625,1,0.0015,0
2822,27046,9,0,2.3475,5.9605,0,0,0,8.308,361,361,0,1,1.80238,1.80238,1971,388,5,1288,0,0,0,0,0,3655,4587.37,1.0905,23.2045,584359,184,55262,2234,1715218,736,221048,8936,32,4,867412,1712166,27757184,6848664,34605848,4,4,12,4,49,16,12,20,20,20260807,5,1,1,1,0,0,0,6640,0.276667,1,0.0015,1
2823,27052.7,6,0,2.35896,4.21583,0,0,0,6.57479,361,361,0,1,1.80238,1.80238,1971,388,5,1288,0,0,0,0,0,3655,4587.37,1.0905,23.2045,584359,184,55262,2234,1715218,736,221048,8936,32,4,867412,1712166,27757184,6848664,34605848,4,4,12,4,49,16,12,20,20,20260807,5,1,1,1,0,0,0,6640,0.276667,1,0.0015,0
2824,27063.6,11,0,2.38579,8.418,0,0,0,10.8038,361,361,0,1,1.80238,1.80238,1971,388,5,1288,0,0,0,0,0,3655,4587.37,1.0905,23.2045,584359,184,55262,2234,1715218,736,221048,8936,32,4,867412,1712166,27757184,6848664,34605848,4,4,12,4,49,16,12,20,20,20260807,5,1,1,1,0,0,0,6640,0.276667,1,0.0015,0
2825,27071.3,8,0,2.65242,4.98546,0,0,0,7.63788,361,361,0,1,1.80238,1.80238,1971,388,5,1288,0,0,0,0,0,3655,4587.37,1.0905,23.2045,584359,184,55262,2234,1715218,736,221048,8936,32,4,867412,1712166,27757184,6848664,34605848,4,4,12,4,49,16,12,20,20,20260807,5,1,1,1,0,0,0,6640,0.276667,1,0.0015,0
2826,27080.1,9,0,2.28383,6.40146,0,0,0,8.68529,361,361,0,1,1.80238,1.80238,1971,388,5,1288,0,0,0,0,0,3655,4587.37,1.0905,23.2045,584359,184,55262,2234,1715218,736,221048,8936,32,4,867412,1712166,27757184,6848664,34605848,4,4,12,4,49,16,12,20,20,20260807,5,1,1,1,0,0,0,6640,0.276667,1,0.0015,0
2827,27088.3,8,0,2.35196,5.79883,0,0,0,8.15079,361,361,0,1,1.80238,1.80238,1971,388,5,1288,0,0,0,0,0,3655,4587.37,1.0905,23.2045,584359,184,55262,2234,1715218,736,221048,8936,32,4,867412,1712166,27757184,6848664,34605848,4,4,12,4,49,16,12,20,20,20260807,5,1,1,1,0,0,0,6640,0.276667,1,0.0015,0
2828,27097.2,9,0,2.3775,6.37396,0,0,0,8.75146,361,361,0,1,1.80238,1.80238,1971,388,5,1288,0,0,0,0,0,3655,4587.37,1.0905,23.2045,584359,184,55262,2234,1715218,736,221048,8936,32,4,867412,1712166,27757184,6848664,34605848,4,4,12,4,49,16,12,20,20,20260807,5,1,1,1,0,0,0,6641,0.276708,1,0.0015,1
2829,27104.2,7,0,2.25992,4.69408,0,0,0,6.954,361,361,0,1,1.80238,1.80238,1971,388,5,1288,0,0,0,0,0,3655,4587.37,1.0905,23.2045,584359,184,55262,2234,1715218,736,221048,8936,32,4,867412,1712166,27757184,6848664,34605848,4,4,12,4,49,16,12,20,20,20260807,5,1,1,1,0,0,0,6641,0.276708,1,0.0015,0
2830,27113.6,9,0,2.36829,6.90904,0,0,0,9.27733,361,361,0,1,1.80238,1.80238,1971,388,5,1288,0,0,0,0,0,3655,4587.37,1.0905,23.2045,584359,184,55262,2234,1715218,736,221048,8936,32,4,867412,1712166,27757184,6848664,34605848,4,4,12,4,49,16,12,20,20,20260807,5,1,1,1,0,0,0,6641,0.276708,1,0.0015,0
2831,27120.7,7,0,2.40263,4.62675,0,0,0,7.02937,361,361,0,1,1.80238,1.80238,1971,388,5,1288,0,0,0,0,0,3655,4587.37,1.0905,23.2045,584359,184,55262,2234,1715218,736,221048,8936,32,4,867412,1712166,27757184,6848664,34605848,4,4,12,4,49,16,12,20,20,20260807,5,1,1,1,0,0,0,6641,0.276708,1,0.0015,0
2832,27129.9,10,0,2.25717,6.81238,0,0,0,9.06954,361,361,0,1,1.80238,1.80238,1971,388,5,1288,0,0,0,0,0,3655,4587.37,1.0905,23.2045,584359,184,55262,2234,1715218,736,221048,8936,32,4,867412,1712166,27757184,6848664,34605848,4,4,12,4,49,16,12,20,20,20260807,5,1,1,1,0,0,0,6641,0.276708,1,0.0015,0
2833,27136.6,6,0,2.29771,4.35446,0,0,0,6.65217,361,361,0,1,1.80238,1.80238,1971,388,5,1288,0,0,0,0,0,3655,4587.37,1.0905,23.2045,584359,184,55262,2234,1715218,736,221048,8936,32,4,867412,1712166,27757184,6848664,34605848,4,4,12,4,49,16,12,20,20,20260807,5,1,1,1,0,0,0,6641,0.276708,1,0.0015,0
2834,27151.4,15,0,2.28717,12.4262,0,0,0,14.7134,361,361,0,1,1.80238,1.80238,1971,388,5,1288,0,0,0,0,0,3655,4587.37,1.0905,23.2045,584359,184,55262,2234,1715218,736,221048,8936,32,4,867412,1712166,27757184,6848664,34605848,4,4,12,4,49,16,12,20,20,20260807,5,1,1,1,0,0,0,6642,0.27675,1,0.0015,1
2835,27162.4,11,0,2.99008,7.97121,0,0,0,10.9613,361,361,0,1,1.80238,1.80238,1971,388,5,1288,0,0,0,0,0,3655,4587.37,1.0905,23.2045,584359,184,55262,2234,1715218,736,221048,8936,32,4,867412,1712166,27757184,6848664,34605848,4,4,12,4,49,16,12,20,20,20260807,5,1,1,1,0,0,0,6642,0.27675,1,0.0015,0
2836,27170,8,0,2.76204,4.66479,0,0,0,7.42683,361,361,0,1,1.80238,1.80238,1971,388,5,1288,0,0,0,0,0,3655,4587.37,1.0905,23.2045,584359,184,55262,2234,1715218,736,221048,8936,32,4,867412,1712166,27757184,6848664,34605848,4,4,12,4,49,16,12,20,20,20260807,5,1,1,1,0,0,0,6642,0.27675,1,0.0015,0
2837,27179.8,10,0,2.59529,7.12717,0,0,0,9.72246,361,361,0,1,1.80238,1.80238,1971,388,5,1288,0,0,0,0,0,3655,4587.37,1.0905,23.2045,584359,184,55262,2234,1715218,736,221048,8936,32,4,867412,1712166,27757184,6848664,34605848,4,4,12,4,49,16,12,20,20,20260807,5,1,1,1,0,0,0,6642,0.27675,1,0.0015,0
2838,27187.7,7,0,2.36,5.53146,0,0,0,7.89146,361,361,0,1,1.80238,1.80238,1971,388,5,1288,0,0,0,0,0,3655,4587.37,1.0905,23.2045,584359,184,55262,2234,1715218,736,221048,8936,32,4,867412,1712166,27757184,6848664,34605848,4,4,12,4,49,16,12,20,20,20260807,5,1,1,1,0,0,0,6642,0.27675,1,0.0015,0
2839,27196.7,9,0,2.339,6.55642,0,0,0,8.89542,361,361,0,1,1.80238,1.80238,1971,388,5,1288,0,0,0,0,0,3655,4587.37,1.0905,23.2045,584359,184,55262,2234,1715218,736,221048,8936,32,4,867412,1712166,27757184,6848664,34605848,4,4,12,4,49,16,12,20,20,20260807,5,1,1,1,0,0,0,6643,0.276792,1,0.0015,1
2840,27203.8,8,0,2.31725,4.65463,0,0,0,6.97187,361,361,0,1,1.80238,1.80238,1971,388,5,1288,0,0,0,0,0,3655,4587.37,1.0905,23.2045,584359,184,55262,2234,1715218,736,221048,8936,32,4,867412,1712166,27757184,6848664,34605848,4,4,12,4,49,16,12,20,20,20260807,5,1,1,1,0,0,0,6643,0.276792,1,0.0015,0
2841,27212.2,8,0,2.39008,5.90421,0,0,0,8.29429,361,361,0,1,1.80238,1.80238,1971,388,5,1288,0,0,0,0,0,3655,4587.37,1.0905,23.2045,584359,184,55262,2234,1715218,736,221048,8936,32,4,867412,1712166,27757184,6848664,34605848,4,4,12,4,49,16,12,20,20,20260807,5,1,1,1,0,0,0,6643,0.276792,1,0.0015,0
2842,27219.1,7,0,2.57758,4.23958,0,0,0,6.81717,361,361,0,1,1.80238,1.80238,1971,388,5,1288,0,0,0,0,0,3655,4587.37,1.0905,23.2045,584359,184,55262,2234,1715218,736,221048,8936,32,4,867412,1712166,27757184,6848664,34605848,4,4,12,4,49,16,12,20,20,20260807,5,1,1,1,0,0,0,6643,0.276792,1,0.0015,0
2843,27229.3,10,0,2.34458,7.80458,0,0,0,10.1492,361,361,0,1,1.80238,1.80238,1971,388,5,1288,0,0,0,0,0,3655,4587.37,1.0905,23.2045,584359,184,55262,2234,1715218,736,221048,8936,32,4,867412,1712166,27757184,6848664,34605848,4,4,12,4,49,16,12,20,20,20260807,5,1,1,1,0,0,0,6643,0.276792,1,0.0015,0
2844,27236.3,7,0,2.51758,4.31896,0,0,0,6.83654,361,361,0,1,1.80238,1.80238,1971,388,5,1288,0,0,0,0,0,3655,4587.37,1.0905,23.2045,584359,184,55262,2234,1715218,736,221048,8936,32,4,867412,1712166,27757184,6848664,34605848,4,4,12,4,49,16,12,20,20,20260807,5,1,1,1,0,0,0,6643,0.276792,1,0.0015,0
2845,27245.9,10,0,2.32104,7.27654,0,0,0,9.59758,361,361,0,1,1.80238,1.80238,1971,388,5,1288,0,0,0,0,0,3655,4587.37,1.0905,23.2045,584359,184,55262,2234,1715218,736,221048,8936,32,4,867412,1712166,27757184,6848664,34605848,4,4,12,4,49,16,12,20,20,20260807,5,1,1,1,0,0,0,6644,0.276833,1,0.0015,1
2846,27252.7,6,0,2.46021,4.20312,0,0,0,6.66333,361,361,0,1,1.80238,1.80238,1971,388,5,1288,0,0,0,0,0,3655,4587.37,1.0905,23.2045,584359,184,55262,2234,1715218,736,221048,8936,32,4,867412,1712166,27757184,6848664,34605848,4,4,12,4,49,16,12,20,20,20260807,5,1,1,1,0,0,0,6644,0.276833,1,0.0015,0
2847,27262.2,10,0,2.34967,7.094,0,0,0,9.44367,361,361,0,1,1.80238,1.80238,1971,388,5,1288,0,0,0,0,0,3655,4587.37,1.0905,23.2045,584359,184,55262,2234,1715218,736,221048,8936,32,4,867412,1712166,27757184,6848664,34605848,4,4,12,4,49,16,12,20,20,20260807,5,1,1,1,0,0,0,6644,0.276833,1,0.0015,0
2848,27271.3,9,0,2.67313,6.27329,0,0,0,8.94642,361,361,0,1,1.80238,1.80238,1971,388,5,1288,0,0,0,0,0,3655,4587.37,1.0905,23.2045,584359,184,55262,2234,1715218,736,221048,8936,32,4,867412,1712166,27757184,6848664,34605848,4,4,12,4,49,16,12,20,20,20260807,5,1,1,1,0,0,0,6644,0.276833,1,0.0015,0
2849,27281.8,11,0,2.32871,8.09388,0,0,0,10.4226,361,361,0,1,1.80238,1.80238,1971,388,5,1288,0,0,0,0,0,3655,4587.37,1.0905,23.2045,584359,184,55262,2234,1715218,736,221048,8936,32,4,867412,1712166,27757184,6848664,34605848,4,4,12,4,49,16,12,20,20,20260807,5,1,1,1,0,0,0,6644,0.276833,1,0.0015,0
2850,27288.9,7,0,2.95408,4.11808,0,0,0,7.07217,361,361,0,1,1.80238,1.80238,1971,388,5,1288,0,0,0,0,0,3655,4587.37,1.0905,23.2045,584359,184,55262,2234,1715218,736,221048,8936,32,4,867412,1712166,27757184,6848664,34605848,4,4,12,4,49,16,12,20,20,20260807,5,1,1,1,0,0,0,6645,0.276875,1,0.0015,1
2851,27296.3,7,0,2.31275,5.00087,0,0,0,7.31363,361,361,0,1,1.80238,1.80238,1971,388,5,1288,0,0,0,0,0,3655,4587.37,1.0905,23.2045,584359,184,55262,2234,1715218,736,221048,8936,32,4,867412,1712166,27757184,6848664,34605848,4,4,12,4,49,16,12,20,20,20260807,5,1,1,1,0,0,0,6645,0.276875,1,0.0015,0
2852,27303.2,7,0,2.39604,4.38104,0,0,0,6.77708,361,361,0,1,1.80238,1.80238,1971,388,5,1288,0,0,0,0,0,3655,4587.37,1.0905,23.2045,584359,184,55262,2234,1715218,736,221048,8936,32,4,867412,1712166,27757184,6848664,34605848,4,4,12,4,49,16,12,20,20,20260807,5,1,1,1,0,0,0,6645,0.276875,1,0.0015,0
2853,27313.7,10,0,2.38254,8.09325,0,0,0,10.4758,361,361,0,1,1.80238,1.80238,1971,388,5,1288,0,0,0,0,0,3655,4587.37,1.0905,23.2045,584359,184,55262,2234,1715218,736,221048,8936,32,4,867412,1712166,27757184,6848664,34605848,4,4,12,4,49,16,12,20,20,20260807,5,1,1,1,0,0,0,6645,0.276875,1,0.0015,0
2854,27321.2,8,0,2.44413,4.8955,0,0,0,7.33962,361,361,0,1,1.80238,1.80238,1971,388,5,1288,0,0,0,0,0,3655,4587.37,1.0905,23.2045,584359,184,55262,2234,1715218,736,221048,8936,32,4,867412,1712166,27757184,6848664,34605848,4,4,12,4,49,16,12,20,20,20260807,5,1,1,1,0,0,0,6645,0.276875,1,0.0015,0
2855,27331.2,10,0,2.25421,7.73183,0,0,0,9.98604,361,361,0,1,1.80238,1.80238,1971,388,5,1288,0,0,0,0,0,3655,4587.37,1.0905,23.2045,584359,184,55262,2234,1715218,736,221048,8936,32,4,867412,1712166,27757184,6848664,34605848,4,4,12,4,49,16,12,20,20,20260807,5,1,1,1,0,0,0,6645,0.276875,1,0.0015,0
2856,27346.3,15,0,2.22392,12.7426,0,0,0,14.9665,361,361,0,1,1.80238,1.80238,1971,388,5,1288,0,0,0,0,0,3655,4587.37,1.0905,23.2045,584359,184,55262,2234,1715218,736,221048,8936,32,4,867412,1712166,27757184,6848664,34605848,4,4,12,4,49,16,12,20,20,20260807,5,1,1,1,0,0,0,6645,0.276875,1,0.0015,0
2857,27354.7,8,0,3.70208,4.64275,0,0,0,8.34483,361,361,0,1,1.80238,1.80238,1971,388,5,1288,0,0,0,0,0,3655,4587.37,1.0905,23.2045,584359,184,55262,2234,1715218,736,221048,8936,32,4,867412,1712166,27757184,6848664,34605848,4,4,12,4,49,16,12,20,20,20260807,5,1,1,1,0,0,0,6646,0.276917,1,0.0015,1
2858,27363,9,0,2.37817,5.79067,0,0,0,8.16883,361,361,0,1,1.80238,1.80238,1971,388,5,1288,0,0,0,0,0,3655,4587.37,1.0905,23.2045,584359,184,55262,2234,1715218,736,221048,8936,32,4,867412,1712166,27757184,6848664,34605848,4,4,12,4,49,16,12,20,20,20260807,5,1,1,1,0,0,0,6646,0.276917,1,0.0015,0
2859,27370.1,7,0,2.35371,4.711,0,0,0,7.06471,361,361,0,1,1.80238,1.80238,1971,388,5,1288,0,0,0,0,0,3655,4587.37,1.0905,23.2045,584359,184,55262,2234,1715218,736,221048,8936,32,4,867412,1712166,27757184,6848664,34605848,4,4,12,4,49,16,12,20,20,20260807,5,1,1,1,0,0,0,6646,0.276917,1,0.0015,0
2860,27379.6,9,0,2.40713,6.99613,0,0,0,9.40325,361,361,0,1,1.80238,1.80238,1971,388,5,1288,0,0,0,0,0,3655,4587.37,1.0905,23.2045,584359,184,55262,2234,1715218,736,221048,8936,32,4,867412,1712166,27757184,6848664,34605848,4,4,12,4,49,16,12,20,20,20260807,5,1,1,1,0,0,0,6646,0.276917,1,0.0015,0
2861,27387,8,0,2.43887,4.85337,0,0,0,7.29225,361,361,0,1,1.80238,1.80238,1971,388,5,1288,0,0,0,0,0,3655,4587.37,1.0905,23.2045,584359,184,55262,2234,1715218,736,221048,8936,32,4,867412,1712166,27757184,6848664,34605848,4,4,12,4,49,16,12,20,20,20260807,5,1,1,1,0,0,0,6646,0.276917,1,0.0015,0
2862,27395.8,9,0,2.31917,6.35971,0,0,0,8.67887,361,361,0,1,1.80238,1.80238,1971,388,5,1288,0,0,0,0,0,3655,4587.37,1.0905,23.2045,584359,184,55262,2234,1715218,736,221048,8936,32,4,867412,1712166,27757184,6848664,34605848,4,4,12,4,49,16,12,20,20,20260807,5,1,1,1,0,0,0,6647,0.276958,1,0.0015,1
2863,27403.5,7,0,2.77317,4.85762,0,0,0,7.63079,361,361,0,1,1.80238,1.80238,1971,388,5,1288,0,0,0,0,0,3655,4587.37,1.0905,23.2045,584359,184,55262,2234,1715218,736,221048,8936,32,4,867412,1712166,27757184,6848664,34605848,4,4,12,4,49,16,12,20,20,20260807,5,1,1,1,0,0,0,6647,0.276958,1,0.0015,0
2864,27412.7,9,0,2.23312,6.92542,0,0,0,9.15854,361,361,0,1,1.80238,1.80238,1971,388,5,1288,0,0,0,0,0,3655,4587.37,1.0905,23.2045,584359,184,55262,2234,1715218,736,221048,8936,32,4,867412,1712166,27757184,6848664,34605848,4,4,12,4,49,16,12,20,20,20260807,5,1,1,1,0,0,0,6647,0.276958,1,0.0015,0
2865,27419.6,7,0,2.37571,4.41292,0,0,0,6.78862,361,361,0,1,1.80238,1.80238,1971,388,5,1288,0,0,0,0,0,3655,4587.37,1.0905,23.2045,584359,184,55262,2234,1715218,736,221048,8936,32,4,867412,1712166,27757184,6848664,34605848,4,4,12,4,49,16,12,20,20,20260807,5,1,1,1,0,0,0,6647,0.276958,1,0.0015,0
2866,27429.7,10,0,2.35654,7.69033,0,0,0,10.0469,361,361,0,1,1.80238,1.80238,1971,388,5,1288,0,0,0,0,0,3655,4587.37,1.0905,23.2045,584359,184,55262,2234,1715218,736,221048,8936,32,4,867412,1712166,27757184,6848664,34605848,4,4,12,4,49,16,12,20,20,20260807,5,1,1,1,0,0,0,6647,0.276958,1,0.0015,0
2867,27437,8,0,2.2845,4.92092,0,0,0,7.20542,361,361,0,1,1.80238,1.80238,1971,388,5,1288,0,0,0,0,0,3655,4587.37,1.0905,23.2045,584359,184,55262,2234,1715218,736,221048,8936,32,4,867412,1712166,27757184,6848664,34605848,4,4,12,4,49,16,12,20,20,20260807,5,1,1,1,0,0,0,6647,0.276958,1,0.0015,0
2868,27447.1,10,0,2.38983,7.67046,0,0,0,10.0603,361,361,0,1,1.80238,1.80238,1971,388,5,1288,0,0,0,0,0,3655,4587.37,1.0905,23.2045,584359,184,55262,2234,1715218,736,221048,8936,32,4,867412,1712166,27757184,6848664,34605848,4,4,12,4,49,16,12,20,20,20260807,5,1,1,1,0,0,0,6648,0.277,1,0.0015,1
2869,27454.6,7,0,2.44537,4.903,0,0,0,7.34837,361,361,0,1,1.80238,1.80238,1971,388,5,1288,0,0,0,0,0,3655,4587.37,1.0905,23.2045,584359,184,55262,2234,1715218,736,221048,8936,32,4,867412,1712166,27757184,6848664,34605848,4,4,12,4,49,16,12,20,20,20260807,5,1,1,1,0,0,0,6648,0.277,1,0.0015,0
2870,27463.1,9,0,2.38379,6.01683,0,0,0,8.40062,361,361,0,1,1.80238,1.80238,1971,388,5,1288,0,0,0,0,0,3655,4587.37,1.0905,23.2045,584359,184,55262,2234,1715218,736,221048,8936,32,4,867412,1712166,27757184,6848664,34605848,4,4,12,4,49,16,12,20,20,20260807,5,1,1,1,0,0,0,6648,0.277,1,0.0015,0
2871,27470.1,6,0,2.42371,4.53367,0,0,0,6.95737,361,361,0,1,1.80238,1.80238,1971,388,5,1288,0,0,0,0,0,3655,4587.37,1.0905,23.2045,584359,184,55262,2234,1715218,736,221048,8936,32,4,867412,1712166,27757184,6848664,34605848,4,4,12,4,49,16,12,20,20,20260807,5,1,1,1,0,0,0,6648,0.277,1,0.0015,0
2872,27479.7,9,0,2.30542,7.21079,0,0,0,9.51621,361,361,0,1,1.80238,1.80238,1971,388,5,1288,0,0,0,0,0,3655,4587.37,1.0905,23.2045,584359,184,55262,2234,1715218,736,221048,8936,32,4,867412,1712166,27757184,6848664,34605848,4,4,12,4,49,16,12,20,20,20260807,5,1,1,1,0,0,0,6648,0.277,1,0.0015,0
2873,27486.4,7,0,2.28421,4.31687,0,0,0,6.60108,361,361,0,1,1.80238,1.80238,1971,388,5,1288,0,0,0,0,0,3655,4587.37,1.0905,23.2045,584359,184,55262,2234,1715218,736,221048,8936,32,4,867412,1712166,27757184,6848664,34605848,4,4,12,4,49,16,12,20,20,20260807,5,1,1,1,0,0,0,6648,0.277,1,0.0015,0
2874,27496.9,11,0,2.65971,7.74571,0,0,0,10.4054,361,361,0,1,1.80238,1.80238,1971,388,5,1288,0,0,0,0,0,3655,4587.37,1.0905,23.2045,584359,184,55262,2234,1715218,736,221048,8936,32,4,867412,1712166,27757184,6848664,34605848,4,4,12,4,49,16,12,20,20,20260807,5,1,1,1,0,0,0,6649,0.277042,1,0.0015,1
2875,27504.3,7,0,2.30871,5.03258,0,0,0,7.34129,361,361,0,1,1.80238,1.80238,1971,388,5,1288,0,0,0,0,0,3655,4587.37,1.0905,23.2045,584359,184,55262,2234,1715218,736,221048,8936,32,4,867412,1712166,27757184,6848664,34605848,4,4,12,4,49,16,12,20,20,20260807,5,1,1,1,0,0,0,6649,0.277042,1,0.0015,0
2876,27513.3,9,0,2.39675,6.48187,0,0,0,8.87862,361,361,0,1,1.80238,1.80238,1971,388,5,1288,0,0,0,0,0,3655,4587.37,1.0905,23.2045,584359,184,55262,2234,1715218,736,221048,8936,32,4,867412,1712166,27757184,6848664,34605848,4,4,12,4,49,16,12,20,20,20260807,5,1,1,1,0,0,0,6649,0.277042,1,0.0015,0
2877,27520.8,8,0,2.31988,5.0225,0,0,0,7.34237,361,361,0,1,1.80238,1.80238,1971,388,5,1288,0,0,0,0,0,3655,4587.37,1.0905,23.2045,584359,184,55262,2234,1715218,736,221048,8936,32,4,867412,1712166,27757184,6848664,34605848,4,4,12,4,49,16,12,20,20,20260807,5,1,1,1,0,0,0,6649,0.277042,1,0.0015,0
2878,27529.8,10,0,2.43967,6.50467,0,0,0,8.94433,361,361,0,1,1.80238,1.80238,1971,388,5,1288,0,0,0,0,0,3655,4587.37,1.0905,23.2045,584359,184,55262,2234,1715218,736,221048,8936,32,4,867412,1712166,27757184,6848664,34605848,4,4,12,4,49,16,12,20,20,20260807,5,1,1,1,0,0,0,6649,0.277042,1,0.0015,0
2879,27537.3,7,0,2.4635,5.00354,0,0,0,7.46704,361,361,0,1,1.80238,1.80238,1971,388,5,1288,0,0,0,0,0,3655,4587.37,1.0905,23.2045,584359,184,55262,2234,1715218,736,221048,8936,32,4,867412,1712166,27757184,6848664,34605848,4,4,12,4,49,16,12,20,20,20260807,5,1,1,1,0,0,0,6649,0.277042,1,0.0015,0
2880,27548.2,11,0,2.39446,8.43575,0,0,0,10.8302,361,361,0,1,1.80238,1.80238,1971,388,5,1288,0,0,0,0,0,3655,4587.37,1.0905,23.2045,584359,184,55262,2234,1715218,736,221048,8936,32,4,867412,1712166,27757184,6848664,34605848,4,4,12,4,49,16,12,20,20,20260807,5,1,1,1,0,0,0,6650,0.277083,1,0.0015,1
2881,27562.9,15,0,2.3095,12.2394,0,0,0,14.5489,361,361,0,1,1.80238,1.80238,1971,388,5,1288,0,0,0,0,0,3655,4587.37,1.0905,23.2045,584359,184,55262,2234,1715218,736,221048,8936,32,4,867412,1712166,27757184,6848664,34605848,4,4,12,4,49,16,12,20,20,20260807,5,1,1,1,0,0,0,6650,0.277083,1,0.0015,0
2882,27569.9,7,0,2.47971,4.50542,0,0,0,6.98513,361,361,0,1,1.80238,1.80238,1971,388,5,1288,0,0,0,0,0,3655,4587.37,1.0905,23.2045,584359,184,55262,2234,1715218,736,221048,8936,32,4,867412,1712166,27757184,6848664,34605848,4,4,12,4,49,16,12,20,20,20260807,5,1,1,1,0,0,0,6650,0.277083,1,0.0015,0
2883,27579.6,9,0,2.70767,6.88742,0,0,0,9.59508,361,361,0,1,1.80238,1.80238,1971,388,5,1288,0,0,0,0,0,3655,4587.37,1.0905,23.2045,584359,184,55262,2234,1715218,736,221048,8936,32,4,867412,1712166,27757184,6848664,34605848,4,4,12,4,49,16,12,20,20,20260807,5,1,1,1,0,0,0,6650,0.277083,1,0.0015,0
2884,27586.6,7,0,2.38471,4.49575,0,0,0,6.88046,361,361,0,1,1.80238,1.80238,1971,388,5,1288,0,0,0,0,0,3655,4587.37,1.0905,23.2045,584359,184,55262,2234,1715218,736,221048,8936,32,4,867412,1712166,27757184,6848664,34605848,4,4,12,4,49,16,12,20,20,20260807,5,1,1,1,0,0,0,6650,0.277083,1,0.0015,0
2885,27596.3,10,0,2.37354,7.26383,0,0,0,9.63738,361,361,0,1,1.80238,1.80238,1971,388,5,1288,0,0,0,0,0,3655,4587.37,1.0905,23.2045,584359,184,55262,2234,1715218,736,221048,8936,32,4,867412,1712166,27757184,6848664,34605848,4,4,12,4,49,16,12,20,20,20260807,5,1,1,1,0,0,0,6651,0.277125,1,0.0015,1
2886,27603.3,7,0,2.47421,4.43492,0,0,0,6.90913,361,361,0,1,1.80238,1.80238,1971,388,5,1288,0,0,0,0,0,3655,4587.37,1.0905,23.2045,584359,184,55262,2234,1715218,736,221048,8936,32,4,867412,1712166,27757184,6848664,34605848,4,4,12,4,49,16,12,20,20,20260807,5,1,1,1,0,0,0,6651,0.277125,1,0.0015,0
2887,27612.7,9,0,2.27575,6.96771,0,0,0,9.24346,361,361,0,1,1.80238,1.80238,1971,388,5,1288,0,0,0,0,0,3655,4587.37,1.0905,23.2045,584359,184,55262,2234,1715218,736,221048,8936,32,4,867412,1712166,27757184,6848664,34605848,4,4,12,4,49,16,12,20,20,20260807,5,1,1,1,0,0,0,6651,0.277125,1,0.0015,0
2888,27619.9,8,0,2.50983,4.70346,0,0,0,7.21329,361,361,0,1,1.80238,1.80238,1971,388,5,1288,0,0,0,0,0,3655,4587.37,1.0905,23.2045,584359,184,55262,2234,1715218,736,221048,8936,32,4,867412,1712166,27757184,6848664,34605848,4,4,12,4,49,16,12,20,20,20260807,5,1,1,1,0,0,0,6651,0.277125,1,0.0015,0
2889,27630.5,10,0,2.411,8.05071,0,0,0,10.4617,361,361,0,1,1.80238,1.80238,1971,388,5,1288,0,0,0,0,0,3655,4587.37,1.0905,23.2045,584359,184,55262,2234,1715218,736,221048,8936,32,4,867412,1712166,27757184,6848664,34605848,4,4,12,4,49,16,12,20,20,20260807,5,1,1,1,0,0,0,6651,0.277125,1,0.0015,0
2890,27638,8,0,2.48779,4.90763,0,0,0,7.39542,361,361,0,1,1.80238,1.80238,1971,388,5,1288,0,0,0,0,0,3655,4587.37,1.0905,23.2045,584359,184,55262,2234,1715218,736,221048,8936,32,4,867412,1712166,27757184,6848664,34605848,4,4,12,4,49,16,12,20,20,20260807,5,1,1,1,0,0,0,6651,0.277125,1,0.0015,0
2891,27649.1,11,0,2.58071,8.41204,0,0,0,10.9927,361,361,0,1,1.80238,1.80238,1971,388,5,1288,0,0,0,0,0,3655,4587.37,1.0905,23.2045,584359,184,55262,2234,1715218,736,221048,8936,32,4,867412,1712166,27757184,6848664,34605848,4,4,12,4,49,16,12,20,20,20260807,5,1,1,1,0,0,0,6652,0.277167,1,0.0015,1
2892,27668.3,19,0,2.40612,16.7276,0,0,0,19.1337,361,361,0,1,1.80238,1.80238,1971,388,5,1288,0,0,0,0,0,3655,4587.37,1.0905,23.2045,584359,184,55262,2234,1715218,736,221048,8936,32,4,867412,1712166,27757184,6848664,34605848,4,4,12,4,49,16,12,20,20,20260807,5,1,1,1,0,0,0,6652,0.277167,1,0.0015,0
2893,27680,12,0,2.51079,9.14058,0,0,0,11.6514,361,361,0,1,1.80238,1.80238,1971,388,5,1288,0,0,0,0,0,3655,4587.37,1.0905,23.2045,584359,184,55262,2234,1715218,736,221048,8936,32,4,867412,1712166,27757184,6848664,34605848,4,4,12,4,49,16,12,20,20,20260807,5,1,1,1,0,0,0,6652,0.277167,1,0.0015,0
2894,27687.3,7,0,2.795,4.45483,0,0,0,7.24983,361,361,0,1,1.80238,1.80238,1971,388,5,1288,0,0,0,0,0,3655,4587.37,1.0905,23.2045,584359,184,55262,2234,1715218,736,221048,8936,32,4,867412,1712166,27757184,6848664,34605848,4,4,12,4,49,16,12,20,20,20260807,5,1,1,1,0,0,0,6652,0.277167,1,0.0015,0
2895,27697.2,10,0,2.30471,7.47312,0,0,0,9.77783,361,361,0,1,1.80238,1.80238,1971,388,5,1288,0,0,0,0,0,3655,4587.37,1.0905,23.2045,584359,184,55262,2234,1715218,736,221048,8936,32,4,867412,1712166,27757184,6848664,34605848,4,4,12,4,49,16,12,20,20,20260807,5,1,1,1,0,0,0,6653,0.277208,1,0.0015,1
2896,27705,8,0,2.40658,5.28217,0,0,0,7.68875,361,361,0,1,1.80238,1.80238,1971,388,5,1288,0,0,0,0,0,3655,4587.37,1.0905,23.2045,584359,184,55262,2234,1715218,736,221048,8936,32,4,867412,1712166,27757184,6848664,34605848,4,4,12,4,49,16,12,20,20,20260807,5,1,1,1,0,0,0,6653,0.277208,1,0.0015,0
2897,27712.8,8,0,2.58046,5.12204,0,0,0,7.7025,361,361,0,1,1.80238,1.80238,1971,388,5,1288,0,0,0,0,0,3655,4587.37,1.0905,23.2045,584359,184,55262,2234,1715218,736,221048,8936,32,4,867412,1712166,27757184,6848664,34605848,4,4,12,4,49,16,12,20,20,20260807,5,1,1,1,0,0,0,6653,0.277208,1,0.0015,0
2898,27720.5,7,0,2.39779,5.20383,0,0,0,7.60163,361,361,0,1,1.80238,1.80238,1971,388,5,1288,0,0,0,0,0,3655,4587.37,1.0905,23.2045,584359,184,55262,2234,1715218,736,221048,8936,32,4,867412,1712166,27757184,6848664,34605848,4,4,12,4,49,16,12,20,20,20260807,5,1,1,1,0,0,0,6653,0.277208,1,0.0015,0
2899,27730.6,10,0,2.42133,7.576,0,0,0,9.99733,361,361,0,1,1.80238,1.80238,1971,388,5,1288,0,0,0,0,0,3655,4587.37,1.0905,23.2045,584359,184,55262,2234,1715218,736,221048,8936,32,4,867412,1712166,27757184,6848664,34605848,4,4,12,4,49,16,12,20,20,20260807,5,1,1,1,0,0,0,6653,0.277208,1,0.0015,0
2900,27738.3,8,0,2.55042,5.03567,0,0,0,7.58608,361,361,0,1,1.80238,1.80238,1971,388,5,1288,0,0,0,0,0,3655,4587.37,1.0905,23.2045,584359,184,55262,2234,1715218,736,221048,8936,32,4,867412,1712166,27757184,6848664,34605848,4,4,12,4,49,16,12,20,20,20260807,5,1,1,1,0,0,0,6653,0.277208,1,0.0015,0
2901,27746.5,8,0,2.66954,5.53146,0,0,0,8.201,361,361,0,1,1.80238,1.80238,1971,388,5,1288,0,0,0,0,0,3655,4587.37,1.0905,23.2045,584359,184,55262,2234,1715218,736,221048,8936,32,4,867412,1712166,27757184,6848664,34605848,4,4,12,4,49,16,12,20,20,20260807,5,1,1,1,0,0,0,6654,0.27725,1,0.0015,1
2902,27754.3,8,0,2.4605,5.23183,0,0,0,7.69233,361,361,0,1,1.80238,1.80238,1971,388,5,1288,0,0,0,0,0,3655,4587.37,1.0905,23.2045,584359,184,55262,2234,1715218,736,221048,8936,32,4,867412,1712166,27757184,6848664,34605848,4,4,12,4,49,16,12,20,20,20260807,5,1,1,1,0,0,0,6654,0.27725,1,0.0015,0
2903,27763.3,9,0,2.46496,6.4905,0,0,0,8.95546,361,361,0,1,1.80238,1.80238,1971,388,5,1288,0,0,0,0,0,3655,4587.37,1.0905,23.2045,584359,184,55262,2234,1715218,736,221048,8936,32,4,867412,1712166,27757184,6848664,34605848,4,4,12,4,49,16,12,20,20,20260807,5,1,1,1,0,0,0,6654,0.27725,1,0.0015,0
2904,27771.2,8,0,2.37579,5.344,0,0,0,7.71979,361,361,0,1,1.80238,1.80238,1971,388,5,1288,0,0,0,0,0,3655,4587.37,1.0905,23.2045,584359,184,55262,2234,1715218,736,221048,8936,32,4,867412,1712166,27757184,6848664,34605848,4,4,12,4,49,16,12,20,20,20260807,5,1,1,1,0,0,0,6654,0.27725,1,0.0015,0
2905,27779.8,9,0,3.39567,5.11629,0,0,0,8.51196,361,361,0,1,1.80238,1.80238,1971,388,5,1288,0,0,0,0,0,3655,4587.37,1.0905,23.2045,584359,184,55262,2234,1715218,736,221048,8936,32,4,867412,1712166,27757184,6848664,34605848,4,4,12,4,49,16,12,20,20,20260807,5,1,1,1,0,0,0,6654,0.27725,1,0.0015,0
2906,27787.5,7,0,2.43679,5.21567,0,0,0,7.65246,361,361,0,1,1.80238,1.80238,1971,388,5,1288,0,0,0,0,0,3655,4587.37,1.0905,23.2045,584359,184,55262,2234,1715218,736,221048,8936,32,4,867412,1712166,27757184,6848664,34605848,4,4,12,4,49,16,12,20,20,20260807,5,1,1,1,0,0,0,6654,0.27725,1,0.0015,0
2907,27796.2,9,0,2.53942,6.03529,0,0,0,8.57471,361,361,0,1,1.80238,1.80238,1971,388,5,1288,0,0,0,0,0,3655,4587.37,1.0905,23.2045,584359,184,55262,2234,1715218,736,221048,8936,32,4,867412,1712166,27757184,6848664,34605848,4,4,12,4,49,16,12,20,20,20260807,5,1,1,1,0,0,0,6655,0.277292,1,0.0015,1
2908,27803,7,0,2.36629,4.38729,0,0,0,6.75358,361,361,0,1,1.80238,1.80238,1971,388,5,1288,0,0,0,0,0,3655,4587.37,1.0905,23.2045,584359,184,55262,2234,1715218,736,221048,8936,32,4,867412,1712166,27757184,6848664,34605848,4,4,12,4,49,16,12,20,20,20260807,5,1,1,1,0,0,0,6655,0.277292,1,0.0015,0
2909,27813.7,10,0,2.40229,8.16221,0,0,0,10.5645,361,361,0,1,1.80238,1.80238,1971,388,5,1288,0,0,0,0,0,3655,4587.37,1.0905,23.2045,584359,184,55262,2234,1715218,736,221048,8936,32,4,867412,1712166,27757184,6848664,34605848,4,4,12,4,49,16,12,20,20,20260807,5,1,1,1,0,0,0,6655,0.277292,1,0.0015,0
2910,27820.9,8,0,2.55621,4.60921,0,0,0,7.16542,361,361,0,1,1.80238,1.80238,1971,388,5,1288,0,0,0,0,0,3655,4587.37,1.0905,23.2045,584359,184,55262,2234,1715218,736,221048,8936,32,4,867412,1712166,27757184,6848664,34605848,4,4,12,4,49,16,12,20,20,20260807,5,1,1,1,0,0,0,6655,0.277292,1,0.0015,0
2911,27829.8,9,0,2.21321,6.55079,0,0,0,8.764,361,361,0,1,1.80238,1.80238,1971,388,5,1288,0,0,0,0,0,3655,4587.37,1.0905,23.2045,584359,184,55262,2234,1715218,736,221048,8936,32,4,867412,1712166,27757184,6848664,34605848,4,4,12,4,49,16,12,20,20,20260807,5,1,1,1,0,0,0,6655,0.277292,1,0.0015,0
2912,27836.4,6,0,2.31717,4.1855,0,0,0,6.50267,361,361,0,1,1.80238,1.80238,1971,388,5,1288,0,0,0,0,0,3655,4587.37,1.0905,23.2045,584359,184,55262,2234,1715218,736,221048,8936,32,4,867412,1712166,27757184,6848664,34605848,4,4,12,4,49,16,12,20,20,20260807,5,1,1,1,0,0,0,6655,0.277292,1,0.0015,0
2913,27845.9,10,0,2.28633,7.21625,0,0,0,9.50258,361,361,0,1,1.80238,1.80238,1971,388,5,1288,0,0,0,0,0,3655,4587.37,1.0905,23.2045,584359,184,55262,2234,1715218,736,221048,8936,32,4,867412,1712166,27757184,6848664,34605848,4,4,12,4,49,16,12,20,20,20260807,5,1,1,1,0,0,0,6656,0.277333,1,0.0015,1
2914,27853.4,7,0,2.97517,4.42317,0,0,0,7.39833,361,361,0,1,1.80238,1.80238,1971,388,5,1288,0,0,0,0,0,3655,4587.37,1.0905,23.2045,584359,184,55262,2234,1715218,736,221048,8936,32,4,867412,1712166,27757184,6848664,34605848,4,4,12,4,49,16,12,20,20,20260807,5,1,1,1,0,0,0,6656,0.277333,1,0.0015,0
2915,27862.4,9,0,2.3345,6.58563,0,0,0,8.92013,361,361,0,1,1.80238,1.80238,1971,388,5,1288,0,0,0,0,0,3655,4587.37,1.0905,23.2045,584359,184,55262,2234,1715218,736,221048,8936,32,4,867412,1712166,27757184,6848664,34605848,4,4,12,4,49,16,12,20,20,20260807,5,1,1,1,0,0,0,6656,0.277333,1,0.0015,0
2916,27870.2,8,0,2.41308,5.25875,0,0,0,7.67183,361,361,0,1,1.80238,1.80238,1971,388,5,1288,0,0,0,0,0,3655,4587.37,1.0905,23.2045,584359,184,55262,2234,1715218,736,221048,8936,32,4,867412,1712166,27757184,6848664,34605848,4,4,12,4,49,16,12,20,20,20260807,5,1,1,1,0,0,0,6656,0.277333,1,0.0015,0
2917,27879.7,9,0,2.26329,7.16763,0,0,0,9.43092,361,361,0,1,1.80238,1.80238,1971,388,5,1288,0,0,0,0,0,3655,4587.37,1.0905,23.2045,584359,184,55262,2234,1715218,736,221048,8936,32,4,867412,1712166,27757184,6848664,34605848,4,4,12,4,49,16,12,20,20,20260807,5,1,1,1,0,0,0,6656,0.277333,1,0.0015,0
2918,27886.8,8,0,2.59029,4.43133,0,0,0,7.02163,361,361,0,1,1.80238,1.80238,1971,388,5,1288,0,0,0,0,0,3655,4587.37,1.0905,23.2045,584359,184,55262,2234,1715218,736,221048,8936,32,4,867412,1712166,27757184,6848664,34605848,4,4,12,4,49,16,12,20,20,20260807,5,1,1,1,0,0,0,6656,0.277333,1,0.0015,0
2919,27896.2,9,0,2.33492,6.96879,0,0,0,9.30371,361,361,0,1,1.80238,1.80238,1971,388,5,1288,0,0,0,0,0,3655,4587.37,1.0905,23.2045,584359,184,55262,2234,1715218,736,221048,8936,32,4,867412,1712166,27757184,6848664,34605848,4,4,12,4,49,16,12,20,20,20260807,5,1,1,1,0,0,0,6657,0.277375,1,0.0015,1
2920,27903.5,7,0,2.49208,4.673,0,0,0,7.16508,361,361,0,1,1.80238,1.80238,1971,388,5,1288,0,0,0,0,0,3655,4587.37,1.0905,23.2045,584359,184,55262,2234,1715218,736,221048,8936,32,4,867412,1712166,27757184,6848664,34605848,4,4,12,4,49,16,12,20,20,20260807,5,1,1,1,0,0,0,6657,0.277375,1,0.0015,0
2921,27912.8,10,0,2.71992,6.58317,0,0,0,9.30308,361,361,0,1,1.80238,1.80238,1971,388,5,1288,0,0,0,0,0,3655,4587.37,1.0905,23.2045,584359,184,55262,2234,1715218,736,221048,8936,32,4,867412,1712166,27757184,6848664,34605848,4,4,12,4,49,16,12,20,20,20260807,5,1,1,1,0,0,0,6657,0.277375,1,0.0015,0
2922,27920.3,7,0,2.81212,4.5785,0,0,0,7.39062,361,361,0,1,1.80238,1.80238,1971,388,5,1288,0,0,0,0,0,3655,4587.37,1.0905,23.2045,584359,184,55262,2234,1715218,736,221048,8936,32,4,867412,1712166,27757184,6848664,34605848,4,4,12,4,49,16,12,20,20,20260807,5,1,1,1,0,0,0,6657,0.277375,1,0.0015,0
2923,27930.5,10,0,2.53354,7.57763,0,0,0,10.1112,361,361,0,1,1.80238,1.80238,1971,388,5,1288,0,0,0,0,0,3655,4587.37,1.0905,23.2045,584359,184,55262,2234,1715218,736,221048,8936,32,4,867412,1712166,27757184,6848664,34605848,4,4,12,4,49,16,12,20,20,20260807,5,1,1,1,0,0,0,6657,0.277375,1,0.0015,0
2924,27937.8,8,0,2.46279,4.68979,0,0,0,7.15258,361,361,0,1,1.80238,1.80238,1971,388,5,1288,0,0,0,0,0,3655,4587.37,1.0905,23.2045,584359,184,55262,2234,1715218,736,221048,8936,32,4,867412,1712166,27757184,6848664,34605848,4,4,12,4,49,16,12,20,20,20260807,5,1,1,1,0,0,0,6657,0.277375,1,0.0015,0
2925,27948.2,10,0,2.36,7.94533,0,0,0,10.3053,361,361,0,1,1.80238,1.80238,1971,388,5,1288,0,0,0,0,0,3655,4587.37,1.0905,23.2045,584359,184,55262,2234,1715218,736,221048,8936,32,4,867412,1712166,27757184,6848664,34605848,4,4,12,4,49,16,12,20,20,20260807,5,1,1,1,0,0,0,6658,0.277417,1,0.0015,1
2926,27963.5,15,0,2.60871,12.6008,0,0,0,15.2095,361,361,0,1,1.80238,1.80238,1971,388,5,1288,0,0,0,0,0,3655,4587.37,1.0905,23.2045,584359,184,55262,2234,1715218,736,221048,8936,32,4,867412,1712166,27757184,6848664,34605848,4,4,12,4,49,16,12,20,20,20260807,5,1,1,1,0,0,0,6658,0.277417,1,0.0015,0
2927,27971.2,8,0,2.51746,5.113,0,0,0,7.63046,361,361,0,1,1.80238,1.80238,1971,388,5,1288,0,0,0,0,0,3655,4587.37,1.0905,23.2045,584359,184,55262,2234,1715218,736,221048,8936,32,4,867412,1712166,27757184,6848664,34605848,4,4,12,4,49,16,12,20,20,20260807,5,1,1,1,0,0,0,6658,0.277417,1,0.0015,0
2928,27979.9,9,0,2.46325,6.18829,0,0,0,8.65154,361,361,0,1,1.80238,1.80238,1971,388,5,1288,0,0,0,0,0,3655,4587.37,1.0905,23.2045,584359,184,55262,2234,1715218,736,221048,8936,32,4,867412,1712166,27757184,6848664,34605848,4,4,12,4,49,16,12,20,20,20260807,5,1,1,1,0,0,0,6658,0.277417,1,0.0015,0
2929,27987.6,7,0,2.52258,5.05283,0,0,0,7.57542,361,361,0,1,1.80238,1.80238,1971,388,5,1288,0,0,0,0,0,3655,4587.37,1.0905,23.2045,584359,184,55262,2234,1715218,736,221048,8936,32,4,867412,1712166,27757184,6848664,34605848,4,4,12,4,49,16,12,20,20,20260807,5,1,1,1,0,0,0,6658,0.277417,1,0.0015,0
2930,27996.6,9,0,2.63313,6.27738,0,0,0,8.9105,361,361,0,1,1.80238,1.80238,1971,388,5,1288,0,0,0,0,0,3655,4587.37,1.0905,23.2045,584359,184,55262,2234,1715218,736,221048,8936,32,4,867412,1712166,27757184,6848664,34605848,4,4,12,4,49,16,12,20,20,20260807,5,1,1,1,0,0,0,6659,0.277458,1,0.0015,1
2931,28004.4,8,0,2.40696,5.35304,0,0,0,7.76,361,361,0,1,1.80238,1.80238,1971,388,5,1288,0,0,0,0,0,3655,4587.37,1.0905,23.2045,584359,184,55262,2234,1715218,736,221048,8936,32,4,867412,1712166,27757184,6848664,34605848,4,4,12,4,49,16,12,20,20,20260807,5,1,1,1,0,0,0,6659,0.277458,1,0.0015,0
2932,28012.4,8,0,2.32783,5.55442,0,0,0,7.88225,361,361,0,1,1.80238,1.80238,1971,388,5,1288,0,0,0,0,0,3655,4587.37,1.0905,23.2045,584359,184,55262,2234,1715218,736,221048,8936,32,4,867412,1712166,27757184,6848664,34605848,4,4,12,4,49,16,12,20,20,20260807,5,1,1,1,0,0,0,6659,0.277458,1,0.0015,0
2933,28019.4,7,0,2.31017,4.55863,0,0,0,6.86879,361,361,0,1,1.80238,1.80238,1971,388,5,1288,0,0,0,0,0,3655,4587.37,1.0905,23.2045,584359,184,55262,2234,1715218,736,221048,8936,32,4,867412,1712166,27757184,6848664,34605848,4,4,12,4,49,16,12,20,20,20260807,5,1,1,1,0,0,0,6659,0.277458,1,0.0015,0
2934,28030.3,11,0,2.58087,8.25046,0,0,0,10.8313,361,361,0,1,1.80238,1.80238,1971,388,5,1288,0,0,0,0,0,3655,4587.37,1.0905,23.2045,584359,184,55262,2234,1715218,736,221048,8936,32,4,867412,1712166,27757184,6848664,34605848,4,4,12,4,49,16,12,20,20,20260807,5,1,1,1,0,0,0,6659,0.277458,1,0.0015,0
2935,28037.9,8,0,2.63846,4.84987,0,0,0,7.48833,361,361,0,1,1.80238,1.80238,1971,388,5,1288,0,0,0,0,0,3655,4587.37,1.0905,23.2045,584359,184,55262,2234,1715218,736,221048,8936,32,4,867412,1712166,27757184,6848664,34605848,4,4,12,4,49,16,12,20,20,20260807,5,1,1,1,0,0,0,6659,0.277458,1,0.0015,0
2936,28046.4,8,0,2.349,6.08838,0,0,0,8.43737,361,361,0,1,1.80238,1.80238,1971,388,5,1288,0,0,0,0,0,3655,4587.37,1.0905,23.2045,584359,184,55262,2234,1715218,736,221048,8936,32,4,867412,1712166,27757184,6848664,34605848,4,4,12,4,49,16,12,20,20,20260807,5,1,1,1,0,0,0,6660,0.2775,1,0.0015,1
2937,28054,8,0,2.65292,4.88125,0,0,0,7.53417,361,361,0,1,1.80238,1.80238,1971,388,5,1288,0,0,0,0,0,3655,4587.37,1.0905,23.2045,584359,184,55262,2234,1715218,736,221048,8936,32,4,867412,1712166,27757184,6848664,34605848,4,4,12,4,49,16,12,20,20,20260807,5,1,1,1,0,0,0,6660,0.2775,1,0.0015,0
2938,28063.1,9,0,2.35142,6.70033,0,0,0,9.05175,361,361,0,1,1.80238,1.80238,1971,388,5,1288,0,0,0,0,0,3655,4587.37,1.0905,23.2045,584359,184,55262,2234,1715218,736,221048,8936,32,4,867412,1712166,27757184,6848664,34605848,4,4,12,4,49,16,12,20,20,20260807,5,1,1,1,0,0,0,6660,0.2775,1,0.0015,0
2939,28070.8,8,0,2.37933,5.20242,0,0,0,7.58175,361,361,0,1,1.80238,1.80238,1971,388,5,1288,0,0,0,0,0,3655,4587.37,1.0905,23.2045,584359,184,55262,2234,1715218,736,221048,8936,32,4,867412,1712166,27757184,6848664,34605848,4,4,12,4,49,16,12,20,20,20260807,5,1,1,1,0,0,0,6660,0.2775,1,0.0015,0
2940,28080.8,10,0,2.65604,7.23217,0,0,0,9.88821,361,361,0,1,1.80238,1.80238,1971,388,5,1288,0,0,0,0,0,3655,4587.37,1.0905,23.2045,584359,184,55262,2234,1715218,736,221048,8936,32,4,867412,1712166,27757184,6848664,34605848,4,4,12,4,49,16,12,20,20,20260807,5,1,1,1,0,0,0,6660,0.2775,1,0.0015,0
2941,28096.2,15,0,2.31346,13.0268,0,0,0,15.3403,361,361,0,1,1.80238,1.80238,1971,388,5,1288,0,0,0,0,0,3655,4587.37,1.0905,23.2045,584359,184,55262,2234,1715218,736,221048,8936,32,4,867412,1712166,27757184,6848664,34605848,4,4,12,4,49,16,12,20,20,20260807,5,1,1,1,0,0,0,6660,0.2775,1,0.0015,0
2942,28103.2,7,0,2.2915,4.59067,0,0,0,6.88217,361,361,0,1,1.80238,1.80238,1971,388,5,1288,0,0,0,0,0,3655,4587.37,1.0905,23.2045,584359,184,55262,2234,1715218,736,221048,8936,32,4,867412,1712166,27757184,6848664,34605848,4,4,12,4,49,16,12,20,20,20260807,5,1,1,1,0,0,0,6661,0.277542,1,0.0015,1
2943,28112.5,9,0,2.45979,6.75442,0,0,0,9.21421,361,361,0,1,1.80238,1.80238,1971,388,5,1288,0,0,0,0,0,3655,4587.37,1.0905,23.2045,584359,184,55262,2234,1715218,736,221048,8936,32,4,867412,1712166,27757184,6848664,34605848,4,4,12,4,49,16,12,20,20,20260807,5,1,1,1,0,0,0,6661,0.277542,1,0.0015,0
2944,28119.5,7,0,2.31529,4.56967,0,0,0,6.88496,361,361,0,1,1.80238,1.80238,1971,388,5,1288,0,0,0,0,0,3655,4587.37,1.0905,23.2045,584359,184,55262,2234,1715218,736,221048,8936,32,4,867412,1712166,27757184,6848664,34605848,4,4,12,4,49,16,12,20,20,20260807,5,1,1,1,0,0,0,6661,0.277542,1,0.0015,0
2945,28129.4,10,0,2.24917,7.61858,0,0,0,9.86775,361,361,0,1,1.80238,1.80238,1971,388,5,1288,0,0,0,0,0,3655,4587.37,1.0905,23.2045,584359,184,55262,2234,1715218,736,221048,8936,32,4,867412,1712166,27757184,6848664,34605848,4,4,12,4,49,16,12,20,20,20260807,5,1,1,1,0,0,0,6661,0.277542,1,0.0015,0
2946,28137,8,0,2.41525,5.06504,0,0,0,7.48029,361,361,0,1,1.80238,1.80238,1971,388,5,1288,0,0,0,0,0,3655,4587.37,1.0905,23.2045,584359,184,55262,2234,1715218,736,221048,8936,32,4,867412,1712166,27757184,6848664,34605848,4,4,12,4,49,16,12,20,20,20260807,5,1,1,1,0,0,0,6661,0.277542,1,0.0015,0
2947,28146.4,9,0,2.28483,7.07104,0,0,0,9.35587,361,361,0,1,1.80238,1.80238,1971,388,5,1288,0,0,0,0,0,3655,4587.37,1.0905,23.2045,584359,184,55262,2234,1715218,736,221048,8936,32,4,867412,1712166,27757184,6848664,34605848,4,4,12,4,49,16,12,20,20,20260807,5,1,1,1,0,0,0,6662,0.277583,1,0.0015,1
2948,28154.3,8,0,2.48413,5.27433,0,0,0,7.75846,361,361,0,1,1.80238,1.80238,1971,388,5,1288,0,0,0,0,0,3655,4587.37,1.0905,23.2045,584359,184,55262,2234,1715218,736,221048,8936,32,4,867412,1712166,27757184,6848664,34605848,4,4,12,4,49,16,12,20,20,20260807,5,1,1,1,0,0,0,6662,0.277583,1,0.0015,0
2949,28162.7,8,0,2.5445,5.78992,0,0,0,8.33442,361,361,0,1,1.80238,1.80238,1971,388,5,1288,0,0,0,0,0,3655,4587.37,1.0905,23.2045,584359,184,55262,2234,1715218,736,221048,8936,32,4,867412,1712166,27757184,6848664,34605848,4,4,12,4,49,16,12,20,20,20260807,5,1,1,1,0,0,0,6662,0.277583,1,0.0015,0
2950,28170.1,8,0,2.81242,4.53346,0,0,0,7.34588,361,361,0,1,1.80238,1.80238,1971,388,5,1288,0,0,0,0,0,3655,4587.37,1.0905,23.2045,584359,184,55262,2234,1715218,736,221048,8936,32,4,867412,1712166,27757184,6848664,34605848,4,4,12,4,49,16,12,20,20,20260807,5,1,1,1,0,0,0,6662,0.277583,1,0.0015,0
2951,28179.1,9,0,2.41787,6.454,0,0,0,8.87187,361,361,0,1,1.80238,1.80238,1971,388,5,1288,0,0,0,0,0,3655,4587.37,1.0905,23.2045,584359,184,55262,2234,1715218,736,221048,8936,32,4,867412,1712166,27757184,6848664,34605848,4,4,12,4,49,16,12,20,20,20260807,5,1,1,1,0,0,0,6662,0.277583,1,0.0015,0
2952,28185.6,6,0,2.35588,4.0555,0,0,0,6.41137,361,361,0,1,1.80238,1.80238,1971,388,5,1288,0,0,0,0,0,3655,4587.37,1.0905,23.2045,584359,184,55262,2234,1715218,736,221048,8936,32,4,867412,1712166,27757184,6848664,34605848,4,4,12,4,49,16,12,20,20,20260807,5,1,1,1,0,0,0,6662,0.277583,1,0.0015,0
2953,28196.3,11,0,2.41821,8.20871,0,0,0,10.6269,361,361,0,1,1.80238,1.80238,1971,388,5,1288,0,0,0,0,0,3655,4587.37,1.0905,23.2045,584359,184,55262,2234,1715218,736,221048,8936,32,4,867412,1712166,27757184,6848664,34605848,4,4,12,4,49,16,12,20,20,20260807,5,1,1,1,0,0,0,6663,0.277625,1,0.0015,1
2954,28203.9,8,0,2.472,4.98417,0,0,0,7.45617,361,361,0,1,1.80238,1.80238,1971,388,5,1288,0,0,0,0,0,3655,4587.37,1.0905,23.2045,584359,184,55262,2234,1715218,736,221048,8936,32,4,867412,1712166,27757184,6848664,34605848,4,4,12,4,49,16,12,20,20,20260807,5,1,1,1,0,0,0,6663,0.277625,1,0.0015,0
2955,28214.5,10,0,2.40158,8.10063,0,0,0,10.5022,361,361,0,1,1.80238,1.80238,1971,388,5,1288,0,0,0,0,0,3655,4587.37,1.0905,23.2045,584359,184,55262,2234,1715218,736,221048,8936,32,4,867412,1712166,27757184,6848664,34605848,4,4,12,4,49,16,12,20,20,20260807,5,1,1,1,0,0,0,6663,0.277625,1,0.0015,0
2956,28221.4,7,0,2.44625,4.44654,0,0,0,6.89279,361,361,0,1,1.80238,1.80238,1971,388,5,1288,0,0,0,0,0,3655,4587.37,1.0905,23.2045,584359,184,55262,2234,1715218,736,221048,8936,32,4,867412,1712166,27757184,6848664,34605848,4,4,12,4,49,16,12,20,20,20260807,5,1,1,1,0,0,0,6663,0.277625,1,0.0015,0
2957,28229.7,8,0,2.44833,5.70492,0,0,0,8.15325,361,361,0,1,1.80238,1.80238,1971,388,5,1288,0,0,0,0,0,3655,4587.37,1.0905,23.2045,584359,184,55262,2234,1715218,736,221048,8936,32,4,867412,1712166,27757184,6848664,34605848,4,4,12,4,49,16,12,20,20,20260807,5,1,1,1,0,0,0,6663,0.277625,1,0.0015,0
2958,28236.4,7,0,2.44787,4.20671,0,0,0,6.65458,361,361,0,1,1.80238,1.80238,1971,388,5,1288,0,0,0,0,0,3655,4587.37,1.0905,23.2045,584359,184,55262,2234,1715218,736,221048,8936,32,4,867412,1712166,27757184,6848664,34605848,4,4,12,4,49,16,12,20,20,20260807,5,1,1,1,0,0,0,6663,0.277625,1,0.0015,0
2959,28247.3,11,0,2.44558,8.39579,0,0,0,10.8414,361,361,0,1,1.80238,1.80238,1971,388,5,1288,0,0,0,0,0,3655,4587.37,1.0905,23.2045,584359,184,55262,2234,1715218,736,221048,8936,32,4,867412,1712166,27757184,6848664,34605848,4,4,12,4,49,16,12,20,20,20260807,5,1,1,1,0,0,0,6664,0.277667,1,0.0015,1
2960,28254.2,7,0,2.47442,4.318,0,0,0,6.79242,361,361,0,1,1.80238,1.80238,1971,388,5,1288,0,0,0,0,0,3655,4587.37,1.0905,23.2045,584359,184,55262,2234,1715218,736,221048,8936,32,4,867412,1712166,27757184,6848664,34605848,4,4,12,4,49,16,12,20,20,20260807,5,1,1,1,0,0,0,6664,0.277667,1,0.0015,0
2961,28265.8,12,0,2.46171,9.07013,0,0,0,11.5318,361,361,0,1,1.80238,1.80238,1971,388,5,1288,0,0,0,0,0,3655,4587.37,1.0905,23.2045,584359,184,55262,2234,1715218,736,221048,8936,32,4,867412,1712166,27757184,6848664,34605848,4,4,12,4,49,16,12,20,20,20260807,5,1,1,1,0,0,0,6664,0.277667,1,0.0015,0
2962,28279.8,14,0,2.61696,11.214,0,0,0,13.831,361,361,0,1,1.80238,1.80238,1971,388,5,1288,0,0,0,0,0,3655,4587.37,1.0905,23.2045,584359,184,55262,2234,1715218,736,221048,8936,32,4,867412,1712166,27757184,6848664,34605848,4,4,12,4,49,16,12,20,20,20260807,5,1,1,1,0,0,0,6664,0.277667,1,0.0015,0
2963,28286.8,7,0,2.54521,4.42721,0,0,0,6.97242,361,361,0,1,1.80238,1.80238,1971,388,5,1288,0,0,0,0,0,3655,4587.37,1.0905,23.2045,584359,184,55262,2234,1715218,736,221048,8936,32,4,867412,1712166,27757184,6848664,34605848,4,4,12,4,49,16,12,20,20,20260807,5,1,1,1,0,0,0,6664,0.277667,1,0.0015,0
2964,28296.5,9,0,2.37862,7.18946,0,0,0,9.56808,361,361,0,1,1.80238,1.80238,1971,388,5,1288,0,0,0,0,0,3655,4587.37,1.0905,23.2045,584359,184,55262,2234,1715218,736,221048,8936,32,4,867412,1712166,27757184,6848664,34605848,4,4,12,4,49,16,12,20,20,20260807,5,1,1,1,0,0,0,6665,0.277708,1,0.0015,1
2965,28303.8,8,0,2.54467,4.70146,0,0,0,7.24613,361,361,0,1,1.80238,1.80238,1971,388,5,1288,0,0,0,0,0,3655,4587.37,1.0905,23.2045,584359,184,55262,2234,1715218,736,221048,8936,32,4,867412,1712166,27757184,6848664,34605848,4,4,12,4,49,16,12,20,20,20260807,5,1,1,1,0,0,0,6665,0.277708,1,0.0015,0
2966,28313.6,9,0,2.573,7.15675,0,0,0,9.72975,361,361,0,1,1.80238,1.80238,1971,388,5,1288,0,0,0,0,0,3655,4587.37,1.0905,23.2045,584359,184,55262,2234,1715218,736,221048,8936,32,4,867412,1712166,27757184,6848664,34605848,4,4,12,4,49,16,12,20,20,20260807,5,1,1,1,0,0,0,6665,0.277708,1,0.0015,0
2967,28330.4,17,0,2.74092,13.9008,0,0,0,16.6417,361,361,0,1,1.80238,1.80238,1971,388,5,1288,0,0,0,0,0,3655,4587.37,1.0905,23.2045,584359,184,55262,2234,1715218,736,221048,8936,32,4,867412,1712166,27757184,6848664,34605848,4,4,12,4,49,16,12,20,20,20260807,5,1,1,1,0,0,0,6665,0.277708,1,0.0015,0
2968,28338,8,0,2.45267,5.07225,0,0,0,7.52492,361,361,0,1,1.80238,1.80238,1971,388,5,1288,0,0,0,0,0,3655,4587.37,1.0905,23.2045,584359,184,55262,2234,1715218,736,221048,8936,32,4,867412,1712166,27757184,6848664,34605848,4,4,12,4,49,16,12,20,20,20260807,5,1,1,1,0,0,0,6665,0.277708,1,0.0015,0
2969,28346.7,8,0,2.542,6.05346,0,0,0,8.59546,361,361,0,1,1.80238,1.80238,1971,388,5,1288,0,0,0,0,0,3655,4587.37,1.0905,23.2045,584359,184,55262,2234,1715218,736,221048,8936,32,4,867412,1712166,27757184,6848664,34605848,4,4,12,4,49,16,12,20,20,20260807,5,1,1,1,0,0,0,6666,0.27775,1,0.0015,1
2970,28354,8,0,2.62958,4.63737,0,0,0,7.26696,361,361,0,1,1.80238,1.80238,1971,388,5,1288,0,0,0,0,0,3655,4587.37,1.0905,23.2045,584359,184,55262,2234,1715218,736,221048,8936,32,4,867412,1712166,27757184,6848664,34605848,4,4,12,4,49,16,12,20,20,20260807,5,1,1,1,0,0,0,6666,0.27775,1,0.0015,0
2971,28364.1,10,0,2.39208,7.64604,0,0,0,10.0381,361,361,0,1,1.80238,1.80238,1971,388,5,1288,0,0,0,0,0,3655,4587.37,1.0905,23.2045,584359,184,55262,2234,1715218,736,221048,8936,32,4,867412,1712166,27757184,6848664,34605848,4,4,12,4,49,16,12,20,20,20260807,5,1,1,1,0,0,0,6666,0.27775,1,0.0015,0
2972,28371,7,0,2.33462,4.4855,0,0,0,6.82012,361,361,0,1,1.80238,1.80238,1971,388,5,1288,0,0,0,0,0,3655,4587.37,1.0905,23.2045,584359,184,55262,2234,1715218,736,221048,8936,32,4,867412,1712166,27757184,6848664,34605848,4,4,12,4,49,16,12,20,20,20260807,5,1,1,1,0,0,0,6666,0.27775,1,0.0015,0
2973,28380.4,9,0,2.57254,6.6675,0,0,0,9.24004,361,361,0,1,1.80238,1.80238,1971,388,5,1288,0,0,0,0,0,3655,4587.37,1.0905,23.2045,584359,184,55262,2234,1715218,736,221048,8936,32,4,867412,1712166,27757184,6848664,34605848,4,4,12,4,49,16,12,20,20,20260807,5,1,1,1,0,0,0,6666,0.27775,1,0.0015,0
2974,28387.6,7,0,2.42779,4.66658,0,0,0,7.09438,361,361,0,1,1.80238,1.80238,1971,388,5,1288,0,0,0,0,0,3655,4587.37,1.0905,23.2045,584359,184,55262,2234,1715218,736,221048,8936,32,4,867412,1712166,27757184,6848664,34605848,4,4,12,4,49,16,12,20,20,20260807,5,1,1,1,0,0,0,6666,0.27775,1,0.0015,0
2975,28396.6,9,0,2.40658,6.59083,0,0,0,8.99742,361,361,0,1,1.80238,1.80238,1971,388,5,1288,0,0,0,0,0,3655,4587.37,1.0905,23.2045,584359,184,55262,2234,1715218,736,221048,8936,32,4,867412,1712166,27757184,6848664,34605848,4,4,12,4,49,16,12,20,20,20260807,5,1,1,1,0,0,0,6667,0.277792,1,0.0015,1
2976,28403.8,8,0,2.28242,4.76762,0,0,0,7.05004,361,361,0,1,1.80238,1.80238,1971,388,5,1288,0,0,0,0,0,3655,4587.37,1.0905,23.2045,584359,184,55262,2234,1715218,736,221048,8936,32,4,867412,1712166,27757184,6848664,34605848,4,4,12,4,49,16,12,20,20,20260807,5,1,1,1,0,0,0,6667,0.277792,1,0.0015,0
2977,28413.6,9,0,2.57317,7.18358,0,0,0,9.75675,361,361,0,1,1.80238,1.80238,1971,388,5,1288,0,0,0,0,0,3655,4587.37,1.0905,23.2045,584359,184,55262,2234,1715218,736,221048,8936,32,4,867412,1712166,27757184,6848664,34605848,4,4,12,4,49,16,12,20,20,20260807,5,1,1,1,0,0,0,6667,0.277792,1,0.0015,0
2978,28422.2,9,0,2.57104,5.915,0,0,0,8.48604,361,361,0,1,1.80238,1.80238,1971,388,5,1288,0,0,0,0,0,3655,4587.37,1.0905,23.2045,584359,184,55262,2234,1715218,736,221048,8936,32,4,867412,1712166,27757184,6848664,34605848,4,4,12,4,49,16,12,20,20,20260807,5,1,1,1,0,0,0,6667,0.277792,1,0.0015,0
2979,28431,9,0,2.37087,6.35425,0,0,0,8.72513,361,361,0,1,1.80238,1.80238,1971,388,5,1288,0,0,0,0,0,3655,4587.37,1.0905,23.2045,584359,184,55262,2234,1715218,736,221048,8936,32,4,867412,1712166,27757184,6848664,34605848,4,4,12,4,49,16,12,20,20,20260807,5,1,1,1,0,0,0,6667,0.277792,1,0.0015,0
2980,28438,7,0,2.50483,4.36379,0,0,0,6.86862,361,361,0,1,1.80238,1.80238,1971,388,5,1288,0,0,0,0,0,3655,4587.37,1.0905,23.2045,584359,184,55262,2234,1715218,736,221048,8936,32,4,867412,1712166,27757184,6848664,34605848,4,4,12,4,49,16,12,20,20,20260807,5,1,1,1,0,0,0,6667,0.277792,1,0.0015,0
2981,28452.2,14,0,2.52,4.85333,0,0,0,7.37333,361,361,0,1,1.80238,1.80238,1971,388,5,1288,0,0,0,0,0,3655,4587.37,1.0905,23.2045,584359,184,55262,2234,1715218,736,221048,8936,32,4,867412,1712166,27757184,6848664,34605848,4,4,12,4,49,16,12,20,20,20260807,5,1,1,1,0,0,0,6668,0.277833,1,0.0015,1
2982,28460.1,8,0,2.83383,5.05383,0,0,0,7.88767,361,361,0,1,1.80238,1.80238,1971,388,5,1288,0,0,0,0,0,3655,4587.37,1.0905,23.2045,584359,184,55262,2234,1715218,736,221048,8936,32,4,867412,1712166,27757184,6848664,34605848,4,4,12,4,49,16,12,20,20,20260807,5,1,1,1,0,0,0,6668,0.277833,1,0.0015,0
2983,28467,6,0,2.57525,4.25192,0,0,0,6.82717,361,361,0,1,1.80238,1.80238,1971,388,5,1288,0,0,0,0,0,3655,4587.37,1.0905,23.2045,584359,184,55262,2234,1715218,736,221048,8936,32,4,867412,1712166,27757184,6848664,34605848,4,4,12,4,49,16,12,20,20,20260807,5,1,1,1,0,0,0,6668,0.277833,1,0.0015,0
2984,28480.1,13,0,2.90667,10.057,0,0,0,12.9637,361,361,0,1,1.80238,1.80238,1971,388,5,1288,0,0,0,0,0,3655,4587.37,1.0905,23.2045,584359,184,55262,2234,1715218,736,221048,8936,32,4,867412,1712166,27757184,6848664,34605848,4,4,12,4,49,16,12,20,20,20260807,5,1,1,1,0,0,0,6668,0.277833,1,0.0015,0
2985,28487.1,7,0,2.41683,4.50025,0,0,0,6.91708,361,361,0,1,1.80238,1.80238,1971,388,5,1288,0,0,0,0,0,3655,4587.37,1.0905,23.2045,584359,184,55262,2234,1715218,736,221048,8936,32,4,867412,1712166,27757184,6848664,34605848,4,4,12,4,49,16,12,20,20,20260807,5,1,1,1,0,0,0,6668,0.277833,1,0.0015,0
2986,28496.6,9,0,2.45262,6.96271,0,0,0,9.41533,361,361,0,1,1.80238,1.80238,1971,388,5,1288,0,0,0,0,0,3655,4587.37,1.0905,23.2045,584359,184,55262,2234,1715218,736,221048,8936,32,4,867412,1712166,27757184,6848664,34605848,4,4,12,4,49,16,12,20,20,20260807,5,1,1,1,0,0,0,6669,0.277875,1,0.0015,1
2987,28503.7,7,0,2.46904,4.55788,0,0,0,7.02692,361,361,0,1,1.80238,1.80238,1971,388,5,1288,0,0,0,0,0,3655,4587.37,1.0905,23.2045,584359,184,55262,2234,1715218,736,221048,8936,32,4,867412,1712166,27757184,6848664,34605848,4,4,12,4,49,16,12,20,20,20260807,5,1,1,1,0,0,0,6669,0.277875,1,0.0015,0
2988,28513.5,10,0,2.40171,7.27946,0,0,0,9.68117,361,361,0,1,1.80238,1.80238,1971,388,5,1288,0,0,0,0,0,3655,4587.37,1.0905,23.2045,584359,184,55262,2234,1715218,736,221048,8936,32,4,867412,1712166,27757184,6848664,34605848,4,4,12,4,49,16,12,20,20,20260807,5,1,1,1,0,0,0,6669,0.277875,1,0.0015,0
2989,28520.4,8,0,2.33954,4.50762,0,0,0,6.84717,361,361,0,1,1.80238,1.80238,1971,388,5,1288,0,0,0,0,0,3655,4587.37,1.0905,23.2045,584359,184,55262,2234,1715218,736,221048,8936,32,4,867412,1712166,27757184,6848664,34605848,4,4,12,4,49,16,12,20,20,20260807,5,1,1,1,0,0,0,6669,0.277875,1,0.0015,0
2990,28529.7,9,0,2.25867,6.91263,0,0,0,9.17129,361,361,0,1,1.80238,1.80238,1971,388,5,1288,0,0,0,0,0,3655,4587.37,1.0905,23.2045,584359,184,55262,2234,1715218,736,221048,8936,32,4,867412,1712166,27757184,6848664,34605848,4,4,12,4,49,16,12,20,20,20260807,5,1,1,1,0,0,0,6669,0.277875,1,0.0015,0
2991,28536.6,7,0,2.18038,4.6455,0,0,0,6.82587,361,361,0,1,1.80238,1.80238,1971,388,5,1288,0,0,0,0,0,3655,4587.37,1.0905,23.2045,584359,184,55262,2234,1715218,736,221048,8936,32,4,867412,1712166,27757184,6848664,34605848,4,4,12,4,49,16,12,20,20,20260807,5,1,1,1,0,0,0,6669,0.277875,1,0.0015,0
2992,28546.5,10,0,2.31092,7.54433,0,0,0,9.85525,361,361,0,1,1.80238,1.80238,1971,388,5,1288,0,0,0,0,0,3655,4587.37,1.0905,23.2045,584359,184,55262,2234,1715218,736,221048,8936,32,4,867412,1712166,27757184,6848664,34605848,4,4,12,4,49,16,12,20,20,20260807,5,1,1,1,0,0,0,6670,0.277917,1,0.0015,1
2993,28553.3,7,0,2.30317,4.39571,0,0,0,6.69888,361,361,0,1,1.80238,1.80238,1971,388,5,1288,0,0,0,0,0,3655,4587.37,1.0905,23.2045,584359,184,55262,2234,1715218,736,221048,8936,32,4,867412,1712166,27757184,6848664,34605848,4,4,12,4,49,16,12,20,20,20260807,5,1,1,1,0,0,0,6670,0.277917,1,0.0015,0
2994,28563.2,10,0,2.47763,7.30583,0,0,0,9.78346,361,361,0,1,1.80238,1.80238,1971,388,5,1288,0,0,0,0,0,3655,4587.37,1.0905,23.2045,584359,184,55262,2234,1715218,736,221048,8936,32,4,867412,1712166,27757184,6848664,34605848,4,4,12,4,49,16,12,20,20,20260807,5,1,1,1,0,0,0,6670,0.277917,1,0.0015,0
2995,28571.2,8,0,2.47063,5.51612,0,0,0,7.98675,361,361,0,1,1.80238,1.80238,1971,388,5,1288,0,0,0,0,0,3655,4587.37,1.0905,23.2045,584359,184,55262,2234,1715218,736,221048,8936,32,4,867412,1712166,27757184,6848664,34605848,4,4,12,4,49,16,12,20,20,20260807,5,1,1,1,0,0,0,6670,0.277917,1,0.0015,0
2996,28579.3,8,0,2.60746,5.38708,0,0,0,7.99454,361,361,0,1,1.80238,1.80238,1971,388,5,1288,0,0,0,0,0,3655,4587.37,1.0905,23.2045,584359,184,55262,2234,1715218,736,221048,8936,32,4,867412,1712166,27757184,6848664,34605848,4,4,12,4,49,16,12,20,20,20260807,5,1,1,1,0,0,0,6670,0.277917,1,0.0015,0
2997,28586.2,7,0,2.27254,4.53658,0,0,0,6.80912,361,361,0,1,1.80238,1.80238,1971,388,5,1288,0,0,0,0,0,3655,4587.37,1.0905,23.2045,584359,184,55262,2234,1715218,736,221048,8936,32,4,867412,1712166,27757184,6848664,34605848,4,4,12,4,49,16,12,20,20,20260807,5,1,1,1,0,0,0,6670,0.277917,1,0.0015,0
2998,28596.3,10,0,2.539,7.42554,0,0,0,9.96454,361,361,0,1,1.80238,1.80238,1971,388,5,1288,0,0,0,0,0,3655,4587.37,1.0905,23.2045,584359,184,55262,2234,1715218,736,221048,8936,32,4,867412,1712166,27757184,6848664,34605848,4,4,12,4,49,16,12,20,20,20260807,5,1,1,1,0,0,0,6671,0.277958,1,0.0015,1
2999,28603,7,0,2.46837,4.208,0,0,0,6.67638,361,361,0,1,1.80238,1.80238,1971,388,5,1288,0,0,0,0,0,3655,4587.37,1.0905,23.2045,584359,184,55262,2234,1715218,736,221048,8936,32,4,867412,1712166,27757184,6848664,34605848,4,4,12,4,49,16,12,20,20,20260807,5,1,1,1,0,0,0,6671,0.277958,1,0.0015,0
3000,28613.2,10,0,2.27767,7.80296,0,0,0,10.0806,361,361,0,1,1.80238,1.80238,1971,388,5,1288,0,0,0,0,0,3655,4587.37,1.0905,23.2045,584359,184,55262,2234,1715218,736,221048,8936,32,4,867412,1712166,27757184,6848664,34605848,4,4,12,4,49,16,12,20,20,20260807,5,1,1,1,0,0,0,6671,0.277958,1,0.0015,0
3001,28621.1,8,0,2.51404,5.36371,0,0,0,7.87775,361,361,0,1,1.80238,1.80238,1971,388,5,1288,0,0,0,0,0,3655,4587.37,1.0905,23.2045,584359,184,55262,2234,1715218,736,221048,8936,32,4,867412,1712166,27757184,6848664,34605848,4,4,12,4,49,16,12,20,20,20260807,5,1,1,1,0,0,0,6671,0.277958,1,0.0015,0
3002,28631.2,10,0,2.15454,7.87271,0,0,0,10.0273,361,361,0,1,1.80238,1.80238,1971,388,5,1288,0,0,0,0,0,3655,4587.37,1.0905,23.2045,584359,184,55262,2234,1715218,736,221048,8936,32,4,867412,1712166,27757184,6848664,34605848,4,4,12,4,49,16,12,20,20,20260807,5,1,1,1,0,0,0,6671,0.277958,1,0.0015,0
3003,28638.5,7,0,2.46279,4.75933,0,0,0,7.22213,361,361,0,1,1.80238,1.80238,1971,388,5,1288,0,0,0,0,0,3655,4587.37,1.0905,23.2045,584359,184,55262,2234,1715218,736,221048,8936,32,4,867412,1712166,27757184,6848664,34605848,4,4,12,4,49,16,12,20,20,20260807,5,1,1,1,0,0,0,6671,0.277958,1,0.0015,0
3004,28648.2,10,0,2.72129,6.89008,0,0,0,9.61138,361,361,0,1,1.80238,1.80238,1971,388,5,1288,0,0,0,0,0,3655,4587.37,1.0905,23.2045,584359,184,55262,2234,1715218,736,221048,8936,32,4,867412,1712166,27757184,6848664,34605848,4,4,12,4,49,16,12,20,20,20260807,5,1,1,1,0,0,0,6672,0.278,1,0.0015,1
3005,28665.3,17,0,2.27554,14.733,0,0,0,17.0085,361,361,0,1,1.80238,1.80238,1971,388,5,1288,0,0,0,0,0,3655,4587.37,1.0905,23.2045,584359,184,55262,2234,1715218,736,221048,8936,32,4,867412,1712166,27757184,6848664,34605848,4,4,12,4,49,16,12,20,20,20260807,5,1,1,1,0,0,0,6672,0.278,1,0.0015,0
3006,28681,16,0,2.40621,13.1352,0,0,0,15.5414,361,361,0,1,1.80238,1.80238,1971,388,5,1288,0,0,0,0,0,3655,4587.37,1.0905,23.2045,584359,184,55262,2234,1715218,736,221048,8936,32,4,867412,1712166,27757184,6848664,34605848,4,4,12,4,49,16,12,20,20,20260807,5,1,1,1,0,0,0,6672,0.278,1,0.0015,0
3007,28697.1,16,0,2.35971,13.7093,0,0,0,16.069,361,361,0,1,1.80238,1.80238,1971,388,5,1288,0,0,0,0,0,3655,4587.37,1.0905,23.2045,584359,184,55262,2234,1715218,736,221048,8936,32,4,867412,1712166,27757184,6848664,34605848,4,4,12,4,49,16,12,20,20,20260807,5,1,1,1,0,0,0,6672,0.278,1,0.0015,0
3008,28703.9,7,0,2.33846,4.35358,0,0,0,6.69204,361,361,0,1,1.80238,1.80238,1971,388,5,1288,0,0,0,0,0,3655,4587.37,1.0905,23.2045,584359,184,55262,2234,1715218,736,221048,8936,32,4,867412,1712166,27757184,6848664,34605848,4,4,12,4,49,16,12,20,20,20260807,5,1,1,1,0,0,0,6673,0.278042,1,0.0015,1
3009,28713.2,9,0,2.76388,6.41471,0,0,0,9.17858,361,361,0,1,1.80238,1.80238,1971,388,5,1288,0,0,0,0,0,3655,4587.37,1.0905,23.2045,584359,184,55262,2234,1715218,736,221048,8936,32,4,867412,1712166,27757184,6848664,34605848,4,4,12,4,49,16,12,20,20,20260807,5,1,1,1,0,0,0,6673,0.278042,1,0.0015,0
3010,28720.5,7,0,2.46575,4.77125,0,0,0,7.237,361,361,0,1,1.80238,1.80238,1971,388,5,1288,0,0,0,0,0,3655,4587.37,1.0905,23.2045,584359,184,55262,2234,1715218,736,221048,8936,32,4,867412,1712166,27757184,6848664,34605848,4,4,12,4,49,16,12,20,20,20260807,5,1,1,1,0,0,0,6673,0.278042,1,0.0015,0
3011,28729.6,9,0,2.30925,6.67554,0,0,0,8.98479,361,361,0,1,1.80238,1.80238,1971,388,5,1288,0,0,0,0,0,3655,4587.37,1.0905,23.2045,584359,184,55262,2234,1715218,736,221048,8936,32,4,867412,1712166,27757184,6848664,34605848,4,4,12,4,49,16,12,20,20,20260807,5,1,1,1,0,0,0,6673,0.278042,1,0.0015,0
3012,28736.6,7,0,2.70154,4.24696,0,0,0,6.9485,361,361,0,1,1.80238,1.80238,1971,388,5,1288,0,0,0,0,0,3655,4587.37,1.0905,23.2045,584359,184,55262,2234,1715218,736,221048,8936,32,4,867412,1712166,27757184,6848664,34605848,4,4,12,4,49,16,12,20,20,20260807,5,1,1,1,0,0,0,6673,0.278042,1,0.0015,0
3013,28746.9,11,0,2.68092,7.57442,0,0,0,10.2553,361,361,0,1,1.80238,1.80238,1971,388,5,1288,0,0,0,0,0,3655,4587.37,1.0905,23.2045,584359,184,55262,2234,1715218,736,221048,8936,32,4,867412,1712166,27757184,6848664,34605848,4,4,12,4,49,16,12,20,20,20260807,5,1,1,1,0,0,0,6674,0.278083,1,0.0015,1
3014,28753.8,7,0,2.24133,4.51846,0,0,0,6.75979,361,361,0,1,1.80238,1.80238,1971,388,5,1288,0,0,0,0,0,3655,4587.37,1.0905,23.2045,584359,184,55262,2234,1715218,736,221048,8936,32,4,867412,1712166,27757184,6848664,34605848,4,4,12,4,49,16,12,20,20,20260807,5,1,1,1,0,0,0,6674,0.278083,1,0.0015,0
3015,28763.1,9,0,3.18192,6.03758,0,0,0,9.2195,361,361,0,1,1.80238,1.80238,1971,388,5,1288,0,0,0,0,0,3655,4587.37,1.0905,23.2045,584359,184,55262,2234,1715218,736,221048,8936,32,4,867412,1712166,27757184,6848664,34605848,4,4,12,4,49,16,12,20,20,20260807,5,1,1,1,0,0,0,6674,0.278083,1,0.0015,0
3016,28770.3,7,0,2.49746,4.60333,0,0,0,7.10079,361,361,0,1,1.80238,1.80238,1971,388,5,1288,0,0,0,0,0,3655,4587.37,1.0905,23.2045,584359,184,55262,2234,1715218,736,221048,8936,32,4,867412,1712166,27757184,6848664,34605848,4,4,12,4,49,16,12,20,20,20260807,5,1,1,1,0,0,0,6674,0.278083,1,0.0015,0
3017,28780.2,10,0,2.41104,7.41646,0,0,0,9.8275,361,361,0,1,1.80238,1.80238,1971,388,5,1288,0,0,0,0,0,3655,4587.37,1.0905,23.2045,584359,184,55262,2234,1715218,736,221048,8936,32,4,867412,1712166,27757184,6848664,34605848,4,4,12,4,49,16,12,20,20,20260807,5,1,1,1,0,0,0,6674,0.278083,1,0.0015,0
3018,28787,7,0,2.17746,4.51879,0,0,0,6.69625,361,361,0,1,1.80238,1.80238,1971,388,5,1288,0,0,0,0,0,3655,4587.37,1.0905,23.2045,584359,184,55262,2234,1715218,736,221048,8936,32,4,867412,1712166,27757184,6848664,34605848,4,4,12,4,49,16,12,20,20,20260807,5,1,1,1,0,0,0,6674,0.278083,1,0.0015,0
3019,28796.7,9,0,2.39875,7.23458,0,0,0,9.63333,361,361,0,1,1.80238,1.80238,1971,388,5,1288,0,0,0,0,0,3655,4587.37,1.0905,23.2045,584359,184,55262,2234,1715218,736,221048,8936,32,4,867412,1712166,27757184,6848664,34605848,4,4,12,4,49,16,12,20,20,20260807,5,1,1,1,0,0,0,6675,0.278125,1,0.0015,1
3020,28804.4,8,0,2.65675,4.97183,0,0,0,7.62858,361,361,0,1,1.80238,1.80238,1971,388,5,1288,0,0,0,0,0,3655,4587.37,1.0905,23.2045,584359,184,55262,2234,1715218,736,221048,8936,32,4,867412,1712166,27757184,6848664,34605848,4,4,12,4,49,16,12,20,20,20260807,5,1,1,1,0,0,0,6675,0.278125,1,0.0015,0
3021,28813.8,10,0,2.32096,7.00587,0,0,0,9.32683,361,361,0,1,1.80238,1.80238,1971,388,5,1288,0,0,0,0,0,3655,4587.37,1.0905,23.2045,584359,184,55262,2234,1715218,736,221048,8936,32,4,867412,1712166,27757184,6848664,34605848,4,4,12,4,49,16,12,20,20,20260807,5,1,1,1,0,0,0,6675,0.278125,1,0.0015,0
3022,28829.8,16,0,2.25642,13.6745,0,0,0,15.9309,361,361,0,1,1.80238,1.80238,1971,388,5,1288,0,0,0,0,0,3655,4587.37,1.0905,23.2045,584359,184,55262,2234,1715218,736,221048,8936,32,4,867412,1712166,27757184,6848664,34605848,4,4,12,4,49,16,12,20,20,20260807,5,1,1,1,0,0,0,6675,0.278125,1,0.0015,0
3023,28836.6,6,0,2.36071,4.34333,0,0,0,6.70404,361,361,0,1,1.80238,1.80238,1971,388,5,1288,0,0,0,0,0,3655,4587.37,1.0905,23.2045,584359,184,55262,2234,1715218,736,221048,8936,32,4,867412,1712166,27757184,6848664,34605848,4,4,12,4,49,16,12,20,20,20260807,5,1,1,1,0,0,0,6675,0.278125,1,0.0015,0
3024,28846,10,0,2.35288,6.90771,0,0,0,9.26058,361,361,0,1,1.80238,1.80238,1971,388,5,1288,0,0,0,0,0,3655,4587.37,1.0905,23.2045,584359,184,55262,2234,1715218,736,221048,8936,32,4,867412,1712166,27757184,6848664,34605848,4,4,12,4,49,16,12,20,20,20260807,5,1,1,1,0,0,0,6676,0.278167,1,0.0015,1
3025,28852.7,6,0,2.39492,4.18904,0,0,0,6.58396,361,361,0,1,1.80238,1.80238,1971,388,5,1288,0,0,0,0,0,3655,4587.37,1.0905,23.2045,584359,184,55262,2234,1715218,736,221048,8936,32,4,867412,1712166,27757184,6848664,34605848,4,4,12,4,49,16,12,20,20,20260807,5,1,1,1,0,0,0,6676,0.278167,1,0.0015,0
3026,28862.9,11,0,2.26696,7.87196,0,0,0,10.1389,361,361,0,1,1.80238,1.80238,1971,388,5,1288,0,0,0,0,0,3655,4587.37,1.0905,23.2045,584359,184,55262,2234,1715218,736,221048,8936,32,4,867412,1712166,27757184,6848664,34605848,4,4,12,4,49,16,12,20,20,20260807,5,1,1,1,0,0,0,6676,0.278167,1,0.0015,0
3027,28869.7,6,0,2.42013,4.30687,0,0,0,6.727,361,361,0,1,1.80238,1.80238,1971,388,5,1288,0,0,0,0,0,3655,4587.37,1.0905,23.2045,584359,184,55262,2234,1715218,736,221048,8936,32,4,867412,1712166,27757184,6848664,34605848,4,4,12,4,49,16,12,20,20,20260807,5,1,1,1,0,0,0,6676,0.278167,1,0.0015,0
3028,28880.5,11,0,2.75783,7.93596,0,0,0,10.6938,361,361,0,1,1.80238,1.80238,1971,388,5,1288,0,0,0,0,0,3655,4587.37,1.0905,23.2045,584359,184,55262,2234,1715218,736,221048,8936,32,4,867412,1712166,27757184,6848664,34605848,4,4,12,4,49,16,12,20,20,20260807,5,1,1,1,0,0,0,6676,0.278167,1,0.0015,0
3029,28887.1,7,0,2.39763,4.08083,0,0,0,6.47846,361,361,0,1,1.80238,1.80238,1971,388,5,1288,0,0,0,0,0,3655,4587.37,1.0905,23.2045,584359,184,55262,2234,1715218,736,221048,8936,32,4,867412,1712166,27757184,6848664,34605848,4,4,12,4,49,16,12,20,20,20260807,5,1,1,1,0,0,0,6676,0.278167,1,0.0015,0
3030,28897.9,11,0,2.30021,8.457,0,0,0,10.7572,361,361,0,1,1.80238,1.80238,1971,388,5,1288,0,0,0,0,0,3655,4587.37,1.0905,23.2045,584359,184,55262,2234,1715218,736,221048,8936,32,4,867412,1712166,27757184,6848664,34605848,4,4,12,4,49,16,12,20,20,20260807,5,1,1,1,0,0,0,6677,0.278208,1,0.0015,1
3031,28905.6,7,0,2.51837,5.04583,0,0,0,7.56421,361,361,0,1,1.80238,1.80238,1971,388,5,1288,0,0,0,0,0,3655,4587.37,1.0905,23.2045,584359,184,55262,2234,1715218,736,221048,8936,32,4,867412,1712166,27757184,6848664,34605848,4,4,12,4,49,16,12,20,20,20260807,5,1,1,1,0,0,0,6677,0.278208,1,0.0015,0
3032,28913.6,8,0,2.44546,5.50675,0,0,0,7.95221,361,361,0,1,1.80238,1.80238,1971,388,5,1288,0,0,0,0,0,3655,4587.37,1.0905,23.2045,584359,184,55262,2234,1715218,736,221048,8936,32,4,867412,1712166,27757184,6848664,34605848,4,4,12,4,49,16,12,20,20,20260807,5,1,1,1,0,0,0,6677,0.278208,1,0.0015,0
3033,28931,18,0,2.51562,14.7438,0,0,0,17.2595,361,361,0,1,1.80238,1.80238,1971,388,5,1288,0,0,0,0,0,3655,4587.37,1.0905,23.2045,584359,184,55262,2234,1715218,736,221048,8936,32,4,867412,1712166,27757184,6848664,34605848,4,4,12,4,49,16,12,20,20,20260807,5,1,1,1,0,0,0,6677,0.278208,1,0.0015,0
3034,28950.2,19,0,2.36683,16.7963,0,0,0,19.1631,361,361,0,1,1.80238,1.80238,1971,388,5,1288,0,0,0,0,0,3655,4587.37,1.0905,23.2045,584359,184,55262,2234,1715218,736,221048,8936,32,4,867412,1712166,27757184,6848664,34605848,4,4,12,4,49,16,12,20,20,20260807,5,1,1,1,0,0,0,6677,0.278208,1,0.0015,0
3035,28966.6,16,0,2.59296,13.7308,0,0,0,16.3238,361,361,0,1,1.80238,1.80238,1971,388,5,1288,0,0,0,0,0,3655,4587.37,1.0905,23.2045,584359,184,55262,2234,1715218,736,221048,8936,32,4,867412,1712166,27757184,6848664,34605848,4,4,12,4,49,16,12,20,20,20260807,5,1,1,1,0,0,0,6678,0.27825,1,0.0015,1
3036,28973.7,7,0,2.48954,4.51721,0,0,0,7.00675,361,361,0,1,1.80238,1.80238,1971,388,5,1288,0,0,0,0,0,3655,4587.37,1.0905,23.2045,584359,184,55262,2234,1715218,736,221048,8936,32,4,867412,1712166,27757184,6848664,34605848,4,4,12,4,49,16,12,20,20,20260807,5,1,1,1,0,0,0,6678,0.27825,1,0.0015,0
3037,28984.9,12,0,2.46325,8.60958,0,0,0,11.0728,361,361,0,1,1.80238,1.80238,1971,388,5,1288,0,0,0,0,0,3655,4587.37,1.0905,23.2045,584359,184,55262,2234,1715218,736,221048,8936,32,4,867412,1712166,27757184,6848664,34605848,4,4,12,4,49,16,12,20,20,20260807,5,1,1,1,0,0,0,6678,0.27825,1,0.0015,0
3038,28992.2,7,0,2.44988,4.70763,0,0,0,7.1575,361,361,0,1,1.80238,1.80238,1971,388,5,1288,0,0,0,0,0,3655,4587.37,1.0905,23.2045,584359,184,55262,2234,1715218,736,221048,8936,32,4,867412,1712166,27757184,6848664,34605848,4,4,12,4,49,16,12,20,20,20260807,5,1,1,1,0,0,0,6679,0.278292,1,0.0015,1
3039,29002.3,10,0,2.80412,7.24983,0,0,0,10.054,361,361,0,1,1.80238,1.80238,1971,388,5,1288,0,0,0,0,0,3655,4587.37,1.0905,23.2045,584359,184,55262,2234,1715218,736,221048,8936,32,4,867412,1712166,27757184,6848664,34605848,4,4,12,4,49,16,12,20,20,20260807,5,1,1,1,0,0,0,6679,0.278292,1,0.0015,0
3040,29013.4,11,0,2.53304,8.51258,0,0,0,11.0456,361,361,0,1,1.80238,1.80238,1971,388,5,1288,0,0,0,0,0,3655,4587.37,1.0905,23.2045,584359,184,55262,2234,1715218,736,221048,8936,32,4,867412,1712166,27757184,6848664,34605848,4,4,12,4,49,16,12,20,20,20260807,5,1,1,1,0,0,0,6679,0.278292,1,0.0015,0
3041,29021.1,8,0,2.40137,5.18558,0,0,0,7.58696,361,361,0,1,1.80238,1.80238,1971,388,5,1288,0,0,0,0,0,3655,4587.37,1.0905,23.2045,584359,184,55262,2234,1715218,736,221048,8936,32,4,867412,1712166,27757184,6848664,34605848,4,4,12,4,49,16,12,20,20,20260807,5,1,1,1,0,0,0,6679,0.278292,1,0.0015,0
3042,29030.2,9,0,2.30008,6.69187,0,0,0,8.99196,361,361,0,1,1.80238,1.80238,1971,388,5,1288,0,0,0,0,0,3655,4587.37,1.0905,23.2045,584359,184,55262,2234,1715218,736,221048,8936,32,4,867412,1712166,27757184,6848664,34605848,4,4,12,4,49,16,12,20,20,20260807,5,1,1,1,0,0,0,6679,0.278292,1,0.0015,0
3043,29038.1,8,0,2.35871,5.51875,0,0,0,7.87746,361,361,0,1,1.80238,1.80238,1971,388,5,1288,0,0,0,0,0,3655,4587.37,1.0905,23.2045,584359,184,55262,2234,1715218,736,221048,8936,32,4,867412,1712166,27757184,6848664,34605848,4,4,12,4,49,16,12,20,20,20260807,5,1,1,1,0,0,0,6679,0.278292,1,0.0015,0
3044,29046.4,8,0,2.60025,5.61392,0,0,0,8.21417,361,361,0,1,1.80238,1.80238,1971,388,5,1288,0,0,0,0,0,3655,4587.37,1.0905,23.2045,584359,184,55262,2234,1715218,736,221048,8936,32,4,867412,1712166,27757184,6848664,34605848,4,4,12,4,49,16,12,20,20,20260807,5,1,1,1,0,0,0,6680,0.278333,1,0.0015,1
3045,29053.7,7,0,2.55021,4.60808,0,0,0,7.15829,361,361,0,1,1.80238,1.80238,1971,388,5,1288,0,0,0,0,0,3655,4587.37,1.0905,23.2045,584359,184,55262,2234,1715218,736,221048,8936,32,4,867412,1712166,27757184,6848664,34605848,4,4,12,4,49,16,12,20,20,20260807,5,1,1,1,0,0,0,6680,0.278333,1,0.0015,0
3046,29063.7,10,0,2.55512,7.38979,0,0,0,9.94492,361,361,0,1,1.80238,1.80238,1971,388,5,1288,0,0,0,0,0,3655,4587.37,1.0905,23.2045,584359,184,55262,2234,1715218,736,221048,8936,32,4,867412,1712166,27757184,6848664,34605848,4,4,12,4,49,16,12,20,20,20260807,5,1,1,1,0,0,0,6680,0.278333,1,0.0015,0
3047,29083.7,20,0,2.43275,17.4823,0,0,0,19.9151,361,361,0,1,1.80238,1.80238,1971,388,5,1288,0,0,0,0,0,3655,4587.37,1.0905,23.2045,584359,184,55262,2234,1715218,736,221048,8936,32,4,867412,1712166,27757184,6848664,34605848,4,4,12,4,49,16,12,20,20,20260807,5,1,1,1,0,0,0,6680,0.278333,1,0.0015,0
3048,29090.7,7,0,2.46333,4.44804,0,0,0,6.91137,361,361,0,1,1.80238,1.80238,1971,388,5,1288,0,0,0,0,0,3655,4587.37,1.0905,23.2045,584359,184,55262,2234,1715218,736,221048,8936,32,4,867412,1712166,27757184,6848664,34605848,4,4,12,4,49,16,12,20,20,20260807,5,1,1,1,0,0,0,6681,0.278375,1,0.0015,1
3049,29098.1,8,0,2.467,4.83829,0,0,0,7.30529,361,361,0,1,1.80238,1.80238,1971,388,5,1288,0,0,0,0,0,3655,4587.37,1.0905,23.2045,584359,184,55262,2234,1715218,736,221048,8936,32,4,867412,1712166,27757184,6848664,34605848,4,4,12,4,49,16,12,20,20,20260807,5,1,1,1,0,0,0,6681,0.278375,1,0.0015,0
3050,29105.5,7,0,2.68363,4.65017,0,0,0,7.33379,361,361,0,1,1.80238,1.80238,1971,388,5,1288,0,0,0,0,0,3655,4587.37,1.0905,23.2045,584359,184,55262,2234,1715218,736,221048,8936,32,4,867412,1712166,27757184,6848664,34605848,4,4,12,4,49,16,12,20,20,20260807,5,1,1,1,0,0,0,6681,0.278375,1,0.0015,0
3051,29113.3,8,0,2.4105,5.22104,0,0,0,7.63154,361,361,0,1,1.80238,1.80238,1971,388,5,1288,0,0,0,0,0,3655,4587.37,1.0905,23.2045,584359,184,55262,2234,1715218,736,221048,8936,32,4,867412,1712166,27757184,6848664,34605848,4,4,12,4,49,16,12,20,20,20260807,5,1,1,1,0,0,0,6681,0.278375,1,0.0015,0
3052,29129.7,16,0,2.29433,14.0298,0,0,0,16.3242,361,361,0,1,1.80238,1.80238,1971,388,5,1288,0,0,0,0,0,3655,4587.37,1.0905,23.2045,584359,184,55262,2234,1715218,736,221048,8936,32,4,867412,1712166,27757184,6848664,34605848,4,4,12,4,49,16,12,20,20,20260807,5,1,1,1,0,0,0,6681,0.278375,1,0.0015,0
3053,29136.9,8,0,2.36554,4.74679,0,0,0,7.11233,361,361,0,1,1.80238,1.80238,1971,388,5,1288,0,0,0,0,0,3655,4587.37,1.0905,23.2045,584359,184,55262,2234,1715218,736,221048,8936,32,4,867412,1712166,27757184,6848664,34605848,4,4,12,4,49,16,12,20,20,20260807,5,1,1,1,0,0,0,6681,0.278375,1,0.0015,0
3054,29146.7,9,0,2.31871,7.40888,0,0,0,9.72758,361,361,0,1,1.80238,1.80238,1971,388,5,1288,0,0,0,0,0,3655,4587.37,1.0905,23.2045,584359,184,55262,2234,1715218,736,221048,8936,32,4,867412,1712166,27757184,6848664,34605848,4,4,12,4,49,16,12,20,20,20260807,5,1,1,1,0,0,0,6682,0.278417,1,0.0015,1
3055,29153.5,7,0,2.51463,4.25929,0,0,0,6.77392,361,361,0,1,1.80238,1.80238,1971,388,5,1288,0,0,0,0,0,3655,4587.37,1.0905,23.2045,584359,184,55262,2234,1715218,736,221048,8936,32,4,867412,1712166,27757184,6848664,34605848,4,4,12,4,49,16,12,20,20,20260807,5,1,1,1,0,0,0,6682,0.278417,1,0.0015,0
3056,29162.4,9,0,2.3355,6.39454,0,0,0,8.73004,361,361,0,1,1.80238,1.80238,1971,388,5,1288,0,0,0,0,0,3655,4587.37,1.0905,23.2045,584359,184,55262,2234,1715218,736,221048,8936,32,4,867412,1712166,27757184,6848664,34605848,4,4,12,4,49,16,12,20,20,20260807,5,1,1,1,0,0,0,6682,0.278417,1,0.0015,0
3057,29169.5,7,0,2.35671,4.66804,0,0,0,7.02475,361,361,0,1,1.80238,1.80238,1971,388,5,1288,0,0,0,0,0,3655,4587.37,1.0905,23.2045,584359,184,55262,2234,1715218,736,221048,8936,32,4,867412,1712166,27757184,6848664,34605848,4,4,12,4,49,16,12,20,20,20260807,5,1,1,1,0,0,0,6682,0.278417,1,0.0015,0
3058,29180.3,11,0,2.32804,8.43304,0,0,0,10.7611,361,361,0,1,1.80238,1.80238,1971,388,5,1288,0,0,0,0,0,3655,4587.37,1.0905,23.2045,584359,184,55262,2234,1715218,736,221048,8936,32,4,867412,1712166,27757184,6848664,34605848,4,4,12,4,49,16,12,20,20,20260807,5,1,1,1,0,0,0,6682,0.278417,1,0.0015,0
3059,29195.8,16,0,2.23283,13.1834,0,0,0,15.4162,361,361,0,1,1.80238,1.80238,1971,388,5,1288,0,0,0,0,0,3655,4587.37,1.0905,23.2045,584359,184,55262,2234,1715218,736,221048,8936,32,4,867412,1712166,27757184,6848664,34605848,4,4,12,4,49,16,12,20,20,20260807,5,1,1,1,0,0,0,6682,0.278417,1,0.0015,0
3060,29203.3,7,0,2.3925,4.98596,0,0,0,7.37846,361,361,0,1,1.80238,1.80238,1971,388,5,1288,0,0,0,0,0,3655,4587.37,1.0905,23.2045,584359,184,55262,2234,1715218,736,221048,8936,32,4,867412,1712166,27757184,6848664,34605848,4,4,12,4,49,16,12,20,20,20260807,5,1,1,1,0,0,0,6683,0.278458,1,0.0015,1
3061,29214.5,11,0,2.21158,8.95037,0,0,0,11.162,361,361,0,1,1.80238,1.80238,1971,388,5,1288,0,0,0,0,0,3655,4587.37,1.0905,23.2045,584359,184,55262,2234,1715218,736,221048,8936,32,4,867412,1712166,27757184,6848664,34605848,4,4,12,4,49,16,12,20,20,20260807,5,1,1,1,0,0,0,6683,0.278458,1,0.0015,0
3062,29221.3,7,0,2.345,4.30921,0,0,0,6.65421,361,361,0,1,1.80238,1.80238,1971,388,5,1288,0,0,0,0,0,3655,4587.37,1.0905,23.2045,584359,184,55262,2234,1715218,736,221048,8936,32,4,867412,1712166,27757184,6848664,34605848,4,4,12,4,49,16,12,20,20,20260807,5,1,1,1,0,0,0,6683,0.278458,1,0.0015,0
3063,29229.6,8,0,2.24742,6.05354,0,0,0,8.30096,361,361,0,1,1.80238,1.80238,1971,388,5,1288,0,0,0,0,0,3655,4587.37,1.0905,23.2045,584359,184,55262,2234,1715218,736,221048,8936,32,4,867412,1712166,27757184,6848664,34605848,4,4,12,4,49,16,12,20,20,20260807,5,1,1,1,0,0,0,6683,0.278458,1,0.0015,0
3064,29237.2,8,0,2.55938,4.957,0,0,0,7.51638,361,361,0,1,1.80238,1.80238,1971,388,5,1288,0,0,0,0,0,3655,4587.37,1.0905,23.2045,584359,184,55262,2234,1715218,736,221048,8936,32,4,867412,1712166,27757184,6848664,34605848,4,4,12,4,49,16,12,20,20,20260807,5,1,1,1,0,0,0,6683,0.278458,1,0.0015,0
3065,29246.2,9,0,2.26138,6.56608,0,0,0,8.82746,361,361,0,1,1.80238,1.80238,1971,388,5,1288,0,0,0,0,0,3655,4587.37,1.0905,23.2045,584359,184,55262,2234,1715218,736,221048,8936,32,4,867412,1712166,27757184,6848664,34605848,4,4,12,4,49,16,12,20,20,20260807,5,1,1,1,0,0,0,6684,0.2785,1,0.0015,1
3066,29253.1,7,0,2.26346,4.53767,0,0,0,6.80112,361,361,0,1,1.80238,1.80238,1971,388,5,1288,0,0,0,0,0,3655,4587.37,1.0905,23.2045,584359,184,55262,2234,1715218,736,221048,8936,32,4,867412,1712166,27757184,6848664,34605848,4,4,12,4,49,16,12,20,20,20260807,5,1,1,1,0,0,0,6684,0.2785,1,0.0015,0
3067,29263.4,10,0,2.21687,8.01946,0,0,0,10.2363,361,361,0,1,1.80238,1.80238,1971,388,5,1288,0,0,0,0,0,3655,4587.37,1.0905,23.2045,584359,184,55262,2234,1715218,736,221048,8936,32,4,867412,1712166,27757184,6848664,34605848,4,4,12,4,49,16,12,20,20,20260807,5,1,1,1,0,0,0,6684,0.2785,1,0.0015,0
3068,29270.3,7,0,2.40625,4.41429,0,0,0,6.82054,361,361,0,1,1.80238,1.80238,1971,388,5,1288,0,0,0,0,0,3655,4587.37,1.0905,23.2045,584359,184,55262,2234,1715218,736,221048,8936,32,4,867412,1712166,27757184,6848664,34605848,4,4,12,4,49,16,12,20,20,20260807,5,1,1,1,0,0,0,6684,0.2785,1,0.0015,0
3069,29279.7,9,0,2.36796,6.93325,0,0,0,9.30121,361,361,0,1,1.80238,1.80238,1971,388,5,1288,0,0,0,0,0,3655,4587.37,1.0905,23.2045,584359,184,55262,2234,1715218,736,221048,8936,32,4,867412,1712166,27757184,6848664,34605848,4,4,12,4,49,16,12,20,20,20260807,5,1,1,1,0,0,0,6684,0.2785,1,0.0015,0
3070,29287.2,8,0,2.81696,4.63721,0,0,0,7.45417,361,361,0,1,1.80238,1.80238,1971,388,5,1288,0,0,0,0,0,3655,4587.37,1.0905,23.2045,584359,184,55262,2234,1715218,736,221048,8936,32,4,867412,1712166,27757184,6848664,34605848,4,4,12,4,49,16,12,20,20,20260807,5,1,1,1,0,0,0,6684,0.2785,1,0.0015,0
3071,29297.6,10,0,5.47017,4.77388,0,0,0,10.244,361,361,0,1,1.80238,1.80238,1971,388,5,1288,0,0,0,0,0,3655,4587.37,1.0905,23.2045,584359,184,55262,2234,1715218,736,221048,8936,32,4,867412,1712166,27757184,6848664,34605848,4,4,12,4,49,16,12,20,20,20260807,5,1,1,1,0,0,0,6685,0.278542,1,0.0015,1
3072,29305.9,9,0,2.21771,6.06671,0,0,0,8.28442,361,361,0,1,1.80238,1.80238,1971,388,5,1288,0,0,0,0,0,3655,4587.37,1.0905,23.2045,584359,184,55262,2234,1715218,736,221048,8936,32,4,867412,1712166,27757184,6848664,34605848,4,4,12,4,49,16,12,20,20,20260807,5,1,1,1,0,0,0,6685,0.278542,1,0.0015,0
3073,29317.3,11,0,2.24396,9.06,0,0,0,11.304,361,361,0,1,1.80238,1.80238,1971,388,5,1288,0,0,0,0,0,3655,4587.37,1.0905,23.2045,584359,184,55262,2234,1715218,736,221048,8936,32,4,867412,1712166,27757184,6848664,34605848,4,4,12,4,49,16,12,20,20,20260807,5,1,1,1,0,0,0,6685,0.278542,1,0.0015,0
3074,29324,7,0,2.34088,4.2065,0,0,0,6.54737,361,361,0,1,1.80238,1.80238,1971,388,5,1288,0,0,0,0,0,3655,4587.37,1.0905,23.2045,584359,184,55262,2234,1715218,736,221048,8936,32,4,867412,1712166,27757184,6848664,34605848,4,4,12,4,49,16,12,20,20,20260807,5,1,1,1,0,0,0,6685,0.278542,1,0.0015,0
3075,29332.4,8,0,3.211,5.11283,0,0,0,8.32383,361,361,0,1,1.80238,1.80238,1971,388,5,1288,0,0,0,0,0,3655,4587.37,1.0905,23.2045,584359,184,55262,2234,1715218,736,221048,8936,32,4,867412,1712166,27757184,6848664,34605848,4,4,12,4,49,16,12,20,20,20260807,5,1,1,1,0,0,0,6685,0.278542,1,0.0015,0
3076,29346.8,15,0,3.27612,11.0307,0,0,0,14.3068,361,361,0,1,1.80238,1.80238,1971,388,5,1288,0,0,0,0,0,3655,4587.37,1.0905,23.2045,584359,184,55262,2234,1715218,736,221048,8936,32,4,867412,1712166,27757184,6848664,34605848,4,4,12,4,49,16,12,20,20,20260807,5,1,1,1,0,0,0,6685,0.278542,1,0.0015,0
3077,29353.8,7,0,2.37679,4.54079,0,0,0,6.91758,361,361,0,1,1.80238,1.80238,1971,388,5,1288,0,0,0,0,0,3655,4587.37,1.0905,23.2045,584359,184,55262,2234,1715218,736,221048,8936,32,4,867412,1712166,27757184,6848664,34605848,4,4,12,4,49,16,12,20,20,20260807,5,1,1,1,0,0,0,6686,0.278583,1,0.0015,1
3078,29362.8,9,0,2.24463,6.75654,0,0,0,9.00117,361,361,0,1,1.80238,1.80238,1971,388,5,1288,0,0,0,0,0,3655,4587.37,1.0905,23.2045,584359,184,55262,2234,1715218,736,221048,8936,32,4,867412,1712166,27757184,6848664,34605848,4,4,12,4,49,16,12,20,20,20260807,5,1,1,1,0,0,0,6686,0.278583,1,0.0015,0
3079,29369.4,6,0,2.31013,4.1785,0,0,0,6.48862,361,361,0,1,1.80238,1.80238,1971,388,5,1288,0,0,0,0,0,3655,4587.37,1.0905,23.2045,584359,184,55262,2234,1715218,736,221048,8936,32,4,867412,1712166,27757184,6848664,34605848,4,4,12,4,49,16,12,20,20,20260807,5,1,1,1,0,0,0,6686,0.278583,1,0.0015,0
3080,29383.7,15,0,2.4155,11.7425,0,0,0,14.158,361,361,0,1,1.80238,1.80238,1971,388,5,1288,0,0,0,0,0,3655,4587.37,1.0905,23.2045,584359,184,55262,2234,1715218,736,221048,8936,32,4,867412,1712166,27757184,6848664,34605848,4,4,12,4,49,16,12,20,20,20260807,5,1,1,1,0,0,0,6686,0.278583,1,0.0015,0
3081,29396.6,12,0,2.42313,10.3779,0,0,0,12.801,361,361,0,1,1.80238,1.80238,1971,388,5,1288,0,0,0,0,0,3655,4587.37,1.0905,23.2045,584359,184,55262,2234,1715218,736,221048,8936,32,4,867412,1712166,27757184,6848664,34605848,4,4,12,4,49,16,12,20,20,20260807,5,1,1,1,0,0,0,6687,0.278625,1,0.0015,1
3082,29404.6,8,0,2.77175,5.13442,0,0,0,7.90617,361,361,0,1,1.80238,1.80238,1971,388,5,1288,0,0,0,0,0,3655,4587.37,1.0905,23.2045,584359,184,55262,2234,1715218,736,221048,8936,32,4,867412,1712166,27757184,6848664,34605848,4,4,12,4,49,16,12,20,20,20260807,5,1,1,1,0,0,0,6687,0.278625,1,0.0015,0
3083,29412.9,9,0,3.17137,5.07838,0,0,0,8.24975,361,361,0,1,1.80238,1.80238,1971,388,5,1288,0,0,0,0,0,3655,4587.37,1.0905,23.2045,584359,184,55262,2234,1715218,736,221048,8936,32,4,867412,1712166,27757184,6848664,34605848,4,4,12,4,49,16,12,20,20,20260807,5,1,1,1,0,0,0,6687,0.278625,1,0.0015,0
3084,29420.1,7,0,2.62229,4.439,0,0,0,7.06129,361,361,0,1,1.80238,1.80238,1971,388,5,1288,0,0,0,0,0,3655,4587.37,1.0905,23.2045,584359,184,55262,2234,1715218,736,221048,8936,32,4,867412,1712166,27757184,6848664,34605848,4,4,12,4,49,16,12,20,20,20260807,5,1,1,1,0,0,0,6687,0.278625,1,0.0015,0
3085,29430.1,10,0,2.27738,7.64846,0,0,0,9.92583,361,361,0,1,1.80238,1.80238,1971,388,5,1288,0,0,0,0,0,3655,4587.37,1.0905,23.2045,584359,184,55262,2234,1715218,736,221048,8936,32,4,867412,1712166,27757184,6848664,34605848,4,4,12,4,49,16,12,20,20,20260807,5,1,1,1,0,0,0,6687,0.278625,1,0.0015,0
3086,29436.8,7,0,2.22237,4.42213,0,0,0,6.6445,361,361,0,1,1.80238,1.80238,1971,388,5,1288,0,0,0,0,0,3655,4587.37,1.0905,23.2045,584359,184,55262,2234,1715218,736,221048,8936,32,4,867412,1712166,27757184,6848664,34605848,4,4,12,4,49,16,12,20,20,20260807,5,1,1,1,0,0,0,6687,0.278625,1,0.0015,0
3087,29446.9,10,0,2.28375,7.726,0,0,0,10.0098,361,361,0,1,1.80238,1.80238,1971,388,5,1288,0,0,0,0,0,3655,4587.37,1.0905,23.2045,584359,184,55262,2234,1715218,736,221048,8936,32,4,867412,1712166,27757184,6848664,34605848,4,4,12,4,49,16,12,20,20,20260807,5,1,1,1,0,0,0,6688,0.278667,1,0.0015,1
3088,29453.9,7,0,2.30613,4.58521,0,0,0,6.89133,361,361,0,1,1.80238,1.80238,1971,388,5,1288,0,0,0,0,0,3655,4587.37,1.0905,23.2045,584359,184,55262,2234,1715218,736,221048,8936,32,4,867412,1712166,27757184,6848664,34605848,4,4,12,4,49,16,12,20,20,20260807,5,1,1,1,0,0,0,6688,0.278667,1,0.0015,0
3089,29462.4,8,0,2.294,6.08383,0,0,0,8.37783,361,361,0,1,1.80238,1.80238,1971,388,5,1288,0,0,0,0,0,3655,4587.37,1.0905,23.2045,584359,184,55262,2234,1715218,736,221048,8936,32,4,867412,1712166,27757184,6848664,34605848,4,4,12,4,49,16,12,20,20,20260807,5,1,1,1,0,0,0,6688,0.278667,1,0.0015,0
3090,29469.4,6,0,2.31442,4.60158,0,0,0,6.916,361,361,0,1,1.80238,1.80238,1971,388,5,1288,0,0,0,0,0,3655,4587.37,1.0905,23.2045,584359,184,55262,2234,1715218,736,221048,8936,32,4,867412,1712166,27757184,6848664,34605848,4,4,12,4,49,16,12,20,20,20260807,5,1,1,1,0,0,0,6688,0.278667,1,0.0015,0
3091,29480.5,11,0,2.30092,8.70096,0,0,0,11.0019,361,361,0,1,1.80238,1.80238,1971,388,5,1288,0,0,0,0,0,3655,4587.37,1.0905,23.2045,584359,184,55262,2234,1715218,736,221048,8936,32,4,867412,1712166,27757184,6848664,34605848,4,4,12,4,49,16,12,20,20,20260807,5,1,1,1,0,0,0,6688,0.278667,1,0.0015,0
3092,29497.3,17,0,2.40933,14.387,0,0,0,16.7963,361,361,0,1,1.80238,1.80238,1971,388,5,1288,0,0,0,0,0,3655,4587.37,1.0905,23.2045,584359,184,55262,2234,1715218,736,221048,8936,32,4,867412,1712166,27757184,6848664,34605848,4,4,12,4,49,16,12,20,20,20260807,5,1,1,1,0,0,0,6688,0.278667,1,0.0015,0
3093,29513.7,16,0,2.50179,13.739,0,0,0,16.2407,361,361,0,1,1.80238,1.80238,1971,388,5,1288,0,0,0,0,0,3655,4587.37,1.0905,23.2045,584359,184,55262,2234,1715218,736,221048,8936,32,4,867412,1712166,27757184,6848664,34605848,4,4,12,4,49,16,12,20,20,20260807,5,1,1,1,0,0,0,6689,0.278708,1,0.0015,1
3094,29522.5,10,0,2.32321,6.33629,0,0,0,8.6595,361,361,0,1,1.80238,1.80238,1971,388,5,1288,0,0,0,0,0,3655,4587.37,1.0905,23.2045,584359,184,55262,2234,1715218,736,221048,8936,32,4,867412,1712166,27757184,6848664,34605848,4,4,12,4,49,16,12,20,20,20260807,5,1,1,1,0,0,0,6689,0.278708,1,0.0015,0
3095,29531.7,9,0,4.10667,5.06092,0,0,0,9.16758,361,361,0,1,1.80238,1.80238,1971,388,5,1288,0,0,0,0,0,3655,4587.37,1.0905,23.2045,584359,184,55262,2234,1715218,736,221048,8936,32,4,867412,1712166,27757184,6848664,34605848,4,4,12,4,49,16,12,20,20,20260807,5,1,1,1,0,0,0,6689,0.278708,1,0.0015,0
3096,29539.2,8,0,2.40713,5.04075,0,0,0,7.44787,361,361,0,1,1.80238,1.80238,1971,388,5,1288,0,0,0,0,0,3655,4587.37,1.0905,23.2045,584359,184,55262,2234,1715218,736,221048,8936,32,4,867412,1712166,27757184,6848664,34605848,4,4,12,4,49,16,12,20,20,20260807,5,1,1,1,0,0,0,6689,0.278708,1,0.0015,0
3097,29546.7,7,0,2.37608,4.99862,0,0,0,7.37471,361,361,0,1,1.80238,1.80238,1971,388,5,1288,0,0,0,0,0,3655,4587.37,1.0905,23.2045,584359,184,55262,2234,1715218,736,221048,8936,32,4,867412,1712166,27757184,6848664,34605848,4,4,12,4,49,16,12,20,20,20260807,5,1,1,1,0,0,0,6690,0.27875,1,0.0015,1
3098,29554.3,8,0,2.27575,5.25075,0,0,0,7.5265,361,361,0,1,1.80238,1.80238,1971,388,5,1288,0,0,0,0,0,3655,4587.37,1.0905,23.2045,584359,184,55262,2234,1715218,736,221048,8936,32,4,867412,1712166,27757184,6848664,34605848,4,4,12,4,49,16,12,20,20,20260807,5,1,1,1,0,0,0,6690,0.27875,1,0.0015,0
3099,29563,9,0,2.30008,6.30242,0,0,0,8.6025,361,361,0,1,1.80238,1.80238,1971,388,5,1288,0,0,0,0,0,3655,4587.37,1.0905,23.2045,584359,184,55262,2234,1715218,736,221048,8936,32,4,867412,1712166,27757184,6848664,34605848,4,4,12,4,49,16,12,20,20,20260807,5,1,1,1,0,0,0,6690,0.27875,1,0.0015,0
3100,29571.9,9,0,2.46254,6.39058,0,0,0,8.85313,361,361,0,1,1.80238,1.80238,1971,388,5,1288,0,0,0,0,0,3655,4587.37,1.0905,23.2045,584359,184,55262,2234,1715218,736,221048,8936,32,4,867412,1712166,27757184,6848664,34605848,4,4,12,4,49,16,12,20,20,20260807,5,1,1,1,0,0,0,6690,0.27875,1,0.0015,0
3101,29580.9,9,0,2.3875,6.51387,0,0,0,8.90137,361,361,0,1,1.80238,1.80238,1971,388,5,1288,0,0,0,0,0,3655,4587.37,1.0905,23.2045,584359,184,55262,2234,1715218,736,221048,8936,32,4,867412,1712166,27757184,6848664,34605848,4,4,12,4,49,16,12,20,20,20260807,5,1,1,1,0,0,0,6690,0.27875,1,0.0015,0
3102,29596.5,15,0,2.24788,13.307,0,0,0,15.5549,361,361,0,1,1.80238,1.80238,1971,388,5,1288,0,0,0,0,0,3655,4587.37,1.0905,23.2045,584359,184,55262,2234,1715218,736,221048,8936,32,4,867412,1712166,27757184,6848664,34605848,4,4,12,4,49,16,12,20,20,20260807,5,1,1,1,0,0,0,6690,0.27875,1,0.0015,0
3103,29604,8,0,2.40767,4.91146,0,0,0,7.31912,361,361,0,1,1.80238,1.80238,1971,388,5,1288,0,0,0,0,0,3655,4587.37,1.0905,23.2045,584359,184,55262,2234,1715218,736,221048,8936,32,4,867412,1712166,27757184,6848664,34605848,4,4,12,4,49,16,12,20,20,20260807,5,1,1,1,0,0,0,6691,0.278792,1,0.0015,1
3104,29613.1,9,0,2.43138,6.58008,0,0,0,9.01146,361,361,0,1,1.80238,1.80238,1971,388,5,1288,0,0,0,0,0,3655,4587.37,1.0905,23.2045,584359,184,55262,2234,1715218,736,221048,8936,32,4,867412,1712166,27757184,6848664,34605848,4,4,12,4,49,16,12,20,20,20260807,5,1,1,1,0,0,0,6691,0.278792,1,0.0015,0
3105,29620.7,8,0,2.52683,5.06846,0,0,0,7.59529,361,361,0,1,1.80238,1.80238,1971,388,5,1288,0,0,0,0,0,3655,4587.37,1.0905,23.2045,584359,184,55262,2234,1715218,736,221048,8936,32,4,867412,1712166,27757184,6848664,34605848,4,4,12,4,49,16,12,20,20,20260807,5,1,1,1,0,0,0,6691,0.278792,1,0.0015,0
3106,29629.8,9,0,2.38621,6.57571,0,0,0,8.96192,361,361,0,1,1.80238,1.80238,1971,388,5,1288,0,0,0,0,0,3655,4587.37,1.0905,23.2045,584359,184,55262,2234,1715218,736,221048,8936,32,4,867412,1712166,27757184,6848664,34605848,4,4,12,4,49,16,12,20,20,20260807,5,1,1,1,0,0,0,6691,0.278792,1,0.0015,0
3107,29637.9,8,0,2.257,5.72558,0,0,0,7.98258,361,361,0,1,1.80238,1.80238,1971,388,5,1288,0,0,0,0,0,3655,4587.37,1.0905,23.2045,584359,184,55262,2234,1715218,736,221048,8936,32,4,867412,1712166,27757184,6848664,34605848,4,4,12,4,49,16,12,20,20,20260807,5,1,1,1,0,0,0,6691,0.278792,1,0.0015,0
3108,29647.1,9,0,2.4775,6.68992,0,0,0,9.16742,361,361,0,1,1.80238,1.80238,1971,388,5,1288,0,0,0,0,0,3655,4587.37,1.0905,23.2045,584359,184,55262,2234,1715218,736,221048,8936,32,4,867412,1712166,27757184,6848664,34605848,4,4,12,4,49,16,12,20,20,20260807,5,1,1,1,0,0,0,6692,0.278833,1,0.0015,1
3109,29654.9,8,0,2.43312,5.15654,0,0,0,7.58967,361,361,0,1,1.80238,1.80238,1971,388,5,1288,0,0,0,0,0,3655,4587.37,1.0905,23.2045,584359,184,55262,2234,1715218,736,221048,8936,32,4,867412,1712166,27757184,6848664,34605848,4,4,12,4,49,16,12,20,20,20260807,5,1,1,1,0,0,0,6692,0.278833,1,0.0015,0
3110,29665.8,11,0,2.40833,5.38579,0,0,0,7.79413,361,361,0,1,1.80238,1.80238,1971,388,5,1288,0,0,0,0,0,3655,4587.37,1.0905,23.2045,584359,184,55262,2234,1715218,736,221048,8936,32,4,867412,1712166,27757184,6848664,34605848,4,4,12,4,49,16,12,20,20,20260807,5,1,1,1,0,0,0,6692,0.278833,1,0.0015,0
3111,29680.9,15,0,2.31258,12.7154,0,0,0,15.028,361,361,0,1,1.80238,1.80238,1971,388,5,1288,0,0,0,0,0,3655,4587.37,1.0905,23.2045,584359,184,55262,2234,1715218,736,221048,8936,32,4,867412,1712166,27757184,6848664,34605848,4,4,12,4,49,16,12,20,20,20260807,5,1,1,1,0,0,0,6692,0.278833,1,0.0015,0
3112,29689,8,0,2.376,5.37621,0,0,0,7.75221,361,361,0,1,1.80238,1.80238,1971,388,5,1288,0,0,0,0,0,3655,4587.37,1.0905,23.2045,584359,184,55262,2234,1715218,736,221048,8936,32,4,867412,1712166,27757184,6848664,34605848,4,4,12,4,49,16,12,20,20,20260807,5,1,1,1,0,0,0,6692,0.278833,1,0.0015,0
3113,29696.7,8,0,2.72512,4.92925,0,0,0,7.65437,361,361,0,1,1.80238,1.80238,1971,388,5,1288,0,0,0,0,0,3655,4587.37,1.0905,23.2045,584359,184,55262,2234,1715218,736,221048,8936,32,4,867412,1712166,27757184,6848664,34605848,4,4,12,4,49,16,12,20,20,20260807,5,1,1,1,0,0,0,6693,0.278875,1,0.0015,1
3114,29703.9,7,0,2.46488,4.58087,0,0,0,7.04575,361,361,0,1,1.80238,1.80238,1971,388,5,1288,0,0,0,0,0,3655,4587.37,1.0905,23.2045,584359,184,55262,2234,1715218,736,221048,8936,32,4,867412,1712166,27757184,6848664,34605848,4,4,12,4,49,16,12,20,20,20260807,5,1,1,1,0,0,0,6693,0.278875,1,0.0015,0
3115,29715.2,11,0,2.44121,8.82875,0,0,0,11.27,361,361,0,1,1.80238,1.80238,1971,388,5,1288,0,0,0,0,0,3655,4587.37,1.0905,23.2045,584359,184,55262,2234,1715218,736,221048,8936,32,4,867412,1712166,27757184,6848664,34605848,4,4,12,4,49,16,12,20,20,20260807,5,1,1,1,0,0,0,6693,0.278875,1,0.0015,0
3116,29730.1,15,0,2.46667,12.376,0,0,0,14.8427,361,361,0,1,1.80238,1.80238,1971,388,5,1288,0,0,0,0,0,3655,4587.37,1.0905,23.2045,584359,184,55262,2234,1715218,736,221048,8936,32,4,867412,1712166,27757184,6848664,34605848,4,4,12,4,49,16,12,20,20,20260807,5,1,1,1,0,0,0,6693,0.278875,1,0.0015,0
3117,29737.7,8,0,2.35392,5.17458,0,0,0,7.5285,361,361,0,1,1.80238,1.80238,1971,388,5,1288,0,0,0,0,0,3655,4587.37,1.0905,23.2045,584359,184,55262,2234,1715218,736,221048,8936,32,4,867412,1712166,27757184,6848664,34605848,4,4,12,4,49,16,12,20,20,20260807,5,1,1,1,0,0,0,6693,0.278875,1,0.0015,0
3118,29749.7,11,0,2.72083,9.08946,0,0,0,11.8103,361,361,0,1,1.80238,1.80238,1971,388,5,1288,0,0,0,0,0,3655,4587.37,1.0905,23.2045,584359,184,55262,2234,1715218,736,221048,8936,32,4,867412,1712166,27757184,6848664,34605848,4,4,12,4,49,16,12,20,20,20260807,5,1,1,1,0,0,0,6694,0.278917,1,0.0015,1
3119,29756.5,7,0,2.40187,4.33517,0,0,0,6.73704,361,361,0,1,1.80238,1.80238,1971,388,5,1288,0,0,0,0,0,3655,4587.37,1.0905,23.2045,584359,184,55262,2234,1715218,736,221048,8936,32,4,867412,1712166,27757184,6848664,34605848,4,4,12,4,49,16,12,20,20,20260807,5,1,1,1,0,0,0,6694,0.278917,1,0.0015,0
3120,29767.1,11,0,4.48021,6.01646,0,0,0,10.4967,361,361,0,1,1.80238,1.80238,1971,388,5,1288,0,0,0,0,0,3655,4587.37,1.0905,23.2045,584359,184,55262,2234,1715218,736,221048,8936,32,4,867412,1712166,27757184,6848664,34605848,4,4,12,4,49,16,12,20,20,20260807,5,1,1,1,0,0,0,6694,0.278917,1,0.0015,0
3121,29780,13,0,2.3995,10.4168,0,0,0,12.8163,361,361,0,1,1.80238,1.80238,1971,388,5,1288,0,0,0,0,0,3655,4587.37,1.0905,23.2045,584359,184,55262,2234,1715218,736,221048,8936,32,4,867412,1712166,27757184,6848664,34605848,4,4,12,4,49,16,12,20,20,20260807,5,1,1,1,0,0,0,6694,0.278917,1,0.0015,0
3122,29787.2,7,0,2.40096,4.72063,0,0,0,7.12158,361,361,0,1,1.80238,1.80238,1971,388,5,1288,0,0,0,0,0,3655,4587.37,1.0905,23.2045,584359,184,55262,2234,1715218,736,221048,8936,32,4,867412,1712166,27757184,6848664,34605848,4,4,12,4,49,16,12,20,20,20260807,5,1,1,1,0,0,0,6694,0.278917,1,0.0015,0
3123,29796.6,9,0,2.63133,6.651,0,0,0,9.28233,361,361,0,1,1.80238,1.80238,1971,388,5,1288,0,0,0,0,0,3655,4587.37,1.0905,23.2045,584359,184,55262,2234,1715218,736,221048,8936,32,4,867412,1712166,27757184,6848664,34605848,4,4,12,4,49,16,12,20,20,20260807,5,1,1,1,0,0,0,6695,0.278958,1,0.0015,1
3124,29804.2,8,0,2.40367,5.13929,0,0,0,7.54296,361,361,0,1,1.80238,1.80238,1971,388,5,1288,0,0,0,0,0,3655,4587.37,1.0905,23.2045,584359,184,55262,2234,1715218,736,221048,8936,32,4,867412,1712166,27757184,6848664,34605848,4,4,12,4,49,16,12,20,20,20260807,5,1,1,1,0,0,0,6695,0.278958,1,0.0015,0
3125,29814.1,10,0,2.30262,7.44742,0,0,0,9.75004,361,361,0,1,1.80238,1.80238,1971,388,5,1288,0,0,0,0,0,3655,4587.37,1.0905,23.2045,584359,184,55262,2234,1715218,736,221048,8936,32,4,867412,1712166,27757184,6848664,34605848,4,4,12,4,49,16,12,20,20,20260807,5,1,1,1,0,0,0,6695,0.278958,1,0.0015,0
3126,29825.4,11,0,3.21117,4.86883,0,0,0,8.08,361,361,0,1,1.80238,1.80238,1971,388,5,1288,0,0,0,0,0,3655,4587.37,1.0905,23.2045,584359,184,55262,2234,1715218,736,221048,8936,32,4,867412,1712166,27757184,6848664,34605848,4,4,12,4,49,16,12,20,20,20260807,5,1,1,1,0,0,0,6695,0.278958,1,0.0015,0
3127,29833.3,8,0,2.29017,5.30558,0,0,0,7.59575,361,361,0,1,1.80238,1.80238,1971,388,5,1288,0,0,0,0,0,3655,4587.37,1.0905,23.2045,584359,184,55262,2234,1715218,736,221048,8936,32,4,867412,1712166,27757184,6848664,34605848,4,4,12,4,49,16,12,20,20,20260807,5,1,1,1,0,0,0,6695,0.278958,1,0.0015,0
3128,29848.1,15,0,2.47867,11.8975,0,0,0,14.3761,361,361,0,1,1.80238,1.80238,1971,388,5,1288,0,0,0,0,0,3655,4587.37,1.0905,23.2045,584359,184,55262,2234,1715218,736,221048,8936,32,4,867412,1712166,27757184,6848664,34605848,4,4,12,4,49,16,12,20,20,20260807,5,1,1,1,0,0,0,6696,0.279,1,0.0015,1
3129,29857.8,10,0,4.56187,4.97133,0,0,0,9.53321,361,361,0,1,1.80238,1.80238,1971,388,5,1288,0,0,0,0,0,3655,4587.37,1.0905,23.2045,584359,184,55262,2234,1715218,736,221048,8936,32,4,867412,1712166,27757184,6848664,34605848,4,4,12,4,49,16,12,20,20,20260807,5,1,1,1,0,0,0,6696,0.279,1,0.0015,0
3130,29881,23,0,2.43662,20.7393,0,0,0,23.1759,361,361,0,1,1.80238,1.80238,1971,388,5,1288,0,0,0,0,0,3655,4587.37,1.0905,23.2045,584359,184,55262,2234,1715218,736,221048,8936,32,4,867412,1712166,27757184,6848664,34605848,4,4,12,4,49,16,12,20,20,20260807,5,1,1,1,0,0,0,6696,0.279,1,0.0015,0
3131,29889.4,8,0,2.76896,5.47204,0,0,0,8.241,361,361,0,1,1.80238,1.80238,1971,388,5,1288,0,0,0,0,0,3655,4587.37,1.0905,23.2045,584359,184,55262,2234,1715218,736,221048,8936,32,4,867412,1712166,27757184,6848664,34605848,4,4,12,4,49,16,12,20,20,20260807,5,1,1,1,0,0,0,6696,0.279,1,0.0015,0
3132,29897,8,0,2.62742,4.91442,0,0,0,7.54183,361,361,0,1,1.80238,1.80238,1971,388,5,1288,0,0,0,0,0,3655,4587.37,1.0905,23.2045,584359,184,55262,2234,1715218,736,221048,8936,32,4,867412,1712166,27757184,6848664,34605848,4,4,12,4,49,16,12,20,20,20260807,5,1,1,1,0,0,0,6697,0.279042,1,0.0015,1
3133,29914.5,17,0,2.37875,15.0796,0,0,0,17.4584,361,361,0,1,1.80238,1.80238,1971,388,5,1288,0,0,0,0,0,3655,4587.37,1.0905,23.2045,584359,184,55262,2234,1715218,736,221048,8936,32,4,867412,1712166,27757184,6848664,34605848,4,4,12,4,49,16,12,20,20,20260807,5,1,1,1,0,0,0,6697,0.279042,1,0.0015,0
3134,29921.8,8,0,2.463,4.73158,0,0,0,7.19458,361,361,0,1,1.80238,1.80238,1971,388,5,1288,0,0,0,0,0,3655,4587.37,1.0905,23.2045,584359,184,55262,2234,1715218,736,221048,8936,32,4,867412,1712166,27757184,6848664,34605848,4,4,12,4,49,16,12,20,20,20260807,5,1,1,1,0,0,0,6697,0.279042,1,0.0015,0
3135,29933.6,11,0,2.52842,9.08817,0,0,0,11.6166,361,361,0,1,1.80238,1.80238,1971,388,5,1288,0,0,0,0,0,3655,4587.37,1.0905,23.2045,584359,184,55262,2234,1715218,736,221048,8936,32,4,867412,1712166,27757184,6848664,34605848,4,4,12,4,49,16,12,20,20,20260807,5,1,1,1,0,0,0,6697,0.279042,1,0.0015,0
3136,29946.6,13,0,2.42567,10.5528,0,0,0,12.9785,361,361,0,1,1.80238,1.80238,1971,388,5,1288,0,0,0,0,0,3655,4587.37,1.0905,23.2045,584359,184,55262,2234,1715218,736,221048,8936,32,4,867412,1712166,27757184,6848664,34605848,4,4,12,4,49,16,12,20,20,20260807,5,1,1,1,0,0,0,6698,0.279083,1,0.0015,1
3137,29954.4,8,0,2.56838,5.15613,0,0,0,7.7245,361,361,0,1,1.80238,1.80238,1971,388,5,1288,0,0,0,0,0,3655,4587.37,1.0905,23.2045,584359,184,55262,2234,1715218,736,221048,8936,32,4,867412,1712166,27757184,6848664,34605848,4,4,12,4,49,16,12,20,20,20260807,5,1,1,1,0,0,0,6698,0.279083,1,0.0015,0
3138,29962.8,9,0,2.62858,5.62579,0,0,0,8.25437,361,361,0,1,1.80238,1.80238,1971,388,5,1288,0,0,0,0,0,3655,4587.37,1.0905,23.2045,584359,184,55262,2234,1715218,736,221048,8936,32,4,867412,1712166,27757184,6848664,34605848,4,4,12,4,49,16,12,20,20,20260807,5,1,1,1,0,0,0,6698,0.279083,1,0.0015,0
3139,29970.5,7,0,2.84008,4.81862,0,0,0,7.65871,361,361,0,1,1.80238,1.80238,1971,388,5,1288,0,0,0,0,0,3655,4587.37,1.0905,23.2045,584359,184,55262,2234,1715218,736,221048,8936,32,4,867412,1712166,27757184,6848664,34605848,4,4,12,4,49,16,12,20,20,20260807,5,1,1,1,0,0,0,6698,0.279083,1,0.0015,0
3140,29980.3,10,0,2.41529,7.24575,0,0,0,9.66104,361,361,0,1,1.80238,1.80238,1971,388,5,1288,0,0,0,0,0,3655,4587.37,1.0905,23.2045,584359,184,55262,2234,1715218,736,221048,8936,32,4,867412,1712166,27757184,6848664,34605848,4,4,12,4,49,16,12,20,20,20260807,5,1,1,1,0,0,0,6698,0.279083,1,0.0015,0
3141,29988.2,8,0,2.22158,5.6,0,0,0,7.82158,361,361,0,1,1.80238,1.80238,1971,388,5,1288,0,0,0,0,0,3655,4587.37,1.0905,23.2045,584359,184,55262,2234,1715218,736,221048,8936,32,4,867412,1712166,27757184,6848664,34605848,4,4,12,4,49,16,12,20,20,20260807,5,1,1,1,0,0,0,6698,0.279083,1,0.0015,0
3142,29996.9,9,0,2.37479,6.28917,0,0,0,8.66396,361,361,0,1,1.80238,1.80238,1971,388,5,1288,0,0,0,0,0,3655,4587.37,1.0905,23.2045,584359,184,55262,2234,1715218,736,221048,8936,32,4,867412,1712166,27757184,6848664,34605848,4,4,12,4,49,16,12,20,20,20260807,5,1,1,1,0,0,0,6699,0.279125,1,0.0015,1
3143,30004.9,8,0,2.45467,5.43846,0,0,0,7.89313,361,361,0,1,1.80238,1.80238,1971,388,5,1288,0,0,0,0,0,3655,4587.37,1.0905,23.2045,584359,184,55262,2234,1715218,736,221048,8936,32,4,867412,1712166,27757184,6848664,34605848,4,4,12,4,49,16,12,20,20,20260807,5,1,1,1,0,0,0,6699,0.279125,1,0.0015,0
