frame_index,measured_elapsed_ms,dt_ms,event_ms,update_ms,render_ms,debug_gui_ms,render_capture_ms,display_ms,frame_ms,existing_chunks,loaded_chunks,save_dirty_chunks,save_transactions,save_total_ms,save_max_ms,sections,mesh_dirty_sections,cpu_ready_sections,gpu_buffered_sections,queued_chunk_updates,random_tick_sections,random_tick_blocks,random_tick_sections_processed,random_ticks_dispatched,mesh_rebuilds,mesh_build_total_ms,mesh_build_last_ms,mesh_build_max_ms,solid_faces,transparent_faces,water_faces,flora_faces,solid_vertices,transparent_vertices,water_vertices,flora_vertices,terrain_vertex_stride_bytes,terrain_index_stride_bytes,resident_terrain_vertices,resident_terrain_indices,resident_terrain_vertex_bytes,resident_terrain_index_bytes,resident_terrain_buffer_bytes,actor_count,natural_mob_count,natural_mob_world_cap,natural_mob_local_cap,natural_mob_spawn_attempts,natural_mobs_spawned,natural_mobs_despawned,player_health,player_max_health,terrain_seed,terrain_generation_version,difficulty_profile_version,difficulty_id,post_victory_event_version,post_victory_completed_events,post_victory_active_event,post_victory_event_wave,world_time,day_cycle,daylight,fog_density,simulation_ticks
0,282.393,12,0,9.83929,273.395,0,0,0,283.235,132,131,0,1,2.03342,2.03342,671,283,4,333,0,0,0,0,0,1075,1357.36,0.990917,7.92975,142335,16,28725,132,396644,64,114900,528,32,4,205631,409464,6580192,1637856,8218048,4,4,12,4,8,8,4,20,20,20260807,5,1,1,1,0,0,0,6100,0.254167,1,0.0015,0
1,286.842,275,0,1.93483,2.42638,0,0,0,4.36121,150,149,0,1,2.03342,2.03342,761,313,56,339,0,0,0,0,0,1135,1435.16,1.08088,7.92975,151241,16,31797,132,421392,64,127188,528,32,4,209499,417750,6703968,1671000,8374968,4,4,12,4,8,8,4,20,20,20260807,5,1,1,1,0,0,0,6105,0.254375,1,0.0015,5
2,293.231,7,0,4.09808,2.19229,0,0,0,6.29038,150,150,0,1,2.03342,2.03342,766,317,48,347,0,0,0,0,0,1135,1435.16,1.08088,7.92975,151241,16,31797,132,421392,64,127188,528,32,4,215163,428526,6885216,1714104,8599320,4,4,12,4,8,8,4,20,20,20260807,5,1,1,1,0,0,0,6105,0.254375,1,0.0015,0
3,300.58,7,0,5.141,2.13192,0,0,0,7.27292,150,150,0,1,2.03342,2.03342,766,313,45,355,0,0,0,0,0,1140,1440.91,1.00475,7.92975,151895,16,32053,132,423208,64,128212,528,32,4,219822,437310,7034304,1749240,8783544,4,4,12,4,8,8,4,20,20,20260807,5,1,1,1,0,0,0,6105,0.254375,1,0.0015,0
4,311.654,11,0,8.87554,2.12175,0,0,0,10.9973,151,151,0,1,2.03342,2.03342,771,315,39,362,0,0,0,0,0,1142,1442.49,1.14446,7.92975,152004,16,32309,132,423516,64,129236,528,32,4,223993,445602,7167776,1782408,8950184,4,4,12,4,8,8,4,20,20,20260807,5,1,1,1,0,0,0,6105,0.254375,1,0.0015,0
5,321.886,11,0,7.85583,2.30925,0,0,0,10.1651,152,152,0,1,2.03342,2.03342,776,318,34,370,0,0,0,0,0,1145,1445.72,1.06067,7.92975,152711,16,32309,132,425535,64,129236,528,32,4,230056,457338,7361792,1829352,9191144,4,4,12,4,8,8,4,20,20,20260807,5,1,1,1,0,0,0,6105,0.254375,1,0.0015,0
6,331.129,9,0,6.75075,2.42696,0,0,0,9.17771,153,153,0,1,2.03342,2.03342,781,323,26,378,0,0,0,0,0,1145,1445.72,1.06067,7.92975,152711,16,32309,132,425535,64,129236,528,32,4,233868,464784,7483776,1859136,9342912,4,4,12,4,8,8,4,20,20,20260807,5,1,1,1,0,0,0,6105,0.254375,1,0.0015,0
7,335.466,4,0,1.56642,2.69925,0,0,0,4.26567,154,153,0,1,2.03342,2.03342,781,323,18,385,0,0,0,0,0,1145,1445.72,1.06067,7.92975,152711,16,32309,132,425535,64,129236,528,32,4,239004,474618,7648128,1898472,9546600,4,4,12,4,8,8,4,20,20,20260807,5,1,1,1,0,0,0,6105,0.254375,1,0.0015,0
8,345.702,10,0,7.24054,2.92204,0,0,0,10.1626,154,154,0,1,2.03342,2.03342,786,325,12,393,0,0,0,0,0,1147,1447.27,1.09058,7.92975,152861,16,32565,132,425939,64,130260,528,32,4,244014,484212,7808448,1936848,9745296,4,4,12,4,8,8,4,20,20,20260807,5,1,1,1,0,0,0,6106,0.254417,1,0.0015,1
9,350.255,5,0,1.86929,2.60071,0,0,0,4.47,154,154,0,1,2.03342,2.03342,786,323,7,401,0,0,0,0,0,1150,1452.39,2.25679,7.92975,153172,16,32565,132,426810,64,130260,528,32,4,248873,493914,7963936,1975656,9939592,4,4,12,4,8,8,4,20,20,20260807,5,1,1,1,0,0,0,6106,0.254417,1,0.0015,0
10,361.925,13,0,9.05213,2.54321,0,0,0,11.5953,155,155,0,1,2.03342,2.03342,791,326,1,408,0,0,0,0,0,1151,1453.03,0.635208,7.92975,153172,16,32821,132,426810,64,131284,528,32,4,252504,500406,8080128,2001624,10081752,4,4,12,4,8,8,4,20,20,20260807,5,1,1,1,0,0,0,6106,0.254417,1,0.0015,0
11,365.881,4,0,1.404,2.40479,0,0,0,3.80879,155,155,0,1,2.03342,2.03342,791,323,1,411,0,0,0,0,0,1154,1456.87,1.17104,7.92975,153448,16,32821,132,427543,64,131284,528,32,4,254247,503562,8135904,2014248,10150152,4,4,12,4,8,8,4,20,20,20260807,5,1,1,1,0,0,0,6106,0.254417,1,0.0015,0
12,378.375,11,0,9.80958,2.61317,0,0,0,12.4228,157,156,0,1,2.03342,2.03342,796,328,0,413,0,0,0,0,0,1155,1458.24,1.36996,7.92975,153651,16,32821,132,428089,64,131284,528,32,4,254807,504816,8153824,2019264,10173088,4,4,12,4,8,8,4,20,20,20260807,5,1,1,1,0,0,0,6106,0.254417,1,0.0015,0
13,383.186,5,0,1.16429,3.57104,0,0,0,4.73533,157,156,0,1,2.03342,2.03342,796,328,0,413,0,0,0,0,0,1155,1458.24,1.36996,7.92975,153651,16,32821,132,428089,64,131284,528,32,4,254807,504816,8153824,2019264,10173088,4,4,12,4,8,8,4,20,20,20260807,5,1,1,1,0,0,0,6106,0.254417,1,0.0015,0
14,394.417,11,0,1.897,9.23529,0,0,0,11.1323,157,157,0,1,2.03342,2.03342,801,333,0,413,0,0,0,0,0,1155,1458.24,1.36996,7.92975,153651,16,32821,132,428089,64,131284,528,32,4,254807,504816,8153824,2019264,10173088,4,4,12,4,8,8,4,20,20,20260807,5,1,1,1,0,0,0,6107,0.254458,1,0.0015,1
15,399.909,6,0,1.49863,3.91325,0,0,0,5.41188,158,158,0,1,2.03342,2.03342,806,337,0,413,0,0,0,0,0,1155,1458.24,1.36996,7.92975,153651,16,32821,132,428089,64,131284,528,32,4,254807,504816,8153824,2019264,10173088,4,4,12,4,8,8,4,20,20,20260807,5,1,1,1,0,0,0,6107,0.254458,1,0.0015,0
16,414.96,15,0,12.307,2.66867,0,0,0,14.9757,159,159,0,1,2.03342,2.03342,811,338,3,415,0,0,0,0,0,1160,1465.02,0.941792,7.92975,154804,16,33077,132,431327,64,132308,528,32,4,256870,508590,8219840,2034360,10254200,4,4,12,4,8,8,4,20,20,20260807,5,1,1,1,0,0,0,6107,0.254458,1,0.0015,0
17,419.371,4,0,1.60396,2.73546,0,0,0,4.33942,159,159,0,1,2.03342,2.03342,811,334,1,420,0,0,0,0,0,1163,1467.78,1.06088,7.92975,154861,16,33333,132,431486,64,133332,528,32,4,260252,515148,8328064,2060592,10388656,4,4,12,4,8,8,4,20,20,20260807,5,1,1,1,0,0,0,6107,0.254458,1,0.0015,0
18,428.277,9,0,6.40421,2.42721,0,0,0,8.83142,160,159,0,1,2.03342,2.03342,811,333,0,422,0,0,0,0,0,1165,1470.58,1.36688,7.92975,154926,16,33333,132,431673,64,133332,528,32,4,260439,515538,8334048,2062152,10396200,4,4,12,4,8,8,4,20,20,20260807,5,1,1,1,0,0,0,6107,0.254458,1,0.0015,0
19,437.07,9,0,6.03196,2.68775,0,0,0,8.71971,156,156,0,1,2.03342,2.03342,796,318,0,422,0,0,0,0,0,1165,1470.58,1.36688,7.92975,154926,16,33333,132,431673,64,133332,528,32,4,260439,515538,8334048,2062152,10396200,4,4,12,4,8,8,4,20,20,20260807,5,1,1,1,0,0,0,6107,0.254458,1,0.0015,0
20,443.872,7,0,1.34475,5.38517,0,0,0,6.72992,156,156,0,1,2.03342,2.03342,796,318,0,422,0,0,0,0,0,1165,1470.58,1.36688,7.92975,154926,16,33333,132,431673,64,133332,528,32,4,260439,515538,8334048,2062152,10396200,4,4,12,4,8,8,4,20,20,20260807,5,1,1,1,0,0,0,6108,0.2545,1,0.0015,1
21,447.876,4,0,1.32983,2.58758,0,0,0,3.91742,157,156,0,1,2.03342,2.03342,796,318,0,422,0,0,0,0,0,1165,1470.58,1.36688,7.92975,154926,16,33333,132,431673,64,133332,528,32,4,260439,515538,8334048,2062152,10396200,4,4,12,4,8,8,4,20,20,20260807,5,1,1,1,0,0,0,6108,0.2545,1,0.0015,0
22,460.684,12,0,1.17754,11.5508,0,0,0,12.7283,157,156,0,1,2.03342,2.03342,796,318,0,422,0,0,0,0,0,1165,1470.58,1.36688,7.92975,154926,16,33333,132,431673,64,133332,528,32,4,260439,515538,8334048,2062152,10396200,4,4,12,4,8,8,4,20,20,20260807,5,1,1,1,0,0,0,6108,0.2545,1,0.0015,0
23,466.096,6,0,2.54871,2.78904,0,0,0,5.33775,158,158,0,1,2.03342,2.03342,806,328,0,422,0,0,0,0,0,1165,1470.58,1.36688,7.92975,154926,16,33333,132,431673,64,133332,528,32,4,260439,515538,8334048,2062152,10396200,4,4,12,4,8,8,4,20,20,20260807,5,1,1,1,0,0,0,6108,0.2545,1,0.0015,0
24,477.825,11,0,1.19308,10.4596,0,0,0,11.6527,159,158,0,1,2.03342,2.03342,806,328,0,422,0,0,0,0,0,1165,1470.58,1.36688,7.92975,154926,16,33333,132,431673,64,133332,528,32,4,260439,515538,8334048,2062152,10396200,4,4,12,4,8,8,4,20,20,20260807,5,1,1,1,0,0,0,6108,0.2545,1,0.0015,0
25,485.113,8,0,4.32763,2.87779,0,0,0,7.20542,160,160,0,1,2.03342,2.03342,816,338,0,422,0,0,0,0,0,1165,1470.58,1.36688,7.92975,154926,16,33333,132,431673,64,133332,528,32,4,260439,515538,8334048,2062152,10396200,4,4,12,4,8,8,4,20,20,20260807,5,1,1,1,0,0,0,6108,0.2545,1,0.0015,0
26,494.96,10,0,7.31408,2.41988,0,0,0,9.73396,161,160,0,1,2.03342,2.03342,816,333,4,423,0,0,0,0,0,1170,1476.04,1.02692,7.92975,155519,16,33589,132,433274,64,134356,528,32,4,261463,517074,8366816,2068296,10435112,4,4,12,4,8,8,4,20,20,20260807,5,1,1,1,0,0,0,6109,0.254542,1,0.0015,1
27,503.497,8,0,5.5815,2.89017,0,0,0,8.47167,161,161,0,1,2.03342,2.03342,821,338,0,427,0,0,0,0,0,1170,1476.04,1.02692,7.92975,155519,16,33589,132,433274,64,134356,528,32,4,263064,520632,8418048,2082528,10500576,4,4,12,4,8,8,4,20,20,20260807,5,1,1,1,0,0,0,6109,0.254542,1,0.0015,0
28,511.658,8,0,5.645,2.44212,0,0,0,8.08713,162,161,0,1,2.03342,2.03342,821,333,3,429,0,0,0,0,0,1175,1480.83,0.85575,7.92975,155928,16,33845,132,434373,64,135380,528,32,4,264288,522600,8457216,2090400,10547616,4,4,12,4,8,8,4,20,20,20260807,5,1,1,1,0,0,0,6109,0.254542,1,0.0015,0
29,520.079,9,0,5.77133,2.57733,0,0,0,8.34867,162,162,0,1,2.03342,2.03342,826,338,0,432,0,0,0,0,0,1175,1480.83,0.85575,7.92975,155928,16,33845,132,434373,64,135380,528,32,4,265187,524622,8485984,2098488,10584472,4,4,12,4,8,8,4,20,20,20260807,5,1,1,1,0,0,0,6109,0.254542,1,0.0015,0
30,528.946,9,0,5.95279,2.84429,0,0,0,8.79708,162,162,0,1,2.03342,2.03342,826,333,3,433,0,0,0,0,0,1179,1485.78,1.41104,7.92975,156377,16,34101,132,435601,64,136404,528,32,4,266211,526158,8518752,2104632,10623384,4,4,12,4,8,8,4,20,20,20260807,5,1,1,1,0,0,0,6109,0.254542,1,0.0015,0
31,537.11,8,0,5.24271,2.83667,0,0,0,8.07938,163,163,0,1,2.03342,2.03342,831,338,0,437,0,0,0,0,0,1180,1487.05,1.26533,7.92975,156404,16,34101,132,435684,64,136404,528,32,4,267522,529014,8560704,2116056,10676760,4,4,12,4,8,8,4,20,20,20260807,5,1,1,1,0,0,0,6109,0.254542,1,0.0015,0
32,545.273,8,0,5.3015,2.79,0,0,0,8.0915,163,163,0,1,2.03342,2.03342,831,333,3,438,0,0,0,0,0,1184,1491.34,1.16637,7.92975,156997,16,34357,132,437341,64,137428,528,32,4,268546,530550,8593472,2122200,10715672,4,4,12,4,8,8,4,20,20,20260807,5,1,1,1,0,0,0,6110,0.254583,1,0.0015,1
33,549.411,4,0,1.41854,2.60663,0,0,0,4.02517,164,163,0,1,2.03342,2.03342,831,333,0,442,0,0,0,0,0,1185,1492.66,1.31812,7.92975,157106,16,34357,132,437643,64,137428,528,32,4,270505,534762,8656160,2139048,10795208,4,4,12,4,8,8,4,20,20,20260807,5,1,1,1,0,0,0,6110,0.254583,1,0.0015,0
34,560.937,12,0,3.27787,8.17333,0,0,0,11.4512,164,164,0,1,2.03342,2.03342,836,338,0,442,0,0,0,0,0,1185,1492.66,1.31812,7.92975,157106,16,34357,132,437643,64,137428,528,32,4,270505,534762,8656160,2139048,10795208,4,4,12,4,8,8,4,20,20,20260807,5,1,1,1,0,0,0,6110,0.254583,1,0.0015,0
35,571.351,10,0,7.02292,3.30683,0,0,0,10.3298,165,165,0,1,2.03342,2.03342,841,338,0,447,0,0,0,0,0,1190,1497.83,1.39808,7.92975,157660,16,34613,132,439177,64,138452,528,32,4,273063,539622,8738016,2158488,10896504,4,4,12,4,8,8,4,20,20,20260807,5,1,1,1,0,0,0,6110,0.254583,1,0.0015,0
36,577.521,6,0,1.1975,4.89479,0,0,0,6.09229,166,165,0,1,2.03342,2.03342,841,338,0,447,0,0,0,0,0,1190,1497.83,1.39808,7.92975,157660,16,34613,132,439177,64,138452,528,32,4,273063,539622,8738016,2158488,10896504,4,4,12,4,8,8,4,20,20,20260807,5,1,1,1,0,0,0,6110,0.254583,1,0.0015,0
37,583.225,6,0,1.18908,4.43088,0,0,0,5.61996,167,166,0,1,2.03342,2.03342,846,343,0,447,0,0,0,0,0,1190,1497.83,1.39808,7.92975,157660,16,34613,132,439177,64,138452,528,32,4,273063,539622,8738016,2158488,10896504,4,4,12,4,8,8,4,20,20,20260807,5,1,1,1,0,0,0,6110,0.254583,1,0.0015,0
38,593.96,11,0,3.8595,6.79717,0,0,0,10.6567,167,167,0,1,2.03342,2.03342,851,348,0,447,0,0,0,0,0,1190,1497.83,1.39808,7.92975,157660,16,34613,132,439177,64,138452,528,32,4,273063,539622,8738016,2158488,10896504,4,4,12,4,8,8,4,20,20,20260807,5,1,1,1,0,0,0,6111,0.254625,1,0.0015,1
39,601.596,7,0,4.15433,3.40033,0,0,0,7.55467,168,167,0,1,2.03342,2.03342,851,343,0,452,0,0,0,0,0,1195,1502.28,0.982417,7.92975,158844,16,34765,132,442483,64,139060,528,32,4,276977,547638,8863264,2190552,11053816,4,4,12,4,8,8,4,20,20,20260807,5,1,1,1,0,0,0,6111,0.254625,1,0.0015,0
40,611.015,10,0,2.50779,6.78221,0,0,0,9.29,168,168,0,1,2.03342,2.03342,856,348,0,452,0,0,0,0,0,1195,1502.28,0.982417,7.92975,158844,16,34765,132,442483,64,139060,528,32,4,276977,547638,8863264,2190552,11053816,4,4,12,4,8,8,4,20,20,20260807,5,1,1,1,0,0,0,6111,0.254625,1,0.0015,0
41,617.657,6,0,3.22713,3.33621,0,0,0,6.56333,169,168,0,1,2.03342,2.03342,856,343,1,456,0,0,0,0,0,1200,1508.33,1.00692,7.92975,159292,16,35021,132,443737,64,140084,528,32,4,279255,551862,8936160,2207448,11143608,4,4,12,4,8,8,4,20,20,20260807,5,1,1,1,0,0,0,6111,0.254625,1,0.0015,0
42,627.788,10,0,4.09471,5.95596,0,0,0,10.0507,169,169,0,1,2.03342,2.03342,861,348,0,456,0,0,0,0,0,1200,1508.33,1.00692,7.92975,159292,16,35021,132,443737,64,140084,528,32,4,279255,551862,8936160,2207448,11143608,4,4,12,4,8,8,4,20,20,20260807,5,1,1,1,0,0,0,6111,0.254625,1,0.0015,0
43,634.721,7,0,3.548,3.30446,0,0,0,6.85246,170,169,0,1,2.03342,2.03342,861,343,1,460,0,0,0,0,0,1205,1513.4,1.16867,7.92975,159722,16,35277,132,444949,64,141108,528,32,4,281491,555978,9007712,2223912,11231624,4,4,12,4,8,8,4,20,20,20260807,5,1,1,1,0,0,0,6111,0.254625,1,0.0015,0
44,644.561,10,0,3.69112,6.05142,0,0,0,9.74254,170,170,0,1,2.03342,2.03342,866,348,0,460,0,0,0,0,0,1205,1513.4,1.16867,7.92975,159722,16,35277,132,444949,64,141108,528,32,4,281491,555978,9007712,2223912,11231624,4,4,12,4,8,8,4,20,20,20260807,5,1,1,1,0,0,0,6112,0.254667,1,0.0015,1
45,649.657,5,0,2.14854,2.86638,0,0,0,5.01492,170,170,0,1,2.03342,2.03342,866,343,1,464,0,0,0,0,0,1210,1519.02,1.07496,7.92975,160369,16,35533,132,446686,64,142132,528,32,4,284142,561126,9092544,2244504,11337048,4,4,12,4,8,8,4,20,20,20260807,5,1,1,1,0,0,0,6112,0.254667,1,0.0015,0
46,662.638,13,0,9.66746,3.24042,0,0,0,12.9079,171,171,0,1,2.03342,2.03342,871,345,2,465,0,0,0,0,0,1212,1521.53,1.60512,7.92975,160702,16,35789,132,447620,64,143156,528,32,4,284252,561396,9096064,2245584,11341648,4,4,12,4,8,8,4,20,20,20260807,5,1,1,1,0,0,0,6112,0.254667,1,0.0015,0
47,667.422,5,0,1.81171,2.88358,0,0,0,4.69529,171,171,0,1,2.03342,2.03342,871,343,0,469,0,0,0,0,0,1214,1524.51,1.82012,7.92975,161539,16,35789,132,450008,64,143156,528,32,4,288598,569952,9235136,2279808,11514944,4,4,12,4,8,8,4,20,20,20260807,5,1,1,1,0,0,0,6112,0.254667,1,0.0015,0
48,679.927,13,0,9.49025,2.9355,0,0,0,12.4258,172,172,0,1,2.03342,2.03342,876,345,2,470,0,0,0,0,0,1217,1527.47,1.18892,7.92975,161856,16,36045,132,450901,64,144180,528,32,4,289150,571110,9252800,2284440,11537240,4,4,12,4,8,8,4,20,20,20260807,5,1,1,1,0,0,0,6112,0.254667,1,0.0015,0
49,685.123,5,0,1.73383,3.3745,0,0,0,5.10833,173,172,0,1,2.03342,2.03342,876,343,0,474,0,0,0,0,0,1220,1530.85,0.940584,7.92975,162437,16,36045,132,452518,64,144180,528,32,4,292132,576876,9348224,2307504,11655728,4,4,12,4,8,8,4,20,20,20260807,5,1,1,1,0,0,0,6112,0.254667,1,0.0015,0
50,694.349,9,0,4.16946,4.97854,0,0,0,9.148,173,173,0,1,2.03342,2.03342,881,348,0,474,0,0,0,0,0,1220,1530.85,0.940584,7.92975,162437,16,36045,132,452518,64,144180,528,32,4,292132,576876,9348224,2307504,11655728,4,4,12,4,8,8,4,20,20,20260807,5,1,1,1,0,0,0,6113,0.254708,1,0.0015,1
51,701.542,7,0,4.04479,3.05604,0,0,0,7.10083,173,173,0,1,2.03342,2.03342,881,343,2,476,0,0,0,0,0,1224,1536.1,1.05871,7.92975,163254,16,36301,132,454784,64,145204,528,32,4,293556,579312,9393792,2317248,11711040,4,4,12,4,8,8,4,20,20,20260807,5,1,1,1,0,0,0,6113,0.254708,1,0.0015,0
52,713.503,12,0,8.84046,3.0415,0,0,0,11.882,174,174,0,1,2.03342,2.03342,886,348,0,478,0,0,0,0,0,1225,1537.1,0.9985,7.92975,163254,16,36301,132,454784,64,145204,528,32,4,295422,583314,9453504,2333256,11786760,4,4,12,4,8,8,4,20,20,20260807,5,1,1,1,0,0,0,6113,0.254708,1,0.0015,0
53,719.931,7,0,2.97812,3.37358,0,0,0,6.35171,174,174,0,1,2.03342,2.03342,886,344,2,479,0,0,0,0,0,1228,1540.29,1.14813,7.92975,163715,16,36557,132,456016,64,146228,528,32,4,296446,584850,9486272,2339400,11825672,4,4,12,4,8,8,4,20,20,20260807,5,1,1,1,0,0,0,6113,0.254708,1,0.0015,0
54,731.832,11,0,8.83837,2.983,0,0,0,11.8214,175,175,0,1,2.03342,2.03342,891,348,1,482,0,0,0,0,0,1230,1543.88,1.88054,7.92975,164150,16,36557,132,457204,64,146228,528,32,4,298846,590178,9563072,2360712,11923784,4,4,12,4,8,8,4,20,20,20260807,5,1,1,1,0,0,0,6113,0.254708,1,0.0015,0
55,737.23,6,0,2.03371,3.23608,0,0,0,5.26979,175,175,0,1,2.03342,2.03342,891,345,1,484,0,0,0,0,0,1232,1545.96,1.63442,7.92975,164428,16,36813,132,457993,64,147252,528,32,4,299890,591762,9596480,2367048,11963528,4,4,12,4,8,8,4,20,20,20260807,5,1,1,1,0,0,0,6113,0.254708,1,0.0015,0
56,745.601,8,0,5.40233,2.89487,0,0,0,8.29721,176,175,0,1,2.03342,2.03342,891,343,1,487,0,0,0,0,0,1235,1550.53,1.29971,7.92975,164760,16,36813,132,458940,64,147252,528,32,4,301618,595404,9651776,2381616,12033392,4,4,12,4,8,8,4,20,20,20260807,5,1,1,1,0,0,0,6114,0.25475,1,0.0015,1
57,751.489,6,0,2.6095,3.19604,0,0,0,5.80554,176,176,0,1,2.03342,2.03342,896,347,0,488,0,0,0,0,0,1235,1550.53,1.29971,7.92975,164760,16,36813,132,458940,64,147252,528,32,4,301626,595422,9652032,2381688,12033720,4,4,12,4,8,8,4,20,20,20260807,5,1,1,1,0,0,0,6114,0.25475,1,0.0015,0
58,766.236,15,0,11.5922,3.07754,0,0,0,14.6698,177,177,0,1,2.03342,2.03342,901,348,3,490,0,0,0,0,0,1240,1556.28,1.01279,7.92975,165465,16,37069,132,460886,64,148276,528,32,4,303352,598476,9707264,2393904,12101168,4,4,12,4,8,8,4,20,20,20260807,5,1,1,1,0,0,0,6114,0.25475,1,0.0015,0
59,771.184,5,0,1.60654,3.26187,0,0,0,4.86842,177,177,0,1,2.03342,2.03342,901,346,0,494,0,0,0,0,0,1241,1556.97,0.69025,7.92975,165465,16,37325,132,460886,64,149300,528,32,4,305620,602724,9779840,2410896,12190736,4,4,12,4,8,8,4,20,20,20260807,5,1,1,1,0,0,0,6114,0.25475,1,0.0015,0
60,779.253,8,0,5.03054,2.94988,0,0,0,7.98042,178,177,0,1,2.03342,2.03342,901,343,1,497,0,0,0,0,0,1245,1563.3,2.06046,7.92975,166269,16,37325,132,463077,64,149300,528,32,4,307487,606828,9839584,2427312,12266896,4,4,12,4,8,8,4,20,20,20260807,5,1,1,1,0,0,0,6114,0.25475,1,0.0015,0
61,785.544,6,0,2.73438,3.47112,0,0,0,6.2055,178,178,0,1,2.03342,2.03342,906,348,0,498,0,0,0,0,0,1245,1563.3,2.06046,7.92975,166269,16,37325,132,463077,64,149300,528,32,4,307811,607548,9849952,2430192,12280144,4,4,12,4,8,8,4,20,20,20260807,5,1,1,1,0,0,0,6114,0.25475,1,0.0015,0
62,795.468,10,0,6.93933,2.89792,0,0,0,9.83725,179,178,0,1,2.03342,2.03342,906,343,3,500,0,0,0,0,0,1250,1568.89,1.06438,7.92975,166460,16,37325,132,463595,64,149300,528,32,4,308120,608232,9859840,2432928,12292768,4,4,12,4,8,8,4,20,20,20260807,5,1,1,1,0,0,0,6115,0.254792,1,0.0015,1
63,803.101,8,0,4.27854,3.2765,0,0,0,7.55504,179,179,0,1,2.03342,2.03342,911,348,0,502,0,0,0,0,0,1250,1568.89,1.06438,7.92975,166460,16,37325,132,463595,64,149300,528,32,4,308329,608694,9866528,2434776,12301304,4,4,12,4,8,8,4,20,20,20260807,5,1,1,1,0,0,0,6115,0.254792,1,0.0015,0
64,813.214,10,0,6.7855,3.24213,0,0,0,10.0276,179,179,0,1,2.03342,2.03342,911,343,3,503,0,0,0,0,0,1254,1573.73,1.04704,7.92975,167094,16,37351,132,465382,64,149404,528,32,4,308674,609342,9877568,2437368,12314936,4,4,12,4,8,8,4,20,20,20260807,5,1,1,1,0,0,0,6115,0.254792,1,0.0015,0
65,821.749,8,0,4.9055,3.4825,0,0,0,8.388,180,180,0,1,2.03342,2.03342,916,347,0,507,0,0,0,0,0,1255,1574.73,0.996959,7.92975,167307,16,37351,132,465970,64,149404,528,32,4,310808,613932,9945856,2455728,12401584,4,4,12,4,8,8,4,20,20,20260807,5,1,1,1,0,0,0,6115,0.254792,1,0.0015,0
66,829.118,8,0,4.25296,3.02979,0,0,0,7.28275,180,180,0,1,2.03342,2.03342,916,343,2,510,0,0,0,0,0,1260,1580.21,1.05742,7.92975,168570,16,37599,132,469418,64,150396,528,32,4,313592,619362,10034944,2477448,12512392,4,4,12,4,8,8,4,20,20,20260807,5,1,1,1,0,0,0,6115,0.254792,1,0.0015,0
67,835.066,6,0,2.74908,3.12087,0,0,0,5.86996,181,180,0,1,2.03342,2.03342,916,343,0,512,0,0,0,0,0,1260,1580.21,1.05742,7.92975,168570,16,37599,132,469418,64,150396,528,32,4,315248,622998,10087936,2491992,12579928,4,4,12,4,8,8,4,20,20,20260807,5,1,1,1,0,0,0,6115,0.254792,1,0.0015,0
68,844.603,9,0,1.79733,7.65813,0,0,0,9.45546,181,181,0,1,2.03342,2.03342,921,348,0,512,0,0,0,0,0,1260,1580.21,1.05742,7.92975,168570,16,37599,132,469418,64,150396,528,32,4,315248,622998,10087936,2491992,12579928,4,4,12,4,8,8,4,20,20,20260807,5,1,1,1,0,0,0,6116,0.254833,1,0.0015,1
69,853.032,9,0,5.21338,3.13079,0,0,0,8.34417,182,181,0,1,2.03342,2.03342,921,343,0,516,0,0,0,0,0,1265,1585.72,1.01862,7.92975,169079,16,37855,132,470803,64,151420,528,32,4,317657,627588,10165024,2510352,12675376,4,4,12,4,8,8,4,20,20,20260807,5,1,1,1,0,0,0,6116,0.254833,1,0.0015,0
70,861.628,8,0,3.15392,5.30788,0,0,0,8.46179,182,182,0,1,2.03342,2.03342,926,348,0,516,0,0,0,0,0,1265,1585.72,1.01862,7.92975,169079,16,37855,132,470803,64,151420,528,32,4,317657,627588,10165024,2510352,12675376,4,4,12,4,8,8,4,20,20,20260807,5,1,1,1,0,0,0,6116,0.254833,1,0.0015,0
71,868.363,7,0,3.45221,3.19408,0,0,0,6.64629,182,182,0,1,2.03342,2.03342,926,343,1,520,0,0,0,0,0,1270,1590.98,1.03854,7.92975,169688,16,38111,132,472477,64,152444,528,32,4,320355,632778,10251360,2531112,12782472,4,4,12,4,8,8,4,20,20,20260807,5,1,1,1,0,0,0,6116,0.254833,1,0.0015,0
72,877.758,9,0,1.31825,8.00679,0,0,0,9.32504,183,182,0,1,2.03342,2.03342,926,343,0,520,0,0,0,0,0,1270,1590.98,1.03854,7.92975,169688,16,38111,132,472477,64,152444,528,32,4,320355,632778,10251360,2531112,12782472,4,4,12,4,8,8,4,20,20,20260807,5,1,1,1,0,0,0,6116,0.254833,1,0.0015,0
73,882.549,5,0,1.4315,3.27363,0,0,0,4.70512,183,183,0,1,2.03342,2.03342,931,345,1,521,0,0,0,0,0,1272,1593.45,1.51071,7.92975,170050,16,38367,132,473490,64,153468,528,32,4,321379,634314,10284128,2537256,12821384,4,4,12,4,8,8,4,20,20,20260807,5,1,1,1,0,0,0,6116,0.254833,1,0.0015,0
74,897.913,16,0,11.6971,3.58588,0,0,0,15.283,184,184,0,1,2.03342,2.03342,936,348,1,524,0,0,0,0,0,1275,1598.43,1.39821,7.92975,170890,16,38367,132,475866,64,153468,528,32,4,324768,641526,10392576,2566104,12958680,4,4,12,4,8,8,4,20,20,20260807,5,1,1,1,0,0,0,6116,0.254833,1,0.0015,0
75,904.976,7,0,3.35038,3.62988,0,0,0,6.98025,184,184,0,1,2.03342,2.03342,936,343,3,526,0,0,0,0,0,1280,1603.44,0.966209,7.92975,171481,16,38623,132,477437,64,154492,528,32,4,326241,644058,10439712,2576232,13015944,4,4,12,4,8,8,4,20,20,20260807,5,1,1,1,0,0,0,6117,0.254875,1,0.0015,1
76,913.819,8,0,5.11308,3.65075,0,0,0,8.76383,185,185,0,1,2.03342,2.03342,941,348,0,527,0,0,0,0,0,1280,1603.44,0.966209,7.92975,171481,16,38623,132,477437,64,154492,528,32,4,327363,646608,10475616,2586432,13062048,4,4,12,4,8,8,4,20,20,20260807,5,1,1,1,0,0,0,6117,0.254875,1,0.0015,0
77,918.539,5,0,1.3005,3.33975,0,0,0,4.64025,186,185,0,1,2.03342,2.03342,941,348,0,527,0,0,0,0,0,1280,1603.44,0.966209,7.92975,171481,16,38623,132,477437,64,154492,528,32,4,327363,646608,10475616,2586432,13062048,4,4,12,4,8,8,4,20,20,20260807,5,1,1,1,0,0,0,6117,0.254875,1,0.0015,0
78,927.821,9,0,1.2835,7.91621,0,0,0,9.19971,187,186,0,1,2.03342,2.03342,946,353,0,527,0,0,0,0,0,1280,1603.44,0.966209,7.92975,171481,16,38623,132,477437,64,154492,528,32,4,327363,646608,10475616,2586432,13062048,4,4,12,4,8,8,4,20,20,20260807,5,1,1,1,0,0,0,6117,0.254875,1,0.0015,0
79,933.806,6,0,1.30371,4.60663,0,0,0,5.91033,187,187,0,1,2.03342,2.03342,952,359,0,527,0,0,0,0,0,1280,1603.44,0.966209,7.92975,171481,16,38623,132,477437,64,154492,528,32,4,327363,646608,10475616,2586432,13062048,4,4,12,4,8,8,4,20,20,20260807,5,1,1,1,0,0,0,6117,0.254875,1,0.0015,0
80,945.587,12,0,8.76688,2.93775,0,0,0,11.7046,188,187,0,1,2.03342,2.03342,952,354,3,529,0,0,0,0,0,1285,1612,1.98796,7.92975,172139,16,38623,136,479609,64,154492,544,32,4,329133,649614,10532256,2598456,13130712,4,4,12,4,8,8,4,20,20,20260807,5,1,1,1,0,0,0,6118,0.254917,1,0.0015,1
81,953.65,8,0,4.83317,3.15879,0,0,0,7.99196,188,188,0,1,2.03342,2.03342,957,358,0,532,0,0,0,0,0,1285,1612,1.98796,7.92975,172139,16,38623,136,479609,64,154492,544,32,4,329551,650580,10545632,2602320,13147952,4,4,12,4,8,8,4,20,20,20260807,5,1,1,1,0,0,0,6118,0.254917,1,0.0015,0
82,962.302,9,0,5.56879,3.01142,0,0,0,8.58021,189,188,0,1,2.03342,2.03342,957,354,2,534,0,0,0,0,0,1290,1616.98,1.03092,7.92975,172751,16,38623,136,481290,64,154492,544,32,4,331122,654012,10595904,2616048,13211952,4,4,12,4,8,8,4,20,20,20260807,5,1,1,1,0,0,0,6118,0.254917,1,0.0015,0
83,970.484,8,0,4.6855,3.42779,0,0,0,8.11329,189,189,0,1,2.03342,2.03342,962,359,0,535,0,0,0,0,0,1290,1616.98,1.03092,7.92975,172751,16,38623,136,481290,64,154492,544,32,4,331232,654252,10599424,2617008,13216432,4,4,12,4,8,8,4,20,20,20260807,5,1,1,1,0,0,0,6118,0.254917,1,0.0015,0
84,979.521,9,0,5.363,3.54933,0,0,0,8.91233,190,189,0,1,2.03342,2.03342,962,354,3,537,0,0,0,0,0,1295,1621.96,1.08471,7.92975,173368,16,38623,136,482945,64,154492,544,32,4,332054,656010,10625728,2624040,13249768,4,4,12,4,8,8,4,20,20,20260807,5,1,1,1,0,0,0,6118,0.254917,1,0.0015,0
85,983.788,4,0,1.32692,2.86483,0,0,0,4.19175,190,189,0,1,2.03342,2.03342,962,354,0,539,0,0,0,0,0,1295,1621.96,1.08471,7.92975,173368,16,38623,136,482945,64,154492,544,32,4,332887,657954,10652384,2631816,13284200,4,4,12,4,8,8,4,20,20,20260807,5,1,1,1,0,0,0,6118,0.254917,1,0.0015,0
86,994.45,11,0,2.12004,8.46575,0,0,0,10.5858,190,190,0,1,2.03342,2.03342,967,359,0,539,0,0,0,0,0,1295,1621.96,1.08471,7.92975,173368,16,38623,136,482945,64,154492,544,32,4,332887,657954,10652384,2631816,13284200,4,4,12,4,8,8,4,20,20,20260807,5,1,1,1,0,0,0,6119,0.254958,1,0.0015,1
87,1003.38,9,0,5.00296,3.84896,0,0,0,8.85192,191,190,0,1,2.03342,2.03342,967,354,1,543,0,0,0,0,0,1300,1628.37,1.06929,7.92975,174360,16,38623,140,486030,64,154492,560,32,4,335457,662748,10734624,2650992,13385616,4,4,12,4,8,8,4,20,20,20260807,5,1,1,1,0,0,0,6119,0.254958,1,0.0015,0
88,1012.89,10,0,5.99525,3.44496,0,0,0,9.44021,191,191,0,1,2.03342,2.03342,972,356,2,544,0,0,0,0,0,1302,1630.03,1.16075,7.92975,174549,16,38623,140,486535,64,154492,560,32,4,335988,663930,10751616,2655720,13407336,4,4,12,4,8,8,4,20,20,20260807,5,1,1,1,0,0,0,6119,0.254958,1,0.0015,0
89,1018.68,5,0,2.06858,3.64571,0,0,0,5.71429,191,191,0,1,2.03342,2.03342,972,352,1,549,0,0,0,0,0,1306,1634.06,1.16879,7.92975,175063,16,38623,140,487985,64,154492,560,32,4,337554,667422,10801728,2669688,13471416,4,4,12,4,8,8,4,20,20,20260807,5,1,1,1,0,0,0,6119,0.254958,1,0.0015,0
90,1029.88,12,0,7.30421,3.81825,0,0,0,11.1225,191,191,0,1,2.03342,2.03342,972,346,4,552,0,0,0,0,0,1312,1640.65,1.055,7.92975,175625,16,38623,140,489548,64,154492,560,32,4,338810,670038,10841920,2680152,13522072,4,4,12,4,8,8,4,20,20,20260807,5,1,1,1,0,0,0,6119,0.254958,1,0.0015,0
91,1035.18,5,0,1.48925,3.73308,0,0,0,5.22233,192,191,0,1,2.03342,2.03342,972,344,1,557,0,0,0,0,0,1315,1644.72,1.05933,7.92975,176145,16,38623,140,490997,64,154492,560,32,4,340028,672654,10880896,2690616,13571512,4,4,12,4,8,8,4,20,20,20260807,5,1,1,1,0,0,0,6119,0.254958,1,0.0015,0
92,1046.18,11,0,7.61975,3.30242,0,0,0,10.9222,192,192,0,1,2.03342,2.03342,977,347,1,558,0,0,0,0,0,1316,1646.12,1.39404,7.92975,176156,16,38808,140,491035,64,155232,560,32,4,340955,674640,10910560,2698560,13609120,4,4,12,4,8,8,4,20,20,20260807,5,1,1,1,0,0,0,6120,0.255,1,0.0015,1
93,1052.5,6,0,2.27817,3.901,0,0,0,6.17917,192,192,0,1,2.03342,2.03342,977,345,0,561,0,0,0,0,0,1318,1649.74,2.02333,7.92975,176388,16,38808,140,491652,64,155232,560,32,4,342350,677208,10955200,2708832,13664032,4,4,12,4,8,8,4,20,20,20260807,5,1,1,1,0,0,0,6120,0.255,1,0.0015,0
94,1062.96,11,0,7.03471,3.35421,0,0,0,10.3889,192,192,0,1,2.03342,2.03342,977,339,3,564,0,0,0,0,0,1324,1656.27,1.22183,7.92975,177345,16,38860,140,494377,64,155440,560,32,4,344515,681588,11024480,2726352,13750832,4,4,12,4,8,8,4,20,20,20260807,5,1,1,1,0,0,0,6120,0.255,1,0.0015,0
95,1070.02,7,0,3.12475,3.86225,0,0,0,6.987,192,192,0,1,2.03342,2.03342,977,334,1,570,0,0,0,0,0,1329,1661.32,1.16063,7.92975,178098,16,38860,140,496526,64,155440,560,32,4,347432,687780,11117824,2751120,13868944,4,4,12,4,8,8,4,20,20,20260807,5,1,1,1,0,0,0,6120,0.255,1,0.0015,0
96,1080.12,10,0,6.06746,3.95783,0,0,0,10.0253,192,192,0,1,2.03342,2.03342,977,329,2,572,0,0,0,0,0,1334,1666.71,1.40046,7.92975,178389,16,39070,140,497307,64,156280,560,32,4,348462,689448,11150784,2757792,13908576,4,4,12,4,8,8,4,20,20,20260807,5,1,1,1,0,0,0,6120,0.255,1,0.0015,0
97,1085.88,6,0,1.61533,4.06538,0,0,0,5.68071,192,192,0,1,2.03342,2.03342,977,325,1,577,0,0,0,0,0,1338,1671.43,1.14742,7.92975,179060,16,39172,140,499195,64,156688,560,32,4,350662,693900,11221184,2775600,13996784,4,4,12,4,8,8,4,20,20,20260807,5,1,1,1,0,0,0,6120,0.255,1,0.0015,0
98,1096.94,11,0,7.14013,3.848,0,0,0,10.9881,192,192,0,1,2.03342,2.03342,977,319,3,581,0,0,0,0,0,1344,1680.5,2.62942,7.92975,179893,16,39428,140,501530,64,157712,560,32,4,353984,700380,11327488,2801520,14129008,4,4,12,4,8,8,4,20,20,20260807,5,1,1,1,0,0,0,6121,0.255042,1,0.0015,1
99,1106.26,9,0,5.24892,3.93771,0,0,0,9.18662,193,193,0,1,2.03342,2.03342,982,324,0,584,0,0,0,0,0,1345,1681.57,1.07329,7.92975,180241,16,39428,140,502505,64,157712,560,32,4,355683,704046,11381856,2816184,14198040,4,4,12,4,8,8,4,20,20,20260807,5,1,1,1,0,0,0,6121,0.255042,1,0.0015,0
100,1112.72,6,0,2.89329,3.4835,0,0,0,6.37679,193,193,0,1,2.03342,2.03342,982,319,2,587,0,0,0,0,0,1350,1686.33,0.988542,7.92975,180605,16,39684,140,503469,64,158736,560,32,4,357160,706626,11429120,2826504,14255624,4,4,12,4,8,8,4,20,20,20260807,5,1,1,1,0,0,0,6121,0.255042,1,0.0015,0
101,1122.11,10,0,5.8305,3.48629,0,0,0,9.31679,193,193,0,1,2.03342,2.03342,982,315,2,590,0,0,0,0,0,1354,1692.34,2.94908,7.92975,180975,16,39940,140,504431,64,159760,560,32,4,359174,710388,11493568,2841552,14335120,4,4,12,4,8,8,4,20,20,20260807,5,1,1,1,0,0,0,6121,0.255042,1,0.0015,0
102,1130.48,8,0,3.95442,4.33758,0,0,0,8.292,193,193,0,1,2.03342,2.03342,982,310,2,593,0,0,0,0,0,1358,1696.74,1.09213,7.92975,181151,16,40196,140,504924,64,160784,560,32,4,360685,713064,11541920,2852256,14394176,4,4,12,4,8,8,4,20,20,20260807,5,1,1,1,0,0,0,6121,0.255042,1,0.0015,0
103,1136.41,6,0,1.97475,3.88133,0,0,0,5.85608,193,193,0,1,2.03342,2.03342,982,306,1,598,0,0,0,0,0,1362,1701.49,1.13558,7.92975,181862,16,40282,140,506967,64,161128,560,32,4,363426,718602,11629632,2874408,14504040,4,4,12,4,8,8,4,20,20,20260807,5,1,1,1,0,0,0,6121,0.255042,1,0.0015,0
104,1146.55,10,0,6.33162,3.72496,0,0,0,10.0566,193,193,0,1,2.03342,2.03342,982,302,3,600,0,0,0,0,0,1366,1708.06,0.467459,7.92975,182771,16,40538,140,509520,64,162152,560,32,4,365069,722142,11682208,2888568,14570776,4,4,12,4,8,8,4,20,20,20260807,5,1,1,1,0,0,0,6122,0.255083,1,0.0015,1
105,1152.4,6,0,1.99717,3.77892,0,0,0,5.77608,193,193,0,1,2.03342,2.03342,982,300,1,604,0,0,0,0,0,1368,1711.5,2.21821,7.92975,183041,16,40538,140,510249,64,162152,560,32,4,367374,726384,11755968,2905536,14661504,4,4,12,4,8,8,4,20,20,20260807,5,1,1,1,0,0,0,6122,0.255083,1,0.0015,0
106,1163.07,11,0,7.11954,3.46692,0,0,0,10.5865,194,194,0,1,2.03342,2.03342,987,303,0,607,0,0,0,0,0,1370,1713.72,1.09862,7.92975,183254,16,40538,140,510846,64,162152,560,32,4,368464,728784,11790848,2915136,14705984,4,4,12,4,8,8,4,20,20,20260807,5,1,1,1,0,0,0,6122,0.255083,1,0.0015,0
107,1168.91,6,0,1.86046,3.90437,0,0,0,5.76483,194,194,0,1,2.03342,2.03342,987,300,0,610,0,0,0,0,0,1373,1717.64,1.90621,7.92975,183733,16,40794,140,512173,64,163176,560,32,4,370815,733194,11866080,2932776,14798856,4,4,12,4,8,8,4,20,20,20260807,5,1,1,1,0,0,0,6122,0.255083,1,0.0015,0
108,1179.51,10,0,7.06108,3.46654,0,0,0,10.5276,194,194,0,1,2.03342,2.03342,987,294,4,612,0,0,0,0,0,1379,1724.55,1.14613,7.92975,184600,16,41050,140,514511,64,164200,560,32,4,371344,734412,11883008,2937648,14820656,4,4,12,4,8,8,4,20,20,20260807,5,1,1,1,0,0,0,6122,0.255083,1,0.0015,0
109,1185.13,6,0,1.73487,3.80379,0,0,0,5.53867,194,194,0,1,2.03342,2.03342,987,291,0,619,0,0,0,0,0,1382,1727.6,1.56429,7.92975,184786,16,41306,140,515017,64,165224,560,32,4,375707,742584,12022624,2970336,14992960,4,4,12,4,8,8,4,20,20,20260807,5,1,1,1,0,0,0,6122,0.255083,1,0.0015,0
110,1198.33,13,0,9.66983,3.45483,0,0,0,13.1247,195,195,0,1,2.03342,2.03342,992,294,1,621,0,0,0,0,0,1385,1732.82,1.58712,7.92975,185705,16,41306,140,517592,64,165224,560,32,4,378007,747510,12096224,2990040,15086264,4,4,12,4,8,8,4,20,20,20260807,5,1,1,1,0,0,0,6123,0.255125,1,0.0015,1
111,1204.42,6,0,1.73371,4.28983,0,0,0,6.02354,195,195,0,1,2.03342,2.03342,992,290,0,625,0,0,0,0,0,1388,1735.45,1.0115,7.92975,186666,16,41562,140,520256,64,166248,560,32,4,381970,755400,12223040,3021600,15244640,4,4,12,4,8,8,4,20,20,20260807,5,1,1,1,0,0,0,6123,0.255125,1,0.0015,0
112,1212.93,9,0,4.85813,3.57117,0,0,0,8.42929,195,195,0,1,2.03342,2.03342,992,284,4,627,0,0,0,0,0,1394,1742.22,1.17667,7.92975,187765,16,41818,140,523204,64,167272,560,32,4,382500,756660,12240000,3026640,15266640,4,4,12,4,8,8,4,20,20,20260807,5,1,1,1,0,0,0,6123,0.255125,1,0.0015,0
113,1221.45,8,0,4.53637,3.85058,0,0,0,8.38696,195,195,0,1,2.03342,2.03342,992,280,2,633,0,0,0,0,0,1398,1746.72,1.28821,7.92975,188516,16,42074,140,525267,64,168296,560,32,4,387041,765240,12385312,3060960,15446272,4,4,12,4,8,8,4,20,20,20260807,5,1,1,1,0,0,0,6123,0.255125,1,0.0015,0
114,1232.27,11,0,6.83967,3.89346,0,0,0,10.7331,196,196,0,1,2.03342,2.03342,997,284,0,637,0,0,0,0,0,1400,1749.43,1.56417,7.92975,189089,16,42074,140,526829,64,168296,560,32,4,390591,773010,12498912,3092040,15590952,4,4,12,4,8,8,4,20,20,20260807,5,1,1,1,0,0,0,6123,0.255125,1,0.0015,0
115,1240.35,8,0,4.057,3.94783,0,0,0,8.00483,196,196,0,1,2.03342,2.03342,997,279,2,639,0,0,0,0,0,1404,1753.7,1.12208,7.92975,189774,16,42330,140,528715,64,169320,560,32,4,392511,776460,12560352,3105840,15666192,4,4,12,4,8,8,4,20,20,20260807,5,1,1,1,0,0,0,6123,0.255125,1,0.0015,0
116,1266.08,26,0,21.9353,3.71979,0,0,0,25.6551,198,198,0,1,2.03342,2.03342,1007,284,5,640,0,0,0,0,0,1410,1760.45,0.973625,7.92975,190384,16,42586,140,530406,64,170344,560,32,4,393501,778656,12592032,3114624,15706656,4,4,12,4,8,8,4,20,20,20260807,5,1,1,1,0,0,0,6124,0.255167,1,0.0015,1
117,1272.14,6,0,1.91079,4.06025,0,0,0,5.97104,198,198,0,1,2.03342,2.03342,1007,281,1,645,0,0,0,0,0,1412,1762.65,1.75621,7.92975,190662,16,42842,140,531173,64,171368,560,32,4,397240,785388,12711680,3141552,15853232,4,4,12,4,8,8,4,20,20,20260807,5,1,1,1,0,0,0,6124,0.255167,1,0.0015,0
118,1344.91,73,0,71.3492,1.35746,0,0,0,72.7067,199,199,0,1,2.03342,2.03342,1012,320,3,14,0,0,0,0,0,1414,1764.86,1.07488,7.92975,191059,16,42842,140,532274,64,171368,560,32,4,7208,15702,230656,62808,293464,4,4,12,4,8,8,4,20,20,20260807,5,1,1,1,0,0,0,6124,0.255167,1,0.0015,0
119,1355.03,10,0,9.18775,0.8505,0,0,0,10.0382,191,191,0,1,2.03342,2.03342,971,298,3,14,0,0,0,0,0,1414,1764.86,1.07488,7.92975,191059,16,42842,140,532274,64,171368,560,32,4,7208,15702,230656,62808,293464,4,4,12,4,8,8,4,20,20,20260807,5,1,1,1,0,0,0,6126,0.25525,1,0.0015,2
120,1365.02,11,0,8.91042,1.01896,0,0,0,9.92938,183,183,0,1,2.03342,2.03342,931,272,4,15,0,0,0,0,0,1416,1766.47,1.13921,7.92975,191292,16,42842,140,532932,64,171368,560,32,4,7285,15870,233120,63480,296600,4,4,12,4,8,8,4,20,20,20260807,5,1,1,1,0,0,0,6126,0.25525,1,0.0015,0
121,1375.81,9,0,9.70371,1.01933,0,0,0,10.723,175,175,0,1,2.03342,2.03342,891,251,4,16,0,0,0,0,0,1417,1767.63,1.15179,7.92975,191499,16,42842,140,533515,64,171368,560,32,4,7866,17100,251712,68400,320112,4,4,12,4,8,8,4,20,20,20260807,5,1,1,1,0,0,0,6126,0.25525,1,0.0015,0
122,1385.78,10,0,8.84062,1.06,0,0,0,9.90062,167,167,0,1,2.03342,2.03342,851,245,4,17,0,0,0,0,0,1418,1768.71,1.081,7.92975,191521,16,42842,140,533578,64,171368,560,32,4,8449,18342,270368,73368,343736,4,4,12,4,8,8,4,20,20,20260807,5,1,1,1,0,0,0,6126,0.25525,1,0.0015,0
123,1395.89,11,0,9.07075,0.972417,0,0,0,10.0432,159,159,0,1,2.03342,2.03342,811,229,4,18,0,0,0,0,0,1419,1769.73,1.01817,7.92975,191521,16,42842,140,533578,64,171368,560,32,4,8512,18474,272384,73896,346280,4,4,12,4,8,8,4,20,20,20260807,5,1,1,1,0,0,0,6127,0.255292,1,0.0015,1
124,1409.22,13,0,9.10825,4.13837,0,0,0,13.2466,151,151,0,1,2.03342,2.03342,771,229,3,18,0,0,0,0,0,1419,1769.73,1.01817,7.92975,191521,16,42842,140,533578,64,171368,560,32,4,8512,18474,272384,73896,346280,4,4,12,4,8,8,4,20,20,20260807,5,1,1,1,0,0,0,6127,0.255292,1,0.0015,0
125,1418.72,9,0,8.36283,1.06367,0,0,0,9.4265,144,143,0,1,2.03342,2.03342,731,219,3,18,0,0,0,0,0,1419,1769.73,1.01817,7.92975,191521,16,42842,140,533578,64,171368,560,32,4,8512,18474,272384,73896,346280,4,4,12,4,8,8,4,20,20,20260807,5,1,1,1,0,0,0,6127,0.255292,1,0.0015,0
126,1431.55,13,0,11.7695,0.992709,0,0,0,12.7622,136,136,0,1,2.03342,2.03342,695,213,3,18,0,0,0,0,0,1419,1769.73,1.01817,7.92975,191521,16,42842,140,533578,64,171368,560,32,4,8512,18474,272384,73896,346280,4,4,12,4,8,8,4,20,20,20260807,5,1,1,1,0,0,0,6127,0.255292,1,0.0015,0
127,1444.56,13,0,12.0113,0.928667,0,0,0,12.9399,129,129,0,1,2.03342,2.03342,657,195,3,18,0,0,0,0,0,1419,1769.73,1.01817,7.92975,191521,16,42842,140,533578,64,171368,560,32,4,8512,18474,272384,73896,346280,4,4,12,4,8,8,4,20,20,20260807,5,1,1,1,0,0,0,6127,0.255292,1,0.0015,0
128,1457.11,13,0,11.4603,0.962708,0,0,0,12.423,122,122,0,1,2.03342,2.03342,621,174,3,18,0,0,0,0,0,1419,1769.73,1.01817,7.92975,191521,16,42842,140,533578,64,171368,560,32,4,8512,18474,272384,73896,346280,4,4,12,4,8,8,4,20,20,20260807,5,1,1,1,0,0,0,6128,0.255333,1,0.0015,1
129,1467.22,10,0,8.98537,0.941459,0,0,0,9.92683,114,114,0,1,2.03342,2.03342,581,158,4,18,0,0,0,0,0,1420,1771.07,1.34879,7.92975,191528,16,43080,140,533603,64,172320,560,32,4,8512,18474,272384,73896,346280,4,4,12,4,8,8,4,20,20,20260807,5,1,1,1,0,0,0,6128,0.255333,1,0.0015,0
130,1477.62,10,0,9.34783,0.989167,0,0,0,10.337,106,106,0,1,2.03342,2.03342,539,152,4,19,0,0,0,0,0,1421,1772.77,1.70108,7.92975,191745,16,43080,140,534197,64,172320,560,32,4,9489,19944,303648,79776,383424,2,2,12,4,8,8,6,20,20,20260807,5,1,1,1,0,0,0,6128,0.255333,1,0.0015,0
131,1487.53,10,0,8.79242,1.04654,0,0,0,9.83896,98,98,0,1,2.03342,2.03342,498,151,3,21,0,0,0,0,0,1422,1773.87,1.09987,7.92975,191929,16,43080,140,534709,64,172320,560,32,4,10595,22350,339040,89400,428440,2,2,12,4,8,8,6,20,20,20260807,5,1,1,1,0,0,0,6128,0.255333,1,0.0015,0
132,1497.21,10,0,8.63133,0.97925,0,0,0,9.61058,90,90,0,1,2.03342,2.03342,458,149,1,21,0,0,0,0,0,1423,1775.06,1.18071,7.92975,192205,16,43080,140,535485,64,172320,560,32,4,10595,22350,339040,89400,428440,2,2,12,4,8,8,6,20,20,20260807,5,1,1,1,0,0,0,6129,0.255375,1,0.0015,1
133,1506.69,9,0,8.50692,0.896584,0,0,0,9.4035,82,82,0,1,2.03342,2.03342,418,143,1,22,0,0,0,0,0,1424,1776.2,1.14867,7.92975,192280,16,43080,140,535690,64,172320,560,32,4,11371,24006,363872,96024,459896,2,2,12,4,8,8,6,20,20,20260807,5,1,1,1,0,0,0,6129,0.255375,1,0.0015,0
134,1519.1,13,0,11.4174,0.9255,0,0,0,12.3429,75,75,0,1,2.03342,2.03342,382,148,0,23,0,0,0,0,0,1424,1776.2,1.14867,7.92975,192280,16,43080,140,535690,64,172320,560,32,4,11576,24456,370432,97824,468256,2,2,12,4,8,8,6,20,20,20260807,5,1,1,1,0,0,0,6129,0.255375,1,0.0015,0
135,1531.3,12,0,11.1409,0.992541,0,0,0,12.1334,68,68,0,1,2.03342,2.03342,347,153,0,23,0,0,0,0,0,1424,1776.2,1.14867,7.92975,192280,16,43080,140,535690,64,172320,560,32,4,11576,24456,370432,97824,468256,2,2,12,4,8,8,6,20,20,20260807,5,1,1,1,0,0,0,6129,0.255375,1,0.0015,0
136,1541.04,10,0,8.72762,0.937667,0,0,0,9.66529,61,60,0,1,2.03342,2.03342,307,143,0,23,0,0,0,0,0,1424,1776.2,1.14867,7.92975,192280,16,43080,140,535690,64,172320,560,32,4,11576,24456,370432,97824,468256,2,2,12,4,8,8,6,20,20,20260807,5,1,1,1,0,0,0,6129,0.255375,1,0.0015,0
137,1559.16,18,0,11.6608,6.39196,0,0,0,18.0527,53,53,0,1,2.03342,2.03342,270,131,0,23,0,0,0,0,0,1424,1776.2,1.14867,7.92975,192280,16,43080,140,535690,64,172320,560,32,4,11576,24456,370432,97824,468256,2,2,12,4,8,8,6,20,20,20260807,5,1,1,1,0,0,0,6130,0.255417,1,0.0015,1
138,1568.64,9,0,8.35142,1.04304,0,0,0,9.39446,45,45,0,1,2.03342,2.03342,229,121,0,27,0,0,0,0,0,1429,1783.27,2.71496,7.92975,193360,16,43080,140,538764,64,172320,560,32,4,14650,30936,468800,123744,592544,2,2,12,4,8,8,6,20,20,20260807,5,1,1,1,0,0,0,6130,0.255417,1,0.0015,0
139,1578.18,10,0,8.55775,0.918375,0,0,0,9.47612,38,37,0,1,2.03342,2.03342,188,121,0,27,0,0,0,0,0,1429,1783.27,2.71496,7.92975,193360,16,43080,140,538764,64,172320,560,32,4,14650,30936,468800,123744,592544,1,1,12,4,8,8,7,20,20,20260807,5,1,1,1,0,0,0,6130,0.255417,1,0.0015,0
140,1592.42,14,0,10.8151,3.35338,0,0,0,14.1685,31,30,0,1,2.03342,2.03342,152,111,0,27,0,0,0,0,0,1429,1783.27,2.71496,7.92975,193360,16,43080,140,538764,64,172320,560,32,4,14650,30936,468800,123744,592544,1,1,12,4,8,8,7,20,20,20260807,5,1,1,1,0,0,0,6130,0.255417,1,0.0015,0
141,1600.63,8,0,7.275,0.865583,0,0,0,8.14058,27,27,0,1,2.03342,2.03342,136,106,0,27,0,0,0,0,0,1429,1783.27,2.71496,7.92975,193360,16,43080,140,538764,64,172320,560,32,4,14650,30936,468800,123744,592544,0,0,12,4,8,8,8,20,20,20260807,5,1,1,1,0,0,0,6131,0.255458,1,0.0015,1
142,1609.14,9,0,0.697333,7.72708,0,0,0,8.42442,28,27,0,1,2.03342,2.03342,136,106,0,27,0,0,0,0,0,1429,1783.27,2.71496,7.92975,193360,16,43080,140,538764,64,172320,560,32,4,14650,30936,468800,123744,592544,0,0,12,4,8,8,8,20,20,20260807,5,1,1,1,0,0,0,6131,0.255458,1,0.0015,0
143,1612.5,3,0,0.61425,2.62183,0,0,0,3.23608,28,28,0,1,2.03342,2.03342,141,110,0,27,0,0,0,0,0,1429,1783.27,2.71496,7.92975,193360,16,43080,140,538764,64,172320,560,32,4,14650,30936,468800,123744,592544,0,0,12,4,8,8,8,20,20,20260807,5,1,1,1,0,0,0,6131,0.255458,1,0.0015,0
144,1626.3,14,0,12.9374,0.786916,0,0,0,13.7243,29,29,0,1,2.03342,2.03342,146,110,3,29,0,0,0,0,0,1434,1788.33,0.992834,7.92975,194227,16,43080,140,541080,64,172320,560,32,4,15588,33048,498816,132192,631008,0,0,12,4,8,8,8,20,20,20260807,5,1,1,1,0,0,0,6131,0.255458,1,0.0015,0
145,1630.81,4,0,3.56558,0.884625,0,0,0,4.45021,29,29,0,1,2.03342,2.03342,146,107,2,32,0,0,0,0,0,1437,1791.67,1.13892,7.92975,194909,16,43258,140,542899,64,173032,560,32,4,17779,37392,568928,149568,718496,0,0,12,4,8,8,8,20,20,20260807,5,1,1,1,0,0,0,6131,0.255458,1,0.0015,0
146,1643.12,13,0,11.3349,0.914167,0,0,0,12.2491,30,30,0,1,2.03342,2.03342,151,111,1,35,0,0,0,0,0,1439,1793.89,1.11342,7.92975,195259,16,43258,140,543831,64,173032,560,32,4,19717,41826,630944,167304,798248,0,0,12,4,8,8,8,20,20,20260807,5,1,1,1,0,0,0,6131,0.255458,1,0.0015,0
147,1646.13,3,0,2.15238,0.794458,0,0,0,2.94683,30,30,0,1,2.03342,2.03342,151,108,1,37,0,0,0,0,0,1441,1795.72,1.17558,7.92975,195759,16,43258,146,545319,64,173032,584,32,4,21158,44706,677056,178824,855880,0,0,12,4,8,8,8,20,20,20260807,5,1,1,1,0,0,0,6132,0.2555,1,0.0015,1
148,1659.72,13,0,12.649,0.87675,0,0,0,13.5258,32,31,0,1,2.03342,2.03342,156,111,2,39,0,0,0,0,0,1444,1799.1,1.03575,7.92975,196351,16,43258,146,546927,64,173032,584,32,4,23018,48774,736576,195096,931672,0,0,12,4,8,8,8,20,20,20260807,5,1,1,1,0,0,0,6132,0.2555,1,0.0015,0
149,1664.19,5,0,3.60913,0.804875,0,0,0,4.414,32,31,0,1,2.03342,2.03342,156,111,0,41,0,0,0,0,0,1444,1799.1,1.03575,7.92975,196351,16,43258,146,546927,64,173032,584,32,4,23549,49986,753568,199944,953512,0,0,12,4,8,8,8,20,20,20260807,5,1,1,1,0,0,0,6132,0.2555,1,0.0015,0
150,1675.91,12,0,3.66683,7.94562,0,0,0,11.6125,32,32,0,1,2.03342,2.03342,161,116,0,41,0,0,0,0,0,1444,1799.1,1.03575,7.92975,196351,16,43258,146,546927,64,173032,584,32,4,23549,49986,753568,199944,953512,0,0,12,4,8,8,8,20,20,20260807,5,1,1,1,0,0,0,6132,0.2555,1,0.0015,0
151,1680.32,4,0,3.45267,0.876375,0,0,0,4.32904,33,33,0,1,2.03342,2.03342,166,121,0,41,0,0,0,0,0,1444,1799.1,1.03575,7.92975,196351,16,43258,146,546927,64,173032,584,32,4,23549,49986,753568,199944,953512,0,0,12,4,8,8,8,20,20,20260807,5,1,1,1,0,0,0,6132,0.2555,1,0.0015,0
152,1692.45,12,0,0.696209,11.3297,0,0,0,12.0259,33,33,0,1,2.03342,2.03342,166,120,0,41,0,0,0,0,0,1444,1799.1,1.03575,7.92975,196351,16,43258,146,546927,64,173032,584,32,4,23549,49986,753568,199944,953512,0,0,12,4,8,8,8,20,20,20260807,5,1,1,1,0,0,0,6132,0.2555,1,0.0015,0
153,1698.32,6,0,5.01521,0.789959,0,0,0,5.80517,34,34,0,1,2.03342,2.03342,171,121,0,46,0,0,0,0,0,1449,1805.41,1.36187,7.92975,197473,16,43258,146,550061,64,173032,584,32,4,26683,56718,853856,226872,1080728,0,0,12,4,8,8,8,20,20,20260807,5,1,1,1,0,0,0,6133,0.255542,1,0.0015,1
154,1709.67,11,0,10.4182,0.87175,0,0,0,11.2899,35,34,0,1,2.03342,2.03342,171,116,4,47,0,0,0,0,0,1454,1811.23,1.05438,7.92975,198516,16,43507,146,552962,64,174028,584,32,4,27691,58230,886112,232920,1119032,0,0,12,4,8,8,8,20,20,20260807,5,1,1,1,0,0,0,6133,0.255542,1,0.0015,0
155,1715.8,6,0,5.12137,0.93375,0,0,0,6.05513,35,35,0,1,2.03342,2.03342,176,121,0,50,0,0,0,0,0,1454,1811.23,1.05438,7.92975,198516,16,43507,146,552962,64,174028,584,32,4,30580,64470,978560,257880,1236440,0,0,12,4,8,8,8,20,20,20260807,5,1,1,1,0,0,0,6133,0.255542,1,0.0015,0
156,1725.75,10,0,0.5945,9.27717,0,0,0,9.87167,35,35,0,1,2.03342,2.03342,176,120,0,50,0,0,0,0,0,1454,1811.23,1.05438,7.92975,198516,16,43507,146,552962,64,174028,584,32,4,30580,64470,978560,257880,1236440,0,0,12,4,8,8,8,20,20,20260807,5,1,1,1,0,0,0,6133,0.255542,1,0.0015,0
157,1731.81,6,0,5.13571,0.852417,0,0,0,5.98813,36,35,0,1,2.03342,2.03342,176,116,0,55,0,0,0,0,0,1459,1817.13,1.05267,7.92975,199743,16,43507,146,556324,64,174028,584,32,4,33942,71832,1086144,287328,1373472,0,0,12,4,8,8,8,20,20,20260807,5,1,1,1,0,0,0,6133,0.255542,1,0.0015,0
158,1742.5,11,0,3.05417,7.53087,0,0,0,10.585,36,36,0,1,2.03342,2.03342,181,121,0,55,0,0,0,0,0,1459,1817.13,1.05267,7.92975,199743,16,43507,146,556324,64,174028,584,32,4,33942,71832,1086144,287328,1373472,0,0,12,4,8,8,8,20,20,20260807,5,1,1,1,0,0,0,6133,0.255542,1,0.0015,0
159,1747.72,5,0,2.18858,2.95288,0,0,0,5.14146,37,37,0,1,2.03342,2.03342,186,126,0,55,0,0,0,0,0,1459,1817.13,1.05267,7.92975,199743,16,43507,146,556324,64,174028,584,32,4,33942,71832,1086144,287328,1373472,0,0,12,4,8,8,8,20,20,20260807,5,1,1,1,0,0,0,6134,0.255583,1,0.0015,1
160,1759.09,12,0,0.416375,10.8782,0,0,0,11.2945,38,37,0,1,2.03342,2.03342,186,126,0,55,0,0,0,0,0,1459,1817.13,1.05267,7.92975,199743,16,43507,146,556324,64,174028,584,32,4,33942,71832,1086144,287328,1373472,0,0,12,4,8,8,8,20,20,20260807,5,1,1,1,0,0,0,6134,0.255583,1,0.0015,0
161,1764.87,6,0,4.78267,0.930208,0,0,0,5.71288,38,38,0,1,2.03342,2.03342,191,127,2,57,0,0,0,0,0,1463,1823.22,2.97512,7.92975,200035,16,43507,146,557176,64,174028,584,32,4,34592,73158,1106944,292632,1399576,0,0,12,4,8,8,8,20,20,20260807,5,1,1,1,0,0,0,6134,0.255583,1,0.0015,0
162,1776.7,11,0,10.8805,0.886,0,0,0,11.7665,39,39,0,1,2.03342,2.03342,196,131,1,58,0,0,0,0,0,1464,1824.3,1.07137,7.92975,200035,16,43507,146,557176,64,174028,584,32,4,34794,73584,1113408,294336,1407744,0,0,12,4,8,8,8,20,20,20260807,5,1,1,1,0,0,0,6134,0.255583,1,0.0015,0
163,1778.98,3,0,0.386792,1.82713,0,0,0,2.21392,40,39,0,1,2.03342,2.03342,196,131,0,58,0,0,0,0,0,1464,1824.3,1.07137,7.92975,200035,16,43507,146,557176,64,174028,584,32,4,34794,73584,1113408,294336,1407744,0,0,12,4,8,8,8,20,20,20260807,5,1,1,1,0,0,0,6134,0.255583,1,0.0015,0
164,1792.52,13,0,0.380125,13.0904,0,0,0,13.4705,40,39,0,1,2.03342,2.03342,196,131,0,58,0,0,0,0,0,1464,1824.3,1.07137,7.92975,200035,16,43507,146,557176,64,174028,584,32,4,34794,73584,1113408,294336,1407744,0,0,12,4,8,8,8,20,20,20260807,5,1,1,1,0,0,0,6134,0.255583,1,0.0015,0
165,1797.33,5,0,0.470208,4.26729,0,0,0,4.7375,41,40,0,1,2.03342,2.03342,201,136,0,58,0,0,0,0,0,1464,1824.3,1.07137,7.92975,200035,16,43507,146,557176,64,174028,584,32,4,34794,73584,1113408,294336,1407744,0,0,12,4,8,8,8,20,20,20260807,5,1,1,1,0,0,0,6135,0.255625,1,0.0015,1
166,1809.15,12,0,0.946208,10.8028,0,0,0,11.749,41,41,0,1,2.03342,2.03342,206,141,0,58,0,0,0,0,0,1464,1824.3,1.07137,7.92975,200035,16,43507,146,557176,64,174028,584,32,4,34794,73584,1113408,294336,1407744,0,0,12,4,8,8,8,20,20,20260807,5,1,1,1,0,0,0,6135,0.255625,1,0.0015,0
167,1813.95,5,0,3.76321,0.95925,0,0,0,4.72246,42,41,0,1,2.03342,2.03342,206,136,2,61,0,0,0,0,0,1469,1831.76,1.02846,7.92975,200650,16,43763,146,558842,64,175052,584,32,4,37370,78582,1195840,314328,1510168,0,0,12,4,8,8,8,20,20,20260807,5,1,1,1,0,0,0,6135,0.255625,1,0.0015,0
168,1826.41,12,0,11.5221,0.873583,0,0,0,12.3957,42,42,0,1,2.03342,2.03342,211,138,2,62,0,0,0,0,0,1471,1835.37,3.10471,7.92975,201054,16,43781,146,559936,64,175124,584,32,4,37484,78810,1199488,315240,1514728,0,0,12,4,8,8,8,20,20,20260807,5,1,1,1,0,0,0,6135,0.255625,1,0.0015,0
169,1829.65,3,0,2.22792,0.950542,0,0,0,3.17846,42,42,0,1,2.03342,2.03342,211,137,2,64,0,0,0,0,0,1473,1837.72,1.25729,7.92975,201145,16,43781,146,560213,64,175124,584,32,4,38650,81342,1236800,325368,1562168,0,0,12,4,8,8,8,20,20,20260807,5,1,1,1,0,0,0,6135,0.255625,1,0.0015,0
170,1843.14,14,0,12.4845,0.942958,0,0,0,13.4274,43,43,0,1,2.03342,2.03342,216,138,1,66,2,0,0,0,0,1474,1839.7,1.98742,7.92975,201459,16,43781,146,561061,64,175124,584,32,4,38927,81888,1245664,327552,1573216,0,0,12,4,8,8,8,20,20,20260807,5,1,1,1,0,0,0,6135,0.255625,1,0.0015,0
171,1892.14,49,0,4.12817,44.814,0,0,0,48.9422,43,43,0,1,2.03342,2.03342,216,136,1,70,0,0,0,0,0,1478,1844.3,1.28687,7.92975,203462,20,43781,170,568075,80,175124,680,32,4,46434,94890,1485888,379560,1865448,0,0,12,4,8,8,8,20,20,20260807,5,1,1,1,0,0,0,6136,0.255667,1,0.0015,1
172,1899.49,7,0,6.20617,1.0785,0,0,0,7.28467,46,46,0,1,2.03342,2.03342,232,143,1,78,1,0,0,0,0,1486,1855.24,1.38142,7.92975,206551,24,43781,198,578108,96,175124,792,32,4,56603,113718,1811296,454872,2266168,0,0,12,4,8,8,8,20,20,20260807,5,1,1,1,0,0,0,6137,0.255708,1,0.0015,1
173,1910.47,11,0,9.80517,1.0655,0,0,0,10.8707,47,47,0,1,2.03342,2.03342,237,147,1,80,0,0,0,0,0,1489,1860.11,1.83042,7.92975,206922,24,43781,208,579467,96,175124,832,32,4,58407,116868,1869024,467472,2336496,0,0,12,4,8,8,8,20,20,20260807,5,1,1,1,0,0,0,6137,0.255708,1,0.0015,0
174,1912.52,2,0,1.12883,0.848875,0,0,0,1.97771,47,47,0,1,2.03342,2.03342,237,146,0,81,0,0,0,0,0,1489,1860.11,1.83042,7.92975,206922,24,43781,208,579467,96,175124,832,32,4,58461,116970,1870752,467880,2338632,0,0,12,4,8,8,8,20,20,20260807,5,1,1,1,0,0,0,6137,0.255708,1,0.0015,0
175,1926,14,0,0.635083,12.7891,0,0,0,13.4242,47,47,0,1,2.03342,2.03342,237,145,1,81,0,0,0,0,0,1490,1861.97,1.85542,7.92975,206974,24,43919,208,579620,96,175676,832,32,4,58461,116970,1870752,467880,2338632,0,0,12,4,8,8,8,20,20,20260807,5,1,1,1,0,0,0,6137,0.255708,1,0.0015,0
176,1931.34,5,0,4.16775,1.10254,0,0,0,5.27029,48,48,0,1,2.03342,2.03342,243,145,0,88,1,0,0,0,0,1496,1868.23,0.56925,7.92975,208256,24,43919,220,583615,96,175676,880,32,4,63209,125874,2022688,503496,2526184,0,0,12,4,8,8,8,20,20,20260807,5,1,1,1,0,0,0,6137,0.255708,1,0.0015,0
177,1943.51,12,0,10.8624,1.24321,0,0,0,12.1056,49,48,0,1,2.03342,2.03342,243,141,4,89,0,0,0,0,0,1502,1875.57,1.05721,7.92975,209816,28,43919,230,588817,112,175676,920,32,4,65591,129792,2098912,519168,2618080,0,0,12,4,8,8,8,20,20,20260807,5,1,1,1,0,0,0,6137,0.255708,1,0.0015,0
178,1946.35,3,0,1.79721,0.979542,0,0,0,2.77675,49,48,0,1,2.03342,2.03342,243,141,0,92,0,0,0,0,0,1502,1875.57,1.05721,7.92975,209816,28,43919,230,588817,112,175676,920,32,4,66877,132582,2140064,530328,2670392,0,0,12,4,8,8,8,20,20,20260807,5,1,1,1,0,0,0,6138,0.25575,1,0.0015,1
179,1959.26,13,0,0.370333,12.4926,0,0,0,12.8629,49,48,0,1,2.03342,2.03342,243,141,0,92,0,0,0,0,0,1502,1875.57,1.05721,7.92975,209816,28,43919,230,588817,112,175676,920,32,4,66877,132582,2140064,530328,2670392,0,0,12,4,8,8,8,20,20,20260807,5,1,1,1,0,0,0,6138,0.25575,1,0.0015,0
180,1963.71,4,0,2.40354,1.97221,0,0,0,4.37575,50,50,0,1,2.03342,2.03342,253,151,0,92,0,0,0,0,0,1502,1875.57,1.05721,7.92975,209816,28,43919,230,588817,112,175676,920,32,4,66877,132582,2140064,530328,2670392,0,0,12,4,8,8,8,20,20,20260807,5,1,1,1,0,0,0,6138,0.25575,1,0.0015,0
181,1976.1,13,0,0.5305,11.7967,0,0,0,12.3272,51,50,0,1,2.03342,2.03342,253,151,0,92,0,0,0,0,0,1502,1875.57,1.05721,7.92975,209816,28,43919,230,588817,112,175676,920,32,4,66877,132582,2140064,530328,2670392,0,0,12,4,8,8,8,20,20,20260807,5,1,1,1,0,0,0,6138,0.25575,1,0.0015,0
182,1979.23,3,0,0.487,2.56571,0,0,0,3.05271,51,51,0,1,2.03342,2.03342,259,157,0,92,0,0,0,0,0,1502,1875.57,1.05721,7.92975,209816,28,43919,230,588817,112,175676,920,32,4,66877,132582,2140064,530328,2670392,0,0,12,4,8,8,8,20,20,20260807,5,1,1,1,0,0,0,6138,0.25575,1,0.0015,0
183,1994.65,15,0,14.2324,1.12729,0,0,0,15.3597,52,52,0,1,2.03342,2.03342,264,157,4,93,0,0,0,0,0,1507,1880.63,0.990541,7.92975,210862,28,43919,232,591976,112,175676,928,32,4,68287,135048,2185184,540192,2725376,0,0,12,4,8,8,8,20,20,20260807,5,1,1,1,0,0,0,6138,0.25575,1,0.0015,0
184,1998.73,4,0,2.94296,1.07671,0,0,0,4.01967,53,52,0,1,2.03342,2.03342,264,157,0,95,0,0,0,0,0,1507,1880.63,0.990541,7.92975,210862,28,43919,232,591976,112,175676,928,32,4,70044,138870,2241408,555480,2796888,0,0,12,4,8,8,8,20,20,20260807,5,1,1,1,0,0,0,6139,0.255792,1,0.0015,1
185,2009.39,11,0,2.95412,7.63462,0,0,0,10.5887,53,53,0,1,2.03342,2.03342,269,162,0,95,0,0,0,0,0,1507,1880.63,0.990541,7.92975,210862,28,43919,232,591976,112,175676,928,32,4,70044,138870,2241408,555480,2796888,0,0,12,4,8,8,8,20,20,20260807,5,1,1,1,0,0,0,6139,0.255792,1,0.0015,0
186,2012.64,3,0,0.889125,2.27725,0,0,0,3.16637,54,54,0,1,2.03342,2.03342,274,167,0,95,0,0,0,0,0,1507,1880.63,0.990541,7.92975,210862,28,43919,232,591976,112,175676,928,32,4,70044,138870,2241408,555480,2796888,0,0,12,4,8,8,8,20,20,20260807,5,1,1,1,0,0,0,6139,0.255792,1,0.0015,0
187,2026.75,14,0,12.9053,1.13392,0,0,0,14.0392,55,55,0,1,2.03342,2.03342,279,166,4,96,0,0,0,0,0,1512,1885.39,1.00638,7.92975,211440,28,44175,232,593576,112,176700,928,32,4,71068,140406,2274176,561624,2835800,0,0,12,4,8,8,8,20,20,20260807,5,1,1,1,0,0,0,6139,0.255792,1,0.0015,0
188,2032.36,6,0,4.29546,1.20875,0,0,0,5.50421,55,55,0,1,2.03342,2.03342,279,162,3,101,0,0,0,0,0,1516,1889.8,1.23975,7.92975,212358,28,44175,234,596224,112,176700,936,32,4,73441,145296,2350112,581184,2931296,0,0,12,4,8,8,8,20,20,20260807,5,1,1,1,0,0,0,6139,0.255792,1,0.0015,0
189,2043.75,11,0,10.0895,1.23067,0,0,0,11.3202,56,56,0,1,2.03342,2.03342,285,166,0,105,4,0,0,0,0,1517,1890.74,0.937042,7.92975,212561,28,44175,234,596762,112,176700,936,32,4,75862,150612,2427584,602448,3030032,0,0,12,4,8,8,8,20,20,20260807,5,1,1,1,0,0,0,6139,0.255792,1,0.0015,0
190,2049.5,6,0,4.41087,1.28225,0,0,0,5.69313,56,56,0,1,2.03342,2.03342,285,163,2,107,2,0,0,0,0,1521,1894.84,1.08613,7.92975,213785,28,44175,240,600841,112,176700,960,32,4,78720,155304,2519040,621216,3140256,4,4,12,4,13,12,8,20,20,20260807,5,1,1,1,0,0,0,6140,0.255833,1,0.0015,1
191,2063.79,14,0,12.7255,1.49388,0,0,0,14.2193,57,57,0,1,2.03342,2.03342,291,168,1,110,0,0,0,0,0,1525,1899.41,1.00913,7.92975,214717,32,44175,260,604023,128,176700,1040,32,4,80048,158238,2561536,632952,3194488,4,4,12,4,13,12,8,20,20,20260807,5,1,1,1,0,0,0,6140,0.255833,1,0.0015,0
192,2065.3,2,0,0.537416,0.898209,0,0,0,1.43562,58,57,0,1,2.03342,2.03342,291,168,0,110,0,0,0,0,0,1525,1899.41,1.00913,7.92975,214717,32,44175,260,604023,128,176700,1040,32,4,80048,158238,2561536,632952,3194488,4,4,12,4,13,12,8,20,20,20260807,5,1,1,1,0,0,0,6140,0.255833,1,0.0015,0
193,2076.11,11,0,0.434666,10.3145,0,0,0,10.7492,58,57,0,1,2.03342,2.03342,291,168,0,110,0,0,0,0,0,1525,1899.41,1.00913,7.92975,214717,32,44175,260,604023,128,176700,1040,32,4,80048,158238,2561536,632952,3194488,4,4,12,4,13,12,8,20,20,20260807,5,1,1,1,0,0,0,6140,0.255833,1,0.0015,0
194,2080.46,4,0,0.571459,3.70763,0,0,0,4.27908,59,58,0,1,2.03342,2.03342,297,174,0,110,0,0,0,0,0,1525,1899.41,1.00913,7.92975,214717,32,44175,260,604023,128,176700,1040,32,4,80048,158238,2561536,632952,3194488,4,4,12,4,13,12,8,20,20,20260807,5,1,1,1,0,0,0,6140,0.255833,1,0.0015,0
195,2092.82,12,0,4.11608,8.16325,0,0,0,12.2793,59,59,0,1,2.03342,2.03342,303,179,0,110,2,0,0,0,0,1525,1899.41,1.00913,7.92975,214717,32,44175,260,604023,128,176700,1040,32,4,80048,158238,2561536,632952,3194488,4,4,12,4,13,12,8,20,20,20260807,5,1,1,1,0,0,0,6140,0.255833,1,0.0015,0
196,2097.7,5,0,3.70017,1.10271,0,0,0,4.80288,59,59,0,1,2.03342,2.03342,303,176,0,113,0,0,0,0,0,1529,1906.26,1.25079,7.92975,216200,36,44175,278,609068,144,176700,1112,32,4,83095,163674,2659040,654696,3313736,4,4,12,4,13,12,8,20,20,20260807,5,1,1,1,0,0,0,6141,0.255875,1,0.0015,1
197,2110.24,13,0,11.2281,1.23346,0,0,0,12.4615,60,60,0,1,2.03342,2.03342,308,179,2,114,0,0,0,0,0,1532,1910.32,1.02662,7.92975,216632,36,44175,278,610264,144,176700,1112,32,4,83756,165072,2680192,660288,3340480,4,4,12,4,13,12,8,20,20,20260807,5,1,1,1,0,0,0,6141,0.255875,1,0.0015,0
198,2115.64,5,0,4.15154,1.17496,0,0,0,5.3265,60,60,0,1,2.03342,2.03342,308,175,3,115,0,0,0,0,0,1535,1913,1.088,7.92975,216796,36,44373,278,610722,144,177492,1112,32,4,84291,166266,2697312,665064,3362376,4,4,12,4,13,12,8,20,20,20260807,5,1,1,1,0,0,0,6141,0.255875,1,0.0015,0
199,2128.21,13,0,11.1556,1.35262,0,0,0,12.5082,61,61,0,1,2.03342,2.03342,313,179,1,119,0,0,0,0,0,1537,1915.74,1.12117,7.92975,217092,36,44373,278,611500,144,177492,1112,32,4,85809,169044,2745888,676176,3422064,4,4,12,4,13,12,8,20,20,20260807,5,1,1,1,0,0,0,6141,0.255875,1,0.0015,0
200,2133,5,0,3.5565,1.16587,0,0,0,4.72238,61,61,0,1,2.03342,2.03342,313,175,3,120,0,0,0,0,0,1540,1918.49,1.12104,7.92975,217455,36,44373,278,612476,144,177492,1112,32,4,86319,170214,2762208,680856,3443064,4,4,12,4,13,12,8,20,20,20260807,5,1,1,1,0,0,0,6141,0.255875,1,0.0015,0
201,2145.54,12,0,11.0125,1.45837,0,0,0,12.4708,62,62,0,1,2.03342,2.03342,319,179,1,124,4,0,0,0,0,1542,1920.66,1.04467,7.92975,217685,36,44373,278,613120,144,177492,1112,32,4,87492,172818,2799744,691272,3491016,4,4,12,4,13,12,8,20,20,20260807,5,1,1,1,0,0,0,6142,0.255917,1,0.0015,1
202,2150.64,5,0,3.55383,1.47242,0,0,0,5.02625,62,62,0,1,2.03342,2.03342,319,177,1,125,2,0,0,0,0,1545,1924.25,1.14779,7.92975,218895,36,44373,296,617147,144,177492,1184,32,4,87828,173592,2810496,694368,3504864,4,4,12,4,13,12,8,20,20,20260807,5,1,1,1,0,0,0,6142,0.255917,1,0.0015,0
203,2160.48,10,0,8.23946,1.47171,0,0,0,9.71117,63,62,0,1,2.03342,2.03342,319,175,2,128,0,0,0,0,0,1550,1929.97,0.963041,7.92975,220738,40,44373,316,622653,160,177492,1264,32,4,90802,179718,2905664,718872,3624536,4,4,12,4,13,12,8,20,20,20260807,5,1,1,1,0,0,0,6142,0.255917,1,0.0015,0
204,2165.02,5,0,3.24558,1.22233,0,0,0,4.46792,63,62,0,1,2.03342,2.03342,319,175,0,130,0,0,0,0,0,1550,1929.97,0.963041,7.92975,220738,40,44373,316,622653,160,177492,1264,32,4,92492,183510,2959744,734040,3693784,4,4,12,4,13,12,8,20,20,20260807,5,1,1,1,0,0,0,6142,0.255917,1,0.0015,0
205,2176.39,11,0,2.75617,8.5595,0,0,0,11.3157,63,63,0,1,2.03342,2.03342,325,181,0,130,0,0,0,0,0,1550,1929.97,0.963041,7.92975,220738,40,44373,316,622653,160,177492,1264,32,4,92492,183510,2959744,734040,3693784,4,4,12,4,13,12,8,20,20,20260807,5,1,1,1,0,0,0,6142,0.255917,1,0.0015,0
206,2181.62,5,0,3.83125,1.31238,0,0,0,5.14363,64,63,0,1,2.03342,2.03342,325,175,1,135,0,0,0,0,0,1556,1936.43,1.63921,7.92975,222208,40,44373,330,627256,160,177492,1320,32,4,96860,191826,3099520,767304,3866824,4,4,12,4,13,12,8,20,20,20260807,5,1,1,1,0,0,0,6142,0.255917,1,0.0015,0
207,2193.47,12,0,10.5068,1.27042,0,0,0,11.7773,65,64,0,1,2.03342,2.03342,331,181,0,136,0,0,0,0,0,1556,1936.43,1.63921,7.92975,222208,40,44373,330,627256,160,177492,1320,32,4,97151,192414,3108832,769656,3878488,4,4,12,4,13,12,8,20,20,20260807,5,1,1,1,0,0,0,6142,0.255917,1,0.0015,0
208,2198.02,5,0,0.510583,3.971,0,0,0,4.48158,65,64,0,1,2.03342,2.03342,331,181,0,136,0,0,0,0,0,1556,1936.43,1.63921,7.92975,222208,40,44373,330,627256,160,177492,1320,32,4,97151,192414,3108832,769656,3878488,4,4,12,4,13,12,8,20,20,20260807,5,1,1,1,0,0,0,6143,0.255958,1,0.0015,1
209,2209.7,11,0,0.649209,10.9461,0,0,0,11.5953,65,65,0,1,2.03342,2.03342,337,187,0,136,0,0,0,0,0,1556,1936.43,1.63921,7.92975,222208,40,44373,330,627256,160,177492,1320,32,4,97151,192414,3108832,769656,3878488,4,4,12,4,13,12,8,20,20,20260807,5,1,1,1,0,0,0,6143,0.255958,1,0.0015,0
210,2215.38,6,0,0.61575,4.99267,0,0,0,5.60842,66,66,0,1,2.03342,2.03342,343,192,0,136,0,0,0,0,0,1556,1936.43,1.63921,7.92975,222208,40,44373,330,627256,160,177492,1320,32,4,97151,192414,3108832,769656,3878488,4,4,12,4,13,12,8,20,20,20260807,5,1,1,1,0,0,0,6143,0.255958,1,0.0015,0
211,2228.64,13,0,11.5889,1.59825,0,0,0,13.1872,67,67,0,1,2.03342,2.03342,349,194,2,139,0,0,0,0,0,1561,1943.01,1.33396,7.92975,223691,40,44373,338,631729,160,177492,1352,32,4,101650,201348,3252800,805392,4058192,4,4,12,4,13,12,8,20,20,20260807,5,1,1,1,0,0,0,6143,0.255958,1,0.0015,0
212,2230.81,2,0,0.887625,1.20471,0,0,0,2.09233,67,67,0,1,2.03342,2.03342,349,192,1,140,0,0,0,0,0,1562,1943.84,0.834,7.92975,224036,40,44373,350,632935,160,177492,1400,32,4,101656,201360,3252992,805440,4058432,4,4,12,4,13,12,8,20,20,20260807,5,1,1,1,0,0,0,6143,0.255958,1,0.0015,0
213,2247.17,17,0,14.6945,1.60104,0,0,0,16.2955,68,68,0,1,2.03342,2.03342,355,195,3,142,0,0,0,0,0,1566,1948.84,1.30017,7.92975,224894,40,44373,350,635245,160,177492,1400,32,4,103175,204180,3301600,816720,4118320,4,4,12,4,13,12,8,20,20,20260807,5,1,1,1,0,0,0,6143,0.255958,1,0.0015,0
214,2250.24,3,0,1.69321,1.30729,0,0,0,3.0005,68,68,0,1,2.03342,2.03342,355,192,2,145,0,0,0,0,0,1568,1950.19,0.355625,7.92975,225466,40,44373,358,637303,160,177492,1432,32,4,105220,208650,3367040,834600,4201640,4,4,12,4,13,12,8,20,20,20260807,5,1,1,1,0,0,0,6144,0.256,1,0.0015,1
215,2260.43,10,0,8.69767,1.41817,0,0,0,10.1158,69,68,0,1,2.03342,2.03342,355,189,3,148,0,0,0,0,0,1572,1954.65,0.999458,7.92975,226080,40,44373,358,639014,160,177492,1432,32,4,107395,212298,3436640,849192,4285832,4,4,12,4,13,12,8,20,20,20260807,5,1,1,1,0,0,0,6144,0.256,1,0.0015,0
216,2266.04,6,0,4.10508,1.44867,0,0,0,5.55375,69,69,0,1,2.03342,2.03342,360,193,0,150,0,0,0,0,0,1572,1954.65,0.999458,7.92975,226080,40,44373,358,639014,160,177492,1432,32,4,109021,215814,3488672,863256,4351928,4,4,12,4,13,12,8,20,20,20260807,5,1,1,1,0,0,0,6144,0.256,1,0.0015,0
217,2277.44,11,0,9.58612,1.68792,0,0,0,11.274,70,69,0,1,2.03342,2.03342,360,189,3,152,0,0,0,0,0,1577,1960.21,0.9915,7.92975,226556,40,44373,358,640319,160,177492,1432,32,4,109256,216282,3496192,865128,4361320,4,4,12,4,13,12,8,20,20,20260807,5,1,1,1,0,0,0,6144,0.256,1,0.0015,0
218,2282.46,5,0,3.52771,1.41258,0,0,0,4.94029,70,70,0,1,2.03342,2.03342,366,195,0,154,0,0,0,0,0,1577,1960.21,0.9915,7.92975,226556,40,44373,358,640319,160,177492,1432,32,4,110326,218670,3530432,874680,4405112,4,4,12,4,13,12,8,20,20,20260807,5,1,1,1,0,0,0,6144,0.256,1,0.0015,0
219,2293,11,0,0.591708,9.87942,0,0,0,10.4711,70,70,0,1,2.03342,2.03342,366,194,0,154,0,0,0,0,0,1577,1960.21,0.9915,7.92975,226556,40,44373,358,640319,160,177492,1432,32,4,110326,218670,3530432,874680,4405112,4,4,12,4,13,12,8,20,20,20260807,5,1,1,1,0,0,0,6144,0.256,1,0.0015,0
220,2298.9,6,0,4.41771,1.4115,0,0,0,5.82921,72,71,0,1,2.03342,2.03342,371,196,0,158,0,0,0,0,0,1581,1964.78,0.780709,7.92975,227610,40,44373,358,643325,160,177492,1432,32,4,113332,224994,3626624,899976,4526600,4,4,12,4,13,12,8,20,20,20260807,5,1,1,1,0,0,0,6145,0.256042,1,0.0015,1
221,2310.02,11,0,2.99658,8.05767,0,0,0,11.0542,72,72,0,1,2.03342,2.03342,376,201,0,158,0,0,0,0,0,1581,1964.78,0.780709,7.92975,227610,40,44373,358,643325,160,177492,1432,32,4,113332,224994,3626624,899976,4526600,4,4,12,4,13,12,8,20,20,20260807,5,1,1,1,0,0,0,6145,0.256042,1,0.0015,0
222,2312.86,3,0,1.22612,1.52383,0,0,0,2.74996,73,73,0,1,2.03342,2.03342,381,206,0,158,0,0,0,0,0,1581,1964.78,0.780709,7.92975,227610,40,44373,358,643325,160,177492,1432,32,4,113332,224994,3626624,899976,4526600,4,4,12,4,13,12,8,20,20,20260807,5,1,1,1,0,0,0,6145,0.256042,1,0.0015,0
223,2326.48,13,0,0.605416,12.9512,0,0,0,13.5567,73,73,0,1,2.03342,2.03342,381,205,0,158,0,0,0,0,0,1581,1964.78,0.780709,7.92975,227610,40,44373,358,643325,160,177492,1432,32,4,113332,224994,3626624,899976,4526600,4,4,12,4,13,12,8,20,20,20260807,5,1,1,1,0,0,0,6145,0.256042,1,0.0015,0
224,2331.82,5,0,3.78917,1.46379,0,0,0,5.25296,74,73,0,1,2.03342,2.03342,381,201,0,163,0,0,0,0,0,1586,1974.48,2.0965,7.92975,227784,40,44600,358,643811,160,178400,1432,32,4,114726,227400,3671232,909600,4580832,4,4,12,4,13,12,8,20,20,20260807,5,1,1,1,0,0,0,6145,0.256042,1,0.0015,0
225,2343.12,12,0,3.74075,7.47067,0,0,0,11.2114,74,74,0,1,2.03342,2.03342,387,207,0,163,0,0,0,0,0,1586,1974.48,2.0965,7.92975,227784,40,44600,358,643811,160,178400,1432,32,4,114726,227400,3671232,909600,4580832,4,4,12,4,13,12,8,20,20,20260807,5,1,1,1,0,0,0,6145,0.256042,1,0.0015,0
226,2348.4,5,0,3.67912,1.51313,0,0,0,5.19225,75,74,0,1,2.03342,2.03342,387,202,0,166,0,0,0,0,0,1591,1979.45,1.02283,7.92975,228239,40,44600,366,645263,160,178400,1464,32,4,116210,230178,3718720,920712,4639432,4,4,12,4,13,12,8,20,20,20260807,5,1,1,1,0,0,0,6146,0.256083,1,0.0015,1
227,2359.85,13,0,4.14454,7.23542,0,0,0,11.38,75,75,0,1,2.03342,2.03342,393,208,0,166,0,0,0,0,0,1591,1979.45,1.02283,7.92975,228239,40,44600,366,645263,160,178400,1464,32,4,116210,230178,3718720,920712,4639432,4,4,12,4,13,12,8,20,20,20260807,5,1,1,1,0,0,0,6146,0.256083,1,0.0015,0
228,2365.97,6,0,4.40375,1.63692,0,0,0,6.04067,75,75,0,1,2.03342,2.03342,393,204,0,168,0,0,0,0,0,1594,1984.57,1.07654,7.92975,229217,40,44600,366,647980,160,178400,1464,32,4,118927,236046,3805664,944184,4749848,4,4,12,4,13,12,8,20,20,20260807,5,1,1,1,0,0,0,6146,0.256083,1,0.0015,0
229,2377.25,10,0,9.56471,1.64392,0,0,0,11.2086,76,76,0,1,2.03342,2.03342,399,210,0,169,0,0,0,0,0,1595,1986.76,2.18671,7.92975,229511,40,44600,366,648834,160,178400,1464,32,4,119781,237810,3832992,951240,4784232,4,4,12,4,13,12,8,20,20,20260807,5,1,1,1,0,0,0,6146,0.256083,1,0.0015,0
230,2379.54,2,0,0.713833,1.50487,0,0,0,2.21871,77,76,0,1,2.03342,2.03342,399,210,0,169,0,0,0,0,0,1595,1986.76,2.18671,7.92975,229511,40,44600,366,648834,160,178400,1464,32,4,119781,237810,3832992,951240,4784232,4,4,12,4,13,12,8,20,20,20260807,5,1,1,1,0,0,0,6146,0.256083,1,0.0015,0
231,2393.17,14,0,0.592417,12.9689,0,0,0,13.5613,77,76,0,1,2.03342,2.03342,399,210,0,169,0,0,0,0,0,1595,1986.76,2.18671,7.92975,229511,40,44600,366,648834,160,178400,1464,32,4,119781,237810,3832992,951240,4784232,4,4,12,4,13,12,8,20,20,20260807,5,1,1,1,0,0,0,6146,0.256083,1,0.0015,0
232,2398.59,5,0,1.64958,3.64829,0,0,0,5.29788,78,78,0,1,2.03342,2.03342,411,222,0,169,0,0,0,0,0,1595,1986.76,2.18671,7.92975,229511,40,44600,366,648834,160,178400,1464,32,4,119781,237810,3832992,951240,4784232,4,4,12,4,13,12,8,20,20,20260807,5,1,1,1,0,0,0,6147,0.256125,1,0.0015,1
233,2410.78,12,0,10.3136,1.74117,0,0,0,12.0548,78,78,0,1,2.03342,2.03342,411,216,3,171,0,0,0,0,0,1600,1994.88,2.27417,7.92975,230773,40,44600,370,652663,160,178400,1480,32,4,121112,240024,3875584,960096,4835680,4,4,12,4,13,12,8,20,20,20260807,5,1,1,1,0,0,0,6147,0.256125,1,0.0015,0
234,2413.65,3,0,1.35042,1.44871,0,0,0,2.79913,79,78,0,1,2.03342,2.03342,411,216,0,175,0,0,0,0,0,1601,1996.05,1.1715,7.92975,231046,40,44600,370,653405,160,178400,1480,32,4,124368,247044,3979776,988176,4967952,4,4,12,4,13,12,8,20,20,20260807,5,1,1,1,0,0,0,6147,0.256125,1,0.0015,0
235,2426.61,13,0,0.607834,12.2856,0,0,0,12.8935,79,78,0,1,2.03342,2.03342,411,216,0,175,0,0,0,0,0,1601,1996.05,1.1715,7.92975,231046,40,44600,370,653405,160,178400,1480,32,4,124368,247044,3979776,988176,4967952,4,4,12,4,13,12,8,20,20,20260807,5,1,1,1,0,0,0,6147,0.256125,1,0.0015,0
236,2431.27,5,0,1.6045,2.97604,0,0,0,4.58054,80,80,0,1,2.03342,2.03342,423,228,0,175,0,0,0,0,0,1601,1996.05,1.1715,7.92975,231046,40,44600,370,653405,160,178400,1480,32,4,124368,247044,3979776,988176,4967952,4,4,12,4,13,12,8,20,20,20260807,5,1,1,1,0,0,0,6147,0.256125,1,0.0015,0
237,2443.27,12,0,0.69275,11.2261,0,0,0,11.9188,81,80,0,1,2.03342,2.03342,423,228,0,175,0,0,0,0,0,1601,1996.05,1.1715,7.92975,231046,40,44600,370,653405,160,178400,1480,32,4,124368,247044,3979776,988176,4967952,4,4,12,4,13,12,8,20,20,20260807,5,1,1,1,0,0,0,6147,0.256125,1,0.0015,0
238,2448.65,5,0,3.65821,1.64867,0,0,0,5.30687,81,81,0,1,2.03342,2.03342,429,232,1,176,0,0,0,0,0,1603,1997.69,0.411291,7.92975,231500,40,44600,378,655028,160,178400,1512,32,4,125663,249276,4021216,997104,5018320,4,4,12,4,13,12,8,20,20,20260807,5,1,1,1,0,0,0,6148,0.256167,1,0.0015,1
239,2460.61,12,0,10.2601,1.62629,0,0,0,11.8864,82,81,0,1,2.03342,2.03342,429,228,4,177,0,0,0,0,0,1607,2002.62,1.06004,7.92975,232327,40,44600,378,657211,160,178400,1512,32,4,126023,249816,4032736,999264,5032000,4,4,12,4,13,12,8,20,20,20260807,5,1,1,1,0,0,0,6148,0.256167,1,0.0015,0
240,2466.61,6,0,4.16704,1.74638,0,0,0,5.91342,82,82,0,1,2.03342,2.03342,434,233,0,181,0,0,0,0,0,1607,2002.62,1.06004,7.92975,232327,40,44600,378,657211,160,178400,1512,32,4,128206,254778,4102592,1019112,5121704,4,4,12,4,13,12,8,20,20,20260807,5,1,1,1,0,0,0,6148,0.256167,1,0.0015,0
241,2476.53,10,0,0.701666,9.13762,0,0,0,9.83929,82,82,0,1,2.03342,2.03342,434,232,0,181,0,0,0,0,0,1607,2002.62,1.06004,7.92975,232327,40,44600,378,657211,160,178400,1512,32,4,128206,254778,4102592,1019112,5121704,4,4,12,4,13,12,8,20,20,20260807,5,1,1,1,0,0,0,6148,0.256167,1,0.0015,0
242,2484.53,8,0,6.10979,1.81625,0,0,0,7.92604,83,83,0,1,2.03342,2.03342,439,233,0,185,0,0,0,0,0,1612,2008.42,1.65762,7.92975,232869,40,44600,378,658838,160,178400,1512,32,4,129833,258030,4154656,1032120,5186776,4,4,12,4,13,12,8,20,20,20260807,5,1,1,1,0,0,0,6148,0.256167,1,0.0015,0
243,2493.19,9,0,0.773208,7.79721,0,0,0,8.57042,83,83,0,1,2.03342,2.03342,439,232,0,185,0,0,0,0,0,1612,2008.42,1.65762,7.92975,232869,40,44600,378,658838,160,178400,1512,32,4,129833,258030,4154656,1032120,5186776,4,4,12,4,13,12,8,20,20,20260807,5,1,1,1,0,0,0,6149,0.256208,1,0.0015,1
244,2497.12,4,0,2.23279,1.61421,0,0,0,3.847,84,83,0,1,2.03342,2.03342,439,228,0,188,0,0,0,0,0,1617,2013.81,0.978625,7.92975,233709,40,44600,390,661547,160,178400,1560,32,4,132590,263142,4242880,1052568,5295448,4,4,12,4,13,12,8,20,20,20260807,5,1,1,1,0,0,0,6149,0.256208,1,0.0015,0
245,2509.9,13,0,0.655417,12.0596,0,0,0,12.715,84,83,0,1,2.03342,2.03342,439,228,0,188,0,0,0,0,0,1617,2013.81,0.978625,7.92975,233709,40,44600,390,661547,160,178400,1560,32,4,132590,263142,4242880,1052568,5295448,4,4,12,4,13,12,8,20,20,20260807,5,1,1,1,0,0,0,6149,0.256208,1,0.0015,0
246,2516.11,6,0,4.42917,1.66183,0,0,0,6.091,85,84,0,1,2.03342,2.03342,445,229,2,190,0,0,0,0,0,1622,2018.4,0.825792,7.92975,234511,40,44600,390,663984,160,178400,1560,32,4,133041,263826,4257312,1055304,5312616,4,4,12,4,13,12,8,20,20,20260807,5,1,1,1,0,0,0,6149,0.256208,1,0.0015,0
247,2527.46,11,0,9.55937,1.71075,0,0,0,11.2701,85,85,0,1,2.03342,2.03342,451,235,0,192,0,0,0,0,0,1622,2018.4,0.825792,7.92975,234511,40,44600,390,663984,160,178400,1560,32,4,135027,267954,4320864,1071816,5392680,4,4,12,4,13,12,8,20,20,20260807,5,1,1,1,0,0,0,6149,0.256208,1,0.0015,0
248,2529.73,2,0,0.733458,1.44521,0,0,0,2.17867,85,85,0,1,2.03342,2.03342,451,234,0,192,0,0,0,0,0,1622,2018.4,0.825792,7.92975,234511,40,44600,390,663984,160,178400,1560,32,4,135027,267954,4320864,1071816,5392680,4,4,12,4,13,12,8,20,20,20260807,5,1,1,1,0,0,0,6149,0.256208,1,0.0015,0
249,2547.28,18,0,15.507,1.98179,0,0,0,17.4888,86,86,0,1,2.03342,2.03342,457,235,4,194,0,0,0,0,0,1628,2025.44,2.0935,7.92975,236210,40,44600,394,669045,160,178400,1576,32,4,136558,270546,4369856,1082184,5452040,4,4,12,4,13,12,8,20,20,20260807,5,1,1,1,0,0,0,6149,0.256208,1,0.0015,0
250,2550.45,3,0,1.37883,1.71767,0,0,0,3.0965,86,86,0,1,2.03342,2.03342,457,232,1,199,0,0,0,0,0,1630,2026.72,0.370958,7.92975,236604,40,44600,398,670467,160,178400,1592,32,4,141066,279846,4514112,1119384,5633496,4,4,12,4,13,12,8,20,20,20260807,5,1,1,1,0,0,0,6150,0.25625,1,0.0015,1
251,2560.59,10,0,8.44667,1.61517,0,0,0,10.0618,87,86,0,1,2.03342,2.03342,457,229,2,202,0,0,0,0,0,1634,2030.87,0.992417,7.92975,237167,40,44600,398,672025,160,178400,1592,32,4,141631,280734,4532192,1122936,5655128,4,4,12,4,13,12,8,20,20,20260807,5,1,1,1,0,0,0,6150,0.25625,1,0.0015,0
252,2566.47,6,0,3.98925,1.81979,0,0,0,5.80904,87,87,0,1,2.03342,2.03342,463,235,0,204,0,0,0,0,0,1634,2030.87,0.992417,7.92975,237167,40,44600,398,672025,160,178400,1592,32,4,143100,283938,4579200,1135752,5714952,4,4,12,4,13,12,8,20,20,20260807,5,1,1,1,0,0,0,6150,0.25625,1,0.0015,0
253,2576.84,11,0,0.984459,9.25892,0,0,0,10.2434,87,87,0,1,2.03342,2.03342,463,233,1,204,0,0,0,0,0,1635,2032.18,1.31187,7.92975,237544,40,44600,402,673338,160,178400,1608,32,4,143100,283938,4579200,1135752,5714952,4,4,12,4,13,12,8,20,20,20260807,5,1,1,1,0,0,0,6150,0.25625,1,0.0015,0
254,2580.72,3,0,2.06375,1.7375,0,0,0,3.80125,88,87,0,1,2.03342,2.03342,463,229,0,209,0,0,0,0,0,1640,2037.99,2.41429,7.92975,238540,40,44600,402,676190,160,178400,1608,32,4,147281,292200,4712992,1168800,5881792,4,4,12,4,13,12,8,20,20,20260807,5,1,1,1,0,0,0,6150,0.25625,1,0.0015,0
255,2593.39,13,0,0.710709,11.8867,0,0,0,12.5974,88,87,0,1,2.03342,2.03342,463,229,0,209,0,0,0,0,0,1640,2037.99,2.41429,7.92975,238540,40,44600,402,676190,160,178400,1608,32,4,147281,292200,4712992,1168800,5881792,4,4,12,4,13,12,8,20,20,20260807,5,1,1,1,0,0,0,6150,0.25625,1,0.0015,0
256,2599.05,6,0,3.82112,1.75667,0,0,0,5.57779,88,88,0,1,2.03342,2.03342,469,230,1,211,0,0,0,0,0,1644,2042.54,0.965125,7.92975,239045,40,44600,410,677997,160,178400,1640,32,4,149120,295278,4771840,1181112,5952952,4,4,12,4,13,12,8,20,20,20260807,5,1,1,1,0,0,0,6151,0.256292,1,0.0015,1
257,2612.59,13,0,11.3228,1.93925,0,0,0,13.2621,89,89,0,1,2.03342,2.03342,475,235,0,213,0,0,0,0,0,1646,2044.82,1.14625,7.92975,239082,40,44600,410,678112,160,178400,1640,32,4,149235,295500,4775520,1182000,5957520,4,4,12,4,13,12,8,20,20,20260807,5,1,1,1,0,0,0,6151,0.256292,1,0.0015,0
258,2615.87,4,0,1.50654,1.71108,0,0,0,3.21762,89,89,0,1,2.03342,2.03342,475,231,2,214,0,0,0,0,0,1648,2046.28,0.411958,7.92975,239692,40,44600,414,680257,160,178400,1656,32,4,150732,298188,4823424,1192752,6016176,4,4,12,4,13,12,8,20,20,20260807,5,1,1,1,0,0,0,6151,0.256292,1,0.0015,0
259,2628.8,12,0,10.9882,1.86925,0,0,0,12.8574,90,90,0,1,2.03342,2.03342,480,234,2,216,0,0,0,0,0,1651,2050.56,1.38617,7.92975,240650,40,44600,414,682914,160,178400,1656,32,4,151797,300042,4857504,1200168,6057672,4,4,12,4,13,12,8,20,20,20260807,5,1,1,1,0,0,0,6151,0.256292,1,0.0015,0
260,2633.38,5,0,2.69408,1.82092,0,0,0,4.515,90,90,0,1,2.03342,2.03342,480,231,1,219,0,0,0,0,0,1653,2052.32,1.096,7.92975,240990,40,44600,430,683863,160,178400,1720,32,4,154394,305568,4940608,1222272,6162880,4,4,12,4,13,12,8,20,20,20260807,5,1,1,1,0,0,0,6151,0.256292,1,0.0015,0
261,2648.03,15,0,12.5427,2.00883,0,0,0,14.5516,91,91,0,1,2.03342,2.03342,486,235,1,221,0,0,0,0,0,1656,2056.48,1.33858,7.92975,241498,40,44600,430,685239,160,178400,1720,32,4,156442,310116,5006144,1240464,6246608,4,4,12,4,13,12,8,20,20,20260807,5,1,1,1,0,0,0,6152,0.256333,1,0.0015,1
262,2650.67,2,0,0.832417,1.71883,0,0,0,2.55125,91,91,0,1,2.03342,2.03342,486,234,0,221,0,0,0,0,0,1656,2056.48,1.33858,7.92975,241498,40,44600,430,685239,160,178400,1720,32,4,156442,310116,5006144,1240464,6246608,4,4,12,4,13,12,8,20,20,20260807,5,1,1,1,0,0,0,6152,0.256333,1,0.0015,0
263,2660.86,11,0,8.34829,1.76833,0,0,0,10.1166,91,91,0,1,2.03342,2.03342,486,230,3,222,0,0,0,0,0,1660,2062.83,1.34071,7.92975,242440,40,44600,440,688627,160,178400,1760,32,4,157994,313002,5055808,1252008,6307816,4,4,12,4,13,12,8,20,20,20260807,5,1,1,1,0,0,0,6152,0.256333,1,0.0015,0
264,2665.75,4,0,2.97771,1.84346,0,0,0,4.82117,92,91,0,1,2.03342,2.03342,486,229,0,226,0,0,0,0,0,1662,2065.04,1.05658,7.92975,242685,40,44600,440,689295,160,178400,1760,32,4,160538,317298,5137216,1269192,6406408,4,4,12,4,13,12,8,20,20,20260807,5,1,1,1,0,0,0,6152,0.256333,1,0.0015,0
265,2676.79,11,0,0.774,10.1997,0,0,0,10.9738,92,91,0,1,2.03342,2.03342,486,229,0,226,0,0,0,0,0,1662,2065.04,1.05658,7.92975,242685,40,44600,440,689295,160,178400,1760,32,4,160538,317298,5137216,1269192,6406408,4,4,12,4,13,12,8,20,20,20260807,5,1,1,1,0,0,0,6152,0.256333,1,0.0015,0
266,2681.97,6,0,1.23967,3.85942,0,0,0,5.09908,93,93,0,1,2.03342,2.03342,496,239,0,226,0,0,0,0,0,1662,2065.04,1.05658,7.92975,242685,40,44600,440,689295,160,178400,1760,32,4,160538,317298,5137216,1269192,6406408,4,4,12,4,13,12,8,20,20,20260807,5,1,1,1,0,0,0,6152,0.256333,1,0.0015,0
267,2693.52,11,0,0.863916,10.6068,0,0,0,11.4708,94,93,0,1,2.03342,2.03342,496,239,0,226,0,0,0,0,0,1662,2065.04,1.05658,7.92975,242685,40,44600,440,689295,160,178400,1760,32,4,160538,317298,5137216,1269192,6406408,4,4,12,4,13,12,8,20,20,20260807,5,1,1,1,0,0,0,6152,0.256333,1,0.0015,0
268,2697.49,4,0,2.10471,1.78592,0,0,0,3.89062,94,94,0,1,2.03342,2.03342,501,239,1,228,0,0,0,0,0,1667,2070.01,0.967791,7.92975,243047,40,44600,440,690365,160,178400,1760,32,4,161608,319470,5171456,1277880,6449336,4,4,12,4,13,12,8,20,20,20260807,5,1,1,1,0,0,0,6153,0.256375,1,0.0015,1
269,2710.09,13,0,0.746583,11.7796,0,0,0,12.5262,95,94,0,1,2.03342,2.03342,501,239,0,228,0,0,0,0,0,1667,2070.01,0.967791,7.92975,243047,40,44600,440,690365,160,178400,1760,32,4,161608,319470,5171456,1277880,6449336,4,4,12,4,13,12,8,20,20,20260807,5,1,1,1,0,0,0,6153,0.256375,1,0.0015,0
270,2716.38,6,0,4.18196,2.03625,0,0,0,6.21821,96,95,0,1,2.03342,2.03342,506,238,2,232,0,0,0,0,0,1673,2075.37,0.970667,7.92975,243490,40,44600,456,691783,160,178400,1824,32,4,163090,322224,5218880,1288896,6507776,4,4,12,4,13,12,8,20,20,20260807,5,1,1,1,0,0,0,6153,0.256375,1,0.0015,0
271,2726.78,10,0,0.792708,9.53546,0,0,0,10.3282,96,95,0,1,2.03342,2.03342,506,238,0,232,0,0,0,0,0,1673,2075.37,0.970667,7.92975,243490,40,44600,456,691783,160,178400,1824,32,4,163090,322224,5218880,1288896,6507776,4,4,12,4,13,12,8,20,20,20260807,5,1,1,1,0,0,0,6153,0.256375,1,0.0015,0
272,2730.7,4,0,1.86846,1.97033,0,0,0,3.83879,96,96,0,1,2.03342,2.03342,512,239,1,234,0,0,0,0,0,1677,2079.4,1.09192,7.92975,244230,40,44600,464,694492,160,178400,1856,32,4,165793,326634,5305376,1306536,6611912,4,4,12,4,13,12,8,20,20,20260807,5,1,1,1,0,0,0,6153,0.256375,1,0.0015,0
273,2744.44,14,0,11.6636,1.999,0,0,0,13.6626,97,97,0,1,2.03342,2.03342,518,244,1,236,0,0,0,0,0,1679,2082.2,1.67837,7.92975,244609,40,44600,464,695501,160,178400,1856,32,4,166093,327276,5314976,1309104,6624080,4,4,12,4,13,12,8,20,20,20260807,5,1,1,1,0,0,0,6153,0.256375,1,0.0015,0
274,2749.98,6,0,3.51042,1.96004,0,0,0,5.47046,98,97,0,1,2.03342,2.03342,518,244,0,237,0,0,0,0,0,1679,2082.2,1.67837,7.92975,244609,40,44600,464,695501,160,178400,1856,32,4,166840,328986,5338880,1315944,6654824,4,4,12,4,13,12,8,20,20,20260807,5,1,1,1,0,0,0,6154,0.256417,1,0.0015,1
275,2760.08,10,0,3.01033,7.01454,0,0,0,10.0249,98,98,0,1,2.03342,2.03342,524,250,0,237,0,0,0,0,0,1679,2082.2,1.67837,7.92975,244609,40,44600,464,695501,160,178400,1856,32,4,166840,328986,5338880,1315944,6654824,4,4,12,4,13,12,8,20,20,20260807,5,1,1,1,0,0,0,6154,0.256417,1,0.0015,0
276,2765.38,5,0,2.3525,2.82296,0,0,0,5.17546,99,99,0,1,2.03342,2.03342,530,256,0,237,0,0,0,0,0,1679,2082.2,1.67837,7.92975,244609,40,44600,464,695501,160,178400,1856,32,4,166840,328986,5338880,1315944,6654824,4,4,12,4,13,12,8,20,20,20260807,5,1,1,1,0,0,0,6154,0.256417,1,0.0015,0
277,2777.7,12,0,10.3286,1.91329,0,0,0,12.2419,100,99,0,1,2.03342,2.03342,530,250,4,239,0,0,0,0,0,1685,2088.19,1.00042,7.92975,245945,40,44600,476,699703,160,178400,1904,32,4,169094,332694,5411008,1330776,6741784,4,4,12,4,13,12,8,20,20,20260807,5,1,1,1,0,0,0,6154,0.256417,1,0.0015,0
278,2783.51,6,0,3.71171,2.02442,0,0,0,5.73613,100,100,0,1,2.03342,2.03342,536,256,0,242,0,0,0,0,0,1685,2088.19,1.00042,7.92975,245945,40,44600,476,699703,160,178400,1904,32,4,171090,337074,5474880,1348296,6823176,4,4,12,4,13,12,8,20,20,20260807,5,1,1,1,0,0,0,6154,0.256417,1,0.0015,0
279,2793.59,10,0,0.9295,9.08492,0,0,0,10.0144,101,100,0,1,2.03342,2.03342,536,256,0,242,0,0,0,0,0,1685,2088.19,1.00042,7.92975,245945,40,44600,476,699703,160,178400,1904,32,4,171090,337074,5474880,1348296,6823176,4,4,12,4,13,12,8,20,20,20260807,5,1,1,1,0,0,0,6155,0.256458,1,0.0015,1
280,2798.44,5,0,0.840792,3.92546,0,0,0,4.76625,102,101,0,1,2.03342,2.03342,541,261,0,242,0,0,0,0,0,1685,2088.19,1.00042,7.92975,245945,40,44600,476,699703,160,178400,1904,32,4,171090,337074,5474880,1348296,6823176,4,4,12,4,13,12,8,20,20,20260807,5,1,1,1,0,0,0,6155,0.256458,1,0.0015,0
281,2810.13,12,0,0.858167,10.758,0,0,0,11.6162,102,101,0,1,2.03342,2.03342,541,261,0,242,0,0,0,0,0,1685,2088.19,1.00042,7.92975,245945,40,44600,476,699703,160,178400,1904,32,4,171090,337074,5474880,1348296,6823176,4,4,12,4,13,12,8,20,20,20260807,5,1,1,1,0,0,0,6155,0.256458,1,0.0015,0
282,2816.47,6,0,4.21237,2.04129,0,0,0,6.25367,103,102,0,1,2.03342,2.03342,547,261,2,245,0,0,0,0,0,1691,2093.95,1.152,7.92975,246905,40,44600,476,702670,160,178400,1904,32,4,172823,340044,5530336,1360176,6890512,4,4,12,4,13,12,8,20,20,20260807,5,1,1,1,0,0,0,6155,0.256458,1,0.0015,0
283,2827.94,12,0,9.42783,1.97092,0,0,0,11.3987,103,103,0,1,2.03342,2.03342,553,266,0,247,0,0,0,0,0,1691,2093.95,1.152,7.92975,246905,40,44600,476,702670,160,178400,1904,32,4,174057,342834,5569824,1371336,6941160,4,4,12,4,13,12,8,20,20,20260807,5,1,1,1,0,0,0,6155,0.256458,1,0.0015,0
284,2832.38,4,0,2.36046,2,0,0,0,4.36046,103,103,0,1,2.03342,2.03342,553,263,1,249,0,0,0,0,0,1694,2096.81,1.32225,7.92975,247541,40,44600,488,704982,160,178400,1952,32,4,176417,346722,5645344,1386888,7032232,4,4,12,4,13,12,8,20,20,20260807,5,1,1,1,0,0,0,6155,0.256458,1,0.0015,0
285,2845.23,13,0,10.7936,1.98833,0,0,0,12.7819,104,104,0,1,2.03342,2.03342,559,267,1,250,0,0,0,0,0,1697,2100.45,1.55267,7.92975,248235,40,44600,488,706826,160,178400,1952,32,4,177804,349848,5689728,1399392,7089120,4,4,12,4,13,12,8,20,20,20260807,5,1,1,1,0,0,0,6155,0.256458,1,0.0015,0
286,2849.47,4,0,2.198,1.96887,0,0,0,4.16688,104,104,0,1,2.03342,2.03342,559,264,2,251,0,0,0,0,0,1699,2102.16,0.43925,7.92975,248965,40,44600,492,709368,160,178400,1968,32,4,178261,350886,5704352,1403544,7107896,4,4,12,4,13,12,8,20,20,20260807,5,1,1,1,0,0,0,6156,0.2565,1,0.0015,1
287,2861.25,12,0,9.63038,2.07287,0,0,0,11.7033,105,104,0,1,2.03342,2.03342,559,261,2,254,0,0,0,0,0,1703,2107.3,1.90346,7.92975,249673,40,44600,492,711395,160,178400,1968,32,4,181204,356124,5798528,1424496,7223024,4,4,12,4,13,12,8,20,20,20260807,5,1,1,1,0,0,0,6156,0.2565,1,0.0015,0
288,2868.17,7,0,4.45479,2.39733,0,0,0,6.85213,105,105,0,1,2.03342,2.03342,565,267,0,256,0,0,0,0,0,1703,2107.3,1.90346,7.92975,249673,40,44600,492,711395,160,178400,1968,32,4,182846,359538,5851072,1438152,7289224,4,4,12,4,13,12,8,20,20,20260807,5,1,1,1,0,0,0,6156,0.2565,1,0.0015,0
289,2876.97,9,0,1.1435,7.57925,0,0,0,8.72275,105,105,0,1,2.03342,2.03342,565,265,1,256,0,0,0,0,0,1704,2108.97,1.6775,7.92975,249990,40,44600,498,712457,160,178400,1992,32,4,182846,359538,5851072,1438152,7289224,4,4,12,4,13,12,8,20,20,20260807,5,1,1,1,0,0,0,6156,0.2565,1,0.0015,0
290,2883.3,6,0,3.96771,2.26121,0,0,0,6.22892,106,105,0,1,2.03342,2.03342,565,261,3,259,0,0,0,0,0,1709,2116.71,1.09813,7.92975,250747,40,44600,498,714843,160,178400,1992,32,4,185013,363174,5920416,1452696,7373112,4,4,12,4,13,12,8,20,20,20260807,5,1,1,1,0,0,0,6156,0.2565,1,0.0015,0
291,2894.65,11,0,9.18329,2.08983,0,0,0,11.2731,106,106,0,1,2.03342,2.03342,571,266,0,262,0,0,0,0,0,1709,2116.71,1.09813,7.92975,250747,40,44600,498,714843,160,178400,1992,32,4,186318,366018,5962176,1464072,7426248,4,4,12,4,13,12,8,20,20,20260807,5,1,1,1,0,0,0,6157,0.256542,1,0.0015,1
292,2900.37,6,0,3.53837,2.11279,0,0,0,5.65117,106,106,0,1,2.03342,2.03342,571,262,3,264,0,0,0,0,0,1714,2121.68,1.45258,7.92975,251509,40,44600,508,717280,160,178400,2032,32,4,188437,369852,6029984,1479408,7509392,4,4,12,4,13,12,8,20,20,20260807,5,1,1,1,0,0,0,6157,0.256542,1,0.0015,0
293,2911.6,11,0,8.93021,2.21525,0,0,0,11.1455,107,107,0,1,2.03342,2.03342,576,265,1,266,0,0,0,0,0,1715,2123.31,1.63142,7.92975,251555,40,44600,508,717423,160,178400,2032,32,4,188795,370650,6041440,1482600,7524040,4,4,12,4,13,12,8,20,20,20260807,5,1,1,1,0,0,0,6157,0.256542,1,0.0015,0
294,2914.98,4,0,1.36317,1.94104,0,0,0,3.30421,107,107,0,1,2.03342,2.03342,576,262,1,269,0,0,0,0,0,1718,2126.34,1.108,7.92975,251967,40,44600,522,718629,160,178400,2088,32,4,190058,373206,6081856,1492824,7574680,4,4,12,4,13,12,8,20,20,20260807,5,1,1,1,0,0,0,6157,0.256542,1,0.0015,0
295,2927.94,13,0,10.7062,2.18538,0,0,0,12.8915,108,108,0,1,2.03342,2.03342,582,267,0,270,0,0,0,0,0,1720,2128.27,0.954042,7.92975,251967,40,44600,522,718629,160,178400,2088,32,4,190200,373482,6086400,1493928,7580328,4,4,12,4,13,12,8,20,20,20260807,5,1,1,1,0,0,0,6157,0.256542,1,0.0015,0
296,2932.66,4,0,0.853708,3.79312,0,0,0,4.64683,108,108,0,1,2.03342,2.03342,582,266,0,270,0,0,0,0,0,1720,2128.27,0.954042,7.92975,251967,40,44600,522,718629,160,178400,2088,32,4,190200,373482,6086400,1493928,7580328,4,4,12,4,13,12,8,20,20,20260807,5,1,1,1,0,0,0,6157,0.256542,1,0.0015,0
297,2947.97,16,0,12.8428,2.39613,0,0,0,15.2389,109,109,0,1,2.03342,2.03342,588,268,2,273,0,0,0,0,0,1725,2135.01,1.49879,7.92975,252354,40,44600,550,719690,160,178400,2200,32,4,191373,375972,6123936,1503888,7627824,4,4,12,4,13,12,8,20,20,20260807,5,1,1,1,0,0,0,6157,0.256542,1,0.0015,0
298,2951.65,3,0,1.24838,2.34804,0,0,0,3.59642,109,109,0,1,2.03342,2.03342,588,265,1,274,0,0,0,0,0,1727,2136.36,0.397958,7.92975,252871,40,44600,554,721515,160,178400,2216,32,4,192502,378030,6160064,1512120,7672184,4,4,12,4,13,12,8,20,20,20260807,5,1,1,1,0,0,0,6158,0.256583,1,0.0015,1
299,2961.2,10,0,7.42217,2.06008,0,0,0,9.48225,110,109,0,1,2.03342,2.03342,588,262,2,277,0,0,0,0,0,1731,2143.09,2.97158,7.92975,253530,40,44600,554,723330,160,178400,2216,32,4,193959,380718,6206688,1522872,7729560,4,4,12,4,13,12,8,20,20,20260807,5,1,1,1,0,0,0,6158,0.256583,1,0.0015,0
300,2969.6,8,0,5.93771,2.39358,0,0,0,8.33129,110,110,0,1,2.03342,2.03342,594,268,0,279,0,0,0,0,0,1731,2143.09,2.97158,7.92975,253530,40,44600,554,723330,160,178400,2216,32,4,195029,383052,6240928,1532208,7773136,4,4,12,4,13,12,8,20,20,20260807,5,1,1,1,0,0,0,6158,0.256583,1,0.0015,0
301,2977.92,9,0,6.1035,2.14108,0,0,0,8.24458,110,110,0,1,2.03342,2.03342,594,262,5,280,0,0,0,0,0,1737,2148.72,1.02867,7.92975,254134,40,44600,564,725402,160,178400,2256,32,4,196070,385050,6274240,1540200,7814440,4,4,12,4,13,12,8,20,20,20260807,5,1,1,1,0,0,0,6158,0.256583,1,0.0015,0
302,2986.81,8,0,6.25429,2.568,0,0,0,8.82229,111,111,0,1,2.03342,2.03342,599,267,0,282,0,0,0,0,0,1737,2148.72,1.02867,7.92975,254134,40,44600,564,725402,160,178400,2256,32,4,197141,386736,6308512,1546944,7855456,4,4,12,4,13,12,8,20,20,20260807,5,1,1,1,0,0,0,6158,0.256583,1,0.0015,0
303,2993.86,8,0,0.947,6.0285,0,0,0,6.9755,112,111,0,1,2.03342,2.03342,599,267,0,282,0,0,0,0,0,1737,2148.72,1.02867,7.92975,254134,40,44600,564,725402,160,178400,2256,32,4,197141,386736,6308512,1546944,7855456,4,4,12,4,13,12,8,20,20,20260807,5,1,1,1,0,0,0,6159,0.256625,1,0.0015,1
304,2998.83,5,0,0.91425,3.94633,0,0,0,4.86058,113,112,0,1,2.03342,2.03342,604,272,0,282,0,0,0,0,0,1737,2148.72,1.02867,7.92975,254134,40,44600,564,725402,160,178400,2256,32,4,197141,386736,6308512,1546944,7855456,4,4,12,4,13,12,8,20,20,20260807,5,1,1,1,0,0,0,6159,0.256625,1,0.0015,0
305,3010.37,11,0,3.15475,8.32146,0,0,0,11.4762,113,113,0,1,2.03342,2.03342,609,277,0,282,0,0,0,0,0,1737,2148.72,1.02867,7.92975,254134,40,44600,564,725402,160,178400,2256,32,4,197141,386736,6308512,1546944,7855456,4,4,12,4,13,12,8,20,20,20260807,5,1,1,1,0,0,0,6159,0.256625,1,0.0015,0
306,3018.7,8,0,5.75158,2.50429,0,0,0,8.25587,114,114,0,1,2.03342,2.03342,614,277,0,284,0,0,0,0,0,1742,2153.41,0.944,7.92975,254481,40,44600,564,726334,160,178400,2256,32,4,198073,388818,6338336,1555272,7893608,4,4,12,4,13,12,8,20,20,20260807,5,1,1,1,0,0,0,6159,0.256625,1,0.0015,0
307,3026.99,9,0,1.25183,6.95613,0,0,0,8.20796,114,114,0,1,2.03342,2.03342,614,275,1,284,0,0,0,0,0,1743,2155.4,1.99067,7.92975,254635,40,44600,574,726755,160,178400,2296,32,4,198073,388818,6338336,1555272,7893608,4,4,12,4,13,12,8,20,20,20260807,5,1,1,1,0,0,0,6159,0.256625,1,0.0015,0
308,3032.96,6,0,3.83308,2.06188,0,0,0,5.89496,115,114,0,1,2.03342,2.03342,614,271,1,289,0,0,0,0,0,1748,2160.66,1.62825,7.92975,255467,40,44600,574,729264,160,178400,2296,32,4,201043,394794,6433376,1579176,8012552,4,4,12,4,13,12,8,20,20,20260807,5,1,1,1,0,0,0,6159,0.256625,1,0.0015,0
309,3043.7,10,0,3.93108,6.73592,0,0,0,10.667,115,115,0,1,2.03342,2.03342,620,277,0,289,0,0,0,0,0,1748,2160.66,1.62825,7.92975,255467,40,44600,574,729264,160,178400,2296,32,4,201043,394794,6433376,1579176,8012552,4,4,12,4,13,12,8,20,20,20260807,5,1,1,1,0,0,0,6160,0.256667,1,0.0015,1
310,3049.84,7,0,3.85604,2.2095,0,0,0,6.06554,115,115,0,1,2.03342,2.03342,620,271,2,293,0,0,0,0,0,1754,2167.38,1.3545,7.92975,257049,40,44600,578,733783,160,178400,2312,32,4,204296,401448,6537472,1605792,8143264,4,4,12,4,13,12,8,20,20,20260807,5,1,1,1,0,0,0,6160,0.256667,1,0.0015,0
311,3061.23,11,0,9.21542,2.12004,0,0,0,11.3355,117,116,0,1,2.03342,2.03342,626,277,0,295,0,0,0,0,0,1754,2167.38,1.3545,7.92975,257049,40,44600,578,733783,160,178400,2312,32,4,205578,404310,6578496,1617240,8195736,4,4,12,4,13,12,8,20,20,20260807,5,1,1,1,0,0,0,6160,0.256667,1,0.0015,0
312,3065.27,4,0,0.883375,3.08617,0,0,0,3.96954,117,116,0,1,2.03342,2.03342,626,277,0,295,0,0,0,0,0,1754,2167.38,1.3545,7.92975,257049,40,44600,578,733783,160,178400,2312,32,4,205578,404310,6578496,1617240,8195736,4,4,12,4,13,12,8,20,20,20260807,5,1,1,1,0,0,0,6160,0.256667,1,0.0015,0
313,3077.2,12,0,1.54913,10.3063,0,0,0,11.8555,117,117,0,1,2.03342,2.03342,632,283,0,295,0,0,0,0,0,1754,2167.38,1.3545,7.92975,257049,40,44600,578,733783,160,178400,2312,32,4,205578,404310,6578496,1617240,8195736,4,4,12,4,13,12,8,20,20,20260807,5,1,1,1,0,0,0,6160,0.256667,1,0.0015,0
314,3082.25,5,0,2.59608,2.38458,0,0,0,4.98067,118,118,0,1,2.03342,2.03342,638,289,0,295,0,0,0,0,0,1754,2167.38,1.3545,7.92975,257049,40,44600,578,733783,160,178400,2312,32,4,205578,404310,6578496,1617240,8195736,4,4,12,4,13,12,8,20,20,20260807,5,1,1,1,0,0,0,6160,0.256667,1,0.0015,0
315,3093.81,11,0,0.92825,10.5539,0,0,0,11.4822,118,118,0,1,2.03342,2.03342,638,288,0,295,0,0,0,0,0,1754,2167.38,1.3545,7.92975,257049,40,44600,578,733783,160,178400,2312,32,4,205578,404310,6578496,1617240,8195736,4,4,12,4,13,12,8,20,20,20260807,5,1,1,1,0,0,0,6160,0.256667,1,0.0015,0
316,3102.5,9,0,5.69987,2.92058,0,0,0,8.62046,119,119,0,1,2.03342,2.03342,644,289,0,300,0,0,0,0,0,1760,2174.51,0.930958,7.92975,258363,64,44600,584,737870,256,178400,2336,32,4,209785,412374,6713120,1649496,8362616,4,4,12,4,13,12,8,20,20,20260807,5,1,1,1,0,0,0,6161,0.256708,1,0.0015,1
317,3110.84,9,0,0.969209,7.28558,0,0,0,8.25479,120,119,0,1,2.03342,2.03342,644,289,0,300,0,0,0,0,0,1760,2174.51,0.930958,7.92975,258363,64,44600,584,737870,256,178400,2336,32,4,209785,412374,6713120,1649496,8362616,4,4,12,4,13,12,8,20,20,20260807,5,1,1,1,0,0,0,6161,0.256708,1,0.0015,0
318,3115.81,4,0,1.009,3.89637,0,0,0,4.90538,121,120,0,1,2.03342,2.03342,650,295,0,300,0,0,0,0,0,1760,2174.51,0.930958,7.92975,258363,64,44600,584,737870,256,178400,2336,32,4,209785,412374,6713120,1649496,8362616,4,4,12,4,13,12,8,20,20,20260807,5,1,1,1,0,0,0,6161,0.256708,1,0.0015,0
319,3127.33,12,0,2.83508,8.57338,0,0,0,11.4085,121,121,0,1,2.03342,2.03342,656,301,0,300,0,0,0,0,0,1760,2174.51,0.930958,7.92975,258363,64,44600,584,737870,256,178400,2336,32,4,209785,412374,6713120,1649496,8362616,4,4,12,4,13,12,8,20,20,20260807,5,1,1,1,0,0,0,6161,0.256708,1,0.0015,0
320,3132.41,5,0,2.72087,2.27879,0,0,0,4.99967,121,121,0,1,2.03342,2.03342,656,296,1,302,0,0,0,0,0,1764,2181.1,2.08708,7.92975,258755,64,44600,588,739026,256,178400,2352,32,4,210662,414090,6741184,1656360,8397544,4,4,12,4,13,12,8,20,20,20260807,5,1,1,1,0,0,0,6161,0.256708,1,0.0015,0
321,3145.21,13,0,10.1797,2.54771,0,0,0,12.7274,122,122,0,1,2.03342,2.03342,662,301,0,304,0,0,0,0,0,1765,2182.2,1.09921,7.92975,258998,64,44600,588,739667,256,178400,2352,32,4,211598,416208,6771136,1664832,8435968,4,4,12,4,13,12,8,20,20,20260807,5,1,1,1,0,0,0,6161,0.256708,1,0.0015,0
322,3148.8,3,0,1.24321,2.27425,0,0,0,3.51746,122,122,0,1,2.03342,2.03342,662,298,0,307,0,0,0,0,0,1768,2184.96,1.02946,7.92975,259690,64,44600,588,741891,256,178400,2352,32,4,213822,420360,6842304,1681440,8523744,4,4,12,4,13,12,8,20,20,20260807,5,1,1,1,0,0,0,6162,0.25675,1,0.0015,1
323,3161.72,13,0,10.5113,2.33629,0,0,0,12.8476,123,123,0,1,2.03342,2.03342,668,302,1,309,0,0,0,0,0,1771,2188.11,1.01838,7.92975,259787,64,44600,588,742151,256,178400,2352,32,4,214082,420942,6850624,1683768,8534392,4,4,12,4,13,12,8,20,20,20260807,5,1,1,1,0,0,0,6162,0.25675,1,0.0015,0
324,3167.43,6,0,3.25283,2.38713,0,0,0,5.63996,123,123,0,1,2.03342,2.03342,668,298,2,310,0,0,0,0,0,1774,2190.49,0.9715,7.92975,260376,64,44600,592,744204,256,178400,2368,32,4,215567,423624,6898144,1694496,8592640,4,4,12,4,13,12,8,20,20,20260807,5,1,1,1,0,0,0,6162,0.25675,1,0.0015,0
325,3180.17,13,0,9.85737,2.81104,0,0,0,12.6684,124,124,0,1,2.03342,2.03342,673,301,1,313,0,0,0,0,0,1777,2194.28,0.998208,7.92975,261205,64,44600,592,746459,256,178400,2368,32,4,218406,429474,6988992,1717896,8706888,4,4,12,4,13,12,8,20,20,20260807,5,1,1,1,0,0,0,6162,0.25675,1,0.0015,0
326,3183.63,3,0,1.18579,2.19437,0,0,0,3.38017,124,124,0,1,2.03342,2.03342,673,299,0,314,0,0,0,0,0,1778,2195.39,1.11096,7.92975,261301,64,44600,608,746738,256,178400,2432,32,4,218749,430146,6999968,1720584,8720552,4,4,12,4,13,12,8,20,20,20260807,5,1,1,1,0,0,0,6162,0.25675,1,0.0015,0
327,3193.82,10,0,1.06208,9.056,0,0,0,10.1181,124,124,0,1,2.03342,2.03342,673,297,1,314,0,0,0,0,0,1781,2198.69,1.12104,7.92975,261439,64,44600,608,747122,256,178400,2432,32,4,218749,430146,6999968,1720584,8720552,4,4,12,4,13,12,8,20,20,20260807,5,1,1,1,0,0,0,6163,0.256792,1,0.0015,1
328,3201.91,9,0,5.39167,2.63225,0,0,0,8.02392,125,125,0,1,2.03342,2.03342,679,302,0,316,0,0,0,0,0,1782,2200.86,2.17762,7.92975,261465,64,44600,608,747196,256,178400,2432,32,4,219207,431130,7014624,1724520,8739144,4,4,12,4,13,12,8,20,20,20260807,5,1,1,1,0,0,0,6163,0.256792,1,0.0015,0
329,3210.5,8,0,1.3135,7.197,0,0,0,8.5105,125,125,0,1,2.03342,2.03342,679,300,1,316,0,0,0,0,0,1783,2202.59,1.72871,7.92975,261925,64,44600,618,748690,256,178400,2472,32,4,219207,431130,7014624,1724520,8739144,4,4,12,4,13,12,8,20,20,20260807,5,1,1,1,0,0,0,6163,0.256792,1,0.0015,0
330,3214.69,4,0,1.83917,2.27092,0,0,0,4.11008,126,125,0,1,2.03342,2.03342,679,296,1,321,0,0,0,0,0,1788,2208.47,1.04212,7.92975,263002,64,44600,618,751907,256,178400,2472,32,4,223958,440412,7166656,1761648,8928304,4,4,12,4,13,12,8,20,20,20260807,5,1,1,1,0,0,0,6163,0.256792,1,0.0015,0
331,3227.41,13,0,0.928917,11.7163,0,0,0,12.6452,126,125,0,1,2.03342,2.03342,679,296,0,321,0,0,0,0,0,1788,2208.47,1.04212,7.92975,263002,64,44600,618,751907,256,178400,2472,32,4,223958,440412,7166656,1761648,8928304,4,4,12,4,13,12,8,20,20,20260807,5,1,1,1,0,0,0,6163,0.256792,1,0.0015,0
332,3233.49,6,0,3.69263,2.31296,0,0,0,6.00558,127,126,0,1,2.03342,2.03342,684,296,1,324,0,0,0,0,0,1793,2214.19,0.974833,7.92975,263660,64,44600,618,753668,256,178400,2472,32,4,225719,444360,7223008,1777440,9000448,4,4,12,4,13,12,8,20,20,20260807,5,1,1,1,0,0,0,6163,0.256792,1,0.0015,0
333,3243.91,11,0,4.258,6.05896,0,0,0,10.317,127,127,0,1,2.03342,2.03342,690,302,0,324,0,0,0,0,0,1793,2214.19,0.974833,7.92975,263660,64,44600,618,753668,256,178400,2472,32,4,225719,444360,7223008,1777440,9000448,4,4,12,4,13,12,8,20,20,20260807,5,1,1,1,0,0,0,6164,0.256833,1,0.0015,1
334,3248.05,4,0,1.60846,2.45967,0,0,0,4.06813,127,127,0,1,2.03342,2.03342,690,298,1,326,0,0,0,0,0,1796,2218.22,2.07617,7.92975,264292,64,44600,638,755418,256,178400,2552,32,4,227173,447456,7269536,1789824,9059360,4,4,12,4,13,12,8,20,20,20260807,5,1,1,1,0,0,0,6164,0.256833,1,0.0015,0
335,3261.67,13,0,11.0684,2.464,0,0,0,13.5324,128,128,0,1,2.03342,2.03342,696,303,1,328,0,0,0,0,0,1798,2220.55,1.21325,7.92975,264431,64,44600,638,755781,256,178400,2552,32,4,227912,449106,7293184,1796424,9089608,4,4,12,4,13,12,8,20,20,20260807,5,1,1,1,0,0,0,6164,0.256833,1,0.0015,0
336,3266.9,6,0,2.57192,2.57717,0,0,0,5.14908,128,128,0,1,2.03342,2.03342,696,299,1,330,0,0,0,0,0,1801,2223.26,1.27479,7.92975,265596,64,44600,644,759425,256,178400,2576,32,4,230019,452826,7360608,1811304,9171912,4,4,12,4,13,12,8,20,20,20260807,5,1,1,1,0,0,0,6164,0.256833,1,0.0015,0
337,3281.14,14,0,11.499,2.67158,0,0,0,14.1705,129,129,0,1,2.03342,2.03342,702,303,2,332,0,0,0,0,0,1804,2228.05,1.10396,7.92975,266383,64,44600,644,761616,256,178400,2576,32,4,233243,459684,7463776,1838736,9302512,4,4,12,4,13,12,8,20,20,20260807,5,1,1,1,0,0,0,6164,0.256833,1,0.0015,0
338,3285.25,4,0,1.5265,2.50246,0,0,0,4.02896,129,129,0,1,2.03342,2.03342,702,299,1,336,0,0,0,0,0,1807,2230.76,1.122,7.92975,267281,64,44600,648,764474,256,178400,2592,32,4,235649,464118,7540768,1856472,9397240,4,4,12,4,13,12,8,20,20,20260807,5,1,1,1,0,0,0,6164,0.256833,1,0.0015,0
339,3295.1,10,0,7.183,2.59054,0,0,0,9.77354,130,129,0,1,2.03342,2.03342,702,297,2,338,0,0,0,0,0,1810,2234.64,0.999,7.92975,267600,64,44600,648,765363,256,178400,2592,32,4,236661,466314,7573152,1865256,9438408,4,4,12,4,13,12,8,20,20,20260807,5,1,1,1,0,0,0,6165,0.256875,1,0.0015,1
340,3301.16,6,0,3.3085,2.67937,0,0,0,5.98787,130,130,0,1,2.03342,2.03342,708,302,0,339,0,0,0,0,0,1810,2234.64,0.999,7.92975,267600,64,44600,648,765363,256,178400,2592,32,4,237534,468180,7601088,1872720,9473808,4,4,12,4,13,12,8,20,20,20260807,5,1,1,1,0,0,0,6165,0.256875,1,0.0015,0
341,3311.77,10,0,8.03487,2.49471,0,0,0,10.5296,131,130,0,1,2.03342,2.03342,708,297,3,342,0,0,0,0,0,1816,2242.09,2.28271,7.92975,268554,64,44600,652,768424,256,178400,2608,32,4,239516,471516,7664512,1886064,9550576,4,4,12,4,13,12,8,20,20,20260807,5,1,1,1,0,0,0,6165,0.256875,1,0.0015,0
342,3319.99,9,0,5.01067,3.11833,0,0,0,8.129,131,131,0,1,2.03342,2.03342,714,303,0,344,0,0,0,0,0,1816,2242.09,2.28271,7.92975,268554,64,44600,652,768424,256,178400,2608,32,4,240611,473928,7699552,1895712,9595264,4,4,12,4,13,12,8,20,20,20260807,5,1,1,1,0,0,0,6165,0.256875,1,0.0015,0
343,3328.74,8,0,6.10167,2.57625,0,0,0,8.67792,131,131,0,1,2.03342,2.03342,714,297,3,346,0,0,0,0,0,1821,2247.14,1.07717,7.92975,269425,64,44600,658,771138,256,178400,2632,32,4,242323,476934,7754336,1907736,9662072,4,4,12,4,13,12,8,20,20,20260807,5,1,1,1,0,0,0,6165,0.256875,1,0.0015,0
344,3334.42,6,0,2.69979,2.90233,0,0,0,5.60213,132,131,0,1,2.03342,2.03342,714,297,0,348,0,0,0,0,0,1822,2248.4,1.26075,7.92975,269425,64,44600,658,771138,256,178400,2632,32,4,243349,479190,7787168,1916760,9703928,4,4,12,4,13,12,8,20,20,20260807,5,1,1,1,0,0,0,6165,0.256875,1,0.0015,0
345,3344.07,10,0,1.2005,8.36433,0,0,0,9.56483,132,132,0,1,2.03342,2.03342,719,302,0,348,0,0,0,0,0,1822,2248.4,1.26075,7.92975,269425,64,44600,658,771138,256,178400,2632,32,4,243349,479190,7787168,1916760,9703928,4,4,12,4,13,12,8,20,20,20260807,5,1,1,1,0,0,0,6166,0.256917,1,0.0015,1
346,3349.16,5,0,2.42975,2.58108,0,0,0,5.01083,133,132,0,1,2.03342,2.03342,719,296,1,353,0,0,0,0,0,1828,2254.47,1.02012,7.92975,270373,64,44600,662,774145,256,178400,2648,32,4,246237,484614,7879584,1938456,9818040,4,4,12,4,13,12,8,20,20,20260807,5,1,1,1,0,0,0,6166,0.256917,1,0.0015,0
347,3361.87,14,0,9.92904,2.70633,0,0,0,12.6354,133,133,0,1,2.03342,2.03342,725,299,2,354,0,0,0,0,0,1830,2257.29,0.768167,7.92975,271025,64,44600,664,776505,256,178400,2656,32,4,246372,484902,7883904,1939608,9823512,4,4,12,4,13,12,8,20,20,20260807,5,1,1,1,0,0,0,6166,0.256917,1,0.0015,0
348,3429.9,67,0,66.9463,0.9815,0,0,0,67.9278,134,134,0,1,2.03342,2.03342,722,295,4,46,0,0,0,0,0,1832,2259.57,1.18342,7.92975,271464,64,44600,664,777700,256,178400,2656,32,4,21810,46194,697920,184776,882696,4,4,12,4,13,12,8,20,20,20260807,5,1,1,1,0,0,0,6166,0.256917,1,0.0015,0
349,3440.95,11,0,10.1198,0.846459,0,0,0,10.9663,127,126,0,1,2.03342,2.03342,674,259,4,46,0,0,0,0,0,1832,2259.57,1.18342,7.92975,271464,64,44600,664,777700,256,178400,2656,32,4,21810,46194,697920,184776,882696,4,4,12,4,13,12,8,20,20,20260807,5,1,1,1,0,0,0,6167,0.256958,1,0.0015,1
350,3459.24,18,0,12.9311,5.29975,0,0,0,18.2309,119,119,0,1,2.03342,2.03342,632,258,4,46,0,0,0,0,0,1832,2259.57,1.18342,7.92975,271464,64,44600,664,777700,256,178400,2656,32,4,21810,46194,697920,184776,882696,4,4,12,4,13,12,8,20,20,20260807,5,1,1,1,0,0,0,6168,0.257,1,0.0015,1
351,3473.15,14,0,12.896,0.933542,0,0,0,13.8296,112,112,0,1,2.03342,2.03342,589,257,4,46,0,0,0,0,0,1832,2259.57,1.18342,7.92975,271464,64,44600,664,777700,256,178400,2656,32,4,21810,46194,697920,184776,882696,4,4,12,4,13,12,8,20,20,20260807,5,1,1,1,0,0,0,6168,0.257,1,0.0015,0
352,3487.05,14,0,12.8774,0.954417,0,0,0,13.8318,105,105,0,1,2.03342,2.03342,546,244,4,46,0,0,0,0,0,1832,2259.57,1.18342,7.92975,271464,64,44600,664,777700,256,178400,2656,32,4,21810,46194,697920,184776,882696,4,4,12,4,13,12,8,20,20,20260807,5,1,1,1,0,0,0,6168,0.257,1,0.0015,0
353,3500.42,13,0,12.365,0.935667,0,0,0,13.3007,97,97,0,1,2.03342,2.03342,499,243,7,46,1,0,0,0,0,1835,2262.81,0.896417,7.92975,272347,68,44856,684,780757,272,179424,2736,32,4,21810,46194,697920,184776,882696,4,4,12,4,13,12,8,20,20,20260807,5,1,1,1,0,0,0,6169,0.257042,1,0.0015,1
354,3512.76,12,0,11.3163,0.951416,0,0,0,12.2677,89,89,0,1,2.03342,2.03342,453,231,6,47,2,0,0,0,0,1837,2265.24,1.24192,7.92975,273075,72,44856,690,783184,288,179424,2760,32,4,22834,47730,730688,190920,921608,4,4,12,4,13,12,8,20,20,20260807,5,1,1,1,0,0,0,6169,0.257042,1,0.0015,0
355,3523.02,11,0,9.25808,0.938542,0,0,0,10.1966,81,81,0,1,2.03342,2.03342,411,226,5,48,3,0,0,0,0,1838,2266.53,1.29133,7.92975,273482,72,44856,690,784313,288,179424,2760,32,4,23215,48564,742880,194256,937136,4,4,12,4,13,12,8,20,20,20260807,5,1,1,1,0,0,0,6169,0.257042,1,0.0015,0
356,3534.82,12,0,10.7062,0.99875,0,0,0,11.705,73,73,0,1,2.03342,2.03342,371,210,7,49,1,0,0,0,0,1841,2269.68,1.08217,7.92975,274584,72,44856,712,788259,288,179424,2848,32,4,24344,51006,779008,204024,983032,4,4,12,4,13,12,8,20,20,20260807,5,1,1,1,0,0,0,6169,0.257042,1,0.0015,0
357,3544.47,9,0,8.6685,0.907916,0,0,0,9.57642,65,65,0,1,2.03342,2.03342,331,194,6,50,0,0,0,0,0,1841,2269.68,1.08217,7.92975,274584,72,44856,712,788259,288,179424,2848,32,4,24625,51606,788000,206424,994424,4,4,12,4,13,12,8,20,20,20260807,5,1,1,1,0,0,0,6170,0.257083,1,0.0015,1
358,3553.95,10,0,8.52729,0.882375,0,0,0,9.40967,57,57,0,1,2.03342,2.03342,291,176,4,51,0,0,0,0,0,1842,2270.73,1.04646,7.92975,274636,72,44856,712,788398,288,179424,2848,32,4,24764,51918,792448,207672,1000120,1,1,12,4,13,12,11,20,20,20260807,5,1,1,1,0,0,0,6170,0.257083,1,0.0015,0
359,3563.51,9,0,8.5345,0.961959,0,0,0,9.49646,49,49,0,1,2.03342,2.03342,250,170,4,51,0,0,0,0,0,1842,2270.73,1.04646,7.92975,274636,72,44856,712,788398,288,179424,2848,32,4,24764,51918,792448,207672,1000120,0,0,12,4,13,12,12,20,20,20260807,5,1,1,1,0,0,0,6170,0.257083,1,0.0015,0
360,3567.2,4,0,2.74087,0.888375,0,0,0,3.62925,48,47,0,1,2.03342,2.03342,238,168,0,51,0,0,0,0,0,1842,2270.73,1.04646,7.92975,274636,72,44856,712,788398,288,179424,2848,32,4,24764,51918,792448,207672,1000120,0,0,12,4,13,12,12,20,20,20260807,5,1,1,1,0,0,0,6170,0.257083,1,0.0015,0
361,3575.89,9,0,0.441792,8.19037,0,0,0,8.63217,48,47,0,1,2.03342,2.03342,238,168,0,51,0,0,0,0,0,1842,2270.73,1.04646,7.92975,274636,72,44856,712,788398,288,179424,2848,32,4,24764,51918,792448,207672,1000120,0,0,12,4,13,12,12,20,20,20260807,5,1,1,1,0,0,0,6170,0.257083,1,0.0015,0
362,3581.54,5,0,0.469125,5.10696,0,0,0,5.57608,49,48,0,1,2.03342,2.03342,243,173,0,51,0,0,0,0,0,1842,2270.73,1.04646,7.92975,274636,72,44856,712,788398,288,179424,2848,32,4,24764,51918,792448,207672,1000120,0,0,12,4,13,12,12,20,20,20260807,5,1,1,1,0,0,0,6170,0.257083,1,0.0015,0
363,3592.69,11,0,1.49933,9.552,0,0,0,11.0513,49,49,0,1,2.03342,2.03342,248,178,0,51,0,0,0,0,0,1842,2270.73,1.04646,7.92975,274636,72,44856,712,788398,288,179424,2848,32,4,24764,51918,792448,207672,1000120,0,0,12,4,13,12,12,20,20,20260807,5,1,1,1,0,0,0,6170,0.257083,1,0.0015,0
364,3595.92,4,0,0.501792,2.65371,0,0,0,3.1555,50,50,0,1,2.03342,2.03342,253,183,0,51,0,0,0,0,0,1842,2270.73,1.04646,7.92975,274636,72,44856,712,788398,288,179424,2848,32,4,24764,51918,792448,207672,1000120,0,0,12,4,13,12,12,20,20,20260807,5,1,1,1,0,0,0,6171,0.257125,1,0.0015,1
365,3610.02,14,0,13.1305,0.897208,0,0,0,14.0277,50,50,0,1,2.03342,2.03342,253,173,8,52,0,0,0,0,0,1851,2280.13,1.02642,7.92975,275950,72,45368,712,792050,288,181472,2848,32,4,25788,53454,825216,213816,1039032,0,0,12,4,13,12,12,20,20,20260807,5,1,1,1,0,0,0,6171,0.257125,1,0.0015,0
366,3621.73,11,0,10.7869,0.860334,0,0,0,11.6472,51,51,0,1,2.03342,2.03342,258,176,2,59,0,0,0,0,0,1853,2282.38,0.675708,7.92975,275950,72,45624,712,792050,288,182496,2848,32,4,30329,62592,970528,250368,1220896,0,0,12,4,13,12,12,20,20,20260807,5,1,1,1,0,0,0,6171,0.257125,1,0.0015,0
367,3626.64,5,0,3.72962,1.11275,0,0,0,4.84237,51,51,0,1,2.03342,2.03342,258,173,2,62,0,0,0,0,0,1856,2285.72,1.05092,7.92975,276301,72,45624,712,793019,288,182496,2848,32,4,31539,64512,1009248,258048,1267296,0,0,12,4,13,12,12,20,20,20260807,5,1,1,1,0,0,0,6171,0.257125,1,0.0015,0
368,3629.36,3,0,1.78954,0.860166,0,0,0,2.64971,52,51,0,1,2.03342,2.03342,258,173,0,64,0,0,0,0,0,1857,2286.74,1.02612,7.92975,276301,72,45624,712,793019,288,182496,2848,32,4,32457,66516,1038624,266064,1304688,0,0,12,4,13,12,12,20,20,20260807,5,1,1,1,0,0,0,6171,0.257125,1,0.0015,0
369,3642.76,13,0,0.423583,12.9105,0,0,0,13.3341,52,51,0,1,2.03342,2.03342,258,173,0,64,0,0,0,0,0,1857,2286.74,1.02612,7.92975,276301,72,45624,712,793019,288,182496,2848,32,4,32457,66516,1038624,266064,1304688,0,0,12,4,13,12,12,20,20,20260807,5,1,1,1,0,0,0,6171,0.257125,1,0.0015,0
370,3647.04,5,0,3.24825,0.951625,0,0,0,4.19987,53,53,0,1,2.03342,2.03342,268,183,0,64,0,0,0,0,0,1857,2286.74,1.02612,7.92975,276301,72,45624,712,793019,288,182496,2848,32,4,32457,66516,1038624,266064,1304688,0,0,12,4,13,12,12,20,20,20260807,5,1,1,1,0,0,0,6172,0.257167,1,0.0015,1
371,3659.42,12,0,0.5,11.8117,0,0,0,12.3117,54,53,0,1,2.03342,2.03342,268,183,0,64,0,0,0,0,0,1857,2286.74,1.02612,7.92975,276301,72,45624,712,793019,288,182496,2848,32,4,32457,66516,1038624,266064,1304688,0,0,12,4,13,12,12,20,20,20260807,5,1,1,1,0,0,0,6172,0.257167,1,0.0015,0
372,3663.19,4,0,2.78321,0.914,0,0,0,3.69721,54,54,0,1,2.03342,2.03342,273,185,1,65,0,0,0,0,0,1859,2290.45,2.47425,7.92975,276425,72,45880,712,793370,288,183520,2848,32,4,33481,68052,1071392,272208,1343600,0,0,12,4,13,12,12,20,20,20260807,5,1,1,1,0,0,0,6172,0.257167,1,0.0015,0
373,3676.71,13,0,12.4778,0.970209,0,0,0,13.448,55,55,0,1,2.03342,2.03342,278,188,2,67,0,0,0,0,0,1862,2295.1,1.25842,7.92975,276827,72,45880,712,794480,288,183520,2848,32,4,34930,71184,1117760,284736,1402496,0,0,12,4,13,12,12,20,20,20260807,5,1,1,1,0,0,0,6172,0.257167,1,0.0015,0
374,3679.43,3,0,1.821,0.83125,0,0,0,2.65225,55,55,0,1,2.03342,2.03342,278,186,1,68,0,0,0,0,0,1863,2295.55,0.450125,7.92975,276827,72,46136,712,794480,288,184544,2848,32,4,34942,71208,1118144,284832,1402976,0,0,12,4,13,12,12,20,20,20260807,5,1,1,1,0,0,0,6172,0.257167,1,0.0015,0
375,3696.63,17,0,15.9199,1.22496,0,0,0,17.1449,56,56,0,1,2.03342,2.03342,283,188,3,70,0,0,0,0,0,1867,2302.83,2.04779,7.92975,277085,72,46136,712,795171,288,184544,2848,32,4,36053,72942,1153696,291768,1445464,0,0,12,4,13,12,12,20,20,20260807,5,1,1,1,0,0,0,6172,0.257167,1,0.0015,0
376,3698.78,2,0,1.23158,0.848584,0,0,0,2.08017,57,56,0,1,2.03342,2.03342,283,188,0,72,0,0,0,0,0,1867,2302.83,2.04779,7.92975,277085,72,46136,712,795171,288,184544,2848,32,4,36657,74292,1173024,297168,1470192,0,0,12,4,13,12,12,20,20,20260807,5,1,1,1,0,0,0,6173,0.257208,1,0.0015,1
377,3709.57,11,0,0.435959,10.2656,0,0,0,10.7016,57,56,0,1,2.03342,2.03342,283,188,0,72,0,0,0,0,0,1867,2302.83,2.04779,7.92975,277085,72,46136,712,795171,288,184544,2848,32,4,36657,74292,1173024,297168,1470192,0,0,12,4,13,12,12,20,20,20260807,5,1,1,1,0,0,0,6173,0.257208,1,0.0015,0
378,3712.61,3,0,0.518834,2.44937,0,0,0,2.96821,58,57,0,1,2.03342,2.03342,288,193,0,72,0,0,0,0,0,1867,2302.83,2.04779,7.92975,277085,72,46136,712,795171,288,184544,2848,32,4,36657,74292,1173024,297168,1470192,0,0,12,4,13,12,12,20,20,20260807,5,1,1,1,0,0,0,6173,0.257208,1,0.0015,0
379,3725.94,14,0,0.787417,12.4686,0,0,0,13.256,58,58,0,1,2.03342,2.03342,293,198,0,72,0,0,0,0,0,1867,2302.83,2.04779,7.92975,277085,72,46136,712,795171,288,184544,2848,32,4,36657,74292,1173024,297168,1470192,0,0,12,4,13,12,12,20,20,20260807,5,1,1,1,0,0,0,6173,0.257208,1,0.0015,0
380,3731.44,5,0,4.33042,1.09987,0,0,0,5.43029,59,59,0,1,2.03342,2.03342,298,198,0,76,0,0,0,0,0,1872,2307.87,0.997209,7.92975,277808,72,46392,712,797180,288,185568,2848,32,4,39690,80166,1270080,320664,1590744,0,0,12,4,13,12,12,20,20,20260807,5,1,1,1,0,0,0,6173,0.257208,1,0.0015,0
381,3742.76,11,0,0.470916,10.7794,0,0,0,11.2503,59,59,0,1,2.03342,2.03342,298,197,0,76,0,0,0,0,0,1872,2307.87,0.997209,7.92975,277808,72,46392,712,797180,288,185568,2848,32,4,39690,80166,1270080,320664,1590744,0,0,12,4,13,12,12,20,20,20260807,5,1,1,1,0,0,0,6173,0.257208,1,0.0015,0
382,3747.67,5,0,3.77496,1.05679,0,0,0,4.83175,60,60,0,1,2.03342,2.03342,303,198,0,81,0,0,0,0,0,1877,2313.39,1.06042,7.92975,278603,72,46648,712,799381,288,186592,2848,32,4,42915,86472,1373280,345888,1719168,0,0,12,4,13,12,12,20,20,20260807,5,1,1,1,0,0,0,6174,0.25725,1,0.0015,1
383,3759.31,12,0,0.520708,11.0594,0,0,0,11.5801,60,60,0,1,2.03342,2.03342,303,197,1,81,0,0,0,0,0,1878,2313.84,0.449,7.92975,278603,72,46904,712,799381,288,187616,2848,32,4,42915,86472,1373280,345888,1719168,0,0,12,4,13,12,12,20,20,20260807,5,1,1,1,0,0,0,6174,0.25725,1,0.0015,0
384,3763.14,4,0,2.92104,0.831834,0,0,0,3.75287,61,60,0,1,2.03342,2.03342,303,193,0,86,0,0,0,0,0,1882,2321.38,2.7165,7.92975,279207,72,46904,712,801007,288,187616,2848,32,4,45565,91632,1458080,366528,1824608,0,0,12,4,13,12,12,20,20,20260807,5,1,1,1,0,0,0,6174,0.25725,1,0.0015,0
385,3776.05,13,0,3.00704,9.84879,0,0,0,12.8558,61,61,0,1,2.03342,2.03342,308,198,0,86,0,0,0,0,0,1882,2321.38,2.7165,7.92975,279207,72,46904,712,801007,288,187616,2848,32,4,45565,91632,1458080,366528,1824608,0,0,12,4,13,12,12,20,20,20260807,5,1,1,1,0,0,0,6174,0.25725,1,0.0015,0
386,3780.65,4,0,0.62,3.90621,0,0,0,4.52621,63,62,0,1,2.03342,2.03342,313,203,0,86,0,0,0,0,0,1882,2321.38,2.7165,7.92975,279207,72,46904,712,801007,288,187616,2848,32,4,45565,91632,1458080,366528,1824608,0,0,12,4,13,12,12,20,20,20260807,5,1,1,1,0,0,0,6174,0.25725,1,0.0015,0
387,3792.67,12,0,1.4315,10.5083,0,0,0,11.9398,63,63,0,1,2.03342,2.03342,318,208,0,86,0,0,0,0,0,1882,2321.38,2.7165,7.92975,279207,72,46904,712,801007,288,187616,2848,32,4,45565,91632,1458080,366528,1824608,0,0,12,4,13,12,12,20,20,20260807,5,1,1,1,0,0,0,6174,0.25725,1,0.0015,0
388,3796.97,5,0,3.2035,1.02704,0,0,0,4.23054,64,63,0,1,2.03342,2.03342,318,203,0,91,0,0,0,0,0,1887,2326.23,1.06325,7.92975,279880,72,47160,712,802901,288,188640,2848,32,4,48483,97206,1551456,388824,1940280,0,0,12,4,13,12,12,20,20,20260807,5,1,1,1,0,0,0,6175,0.257292,1,0.0015,1
389,3809.5,12,0,3.15642,9.31312,0,0,0,12.4695,64,64,0,1,2.03342,2.03342,323,208,0,91,0,0,0,0,0,1887,2326.23,1.06325,7.92975,279880,72,47160,712,802901,288,188640,2848,32,4,48483,97206,1551456,388824,1940280,0,0,12,4,13,12,12,20,20,20260807,5,1,1,1,0,0,0,6175,0.257292,1,0.0015,0
390,3813.27,4,0,0.580208,3.11058,0,0,0,3.69079,65,64,0,1,2.03342,2.03342,323,208,0,91,0,0,0,0,0,1887,2326.23,1.06325,7.92975,279880,72,47160,712,802901,288,188640,2848,32,4,48483,97206,1551456,388824,1940280,0,0,12,4,13,12,12,20,20,20260807,5,1,1,1,0,0,0,6175,0.257292,1,0.0015,0
391,3826.18,13,0,2.75563,10.0774,0,0,0,12.833,65,65,0,1,2.03342,2.03342,328,213,0,91,0,0,0,0,0,1887,2326.23,1.06325,7.92975,279880,72,47160,712,802901,288,188640,2848,32,4,48483,97206,1551456,388824,1940280,0,0,12,4,13,12,12,20,20,20260807,5,1,1,1,0,0,0,6175,0.257292,1,0.0015,0
392,3831.26,5,0,0.58725,4.38629,0,0,0,4.97354,66,66,0,1,2.03342,2.03342,333,218,0,91,0,0,0,0,0,1887,2326.23,1.06325,7.92975,279880,72,47160,712,802901,288,188640,2848,32,4,48483,97206,1551456,388824,1940280,0,0,12,4,13,12,12,20,20,20260807,5,1,1,1,0,0,0,6175,0.257292,1,0.0015,0
393,3844.41,13,0,12.0083,1.06129,0,0,0,13.0695,67,67,0,1,2.03342,2.03342,338,218,2,94,0,0,0,0,0,1892,2332.52,2.09742,7.92975,281018,72,47416,712,806063,288,189664,2848,32,4,52174,104484,1669568,417936,2087504,0,0,12,4,13,12,12,20,20,20260807,5,1,1,1,0,0,0,6175,0.257292,1,0.0015,0
394,3850.71,6,0,4.97363,1.26679,0,0,0,6.24042,67,67,0,1,2.03342,2.03342,338,214,3,96,0,0,0,0,0,1895,2335.81,1.07862,7.92975,281851,72,47672,712,808400,288,190688,2848,32,4,52669,105570,1685408,422280,2107688,0,0,12,4,13,12,12,20,20,20260807,5,1,1,1,0,0,0,6176,0.257333,1,0.0015,1
395,3861.93,12,0,9.878,1.26792,0,0,0,11.1459,68,68,0,1,2.03342,2.03342,343,218,1,100,0,0,0,0,0,1897,2338.25,1.36221,7.92975,282027,72,47672,712,808867,288,190688,2848,32,4,56497,113160,1807904,452640,2260544,0,0,12,4,13,12,12,20,20,20260807,5,1,1,1,0,0,0,6176,0.257333,1,0.0015,0
396,3863.25,1,0,0.550792,0.705083,0,0,0,1.25588,69,68,0,1,2.03342,2.03342,343,218,0,100,0,0,0,0,0,1897,2338.25,1.36221,7.92975,282027,72,47672,712,808867,288,190688,2848,32,4,56497,113160,1807904,452640,2260544,0,0,12,4,13,12,12,20,20,20260807,5,1,1,1,0,0,0,6176,0.257333,1,0.0015,0
397,3876.03,13,0,0.45175,12.2838,0,0,0,12.7356,69,68,0,1,2.03342,2.03342,343,218,0,100,0,0,0,0,0,1897,2338.25,1.36221,7.92975,282027,72,47672,712,808867,288,190688,2848,32,4,56497,113160,1807904,452640,2260544,0,0,12,4,13,12,12,20,20,20260807,5,1,1,1,0,0,0,6176,0.257333,1,0.0015,0
398,3879.08,3,0,0.6665,2.31058,0,0,0,2.97708,70,69,0,1,2.03342,2.03342,348,223,0,100,0,0,0,0,0,1897,2338.25,1.36221,7.92975,282027,72,47672,712,808867,288,190688,2848,32,4,56497,113160,1807904,452640,2260544,0,0,12,4,13,12,12,20,20,20260807,5,1,1,1,0,0,0,6176,0.257333,1,0.0015,0
399,3892.89,14,0,2.71383,11.0299,0,0,0,13.7437,70,70,0,1,2.03342,2.03342,353,228,0,100,0,0,0,0,0,1897,2338.25,1.36221,7.92975,282027,72,47672,712,808867,288,190688,2848,32,4,56497,113160,1807904,452640,2260544,0,0,12,4,13,12,12,20,20,20260807,5,1,1,1,0,0,0,6176,0.257333,1,0.0015,0
400,3896.67,3,0,2.61754,1.08242,0,0,0,3.69996,71,70,0,1,2.03342,2.03342,353,223,0,105,0,0,0,0,0,1902,2345.09,2.23775,7.92975,282326,72,47928,712,809687,288,191712,2848,32,4,58341,116490,1866912,465960,2332872,0,0,12,4,13,12,12,20,20,20260807,5,1,1,1,0,0,0,6177,0.257375,1,0.0015,1
401,3909.62,13,0,3.34896,9.53779,0,0,0,12.8867,71,71,0,1,2.03342,2.03342,358,228,0,105,0,0,0,0,0,1902,2345.09,2.23775,7.92975,282326,72,47928,712,809687,288,191712,2848,32,4,58341,116490,1866912,465960,2332872,0,0,12,4,13,12,12,20,20,20260807,5,1,1,1,0,0,0,6177,0.257375,1,0.0015,0
402,3914.6,5,0,0.613875,4.29442,0,0,0,4.90829,73,72,0,1,2.03342,2.03342,363,233,0,105,0,0,0,0,0,1902,2345.09,2.23775,7.92975,282326,72,47928,712,809687,288,191712,2848,32,4,58341,116490,1866912,465960,2332872,0,0,12,4,13,12,12,20,20,20260807,5,1,1,1,0,0,0,6177,0.257375,1,0.0015,0
403,3926.09,12,0,0.669208,10.7398,0,0,0,11.409,73,72,0,1,2.03342,2.03342,363,233,0,105,0,0,0,0,0,1902,2345.09,2.23775,7.92975,282326,72,47928,712,809687,288,191712,2848,32,4,58341,116490,1866912,465960,2332872,0,0,12,4,13,12,12,20,20,20260807,5,1,1,1,0,0,0,6177,0.257375,1,0.0015,0
404,3931.61,5,0,4.27729,1.17088,0,0,0,5.44817,74,73,0,1,2.03342,2.03342,368,233,2,108,0,0,0,0,0,1907,2349.82,1.00754,7.92975,282745,72,47938,712,810874,288,191752,2848,32,4,59532,118998,1905024,475992,2381016,0,0,12,4,13,12,12,20,20,20260807,5,1,1,1,0,0,0,6177,0.257375,1,0.0015,0
405,3943.5,12,0,10.703,1.11704,0,0,0,11.8201,74,74,0,1,2.03342,2.03342,373,233,5,109,0,0,0,0,0,1912,2354.71,1.00642,7.92975,283279,72,48194,712,812254,288,192776,2848,32,4,59568,119064,1906176,476256,2382432,0,0,12,4,13,12,12,20,20,20260807,5,1,1,1,0,0,0,6177,0.257375,1,0.0015,0
406,3947.03,4,0,2.33633,1.12708,0,0,0,3.46342,75,74,0,1,2.03342,2.03342,373,233,0,113,0,0,0,0,0,1912,2354.71,1.00642,7.92975,283279,72,48194,712,812254,288,192776,2848,32,4,61972,123804,1983104,495216,2478320,0,0,12,4,13,12,12,20,20,20260807,5,1,1,1,0,0,0,6178,0.257417,1,0.0015,1
407,3959.49,12,0,3.54483,8.8245,0,0,0,12.3693,75,75,0,1,2.03342,2.03342,378,238,0,113,0,0,0,0,0,1912,2354.71,1.00642,7.92975,283279,72,48194,712,812254,288,192776,2848,32,4,61972,123804,1983104,495216,2478320,0,0,12,4,13,12,12,20,20,20260807,5,1,1,1,0,0,0,6178,0.257417,1,0.0015,0
408,3963.36,4,0,2.58571,1.21233,0,0,0,3.79804,76,75,0,1,2.03342,2.03342,378,233,1,116,0,0,0,0,0,1917,2360.99,1.01212,7.92975,283668,72,48233,712,813335,288,192932,2848,32,4,63209,126372,2022688,505488,2528176,0,0,12,4,13,12,12,20,20,20260807,5,1,1,1,0,0,0,6178,0.257417,1,0.0015,0
409,3976.38,13,0,0.584709,12.3591,0,0,0,12.9438,76,75,0,1,2.03342,2.03342,378,233,0,116,0,0,0,0,0,1917,2360.99,1.01212,7.92975,283668,72,48233,712,813335,288,192932,2848,32,4,63209,126372,2022688,505488,2528176,0,0,12,4,13,12,12,20,20,20260807,5,1,1,1,0,0,0,6178,0.257417,1,0.0015,0
410,3981.83,6,0,0.646875,4.73142,0,0,0,5.37829,77,76,0,1,2.03342,2.03342,383,238,0,116,0,0,0,0,0,1917,2360.99,1.01212,7.92975,283668,72,48233,712,813335,288,192932,2848,32,4,63209,126372,2022688,505488,2528176,0,0,12,4,13,12,12,20,20,20260807,5,1,1,1,0,0,0,6178,0.257417,1,0.0015,0
411,3993,11,0,3.39275,7.69046,0,0,0,11.0832,77,77,0,1,2.03342,2.03342,388,243,0,116,0,0,0,0,0,1917,2360.99,1.01212,7.92975,283668,72,48233,712,813335,288,192932,2848,32,4,63209,126372,2022688,505488,2528176,0,0,12,4,13,12,12,20,20,20260807,5,1,1,1,0,0,0,6178,0.257417,1,0.0015,0
412,3998.65,5,0,0.702792,4.87396,0,0,0,5.57675,78,77,0,1,2.03342,2.03342,388,243,0,116,0,0,0,0,0,1917,2360.99,1.01212,7.92975,283668,72,48233,712,813335,288,192932,2848,32,4,63209,126372,2022688,505488,2528176,0,0,12,4,13,12,12,20,20,20260807,5,1,1,1,0,0,0,6179,0.257458,1,0.0015,1
413,4009.65,11,0,0.650875,10.2685,0,0,0,10.9194,78,78,0,1,2.03342,2.03342,393,247,0,116,0,0,0,0,0,1917,2360.99,1.01212,7.92975,283668,72,48233,712,813335,288,192932,2848,32,4,63209,126372,2022688,505488,2528176,0,0,12,4,13,12,12,20,20,20260807,5,1,1,1,0,0,0,6179,0.257458,1,0.0015,0
414,4013.81,5,0,2.84125,1.22642,0,0,0,4.06767,79,78,0,1,2.03342,2.03342,393,243,1,119,0,0,0,0,0,1922,2370.03,2.20958,7.92975,284105,72,48233,712,814540,288,192932,2848,32,4,64155,128412,2052960,513648,2566608,0,0,12,4,13,12,12,20,20,20260807,5,1,1,1,0,0,0,6179,0.257458,1,0.0015,0
415,4027.13,13,0,11.9322,1.32062,0,0,0,13.2529,79,79,0,1,2.03342,2.03342,398,245,2,120,0,0,0,0,0,1924,2373.04,0.848084,7.92975,284389,72,48290,712,815309,288,193160,2848,32,4,64414,128994,2061248,515976,2577224,0,0,12,4,13,12,12,20,20,20260807,5,1,1,1,0,0,0,6179,0.257458,1,0.0015,0
416,4032.78,5,0,4.30387,1.27354,0,0,0,5.57742,80,79,0,1,2.03342,2.03342,398,243,2,123,0,0,0,0,0,1927,2376.49,1.11846,7.92975,284686,72,48290,712,816125,288,193160,2848,32,4,66144,132630,2116608,530520,2647128,0,0,12,4,13,12,12,20,20,20260807,5,1,1,1,0,0,0,6179,0.257458,1,0.0015,0
417,4044.01,12,0,9.81567,1.35062,0,0,0,11.1663,80,80,0,1,2.03342,2.03342,403,248,0,124,0,0,0,0,0,1927,2376.49,1.11846,7.92975,284686,72,48290,712,816125,288,193160,2848,32,4,66227,132822,2119264,531288,2650552,0,0,12,4,29,12,12,20,20,20260807,5,1,1,1,0,0,0,6180,0.2575,1,0.0015,1
418,4046.22,2,0,0.690583,1.43712,0,0,0,2.12771,81,80,0,1,2.03342,2.03342,403,248,0,124,0,0,0,0,0,1927,2376.49,1.11846,7.92975,284686,72,48290,712,816125,288,193160,2848,32,4,66227,132822,2119264,531288,2650552,0,0,12,4,29,12,12,20,20,20260807,5,1,1,1,0,0,0,6180,0.2575,1,0.0015,0
419,4059.69,13,0,0.568459,12.8374,0,0,0,13.4059,81,80,0,1,2.03342,2.03342,403,248,0,124,0,0,0,0,0,1927,2376.49,1.11846,7.92975,284686,72,48290,712,816125,288,193160,2848,32,4,66227,132822,2119264,531288,2650552,0,0,12,4,29,12,12,20,20,20260807,5,1,1,1,0,0,0,6180,0.2575,1,0.0015,0
420,4065.16,6,0,1.26996,4.121,0,0,0,5.39096,82,82,0,1,2.03342,2.03342,413,258,0,124,0,0,0,0,0,1927,2376.49,1.11846,7.92975,284686,72,48290,712,816125,288,193160,2848,32,4,66227,132822,2119264,531288,2650552,0,0,12,4,29,12,12,20,20,20260807,5,1,1,1,0,0,0,6180,0.2575,1,0.0015,0
421,4077.55,12,0,10.9412,1.33392,0,0,0,12.2751,83,82,0,1,2.03342,2.03342,413,253,3,126,0,0,0,0,0,1932,2382.79,1.30233,7.92975,285609,72,48534,712,818680,288,194136,2848,32,4,67405,134724,2156960,538896,2695856,0,0,12,4,29,12,12,20,20,20260807,5,1,1,1,0,0,0,6180,0.2575,1,0.0015,0
422,4082.92,6,0,3.82604,1.46608,0,0,0,5.29213,83,83,0,1,2.03342,2.03342,418,258,0,129,0,0,0,0,0,1932,2382.79,1.30233,7.92975,285609,72,48534,712,818680,288,194136,2848,32,4,69758,139824,2232256,559296,2791552,0,0,12,4,29,12,12,20,20,20260807,5,1,1,1,0,0,0,6180,0.2575,1,0.0015,0
423,4092.94,10,0,0.785417,9.16987,0,0,0,9.95529,83,83,0,1,2.03342,2.03342,418,257,0,129,0,0,0,0,0,1932,2382.79,1.30233,7.92975,285609,72,48534,712,818680,288,194136,2848,32,4,69758,139824,2232256,559296,2791552,0,0,12,4,29,12,12,20,20,20260807,5,1,1,1,0,0,0,6181,0.257542,1,0.0015,1
424,4101.89,9,0,7.32562,1.53633,0,0,0,8.86196,84,84,0,1,2.03342,2.03342,423,258,0,132,0,0,0,0,0,1936,2387.08,0.978709,7.92975,285761,72,48534,712,819105,288,194136,2848,32,4,70183,140736,2245856,562944,2808800,0,0,12,4,29,12,12,20,20,20260807,5,1,1,1,0,0,0,6181,0.257542,1,0.0015,0
425,4109.69,7,0,0.669083,7.05408,0,0,0,7.72317,84,84,0,1,2.03342,2.03342,423,257,0,132,0,0,0,0,0,1936,2387.08,0.978709,7.92975,285761,72,48534,712,819105,288,194136,2848,32,4,70183,140736,2245856,562944,2808800,0,0,12,4,29,12,12,20,20,20260807,5,1,1,1,0,0,0,6181,0.257542,1,0.0015,0
426,4116.21,7,0,4.73588,1.71817,0,0,0,6.45404,85,84,0,1,2.03342,2.03342,423,253,0,135,0,0,0,0,0,1941,2392.43,1.02933,7.92975,286258,72,48545,712,820446,288,194180,2848,32,4,71568,143784,2290176,575136,2865312,0,0,12,4,29,12,12,20,20,20260807,5,1,1,1,0,0,0,6181,0.257542,1,0.0015,0
427,4126.66,10,0,1.98417,8.38854,0,0,0,10.3727,85,85,0,1,2.03342,2.03342,428,258,0,135,0,0,0,0,0,1941,2392.43,1.02933,7.92975,286258,72,48545,712,820446,288,194180,2848,32,4,71568,143784,2290176,575136,2865312,0,0,12,4,29,12,12,20,20,20260807,5,1,1,1,0,0,0,6181,0.257542,1,0.0015,0
428,4131.82,6,0,3.52208,1.55858,0,0,0,5.08067,86,85,0,1,2.03342,2.03342,428,253,0,138,0,0,0,0,0,1946,2397.31,0.961625,7.92975,286641,72,48545,712,821506,288,194180,2848,32,4,72628,146082,2324096,584328,2908424,0,0,12,4,29,12,12,20,20,20260807,5,1,1,1,0,0,0,6181,0.257542,1,0.0015,0
429,4143.62,11,0,2.43596,9.23142,0,0,0,11.6674,86,86,0,1,2.03342,2.03342,433,258,0,138,0,0,0,0,0,1946,2397.31,0.961625,7.92975,286641,72,48545,712,821506,288,194180,2848,32,4,72628,146082,2324096,584328,2908424,0,0,12,4,29,12,12,20,20,20260807,5,1,1,1,0,0,0,6181,0.257542,1,0.0015,0
430,4147.78,4,0,0.78575,3.28271,0,0,0,4.06846,88,87,0,1,2.03342,2.03342,438,263,0,138,0,0,0,0,0,1946,2397.31,0.961625,7.92975,286641,72,48545,712,821506,288,194180,2848,32,4,72628,146082,2324096,584328,2908424,0,0,12,4,29,12,12,20,20,20260807,5,1,1,1,0,0,0,6182,0.257583,1,0.0015,1
431,4159.85,13,0,0.726208,11.2645,0,0,0,11.9908,88,87,0,1,2.03342,2.03342,438,263,0,138,0,0,0,0,0,1946,2397.31,0.961625,7.92975,286641,72,48545,712,821506,288,194180,2848,32,4,72628,146082,2324096,584328,2908424,0,0,12,4,29,12,12,20,20,20260807,5,1,1,1,0,0,0,6182,0.257583,1,0.0015,0
432,4165.18,5,0,3.80421,1.449,0,0,0,5.25321,88,88,0,1,2.03342,2.03342,443,263,1,141,0,0,0,0,0,1950,2403.08,2.05788,7.92975,286895,72,48545,712,822191,288,194180,2848,32,4,72851,146550,2331232,586200,2917432,0,0,12,4,29,12,12,20,20,20260807,5,1,1,1,0,0,0,6182,0.257583,1,0.0015,0
433,4178.82,14,0,11.8262,1.73621,0,0,0,13.5624,89,89,0,1,2.03342,2.03342,448,265,2,142,0,0,0,0,0,1953,2406.01,0.791083,7.92975,287443,72,48545,712,823729,288,194180,2848,32,4,73313,147606,2346016,590424,2936440,0,0,12,4,29,12,12,20,20,20260807,5,1,1,1,0,0,0,6182,0.257583,1,0.0015,0
434,4181.33,2,0,1.04854,1.38375,0,0,0,2.43229,89,89,0,1,2.03342,2.03342,448,264,0,145,0,0,0,0,0,1954,2407.94,1.92962,7.92975,287590,72,48545,712,824143,288,194180,2848,32,4,75265,151776,2408480,607104,3015584,0,0,12,4,29,12,12,20,20,20260807,5,1,1,1,0,0,0,6182,0.257583,1,0.0015,0
435,4193.21,12,0,0.848958,10.968,0,0,0,11.817,89,89,0,1,2.03342,2.03342,448,263,0,145,0,0,0,0,0,1955,2408.97,1.02929,7.92975,287590,72,48545,712,824143,288,194180,2848,32,4,75265,151776,2408480,607104,3015584,0,0,12,4,29,12,12,20,20,20260807,5,1,1,1,0,0,0,6182,0.257583,1,0.0015,0
436,4197.54,4,0,0.742625,3.47092,0,0,0,4.21354,90,90,0,1,2.03342,2.03342,453,268,0,145,0,0,0,0,0,1956,2410.52,1.55017,7.92975,287590,72,48545,712,824143,288,194180,2848,32,4,75265,151776,2408480,607104,3015584,0,0,12,4,29,12,12,20,20,20260807,5,1,1,1,0,0,0,6183,0.257625,1,0.0015,1
437,4214.01,17,0,14.5114,1.88862,0,0,0,16.4,91,91,0,1,2.03342,2.03342,458,268,3,147,0,0,0,0,0,1961,2415.68,0.976833,7.92975,288276,72,48545,712,825994,288,194180,2848,32,4,75779,152952,2424928,611808,3036736,0,0,12,4,29,12,12,20,20,20260807,5,1,1,1,0,0,0,6183,0.257625,1,0.0015,0
438,4217,3,0,1.4395,1.47317,0,0,0,2.91267,92,91,0,1,2.03342,2.03342,458,268,0,149,0,0,0,0,0,1961,2415.68,0.976833,7.92975,288276,72,48545,712,825994,288,194180,2848,32,4,77116,155892,2467712,623568,3091280,0,0,12,4,29,12,12,20,20,20260807,5,1,1,1,0,0,0,6183,0.257625,1,0.0015,0
439,4226.71,9,0,3.55888,6.07717,0,0,0,9.63604,92,92,0,1,2.03342,2.03342,463,273,0,149,0,0,0,0,0,1961,2415.68,0.976833,7.92975,288276,72,48545,712,825994,288,194180,2848,32,4,77116,155892,2467712,623568,3091280,0,0,12,4,29,12,12,20,20,20260807,5,1,1,1,0,0,0,6183,0.257625,1,0.0015,0
440,4230.21,4,0,0.743292,2.68,0,0,0,3.42329,93,92,0,1,2.03342,2.03342,463,273,0,149,0,0,0,0,0,1961,2415.68,0.976833,7.92975,288276,72,48545,712,825994,288,194180,2848,32,4,77116,155892,2467712,623568,3091280,0,0,12,4,29,12,12,20,20,20260807,5,1,1,1,0,0,0,6183,0.257625,1,0.0015,0
441,4243.12,13,0,0.760042,12.072,0,0,0,12.832,93,93,0,1,2.03342,2.03342,468,278,0,149,0,0,0,0,0,1961,2415.68,0.976833,7.92975,288276,72,48545,712,825994,288,194180,2848,32,4,77116,155892,2467712,623568,3091280,0,0,12,4,29,12,12,20,20,20260807,5,1,1,1,0,0,0,6183,0.257625,1,0.0015,0
442,4251.91,9,0,6.85213,1.86125,0,0,0,8.71337,94,94,0,1,2.03342,2.03342,473,278,0,153,0,0,0,0,0,1966,2420.63,1.00171,7.92975,288700,72,48545,712,827131,288,194180,2848,32,4,78253,158436,2504096,633744,3137840,0,0,12,4,29,12,12,20,20,20260807,5,1,1,1,0,0,0,6184,0.257667,1,0.0015,1
443,4259.75,7,0,1.04137,6.71725,0,0,0,7.75863,94,94,0,1,2.03342,2.03342,473,276,1,153,0,0,0,0,0,1967,2421.58,0.9525,7.92975,289120,72,48545,712,828370,288,194180,2848,32,4,78253,158436,2504096,633744,3137840,0,0,12,4,29,12,12,20,20,20260807,5,1,1,1,0,0,0,6184,0.257667,1,0.0015,0
444,4266.52,7,0,5.07146,1.61071,0,0,0,6.68217,95,95,0,1,2.03342,2.03342,478,278,0,156,0,0,0,0,0,1971,2425.44,1.01225,7.92975,289751,72,48545,712,830082,288,194180,2848,32,4,81204,164742,2598528,658968,3257496,0,0,12,4,29,12,12,20,20,20260807,5,1,1,1,0,0,0,6184,0.257667,1,0.0015,0
445,4276.45,10,0,0.742667,9.1215,0,0,0,9.86417,96,95,0,1,2.03342,2.03342,478,278,0,156,0,0,0,0,0,1971,2425.44,1.01225,7.92975,289751,72,48545,712,830082,288,194180,2848,32,4,81204,164742,2598528,658968,3257496,0,0,12,4,29,12,12,20,20,20260807,5,1,1,1,0,0,0,6184,0.257667,1,0.0015,0
446,4279.54,3,0,0.761917,2.25779,0,0,0,3.01971,97,96,0,1,2.03342,2.03342,483,283,0,156,0,0,0,0,0,1971,2425.44,1.01225,7.92975,289751,72,48545,712,830082,288,194180,2848,32,4,81204,164742,2598528,658968,3257496,0,0,12,4,29,12,12,20,20,20260807,5,1,1,1,0,0,0,6184,0.257667,1,0.0015,0
447,4293.24,14,0,0.73975,12.8916,0,0,0,13.6314,97,96,0,1,2.03342,2.03342,483,283,0,156,0,0,0,0,0,1971,2425.44,1.01225,7.92975,289751,72,48545,712,830082,288,194180,2848,32,4,81204,164742,2598528,658968,3257496,0,0,12,4,29,12,12,20,20,20260807,5,1,1,1,0,0,0,6184,0.257667,1,0.0015,0
448,4298.84,6,0,3.97562,1.54896,0,0,0,5.52458,98,97,0,1,2.03342,2.03342,488,283,0,161,0,0,0,0,0,1976,2430.57,1.03725,7.92975,290477,72,48545,712,832076,288,194180,2848,32,4,83198,169098,2662336,676392,3338728,0,0,12,4,29,12,12,20,20,20260807,5,1,1,1,0,0,0,6185,0.257708,1,0.0015,1
449,4309.81,11,0,0.710292,10.1829,0,0,0,10.8932,98,97,0,1,2.03342,2.03342,488,283,0,161,0,0,0,0,0,1976,2430.57,1.03725,7.92975,290477,72,48545,712,832076,288,194180,2848,32,4,83198,169098,2662336,676392,3338728,0,0,12,4,29,12,12,20,20,20260807,5,1,1,1,0,0,0,6185,0.257708,1,0.0015,0
450,4316.58,6,0,5.03321,1.63683,0,0,0,6.67004,99,98,0,1,2.03342,2.03342,493,283,3,163,0,0,0,0,0,1981,2436.09,1.01942,7.92975,291213,72,48545,714,834132,288,194180,2856,32,4,84116,171024,2691712,684096,3375808,0,0,12,4,29,12,12,20,20,20260807,5,1,1,1,0,0,0,6185,0.257708,1,0.0015,0
451,4327.42,11,0,9.18017,1.58975,0,0,0,10.7699,99,99,0,1,2.03342,2.03342,498,287,0,166,0,0,0,0,0,1981,2436.09,1.01942,7.92975,291213,72,48545,714,834132,288,194180,2856,32,4,85262,173526,2728384,694104,3422488,0,0,12,4,29,12,12,20,20,20260807,5,1,1,1,0,0,0,6185,0.257708,1,0.0015,0
452,4333.22,6,0,4.09583,1.63758,0,0,0,5.73342,100,99,0,1,2.03342,2.03342,498,283,3,167,0,0,0,0,0,1986,2440.64,1.04158,7.92975,291955,72,48545,714,836173,288,194180,2856,32,4,85427,173892,2733664,695568,3429232,0,0,12,4,29,12,12,20,20,20260807,5,1,1,1,0,0,0,6185,0.257708,1,0.0015,0
453,4344.16,11,0,9.43133,1.43225,0,0,0,10.8636,100,100,0,1,2.03342,2.03342,503,284,3,169,0,0,0,0,0,1989,2443.42,1.07792,7.92975,292933,72,48545,714,838899,288,194180,2856,32,4,87303,177978,2793696,711912,3505608,0,0,12,4,29,12,12,20,20,20260807,5,1,1,1,0,0,0,6186,0.25775,1,0.0015,1
454,4348.18,4,0,2.54775,1.39938,0,0,0,3.94713,100,100,0,1,2.03342,2.03342,503,283,1,173,0,0,0,0,0,1991,2446.79,2.22283,7.92975,293061,72,48545,714,839264,288,194180,2856,32,4,90394,184614,2892608,738456,3631064,0,0,12,4,29,12,12,20,20,20260807,5,1,1,1,0,0,0,6186,0.25775,1,0.0015,0
455,4359.87,13,0,0.697208,10.93,0,0,0,11.6272,101,100,0,1,2.03342,2.03342,503,283,0,173,0,0,0,0,0,1991,2446.79,2.22283,7.92975,293061,72,48545,714,839264,288,194180,2856,32,4,90394,184614,2892608,738456,3631064,0,0,12,4,29,12,12,20,20,20260807,5,1,1,1,0,0,0,6186,0.25775,1,0.0015,0
456,4364.93,5,0,0.75325,4.23842,0,0,0,4.99167,102,101,0,1,2.03342,2.03342,508,288,0,173,0,0,0,0,0,1991,2446.79,2.22283,7.92975,293061,72,48545,714,839264,288,194180,2856,32,4,90394,184614,2892608,738456,3631064,0,0,12,4,29,12,12,20,20,20260807,5,1,1,1,0,0,0,6186,0.25775,1,0.0015,0
457,4376.51,10,0,1.72571,9.77621,0,0,0,11.5019,102,102,0,1,2.03342,2.03342,513,293,0,173,0,0,0,0,0,1991,2446.79,2.22283,7.92975,293061,72,48545,714,839264,288,194180,2856,32,4,90394,184614,2892608,738456,3631064,0,0,12,4,29,12,12,20,20,20260807,5,1,1,1,0,0,0,6186,0.25775,1,0.0015,0
458,4381.99,6,0,3.87583,1.52838,0,0,0,5.40421,103,103,0,1,2.03342,2.03342,518,293,3,174,0,0,0,0,0,1995,2450.82,1.06525,7.92975,293769,72,48545,714,841131,288,194180,2856,32,4,91097,186168,2915104,744672,3659776,0,0,12,4,29,12,12,20,20,20260807,5,1,1,1,0,0,0,6186,0.25775,1,0.0015,0
459,4393.89,12,0,10.3685,1.46358,0,0,0,11.832,104,104,0,1,2.03342,2.03342,523,297,0,176,0,0,0,0,0,1996,2451.81,0.992917,7.92975,293769,72,48545,714,841131,288,194180,2856,32,4,92261,188862,2952352,755448,3707800,0,0,12,4,29,12,12,20,20,20260807,5,1,1,1,0,0,0,6186,0.25775,1,0.0015,0
460,4396.71,2,0,1.47654,1.28075,0,0,0,2.75729,104,104,0,1,2.03342,2.03342,523,295,0,178,0,0,0,0,0,1998,2453.59,0.807791,7.92975,294477,72,48545,716,843110,288,194180,2864,32,4,94248,193122,3015936,772488,3788424,0,0,12,4,29,12,12,20,20,20260807,5,1,1,1,0,0,0,6187,0.257792,1,0.0015,1
461,4410.73,14,0,12.3935,1.56296,0,0,0,13.9564,106,105,0,1,2.03342,2.03342,528,298,1,180,0,0,0,0,0,2001,2457.2,1.10363,7.92975,295032,72,48545,716,844598,288,194180,2864,32,4,94638,193986,3028416,775944,3804360,0,0,12,4,29,12,12,20,20,20260807,5,1,1,1,0,0,0,6187,0.257792,1,0.0015,0
462,4419.56,9,0,7.18517,1.58163,0,0,0,8.76679,106,106,0,1,2.03342,2.03342,534,299,0,181,5,0,0,0,0,2001,2457.2,1.10363,7.92975,295032,72,48545,716,844598,288,194180,2864,32,4,95736,196452,3063552,785808,3849360,0,0,12,4,29,12,12,20,20,20260807,5,1,1,1,0,0,0,6187,0.257792,1,0.0015,0
463,4427.55,8,0,6.37371,1.54563,0,0,0,7.91933,107,107,0,1,2.03342,2.03342,539,304,0,182,3,0,0,0,0,2003,2458.75,1.03479,7.92975,295176,72,48545,716,844972,288,194180,2864,32,4,96110,197316,3075520,789264,3864784,0,0,12,4,29,12,12,20,20,20260807,5,1,1,1,0,0,0,6187,0.257792,1,0.0015,0
464,4432.74,5,0,3.59821,1.52896,0,0,0,5.12717,107,107,0,1,2.03342,2.03342,539,302,1,184,1,0,0,0,0,2006,2462.3,1.22625,7.92975,296133,76,48545,716,847699,304,194180,2864,32,4,97619,200478,3123808,801912,3925720,0,0,12,4,29,12,12,20,20,20260807,5,1,1,1,0,0,0,6187,0.257792,1,0.0015,0
465,4446.4,14,0,11.8099,1.74425,0,0,0,13.5542,108,108,0,1,2.03342,2.03342,544,305,2,187,0,0,0,0,0,2010,2467.14,1.64296,7.92975,296330,76,48545,716,848244,304,194180,2864,32,4,99374,204198,3179968,816792,3996760,0,0,12,4,29,12,12,20,20,20260807,5,1,1,1,0,0,0,6188,0.257833,1,0.0015,1
466,4448.92,3,0,1.13508,1.31654,0,0,0,2.45162,108,108,0,1,2.03342,2.03342,544,303,1,188,0,0,0,0,0,2011,2468.2,1.05729,7.92975,296330,76,48545,716,848244,304,194180,2864,32,4,99398,204264,3180736,817056,3997792,0,0,12,4,29,12,12,20,20,20260807,5,1,1,1,0,0,0,6188,0.257833,1,0.0015,0
467,4460.78,11,0,10.361,1.43746,0,0,0,11.7985,109,109,0,1,2.03342,2.03342,549,304,2,189,0,0,0,0,0,2015,2471.84,1.09387,7.92975,297073,76,48545,716,850265,304,194180,2864,32,4,99606,204714,3187392,818856,4006248,0,0,12,4,29,12,12,20,20,20260807,5,1,1,1,0,0,0,6188,0.257833,1,0.0015,0
468,4466.33,6,0,4.00717,1.48487,0,0,0,5.49204,109,109,0,1,2.03342,2.03342,549,302,0,192,0,0,0,0,0,2017,2473.37,0.471208,7.92975,297126,76,48545,716,850413,304,194180,2864,32,4,101567,209040,3250144,836160,4086304,0,0,12,4,29,12,12,20,20,20260807,5,1,1,1,0,0,0,6188,0.257833,1,0.0015,0
469,4476.53,10,0,0.766875,9.377,0,0,0,10.1439,109,109,0,1,2.03342,2.03342,549,300,1,192,0,0,0,0,0,2019,2475.63,1.18496,7.92975,297471,76,48545,716,851336,304,194180,2864,32,4,101567,209040,3250144,836160,4086304,0,0,12,4,29,12,12,20,20,20260807,5,1,1,1,0,0,0,6188,0.257833,1,0.0015,0
470,4482.63,6,0,4.412,1.61437,0,0,0,6.02637,110,110,0,1,2.03342,2.03342,554,300,4,193,0,0,0,0,0,2024,2480.44,1.05537,7.92975,298266,76,48545,716,853554,304,194180,2864,32,4,102490,211110,3279680,844440,4124120,0,0,12,4,29,12,12,20,20,20260807,5,1,1,1,0,0,0,6188,0.257833,1,0.0015,0
471,4496.58,14,0,12.1372,1.75396,0,0,0,13.8912,111,111,0,1,2.03342,2.03342,559,305,0,197,0,0,0,0,0,2025,2481.45,1.00571,7.92975,298270,76,48545,716,853566,304,194180,2864,32,4,104720,215904,3351040,863616,4214656,0,0,12,4,29,12,12,20,20,20260807,5,1,1,1,0,0,0,6188,0.257833,1,0.0015,0
472,4499.03,3,0,0.837792,1.53446,0,0,0,2.37225,111,111,0,1,2.03342,2.03342,559,304,0,197,0,0,0,0,0,2025,2481.45,1.00571,7.92975,298270,76,48545,716,853566,304,194180,2864,32,4,104720,215904,3351040,863616,4214656,0,0,12,4,29,12,12,20,20,20260807,5,1,1,1,0,0,0,6189,0.257875,1,0.0015,1
473,4510.69,11,0,10.0327,1.55737,0,0,0,11.59,112,111,0,1,2.03342,2.03342,559,301,3,198,0,0,0,0,0,2029,2488.47,1.88787,7.92975,298621,76,48545,716,854504,304,194180,2864,32,4,105243,217086,3367776,868344,4236120,0,0,12,4,29,12,12,20,20,20260807,5,1,1,1,0,0,0,6189,0.257875,1,0.0015,0
474,4515.87,6,0,3.52763,1.58696,0,0,0,5.11458,112,112,0,1,2.03342,2.03342,564,306,0,200,0,0,0,0,0,2029,2488.47,1.88787,7.92975,298621,76,48545,716,854504,304,194180,2864,32,4,105658,218010,3381056,872040,4253096,0,0,12,4,29,12,12,20,20,20260807,5,1,1,1,0,0,0,6189,0.257875,1,0.0015,0
475,4526.71,10,0,0.993917,9.78092,0,0,0,10.7748,112,112,0,1,2.03342,2.03342,564,304,1,200,0,0,0,0,0,2030,2489.75,1.28412,7.92975,298625,76,48545,716,854516,304,194180,2864,32,4,105658,218010,3381056,872040,4253096,0,0,12,4,29,12,12,20,20,20260807,5,1,1,1,0,0,0,6189,0.257875,1,0.0015,0
476,4533.55,7,0,4.90163,1.85758,0,0,0,6.75921,113,113,0,1,2.03342,2.03342,569,306,0,205,0,0,0,0,0,2034,2494.92,2.0285,7.92975,299323,76,48545,716,856455,304,194180,2864,32,4,107609,222222,3443488,888888,4332376,0,0,12,4,29,12,12,20,20,20260807,5,1,1,1,0,0,0,6189,0.257875,1,0.0015,0
477,4543.37,10,0,0.862333,8.88608,0,0,0,9.74842,113,113,0,1,2.03342,2.03342,569,305,0,205,0,0,0,0,0,2034,2494.92,2.0285,7.92975,299323,76,48545,716,856455,304,194180,2864,32,4,107609,222222,3443488,888888,4332376,0,0,12,4,29,12,12,20,20,20260807,5,1,1,1,0,0,0,6190,0.257917,1,0.0015,1
478,4551.73,8,0,6.40896,1.87733,0,0,0,8.28629,114,114,0,1,2.03342,2.03342,574,306,0,208,0,0,0,0,0,2039,2500.34,0.992416,7.92975,299575,76,48545,716,857127,304,194180,2864,32,4,108281,223734,3464992,894936,4359928,0,0,12,4,29,12,12,20,20,20260807,5,1,1,1,0,0,0,6190,0.257917,1,0.0015,0
479,4560,9,0,1.0315,7.13242,0,0,0,8.16392,114,114,0,1,2.03342,2.03342,574,304,1,208,0,0,0,0,0,2040,2501.64,1.30317,7.92975,299758,76,48545,716,857628,304,194180,2864,32,4,108281,223734,3464992,894936,4359928,0,0,12,4,29,12,12,20,20,20260807,5,1,1,1,0,0,0,6190,0.257917,1,0.0015,0
480,4569.03,9,0,7.005,1.93742,0,0,0,8.94242,115,115,0,1,2.03342,2.03342,580,307,0,213,0,0,0,0,0,2044,2505.31,1.04604,7.92975,300091,76,48545,716,858565,304,194180,2864,32,4,109719,226830,3511008,907320,4418328,0,0,12,4,29,12,12,20,20,20260807,5,1,1,1,0,0,0,6190,0.257917,1,0.0015,0
481,4576.98,8,0,0.86475,7.00892,0,0,0,7.87367,116,115,0,1,2.03342,2.03342,580,307,0,213,0,0,0,0,0,2044,2505.31,1.04604,7.92975,300091,76,48545,716,858565,304,194180,2864,32,4,109719,226830,3511008,907320,4418328,0,0,12,4,29,12,12,20,20,20260807,5,1,1,1,0,0,0,6190,0.257917,1,0.0015,0
482,4581.83,5,0,2.79025,1.92821,0,0,0,4.71846,117,116,0,1,2.03342,2.03342,586,311,0,213,2,0,0,0,0,2046,2507.03,1.18037,7.92975,300322,80,48545,716,859250,320,194180,2864,32,4,109697,226794,3510304,907176,4417480,0,0,12,4,29,12,12,20,20,20260807,5,1,1,1,0,0,0,6190,0.257917,1,0.0015,0
483,4593.4,11,0,5.66158,5.83704,0,0,0,11.4986,117,117,0,1,2.03342,2.03342,591,316,2,213,0,0,0,0,0,2048,2508.75,1.14304,7.92975,300407,80,48545,716,859510,320,194180,2864,32,4,109697,226794,3510304,907176,4417480,0,0,12,4,29,12,12,20,20,20260807,5,1,1,1,0,0,0,6190,0.257917,1,0.0015,0
484,4599.29,6,0,4.11104,1.70558,0,0,0,5.81663,117,117,0,1,2.03342,2.03342,591,312,4,214,0,0,0,0,0,2051,2513.93,1.04483,7.92975,301006,80,48545,716,861204,320,194180,2864,32,4,110987,229530,3551584,918120,4469704,0,0,12,4,29,12,12,20,20,20260807,5,1,1,1,0,0,0,6191,0.257958,1,0.0015,1
485,4610.86,12,0,9.83079,1.65375,0,0,0,11.4845,119,118,0,1,2.03342,2.03342,596,317,2,216,0,0,0,0,0,2052,2514.97,1.03325,7.92975,301006,80,48545,716,861204,320,194180,2864,32,4,111391,230388,3564512,921552,4486064,0,0,12,4,29,12,12,20,20,20260807,5,1,1,1,0,0,0,6191,0.257958,1,0.0015,0
486,4616.33,5,0,3.52833,1.87733,0,0,0,5.40567,119,119,0,1,2.03342,2.03342,601,322,2,216,0,0,0,0,0,2052,2514.97,1.03325,7.92975,301006,80,48545,716,861204,320,194180,2864,32,4,111391,230388,3564512,921552,4486064,0,0,12,4,29,12,12,20,20,20260807,5,1,1,1,0,0,0,6191,0.257958,1,0.0015,0
487,4626.94,11,0,0.872459,9.61021,0,0,0,10.4827,120,119,0,1,2.03342,2.03342,601,322,2,216,0,0,0,0,0,2052,2514.97,1.03325,7.92975,301006,80,48545,716,861204,320,194180,2864,32,4,111391,230388,3564512,921552,4486064,0,0,12,4,29,12,12,20,20,20260807,5,1,1,1,0,0,0,6191,0.257958,1,0.0015,0
488,4632.52,5,0,3.27742,2.23133,0,0,0,5.50875,120,120,0,1,2.03342,2.03342,606,327,2,216,0,0,0,0,0,2052,2514.97,1.03325,7.92975,301006,80,48545,716,861204,320,194180,2864,32,4,111391,230388,3564512,921552,4486064,0,0,12,4,29,12,12,20,20,20260807,5,1,1,1,0,0,0,6191,0.257958,1,0.0015,0
489,4643.71,11,0,0.986292,10.1289,0,0,0,11.1152,120,120,0,1,2.03342,2.03342,606,325,3,216,0,0,0,0,0,2053,2516.88,1.91546,7.92975,301006,80,48545,716,861204,320,194180,2864,32,4,111391,230388,3564512,921552,4486064,0,0,12,4,29,12,12,20,20,20260807,5,1,1,1,0,0,0,6191,0.257958,1,0.0015,0
490,4647.68,4,0,2.07933,1.77137,0,0,0,3.85071,121,120,0,1,2.03342,2.03342,606,322,2,218,0,0,0,0,0,2057,2522.85,1.69708,7.92975,301109,80,48545,716,861488,320,194180,2864,32,4,111675,231006,3573600,924024,4497624,0,0,12,4,29,12,12,20,20,20260807,5,1,1,1,0,0,0,6192,0.258,1,0.0015,1
491,4660.33,13,0,1.71617,10.8544,0,0,0,12.5705,121,121,0,1,2.03342,2.03342,611,327,2,218,0,0,0,0,0,2057,2522.85,1.69708,7.92975,301109,80,48545,716,861488,320,194180,2864,32,4,111675,231006,3573600,924024,4497624,0,0,12,4,29,12,12,20,20,20260807,5,1,1,1,0,0,0,6192,0.258,1,0.0015,0
492,4665.31,5,0,2.95129,1.95354,0,0,0,4.90483,122,121,0,1,2.03342,2.03342,611,322,3,222,0,0,0,0,0,2062,2530.22,2.13171,7.92975,302244,80,48545,718,864598,320,194180,2872,32,4,114134,236352,3652288,945408,4597696,0,0,12,4,29,12,12,20,20,20260807,5,1,1,1,0,0,0,6192,0.258,1,0.0015,0
493,4678.14,13,0,10.8269,1.92283,0,0,0,12.7497,122,122,0,1,2.03342,2.03342,617,325,4,223,0,0,0,0,0,2064,2532.54,1.19863,7.92975,302882,80,48545,718,866359,320,194180,2872,32,4,114793,237828,3673376,951312,4624688,0,0,12,4,29,12,12,20,20,20260807,5,1,1,1,0,0,0,6192,0.258,1,0.0015,0
494,4694.31,16,0,14.3091,1.74154,0,0,0,16.0507,123,123,0,1,2.03342,2.03342,622,325,5,225,0,0,0,0,0,2069,2537.73,1.04708,7.92975,302928,80,48557,718,866493,320,194228,2872,32,4,116554,241656,3729728,966624,4696352,0,0,12,4,29,12,12,20,20,20260807,5,1,1,1,0,0,0,6192,0.258,1,0.0015,0
495,4699.99,6,0,3.69246,1.91421,0,0,0,5.60667,124,123,0,1,2.03342,2.03342,622,324,2,227,0,0,0,0,0,2071,2539.76,0.990917,7.92975,302928,80,48557,718,866493,320,194228,2872,32,4,116736,242004,3735552,968016,4703568,0,0,12,4,29,12,12,20,20,20260807,5,1,1,1,0,0,0,6193,0.258042,1,0.0015,1
496,4710.16,10,0,0.893583,9.19375,0,0,0,10.0873,124,123,0,1,2.03342,2.03342,622,324,2,227,0,0,0,0,0,2071,2539.76,0.990917,7.92975,302928,80,48557,718,866493,320,194228,2872,32,4,116736,242004,3735552,968016,4703568,0,0,12,4,29,12,12,20,20,20260807,5,1,1,1,0,0,0,6193,0.258042,1,0.0015,0
497,4716.06,6,0,4.06467,1.76571,0,0,0,5.83038,124,124,0,1,2.03342,2.03342,627,325,3,229,0,0,0,0,0,2074,2544.84,1.13908,7.92975,303276,80,48557,718,867450,320,194228,2872,32,4,116967,242490,3742944,969960,4712904,0,0,12,4,29,12,12,20,20,20260807,5,1,1,1,0,0,0,6193,0.258042,1,0.0015,0
498,4727.94,12,0,9.76075,2.04637,0,0,0,11.8071,125,125,0,1,2.03342,2.03342,632,328,2,232,0,0,0,0,0,2076,2547.22,1.22658,7.92975,303508,80,48557,718,868107,320,194228,2872,32,4,118350,245484,3787200,981936,4769136,0,0,12,4,29,12,12,20,20,20260807,5,1,1,1,0,0,0,6193,0.258042,1,0.0015,0
499,4731.01,3,0,1.176,1.81371,0,0,0,2.98971,125,125,0,1,2.03342,2.03342,632,326,2,234,0,0,0,0,0,2078,2549.18,0.599916,7.92975,303592,80,48625,718,868338,320,194500,2872,32,4,118853,246396,3803296,985584,4788880,0,0,12,4,29,12,12,20,20,20260807,5,1,1,1,0,0,0,6193,0.258042,1,0.0015,0
500,4744.53,13,0,11.5463,1.90875,0,0,0,13.455,126,126,0,1,2.03342,2.03342,637,329,4,235,0,0,0,0,0,2081,2553.66,0.9485,7.92975,304318,80,48625,718,870347,320,194500,2872,32,4,119588,247914,3826816,991656,4818472,0,0,12,4,29,12,12,20,20,20260807,5,1,1,1,0,0,0,6193,0.258042,1,0.0015,0
501,4750.64,6,0,3.87146,2.15917,0,0,0,6.03062,126,126,0,1,2.03342,2.03342,637,324,4,238,0,0,0,0,0,2085,2557.54,1.22658,7.92975,304538,80,48625,718,870971,320,194500,2872,32,4,121258,251604,3880256,1006416,4886672,0,0,12,4,29,12,12,20,20,20260807,5,1,1,1,0,0,0,6194,0.258083,1,0.0015,1
502,4761.11,11,0,8.51333,1.86354,0,0,0,10.3769,127,127,0,1,2.03342,2.03342,642,329,2,239,0,0,0,0,0,2086,2558.66,1.11371,7.92975,304538,80,48625,718,870971,320,194500,2872,32,4,121486,252072,3887552,1008288,4895840,0,0,12,4,29,12,12,20,20,20260807,5,1,1,1,0,0,0,6194,0.258083,1,0.0015,0
503,4765.71,4,0,0.852583,3.68162,0,0,0,4.53421,128,127,0,1,2.03342,2.03342,642,329,2,239,0,0,0,0,0,2086,2558.66,1.11371,7.92975,304538,80,48625,718,870971,320,194500,2872,32,4,121486,252072,3887552,1008288,4895840,0,0,12,4,29,12,12,20,20,20260807,5,1,1,1,0,0,0,6194,0.258083,1,0.0015,0
504,4777,12,0,0.934166,10.2753,0,0,0,11.2095,128,128,0,1,2.03342,2.03342,647,334,2,239,0,0,0,0,0,2086,2558.66,1.11371,7.92975,304538,80,48625,718,870971,320,194500,2872,32,4,121486,252072,3887552,1008288,4895840,0,0,12,4,29,12,12,20,20,20260807,5,1,1,1,0,0,0,6194,0.258083,1,0.0015,0
505,4783.66,6,0,4.60925,1.97267,0,0,0,6.58192,129,129,0,1,2.03342,2.03342,652,335,4,240,0,0,0,0,0,2089,2562.21,1.25463,7.92975,305129,80,48625,718,872616,320,194500,2872,32,4,122403,254148,3916896,1016592,4933488,0,0,12,4,29,12,12,20,20,20260807,5,1,1,1,0,0,0,6194,0.258083,1,0.0015,0
506,4794.54,11,0,8.88154,1.93263,0,0,0,10.8142,130,130,0,1,2.03342,2.03342,657,339,3,243,0,0,0,0,0,2091,2565.35,1.17958,7.92975,305139,80,48625,718,872649,320,194500,2872,32,4,123164,255678,3941248,1022712,4963960,0,0,12,4,29,12,12,20,20,20260807,5,1,1,1,0,0,0,6195,0.258125,1,0.0015,1
507,4799.06,5,0,0.926209,3.51671,0,0,0,4.44292,130,130,0,1,2.03342,2.03342,657,337,3,243,0,0,0,0,0,2092,2566.85,1.50208,7.92975,305299,80,48625,718,873090,320,194500,2872,32,4,123164,255678,3941248,1022712,4963960,0,0,12,4,29,12,12,20,20,20260807,5,1,1,1,0,0,0,6195,0.258125,1,0.0015,0
508,4813.95,15,0,12.4844,2.30329,0,0,0,14.7877,131,131,0,1,2.03342,2.03342,662,339,4,245,0,0,0,0,0,2096,2571.62,1.11192,7.92975,305629,80,48625,718,873971,320,194500,2872,32,4,123788,257082,3961216,1028328,4989544,0,0,12,4,29,12,12,20,20,20260807,5,1,1,1,0,0,0,6195,0.258125,1,0.0015,0
509,4817.68,3,0,1.72317,1.91604,0,0,0,3.63921,131,131,0,1,2.03342,2.03342,662,336,4,247,0,0,0,0,0,2098,2573.63,0.447625,7.92975,305856,80,48868,718,874583,320,195472,2872,32,4,124486,258618,3983552,1034472,5018024,0,0,12,4,29,12,12,20,20,20260807,5,1,1,1,0,0,0,6195,0.258125,1,0.0015,0
510,4828.1,11,0,8.35567,1.99942,0,0,0,10.3551,132,131,0,1,2.03342,2.03342,662,334,4,250,0,0,0,0,0,2101,2578.26,1.73225,7.92975,306057,80,48868,718,875088,320,195472,2872,32,4,126556,262590,4049792,1050360,5100152,0,0,12,4,29,12,12,20,20,20260807,5,1,1,1,0,0,0,6195,0.258125,1,0.0015,0
511,4834.21,6,0,3.72258,2.30775,0,0,0,6.03033,132,132,0,1,2.03342,2.03342,667,339,2,251,0,0,0,0,0,2101,2578.26,1.73225,7.92975,306057,80,48868,718,875088,320,195472,2872,32,4,126575,262644,4050400,1050576,5100976,0,0,12,4,29,12,12,20,20,20260807,5,1,1,1,0,0,0,6195,0.258125,1,0.0015,0
512,4843.74,9,0,0.964625,8.48846,0,0,0,9.45308,132,132,0,1,2.03342,2.03342,667,337,3,251,0,0,0,0,0,2102,2580.23,1.97362,7.92975,306075,80,48868,718,875126,320,195472,2872,32,4,126575,262644,4050400,1050576,5100976,0,0,12,4,29,12,12,20,20,20260807,5,1,1,1,0,0,0,6196,0.258167,1,0.0015,1
513,4847.83,5,0,1.30842,1.96104,0,0,0,3.26946,133,132,0,1,2.03342,2.03342,667,334,3,254,0,0,0,0,0,2106,2587.05,1.50092,7.92975,306675,80,48947,718,876758,320,195788,2872,32,4,128015,265542,4096480,1062168,5158648,0,0,12,4,29,12,12,20,20,20260807,5,1,1,1,0,0,0,6196,0.258167,1,0.0015,0
514,4861.47,13,0,11.5346,2.0395,0,0,0,13.5741,133,133,0,1,2.03342,2.03342,672,336,4,255,0,0,0,0,0,2108,2590.25,0.980792,7.92975,306948,80,48999,718,877543,320,195996,2872,32,4,128561,266826,4113952,1067304,5181256,0,0,12,4,29,12,12,20,20,20260807,5,1,1,1,0,0,0,6196,0.258167,1,0.0015,0
515,4867.44,6,0,3.78829,2.10546,0,0,0,5.89375,133,133,0,1,2.03342,2.03342,672,334,3,258,0,0,0,0,0,2110,2593.38,1.18542,7.92975,307718,80,48999,718,879669,320,195996,2872,32,4,131060,271998,4193920,1087992,5281912,0,0,12,4,29,12,12,20,20,20260807,5,1,1,1,0,0,0,6196,0.258167,1,0.0015,0
516,4878.29,11,0,8.61371,2.15137,0,0,0,10.7651,134,134,0,1,2.03342,2.03342,677,337,3,259,0,0,0,0,0,2112,2595.93,1.55779,7.92975,307718,80,48999,718,879669,320,195996,2872,32,4,131680,273396,4213760,1093584,5307344,0,0,12,4,29,12,12,20,20,20260807,5,1,1,1,0,0,0,6196,0.258167,1,0.0015,0
517,4882.66,4,0,2.297,2.00488,0,0,0,4.30187,134,134,0,1,2.03342,2.03342,677,334,4,260,0,0,0,0,0,2116,2599.78,1.05183,7.92975,308000,80,48999,718,880406,320,195996,2872,32,4,131800,273654,4217600,1094616,5312216,0,0,12,4,29,12,12,20,20,20260807,5,1,1,1,0,0,0,6196,0.258167,1,0.0015,0
518,4894.94,13,0,9.99362,2.21125,0,0,0,12.2049,135,135,0,1,2.03342,2.03342,682,338,2,262,0,0,0,0,0,2116,2599.78,1.05183,7.92975,308000,80,48999,718,880406,320,195996,2872,32,4,132417,275088,4237344,1100352,5337696,0,0,12,4,29,12,12,20,20,20260807,5,1,1,1,0,0,0,6196,0.258167,1,0.0015,0
519,4898.35,3,0,1.3995,1.92579,0,0,0,3.32529,135,135,0,1,2.03342,2.03342,682,336,3,263,0,0,0,0,0,2118,2603.89,2.67692,7.92975,308475,80,49255,718,881755,320,197020,2872,32,4,133766,277938,4280512,1111752,5392264,0,0,12,4,29,12,12,20,20,20260807,5,1,1,1,0,0,0,6197,0.258208,1,0.0015,1
520,4914.43,16,0,13.4625,2.54721,0,0,0,16.0098,136,136,0,1,2.03342,2.03342,687,339,4,265,0,0,0,0,0,2121,2608.82,1.24292,7.92975,308861,80,49255,718,882825,320,197020,2872,32,4,135041,279996,4321312,1119984,5441296,0,0,12,4,29,12,12,20,20,20260807,5,1,1,1,0,0,0,6197,0.258208,1,0.0015,0
521,4918.49,4,0,1.54725,2.44062,0,0,0,3.98787,136,136,0,1,2.03342,2.03342,687,336,3,267,0,0,0,0,0,2123,2610.52,0.454167,7.92975,308908,80,49509,718,882957,320,198036,2872,32,4,135972,282042,4351104,1128168,5479272,0,0,12,4,29,12,12,20,20,20260807,5,1,1,1,0,0,0,6197,0.258208,1,0.0015,0
522,4931.77,13,0,10.4258,2.73712,0,0,0,13.1629,137,137,0,1,2.03342,2.03342,692,339,3,270,0,0,0,0,0,2126,2614.95,1.45592,7.92975,309109,80,49509,718,883483,320,198036,2872,32,4,137534,284802,4401088,1139208,5540296,0,0,12,4,29,12,12,20,20,20260807,5,1,1,1,0,0,0,6197,0.258208,1,0.0015,0
523,4935.84,5,0,1.38246,2.43008,0,0,0,3.81254,137,137,0,1,2.03342,2.03342,692,337,2,271,0,0,0,0,0,2127,2616.79,1.83408,7.92975,309136,80,49509,718,883553,320,198036,2872,32,4,137604,284964,4403328,1139856,5543184,0,0,12,4,29,12,12,20,20,20260807,5,1,1,1,0,0,0,6197,0.258208,1,0.0015,0
524,4944.97,9,0,6.99192,2.05954,0,0,0,9.05146,138,137,0,1,2.03342,2.03342,692,334,4,272,0,0,0,0,0,2131,2621.15,1.05254,7.92975,309363,80,49643,718,884184,320,198572,2872,32,4,138221,285930,4423072,1143720,5566792,0,0,12,4,29,12,12,20,20,20260807,5,1,1,1,0,0,0,6198,0.25825,1,0.0015,1
525,4951.68,6,0,3.92229,2.70396,0,0,0,6.62625,138,138,0,1,2.03342,2.03342,697,339,2,274,0,0,0,0,0,2131,2621.15,1.05254,7.92975,309363,80,49643,718,884184,320,198572,2872,32,4,138771,287130,4440672,1148520,5589192,0,0,12,4,29,12,12,20,20,20260807,5,1,1,1,0,0,0,6198,0.25825,1,0.0015,0
526,4960.63,9,0,1.10871,7.76571,0,0,0,8.87442,138,138,0,1,2.03342,2.03342,697,337,3,274,0,0,0,0,0,2132,2623.06,1.90521,7.92975,309394,80,49643,718,884265,320,198572,2872,32,4,138771,287130,4440672,1148520,5589192,0,0,12,4,29,12,12,20,20,20260807,5,1,1,1,0,0,0,6198,0.25825,1,0.0015,0
527,4968.64,8,0,5.50046,2.43538,0,0,0,7.93583,139,139,0,1,2.03342,2.03342,702,339,2,277,0,0,0,0,0,2136,2626.61,0.964292,7.92975,309820,80,49899,718,885426,320,199596,2872,32,4,141037,291408,4513184,1165632,5678816,0,0,12,4,29,12,12,20,20,20260807,5,1,1,1,0,0,0,6198,0.25825,1,0.0015,0
528,4977.04,9,0,0.949625,7.37004,0,0,0,8.31967,139,139,0,1,2.03342,2.03342,702,337,3,277,0,0,0,0,0,2137,2628.14,1.52862,7.92975,310205,80,49899,718,886455,320,199596,2872,32,4,141037,291408,4513184,1165632,5678816,0,0,12,4,29,12,12,20,20,20260807,5,1,1,1,0,0,0,6198,0.25825,1,0.0015,0
529,4983.68,6,0,4.18013,2.38617,0,0,0,6.56629,140,139,0,1,2.03342,2.03342,702,334,2,281,0,0,0,0,0,2141,2632.74,1.56438,7.92975,310828,80,50155,718,888159,320,200620,2872,32,4,144794,298992,4633408,1195968,5829376,0,0,12,4,29,12,12,20,20,20260807,5,1,1,1,0,0,0,6198,0.25825,1,0.0015,0
530,4993.8,11,0,3.14233,6.8985,0,0,0,10.0408,140,140,0,1,2.03342,2.03342,707,339,2,281,0,0,0,0,0,2141,2632.74,1.56438,7.92975,310828,80,50155,718,888159,320,200620,2872,32,4,144794,298992,4633408,1195968,5829376,0,0,12,4,29,12,12,20,20,20260807,5,1,1,1,0,0,0,6199,0.258292,1,0.0015,1
531,4998.51,4,0,2.12283,2.49804,0,0,0,4.62087,140,140,0,1,2.03342,2.03342,707,336,3,283,0,0,0,0,0,2144,2639.1,3.45596,7.92975,311154,80,50411,718,889054,320,201644,2872,32,4,146506,302052,4688192,1208208,5896400,0,0,12,4,29,12,12,20,20,20260807,5,1,1,1,0,0,0,6199,0.258292,1,0.0015,0
532,5165.61,14,0,10.7601,156.262,0,0,0,167.022,141,141,0,1,2.03342,2.03342,712,338,3,285,0,0,0,0,0,2146,2641.5,1.03096,7.92975,311361,80,50411,718,889642,320,201644,2872,32,4,147301,303726,4713632,1214904,5928536,0,0,12,4,29,12,12,20,20,20260807,5,1,1,1,0,0,0,6199,0.258292,1,0.0015,0
533,5170.53,158,0,2.26525,2.56275,0,0,0,4.828,148,148,0,1,2.03342,2.03342,747,339,30,292,0,0,0,0,0,2181,2692.75,1.20829,7.92975,316703,80,50680,720,904665,320,202720,2880,32,4,151313,311730,4842016,1246920,6088936,0,0,12,4,45,12,12,20,20,20260807,5,1,1,1,0,0,0,6202,0.258417,1,0.0015,3
534,5174.42,4,0,1.65708,2.15379,0,0,0,3.81087,148,148,0,1,2.03342,2.03342,747,337,23,298,0,0,0,0,0,2182,2695.97,3.21258,7.92975,316823,80,50680,720,905002,320,202720,2880,32,4,155053,319974,4961696,1279896,6241592,0,0,12,4,45,12,12,20,20,20260807,5,1,1,1,0,0,0,6202,0.258417,1,0.0015,0
535,5195.69,21,0,18.5482,2.65283,0,0,0,21.2011,150,149,0,1,2.03342,2.03342,752,339,19,305,0,0,0,0,0,2186,2699.89,1.05396,7.92975,317250,80,50936,720,906091,320,203744,2880,32,4,157759,325098,5048288,1300392,6348680,0,0,12,4,45,12,12,20,20,20260807,5,1,1,1,0,0,0,6202,0.258417,1,0.0015,0
536,5204.07,9,0,5.07417,3.22454,0,0,0,8.29871,150,150,0,1,2.03342,2.03342,757,344,11,311,0,0,0,0,0,2186,2699.89,1.05396,7.92975,317250,80,50936,720,906091,320,203744,2880,32,4,160922,332112,5149504,1328448,6477952,0,0,12,4,45,12,12,20,20,20260807,5,1,1,1,0,0,0,6203,0.258458,1,0.0015,1
537,5212.08,8,0,5.56062,2.32583,0,0,0,7.88646,151,151,0,1,2.03342,2.03342,762,349,3,319,0,0,0,0,0,2186,2699.89,1.05396,7.92975,317250,80,50936,720,906091,320,203744,2880,32,4,165858,342222,5307456,1368888,6676344,0,0,12,4,45,12,12,20,20,20260807,5,1,1,1,0,0,0,6203,0.258458,1,0.0015,0
538,5216.5,4,0,1.37467,2.94454,0,0,0,4.31921,151,151,0,1,2.03342,2.03342,762,347,3,319,0,0,0,0,0,2187,2701.46,1.56071,7.92975,317280,80,50936,720,906174,320,203744,2880,32,4,165858,342222,5307456,1368888,6676344,0,0,12,4,45,12,12,20,20,20260807,5,1,1,1,0,0,0,6203,0.258458,1,0.0015,0
539,5228.87,13,0,9.57592,2.70633,0,0,0,12.2822,152,151,0,1,2.03342,2.03342,762,344,4,321,0,0,0,0,0,2191,2706.91,1.02446,7.92975,317956,80,51192,720,908061,320,204768,2880,32,4,166965,343938,5342880,1375752,6718632,0,0,12,4,45,12,12,20,20,20260807,5,1,1,1,0,0,0,6203,0.258458,1,0.0015,0
540,5234.62,5,0,3.1485,2.50292,0,0,0,5.65142,152,152,0,1,2.03342,2.03342,767,349,2,323,0,0,0,0,0,2191,2706.91,1.02446,7.92975,317956,80,51192,720,908061,320,204768,2880,32,4,168852,347994,5403264,1391976,6795240,0,0,12,4,45,12,12,20,20,20260807,5,1,1,1,0,0,0,6203,0.258458,1,0.0015,0
541,5245.06,11,0,7.98967,2.36604,0,0,0,10.3557,153,152,0,1,2.03342,2.03342,767,344,5,325,0,0,0,0,0,2196,2712,1.05392,7.92975,318659,80,51448,720,909995,320,205792,2880,32,4,170116,350064,5443712,1400256,6843968,0,0,12,4,45,12,12,20,20,20260807,5,1,1,1,0,0,0,6204,0.2585,1,0.0015,1
542,5253.86,9,0,6.12137,2.58367,0,0,0,8.70504,153,153,0,1,2.03342,2.03342,772,349,2,328,0,0,0,0,0,2196,2712,1.05392,7.92975,318659,80,51448,720,909995,320,205792,2880,32,4,171810,353748,5497920,1414992,6912912,0,0,12,4,45,12,12,20,20,20260807,5,1,1,1,0,0,0,6204,0.2585,1,0.0015,0
543,5261.98,8,0,5.46429,2.56438,0,0,0,8.02867,153,153,0,1,2.03342,2.03342,772,344,5,330,0,0,0,0,0,2201,2717.04,1.00038,7.92975,319476,80,51518,720,912244,320,206072,2880,32,4,173554,357372,5553728,1429488,6983216,0,0,12,4,45,12,12,20,20,20260807,5,1,1,1,0,0,0,6204,0.2585,1,0.0015,0
544,5269.42,7,0,4.45158,2.92983,0,0,0,7.38142,154,154,0,1,2.03342,2.03342,777,349,2,331,0,0,0,0,0,2201,2717.04,1.00038,7.92975,319476,80,51518,720,912244,320,206072,2880,32,4,174339,359070,5578848,1436280,7015128,0,0,12,4,45,12,12,20,20,20260807,5,1,1,1,0,0,0,6204,0.2585,1,0.0015,0
545,5277.26,8,0,1.29892,6.45429,0,0,0,7.75321,155,154,0,1,2.03342,2.03342,777,349,2,331,0,0,0,0,0,2201,2717.04,1.00038,7.92975,319476,80,51518,720,912244,320,206072,2880,32,4,174339,359070,5578848,1436280,7015128,0,0,12,4,45,12,12,20,20,20260807,5,1,1,1,0,0,0,6204,0.2585,1,0.0015,0
546,5282.64,5,0,1.25958,4.03546,0,0,0,5.29504,156,155,0,1,2.03342,2.03342,782,354,2,331,0,0,0,0,0,2201,2717.04,1.00038,7.92975,319476,80,51518,720,912244,320,206072,2880,32,4,174339,359070,5578848,1436280,7015128,0,0,12,4,45,12,12,20,20,20260807,5,1,1,1,0,0,0,6204,0.2585,1,0.0015,0
547,5294.7,12,0,3.13017,8.84962,0,0,0,11.9798,156,156,0,1,2.03342,2.03342,787,359,2,331,0,0,0,0,0,2201,2717.04,1.00038,7.92975,319476,80,51518,720,912244,320,206072,2880,32,4,174339,359070,5578848,1436280,7015128,0,0,12,4,45,12,12,20,20,20260807,5,1,1,1,0,0,0,6204,0.2585,1,0.0015,0
548,5298.96,5,0,1.91292,2.2475,0,0,0,4.16042,157,156,0,1,2.03342,2.03342,787,354,2,336,0,0,0,0,0,2206,2722.02,1.20379,7.92975,320366,80,51774,720,914726,320,207096,2880,32,4,177845,365946,5691040,1463784,7154824,0,0,12,4,45,12,12,20,20,20260807,5,1,1,1,0,0,0,6205,0.258542,1,0.0015,1
549,5310.78,12,0,3.38658,8.34587,0,0,0,11.7325,157,157,0,1,2.03342,2.03342,792,359,2,336,0,0,0,0,0,2206,2722.02,1.20379,7.92975,320366,80,51774,720,914726,320,207096,2880,32,4,177845,365946,5691040,1463784,7154824,0,0,12,4,45,12,12,20,20,20260807,5,1,1,1,0,0,0,6205,0.258542,1,0.0015,0
550,5315.09,4,0,1.69817,2.50742,0,0,0,4.20558,158,157,0,1,2.03342,2.03342,792,354,2,340,0,0,0,0,0,2211,2727.3,1.07283,7.92975,320769,80,51900,720,915811,320,207600,2880,32,4,179434,369120,5741888,1476480,7218368,0,0,12,4,45,12,12,20,20,20260807,5,1,1,1,0,0,0,6205,0.258542,1,0.0015,0
551,5327.57,12,0,4.36617,8.007,0,0,0,12.3732,158,158,0,1,2.03342,2.03342,797,359,2,340,0,0,0,0,0,2211,2727.3,1.07283,7.92975,320769,80,51900,720,915811,320,207600,2880,32,4,179434,369120,5741888,1476480,7218368,0,0,12,4,45,12,12,20,20,20260807,5,1,1,1,0,0,0,6205,0.258542,1,0.0015,0
552,5331.74,4,0,1.73025,2.341,0,0,0,4.07125,159,158,0,1,2.03342,2.03342,797,354,2,344,0,0,0,0,0,2216,2732.38,1.0105,7.92975,321672,80,52156,720,918198,320,208624,2880,32,4,182845,376074,5851040,1504296,7355336,0,0,12,4,45,12,12,20,20,20260807,5,1,1,1,0,0,0,6205,0.258542,1,0.0015,0
553,5344.2,13,0,4.2645,8.12879,0,0,0,12.3933,159,159,0,1,2.03342,2.03342,802,359,2,344,0,0,0,0,0,2216,2732.38,1.0105,7.92975,321672,80,52156,720,918198,320,208624,2880,32,4,182845,376074,5851040,1504296,7355336,0,0,12,4,45,12,12,20,20,20260807,5,1,1,1,0,0,0,6205,0.258542,1,0.0015,0
554,5349.71,5,0,2.97083,2.45533,0,0,0,5.42617,160,159,0,1,2.03342,2.03342,802,354,3,348,0,0,0,0,0,2221,2738.49,2.33979,7.92975,322302,80,52156,720,919926,320,208624,2880,32,4,184540,379758,5905280,1519032,7424312,0,0,12,4,45,12,12,20,20,20260807,5,1,1,1,0,0,0,6206,0.258583,1,0.0015,1
555,5362.49,14,0,9.66796,3.0415,0,0,0,12.7095,160,160,0,1,2.03342,2.03342,807,356,4,349,0,0,0,0,0,2223,2740.22,0.478416,7.92975,322624,80,52290,720,920808,320,209160,2880,32,4,184573,379854,5906336,1519416,7425752,0,0,12,4,45,12,12,20,20,20260807,5,1,1,1,0,0,0,6206,0.258583,1,0.0015,0
556,5366.77,4,0,1.71867,2.47946,0,0,0,4.19813,160,160,0,1,2.03342,2.03342,807,354,2,353,0,0,0,0,0,2225,2742.77,1.18642,7.92975,323290,80,52290,720,922587,320,209160,2880,32,4,187770,386586,6008640,1546344,7554984,0,0,12,4,45,12,12,20,20,20260807,5,1,1,1,0,0,0,6206,0.258583,1,0.0015,0
557,5377.93,11,0,1.37987,9.70258,0,0,0,11.0825,161,160,0,1,2.03342,2.03342,807,354,2,353,0,0,0,0,0,2226,2744.11,1.33817,7.92975,323290,80,52290,720,922587,320,209160,2880,32,4,187770,386586,6008640,1546344,7554984,0,0,12,4,45,12,12,20,20,20260807,5,1,1,1,0,0,0,6206,0.258583,1,0.0015,0
558,5382.57,4,0,2.05012,2.49179,0,0,0,4.54192,161,161,0,1,2.03342,2.03342,812,354,3,355,0,0,0,0,0,2230,2748.6,1.13925,7.92975,323613,80,52290,720,923481,320,209160,2880,32,4,187917,386910,6013344,1547640,7560984,0,0,12,4,45,12,12,20,20,20260807,5,1,1,1,0,0,0,6206,0.258583,1,0.0015,0
559,5395.49,13,0,10.0351,2.80337,0,0,0,12.8385,162,162,0,1,2.03342,2.03342,817,359,2,357,0,0,0,0,0,2231,2749.63,1.03683,7.92975,323765,80,52290,720,923879,320,209160,2880,32,4,189062,389436,6049984,1557744,7607728,0,0,12,4,45,12,12,20,20,20260807,5,1,1,1,0,0,0,6206,0.258583,1,0.0015,0
560,5399.38,4,0,1.53346,2.27813,0,0,0,3.81158,162,162,0,1,2.03342,2.03342,817,357,3,357,0,0,0,0,0,2232,2751.55,1.91433,7.92975,323969,80,52290,720,924435,320,209160,2880,32,4,189062,389436,6049984,1557744,7607728,0,0,12,4,45,12,12,20,20,20260807,5,1,1,1,0,0,0,6207,0.258625,1,0.0015,1
561,5411.91,13,0,10.0036,2.47242,0,0,0,12.476,162,162,0,1,2.03342,2.03342,817,351,7,360,0,0,0,0,0,2239,2760.32,2.03225,7.92975,325066,80,52546,720,927355,320,210184,2880,32,4,190826,392598,6106432,1570392,7676824,0,0,12,4,45,12,12,20,20,20260807,5,1,1,1,0,0,0,6207,0.258625,1,0.0015,0
562,5418.05,6,0,3.29429,2.75633,0,0,0,6.05063,162,162,0,1,2.03342,2.03342,817,347,4,366,0,0,0,0,0,2242,2764.05,1.52287,7.92975,325148,80,52546,720,927577,320,210184,2880,32,4,193713,399090,6198816,1596360,7795176,0,0,12,4,45,12,12,20,20,20260807,5,1,1,1,0,0,0,6207,0.258625,1,0.0015,0
563,5431.19,13,0,10.4117,2.59921,0,0,0,13.0109,163,163,0,1,2.03342,2.03342,822,349,4,368,0,0,0,0,0,2246,2768.4,0.977084,7.92975,325746,80,52609,720,929237,320,210436,2880,32,4,194304,400218,6217728,1600872,7818600,0,0,12,4,45,12,12,20,20,20260807,5,1,1,1,0,0,0,6207,0.258625,1,0.0015,0
564,5435.77,5,0,1.72642,2.76804,0,0,0,4.49446,163,163,0,1,2.03342,2.03342,822,346,3,370,0,0,0,0,0,2248,2770.47,1.01012,7.92975,326084,80,52609,720,930153,320,210436,2880,32,4,196302,404574,6281664,1618296,7899960,0,0,12,4,45,12,12,20,20,20260807,5,1,1,1,0,0,0,6207,0.258625,1,0.0015,0
565,5445.09,9,0,6.80721,2.44212,0,0,0,9.24933,164,163,0,1,2.03342,2.03342,822,344,4,372,0,0,0,0,0,2251,2775.24,0.997208,7.92975,326621,80,52609,720,931652,320,210436,2880,32,4,198080,408414,6338560,1633656,7972216,0,0,12,4,45,12,12,20,20,20260807,5,1,1,1,0,0,0,6208,0.258667,1,0.0015,1
566,5451.21,6,0,3.47317,2.53404,0,0,0,6.00721,164,164,0,1,2.03342,2.03342,827,348,2,374,0,0,0,0,0,2251,2775.24,0.997208,7.92975,326621,80,52609,720,931652,320,210436,2880,32,4,198111,408486,6339552,1633944,7973496,0,0,12,4,45,12,12,20,20,20260807,5,1,1,1,0,0,0,6208,0.258667,1,0.0015,0
567,5461.8,11,0,8.09658,2.39233,0,0,0,10.4889,164,164,0,1,2.03342,2.03342,827,343,5,376,0,0,0,0,0,2256,2782.14,2.2355,7.92975,327332,80,52609,724,933601,320,210436,2896,32,4,198269,408846,6344608,1635384,7979992,0,0,12,4,45,12,12,20,20,20260807,5,1,1,1,0,0,0,6208,0.258667,1,0.0015,0
568,5466.72,4,0,2.40317,2.43892,0,0,0,4.84208,164,164,0,1,2.03342,2.03342,827,340,2,381,0,0,0,0,0,2259,2784.97,1.073,7.92975,327628,80,52609,724,934436,320,210436,2896,32,4,200911,414552,6429152,1658208,8087360,0,0,12,4,45,12,12,20,20,20260807,5,1,1,1,0,0,0,6208,0.258667,1,0.0015,0
569,5478.96,13,0,9.23863,2.91938,0,0,0,12.158,164,164,0,1,2.03342,2.03342,827,333,7,383,0,0,0,0,0,2266,2792.63,0.969375,7.92975,328590,80,52609,726,937015,320,210436,2904,32,4,202436,417996,6477952,1671984,8149936,0,0,12,4,45,12,12,20,20,20260807,5,1,1,1,0,0,0,6208,0.258667,1,0.0015,0
570,5483.45,4,0,1.73721,2.69033,0,0,0,4.42754,164,164,0,1,2.03342,2.03342,827,331,2,387,0,0,0,0,0,2269,2796.64,1.27804,7.92975,328826,80,52609,726,937660,320,210436,2904,32,4,204143,421752,6532576,1687008,8219584,0,0,12,4,45,12,12,20,20,20260807,5,1,1,1,0,0,0,6208,0.258667,1,0.0015,0
571,5497.31,14,0,10.5975,3.181,0,0,0,13.7785,165,165,0,1,2.03342,2.03342,833,335,3,388,0,0,0,0,0,2271,2799.67,1.2195,7.92975,328863,80,52609,726,937748,320,210436,2904,32,4,204231,421974,6535392,1687896,8223288,0,0,12,4,45,12,12,20,20,20260807,5,1,1,1,0,0,0,6209,0.258708,1,0.0015,1
572,5501.79,5,0,1.65279,2.75904,0,0,0,4.41183,165,165,0,1,2.03342,2.03342,833,332,3,389,0,0,0,0,0,2273,2802.58,0.950209,7.92975,329542,80,52609,726,939637,320,210436,2904,32,4,205536,424710,6577152,1698840,8275992,0,0,12,4,45,12,12,20,20,20260807,5,1,1,1,0,0,0,6209,0.258708,1,0.0015,0
573,5515.6,13,0,10.9735,2.75192,0,0,0,13.7254,166,166,0,1,2.03342,2.03342,839,336,3,392,0,0,0,0,0,2276,2806.18,1.14079,7.92975,329938,80,52609,726,940716,320,210436,2904,32,4,207199,428424,6630368,1713696,8344064,0,0,12,4,45,12,12,20,20,20260807,5,1,1,1,0,0,0,6209,0.258708,1,0.0015,0
574,5520,5,0,1.66142,2.66742,0,0,0,4.32883,166,166,0,1,2.03342,2.03342,839,334,3,392,0,0,0,0,0,2277,2808.4,2.21983,7.92975,330079,80,52609,726,941108,320,210436,2904,32,4,207199,428424,6630368,1713696,8344064,0,0,12,4,45,12,12,20,20,20260807,5,1,1,1,0,0,0,6209,0.258708,1,0.0015,0
575,5529.25,9,0,6.16904,3.01288,0,0,0,9.18192,166,166,0,1,2.03342,2.03342,839,329,5,395,0,0,0,0,0,2282,2814.5,1.05438,7.92975,331412,80,52609,728,944780,320,210436,2912,32,4,209634,433656,6708288,1734624,8442912,0,0,12,4,45,12,12,20,20,20260807,5,1,1,1,0,0,0,6209,0.258708,1,0.0015,0
576,5533.74,4,0,1.68063,2.73417,0,0,0,4.41479,166,166,0,1,2.03342,2.03342,839,327,2,399,0,0,0,0,0,2284,2817.06,1.65112,7.92975,331576,80,52609,728,945198,320,210436,2912,32,4,211689,438264,6774048,1753056,8527104,0,0,12,4,45,12,12,20,20,20260807,5,1,1,1,0,0,0,6209,0.258708,1,0.0015,0
577,5544.35,11,0,1.51525,9.01167,0,0,0,10.5269,166,166,0,1,2.03342,2.03342,839,323,3,399,0,0,0,0,0,2288,2820.7,0.585583,7.92975,331606,80,52609,728,945283,320,210436,2912,32,4,211689,438264,6774048,1753056,8527104,0,0,12,4,45,12,12,20,20,20260807,5,1,1,1,0,0,0,6210,0.25875,1,0.0015,1
578,5548.8,5,0,1.54554,2.79954,0,0,0,4.34508,166,166,0,1,2.03342,2.03342,839,319,2,402,0,0,0,0,0,2293,2827.44,1.19954,7.92975,331655,80,52609,728,945416,320,210436,2912,32,4,211907,438738,6781024,1754952,8535976,0,0,12,4,45,12,12,20,20,20260807,5,1,1,1,0,0,0,6210,0.25875,1,0.0015,0
579,5562.65,13,0,10.5507,3.224,0,0,0,13.7747,167,167,0,1,2.03342,2.03342,844,320,3,404,0,0,0,0,0,2296,2830.71,1.03242,7.92975,332022,80,52609,728,946373,320,210436,2912,32,4,212639,440436,6804448,1761744,8566192,0,0,12,4,45,12,12,20,20,20260807,5,1,1,1,0,0,0,6210,0.25875,1,0.0015,0
580,5566.93,5,0,1.60521,2.58521,0,0,0,4.19042,167,167,0,1,2.03342,2.03342,844,317,3,407,0,0,0,0,0,2299,2835.07,1.09871,7.92975,332820,80,52609,728,948579,320,210436,2912,32,4,214566,444666,6866112,1778664,8644776,0,0,12,4,45,12,12,20,20,20260807,5,1,1,1,0,0,0,6210,0.25875,1,0.0015,0
581,5579.01,12,0,9.00821,2.97858,0,0,0,11.9868,167,167,0,1,2.03342,2.03342,844,310,8,409,0,0,0,0,0,2306,2842.08,0.983375,7.92975,333026,80,52609,732,949127,320,210436,2928,32,4,215214,446058,6886848,1784232,8671080,0,0,12,4,45,12,12,20,20,20260807,5,1,1,1,0,0,0,6210,0.25875,1,0.0015,0
582,5583.77,4,0,1.95529,2.73408,0,0,0,4.68938,167,167,0,1,2.03342,2.03342,844,307,4,411,0,0,0,0,0,2310,2846.19,1.02975,7.92975,333095,80,52609,732,949305,320,210436,2928,32,4,215634,446988,6900288,1787952,8688240,0,0,12,4,45,12,12,20,20,20260807,5,1,1,1,0,0,0,6210,0.25875,1,0.0015,0
583,5596.42,13,0,9.52046,3.06454,0,0,0,12.585,168,168,0,1,2.03342,2.03342,850,311,2,414,0,0,0,0,0,2311,2847.85,1.65554,7.92975,333212,80,52609,732,949616,320,210436,2928,32,4,216123,448104,6915936,1792416,8708352,0,0,12,4,45,12,12,20,20,20260807,5,1,1,1,0,0,0,6211,0.258792,1,0.0015,1
584,5601.07,5,0,1.79208,2.78292,0,0,0,4.575,168,168,0,1,2.03342,2.03342,850,309,3,415,0,0,0,0,0,2313,2851.11,0.871291,7.92975,333515,80,52609,732,950400,320,210436,2928,32,4,216778,449628,6936896,1798512,8735408,0,0,12,4,45,12,12,20,20,20260807,5,1,1,1,0,0,0,6211,0.258792,1,0.0015,0
585,5612.57,11,0,8.26238,3.14838,0,0,0,11.4108,168,168,0,1,2.03342,2.03342,850,303,7,417,0,0,0,0,0,2319,2856.76,0.913375,7.92975,334058,80,52609,734,951870,320,210436,2936,32,4,217115,450336,6947680,1801344,8749024,0,0,12,4,45,12,12,20,20,20260807,5,1,1,1,0,0,0,6211,0.258792,1,0.0015,0
586,5691.89,80,0,77.7367,1.5185,0,0,0,79.2552,170,169,0,1,2.03342,2.03342,856,328,2,107,3,0,0,0,0,2323,2861.22,1.29563,7.92975,334971,84,52609,738,954974,336,210436,2952,32,4,57280,118410,1832960,473640,2306600,0,0,12,4,45,12,12,20,20,20260807,5,1,1,1,0,0,0,6211,0.258792,1,0.0015,0
587,5708.45,16,0,14.9823,1.48983,0,0,0,16.4721,162,162,0,1,2.03342,2.03342,822,324,2,109,1,0,0,0,0,2325,2863.61,1.15221,7.92975,335798,84,52609,746,957915,336,210436,2984,32,4,60253,123420,1928096,493680,2421776,0,0,12,4,45,12,12,20,20,20260807,5,1,1,1,0,0,0,6213,0.258875,1,0.0015,2
588,5723.42,15,0,13.4751,1.42575,0,0,0,14.9009,155,155,0,1,2.03342,2.03342,788,320,2,110,0,0,0,0,0,2326,2864.74,1.12204,7.92975,336185,84,52609,748,959253,336,210436,2992,32,4,61599,125754,1971168,503016,2474184,0,0,12,4,45,12,12,20,20,20260807,5,1,1,1,0,0,0,6213,0.258875,1,0.0015,0
589,5739.68,16,0,14.6953,1.48971,0,0,0,16.185,148,148,0,1,2.03342,2.03342,752,285,2,110,2,0,0,0,0,2328,2867,1.102,7.92975,336471,84,52609,748,960095,336,210436,2992,32,4,61599,125754,1971168,503016,2474184,0,0,12,4,45,12,12,20,20,20260807,5,1,1,1,0,0,0,6213,0.258875,1,0.0015,0
590,5750.56,11,0,9.36754,1.43267,0,0,0,10.8002,140,140,0,1,2.03342,2.03342,711,284,2,110,3,0,0,0,0,2329,2868.34,1.33604,7.92975,336667,84,52609,748,960604,336,210436,2992,32,4,61599,125754,1971168,503016,2474184,0,0,12,4,45,12,12,20,20,20260807,5,1,1,1,0,0,0,6214,0.258917,1,0.0015,1
591,5760.99,11,0,8.88704,1.46433,0,0,0,10.3514,132,132,0,1,2.03342,2.03342,671,278,2,111,1,0,0,0,0,2330,2869.24,0.903083,7.92975,336790,84,52609,762,961033,336,210436,3048,32,4,62108,126930,1987456,507720,2495176,0,0,12,4,45,12,12,20,20,20260807,5,1,1,1,0,0,0,6214,0.258917,1,0.0015,0
592,5772.57,11,0,10.0291,1.47454,0,0,0,11.5037,124,124,0,1,2.03342,2.03342,631,277,3,112,0,0,0,0,0,2332,2871.44,1.10571,7.92975,336952,84,52609,762,961493,336,210436,3048,32,4,62593,127752,2002976,511008,2513984,0,0,12,4,45,12,12,20,20,20260807,5,1,1,1,0,0,0,6214,0.258917,1,0.0015,0
593,5782.94,11,0,8.82708,1.47517,0,0,0,10.3023,116,116,0,1,2.03342,2.03342,591,260,3,114,0,0,0,0,0,2334,2872.92,1.13462,7.92975,337211,84,52609,762,962270,336,210436,3048,32,4,62888,128304,2012416,513216,2525632,0,0,12,4,45,12,12,20,20,20260807,5,1,1,1,0,0,0,6214,0.258917,1,0.0015,0
594,5793.18,10,0,8.68554,1.44408,0,0,0,10.1296,108,108,0,1,2.03342,2.03342,551,239,3,115,0,0,0,0,0,2335,2874.21,1.28183,7.92975,337211,84,52609,762,962270,336,210436,3048,32,4,63529,129654,2032928,518616,2551544,0,0,12,4,45,12,12,20,20,20260807,5,1,1,1,0,0,0,6215,0.258958,1,0.0015,1
595,5807.2,14,0,12.444,1.49917,0,0,0,13.9431,101,101,0,1,2.03342,2.03342,517,245,2,115,0,0,0,0,0,2335,2874.21,1.28183,7.92975,337211,84,52609,762,962270,336,210436,3048,32,4,63529,129654,2032928,518616,2551544,0,0,12,4,45,12,12,20,20,20260807,5,1,1,1,0,0,0,6215,0.258958,1,0.0015,0
596,5821.53,14,0,12.772,1.46808,0,0,0,14.24,94,94,0,1,2.03342,2.03342,483,236,2,115,0,0,0,0,0,2335,2874.21,1.28183,7.92975,337211,84,52609,762,962270,336,210436,3048,32,4,63529,129654,2032928,518616,2551544,0,0,12,4,45,12,12,20,20,20260807,5,1,1,1,0,0,0,6215,0.258958,1,0.0015,0
597,5835.04,14,0,11.7892,1.64821,0,0,0,13.4374,87,87,0,1,2.03342,2.03342,447,209,2,115,2,0,0,0,0,2335,2874.21,1.28183,7.92975,337211,84,52609,762,962270,336,210436,3048,32,4,63529,129654,2032928,518616,2551544,0,0,12,4,45,12,12,20,20,20260807,5,1,1,1,0,0,0,6215,0.258958,1,0.0015,0
598,5848.48,13,0,11.7833,1.55513,0,0,0,13.3384,79,79,0,1,2.03342,2.03342,406,192,3,116,0,0,0,0,0,2338,2877.97,1.227,7.92975,338552,88,52609,772,966931,352,210436,3088,32,4,65812,133560,2105984,534240,2640224,0,0,12,4,45,12,12,20,20,20260807,5,1,1,1,0,0,0,6216,0.259,1,0.0015,1
599,5858.99,11,0,8.98304,1.45846,0,0,0,10.4415,71,71,0,1,2.03342,2.03342,366,171,3,117,0,0,0,0,0,2339,2879.47,1.49729,7.92975,338648,88,52609,772,967191,352,210436,3088,32,4,66012,133962,2112384,535848,2648232,0,0,12,4,45,12,12,20,20,20260807,5,1,1,1,0,0,0,6216,0.259,1,0.0015,0
600,5869.45,10,0,8.71821,1.65492,0,0,0,10.3731,63,63,0,1,2.03342,2.03342,325,149,2,118,0,0,0,0,0,2340,2880.61,1.13929,7.92975,339100,88,52609,772,968407,352,210436,3088,32,4,66272,134538,2120704,538152,2658856,0,0,12,4,45,12,12,20,20,20260807,5,1,1,1,0,0,0,6216,0.259,1,0.0015,0
601,5877.48,8,0,6.307,1.64121,0,0,0,7.94821,58,58,0,1,2.03342,2.03342,299,137,1,119,0,0,0,0,0,2342,2882.79,1.14658,7.92975,339369,88,52609,772,969150,352,210436,3088,32,4,67488,137250,2159616,549000,2708616,0,0,12,4,45,12,12,20,20,20260807,5,1,1,1,0,0,0,6216,0.259,1,0.0015,0
602,5880.46,3,0,1.49454,1.39892,0,0,0,2.89346,58,58,0,1,2.03342,2.03342,299,136,0,120,0,0,0,0,0,2342,2882.79,1.14658,7.92975,339369,88,52609,772,969150,352,210436,3088,32,4,68231,138864,2183392,555456,2738848,0,0,12,4,45,12,12,20,20,20260807,5,1,1,1,0,0,0,6216,0.259,1,0.0015,0
603,5893.79,14,0,11.9379,1.31475,0,0,0,13.2526,59,59,0,1,2.03342,2.03342,304,137,3,121,0,0,0,0,0,2346,2888.28,1.09846,7.92975,340372,88,52609,772,971895,352,210436,3088,32,4,68864,140232,2203648,560928,2764576,0,0,12,4,45,12,12,20,20,20260807,5,1,1,1,0,0,0,6216,0.259,1,0.0015,0
604,5899.04,5,0,3.81383,1.36538,0,0,0,5.17921,60,59,0,1,2.03342,2.03342,304,135,2,124,0,0,0,0,0,2349,2891.43,0.937458,7.92975,341014,88,52609,772,973661,352,210436,3088,32,4,72183,147468,2309856,589872,2899728,0,0,12,4,45,12,12,20,20,20260807,5,1,1,1,0,0,0,6217,0.259042,1,0.0015,1
605,5910.49,11,0,10.0069,1.38413,0,0,0,11.391,61,60,0,1,2.03342,2.03342,309,140,0,125,0,0,0,0,0,2349,2891.43,0.937458,7.92975,341014,88,52609,772,973661,352,210436,3088,32,4,72742,148734,2327744,594936,2922680,0,0,12,4,45,12,12,20,20,20260807,5,1,1,1,0,0,0,6217,0.259042,1,0.0015,0
606,5915,5,0,0.493875,3.94483,0,0,0,4.43871,61,60,0,1,2.03342,2.03342,309,140,0,125,0,0,0,0,0,2349,2891.43,0.937458,7.92975,341014,88,52609,772,973661,352,210436,3088,32,4,72742,148734,2327744,594936,2922680,0,0,12,4,45,12,12,20,20,20260807,5,1,1,1,0,0,0,6217,0.259042,1,0.0015,0
607,5926.53,11,0,0.9255,10.5252,0,0,0,11.4507,61,61,0,1,2.03342,2.03342,314,145,0,125,0,0,0,0,0,2349,2891.43,0.937458,7.92975,341014,88,52609,772,973661,352,210436,3088,32,4,72742,148734,2327744,594936,2922680,0,0,12,4,45,12,12,20,20,20260807,5,1,1,1,0,0,0,6217,0.259042,1,0.0015,0
608,5931.01,5,0,0.550541,3.8535,0,0,0,4.40404,62,62,0,1,2.03342,2.03342,319,149,0,125,0,0,0,0,0,2349,2891.43,0.937458,7.92975,341014,88,52609,772,973661,352,210436,3088,32,4,72742,148734,2327744,594936,2922680,0,0,12,4,45,12,12,20,20,20260807,5,1,1,1,0,0,0,6217,0.259042,1,0.0015,0
609,5944.35,13,0,11.7115,1.52412,0,0,0,13.2356,63,63,0,1,2.03342,2.03342,324,149,1,129,0,0,0,0,0,2354,2896.62,0.933333,7.92975,342466,88,52609,774,977974,352,210436,3096,32,4,77063,157458,2466016,629832,3095848,0,0,12,4,45,12,12,20,20,20260807,5,1,1,1,0,0,0,6217,0.259042,1,0.0015,0
610,5946.79,3,0,1.12117,1.23796,0,0,0,2.35913,63,63,0,1,2.03342,2.03342,324,148,0,130,0,0,0,0,0,2355,2898.59,1.97775,7.92975,342808,88,52609,774,978960,352,210436,3096,32,4,78049,159510,2497568,638040,3135608,0,0,12,4,45,12,12,20,20,20260807,5,1,1,1,0,0,0,6218,0.259083,1,0.0015,1
611,5960.54,13,0,12.2587,1.39767,0,0,0,13.6563,64,63,0,1,2.03342,2.03342,324,146,2,131,0,0,0,0,0,2358,2902.77,1.52733,7.92975,343554,88,52609,774,981046,352,210436,3096,32,4,79981,163638,2559392,654552,3213944,0,0,12,4,45,12,12,20,20,20260807,5,1,1,1,0,0,0,6218,0.259083,1,0.0015,0
612,5965.95,6,0,3.88175,1.45975,0,0,0,5.3415,64,64,0,1,2.03342,2.03342,330,152,0,132,0,0,0,0,0,2358,2902.77,1.52733,7.92975,343554,88,52609,774,981046,352,210436,3096,32,4,80135,163986,2564320,655944,3220264,0,0,12,4,45,12,12,20,20,20260807,5,1,1,1,0,0,0,6218,0.259083,1,0.0015,0
613,5976.52,10,0,0.55675,9.94463,0,0,0,10.5014,65,64,0,1,2.03342,2.03342,330,152,0,132,0,0,0,0,0,2358,2902.77,1.52733,7.92975,343554,88,52609,774,981046,352,210436,3096,32,4,80135,163986,2564320,655944,3220264,0,0,12,4,45,12,12,20,20,20260807,5,1,1,1,0,0,0,6218,0.259083,1,0.0015,0
614,5981.94,6,0,1.67525,3.66617,0,0,0,5.34142,65,65,0,1,2.03342,2.03342,336,158,0,132,0,0,0,0,0,2358,2902.77,1.52733,7.92975,343554,88,52609,774,981046,352,210436,3096,32,4,80135,163986,2564320,655944,3220264,0,0,12,4,45,12,12,20,20,20260807,5,1,1,1,0,0,0,6218,0.259083,1,0.0015,0
615,5993.49,11,0,0.596208,10.8836,0,0,0,11.4798,66,65,0,1,2.03342,2.03342,336,158,0,132,0,0,0,0,0,2358,2902.77,1.52733,7.92975,343554,88,52609,774,981046,352,210436,3096,32,4,80135,163986,2564320,655944,3220264,0,0,12,4,45,12,12,20,20,20260807,5,1,1,1,0,0,0,6218,0.259083,1,0.0015,0
616,5997.29,4,0,2.25242,1.471,0,0,0,3.72342,66,66,0,1,2.03342,2.03342,342,161,2,133,0,0,0,0,0,2361,2907.74,1.13187,7.92975,344312,88,52609,784,983318,352,210436,3136,32,4,80927,165762,2589664,663048,3252712,0,0,12,4,45,12,12,20,20,20260807,5,1,1,1,0,0,0,6219,0.259125,1,0.0015,1
617,6010.65,13,0,11.8751,1.41783,0,0,0,13.2929,67,67,0,1,2.03342,2.03342,347,162,2,136,0,0,0,0,0,2364,2910.24,1.02083,7.92975,344845,88,52609,784,984826,352,210436,3136,32,4,82463,168618,2638816,674472,3313288,0,0,12,4,45,12,12,20,20,20260807,5,1,1,1,0,0,0,6219,0.259125,1,0.0015,0
618,6016.88,7,0,4.62587,1.52725,0,0,0,6.15313,67,67,0,1,2.03342,2.03342,347,158,4,139,0,0,0,0,0,2369,2915.81,1.83638,7.92975,346005,88,52609,790,988527,352,210436,3160,32,4,84745,173442,2711840,693768,3405608,0,0,12,4,45,12,12,20,20,20260807,5,1,1,1,0,0,0,6219,0.259125,1,0.0015,0
619,6027.32,10,0,8.96058,1.40354,0,0,0,10.3641,68,67,0,1,2.03342,2.03342,347,157,1,143,0,0,0,0,0,2370,2918.15,2.34175,7.92975,346005,88,52609,790,988527,352,210436,3160,32,4,87680,178788,2805760,715152,3520912,0,0,12,4,45,12,12,20,20,20260807,5,1,1,1,0,0,0,6219,0.259125,1,0.0015,0
620,6032.05,5,0,3.02738,1.62558,0,0,0,4.65296,68,68,0,1,2.03342,2.03342,352,162,0,143,0,0,0,0,0,2370,2918.15,2.34175,7.92975,346005,88,52609,790,988527,352,210436,3160,32,4,87680,178788,2805760,715152,3520912,0,0,12,4,45,12,12,20,20,20260807,5,1,1,1,0,0,0,6219,0.259125,1,0.0015,0
621,6043.32,11,0,0.572167,10.6162,0,0,0,11.1883,68,68,0,1,2.03342,2.03342,352,161,0,143,0,0,0,0,0,2370,2918.15,2.34175,7.92975,346005,88,52609,790,988527,352,210436,3160,32,4,87680,178788,2805760,715152,3520912,0,0,12,4,45,12,12,20,20,20260807,5,1,1,1,0,0,0,6219,0.259125,1,0.0015,0
622,6047.89,5,0,3.03275,1.45621,0,0,0,4.48896,69,68,0,1,2.03342,2.03342,352,157,0,147,0,0,0,0,0,2375,2925.89,1.97313,7.92975,347357,88,52609,796,992757,352,210436,3184,32,4,91934,186936,2941888,747744,3689632,4,4,12,4,49,16,12,20,20,20260807,5,1,1,1,0,0,0,6220,0.259167,1,0.0015,1
623,6059.96,12,0,0.540333,11.4609,0,0,0,12.0012,69,68,0,1,2.03342,2.03342,352,157,0,147,0,0,0,0,0,2375,2925.89,1.97313,7.92975,347357,88,52609,796,992757,352,210436,3184,32,4,91934,186936,2941888,747744,3689632,4,4,12,4,49,16,12,20,20,20260807,5,1,1,1,0,0,0,6220,0.259167,1,0.0015,0
624,6065.43,5,0,0.648125,4.71771,0,0,0,5.36583,70,69,0,1,2.03342,2.03342,358,163,0,147,0,0,0,0,0,2375,2925.89,1.97313,7.92975,347357,88,52609,796,992757,352,210436,3184,32,4,91934,186936,2941888,747744,3689632,4,4,12,4,49,16,12,20,20,20260807,5,1,1,1,0,0,0,6220,0.259167,1,0.0015,0
625,6076.57,11,0,0.685959,10.3565,0,0,0,11.0425,70,70,0,1,2.03342,2.03342,364,169,0,147,0,0,0,0,0,2375,2925.89,1.97313,7.92975,347357,88,52609,796,992757,352,210436,3184,32,4,91934,186936,2941888,747744,3689632,4,4,12,4,49,16,12,20,20,20260807,5,1,1,1,0,0,0,6220,0.259167,1,0.0015,0
626,6080.26,4,0,0.976417,2.63096,0,0,0,3.60738,71,71,0,1,2.03342,2.03342,370,174,0,147,0,0,0,0,0,2375,2925.89,1.97313,7.92975,347357,88,52609,796,992757,352,210436,3184,32,4,91934,186936,2941888,747744,3689632,4,4,12,4,49,16,12,20,20,20260807,5,1,1,1,0,0,0,6220,0.259167,1,0.0015,0
627,6096.68,16,0,14.7472,1.5925,0,0,0,16.3397,72,72,0,1,2.03342,2.03342,376,175,4,149,0,0,0,0,0,2381,2932.99,1.08521,7.92975,348400,88,52609,804,995843,352,210436,3216,32,4,93309,189732,2985888,758928,3744816,4,4,12,4,49,16,12,20,20,20260807,5,1,1,1,0,0,0,6220,0.259167,1,0.0015,0
628,6099.39,3,0,1.21938,1.40071,0,0,0,2.62008,73,72,0,1,2.03342,2.03342,376,175,0,152,0,0,0,0,0,2381,2932.99,1.08521,7.92975,348400,88,52609,804,995843,352,210436,3216,32,4,95052,193242,3041664,772968,3814632,4,4,12,4,49,16,12,20,20,20260807,5,1,1,1,0,0,0,6221,0.259208,1,0.0015,1
629,6109.91,11,0,0.939209,9.46621,0,0,0,10.4054,73,72,0,1,2.03342,2.03342,376,175,0,152,0,0,0,0,0,2381,2932.99,1.08521,7.92975,348400,88,52609,804,995843,352,210436,3216,32,4,95052,193242,3041664,772968,3814632,4,4,12,4,49,16,12,20,20,20260807,5,1,1,1,0,0,0,6221,0.259208,1,0.0015,0
630,6114.91,5,0,0.909834,4.01042,0,0,0,4.92025,74,73,0,1,2.03342,2.03342,382,181,0,152,0,0,0,0,0,2381,2932.99,1.08521,7.92975,348400,88,52609,804,995843,352,210436,3216,32,4,95052,193242,3041664,772968,3814632,4,4,12,4,49,16,12,20,20,20260807,5,1,1,1,0,0,0,6221,0.259208,1,0.0015,0
631,6126.55,11,0,1.94092,9.62383,0,0,0,11.5648,74,74,0,1,2.03342,2.03342,387,186,0,152,0,0,0,0,0,2381,2932.99,1.08521,7.92975,348400,88,52609,804,995843,352,210436,3216,32,4,95052,193242,3041664,772968,3814632,4,4,12,4,49,16,12,20,20,20260807,5,1,1,1,0,0,0,6221,0.259208,1,0.0015,0
632,6137.68,11,0,9.25508,1.79721,0,0,0,11.0523,75,75,0,1,2.03342,2.03342,393,186,0,156,0,0,0,0,0,2387,2938.61,1.06275,7.92975,349133,88,52609,814,998182,352,210436,3256,32,4,97431,197700,3117792,790800,3908592,4,4,12,4,49,16,12,20,20,20260807,5,1,1,1,0,0,0,6221,0.259208,1,0.0015,0
633,6143.25,6,0,0.965041,4.51713,0,0,0,5.48217,75,75,0,1,2.03342,2.03342,393,185,0,156,0,0,0,0,0,2387,2938.61,1.06275,7.92975,349133,88,52609,814,998182,352,210436,3256,32,4,97431,197700,3117792,790800,3908592,4,4,12,4,49,16,12,20,20,20260807,5,1,1,1,0,0,0,6222,0.25925,1,0.0015,1
634,6147.11,4,0,2.19367,1.58908,0,0,0,3.78275,75,75,0,1,2.03342,2.03342,393,183,1,158,0,0,0,0,0,2390,2943.26,1.17575,7.92975,349750,88,52609,820,999968,352,210436,3280,32,4,98660,200178,3157120,800712,3957832,4,4,12,4,49,16,12,20,20,20260807,5,1,1,1,0,0,0,6222,0.25925,1,0.0015,0
635,6160.76,13,0,12.1026,1.47604,0,0,0,13.5787,76,76,0,1,2.03342,2.03342,399,186,3,159,0,0,0,0,0,2393,2945.9,1.059,7.92975,350256,88,52609,820,1001496,352,210436,3280,32,4,99241,201438,3175712,805752,3981464,4,4,12,4,49,16,12,20,20,20260807,5,1,1,1,0,0,0,6222,0.25925,1,0.0015,0
636,6166.39,6,0,4.02396,1.53579,0,0,0,5.55975,77,76,0,1,2.03342,2.03342,399,186,0,162,0,0,0,0,0,2393,2945.9,1.059,7.92975,350256,88,52609,820,1001496,352,210436,3280,32,4,100769,204474,3224608,817896,4042504,4,4,12,4,49,16,12,20,20,20260807,5,1,1,1,0,0,0,6222,0.25925,1,0.0015,0
637,6176.74,10,0,3.64237,6.64196,0,0,0,10.2843,77,77,0,1,2.03342,2.03342,405,192,0,162,0,0,0,0,0,2393,2945.9,1.059,7.92975,350256,88,52609,820,1001496,352,210436,3280,32,4,100769,204474,3224608,817896,4042504,4,4,12,4,49,16,12,20,20,20260807,5,1,1,1,0,0,0,6222,0.25925,1,0.0015,0
638,6182.71,6,0,0.674416,5.19425,0,0,0,5.86867,78,77,0,1,2.03342,2.03342,405,192,0,162,0,0,0,0,0,2393,2945.9,1.059,7.92975,350256,88,52609,820,1001496,352,210436,3280,32,4,100769,204474,3224608,817896,4042504,4,4,12,4,49,16,12,20,20,20260807,5,1,1,1,0,0,0,6222,0.25925,1,0.0015,0
639,6193.42,11,0,0.692291,9.94646,0,0,0,10.6387,78,78,0,1,2.03342,2.03342,411,197,0,162,0,0,0,0,0,2393,2945.9,1.059,7.92975,350256,88,52609,820,1001496,352,210436,3280,32,4,100769,204474,3224608,817896,4042504,4,4,12,4,49,16,12,20,20,20260807,5,1,1,1,0,0,0,6223,0.259292,1,0.0015,1
640,6197.66,4,0,2.35263,1.79867,0,0,0,4.15129,79,78,0,1,2.03342,2.03342,411,192,0,168,0,0,0,0,0,2399,2952.44,1.36496,7.92975,352005,88,52609,822,1006658,352,210436,3288,32,4,105939,214980,3390048,859920,4249968,4,4,12,4,49,16,12,20,20,20260807,5,1,1,1,0,0,0,6223,0.259292,1,0.0015,0
641,6209.97,13,0,2.84375,9.38892,0,0,0,12.2327,79,79,0,1,2.03342,2.03342,417,198,0,168,0,0,0,0,0,2399,2952.44,1.36496,7.92975,352005,88,52609,822,1006658,352,210436,3288,32,4,105939,214980,3390048,859920,4249968,4,4,12,4,49,16,12,20,20,20260807,5,1,1,1,0,0,0,6223,0.259292,1,0.0015,0
642,6215.38,5,0,1.99842,3.341,0,0,0,5.33942,80,80,0,1,2.03342,2.03342,423,204,0,168,0,0,0,0,0,2399,2952.44,1.36496,7.92975,352005,88,52609,822,1006658,352,210436,3288,32,4,105939,214980,3390048,859920,4249968,4,4,12,4,49,16,12,20,20,20260807,5,1,1,1,0,0,0,6223,0.259292,1,0.0015,0
643,6226.67,11,0,0.744542,10.465,0,0,0,11.2095,81,80,0,1,2.03342,2.03342,423,204,0,168,0,0,0,0,0,2399,2952.44,1.36496,7.92975,352005,88,52609,822,1006658,352,210436,3288,32,4,105939,214980,3390048,859920,4249968,4,4,12,4,49,16,12,20,20,20260807,5,1,1,1,0,0,0,6223,0.259292,1,0.0015,0
644,6230.76,4,0,2.37925,1.63262,0,0,0,4.01187,81,81,0,1,2.03342,2.03342,428,204,2,169,0,0,0,0,0,2403,2956.96,0.356542,7.92975,352254,88,52609,832,1007518,352,210436,3328,32,4,106771,216432,3416672,865728,4282400,4,4,12,4,49,16,12,20,20,20260807,5,1,1,1,0,0,0,6223,0.259292,1,0.0015,0
645,6245.26,15,0,12.7859,1.63542,0,0,0,14.4213,82,82,0,1,2.03342,2.03342,434,209,1,170,0,0,0,0,0,2405,2959.02,1.00367,7.92975,352254,88,52609,832,1007518,352,210436,3328,32,4,106839,216534,3418848,866136,4284984,4,4,12,4,49,16,12,20,20,20260807,5,1,1,1,0,0,0,6223,0.259292,1,0.0015,0
646,6250.2,5,0,0.834875,4.03571,0,0,0,4.87058,82,82,0,1,2.03342,2.03342,434,207,1,170,0,0,0,0,0,2406,2960.19,1.17338,7.92975,352366,88,52609,832,1007826,352,210436,3328,32,4,106839,216534,3418848,866136,4284984,4,4,12,4,49,16,12,20,20,20260807,5,1,1,1,0,0,0,6224,0.259333,1,0.0015,1
647,6265.53,15,0,13.5608,1.69225,0,0,0,15.253,83,83,0,1,2.03342,2.03342,440,208,2,174,0,0,0,0,0,2411,2965.37,1.20821,7.92975,353163,88,52609,842,1010340,352,210436,3368,32,4,108727,219876,3479264,879504,4358768,4,4,12,4,49,16,12,20,20,20260807,5,1,1,1,0,0,0,6224,0.259333,1,0.0015,0
648,6277.51,12,0,10.2931,1.61775,0,0,0,11.9109,84,83,0,1,2.03342,2.03342,440,203,6,176,0,0,0,0,0,2417,2973.04,1.15425,7.92975,353823,88,52609,850,1012473,352,210436,3400,32,4,109701,222048,3510432,888192,4398624,4,4,12,4,49,16,12,20,20,20260807,5,1,1,1,0,0,0,6224,0.259333,1,0.0015,0
649,6280.68,3,0,1.52812,1.56454,0,0,0,3.09267,84,83,0,1,2.03342,2.03342,440,203,0,180,0,0,0,0,0,2417,2973.04,1.15425,7.92975,353823,88,52609,850,1012473,352,210436,3400,32,4,111866,226056,3579712,904224,4483936,4,4,12,4,49,16,12,20,20,20260807,5,1,1,1,0,0,0,6224,0.259333,1,0.0015,0
650,6293.84,14,0,4.29717,8.78604,0,0,0,13.0832,84,84,0,1,2.03342,2.03342,446,209,0,180,0,0,0,0,0,2417,2973.04,1.15425,7.92975,353823,88,52609,850,1012473,352,210436,3400,32,4,111866,226056,3579712,904224,4483936,4,4,12,4,49,16,12,20,20,20260807,5,1,1,1,0,0,0,6224,0.259333,1,0.0015,0
651,6296.7,2,0,0.841708,1.93533,0,0,0,2.77704,85,85,0,1,2.03342,2.03342,451,214,0,180,0,0,0,0,0,2417,2973.04,1.15425,7.92975,353823,88,52609,850,1012473,352,210436,3400,32,4,111866,226056,3579712,904224,4483936,4,4,12,4,49,16,12,20,20,20260807,5,1,1,1,0,0,0,6225,0.259375,1,0.0015,1
652,6310.22,14,0,0.833875,12.6167,0,0,0,13.4506,86,85,0,1,2.03342,2.03342,451,214,0,180,0,0,0,0,0,2417,2973.04,1.15425,7.92975,353823,88,52609,850,1012473,352,210436,3400,32,4,111866,226056,3579712,904224,4483936,4,4,12,4,49,16,12,20,20,20260807,5,1,1,1,0,0,0,6225,0.259375,1,0.0015,0
653,6316.91,7,0,5.01675,1.5605,0,0,0,6.57725,87,86,0,1,2.03342,2.03342,456,213,1,184,0,0,0,0,0,2423,2979.37,1.14292,7.92975,354584,88,52609,860,1015059,352,210436,3440,32,4,114492,230682,3663744,922728,4586472,4,4,12,4,49,16,12,20,20,20260807,5,1,1,1,0,0,0,6225,0.259375,1,0.0015,0
654,6326.95,10,0,0.71675,9.24983,0,0,0,9.96658,87,86,0,1,2.03342,2.03342,456,213,0,184,0,0,0,0,0,2423,2979.37,1.14292,7.92975,354584,88,52609,860,1015059,352,210436,3440,32,4,114492,230682,3663744,922728,4586472,4,4,12,4,49,16,12,20,20,20260807,5,1,1,1,0,0,0,6225,0.259375,1,0.0015,0
655,6330.66,3,0,1.97188,1.66054,0,0,0,3.63242,87,87,0,1,2.03342,2.03342,462,216,1,185,0,0,0,0,0,2425,2983.63,2.23108,7.92975,355139,88,52609,862,1016705,352,210436,3448,32,4,114510,230730,3664320,922920,4587240,4,4,12,4,49,16,12,20,20,20260807,5,1,1,1,0,0,0,6225,0.259375,1,0.0015,0
656,6344.44,14,0,11.8522,1.85767,0,0,0,13.7098,88,87,0,1,2.03342,2.03342,462,213,3,187,0,0,0,0,0,2429,2991.2,2.58704,7.92975,355387,88,52609,862,1017662,352,210436,3448,32,4,116187,234138,3717984,936552,4654536,4,4,12,4,49,16,12,20,20,20260807,5,1,1,1,0,0,0,6225,0.259375,1,0.0015,0
657,6347.25,3,0,1.14617,1.57217,0,0,0,2.71833,88,87,0,1,2.03342,2.03342,462,213,0,188,0,0,0,0,0,2429,2991.2,2.58704,7.92975,355387,88,52609,862,1017662,352,210436,3448,32,4,117103,235512,3747296,942048,4689344,4,4,12,4,49,16,12,20,20,20260807,5,1,1,1,0,0,0,6226,0.259417,1,0.0015,1
658,6360.13,14,0,4.23862,8.55917,0,0,0,12.7978,88,88,0,1,2.03342,2.03342,468,219,0,188,0,0,0,0,0,2429,2991.2,2.58704,7.92975,355387,88,52609,862,1017662,352,210436,3448,32,4,117103,235512,3747296,942048,4689344,4,4,12,4,49,16,12,20,20,20260807,5,1,1,1,0,0,0,6226,0.259417,1,0.0015,0
659,6363.32,3,0,0.879,2.23292,0,0,0,3.11192,89,88,0,1,2.03342,2.03342,468,219,0,188,0,0,0,0,0,2429,2991.2,2.58704,7.92975,355387,88,52609,862,1017662,352,210436,3448,32,4,117103,235512,3747296,942048,4689344,4,4,12,4,49,16,12,20,20,20260807,5,1,1,1,0,0,0,6226,0.259417,1,0.0015,0
660,6376.83,13,0,3.38483,10.0539,0,0,0,13.4387,89,89,0,1,2.03342,2.03342,474,225,0,188,0,0,0,0,0,2429,2991.2,2.58704,7.92975,355387,88,52609,862,1017662,352,210436,3448,32,4,117103,235512,3747296,942048,4689344,4,4,12,4,49,16,12,20,20,20260807,5,1,1,1,0,0,0,6226,0.259417,1,0.0015,0
661,6381.86,5,0,0.982583,3.96037,0,0,0,4.94296,90,90,0,1,2.03342,2.03342,480,230,0,188,0,0,0,0,0,2429,2991.2,2.58704,7.92975,355387,88,52609,862,1017662,352,210436,3448,32,4,117103,235512,3747296,942048,4689344,4,4,12,4,49,16,12,20,20,20260807,5,1,1,1,0,0,0,6226,0.259417,1,0.0015,0
662,6396.1,14,0,12.4479,1.721,0,0,0,14.1689,91,91,0,1,2.03342,2.03342,486,231,2,191,0,0,0,0,0,2435,2997.03,1.10604,7.92975,356359,88,52609,864,1020749,352,210436,3456,32,4,120198,241356,3846336,965424,4811760,4,4,12,4,49,16,12,20,20,20260807,5,1,1,1,0,0,0,6226,0.259417,1,0.0015,0
663,6399.09,3,0,0.776875,2.13837,0,0,0,2.91525,91,91,0,1,2.03342,2.03342,486,230,0,191,0,0,0,0,0,2435,2997.03,1.10604,7.92975,356359,88,52609,864,1020749,352,210436,3456,32,4,120198,241356,3846336,965424,4811760,4,4,12,4,49,16,12,20,20,20260807,5,1,1,1,0,0,0,6227,0.259458,1,0.0015,1
664,6410.84,12,0,10.1174,1.56288,0,0,0,11.6802,92,91,0,1,2.03342,2.03342,486,225,4,193,0,0,0,0,0,2441,3003.94,1.91463,7.92975,357618,88,52609,872,1024855,352,210436,3488,32,4,122421,245496,3917472,981984,4899456,4,4,12,4,49,16,12,20,20,20260807,5,1,1,1,0,0,0,6227,0.259458,1,0.0015,0
665,6416.93,6,0,4.32896,1.68996,0,0,0,6.01892,92,92,0,1,2.03342,2.03342,492,231,0,197,0,0,0,0,0,2441,3003.94,1.91463,7.92975,357618,88,52609,872,1024855,352,210436,3488,32,4,124336,248958,3978752,995832,4974584,4,4,12,4,49,16,12,20,20,20260807,5,1,1,1,0,0,0,6227,0.259458,1,0.0015,0
666,6426.79,10,0,0.903875,8.87917,0,0,0,9.78304,92,92,0,1,2.03342,2.03342,492,229,1,197,0,0,0,0,0,2442,3005.04,1.10242,7.92975,357669,88,52609,872,1024978,352,210436,3488,32,4,124336,248958,3978752,995832,4974584,4,4,12,4,49,16,12,20,20,20260807,5,1,1,1,0,0,0,6227,0.259458,1,0.0015,0
667,6434.98,8,0,6.05033,2.03667,0,0,0,8.087,93,93,0,1,2.03342,2.03342,498,231,0,201,0,0,0,0,0,2446,3008.65,0.936709,7.92975,358290,88,52609,878,1027217,352,210436,3512,32,4,126722,253026,4055104,1012104,5067208,4,4,12,4,49,16,12,20,20,20260807,5,1,1,1,0,0,0,6227,0.259458,1,0.0015,0
668,6443.62,8,0,0.905667,7.65113,0,0,0,8.55679,93,93,0,1,2.03342,2.03342,498,229,1,201,0,0,0,0,0,2447,3009.9,1.25658,7.92975,358672,88,52609,878,1028264,352,210436,3512,32,4,126722,253026,4055104,1012104,5067208,4,4,12,4,49,16,12,20,20,20260807,5,1,1,1,0,0,0,6228,0.2595,1,0.0015,1
669,6448.02,5,0,2.20067,2.11837,0,0,0,4.31904,94,93,0,1,2.03342,2.03342,498,225,0,207,0,0,0,0,0,2452,3015.19,1.71825,7.92975,360467,88,52609,884,1033771,352,210436,3536,32,4,133300,266124,4265600,1064496,5330096,4,4,12,4,49,16,12,20,20,20260807,5,1,1,1,0,0,0,6228,0.2595,1,0.0015,0
670,6460.52,12,0,4.07671,8.33596,0,0,0,12.4127,94,94,0,1,2.03342,2.03342,504,231,0,207,0,0,0,0,0,2452,3015.19,1.71825,7.92975,360467,88,52609,884,1033771,352,210436,3536,32,4,133300,266124,4265600,1064496,5330096,4,4,12,4,49,16,12,20,20,20260807,5,1,1,1,0,0,0,6228,0.2595,1,0.0015,0
671,6466.03,6,0,0.813208,4.62671,0,0,0,5.43992,95,95,0,1,2.03342,2.03342,510,237,0,207,0,0,0,0,0,2452,3015.19,1.71825,7.92975,360467,88,52609,884,1033771,352,210436,3536,32,4,133300,266124,4265600,1064496,5330096,4,4,12,4,49,16,12,20,20,20260807,5,1,1,1,0,0,0,6228,0.2595,1,0.0015,0
672,6476.97,11,0,2.89408,7.9655,0,0,0,10.8596,96,96,0,1,2.03342,2.03342,515,242,0,207,0,0,0,0,0,2452,3015.19,1.71825,7.92975,360467,88,52609,884,1033771,352,210436,3536,32,4,133300,266124,4265600,1064496,5330096,4,4,12,4,49,16,12,20,20,20260807,5,1,1,1,0,0,0,6228,0.2595,1,0.0015,0
673,6481.38,4,0,2.52383,1.81012,0,0,0,4.33396,96,96,0,1,2.03342,2.03342,515,238,1,209,0,0,0,0,0,2455,3021.13,1.62875,7.92975,360966,88,52609,898,1035471,352,210436,3592,32,4,135008,269106,4320256,1076424,5396680,4,4,12,4,49,16,12,20,20,20260807,5,1,1,1,0,0,0,6228,0.2595,1,0.0015,0
674,6494.47,13,0,11.207,1.80329,0,0,0,13.0103,97,97,0,1,2.03342,2.03342,521,242,1,211,0,0,0,0,0,2457,3023.31,1.05792,7.92975,361531,88,52609,898,1037004,352,210436,3592,32,4,136354,272082,4363328,1088328,5451656,4,4,12,4,49,16,12,20,20,20260807,5,1,1,1,0,0,0,6228,0.2595,1,0.0015,0
675,6499.79,6,0,3.36671,1.88679,0,0,0,5.2535,97,97,0,1,2.03342,2.03342,521,237,3,213,0,0,0,0,0,2462,3027.85,1.10008,7.92975,362106,88,52609,902,1039002,352,210436,3608,32,4,137590,274302,4402880,1097208,5500088,4,4,12,4,49,16,12,20,20,20260807,5,1,1,1,0,0,0,6229,0.259542,1,0.0015,1
676,6511.11,11,0,9.45667,1.78554,0,0,0,11.2422,98,98,0,1,2.03342,2.03342,527,243,0,216,0,0,0,0,0,2463,3028.76,0.91225,7.92975,362291,88,52609,902,1039523,352,210436,3608,32,4,139124,277176,4451968,1108704,5560672,4,4,12,4,49,16,12,20,20,20260807,5,1,1,1,0,0,0,6229,0.259542,1,0.0015,0
677,6515.6,4,0,0.7975,3.62167,0,0,0,4.41917,98,98,0,1,2.03342,2.03342,527,241,1,216,0,0,0,0,0,2464,3029.86,1.09958,7.92975,362541,88,52609,902,1040200,352,210436,3608,32,4,139124,277176,4451968,1108704,5560672,4,4,12,4,49,16,12,20,20,20260807,5,1,1,1,0,0,0,6229,0.259542,1,0.0015,0
678,6531,16,0,13.2358,2.08808,0,0,0,15.3239,99,99,0,1,2.03342,2.03342,533,243,2,220,0,0,0,0,0,2469,3035.47,1.01508,7.92975,363562,88,52609,904,1043371,352,210436,3616,32,4,142951,284736,4574432,1138944,5713376,4,4,12,4,49,16,12,20,20,20260807,5,1,1,1,0,0,0,6229,0.259542,1,0.0015,0
679,6534.19,3,0,1.24933,1.86963,0,0,0,3.11896,100,99,0,1,2.03342,2.03342,533,243,0,222,0,0,0,0,0,2469,3035.47,1.01508,7.92975,363562,88,52609,904,1043371,352,210436,3616,32,4,142980,284814,4575360,1139256,5714616,4,4,12,4,49,16,12,20,20,20260807,5,1,1,1,0,0,0,6229,0.259542,1,0.0015,0
680,6544.13,10,0,1.48867,8.36175,0,0,0,9.85042,100,99,0,1,2.03342,2.03342,533,243,0,222,0,0,0,0,0,2469,3035.47,1.01508,7.92975,363562,88,52609,904,1043371,352,210436,3616,32,4,142980,284814,4575360,1139256,5714616,4,4,12,4,49,16,12,20,20,20260807,5,1,1,1,0,0,0,6230,0.259583,1,0.0015,1
681,6547.25,3,0,0.92625,2.09667,0,0,0,3.02292,101,100,0,1,2.03342,2.03342,539,249,0,222,0,0,0,0,0,2469,3035.47,1.01508,7.92975,363562,88,52609,904,1043371,352,210436,3616,32,4,142980,284814,4575360,1139256,5714616,4,4,12,4,49,16,12,20,20,20260807,5,1,1,1,0,0,0,6230,0.259583,1,0.0015,0
682,6560.43,13,0,0.955917,12.1065,0,0,0,13.0625,101,100,0,1,2.03342,2.03342,539,249,0,222,0,0,0,0,0,2469,3035.47,1.01508,7.92975,363562,88,52609,904,1043371,352,210436,3616,32,4,142980,284814,4575360,1139256,5714616,4,4,12,4,49,16,12,20,20,20260807,5,1,1,1,0,0,0,6230,0.259583,1,0.0015,0
683,6566.95,7,0,4.58433,1.84288,0,0,0,6.42721,101,101,0,1,2.03342,2.03342,545,252,1,223,0,0,0,0,0,2471,3040.44,2.29292,7.92975,363862,88,52609,908,1044214,352,210436,3632,32,4,143480,285930,4591360,1143720,5735080,4,4,12,4,49,16,12,20,20,20260807,5,1,1,1,0,0,0,6230,0.259583,1,0.0015,0
684,6580.16,13,0,11.1449,2.00133,0,0,0,13.1463,102,102,0,1,2.03342,2.03342,551,255,2,226,0,0,0,0,0,2475,3044.53,0.946667,7.92975,364577,88,52609,922,1046684,352,210436,3688,32,4,146365,291012,4683680,1164048,5847728,4,4,12,4,49,16,12,20,20,20260807,5,1,1,1,0,0,0,6230,0.259583,1,0.0015,0
685,6582.64,2,0,0.835791,1.54038,0,0,0,2.37617,102,102,0,1,2.03342,2.03342,551,253,0,226,0,0,0,0,0,2476,3045.58,1.04492,7.92975,364577,88,52609,922,1046684,352,210436,3688,32,4,146365,291012,4683680,1164048,5847728,4,4,12,4,49,16,12,20,20,20260807,5,1,1,1,0,0,0,6230,0.259583,1,0.0015,0
686,6594.46,12,0,9.94571,1.816,0,0,0,11.7617,103,102,0,1,2.03342,2.03342,551,249,3,228,0,0,0,0,0,2481,3051.39,1.97321,7.92975,366730,88,52609,928,1053365,352,210436,3712,32,4,149089,296868,4770848,1187472,5958320,4,4,12,4,49,16,12,20,20,20260807,5,1,1,1,0,0,0,6230,0.259583,1,0.0015,0
687,6600.9,7,0,4.36554,2.00933,0,0,0,6.37488,103,103,0,1,2.03342,2.03342,557,255,0,231,0,0,0,0,0,2481,3051.39,1.97321,7.92975,366730,88,52609,928,1053365,352,210436,3712,32,4,153070,303966,4898240,1215864,6114104,4,4,12,4,49,16,12,20,20,20260807,5,1,1,1,0,0,0,6231,0.259625,1,0.0015,1
688,6610.38,9,0,0.883167,8.52025,0,0,0,9.40342,104,103,0,1,2.03342,2.03342,557,255,0,231,0,0,0,0,0,2481,3051.39,1.97321,7.92975,366730,88,52609,928,1053365,352,210436,3712,32,4,153070,303966,4898240,1215864,6114104,4,4,12,4,49,16,12,20,20,20260807,5,1,1,1,0,0,0,6231,0.259625,1,0.0015,0
689,6615.75,5,0,0.871375,4.42579,0,0,0,5.29717,105,104,0,1,2.03342,2.03342,562,260,0,231,0,0,0,0,0,2481,3051.39,1.97321,7.92975,366730,88,52609,928,1053365,352,210436,3712,32,4,153070,303966,4898240,1215864,6114104,4,4,12,4,49,16,12,20,20,20260807,5,1,1,1,0,0,0,6231,0.259625,1,0.0015,0
690,6627.14,12,0,0.880666,10.4296,0,0,0,11.3102,105,105,0,1,2.03342,2.03342,567,265,0,231,0,0,0,0,0,2481,3051.39,1.97321,7.92975,366730,88,52609,928,1053365,352,210436,3712,32,4,153070,303966,4898240,1215864,6114104,4,4,12,4,49,16,12,20,20,20260807,5,1,1,1,0,0,0,6231,0.259625,1,0.0015,0
691,6633.13,6,0,3.71083,2.19883,0,0,0,5.90967,106,105,0,1,2.03342,2.03342,567,259,1,236,0,0,0,0,0,2487,3058.23,1.601,7.92975,369097,88,52609,938,1060405,352,210436,3752,32,4,159357,316470,5099424,1265880,6365304,4,4,12,4,49,16,12,20,20,20260807,5,1,1,1,0,0,0,6231,0.259625,1,0.0015,0
692,6644.57,11,0,9.39025,1.9725,0,0,0,11.3628,106,106,0,1,2.03342,2.03342,573,263,1,237,0,0,0,0,0,2488,3061.18,2.94346,7.92975,369125,88,52609,938,1060483,352,210436,3752,32,4,160150,318228,5124800,1272912,6397712,4,4,12,4,49,16,12,20,20,20260807,5,1,1,1,0,0,0,6232,0.259667,1,0.0015,1
693,6649.94,6,0,3.28954,2.00958,0,0,0,5.29913,106,106,0,1,2.03342,2.03342,573,260,1,240,0,0,0,0,0,2491,3063.89,0.586458,7.92975,370180,88,52609,948,1063622,352,210436,3792,32,4,163215,324498,5222880,1297992,6520872,4,4,12,4,49,16,12,20,20,20260807,5,1,1,1,0,0,0,6232,0.259667,1,0.0015,0
694,6661.57,11,0,9.54492,2.01538,0,0,0,11.5603,107,107,0,1,2.03342,2.03342,579,264,0,243,0,0,0,0,0,2493,3065.86,0.832875,7.92975,370522,88,52609,948,1064563,352,210436,3792,32,4,164348,326838,5259136,1307352,6566488,4,4,12,4,49,16,12,20,20,20260807,5,1,1,1,0,0,0,6232,0.259667,1,0.0015,0
695,6667.45,6,0,3.71492,2.08958,0,0,0,5.8045,107,107,0,1,2.03342,2.03342,579,259,3,244,0,0,0,0,0,2498,3070.66,1.01454,7.92975,371033,88,52609,956,1066422,352,210436,3824,32,4,164489,327102,5263648,1308408,6572056,4,4,12,4,49,16,12,20,20,20260807,5,1,1,1,0,0,0,6232,0.259667,1,0.0015,0
696,6680.4,13,0,10.2465,2.48817,0,0,0,12.7347,108,108,0,1,2.03342,2.03342,585,265,0,245,0,0,0,0,0,2499,3071.6,0.936042,7.92975,371033,88,52609,956,1066422,352,210436,3824,32,4,166239,329952,5319648,1319808,6639456,4,4,12,4,49,16,12,20,20,20260807,5,1,1,1,0,0,0,6232,0.259667,1,0.0015,0
697,6683.77,4,0,1.28083,2.01204,0,0,0,3.29287,108,108,0,1,2.03342,2.03342,585,263,0,246,0,0,0,0,0,2500,3072.73,1.12787,7.92975,371130,88,52609,956,1066672,352,210436,3824,32,4,166489,330534,5327648,1322136,6649784,4,4,12,4,49,16,12,20,20,20260807,5,1,1,1,0,0,0,6232,0.259667,1,0.0015,0
698,6694.81,11,0,9.00933,1.94592,0,0,0,10.9552,109,108,0,1,2.03342,2.03342,585,259,2,249,0,0,0,0,0,2505,3078.86,1.10742,7.92975,372530,88,52609,962,1071115,352,210436,3848,32,4,170365,337656,5451680,1350624,6802304,4,4,12,4,49,16,12,20,20,20260807,5,1,1,1,0,0,0,6233,0.259708,1,0.0015,1
699,6699.91,5,0,2.9325,2.09521,0,0,0,5.02771,109,109,0,1,2.03342,2.03342,591,265,0,251,0,0,0,0,0,2505,3078.86,1.10742,7.92975,372530,88,52609,962,1071115,352,210436,3848,32,4,170956,338970,5470592,1355880,6826472,4,4,12,4,49,16,12,20,20,20260807,5,1,1,1,0,0,0,6233,0.259708,1,0.0015,0
700,6710.45,10,0,0.878167,9.58208,0,0,0,10.4603,110,109,0,1,2.03342,2.03342,591,265,0,251,0,0,0,0,0,2505,3078.86,1.10742,7.92975,372530,88,52609,962,1071115,352,210436,3848,32,4,170956,338970,5470592,1355880,6826472,4,4,12,4,49,16,12,20,20,20260807,5,1,1,1,0,0,0,6233,0.259708,1,0.0015,0
701,6716.34,6,0,2.15742,3.65417,0,0,0,5.81158,110,110,0,1,2.03342,2.03342,597,271,0,251,0,0,0,0,0,2505,3078.86,1.10742,7.92975,372530,88,52609,962,1071115,352,210436,3848,32,4,170956,338970,5470592,1355880,6826472,4,4,12,4,49,16,12,20,20,20260807,5,1,1,1,0,0,0,6233,0.259708,1,0.0015,0
702,6727.2,11,0,0.962125,9.81912,0,0,0,10.7812,111,110,0,1,2.03342,2.03342,597,271,0,251,0,0,0,0,0,2505,3078.86,1.10742,7.92975,372530,88,52609,962,1071115,352,210436,3848,32,4,170956,338970,5470592,1355880,6826472,4,4,12,4,49,16,12,20,20,20260807,5,1,1,1,0,0,0,6233,0.259708,1,0.0015,0
703,6732.72,5,0,0.951125,4.48117,0,0,0,5.43229,111,111,0,1,2.03342,2.03342,603,276,0,251,0,0,0,0,0,2505,3078.86,1.10742,7.92975,372530,88,52609,962,1071115,352,210436,3848,32,4,170956,338970,5470592,1355880,6826472,4,4,12,4,49,16,12,20,20,20260807,5,1,1,1,0,0,0,6233,0.259708,1,0.0015,0
704,6748.37,16,0,13.4162,2.16292,0,0,0,15.5792,112,112,0,1,2.03342,2.03342,609,277,3,254,0,0,0,0,0,2511,3087.53,1.04496,7.92975,373272,88,52609,970,1073538,352,210436,3880,32,4,171788,340812,5497216,1363248,6860464,4,4,12,4,49,16,12,20,20,20260807,5,1,1,1,0,0,0,6234,0.25975,1,0.0015,1
705,6751.88,4,0,1.265,2.16871,0,0,0,3.43371,112,112,0,1,2.03342,2.03342,609,275,1,255,0,0,0,0,0,2512,3088.87,1.34271,7.92975,373272,88,52609,970,1073538,352,210436,3880,32,4,173411,343470,5549152,1373880,6923032,4,4,12,4,49,16,12,20,20,20260807,5,1,1,1,0,0,0,6234,0.25975,1,0.0015,0
706,6761.54,9,0,7.50246,2.07829,0,0,0,9.58075,113,112,0,1,2.03342,2.03342,609,271,3,257,0,0,0,0,0,2517,3094.1,1.08304,7.92975,374067,88,52609,972,1076420,352,210436,3888,32,4,174461,345420,5582752,1381680,6964432,4,4,12,4,49,16,12,20,20,20260807,5,1,1,1,0,0,0,6234,0.25975,1,0.0015,0
707,6769.71,8,0,5.81412,2.27108,0,0,0,8.08521,113,113,0,1,2.03342,2.03342,614,276,0,259,0,0,0,0,0,2517,3094.1,1.08304,7.92975,374067,88,52609,972,1076420,352,210436,3888,32,4,176301,348252,5641632,1393008,7034640,4,4,12,4,49,16,12,20,20,20260807,5,1,1,1,0,0,0,6234,0.25975,1,0.0015,0
708,6777.16,8,0,0.889916,6.489,0,0,0,7.37892,114,113,0,1,2.03342,2.03342,614,276,0,259,0,0,0,0,0,2517,3094.1,1.08304,7.92975,374067,88,52609,972,1076420,352,210436,3888,32,4,176301,348252,5641632,1393008,7034640,4,4,12,4,49,16,12,20,20,20260807,5,1,1,1,0,0,0,6234,0.25975,1,0.0015,0
709,6783.11,6,0,0.970167,4.90404,0,0,0,5.87421,115,114,0,1,2.03342,2.03342,619,281,0,259,0,0,0,0,0,2517,3094.1,1.08304,7.92975,374067,88,52609,972,1076420,352,210436,3888,32,4,176301,348252,5641632,1393008,7034640,4,4,12,4,49,16,12,20,20,20260807,5,1,1,1,0,0,0,6234,0.25975,1,0.0015,0
710,6793.83,11,0,3.78108,6.79308,0,0,0,10.5742,115,115,0,1,2.03342,2.03342,624,286,0,259,0,0,0,0,0,2517,3094.1,1.08304,7.92975,374067,88,52609,972,1076420,352,210436,3888,32,4,176301,348252,5641632,1393008,7034640,4,4,12,4,49,16,12,20,20,20260807,5,1,1,1,0,0,0,6235,0.259792,1,0.0015,1
711,6800.69,6,0,4.69896,2.09233,0,0,0,6.79129,115,115,0,1,2.03342,2.03342,624,281,1,262,0,0,0,0,0,2521,3100.95,2.19179,7.92975,375191,88,52609,978,1079638,352,210436,3912,32,4,178606,352848,5715392,1411392,7126784,4,4,12,4,49,16,12,20,20,20260807,5,1,1,1,0,0,0,6235,0.259792,1,0.0015,0
712,6811.52,11,0,8.60904,2.13729,0,0,0,10.7463,116,116,0,1,2.03342,2.03342,630,286,0,264,0,0,0,0,0,2522,3101.97,1.02183,7.92975,375193,88,52609,978,1079644,352,210436,3912,32,4,179549,355044,5745568,1420176,7165744,4,4,12,4,49,16,12,20,20,20260807,5,1,1,1,0,0,0,6235,0.259792,1,0.0015,0
713,6817.26,6,0,3.428,2.24437,0,0,0,5.67237,116,116,0,1,2.03342,2.03342,630,283,1,266,0,0,0,0,0,2525,3106.71,1.82775,7.92975,376154,88,52609,978,1082185,352,210436,3912,32,4,181195,358812,5798240,1435248,7233488,4,4,12,4,49,16,12,20,20,20260807,5,1,1,1,0,0,0,6235,0.259792,1,0.0015,0
714,6831.38,14,0,11.5176,2.51933,0,0,0,14.037,117,117,0,1,2.03342,2.03342,636,287,2,268,0,0,0,0,0,2528,3110.12,1.00033,7.92975,376997,88,52609,984,1085101,352,210436,3936,32,4,184548,364776,5905536,1459104,7364640,4,4,12,4,49,16,12,20,20,20260807,5,1,1,1,0,0,0,6235,0.259792,1,0.0015,0
715,6835.33,4,0,1.41046,2.47117,0,0,0,3.88163,117,117,0,1,2.03342,2.03342,636,284,1,269,0,0,0,0,0,2530,3112.41,1.10838,7.92975,376997,88,52609,984,1085101,352,210436,3936,32,4,185030,365904,5920960,1463616,7384576,4,4,12,4,49,16,12,20,20,20260807,5,1,1,1,0,0,0,6235,0.259792,1,0.0015,0
716,6843.98,9,0,1.02542,7.5245,0,0,0,8.54992,117,117,0,1,2.03342,2.03342,636,283,1,269,0,0,0,0,0,2532,3115.42,1.32704,7.92975,377359,88,52609,990,1086432,352,210436,3960,32,4,185030,365904,5920960,1463616,7384576,4,4,12,4,49,16,12,20,20,20260807,5,1,1,1,0,0,0,6236,0.259833,1,0.0015,1
717,6853.17,9,0,6.60846,2.505,0,0,0,9.11346,118,118,0,1,2.03342,2.03342,642,286,0,270,0,0,0,0,0,2534,3118.24,1.00779,7.92975,377359,88,52609,990,1086432,352,210436,3960,32,4,186385,368112,5964320,1472448,7436768,4,4,12,4,49,16,12,20,20,20260807,5,1,1,1,0,0,0,6236,0.259833,1,0.0015,0
718,6861.82,9,0,6.18167,2.38421,0,0,0,8.56588,118,118,0,1,2.03342,2.03342,642,281,4,271,0,0,0,0,0,2539,3123.72,0.973625,7.92975,378371,88,52609,998,1089634,352,210436,3992,32,4,187442,370434,5998144,1481736,7479880,4,4,12,4,49,16,12,20,20,20260807,5,1,1,1,0,0,0,6236,0.259833,1,0.0015,0
719,6865.53,3,0,1.38792,2.23304,0,0,0,3.62096,119,118,0,1,2.03342,2.03342,642,281,0,275,0,0,0,0,0,2540,3124.8,1.07525,7.92975,378688,88,52609,998,1090525,352,210436,3992,32,4,190510,376134,6096320,1504536,7600856,4,4,12,4,49,16,12,20,20,20260807,5,1,1,1,0,0,0,6236,0.259833,1,0.0015,0
720,6877.21,12,0,0.92175,10.6555,0,0,0,11.5773,119,118,0,1,2.03342,2.03342,642,281,0,275,0,0,0,0,0,2540,3124.8,1.07525,7.92975,378688,88,52609,998,1090525,352,210436,3992,32,4,190510,376134,6096320,1504536,7600856,4,4,12,4,49,16,12,20,20,20260807,5,1,1,1,0,0,0,6236,0.259833,1,0.0015,0
721,6882.77,6,0,3.25308,2.22583,0,0,0,5.47892,119,119,0,1,2.03342,2.03342,648,282,1,278,0,0,0,0,0,2545,3130.34,1.96887,7.92975,379331,88,52609,1000,1092710,352,210436,4000,32,4,192652,379896,6164864,1519584,7684448,4,4,12,4,49,16,12,20,20,20260807,5,1,1,1,0,0,0,6236,0.259833,1,0.0015,0
722,6895.52,12,0,10.181,2.49667,0,0,0,12.6776,120,120,0,1,2.03342,2.03342,654,286,0,280,0,0,0,0,0,2546,3131.43,1.08458,7.92975,379455,88,52609,1000,1093040,352,210436,4000,32,4,193033,380748,6177056,1522992,7700048,4,4,12,4,49,16,12,20,20,20260807,5,1,1,1,0,0,0,6237,0.259875,1,0.0015,1
723,6898.91,4,0,1.07708,2.22538,0,0,0,3.30246,120,120,0,1,2.03342,2.03342,654,284,1,280,0,0,0,0,0,2548,3134.74,1.20367,7.92975,379800,88,52609,1006,1094121,352,210436,4024,32,4,193033,380748,6177056,1522992,7700048,4,4,12,4,49,16,12,20,20,20260807,5,1,1,1,0,0,0,6237,0.259875,1,0.0015,0
724,6914.36,15,0,12.9042,2.46921,0,0,0,15.3734,121,121,0,1,2.03342,2.03342,660,287,2,283,0,0,0,0,0,2552,3138.46,1.14746,7.92975,380216,88,52609,1006,1095606,352,210436,4024,32,4,195623,385350,6259936,1541400,7801336,4,4,12,4,49,16,12,20,20,20260807,5,1,1,1,0,0,0,6237,0.259875,1,0.0015,0
725,6917.8,4,0,1.22992,2.11187,0,0,0,3.34179,121,121,0,1,2.03342,2.03342,660,285,0,284,0,0,0,0,0,2553,3139.94,1.48133,7.92975,380369,88,52609,1006,1096033,352,210436,4024,32,4,196050,386268,6273600,1545072,7818672,4,4,12,4,49,16,12,20,20,20260807,5,1,1,1,0,0,0,6237,0.259875,1,0.0015,0
726,6928.34,10,0,8.22521,2.23467,0,0,0,10.4599,121,121,0,1,2.03342,2.03342,660,281,2,286,0,0,0,0,0,2557,3146.24,1.95779,7.92975,381779,88,52609,1010,1100099,352,210436,4040,32,4,198830,392424,6362560,1569696,7932256,4,4,12,4,49,16,12,20,20,20260807,5,1,1,1,0,0,0,6237,0.259875,1,0.0015,0
727,6934.06,6,0,3.32475,2.31808,0,0,0,5.64283,122,121,0,1,2.03342,2.03342,660,281,0,289,0,0,0,0,0,2558,3147.53,1.29075,7.92975,381896,88,52609,1010,1100401,352,210436,4040,32,4,200434,395454,6413888,1581816,7995704,4,4,12,4,49,16,12,20,20,20260807,5,1,1,1,0,0,0,6237,0.259875,1,0.0015,0
728,6943.95,10,0,2.1485,7.65717,0,0,0,9.80567,122,122,0,1,2.03342,2.03342,666,287,0,289,0,0,0,0,0,2558,3147.53,1.29075,7.92975,381896,88,52609,1010,1100401,352,210436,4040,32,4,200434,395454,6413888,1581816,7995704,4,4,12,4,49,16,12,20,20,20260807,5,1,1,1,0,0,0,6238,0.259917,1,0.0015,1
729,6950.43,6,0,3.73608,2.66796,0,0,0,6.40404,122,122,0,1,2.03342,2.03342,666,282,1,292,0,0,0,0,0,2562,3153.87,0.939083,7.92975,383078,88,52609,1018,1104233,352,210436,4072,32,4,202158,399132,6469056,1596528,8065584,4,4,12,4,49,16,12,20,20,20260807,5,1,1,1,0,0,0,6238,0.259917,1,0.0015,0
730,6964.17,14,0,11.0896,2.56633,0,0,0,13.6559,123,123,0,1,2.03342,2.03342,671,286,1,293,0,0,0,0,0,2564,3157.03,2.07746,7.92975,383160,88,52609,1018,1104459,352,210436,4072,32,4,204298,402594,6537536,1610376,8147912,4,4,12,4,49,16,12,20,20,20260807,5,1,1,1,0,0,0,6238,0.259917,1,0.0015,0
731,6967.93,4,0,1.31896,2.36529,0,0,0,3.68425,124,123,0,1,2.03342,2.03342,671,286,0,294,0,0,0,0,0,2564,3157.03,2.07746,7.92975,383160,88,52609,1018,1104459,352,210436,4072,32,4,204524,403086,6544768,1612344,8157112,4,4,12,4,49,16,12,20,20,20260807,5,1,1,1,0,0,0,6238,0.259917,1,0.0015,0
732,6977.49,9,0,2.43,7.02183,0,0,0,9.45183,124,124,0,1,2.03342,2.03342,676,291,0,294,0,0,0,0,0,2564,3157.03,2.07746,7.92975,383160,88,52609,1018,1104459,352,210436,4072,32,4,204524,403086,6544768,1612344,8157112,4,4,12,4,49,16,12,20,20,20260807,5,1,1,1,0,0,0,6238,0.259917,1,0.0015,0
733,6983.17,6,0,1.50033,4.10633,0,0,0,5.60667,125,125,0,1,2.03342,2.03342,681,296,0,294,0,0,0,0,0,2564,3157.03,2.07746,7.92975,383160,88,52609,1018,1104459,352,210436,4072,32,4,204524,403086,6544768,1612344,8157112,4,4,12,4,49,16,12,20,20,20260807,5,1,1,1,0,0,0,6238,0.259917,1,0.0015,0
734,6995.04,12,0,9.53154,2.25283,0,0,0,11.7844,126,125,0,1,2.03342,2.03342,681,291,4,295,0,0,0,0,0,2569,3163.45,0.9835,7.92975,384782,88,52609,1024,1109164,352,210436,4096,32,4,206174,406596,6597568,1626384,8223952,4,4,12,4,49,16,12,20,20,20260807,5,1,1,1,0,0,0,6239,0.259958,1,0.0015,1
735,7001.51,6,0,3.83279,2.56208,0,0,0,6.39487,126,126,0,1,2.03342,2.03342,687,297,0,299,0,0,0,0,0,2569,3163.45,0.9835,7.92975,384782,88,52609,1024,1109164,352,210436,4096,32,4,209253,412854,6696096,1651416,8347512,4,4,12,4,49,16,12,20,20,20260807,5,1,1,1,0,0,0,6239,0.259958,1,0.0015,0
736,7010.94,10,0,0.992667,8.35196,0,0,0,9.34463,127,126,0,1,2.03342,2.03342,687,297,0,299,0,0,0,0,0,2569,3163.45,0.9835,7.92975,384782,88,52609,1024,1109164,352,210436,4096,32,4,209253,412854,6696096,1651416,8347512,4,4,12,4,49,16,12,20,20,20260807,5,1,1,1,0,0,0,6239,0.259958,1,0.0015,0
737,7014.18,3,0,1.04058,2.12033,0,0,0,3.16092,128,127,0,1,2.03342,2.03342,693,303,0,299,0,0,0,0,0,2569,3163.45,0.9835,7.92975,384782,88,52609,1024,1109164,352,210436,4096,32,4,209253,412854,6696096,1651416,8347512,4,4,12,4,49,16,12,20,20,20260807,5,1,1,1,0,0,0,6239,0.259958,1,0.0015,0
738,7027.71,13,0,4.20921,9.25683,0,0,0,13.466,128,128,0,1,2.03342,2.03342,699,309,0,299,0,0,0,0,0,2569,3163.45,0.9835,7.92975,384782,88,52609,1024,1109164,352,210436,4096,32,4,209253,412854,6696096,1651416,8347512,4,4,12,4,49,16,12,20,20,20260807,5,1,1,1,0,0,0,6239,0.259958,1,0.0015,0
739,7031.61,4,0,1.42842,2.35879,0,0,0,3.78721,129,128,0,1,2.03342,2.03342,699,303,1,301,0,0,0,0,0,2575,3169.65,1.28517,7.92975,385213,88,52609,1036,1110494,352,210436,4144,32,4,210631,415512,6740192,1662048,8402240,4,4,12,4,49,16,12,20,20,20260807,5,1,1,1,0,0,0,6239,0.259958,1,0.0015,0
740,7044.37,13,0,1.00804,11.6457,0,0,0,12.6538,129,128,0,1,2.03342,2.03342,699,303,0,301,0,0,0,0,0,2575,3169.65,1.28517,7.92975,385213,88,52609,1036,1110494,352,210436,4144,32,4,210631,415512,6740192,1662048,8402240,4,4,12,4,49,16,12,20,20,20260807,5,1,1,1,0,0,0,6239,0.259958,1,0.0015,0
741,7050.63,6,0,3.79704,2.36558,0,0,0,6.16263,129,129,0,1,2.03342,2.03342,705,304,2,303,0,0,0,0,0,2579,3174.52,0.570125,7.92975,386045,88,52609,1042,1113377,352,210436,4168,32,4,211660,417666,6773120,1670664,8443784,4,4,12,4,49,16,12,20,20,20260807,5,1,1,1,0,0,0,6240,0.26,1,0.0015,1
742,7063.88,14,0,10.7541,2.42475,0,0,0,13.1788,130,130,0,1,2.03342,2.03342,711,309,0,306,0,0,0,0,0,2581,3176.9,1.37658,7.92975,386200,88,52609,1042,1113795,352,210436,4168,32,4,213956,421470,6846592,1685880,8532472,4,4,12,4,49,16,12,20,20,20260807,5,1,1,1,0,0,0,6240,0.26,1,0.0015,0
743,7067.04,3,0,0.94725,2.13233,0,0,0,3.07958,130,130,0,1,2.03342,2.03342,711,308,0,306,0,0,0,0,0,2581,3176.9,1.37658,7.92975,386200,88,52609,1042,1113795,352,210436,4168,32,4,213956,421470,6846592,1685880,8532472,4,4,12,4,49,16,12,20,20,20260807,5,1,1,1,0,0,0,6240,0.26,1,0.0015,0
744,7078.32,11,0,8.8995,2.31154,0,0,0,11.211,131,130,0,1,2.03342,2.03342,711,304,3,307,0,0,0,0,0,2586,3184.78,1.01558,7.92975,387039,88,52609,1044,1116640,352,210436,4176,32,4,216181,425124,6917792,1700496,8618288,4,4,12,4,49,16,12,20,20,20260807,5,1,1,1,0,0,0,6240,0.26,1,0.0015,0
745,7085.72,7,0,4.35125,2.97671,0,0,0,7.32796,131,131,0,1,2.03342,2.03342,717,310,0,308,0,0,0,0,0,2586,3184.78,1.01558,7.92975,387039,88,52609,1044,1116640,352,210436,4176,32,4,216809,426516,6937888,1706064,8643952,4,4,12,4,49,16,12,20,20,20260807,5,1,1,1,0,0,0,6240,0.26,1,0.0015,0
746,7094.94,10,0,6.85108,2.29387,0,0,0,9.14496,131,131,0,1,2.03342,2.03342,717,304,4,309,0,0,0,0,0,2591,3189.67,0.993709,7.92975,388330,88,52609,1046,1120530,352,210436,4184,32,4,217964,428952,6974848,1715808,8690656,4,4,12,4,49,16,12,20,20,20260807,5,1,1,1,0,0,0,6241,0.260042,1,0.0015,1
747,7103.89,9,0,6.21125,2.66038,0,0,0,8.87162,132,132,0,1,2.03342,2.03342,723,310,0,312,0,0,0,0,0,2592,3190.66,0.996167,7.92975,388330,88,52609,1046,1120530,352,210436,4184,32,4,220707,434274,7062624,1737096,8799720,4,4,12,4,49,16,12,20,20,20260807,5,1,1,1,0,0,0,6241,0.260042,1,0.0015,0
748,7111.67,7,0,5.39717,2.31421,0,0,0,7.71138,132,132,0,1,2.03342,2.03342,723,305,4,313,0,0,0,0,0,2597,3195.93,1.02225,7.92975,388740,88,52609,1048,1121992,352,210436,4192,32,4,220743,434340,7063776,1737360,8801136,4,4,12,4,49,16,12,20,20,20260807,5,1,1,1,0,0,0,6241,0.260042,1,0.0015,0
749,7116.9,6,0,2.68192,2.45742,0,0,0,5.13933,133,132,0,1,2.03342,2.03342,723,304,0,316,0,0,0,0,0,2598,3196.93,1.00425,7.92975,388744,88,52609,1048,1122008,352,210436,4192,32,4,222193,436770,7110176,1747080,8857256,4,4,12,4,49,16,12,20,20,20260807,5,1,1,1,0,0,0,6241,0.260042,1,0.0015,0
750,7127.52,10,0,2.92617,7.62433,0,0,0,10.5505,133,133,0,1,2.03342,2.03342,729,310,0,316,0,0,0,0,0,2598,3196.93,1.00425,7.92975,388744,88,52609,1048,1122008,352,210436,4192,32,4,222193,436770,7110176,1747080,8857256,4,4,12,4,49,16,12,20,20,20260807,5,1,1,1,0,0,0,6241,0.260042,1,0.0015,0
751,7133.35,6,0,3.37708,2.38246,0,0,0,5.75954,134,133,0,1,2.03342,2.03342,729,304,1,321,0,0,0,0,0,2604,3203.3,1.13804,7.92975,390326,88,52609,1052,1126761,352,210436,4208,32,4,226113,444414,7235616,1777656,9013272,4,4,12,4,49,16,12,20,20,20260807,5,1,1,1,0,0,0,6241,0.260042,1,0.0015,0
752,7145.35,12,0,9.23633,2.6935,0,0,0,11.9298,134,134,0,1,2.03342,2.03342,735,309,0,322,0,0,0,0,0,2604,3203.3,1.13804,7.92975,390326,88,52609,1052,1126761,352,210436,4208,32,4,226962,446286,7262784,1785144,9047928,4,4,12,4,49,16,12,20,20,20260807,5,1,1,1,0,0,0,6242,0.260083,1,0.0015,1
753,7149.7,4,0,1.54229,2.70138,0,0,0,4.24367,134,134,0,1,2.03342,2.03342,735,307,0,324,0,0,0,0,0,2606,3207.34,1.71442,7.92975,390613,88,52609,1052,1127545,352,210436,4208,32,4,227746,448008,7287872,1792032,9079904,4,4,12,4,49,16,12,20,20,20260807,5,1,1,1,0,0,0,6242,0.260083,1,0.0015,0
754,7165.7,16,0,13.0029,2.91025,0,0,0,15.9132,135,135,0,1,2.03342,2.03342,741,310,3,325,0,0,0,0,0,2609,3212.46,2.11675,7.92975,391807,88,52609,1058,1131359,352,210436,4232,32,4,228797,450264,7321504,1801056,9122560,4,4,12,4,49,16,12,20,20,20260807,5,1,1,1,0,0,0,6242,0.260083,1,0.0015,0
755,7170.42,5,0,1.47267,3.16962,0,0,0,4.64229,136,135,0,1,2.03342,2.03342,741,310,0,327,0,0,0,0,0,2609,3212.46,2.11675,7.92975,391807,88,52609,1058,1131359,352,210436,4232,32,4,231584,455208,7410688,1820832,9231520,4,4,12,4,49,16,12,20,20,20260807,5,1,1,1,0,0,0,6242,0.260083,1,0.0015,0
756,7177.71,7,0,4.34663,2.86917,0,0,0,7.21579,136,136,0,1,2.03342,2.03342,747,316,0,327,0,0,0,0,0,2609,3212.46,2.11675,7.92975,391807,88,52609,1058,1131359,352,210436,4232,32,4,231584,455208,7410688,1820832,9231520,4,4,12,4,49,16,12,20,20,20260807,5,1,1,1,0,0,0,6242,0.260083,1,0.0015,0
757,7183.67,6,0,1.02567,4.852,0,0,0,5.87767,137,136,0,1,2.03342,2.03342,747,316,0,327,0,0,0,0,0,2609,3212.46,2.11675,7.92975,391807,88,52609,1058,1131359,352,210436,4232,32,4,231584,455208,7410688,1820832,9231520,4,4,12,4,49,16,12,20,20,20260807,5,1,1,1,0,0,0,6242,0.260083,1,0.0015,0
758,7194.29,11,0,2.03204,8.5125,0,0,0,10.5445,137,137,0,1,2.03342,2.03342,753,322,0,327,0,0,0,0,0,2609,3212.46,2.11675,7.92975,391807,88,52609,1058,1131359,352,210436,4232,32,4,231584,455208,7410688,1820832,9231520,4,4,12,4,49,16,12,20,20,20260807,5,1,1,1,0,0,0,6243,0.260125,1,0.0015,1
759,7200.89,7,0,3.90992,2.60508,0,0,0,6.515,137,137,0,1,2.03342,2.03342,753,316,2,330,0,0,0,0,0,2614,3220.23,1.87542,7.92975,392588,88,52609,1072,1133756,352,210436,4288,32,4,232772,457878,7448704,1831512,9280216,4,4,12,4,49,16,12,20,20,20260807,5,1,1,1,0,0,0,6243,0.260125,1,0.0015,0
760,7212.36,11,0,8.56621,2.82729,0,0,0,11.3935,138,138,0,1,2.03342,2.03342,759,321,0,331,0,0,0,0,0,2615,3221.27,1.0425,7.92975,392588,88,52609,1072,1133756,352,210436,4288,32,4,234037,459978,7489184,1839912,9329096,4,4,12,4,49,16,12,20,20,20260807,5,1,1,1,0,0,0,6243,0.260125,1,0.0015,0
761,7216.19,4,0,1.08413,2.664,0,0,0,3.74812,138,138,0,1,2.03342,2.03342,759,320,0,331,0,0,0,0,0,2616,3222.87,1.59996,7.92975,392588,88,52609,1072,1133756,352,210436,4288,32,4,234037,459978,7489184,1839912,9329096,4,4,12,4,49,16,12,20,20,20260807,5,1,1,1,0,0,0,6243,0.260125,1,0.0015,0
762,7228.39,12,0,9.7625,2.36463,0,0,0,12.1271,139,138,0,1,2.03342,2.03342,759,316,4,332,0,0,0,0,0,2621,3228.88,1.04233,7.92975,393250,88,52609,1076,1136008,352,210436,4304,32,4,234973,461772,7519136,1847088,9366224,4,4,12,4,49,16,12,20,20,20260807,5,1,1,1,0,0,0,6243,0.260125,1,0.0015,0
763,7234.16,6,0,3.08671,2.61117,0,0,0,5.69787,139,139,0,1,2.03342,2.03342,765,322,0,335,0,0,0,0,0,2621,3228.88,1.04233,7.92975,393250,88,52609,1076,1136008,352,210436,4304,32,4,236305,463974,7561760,1855896,9417656,4,4,12,4,49,16,12,20,20,20260807,5,1,1,1,0,0,0,6243,0.260125,1,0.0015,0
764,7244.17,10,0,1.11704,8.81492,0,0,0,9.93196,139,139,0,1,2.03342,2.03342,765,321,0,335,0,0,0,0,0,2621,3228.88,1.04233,7.92975,393250,88,52609,1076,1136008,352,210436,4304,32,4,236305,463974,7561760,1855896,9417656,4,4,12,4,49,16,12,20,20,20260807,5,1,1,1,0,0,0,6244,0.260167,1,0.0015,1
765,7254.96,11,0,7.81583,2.89188,0,0,0,10.7077,140,140,0,1,2.03342,2.03342,771,322,0,341,0,0,0,0,0,2627,3237.59,1.11421,7.92975,394730,88,52609,1078,1140221,352,210436,4312,32,4,240526,472866,7696832,1891464,9588296,4,4,12,4,49,16,12,20,20,20260807,5,1,1,1,0,0,0,6244,0.260167,1,0.0015,0
766,7261.14,6,0,1.01412,5.09654,0,0,0,6.11067,140,140,0,1,2.03342,2.03342,771,322,0,341,0,0,0,0,0,2627,3237.59,1.11421,7.92975,394730,88,52609,1078,1140221,352,210436,4312,32,4,240526,472866,7696832,1891464,9588296,4,4,12,4,49,16,12,20,20,20260807,5,1,1,1,0,0,0,6244,0.260167,1,0.0015,0
767,7264.88,4,0,1.22738,2.384,0,0,0,3.61137,140,140,0,1,2.03342,2.03342,771,318,1,343,0,0,0,0,0,2631,3241.71,0.779875,7.92975,395857,88,52609,1084,1143819,352,210436,4336,32,4,242150,476364,7748800,1905456,9654256,4,4,12,4,49,16,12,20,20,20260807,5,1,1,1,0,0,0,6244,0.260167,1,0.0015,0
768,7278.68,13,0,11.1703,2.56896,0,0,0,13.7393,141,141,0,1,2.03342,2.03342,777,322,2,344,0,0,0,0,0,2632,3242.72,1.00508,7.92975,395860,88,52609,1084,1143827,352,210436,4336,32,4,244148,479664,7812736,1918656,9731392,4,4,12,4,49,16,12,20,20,20260807,5,1,1,1,0,0,0,6244,0.260167,1,0.0015,0
769,7284.61,6,0,3.01942,2.83233,0,0,0,5.85175,141,141,0,1,2.03342,2.03342,777,319,2,345,0,0,0,0,0,2634,3244.92,1.11963,7.92975,396402,88,52609,1084,1145342,352,210436,4336,32,4,244156,479682,7812992,1918728,9731720,4,4,12,4,49,16,12,20,20,20260807,5,1,1,1,0,0,0,6244,0.260167,1,0.0015,0
770,7295.34,11,0,8.10887,2.53479,0,0,0,10.6437,142,141,0,1,2.03342,2.03342,777,316,2,348,0,0,0,0,0,2638,3250.38,1.03612,7.92975,396898,88,52609,1088,1147030,352,210436,4352,32,4,246977,485094,7903264,1940376,9843640,4,4,12,4,49,16,12,20,20,20260807,5,1,1,1,0,0,0,6245,0.260208,1,0.0015,1
771,7301.68,6,0,3.34633,2.919,0,0,0,6.26533,142,142,0,1,2.03342,2.03342,783,321,0,350,0,0,0,0,0,2638,3250.38,1.03612,7.92975,396898,88,52609,1088,1147030,352,210436,4352,32,4,247375,485934,7916000,1943736,9859736,4,4,12,4,49,16,12,20,20,20260807,5,1,1,1,0,0,0,6245,0.260208,1,0.0015,0
772,7312.66,11,0,7.82025,3.07471,0,0,0,10.895,143,142,0,1,2.03342,2.03342,783,316,4,352,0,0,0,0,0,2643,3257.19,1.81833,7.92975,397558,88,52609,1094,1149165,352,210436,4376,32,4,247633,486474,7924256,1945896,9870152,4,4,12,4,49,16,12,20,20,20260807,5,1,1,1,0,0,0,6245,0.260208,1,0.0015,0
773,7320.89,9,0,5.24533,2.90521,0,0,0,8.15054,143,143,0,1,2.03342,2.03342,789,322,0,355,0,0,0,0,0,2643,3257.19,1.81833,7.92975,397558,88,52609,1094,1149165,352,210436,4376,32,4,249534,489930,7985088,1959720,9944808,4,4,12,4,49,16,12,20,20,20260807,5,1,1,1,0,0,0,6245,0.260208,1,0.0015,0
774,7328.91,8,0,5.08992,2.84846,0,0,0,7.93837,143,143,0,1,2.03342,2.03342,789,317,3,356,0,0,0,0,0,2647,3261.49,0.712208,7.92975,398165,88,52609,1100,1151166,352,210436,4400,32,4,249730,490386,7991360,1961544,9952904,4,4,12,4,49,16,12,20,20,20260807,5,1,1,1,0,0,0,6245,0.260208,1,0.0015,0
775,7334.33,5,0,2.57187,2.76992,0,0,0,5.34179,144,143,0,1,2.03342,2.03342,789,316,1,358,0,0,0,0,0,2649,3265,1.68079,7.92975,398175,88,52609,1100,1151191,352,210436,4400,32,4,251559,493608,8049888,1974432,10024320,4,4,12,4,49,16,12,20,20,20260807,5,1,1,1,0,0,0,6245,0.260208,1,0.0015,0
776,7345.47,11,0,8.38667,2.66712,0,0,0,11.0538,144,144,0,1,2.03342,2.03342,795,322,0,359,0,0,0,0,0,2649,3265,1.68079,7.92975,398175,88,52609,1100,1151191,352,210436,4400,32,4,251584,493668,8050688,1974672,10025360,4,4,12,4,49,16,12,20,20,20260807,5,1,1,1,0,0,0,6246,0.26025,1,0.0015,1
777,7349.06,4,0,1.11142,2.39333,0,0,0,3.50475,144,144,0,1,2.03342,2.03342,795,321,0,359,0,0,0,0,0,2649,3265,1.68079,7.92975,398175,88,52609,1100,1151191,352,210436,4400,32,4,251584,493668,8050688,1974672,10025360,4,4,12,4,49,16,12,20,20,20260807,5,1,1,1,0,0,0,6246,0.26025,1,0.0015,0
778,7361.91,14,0,10.2882,2.496,0,0,0,12.7842,145,144,0,1,2.03342,2.03342,795,316,5,360,0,0,0,0,0,2655,3273.98,1.12221,7.92975,399565,88,52609,1108,1155329,352,210436,4432,32,4,252008,494598,8064256,1978392,10042648,4,4,12,4,49,16,12,20,20,20260807,5,1,1,1,0,0,0,6246,0.26025,1,0.0015,0
779,7368.54,6,0,3.41533,3.13496,0,0,0,6.55029,145,145,0,1,2.03342,2.03342,801,322,0,365,0,0,0,0,0,2655,3273.98,1.12221,7.92975,399565,88,52609,1108,1155329,352,210436,4432,32,4,255754,502056,8184128,2008224,10192352,4,4,12,4,49,16,12,20,20,20260807,5,1,1,1,0,0,0,6246,0.26025,1,0.0015,0
780,7377.85,9,0,1.36037,7.87833,0,0,0,9.23871,145,145,0,1,2.03342,2.03342,801,320,1,365,0,0,0,0,0,2656,3276.4,2.41775,7.92975,399588,88,52609,1108,1155398,352,210436,4432,32,4,255754,502056,8184128,2008224,10192352,4,4,12,4,49,16,12,20,20,20260807,5,1,1,1,0,0,0,6246,0.26025,1,0.0015,0
781,7384.69,6,0,3.79462,2.96058,0,0,0,6.75521,146,145,0,1,2.03342,2.03342,801,316,1,369,0,0,0,0,0,2661,3282.03,1.36721,7.92975,399981,88,52609,1108,1156741,352,210436,4432,32,4,257166,504552,8229312,2018208,10247520,4,4,12,4,49,16,12,20,20,20260807,5,1,1,1,0,0,0,6246,0.26025,1,0.0015,0
782,7394.52,10,0,1.136,8.55375,0,0,0,9.68975,146,145,0,1,2.03342,2.03342,801,316,0,369,0,0,0,0,0,2661,3282.03,1.36721,7.92975,399981,88,52609,1108,1156741,352,210436,4432,32,4,257166,504552,8229312,2018208,10247520,4,4,12,4,49,16,12,20,20,20260807,5,1,1,1,0,0,0,6247,0.260292,1,0.0015,1
783,7399.46,5,0,1.09875,3.75392,0,0,0,4.85267,146,146,0,1,2.03342,2.03342,807,319,1,369,0,0,0,0,0,2663,3284.79,1.59854,7.92975,399981,88,52609,1108,1156741,352,210436,4432,32,4,257166,504552,8229312,2018208,10247520,4,4,12,4,49,16,12,20,20,20260807,5,1,1,1,0,0,0,6247,0.260292,1,0.0015,0
784,7415.83,17,0,13.2348,3.01575,0,0,0,16.2505,147,147,0,1,2.03342,2.03342,813,322,2,371,0,0,0,0,0,2667,3290.04,1.69321,7.92975,401128,88,52609,1116,1160412,352,210436,4464,32,4,259743,509022,8311776,2036088,10347864,4,4,12,4,49,16,12,20,20,20260807,5,1,1,1,0,0,0,6247,0.260292,1,0.0015,0
785,7420.68,4,0,1.56804,3.20204,0,0,0,4.77008,147,147,0,1,2.03342,2.03342,813,319,1,373,0,0,0,0,0,2669,3292.12,1.02296,7.92975,401180,88,52609,1116,1160559,352,210436,4464,32,4,260869,511482,8347808,2045928,10393736,4,4,12,4,49,16,12,20,20,20260807,5,1,1,1,0,0,0,6247,0.260292,1,0.0015,0
786,7429.16,9,0,5.48712,2.91871,0,0,0,8.40583,148,147,0,1,2.03342,2.03342,813,316,1,377,0,0,0,0,0,2673,3296.41,1.29733,7.92975,401836,88,52609,1120,1162787,352,210436,4480,32,4,262901,514968,8412832,2059872,10472704,4,4,12,4,49,16,12,20,20,20260807,5,1,1,1,0,0,0,6247,0.260292,1,0.0015,0
787,7437.64,8,0,5.00692,3.38729,0,0,0,8.39421,148,148,0,1,2.03342,2.03342,819,322,0,378,0,0,0,0,0,2673,3296.41,1.29733,7.92975,401836,88,52609,1120,1162787,352,210436,4480,32,4,263260,515754,8424320,2063016,10487336,4,4,12,4,49,16,12,20,20,20260807,5,1,1,1,0,0,0,6247,0.260292,1,0.0015,0
788,7444.6,7,0,1.10525,5.77471,0,0,0,6.87996,148,148,0,1,2.03342,2.03342,819,320,0,378,0,0,0,0,0,2674,3297.67,1.26021,7.92975,401836,88,52609,1120,1162787,352,210436,4480,32,4,263260,515754,8424320,2063016,10487336,4,4,12,4,49,16,12,20,20,20260807,5,1,1,1,0,0,0,6248,0.260333,1,0.0015,1
789,7450.99,7,0,3.17279,3.13492,0,0,0,6.30771,149,148,0,1,2.03342,2.03342,819,316,2,381,0,0,0,0,0,2679,3303.35,1.06979,7.92975,402594,88,52609,1126,1165038,352,210436,4504,32,4,264743,518592,8471776,2074368,10546144,4,4,12,4,49,16,12,20,20,20260807,5,1,1,1,0,0,0,6248,0.260333,1,0.0015,0
790,7462.93,12,0,8.6715,3.18363,0,0,0,11.8551,149,149,0,1,2.03342,2.03342,824,318,2,383,0,0,0,0,0,2681,3305.64,1.12917,7.92975,403047,88,52609,1126,1166311,352,210436,4504,32,4,265535,520338,8497120,2081352,10578472,4,4,12,4,49,16,12,20,20,20260807,5,1,1,1,0,0,0,6248,0.260333,1,0.0015,0
791,7467.86,5,0,1.65717,3.18829,0,0,0,4.84546,150,149,0,1,2.03342,2.03342,824,317,0,385,0,0,0,0,0,2683,3308.44,1.71896,7.92975,403047,88,52609,1126,1166311,352,210436,4504,32,4,266808,523056,8537856,2092224,10630080,4,4,12,4,49,16,12,20,20,20260807,5,1,1,1,0,0,0,6248,0.260333,1,0.0015,0
792,7478.02,10,0,1.16271,8.90967,0,0,0,10.0724,150,149,0,1,2.03342,2.03342,824,317,0,385,0,0,0,0,0,2683,3308.44,1.71896,7.92975,403047,88,52609,1126,1166311,352,210436,4504,32,4,266808,523056,8537856,2092224,10630080,4,4,12,4,49,16,12,20,20,20260807,5,1,1,1,0,0,0,6248,0.260333,1,0.0015,0
793,7483.94,6,0,1.074,4.77388,0,0,0,5.84788,150,150,0,1,2.03342,2.03342,829,319,1,385,0,0,0,0,0,2685,3311.88,1.0195,7.92975,403545,88,52609,1134,1168086,352,210436,4536,32,4,266808,523056,8537856,2092224,10630080,4,4,12,4,49,16,12,20,20,20260807,5,1,1,1,0,0,0,6248,0.260333,1,0.0015,0
794,7497.63,13,0,10.1951,3.40862,0,0,0,13.6037,151,151,0,1,2.03342,2.03342,834,322,2,387,0,0,0,0,0,2688,3317.27,1.77492,7.92975,404114,88,52609,1134,1169581,352,210436,4536,32,4,269146,527298,8612672,2109192,10721864,4,4,12,4,49,16,12,20,20,20260807,5,1,1,1,0,0,0,6249,0.260375,1,0.0015,1
795,7502.93,6,0,1.73638,3.48637,0,0,0,5.22275,151,151,0,1,2.03342,2.03342,834,319,1,390,0,0,0,0,0,2690,3320.26,1.40125,7.92975,404731,88,52609,1136,1171623,352,210436,4544,32,4,270615,530616,8659680,2122464,10782144,4,4,12,4,49,16,12,20,20,20260807,5,1,1,1,0,0,0,6249,0.260375,1,0.0015,0
796,7515.21,12,0,9.13929,3.02208,0,0,0,12.1614,152,152,0,1,2.03342,2.03342,839,322,1,393,0,0,0,0,0,2693,3324,0.980625,7.92975,404882,88,52609,1136,1172030,352,210436,4544,32,4,272567,534126,8722144,2136504,10858648,4,4,12,4,49,16,12,20,20,20260807,5,1,1,1,0,0,0,6249,0.260375,1,0.0015,0
797,7520.99,6,0,2.17208,3.52921,0,0,0,5.70129,152,152,0,1,2.03342,2.03342,839,318,1,395,0,0,0,0,0,2696,3327.13,1.33729,7.92975,406034,88,52609,1138,1175475,352,210436,4552,32,4,274678,538164,8789696,2152656,10942352,4,4,12,4,49,16,12,20,20,20260807,5,1,1,1,0,0,0,6249,0.260375,1,0.0015,0
798,7529.51,8,0,5.20242,3.23883,0,0,0,8.44125,153,152,0,1,2.03342,2.03342,839,317,0,397,0,0,0,0,0,2698,3330.34,1.81038,7.92975,406112,88,52609,1138,1175678,352,210436,4552,32,4,276223,541518,8839136,2166072,11005208,4,4,12,4,49,16,12,20,20,20260807,5,1,1,1,0,0,0,6249,0.260375,1,0.0015,0
799,7534.96,6,0,2.25596,3.10621,0,0,0,5.36217,153,153,0,1,2.03342,2.03342,844,322,0,397,0,0,0,0,0,2698,3330.34,1.81038,7.92975,406112,88,52609,1138,1175678,352,210436,4552,32,4,276223,541518,8839136,2166072,11005208,4,4,12,4,49,16,12,20,20,20260807,5,1,1,1,0,0,0,6249,0.260375,1,0.0015,0
800,7545.61,10,0,7.70308,2.86433,0,0,0,10.5674,154,153,0,1,2.03342,2.03342,844,317,4,398,0,0,0,0,0,2703,3335.55,0.993459,7.92975,407054,88,52609,1138,1178429,352,210436,4552,32,4,277430,544116,8877760,2176464,11054224,4,4,12,4,49,16,12,20,20,20260807,5,1,1,1,0,0,0,6250,0.260417,1,0.0015,1
801,7552.4,7,0,3.28329,3.43204,0,0,0,6.71533,154,154,0,1,2.03342,2.03342,849,322,0,401,0,0,0,0,0,2703,3335.55,0.993459,7.92975,407054,88,52609,1138,1178429,352,210436,4552,32,4,278974,547170,8927168,2188680,11115848,4,4,12,4,49,16,12,20,20,20260807,5,1,1,1,0,0,0,6250,0.260417,1,0.0015,0
802,7562.56,10,0,7.07333,3.01308,0,0,0,10.0864,155,154,0,1,2.03342,2.03342,849,317,3,403,0,0,0,0,0,2708,3340.43,1.02771,7.92975,408073,88,52609,1138,1181312,352,210436,4552,32,4,280185,549732,8965920,2198928,11164848,4,4,12,4,49,16,12,20,20,20260807,5,1,1,1,0,0,0,6250,0.260417,1,0.0015,0
803,7570.26,8,0,3.83617,3.791,0,0,0,7.62717,155,155,0,1,2.03342,2.03342,854,322,0,406,0,0,0,0,0,2708,3340.43,1.02771,7.92975,408073,88,52609,1138,1181312,352,210436,4552,32,4,281857,553284,9019424,2213136,11232560,4,4,12,4,49,16,12,20,20,20260807,5,1,1,1,0,0,0,6250,0.260417,1,0.0015,0
804,7579.75,10,0,6.11383,3.30154,0,0,0,9.41537,155,155,0,1,2.03342,2.03342,854,317,3,407,0,0,0,0,0,2712,3345.4,1.66225,7.92975,408985,88,52609,1138,1183841,352,210436,4552,32,4,283199,556188,9062368,2224752,11287120,4,4,12,4,49,16,12,20,20,20260807,5,1,1,1,0,0,0,6250,0.260417,1,0.0015,0
805,7585.04,5,0,1.71367,3.49575,0,0,0,5.20942,156,155,0,1,2.03342,2.03342,854,317,0,411,0,0,0,0,0,2713,3346.59,1.19413,7.92975,409185,88,52609,1138,1184373,352,210436,4552,32,4,284918,559956,9117376,2239824,11357200,4,4,12,4,49,16,12,20,20,20260807,5,1,1,1,0,0,0,6250,0.260417,1,0.0015,0
806,7594.62,9,0,2.20838,7.28954,0,0,0,9.49792,156,156,0,1,2.03342,2.03342,859,322,0,411,0,0,0,0,0,2713,3346.59,1.19413,7.92975,409185,88,52609,1138,1184373,352,210436,4552,32,4,284918,559956,9117376,2239824,11357200,4,4,12,4,49,16,12,20,20,20260807,5,1,1,1,0,0,0,6251,0.260458,1,0.0015,1
807,7601.86,8,0,3.88425,3.27404,0,0,0,7.15829,157,156,0,1,2.03342,2.03342,859,317,2,414,0,0,0,0,0,2718,3352.46,1.27254,7.92975,410417,88,52609,1140,1188124,352,210436,4560,32,4,288641,567246,9236512,2268984,11505496,4,4,12,4,49,16,12,20,20,20260807,5,1,1,1,0,0,0,6251,0.260458,1,0.0015,0
808,7612.89,11,0,7.52229,3.42392,0,0,0,10.9462,158,157,0,1,2.03342,2.03342,864,322,0,415,0,0,0,0,0,2718,3352.46,1.27254,7.92975,410417,88,52609,1140,1188124,352,210436,4560,32,4,288677,567360,9237664,2269440,11507104,4,4,12,4,49,16,12,20,20,20260807,5,1,1,1,0,0,0,6251,0.260458,1,0.0015,0
809,7620.54,7,0,3.97454,3.59233,0,0,0,7.56687,158,158,0,1,2.03342,2.03342,869,327,0,415,0,0,0,0,0,2718,3352.46,1.27254,7.92975,410417,88,52609,1140,1188124,352,210436,4560,32,4,288677,567360,9237664,2269440,11507104,4,4,12,4,49,16,12,20,20,20260807,5,1,1,1,0,0,0,6251,0.260458,1,0.0015,0
810,7628.04,8,0,1.11221,6.27321,0,0,0,7.38542,159,158,0,1,2.03342,2.03342,869,327,0,415,0,0,0,0,0,2718,3352.46,1.27254,7.92975,410417,88,52609,1140,1188124,352,210436,4560,32,4,288677,567360,9237664,2269440,11507104,4,4,12,4,49,16,12,20,20,20260807,5,1,1,1,0,0,0,6251,0.260458,1,0.0015,0
811,7634.59,6,0,3.28017,3.19854,0,0,0,6.47871,159,159,0,1,2.03342,2.03342,874,328,2,416,0,0,0,0,0,2721,3355.95,1.16425,7.92975,410983,88,52609,1154,1189694,352,210436,4616,32,4,289310,568782,9257920,2275128,11533048,4,4,12,4,49,16,12,20,20,20260807,5,1,1,1,0,0,0,6251,0.260458,1,0.0015,0
812,7646.3,12,0,8.45646,3.16558,0,0,0,11.622,159,159,0,1,2.03342,2.03342,874,322,5,419,0,0,0,0,0,2727,3362.28,0.968167,7.92975,411745,88,52609,1162,1192042,352,210436,4648,32,4,290309,570852,9289888,2283408,11573296,4,4,12,4,49,16,12,20,20,20260807,5,1,1,1,0,0,0,6252,0.2605,1,0.0015,1
813,7650.9,5,0,1.53825,2.9835,0,0,0,4.52175,160,159,0,1,2.03342,2.03342,874,322,0,423,0,0,0,0,0,2728,3363.49,1.21192,7.92975,411745,88,52609,1162,1192042,352,210436,4648,32,4,292683,575460,9365856,2301840,11667696,4,4,12,4,49,16,12,20,20,20260807,5,1,1,1,0,0,0,6252,0.2605,1,0.0015,0
814,7661.62,10,0,1.32433,9.26804,0,0,0,10.5924,160,160,0,1,2.03342,2.03342,879,326,0,423,0,0,0,0,0,2728,3363.49,1.21192,7.92975,411745,88,52609,1162,1192042,352,210436,4648,32,4,292683,575460,9365856,2301840,11667696,4,4,12,4,49,16,12,20,20,20260807,5,1,1,1,0,0,0,6252,0.2605,1,0.0015,0
815,7672,11,0,6.88288,3.41542,0,0,0,10.2983,161,161,0,1,2.03342,2.03342,884,327,0,425,0,0,0,0,0,2733,3368.62,0.969791,7.92975,412602,88,52609,1170,1195083,352,210436,4680,32,4,295756,580650,9464192,2322600,11786792,4,4,12,4,49,16,12,20,20,20260807,5,1,1,1,0,0,0,6252,0.2605,1,0.0015,0
816,7678.49,6,0,1.12058,5.28775,0,0,0,6.40833,162,161,0,1,2.03342,2.03342,884,327,0,425,0,0,0,0,0,2733,3368.62,0.969791,7.92975,412602,88,52609,1170,1195083,352,210436,4680,32,4,295756,580650,9464192,2322600,11786792,4,4,12,4,49,16,12,20,20,20260807,5,1,1,1,0,0,0,6252,0.2605,1,0.0015,0
817,7682.59,4,0,1.15625,2.87279,0,0,0,4.02904,163,162,0,1,2.03342,2.03342,889,332,0,425,0,0,0,0,0,2733,3368.62,0.969791,7.92975,412602,88,52609,1170,1195083,352,210436,4680,32,4,295756,580650,9464192,2322600,11786792,4,4,12,4,49,16,12,20,20,20260807,5,1,1,1,0,0,0,6252,0.2605,1,0.0015,0
818,7694.87,13,0,4.08975,8.11054,0,0,0,12.2003,163,163,0,1,2.03342,2.03342,894,337,0,425,0,0,0,0,0,2733,3368.62,0.969791,7.92975,412602,88,52609,1170,1195083,352,210436,4680,32,4,295756,580650,9464192,2322600,11786792,4,4,12,4,49,16,12,20,20,20260807,5,1,1,1,0,0,0,6252,0.2605,1,0.0015,0
819,7701.38,6,0,2.85979,3.56288,0,0,0,6.42267,163,163,0,1,2.03342,2.03342,894,332,1,428,0,0,0,0,0,2737,3374.64,1.71012,7.92975,413196,88,52609,1198,1196684,352,210436,4792,32,4,297469,584382,9519008,2337528,11856536,4,4,12,4,49,16,12,20,20,20260807,5,1,1,1,0,0,0,6253,0.260542,1,0.0015,1
820,7711.5,10,0,1.20979,8.83188,0,0,0,10.0417,163,163,0,1,2.03342,2.03342,894,330,1,428,0,0,0,0,0,2740,3378.27,0.6595,7.92975,413338,88,52609,1210,1197147,352,210436,4840,32,4,297469,584382,9519008,2337528,11856536,4,4,12,4,49,16,12,20,20,20260807,5,1,1,1,0,0,0,6253,0.260542,1,0.0015,0
821,7718.28,7,0,3.44567,3.24121,0,0,0,6.68687,163,163,0,1,2.03342,2.03342,894,322,2,430,0,0,0,0,0,2747,3385.38,1.09038,7.92975,413432,88,52609,1232,1197439,352,210436,4928,32,4,298309,585906,9545888,2343624,11889512,4,4,12,4,49,16,12,20,20,20260807,5,1,1,1,0,0,0,6253,0.260542,1,0.0015,0
822,7729.07,11,0,7.71758,2.99633,0,0,0,10.7139,164,164,0,1,2.03342,2.03342,899,326,0,431,0,0,0,0,0,2748,3386.34,0.962625,7.92975,413432,88,52609,1232,1197439,352,210436,4928,32,4,298360,586002,9547520,2344008,11891528,4,4,12,4,49,16,12,20,20,20260807,5,1,1,1,0,0,0,6253,0.260542,1,0.0015,0
823,7735.31,6,0,2.77246,3.39767,0,0,0,6.17012,164,164,0,1,2.03342,2.03342,899,322,2,434,0,0,0,0,0,2753,3391.28,0.999292,7.92975,414274,88,52609,1232,1200044,352,210436,4928,32,4,300689,590478,9622048,2361912,11983960,4,4,12,4,49,16,12,20,20,20260807,5,1,1,1,0,0,0,6253,0.260542,1,0.0015,0
824,7746.58,11,0,7.52629,3.64012,0,0,0,11.1664,164,164,0,1,2.03342,2.03342,899,317,2,438,0,0,0,0,0,2757,3395.03,0.985333,7.92975,414515,88,52609,1244,1200873,352,210436,4976,32,4,301842,592572,9658944,2370288,12029232,4,4,12,4,49,16,12,20,20,20260807,5,1,1,1,0,0,0,6254,0.260583,1,0.0015,1
825,7751.19,5,0,1.30525,3.22283,0,0,0,4.52808,164,164,0,1,2.03342,2.03342,899,314,1,439,0,0,0,0,0,2761,3400.1,1.14833,7.92975,414725,88,52609,1244,1201520,352,210436,4976,32,4,302237,593310,9671584,2373240,12044824,4,4,12,4,49,16,12,20,20,20260807,5,1,1,1,0,0,0,6254,0.260583,1,0.0015,0
826,7762.91,12,0,8.27317,3.37267,0,0,0,11.6458,165,165,0,1,2.03342,2.03342,904,317,1,441,0,0,0,0,0,2763,3402.72,1.02537,7.92975,414790,88,52609,1244,1201706,352,210436,4976,32,4,302576,594012,9682432,2376048,12058480,4,4,12,4,49,16,12,20,20,20260807,5,1,1,1,0,0,0,6254,0.260583,1,0.0015,0
827,7768,5,0,1.59271,3.39821,0,0,0,4.99092,165,165,0,1,2.03342,2.03342,904,314,1,443,0,0,0,0,0,2765,3405.13,1.30579,7.92975,415087,88,52609,1246,1202679,352,210436,4984,32,4,302833,594546,9690656,2378184,12068840,4,4,12,4,49,16,12,20,20,20260807,5,1,1,1,0,0,0,6254,0.260583,1,0.0015,0
828,7780.36,12,0,8.65796,3.61537,0,0,0,12.2733,165,165,0,1,2.03342,2.03342,904,309,3,446,0,0,0,0,0,2770,3412.2,0.607958,7.92975,416146,88,52609,1246,1205620,352,210436,4984,32,4,304921,598830,9757472,2395320,12152792,4,4,12,4,49,16,12,20,20,20260807,5,1,1,1,0,0,0,6254,0.260583,1,0.0015,0
829,7785.45,5,0,1.53808,3.48,0,0,0,5.01808,165,165,0,1,2.03342,2.03342,904,306,0,450,0,0,0,0,0,2773,3415.73,0.9935,7.92975,416207,88,52609,1246,1205804,352,210436,4984,32,4,306781,602736,9816992,2410944,12227936,4,4,12,4,49,16,12,20,20,20260807,5,1,1,1,0,0,0,6254,0.260583,1,0.0015,0
830,7796.71,11,0,7.40471,3.7785,0,0,0,11.1832,166,165,0,1,2.03342,2.03342,904,302,4,451,0,0,0,0,0,2778,3422.18,1.03329,7.92975,416752,88,52609,1246,1207364,352,210436,4984,32,4,307138,603552,9828416,2414208,12242624,4,4,12,4,49,16,12,20,20,20260807,5,1,1,1,0,0,0,6255,0.260625,1,0.0015,1
831,7802.71,6,0,2.34071,3.58021,0,0,0,5.92092,166,166,0,1,2.03342,2.03342,909,306,0,455,0,0,0,0,0,2778,3422.18,1.03329,7.92975,416752,88,52609,1246,1207364,352,210436,4984,32,4,308341,606006,9866912,2424024,12290936,4,4,12,4,49,16,12,20,20,20260807,5,1,1,1,0,0,0,6255,0.260625,1,0.0015,0
832,7812.93,11,0,6.86337,3.27546,0,0,0,10.1388,166,166,0,1,2.03342,2.03342,909,301,3,457,0,0,0,0,0,2783,3428.72,1.79825,7.92975,417949,88,52609,1248,1210790,352,210436,4992,32,4,309146,607674,9892672,2430696,12323368,4,4,12,4,49,16,12,20,20,20260807,5,1,1,1,0,0,0,6255,0.260625,1,0.0015,0
833,7819.08,6,0,2.47912,3.59571,0,0,0,6.07483,166,166,0,1,2.03342,2.03342,909,298,0,462,0,0,0,0,0,2786,3431.44,1.16092,7.92975,418358,88,52609,1248,1211981,352,210436,4992,32,4,312966,615654,10014912,2462616,12477528,4,4,12,4,49,16,12,20,20,20260807,5,1,1,1,0,0,0,6255,0.260625,1,0.0015,0
834,7829.74,11,0,7.2745,3.30742,0,0,0,10.5819,166,166,0,1,2.03342,2.03342,909,292,3,465,0,0,0,0,0,2792,3439.09,2.30154,7.92975,419643,88,52609,1248,1215590,352,210436,4992,32,4,314969,619986,10079008,2479944,12558952,4,4,12,4,49,16,12,20,20,20260807,5,1,1,1,0,0,0,6255,0.260625,1,0.0015,0
835,7835.68,5,0,2.24996,3.60263,0,0,0,5.85258,166,166,0,1,2.03342,2.03342,909,289,1,470,0,0,0,0,0,2795,3441.71,0.493125,7.92975,420312,88,52609,1248,1217411,352,210436,4992,32,4,318207,626970,10182624,2507880,12690504,4,4,12,4,49,16,12,20,20,20260807,5,1,1,1,0,0,0,6255,0.260625,1,0.0015,0
836,7846.2,11,0,7.14383,3.28167,0,0,0,10.4255,167,166,0,1,2.03342,2.03342,909,287,1,473,0,0,0,0,0,2798,3447.5,1.34238,7.92975,420861,88,52609,1248,1218882,352,210436,4992,32,4,319284,629364,10217088,2517456,12734544,4,4,12,4,49,16,12,20,20,20260807,5,1,1,1,0,0,0,6256,0.260667,1,0.0015,1
837,7852.87,7,0,2.86088,3.73387,0,0,0,6.59475,167,167,0,1,2.03342,2.03342,914,292,0,474,0,0,0,0,0,2798,3447.5,1.34238,7.92975,420861,88,52609,1248,1218882,352,210436,4992,32,4,319867,630672,10235744,2522688,12758432,4,4,12,4,49,16,12,20,20,20260807,5,1,1,1,0,0,0,6256,0.260667,1,0.0015,0
838,7863.12,10,0,6.76825,3.39804,0,0,0,10.1663,167,167,0,1,2.03342,2.03342,914,287,2,476,0,0,0,0,0,2802,3451.99,1.02542,7.92975,422030,88,52609,1248,1222182,352,210436,4992,32,4,321150,633432,10276800,2533728,12810528,4,4,12,4,49,16,12,20,20,20260807,5,1,1,1,0,0,0,6256,0.260667,1,0.0015,0
839,7868.76,6,0,1.87821,3.644,0,0,0,5.52221,167,167,0,1,2.03342,2.03342,914,284,0,480,0,0,0,0,0,2805,3455.91,0.50725,7.92975,422244,88,52622,1248,1222813,352,210488,4992,32,4,323850,639048,10363200,2556192,12919392,4,4,12,4,49,16,12,20,20,20260807,5,1,1,1,0,0,0,6256,0.260667,1,0.0015,0
840,7879.4,10,0,7.39037,3.17625,0,0,0,10.5666,167,167,0,1,2.03342,2.03342,914,278,4,482,0,0,0,0,0,2811,3462.35,1.06383,7.92975,422896,88,52769,1248,1224712,352,211076,4992,32,4,325403,642288,10412896,2569152,12982048,4,4,12,4,49,16,12,20,20,20260807,5,1,1,1,0,0,0,6256,0.260667,1,0.0015,0
841,7885.76,7,0,2.51875,3.76817,0,0,0,6.28692,168,167,0,1,2.03342,2.03342,914,277,0,488,0,0,0,0,0,2813,3464.47,1.00617,7.92975,422954,88,52769,1248,1224894,352,211076,4992,32,4,326519,644190,10448608,2576760,13025368,4,4,12,4,49,16,12,20,20,20260807,5,1,1,1,0,0,0,6256,0.260667,1,0.0015,0
842,7894.91,9,0,2.95433,6.11971,0,0,0,9.07404,168,168,0,1,2.03342,2.03342,919,282,0,488,0,0,0,0,0,2813,3464.47,1.00617,7.92975,422954,88,52769,1248,1224894,352,211076,4992,32,4,326519,644190,10448608,2576760,13025368,4,4,12,4,49,16,12,20,20,20260807,5,1,1,1,0,0,0,6257,0.260708,1,0.0015,1
843,7902.42,7,0,3.41875,4.00288,0,0,0,7.42162,168,168,0,1,2.03342,2.03342,919,278,1,490,0,0,0,0,0,2816,3469.1,1.37088,7.92975,423946,88,52778,1248,1227676,352,211112,4992,32,4,327944,647256,10494208,2589024,13083232,4,4,12,4,49,16,12,20,20,20260807,5,1,1,1,0,0,0,6257,0.260708,1,0.0015,0
844,7913.64,11,0,7.2215,3.92104,0,0,0,11.1425,168,168,0,1,2.03342,2.03342,919,274,3,492,0,0,0,0,0,2820,3475.33,0.581834,7.92975,424951,88,52982,1248,1230541,352,211928,4992,32,4,331063,653826,10594016,2615304,13209320,4,4,12,4,49,16,12,20,20,20260807,5,1,1,1,0,0,0,6257,0.260708,1,0.0015,0
845,7919.43,6,0,1.77983,3.92296,0,0,0,5.70279,168,168,0,1,2.03342,2.03342,919,272,1,497,0,0,0,0,0,2823,3479.6,0.992667,7.92975,425684,88,52982,1248,1232596,352,211928,4992,32,4,335073,661848,10722336,2647392,13369728,4,4,12,4,49,16,12,20,20,20260807,5,1,1,1,0,0,0,6257,0.260708,1,0.0015,0
846,7929.63,10,0,6.77754,3.35242,0,0,0,10.13,169,168,0,1,2.03342,2.03342,919,267,3,499,0,0,0,0,0,2828,3485.81,1.19296,7.92975,426000,88,53238,1248,1233460,352,212952,4992,32,4,336203,663606,10758496,2654424,13412920,4,4,12,4,49,16,12,20,20,20260807,5,1,1,1,0,0,0,6257,0.260708,1,0.0015,0
847,7937.39,8,0,3.48454,4.19096,0,0,0,7.6755,169,169,0,1,2.03342,2.03342,924,272,0,500,0,0,0,0,0,2828,3485.81,1.19296,7.92975,426000,88,53238,1248,1233460,352,212952,4992,32,4,336961,665280,10782752,2661120,13443872,4,4,12,4,49,16,12,20,20,20260807,5,1,1,1,0,0,0,6257,0.260708,1,0.0015,0
848,7946.49,9,0,5.46546,3.55467,0,0,0,9.02013,169,169,0,1,2.03342,2.03342,924,267,2,502,0,0,0,0,0,2832,3490.3,1.459,7.92975,427067,88,53377,1248,1236490,352,213508,4992,32,4,338013,667158,10816416,2668632,13485048,4,4,12,4,49,16,12,20,20,20260807,5,1,1,1,0,0,0,6258,0.26075,1,0.0015,1
849,7954.69,8,0,3.86096,4.25992,0,0,0,8.12087,170,170,0,1,2.03342,2.03342,929,272,0,505,0,0,0,0,0,2833,3491.45,1.15117,7.92975,427193,88,53377,1248,1236854,352,213508,4992,32,4,340911,673272,10909152,2693088,13602240,4,4,12,4,49,16,12,20,20,20260807,5,1,1,1,0,0,0,6258,0.26075,1,0.0015,0
850,7962.97,9,0,4.68963,3.5075,0,0,0,8.19712,170,170,0,1,2.03342,2.03342,929,269,2,506,0,0,0,0,0,2836,3495.78,1.12108,7.92975,427449,88,53633,1248,1237598,352,214532,4992,32,4,340944,673338,10910208,2693352,13603560,4,4,12,4,49,16,12,20,20,20260807,5,1,1,1,0,0,0,6258,0.26075,1,0.0015,0
851,7969.44,6,0,2.52158,3.87175,0,0,0,6.39333,171,170,0,1,2.03342,2.03342,929,267,0,510,0,0,0,0,0,2838,3498.39,1.03483,7.92975,428107,88,53633,1248,1239446,352,214532,4992,32,4,344527,680292,11024864,2721168,13746032,4,4,12,4,49,16,12,20,20,20260807,5,1,1,1,0,0,0,6258,0.26075,1,0.0015,0
852,7978.37,9,0,1.90508,6.94729,0,0,0,8.85238,171,171,0,1,2.03342,2.03342,934,272,0,510,0,0,0,0,0,2838,3498.39,1.03483,7.92975,428107,88,53633,1248,1239446,352,214532,4992,32,4,344527,680292,11024864,2721168,13746032,4,4,12,4,49,16,12,20,20,20260807,5,1,1,1,0,0,0,6258,0.26075,1,0.0015,0
853,7985.8,8,0,3.37917,3.93717,0,0,0,7.31633,172,171,0,1,2.03342,2.03342,934,267,0,515,0,0,0,0,0,2843,3504.09,1.03425,7.92975,428621,88,53889,1248,1240873,352,215556,4992,32,4,346978,684912,11103296,2739648,13842944,4,4,12,4,49,16,12,20,20,20260807,5,1,1,1,0,0,0,6258,0.26075,1,0.0015,0
854,7995.2,9,0,2.39479,6.92346,0,0,0,9.31825,172,172,0,1,2.03342,2.03342,939,272,0,515,0,0,0,0,0,2843,3504.09,1.03425,7.92975,428621,88,53889,1248,1240873,352,215556,4992,32,4,346978,684912,11103296,2739648,13842944,4,4,12,4,49,16,12,20,20,20260807,5,1,1,1,0,0,0,6259,0.260792,1,0.0015,1
855,8001.07,6,0,1.60279,4.18929,0,0,0,5.79208,173,173,0,1,2.03342,2.03342,944,277,0,515,0,0,0,0,0,2843,3504.09,1.03425,7.92975,428621,88,53889,1248,1240873,352,215556,4992,32,4,346978,684912,11103296,2739648,13842944,4,4,12,4,49,16,12,20,20,20260807,5,1,1,1,0,0,0,6259,0.260792,1,0.0015,0
856,8011.83,11,0,3.9945,6.68979,0,0,0,10.6843,174,174,0,1,2.03342,2.03342,949,282,0,515,0,0,0,0,0,2843,3504.09,1.03425,7.92975,428621,88,53889,1248,1240873,352,215556,4992,32,4,346978,684912,11103296,2739648,13842944,4,4,12,4,49,16,12,20,20,20260807,5,1,1,1,0,0,0,6259,0.260792,1,0.0015,0
857,8017.29,5,0,1.39875,3.96608,0,0,0,5.36483,175,175,0,1,2.03342,2.03342,954,287,0,515,0,0,0,0,0,2843,3504.09,1.03425,7.92975,428621,88,53889,1248,1240873,352,215556,4992,32,4,346978,684912,11103296,2739648,13842944,4,4,12,4,49,16,12,20,20,20260807,5,1,1,1,0,0,0,6259,0.260792,1,0.0015,0
858,8028.72,11,0,3.98442,7.36437,0,0,0,11.3488,176,176,0,1,2.03342,2.03342,959,292,0,515,0,0,0,0,0,2843,3504.09,1.03425,7.92975,428621,88,53889,1248,1240873,352,215556,4992,32,4,346978,684912,11103296,2739648,13842944,4,4,12,4,49,16,12,20,20,20260807,5,1,1,1,0,0,0,6259,0.260792,1,0.0015,0
859,8035.02,7,0,2.29354,3.91571,0,0,0,6.20925,177,177,0,1,2.03342,2.03342,964,297,0,515,0,0,0,0,0,2843,3504.09,1.03425,7.92975,428621,88,53889,1248,1240873,352,215556,4992,32,4,346978,684912,11103296,2739648,13842944,4,4,12,4,49,16,12,20,20,20260807,5,1,1,1,0,0,0,6259,0.260792,1,0.0015,0
860,8045.21,10,0,1.29083,8.82854,0,0,0,10.1194,178,177,0,1,2.03342,2.03342,964,297,0,515,0,0,0,0,0,2843,3504.09,1.03425,7.92975,428621,88,53889,1248,1240873,352,215556,4992,32,4,346978,684912,11103296,2739648,13842944,4,4,12,4,49,16,12,20,20,20260807,5,1,1,1,0,0,0,6260,0.260833,1,0.0015,1
861,8053.47,8,0,3.95142,4.22042,0,0,0,8.17183,179,179,0,1,2.03342,2.03342,974,307,0,515,0,0,0,0,0,2843,3504.09,1.03425,7.92975,428621,88,53889,1248,1240873,352,215556,4992,32,4,346978,684912,11103296,2739648,13842944,4,4,12,4,49,16,12,20,20,20260807,5,1,1,1,0,0,0,6260,0.260833,1,0.0015,0
862,8062.24,9,0,3.96362,4.72621,0,0,0,8.68983,180,180,0,1,2.03342,2.03342,979,312,0,515,0,0,0,0,0,2843,3504.09,1.03425,7.92975,428621,88,53889,1248,1240873,352,215556,4992,32,4,346978,684912,11103296,2739648,13842944,4,4,12,4,49,16,12,20,20,20260807,5,1,1,1,0,0,0,6260,0.260833,1,0.0015,0
863,8070.54,8,0,4.12308,4.09233,0,0,0,8.21542,181,181,0,1,2.03342,2.03342,984,317,0,515,0,0,0,0,0,2843,3504.09,1.03425,7.92975,428621,88,53889,1248,1240873,352,215556,4992,32,4,346978,684912,11103296,2739648,13842944,4,4,12,4,49,16,12,20,20,20260807,5,1,1,1,0,0,0,6260,0.260833,1,0.0015,0
864,8078.54,8,0,1.18767,6.73842,0,0,0,7.92608,182,181,0,1,2.03342,2.03342,984,317,0,515,0,0,0,0,0,2843,3504.09,1.03425,7.92975,428621,88,53889,1248,1240873,352,215556,4992,32,4,346978,684912,11103296,2739648,13842944,4,4,12,4,49,16,12,20,20,20260807,5,1,1,1,0,0,0,6260,0.260833,1,0.0015,0
865,8084.14,6,0,1.20013,4.31487,0,0,0,5.515,183,182,0,1,2.03342,2.03342,990,323,0,515,0,0,0,0,0,2843,3504.09,1.03425,7.92975,428621,88,53889,1248,1240873,352,215556,4992,32,4,346978,684912,11103296,2739648,13842944,4,4,12,4,49,16,12,20,20,20260807,5,1,1,1,0,0,0,6260,0.260833,1,0.0015,0
866,8095.1,11,0,1.99158,8.89425,0,0,0,10.8858,183,183,0,1,2.03342,2.03342,996,329,0,515,0,0,0,0,0,2843,3504.09,1.03425,7.92975,428621,88,53889,1248,1240873,352,215556,4992,32,4,346978,684912,11103296,2739648,13842944,4,4,12,4,49,16,12,20,20,20260807,5,1,1,1,0,0,0,6261,0.260875,1,0.0015,1
867,8101.79,7,0,2.88608,3.68067,0,0,0,6.56675,184,183,0,1,2.03342,2.03342,996,323,1,519,0,0,0,0,0,2849,3510.93,1.15908,7.92975,429506,88,53889,1250,1243919,352,215556,5000,32,4,350032,690234,11201024,2760936,13961960,4,4,12,4,49,16,12,20,20,20260807,5,1,1,1,0,0,0,6261,0.260875,1,0.0015,0
868,8111.74,10,0,3.74063,6.13542,0,0,0,9.87604,184,184,0,1,2.03342,2.03342,1002,329,0,519,0,0,0,0,0,2849,3510.93,1.15908,7.92975,429506,88,53889,1250,1243919,352,215556,5000,32,4,350032,690234,11201024,2760936,13961960,4,4,12,4,49,16,12,20,20,20260807,5,1,1,1,0,0,0,6261,0.260875,1,0.0015,0
869,8118.96,7,0,3.07525,4.06633,0,0,0,7.14158,184,184,0,1,2.03342,2.03342,1002,324,2,520,0,0,0,0,0,2853,3516.33,0.466833,7.92975,429870,88,53889,1258,1245242,352,215556,5032,32,4,350799,691584,11225568,2766336,13991904,4,4,12,4,49,16,12,20,20,20260807,5,1,1,1,0,0,0,6261,0.260875,1,0.0015,0
870,8132.22,13,0,9.27833,3.89383,0,0,0,13.1722,185,185,0,1,2.03342,2.03342,1008,329,1,522,0,0,0,0,0,2855,3520.46,1.93421,7.92975,429931,88,53889,1258,1245406,352,215556,5032,32,4,351551,692832,11249632,2771328,14020960,4,4,12,4,49,16,12,20,20,20260807,5,1,1,1,0,0,0,6261,0.260875,1,0.0015,0
871,8138.46,6,0,1.25263,4.91558,0,0,0,6.16821,186,185,0,1,2.03342,2.03342,1008,329,0,522,0,0,0,0,0,2855,3520.46,1.93421,7.92975,429931,88,53889,1258,1245406,352,215556,5032,32,4,351551,692832,11249632,2771328,14020960,4,4,12,4,49,16,12,20,20,20260807,5,1,1,1,0,0,0,6261,0.260875,1,0.0015,0
872,8145.51,7,0,1.25454,5.70554,0,0,0,6.96008,186,186,0,1,2.03342,2.03342,1014,335,0,522,0,0,0,0,0,2855,3520.46,1.93421,7.92975,429931,88,53889,1258,1245406,352,215556,5032,32,4,351551,692832,11249632,2771328,14020960,4,4,12,4,49,16,12,20,20,20260807,5,1,1,1,0,0,0,6262,0.260917,1,0.0015,1
873,8151.4,6,0,2.27404,3.54438,0,0,0,5.81842,187,187,0,1,2.03342,2.03342,1019,340,0,522,0,0,0,0,0,2855,3520.46,1.93421,7.92975,429931,88,53889,1258,1245406,352,215556,5032,32,4,351551,692832,11249632,2771328,14020960,4,4,12,4,49,16,12,20,20,20260807,5,1,1,1,0,0,0,6262,0.260917,1,0.0015,0
874,8163.41,12,0,8.21121,3.6795,0,0,0,11.8907,188,187,0,1,2.03342,2.03342,1019,334,4,524,0,0,0,0,0,2861,3527.47,1.08963,7.92975,431884,88,53889,1264,1251352,352,215556,5056,32,4,353884,696816,11324288,2787264,14111552,4,4,12,4,49,16,12,20,20,20260807,5,1,1,1,0,0,0,6262,0.260917,1,0.0015,0
875,8171.17,8,0,3.55225,4.12929,0,0,0,7.68154,188,188,0,1,2.03342,2.03342,1025,340,0,528,0,0,0,0,0,2861,3527.47,1.08963,7.92975,431884,88,53889,1264,1251352,352,215556,5056,32,4,357521,704586,11440672,2818344,14259016,4,4,12,4,49,16,12,20,20,20260807,5,1,1,1,0,0,0,6262,0.260917,1,0.0015,0
876,8180.02,9,0,5.0945,3.674,0,0,0,8.7685,188,188,0,1,2.03342,2.03342,1025,334,3,529,0,0,0,0,0,2866,3532.47,1.13146,7.92975,432697,88,53889,1268,1254001,352,215556,5072,32,4,359010,707106,11488320,2828424,14316744,4,4,12,4,49,16,12,20,20,20260807,5,1,1,1,0,0,0,6262,0.260917,1,0.0015,0
877,8188.76,9,0,5.04971,3.60975,0,0,0,8.65946,189,189,0,1,2.03342,2.03342,1031,340,0,532,0,0,0,0,0,2867,3533.51,1.04354,7.92975,432697,88,53889,1268,1254001,352,215556,5072,32,4,360186,709488,11525952,2837952,14363904,4,4,12,4,49,16,12,20,20,20260807,5,1,1,1,0,0,0,6262,0.260917,1,0.0015,0
878,8196.77,8,0,4.21913,3.71471,0,0,0,7.93383,189,189,0,1,2.03342,2.03342,1031,335,3,534,0,0,0,0,0,2872,3538.87,1.46854,7.92975,434074,88,53889,1274,1258302,352,215556,5096,32,4,361834,712950,11578688,2851800,14430488,4,4,12,4,49,16,12,20,20,20260807,5,1,1,1,0,0,0,6263,0.260958,1,0.0015,1
879,8201.96,5,0,1.49579,3.61067,0,0,0,5.10646,190,189,0,1,2.03342,2.03342,1031,334,1,537,0,0,0,0,0,2873,3539.96,1.09483,7.92975,434153,88,53889,1274,1258510,352,215556,5096,32,4,364511,717786,11664352,2871144,14535496,4,4,12,4,49,16,12,20,20,20260807,5,1,1,1,0,0,0,6263,0.260958,1,0.0015,0
880,8213.43,11,0,7.78675,3.57967,0,0,0,11.3664,190,190,0,1,2.03342,2.03342,1037,337,2,538,0,0,0,0,0,2875,3542.52,1.5495,7.92975,434564,88,53889,1282,1259669,352,215556,5128,32,4,364719,718260,11671008,2873040,14544048,4,4,12,4,49,16,12,20,20,20260807,5,1,1,1,0,0,0,6263,0.260958,1,0.0015,0
881,8219.47,6,0,1.97367,3.93917,0,0,0,5.91283,190,190,0,1,2.03342,2.03342,1037,334,0,542,0,0,0,0,0,2878,3545.29,0.99475,7.92975,435064,88,53889,1282,1261665,352,215556,5128,32,4,367906,723774,11772992,2895096,14668088,4,4,12,4,49,16,12,20,20,20260807,5,1,1,1,0,0,0,6263,0.260958,1,0.0015,0
882,8229.77,11,0,6.81046,3.41225,0,0,0,10.2227,191,191,0,1,2.03342,2.03342,1043,340,0,543,0,0,0,0,0,2879,3546.33,1.035,7.92975,435119,88,53889,1282,1261816,352,215556,5128,32,4,368057,724104,11777824,2896416,14674240,4,4,12,4,49,16,12,20,20,20260807,5,1,1,1,0,0,0,6263,0.260958,1,0.0015,0
883,8234.72,4,0,1.28646,3.58246,0,0,0,4.86892,192,191,0,1,2.03342,2.03342,1043,340,0,543,0,0,0,0,0,2879,3546.33,1.035,7.92975,435119,88,53889,1282,1261816,352,215556,5128,32,4,368057,724104,11777824,2896416,14674240,4,4,12,4,49,16,12,20,20,20260807,5,1,1,1,0,0,0,6263,0.260958,1,0.0015,0
884,8245.18,11,0,2.53171,7.847,0,0,0,10.3787,192,192,0,1,2.03342,2.03342,1049,346,0,543,0,0,0,0,0,2879,3546.33,1.035,7.92975,435119,88,53889,1282,1261816,352,215556,5128,32,4,368057,724104,11777824,2896416,14674240,4,4,12,4,49,16,12,20,20,20260807,5,1,1,1,0,0,0,6264,0.261,1,0.0015,1
885,8250.93,6,0,2.18271,3.48958,0,0,0,5.67229,193,193,0,1,2.03342,2.03342,1054,351,0,543,0,0,0,0,0,2879,3546.33,1.035,7.92975,435119,88,53889,1282,1261816,352,215556,5128,32,4,368057,724104,11777824,2896416,14674240,4,4,12,4,49,16,12,20,20,20260807,5,1,1,1,0,0,0,6264,0.261,1,0.0015,0
886,8263.4,12,0,8.73113,3.65987,0,0,0,12.391,194,193,0,1,2.03342,2.03342,1054,345,4,545,0,0,0,0,0,2885,3553.08,0.99825,7.92975,435953,88,53889,1286,1264417,352,215556,5144,32,4,370233,728142,11847456,2912568,14760024,4,4,12,4,49,16,12,20,20,20260807,5,1,1,1,0,0,0,6264,0.261,1,0.0015,0
887,8271.32,8,0,3.78396,4.03242,0,0,0,7.81637,194,194,0,1,2.03342,2.03342,1060,351,0,548,0,0,0,0,0,2885,3553.08,0.99825,7.92975,435953,88,53889,1286,1264417,352,215556,5144,32,4,370674,729132,11861568,2916528,14778096,4,4,12,4,49,16,12,20,20,20260807,5,1,1,1,0,0,0,6264,0.261,1,0.0015,0
888,8280.02,9,0,5.00467,3.61021,0,0,0,8.61487,194,194,0,1,2.03342,2.03342,1060,345,3,549,0,0,0,0,0,2890,3558.11,1.01717,7.92975,436636,88,53889,1288,1266899,352,215556,5152,32,4,371409,730548,11885088,2922192,14807280,4,4,12,4,49,16,12,20,20,20260807,5,1,1,1,0,0,0,6264,0.261,1,0.0015,0
889,8286.24,6,0,2.10742,4.02425,0,0,0,6.13167,195,194,0,1,2.03342,2.03342,1060,345,0,552,0,0,0,0,0,2891,3559.62,1.51379,7.92975,436737,88,53889,1288,1267150,352,215556,5152,32,4,373415,733848,11949280,2935392,14884672,4,4,12,4,49,16,12,20,20,20260807,5,1,1,1,0,0,0,6264,0.261,1,0.0015,0
890,8295.49,9,0,3.37596,5.80467,0,0,0,9.18062,195,195,0,1,2.03342,2.03342,1066,351,0,552,0,0,0,0,0,2891,3559.62,1.51379,7.92975,436737,88,53889,1288,1267150,352,215556,5152,32,4,373415,733848,11949280,2935392,14884672,4,4,12,4,49,16,12,20,20,20260807,5,1,1,1,0,0,0,6265,0.261042,1,0.0015,1
891,8302.61,7,0,3.12208,3.91375,0,0,0,7.03583,195,195,0,1,2.03342,2.03342,1066,346,1,554,0,0,0,0,0,2895,3564.14,0.447584,7.92975,437782,88,53889,1294,1270641,352,215556,5176,32,4,375802,738462,12025664,2953848,14979512,4,4,12,4,49,16,12,20,20,20260807,5,1,1,1,0,0,0,6265,0.261042,1,0.0015,0
892,8313.02,11,0,6.94167,3.398,0,0,0,10.3397,197,196,0,1,2.03342,2.03342,1072,351,0,555,0,0,0,0,0,2897,3566.24,1.10808,7.92975,437782,88,53889,1294,1270641,352,215556,5176,32,4,376930,740154,12061760,2960616,15022376,4,4,12,4,49,16,12,20,20,20260807,5,1,1,1,0,0,0,6265,0.261042,1,0.0015,0
893,8318.04,5,0,1.34763,3.5895,0,0,0,4.93712,197,196,0,1,2.03342,2.03342,1072,351,0,555,0,0,0,0,0,2897,3566.24,1.10808,7.92975,437782,88,53889,1294,1270641,352,215556,5176,32,4,376930,740154,12061760,2960616,15022376,4,4,12,4,49,16,12,20,20,20260807,5,1,1,1,0,0,0,6265,0.261042,1,0.0015,0
894,8328.83,11,0,3.88888,6.82204,0,0,0,10.7109,197,197,0,1,2.03342,2.03342,1078,357,0,555,0,0,0,0,0,2897,3566.24,1.10808,7.92975,437782,88,53889,1294,1270641,352,215556,5176,32,4,376930,740154,12061760,2960616,15022376,4,4,12,4,49,16,12,20,20,20260807,5,1,1,1,0,0,0,6265,0.261042,1,0.0015,0
895,8335.94,7,0,3.1235,3.87538,0,0,0,6.99887,197,197,0,1,2.03342,2.03342,1078,350,1,557,0,0,0,0,0,2903,3572.49,1.05396,7.92975,438255,88,53889,1298,1272327,352,215556,5192,32,4,378594,742944,12115008,2971776,15086784,4,4,12,4,49,16,12,20,20,20260807,5,1,1,1,0,0,0,6265,0.261042,1,0.0015,0
896,8346.84,11,0,7.10204,3.71267,0,0,0,10.8147,197,197,0,1,2.03342,2.03342,1078,345,2,560,0,0,0,0,0,2908,3579.22,1.99325,7.92975,439299,88,53889,1306,1275731,352,215556,5224,32,4,380568,747078,12178176,2988312,15166488,4,4,12,4,49,16,12,20,20,20260807,5,1,1,1,0,0,0,6266,0.261083,1,0.0015,1
897,8351.88,5,0,1.40567,3.55692,0,0,0,4.96258,198,197,0,1,2.03342,2.03342,1078,345,0,562,0,0,0,0,0,2909,3580.28,1.05629,7.92975,439318,88,53889,1306,1275790,352,215556,5224,32,4,382127,749442,12228064,2997768,15225832,4,4,12,4,49,16,12,20,20,20260807,5,1,1,1,0,0,0,6266,0.261083,1,0.0015,0
898,8361.76,11,0,3.32421,6.43633,0,0,0,9.76054,198,198,0,1,2.03342,2.03342,1084,351,0,562,0,0,0,0,0,2909,3580.28,1.05629,7.92975,439318,88,53889,1306,1275790,352,215556,5224,32,4,382127,749442,12228064,2997768,15225832,4,4,12,4,49,16,12,20,20,20260807,5,1,1,1,0,0,0,6266,0.261083,1,0.0015,0
899,8369.05,7,0,3.42079,3.7895,0,0,0,7.21029,198,198,0,1,2.03342,2.03342,1084,346,1,563,0,0,0,0,0,2913,3584.88,0.536958,7.92975,440026,88,53889,1312,1278377,352,215556,5248,32,4,382886,750948,12252352,3003792,15256144,4,4,12,4,49,16,12,20,20,20260807,5,1,1,1,0,0,0,6266,0.261083,1,0.0015,0
900,8379.87,10,0,7.22633,3.518,0,0,0,10.7443,200,199,0,1,2.03342,2.03342,1090,351,0,564,0,0,0,0,0,2915,3587.1,1.2675,7.92975,440026,88,53889,1312,1278377,352,215556,5248,32,4,384738,753726,12311616,3014904,15326520,4,4,12,4,49,16,12,20,20,20260807,5,1,1,1,0,0,0,6266,0.261083,1,0.0015,0
901,8388.7,8,0,4.92067,3.81413,0,0,0,8.73479,200,200,0,1,2.03342,2.03342,1096,357,0,564,0,0,0,0,0,2915,3587.1,1.2675,7.92975,440026,88,53889,1312,1278377,352,215556,5248,32,4,384738,753726,12311616,3014904,15326520,4,4,12,4,49,16,12,20,20,20260807,5,1,1,1,0,0,0,6266,0.261083,1,0.0015,0
902,8395.36,7,0,1.32658,5.26129,0,0,0,6.58788,201,200,0,1,2.03342,2.03342,1096,357,0,564,0,0,0,0,0,2915,3587.1,1.2675,7.92975,440026,88,53889,1312,1278377,352,215556,5248,32,4,384738,753726,12311616,3014904,15326520,4,4,12,4,49,16,12,20,20,20260807,5,1,1,1,0,0,0,6267,0.261125,1,0.0015,1
903,8401.16,6,0,1.49121,4.22267,0,0,0,5.71387,201,201,0,1,2.03342,2.03342,1101,362,0,564,0,0,0,0,0,2915,3587.1,1.2675,7.92975,440026,88,53889,1312,1278377,352,215556,5248,32,4,384738,753726,12311616,3014904,15326520,4,4,12,4,49,16,12,20,20,20260807,5,1,1,1,0,0,0,6267,0.261125,1,0.0015,0
904,8413.38,12,0,8.40075,3.67825,0,0,0,12.079,201,201,0,1,2.03342,2.03342,1101,357,3,565,0,0,0,0,0,2919,3594.05,0.733708,7.92975,441358,88,53889,1320,1282364,352,215556,5280,32,4,386042,756552,12353344,3026208,15379552,4,4,12,4,49,16,12,20,20,20260807,5,1,1,1,0,0,0,6267,0.261125,1,0.0015,0
905,8418.88,6,0,1.60729,3.81146,0,0,0,5.41875,202,201,0,1,2.03342,2.03342,1101,356,0,568,0,0,0,0,0,2921,3596.01,1.01308,7.92975,441358,88,53889,1320,1282364,352,215556,5280,32,4,388757,761766,12440224,3047064,15487288,4,4,12,4,49,16,12,20,20,20260807,5,1,1,1,0,0,0,6267,0.261125,1,0.0015,0
906,8428.55,9,0,2.39867,7.19221,0,0,0,9.59088,202,202,0,1,2.03342,2.03342,1107,362,0,568,0,0,0,0,0,2921,3596.01,1.01308,7.92975,441358,88,53889,1320,1282364,352,215556,5280,32,4,388757,761766,12440224,3047064,15487288,4,4,12,4,49,16,12,20,20,20260807,5,1,1,1,0,0,0,6267,0.261125,1,0.0015,0
907,8436.32,8,0,3.7215,3.96871,0,0,0,7.69021,203,202,0,1,2.03342,2.03342,1107,356,2,572,0,0,0,0,0,2927,3602.58,0.996625,7.92975,442007,88,53889,1320,1284666,352,215556,5280,32,4,391059,765660,12513888,3062640,15576528,4,4,12,4,49,16,12,20,20,20260807,5,1,1,1,0,0,0,6267,0.261125,1,0.0015,0
908,8445.56,9,0,4.74679,4.41154,0,0,0,9.15833,203,203,0,1,2.03342,2.03342,1113,362,0,572,0,0,0,0,0,2927,3602.58,0.996625,7.92975,442007,88,53889,1320,1284666,352,215556,5280,32,4,391059,765660,12513888,3062640,15576528,4,4,12,4,49,16,12,20,20,20260807,5,1,1,1,0,0,0,6268,0.261167,1,0.0015,1
909,8451.09,6,0,1.5555,3.89933,0,0,0,5.45483,203,203,0,1,2.03342,2.03342,1113,360,0,572,0,0,0,0,0,2928,3604.39,1.81204,7.92975,442007,88,53889,1320,1284666,352,215556,5280,32,4,391059,765660,12513888,3062640,15576528,4,4,12,4,49,16,12,20,20,20260807,5,1,1,1,0,0,0,6268,0.261167,1,0.0015,0
910,8463.27,12,0,8.45192,3.58479,0,0,0,12.0367,204,203,0,1,2.03342,2.03342,1113,356,3,574,0,0,0,0,0,2933,3610.15,0.996708,7.92975,442579,88,53889,1326,1286570,352,215556,5304,32,4,392247,768018,12551904,3072072,15623976,4,4,12,4,49,16,12,20,20,20260807,5,1,1,1,0,0,0,6268,0.261167,1,0.0015,0
911,8469.25,6,0,1.99817,3.90563,0,0,0,5.90379,204,204,0,1,2.03342,2.03342,1119,362,0,575,0,0,0,0,0,2933,3610.15,0.996708,7.92975,442579,88,53889,1326,1286570,352,215556,5304,32,4,392987,769128,12575584,3076512,15652096,4,4,12,4,49,16,12,20,20,20260807,5,1,1,1,0,0,0,6268,0.261167,1,0.0015,0
912,8479.91,11,0,7.02212,3.55012,0,0,0,10.5723,205,204,0,1,2.03342,2.03342,1119,356,4,577,0,0,0,0,0,2939,3616.93,1.63267,7.92975,443226,88,53889,1332,1288470,352,215556,5328,32,4,393681,770394,12597792,3081576,15679368,4,4,12,4,49,16,12,20,20,20260807,5,1,1,1,0,0,0,6268,0.261167,1,0.0015,0
913,8485.18,5,0,1.50271,3.69525,0,0,0,5.19796,205,204,0,1,2.03342,2.03342,1119,356,0,580,0,0,0,0,0,2939,3616.93,1.63267,7.92975,443226,88,53889,1332,1288470,352,215556,5328,32,4,394911,773046,12637152,3092184,15729336,4,4,12,4,49,16,12,20,20,20260807,5,1,1,1,0,0,0,6268,0.261167,1,0.0015,0
914,8495.35,10,0,2.07554,7.99783,0,0,0,10.0734,205,205,0,1,2.03342,2.03342,1125,362,0,580,0,0,0,0,0,2939,3616.93,1.63267,7.92975,443226,88,53889,1332,1288470,352,215556,5328,32,4,394911,773046,12637152,3092184,15729336,4,4,12,4,49,16,12,20,20,20260807,5,1,1,1,0,0,0,6269,0.261208,1,0.0015,1
915,8502.01,7,0,2.65313,3.9305,0,0,0,6.58362,206,206,0,1,2.03342,2.03342,1131,368,0,580,0,0,0,0,0,2939,3616.93,1.63267,7.92975,443226,88,53889,1332,1288470,352,215556,5328,32,4,394911,773046,12637152,3092184,15729336,4,4,12,4,49,16,12,20,20,20260807,5,1,1,1,0,0,0,6269,0.261208,1,0.0015,0
916,8511.94,10,0,1.43267,8.40454,0,0,0,9.83721,207,206,0,1,2.03342,2.03342,1131,368,0,580,0,0,0,0,0,2939,3616.93,1.63267,7.92975,443226,88,53889,1332,1288470,352,215556,5328,32,4,394911,773046,12637152,3092184,15729336,4,4,12,4,49,16,12,20,20,20260807,5,1,1,1,0,0,0,6269,0.261208,1,0.0015,0
917,8517.66,5,0,1.52525,4.10629,0,0,0,5.63154,207,207,0,1,2.03342,2.03342,1137,371,1,580,0,0,0,0,0,2941,3619.23,1.13396,7.92975,443386,88,53889,1336,1288960,352,215556,5344,32,4,394911,773046,12637152,3092184,15729336,4,4,12,4,49,16,12,20,20,20260807,5,1,1,1,0,0,0,6269,0.261208,1,0.0015,0
918,8532.6,15,0,11.0875,3.77183,0,0,0,14.8593,208,208,0,1,2.03342,2.03342,1143,374,2,583,0,0,0,0,0,2945,3623.6,0.996833,7.92975,444020,88,53889,1336,1291157,352,215556,5344,32,4,397085,776652,12706720,3106608,15813328,4,4,12,4,49,16,12,20,20,20260807,5,1,1,1,0,0,0,6269,0.261208,1,0.0015,0
919,8538.68,6,0,1.78812,4.20729,0,0,0,5.99542,208,208,0,1,2.03342,2.03342,1143,371,0,585,0,0,0,0,0,2947,3625.95,1.37158,7.92975,444177,88,53889,1348,1291663,352,215556,5392,32,4,398168,778848,12741376,3115392,15856768,4,4,12,4,49,16,12,20,20,20260807,5,1,1,1,0,0,0,6269,0.261208,1,0.0015,0
920,8546.66,8,0,4.21971,3.68775,0,0,0,7.90746,209,208,0,1,2.03342,2.03342,1143,368,0,587,0,0,0,0,0,2951,3629.67,1.06046,7.92975,444675,88,53889,1348,1293181,352,215556,5392,32,4,399686,781836,12789952,3127344,15917296,4,4,12,4,49,16,12,20,20,20260807,5,1,1,1,0,0,0,6270,0.26125,1,0.0015,1
921,8554.38,8,0,3.40858,4.22871,0,0,0,7.63729,209,209,0,1,2.03342,2.03342,1149,374,0,587,0,0,0,0,0,2951,3629.67,1.06046,7.92975,444675,88,53889,1348,1293181,352,215556,5392,32,4,399686,781836,12789952,3127344,15917296,4,4,12,4,49,16,12,20,20,20260807,5,1,1,1,0,0,0,6270,0.26125,1,0.0015,0
922,8563.32,9,0,5.36846,3.49525,0,0,0,8.86371,209,209,0,1,2.03342,2.03342,1149,368,3,589,0,0,0,0,0,2956,3634.42,1.04033,7.92975,446226,88,53889,1354,1297898,352,215556,5416,32,4,402849,788388,12891168,3153552,16044720,4,4,12,4,49,16,12,20,20,20260807,5,1,1,1,0,0,0,6270,0.26125,1,0.0015,0
923,8568.79,6,0,1.71037,3.67192,0,0,0,5.38229,209,209,0,1,2.03342,2.03342,1149,364,1,594,0,0,0,0,0,2960,3638.7,1.14637,7.92975,446464,88,53889,1356,1298615,352,215556,5424,32,4,404990,792288,12959680,3169152,16128832,4,4,12,4,49,16,12,20,20,20260807,5,1,1,1,0,0,0,6270,0.26125,1,0.0015,0
924,8583.38,14,0,10.4346,4.04621,0,0,0,14.4808,210,210,0,1,2.03342,2.03342,1155,368,1,597,0,0,0,0,0,2963,3642.69,1.42875,7.92975,447095,88,53889,1358,1300680,352,215556,5432,32,4,407225,796416,13031200,3185664,16216864,4,4,12,4,49,16,12,20,20,20260807,5,1,1,1,0,0,0,6270,0.26125,1,0.0015,0
925,8589.16,6,0,1.91792,3.77937,0,0,0,5.69729,210,210,0,1,2.03342,2.03342,1155,363,2,599,0,0,0,0,0,2967,3646.44,0.527916,7.92975,447761,88,53889,1360,1303042,352,215556,5440,32,4,407789,797484,13049248,3189936,16239184,4,4,12,4,49,16,12,20,20,20260807,5,1,1,1,0,0,0,6271,0.261292,1,0.0015,1
926,8596.47,7,0,3.68138,3.54533,0,0,0,7.22671,211,210,0,1,2.03342,2.03342,1155,362,1,602,0,0,0,0,0,2969,3649.27,1.77792,7.92975,447918,88,53889,1360,1303460,352,215556,5440,32,4,409653,800562,13108896,3202248,16311144,4,4,12,4,49,16,12,20,20,20260807,5,1,1,1,0,0,0,6271,0.261292,1,0.0015,0
927,8603.24,7,0,2.79754,3.89033,0,0,0,6.68788,211,211,0,1,2.03342,2.03342,1161,368,0,603,0,0,0,0,0,2969,3649.27,1.77792,7.92975,447918,88,53889,1360,1303460,352,215556,5440,32,4,410013,801366,13120416,3205464,16325880,4,4,12,4,49,16,12,20,20,20260807,5,1,1,1,0,0,0,6271,0.261292,1,0.0015,0
928,8611.85,9,0,1.42054,7.103,0,0,0,8.52354,212,211,0,1,2.03342,2.03342,1161,368,0,603,0,0,0,0,0,2969,3649.27,1.77792,7.92975,447918,88,53889,1360,1303460,352,215556,5440,32,4,410013,801366,13120416,3205464,16325880,4,4,12,4,49,16,12,20,20,20260807,5,1,1,1,0,0,0,6271,0.261292,1,0.0015,0
929,8617.67,5,0,1.386,4.36142,0,0,0,5.74742,213,212,0,1,2.03342,2.03342,1167,374,0,603,0,0,0,0,0,2969,3649.27,1.77792,7.92975,447918,88,53889,1360,1303460,352,215556,5440,32,4,410013,801366,13120416,3205464,16325880,4,4,12,4,49,16,12,20,20,20260807,5,1,1,1,0,0,0,6271,0.261292,1,0.0015,0
930,8628.45,11,0,1.69404,8.91471,0,0,0,10.6088,213,213,0,1,2.03342,2.03342,1172,378,0,603,0,0,0,0,0,2969,3649.27,1.77792,7.92975,447918,88,53889,1360,1303460,352,215556,5440,32,4,410013,801366,13120416,3205464,16325880,4,4,12,4,49,16,12,20,20,20260807,5,1,1,1,0,0,0,6271,0.261292,1,0.0015,0
931,8635.76,8,0,3.44733,3.79004,0,0,0,7.23738,213,213,0,1,2.03342,2.03342,1172,370,2,608,0,0,0,0,0,2977,3657.06,1.0825,7.92975,449254,88,53889,1366,1307415,352,215556,5464,32,4,413249,807924,13223968,3231696,16455664,4,4,12,4,49,16,12,20,20,20260807,5,1,1,1,0,0,0,6271,0.261292,1,0.0015,0
932,8648.96,13,0,9.32229,3.79221,0,0,0,13.1145,214,214,0,1,2.03342,2.03342,1178,373,1,613,0,0,0,0,0,2981,3660.69,0.998833,7.92975,449932,88,53889,1372,1309423,352,215556,5488,32,4,416024,813522,13312768,3254088,16566856,4,4,12,4,49,16,12,20,20,20260807,5,1,1,1,0,0,0,6272,0.261333,1,0.0015,1
933,8654.81,6,0,1.52571,4.25546,0,0,0,5.78117,214,214,0,1,2.03342,2.03342,1178,370,1,614,0,0,0,0,0,2983,3663.78,1.7335,7.92975,450143,88,53889,1376,1310036,352,215556,5504,32,4,416125,813774,13316000,3255096,16571096,4,4,12,4,49,16,12,20,20,20260807,5,1,1,1,0,0,0,6272,0.261333,1,0.0015,0
934,8663.4,8,0,4.88033,3.62763,0,0,0,8.50796,215,214,0,1,2.03342,2.03342,1178,367,1,617,0,0,0,0,0,2987,3667.93,1.56425,7.92975,450854,88,53889,1376,1312528,352,215556,5504,32,4,418659,817962,13397088,3271848,16668936,4,4,12,4,49,16,12,20,20,20260807,5,1,1,1,0,0,0,6272,0.261333,1,0.0015,0
935,8670.12,7,0,2.69008,3.94496,0,0,0,6.63504,215,215,0,1,2.03342,2.03342,1184,373,0,618,0,0,0,0,0,2987,3667.93,1.56425,7.92975,450854,88,53889,1376,1312528,352,215556,5504,32,4,419145,819078,13412640,3276312,16688952,4,4,12,4,49,16,12,20,20,20260807,5,1,1,1,0,0,0,6272,0.261333,1,0.0015,0
936,8684.11,14,0,10.5291,3.37746,0,0,0,13.9066,216,215,0,1,2.03342,2.03342,1184,367,4,619,0,0,0,0,0,2993,3674.38,0.955208,7.92975,451432,88,53889,1376,1314574,352,215556,5504,32,4,420381,821196,13452192,3284784,16736976,4,4,12,4,49,16,12,20,20,20260807,5,1,1,1,0,0,0,6272,0.261333,1,0.0015,0
937,8696.9,13,0,8.99471,3.71279,0,0,0,12.7075,216,216,0,1,2.03342,2.03342,1190,370,2,621,0,0,0,0,0,2995,3678.51,1.93992,7.92975,451678,88,53889,1382,1315303,352,215556,5528,32,4,421191,822546,13478112,3290184,16768296,4,4,12,4,49,16,12,20,20,20260807,5,1,1,1,0,0,0,6273,0.261375,1,0.0015,1
938,8702.45,5,0,1.66458,3.74717,0,0,0,5.41175,216,216,0,1,2.03342,2.03342,1190,367,1,624,0,0,0,0,0,2998,3681.94,1.13229,7.92975,452202,88,53889,1382,1317173,352,215556,5528,32,4,423430,826290,13549760,3305160,16854920,4,4,12,4,49,16,12,20,20,20260807,5,1,1,1,0,0,0,6273,0.261375,1,0.0015,0
939,8713.52,11,0,7.29263,3.70108,0,0,0,10.9937,217,217,0,1,2.03342,2.03342,1196,372,0,625,0,0,0,0,0,2999,3682.94,1.00383,7.92975,452202,88,53889,1382,1317173,352,215556,5528,32,4,423814,827202,13562048,3308808,16870856,4,4,12,4,49,16,12,20,20,20260807,5,1,1,1,0,0,0,6273,0.261375,1,0.0015,0
940,8719.31,6,0,1.8405,3.85946,0,0,0,5.69996,217,217,0,1,2.03342,2.03342,1196,368,1,628,0,0,0,0,0,3004,3687.69,1.0165,7.92975,453035,88,53889,1386,1320163,352,215556,5544,32,4,426820,832224,13658240,3328896,16987136,4,4,12,4,49,16,12,20,20,20260807,5,1,1,1,0,0,0,6273,0.261375,1,0.0015,0
941,8730.34,11,0,7.28717,3.66567,0,0,0,10.9528,218,218,0,1,2.03342,2.03342,1202,373,0,629,0,0,0,0,0,3005,3689.42,1.72913,7.92975,453060,88,53889,1386,1320217,352,215556,5544,32,4,426874,832374,13659968,3329496,16989464,4,4,12,4,49,16,12,20,20,20260807,5,1,1,1,0,0,0,6273,0.261375,1,0.0015,0
942,8735.6,5,0,1.62321,3.55858,0,0,0,5.18179,218,218,0,1,2.03342,2.03342,1202,369,1,630,0,0,0,0,0,3008,3692.7,1.11088,7.92975,453782,88,53889,1394,1322332,352,215556,5576,32,4,427808,834066,13689856,3336264,17026120,4,4,12,4,49,16,12,20,20,20260807,5,1,1,1,0,0,0,6273,0.261375,1,0.0015,0
943,8748.88,14,0,9.53067,3.661,0,0,0,13.1917,219,219,0,1,2.03342,2.03342,1208,373,1,633,0,0,0,0,0,3011,3695.36,1.15333,7.92975,454602,88,53889,1394,1325042,352,215556,5576,32,4,431731,841674,13815392,3366696,17182088,4,4,12,4,49,16,12,20,20,20260807,5,1,1,1,0,0,0,6274,0.261417,1,0.0015,1
944,8754.42,5,0,1.50617,3.95608,0,0,0,5.46225,220,219,0,1,2.03342,2.03342,1208,373,0,633,0,0,0,0,0,3011,3695.36,1.15333,7.92975,454602,88,53889,1394,1325042,352,215556,5576,32,4,431731,841674,13815392,3366696,17182088,4,4,12,4,49,16,12,20,20,20260807,5,1,1,1,0,0,0,6274,0.261417,1,0.0015,0
945,8761.69,7,0,2.13504,4.99225,0,0,0,7.12729,220,220,0,1,2.03342,2.03342,1214,379,0,633,0,0,0,0,0,3011,3695.36,1.15333,7.92975,454602,88,53889,1394,1325042,352,215556,5576,32,4,431731,841674,13815392,3366696,17182088,4,4,12,4,49,16,12,20,20,20260807,5,1,1,1,0,0,0,6274,0.261417,1,0.0015,0
946,8770.51,9,0,4.72858,4.01129,0,0,0,8.73987,221,221,0,1,2.03342,2.03342,1220,385,0,633,0,0,0,0,0,3011,3695.36,1.15333,7.92975,454602,88,53889,1394,1325042,352,215556,5576,32,4,431731,841674,13815392,3366696,17182088,4,4,12,4,49,16,12,20,20,20260807,5,1,1,1,0,0,0,6274,0.261417,1,0.0015,0
947,8780,10,0,5.84217,3.57079,0,0,0,9.41296,221,221,0,1,2.03342,2.03342,1220,381,2,634,0,0,0,0,0,3014,3699.67,1.17804,7.92975,455508,88,53889,1400,1327618,352,215556,5600,32,4,432120,842508,13827840,3370032,17197872,4,4,12,4,49,16,12,20,20,20260807,5,1,1,1,0,0,0,6274,0.261417,1,0.0015,0
948,8785.83,6,0,1.87729,3.85304,0,0,0,5.73033,221,221,0,1,2.03342,2.03342,1220,378,1,639,0,0,0,0,0,3018,3704.77,1.212,7.92975,456509,88,53889,1400,1330598,352,215556,5600,32,4,436623,851628,13971936,3406512,17378448,4,4,12,4,49,16,12,20,20,20260807,5,1,1,1,0,0,0,6274,0.261417,1,0.0015,0
949,8796.65,10,0,7.25796,3.49004,0,0,0,10.748,222,221,0,1,2.03342,2.03342,1220,373,4,641,0,0,0,0,0,3023,3710.99,1.06871,7.92975,458139,88,53889,1406,1335844,352,215556,5624,32,4,437756,854112,14008192,3416448,17424640,4,4,12,4,49,16,12,20,20,20260807,5,1,1,1,0,0,0,6275,0.261458,1,0.0015,1
950,8805.59,9,0,5.18146,3.67563,0,0,0,8.85708,222,222,0,1,2.03342,2.03342,1226,379,0,645,0,0,0,0,0,3023,3710.99,1.06871,7.92975,458139,88,53889,1406,1335844,352,215556,5624,32,4,442581,862968,14162592,3451872,17614464,4,4,12,4,49,16,12,20,20,20260807,5,1,1,1,0,0,0,6275,0.261458,1,0.0015,0
951,8813.63,8,0,4.22354,3.74458,0,0,0,7.96812,222,222,0,1,2.03342,2.03342,1226,374,3,647,0,0,0,0,0,3028,3716.27,1.08283,7.92975,459112,88,53889,1412,1338624,352,215556,5648,32,4,443783,865416,14201056,3461664,17662720,4,4,12,4,49,16,12,20,20,20260807,5,1,1,1,0,0,0,6275,0.261458,1,0.0015,0
952,8819.58,6,0,1.90092,3.93363,0,0,0,5.83454,223,222,0,1,2.03342,2.03342,1226,373,0,651,0,0,0,0,0,3029,3717.91,1.64796,7.92975,459479,88,53889,1412,1339683,352,215556,5648,32,4,446444,871044,14286208,3484176,17770384,4,4,12,4,49,16,12,20,20,20260807,5,1,1,1,0,0,0,6275,0.261458,1,0.0015,0
953,8828.88,10,0,1.60438,7.61683,0,0,0,9.22121,223,223,0,1,2.03342,2.03342,1232,379,0,651,0,0,0,0,0,3029,3717.91,1.64796,7.92975,459479,88,53889,1412,1339683,352,215556,5648,32,4,446444,871044,14286208,3484176,17770384,4,4,12,4,49,16,12,20,20,20260807,5,1,1,1,0,0,0,6275,0.261458,1,0.0015,0
954,8837.27,8,0,4.04758,4.26075,0,0,0,8.30833,224,224,0,1,2.03342,2.03342,1238,385,0,651,0,0,0,0,0,3029,3717.91,1.64796,7.92975,459479,88,53889,1412,1339683,352,215556,5648,32,4,446444,871044,14286208,3484176,17770384,4,4,12,4,49,16,12,20,20,20260807,5,1,1,1,0,0,0,6275,0.261458,1,0.0015,0
955,8845.11,8,0,4.22213,3.53892,0,0,0,7.76104,225,225,0,1,2.03342,2.03342,1243,390,0,651,0,0,0,0,0,3029,3717.91,1.64796,7.92975,459479,88,53889,1412,1339683,352,215556,5648,32,4,446444,871044,14286208,3484176,17770384,4,4,12,4,49,16,12,20,20,20260807,5,1,1,1,0,0,0,6276,0.2615,1,0.0015,1
956,8852.9,8,0,3.46833,4.23796,0,0,0,7.70629,225,225,0,1,2.03342,2.03342,1243,385,2,653,0,0,0,0,0,3033,3722.11,0.366041,7.92975,460659,88,53889,1420,1343313,352,215556,5680,32,4,448817,875502,14362144,3502008,17864152,4,4,12,4,49,16,12,20,20,20260807,5,1,1,1,0,0,0,6276,0.2615,1,0.0015,0
957,8863.79,11,0,7.08721,3.72442,0,0,0,10.8116,225,225,0,1,2.03342,2.03342,1243,378,4,657,0,0,0,0,0,3040,3729.97,1.41454,7.92975,462551,88,53889,1426,1349106,352,215556,5704,32,4,451089,880350,14434848,3521400,17956248,4,4,12,4,49,16,12,20,20,20260807,5,1,1,1,0,0,0,6276,0.2615,1,0.0015,0
958,8873.27,9,0,5.70667,3.69238,0,0,0,9.39904,226,226,0,1,2.03342,2.03342,1249,384,0,661,0,0,0,0,0,3041,3731.04,1.06796,7.92975,462634,88,53889,1426,1349335,352,215556,5704,32,4,456152,890058,14596864,3560232,18157096,4,4,12,4,49,16,12,20,20,20260807,5,1,1,1,0,0,0,6276,0.2615,1,0.0015,0
959,8880.4,7,0,2.98071,4.06283,0,0,0,7.04354,226,226,0,1,2.03342,2.03342,1249,381,1,662,0,0,0,0,0,3043,3734.76,2.34304,7.92975,462960,88,53889,1426,1350265,352,215556,5704,32,4,456540,890916,14609280,3563664,18172944,4,4,12,4,49,16,12,20,20,20260807,5,1,1,1,0,0,0,6276,0.2615,1,0.0015,0
960,8886.34,6,0,1.82421,4.03929,0,0,0,5.8635,226,226,0,1,2.03342,2.03342,1249,378,1,665,0,0,0,0,0,3046,3738.84,1.19629,7.92975,463610,88,53889,1430,1352658,352,215556,5720,32,4,459373,895680,14699936,3582720,18282656,4,4,12,4,49,16,12,20,20,20260807,5,1,1,1,0,0,0,6276,0.2615,1,0.0015,0
961,8897.91,12,0,7.37838,4.10329,0,0,0,11.4817,227,227,0,1,2.03342,2.03342,1255,384,0,667,0,0,0,0,0,3047,3739.9,1.05725,7.92975,463733,88,53889,1430,1352962,352,215556,5720,32,4,459795,896676,14713440,3586704,18300144,4,4,12,4,49,16,12,20,20,20260807,5,1,1,1,0,0,0,6277,0.261542,1,0.0015,1
962,8904.09,6,0,1.80583,4.29867,0,0,0,6.1045,227,227,0,1,2.03342,2.03342,1255,381,1,668,0,0,0,0,0,3049,3742.43,1.11333,7.92975,464395,88,53889,1432,1355005,352,215556,5728,32,4,460525,898314,14736800,3593256,18330056,4,4,12,4,49,16,12,20,20,20260807,5,1,1,1,0,0,0,6277,0.261542,1,0.0015,0
963,8913.67,9,0,5.65242,3.84117,0,0,0,9.49358,228,227,0,1,2.03342,2.03342,1255,378,2,671,0,0,0,0,0,3053,3746.63,0.982834,7.92975,464408,88,53889,1432,1355044,352,215556,5728,32,4,461885,900738,14780320,3602952,18383272,4,4,12,4,49,16,12,20,20,20260807,5,1,1,1,0,0,0,6277,0.261542,1,0.0015,0
964,8920.1,7,0,1.77058,4.58108,0,0,0,6.35167,228,228,0,1,2.03342,2.03342,1261,383,0,671,0,0,0,0,0,3053,3746.63,0.982834,7.92975,464408,88,53889,1432,1355044,352,215556,5728,32,4,461885,900738,14780320,3602952,18383272,4,4,12,4,49,16,12,20,20,20260807,5,1,1,1,0,0,0,6277,0.261542,1,0.0015,0
965,8930.46,10,0,6.50054,3.77825,0,0,0,10.2788,229,228,0,1,2.03342,2.03342,1261,378,3,674,0,0,0,0,0,3059,3753.17,1.14217,7.92975,465897,88,53889,1440,1359650,352,215556,5760,32,4,463610,904410,14835520,3617640,18453160,4,4,12,4,49,16,12,20,20,20260807,5,1,1,1,0,0,0,6277,0.261542,1,0.0015,0
966,8938.31,8,0,4.21458,3.51771,0,0,0,7.73229,229,229,0,1,2.03342,2.03342,1267,383,0,677,0,0,0,0,0,3059,3753.17,1.14217,7.92975,465897,88,53889,1440,1359650,352,215556,5760,32,4,466523,909720,14928736,3638880,18567616,4,4,12,4,49,16,12,20,20,20260807,5,1,1,1,0,0,0,6277,0.261542,1,0.0015,0
967,8946.85,9,0,4.77588,3.68538,0,0,0,8.46125,229,229,0,1,2.03342,2.03342,1267,378,2,680,0,0,0,0,0,3064,3757.92,1.02996,7.92975,466719,88,53889,1444,1362258,352,215556,5776,32,4,468339,913464,14986848,3653856,18640704,4,4,12,4,49,16,12,20,20,20260807,5,1,1,1,0,0,0,6278,0.261583,1,0.0015,1
968,8952.37,5,0,1.64929,3.79446,0,0,0,5.44375,230,229,0,1,2.03342,2.03342,1267,378,0,681,0,0,0,0,0,3065,3758.99,1.06808,7.92975,466719,88,53889,1444,1362258,352,215556,5776,32,4,469147,914676,15012704,3658704,18671408,4,4,12,4,49,16,12,20,20,20260807,5,1,1,1,0,0,0,6278,0.261583,1,0.0015,0
969,8962.04,10,0,2.82808,6.75958,0,0,0,9.58767,230,230,0,1,2.03342,2.03342,1273,384,0,681,0,0,0,0,0,3065,3758.99,1.06808,7.92975,466719,88,53889,1444,1362258,352,215556,5776,32,4,469147,914676,15012704,3658704,18671408,4,4,12,4,49,16,12,20,20,20260807,5,1,1,1,0,0,0,6278,0.261583,1,0.0015,0
970,8969.89,8,0,3.65721,4.11392,0,0,0,7.77112,230,230,0,1,2.03342,2.03342,1273,379,1,684,0,0,0,0,0,3069,3765.45,1.25246,7.92975,467395,88,53889,1454,1364555,352,215556,5816,32,4,469960,916404,15038720,3665616,18704336,4,4,12,4,49,16,12,20,20,20260807,5,1,1,1,0,0,0,6278,0.261583,1,0.0015,0
971,8981.81,12,0,7.76917,4.07408,0,0,0,11.8432,231,231,0,1,2.03342,2.03342,1279,384,0,687,0,0,0,0,0,3071,3768.11,1.28612,7.92975,467572,88,53889,1454,1365021,352,215556,5816,32,4,471950,919854,15102400,3679416,18781816,4,4,12,4,49,16,12,20,20,20260807,5,1,1,1,0,0,0,6278,0.261583,1,0.0015,0
972,8988.14,6,0,1.89958,4.34058,0,0,0,6.24017,231,231,0,1,2.03342,2.03342,1279,381,1,688,0,0,0,0,0,3073,3771.72,1.53196,7.92975,468177,88,53889,1464,1366794,352,215556,5856,32,4,472621,921258,15123872,3685032,18808904,4,4,12,4,49,16,12,20,20,20260807,5,1,1,1,0,0,0,6278,0.261583,1,0.0015,0
973,8997.9,10,0,5.18904,4.49887,0,0,0,9.68792,232,231,0,1,2.03342,2.03342,1279,378,2,691,0,0,0,0,0,3077,3776.57,0.992875,7.92975,468639,88,53889,1464,1368382,352,215556,5856,32,4,474945,925422,15198240,3701688,18899928,4,4,12,4,49,16,12,20,20,20260807,5,1,1,1,0,0,0,6279,0.261625,1,0.0015,1
974,9006.91,9,0,5.18467,3.73117,0,0,0,8.91583,233,232,0,1,2.03342,2.03342,1285,384,0,692,0,0,0,0,0,3077,3776.57,0.992875,7.92975,468639,88,53889,1464,1368382,352,215556,5856,32,4,475351,926316,15211232,3705264,18916496,4,4,12,4,49,16,12,20,20,20260807,5,1,1,1,0,0,0,6279,0.261625,1,0.0015,0
975,9012.56,5,0,1.68679,3.88967,0,0,0,5.57646,233,232,0,1,2.03342,2.03342,1285,384,0,692,0,0,0,0,0,3077,3776.57,0.992875,7.92975,468639,88,53889,1464,1368382,352,215556,5856,32,4,475351,926316,15211232,3705264,18916496,4,4,12,4,49,16,12,20,20,20260807,5,1,1,1,0,0,0,6279,0.261625,1,0.0015,0
976,9020.1,8,0,2.9805,4.47625,0,0,0,7.45675,233,233,0,1,2.03342,2.03342,1291,390,0,692,0,0,0,0,0,3077,3776.57,0.992875,7.92975,468639,88,53889,1464,1368382,352,215556,5856,32,4,475351,926316,15211232,3705264,18916496,4,4,12,4,49,16,12,20,20,20260807,5,1,1,1,0,0,0,6279,0.261625,1,0.0015,0
977,9033.92,14,0,6.0475,7.68796,0,0,0,13.7355,234,234,0,1,2.03342,2.03342,1297,396,0,692,0,0,0,0,0,3077,3776.57,0.992875,7.92975,468639,88,53889,1464,1368382,352,215556,5856,32,4,475351,926316,15211232,3705264,18916496,4,4,12,4,49,16,12,20,20,20260807,5,1,1,1,0,0,0,6279,0.261625,1,0.0015,0
978,9049.35,15,0,11.505,3.84612,0,0,0,15.3511,235,235,0,1,2.03342,2.03342,1303,396,1,697,0,0,0,0,0,3083,3783.08,1.09858,7.92975,470134,88,53889,1474,1372840,352,215556,5896,32,4,478951,933372,15326432,3733488,19059920,4,4,12,4,49,16,12,20,20,20260807,5,1,1,1,0,0,0,6280,0.261667,1,0.0015,1
979,9055.49,6,0,2.01296,4.03437,0,0,0,6.04733,235,235,0,1,2.03342,2.03342,1303,393,1,699,0,0,0,0,0,3085,3786.3,1.43492,7.92975,470607,88,53889,1474,1374169,352,215556,5896,32,4,480801,937356,15385632,3749424,19135056,4,4,12,4,49,16,12,20,20,20260807,5,1,1,1,0,0,0,6280,0.261667,1,0.0015,0
980,9064.01,9,0,4.35675,4.06921,0,0,0,8.42596,236,235,0,1,2.03342,2.03342,1303,390,2,702,0,0,0,0,0,3089,3791.11,1.10467,7.92975,471801,88,53889,1476,1378128,352,215556,5904,32,4,484159,943188,15493088,3772752,19265840,4,4,12,4,49,16,12,20,20,20260807,5,1,1,1,0,0,0,6280,0.261667,1,0.0015,0
981,9072.39,8,0,4.55175,3.73708,0,0,0,8.28883,236,236,0,1,2.03342,2.03342,1309,396,0,704,0,0,0,0,0,3089,3791.11,1.10467,7.92975,471801,88,53889,1476,1378128,352,215556,5904,32,4,485145,945360,15524640,3781440,19306080,4,4,12,4,49,16,12,20,20,20260807,5,1,1,1,0,0,0,6280,0.261667,1,0.0015,0
982,9080.63,8,0,4.37608,3.78608,0,0,0,8.16217,236,236,0,1,2.03342,2.03342,1309,390,2,707,0,0,0,0,0,3094,3796.08,1.0365,7.92975,473228,88,53889,1476,1382590,352,215556,5904,32,4,487571,950646,15602272,3802584,19404856,4,4,12,4,49,16,12,20,20,20260807,5,1,1,1,0,0,0,6280,0.261667,1,0.0015,0
983,9086.64,6,0,1.91129,4.02017,0,0,0,5.93146,237,236,0,1,2.03342,2.03342,1309,390,0,710,0,0,0,0,0,3095,3797.3,1.22504,7.92975,473426,88,53889,1476,1383132,352,215556,5904,32,4,490149,955110,15684768,3820440,19505208,4,4,12,4,49,16,12,20,20,20260807,5,1,1,1,0,0,0,6280,0.261667,1,0.0015,0
984,9095.7,9,0,2.5705,6.40733,0,0,0,8.97783,237,237,0,1,2.03342,2.03342,1315,396,0,710,0,0,0,0,0,3095,3797.3,1.22504,7.92975,473426,88,53889,1476,1383132,352,215556,5904,32,4,490149,955110,15684768,3820440,19505208,4,4,12,4,49,16,12,20,20,20260807,5,1,1,1,0,0,0,6281,0.261708,1,0.0015,1
985,9104.03,9,0,3.96996,4.28754,0,0,0,8.2575,238,238,0,1,2.03342,2.03342,1320,401,0,710,0,0,0,0,0,3095,3797.3,1.22504,7.92975,473426,88,53889,1476,1383132,352,215556,5904,32,4,490149,955110,15684768,3820440,19505208,4,4,12,4,49,16,12,20,20,20260807,5,1,1,1,0,0,0,6281,0.261708,1,0.0015,0
986,9111.89,8,0,4.227,3.54433,0,0,0,7.77133,239,239,0,1,2.03342,2.03342,1325,406,0,710,0,0,0,0,0,3095,3797.3,1.22504,7.92975,473426,88,53889,1476,1383132,352,215556,5904,32,4,490149,955110,15684768,3820440,19505208,4,4,12,4,49,16,12,20,20,20260807,5,1,1,1,0,0,0,6281,0.261708,1,0.0015,0
987,9120.02,8,0,3.98787,4.06775,0,0,0,8.05562,239,239,0,1,2.03342,2.03342,1325,401,3,712,0,0,0,0,0,3100,3802.37,1.20192,7.92975,474360,88,53889,1488,1386417,352,215556,5952,32,4,493168,960120,15781376,3840480,19621856,4,4,12,4,49,16,12,20,20,20260807,5,1,1,1,0,0,0,6281,0.261708,1,0.0015,0
988,9132.67,12,0,8.25029,4.30371,0,0,0,12.554,240,240,0,1,2.03342,2.03342,1331,406,0,715,0,0,0,0,0,3101,3804.13,1.76513,7.92975,474360,88,53889,1488,1386417,352,215556,5952,32,4,493482,960786,15791424,3843144,19634568,4,4,12,4,49,16,12,20,20,20260807,5,1,1,1,0,0,0,6281,0.261708,1,0.0015,0
989,9139.64,7,0,2.98833,3.89954,0,0,0,6.88788,240,240,0,1,2.03342,2.03342,1331,401,3,717,0,0,0,0,0,3106,3809.18,1.01933,7.92975,475494,88,53889,1498,1390027,352,215556,5992,32,4,495759,965508,15864288,3862032,19726320,4,4,12,4,49,16,12,20,20,20260807,5,1,1,1,0,0,0,6282,0.26175,1,0.0015,1
990,9147.07,8,0,3.48071,3.86658,0,0,0,7.34729,241,240,0,1,2.03342,2.03342,1331,400,0,720,0,0,0,0,0,3107,3811.26,2.08042,7.92975,475742,88,53889,1498,1390704,352,215556,5992,32,4,497809,969138,15929888,3876552,19806440,4,4,12,4,49,16,12,20,20,20260807,5,1,1,1,0,0,0,6282,0.26175,1,0.0015,0
991,9154.24,7,0,2.95646,4.13946,0,0,0,7.09592,241,241,0,1,2.03342,2.03342,1337,406,0,720,0,0,0,0,0,3107,3811.26,2.08042,7.92975,475742,88,53889,1498,1390704,352,215556,5992,32,4,497809,969138,15929888,3876552,19806440,4,4,12,4,49,16,12,20,20,20260807,5,1,1,1,0,0,0,6282,0.26175,1,0.0015,0
992,9163.95,10,0,6.04554,3.57854,0,0,0,9.62408,241,241,0,1,2.03342,2.03342,1337,400,3,722,0,0,0,0,0,3112,3816.42,1.05192,7.92975,477009,88,53889,1510,1394678,352,215556,6040,32,4,498474,970530,15951168,3882120,19833288,4,4,12,4,49,16,12,20,20,20260807,5,1,1,1,0,0,0,6282,0.26175,1,0.0015,0
993,9172.93,9,0,5.38333,3.51625,0,0,0,8.89958,242,242,0,1,2.03342,2.03342,1343,406,0,726,0,0,0,0,0,3113,3818.13,1.711,7.92975,477156,88,53889,1510,1395092,352,215556,6040,32,4,502245,977694,16071840,3910776,19982616,4,4,12,4,49,16,12,20,20,20260807,5,1,1,1,0,0,0,6282,0.26175,1,0.0015,0
994,9180.04,7,0,3.41979,3.58467,0,0,0,7.00446,242,242,0,1,2.03342,2.03342,1343,402,2,727,0,0,0,0,0,3116,3821.81,1.06838,7.92975,478018,88,53889,1520,1397508,352,215556,6080,32,4,503075,979524,16098400,3918096,20016496,4,4,12,4,49,16,12,20,20,20260807,5,1,1,1,0,0,0,6282,0.26175,1,0.0015,0
995,9186.47,6,0,2.31667,4.01271,0,0,0,6.32937,242,242,0,1,2.03342,2.03342,1343,399,0,731,0,0,0,0,0,3119,3824.33,0.993625,7.92975,478354,88,53889,1520,1398836,352,215556,6080,32,4,506029,984942,16192928,3939768,20132696,4,4,12,4,49,16,12,20,20,20260807,5,1,1,1,0,0,0,6282,0.26175,1,0.0015,0
996,9196.91,11,0,6.75796,3.59704,0,0,0,10.355,243,242,0,1,2.03342,2.03342,1343,394,4,733,0,0,0,0,0,3125,3831.91,1.0195,7.92975,479988,112,53889,1522,1403678,448,215556,6088,32,4,507222,987558,16231104,3950232,20181336,4,4,12,4,49,16,12,20,20,20260807,5,1,1,1,0,0,0,6283,0.261792,1,0.0015,1
997,9206.43,9,0,5.789,3.65675,0,0,0,9.44575,243,243,0,1,2.03342,2.03342,1349,399,0,737,0,0,0,0,0,3125,3831.91,1.0195,7.92975,479988,112,53889,1522,1403678,448,215556,6088,32,4,510975,994902,16351200,3979608,20330808,4,4,12,4,49,16,12,20,20,20260807,5,1,1,1,0,0,0,6283,0.261792,1,0.0015,0
998,9213.51,7,0,3.25979,3.74054,0,0,0,7.00033,243,243,0,1,2.03342,2.03342,1349,395,2,740,0,0,0,0,0,3130,3836.92,1.04842,7.92975,481126,112,53889,1528,1407223,448,215556,6112,32,4,512594,998448,16403008,3993792,20396800,4,4,12,4,49,16,12,20,20,20260807,5,1,1,1,0,0,0,6283,0.261792,1,0.0015,0
999,9219.5,6,0,2.04083,3.86621,0,0,0,5.90704,244,243,0,1,2.03342,2.03342,1349,394,0,743,0,0,0,0,0,3131,3838.33,1.40688,7.92975,481157,112,53889,1528,1407301,448,215556,6112,32,4,514622,1001952,16467904,4007808,20475712,4,4,12,4,49,16,12,20,20,20260807,5,1,1,1,0,0,0,6283,0.261792,1,0.0015,0
1000,9228.33,9,0,2.65796,6.10088,0,0,0,8.75883,244,244,0,1,2.03342,2.03342,1355,399,0,743,0,0,0,0,0,3131,3838.33,1.40688,7.92975,481157,112,53889,1528,1407301,448,215556,6112,32,4,514622,1001952,16467904,4007808,20475712,4,4,12,4,49,16,12,20,20,20260807,5,1,1,1,0,0,0,6283,0.261792,1,0.0015,0
1001,9236.48,8,0,4.24258,3.82342,0,0,0,8.066,244,244,0,1,2.03342,2.03342,1355,393,2,747,0,0,0,0,0,3138,3845.69,1.57217,7.92975,482632,112,53889,1536,1411990,448,215556,6144,32,4,519246,1010628,16615872,4042512,20658384,4,4,12,4,49,16,12,20,20,20260807,5,1,1,1,0,0,0,6283,0.261792,1,0.0015,0
1002,9247.01,11,0,6.77767,3.67525,0,0,0,10.4529,244,244,0,1,2.03342,2.03342,1355,388,3,749,0,0,0,0,0,3142,3851.69,1.10862,7.92975,483755,112,53889,1548,1415651,448,215556,6192,32,4,519608,1011456,16627456,4045824,20673280,4,4,12,4,49,16,12,20,20,20260807,5,1,1,1,0,0,0,6284,0.261833,1,0.0015,1
1003,9253.12,6,0,2.05012,3.96808,0,0,0,6.01821,245,244,0,1,2.03342,2.03342,1355,388,0,753,0,0,0,0,0,3143,3852.73,1.048,7.92975,483817,112,53889,1548,1415822,448,215556,6192,32,4,523223,1018032,16743136,4072128,20815264,4,4,12,4,49,16,12,20,20,20260807,5,1,1,1,0,0,0,6284,0.261833,1,0.0015,0
1004,9263.49,10,0,6.74492,3.55208,0,0,0,10.297,245,245,0,1,2.03342,2.03342,1361,390,1,755,0,0,0,0,0,3146,3855.56,0.993792,7.92975,485094,116,53889,1554,1420217,464,215556,6216,32,4,526902,1024140,16860864,4096560,20957424,4,4,12,4,49,16,12,20,20,20260807,5,1,1,1,0,0,0,6284,0.261833,1,0.0015,0
1005,9269.99,7,0,2.39754,4.01962,0,0,0,6.41717,245,245,0,1,2.03342,2.03342,1361,386,1,759,0,0,0,0,0,3150,3859.74,1.20513,7.92975,486448,140,53889,1560,1424072,560,215556,6240,32,4,530567,1031682,16978144,4126728,21104872,4,4,12,4,49,16,12,20,20,20260807,5,1,1,1,0,0,0,6284,0.261833,1,0.0015,0
1006,9280.28,10,0,6.67504,3.52404,0,0,0,10.1991,246,246,0,1,2.03342,2.03342,1367,391,0,760,0,0,0,0,0,3151,3860.73,0.995792,7.92975,486448,140,53889,1560,1424072,560,215556,6240,32,4,531633,1034058,17012256,4136232,21148488,4,4,12,4,49,16,12,20,20,20260807,5,1,1,1,0,0,0,6284,0.261833,1,0.0015,0
1007,9286.34,6,0,2.10671,3.87829,0,0,0,5.985,246,246,0,1,2.03342,2.03342,1367,388,2,762,0,0,0,0,0,3155,3864.75,0.42375,7.92975,487687,140,53889,1568,1427885,560,215556,6272,32,4,534295,1039542,17097440,4158168,21255608,4,4,12,4,49,16,12,20,20,20260807,5,1,1,1,0,0,0,6284,0.261833,1,0.0015,0
1008,9299.26,13,0,9.13633,3.67796,0,0,0,12.8143,247,247,0,1,2.03342,2.03342,1373,392,0,766,0,0,0,0,0,3157,3867.41,0.978875,7.92975,488425,140,53889,1568,1429899,560,215556,6272,32,4,537492,1045968,17199744,4183872,21383616,4,4,12,4,49,16,12,20,20,20260807,5,1,1,1,0,0,0,6285,0.261875,1,0.0015,1
1009,9305.37,6,0,2.18321,3.8605,0,0,0,6.04371,247,247,0,1,2.03342,2.03342,1373,388,1,768,0,0,0,0,0,3160,3871.4,1.37479,7.92975,489612,140,53889,1570,1433254,560,215556,6280,32,4,539819,1050846,17274208,4203384,21477592,4,4,12,4,49,16,12,20,20,20260807,5,1,1,1,0,0,0,6285,0.261875,1,0.0015,0
1010,9313.74,9,0,4.435,3.85379,0,0,0,8.28879,248,247,0,1,2.03342,2.03342,1373,386,1,771,0,0,0,0,0,3163,3874.76,1.02417,7.92975,490306,140,53889,1580,1435401,560,215556,6320,32,4,541970,1055028,17343040,4220112,21563152,4,4,12,4,49,16,12,20,20,20260807,5,1,1,1,0,0,0,6285,0.261875,1,0.0015,0
1011,9320.64,6,0,2.70383,4.11346,0,0,0,6.81729,248,248,0,1,2.03342,2.03342,1379,391,0,772,0,0,0,0,0,3163,3874.76,1.02417,7.92975,490306,140,53889,1580,1435401,560,215556,6320,32,4,543042,1057326,17377344,4229304,21606648,4,4,12,4,49,16,12,20,20,20260807,5,1,1,1,0,0,0,6285,0.261875,1,0.0015,0
1012,9330.3,10,0,6.09887,3.48025,0,0,0,9.57912,249,248,0,1,2.03342,2.03342,1379,386,3,775,0,0,0,0,0,3169,3881.23,1.48362,7.92975,491229,140,53889,1584,1438241,560,215556,6336,32,4,545022,1061574,17440704,4246296,21687000,4,4,12,4,49,16,12,20,20,20260807,5,1,1,1,0,0,0,6285,0.261875,1,0.0015,0
1013,9339.22,9,0,4.9765,3.86329,0,0,0,8.83979,249,249,0,1,2.03342,2.03342,1385,392,0,776,0,0,0,0,0,3169,3881.23,1.48362,7.92975,491229,140,53889,1584,1438241,560,215556,6336,32,4,545898,1062888,17468736,4251552,21720288,4,4,12,4,49,16,12,20,20,20260807,5,1,1,1,0,0,0,6285,0.261875,1,0.0015,0
1014,9348.39,9,0,5.391,3.68433,0,0,0,9.07533,250,250,0,1,2.03342,2.03342,1391,398,0,776,0,0,0,0,0,3169,3881.23,1.48362,7.92975,491229,140,53889,1584,1438241,560,215556,6336,32,4,545898,1062888,17468736,4251552,21720288,4,4,12,4,49,16,12,20,20,20260807,5,1,1,1,0,0,0,6286,0.261917,1,0.0015,1
1015,9354.4,6,0,1.69121,4.23767,0,0,0,5.92887,251,250,0,1,2.03342,2.03342,1391,398,0,776,0,0,0,0,0,3169,3881.23,1.48362,7.92975,491229,140,53889,1584,1438241,560,215556,6336,32,4,545898,1062888,17468736,4251552,21720288,4,4,12,4,49,16,12,20,20,20260807,5,1,1,1,0,0,0,6286,0.261917,1,0.0015,0
1016,9361.97,9,0,2.62671,4.87208,0,0,0,7.49879,251,251,0,1,2.03342,2.03342,1397,403,0,776,0,0,0,0,0,3169,3881.23,1.48362,7.92975,491229,140,53889,1584,1438241,560,215556,6336,32,4,545898,1062888,17468736,4251552,21720288,4,4,12,4,49,16,12,20,20,20260807,5,1,1,1,0,0,0,6286,0.261917,1,0.0015,0
1017,9369.61,7,0,3.65696,3.89038,0,0,0,7.54733,251,251,0,1,2.03342,2.03342,1397,398,1,780,0,0,0,0,0,3174,3886.37,1.02133,7.92975,492163,140,53889,1584,1441379,560,215556,6336,32,4,548979,1068360,17567328,4273440,21840768,4,4,12,4,49,16,12,20,20,20260807,5,1,1,1,0,0,0,6286,0.261917,1,0.0015,0
1018,9380.03,10,0,6.96008,3.38908,0,0,0,10.3492,252,252,0,1,2.03342,2.03342,1403,403,0,782,0,0,0,0,0,3175,3887.41,1.04446,7.92975,492229,140,53889,1584,1441555,560,215556,6336,32,4,549212,1068888,17574784,4275552,21850336,4,4,12,4,49,16,12,20,20,20260807,5,1,1,1,0,0,0,6286,0.261917,1,0.0015,0
1019,9385.88,6,0,1.929,3.82596,0,0,0,5.75496,252,252,0,1,2.03342,2.03342,1403,401,1,784,0,0,0,0,0,3178,3892.13,1.48229,7.92975,492743,140,53889,1584,1442968,560,215556,6336,32,4,550044,1070700,17601408,4282800,21884208,4,4,12,4,49,16,12,20,20,20260807,5,1,1,1,0,0,0,6286,0.261917,1,0.0015,0
1020,9400.25,14,0,10.529,3.76079,0,0,0,14.2898,253,253,0,1,2.03342,2.03342,1409,404,2,786,0,0,0,0,0,3181,3895.5,1.02792,7.92975,493261,140,53889,1594,1444751,560,215556,6376,32,4,552215,1074624,17670880,4298496,21969376,4,4,12,4,49,16,12,20,20,20260807,5,1,1,1,0,0,0,6287,0.261958,1,0.0015,1
1021,9406.2,6,0,2.12337,3.75062,0,0,0,5.874,253,253,0,1,2.03342,2.03342,1409,401,1,788,0,0,0,0,0,3183,3898.66,1.4085,7.92975,493261,140,53889,1594,1444751,560,215556,6376,32,4,552448,1075140,17678336,4300560,21978896,4,4,12,4,49,16,12,20,20,20260807,5,1,1,1,0,0,0,6287,0.261958,1,0.0015,0
1022,9413.39,7,0,3.55138,3.52533,0,0,0,7.07671,253,253,0,1,2.03342,2.03342,1409,398,1,790,0,0,0,0,0,3186,3902.52,2.01758,7.92975,493875,140,53889,1600,1446956,560,215556,6400,32,4,554611,1078698,17747552,4314792,22062344,4,4,12,4,49,16,12,20,20,20260807,5,1,1,1,0,0,0,6287,0.261958,1,0.0015,0
1023,9422.46,9,0,5.48454,3.49538,0,0,0,8.97992,254,254,0,1,2.03342,2.03342,1415,404,0,792,0,0,0,0,0,3187,3903.62,1.09442,7.92975,494152,140,53889,1600,1447716,560,215556,6400,32,4,555437,1080522,17773984,4322088,22096072,4,4,12,4,49,16,12,20,20,20260807,5,1,1,1,0,0,0,6287,0.261958,1,0.0015,0
1024,9430.51,8,0,4.332,3.64283,0,0,0,7.97483,255,255,0,1,2.03342,2.03342,1420,409,0,792,0,0,0,0,0,3187,3903.62,1.09442,7.92975,494152,140,53889,1600,1447716,560,215556,6400,32,4,555437,1080522,17773984,4322088,22096072,4,4,12,4,49,16,12,20,20,20260807,5,1,1,1,0,0,0,6287,0.261958,1,0.0015,0
1025,9437.1,7,0,1.72346,4.02654,0,0,0,5.75,256,255,0,1,2.03342,2.03342,1420,409,0,792,0,0,0,0,0,3187,3903.62,1.09442,7.92975,494152,140,53889,1600,1447716,560,215556,6400,32,4,555437,1080522,17773984,4322088,22096072,4,4,12,4,49,16,12,20,20,20260807,5,1,1,1,0,0,0,6287,0.261958,1,0.0015,0
1026,9445.21,8,0,2.68396,5.33933,0,0,0,8.02329,256,256,0,1,2.03342,2.03342,1425,413,0,792,0,0,0,0,0,3187,3903.62,1.09442,7.92975,494152,140,53889,1600,1447716,560,215556,6400,32,4,555437,1080522,17773984,4322088,22096072,4,4,12,4,49,16,12,20,20,20260807,5,1,1,1,0,0,0,6288,0.262,1,0.0015,1
1027,9452.35,7,0,3.32425,3.75008,0,0,0,7.07433,257,256,0,1,2.03342,2.03342,1425,409,1,795,0,0,0,0,0,3192,3909.49,1.31462,7.92975,494691,140,53889,1606,1449609,560,215556,6424,32,4,557354,1083792,17835328,4335168,22170496,4,4,12,4,49,16,12,20,20,20260807,5,1,1,1,0,0,0,6288,0.262,1,0.0015,0
1028,9461.81,10,0,5.09612,4.27029,0,0,0,9.36642,257,257,0,1,2.03342,2.03342,1431,414,0,795,2,0,0,0,0,3192,3909.49,1.31462,7.92975,494691,140,53889,1606,1449609,560,215556,6424,32,4,557354,1083792,17835328,4335168,22170496,4,4,12,4,49,16,12,20,20,20260807,5,1,1,1,0,0,0,6288,0.262,1,0.0015,0
1029,9470.55,8,0,4.38687,4.27442,0,0,0,8.66129,257,257,0,1,2.03342,2.03342,1431,410,1,799,0,0,0,0,0,3198,3915.28,0.561584,7.92975,496742,144,53889,1616,1456713,576,215556,6464,32,4,561009,1090356,17952288,4361424,22313712,4,4,12,4,49,16,12,20,20,20260807,5,1,1,1,0,0,0,6288,0.262,1,0.0015,0
1030,9483.39,13,0,9.14462,3.61842,0,0,0,12.763,258,258,0,1,2.03342,2.03342,1437,414,0,802,0,0,0,0,0,3200,3917.44,1.04633,7.92975,497026,144,53889,1616,1457487,576,215556,6464,32,4,562802,1093770,18009664,4375080,22384744,4,4,12,4,49,16,12,20,20,20260807,5,1,1,1,0,0,0,6288,0.262,1,0.0015,0
1031,9489.59,6,0,2.24804,3.86725,0,0,0,6.11529,258,258,0,1,2.03342,2.03342,1437,411,0,804,0,0,0,0,0,3202,3920.59,2.03508,7.92975,497322,144,53889,1628,1458390,576,215556,6512,32,4,563753,1095618,18040096,4382472,22422568,4,4,12,4,49,16,12,20,20,20260807,5,1,1,1,0,0,0,6289,0.262042,1,0.0015,1
1032,9496.9,8,0,3.55271,3.68242,0,0,0,7.23513,258,258,0,1,2.03342,2.03342,1437,407,1,807,0,0,0,0,0,3206,3924.84,0.93225,7.92975,498159,144,53889,1628,1460872,576,215556,6512,32,4,565837,1099800,18106784,4399200,22505984,4,4,12,4,49,16,12,20,20,20260807,5,1,1,1,0,0,0,6289,0.262042,1,0.0015,0
1033,9502.82,6,0,1.98254,3.84904,0,0,0,5.83158,258,258,0,1,2.03342,2.03342,1437,405,0,810,0,0,0,0,0,3208,3928.71,1.06042,7.92975,498287,144,53889,1628,1461223,576,215556,6512,32,4,566586,1101408,18130752,4405632,22536384,4,4,12,4,49,16,12,20,20,20260807,5,1,1,1,0,0,0,6289,0.262042,1,0.0015,0
1034,9513.61,10,0,7.16996,3.54854,0,0,0,10.7185,259,258,0,1,2.03342,2.03342,1437,402,2,812,0,0,0,0,0,3212,3934.97,0.991459,7.92975,498757,144,53889,1632,1462802,576,215556,6528,32,4,568177,1104246,18181664,4416984,22598648,4,4,12,4,49,16,12,20,20,20260807,5,1,1,1,0,0,0,6289,0.262042,1,0.0015,0
1035,9520.41,7,0,2.59917,4.11121,0,0,0,6.71037,259,259,0,1,2.03342,2.03342,1443,407,0,813,0,0,0,0,0,3212,3934.97,0.991459,7.92975,498757,144,53889,1632,1462802,576,215556,6528,32,4,568181,1104252,18181792,4417008,22598800,4,4,12,4,49,16,12,20,20,20260807,5,1,1,1,0,0,0,6289,0.262042,1,0.0015,0
1036,9530.18,10,0,6.27979,3.40808,0,0,0,9.68788,260,259,0,1,2.03342,2.03342,1443,402,3,816,0,0,0,0,0,3218,3941.81,1.48321,7.92975,500172,144,53889,1638,1467093,576,215556,6552,32,4,569685,1107444,18229920,4429776,22659696,4,4,12,4,49,16,12,20,20,20260807,5,1,1,1,0,0,0,6289,0.262042,1,0.0015,0
1037,9539.76,10,0,5.3565,4.11917,0,0,0,9.47567,260,260,0,1,2.03342,2.03342,1449,408,0,819,0,0,0,0,0,3218,3941.81,1.48321,7.92975,500172,144,53889,1638,1467093,576,215556,6552,32,4,572496,1112778,18319872,4451112,22770984,4,4,12,4,49,16,12,20,20,20260807,5,1,1,1,0,0,0,6289,0.262042,1,0.0015,0
1038,9547.01,7,0,3.34875,3.81654,0,0,0,7.16529,260,260,0,1,2.03342,2.03342,1449,403,3,821,0,0,0,0,0,3223,3946.92,1.14425,7.92975,501456,144,53889,1644,1470832,576,215556,6576,32,4,575258,1118508,18408256,4474032,22882288,4,4,12,4,49,16,12,20,20,20260807,5,1,1,1,0,0,0,6290,0.262083,1,0.0015,1
1039,9553.26,6,0,1.92208,4.24879,0,0,0,6.17087,261,260,0,1,2.03342,2.03342,1449,402,0,825,0,0,0,0,0,3224,3948.35,1.43258,7.92975,501471,144,53889,1644,1470879,576,215556,6576,32,4,576306,1120608,18441792,4482432,22924224,4,4,12,4,49,16,12,20,20,20260807,5,1,1,1,0,0,0,6290,0.262083,1,0.0015,0
1040,9562,9,0,5.09642,3.56954,0,0,0,8.66596,261,261,0,1,2.03342,2.03342,1455,408,0,825,0,0,0,0,0,3224,3948.35,1.43258,7.92975,501471,144,53889,1644,1470879,576,215556,6576,32,4,576306,1120608,18441792,4482432,22924224,4,4,12,4,49,16,12,20,20,20260807,5,1,1,1,0,0,0,6290,0.262083,1,0.0015,0
1041,9570.23,8,0,4.00237,4.14875,0,0,0,8.15113,261,261,0,1,2.03342,2.03342,1455,403,3,826,0,0,0,0,0,3228,3952.88,0.552208,7.92975,501982,144,53889,1648,1472431,576,215556,6592,32,4,576317,1120638,18442144,4482552,22924696,4,4,12,4,49,16,12,20,20,20260807,5,1,1,1,0,0,0,6290,0.262083,1,0.0015,0
1042,9581.06,11,0,6.59363,4.15992,0,0,0,10.7535,261,261,0,1,2.03342,2.03342,1455,398,2,829,0,0,0,0,0,3233,3958.78,1.27067,7.92975,502211,144,53889,1648,1473051,576,215556,6592,32,4,577922,1123812,18493504,4495248,22988752,4,4,12,4,49,16,12,20,20,20260807,5,1,1,1,0,0,0,6290,0.262083,1,0.0015,0
1043,9587.91,7,0,2.74021,4.02025,0,0,0,6.76046,262,261,0,1,2.03342,2.03342,1455,396,0,833,0,0,0,0,0,3236,3963.33,1.10204,7.92975,503208,144,53889,1656,1476230,576,215556,6624,32,4,581705,1131102,18614560,4524408,23138968,4,4,12,4,49,16,12,20,20,20260807,5,1,1,1,0,0,0,6290,0.262083,1,0.0015,0
1044,9598.16,10,0,5.9605,4.20567,0,0,0,10.1662,262,262,0,1,2.03342,2.03342,1461,400,0,833,1,0,0,0,0,3238,3965.26,0.966917,7.92975,504537,148,53889,1666,1481070,592,215556,6664,32,4,581630,1130994,18612160,4523976,23136136,4,4,12,4,49,16,12,20,20,20260807,5,1,1,1,0,0,0,6291,0.262125,1,0.0015,1
1045,9605.76,8,0,3.22412,4.29908,0,0,0,7.52321,262,262,0,1,2.03342,2.03342,1461,397,1,836,0,0,0,0,0,3242,3970.69,1.05258,7.92975,506106,148,53889,1674,1485973,592,215556,6696,32,4,584401,1136916,18700832,4547664,23248496,4,4,12,4,49,16,12,20,20,20260807,5,1,1,1,0,0,0,6291,0.262125,1,0.0015,0
1046,9616.47,10,0,6.78404,3.84492,0,0,0,10.629,263,263,0,1,2.03342,2.03342,1467,402,1,838,0,0,0,0,0,3244,3973.8,1.50325,7.92975,506589,148,53889,1674,1487352,592,215556,6696,32,4,585780,1139814,18744960,4559256,23304216,4,4,12,4,49,16,12,20,20,20260807,5,1,1,1,0,0,0,6291,0.262125,1,0.0015,0
1047,9622.9,7,0,2.44017,3.90912,0,0,0,6.34929,263,263,0,1,2.03342,2.03342,1467,398,2,840,0,0,0,0,0,3247,3977.89,1.45696,7.92975,506877,148,53889,1686,1488270,592,215556,6744,32,4,586728,1141578,18775296,4566312,23341608,4,4,12,4,49,16,12,20,20,20260807,5,1,1,1,0,0,0,6291,0.262125,1,0.0015,0
1048,9630.81,8,0,3.54754,4.29008,0,0,0,7.83763,264,263,0,1,2.03342,2.03342,1467,396,2,843,0,0,0,0,0,3250,3980.8,1.3225,7.92975,507614,148,53889,1686,1490640,592,215556,6744,32,4,588279,1144224,18824928,4576896,23401824,4,4,12,4,49,16,12,20,20,20260807,5,1,1,1,0,0,0,6291,0.262125,1,0.0015,0
1049,9639.89,9,0,5.17025,3.83462,0,0,0,9.00488,264,264,0,1,2.03342,2.03342,1473,401,1,844,0,0,0,0,0,3250,3980.8,1.3225,7.92975,507614,148,53889,1686,1490640,592,215556,6744,32,4,589116,1146036,18851712,4584144,23435856,4,4,12,4,49,16,12,20,20,20260807,5,1,1,1,0,0,0,6291,0.262125,1,0.0015,0
1050,9646.79,7,0,3.09758,3.71508,0,0,0,6.81267,264,264,0,1,2.03342,2.03342,1473,399,3,845,0,0,0,0,0,3253,3986.86,1.49233,7.92975,508259,148,53889,1686,1492447,592,215556,6744,32,4,590174,1148322,18885568,4593288,23478856,4,4,12,4,49,16,12,20,20,20260807,5,1,1,1,0,0,0,6292,0.262167,1,0.0015,1
1051,9653.68,6,0,2.46854,4.31225,0,0,0,6.78079,264,264,0,1,2.03342,2.03342,1473,396,2,848,0,0,0,0,0,3255,3989.6,2.13029,7.92975,508846,148,53889,1686,1494486,592,215556,6744,32,4,592640,1152738,18964480,4610952,23575432,4,4,12,4,49,16,12,20,20,20260807,5,1,1,1,0,0,0,6292,0.262167,1,0.0015,0
1052,9664.17,11,0,6.634,3.77413,0,0,0,10.4081,265,265,0,1,2.03342,2.03342,1479,401,1,850,0,0,0,0,0,3256,3990.88,1.27421,7.92975,509170,148,53889,1686,1495347,592,215556,6744,32,4,593823,1155372,19002336,4621488,23623824,4,4,12,4,49,16,12,20,20,20260807,5,1,1,1,0,0,0,6292,0.262167,1,0.0015,0
1053,9671.44,7,0,2.595,4.59404,0,0,0,7.18904,265,265,0,1,2.03342,2.03342,1479,399,2,852,0,0,0,0,0,3259,3995.92,2.47692,7.92975,509937,148,53889,1694,1497579,592,215556,6776,32,4,594772,1157238,19032704,4628952,23661656,4,4,12,4,49,16,12,20,20,20260807,5,1,1,1,0,0,0,6292,0.262167,1,0.0015,0
1054,9680.64,9,0,5.39683,3.72592,0,0,0,9.12275,266,265,0,1,2.03342,2.03342,1479,396,2,855,0,0,0,0,0,3262,3999.17,0.958791,7.92975,510805,148,53889,1694,1500360,592,215556,6776,32,4,598485,1164384,19151520,4657536,23809056,4,4,12,4,49,16,12,20,20,20260807,5,1,1,1,0,0,0,6292,0.262167,1,0.0015,0
1055,9698.61,18,0,13.8994,3.98158,0,0,0,17.881,267,266,0,1,2.03342,2.03342,1485,396,6,856,2,0,0,0,0,3269,4006.94,1.07271,7.92975,513255,152,53889,1706,1508220,608,215556,6824,32,4,598868,1165230,19163776,4660920,23824696,4,4,12,4,49,16,12,20,20,20260807,5,1,1,1,0,0,0,6292,0.262167,1,0.0015,0
1056,9710.55,12,0,7.72417,4.126,0,0,0,11.8502,267,267,0,1,2.03342,2.03342,1491,401,2,859,0,0,0,0,0,3271,4008.86,0.971,7.92975,514496,152,53889,1716,1512785,608,215556,6864,32,4,602253,1172538,19272096,4690152,23962248,4,4,12,4,49,16,12,20,20,20260807,5,1,1,1,0,0,0,6293,0.262208,1,0.0015,1
1057,9721,11,0,6.35325,4.01429,0,0,0,10.3675,267,267,0,1,2.03342,2.03342,1491,396,6,860,0,0,0,0,0,3276,4016.74,1.09204,7.92975,515294,152,53889,1718,1515246,608,215556,6872,32,4,602989,1174212,19295648,4696848,23992496,4,4,12,4,49,16,12,20,20,20260807,5,1,1,1,0,0,0,6293,0.262208,1,0.0015,0
1058,9732.94,12,0,8.20146,3.64496,0,0,0,11.8464,268,268,0,1,2.03342,2.03342,1497,402,2,865,0,0,0,0,0,3277,4018.25,1.51471,7.92975,515442,152,53889,1718,1515674,608,215556,6872,32,4,605150,1178226,19364800,4712904,24077704,4,4,12,4,49,16,12,20,20,20260807,5,1,1,1,0,0,0,6293,0.262208,1,0.0015,0
1059,9740.29,7,0,2.69504,4.57158,0,0,0,7.26663,268,268,0,1,2.03342,2.03342,1497,399,3,866,0,0,0,0,0,3279,4021.99,2.08567,7.92975,515851,152,53889,1718,1516827,608,215556,6872,32,4,605154,1178232,19364928,4712928,24077856,4,4,12,4,49,16,12,20,20,20260807,5,1,1,1,0,0,0,6294,0.26225,1,0.0015,1
1060,9747.19,7,0,2.80496,4.00267,0,0,0,6.80762,269,268,0,1,2.03342,2.03342,1497,396,2,871,0,0,0,0,0,3283,4026.37,1.04892,7.92975,516500,152,53889,1718,1518938,608,215556,6872,32,4,608414,1184574,19469248,4738296,24207544,4,4,12,4,49,16,12,20,20,20260807,5,1,1,1,0,0,0,6294,0.26225,1,0.0015,0
1061,9754.4,7,0,2.37283,4.75537,0,0,0,7.12821,269,269,0,1,2.03342,2.03342,1503,401,2,871,0,0,0,0,0,3283,4026.37,1.04892,7.92975,516500,152,53889,1718,1518938,608,215556,6872,32,4,608414,1184574,19469248,4738296,24207544,4,4,12,4,49,16,12,20,20,20260807,5,1,1,1,0,0,0,6294,0.26225,1,0.0015,0
1062,9764.74,11,0,5.72792,4.53113,0,0,0,10.259,270,269,0,1,2.03342,2.03342,1503,396,4,875,0,0,0,0,0,3289,4032.64,1.04217,7.92975,518358,152,53889,1726,1524631,608,215556,6904,32,4,612867,1193010,19611744,4772040,24383784,4,4,12,4,49,16,12,20,20,20260807,5,1,1,1,0,0,0,6294,0.26225,1,0.0015,0
1063,9773.92,9,0,5.05337,4.03929,0,0,0,9.09267,270,270,0,1,2.03342,2.03342,1509,401,2,877,0,0,0,0,0,3289,4032.64,1.04217,7.92975,518358,152,53889,1726,1524631,608,215556,6904,32,4,614139,1195770,19652448,4783080,24435528,4,4,12,4,49,16,12,20,20,20260807,5,1,1,1,0,0,0,6294,0.26225,1,0.0015,0
1064,9780.98,7,0,2.90521,4.06883,0,0,0,6.97404,270,270,0,1,2.03342,2.03342,1509,398,3,879,0,0,0,0,0,3292,4037.41,1.67729,7.92975,518725,152,53889,1726,1525591,608,215556,6904,32,4,615015,1197780,19680480,4791120,24471600,4,4,12,4,49,16,12,20,20,20260807,5,1,1,1,0,0,0,6294,0.26225,1,0.0015,0
1065,9787.91,7,0,2.18767,4.64,0,0,0,6.82767,271,270,0,1,2.03342,2.03342,1509,397,2,882,0,0,0,0,0,3294,4040.9,1.08625,7.92975,519252,152,53889,1726,1527019,608,215556,6904,32,4,616527,1201134,19728864,4804536,24533400,4,4,12,4,49,16,12,20,20,20260807,5,1,1,1,0,0,0,6294,0.26225,1,0.0015,0
1066,9795.92,8,0,3.91279,4.01571,0,0,0,7.9285,271,271,0,1,2.03342,2.03342,1515,402,2,882,0,0,0,0,0,3294,4040.9,1.08625,7.92975,519252,152,53889,1726,1527019,608,215556,6904,32,4,616527,1201134,19728864,4804536,24533400,4,4,12,4,49,16,12,20,20,20260807,5,1,1,1,0,0,0,6295,0.262292,1,0.0015,1
1067,9815.88,20,0,16.1221,3.78012,0,0,0,19.9022,272,272,0,1,2.03342,2.03342,1521,403,6,884,0,0,0,0,0,3300,4049.47,1.07354,7.92975,521323,152,53889,1736,1533202,608,215556,6944,32,4,618559,1205448,19793888,4821792,24615680,4,4,12,4,49,16,12,20,20,20260807,5,1,1,1,0,0,0,6295,0.262292,1,0.0015,0
1068,9823.29,7,0,3.46858,3.86692,0,0,0,7.3355,272,272,0,1,2.03342,2.03342,1521,400,3,889,0,0,0,0,0,3302,4053.22,2.07492,7.92975,521940,152,53889,1736,1534964,608,215556,6944,32,4,623317,1214838,19946144,4859352,24805496,4,4,12,4,49,16,12,20,20,20260807,5,1,1,1,0,0,0,6295,0.262292,1,0.0015,0
1069,9830.82,8,0,3.36008,4.09592,0,0,0,7.456,272,272,0,1,2.03342,2.03342,1521,397,3,892,0,0,0,0,0,3305,4058.42,1.911,7.92975,522420,152,53889,1740,1536675,608,215556,6960,32,4,626227,1220202,20039264,4880808,24920072,4,4,12,4,49,16,12,20,20,20260807,5,1,1,1,0,0,0,6295,0.262292,1,0.0015,0
1070,9837.31,6,0,2.12304,4.29696,0,0,0,6.42,273,272,0,1,2.03342,2.03342,1521,397,2,894,0,0,0,0,0,3306,4059.93,1.50567,7.92975,522431,152,53889,1740,1536706,608,215556,6960,32,4,626270,1220292,20040640,4881168,24921808,4,4,12,4,49,16,12,20,20,20260807,5,1,1,1,0,0,0,6295,0.262292,1,0.0015,0
1071,9845.71,9,0,3.18254,5.14475,0,0,0,8.32729,273,273,0,1,2.03342,2.03342,1527,403,2,894,0,0,0,0,0,3306,4059.93,1.50567,7.92975,522431,152,53889,1740,1536706,608,215556,6960,32,4,626270,1220292,20040640,4881168,24921808,4,4,12,4,49,16,12,20,20,20260807,5,1,1,1,0,0,0,6296,0.262333,1,0.0015,1
1072,9852.38,6,0,2.43983,4.15225,0,0,0,6.59208,273,273,0,1,2.03342,2.03342,1527,399,3,896,0,0,0,0,0,3310,4065.25,0.700583,7.92975,523574,152,53889,1746,1540259,608,215556,6984,32,4,627897,1223940,20092704,4895760,24988464,4,4,12,4,49,16,12,20,20,20260807,5,1,1,1,0,0,0,6296,0.262333,1,0.0015,0
1073,9866.44,14,0,10.361,3.64058,0,0,0,14.0015,274,274,0,1,2.03342,2.03342,1533,400,2,899,3,0,0,0,0,3312,4068.44,1.06021,7.92975,524081,152,53889,1746,1541620,608,215556,6984,32,4,631208,1230228,20198656,4920912,25119568,4,4,12,4,49,16,12,20,20,20260807,5,1,1,1,0,0,0,6296,0.262333,1,0.0015,0
1074,9875.19,9,0,4.69979,3.91242,0,0,0,8.61221,274,274,0,1,2.03342,2.03342,1533,396,4,902,1,0,0,0,0,3317,4074.46,1.82721,7.92975,525749,156,53889,1758,1546780,624,215556,7032,32,4,634165,1235892,20293280,4943568,25236848,4,4,12,4,49,16,12,20,20,20260807,5,1,1,1,0,0,0,6296,0.262333,1,0.0015,0
1075,9888.93,14,0,9.46575,4.18537,0,0,0,13.6511,275,275,0,1,2.03342,2.03342,1539,400,4,906,0,0,0,0,0,3321,4078.76,0.859166,7.92975,527301,156,53889,1780,1551962,624,215556,7120,32,4,639287,1245654,20457184,4982616,25439800,4,4,12,4,49,16,12,20,20,20260807,5,1,1,1,0,0,0,6296,0.262333,1,0.0015,0
1076,9897.65,8,0,4.54771,4.09467,0,0,0,8.64237,275,275,0,1,2.03342,2.03342,1539,394,6,909,0,0,0,0,0,3326,4083.91,1.10342,7.92975,528553,156,53889,1788,1555827,624,215556,7152,32,4,641417,1250220,20525344,5000880,25526224,4,4,12,4,49,16,12,20,20,20260807,5,1,1,1,0,0,0,6297,0.262375,1,0.0015,1
1077,9904.26,7,0,2.2675,4.25979,0,0,0,6.52729,276,275,0,1,2.03342,2.03342,1539,394,4,912,0,0,0,0,0,3327,4086.02,2.11092,7.92975,528600,156,53889,1788,1555951,624,215556,7152,32,4,643308,1253496,20585856,5013984,25599840,4,4,12,4,49,16,12,20,20,20260807,5,1,1,1,0,0,0,6297,0.262375,1,0.0015,0
1078,9912.8,9,0,4.18925,4.29404,0,0,0,8.48329,276,276,0,1,2.03342,2.03342,1545,398,5,912,0,0,0,0,0,3329,4087.72,0.887917,7.92975,529384,160,53889,1800,1558765,640,215556,7200,32,4,643308,1253496,20585856,5013984,25599840,4,4,12,4,49,16,12,20,20,20260807,5,1,1,1,0,0,0,6297,0.262375,1,0.0015,0
1079,9930.55,17,0,13.9012,3.73787,0,0,0,17.6391,277,277,0,1,2.03342,2.03342,1551,400,6,916,0,0,0,0,0,3334,4094.48,1.94421,7.92975,529852,160,53889,1800,1560053,640,215556,7200,32,4,644288,1255590,20617216,5022360,25639576,4,4,12,4,49,16,12,20,20,20260807,5,1,1,1,0,0,0,6297,0.262375,1,0.0015,0
1080,9936.68,6,0,2.1665,3.89887,0,0,0,6.06538,277,277,0,1,2.03342,2.03342,1551,397,6,918,0,0,0,0,0,3336,4097.67,1.82354,7.92975,529998,160,53889,1800,1560462,640,215556,7200,32,4,644628,1256364,20628096,5025456,25653552,4,4,12,4,49,16,12,20,20,20260807,5,1,1,1,0,0,0,6297,0.262375,1,0.0015,0
1081,9949.86,14,0,9.36229,3.73762,0,0,0,13.0999,278,278,0,1,2.03342,2.03342,1556,399,6,921,0,0,0,0,0,3340,4101.7,0.992417,7.92975,530326,160,53889,1810,1561648,640,215556,7240,32,4,646231,1259208,20679392,5036832,25716224,4,4,12,4,49,16,12,20,20,20260807,5,1,1,1,0,0,0,6298,0.262417,1,0.0015,1
1082,9956.02,6,0,2.27475,3.80583,0,0,0,6.08058,278,278,0,1,2.03342,2.03342,1556,397,5,922,0,0,0,0,0,3341,4103.89,2.19313,7.92975,530681,160,53889,1810,1562619,640,215556,7240,32,4,647202,1261338,20710464,5045352,25755816,4,4,12,4,49,16,12,20,20,20260807,5,1,1,1,0,0,0,6298,0.262417,1,0.0015,0
1083,9964.1,8,0,4.10046,3.90842,0,0,0,8.00887,278,278,0,1,2.03342,2.03342,1556,394,6,924,0,0,0,0,0,3344,4109.12,0.925375,7.92975,531489,160,53889,1820,1565072,640,215556,7280,32,4,649567,1266054,20786144,5064216,25850360,4,4,12,4,49,16,12,20,20,20260807,5,1,1,1,0,0,0,6298,0.262417,1,0.0015,0
1084,9970.15,6,0,1.91183,4.05312,0,0,0,5.96496,279,278,0,1,2.03342,2.03342,1556,393,5,926,0,0,0,0,0,3346,4111.41,1.15413,7.92975,531655,160,53889,1820,1565516,640,215556,7280,32,4,650139,1267242,20804448,5068968,25873416,4,4,12,4,49,16,12,20,20,20260807,5,1,1,1,0,0,0,6298,0.262417,1,0.0015,0
1085,9979.02,9,0,2.21362,6.56558,0,0,0,8.77921,279,278,0,1,2.03342,2.03342,1556,393,5,926,0,0,0,0,0,3346,4111.41,1.15413,7.92975,531655,160,53889,1820,1565516,640,215556,7280,32,4,650139,1267242,20804448,5068968,25873416,4,4,12,4,49,16,12,20,20,20260807,5,1,1,1,0,0,0,6298,0.262417,1,0.0015,0
1086,9985.75,7,0,2.42329,4.23825,0,0,0,6.66154,279,279,0,1,2.03342,2.03342,1561,396,6,926,0,0,0,0,0,3347,4113.3,1.88754,7.92975,531830,160,53889,1820,1565967,640,215556,7280,32,4,650139,1267242,20804448,5068968,25873416,4,4,12,4,49,16,12,20,20,20260807,5,1,1,1,0,0,0,6298,0.262417,1,0.0015,0
1087,9998.76,13,0,9.337,3.58871,0,0,0,12.9257,280,280,0,1,2.03342,2.03342,1566,398,6,929,0,0,0,0,0,3351,4117.48,1.01029,7.92975,532657,160,53889,1822,1568586,640,215556,7288,32,4,653217,1273266,20902944,5093064,25996008,4,4,12,4,49,16,12,20,20,20260807,5,1,1,1,0,0,0,6299,0.262458,1,0.0015,1
1088,10005.9,7,0,2.88775,4.16583,0,0,0,7.05358,280,280,0,1,2.03342,2.03342,1566,393,6,932,0,0,0,0,0,3355,4121.76,1.18721,7.92975,533751,160,53889,1830,1571861,640,215556,7320,32,4,656388,1279554,21004416,5118216,26122632,4,4,12,4,49,16,12,20,20,20260807,5,1,1,1,0,0,0,6299,0.262458,1,0.0015,0
1089,10014,8,0,3.9195,4.13375,0,0,0,8.05325,281,280,0,1,2.03342,2.03342,1566,393,5,934,0,0,0,0,0,3356,4123.1,1.34383,7.92975,534054,160,53889,1830,1572677,640,215556,7320,32,4,657340,1281696,21034880,5126784,26161664,4,4,12,4,49,16,12,20,20,20260807,5,1,1,1,0,0,0,6299,0.262458,1,0.0015,0
1090,10021.8,8,0,3.23167,4.43092,0,0,0,7.66258,281,281,0,1,2.03342,2.03342,1571,397,5,934,0,0,0,0,0,3356,4123.1,1.34383,7.92975,534054,160,53889,1830,1572677,640,215556,7320,32,4,657340,1281696,21034880,5126784,26161664,4,4,12,4,49,16,12,20,20,20260807,5,1,1,1,0,0,0,6299,0.262458,1,0.0015,0
1091,10030.9,9,0,4.95179,4.05342,0,0,0,9.00521,281,281,0,1,2.03342,2.03342,1571,393,6,937,0,0,0,0,0,3360,4128.16,1.15354,7.92975,535035,160,53889,1832,1575782,640,215556,7328,32,4,659868,1286286,21115776,5145144,26260920,4,4,12,4,49,16,12,20,20,20260807,5,1,1,1,0,0,0,6299,0.262458,1,0.0015,0
1092,10039.9,9,0,5.22246,3.71454,0,0,0,8.937,282,282,0,1,2.03342,2.03342,1576,398,5,939,0,0,0,0,0,3361,4130.86,2.70558,7.92975,535051,160,53889,1832,1575837,640,215556,7328,32,4,660508,1287690,21136256,5150760,26287016,4,4,12,4,49,16,12,20,20,20260807,5,1,1,1,0,0,0,6299,0.262458,1,0.0015,0
1093,10046.7,7,0,3.09917,3.67037,0,0,0,6.76954,282,282,0,1,2.03342,2.03342,1576,394,7,940,0,0,0,0,0,3364,4135.3,1.22375,7.92975,536351,184,53889,1836,1579926,736,215556,7344,32,4,661083,1288944,21154656,5155776,26310432,4,4,12,4,49,16,12,20,20,20260807,5,1,1,1,0,0,0,6300,0.2625,1,0.0015,1
1094,10054.5,7,0,3.38296,4.33067,0,0,0,7.71363,283,282,0,1,2.03342,2.03342,1576,393,5,944,0,0,0,0,0,3366,4137.19,1.10225,7.92975,537055,184,53889,1836,1581930,736,215556,7344,32,4,666713,1299882,21334816,5199528,26534344,4,4,12,4,49,16,12,20,20,20260807,5,1,1,1,0,0,0,6300,0.2625,1,0.0015,0
1095,10062.6,8,0,2.63183,5.3345,0,0,0,7.96633,283,283,0,1,2.03342,2.03342,1581,397,5,944,0,0,0,0,0,3366,4137.19,1.10225,7.92975,537055,184,53889,1836,1581930,736,215556,7344,32,4,666713,1299882,21334816,5199528,26534344,4,4,12,4,49,16,12,20,20,20260807,5,1,1,1,0,0,0,6300,0.2625,1,0.0015,0
1096,10069.6,7,0,2.80404,4.13796,0,0,0,6.942,283,283,0,1,2.03342,2.03342,1581,394,6,946,0,0,0,0,0,3369,4142.3,1.43667,7.92975,538116,184,53889,1842,1585180,736,215556,7368,32,4,668936,1304040,21405952,5216160,26622112,4,4,12,4,49,16,12,20,20,20260807,5,1,1,1,0,0,0,6300,0.2625,1,0.0015,0
1097,10082.6,13,0,8.94817,3.96329,0,0,0,12.9115,284,284,0,1,2.03342,2.03342,1586,398,5,949,0,0,0,0,0,3371,4145.78,2.31688,7.92975,538783,184,53889,1842,1587049,736,215556,7368,32,4,671856,1310286,21499392,5241144,26740536,4,4,12,4,49,16,12,20,20,20260807,5,1,1,1,0,0,0,6300,0.2625,1,0.0015,0
1098,10088.8,7,0,2.32904,3.82533,0,0,0,6.15437,284,284,0,1,2.03342,2.03342,1586,394,6,951,0,0,0,0,0,3374,4149.18,1.14008,7.92975,539037,184,53889,1842,1587758,736,215556,7368,32,4,672349,1311342,21515168,5245368,26760536,4,4,12,4,49,16,12,20,20,20260807,5,1,1,1,0,0,0,6300,0.2625,1,0.0015,0
1099,10100.4,11,0,7.26058,4.24458,0,0,0,11.5052,285,285,0,1,2.03342,2.03342,1591,398,5,954,0,0,0,0,0,3376,4151.59,1.05483,7.92975,539269,184,53889,1842,1588370,736,215556,7368,32,4,673177,1313202,21541664,5252808,26794472,4,4,12,4,49,16,12,20,20,20260807,5,1,1,1,0,0,0,6301,0.262542,1,0.0015,1
1100,10107.3,7,0,2.80696,4.00708,0,0,0,6.81404,285,285,0,1,2.03342,2.03342,1591,394,7,956,0,0,0,0,0,3380,4156.63,1.13167,7.92975,540462,184,53889,1856,1591867,736,215556,7424,32,4,675788,1318416,21625216,5273664,26898880,4,4,12,4,49,16,12,20,20,20260807,5,1,1,1,0,0,0,6301,0.262542,1,0.0015,0
1101,10114.4,7,0,2.30996,4.68296,0,0,0,6.99292,286,285,0,1,2.03342,2.03342,1591,393,5,958,0,0,0,0,0,3381,4157.78,1.15712,7.92975,540462,184,53889,1856,1591867,736,215556,7424,32,4,676730,1320444,21655360,5281776,26937136,4,4,12,4,49,16,12,20,20,20260807,5,1,1,1,0,0,0,6301,0.262542,1,0.0015,0
1102,10121.2,7,0,2.43821,4.3325,0,0,0,6.77071,286,286,0,1,2.03342,2.03342,1596,397,5,958,0,0,0,0,0,3381,4157.78,1.15712,7.92975,540462,184,53889,1856,1591867,736,215556,7424,32,4,676730,1320444,21655360,5281776,26937136,4,4,12,4,49,16,12,20,20,20260807,5,1,1,1,0,0,0,6301,0.262542,1,0.0015,0
1103,10131.6,10,0,5.73575,4.56892,0,0,0,10.3047,287,286,0,1,2.03342,2.03342,1596,393,7,961,0,0,0,0,0,3386,4165.38,1.46637,7.92975,541531,184,53889,1862,1595007,736,215556,7448,32,4,679285,1325562,21737120,5302248,27039368,4,4,12,4,49,16,12,20,20,20260807,5,1,1,1,0,0,0,6301,0.262542,1,0.0015,0
1104,10141.1,10,0,4.64392,4.73667,0,0,0,9.38058,287,287,0,1,2.03342,2.03342,1601,397,5,963,0,0,0,0,0,3386,4165.38,1.46637,7.92975,541531,184,53889,1862,1595007,736,215556,7448,32,4,679894,1326894,21756608,5307576,27064184,4,4,12,4,49,16,12,20,20,20260807,5,1,1,1,0,0,0,6301,0.262542,1,0.0015,0
1105,10164.3,23,0,19.3294,3.85708,0,0,0,23.1865,288,288,0,1,2.03342,2.03342,1606,395,8,967,0,0,0,0,0,3393,4175.38,0.864166,7.92975,543557,184,53889,1880,1601066,736,215556,7520,32,4,683241,1333782,21863712,5335128,27198840,4,4,12,4,49,16,12,20,20,20260807,5,1,1,1,0,0,0,6302,0.262583,1,0.0015,1
1106,10171.2,7,0,2.43504,4.38687,0,0,0,6.82192,289,288,0,1,2.03342,2.03342,1606,393,6,971,0,0,0,0,0,3396,4178.95,1.19979,7.92975,543910,184,53889,1880,1602061,736,215556,7520,32,4,686951,1341144,21982432,5364576,27347008,4,4,12,4,49,16,12,20,20,20260807,5,1,1,1,0,0,0,6302,0.262583,1,0.0015,0
1107,10180.5,9,0,5.41375,3.76492,0,0,0,9.17867,289,289,0,1,2.03342,2.03342,1611,397,5,972,0,0,0,0,0,3396,4178.95,1.19979,7.92975,543910,184,53889,1880,1602061,736,215556,7520,32,4,687020,1341276,21984640,5365104,27349744,4,4,12,4,49,16,12,20,20,20260807,5,1,1,1,0,0,0,6302,0.262583,1,0.0015,0
1108,10187.6,7,0,2.497,4.43621,0,0,0,6.93321,289,289,0,1,2.03342,2.03342,1611,394,6,975,0,0,0,0,0,3400,4184.17,1.72879,7.92975,545294,184,53889,1900,1605933,736,215556,7600,32,4,690202,1348020,22086464,5392080,27478544,4,4,12,4,49,16,12,20,20,20260807,5,1,1,1,0,0,0,6302,0.262583,1,0.0015,0
1109,10199.5,12,0,8.09763,3.81875,0,0,0,11.9164,290,290,0,1,2.03342,2.03342,1616,398,5,976,0,0,0,0,0,3401,4186.12,1.9495,7.92975,545294,184,53889,1900,1605933,736,215556,7600,32,4,690972,1349700,22111104,5398800,27509904,4,4,12,4,49,16,12,20,20,20260807,5,1,1,1,0,0,0,6303,0.262625,1,0.0015,1
1110,10206.6,7,0,3.11583,3.86979,0,0,0,6.98562,290,290,0,1,2.03342,2.03342,1616,395,6,977,0,0,0,0,0,3403,4189.79,1.81604,7.92975,545386,184,53889,1910,1606276,736,215556,7640,32,4,690980,1349718,22111360,5398872,27510232,4,4,12,4,49,16,12,20,20,20260807,5,1,1,1,0,0,0,6303,0.262625,1,0.0015,0
1111,10213.5,7,0,3.10575,3.71242,0,0,0,6.81817,291,290,0,1,2.03342,2.03342,1616,393,6,980,0,0,0,0,0,3406,4194.99,1.76838,7.92975,546066,184,53889,1910,1608118,736,215556,7640,32,4,692179,1352184,22149728,5408736,27558464,4,4,12,4,49,16,12,20,20,20260807,5,1,1,1,0,0,0,6303,0.262625,1,0.0015,0
1112,10222.6,9,0,5.25863,3.75875,0,0,0,9.01737,291,291,0,1,2.03342,2.03342,1621,398,5,981,0,0,0,0,0,3406,4194.99,1.76838,7.92975,546066,184,53889,1910,1608118,736,215556,7640,32,4,693197,1354392,22182304,5417568,27599872,4,4,12,4,49,16,12,20,20,20260807,5,1,1,1,0,0,0,6303,0.262625,1,0.0015,0
1113,10230.7,8,0,4.01487,3.96492,0,0,0,7.97979,292,291,0,1,2.03342,2.03342,1621,393,7,984,0,0,0,0,0,3411,4199.66,0.9825,7.92975,547392,184,53889,1930,1611931,736,215556,7720,32,4,695845,1359798,22267040,5439192,27706232,4,4,12,4,49,16,12,20,20,20260807,5,1,1,1,0,0,0,6303,0.262625,1,0.0015,0
1114,10237.5,7,0,2.46625,4.3255,0,0,0,6.79175,292,292,0,1,2.03342,2.03342,1626,397,5,986,0,0,0,0,0,3411,4199.66,0.9825,7.92975,547392,184,53889,1930,1611931,736,215556,7720,32,4,697090,1362468,22306880,5449872,27756752,4,4,12,4,49,16,12,20,20,20260807,5,1,1,1,0,0,0,6303,0.262625,1,0.0015,0
1115,10247.4,10,0,5.96133,3.86125,0,0,0,9.82258,293,292,0,1,2.03342,2.03342,1626,393,7,989,0,0,0,0,0,3416,4207.17,2.22375,7.92975,548281,184,53889,1938,1614729,736,215556,7752,32,4,699113,1366086,22371616,5464344,27835960,4,4,12,4,49,16,12,20,20,20260807,5,1,1,1,0,0,0,6304,0.262667,1,0.0015,1
1116,10256,9,0,4.70329,3.77287,0,0,0,8.47617,293,293,0,1,2.03342,2.03342,1631,398,5,991,0,0,0,0,0,3416,4207.17,2.22375,7.92975,548281,184,53889,1938,1614729,736,215556,7752,32,4,699920,1367850,22397440,5471400,27868840,4,4,12,4,49,16,12,20,20,20260807,5,1,1,1,0,0,0,6304,0.262667,1,0.0015,0
1117,10263.7,8,0,3.86971,3.81562,0,0,0,7.68533,293,293,0,1,2.03342,2.03342,1631,394,7,993,0,0,0,0,0,3420,4211.65,1.14367,7.92975,549294,184,53889,1942,1617827,736,215556,7768,32,4,702525,1372860,22480800,5491440,27972240,4,4,12,4,49,16,12,20,20,20260807,5,1,1,1,0,0,0,6304,0.262667,1,0.0015,0
1118,10270.2,6,0,2.29167,4.09638,0,0,0,6.38804,294,293,0,1,2.03342,2.03342,1631,393,5,996,0,0,0,0,0,3421,4214,2.35346,7.92975,549381,184,53889,1942,1618062,736,215556,7768,32,4,703269,1374474,22504608,5497896,28002504,4,4,12,4,49,16,12,20,20,20260807,5,1,1,1,0,0,0,6304,0.262667,1,0.0015,0
1119,10279,9,0,4.65167,4.06367,0,0,0,8.71533,294,294,0,1,2.03342,2.03342,1636,398,5,996,0,0,0,0,0,3421,4214,2.35346,7.92975,549381,184,53889,1942,1618062,736,215556,7768,32,4,703269,1374474,22504608,5497896,28002504,4,4,12,4,49,16,12,20,20,20260807,5,1,1,1,0,0,0,6304,0.262667,1,0.0015,0
1120,10288.2,9,0,4.84408,4.28158,0,0,0,9.12567,295,295,0,1,2.03342,2.03342,1641,403,5,996,0,0,0,0,0,3421,4214,2.35346,7.92975,549381,184,53889,1942,1618062,736,215556,7768,32,4,703269,1374474,22504608,5497896,28002504,4,4,12,4,49,16,12,20,20,20260807,5,1,1,1,0,0,0,6304,0.262667,1,0.0015,0
1121,10297.2,9,0,5.21417,3.71029,0,0,0,8.92446,295,295,0,1,2.03342,2.03342,1641,398,7,998,0,0,0,0,0,3425,4218.96,1.74571,7.92975,550189,184,53889,1974,1620301,736,215556,7896,32,4,704294,1376568,22537408,5506272,28043680,4,4,12,4,49,16,12,20,20,20260807,5,1,1,1,0,0,0,6305,0.262708,1,0.0015,1
1122,10306.7,9,0,5.59354,3.77667,0,0,0,9.37021,296,296,0,1,2.03342,2.03342,1646,403,5,1001,0,0,0,0,0,3426,4220.3,1.334,7.92975,550285,184,53889,1974,1620553,736,215556,7896,32,4,705888,1380090,22588416,5520360,28108776,4,4,12,4,49,16,12,20,20,20260807,5,1,1,1,0,0,0,6305,0.262708,1,0.0015,0
1123,10314,8,0,3.28946,3.92946,0,0,0,7.21892,296,296,0,1,2.03342,2.03342,1646,399,7,1003,0,0,0,0,0,3430,4225.13,1.18362,7.92975,551027,184,53889,1982,1622822,736,215556,7928,32,4,707516,1383066,22640512,5532264,28172776,4,4,12,4,49,16,12,20,20,20260807,5,1,1,1,0,0,0,6305,0.262708,1,0.0015,0
1124,10320.5,6,0,2.25167,4.18687,0,0,0,6.43854,296,296,0,1,2.03342,2.03342,1646,395,6,1006,0,0,0,0,0,3433,4228.69,0.803375,7.92975,551784,184,53889,1996,1624952,736,215556,7984,32,4,709815,1388064,22714080,5552256,28266336,4,4,12,4,49,16,12,20,20,20260807,5,1,1,1,0,0,0,6305,0.262708,1,0.0015,0
1125,10332.2,12,0,8.00879,3.59275,0,0,0,11.6015,297,297,0,1,2.03342,2.03342,1651,398,5,1010,0,0,0,0,0,3436,4232.38,1.05467,7.92975,551963,184,53889,1996,1625455,736,215556,7984,32,4,710878,1390290,22748096,5561160,28309256,4,4,12,4,49,16,12,20,20,20260807,5,1,1,1,0,0,0,6305,0.262708,1,0.0015,0
1126,10338.6,6,0,2.34983,4.02137,0,0,0,6.37121,297,297,0,1,2.03342,2.03342,1651,394,6,1012,0,0,0,0,0,3439,4235.76,1.23175,7.92975,552496,184,53889,2026,1626925,736,215556,8104,32,4,711846,1392282,22779072,5569128,28348200,4,4,12,4,49,16,12,20,20,20260807,5,1,1,1,0,0,0,6305,0.262708,1,0.0015,0
1127,10349.6,11,0,7.06104,3.79996,0,0,0,10.861,298,298,0,1,2.03342,2.03342,1656,398,5,1015,0,0,0,0,0,3441,4238.65,1.48313,7.92975,552889,184,53889,2026,1628018,736,215556,8104,32,4,713561,1396026,22833952,5584104,28418056,4,4,12,4,49,16,12,20,20,20260807,5,1,1,1,0,0,0,6306,0.26275,1,0.0015,1
1128,10356.1,8,0,2.56183,3.85867,0,0,0,6.4205,298,298,0,1,2.03342,2.03342,1656,394,6,1017,0,0,0,0,0,3444,4242.52,1.65413,7.92975,553330,184,53889,2042,1629364,736,215556,8168,32,4,714636,1398042,22868352,5592168,28460520,4,4,12,4,49,16,12,20,20,20260807,5,1,1,1,0,0,0,6306,0.26275,1,0.0015,0
1129,10363.8,8,0,3.84825,3.8005,0,0,0,7.64875,299,298,0,1,2.03342,2.03342,1656,393,5,1020,0,0,0,0,0,3446,4244.79,1.1345,7.92975,553495,184,53889,2042,1629821,736,215556,8168,32,4,715428,1399758,22893696,5599032,28492728,4,4,12,4,49,16,12,20,20,20260807,5,1,1,1,0,0,0,6306,0.26275,1,0.0015,0
1130,10370.8,7,0,2.70883,4.23233,0,0,0,6.94117,299,299,0,1,2.03342,2.03342,1661,397,5,1020,0,0,0,0,0,3446,4244.79,1.1345,7.92975,553495,184,53889,2042,1629821,736,215556,8168,32,4,715428,1399758,22893696,5599032,28492728,4,4,12,4,49,16,12,20,20,20260807,5,1,1,1,0,0,0,6306,0.26275,1,0.0015,0
1131,10380.9,9,0,6.18504,3.76021,0,0,0,9.94525,300,299,0,1,2.03342,2.03342,1661,393,7,1023,0,0,0,0,0,3451,4250.05,1.02396,7.92975,554521,184,53889,2046,1632977,736,215556,8184,32,4,717750,1404108,22968000,5616432,28584432,4,4,12,4,49,16,12,20,20,20260807,5,1,1,1,0,0,0,6306,0.26275,1,0.0015,0
1132,10387.8,7,0,2.69658,4.16737,0,0,0,6.86396,300,300,0,1,2.03342,2.03342,1666,397,5,1025,0,0,0,0,0,3451,4250.05,1.02396,7.92975,554521,184,53889,2046,1632977,736,215556,8184,32,4,718600,1405938,22995200,5623752,28618952,4,4,12,4,49,16,12,20,20,20260807,5,1,1,1,0,0,0,6306,0.26275,1,0.0015,0
1133,10397.1,9,0,5.61025,3.56133,0,0,0,9.17158,301,300,0,1,2.03342,2.03342,1666,393,7,1028,0,0,0,0,0,3456,4256.34,1.15546,7.92975,555513,184,53889,2072,1635705,736,215556,8288,32,4,720107,1409142,23043424,5636568,28679992,4,4,12,4,49,16,12,20,20,20260807,5,1,1,1,0,0,0,6307,0.262792,1,0.0015,1
1134,10404.7,8,0,3.46258,4.11929,0,0,0,7.58188,302,301,0,1,2.03342,2.03342,1671,398,5,1030,0,0,0,0,0,3456,4256.34,1.15546,7.92975,555513,184,53889,2072,1635705,736,215556,8288,32,4,721432,1412046,23085824,5648184,28734008,4,4,12,4,49,16,12,20,20,20260807,5,1,1,1,0,0,0,6307,0.262792,1,0.0015,0
1135,10412.2,7,0,3.6475,3.7095,0,0,0,7.357,303,302,0,1,2.03342,2.03342,1676,403,5,1030,0,0,0,0,0,3456,4256.34,1.15546,7.92975,555513,184,53889,2072,1635705,736,215556,8288,32,4,721432,1412046,23085824,5648184,28734008,4,4,12,4,49,16,12,20,20,20260807,5,1,1,1,0,0,0,6307,0.262792,1,0.0015,0
1136,10420.9,9,0,4.33529,4.30533,0,0,0,8.64062,303,303,0,1,2.03342,2.03342,1681,407,5,1030,0,0,0,0,0,3456,4256.34,1.15546,7.92975,555513,184,53889,2072,1635705,736,215556,8288,32,4,721432,1412046,23085824,5648184,28734008,4,4,12,4,49,16,12,20,20,20260807,5,1,1,1,0,0,0,6307,0.262792,1,0.0015,0
1137,10430.5,9,0,5.92125,3.61825,0,0,0,9.5395,304,303,0,1,2.03342,2.03342,1681,403,7,1033,0,0,0,0,0,3461,4262.05,0.982291,7.92975,556182,184,53889,2084,1637535,736,215556,8336,32,4,722212,1413636,23110784,5654544,28765328,4,4,12,4,49,16,12,20,20,20260807,5,1,1,1,0,0,0,6307,0.262792,1,0.0015,0
1138,10438.2,8,0,3.67025,3.94588,0,0,0,7.61613,304,304,0,1,2.03342,2.03342,1686,407,5,1035,0,0,0,0,0,3461,4262.05,0.982291,7.92975,556182,184,53889,2084,1637535,736,215556,8336,32,4,723310,1416132,23145920,5664528,28810448,4,4,12,4,49,16,12,20,20,20260807,5,1,1,1,0,0,0,6307,0.262792,1,0.0015,0
1139,10447.1,9,0,5.23158,3.60521,0,0,0,8.83679,305,304,0,1,2.03342,2.03342,1686,403,8,1037,0,0,0,0,0,3466,4268.62,1.06646,7.92975,557031,184,53889,2092,1640230,736,215556,8368,32,4,725450,1420020,23214400,5680080,28894480,4,4,12,4,49,16,12,20,20,20260807,5,1,1,1,0,0,0,6308,0.262833,1,0.0015,1
1140,10455.7,8,0,4.59308,3.89012,0,0,0,8.48321,305,305,0,1,2.03342,2.03342,1691,408,5,1039,0,0,0,0,0,3466,4268.62,1.06646,7.92975,557031,184,53889,2092,1640230,736,215556,8368,32,4,726037,1421274,23233184,5685096,28918280,4,4,12,4,49,16,12,20,20,20260807,5,1,1,1,0,0,0,6308,0.262833,1,0.0015,0
1141,10463.9,9,0,4.35421,3.81462,0,0,0,8.16883,305,305,0,1,2.03342,2.03342,1691,403,8,1040,0,0,0,0,0,3471,4273.57,1.01267,7.92975,557775,184,53889,2108,1642205,736,215556,8432,32,4,726274,1421724,23240768,5686896,28927664,4,4,12,4,49,16,12,20,20,20260807,5,1,1,1,0,0,0,6308,0.262833,1,0.0015,0
1142,10470.3,6,0,2.1615,4.10617,0,0,0,6.26767,306,305,0,1,2.03342,2.03342,1691,403,5,1043,0,0,0,0,0,3471,4273.57,1.01267,7.92975,557775,184,53889,2108,1642205,736,215556,8432,32,4,728076,1425834,23298432,5703336,29001768,4,4,12,4,49,16,12,20,20,20260807,5,1,1,1,0,0,0,6308,0.262833,1,0.0015,0
1143,10478.7,8,0,2.87458,5.454,0,0,0,8.32858,306,306,0,1,2.03342,2.03342,1696,407,5,1043,0,0,0,0,0,3471,4273.57,1.01267,7.92975,557775,184,53889,2108,1642205,736,215556,8432,32,4,728076,1425834,23298432,5703336,29001768,4,4,12,4,49,16,12,20,20,20260807,5,1,1,1,0,0,0,6308,0.262833,1,0.0015,0
1144,10487.2,9,0,4.11267,4.30904,0,0,0,8.42171,306,306,0,1,2.03342,2.03342,1696,403,6,1046,0,0,0,0,0,3475,4279.93,2.06429,7.92975,558179,184,53889,2118,1643537,736,215556,8472,32,4,729259,1427922,23336288,5711688,29047976,4,4,12,4,49,16,12,20,20,20260807,5,1,1,1,0,0,0,6308,0.262833,1,0.0015,0
1145,10497.4,10,0,6.45775,3.66925,0,0,0,10.127,307,306,0,1,2.03342,2.03342,1696,398,7,1051,0,0,0,0,0,3481,4287.57,1.06288,7.92975,560118,184,53889,2120,1648905,736,215556,8480,32,4,732461,1434918,23438752,5739672,29178424,4,4,12,4,49,16,12,20,20,20260807,5,1,1,1,0,0,0,6309,0.262875,1,0.0015,1
1146,10505.8,9,0,4.10129,4.19608,0,0,0,8.29738,307,307,0,1,2.03342,2.03342,1701,402,5,1053,0,0,0,0,0,3481,4287.57,1.06288,7.92975,560118,184,53889,2120,1648905,736,215556,8480,32,4,734824,1439964,23514368,5759856,29274224,4,4,12,4,49,16,12,20,20,20260807,5,1,1,1,0,0,0,6309,0.262875,1,0.0015,0
1147,10513.9,8,0,4.25183,3.84558,0,0,0,8.09742,307,307,0,1,2.03342,2.03342,1701,398,7,1056,0,0,0,0,0,3486,4293.33,1.04287,7.92975,560601,184,53889,2136,1650259,736,215556,8544,32,4,735848,1442118,23547136,5768472,29315608,4,4,12,4,49,16,12,20,20,20260807,5,1,1,1,0,0,0,6309,0.262875,1,0.0015,0
1148,10520.1,6,0,2.10529,4.016,0,0,0,6.12129,308,307,0,1,2.03342,2.03342,1701,398,5,1058,0,0,0,0,0,3486,4293.33,1.04287,7.92975,560601,184,53889,2136,1650259,736,215556,8544,32,4,736242,1442958,23559744,5771832,29331576,4,4,12,4,49,16,12,20,20,20260807,5,1,1,1,0,0,0,6309,0.262875,1,0.0015,0
1149,10528.6,8,0,1.95971,6.39562,0,0,0,8.35533,308,307,0,1,2.03342,2.03342,1701,398,5,1058,0,0,0,0,0,3486,4293.33,1.04287,7.92975,560601,184,53889,2136,1650259,736,215556,8544,32,4,736242,1442958,23559744,5771832,29331576,4,4,12,4,49,16,12,20,20,20260807,5,1,1,1,0,0,0,6309,0.262875,1,0.0015,0
1150,10535.2,7,0,2.66917,3.8475,0,0,0,6.51667,308,308,0,1,2.03342,2.03342,1706,402,5,1058,0,0,0,0,0,3486,4293.33,1.04287,7.92975,560601,184,53889,2136,1650259,736,215556,8544,32,4,736242,1442958,23559744,5771832,29331576,4,4,12,4,49,16,12,20,20,20260807,5,1,1,1,0,0,0,6309,0.262875,1,0.0015,0
1151,10545.6,10,0,1.91312,8.44783,0,0,0,10.361,308,308,0,1,2.03342,2.03342,1706,401,6,1058,0,0,0,0,0,3487,4298.6,5.26696,7.92975,560964,184,53889,2136,1651257,736,215556,8544,32,4,736242,1442958,23559744,5771832,29331576,4,4,12,4,49,16,12,20,20,20260807,5,1,1,1,0,0,0,6310,0.262917,1,0.0015,1
1152,10553,8,0,3.36808,3.91938,0,0,0,7.28746,308,308,0,1,2.03342,2.03342,1706,398,6,1061,0,0,0,0,0,3490,4304.73,2.27,7.92975,561770,184,53889,2148,1653965,736,215556,8592,32,4,739453,1448886,23662496,5795544,29458040,4,4,12,4,49,16,12,20,20,20260807,5,1,1,1,0,0,0,6310,0.262917,1,0.0015,0
1153,10564.1,11,0,7.19654,3.78463,0,0,0,10.9812,308,308,0,1,2.03342,2.03342,1706,394,6,1065,0,0,0,0,0,3494,4311.49,2.19375,7.92975,563095,184,53889,2148,1657604,736,215556,8592,32,4,742467,1455474,23758944,5821896,29580840,4,4,12,4,49,16,12,20,20,20260807,5,1,1,1,0,0,0,6310,0.262917,1,0.0015,0
1154,10571.1,7,0,2.66579,4.29121,0,0,0,6.957,309,308,0,1,2.03342,2.03342,1706,393,6,1067,0,0,0,0,0,3496,4318.03,1.23258,7.92975,563548,184,53889,2148,1658869,736,215556,8592,32,4,744740,1460364,23831680,5841456,29673136,4,4,12,4,49,16,12,20,20,20260807,5,1,1,1,0,0,0,6310,0.262917,1,0.0015,0
1155,10581.2,10,0,6.52346,3.53288,0,0,0,10.0563,309,309,0,1,2.03342,2.03342,1711,398,5,1068,0,0,0,0,0,3496,4318.03,1.23258,7.92975,563548,184,53889,2148,1658869,736,215556,8592,32,4,744900,1460712,23836800,5842848,29679648,4,4,12,4,49,16,12,20,20,20260807,5,1,1,1,0,0,0,6310,0.262917,1,0.0015,0
1156,10587.2,6,0,2.03717,3.82804,0,0,0,5.86521,309,309,0,1,2.03342,2.03342,1711,394,6,1070,0,0,0,0,0,3499,4321.04,1.14446,7.92975,564314,184,53889,2176,1660925,736,215556,8704,32,4,745536,1462014,23857152,5848056,29705208,4,4,12,4,49,16,12,20,20,20260807,5,1,1,1,0,0,0,6310,0.262917,1,0.0015,0
1157,10599.3,12,0,8.61667,3.46617,0,0,0,12.0828,310,310,0,1,2.03342,2.03342,1716,398,5,1073,0,0,0,0,0,3501,4324.87,2.63075,7.92975,564834,184,53889,2176,1662329,736,215556,8704,32,4,748472,1468596,23951104,5874384,29825488,4,4,12,4,49,16,12,20,20,20260807,5,1,1,1,0,0,0,6311,0.262958,1,0.0015,1
1158,10605.1,6,0,2.17746,3.55292,0,0,0,5.73038,310,310,0,1,2.03342,2.03342,1716,394,6,1074,0,0,0,0,0,3504,4328.56,1.05179,7.92975,564954,184,53889,2202,1662707,736,215556,8808,32,4,748954,1469472,23966528,5877888,29844416,4,4,12,4,49,16,12,20,20,20260807,5,1,1,1,0,0,0,6311,0.262958,1,0.0015,0
1159,10611.7,7,0,1.89496,4.6215,0,0,0,6.51646,311,310,0,1,2.03342,2.03342,1716,393,5,1074,0,0,0,0,0,3506,4330.98,1.00317,7.92975,564954,184,53889,2202,1662707,736,215556,8808,32,4,748954,1469472,23966528,5877888,29844416,4,4,12,4,49,16,12,20,20,20260807,5,1,1,1,0,0,0,6311,0.262958,1,0.0015,0
1160,10617.8,6,0,2.37125,3.64754,0,0,0,6.01879,311,311,0,1,2.03342,2.03342,1721,398,5,1074,0,0,0,0,0,3506,4330.98,1.00317,7.92975,564954,184,53889,2202,1662707,736,215556,8808,32,4,748954,1469472,23966528,5877888,29844416,4,4,12,4,49,16,12,20,20,20260807,5,1,1,1,0,0,0,6311,0.262958,1,0.0015,0
1161,10630.6,12,0,8.97729,3.75217,0,0,0,12.7295,311,311,0,1,2.03342,2.03342,1721,393,8,1075,0,0,0,0,0,3510,4336.79,2.02967,7.92975,565983,184,53889,2208,1665693,736,215556,8832,32,4,750112,1472028,24003584,5888112,29891696,4,4,12,4,49,16,12,20,20,20260807,5,1,1,1,0,0,0,6311,0.262958,1,0.0015,0
1162,10640.3,10,0,5.43629,4.14521,0,0,0,9.5815,312,312,0,1,2.03342,2.03342,1726,398,5,1078,0,0,0,0,0,3511,4337.81,1.02467,7.92975,565983,184,53889,2208,1665693,736,215556,8832,32,4,751964,1475682,24062848,5902728,29965576,4,4,12,4,49,16,12,20,20,20260807,5,1,1,1,0,0,0,6311,0.262958,1,0.0015,0
1163,10647.3,7,0,2.68104,4.18938,0,0,0,6.87042,312,312,0,1,2.03342,2.03342,1726,395,5,1079,0,0,0,0,0,3513,4341.46,0.966459,7.92975,566074,184,53889,2228,1665958,736,215556,8912,32,4,752309,1476348,24073888,5905392,29979280,4,4,12,4,49,16,12,20,20,20260807,5,1,1,1,0,0,0,6312,0.263,1,0.0015,1
1164,10654,7,0,2.61842,4.06142,0,0,0,6.67983,312,312,0,1,2.03342,2.03342,1726,393,5,1081,0,0,0,0,0,3515,4345.8,1.84888,7.92975,566672,184,53889,2228,1667576,736,215556,8912,32,4,753927,1479936,24125664,5919744,30045408,4,4,12,4,49,16,12,20,20,20260807,5,1,1,1,0,0,0,6312,0.263,1,0.0015,0
1165,10663.2,9,0,4.73392,4.32596,0,0,0,9.05987,313,313,0,1,2.03342,2.03342,1731,398,5,1081,0,0,0,0,0,3516,4348.54,2.74433,7.92975,566672,184,53889,2228,1667576,736,215556,8912,32,4,753927,1479936,24125664,5919744,30045408,4,4,12,4,49,16,12,20,20,20260807,5,1,1,1,0,0,0,6312,0.263,1,0.0015,0
1166,10678.9,16,0,4.8935,10.7532,0,0,0,15.6467,314,314,0,1,2.03342,2.03342,1736,402,5,1081,0,0,0,0,0,3516,4348.54,2.74433,7.92975,566672,184,53889,2228,1667576,736,215556,8912,32,4,753927,1479936,24125664,5919744,30045408,4,4,12,4,49,16,12,20,20,20260807,5,1,1,1,0,0,0,6312,0.263,1,0.0015,0
1167,10689.2,10,0,6.06363,4.12629,0,0,0,10.1899,315,315,0,1,2.03342,2.03342,1741,403,5,1086,0,0,0,0,0,3521,4353.82,1.03329,7.92975,567590,184,53889,2228,1670095,736,215556,8912,32,4,756446,1485444,24206272,5941776,30148048,4,4,12,4,49,16,12,20,20,20260807,5,1,1,1,0,0,0,6312,0.263,1,0.0015,0
1168,10697.7,9,0,4.14267,4.30908,0,0,0,8.45175,315,315,0,1,2.03342,2.03342,1741,399,7,1087,0,0,0,0,0,3524,4358.31,0.99575,7.92975,568704,184,53889,2232,1673308,736,215556,8928,32,4,757681,1488066,24245792,5952264,30198056,4,4,12,4,49,16,12,20,20,20260807,5,1,1,1,0,0,0,6313,0.263042,1,0.0015,1
1169,10704.9,7,0,2.97567,4.18079,0,0,0,7.15646,315,315,0,1,2.03342,2.03342,1741,394,6,1093,0,0,0,0,0,3529,4363.31,1.04317,7.92975,570037,184,53889,2232,1676977,736,215556,8928,32,4,763245,1499946,24423840,5999784,30423624,4,4,12,4,49,16,12,20,20,20260807,5,1,1,1,0,0,0,6313,0.263042,1,0.0015,0
1170,10715,10,0,6.50446,3.50279,0,0,0,10.0073,316,316,0,1,2.03342,2.03342,1746,398,5,1095,0,0,0,0,0,3531,4366.72,2.19846,7.92975,570378,184,53889,2232,1677908,736,215556,8928,32,4,764275,1502196,24456800,6008784,30465584,4,4,12,4,49,16,12,20,20,20260807,5,1,1,1,0,0,0,6313,0.263042,1,0.0015,0
1171,10721.5,6,0,2.38008,3.99733,0,0,0,6.37742,316,316,0,1,2.03342,2.03342,1746,394,6,1097,0,0,0,0,0,3534,4371.13,1.533,7.92975,571027,184,53889,2234,1679727,736,215556,8936,32,4,764501,1502712,24464032,6010848,30474880,4,4,12,4,49,16,12,20,20,20260807,5,1,1,1,0,0,0,6313,0.263042,1,0.0015,0
1172,10733.6,12,0,8.15462,3.90046,0,0,0,12.0551,317,317,0,1,2.03342,2.03342,1751,398,6,1099,0,0,0,0,0,3536,4373.74,1.14408,7.92975,571363,184,53889,2234,1680642,736,215556,8936,32,4,766311,1506606,24521952,6026424,30548376,4,4,12,4,49,16,12,20,20,20260807,5,1,1,1,0,0,0,6313,0.263042,1,0.0015,0
1173,10740,7,0,2.63692,3.721,0,0,0,6.35792,317,317,0,1,2.03342,2.03342,1751,394,6,1102,0,0,0,0,0,3539,4377.07,1.12096,7.92975,572363,184,53889,2236,1683465,736,215556,8944,32,4,768584,1511514,24594688,6046056,30640744,4,4,12,4,49,16,12,20,20,20260807,5,1,1,1,0,0,0,6314,0.263083,1,0.0015,1
1174,10746.8,7,0,3.09567,3.575,0,0,0,6.67067,317,317,0,1,2.03342,2.03342,1751,389,8,1105,0,0,0,0,0,3544,4382.27,1.155,7.92975,573494,184,53889,2236,1686504,736,215556,8944,32,4,770824,1516266,24666368,6065064,30731432,4,4,12,4,49,16,12,20,20,20260807,5,1,1,1,0,0,0,6314,0.263083,1,0.0015,0
1175,10752.8,6,0,2.25146,3.66746,0,0,0,5.91892,318,317,0,1,2.03342,2.03342,1751,388,5,1109,0,0,0,0,0,3546,4384.45,1.03283,7.92975,573749,184,53889,2236,1687243,736,215556,8944,32,4,773626,1522446,24756032,6089784,30845816,4,4,12,4,49,16,12,20,20,20260807,5,1,1,1,0,0,0,6314,0.263083,1,0.0015,0
1176,10761.9,9,0,2.68342,6.34875,0,0,0,9.03217,318,318,0,1,2.03342,2.03342,1756,392,5,1109,0,0,0,0,0,3546,4384.45,1.03283,7.92975,573749,184,53889,2236,1687243,736,215556,8944,32,4,773626,1522446,24756032,6089784,30845816,4,4,12,4,49,16,12,20,20,20260807,5,1,1,1,0,0,0,6314,0.263083,1,0.0015,0
1177,10769.8,8,0,3.86104,3.934,0,0,0,7.79504,319,318,0,1,2.03342,2.03342,1756,388,6,1112,0,0,0,0,0,3551,4391.28,1.12533,7.92975,574410,184,53889,2250,1689039,736,215556,9000,32,4,774885,1525152,24796320,6100608,30896928,4,4,12,4,49,16,12,20,20,20260807,5,1,1,1,0,0,0,6314,0.263083,1,0.0015,0
1178,10780.6,10,0,7.05796,3.68012,0,0,0,10.7381,319,319,0,1,2.03342,2.03342,1761,389,8,1113,0,0,0,0,0,3553,4392.98,0.631792,7.92975,574619,184,53889,2250,1689744,736,215556,9000,32,4,775478,1526496,24815296,6105984,30921280,4,4,12,4,49,16,12,20,20,20260807,5,1,1,1,0,0,0,6314,0.263083,1,0.0015,0
1179,10787,7,0,2.20971,4.09612,0,0,0,6.30583,320,319,0,1,2.03342,2.03342,1761,388,5,1114,0,0,0,0,0,3555,4395.9,1.24008,7.92975,574619,184,53889,2250,1689744,736,215556,9000,32,4,776183,1527750,24837856,6111000,30948856,4,4,12,4,49,16,12,20,20,20260807,5,1,1,1,0,0,0,6314,0.263083,1,0.0015,0
1180,10795.1,8,0,4.50025,3.55779,0,0,0,8.05804,320,320,0,1,2.03342,2.03342,1766,392,5,1114,0,0,0,0,0,3555,4395.9,1.24008,7.92975,574619,184,53889,2250,1689744,736,215556,9000,32,4,776183,1527750,24837856,6111000,30948856,4,4,12,4,49,16,12,20,20,20260807,5,1,1,1,0,0,0,6315,0.263125,1,0.0015,1
1181,10803,8,0,3.93633,3.902,0,0,0,7.83833,320,320,0,1,2.03342,2.03342,1766,388,7,1117,0,0,0,0,0,3560,4401.51,0.952209,7.92975,575272,184,53889,2256,1691577,736,215556,9024,32,4,777730,1531032,24887360,6124128,31011488,4,4,12,4,49,16,12,20,20,20260807,5,1,1,1,0,0,0,6315,0.263125,1,0.0015,0
1182,10814.4,11,0,7.45396,3.86542,0,0,0,11.3194,321,321,0,1,2.03342,2.03342,1771,390,7,1118,0,0,0,0,0,3562,4403.68,1.0445,7.92975,575454,184,53889,2256,1692097,736,215556,9024,32,4,778040,1531704,24897280,6126816,31024096,4,4,12,4,49,16,12,20,20,20260807,5,1,1,1,0,0,0,6315,0.263125,1,0.0015,0
1183,10820.9,7,0,2.21467,4.18596,0,0,0,6.40062,322,321,0,1,2.03342,2.03342,1771,388,5,1123,0,0,0,0,0,3565,4407.04,1.06858,7.92975,575843,184,53889,2256,1693168,736,215556,9024,32,4,779631,1535130,24948192,6140520,31088712,4,4,12,4,49,16,12,20,20,20260807,5,1,1,1,0,0,0,6315,0.263125,1,0.0015,0
1184,10828.7,8,0,4.13971,3.57012,0,0,0,7.70983,322,322,0,1,2.03342,2.03342,1776,392,5,1123,0,0,0,0,0,3565,4407.04,1.06858,7.92975,575843,184,53889,2256,1693168,736,215556,9024,32,4,779631,1535130,24948192,6140520,31088712,4,4,12,4,49,16,12,20,20,20260807,5,1,1,1,0,0,0,6315,0.263125,1,0.0015,0
1185,10836.7,8,0,3.81883,4.10833,0,0,0,7.92717,322,322,0,1,2.03342,2.03342,1776,388,7,1126,0,0,0,0,0,3570,4412.19,0.999166,7.92975,576231,184,53889,2256,1694301,736,215556,9024,32,4,780202,1536222,24966464,6144888,31111352,4,4,12,4,49,16,12,20,20,20260807,5,1,1,1,0,0,0,6315,0.263125,1,0.0015,0
1186,10847.2,10,0,6.83613,3.57604,0,0,0,10.4122,323,323,0,1,2.03342,2.03342,1781,391,6,1127,0,0,0,0,0,3571,4413.5,1.31133,7.92975,576371,184,53889,2256,1694696,736,215556,9024,32,4,780764,1537458,24984448,6149832,31134280,4,4,12,4,49,16,12,20,20,20260807,5,1,1,1,0,0,0,6316,0.263167,1,0.0015,1
1187,10853.5,6,0,2.3145,3.91275,0,0,0,6.22725,324,323,0,1,2.03342,2.03342,1781,388,6,1131,0,0,0,0,0,3575,4417.25,1.04921,7.92975,576900,184,53921,2256,1696149,736,215684,9024,32,4,781963,1539930,25022816,6159720,31182536,4,4,12,4,49,16,12,20,20,20260807,5,1,1,1,0,0,0,6316,0.263167,1,0.0015,0
1188,10863.8,11,0,6.68575,3.515,0,0,0,10.2007,324,324,0,1,2.03342,2.03342,1786,392,5,1132,0,0,0,0,0,3575,4417.25,1.04921,7.92975,576900,184,53921,2256,1696149,736,215684,9024,32,4,782740,1541664,25047680,6166656,31214336,4,4,12,4,49,16,12,20,20,20260807,5,1,1,1,0,0,0,6316,0.263167,1,0.0015,0
1189,10870.9,7,0,2.632,4.36933,0,0,0,7.00133,324,324,0,1,2.03342,2.03342,1786,388,5,1136,0,0,0,0,0,3579,4422.25,1.15196,7.92975,577759,184,53921,2256,1698501,736,215684,9024,32,4,785092,1546818,25122944,6187272,31310216,4,4,12,4,49,16,12,20,20,20260807,5,1,1,1,0,0,0,6316,0.263167,1,0.0015,0
1190,10880.8,10,0,6.37538,3.44496,0,0,0,9.82033,325,324,0,1,2.03342,2.03342,1786,383,7,1140,0,0,0,0,0,3585,4429.32,2.14567,7.92975,578769,184,53984,2256,1701266,736,215936,9024,32,4,786367,1549482,25163744,6197928,31361672,4,4,12,4,49,16,12,20,20,20260807,5,1,1,1,0,0,0,6316,0.263167,1,0.0015,0
1191,10889.5,8,0,4.88288,3.69279,0,0,0,8.57567,325,325,0,1,2.03342,2.03342,1791,388,5,1142,0,0,0,0,0,3585,4429.32,2.14567,7.92975,578769,184,53984,2256,1701266,736,215936,9024,32,4,788109,1553256,25219488,6213024,31432512,4,4,12,4,49,16,12,20,20,20260807,5,1,1,1,0,0,0,6316,0.263167,1,0.0015,0
1192,10897.1,8,0,3.87312,3.64933,0,0,0,7.52246,325,325,0,1,2.03342,2.03342,1791,383,7,1145,0,0,0,0,0,3590,4434.48,0.998291,7.92975,579613,184,54010,2256,1703536,736,216040,9024,32,4,789068,1555314,25250176,6221256,31471432,4,4,12,4,49,16,12,20,20,20260807,5,1,1,1,0,0,0,6317,0.263208,1,0.0015,1
1193,10906.8,10,0,5.95283,3.72788,0,0,0,9.68071,326,326,0,1,2.03342,2.03342,1796,388,5,1147,0,0,0,0,0,3590,4434.48,0.998291,7.92975,579613,184,54010,2256,1703536,736,216040,9024,32,4,790483,1558476,25295456,6233904,31529360,4,4,12,4,49,16,12,20,20,20260807,5,1,1,1,0,0,0,6317,0.263208,1,0.0015,0
1194,10913.9,7,0,3.20512,3.81325,0,0,0,7.01837,326,326,0,1,2.03342,2.03342,1796,384,7,1148,0,0,0,0,0,3594,4439.17,1.08458,7.92975,579822,184,54010,2256,1704205,736,216040,9024,32,4,791105,1559622,25315360,6238488,31553848,4,4,12,4,49,16,12,20,20,20260807,5,1,1,1,0,0,0,6317,0.263208,1,0.0015,0
1195,10920.4,6,0,2.19658,4.19204,0,0,0,6.38863,327,326,0,1,2.03342,2.03342,1796,383,5,1149,0,0,0,0,0,3595,4440.14,0.968833,7.92975,579822,184,54010,2256,1704205,736,216040,9024,32,4,791152,1559730,25316864,6238920,31555784,4,4,12,4,49,16,12,20,20,20260807,5,1,1,1,0,0,0,6317,0.263208,1,0.0015,0
1196,10928.7,9,0,2.15408,6.09563,0,0,0,8.24971,327,327,0,1,2.03342,2.03342,1801,387,5,1149,0,0,0,0,0,3595,4440.14,0.968833,7.92975,579822,184,54010,2256,1704205,736,216040,9024,32,4,791152,1559730,25316864,6238920,31555784,4,4,12,4,49,16,12,20,20,20260807,5,1,1,1,0,0,0,6317,0.263208,1,0.0015,0
1197,10938.1,9,0,4.49629,4.7795,0,0,0,9.27579,328,327,0,1,2.03342,2.03342,1801,383,5,1152,0,0,0,0,0,3600,4444.87,1.02188,7.92975,580354,184,54010,2256,1705721,736,216040,9024,32,4,792668,1562922,25365376,6251688,31617064,4,4,12,4,49,16,12,20,20,20260807,5,1,1,1,0,0,0,6317,0.263208,1,0.0015,0
1198,10945.1,7,0,2.334,4.61867,0,0,0,6.95267,328,328,0,1,2.03342,2.03342,1806,387,5,1152,0,0,0,0,0,3600,4444.87,1.02188,7.92975,580354,184,54010,2256,1705721,736,216040,9024,32,4,792668,1562922,25365376,6251688,31617064,4,4,12,4,49,16,12,20,20,20260807,5,1,1,1,0,0,0,6318,0.26325,1,0.0015,1
1199,10954.3,9,0,4.83,4.332,0,0,0,9.162,329,328,0,1,2.03342,2.03342,1806,383,5,1156,0,0,0,0,0,3605,4449.8,0.992209,7.92975,581595,184,54010,2256,1709196,736,216040,9024,32,4,796143,1570368,25476576,6281472,31758048,4,4,12,4,49,16,12,20,20,20260807,5,1,1,1,0,0,0,6318,0.26325,1,0.0015,0
1200,10962.6,8,0,3.88242,4.32571,0,0,0,8.20813,329,329,0,1,2.03342,2.03342,1811,387,5,1156,0,0,0,0,0,3605,4449.8,0.992209,7.92975,581595,184,54010,2256,1709196,736,216040,9024,32,4,796143,1570368,25476576,6281472,31758048,4,4,12,4,49,16,12,20,20,20260807,5,1,1,1,0,0,0,6318,0.26325,1,0.0015,0
1201,10969,7,0,2.49646,3.83833,0,0,0,6.33479,329,329,0,1,2.03342,2.03342,1811,383,7,1159,0,0,0,0,0,3610,4455.12,1.00342,7.92975,582697,184,54010,2256,1712230,736,216040,9024,32,4,798222,1574844,25543104,6299376,31842480,4,4,12,4,49,16,12,20,20,20260807,5,1,1,1,0,0,0,6318,0.26325,1,0.0015,0
1202,10980.8,12,0,7.92225,3.80221,0,0,0,11.7245,330,329,0,1,2.03342,2.03342,1811,378,8,1163,0,0,0,0,0,3615,4460.57,0.988,7.92975,583386,184,54059,2256,1714116,736,216236,9024,32,4,799467,1577472,25582944,6309888,31892832,4,4,12,4,49,16,12,20,20,20260807,5,1,1,1,0,0,0,6318,0.26325,1,0.0015,0
1203,10989.9,9,0,5.02275,3.92537,0,0,0,8.94812,330,330,0,1,2.03342,2.03342,1816,382,5,1166,0,0,0,0,0,3615,4460.57,0.988,7.92975,583386,184,54059,2256,1714116,736,216236,9024,32,4,801259,1581408,25640288,6325632,31965920,4,4,12,4,49,16,12,20,20,20260807,5,1,1,1,0,0,0,6318,0.26325,1,0.0015,0
1204,10997.4,7,0,3.54154,3.82842,0,0,0,7.36996,330,330,0,1,2.03342,2.03342,1816,378,6,1170,0,0,0,0,0,3620,4466.12,1.32621,7.92975,583710,184,54059,2256,1714944,736,216236,9024,32,4,802087,1583352,25666784,6333408,32000192,4,4,12,4,49,16,12,20,20,20260807,5,1,1,1,0,0,0,6319,0.263292,1,0.0015,1
1205,11003.6,6,0,2.12196,4.09262,0,0,0,6.21458,331,330,0,1,2.03342,2.03342,1816,378,5,1170,0,0,0,0,0,3620,4466.12,1.32621,7.92975,583710,184,54059,2256,1714944,736,216236,9024,32,4,802087,1583352,25666784,6333408,32000192,4,4,12,4,49,16,12,20,20,20260807,5,1,1,1,0,0,0,6319,0.263292,1,0.0015,0
1206,11011.9,9,0,2.15758,5.97421,0,0,0,8.13179,331,331,0,1,2.03342,2.03342,1821,382,5,1170,0,0,0,0,0,3620,4466.12,1.32621,7.92975,583710,184,54059,2256,1714944,736,216236,9024,32,4,802087,1583352,25666784,6333408,32000192,4,4,12,4,49,16,12,20,20,20260807,5,1,1,1,0,0,0,6319,0.263292,1,0.0015,0
1207,11020.3,8,0,4.1455,4.22792,0,0,0,8.37342,332,331,0,1,2.03342,2.03342,1821,378,5,1175,0,0,0,0,0,3625,4471.24,0.982917,7.92975,584741,184,54059,2256,1717800,736,216236,9024,32,4,804943,1589538,25758176,6358152,32116328,4,4,12,4,49,16,12,20,20,20260807,5,1,1,1,0,0,0,6319,0.263292,1,0.0015,0
1208,11029,9,0,2.41375,6.22458,0,0,0,8.63833,332,332,0,1,2.03342,2.03342,1826,381,6,1175,0,0,0,0,0,3626,4472.36,1.12104,7.92975,584783,184,54059,2256,1717899,736,216236,9024,32,4,804943,1589538,25758176,6358152,32116328,4,4,12,4,49,16,12,20,20,20260807,5,1,1,1,0,0,0,6319,0.263292,1,0.0015,0
1209,11040.3,11,0,7.33871,3.86333,0,0,0,11.202,333,333,0,1,2.03342,2.03342,1831,383,5,1179,0,0,0,0,0,3630,4477.28,2.326,7.92975,584971,184,54059,2256,1718471,736,216236,9024,32,4,805614,1590918,25779648,6363672,32143320,4,4,12,4,49,16,12,20,20,20260807,5,1,1,1,0,0,0,6319,0.263292,1,0.0015,0
1210,11064.7,25,0,20.4213,3.89904,0,0,0,24.3203,334,334,0,1,2.03342,2.03342,1836,381,9,1181,0,0,0,0,0,3636,4484.52,1.07046,7.92975,586173,184,54186,2256,1721734,736,216744,9024,32,4,807184,1593960,25829888,6375840,32205728,4,4,12,4,49,16,12,20,20,20260807,5,1,1,1,0,0,0,6320,0.263333,1,0.0015,1
1211,11071.5,6,0,2.64042,4.10767,0,0,0,6.74808,335,334,0,1,2.03342,2.03342,1836,378,6,1187,0,0,0,0,0,3640,4488.63,1.00896,7.92975,586482,184,54227,2256,1722665,736,216908,9024,32,4,810420,1600872,25933440,6403488,32336928,4,4,12,4,49,16,12,20,20,20260807,5,1,1,1,0,0,0,6320,0.263333,1,0.0015,0
1212,11081,10,0,5.462,3.91262,0,0,0,9.37462,336,335,0,1,2.03342,2.03342,1841,383,5,1188,0,0,0,0,0,3640,4488.63,1.00896,7.92975,586482,184,54227,2256,1722665,736,216908,9024,32,4,810480,1600992,25935360,6403968,32339328,4,4,12,4,49,16,12,20,20,20260807,5,1,1,1,0,0,0,6320,0.263333,1,0.0015,0
1213,11088.2,7,0,2.65029,4.47229,0,0,0,7.12258,337,336,0,1,2.03342,2.03342,1846,388,5,1188,0,0,0,0,0,3640,4488.63,1.00896,7.92975,586482,184,54227,2256,1722665,736,216908,9024,32,4,810480,1600992,25935360,6403968,32339328,4,4,12,4,49,16,12,20,20,20260807,5,1,1,1,0,0,0,6320,0.263333,1,0.0015,0
1214,11096.4,8,0,3.30642,4.82233,0,0,0,8.12875,337,337,0,1,2.03342,2.03342,1851,392,5,1188,0,0,0,0,0,3640,4488.63,1.00896,7.92975,586482,184,54227,2256,1722665,736,216908,9024,32,4,810480,1600992,25935360,6403968,32339328,4,4,12,4,49,16,12,20,20,20260807,5,1,1,1,0,0,0,6321,0.263375,1,0.0015,1
1215,11104.2,8,0,3.25508,4.42188,0,0,0,7.67696,338,337,0,1,2.03342,2.03342,1851,388,6,1191,0,0,0,0,0,3645,4494.05,1.03242,7.92975,586842,184,54483,2256,1723668,736,217932,9024,32,4,812320,1604316,25994240,6417264,32411504,4,4,12,4,49,16,12,20,20,20260807,5,1,1,1,0,0,0,6321,0.263375,1,0.0015,0
1216,11114.3,10,0,6.30892,3.76138,0,0,0,10.0703,338,338,0,1,2.03342,2.03342,1856,391,6,1192,0,0,0,0,0,3646,4495.75,1.70229,7.92975,586923,184,54483,2256,1723909,736,217932,9024,32,4,812507,1604688,26000224,6418752,32418976,4,4,12,4,49,16,12,20,20,20260807,5,1,1,1,0,0,0,6321,0.263375,1,0.0015,0
1217,11121.3,7,0,2.95063,3.96129,0,0,0,6.91192,339,338,0,1,2.03342,2.03342,1856,388,6,1195,0,0,0,0,0,3650,4499.97,1.56029,7.92975,587321,184,54483,2256,1724985,736,217932,9024,32,4,813621,1607112,26035872,6428448,32464320,4,4,12,4,49,16,12,20,20,20260807,5,1,1,1,0,0,0,6321,0.263375,1,0.0015,0
1218,11130.6,9,0,5.54308,3.617,0,0,0,9.16008,339,339,0,1,2.03342,2.03342,1861,392,5,1196,0,0,0,0,0,3650,4499.97,1.56029,7.92975,587321,184,54483,2256,1724985,736,217932,9024,32,4,813824,1607562,26042368,6430248,32472616,4,4,12,4,49,16,12,20,20,20260807,5,1,1,1,0,0,0,6321,0.263375,1,0.0015,0
1219,11138.9,9,0,4.52742,3.64958,0,0,0,8.177,340,339,0,1,2.03342,2.03342,1861,388,6,1200,0,0,0,0,0,3655,4505.06,1.03267,7.92975,588405,184,54739,2256,1727928,736,218956,9024,32,4,816865,1613574,26139680,6454296,32593976,4,4,12,4,49,16,12,20,20,20260807,5,1,1,1,0,0,0,6321,0.263375,1,0.0015,0
1220,11147.6,8,0,4.82688,3.89442,0,0,0,8.72129,340,340,0,1,2.03342,2.03342,1866,392,5,1201,0,0,0,0,0,3655,4505.06,1.03267,7.92975,588405,184,54739,2256,1727928,736,218956,9024,32,4,817791,1615602,26169312,6462408,32631720,4,4,12,4,49,16,12,20,20,20260807,5,1,1,1,0,0,0,6322,0.263417,1,0.0015,1
1221,11154.6,7,0,2.49638,4.33492,0,0,0,6.83129,340,340,0,1,2.03342,2.03342,1866,390,6,1203,0,0,0,0,0,3658,4507.98,1.1315,7.92975,589007,184,54995,2256,1729619,736,219980,9024,32,4,819904,1619496,26236928,6477984,32714912,4,4,12,4,49,16,12,20,20,20260807,5,1,1,1,0,0,0,6322,0.263417,1,0.0015,0
1222,11165.1,11,0,6.64654,3.82817,0,0,0,10.4747,341,341,0,1,2.03342,2.03342,1871,393,5,1206,0,0,0,0,0,3660,4510.64,1.05412,7.92975,589170,184,54995,2256,1730052,736,219980,9024,32,4,820939,1621728,26270048,6486912,32756960,4,4,12,4,49,16,12,20,20,20260807,5,1,1,1,0,0,0,6322,0.263417,1,0.0015,0
1223,11172,7,0,2.33004,4.49571,0,0,0,6.82575,341,341,0,1,2.03342,2.03342,1871,388,6,1208,0,0,0,0,0,3664,4514.28,1.04537,7.92975,589354,184,55079,2256,1730557,736,220316,9024,32,4,821780,1623336,26296960,6493344,32790304,4,4,12,4,49,16,12,20,20,20260807,5,1,1,1,0,0,0,6322,0.263417,1,0.0015,0
1224,11181.6,9,0,5.35475,4.10833,0,0,0,9.46308,342,342,0,1,2.03342,2.03342,1876,392,5,1209,0,0,0,0,0,3665,4515.29,1.00383,7.92975,589362,184,55079,2256,1730585,736,220316,9024,32,4,821808,1623384,26297856,6493536,32791392,4,4,12,4,49,16,12,20,20,20260807,5,1,1,1,0,0,0,6322,0.263417,1,0.0015,0
1225,11188.1,7,0,2.44338,3.98833,0,0,0,6.43171,342,342,0,1,2.03342,2.03342,1876,389,6,1211,0,0,0,0,0,3668,4519.51,1.84833,7.92975,590521,184,55091,2256,1733795,736,220364,9024,32,4,823951,1627944,26366432,6511776,32878208,4,4,12,4,49,16,12,20,20,20260807,5,1,1,1,0,0,0,6322,0.263417,1,0.0015,0
1226,11199.9,12,0,7.91,3.84171,0,0,0,11.7517,343,343,0,1,2.03342,2.03342,1881,393,5,1214,0,0,0,0,0,3670,4522.64,2.00588,7.92975,591000,184,55091,2256,1735064,736,220364,9024,32,4,826335,1633284,26442720,6533136,32975856,4,4,12,4,49,16,12,20,20,20260807,5,1,1,1,0,0,0,6323,0.263458,1,0.0015,1
1227,11206.7,7,0,2.87208,3.82488,0,0,0,6.69696,343,343,0,1,2.03342,2.03342,1881,390,7,1215,0,0,0,0,0,3673,4526.77,1.07604,7.92975,591419,184,55096,2256,1736250,736,220384,9024,32,4,826547,1633728,26449504,6534912,32984416,4,4,12,4,49,16,12,20,20,20260807,5,1,1,1,0,0,0,6323,0.263458,1,0.0015,0
1228,11213.9,7,0,3.27733,3.7995,0,0,0,7.07683,344,343,0,1,2.03342,2.03342,1881,388,6,1218,0,0,0,0,0,3675,4529.66,1.02662,7.92975,591617,184,55096,2256,1736819,736,220384,9024,32,4,827941,1636668,26494112,6546672,33040784,4,4,12,4,49,16,12,20,20,20260807,5,1,1,1,0,0,0,6323,0.263458,1,0.0015,0
1229,11220.6,6,0,2.493,4.22304,0,0,0,6.71604,344,344,0,1,2.03342,2.03342,1886,392,5,1219,0,0,0,0,0,3675,4529.66,1.02662,7.92975,591617,184,55096,2256,1736819,736,220384,9024,32,4,828110,1637016,26499520,6548064,33047584,4,4,12,4,49,16,12,20,20,20260807,5,1,1,1,0,0,0,6323,0.263458,1,0.0015,0
1230,11231,11,0,6.40296,3.88729,0,0,0,10.2903,345,344,0,1,2.03342,2.03342,1886,388,7,1222,0,0,0,0,0,3680,4535.3,1.02683,7.92975,592791,184,55322,2256,1739967,736,221288,9024,32,4,831384,1643610,26604288,6574440,33178728,4,4,12,4,49,16,12,20,20,20260807,5,1,1,1,0,0,0,6323,0.263458,1,0.0015,0
1231,11237.9,7,0,2.83183,3.98367,0,0,0,6.8155,345,345,0,1,2.03342,2.03342,1891,392,5,1224,0,0,0,0,0,3680,4535.3,1.02683,7.92975,592791,184,55322,2256,1739967,736,221288,9024,32,4,832162,1645416,26629184,6581664,33210848,4,4,12,4,49,16,12,20,20,20260807,5,1,1,1,0,0,0,6323,0.263458,1,0.0015,0
1232,11247.6,9,0,5.69067,3.88429,0,0,0,9.57496,345,345,0,1,2.03342,2.03342,1891,389,7,1225,0,0,0,0,0,3683,4540.79,1.12679,7.92975,593370,184,55574,2256,1741514,736,222296,9024,32,4,832356,1645860,26635392,6583440,33218832,4,4,12,4,49,16,12,20,20,20260807,5,1,1,1,0,0,0,6324,0.2635,1,0.0015,1
1233,11256.7,10,0,5.38354,3.63821,0,0,0,9.02175,346,346,0,1,2.03342,2.03342,1896,393,5,1228,0,0,0,0,0,3685,4544.28,0.966667,7.92975,593394,184,55574,2256,1741555,736,222296,9024,32,4,834758,1650546,26712256,6602184,33314440,4,4,12,4,49,16,12,20,20,20260807,5,1,1,1,0,0,0,6324,0.2635,1,0.0015,0
1234,11264.1,7,0,3.44104,3.85992,0,0,0,7.30096,346,346,0,1,2.03342,2.03342,1896,388,7,1231,0,0,0,0,0,3690,4548.97,1.04492,7.92975,594101,184,55662,2256,1743510,736,222648,9024,32,4,836715,1654512,26774880,6618048,33392928,4,4,12,4,49,16,12,20,20,20260807,5,1,1,1,0,0,0,6324,0.2635,1,0.0015,0
1235,11272.5,8,0,4.53496,3.81208,0,0,0,8.34704,347,347,0,1,2.03342,2.03342,1901,392,6,1233,0,0,0,0,0,3691,4550.22,1.25358,7.92975,594123,184,55662,2256,1743579,736,222648,9024,32,4,837065,1655316,26786080,6621264,33407344,4,4,12,4,49,16,12,20,20,20260807,5,1,1,1,0,0,0,6324,0.2635,1,0.0015,0
1236,11280.7,9,0,4.33863,3.79608,0,0,0,8.13471,347,347,0,1,2.03342,2.03342,1901,388,7,1235,0,0,0,0,0,3695,4554.34,1.22729,7.92975,594400,184,55841,2256,1744332,736,223364,9024,32,4,837906,1656612,26812992,6626448,33439440,4,4,12,4,49,16,12,20,20,20260807,5,1,1,1,0,0,0,6324,0.2635,1,0.0015,0
1237,11289.9,9,0,5.46213,3.66342,0,0,0,9.12554,348,348,0,1,2.03342,2.03342,1906,392,5,1236,0,0,0,0,0,3695,4554.34,1.22729,7.92975,594400,184,55841,2256,1744332,736,223364,9024,32,4,838603,1658184,26835296,6632736,33468032,4,4,12,4,49,16,12,20,20,20260807,5,1,1,1,0,0,0,6324,0.2635,1,0.0015,0
1238,11297.3,7,0,3.487,3.76704,0,0,0,7.25404,348,348,0,1,2.03342,2.03342,1906,388,6,1240,0,0,0,0,0,3700,4560.34,1.82808,7.92975,594829,184,56097,2256,1745456,736,224388,9024,32,4,840751,1662294,26904032,6649176,33553208,4,4,12,4,49,16,12,20,20,20260807,5,1,1,1,0,0,0,6325,0.263542,1,0.0015,1
1239,11306.6,9,0,5.39921,3.82529,0,0,0,9.2245,349,349,0,1,2.03342,2.03342,1911,393,5,1240,0,0,0,0,0,3700,4560.34,1.82808,7.92975,594829,184,56097,2256,1745456,736,224388,9024,32,4,840751,1662294,26904032,6649176,33553208,4,4,12,4,49,16,12,20,20,20260807,5,1,1,1,0,0,0,6325,0.263542,1,0.0015,0
1240,11314.2,8,0,3.53621,4.02646,0,0,0,7.56267,349,349,0,1,2.03342,2.03342,1911,389,7,1242,0,0,0,0,0,3704,4565.06,0.985042,7.92975,595065,184,56289,2256,1746114,736,225156,9024,32,4,842041,1664562,26945312,6658248,33603560,4,4,12,4,49,16,12,20,20,20260807,5,1,1,1,0,0,0,6325,0.263542,1,0.0015,0
1241,11323.4,9,0,5.36475,3.73692,0,0,0,9.10167,350,350,0,1,2.03342,2.03342,1916,393,5,1245,0,0,0,0,0,3705,4566.82,1.76733,7.92975,595264,184,56289,2256,1746670,736,225156,9024,32,4,842733,1666056,26967456,6664224,33631680,4,4,12,4,49,16,12,20,20,20260807,5,1,1,1,0,0,0,6325,0.263542,1,0.0015,0
1242,11330.6,7,0,3.31867,3.84463,0,0,0,7.16329,350,350,0,1,2.03342,2.03342,1916,388,7,1248,0,0,0,0,0,3710,4571.85,1.30733,7.92975,595739,184,56525,2256,1747911,736,226100,9024,32,4,844153,1668564,27012896,6674256,33687152,4,4,12,4,49,16,12,20,20,20260807,5,1,1,1,0,0,0,6325,0.263542,1,0.0015,0
1243,11337.6,7,0,2.30708,4.56042,0,0,0,6.8675,351,350,0,1,2.03342,2.03342,1916,388,5,1249,0,0,0,0,0,3710,4571.85,1.30733,7.92975,595739,184,56525,2256,1747911,736,226100,9024,32,4,844918,1670322,27037376,6681288,33718664,4,4,12,4,49,16,12,20,20,20260807,5,1,1,1,0,0,0,6325,0.263542,1,0.0015,0
1244,11345.3,8,0,2.39179,5.20188,0,0,0,7.59367,351,351,0,1,2.03342,2.03342,1921,392,5,1249,0,0,0,0,0,3710,4571.85,1.30733,7.92975,595739,184,56525,2256,1747911,736,226100,9024,32,4,844918,1670322,27037376,6681288,33718664,4,4,12,4,49,16,12,20,20,20260807,5,1,1,1,0,0,0,6326,0.263583,1,0.0015,1
1245,11353.6,8,0,4.09175,4.141,0,0,0,8.23275,352,351,0,1,2.03342,2.03342,1921,388,5,1251,0,0,0,0,0,3715,4576.49,0.990416,7.92975,595822,184,56760,2256,1748159,736,227040,9024,32,4,846106,1672230,27075392,6688920,33764312,4,4,12,4,49,16,12,20,20,20260807,5,1,1,1,0,0,0,6326,0.263583,1,0.0015,0
1246,11361.9,10,0,2.50942,5.7325,0,0,0,8.24192,352,352,0,1,2.03342,2.03342,1926,392,5,1251,0,0,0,0,0,3715,4576.49,0.990416,7.92975,595822,184,56760,2256,1748159,736,227040,9024,32,4,846106,1672230,27075392,6688920,33764312,4,4,12,4,49,16,12,20,20,20260807,5,1,1,1,0,0,0,6326,0.263583,1,0.0015,0
1247,11370.7,8,0,4.22442,4.44546,0,0,0,8.66987,353,352,0,1,2.03342,2.03342,1926,388,5,1255,0,0,0,0,0,3720,4581.55,1.04317,7.92975,596098,184,57016,2256,1748896,736,228064,9024,32,4,847867,1675422,27131744,6701688,33833432,4,4,12,4,49,16,12,20,20,20260807,5,1,1,1,0,0,0,6326,0.263583,1,0.0015,0
1248,11378.7,8,0,4.37158,3.59808,0,0,0,7.96967,353,353,0,1,2.03342,2.03342,1931,392,5,1255,0,0,0,0,0,3720,4581.55,1.04317,7.92975,596098,184,57016,2256,1748896,736,228064,9024,32,4,847867,1675422,27131744,6701688,33833432,4,4,12,4,49,16,12,20,20,20260807,5,1,1,1,0,0,0,6326,0.263583,1,0.0015,0
1249,11386,7,0,3.28063,3.92467,0,0,0,7.20529,353,353,0,1,2.03342,2.03342,1931,390,5,1257,0,0,0,0,0,3722,4583.92,1.15787,7.92975,596441,184,57272,2256,1749847,736,229088,9024,32,4,849842,1679016,27194944,6716064,33911008,4,4,12,4,49,16,12,20,20,20260807,5,1,1,1,0,0,0,6326,0.263583,1,0.0015,0
1250,11398.5,12,0,8.68763,3.72938,0,0,0,12.417,354,354,0,1,2.03342,2.03342,1936,393,6,1258,0,0,0,0,0,3724,4590.74,2.15579,7.92975,596714,184,57272,2256,1750593,736,229088,9024,32,4,850588,1680654,27218816,6722616,33941432,4,4,12,4,49,16,12,20,20,20260807,5,1,1,1,0,0,0,6327,0.263625,1,0.0015,1
1251,11406.3,8,0,3.39396,4.31538,0,0,0,7.70933,354,354,0,1,2.03342,2.03342,1936,388,7,1261,0,0,0,0,0,3729,4595.68,1.03937,7.92975,597371,184,57528,2256,1752419,736,230112,9024,32,4,853261,1685748,27304352,6742992,34047344,4,4,12,4,49,16,12,20,20,20260807,5,1,1,1,0,0,0,6327,0.263625,1,0.0015,0
1252,11414.1,8,0,3.97292,3.76304,0,0,0,7.73596,355,355,0,1,2.03342,2.03342,1941,392,5,1263,0,0,0,0,0,3729,4595.68,1.03937,7.92975,597371,184,57528,2256,1752419,736,230112,9024,32,4,853438,1686132,27310016,6744528,34054544,4,4,12,4,49,16,12,20,20,20260807,5,1,1,1,0,0,0,6327,0.263625,1,0.0015,0
1253,11420.7,6,0,2.60471,3.87521,0,0,0,6.47992,355,355,0,1,2.03342,2.03342,1941,388,6,1265,0,0,0,0,0,3733,4599.22,1.0095,7.92975,597439,184,57784,2256,1752606,736,231136,9024,32,4,854649,1688076,27348768,6752304,34101072,4,4,12,4,49,16,12,20,20,20260807,5,1,1,1,0,0,0,6327,0.263625,1,0.0015,0
1254,11429.4,9,0,4.84546,3.79979,0,0,0,8.64525,356,356,0,1,2.03342,2.03342,1946,393,5,1265,0,0,0,0,0,3733,4599.22,1.0095,7.92975,597439,184,57784,2256,1752606,736,231136,9024,32,4,854649,1688076,27348768,6752304,34101072,4,4,12,4,49,16,12,20,20,20260807,5,1,1,1,0,0,0,6327,0.263625,1,0.0015,0
1255,11437,8,0,3.33125,4.24008,0,0,0,7.57133,356,356,0,1,2.03342,2.03342,1946,388,8,1267,0,0,0,0,0,3738,4605.03,1.04308,7.92975,598036,184,58040,2256,1754138,736,232160,9024,32,4,856513,1691610,27408416,6766440,34174856,4,4,12,4,49,16,12,20,20,20260807,5,1,1,1,0,0,0,6327,0.263625,1,0.0015,0
1256,11448.2,11,0,7.02183,4.0315,0,0,0,11.0533,357,357,0,1,2.03342,2.03342,1951,391,6,1270,0,0,0,0,0,3739,4606.19,1.15696,7.92975,598352,184,58040,2256,1754977,736,232160,9024,32,4,857205,1693194,27430560,6772776,34203336,4,4,12,4,49,16,12,20,20,20260807,5,1,1,1,0,0,0,6328,0.263667,1,0.0015,1
1257,11454.8,7,0,2.67267,3.92413,0,0,0,6.59679,357,357,0,1,2.03342,2.03342,1951,389,5,1273,0,0,0,0,0,3741,4608.25,1.10933,7.92975,598458,184,58296,2256,1755277,736,233184,9024,32,4,859368,1697262,27499776,6789048,34288824,4,4,12,4,49,16,12,20,20,20260807,5,1,1,1,0,0,0,6328,0.263667,1,0.0015,0
1258,11464.5,9,0,5.74629,3.80729,0,0,0,9.55358,358,358,0,1,2.03342,2.03342,1956,393,5,1275,0,0,0,0,0,3743,4611,1.07671,7.92975,599176,184,58296,2256,1757233,736,233184,9024,32,4,861324,1701570,27562368,6806280,34368648,4,4,12,4,49,16,12,20,20,20260807,5,1,1,1,0,0,0,6328,0.263667,1,0.0015,0
1259,11471.4,7,0,2.864,3.93771,0,0,0,6.80171,358,358,0,1,2.03342,2.03342,1956,388,6,1278,0,0,0,0,0,3747,4615.97,1.80896,7.92975,599306,184,58552,2256,1757579,736,234208,9024,32,4,862694,1703886,27606208,6815544,34421752,4,4,12,4,49,16,12,20,20,20260807,5,1,1,1,0,0,0,6328,0.263667,1,0.0015,0
1260,11478.6,7,0,2.338,4.85517,0,0,0,7.19317,359,358,0,1,2.03342,2.03342,1956,388,5,1278,0,0,0,0,0,3747,4615.97,1.80896,7.92975,599306,184,58552,2256,1757579,736,234208,9024,32,4,862694,1703886,27606208,6815544,34421752,4,4,12,4,49,16,12,20,20,20260807,5,1,1,1,0,0,0,6328,0.263667,1,0.0015,0
1261,11485.5,7,0,2.60696,4.12571,0,0,0,6.73267,359,359,0,1,2.03342,2.03342,1961,392,5,1278,0,0,0,0,0,3747,4615.97,1.80896,7.92975,599306,184,58552,2256,1757579,736,234208,9024,32,4,862694,1703886,27606208,6815544,34421752,4,4,12,4,49,16,12,20,20,20260807,5,1,1,1,0,0,0,6328,0.263667,1,0.0015,0
1262,11497.5,12,0,8.23162,3.739,0,0,0,11.9706,360,359,0,1,2.03342,2.03342,1961,388,8,1280,0,0,0,0,0,3752,4622.03,0.996958,7.92975,599454,184,58808,2256,1757960,736,235232,9024,32,4,863899,1705812,27644768,6823248,34468016,4,4,12,4,49,16,12,20,20,20260807,5,1,1,1,0,0,0,6329,0.263708,1,0.0015,1
1263,11504.7,8,0,3.30679,3.76721,0,0,0,7.074,360,360,0,1,2.03342,2.03342,1966,392,5,1282,0,0,0,0,0,3752,4622.03,0.996958,7.92975,599454,184,58808,2256,1757960,736,235232,9024,32,4,864099,1706310,27651168,6825240,34476408,4,4,12,4,49,16,12,20,20,20260807,5,1,1,1,0,0,0,6329,0.263708,1,0.0015,0
1264,11513.9,9,0,5.66092,3.53375,0,0,0,9.19467,361,360,0,1,2.03342,2.03342,1966,388,6,1285,0,0,0,0,0,3756,4626.57,0.964583,7.92975,599655,184,59064,2256,1758530,736,236256,9024,32,4,865693,1709052,27702176,6836208,34538384,4,4,12,4,49,16,12,20,20,20260807,5,1,1,1,0,0,0,6329,0.263708,1,0.0015,0
1265,11522.9,9,0,4.72837,4.19192,0,0,0,8.92029,361,361,0,1,2.03342,2.03342,1971,393,5,1285,0,0,0,0,0,3756,4626.57,0.964583,7.92975,599655,184,59064,2256,1758530,736,236256,9024,32,4,865693,1709052,27702176,6836208,34538384,4,4,12,4,49,16,12,20,20,20260807,5,1,1,1,0,0,0,6329,0.263708,1,0.0015,0
1266,11530.8,8,0,3.88529,3.94092,0,0,0,7.82621,361,361,0,1,2.03342,2.03342,1971,388,7,1288,0,0,0,0,0,3761,4631.46,0.992583,7.92975,599918,184,59320,2256,1759225,736,237280,9024,32,4,867412,1712166,27757184,6848664,34605848,4,4,12,4,49,16,12,20,20,20260807,5,1,1,1,0,0,0,6329,0.263708,1,0.0015,0
1267,11537.7,7,0,2.38112,4.41613,0,0,0,6.79725,361,361,0,1,2.03342,2.03342,1971,388,5,1288,0,0,0,0,0,3761,4631.46,0.992583,7.92975,599918,184,59320,2256,1759225,736,237280,9024,32,4,867412,1712166,27757184,6848664,34605848,4,4,12,4,49,16,12,20,20,20260807,5,1,1,1,0,0,0,6329,0.263708,1,0.0015,0
1268,11545.4,7,0,2.32604,5.25496,0,0,0,7.581,361,361,0,1,2.03342,2.03342,1971,388,5,1288,0,0,0,0,0,3761,4631.46,0.992583,7.92975,599918,184,59320,2256,1759225,736,237280,9024,32,4,867412,1712166,27757184,6848664,34605848,4,4,12,4,49,16,12,20,20,20260807,5,1,1,1,0,0,0,6330,0.26375,1,0.0015,1
1269,11551.7,7,0,2.45887,3.81038,0,0,0,6.26925,361,361,0,1,2.03342,2.03342,1971,388,5,1288,0,0,0,0,0,3761,4631.46,0.992583,7.92975,599918,184,59320,2256,1759225,736,237280,9024,32,4,867412,1712166,27757184,6848664,34605848,4,4,12,4,49,16,12,20,20,20260807,5,1,1,1,0,0,0,6330,0.26375,1,0.0015,0
1270,11562.1,10,0,2.40521,7.86796,0,0,0,10.2732,361,361,0,1,2.03342,2.03342,1971,388,5,1288,0,0,0,0,0,3761,4631.46,0.992583,7.92975,599918,184,59320,2256,1759225,736,237280,9024,32,4,867412,1712166,27757184,6848664,34605848,4,4,12,4,49,16,12,20,20,20260807,5,1,1,1,0,0,0,6330,0.26375,1,0.0015,0
1271,11568.3,6,0,2.33387,3.76425,0,0,0,6.09812,361,361,0,1,2.03342,2.03342,1971,388,5,1288,0,0,0,0,0,3761,4631.46,0.992583,7.92975,599918,184,59320,2256,1759225,736,237280,9024,32,4,867412,1712166,27757184,6848664,34605848,4,4,12,4,49,16,12,20,20,20260807,5,1,1,1,0,0,0,6330,0.26375,1,0.0015,0
1272,11578.7,11,0,2.28842,8.09225,0,0,0,10.3807,361,361,0,1,2.03342,2.03342,1971,388,5,1288,0,0,0,0,0,3761,4631.46,0.992583,7.92975,599918,184,59320,2256,1759225,736,237280,9024,32,4,867412,1712166,27757184,6848664,34605848,4,4,12,4,49,16,12,20,20,20260807,5,1,1,1,0,0,0,6330,0.26375,1,0.0015,0
1273,11585.2,6,0,2.38683,3.95858,0,0,0,6.34542,361,361,0,1,2.03342,2.03342,1971,388,5,1288,0,0,0,0,0,3761,4631.46,0.992583,7.92975,599918,184,59320,2256,1759225,736,237280,9024,32,4,867412,1712166,27757184,6848664,34605848,4,4,12,4,49,16,12,20,20,20260807,5,1,1,1,0,0,0,6330,0.26375,1,0.0015,0
1274,11595.3,10,0,2.26375,7.76337,0,0,0,10.0271,361,361,0,1,2.03342,2.03342,1971,388,5,1288,0,0,0,0,0,3761,4631.46,0.992583,7.92975,599918,184,59320,2256,1759225,736,237280,9024,32,4,867412,1712166,27757184,6848664,34605848,4,4,12,4,49,16,12,20,20,20260807,5,1,1,1,0,0,0,6331,0.263792,1,0.0015,1
1275,11601.5,6,0,2.31133,3.84242,0,0,0,6.15375,361,361,0,1,2.03342,2.03342,1971,388,5,1288,0,0,0,0,0,3761,4631.46,0.992583,7.92975,599918,184,59320,2256,1759225,736,237280,9024,32,4,867412,1712166,27757184,6848664,34605848,4,4,12,4,49,16,12,20,20,20260807,5,1,1,1,0,0,0,6331,0.263792,1,0.0015,0
1276,11612.5,11,0,2.39538,8.45679,0,0,0,10.8522,361,361,0,1,2.03342,2.03342,1971,388,5,1288,0,0,0,0,0,3761,4631.46,0.992583,7.92975,599918,184,59320,2256,1759225,736,237280,9024,32,4,867412,1712166,27757184,6848664,34605848,4,4,12,4,49,16,12,20,20,20260807,5,1,1,1,0,0,0,6331,0.263792,1,0.0015,0
1277,11619,7,0,2.39317,4.02271,0,0,0,6.41587,361,361,0,1,2.03342,2.03342,1971,388,5,1288,0,0,0,0,0,3761,4631.46,0.992583,7.92975,599918,184,59320,2256,1759225,736,237280,9024,32,4,867412,1712166,27757184,6848664,34605848,4,4,12,4,49,16,12,20,20,20260807,5,1,1,1,0,0,0,6331,0.263792,1,0.0015,0
1278,11628.7,10,0,2.38779,7.28221,0,0,0,9.67,361,361,0,1,2.03342,2.03342,1971,388,5,1288,0,0,0,0,0,3761,4631.46,0.992583,7.92975,599918,184,59320,2256,1759225,736,237280,9024,32,4,867412,1712166,27757184,6848664,34605848,4,4,12,4,49,16,12,20,20,20260807,5,1,1,1,0,0,0,6331,0.263792,1,0.0015,0
1279,11635.3,6,0,2.43454,4.07675,0,0,0,6.51129,361,361,0,1,2.03342,2.03342,1971,388,5,1288,0,0,0,0,0,3761,4631.46,0.992583,7.92975,599918,184,59320,2256,1759225,736,237280,9024,32,4,867412,1712166,27757184,6848664,34605848,4,4,12,4,49,16,12,20,20,20260807,5,1,1,1,0,0,0,6331,0.263792,1,0.0015,0
1280,11645.4,10,0,2.38829,7.61967,0,0,0,10.008,361,361,0,1,2.03342,2.03342,1971,388,5,1288,0,0,0,0,0,3761,4631.46,0.992583,7.92975,599918,184,59320,2256,1759225,736,237280,9024,32,4,867412,1712166,27757184,6848664,34605848,4,4,12,4,49,16,12,20,20,20260807,5,1,1,1,0,0,0,6332,0.263833,1,0.0015,1
1281,11652,7,0,2.44146,4.07562,0,0,0,6.51708,361,361,0,1,2.03342,2.03342,1971,388,5,1288,0,0,0,0,0,3761,4631.46,0.992583,7.92975,599918,184,59320,2256,1759225,736,237280,9024,32,4,867412,1712166,27757184,6848664,34605848,4,4,12,4,49,16,12,20,20,20260807,5,1,1,1,0,0,0,6332,0.263833,1,0.0015,0
1282,11662.1,10,0,2.27083,7.777,0,0,0,10.0478,361,361,0,1,2.03342,2.03342,1971,388,5,1288,0,0,0,0,0,3761,4631.46,0.992583,7.92975,599918,184,59320,2256,1759225,736,237280,9024,32,4,867412,1712166,27757184,6848664,34605848,4,4,12,4,49,16,12,20,20,20260807,5,1,1,1,0,0,0,6332,0.263833,1,0.0015,0
1283,11668.4,6,0,2.43596,3.79787,0,0,0,6.23383,361,361,0,1,2.03342,2.03342,1971,388,5,1288,0,0,0,0,0,3761,4631.46,0.992583,7.92975,599918,184,59320,2256,1759225,736,237280,9024,32,4,867412,1712166,27757184,6848664,34605848,4,4,12,4,49,16,12,20,20,20260807,5,1,1,1,0,0,0,6332,0.263833,1,0.0015,0
1284,11678.7,11,0,2.34275,7.84992,0,0,0,10.1927,361,361,0,1,2.03342,2.03342,1971,388,5,1288,0,0,0,0,0,3761,4631.46,0.992583,7.92975,599918,184,59320,2256,1759225,736,237280,9024,32,4,867412,1712166,27757184,6848664,34605848,4,4,12,4,49,16,12,20,20,20260807,5,1,1,1,0,0,0,6332,0.263833,1,0.0015,0
1285,11685,6,0,2.37158,3.8495,0,0,0,6.22108,361,361,0,1,2.03342,2.03342,1971,388,5,1288,0,0,0,0,0,3761,4631.46,0.992583,7.92975,599918,184,59320,2256,1759225,736,237280,9024,32,4,867412,1712166,27757184,6848664,34605848,4,4,12,4,49,16,12,20,20,20260807,5,1,1,1,0,0,0,6332,0.263833,1,0.0015,0
1286,11695.5,10,0,2.34371,8.03442,0,0,0,10.3781,361,361,0,1,2.03342,2.03342,1971,388,5,1288,0,0,0,0,0,3761,4631.46,0.992583,7.92975,599918,184,59320,2256,1759225,736,237280,9024,32,4,867412,1712166,27757184,6848664,34605848,4,4,12,4,49,16,12,20,20,20260807,5,1,1,1,0,0,0,6333,0.263875,1,0.0015,1
1287,11701.9,7,0,2.37758,3.90196,0,0,0,6.27954,361,361,0,1,2.03342,2.03342,1971,388,5,1288,0,0,0,0,0,3761,4631.46,0.992583,7.92975,599918,184,59320,2256,1759225,736,237280,9024,32,4,867412,1712166,27757184,6848664,34605848,4,4,12,4,49,16,12,20,20,20260807,5,1,1,1,0,0,0,6333,0.263875,1,0.0015,0
1288,11712.1,10,0,2.30538,7.75925,0,0,0,10.0646,361,361,0,1,2.03342,2.03342,1971,388,5,1288,0,0,0,0,0,3761,4631.46,0.992583,7.92975,599918,184,59320,2256,1759225,736,237280,9024,32,4,867412,1712166,27757184,6848664,34605848,4,4,12,4,49,16,12,20,20,20260807,5,1,1,1,0,0,0,6333,0.263875,1,0.0015,0
1289,11718.4,6,0,2.39375,3.86362,0,0,0,6.25737,361,361,0,1,2.03342,2.03342,1971,388,5,1288,0,0,0,0,0,3761,4631.46,0.992583,7.92975,599918,184,59320,2256,1759225,736,237280,9024,32,4,867412,1712166,27757184,6848664,34605848,4,4,12,4,49,16,12,20,20,20260807,5,1,1,1,0,0,0,6333,0.263875,1,0.0015,0
1290,11728.9,11,0,2.32579,8.08142,0,0,0,10.4072,361,361,0,1,2.03342,2.03342,1971,388,5,1288,0,0,0,0,0,3761,4631.46,0.992583,7.92975,599918,184,59320,2256,1759225,736,237280,9024,32,4,867412,1712166,27757184,6848664,34605848,4,4,12,4,49,16,12,20,20,20260807,5,1,1,1,0,0,0,6333,0.263875,1,0.0015,0
1291,11735.4,6,0,2.50458,3.97133,0,0,0,6.47592,361,361,0,1,2.03342,2.03342,1971,388,5,1288,0,0,0,0,0,3761,4631.46,0.992583,7.92975,599918,184,59320,2256,1759225,736,237280,9024,32,4,867412,1712166,27757184,6848664,34605848,4,4,12,4,49,16,12,20,20,20260807,5,1,1,1,0,0,0,6333,0.263875,1,0.0015,0
1292,11745.4,10,0,2.33213,7.56996,0,0,0,9.90208,361,361,0,1,2.03342,2.03342,1971,388,5,1288,0,0,0,0,0,3761,4631.46,0.992583,7.92975,599918,184,59320,2256,1759225,736,237280,9024,32,4,867412,1712166,27757184,6848664,34605848,4,4,12,4,49,16,12,20,20,20260807,5,1,1,1,0,0,0,6334,0.263917,1,0.0015,1
1293,11751.7,7,0,2.32154,3.88467,0,0,0,6.20621,361,361,0,1,2.03342,2.03342,1971,388,5,1288,0,0,0,0,0,3761,4631.46,0.992583,7.92975,599918,184,59320,2256,1759225,736,237280,9024,32,4,867412,1712166,27757184,6848664,34605848,4,4,12,4,49,16,12,20,20,20260807,5,1,1,1,0,0,0,6334,0.263917,1,0.0015,0
1294,11762.1,10,0,2.25054,8.06433,0,0,0,10.3149,361,361,0,1,2.03342,2.03342,1971,388,5,1288,0,0,0,0,0,3761,4631.46,0.992583,7.92975,599918,184,59320,2256,1759225,736,237280,9024,32,4,867412,1712166,27757184,6848664,34605848,4,4,12,4,49,16,12,20,20,20260807,5,1,1,1,0,0,0,6334,0.263917,1,0.0015,0
1295,11768.6,6,0,2.37417,4.01171,0,0,0,6.38588,361,361,0,1,2.03342,2.03342,1971,388,5,1288,0,0,0,0,0,3761,4631.46,0.992583,7.92975,599918,184,59320,2256,1759225,736,237280,9024,32,4,867412,1712166,27757184,6848664,34605848,4,4,12,4,49,16,12,20,20,20260807,5,1,1,1,0,0,0,6334,0.263917,1,0.0015,0
1296,11778.9,11,0,2.27237,7.936,0,0,0,10.2084,361,361,0,1,2.03342,2.03342,1971,388,5,1288,0,0,0,0,0,3761,4631.46,0.992583,7.92975,599918,184,59320,2256,1759225,736,237280,9024,32,4,867412,1712166,27757184,6848664,34605848,4,4,12,4,49,16,12,20,20,20260807,5,1,1,1,0,0,0,6334,0.263917,1,0.0015,0
1297,11785.3,6,0,2.37592,3.97083,0,0,0,6.34675,361,361,0,1,2.03342,2.03342,1971,388,5,1288,0,0,0,0,0,3761,4631.46,0.992583,7.92975,599918,184,59320,2256,1759225,736,237280,9024,32,4,867412,1712166,27757184,6848664,34605848,4,4,12,4,49,16,12,20,20,20260807,5,1,1,1,0,0,0,6334,0.263917,1,0.0015,0
1298,11795.6,10,0,2.27488,7.97462,0,0,0,10.2495,361,361,0,1,2.03342,2.03342,1971,388,5,1288,0,0,0,0,0,3761,4631.46,0.992583,7.92975,599918,184,59320,2256,1759225,736,237280,9024,32,4,867412,1712166,27757184,6848664,34605848,4,4,12,4,49,16,12,20,20,20260807,5,1,1,1,0,0,0,6335,0.263958,1,0.0015,1
1299,11801.9,7,0,2.34671,3.87346,0,0,0,6.22017,361,361,0,1,2.03342,2.03342,1971,388,5,1288,0,0,0,0,0,3761,4631.46,0.992583,7.92975,599918,184,59320,2256,1759225,736,237280,9024,32,4,867412,1712166,27757184,6848664,34605848,4,4,12,4,49,16,12,20,20,20260807,5,1,1,1,0,0,0,6335,0.263958,1,0.0015,0
1300,11812.1,10,0,2.33438,7.78775,0,0,0,10.1221,361,361,0,1,2.03342,2.03342,1971,388,5,1288,0,0,0,0,0,3761,4631.46,0.992583,7.92975,599918,184,59320,2256,1759225,736,237280,9024,32,4,867412,1712166,27757184,6848664,34605848,4,4,12,4,49,16,12,20,20,20260807,5,1,1,1,0,0,0,6335,0.263958,1,0.0015,0
1301,11818.7,6,0,2.497,3.93675,0,0,0,6.43375,361,361,0,1,2.03342,2.03342,1971,388,5,1288,0,0,0,0,0,3761,4631.46,0.992583,7.92975,599918,184,59320,2256,1759225,736,237280,9024,32,4,867412,1712166,27757184,6848664,34605848,4,4,12,4,49,16,12,20,20,20260807,5,1,1,1,0,0,0,6335,0.263958,1,0.0015,0
1302,11828.9,11,0,2.28925,7.80387,0,0,0,10.0931,361,361,0,1,2.03342,2.03342,1971,388,5,1288,0,0,0,0,0,3761,4631.46,0.992583,7.92975,599918,184,59320,2256,1759225,736,237280,9024,32,4,867412,1712166,27757184,6848664,34605848,4,4,12,4,49,16,12,20,20,20260807,5,1,1,1,0,0,0,6335,0.263958,1,0.0015,0
1303,11835.5,6,0,2.39942,4.11267,0,0,0,6.51208,361,361,0,1,2.03342,2.03342,1971,388,5,1288,0,0,0,0,0,3761,4631.46,0.992583,7.92975,599918,184,59320,2256,1759225,736,237280,9024,32,4,867412,1712166,27757184,6848664,34605848,4,4,12,4,49,16,12,20,20,20260807,5,1,1,1,0,0,0,6335,0.263958,1,0.0015,0
1304,11845.5,10,0,2.25425,7.66675,0,0,0,9.921,361,361,0,1,2.03342,2.03342,1971,388,5,1288,0,0,0,0,0,3761,4631.46,0.992583,7.92975,599918,184,59320,2256,1759225,736,237280,9024,32,4,867412,1712166,27757184,6848664,34605848,4,4,12,4,49,16,12,20,20,20260807,5,1,1,1,0,0,0,6336,0.264,1,0.0015,1
1305,11851.8,7,0,2.385,3.88096,0,0,0,6.26596,361,361,0,1,2.03342,2.03342,1971,388,5,1288,0,0,0,0,0,3761,4631.46,0.992583,7.92975,599918,184,59320,2256,1759225,736,237280,9024,32,4,867412,1712166,27757184,6848664,34605848,4,4,12,4,49,16,12,20,20,20260807,5,1,1,1,0,0,0,6336,0.264,1,0.0015,0
1306,11862.2,10,0,2.30442,8.01733,0,0,0,10.3217,361,361,0,1,2.03342,2.03342,1971,388,5,1288,0,0,0,0,0,3761,4631.46,0.992583,7.92975,599918,184,59320,2256,1759225,736,237280,9024,32,4,867412,1712166,27757184,6848664,34605848,4,4,12,4,49,16,12,20,20,20260807,5,1,1,1,0,0,0,6336,0.264,1,0.0015,0
1307,11868.7,7,0,2.44433,3.98267,0,0,0,6.427,361,361,0,1,2.03342,2.03342,1971,388,5,1288,0,0,0,0,0,3761,4631.46,0.992583,7.92975,599918,184,59320,2256,1759225,736,237280,9024,32,4,867412,1712166,27757184,6848664,34605848,4,4,12,4,49,16,12,20,20,20260807,5,1,1,1,0,0,0,6336,0.264,1,0.0015,0
1308,11878.7,10,0,2.26817,7.65804,0,0,0,9.92621,361,361,0,1,2.03342,2.03342,1971,388,5,1288,0,0,0,0,0,3761,4631.46,0.992583,7.92975,599918,184,59320,2256,1759225,736,237280,9024,32,4,867412,1712166,27757184,6848664,34605848,4,4,12,4,49,16,12,20,20,20260807,5,1,1,1,0,0,0,6336,0.264,1,0.0015,0
1309,11885.1,6,0,2.40813,3.89933,0,0,0,6.30746,361,361,0,1,2.03342,2.03342,1971,388,5,1288,0,0,0,0,0,3761,4631.46,0.992583,7.92975,599918,184,59320,2256,1759225,736,237280,9024,32,4,867412,1712166,27757184,6848664,34605848,4,4,12,4,49,16,12,20,20,20260807,5,1,1,1,0,0,0,6336,0.264,1,0.0015,0
1310,11895.5,10,0,2.35083,7.96967,0,0,0,10.3205,361,361,0,1,2.03342,2.03342,1971,388,5,1288,0,0,0,0,0,3761,4631.46,0.992583,7.92975,599918,184,59320,2256,1759225,736,237280,9024,32,4,867412,1712166,27757184,6848664,34605848,4,4,12,4,49,16,12,20,20,20260807,5,1,1,1,0,0,0,6337,0.264042,1,0.0015,1
1311,11902.1,7,0,2.41642,4.08208,0,0,0,6.4985,361,361,0,1,2.03342,2.03342,1971,388,5,1288,0,0,0,0,0,3761,4631.46,0.992583,7.92975,599918,184,59320,2256,1759225,736,237280,9024,32,4,867412,1712166,27757184,6848664,34605848,4,4,12,4,49,16,12,20,20,20260807,5,1,1,1,0,0,0,6337,0.264042,1,0.0015,0
1312,11912.3,10,0,2.351,7.74583,0,0,0,10.0968,361,361,0,1,2.03342,2.03342,1971,388,5,1288,0,0,0,0,0,3761,4631.46,0.992583,7.92975,599918,184,59320,2256,1759225,736,237280,9024,32,4,867412,1712166,27757184,6848664,34605848,4,4,12,4,49,16,12,20,20,20260807,5,1,1,1,0,0,0,6337,0.264042,1,0.0015,0
1313,11918.7,7,0,2.30221,4.05738,0,0,0,6.35958,361,361,0,1,2.03342,2.03342,1971,388,5,1288,0,0,0,0,0,3761,4631.46,0.992583,7.92975,599918,184,59320,2256,1759225,736,237280,9024,32,4,867412,1712166,27757184,6848664,34605848,4,4,12,4,49,16,12,20,20,20260807,5,1,1,1,0,0,0,6337,0.264042,1,0.0015,0
1314,11928.8,10,0,2.41021,7.52313,0,0,0,9.93333,361,361,0,1,2.03342,2.03342,1971,388,5,1288,0,0,0,0,0,3761,4631.46,0.992583,7.92975,599918,184,59320,2256,1759225,736,237280,9024,32,4,867412,1712166,27757184,6848664,34605848,4,4,12,4,49,16,12,20,20,20260807,5,1,1,1,0,0,0,6337,0.264042,1,0.0015,0
1315,11935.3,6,0,2.383,4.04908,0,0,0,6.43208,361,361,0,1,2.03342,2.03342,1971,388,5,1288,0,0,0,0,0,3761,4631.46,0.992583,7.92975,599918,184,59320,2256,1759225,736,237280,9024,32,4,867412,1712166,27757184,6848664,34605848,4,4,12,4,49,16,12,20,20,20260807,5,1,1,1,0,0,0,6337,0.264042,1,0.0015,0
1316,11945.5,10,0,2.33967,7.80187,0,0,0,10.1415,361,361,0,1,2.03342,2.03342,1971,388,5,1288,0,0,0,0,0,3761,4631.46,0.992583,7.92975,599918,184,59320,2256,1759225,736,237280,9024,32,4,867412,1712166,27757184,6848664,34605848,4,4,12,4,49,16,12,20,20,20260807,5,1,1,1,0,0,0,6338,0.264083,1,0.0015,1
1317,11951.9,7,0,2.38546,3.90912,0,0,0,6.29458,361,361,0,1,2.03342,2.03342,1971,388,5,1288,0,0,0,0,0,3761,4631.46,0.992583,7.92975,599918,184,59320,2256,1759225,736,237280,9024,32,4,867412,1712166,27757184,6848664,34605848,4,4,12,4,49,16,12,20,20,20260807,5,1,1,1,0,0,0,6338,0.264083,1,0.0015,0
1318,11962.4,10,0,2.29062,8.17254,0,0,0,10.4632,361,361,0,1,2.03342,2.03342,1971,388,5,1288,0,0,0,0,0,3761,4631.46,0.992583,7.92975,599918,184,59320,2256,1759225,736,237280,9024,32,4,867412,1712166,27757184,6848664,34605848,4,4,12,4,49,16,12,20,20,20260807,5,1,1,1,0,0,0,6338,0.264083,1,0.0015,0
1319,11968.8,7,0,2.36333,3.86342,0,0,0,6.22675,361,361,0,1,2.03342,2.03342,1971,388,5,1288,0,0,0,0,0,3761,4631.46,0.992583,7.92975,599918,184,59320,2256,1759225,736,237280,9024,32,4,867412,1712166,27757184,6848664,34605848,4,4,12,4,49,16,12,20,20,20260807,5,1,1,1,0,0,0,6338,0.264083,1,0.0015,0
1320,11978.8,10,0,2.289,7.68842,0,0,0,9.97742,361,361,0,1,2.03342,2.03342,1971,388,5,1288,0,0,0,0,0,3761,4631.46,0.992583,7.92975,599918,184,59320,2256,1759225,736,237280,9024,32,4,867412,1712166,27757184,6848664,34605848,4,4,12,4,49,16,12,20,20,20260807,5,1,1,1,0,0,0,6338,0.264083,1,0.0015,0
1321,11985.1,6,0,2.42263,3.82546,0,0,0,6.24808,361,361,0,1,2.03342,2.03342,1971,388,5,1288,0,0,0,0,0,3761,4631.46,0.992583,7.92975,599918,184,59320,2256,1759225,736,237280,9024,32,4,867412,1712166,27757184,6848664,34605848,4,4,12,4,49,16,12,20,20,20260807,5,1,1,1,0,0,0,6338,0.264083,1,0.0015,0
1322,11995.4,10,0,2.37025,7.83075,0,0,0,10.201,361,361,0,1,2.03342,2.03342,1971,388,5,1288,0,0,0,0,0,3761,4631.46,0.992583,7.92975,599918,184,59320,2256,1759225,736,237280,9024,32,4,867412,1712166,27757184,6848664,34605848,4,4,12,4,49,16,12,20,20,20260807,5,1,1,1,0,0,0,6339,0.264125,1,0.0015,1
1323,12002,7,0,2.41188,4.06917,0,0,0,6.48104,361,361,0,1,2.03342,2.03342,1971,388,5,1288,0,0,0,0,0,3761,4631.46,0.992583,7.92975,599918,184,59320,2256,1759225,736,237280,9024,32,4,867412,1712166,27757184,6848664,34605848,4,4,12,4,49,16,12,20,20,20260807,5,1,1,1,0,0,0,6339,0.264125,1,0.0015,0
1324,12012.1,10,0,2.24329,7.75587,0,0,0,9.99917,361,361,0,1,2.03342,2.03342,1971,388,5,1288,0,0,0,0,0,3761,4631.46,0.992583,7.92975,599918,184,59320,2256,1759225,736,237280,9024,32,4,867412,1712166,27757184,6848664,34605848,4,4,12,4,49,16,12,20,20,20260807,5,1,1,1,0,0,0,6339,0.264125,1,0.0015,0
1325,12018.3,6,0,2.37292,3.74125,0,0,0,6.11417,361,361,0,1,2.03342,2.03342,1971,388,5,1288,0,0,0,0,0,3761,4631.46,0.992583,7.92975,599918,184,59320,2256,1759225,736,237280,9024,32,4,867412,1712166,27757184,6848664,34605848,4,4,12,4,49,16,12,20,20,20260807,5,1,1,1,0,0,0,6339,0.264125,1,0.0015,0
1326,12028.9,11,0,2.39617,8.15054,0,0,0,10.5467,361,361,0,1,2.03342,2.03342,1971,388,5,1288,0,0,0,0,0,3761,4631.46,0.992583,7.92975,599918,184,59320,2256,1759225,736,237280,9024,32,4,867412,1712166,27757184,6848664,34605848,4,4,12,4,49,16,12,20,20,20260807,5,1,1,1,0,0,0,6339,0.264125,1,0.0015,0
1327,12036,7,0,2.35462,4.62342,0,0,0,6.97804,361,361,0,1,2.03342,2.03342,1971,388,5,1288,0,0,0,0,0,3761,4631.46,0.992583,7.92975,599918,184,59320,2256,1759225,736,237280,9024,32,4,867412,1712166,27757184,6848664,34605848,4,4,12,4,49,16,12,20,20,20260807,5,1,1,1,0,0,0,6339,0.264125,1,0.0015,0
1328,12045.5,9,0,2.42279,7.07458,0,0,0,9.49737,361,361,0,1,2.03342,2.03342,1971,388,5,1288,0,0,0,0,0,3761,4631.46,0.992583,7.92975,599918,184,59320,2256,1759225,736,237280,9024,32,4,867412,1712166,27757184,6848664,34605848,4,4,12,4,49,16,12,20,20,20260807,5,1,1,1,0,0,0,6340,0.264167,1,0.0015,1
1329,12052.1,7,0,2.45367,3.98588,0,0,0,6.43954,361,361,0,1,2.03342,2.03342,1971,388,5,1288,0,0,0,0,0,3761,4631.46,0.992583,7.92975,599918,184,59320,2256,1759225,736,237280,9024,32,4,867412,1712166,27757184,6848664,34605848,4,4,12,4,49,16,12,20,20,20260807,5,1,1,1,0,0,0,6340,0.264167,1,0.0015,0
1330,12062.1,10,0,2.23467,7.67121,0,0,0,9.90587,361,361,0,1,2.03342,2.03342,1971,388,5,1288,0,0,0,0,0,3761,4631.46,0.992583,7.92975,599918,184,59320,2256,1759225,736,237280,9024,32,4,867412,1712166,27757184,6848664,34605848,4,4,12,4,49,16,12,20,20,20260807,5,1,1,1,0,0,0,6340,0.264167,1,0.0015,0
1331,12068.6,6,0,2.43892,4.00683,0,0,0,6.44575,361,361,0,1,2.03342,2.03342,1971,388,5,1288,0,0,0,0,0,3761,4631.46,0.992583,7.92975,599918,184,59320,2256,1759225,736,237280,9024,32,4,867412,1712166,27757184,6848664,34605848,4,4,12,4,49,16,12,20,20,20260807,5,1,1,1,0,0,0,6340,0.264167,1,0.0015,0
1332,12078.9,11,0,2.30142,7.86383,0,0,0,10.1653,361,361,0,1,2.03342,2.03342,1971,388,5,1288,0,0,0,0,0,3761,4631.46,0.992583,7.92975,599918,184,59320,2256,1759225,736,237280,9024,32,4,867412,1712166,27757184,6848664,34605848,4,4,12,4,49,16,12,20,20,20260807,5,1,1,1,0,0,0,6340,0.264167,1,0.0015,0
1333,12085.3,6,0,2.44163,3.96367,0,0,0,6.40529,361,361,0,1,2.03342,2.03342,1971,388,5,1288,0,0,0,0,0,3761,4631.46,0.992583,7.92975,599918,184,59320,2256,1759225,736,237280,9024,32,4,867412,1712166,27757184,6848664,34605848,4,4,12,4,49,16,12,20,20,20260807,5,1,1,1,0,0,0,6340,0.264167,1,0.0015,0
1334,12095.4,10,0,2.36446,7.63288,0,0,0,9.99733,361,361,0,1,2.03342,2.03342,1971,388,5,1288,0,0,0,0,0,3761,4631.46,0.992583,7.92975,599918,184,59320,2256,1759225,736,237280,9024,32,4,867412,1712166,27757184,6848664,34605848,4,4,12,4,49,16,12,20,20,20260807,5,1,1,1,0,0,0,6341,0.264208,1,0.0015,1
1335,12101.8,7,0,2.38383,3.89271,0,0,0,6.27654,361,361,0,1,2.03342,2.03342,1971,388,5,1288,0,0,0,0,0,3761,4631.46,0.992583,7.92975,599918,184,59320,2256,1759225,736,237280,9024,32,4,867412,1712166,27757184,6848664,34605848,4,4,12,4,49,16,12,20,20,20260807,5,1,1,1,0,0,0,6341,0.264208,1,0.0015,0
1336,12112.1,10,0,2.26383,7.92329,0,0,0,10.1871,361,361,0,1,2.03342,2.03342,1971,388,5,1288,0,0,0,0,0,3761,4631.46,0.992583,7.92975,599918,184,59320,2256,1759225,736,237280,9024,32,4,867412,1712166,27757184,6848664,34605848,4,4,12,4,49,16,12,20,20,20260807,5,1,1,1,0,0,0,6341,0.264208,1,0.0015,0
1337,12118.6,6,0,2.40558,4,0,0,0,6.40558,361,361,0,1,2.03342,2.03342,1971,388,5,1288,0,0,0,0,0,3761,4631.46,0.992583,7.92975,599918,184,59320,2256,1759225,736,237280,9024,32,4,867412,1712166,27757184,6848664,34605848,4,4,12,4,49,16,12,20,20,20260807,5,1,1,1,0,0,0,6341,0.264208,1,0.0015,0
1338,12128.8,11,0,2.34621,7.80967,0,0,0,10.1559,361,361,0,1,2.03342,2.03342,1971,388,5,1288,0,0,0,0,0,3761,4631.46,0.992583,7.92975,599918,184,59320,2256,1759225,736,237280,9024,32,4,867412,1712166,27757184,6848664,34605848,4,4,12,4,49,16,12,20,20,20260807,5,1,1,1,0,0,0,6341,0.264208,1,0.0015,0
1339,12135.8,7,0,2.34287,4.52567,0,0,0,6.86854,361,361,0,1,2.03342,2.03342,1971,388,5,1288,0,0,0,0,0,3761,4631.46,0.992583,7.92975,599918,184,59320,2256,1759225,736,237280,9024,32,4,867412,1712166,27757184,6848664,34605848,4,4,12,4,49,16,12,20,20,20260807,5,1,1,1,0,0,0,6341,0.264208,1,0.0015,0
1340,12145.6,9,0,2.302,7.48208,0,0,0,9.78408,361,361,0,1,2.03342,2.03342,1971,388,5,1288,0,0,0,0,0,3761,4631.46,0.992583,7.92975,599918,184,59320,2256,1759225,736,237280,9024,32,4,867412,1712166,27757184,6848664,34605848,4,4,12,4,49,16,12,20,20,20260807,5,1,1,1,0,0,0,6342,0.26425,1,0.0015,1
1341,12152,7,0,2.30346,4.03071,0,0,0,6.33417,361,361,0,1,2.03342,2.03342,1971,388,5,1288,0,0,0,0,0,3761,4631.46,0.992583,7.92975,599918,184,59320,2256,1759225,736,237280,9024,32,4,867412,1712166,27757184,6848664,34605848,4,4,12,4,49,16,12,20,20,20260807,5,1,1,1,0,0,0,6342,0.26425,1,0.0015,0
1342,12162.3,10,0,2.21775,7.98371,0,0,0,10.2015,361,361,0,1,2.03342,2.03342,1971,388,5,1288,0,0,0,0,0,3761,4631.46,0.992583,7.92975,599918,184,59320,2256,1759225,736,237280,9024,32,4,867412,1712166,27757184,6848664,34605848,4,4,12,4,49,16,12,20,20,20260807,5,1,1,1,0,0,0,6342,0.26425,1,0.0015,0
1343,12169,7,0,2.42079,4.20075,0,0,0,6.62154,361,361,0,1,2.03342,2.03342,1971,388,5,1288,0,0,0,0,0,3761,4631.46,0.992583,7.92975,599918,184,59320,2256,1759225,736,237280,9024,32,4,867412,1712166,27757184,6848664,34605848,4,4,12,4,49,16,12,20,20,20260807,5,1,1,1,0,0,0,6342,0.26425,1,0.0015,0
1344,12179.1,10,0,2.27725,7.6705,0,0,0,9.94775,361,361,0,1,2.03342,2.03342,1971,388,5,1288,0,0,0,0,0,3761,4631.46,0.992583,7.92975,599918,184,59320,2256,1759225,736,237280,9024,32,4,867412,1712166,27757184,6848664,34605848,4,4,12,4,49,16,12,20,20,20260807,5,1,1,1,0,0,0,6342,0.26425,1,0.0015,0
1345,12185.2,6,0,2.27162,3.79879,0,0,0,6.07042,361,361,0,1,2.03342,2.03342,1971,388,5,1288,0,0,0,0,0,3761,4631.46,0.992583,7.92975,599918,184,59320,2256,1759225,736,237280,9024,32,4,867412,1712166,27757184,6848664,34605848,4,4,12,4,49,16,12,20,20,20260807,5,1,1,1,0,0,0,6342,0.26425,1,0.0015,0
1346,12196.3,11,0,2.30025,8.63592,0,0,0,10.9362,361,361,0,1,2.03342,2.03342,1971,388,5,1288,0,0,0,0,0,3761,4631.46,0.992583,7.92975,599918,184,59320,2256,1759225,736,237280,9024,32,4,867412,1712166,27757184,6848664,34605848,4,4,12,4,49,16,12,20,20,20260807,5,1,1,1,0,0,0,6343,0.264292,1,0.0015,1
1347,12202.9,7,0,2.44192,4.1045,0,0,0,6.54642,361,361,0,1,2.03342,2.03342,1971,388,5,1288,0,0,0,0,0,3761,4631.46,0.992583,7.92975,599918,184,59320,2256,1759225,736,237280,9024,32,4,867412,1712166,27757184,6848664,34605848,4,4,12,4,49,16,12,20,20,20260807,5,1,1,1,0,0,0,6343,0.264292,1,0.0015,0
1348,12212,9,0,2.29733,6.75717,0,0,0,9.0545,361,361,0,1,2.03342,2.03342,1971,388,5,1288,0,0,0,0,0,3761,4631.46,0.992583,7.92975,599918,184,59320,2256,1759225,736,237280,9024,32,4,867412,1712166,27757184,6848664,34605848,4,4,12,4,49,16,12,20,20,20260807,5,1,1,1,0,0,0,6343,0.264292,1,0.0015,0
1349,12218.9,7,0,2.51346,4.25108,0,0,0,6.76454,361,361,0,1,2.03342,2.03342,1971,388,5,1288,0,0,0,0,0,3761,4631.46,0.992583,7.92975,599918,184,59320,2256,1759225,736,237280,9024,32,4,867412,1712166,27757184,6848664,34605848,4,4,12,4,49,16,12,20,20,20260807,5,1,1,1,0,0,0,6343,0.264292,1,0.0015,0
1350,12228.9,10,0,2.26029,7.72837,0,0,0,9.98867,361,361,0,1,2.03342,2.03342,1971,388,5,1288,0,0,0,0,0,3761,4631.46,0.992583,7.92975,599918,184,59320,2256,1759225,736,237280,9024,32,4,867412,1712166,27757184,6848664,34605848,4,4,12,4,49,16,12,20,20,20260807,5,1,1,1,0,0,0,6343,0.264292,1,0.0015,0
1351,12235.4,6,0,2.38917,3.9995,0,0,0,6.38867,361,361,0,1,2.03342,2.03342,1971,388,5,1288,0,0,0,0,0,3761,4631.46,0.992583,7.92975,599918,184,59320,2256,1759225,736,237280,9024,32,4,867412,1712166,27757184,6848664,34605848,4,4,12,4,49,16,12,20,20,20260807,5,1,1,1,0,0,0,6343,0.264292,1,0.0015,0
1352,12245.4,10,0,2.21475,7.64175,0,0,0,9.8565,361,361,0,1,2.03342,2.03342,1971,388,5,1288,0,0,0,0,0,3761,4631.46,0.992583,7.92975,599918,184,59320,2256,1759225,736,237280,9024,32,4,867412,1712166,27757184,6848664,34605848,4,4,12,4,49,16,12,20,20,20260807,5,1,1,1,0,0,0,6344,0.264333,1,0.0015,1
1353,12251.7,7,0,2.37446,3.851,0,0,0,6.22546,361,361,0,1,2.03342,2.03342,1971,388,5,1288,0,0,0,0,0,3761,4631.46,0.992583,7.92975,599918,184,59320,2256,1759225,736,237280,9024,32,4,867412,1712166,27757184,6848664,34605848,4,4,12,4,49,16,12,20,20,20260807,5,1,1,1,0,0,0,6344,0.264333,1,0.0015,0
1354,12262.1,10,0,2.25221,8.05896,0,0,0,10.3112,361,361,0,1,2.03342,2.03342,1971,388,5,1288,0,0,0,0,0,3761,4631.46,0.992583,7.92975,599918,184,59320,2256,1759225,736,237280,9024,32,4,867412,1712166,27757184,6848664,34605848,4,4,12,4,49,16,12,20,20,20260807,5,1,1,1,0,0,0,6344,0.264333,1,0.0015,0
1355,12268.4,6,0,2.448,3.77979,0,0,0,6.22779,361,361,0,1,2.03342,2.03342,1971,388,5,1288,0,0,0,0,0,3761,4631.46,0.992583,7.92975,599918,184,59320,2256,1759225,736,237280,9024,32,4,867412,1712166,27757184,6848664,34605848,4,4,12,4,49,16,12,20,20,20260807,5,1,1,1,0,0,0,6344,0.264333,1,0.0015,0
1356,12278.8,11,0,2.33087,7.97083,0,0,0,10.3017,361,361,0,1,2.03342,2.03342,1971,388,5,1288,0,0,0,0,0,3761,4631.46,0.992583,7.92975,599918,184,59320,2256,1759225,736,237280,9024,32,4,867412,1712166,27757184,6848664,34605848,4,4,12,4,49,16,12,20,20,20260807,5,1,1,1,0,0,0,6344,0.264333,1,0.0015,0
1357,12285.2,6,0,2.35279,4.01196,0,0,0,6.36475,361,361,0,1,2.03342,2.03342,1971,388,5,1288,0,0,0,0,0,3761,4631.46,0.992583,7.92975,599918,184,59320,2256,1759225,736,237280,9024,32,4,867412,1712166,27757184,6848664,34605848,4,4,12,4,49,16,12,20,20,20260807,5,1,1,1,0,0,0,6344,0.264333,1,0.0015,0
1358,12295.4,10,0,2.236,7.8525,0,0,0,10.0885,361,361,0,1,2.03342,2.03342,1971,388,5,1288,0,0,0,0,0,3761,4631.46,0.992583,7.92975,599918,184,59320,2256,1759225,736,237280,9024,32,4,867412,1712166,27757184,6848664,34605848,4,4,12,4,49,16,12,20,20,20260807,5,1,1,1,0,0,0,6345,0.264375,1,0.0015,1
1359,12301.7,7,0,2.41304,3.83729,0,0,0,6.25033,361,361,0,1,2.03342,2.03342,1971,388,5,1288,0,0,0,0,0,3761,4631.46,0.992583,7.92975,599918,184,59320,2256,1759225,736,237280,9024,32,4,867412,1712166,27757184,6848664,34605848,4,4,12,4,49,16,12,20,20,20260807,5,1,1,1,0,0,0,6345,0.264375,1,0.0015,0
1360,12312.1,10,0,2.35213,7.95017,0,0,0,10.3023,361,361,0,1,2.03342,2.03342,1971,388,5,1288,0,0,0,0,0,3761,4631.46,0.992583,7.92975,599918,184,59320,2256,1759225,736,237280,9024,32,4,867412,1712166,27757184,6848664,34605848,4,4,12,4,49,16,12,20,20,20260807,5,1,1,1,0,0,0,6345,0.264375,1,0.0015,0
1361,12318.7,7,0,2.38063,4.07183,0,0,0,6.45246,361,361,0,1,2.03342,2.03342,1971,388,5,1288,0,0,0,0,0,3761,4631.46,0.992583,7.92975,599918,184,59320,2256,1759225,736,237280,9024,32,4,867412,1712166,27757184,6848664,34605848,4,4,12,4,49,16,12,20,20,20260807,5,1,1,1,0,0,0,6345,0.264375,1,0.0015,0
1362,12328.9,10,0,2.24208,7.8575,0,0,0,10.0996,361,361,0,1,2.03342,2.03342,1971,388,5,1288,0,0,0,0,0,3761,4631.46,0.992583,7.92975,599918,184,59320,2256,1759225,736,237280,9024,32,4,867412,1712166,27757184,6848664,34605848,4,4,12,4,49,16,12,20,20,20260807,5,1,1,1,0,0,0,6345,0.264375,1,0.0015,0
1363,12335.3,6,0,2.38604,3.97025,0,0,0,6.35629,361,361,0,1,2.03342,2.03342,1971,388,5,1288,0,0,0,0,0,3761,4631.46,0.992583,7.92975,599918,184,59320,2256,1759225,736,237280,9024,32,4,867412,1712166,27757184,6848664,34605848,4,4,12,4,49,16,12,20,20,20260807,5,1,1,1,0,0,0,6345,0.264375,1,0.0015,0
1364,12345.5,10,0,2.31079,7.79092,0,0,0,10.1017,361,361,0,1,2.03342,2.03342,1971,388,5,1288,0,0,0,0,0,3761,4631.46,0.992583,7.92975,599918,184,59320,2256,1759225,736,237280,9024,32,4,867412,1712166,27757184,6848664,34605848,4,4,12,4,49,16,12,20,20,20260807,5,1,1,1,0,0,0,6346,0.264417,1,0.0015,1
1365,12351.9,7,0,2.41138,3.96638,0,0,0,6.37775,361,361,0,1,2.03342,2.03342,1971,388,5,1288,0,0,0,0,0,3761,4631.46,0.992583,7.92975,599918,184,59320,2256,1759225,736,237280,9024,32,4,867412,1712166,27757184,6848664,34605848,4,4,12,4,49,16,12,20,20,20260807,5,1,1,1,0,0,0,6346,0.264417,1,0.0015,0
1366,12362.2,11,0,2.25067,7.948,0,0,0,10.1987,361,361,0,1,2.03342,2.03342,1971,388,5,1288,0,0,0,0,0,3761,4631.46,0.992583,7.92975,599918,184,59320,2256,1759225,736,237280,9024,32,4,867412,1712166,27757184,6848664,34605848,4,4,12,4,49,16,12,20,20,20260807,5,1,1,1,0,0,0,6346,0.264417,1,0.0015,0
1367,12368.8,7,0,2.28112,4.18788,0,0,0,6.469,361,361,0,1,2.03342,2.03342,1971,388,5,1288,0,0,0,0,0,3761,4631.46,0.992583,7.92975,599918,184,59320,2256,1759225,736,237280,9024,32,4,867412,1712166,27757184,6848664,34605848,4,4,12,4,49,16,12,20,20,20260807,5,1,1,1,0,0,0,6346,0.264417,1,0.0015,0
1368,12378.7,9,0,2.31296,7.55158,0,0,0,9.86454,361,361,0,1,2.03342,2.03342,1971,388,5,1288,0,0,0,0,0,3761,4631.46,0.992583,7.92975,599918,184,59320,2256,1759225,736,237280,9024,32,4,867412,1712166,27757184,6848664,34605848,4,4,12,4,49,16,12,20,20,20260807,5,1,1,1,0,0,0,6346,0.264417,1,0.0015,0
1369,12385.1,6,0,2.39208,3.91375,0,0,0,6.30583,361,361,0,1,2.03342,2.03342,1971,388,5,1288,0,0,0,0,0,3761,4631.46,0.992583,7.92975,599918,184,59320,2256,1759225,736,237280,9024,32,4,867412,1712166,27757184,6848664,34605848,4,4,12,4,49,16,12,20,20,20260807,5,1,1,1,0,0,0,6346,0.264417,1,0.0015,0
1370,12395.6,10,0,2.29008,8.04842,0,0,0,10.3385,361,361,0,1,2.03342,2.03342,1971,388,5,1288,0,0,0,0,0,3761,4631.46,0.992583,7.92975,599918,184,59320,2256,1759225,736,237280,9024,32,4,867412,1712166,27757184,6848664,34605848,4,4,12,4,49,16,12,20,20,20260807,5,1,1,1,0,0,0,6347,0.264458,1,0.0015,1
1371,12401.9,7,0,2.322,3.89254,0,0,0,6.21454,361,361,0,1,2.03342,2.03342,1971,388,5,1288,0,0,0,0,0,3761,4631.46,0.992583,7.92975,599918,184,59320,2256,1759225,736,237280,9024,32,4,867412,1712166,27757184,6848664,34605848,4,4,12,4,49,16,12,20,20,20260807,5,1,1,1,0,0,0,6347,0.264458,1,0.0015,0
1372,12412.2,10,0,2.27758,7.98996,0,0,0,10.2675,361,361,0,1,2.03342,2.03342,1971,388,5,1288,0,0,0,0,0,3761,4631.46,0.992583,7.92975,599918,184,59320,2256,1759225,736,237280,9024,32,4,867412,1712166,27757184,6848664,34605848,4,4,12,4,49,16,12,20,20,20260807,5,1,1,1,0,0,0,6347,0.264458,1,0.0015,0
1373,12418.7,7,0,2.29392,4.06058,0,0,0,6.3545,361,361,0,1,2.03342,2.03342,1971,388,5,1288,0,0,0,0,0,3761,4631.46,0.992583,7.92975,599918,184,59320,2256,1759225,736,237280,9024,32,4,867412,1712166,27757184,6848664,34605848,4,4,12,4,49,16,12,20,20,20260807,5,1,1,1,0,0,0,6347,0.264458,1,0.0015,0
1374,12429.3,10,0,2.29771,8.24437,0,0,0,10.5421,361,361,0,1,2.03342,2.03342,1971,388,5,1288,0,0,0,0,0,3761,4631.46,0.992583,7.92975,599918,184,59320,2256,1759225,736,237280,9024,32,4,867412,1712166,27757184,6848664,34605848,4,4,12,4,49,16,12,20,20,20260807,5,1,1,1,0,0,0,6347,0.264458,1,0.0015,0
1375,12435.9,7,0,2.37646,4.185,0,0,0,6.56146,361,361,0,1,2.03342,2.03342,1971,388,5,1288,0,0,0,0,0,3761,4631.46,0.992583,7.92975,599918,184,59320,2256,1759225,736,237280,9024,32,4,867412,1712166,27757184,6848664,34605848,4,4,12,4,49,16,12,20,20,20260807,5,1,1,1,0,0,0,6347,0.264458,1,0.0015,0
1376,12445.5,9,0,2.27013,7.20312,0,0,0,9.47325,361,361,0,1,2.03342,2.03342,1971,388,5,1288,0,0,0,0,0,3761,4631.46,0.992583,7.92975,599918,184,59320,2256,1759225,736,237280,9024,32,4,867412,1712166,27757184,6848664,34605848,4,4,12,4,49,16,12,20,20,20260807,5,1,1,1,0,0,0,6348,0.2645,1,0.0015,1
1377,12451.8,7,0,2.35242,3.89275,0,0,0,6.24517,361,361,0,1,2.03342,2.03342,1971,388,5,1288,0,0,0,0,0,3761,4631.46,0.992583,7.92975,599918,184,59320,2256,1759225,736,237280,9024,32,4,867412,1712166,27757184,6848664,34605848,4,4,12,4,49,16,12,20,20,20260807,5,1,1,1,0,0,0,6348,0.2645,1,0.0015,0
1378,12462.2,10,0,2.33887,7.97942,0,0,0,10.3183,361,361,0,1,2.03342,2.03342,1971,388,5,1288,0,0,0,0,0,3761,4631.46,0.992583,7.92975,599918,184,59320,2256,1759225,736,237280,9024,32,4,867412,1712166,27757184,6848664,34605848,4,4,12,4,49,16,12,20,20,20260807,5,1,1,1,0,0,0,6348,0.2645,1,0.0015,0
1379,12468.7,7,0,2.34187,4.0315,0,0,0,6.37338,361,361,0,1,2.03342,2.03342,1971,388,5,1288,0,0,0,0,0,3761,4631.46,0.992583,7.92975,599918,184,59320,2256,1759225,736,237280,9024,32,4,867412,1712166,27757184,6848664,34605848,4,4,12,4,49,16,12,20,20,20260807,5,1,1,1,0,0,0,6348,0.2645,1,0.0015,0
1380,12478.9,10,0,2.2055,7.88429,0,0,0,10.0898,361,361,0,1,2.03342,2.03342,1971,388,5,1288,0,0,0,0,0,3761,4631.46,0.992583,7.92975,599918,184,59320,2256,1759225,736,237280,9024,32,4,867412,1712166,27757184,6848664,34605848,4,4,12,4,49,16,12,20,20,20260807,5,1,1,1,0,0,0,6348,0.2645,1,0.0015,0
1381,12485.3,6,0,2.37,3.98129,0,0,0,6.35129,361,361,0,1,2.03342,2.03342,1971,388,5,1288,0,0,0,0,0,3761,4631.46,0.992583,7.92975,599918,184,59320,2256,1759225,736,237280,9024,32,4,867412,1712166,27757184,6848664,34605848,4,4,12,4,49,16,12,20,20,20260807,5,1,1,1,0,0,0,6348,0.2645,1,0.0015,0
1382,12496,11,0,2.33346,8.27721,0,0,0,10.6107,361,361,0,1,2.03342,2.03342,1971,388,5,1288,0,0,0,0,0,3761,4631.46,0.992583,7.92975,599918,184,59320,2256,1759225,736,237280,9024,32,4,867412,1712166,27757184,6848664,34605848,4,4,12,4,49,16,12,20,20,20260807,5,1,1,1,0,0,0,6349,0.264542,1,0.0015,1
1383,12502.6,6,0,2.4125,4.12758,0,0,0,6.54008,361,361,0,1,2.03342,2.03342,1971,388,5,1288,0,0,0,0,0,3761,4631.46,0.992583,7.92975,599918,184,59320,2256,1759225,736,237280,9024,32,4,867412,1712166,27757184,6848664,34605848,4,4,12,4,49,16,12,20,20,20260807,5,1,1,1,0,0,0,6349,0.264542,1,0.0015,0
1384,12512.2,10,0,2.27367,7.217,0,0,0,9.49067,361,361,0,1,2.03342,2.03342,1971,388,5,1288,0,0,0,0,0,3761,4631.46,0.992583,7.92975,599918,184,59320,2256,1759225,736,237280,9024,32,4,867412,1712166,27757184,6848664,34605848,4,4,12,4,49,16,12,20,20,20260807,5,1,1,1,0,0,0,6349,0.264542,1,0.0015,0
1385,12518.6,6,0,2.40975,3.90654,0,0,0,6.31629,361,361,0,1,2.03342,2.03342,1971,388,5,1288,0,0,0,0,0,3761,4631.46,0.992583,7.92975,599918,184,59320,2256,1759225,736,237280,9024,32,4,867412,1712166,27757184,6848664,34605848,4,4,12,4,49,16,12,20,20,20260807,5,1,1,1,0,0,0,6349,0.264542,1,0.0015,0
1386,12528.9,11,0,2.29237,7.92729,0,0,0,10.2197,361,361,0,1,2.03342,2.03342,1971,388,5,1288,0,0,0,0,0,3761,4631.46,0.992583,7.92975,599918,184,59320,2256,1759225,736,237280,9024,32,4,867412,1712166,27757184,6848664,34605848,4,4,12,4,49,16,12,20,20,20260807,5,1,1,1,0,0,0,6349,0.264542,1,0.0015,0
1387,12535.3,6,0,2.29354,4.05096,0,0,0,6.3445,361,361,0,1,2.03342,2.03342,1971,388,5,1288,0,0,0,0,0,3761,4631.46,0.992583,7.92975,599918,184,59320,2256,1759225,736,237280,9024,32,4,867412,1712166,27757184,6848664,34605848,4,4,12,4,49,16,12,20,20,20260807,5,1,1,1,0,0,0,6349,0.264542,1,0.0015,0
1388,12545.5,10,0,2.31275,7.72717,0,0,0,10.0399,361,361,0,1,2.03342,2.03342,1971,388,5,1288,0,0,0,0,0,3761,4631.46,0.992583,7.92975,599918,184,59320,2256,1759225,736,237280,9024,32,4,867412,1712166,27757184,6848664,34605848,4,4,12,4,49,16,12,20,20,20260807,5,1,1,1,0,0,0,6350,0.264583,1,0.0015,1
1389,12551.8,7,0,2.35354,3.85787,0,0,0,6.21142,361,361,0,1,2.03342,2.03342,1971,388,5,1288,0,0,0,0,0,3761,4631.46,0.992583,7.92975,599918,184,59320,2256,1759225,736,237280,9024,32,4,867412,1712166,27757184,6848664,34605848,4,4,12,4,49,16,12,20,20,20260807,5,1,1,1,0,0,0,6350,0.264583,1,0.0015,0
1390,12562.8,11,0,2.28713,8.64958,0,0,0,10.9367,361,361,0,1,2.03342,2.03342,1971,388,5,1288,0,0,0,0,0,3761,4631.46,0.992583,7.92975,599918,184,59320,2256,1759225,736,237280,9024,32,4,867412,1712166,27757184,6848664,34605848,4,4,12,4,49,16,12,20,20,20260807,5,1,1,1,0,0,0,6350,0.264583,1,0.0015,0
1391,12569.3,6,0,2.31342,4.09383,0,0,0,6.40725,361,361,0,1,2.03342,2.03342,1971,388,5,1288,0,0,0,0,0,3761,4631.46,0.992583,7.92975,599918,184,59320,2256,1759225,736,237280,9024,32,4,867412,1712166,27757184,6848664,34605848,4,4,12,4,49,16,12,20,20,20260807,5,1,1,1,0,0,0,6350,0.264583,1,0.0015,0
1392,12578.8,10,0,2.33425,7.10342,0,0,0,9.43767,361,361,0,1,2.03342,2.03342,1971,388,5,1288,0,0,0,0,0,3761,4631.46,0.992583,7.92975,599918,184,59320,2256,1759225,736,237280,9024,32,4,867412,1712166,27757184,6848664,34605848,4,4,12,4,49,16,12,20,20,20260807,5,1,1,1,0,0,0,6350,0.264583,1,0.0015,0
1393,12585.3,6,0,2.42667,4.04258,0,0,0,6.46925,361,361,0,1,2.03342,2.03342,1971,388,5,1288,0,0,0,0,0,3761,4631.46,0.992583,7.92975,599918,184,59320,2256,1759225,736,237280,9024,32,4,867412,1712166,27757184,6848664,34605848,4,4,12,4,49,16,12,20,20,20260807,5,1,1,1,0,0,0,6350,0.264583,1,0.0015,0
1394,12595.4,10,0,2.25954,7.68513,0,0,0,9.94467,361,361,0,1,2.03342,2.03342,1971,388,5,1288,0,0,0,0,0,3761,4631.46,0.992583,7.92975,599918,184,59320,2256,1759225,736,237280,9024,32,4,867412,1712166,27757184,6848664,34605848,4,4,12,4,49,16,12,20,20,20260807,5,1,1,1,0,0,0,6351,0.264625,1,0.0015,1
1395,12601.8,7,0,2.40208,3.94729,0,0,0,6.34938,361,361,0,1,2.03342,2.03342,1971,388,5,1288,0,0,0,0,0,3761,4631.46,0.992583,7.92975,599918,184,59320,2256,1759225,736,237280,9024,32,4,867412,1712166,27757184,6848664,34605848,4,4,12,4,49,16,12,20,20,20260807,5,1,1,1,0,0,0,6351,0.264625,1,0.0015,0
1396,12612.2,10,0,2.24192,8.02829,0,0,0,10.2702,361,361,0,1,2.03342,2.03342,1971,388,5,1288,0,0,0,0,0,3761,4631.46,0.992583,7.92975,599918,184,59320,2256,1759225,736,237280,9024,32,4,867412,1712166,27757184,6848664,34605848,4,4,12,4,49,16,12,20,20,20260807,5,1,1,1,0,0,0,6351,0.264625,1,0.0015,0
1397,12618.9,7,0,2.42713,4.23304,0,0,0,6.66017,361,361,0,1,2.03342,2.03342,1971,388,5,1288,0,0,0,0,0,3761,4631.46,0.992583,7.92975,599918,184,59320,2256,1759225,736,237280,9024,32,4,867412,1712166,27757184,6848664,34605848,4,4,12,4,49,16,12,20,20,20260807,5,1,1,1,0,0,0,6351,0.264625,1,0.0015,0
1398,12628.8,10,0,2.34104,7.48846,0,0,0,9.8295,361,361,0,1,2.03342,2.03342,1971,388,5,1288,0,0,0,0,0,3761,4631.46,0.992583,7.92975,599918,184,59320,2256,1759225,736,237280,9024,32,4,867412,1712166,27757184,6848664,34605848,4,4,12,4,49,16,12,20,20,20260807,5,1,1,1,0,0,0,6351,0.264625,1,0.0015,0
1399,12635.3,6,0,2.42092,3.96787,0,0,0,6.38879,361,361,0,1,2.03342,2.03342,1971,388,5,1288,0,0,0,0,0,3761,4631.46,0.992583,7.92975,599918,184,59320,2256,1759225,736,237280,9024,32,4,867412,1712166,27757184,6848664,34605848,4,4,12,4,49,16,12,20,20,20260807,5,1,1,1,0,0,0,6351,0.264625,1,0.0015,0
1400,12645.4,10,0,2.33383,7.706,0,0,0,10.0398,361,361,0,1,2.03342,2.03342,1971,388,5,1288,0,0,0,0,0,3761,4631.46,0.992583,7.92975,599918,184,59320,2256,1759225,736,237280,9024,32,4,867412,1712166,27757184,6848664,34605848,4,4,12,4,49,16,12,20,20,20260807,5,1,1,1,0,0,0,6352,0.264667,1,0.0015,1
1401,12652,7,0,2.42375,4.02663,0,0,0,6.45038,361,361,0,1,2.03342,2.03342,1971,388,5,1288,0,0,0,0,0,3761,4631.46,0.992583,7.92975,599918,184,59320,2256,1759225,736,237280,9024,32,4,867412,1712166,27757184,6848664,34605848,4,4,12,4,49,16,12,20,20,20260807,5,1,1,1,0,0,0,6352,0.264667,1,0.0015,0
1402,12662.2,10,0,2.34733,7.79821,0,0,0,10.1455,361,361,0,1,2.03342,2.03342,1971,388,5,1288,0,0,0,0,0,3761,4631.46,0.992583,7.92975,599918,184,59320,2256,1759225,736,237280,9024,32,4,867412,1712166,27757184,6848664,34605848,4,4,12,4,49,16,12,20,20,20260807,5,1,1,1,0,0,0,6352,0.264667,1,0.0015,0
1403,12668.9,7,0,2.44629,4.13404,0,0,0,6.58033,361,361,0,1,2.03342,2.03342,1971,388,5,1288,0,0,0,0,0,3761,4631.46,0.992583,7.92975,599918,184,59320,2256,1759225,736,237280,9024,32,4,867412,1712166,27757184,6848664,34605848,4,4,12,4,49,16,12,20,20,20260807,5,1,1,1,0,0,0,6352,0.264667,1,0.0015,0
1404,12679.2,10,0,2.226,8.00725,0,0,0,10.2332,361,361,0,1,2.03342,2.03342,1971,388,5,1288,0,0,0,0,0,3761,4631.46,0.992583,7.92975,599918,184,59320,2256,1759225,736,237280,9024,32,4,867412,1712166,27757184,6848664,34605848,4,4,12,4,49,16,12,20,20,20260807,5,1,1,1,0,0,0,6352,0.264667,1,0.0015,0
1405,12685.6,6,0,2.36296,3.98367,0,0,0,6.34663,361,361,0,1,2.03342,2.03342,1971,388,5,1288,0,0,0,0,0,3761,4631.46,0.992583,7.92975,599918,184,59320,2256,1759225,736,237280,9024,32,4,867412,1712166,27757184,6848664,34605848,4,4,12,4,49,16,12,20,20,20260807,5,1,1,1,0,0,0,6352,0.264667,1,0.0015,0
1406,12695.5,10,0,2.23637,7.56196,0,0,0,9.79833,361,361,0,1,2.03342,2.03342,1971,388,5,1288,0,0,0,0,0,3761,4631.46,0.992583,7.92975,599918,184,59320,2256,1759225,736,237280,9024,32,4,867412,1712166,27757184,6848664,34605848,4,4,12,4,49,16,12,20,20,20260807,5,1,1,1,0,0,0,6353,0.264708,1,0.0015,1
1407,12701.9,7,0,2.41096,3.87817,0,0,0,6.28913,361,361,0,1,2.03342,2.03342,1971,388,5,1288,0,0,0,0,0,3761,4631.46,0.992583,7.92975,599918,184,59320,2256,1759225,736,237280,9024,32,4,867412,1712166,27757184,6848664,34605848,4,4,12,4,49,16,12,20,20,20260807,5,1,1,1,0,0,0,6353,0.264708,1,0.0015,0
1408,12712.2,10,0,2.29221,7.90571,0,0,0,10.1979,361,361,0,1,2.03342,2.03342,1971,388,5,1288,0,0,0,0,0,3761,4631.46,0.992583,7.92975,599918,184,59320,2256,1759225,736,237280,9024,32,4,867412,1712166,27757184,6848664,34605848,4,4,12,4,49,16,12,20,20,20260807,5,1,1,1,0,0,0,6353,0.264708,1,0.0015,0
1409,12718.4,6,0,2.32329,3.84987,0,0,0,6.17317,361,361,0,1,2.03342,2.03342,1971,388,5,1288,0,0,0,0,0,3761,4631.46,0.992583,7.92975,599918,184,59320,2256,1759225,736,237280,9024,32,4,867412,1712166,27757184,6848664,34605848,4,4,12,4,49,16,12,20,20,20260807,5,1,1,1,0,0,0,6353,0.264708,1,0.0015,0
1410,12728.9,11,0,2.35217,8.06258,0,0,0,10.4147,361,361,0,1,2.03342,2.03342,1971,388,5,1288,0,0,0,0,0,3761,4631.46,0.992583,7.92975,599918,184,59320,2256,1759225,736,237280,9024,32,4,867412,1712166,27757184,6848664,34605848,4,4,12,4,49,16,12,20,20,20260807,5,1,1,1,0,0,0,6353,0.264708,1,0.0015,0
1411,12735.5,6,0,2.51012,3.99954,0,0,0,6.50967,361,361,0,1,2.03342,2.03342,1971,388,5,1288,0,0,0,0,0,3761,4631.46,0.992583,7.92975,599918,184,59320,2256,1759225,736,237280,9024,32,4,867412,1712166,27757184,6848664,34605848,4,4,12,4,49,16,12,20,20,20260807,5,1,1,1,0,0,0,6353,0.264708,1,0.0015,0
1412,12745.4,10,0,2.37642,7.48196,0,0,0,9.85838,361,361,0,1,2.03342,2.03342,1971,388,5,1288,0,0,0,0,0,3761,4631.46,0.992583,7.92975,599918,184,59320,2256,1759225,736,237280,9024,32,4,867412,1712166,27757184,6848664,34605848,4,4,12,4,49,16,12,20,20,20260807,5,1,1,1,0,0,0,6354,0.26475,1,0.0015,1
1413,12752.2,7,0,2.39196,4.23683,0,0,0,6.62879,361,361,0,1,2.03342,2.03342,1971,388,5,1288,0,0,0,0,0,3761,4631.46,0.992583,7.92975,599918,184,59320,2256,1759225,736,237280,9024,32,4,867412,1712166,27757184,6848664,34605848,4,4,12,4,49,16,12,20,20,20260807,5,1,1,1,0,0,0,6354,0.26475,1,0.0015,0
1414,12762.1,10,0,2.25142,7.59796,0,0,0,9.84938,361,361,0,1,2.03342,2.03342,1971,388,5,1288,0,0,0,0,0,3761,4631.46,0.992583,7.92975,599918,184,59320,2256,1759225,736,237280,9024,32,4,867412,1712166,27757184,6848664,34605848,4,4,12,4,49,16,12,20,20,20260807,5,1,1,1,0,0,0,6354,0.26475,1,0.0015,0
1415,12768.6,6,0,2.432,3.93429,0,0,0,6.36629,361,361,0,1,2.03342,2.03342,1971,388,5,1288,0,0,0,0,0,3761,4631.46,0.992583,7.92975,599918,184,59320,2256,1759225,736,237280,9024,32,4,867412,1712166,27757184,6848664,34605848,4,4,12,4,49,16,12,20,20,20260807,5,1,1,1,0,0,0,6354,0.26475,1,0.0015,0
1416,12778.9,11,0,2.36221,7.88579,0,0,0,10.248,361,361,0,1,2.03342,2.03342,1971,388,5,1288,0,0,0,0,0,3761,4631.46,0.992583,7.92975,599918,184,59320,2256,1759225,736,237280,9024,32,4,867412,1712166,27757184,6848664,34605848,4,4,12,4,49,16,12,20,20,20260807,5,1,1,1,0,0,0,6354,0.26475,1,0.0015,0
1417,12785.6,6,0,2.44904,4.14867,0,0,0,6.59771,361,361,0,1,2.03342,2.03342,1971,388,5,1288,0,0,0,0,0,3761,4631.46,0.992583,7.92975,599918,184,59320,2256,1759225,736,237280,9024,32,4,867412,1712166,27757184,6848664,34605848,4,4,12,4,49,16,12,20,20,20260807,5,1,1,1,0,0,0,6354,0.26475,1,0.0015,0
1418,12795.4,10,0,2.34388,7.4395,0,0,0,9.78337,361,361,0,1,2.03342,2.03342,1971,388,5,1288,0,0,0,0,0,3761,4631.46,0.992583,7.92975,599918,184,59320,2256,1759225,736,237280,9024,32,4,867412,1712166,27757184,6848664,34605848,4,4,12,4,49,16,12,20,20,20260807,5,1,1,1,0,0,0,6355,0.264792,1,0.0015,1
1419,12801.8,7,0,2.33417,3.97863,0,0,0,6.31279,361,361,0,1,2.03342,2.03342,1971,388,5,1288,0,0,0,0,0,3761,4631.46,0.992583,7.92975,599918,184,59320,2256,1759225,736,237280,9024,32,4,867412,1712166,27757184,6848664,34605848,4,4,12,4,49,16,12,20,20,20260807,5,1,1,1,0,0,0,6355,0.264792,1,0.0015,0
1420,12812.1,10,0,2.33358,7.88046,0,0,0,10.214,361,361,0,1,2.03342,2.03342,1971,388,5,1288,0,0,0,0,0,3761,4631.46,0.992583,7.92975,599918,184,59320,2256,1759225,736,237280,9024,32,4,867412,1712166,27757184,6848664,34605848,4,4,12,4,49,16,12,20,20,20260807,5,1,1,1,0,0,0,6355,0.264792,1,0.0015,0
1421,12818.6,6,0,2.47108,3.90096,0,0,0,6.37204,361,361,0,1,2.03342,2.03342,1971,388,5,1288,0,0,0,0,0,3761,4631.46,0.992583,7.92975,599918,184,59320,2256,1759225,736,237280,9024,32,4,867412,1712166,27757184,6848664,34605848,4,4,12,4,49,16,12,20,20,20260807,5,1,1,1,0,0,0,6355,0.264792,1,0.0015,0
1422,12828.9,11,0,2.28133,7.94937,0,0,0,10.2307,361,361,0,1,2.03342,2.03342,1971,388,5,1288,0,0,0,0,0,3761,4631.46,0.992583,7.92975,599918,184,59320,2256,1759225,736,237280,9024,32,4,867412,1712166,27757184,6848664,34605848,4,4,12,4,49,16,12,20,20,20260807,5,1,1,1,0,0,0,6355,0.264792,1,0.0015,0
1423,12835.9,7,0,2.24933,4.65804,0,0,0,6.90738,361,361,0,1,2.03342,2.03342,1971,388,5,1288,0,0,0,0,0,3761,4631.46,0.992583,7.92975,599918,184,59320,2256,1759225,736,237280,9024,32,4,867412,1712166,27757184,6848664,34605848,4,4,12,4,49,16,12,20,20,20260807,5,1,1,1,0,0,0,6355,0.264792,1,0.0015,0
1424,12845.5,9,0,2.44475,7.09812,0,0,0,9.54288,361,361,0,1,2.03342,2.03342,1971,388,5,1288,0,0,0,0,0,3761,4631.46,0.992583,7.92975,599918,184,59320,2256,1759225,736,237280,9024,32,4,867412,1712166,27757184,6848664,34605848,4,4,12,4,49,16,12,20,20,20260807,5,1,1,1,0,0,0,6356,0.264833,1,0.0015,1
1425,12852,7,0,2.47367,3.98,0,0,0,6.45367,361,361,0,1,2.03342,2.03342,1971,388,5,1288,0,0,0,0,0,3761,4631.46,0.992583,7.92975,599918,184,59320,2256,1759225,736,237280,9024,32,4,867412,1712166,27757184,6848664,34605848,4,4,12,4,49,16,12,20,20,20260807,5,1,1,1,0,0,0,6356,0.264833,1,0.0015,0
1426,12862,10,0,2.26804,7.59733,0,0,0,9.86538,361,361,0,1,2.03342,2.03342,1971,388,5,1288,0,0,0,0,0,3761,4631.46,0.992583,7.92975,599918,184,59320,2256,1759225,736,237280,9024,32,4,867412,1712166,27757184,6848664,34605848,4,4,12,4,49,16,12,20,20,20260807,5,1,1,1,0,0,0,6356,0.264833,1,0.0015,0
1427,12868,6,0,2.31554,3.57183,0,0,0,5.88737,361,361,0,1,2.03342,2.03342,1971,388,5,1288,0,0,0,0,0,3761,4631.46,0.992583,7.92975,599918,184,59320,2256,1759225,736,237280,9024,32,4,867412,1712166,27757184,6848664,34605848,4,4,12,4,49,16,12,20,20,20260807,5,1,1,1,0,0,0,6356,0.264833,1,0.0015,0
1428,12878.8,11,0,2.39525,8.25212,0,0,0,10.6474,361,361,0,1,2.03342,2.03342,1971,388,5,1288,0,0,0,0,0,3761,4631.46,0.992583,7.92975,599918,184,59320,2256,1759225,736,237280,9024,32,4,867412,1712166,27757184,6848664,34605848,4,4,12,4,49,16,12,20,20,20260807,5,1,1,1,0,0,0,6356,0.264833,1,0.0015,0
1429,12884.8,6,0,2.31225,3.69871,0,0,0,6.01096,361,361,0,1,2.03342,2.03342,1971,388,5,1288,0,0,0,0,0,3761,4631.46,0.992583,7.92975,599918,184,59320,2256,1759225,736,237280,9024,32,4,867412,1712166,27757184,6848664,34605848,4,4,12,4,49,16,12,20,20,20260807,5,1,1,1,0,0,0,6356,0.264833,1,0.0015,0
1430,12895.6,10,0,2.35033,8.29033,0,0,0,10.6407,361,361,0,1,2.03342,2.03342,1971,388,5,1288,0,0,0,0,0,3761,4631.46,0.992583,7.92975,599918,184,59320,2256,1759225,736,237280,9024,32,4,867412,1712166,27757184,6848664,34605848,4,4,12,4,49,16,12,20,20,20260807,5,1,1,1,0,0,0,6357,0.264875,1,0.0015,1
1431,12902.5,7,0,2.46829,4.40613,0,0,0,6.87442,361,361,0,1,2.03342,2.03342,1971,388,5,1288,0,0,0,0,0,3761,4631.46,0.992583,7.92975,599918,184,59320,2256,1759225,736,237280,9024,32,4,867412,1712166,27757184,6848664,34605848,4,4,12,4,49,16,12,20,20,20260807,5,1,1,1,0,0,0,6357,0.264875,1,0.0015,0
1432,12912.3,10,0,2.26475,7.43383,0,0,0,9.69858,361,361,0,1,2.03342,2.03342,1971,388,5,1288,0,0,0,0,0,3761,4631.46,0.992583,7.92975,599918,184,59320,2256,1759225,736,237280,9024,32,4,867412,1712166,27757184,6848664,34605848,4,4,12,4,49,16,12,20,20,20260807,5,1,1,1,0,0,0,6357,0.264875,1,0.0015,0
1433,12919.3,7,0,2.47733,4.47675,0,0,0,6.95408,361,361,0,1,2.03342,2.03342,1971,388,5,1288,0,0,0,0,0,3761,4631.46,0.992583,7.92975,599918,184,59320,2256,1759225,736,237280,9024,32,4,867412,1712166,27757184,6848664,34605848,4,4,12,4,49,16,12,20,20,20260807,5,1,1,1,0,0,0,6357,0.264875,1,0.0015,0
1434,12933.7,15,0,2.30654,12.0279,0,0,0,14.3345,361,361,0,1,2.03342,2.03342,1971,388,5,1288,0,0,0,0,0,3761,4631.46,0.992583,7.92975,599918,184,59320,2256,1759225,736,237280,9024,32,4,867412,1712166,27757184,6848664,34605848,4,4,12,4,49,16,12,20,20,20260807,5,1,1,1,0,0,0,6357,0.264875,1,0.0015,0
1435,12946.1,12,0,2.39113,9.89471,0,0,0,12.2858,361,361,0,1,2.03342,2.03342,1971,388,5,1288,0,0,0,0,0,3761,4631.46,0.992583,7.92975,599918,184,59320,2256,1759225,736,237280,9024,32,4,867412,1712166,27757184,6848664,34605848,4,4,12,4,49,16,12,20,20,20260807,5,1,1,1,0,0,0,6358,0.264917,1,0.0015,1
1436,12964.7,19,0,14.4125,4.09625,0,0,0,18.5087,361,361,0,1,2.03342,2.03342,1971,388,5,1288,0,0,0,0,0,3761,4631.46,0.992583,7.92975,599918,184,59320,2256,1759225,736,237280,9024,32,4,867412,1712166,27757184,6848664,34605848,4,4,12,4,49,16,12,20,20,20260807,5,1,1,1,0,0,0,6358,0.264917,1,0.0015,0
1437,12971.7,7,0,2.37658,4.52037,0,0,0,6.89696,361,361,0,1,2.03342,2.03342,1971,388,5,1288,0,0,0,0,0,3761,4631.46,0.992583,7.92975,599918,184,59320,2256,1759225,736,237280,9024,32,4,867412,1712166,27757184,6848664,34605848,4,4,12,4,49,16,12,20,20,20260807,5,1,1,1,0,0,0,6358,0.264917,1,0.0015,0
1438,12978.8,7,0,2.27008,4.72175,0,0,0,6.99183,361,361,0,1,2.03342,2.03342,1971,388,5,1288,0,0,0,0,0,3761,4631.46,0.992583,7.92975,599918,184,59320,2256,1759225,736,237280,9024,32,4,867412,1712166,27757184,6848664,34605848,4,4,12,4,49,16,12,20,20,20260807,5,1,1,1,0,0,0,6358,0.264917,1,0.0015,0
1439,12984.9,6,0,2.23225,3.852,0,0,0,6.08425,361,361,0,1,2.03342,2.03342,1971,388,5,1288,0,0,0,0,0,3761,4631.46,0.992583,7.92975,599918,184,59320,2256,1759225,736,237280,9024,32,4,867412,1712166,27757184,6848664,34605848,4,4,12,4,49,16,12,20,20,20260807,5,1,1,1,0,0,0,6358,0.264917,1,0.0015,0
1440,12995.6,10,0,2.45875,8.11396,0,0,0,10.5727,361,361,0,1,2.03342,2.03342,1971,388,5,1288,0,0,0,0,0,3761,4631.46,0.992583,7.92975,599918,184,59320,2256,1759225,736,237280,9024,32,4,867412,1712166,27757184,6848664,34605848,4,4,12,4,49,16,12,20,20,20260807,5,1,1,1,0,0,0,6359,0.264958,1,0.0015,1
1441,13001.8,7,0,2.27475,3.79904,0,0,0,6.07379,361,361,0,1,2.03342,2.03342,1971,388,5,1288,0,0,0,0,0,3761,4631.46,0.992583,7.92975,599918,184,59320,2256,1759225,736,237280,9024,32,4,867412,1712166,27757184,6848664,34605848,4,4,12,4,49,16,12,20,20,20260807,5,1,1,1,0,0,0,6359,0.264958,1,0.0015,0
1442,13012.4,10,0,2.23933,8.29958,0,0,0,10.5389,361,361,0,1,2.03342,2.03342,1971,388,5,1288,0,0,0,0,0,3761,4631.46,0.992583,7.92975,599918,184,59320,2256,1759225,736,237280,9024,32,4,867412,1712166,27757184,6848664,34605848,4,4,12,4,49,16,12,20,20,20260807,5,1,1,1,0,0,0,6359,0.264958,1,0.0015,0
1443,13018.9,7,0,2.40183,4.02588,0,0,0,6.42771,361,361,0,1,2.03342,2.03342,1971,388,5,1288,0,0,0,0,0,3761,4631.46,0.992583,7.92975,599918,184,59320,2256,1759225,736,237280,9024,32,4,867412,1712166,27757184,6848664,34605848,4,4,12,4,49,16,12,20,20,20260807,5,1,1,1,0,0,0,6359,0.264958,1,0.0015,0
1444,13028.7,10,0,2.20942,7.51717,0,0,0,9.72658,361,361,0,1,2.03342,2.03342,1971,388,5,1288,0,0,0,0,0,3761,4631.46,0.992583,7.92975,599918,184,59320,2256,1759225,736,237280,9024,32,4,867412,1712166,27757184,6848664,34605848,4,4,12,4,49,16,12,20,20,20260807,5,1,1,1,0,0,0,6359,0.264958,1,0.0015,0
1445,13034.7,6,0,2.26246,3.63837,0,0,0,5.90083,361,361,0,1,2.03342,2.03342,1971,388,5,1288,0,0,0,0,0,3761,4631.46,0.992583,7.92975,599918,184,59320,2256,1759225,736,237280,9024,32,4,867412,1712166,27757184,6848664,34605848,4,4,12,4,49,16,12,20,20,20260807,5,1,1,1,0,0,0,6359,0.264958,1,0.0015,0
1446,13045.5,10,0,2.38854,8.34758,0,0,0,10.7361,361,361,0,1,2.03342,2.03342,1971,388,5,1288,0,0,0,0,0,3761,4631.46,0.992583,7.92975,599918,184,59320,2256,1759225,736,237280,9024,32,4,867412,1712166,27757184,6848664,34605848,4,4,12,4,49,16,12,20,20,20260807,5,1,1,1,0,0,0,6360,0.265,1,0.0015,1
1447,13051.9,7,0,2.37504,3.92392,0,0,0,6.29896,361,361,0,1,2.03342,2.03342,1971,388,5,1288,0,0,0,0,0,3761,4631.46,0.992583,7.92975,599918,184,59320,2256,1759225,736,237280,9024,32,4,867412,1712166,27757184,6848664,34605848,4,4,12,4,49,16,12,20,20,20260807,5,1,1,1,0,0,0,6360,0.265,1,0.0015,0
1448,13062.3,10,0,2.44325,7.83983,0,0,0,10.2831,361,361,0,1,2.03342,2.03342,1971,388,5,1288,0,0,0,0,0,3761,4631.46,0.992583,7.92975,599918,184,59320,2256,1759225,736,237280,9024,32,4,867412,1712166,27757184,6848664,34605848,4,4,12,4,49,16,12,20,20,20260807,5,1,1,1,0,0,0,6360,0.265,1,0.0015,0
1449,13068.9,7,0,2.40621,4.16967,0,0,0,6.57587,361,361,0,1,2.03342,2.03342,1971,388,5,1288,0,0,0,0,0,3761,4631.46,0.992583,7.92975,599918,184,59320,2256,1759225,736,237280,9024,32,4,867412,1712166,27757184,6848664,34605848,4,4,12,4,49,16,12,20,20,20260807,5,1,1,1,0,0,0,6360,0.265,1,0.0015,0
1450,13078.9,10,0,2.32729,7.54096,0,0,0,9.86825,361,361,0,1,2.03342,2.03342,1971,388,5,1288,0,0,0,0,0,3761,4631.46,0.992583,7.92975,599918,184,59320,2256,1759225,736,237280,9024,32,4,867412,1712166,27757184,6848664,34605848,4,4,12,4,49,16,12,20,20,20260807,5,1,1,1,0,0,0,6360,0.265,1,0.0015,0
1451,13085.5,6,0,2.46058,4.11442,0,0,0,6.575,361,361,0,1,2.03342,2.03342,1971,388,5,1288,0,0,0,0,0,3761,4631.46,0.992583,7.92975,599918,184,59320,2256,1759225,736,237280,9024,32,4,867412,1712166,27757184,6848664,34605848,4,4,12,4,49,16,12,20,20,20260807,5,1,1,1,0,0,0,6360,0.265,1,0.0015,0
1452,13109.2,24,0,19.7097,3.84129,0,0,0,23.551,361,361,0,1,2.03342,2.03342,1971,388,5,1288,0,0,0,0,0,3761,4631.46,0.992583,7.92975,599918,184,59320,2256,1759225,736,237280,9024,32,4,867412,1712166,27757184,6848664,34605848,4,4,12,4,49,16,12,20,20,20260807,5,1,1,1,0,0,0,6361,0.265042,1,0.0015,1
1453,13117.4,8,0,2.29704,5.89692,0,0,0,8.19396,361,361,0,1,2.03342,2.03342,1971,388,5,1288,0,0,0,0,0,3761,4631.46,0.992583,7.92975,599918,184,59320,2256,1759225,736,237280,9024,32,4,867412,1712166,27757184,6848664,34605848,4,4,12,4,49,16,12,20,20,20260807,5,1,1,1,0,0,0,6361,0.265042,1,0.0015,0
1454,13128.8,12,0,2.42879,8.88279,0,0,0,11.3116,361,361,0,1,2.03342,2.03342,1971,388,5,1288,0,0,0,0,0,3761,4631.46,0.992583,7.92975,599918,184,59320,2256,1759225,736,237280,9024,32,4,867412,1712166,27757184,6848664,34605848,4,4,12,4,49,16,12,20,20,20260807,5,1,1,1,0,0,0,6361,0.265042,1,0.0015,0
1455,13135.6,6,0,2.30271,4.37962,0,0,0,6.68233,361,361,0,1,2.03342,2.03342,1971,388,5,1288,0,0,0,0,0,3761,4631.46,0.992583,7.92975,599918,184,59320,2256,1759225,736,237280,9024,32,4,867412,1712166,27757184,6848664,34605848,4,4,12,4,49,16,12,20,20,20260807,5,1,1,1,0,0,0,6361,0.265042,1,0.0015,0
1456,13145.5,10,0,2.40042,7.35792,0,0,0,9.75833,361,361,0,1,2.03342,2.03342,1971,388,5,1288,0,0,0,0,0,3761,4631.46,0.992583,7.92975,599918,184,59320,2256,1759225,736,237280,9024,32,4,867412,1712166,27757184,6848664,34605848,4,4,12,4,49,16,12,20,20,20260807,5,1,1,1,0,0,0,6362,0.265083,1,0.0015,1
1457,13152,7,0,2.45217,3.99875,0,0,0,6.45092,361,361,0,1,2.03342,2.03342,1971,388,5,1288,0,0,0,0,0,3761,4631.46,0.992583,7.92975,599918,184,59320,2256,1759225,736,237280,9024,32,4,867412,1712166,27757184,6848664,34605848,4,4,12,4,49,16,12,20,20,20260807,5,1,1,1,0,0,0,6362,0.265083,1,0.0015,0
1458,13162.2,10,0,2.36063,7.78546,0,0,0,10.1461,361,361,0,1,2.03342,2.03342,1971,388,5,1288,0,0,0,0,0,3761,4631.46,0.992583,7.92975,599918,184,59320,2256,1759225,736,237280,9024,32,4,867412,1712166,27757184,6848664,34605848,4,4,12,4,49,16,12,20,20,20260807,5,1,1,1,0,0,0,6362,0.265083,1,0.0015,0
1459,13168.8,7,0,2.41562,4.09021,0,0,0,6.50583,361,361,0,1,2.03342,2.03342,1971,388,5,1288,0,0,0,0,0,3761,4631.46,0.992583,7.92975,599918,184,59320,2256,1759225,736,237280,9024,32,4,867412,1712166,27757184,6848664,34605848,4,4,12,4,49,16,12,20,20,20260807,5,1,1,1,0,0,0,6362,0.265083,1,0.0015,0
1460,13178.9,10,0,2.34463,7.66983,0,0,0,10.0145,361,361,0,1,2.03342,2.03342,1971,388,5,1288,0,0,0,0,0,3761,4631.46,0.992583,7.92975,599918,184,59320,2256,1759225,736,237280,9024,32,4,867412,1712166,27757184,6848664,34605848,4,4,12,4,49,16,12,20,20,20260807,5,1,1,1,0,0,0,6362,0.265083,1,0.0015,0
1461,13185.5,6,0,2.48888,4.03004,0,0,0,6.51892,361,361,0,1,2.03342,2.03342,1971,388,5,1288,0,0,0,0,0,3761,4631.46,0.992583,7.92975,599918,184,59320,2256,1759225,736,237280,9024,32,4,867412,1712166,27757184,6848664,34605848,4,4,12,4,49,16,12,20,20,20260807,5,1,1,1,0,0,0,6362,0.265083,1,0.0015,0
1462,13195.5,10,0,2.29646,7.58162,0,0,0,9.87808,361,361,0,1,2.03342,2.03342,1971,388,5,1288,0,0,0,0,0,3761,4631.46,0.992583,7.92975,599918,184,59320,2256,1759225,736,237280,9024,32,4,867412,1712166,27757184,6848664,34605848,4,4,12,4,49,16,12,20,20,20260807,5,1,1,1,0,0,0,6363,0.265125,1,0.0015,1
1463,13201.9,7,0,2.34804,3.97971,0,0,0,6.32775,361,361,0,1,2.03342,2.03342,1971,388,5,1288,0,0,0,0,0,3761,4631.46,0.992583,7.92975,599918,184,59320,2256,1759225,736,237280,9024,32,4,867412,1712166,27757184,6848664,34605848,4,4,12,4,49,16,12,20,20,20260807,5,1,1,1,0,0,0,6363,0.265125,1,0.0015,0
1464,13212.1,10,0,2.3165,7.84554,0,0,0,10.162,361,361,0,1,2.03342,2.03342,1971,388,5,1288,0,0,0,0,0,3761,4631.46,0.992583,7.92975,599918,184,59320,2256,1759225,736,237280,9024,32,4,867412,1712166,27757184,6848664,34605848,4,4,12,4,49,16,12,20,20,20260807,5,1,1,1,0,0,0,6363,0.265125,1,0.0015,0
1465,13218.6,6,0,2.43192,3.95379,0,0,0,6.38571,361,361,0,1,2.03342,2.03342,1971,388,5,1288,0,0,0,0,0,3761,4631.46,0.992583,7.92975,599918,184,59320,2256,1759225,736,237280,9024,32,4,867412,1712166,27757184,6848664,34605848,4,4,12,4,49,16,12,20,20,20260807,5,1,1,1,0,0,0,6363,0.265125,1,0.0015,0
1466,13229.2,11,0,2.32058,8.18088,0,0,0,10.5015,361,361,0,1,2.03342,2.03342,1971,388,5,1288,0,0,0,0,0,3761,4631.46,0.992583,7.92975,599918,184,59320,2256,1759225,736,237280,9024,32,4,867412,1712166,27757184,6848664,34605848,4,4,12,4,49,16,12,20,20,20260807,5,1,1,1,0,0,0,6363,0.265125,1,0.0015,0
1467,13235.6,6,0,2.3915,3.96521,0,0,0,6.35671,361,361,0,1,2.03342,2.03342,1971,388,5,1288,0,0,0,0,0,3761,4631.46,0.992583,7.92975,599918,184,59320,2256,1759225,736,237280,9024,32,4,867412,1712166,27757184,6848664,34605848,4,4,12,4,49,16,12,20,20,20260807,5,1,1,1,0,0,0,6363,0.265125,1,0.0015,0
1468,13245.8,11,0,2.27679,7.82137,0,0,0,10.0982,361,361,0,1,2.03342,2.03342,1971,388,5,1288,0,0,0,0,0,3761,4631.46,0.992583,7.92975,599918,184,59320,2256,1759225,736,237280,9024,32,4,867412,1712166,27757184,6848664,34605848,4,4,12,4,49,16,12,20,20,20260807,5,1,1,1,0,0,0,6364,0.265167,1,0.0015,1
1469,13252.7,7,0,2.33654,4.40171,0,0,0,6.73825,361,361,0,1,2.03342,2.03342,1971,388,5,1288,0,0,0,0,0,3761,4631.46,0.992583,7.92975,599918,184,59320,2256,1759225,736,237280,9024,32,4,867412,1712166,27757184,6848664,34605848,4,4,12,4,49,16,12,20,20,20260807,5,1,1,1,0,0,0,6364,0.265167,1,0.0015,0
1470,13262.1,9,0,2.39829,6.93229,0,0,0,9.33058,361,361,0,1,2.03342,2.03342,1971,388,5,1288,0,0,0,0,0,3761,4631.46,0.992583,7.92975,599918,184,59320,2256,1759225,736,237280,9024,32,4,867412,1712166,27757184,6848664,34605848,4,4,12,4,49,16,12,20,20,20260807,5,1,1,1,0,0,0,6364,0.265167,1,0.0015,0
1471,13268.5,6,0,2.38696,3.97833,0,0,0,6.36529,361,361,0,1,2.03342,2.03342,1971,388,5,1288,0,0,0,0,0,3761,4631.46,0.992583,7.92975,599918,184,59320,2256,1759225,736,237280,9024,32,4,867412,1712166,27757184,6848664,34605848,4,4,12,4,49,16,12,20,20,20260807,5,1,1,1,0,0,0,6364,0.265167,1,0.0015,0
1472,13278.7,11,0,2.31283,7.82521,0,0,0,10.138,361,361,0,1,2.03342,2.03342,1971,388,5,1288,0,0,0,0,0,3761,4631.46,0.992583,7.92975,599918,184,59320,2256,1759225,736,237280,9024,32,4,867412,1712166,27757184,6848664,34605848,4,4,12,4,49,16,12,20,20,20260807,5,1,1,1,0,0,0,6364,0.265167,1,0.0015,0
1473,13285.3,6,0,2.42092,4.03617,0,0,0,6.45708,361,361,0,1,2.03342,2.03342,1971,388,5,1288,0,0,0,0,0,3761,4631.46,0.992583,7.92975,599918,184,59320,2256,1759225,736,237280,9024,32,4,867412,1712166,27757184,6848664,34605848,4,4,12,4,49,16,12,20,20,20260807,5,1,1,1,0,0,0,6364,0.265167,1,0.0015,0
1474,13295.7,11,0,2.37158,7.98742,0,0,0,10.359,361,361,0,1,2.03342,2.03342,1971,388,5,1288,0,0,0,0,0,3761,4631.46,0.992583,7.92975,599918,184,59320,2256,1759225,736,237280,9024,32,4,867412,1712166,27757184,6848664,34605848,4,4,12,4,49,16,12,20,20,20260807,5,1,1,1,0,0,0,6365,0.265208,1,0.0015,1
1475,13304,8,0,3.73275,4.46867,0,0,0,8.20142,361,361,0,1,2.03342,2.03342,1971,388,5,1288,0,0,0,0,0,3761,4631.46,0.992583,7.92975,599918,184,59320,2256,1759225,736,237280,9024,32,4,867412,1712166,27757184,6848664,34605848,4,4,12,4,49,16,12,20,20,20260807,5,1,1,1,0,0,0,6365,0.265208,1,0.0015,0
1476,13312.5,8,0,2.23658,6.17725,0,0,0,8.41383,361,361,0,1,2.03342,2.03342,1971,388,5,1288,0,0,0,0,0,3761,4631.46,0.992583,7.92975,599918,184,59320,2256,1759225,736,237280,9024,32,4,867412,1712166,27757184,6848664,34605848,4,4,12,4,49,16,12,20,20,20260807,5,1,1,1,0,0,0,6365,0.265208,1,0.0015,0
1477,13319.2,7,0,2.34154,4.29521,0,0,0,6.63675,361,361,0,1,2.03342,2.03342,1971,388,5,1288,0,0,0,0,0,3761,4631.46,0.992583,7.92975,599918,184,59320,2256,1759225,736,237280,9024,32,4,867412,1712166,27757184,6848664,34605848,4,4,12,4,49,16,12,20,20,20260807,5,1,1,1,0,0,0,6365,0.265208,1,0.0015,0
1478,13328.4,9,0,2.23175,6.88508,0,0,0,9.11683,361,361,0,1,2.03342,2.03342,1971,388,5,1288,0,0,0,0,0,3761,4631.46,0.992583,7.92975,599918,184,59320,2256,1759225,736,237280,9024,32,4,867412,1712166,27757184,6848664,34605848,4,4,12,4,49,16,12,20,20,20260807,5,1,1,1,0,0,0,6365,0.265208,1,0.0015,0
1479,13334.6,6,0,2.18288,3.91208,0,0,0,6.09496,361,361,0,1,2.03342,2.03342,1971,388,5,1288,0,0,0,0,0,3761,4631.46,0.992583,7.92975,599918,184,59320,2256,1759225,736,237280,9024,32,4,867412,1712166,27757184,6848664,34605848,4,4,12,4,49,16,12,20,20,20260807,5,1,1,1,0,0,0,6365,0.265208,1,0.0015,0
1480,13345.5,11,0,2.34837,8.41392,0,0,0,10.7623,361,361,0,1,2.03342,2.03342,1971,388,5,1288,0,0,0,0,0,3761,4631.46,0.992583,7.92975,599918,184,59320,2256,1759225,736,237280,9024,32,4,867412,1712166,27757184,6848664,34605848,4,4,12,4,49,16,12,20,20,20260807,5,1,1,1,0,0,0,6366,0.26525,1,0.0015,1
1481,13352,7,0,2.43446,4.06313,0,0,0,6.49758,361,361,0,1,2.03342,2.03342,1971,388,5,1288,0,0,0,0,0,3761,4631.46,0.992583,7.92975,599918,184,59320,2256,1759225,736,237280,9024,32,4,867412,1712166,27757184,6848664,34605848,4,4,12,4,49,16,12,20,20,20260807,5,1,1,1,0,0,0,6366,0.26525,1,0.0015,0
1482,13361.9,11,0,2.295,7.4755,0,0,0,9.7705,361,361,0,1,2.03342,2.03342,1971,388,5,1288,0,0,0,0,0,3761,4631.46,0.992583,7.92975,599918,184,59320,2256,1759225,736,237280,9024,32,4,867412,1712166,27757184,6848664,34605848,4,4,12,4,49,16,12,20,20,20260807,5,1,1,1,0,0,0,6366,0.26525,1,0.0015,0
1483,13368.1,6,0,2.34187,3.76388,0,0,0,6.10575,361,361,0,1,2.03342,2.03342,1971,388,5,1288,0,0,0,0,0,3761,4631.46,0.992583,7.92975,599918,184,59320,2256,1759225,736,237280,9024,32,4,867412,1712166,27757184,6848664,34605848,4,4,12,4,49,16,12,20,20,20260807,5,1,1,1,0,0,0,6366,0.26525,1,0.0015,0
1484,13379,10,0,2.44462,8.33579,0,0,0,10.7804,361,361,0,1,2.03342,2.03342,1971,388,5,1288,0,0,0,0,0,3761,4631.46,0.992583,7.92975,599918,184,59320,2256,1759225,736,237280,9024,32,4,867412,1712166,27757184,6848664,34605848,4,4,12,4,49,16,12,20,20,20260807,5,1,1,1,0,0,0,6366,0.26525,1,0.0015,0
1485,13385.2,6,0,2.3285,3.79787,0,0,0,6.12638,361,361,0,1,2.03342,2.03342,1971,388,5,1288,0,0,0,0,0,3761,4631.46,0.992583,7.92975,599918,184,59320,2256,1759225,736,237280,9024,32,4,867412,1712166,27757184,6848664,34605848,4,4,12,4,49,16,12,20,20,20260807,5,1,1,1,0,0,0,6366,0.26525,1,0.0015,0
1486,13395.3,10,0,2.109,7.911,0,0,0,10.02,361,361,0,1,2.03342,2.03342,1971,388,5,1288,0,0,0,0,0,3761,4631.46,0.992583,7.92975,599918,184,59320,2256,1759225,736,237280,9024,32,4,867412,1712166,27757184,6848664,34605848,4,4,12,4,49,16,12,20,20,20260807,5,1,1,1,0,0,0,6367,0.265292,1,0.0015,1
1487,13401.9,7,0,2.442,4.075,0,0,0,6.517,361,361,0,1,2.03342,2.03342,1971,388,5,1288,0,0,0,0,0,3761,4631.46,0.992583,7.92975,599918,184,59320,2256,1759225,736,237280,9024,32,4,867412,1712166,27757184,6848664,34605848,4,4,12,4,49,16,12,20,20,20260807,5,1,1,1,0,0,0,6367,0.265292,1,0.0015,0
1488,13412.8,11,0,2.36279,8.4355,0,0,0,10.7983,361,361,0,1,2.03342,2.03342,1971,388,5,1288,0,0,0,0,0,3761,4631.46,0.992583,7.92975,599918,184,59320,2256,1759225,736,237280,9024,32,4,867412,1712166,27757184,6848664,34605848,4,4,12,4,49,16,12,20,20,20260807,5,1,1,1,0,0,0,6367,0.265292,1,0.0015,0
1489,13419.1,6,0,2.25946,3.96117,0,0,0,6.22063,361,361,0,1,2.03342,2.03342,1971,388,5,1288,0,0,0,0,0,3761,4631.46,0.992583,7.92975,599918,184,59320,2256,1759225,736,237280,9024,32,4,867412,1712166,27757184,6848664,34605848,4,4,12,4,49,16,12,20,20,20260807,5,1,1,1,0,0,0,6367,0.265292,1,0.0015,0
1490,13428.9,10,0,2.22425,7.51067,0,0,0,9.73492,361,361,0,1,2.03342,2.03342,1971,388,5,1288,0,0,0,0,0,3761,4631.46,0.992583,7.92975,599918,184,59320,2256,1759225,736,237280,9024,32,4,867412,1712166,27757184,6848664,34605848,4,4,12,4,49,16,12,20,20,20260807,5,1,1,1,0,0,0,6367,0.265292,1,0.0015,0
1491,13435.3,6,0,2.41508,3.94567,0,0,0,6.36075,361,361,0,1,2.03342,2.03342,1971,388,5,1288,0,0,0,0,0,3761,4631.46,0.992583,7.92975,599918,184,59320,2256,1759225,736,237280,9024,32,4,867412,1712166,27757184,6848664,34605848,4,4,12,4,49,16,12,20,20,20260807,5,1,1,1,0,0,0,6367,0.265292,1,0.0015,0
1492,13445.5,10,0,2.22283,7.92042,0,0,0,10.1433,361,361,0,1,2.03342,2.03342,1971,388,5,1288,0,0,0,0,0,3761,4631.46,0.992583,7.92975,599918,184,59320,2256,1759225,736,237280,9024,32,4,867412,1712166,27757184,6848664,34605848,4,4,12,4,49,16,12,20,20,20260807,5,1,1,1,0,0,0,6368,0.265333,1,0.0015,1
1493,13452,7,0,2.40133,4.00992,0,0,0,6.41125,361,361,0,1,2.03342,2.03342,1971,388,5,1288,0,0,0,0,0,3761,4631.46,0.992583,7.92975,599918,184,59320,2256,1759225,736,237280,9024,32,4,867412,1712166,27757184,6848664,34605848,4,4,12,4,49,16,12,20,20,20260807,5,1,1,1,0,0,0,6368,0.265333,1,0.0015,0
1494,13462.4,10,0,2.23404,8.00317,0,0,0,10.2372,361,361,0,1,2.03342,2.03342,1971,388,5,1288,0,0,0,0,0,3761,4631.46,0.992583,7.92975,599918,184,59320,2256,1759225,736,237280,9024,32,4,867412,1712166,27757184,6848664,34605848,4,4,12,4,49,16,12,20,20,20260807,5,1,1,1,0,0,0,6368,0.265333,1,0.0015,0
1495,13468.9,7,0,2.45012,4.03688,0,0,0,6.487,361,361,0,1,2.03342,2.03342,1971,388,5,1288,0,0,0,0,0,3761,4631.46,0.992583,7.92975,599918,184,59320,2256,1759225,736,237280,9024,32,4,867412,1712166,27757184,6848664,34605848,4,4,12,4,49,16,12,20,20,20260807,5,1,1,1,0,0,0,6368,0.265333,1,0.0015,0
1496,13478.9,10,0,2.34138,7.52037,0,0,0,9.86175,361,361,0,1,2.03342,2.03342,1971,388,5,1288,0,0,0,0,0,3761,4631.46,0.992583,7.92975,599918,184,59320,2256,1759225,736,237280,9024,32,4,867412,1712166,27757184,6848664,34605848,4,4,12,4,49,16,12,20,20,20260807,5,1,1,1,0,0,0,6368,0.265333,1,0.0015,0
1497,13485.3,6,0,2.38942,3.92958,0,0,0,6.319,361,361,0,1,2.03342,2.03342,1971,388,5,1288,0,0,0,0,0,3761,4631.46,0.992583,7.92975,599918,184,59320,2256,1759225,736,237280,9024,32,4,867412,1712166,27757184,6848664,34605848,4,4,12,4,49,16,12,20,20,20260807,5,1,1,1,0,0,0,6368,0.265333,1,0.0015,0
1498,13495.4,10,0,2.389,7.59983,0,0,0,9.98883,361,361,0,1,2.03342,2.03342,1971,388,5,1288,0,0,0,0,0,3761,4631.46,0.992583,7.92975,599918,184,59320,2256,1759225,736,237280,9024,32,4,867412,1712166,27757184,6848664,34605848,4,4,12,4,49,16,12,20,20,20260807,5,1,1,1,0,0,0,6369,0.265375,1,0.0015,1
1499,13501.7,7,0,2.39225,3.88817,0,0,0,6.28042,361,361,0,1,2.03342,2.03342,1971,388,5,1288,0,0,0,0,0,3761,4631.46,0.992583,7.92975,599918,184,59320,2256,1759225,736,237280,9024,32,4,867412,1712166,27757184,6848664,34605848,4,4,12,4,49,16,12,20,20,20260807,5,1,1,1,0,0,0,6369,0.265375,1,0.0015,0
1500,13512,10,0,2.34754,7.85117,0,0,0,10.1987,361,361,0,1,2.03342,2.03342,1971,388,5,1288,0,0,0,0,0,3761,4631.46,0.992583,7.92975,599918,184,59320,2256,1759225,736,237280,9024,32,4,867412,1712166,27757184,6848664,34605848,4,4,12,4,49,16,12,20,20,20260807,5,1,1,1,0,0,0,6369,0.265375,1,0.0015,0
1501,13518.5,6,0,2.45429,3.88121,0,0,0,6.3355,361,361,0,1,2.03342,2.03342,1971,388,5,1288,0,0,0,0,0,3761,4631.46,0.992583,7.92975,599918,184,59320,2256,1759225,736,237280,9024,32,4,867412,1712166,27757184,6848664,34605848,4,4,12,4,49,16,12,20,20,20260807,5,1,1,1,0,0,0,6369,0.265375,1,0.0015,0
1502,13528.9,11,0,2.17692,8.20471,0,0,0,10.3816,361,361,0,1,2.03342,2.03342,1971,388,5,1288,0,0,0,0,0,3761,4631.46,0.992583,7.92975,599918,184,59320,2256,1759225,736,237280,9024,32,4,867412,1712166,27757184,6848664,34605848,4,4,12,4,49,16,12,20,20,20260807,5,1,1,1,0,0,0,6369,0.265375,1,0.0015,0
1503,13535.1,6,0,2.30908,3.81642,0,0,0,6.1255,361,361,0,1,2.03342,2.03342,1971,388,5,1288,0,0,0,0,0,3761,4631.46,0.992583,7.92975,599918,184,59320,2256,1759225,736,237280,9024,32,4,867412,1712166,27757184,6848664,34605848,4,4,12,4,49,16,12,20,20,20260807,5,1,1,1,0,0,0,6369,0.265375,1,0.0015,0
1504,13545.5,10,0,2.38279,7.90396,0,0,0,10.2867,361,361,0,1,2.03342,2.03342,1971,388,5,1288,0,0,0,0,0,3761,4631.46,0.992583,7.92975,599918,184,59320,2256,1759225,736,237280,9024,32,4,867412,1712166,27757184,6848664,34605848,4,4,12,4,49,16,12,20,20,20260807,5,1,1,1,0,0,0,6370,0.265417,1,0.0015,1
1505,13552.1,7,0,2.43271,4.10833,0,0,0,6.54104,361,361,0,1,2.03342,2.03342,1971,388,5,1288,0,0,0,0,0,3761,4631.46,0.992583,7.92975,599918,184,59320,2256,1759225,736,237280,9024,32,4,867412,1712166,27757184,6848664,34605848,4,4,12,4,49,16,12,20,20,20260807,5,1,1,1,0,0,0,6370,0.265417,1,0.0015,0
1506,13562.2,10,0,2.26762,7.72875,0,0,0,9.99638,361,361,0,1,2.03342,2.03342,1971,388,5,1288,0,0,0,0,0,3761,4631.46,0.992583,7.92975,599918,184,59320,2256,1759225,736,237280,9024,32,4,867412,1712166,27757184,6848664,34605848,4,4,12,4,49,16,12,20,20,20260807,5,1,1,1,0,0,0,6370,0.265417,1,0.0015,0
1507,13568.7,7,0,2.44862,3.96533,0,0,0,6.41396,361,361,0,1,2.03342,2.03342,1971,388,5,1288,0,0,0,0,0,3761,4631.46,0.992583,7.92975,599918,184,59320,2256,1759225,736,237280,9024,32,4,867412,1712166,27757184,6848664,34605848,4,4,12,4,49,16,12,20,20,20260807,5,1,1,1,0,0,0,6370,0.265417,1,0.0015,0
1508,13579.2,10,0,2.21158,8.15179,0,0,0,10.3634,361,361,0,1,2.03342,2.03342,1971,388,5,1288,0,0,0,0,0,3761,4631.46,0.992583,7.92975,599918,184,59320,2256,1759225,736,237280,9024,32,4,867412,1712166,27757184,6848664,34605848,4,4,12,4,49,16,12,20,20,20260807,5,1,1,1,0,0,0,6370,0.265417,1,0.0015,0
1509,13585.3,6,0,2.27646,3.76125,0,0,0,6.03771,361,361,0,1,2.03342,2.03342,1971,388,5,1288,0,0,0,0,0,3761,4631.46,0.992583,7.92975,599918,184,59320,2256,1759225,736,237280,9024,32,4,867412,1712166,27757184,6848664,34605848,4,4,12,4,49,16,12,20,20,20260807,5,1,1,1,0,0,0,6370,0.265417,1,0.0015,0
1510,13595.4,10,0,2.30625,7.71504,0,0,0,10.0213,361,361,0,1,2.03342,2.03342,1971,388,5,1288,0,0,0,0,0,3761,4631.46,0.992583,7.92975,599918,184,59320,2256,1759225,736,237280,9024,32,4,867412,1712166,27757184,6848664,34605848,4,4,12,4,49,16,12,20,20,20260807,5,1,1,1,0,0,0,6371,0.265458,1,0.0015,1
1511,13601.6,6,0,2.42313,3.67854,0,0,0,6.10167,361,361,0,1,2.03342,2.03342,1971,388,5,1288,0,0,0,0,0,3761,4631.46,0.992583,7.92975,599918,184,59320,2256,1759225,736,237280,9024,32,4,867412,1712166,27757184,6848664,34605848,4,4,12,4,49,16,12,20,20,20260807,5,1,1,1,0,0,0,6371,0.265458,1,0.0015,0
1512,13612.2,11,0,2.34304,8.17525,0,0,0,10.5183,361,361,0,1,2.03342,2.03342,1971,388,5,1288,0,0,0,0,0,3761,4631.46,0.992583,7.92975,599918,184,59320,2256,1759225,736,237280,9024,32,4,867412,1712166,27757184,6848664,34605848,4,4,12,4,49,16,12,20,20,20260807,5,1,1,1,0,0,0,6371,0.265458,1,0.0015,0
1513,13618.5,6,0,2.37129,3.82504,0,0,0,6.19633,361,361,0,1,2.03342,2.03342,1971,388,5,1288,0,0,0,0,0,3761,4631.46,0.992583,7.92975,599918,184,59320,2256,1759225,736,237280,9024,32,4,867412,1712166,27757184,6848664,34605848,4,4,12,4,49,16,12,20,20,20260807,5,1,1,1,0,0,0,6371,0.265458,1,0.0015,0
1514,13628.7,11,0,2.32654,7.85925,0,0,0,10.1858,361,361,0,1,2.03342,2.03342,1971,388,5,1288,0,0,0,0,0,3761,4631.46,0.992583,7.92975,599918,184,59320,2256,1759225,736,237280,9024,32,4,867412,1712166,27757184,6848664,34605848,4,4,12,4,49,16,12,20,20,20260807,5,1,1,1,0,0,0,6371,0.265458,1,0.0015,0
1515,13635.1,6,0,2.42608,3.80946,0,0,0,6.23554,361,361,0,1,2.03342,2.03342,1971,388,5,1288,0,0,0,0,0,3761,4631.46,0.992583,7.92975,599918,184,59320,2256,1759225,736,237280,9024,32,4,867412,1712166,27757184,6848664,34605848,4,4,12,4,49,16,12,20,20,20260807,5,1,1,1,0,0,0,6371,0.265458,1,0.0015,0
1516,13645.9,11,0,2.351,8.38537,0,0,0,10.7364,361,361,0,1,2.03342,2.03342,1971,388,5,1288,0,0,0,0,0,3761,4631.46,0.992583,7.92975,599918,184,59320,2256,1759225,736,237280,9024,32,4,867412,1712166,27757184,6848664,34605848,4,4,12,4,49,16,12,20,20,20260807,5,1,1,1,0,0,0,6372,0.2655,1,0.0015,1
1517,13652.4,6,0,2.41737,4.00462,0,0,0,6.422,361,361,0,1,2.03342,2.03342,1971,388,5,1288,0,0,0,0,0,3761,4631.46,0.992583,7.92975,599918,184,59320,2256,1759225,736,237280,9024,32,4,867412,1712166,27757184,6848664,34605848,4,4,12,4,49,16,12,20,20,20260807,5,1,1,1,0,0,0,6372,0.2655,1,0.0015,0
1518,13662.6,10,0,2.33937,7.76946,0,0,0,10.1088,361,361,0,1,2.03342,2.03342,1971,388,5,1288,0,0,0,0,0,3761,4631.46,0.992583,7.92975,599918,184,59320,2256,1759225,736,237280,9024,32,4,867412,1712166,27757184,6848664,34605848,4,4,12,4,49,16,12,20,20,20260807,5,1,1,1,0,0,0,6372,0.2655,1,0.0015,0
1519,13669,7,0,2.28538,4.01796,0,0,0,6.30333,361,361,0,1,2.03342,2.03342,1971,388,5,1288,0,0,0,0,0,3761,4631.46,0.992583,7.92975,599918,184,59320,2256,1759225,736,237280,9024,32,4,867412,1712166,27757184,6848664,34605848,4,4,12,4,49,16,12,20,20,20260807,5,1,1,1,0,0,0,6372,0.2655,1,0.0015,0
1520,13679.2,10,0,2.18483,7.97971,0,0,0,10.1645,361,361,0,1,2.03342,2.03342,1971,388,5,1288,0,0,0,0,0,3761,4631.46,0.992583,7.92975,599918,184,59320,2256,1759225,736,237280,9024,32,4,867412,1712166,27757184,6848664,34605848,4,4,12,4,49,16,12,20,20,20260807,5,1,1,1,0,0,0,6372,0.2655,1,0.0015,0
1521,13685.9,7,0,2.43042,4.20642,0,0,0,6.63683,361,361,0,1,2.03342,2.03342,1971,388,5,1288,0,0,0,0,0,3761,4631.46,0.992583,7.92975,599918,184,59320,2256,1759225,736,237280,9024,32,4,867412,1712166,27757184,6848664,34605848,4,4,12,4,49,16,12,20,20,20260807,5,1,1,1,0,0,0,6372,0.2655,1,0.0015,0
1522,13695.5,9,0,2.23096,7.30588,0,0,0,9.53683,361,361,0,1,2.03342,2.03342,1971,388,5,1288,0,0,0,0,0,3761,4631.46,0.992583,7.92975,599918,184,59320,2256,1759225,736,237280,9024,32,4,867412,1712166,27757184,6848664,34605848,4,4,12,4,49,16,12,20,20,20260807,5,1,1,1,0,0,0,6373,0.265542,1,0.0015,1
1523,13701.8,7,0,2.32771,3.87775,0,0,0,6.20546,361,361,0,1,2.03342,2.03342,1971,388,5,1288,0,0,0,0,0,3761,4631.46,0.992583,7.92975,599918,184,59320,2256,1759225,736,237280,9024,32,4,867412,1712166,27757184,6848664,34605848,4,4,12,4,49,16,12,20,20,20260807,5,1,1,1,0,0,0,6373,0.265542,1,0.0015,0
1524,13712.2,10,0,2.31013,8.01033,0,0,0,10.3205,361,361,0,1,2.03342,2.03342,1971,388,5,1288,0,0,0,0,0,3761,4631.46,0.992583,7.92975,599918,184,59320,2256,1759225,736,237280,9024,32,4,867412,1712166,27757184,6848664,34605848,4,4,12,4,49,16,12,20,20,20260807,5,1,1,1,0,0,0,6373,0.265542,1,0.0015,0
1525,13718.5,6,0,2.29488,3.87054,0,0,0,6.16542,361,361,0,1,2.03342,2.03342,1971,388,5,1288,0,0,0,0,0,3761,4631.46,0.992583,7.92975,599918,184,59320,2256,1759225,736,237280,9024,32,4,867412,1712166,27757184,6848664,34605848,4,4,12,4,49,16,12,20,20,20260807,5,1,1,1,0,0,0,6373,0.265542,1,0.0015,0
1526,13728.9,11,0,2.24596,8.02675,0,0,0,10.2727,361,361,0,1,2.03342,2.03342,1971,388,5,1288,0,0,0,0,0,3761,4631.46,0.992583,7.92975,599918,184,59320,2256,1759225,736,237280,9024,32,4,867412,1712166,27757184,6848664,34605848,4,4,12,4,49,16,12,20,20,20260807,5,1,1,1,0,0,0,6373,0.265542,1,0.0015,0
1527,13735.2,6,0,2.36842,3.82575,0,0,0,6.19417,361,361,0,1,2.03342,2.03342,1971,388,5,1288,0,0,0,0,0,3761,4631.46,0.992583,7.92975,599918,184,59320,2256,1759225,736,237280,9024,32,4,867412,1712166,27757184,6848664,34605848,4,4,12,4,49,16,12,20,20,20260807,5,1,1,1,0,0,0,6373,0.265542,1,0.0015,0
1528,13745.4,10,0,2.19517,8.01913,0,0,0,10.2143,361,361,0,1,2.03342,2.03342,1971,388,5,1288,0,0,0,0,0,3761,4631.46,0.992583,7.92975,599918,184,59320,2256,1759225,736,237280,9024,32,4,867412,1712166,27757184,6848664,34605848,4,4,12,4,49,16,12,20,20,20260807,5,1,1,1,0,0,0,6374,0.265583,1,0.0015,1
1529,13751.8,7,0,2.36658,3.88392,0,0,0,6.2505,361,361,0,1,2.03342,2.03342,1971,388,5,1288,0,0,0,0,0,3761,4631.46,0.992583,7.92975,599918,184,59320,2256,1759225,736,237280,9024,32,4,867412,1712166,27757184,6848664,34605848,4,4,12,4,49,16,12,20,20,20260807,5,1,1,1,0,0,0,6374,0.265583,1,0.0015,0
1530,13762.1,10,0,2.16363,8.04154,0,0,0,10.2052,361,361,0,1,2.03342,2.03342,1971,388,5,1288,0,0,0,0,0,3761,4631.46,0.992583,7.92975,599918,184,59320,2256,1759225,736,237280,9024,32,4,867412,1712166,27757184,6848664,34605848,4,4,12,4,49,16,12,20,20,20260807,5,1,1,1,0,0,0,6374,0.265583,1,0.0015,0
1531,13768.2,6,0,2.31962,3.77263,0,0,0,6.09225,361,361,0,1,2.03342,2.03342,1971,388,5,1288,0,0,0,0,0,3761,4631.46,0.992583,7.92975,599918,184,59320,2256,1759225,736,237280,9024,32,4,867412,1712166,27757184,6848664,34605848,4,4,12,4,49,16,12,20,20,20260807,5,1,1,1,0,0,0,6374,0.265583,1,0.0015,0
1532,13779,11,0,2.34308,8.28937,0,0,0,10.6325,361,361,0,1,2.03342,2.03342,1971,388,5,1288,0,0,0,0,0,3761,4631.46,0.992583,7.92975,599918,184,59320,2256,1759225,736,237280,9024,32,4,867412,1712166,27757184,6848664,34605848,4,4,12,4,49,16,12,20,20,20260807,5,1,1,1,0,0,0,6374,0.265583,1,0.0015,0
1533,13785.6,6,0,2.38013,4.15388,0,0,0,6.534,361,361,0,1,2.03342,2.03342,1971,388,5,1288,0,0,0,0,0,3761,4631.46,0.992583,7.92975,599918,184,59320,2256,1759225,736,237280,9024,32,4,867412,1712166,27757184,6848664,34605848,4,4,12,4,49,16,12,20,20,20260807,5,1,1,1,0,0,0,6374,0.265583,1,0.0015,0
1534,13795.5,10,0,2.26183,7.54529,0,0,0,9.80712,361,361,0,1,2.03342,2.03342,1971,388,5,1288,0,0,0,0,0,3761,4631.46,0.992583,7.92975,599918,184,59320,2256,1759225,736,237280,9024,32,4,867412,1712166,27757184,6848664,34605848,4,4,12,4,49,16,12,20,20,20260807,5,1,1,1,0,0,0,6375,0.265625,1,0.0015,1
1535,13802,7,0,2.36225,4.14054,0,0,0,6.50279,361,361,0,1,2.03342,2.03342,1971,388,5,1288,0,0,0,0,0,3761,4631.46,0.992583,7.92975,599918,184,59320,2256,1759225,736,237280,9024,32,4,867412,1712166,27757184,6848664,34605848,4,4,12,4,49,16,12,20,20,20260807,5,1,1,1,0,0,0,6375,0.265625,1,0.0015,0
1536,13812.1,10,0,2.37433,7.644,0,0,0,10.0183,361,361,0,1,2.03342,2.03342,1971,388,5,1288,0,0,0,0,0,3761,4631.46,0.992583,7.92975,599918,184,59320,2256,1759225,736,237280,9024,32,4,867412,1712166,27757184,6848664,34605848,4,4,12,4,49,16,12,20,20,20260807,5,1,1,1,0,0,0,6375,0.265625,1,0.0015,0
1537,13818.5,6,0,2.40663,3.89258,0,0,0,6.29921,361,361,0,1,2.03342,2.03342,1971,388,5,1288,0,0,0,0,0,3761,4631.46,0.992583,7.92975,599918,184,59320,2256,1759225,736,237280,9024,32,4,867412,1712166,27757184,6848664,34605848,4,4,12,4,49,16,12,20,20,20260807,5,1,1,1,0,0,0,6375,0.265625,1,0.0015,0
1538,13828.9,11,0,2.13396,8.12967,0,0,0,10.2636,361,361,0,1,2.03342,2.03342,1971,388,5,1288,0,0,0,0,0,3761,4631.46,0.992583,7.92975,599918,184,59320,2256,1759225,736,237280,9024,32,4,867412,1712166,27757184,6848664,34605848,4,4,12,4,49,16,12,20,20,20260807,5,1,1,1,0,0,0,6375,0.265625,1,0.0015,0
1539,13835.4,6,0,2.44142,3.96071,0,0,0,6.40212,361,361,0,1,2.03342,2.03342,1971,388,5,1288,0,0,0,0,0,3761,4631.46,0.992583,7.92975,599918,184,59320,2256,1759225,736,237280,9024,32,4,867412,1712166,27757184,6848664,34605848,4,4,12,4,49,16,12,20,20,20260807,5,1,1,1,0,0,0,6375,0.265625,1,0.0015,0
1540,13845.6,10,0,2.21417,7.93054,0,0,0,10.1447,361,361,0,1,2.03342,2.03342,1971,388,5,1288,0,0,0,0,0,3761,4631.46,0.992583,7.92975,599918,184,59320,2256,1759225,736,237280,9024,32,4,867412,1712166,27757184,6848664,34605848,4,4,12,4,49,16,12,20,20,20260807,5,1,1,1,0,0,0,6376,0.265667,1,0.0015,1
1541,13851.9,7,0,2.39337,3.83271,0,0,0,6.22608,361,361,0,1,2.03342,2.03342,1971,388,5,1288,0,0,0,0,0,3761,4631.46,0.992583,7.92975,599918,184,59320,2256,1759225,736,237280,9024,32,4,867412,1712166,27757184,6848664,34605848,4,4,12,4,49,16,12,20,20,20260807,5,1,1,1,0,0,0,6376,0.265667,1,0.0015,0
1542,13862.2,10,0,2.32596,7.90463,0,0,0,10.2306,361,361,0,1,2.03342,2.03342,1971,388,5,1288,0,0,0,0,0,3761,4631.46,0.992583,7.92975,599918,184,59320,2256,1759225,736,237280,9024,32,4,867412,1712166,27757184,6848664,34605848,4,4,12,4,49,16,12,20,20,20260807,5,1,1,1,0,0,0,6376,0.265667,1,0.0015,0
1543,13869.2,7,0,2.48208,4.37017,0,0,0,6.85225,361,361,0,1,2.03342,2.03342,1971,388,5,1288,0,0,0,0,0,3761,4631.46,0.992583,7.92975,599918,184,59320,2256,1759225,736,237280,9024,32,4,867412,1712166,27757184,6848664,34605848,4,4,12,4,49,16,12,20,20,20260807,5,1,1,1,0,0,0,6376,0.265667,1,0.0015,0
1544,13878.9,10,0,2.16733,7.51504,0,0,0,9.68238,361,361,0,1,2.03342,2.03342,1971,388,5,1288,0,0,0,0,0,3761,4631.46,0.992583,7.92975,599918,184,59320,2256,1759225,736,237280,9024,32,4,867412,1712166,27757184,6848664,34605848,4,4,12,4,49,16,12,20,20,20260807,5,1,1,1,0,0,0,6376,0.265667,1,0.0015,0
1545,13885.2,6,0,2.38233,3.76258,0,0,0,6.14492,361,361,0,1,2.03342,2.03342,1971,388,5,1288,0,0,0,0,0,3761,4631.46,0.992583,7.92975,599918,184,59320,2256,1759225,736,237280,9024,32,4,867412,1712166,27757184,6848664,34605848,4,4,12,4,49,16,12,20,20,20260807,5,1,1,1,0,0,0,6376,0.265667,1,0.0015,0
1546,13895.7,11,0,2.33271,8.16462,0,0,0,10.4973,361,361,0,1,2.03342,2.03342,1971,388,5,1288,0,0,0,0,0,3761,4631.46,0.992583,7.92975,599918,184,59320,2256,1759225,736,237280,9024,32,4,867412,1712166,27757184,6848664,34605848,4,4,12,4,49,16,12,20,20,20260807,5,1,1,1,0,0,0,6377,0.265708,1,0.0015,1
1547,13902,6,0,2.366,3.82571,0,0,0,6.19171,361,361,0,1,2.03342,2.03342,1971,388,5,1288,0,0,0,0,0,3761,4631.46,0.992583,7.92975,599918,184,59320,2256,1759225,736,237280,9024,32,4,867412,1712166,27757184,6848664,34605848,4,4,12,4,49,16,12,20,20,20260807,5,1,1,1,0,0,0,6377,0.265708,1,0.0015,0
1548,13912.1,10,0,2.24817,7.80154,0,0,0,10.0497,361,361,0,1,2.03342,2.03342,1971,388,5,1288,0,0,0,0,0,3761,4631.46,0.992583,7.92975,599918,184,59320,2256,1759225,736,237280,9024,32,4,867412,1712166,27757184,6848664,34605848,4,4,12,4,49,16,12,20,20,20260807,5,1,1,1,0,0,0,6377,0.265708,1,0.0015,0
1549,13918.8,7,0,2.42746,4.16071,0,0,0,6.58817,361,361,0,1,2.03342,2.03342,1971,388,5,1288,0,0,0,0,0,3761,4631.46,0.992583,7.92975,599918,184,59320,2256,1759225,736,237280,9024,32,4,867412,1712166,27757184,6848664,34605848,4,4,12,4,49,16,12,20,20,20260807,5,1,1,1,0,0,0,6377,0.265708,1,0.0015,0
1550,13929.4,10,0,2.25988,8.28646,0,0,0,10.5463,361,361,0,1,2.03342,2.03342,1971,388,5,1288,0,0,0,0,0,3761,4631.46,0.992583,7.92975,599918,184,59320,2256,1759225,736,237280,9024,32,4,867412,1712166,27757184,6848664,34605848,4,4,12,4,49,16,12,20,20,20260807,5,1,1,1,0,0,0,6377,0.265708,1,0.0015,0
1551,13937.5,8,0,3.62867,4.366,0,0,0,7.99467,361,361,0,1,2.03342,2.03342,1971,388,5,1288,0,0,0,0,0,3761,4631.46,0.992583,7.92975,599918,184,59320,2256,1759225,736,237280,9024,32,4,867412,1712166,27757184,6848664,34605848,4,4,12,4,49,16,12,20,20,20260807,5,1,1,1,0,0,0,6377,0.265708,1,0.0015,0
1552,13945.6,9,0,2.382,5.61342,0,0,0,7.99542,361,361,0,1,2.03342,2.03342,1971,388,5,1288,0,0,0,0,0,3761,4631.46,0.992583,7.92975,599918,184,59320,2256,1759225,736,237280,9024,32,4,867412,1712166,27757184,6848664,34605848,4,4,12,4,49,16,12,20,20,20260807,5,1,1,1,0,0,0,6378,0.26575,1,0.0015,1
1553,13952.2,6,0,2.42075,4.08429,0,0,0,6.50504,361,361,0,1,2.03342,2.03342,1971,388,5,1288,0,0,0,0,0,3761,4631.46,0.992583,7.92975,599918,184,59320,2256,1759225,736,237280,9024,32,4,867412,1712166,27757184,6848664,34605848,4,4,12,4,49,16,12,20,20,20260807,5,1,1,1,0,0,0,6378,0.26575,1,0.0015,0
1554,13962.9,11,0,2.26187,8.33621,0,0,0,10.5981,361,361,0,1,2.03342,2.03342,1971,388,5,1288,0,0,0,0,0,3761,4631.46,0.992583,7.92975,599918,184,59320,2256,1759225,736,237280,9024,32,4,867412,1712166,27757184,6848664,34605848,4,4,12,4,49,16,12,20,20,20260807,5,1,1,1,0,0,0,6378,0.26575,1,0.0015,0
1555,13969.7,7,0,2.36096,4.32396,0,0,0,6.68492,361,361,0,1,2.03342,2.03342,1971,388,5,1288,0,0,0,0,0,3761,4631.46,0.992583,7.92975,599918,184,59320,2256,1759225,736,237280,9024,32,4,867412,1712166,27757184,6848664,34605848,4,4,12,4,49,16,12,20,20,20260807,5,1,1,1,0,0,0,6378,0.26575,1,0.0015,0
1556,13979.1,9,0,2.33696,6.96417,0,0,0,9.30113,361,361,0,1,2.03342,2.03342,1971,388,5,1288,0,0,0,0,0,3761,4631.46,0.992583,7.92975,599918,184,59320,2256,1759225,736,237280,9024,32,4,867412,1712166,27757184,6848664,34605848,4,4,12,4,49,16,12,20,20,20260807,5,1,1,1,0,0,0,6378,0.26575,1,0.0015,0
1557,13986.2,7,0,2.48913,4.60692,0,0,0,7.09604,361,361,0,1,2.03342,2.03342,1971,388,5,1288,0,0,0,0,0,3761,4631.46,0.992583,7.92975,599918,184,59320,2256,1759225,736,237280,9024,32,4,867412,1712166,27757184,6848664,34605848,4,4,12,4,49,16,12,20,20,20260807,5,1,1,1,0,0,0,6378,0.26575,1,0.0015,0
1558,13995.5,9,0,2.35092,6.82633,0,0,0,9.17725,361,361,0,1,2.03342,2.03342,1971,388,5,1288,0,0,0,0,0,3761,4631.46,0.992583,7.92975,599918,184,59320,2256,1759225,736,237280,9024,32,4,867412,1712166,27757184,6848664,34605848,4,4,12,4,49,16,12,20,20,20260807,5,1,1,1,0,0,0,6379,0.265792,1,0.0015,1
1559,14002.3,7,0,2.51317,4.18608,0,0,0,6.69925,361,361,0,1,2.03342,2.03342,1971,388,5,1288,0,0,0,0,0,3761,4631.46,0.992583,7.92975,599918,184,59320,2256,1759225,736,237280,9024,32,4,867412,1712166,27757184,6848664,34605848,4,4,12,4,49,16,12,20,20,20260807,5,1,1,1,0,0,0,6379,0.265792,1,0.0015,0
1560,14012.7,11,0,2.41592,7.96633,0,0,0,10.3823,361,361,0,1,2.03342,2.03342,1971,388,5,1288,0,0,0,0,0,3761,4631.46,0.992583,7.92975,599918,184,59320,2256,1759225,736,237280,9024,32,4,867412,1712166,27757184,6848664,34605848,4,4,12,4,49,16,12,20,20,20260807,5,1,1,1,0,0,0,6379,0.265792,1,0.0015,0
1561,14019.8,7,0,2.41808,4.53804,0,0,0,6.95613,361,361,0,1,2.03342,2.03342,1971,388,5,1288,0,0,0,0,0,3761,4631.46,0.992583,7.92975,599918,184,59320,2256,1759225,736,237280,9024,32,4,867412,1712166,27757184,6848664,34605848,4,4,12,4,49,16,12,20,20,20260807,5,1,1,1,0,0,0,6379,0.265792,1,0.0015,0
1562,14030.2,10,0,2.43854,7.91617,0,0,0,10.3547,361,361,0,1,2.03342,2.03342,1971,388,5,1288,0,0,0,0,0,3761,4631.46,0.992583,7.92975,599918,184,59320,2256,1759225,736,237280,9024,32,4,867412,1712166,27757184,6848664,34605848,4,4,12,4,49,16,12,20,20,20260807,5,1,1,1,0,0,0,6379,0.265792,1,0.0015,0
1563,14037.5,7,0,2.38196,4.75312,0,0,0,7.13508,361,361,0,1,2.03342,2.03342,1971,388,5,1288,0,0,0,0,0,3761,4631.46,0.992583,7.92975,599918,184,59320,2256,1759225,736,237280,9024,32,4,867412,1712166,27757184,6848664,34605848,4,4,12,4,49,16,12,20,20,20260807,5,1,1,1,0,0,0,6379,0.265792,1,0.0015,0
1564,14046.7,10,0,2.34342,6.78329,0,0,0,9.12671,361,361,0,1,2.03342,2.03342,1971,388,5,1288,0,0,0,0,0,3761,4631.46,0.992583,7.92975,599918,184,59320,2256,1759225,736,237280,9024,32,4,867412,1712166,27757184,6848664,34605848,4,4,12,4,49,16,12,20,20,20260807,5,1,1,1,0,0,0,6380,0.265833,1,0.0015,1
1565,14053.7,7,0,2.48858,4.48813,0,0,0,6.97671,361,361,0,1,2.03342,2.03342,1971,388,5,1288,0,0,0,0,0,3761,4631.46,0.992583,7.92975,599918,184,59320,2256,1759225,736,237280,9024,32,4,867412,1712166,27757184,6848664,34605848,4,4,12,4,49,16,12,20,20,20260807,5,1,1,1,0,0,0,6380,0.265833,1,0.0015,0
1566,14062.9,9,0,2.32604,6.61587,0,0,0,8.94192,361,361,0,1,2.03342,2.03342,1971,388,5,1288,0,0,0,0,0,3761,4631.46,0.992583,7.92975,599918,184,59320,2256,1759225,736,237280,9024,32,4,867412,1712166,27757184,6848664,34605848,4,4,12,4,49,16,12,20,20,20260807,5,1,1,1,0,0,0,6380,0.265833,1,0.0015,0
1567,14070.2,7,0,2.47033,4.75962,0,0,0,7.22996,361,361,0,1,2.03342,2.03342,1971,388,5,1288,0,0,0,0,0,3761,4631.46,0.992583,7.92975,599918,184,59320,2256,1759225,736,237280,9024,32,4,867412,1712166,27757184,6848664,34605848,4,4,12,4,49,16,12,20,20,20260807,5,1,1,1,0,0,0,6380,0.265833,1,0.0015,0
1568,14079.1,9,0,4.51892,4.26325,0,0,0,8.78217,361,361,0,1,2.03342,2.03342,1971,388,5,1288,0,0,0,0,0,3761,4631.46,0.992583,7.92975,599918,184,59320,2256,1759225,736,237280,9024,32,4,867412,1712166,27757184,6848664,34605848,4,4,12,4,49,16,12,20,20,20260807,5,1,1,1,0,0,0,6380,0.265833,1,0.0015,0
1569,14085.6,6,0,2.49479,3.91671,0,0,0,6.4115,361,361,0,1,2.03342,2.03342,1971,388,5,1288,0,0,0,0,0,3761,4631.46,0.992583,7.92975,599918,184,59320,2256,1759225,736,237280,9024,32,4,867412,1712166,27757184,6848664,34605848,4,4,12,4,49,16,12,20,20,20260807,5,1,1,1,0,0,0,6380,0.265833,1,0.0015,0
1570,14096.2,11,0,2.33508,8.19525,0,0,0,10.5303,361,361,0,1,2.03342,2.03342,1971,388,5,1288,0,0,0,0,0,3761,4631.46,0.992583,7.92975,599918,184,59320,2256,1759225,736,237280,9024,32,4,867412,1712166,27757184,6848664,34605848,4,4,12,4,49,16,12,20,20,20260807,5,1,1,1,0,0,0,6381,0.265875,1,0.0015,1
1571,14103.2,7,0,2.47162,4.51971,0,0,0,6.99133,361,361,0,1,2.03342,2.03342,1971,388,5,1288,0,0,0,0,0,3761,4631.46,0.992583,7.92975,599918,184,59320,2256,1759225,736,237280,9024,32,4,867412,1712166,27757184,6848664,34605848,4,4,12,4,49,16,12,20,20,20260807,5,1,1,1,0,0,0,6381,0.265875,1,0.0015,0
1572,14112.7,10,0,2.31829,7.06879,0,0,0,9.38708,361,361,0,1,2.03342,2.03342,1971,388,5,1288,0,0,0,0,0,3761,4631.46,0.992583,7.92975,599918,184,59320,2256,1759225,736,237280,9024,32,4,867412,1712166,27757184,6848664,34605848,4,4,12,4,49,16,12,20,20,20260807,5,1,1,1,0,0,0,6381,0.265875,1,0.0015,0
1573,14119.5,6,0,2.36725,4.36046,0,0,0,6.72771,361,361,0,1,2.03342,2.03342,1971,388,5,1288,0,0,0,0,0,3761,4631.46,0.992583,7.92975,599918,184,59320,2256,1759225,736,237280,9024,32,4,867412,1712166,27757184,6848664,34605848,4,4,12,4,49,16,12,20,20,20260807,5,1,1,1,0,0,0,6381,0.265875,1,0.0015,0
1574,14129.1,10,0,2.31663,7.22612,0,0,0,9.54275,361,361,0,1,2.03342,2.03342,1971,388,5,1288,0,0,0,0,0,3761,4631.46,0.992583,7.92975,599918,184,59320,2256,1759225,736,237280,9024,32,4,867412,1712166,27757184,6848664,34605848,4,4,12,4,49,16,12,20,20,20260807,5,1,1,1,0,0,0,6381,0.265875,1,0.0015,0
1575,14136.6,7,0,2.419,4.9545,0,0,0,7.3735,361,361,0,1,2.03342,2.03342,1971,388,5,1288,0,0,0,0,0,3761,4631.46,0.992583,7.92975,599918,184,59320,2256,1759225,736,237280,9024,32,4,867412,1712166,27757184,6848664,34605848,4,4,12,4,49,16,12,20,20,20260807,5,1,1,1,0,0,0,6381,0.265875,1,0.0015,0
1576,14145.9,10,0,2.29754,6.94783,0,0,0,9.24537,361,361,0,1,2.03342,2.03342,1971,388,5,1288,0,0,0,0,0,3761,4631.46,0.992583,7.92975,599918,184,59320,2256,1759225,736,237280,9024,32,4,867412,1712166,27757184,6848664,34605848,4,4,12,4,49,16,12,20,20,20260807,5,1,1,1,0,0,0,6382,0.265917,1,0.0015,1
1577,14152.4,6,0,2.43054,3.99908,0,0,0,6.42962,361,361,0,1,2.03342,2.03342,1971,388,5,1288,0,0,0,0,0,3761,4631.46,0.992583,7.92975,599918,184,59320,2256,1759225,736,237280,9024,32,4,867412,1712166,27757184,6848664,34605848,4,4,12,4,49,16,12,20,20,20260807,5,1,1,1,0,0,0,6382,0.265917,1,0.0015,0
1578,14163,11,0,2.22363,8.27708,0,0,0,10.5007,361,361,0,1,2.03342,2.03342,1971,388,5,1288,0,0,0,0,0,3761,4631.46,0.992583,7.92975,599918,184,59320,2256,1759225,736,237280,9024,32,4,867412,1712166,27757184,6848664,34605848,4,4,12,4,49,16,12,20,20,20260807,5,1,1,1,0,0,0,6382,0.265917,1,0.0015,0
1579,14169.9,7,0,2.38375,4.38488,0,0,0,6.76863,361,361,0,1,2.03342,2.03342,1971,388,5,1288,0,0,0,0,0,3761,4631.46,0.992583,7.92975,599918,184,59320,2256,1759225,736,237280,9024,32,4,867412,1712166,27757184,6848664,34605848,4,4,12,4,49,16,12,20,20,20260807,5,1,1,1,0,0,0,6382,0.265917,1,0.0015,0
1580,14179.2,9,0,2.26054,6.91471,0,0,0,9.17525,361,361,0,1,2.03342,2.03342,1971,388,5,1288,0,0,0,0,0,3761,4631.46,0.992583,7.92975,599918,184,59320,2256,1759225,736,237280,9024,32,4,867412,1712166,27757184,6848664,34605848,4,4,12,4,49,16,12,20,20,20260807,5,1,1,1,0,0,0,6382,0.265917,1,0.0015,0
1581,14185.9,7,0,2.36742,4.31792,0,0,0,6.68533,361,361,0,1,2.03342,2.03342,1971,388,5,1288,0,0,0,0,0,3761,4631.46,0.992583,7.92975,599918,184,59320,2256,1759225,736,237280,9024,32,4,867412,1712166,27757184,6848664,34605848,4,4,12,4,49,16,12,20,20,20260807,5,1,1,1,0,0,0,6382,0.265917,1,0.0015,0
1582,14196.4,10,0,2.27696,8.1285,0,0,0,10.4055,361,361,0,1,2.03342,2.03342,1971,388,5,1288,0,0,0,0,0,3761,4631.46,0.992583,7.92975,599918,184,59320,2256,1759225,736,237280,9024,32,4,867412,1712166,27757184,6848664,34605848,4,4,12,4,49,16,12,20,20,20260807,5,1,1,1,0,0,0,6383,0.265958,1,0.0015,1
1583,14203,7,0,2.43617,4.0665,0,0,0,6.50267,361,361,0,1,2.03342,2.03342,1971,388,5,1288,0,0,0,0,0,3761,4631.46,0.992583,7.92975,599918,184,59320,2256,1759225,736,237280,9024,32,4,867412,1712166,27757184,6848664,34605848,4,4,12,4,49,16,12,20,20,20260807,5,1,1,1,0,0,0,6383,0.265958,1,0.0015,0
1584,14213,10,0,2.30408,7.59483,0,0,0,9.89892,361,361,0,1,2.03342,2.03342,1971,388,5,1288,0,0,0,0,0,3761,4631.46,0.992583,7.92975,599918,184,59320,2256,1759225,736,237280,9024,32,4,867412,1712166,27757184,6848664,34605848,4,4,12,4,49,16,12,20,20,20260807,5,1,1,1,0,0,0,6383,0.265958,1,0.0015,0
1585,14233.3,20,0,15.9914,4.18408,0,0,0,20.1755,361,361,0,1,2.03342,2.03342,1971,388,5,1288,0,0,0,0,0,3761,4631.46,0.992583,7.92975,599918,184,59320,2256,1759225,736,237280,9024,32,4,867412,1712166,27757184,6848664,34605848,4,4,12,4,49,16,12,20,20,20260807,5,1,1,1,0,0,0,6383,0.265958,1,0.0015,0
1586,14239.8,7,0,2.40475,4.0395,0,0,0,6.44425,361,361,0,1,2.03342,2.03342,1971,388,5,1288,0,0,0,0,0,3761,4631.46,0.992583,7.92975,599918,184,59320,2256,1759225,736,237280,9024,32,4,867412,1712166,27757184,6848664,34605848,4,4,12,4,49,16,12,20,20,20260807,5,1,1,1,0,0,0,6384,0.266,1,0.0015,1
1587,14246.1,6,0,2.28817,3.92375,0,0,0,6.21192,361,361,0,1,2.03342,2.03342,1971,388,5,1288,0,0,0,0,0,3761,4631.46,0.992583,7.92975,599918,184,59320,2256,1759225,736,237280,9024,32,4,867412,1712166,27757184,6848664,34605848,4,4,12,4,49,16,12,20,20,20260807,5,1,1,1,0,0,0,6384,0.266,1,0.0015,0
1588,14252.7,7,0,2.44621,4.06304,0,0,0,6.50925,361,361,0,1,2.03342,2.03342,1971,388,5,1288,0,0,0,0,0,3761,4631.46,0.992583,7.92975,599918,184,59320,2256,1759225,736,237280,9024,32,4,867412,1712166,27757184,6848664,34605848,4,4,12,4,49,16,12,20,20,20260807,5,1,1,1,0,0,0,6384,0.266,1,0.0015,0
1589,14262.4,9,0,2.32713,7.35379,0,0,0,9.68092,361,361,0,1,2.03342,2.03342,1971,388,5,1288,0,0,0,0,0,3761,4631.46,0.992583,7.92975,599918,184,59320,2256,1759225,736,237280,9024,32,4,867412,1712166,27757184,6848664,34605848,4,4,12,4,49,16,12,20,20,20260807,5,1,1,1,0,0,0,6384,0.266,1,0.0015,0
1590,14269.5,7,0,2.39858,4.54633,0,0,0,6.94492,361,361,0,1,2.03342,2.03342,1971,388,5,1288,0,0,0,0,0,3761,4631.46,0.992583,7.92975,599918,184,59320,2256,1759225,736,237280,9024,32,4,867412,1712166,27757184,6848664,34605848,4,4,12,4,49,16,12,20,20,20260807,5,1,1,1,0,0,0,6384,0.266,1,0.0015,0
1591,14279.1,10,0,2.25525,7.33362,0,0,0,9.58887,361,361,0,1,2.03342,2.03342,1971,388,5,1288,0,0,0,0,0,3761,4631.46,0.992583,7.92975,599918,184,59320,2256,1759225,736,237280,9024,32,4,867412,1712166,27757184,6848664,34605848,4,4,12,4,49,16,12,20,20,20260807,5,1,1,1,0,0,0,6384,0.266,1,0.0015,0
1592,14285.7,7,0,2.42217,4.06262,0,0,0,6.48479,361,361,0,1,2.03342,2.03342,1971,388,5,1288,0,0,0,0,0,3761,4631.46,0.992583,7.92975,599918,184,59320,2256,1759225,736,237280,9024,32,4,867412,1712166,27757184,6848664,34605848,4,4,12,4,49,16,12,20,20,20260807,5,1,1,1,0,0,0,6384,0.266,1,0.0015,0
1593,14295.5,9,0,2.32308,7.39221,0,0,0,9.71529,361,361,0,1,2.03342,2.03342,1971,388,5,1288,0,0,0,0,0,3761,4631.46,0.992583,7.92975,599918,184,59320,2256,1759225,736,237280,9024,32,4,867412,1712166,27757184,6848664,34605848,4,4,12,4,49,16,12,20,20,20260807,5,1,1,1,0,0,0,6385,0.266042,1,0.0015,1
1594,14302.1,7,0,2.34212,4.10375,0,0,0,6.44588,361,361,0,1,2.03342,2.03342,1971,388,5,1288,0,0,0,0,0,3761,4631.46,0.992583,7.92975,599918,184,59320,2256,1759225,736,237280,9024,32,4,867412,1712166,27757184,6848664,34605848,4,4,12,4,49,16,12,20,20,20260807,5,1,1,1,0,0,0,6385,0.266042,1,0.0015,0
1595,14313.1,11,0,2.3935,8.51246,0,0,0,10.906,361,361,0,1,2.03342,2.03342,1971,388,5,1288,0,0,0,0,0,3761,4631.46,0.992583,7.92975,599918,184,59320,2256,1759225,736,237280,9024,32,4,867412,1712166,27757184,6848664,34605848,4,4,12,4,49,16,12,20,20,20260807,5,1,1,1,0,0,0,6385,0.266042,1,0.0015,0
1596,14320.1,7,0,2.53104,4.34983,0,0,0,6.88087,361,361,0,1,2.03342,2.03342,1971,388,5,1288,0,0,0,0,0,3761,4631.46,0.992583,7.92975,599918,184,59320,2256,1759225,736,237280,9024,32,4,867412,1712166,27757184,6848664,34605848,4,4,12,4,49,16,12,20,20,20260807,5,1,1,1,0,0,0,6385,0.266042,1,0.0015,0
1597,14329.8,10,0,2.34692,7.33696,0,0,0,9.68388,361,361,0,1,2.03342,2.03342,1971,388,5,1288,0,0,0,0,0,3761,4631.46,0.992583,7.92975,599918,184,59320,2256,1759225,736,237280,9024,32,4,867412,1712166,27757184,6848664,34605848,4,4,12,4,49,16,12,20,20,20260807,5,1,1,1,0,0,0,6385,0.266042,1,0.0015,0
1598,14336.6,6,0,2.42592,4.22533,0,0,0,6.65125,361,361,0,1,2.03342,2.03342,1971,388,5,1288,0,0,0,0,0,3761,4631.46,0.992583,7.92975,599918,184,59320,2256,1759225,736,237280,9024,32,4,867412,1712166,27757184,6848664,34605848,4,4,12,4,49,16,12,20,20,20260807,5,1,1,1,0,0,0,6385,0.266042,1,0.0015,0
1599,14346.5,10,0,2.34442,7.52513,0,0,0,9.86954,361,361,0,1,2.03342,2.03342,1971,388,5,1288,0,0,0,0,0,3761,4631.46,0.992583,7.92975,599918,184,59320,2256,1759225,736,237280,9024,32,4,867412,1712166,27757184,6848664,34605848,4,4,12,4,49,16,12,20,20,20260807,5,1,1,1,0,0,0,6386,0.266083,1,0.0015,1
1600,14353.3,7,0,2.40283,4.33058,0,0,0,6.73342,361,361,0,1,2.03342,2.03342,1971,388,5,1288,0,0,0,0,0,3761,4631.46,0.992583,7.92975,599918,184,59320,2256,1759225,736,237280,9024,32,4,867412,1712166,27757184,6848664,34605848,4,4,12,4,49,16,12,20,20,20260807,5,1,1,1,0,0,0,6386,0.266083,1,0.0015,0
1601,14362.5,10,0,2.33117,6.73513,0,0,0,9.06629,361,361,0,1,2.03342,2.03342,1971,388,5,1288,0,0,0,0,0,3761,4631.46,0.992583,7.92975,599918,184,59320,2256,1759225,736,237280,9024,32,4,867412,1712166,27757184,6848664,34605848,4,4,12,4,49,16,12,20,20,20260807,5,1,1,1,0,0,0,6386,0.266083,1,0.0015,0
1602,14369.5,7,0,2.241,4.73296,0,0,0,6.97396,361,361,0,1,2.03342,2.03342,1971,388,5,1288,0,0,0,0,0,3761,4631.46,0.992583,7.92975,599918,184,59320,2256,1759225,736,237280,9024,32,4,867412,1712166,27757184,6848664,34605848,4,4,12,4,49,16,12,20,20,20260807,5,1,1,1,0,0,0,6386,0.266083,1,0.0015,0
1603,14379,9,0,2.381,6.979,0,0,0,9.36,361,361,0,1,2.03342,2.03342,1971,388,5,1288,0,0,0,0,0,3761,4631.46,0.992583,7.92975,599918,184,59320,2256,1759225,736,237280,9024,32,4,867412,1712166,27757184,6848664,34605848,4,4,12,4,49,16,12,20,20,20260807,5,1,1,1,0,0,0,6386,0.266083,1,0.0015,0
1604,14386.4,7,0,2.55342,4.766,0,0,0,7.31942,361,361,0,1,2.03342,2.03342,1971,388,5,1288,0,0,0,0,0,3761,4631.46,0.992583,7.92975,599918,184,59320,2256,1759225,736,237280,9024,32,4,867412,1712166,27757184,6848664,34605848,4,4,12,4,49,16,12,20,20,20260807,5,1,1,1,0,0,0,6386,0.266083,1,0.0015,0
1605,14396.4,10,0,2.28896,7.66192,0,0,0,9.95087,361,361,0,1,2.03342,2.03342,1971,388,5,1288,0,0,0,0,0,3761,4631.46,0.992583,7.92975,599918,184,59320,2256,1759225,736,237280,9024,32,4,867412,1712166,27757184,6848664,34605848,4,4,12,4,49,16,12,20,20,20260807,5,1,1,1,0,0,0,6387,0.266125,1,0.0015,1
1606,14402.9,7,0,2.29892,4.10392,0,0,0,6.40283,361,361,0,1,2.03342,2.03342,1971,388,5,1288,0,0,0,0,0,3761,4631.46,0.992583,7.92975,599918,184,59320,2256,1759225,736,237280,9024,32,4,867412,1712166,27757184,6848664,34605848,4,4,12,4,49,16,12,20,20,20260807,5,1,1,1,0,0,0,6387,0.266125,1,0.0015,0
1607,14413.3,10,0,2.45308,7.87921,0,0,0,10.3323,361,361,0,1,2.03342,2.03342,1971,388,5,1288,0,0,0,0,0,3761,4631.46,0.992583,7.92975,599918,184,59320,2256,1759225,736,237280,9024,32,4,867412,1712166,27757184,6848664,34605848,4,4,12,4,49,16,12,20,20,20260807,5,1,1,1,0,0,0,6387,0.266125,1,0.0015,0
1608,14422,9,0,3.85429,4.64333,0,0,0,8.49762,361,361,0,1,2.03342,2.03342,1971,388,5,1288,0,0,0,0,0,3761,4631.46,0.992583,7.92975,599918,184,59320,2256,1759225,736,237280,9024,32,4,867412,1712166,27757184,6848664,34605848,4,4,12,4,49,16,12,20,20,20260807,5,1,1,1,0,0,0,6387,0.266125,1,0.0015,0
1609,14430.2,8,0,3.60654,4.52754,0,0,0,8.13408,361,361,0,1,2.03342,2.03342,1971,388,5,1288,0,0,0,0,0,3761,4631.46,0.992583,7.92975,599918,184,59320,2256,1759225,736,237280,9024,32,4,867412,1712166,27757184,6848664,34605848,4,4,12,4,49,16,12,20,20,20260807,5,1,1,1,0,0,0,6387,0.266125,1,0.0015,0
1610,14437.7,8,0,2.43583,4.93479,0,0,0,7.37063,361,361,0,1,2.03342,2.03342,1971,388,5,1288,0,0,0,0,0,3761,4631.46,0.992583,7.92975,599918,184,59320,2256,1759225,736,237280,9024,32,4,867412,1712166,27757184,6848664,34605848,4,4,12,4,49,16,12,20,20,20260807,5,1,1,1,0,0,0,6387,0.266125,1,0.0015,0
1611,14446,8,0,2.33875,5.90079,0,0,0,8.23954,361,361,0,1,2.03342,2.03342,1971,388,5,1288,0,0,0,0,0,3761,4631.46,0.992583,7.92975,599918,184,59320,2256,1759225,736,237280,9024,32,4,867412,1712166,27757184,6848664,34605848,4,4,12,4,49,16,12,20,20,20260807,5,1,1,1,0,0,0,6388,0.266167,1,0.0015,1
1612,14453.1,7,0,2.6085,4.394,0,0,0,7.0025,361,361,0,1,2.03342,2.03342,1971,388,5,1288,0,0,0,0,0,3761,4631.46,0.992583,7.92975,599918,184,59320,2256,1759225,736,237280,9024,32,4,867412,1712166,27757184,6848664,34605848,4,4,12,4,49,16,12,20,20,20260807,5,1,1,1,0,0,0,6388,0.266167,1,0.0015,0
1613,14462.2,9,0,2.25283,6.73438,0,0,0,8.98721,361,361,0,1,2.03342,2.03342,1971,388,5,1288,0,0,0,0,0,3761,4631.46,0.992583,7.92975,599918,184,59320,2256,1759225,736,237280,9024,32,4,867412,1712166,27757184,6848664,34605848,4,4,12,4,49,16,12,20,20,20260807,5,1,1,1,0,0,0,6388,0.266167,1,0.0015,0
1614,14468.8,7,0,2.60971,3.99442,0,0,0,6.60412,361,361,0,1,2.03342,2.03342,1971,388,5,1288,0,0,0,0,0,3761,4631.46,0.992583,7.92975,599918,184,59320,2256,1759225,736,237280,9024,32,4,867412,1712166,27757184,6848664,34605848,4,4,12,4,49,16,12,20,20,20260807,5,1,1,1,0,0,0,6388,0.266167,1,0.0015,0
1615,14478.9,10,0,2.58738,7.42263,0,0,0,10.01,361,361,0,1,2.03342,2.03342,1971,388,5,1288,0,0,0,0,0,3761,4631.46,0.992583,7.92975,599918,184,59320,2256,1759225,736,237280,9024,32,4,867412,1712166,27757184,6848664,34605848,4,4,12,4,49,16,12,20,20,20260807,5,1,1,1,0,0,0,6388,0.266167,1,0.0015,0
1616,14485.6,7,0,2.37867,4.23992,0,0,0,6.61858,361,361,0,1,2.03342,2.03342,1971,388,5,1288,0,0,0,0,0,3761,4631.46,0.992583,7.92975,599918,184,59320,2256,1759225,736,237280,9024,32,4,867412,1712166,27757184,6848664,34605848,4,4,12,4,49,16,12,20,20,20260807,5,1,1,1,0,0,0,6388,0.266167,1,0.0015,0
1617,14495.5,9,0,2.36504,7.45296,0,0,0,9.818,361,361,0,1,2.03342,2.03342,1971,388,5,1288,0,0,0,0,0,3761,4631.46,0.992583,7.92975,599918,184,59320,2256,1759225,736,237280,9024,32,4,867412,1712166,27757184,6848664,34605848,4,4,12,4,49,16,12,20,20,20260807,5,1,1,1,0,0,0,6389,0.266208,1,0.0015,1
1618,14502.4,7,0,2.52129,4.23613,0,0,0,6.75742,361,361,0,1,2.03342,2.03342,1971,388,5,1288,0,0,0,0,0,3761,4631.46,0.992583,7.92975,599918,184,59320,2256,1759225,736,237280,9024,32,4,867412,1712166,27757184,6848664,34605848,4,4,12,4,49,16,12,20,20,20260807,5,1,1,1,0,0,0,6389,0.266208,1,0.0015,0
1619,14513.2,11,0,2.34638,8.36796,0,0,0,10.7143,361,361,0,1,2.03342,2.03342,1971,388,5,1288,0,0,0,0,0,3761,4631.46,0.992583,7.92975,599918,184,59320,2256,1759225,736,237280,9024,32,4,867412,1712166,27757184,6848664,34605848,4,4,12,4,49,16,12,20,20,20260807,5,1,1,1,0,0,0,6389,0.266208,1,0.0015,0
1620,14519.7,7,0,2.34921,4.07267,0,0,0,6.42188,361,361,0,1,2.03342,2.03342,1971,388,5,1288,0,0,0,0,0,3761,4631.46,0.992583,7.92975,599918,184,59320,2256,1759225,736,237280,9024,32,4,867412,1712166,27757184,6848664,34605848,4,4,12,4,49,16,12,20,20,20260807,5,1,1,1,0,0,0,6389,0.266208,1,0.0015,0
1621,14529.1,9,0,2.33712,7.05312,0,0,0,9.39025,361,361,0,1,2.03342,2.03342,1971,388,5,1288,0,0,0,0,0,3761,4631.46,0.992583,7.92975,599918,184,59320,2256,1759225,736,237280,9024,32,4,867412,1712166,27757184,6848664,34605848,4,4,12,4,49,16,12,20,20,20260807,5,1,1,1,0,0,0,6389,0.266208,1,0.0015,0
1622,14535.9,7,0,2.41117,4.20954,0,0,0,6.62071,361,361,0,1,2.03342,2.03342,1971,388,5,1288,0,0,0,0,0,3761,4631.46,0.992583,7.92975,599918,184,59320,2256,1759225,736,237280,9024,32,4,867412,1712166,27757184,6848664,34605848,4,4,12,4,49,16,12,20,20,20260807,5,1,1,1,0,0,0,6389,0.266208,1,0.0015,0
1623,14546.6,10,0,2.38029,8.22092,0,0,0,10.6012,361,361,0,1,2.03342,2.03342,1971,388,5,1288,0,0,0,0,0,3761,4631.46,0.992583,7.92975,599918,184,59320,2256,1759225,736,237280,9024,32,4,867412,1712166,27757184,6848664,34605848,4,4,12,4,49,16,12,20,20,20260807,5,1,1,1,0,0,0,6390,0.26625,1,0.0015,1
1624,14553.9,8,0,2.50813,4.73775,0,0,0,7.24587,361,361,0,1,2.03342,2.03342,1971,388,5,1288,0,0,0,0,0,3761,4631.46,0.992583,7.92975,599918,184,59320,2256,1759225,736,237280,9024,32,4,867412,1712166,27757184,6848664,34605848,4,4,12,4,49,16,12,20,20,20260807,5,1,1,1,0,0,0,6390,0.26625,1,0.0015,0
1625,14562.5,8,0,2.32721,6.14942,0,0,0,8.47663,361,361,0,1,2.03342,2.03342,1971,388,5,1288,0,0,0,0,0,3761,4631.46,0.992583,7.92975,599918,184,59320,2256,1759225,736,237280,9024,32,4,867412,1712166,27757184,6848664,34605848,4,4,12,4,49,16,12,20,20,20260807,5,1,1,1,0,0,0,6390,0.26625,1,0.0015,0
1626,14569.7,8,0,2.49404,4.66763,0,0,0,7.16167,361,361,0,1,2.03342,2.03342,1971,388,5,1288,0,0,0,0,0,3761,4631.46,0.992583,7.92975,599918,184,59320,2256,1759225,736,237280,9024,32,4,867412,1712166,27757184,6848664,34605848,4,4,12,4,49,16,12,20,20,20260807,5,1,1,1,0,0,0,6390,0.26625,1,0.0015,0
1627,14579.7,10,0,2.40704,7.43138,0,0,0,9.83842,361,361,0,1,2.03342,2.03342,1971,388,5,1288,0,0,0,0,0,3761,4631.46,0.992583,7.92975,599918,184,59320,2256,1759225,736,237280,9024,32,4,867412,1712166,27757184,6848664,34605848,4,4,12,4,49,16,12,20,20,20260807,5,1,1,1,0,0,0,6390,0.26625,1,0.0015,0
1628,14587.1,7,0,2.54754,4.78425,0,0,0,7.33179,361,361,0,1,2.03342,2.03342,1971,388,5,1288,0,0,0,0,0,3761,4631.46,0.992583,7.92975,599918,184,59320,2256,1759225,736,237280,9024,32,4,867412,1712166,27757184,6848664,34605848,4,4,12,4,49,16,12,20,20,20260807,5,1,1,1,0,0,0,6390,0.26625,1,0.0015,0
1629,14596.1,9,0,2.39617,6.58921,0,0,0,8.98537,361,361,0,1,2.03342,2.03342,1971,388,5,1288,0,0,0,0,0,3761,4631.46,0.992583,7.92975,599918,184,59320,2256,1759225,736,237280,9024,32,4,867412,1712166,27757184,6848664,34605848,4,4,12,4,49,16,12,20,20,20260807,5,1,1,1,0,0,0,6391,0.266292,1,0.0015,1
1630,14603.3,7,0,2.441,4.65571,0,0,0,7.09671,361,361,0,1,2.03342,2.03342,1971,388,5,1288,0,0,0,0,0,3761,4631.46,0.992583,7.92975,599918,184,59320,2256,1759225,736,237280,9024,32,4,867412,1712166,27757184,6848664,34605848,4,4,12,4,49,16,12,20,20,20260807,5,1,1,1,0,0,0,6391,0.266292,1,0.0015,0
1631,14612.5,9,0,2.33225,6.79537,0,0,0,9.12763,361,361,0,1,2.03342,2.03342,1971,388,5,1288,0,0,0,0,0,3761,4631.46,0.992583,7.92975,599918,184,59320,2256,1759225,736,237280,9024,32,4,867412,1712166,27757184,6848664,34605848,4,4,12,4,49,16,12,20,20,20260807,5,1,1,1,0,0,0,6391,0.266292,1,0.0015,0
1632,14618.8,7,0,2.32767,3.897,0,0,0,6.22467,361,361,0,1,2.03342,2.03342,1971,388,5,1288,0,0,0,0,0,3761,4631.46,0.992583,7.92975,599918,184,59320,2256,1759225,736,237280,9024,32,4,867412,1712166,27757184,6848664,34605848,4,4,12,4,49,16,12,20,20,20260807,5,1,1,1,0,0,0,6391,0.266292,1,0.0015,0
1633,14629.2,10,0,2.28425,7.98637,0,0,0,10.2706,361,361,0,1,2.03342,2.03342,1971,388,5,1288,0,0,0,0,0,3761,4631.46,0.992583,7.92975,599918,184,59320,2256,1759225,736,237280,9024,32,4,867412,1712166,27757184,6848664,34605848,4,4,12,4,49,16,12,20,20,20260807,5,1,1,1,0,0,0,6391,0.266292,1,0.0015,0
1634,14635.7,7,0,2.32492,4.08704,0,0,0,6.41196,361,361,0,1,2.03342,2.03342,1971,388,5,1288,0,0,0,0,0,3761,4631.46,0.992583,7.92975,599918,184,59320,2256,1759225,736,237280,9024,32,4,867412,1712166,27757184,6848664,34605848,4,4,12,4,49,16,12,20,20,20260807,5,1,1,1,0,0,0,6391,0.266292,1,0.0015,0
1635,14645.9,10,0,2.36058,7.71796,0,0,0,10.0785,361,361,0,1,2.03342,2.03342,1971,388,5,1288,0,0,0,0,0,3761,4631.46,0.992583,7.92975,599918,184,59320,2256,1759225,736,237280,9024,32,4,867412,1712166,27757184,6848664,34605848,4,4,12,4,49,16,12,20,20,20260807,5,1,1,1,0,0,0,6392,0.266333,1,0.0015,1
1636,14652.9,7,0,2.48133,4.46971,0,0,0,6.95104,361,361,0,1,2.03342,2.03342,1971,388,5,1288,0,0,0,0,0,3761,4631.46,0.992583,7.92975,599918,184,59320,2256,1759225,736,237280,9024,32,4,867412,1712166,27757184,6848664,34605848,4,4,12,4,49,16,12,20,20,20260807,5,1,1,1,0,0,0,6392,0.266333,1,0.0015,0
1637,14662.3,9,0,2.31833,6.94238,0,0,0,9.26071,361,361,0,1,2.03342,2.03342,1971,388,5,1288,0,0,0,0,0,3761,4631.46,0.992583,7.92975,599918,184,59320,2256,1759225,736,237280,9024,32,4,867412,1712166,27757184,6848664,34605848,4,4,12,4,49,16,12,20,20,20260807,5,1,1,1,0,0,0,6392,0.266333,1,0.0015,0
1638,14668.9,7,0,2.42937,4.14254,0,0,0,6.57192,361,361,0,1,2.03342,2.03342,1971,388,5,1288,0,0,0,0,0,3761,4631.46,0.992583,7.92975,599918,184,59320,2256,1759225,736,237280,9024,32,4,867412,1712166,27757184,6848664,34605848,4,4,12,4,49,16,12,20,20,20260807,5,1,1,1,0,0,0,6392,0.266333,1,0.0015,0
1639,14679.7,11,0,2.26575,8.45804,0,0,0,10.7238,361,361,0,1,2.03342,2.03342,1971,388,5,1288,0,0,0,0,0,3761,4631.46,0.992583,7.92975,599918,184,59320,2256,1759225,736,237280,9024,32,4,867412,1712166,27757184,6848664,34605848,4,4,12,4,49,16,12,20,20,20260807,5,1,1,1,0,0,0,6392,0.266333,1,0.0015,0
1640,14686.2,6,0,2.35017,3.98629,0,0,0,6.33646,361,361,0,1,2.03342,2.03342,1971,388,5,1288,0,0,0,0,0,3761,4631.46,0.992583,7.92975,599918,184,59320,2256,1759225,736,237280,9024,32,4,867412,1712166,27757184,6848664,34605848,4,4,12,4,49,16,12,20,20,20260807,5,1,1,1,0,0,0,6392,0.266333,1,0.0015,0
1641,14696.3,10,0,2.2635,7.75521,0,0,0,10.0187,361,361,0,1,2.03342,2.03342,1971,388,5,1288,0,0,0,0,0,3761,4631.46,0.992583,7.92975,599918,184,59320,2256,1759225,736,237280,9024,32,4,867412,1712166,27757184,6848664,34605848,4,4,12,4,49,16,12,20,20,20260807,5,1,1,1,0,0,0,6393,0.266375,1,0.0015,1
1642,14703.1,7,0,2.45046,4.28838,0,0,0,6.73883,361,361,0,1,2.03342,2.03342,1971,388,5,1288,0,0,0,0,0,3761,4631.46,0.992583,7.92975,599918,184,59320,2256,1759225,736,237280,9024,32,4,867412,1712166,27757184,6848664,34605848,4,4,12,4,49,16,12,20,20,20260807,5,1,1,1,0,0,0,6393,0.266375,1,0.0015,0
1643,14712.2,9,0,2.30392,6.73592,0,0,0,9.03983,361,361,0,1,2.03342,2.03342,1971,388,5,1288,0,0,0,0,0,3761,4631.46,0.992583,7.92975,599918,184,59320,2256,1759225,736,237280,9024,32,4,867412,1712166,27757184,6848664,34605848,4,4,12,4,49,16,12,20,20,20260807,5,1,1,1,0,0,0,6393,0.266375,1,0.0015,0
1644,14718.6,6,0,2.36471,3.92958,0,0,0,6.29429,361,361,0,1,2.03342,2.03342,1971,388,5,1288,0,0,0,0,0,3761,4631.46,0.992583,7.92975,599918,184,59320,2256,1759225,736,237280,9024,32,4,867412,1712166,27757184,6848664,34605848,4,4,12,4,49,16,12,20,20,20260807,5,1,1,1,0,0,0,6393,0.266375,1,0.0015,0
1645,14729.6,11,0,2.35225,8.54825,0,0,0,10.9005,361,361,0,1,2.03342,2.03342,1971,388,5,1288,0,0,0,0,0,3761,4631.46,0.992583,7.92975,599918,184,59320,2256,1759225,736,237280,9024,32,4,867412,1712166,27757184,6848664,34605848,4,4,12,4,49,16,12,20,20,20260807,5,1,1,1,0,0,0,6393,0.266375,1,0.0015,0
1646,14736.7,8,0,2.28242,4.75771,0,0,0,7.04012,361,361,0,1,2.03342,2.03342,1971,388,5,1288,0,0,0,0,0,3761,4631.46,0.992583,7.92975,599918,184,59320,2256,1759225,736,237280,9024,32,4,867412,1712166,27757184,6848664,34605848,4,4,12,4,49,16,12,20,20,20260807,5,1,1,1,0,0,0,6393,0.266375,1,0.0015,0
1647,14746.2,9,0,2.66575,6.70733,0,0,0,9.37308,361,361,0,1,2.03342,2.03342,1971,388,5,1288,0,0,0,0,0,3761,4631.46,0.992583,7.92975,599918,184,59320,2256,1759225,736,237280,9024,32,4,867412,1712166,27757184,6848664,34605848,4,4,12,4,49,16,12,20,20,20260807,5,1,1,1,0,0,0,6394,0.266417,1,0.0015,1
1648,14753.8,8,0,2.60729,4.90479,0,0,0,7.51208,361,361,0,1,2.03342,2.03342,1971,388,5,1288,0,0,0,0,0,3761,4631.46,0.992583,7.92975,599918,184,59320,2256,1759225,736,237280,9024,32,4,867412,1712166,27757184,6848664,34605848,4,4,12,4,49,16,12,20,20,20260807,5,1,1,1,0,0,0,6394,0.266417,1,0.0015,0
1649,14762.5,8,0,2.37979,6.31992,0,0,0,8.69971,361,361,0,1,2.03342,2.03342,1971,388,5,1288,0,0,0,0,0,3761,4631.46,0.992583,7.92975,599918,184,59320,2256,1759225,736,237280,9024,32,4,867412,1712166,27757184,6848664,34605848,4,4,12,4,49,16,12,20,20,20260807,5,1,1,1,0,0,0,6394,0.266417,1,0.0015,0
1650,14769.5,7,0,2.50287,4.35604,0,0,0,6.85892,361,361,0,1,2.03342,2.03342,1971,388,5,1288,0,0,0,0,0,3761,4631.46,0.992583,7.92975,599918,184,59320,2256,1759225,736,237280,9024,32,4,867412,1712166,27757184,6848664,34605848,4,4,12,4,49,16,12,20,20,20260807,5,1,1,1,0,0,0,6394,0.266417,1,0.0015,0
1651,14779.8,11,0,2.34158,7.83425,0,0,0,10.1758,361,361,0,1,2.03342,2.03342,1971,388,5,1288,0,0,0,0,0,3761,4631.46,0.992583,7.92975,599918,184,59320,2256,1759225,736,237280,9024,32,4,867412,1712166,27757184,6848664,34605848,4,4,12,4,49,16,12,20,20,20260807,5,1,1,1,0,0,0,6394,0.266417,1,0.0015,0
1652,14786.8,7,0,2.60375,4.3075,0,0,0,6.91125,361,361,0,1,2.03342,2.03342,1971,388,5,1288,0,0,0,0,0,3761,4631.46,0.992583,7.92975,599918,184,59320,2256,1759225,736,237280,9024,32,4,867412,1712166,27757184,6848664,34605848,4,4,12,4,49,16,12,20,20,20260807,5,1,1,1,0,0,0,6394,0.266417,1,0.0015,0
1653,14796.6,9,0,2.36179,7.39333,0,0,0,9.75512,361,361,0,1,2.03342,2.03342,1971,388,5,1288,0,0,0,0,0,3761,4631.46,0.992583,7.92975,599918,184,59320,2256,1759225,736,237280,9024,32,4,867412,1712166,27757184,6848664,34605848,4,4,12,4,49,16,12,20,20,20260807,5,1,1,1,0,0,0,6395,0.266458,1,0.0015,1
1654,14804.3,8,0,2.56321,5.02425,0,0,0,7.58746,361,361,0,1,2.03342,2.03342,1971,388,5,1288,0,0,0,0,0,3761,4631.46,0.992583,7.92975,599918,184,59320,2256,1759225,736,237280,9024,32,4,867412,1712166,27757184,6848664,34605848,4,4,12,4,49,16,12,20,20,20260807,5,1,1,1,0,0,0,6395,0.266458,1,0.0015,0
1655,14812.3,8,0,2.39233,5.58138,0,0,0,7.97371,361,361,0,1,2.03342,2.03342,1971,388,5,1288,0,0,0,0,0,3761,4631.46,0.992583,7.92975,599918,184,59320,2256,1759225,736,237280,9024,32,4,867412,1712166,27757184,6848664,34605848,4,4,12,4,49,16,12,20,20,20260807,5,1,1,1,0,0,0,6395,0.266458,1,0.0015,0
1656,14819,7,0,2.5025,4.02554,0,0,0,6.52804,361,361,0,1,2.03342,2.03342,1971,388,5,1288,0,0,0,0,0,3761,4631.46,0.992583,7.92975,599918,184,59320,2256,1759225,736,237280,9024,32,4,867412,1712166,27757184,6848664,34605848,4,4,12,4,49,16,12,20,20,20260807,5,1,1,1,0,0,0,6395,0.266458,1,0.0015,0
1657,14829,10,0,2.41887,7.52246,0,0,0,9.94133,361,361,0,1,2.03342,2.03342,1971,388,5,1288,0,0,0,0,0,3761,4631.46,0.992583,7.92975,599918,184,59320,2256,1759225,736,237280,9024,32,4,867412,1712166,27757184,6848664,34605848,4,4,12,4,49,16,12,20,20,20260807,5,1,1,1,0,0,0,6395,0.266458,1,0.0015,0
1658,14835.8,7,0,2.52325,4.1475,0,0,0,6.67075,361,361,0,1,2.03342,2.03342,1971,388,5,1288,0,0,0,0,0,3761,4631.46,0.992583,7.92975,599918,184,59320,2256,1759225,736,237280,9024,32,4,867412,1712166,27757184,6848664,34605848,4,4,12,4,49,16,12,20,20,20260807,5,1,1,1,0,0,0,6395,0.266458,1,0.0015,0
1659,14845.9,10,0,2.52417,7.52133,0,0,0,10.0455,361,361,0,1,2.03342,2.03342,1971,388,5,1288,0,0,0,0,0,3761,4631.46,0.992583,7.92975,599918,184,59320,2256,1759225,736,237280,9024,32,4,867412,1712166,27757184,6848664,34605848,4,4,12,4,49,16,12,20,20,20260807,5,1,1,1,0,0,0,6396,0.2665,1,0.0015,1
1660,14853.2,7,0,2.4215,4.77688,0,0,0,7.19838,361,361,0,1,2.03342,2.03342,1971,388,5,1288,0,0,0,0,0,3761,4631.46,0.992583,7.92975,599918,184,59320,2256,1759225,736,237280,9024,32,4,867412,1712166,27757184,6848664,34605848,4,4,12,4,49,16,12,20,20,20260807,5,1,1,1,0,0,0,6396,0.2665,1,0.0015,0
1661,14862.8,10,0,2.34433,7.25071,0,0,0,9.59504,361,361,0,1,2.03342,2.03342,1971,388,5,1288,0,0,0,0,0,3761,4631.46,0.992583,7.92975,599918,184,59320,2256,1759225,736,237280,9024,32,4,867412,1712166,27757184,6848664,34605848,4,4,12,4,49,16,12,20,20,20260807,5,1,1,1,0,0,0,6396,0.2665,1,0.0015,0
1662,14869.6,7,0,2.37954,4.31942,0,0,0,6.69896,361,361,0,1,2.03342,2.03342,1971,388,5,1288,0,0,0,0,0,3761,4631.46,0.992583,7.92975,599918,184,59320,2256,1759225,736,237280,9024,32,4,867412,1712166,27757184,6848664,34605848,4,4,12,4,49,16,12,20,20,20260807,5,1,1,1,0,0,0,6396,0.2665,1,0.0015,0
1663,14879,9,0,2.28288,7.03425,0,0,0,9.31713,361,361,0,1,2.03342,2.03342,1971,388,5,1288,0,0,0,0,0,3761,4631.46,0.992583,7.92975,599918,184,59320,2256,1759225,736,237280,9024,32,4,867412,1712166,27757184,6848664,34605848,4,4,12,4,49,16,12,20,20,20260807,5,1,1,1,0,0,0,6396,0.2665,1,0.0015,0
1664,14885.4,6,0,2.49087,3.81021,0,0,0,6.30108,361,361,0,1,2.03342,2.03342,1971,388,5,1288,0,0,0,0,0,3761,4631.46,0.992583,7.92975,599918,184,59320,2256,1759225,736,237280,9024,32,4,867412,1712166,27757184,6848664,34605848,4,4,12,4,49,16,12,20,20,20260807,5,1,1,1,0,0,0,6396,0.2665,1,0.0015,0
1665,14895.8,11,0,2.45512,7.81463,0,0,0,10.2698,361,361,0,1,2.03342,2.03342,1971,388,5,1288,0,0,0,0,0,3761,4631.46,0.992583,7.92975,599918,184,59320,2256,1759225,736,237280,9024,32,4,867412,1712166,27757184,6848664,34605848,4,4,12,4,49,16,12,20,20,20260807,5,1,1,1,0,0,0,6397,0.266542,1,0.0015,1
1666,14902.2,6,0,2.32404,3.95162,0,0,0,6.27567,361,361,0,1,2.03342,2.03342,1971,388,5,1288,0,0,0,0,0,3761,4631.46,0.992583,7.92975,599918,184,59320,2256,1759225,736,237280,9024,32,4,867412,1712166,27757184,6848664,34605848,4,4,12,4,49,16,12,20,20,20260807,5,1,1,1,0,0,0,6397,0.266542,1,0.0015,0
1667,14912.5,10,0,2.31125,7.96267,0,0,0,10.2739,361,361,0,1,2.03342,2.03342,1971,388,5,1288,0,0,0,0,0,3761,4631.46,0.992583,7.92975,599918,184,59320,2256,1759225,736,237280,9024,32,4,867412,1712166,27757184,6848664,34605848,4,4,12,4,49,16,12,20,20,20260807,5,1,1,1,0,0,0,6397,0.266542,1,0.0015,0
1668,14919,7,0,2.35288,4.0235,0,0,0,6.37638,361,361,0,1,2.03342,2.03342,1971,388,5,1288,0,0,0,0,0,3761,4631.46,0.992583,7.92975,599918,184,59320,2256,1759225,736,237280,9024,32,4,867412,1712166,27757184,6848664,34605848,4,4,12,4,49,16,12,20,20,20260807,5,1,1,1,0,0,0,6397,0.266542,1,0.0015,0
1669,14929.6,10,0,2.33742,8.20192,0,0,0,10.5393,361,361,0,1,2.03342,2.03342,1971,388,5,1288,0,0,0,0,0,3761,4631.46,0.992583,7.92975,599918,184,59320,2256,1759225,736,237280,9024,32,4,867412,1712166,27757184,6848664,34605848,4,4,12,4,49,16,12,20,20,20260807,5,1,1,1,0,0,0,6397,0.266542,1,0.0015,0
1670,14935.7,7,0,2.29542,3.78183,0,0,0,6.07725,361,361,0,1,2.03342,2.03342,1971,388,5,1288,0,0,0,0,0,3761,4631.46,0.992583,7.92975,599918,184,59320,2256,1759225,736,237280,9024,32,4,867412,1712166,27757184,6848664,34605848,4,4,12,4,49,16,12,20,20,20260807,5,1,1,1,0,0,0,6397,0.266542,1,0.0015,0
1671,14945.9,10,0,2.51346,7.52275,0,0,0,10.0362,361,361,0,1,2.03342,2.03342,1971,388,5,1288,0,0,0,0,0,3761,4631.46,0.992583,7.92975,599918,184,59320,2256,1759225,736,237280,9024,32,4,867412,1712166,27757184,6848664,34605848,4,4,12,4,49,16,12,20,20,20260807,5,1,1,1,0,0,0,6398,0.266583,1,0.0015,1
1672,14952.5,6,0,2.43333,4.09996,0,0,0,6.53329,361,361,0,1,2.03342,2.03342,1971,388,5,1288,0,0,0,0,0,3761,4631.46,0.992583,7.92975,599918,184,59320,2256,1759225,736,237280,9024,32,4,867412,1712166,27757184,6848664,34605848,4,4,12,4,49,16,12,20,20,20260807,5,1,1,1,0,0,0,6398,0.266583,1,0.0015,0
1673,14962.3,10,0,2.32837,7.40075,0,0,0,9.72912,361,361,0,1,2.03342,2.03342,1971,388,5,1288,0,0,0,0,0,3761,4631.46,0.992583,7.92975,599918,184,59320,2256,1759225,736,237280,9024,32,4,867412,1712166,27757184,6848664,34605848,4,4,12,4,49,16,12,20,20,20260807,5,1,1,1,0,0,0,6398,0.266583,1,0.0015,0
1674,14969,7,0,2.46537,4.15317,0,0,0,6.61854,361,361,0,1,2.03342,2.03342,1971,388,5,1288,0,0,0,0,0,3761,4631.46,0.992583,7.92975,599918,184,59320,2256,1759225,736,237280,9024,32,4,867412,1712166,27757184,6848664,34605848,4,4,12,4,49,16,12,20,20,20260807,5,1,1,1,0,0,0,6398,0.266583,1,0.0015,0
1675,14979.7,11,0,2.35938,8.21567,0,0,0,10.575,361,361,0,1,2.03342,2.03342,1971,388,5,1288,0,0,0,0,0,3761,4631.46,0.992583,7.92975,599918,184,59320,2256,1759225,736,237280,9024,32,4,867412,1712166,27757184,6848664,34605848,4,4,12,4,49,16,12,20,20,20260807,5,1,1,1,0,0,0,6398,0.266583,1,0.0015,0
1676,14986.2,6,0,2.40279,4.02904,0,0,0,6.43183,361,361,0,1,2.03342,2.03342,1971,388,5,1288,0,0,0,0,0,3761,4631.46,0.992583,7.92975,599918,184,59320,2256,1759225,736,237280,9024,32,4,867412,1712166,27757184,6848664,34605848,4,4,12,4,49,16,12,20,20,20260807,5,1,1,1,0,0,0,6398,0.266583,1,0.0015,0
1677,14995.9,10,0,2.2705,7.38063,0,0,0,9.65113,361,361,0,1,2.03342,2.03342,1971,388,5,1288,0,0,0,0,0,3761,4631.46,0.992583,7.92975,599918,184,59320,2256,1759225,736,237280,9024,32,4,867412,1712166,27757184,6848664,34605848,4,4,12,4,49,16,12,20,20,20260807,5,1,1,1,0,0,0,6399,0.266625,1,0.0015,1
1678,15002.5,6,0,2.44075,4.06371,0,0,0,6.50446,361,361,0,1,2.03342,2.03342,1971,388,5,1288,0,0,0,0,0,3761,4631.46,0.992583,7.92975,599918,184,59320,2256,1759225,736,237280,9024,32,4,867412,1712166,27757184,6848664,34605848,4,4,12,4,49,16,12,20,20,20260807,5,1,1,1,0,0,0,6399,0.266625,1,0.0015,0
1679,15012.6,10,0,3.77383,6.19067,0,0,0,9.9645,361,361,0,1,2.03342,2.03342,1971,388,5,1288,0,0,0,0,0,3761,4631.46,0.992583,7.92975,599918,184,59320,2256,1759225,736,237280,9024,32,4,867412,1712166,27757184,6848664,34605848,4,4,12,4,49,16,12,20,20,20260807,5,1,1,1,0,0,0,6399,0.266625,1,0.0015,0
1680,15019.1,7,0,2.37629,4.08767,0,0,0,6.46396,361,361,0,1,2.03342,2.03342,1971,388,5,1288,0,0,0,0,0,3761,4631.46,0.992583,7.92975,599918,184,59320,2256,1759225,736,237280,9024,32,4,867412,1712166,27757184,6848664,34605848,4,4,12,4,49,16,12,20,20,20260807,5,1,1,1,0,0,0,6399,0.266625,1,0.0015,0
1681,15029.1,10,0,2.39667,7.49754,0,0,0,9.89421,361,361,0,1,2.03342,2.03342,1971,388,5,1288,0,0,0,0,0,3761,4631.46,0.992583,7.92975,599918,184,59320,2256,1759225,736,237280,9024,32,4,867412,1712166,27757184,6848664,34605848,4,4,12,4,49,16,12,20,20,20260807,5,1,1,1,0,0,0,6399,0.266625,1,0.0015,0
1682,15035.4,6,0,2.37879,3.83675,0,0,0,6.21554,361,361,0,1,2.03342,2.03342,1971,388,5,1288,0,0,0,0,0,3761,4631.46,0.992583,7.92975,599918,184,59320,2256,1759225,736,237280,9024,32,4,867412,1712166,27757184,6848664,34605848,4,4,12,4,49,16,12,20,20,20260807,5,1,1,1,0,0,0,6399,0.266625,1,0.0015,0
1683,15045.7,11,0,2.41446,7.85608,0,0,0,10.2705,361,361,0,1,2.03342,2.03342,1971,388,5,1288,0,0,0,0,0,3761,4631.46,0.992583,7.92975,599918,184,59320,2256,1759225,736,237280,9024,32,4,867412,1712166,27757184,6848664,34605848,4,4,12,4,49,16,12,20,20,20260807,5,1,1,1,0,0,0,6400,0.266667,1,0.0015,1
1684,15052.3,6,0,2.44821,4.04962,0,0,0,6.49783,361,361,0,1,2.03342,2.03342,1971,388,5,1288,0,0,0,0,0,3761,4631.46,0.992583,7.92975,599918,184,59320,2256,1759225,736,237280,9024,32,4,867412,1712166,27757184,6848664,34605848,4,4,12,4,49,16,12,20,20,20260807,5,1,1,1,0,0,0,6400,0.266667,1,0.0015,0
1685,15062.3,10,0,2.29375,7.59675,0,0,0,9.8905,361,361,0,1,2.03342,2.03342,1971,388,5,1288,0,0,0,0,0,3761,4631.46,0.992583,7.92975,599918,184,59320,2256,1759225,736,237280,9024,32,4,867412,1712166,27757184,6848664,34605848,4,4,12,4,49,16,12,20,20,20260807,5,1,1,1,0,0,0,6400,0.266667,1,0.0015,0
1686,15069.4,7,0,2.512,4.48454,0,0,0,6.99654,361,361,0,1,2.03342,2.03342,1971,388,5,1288,0,0,0,0,0,3761,4631.46,0.992583,7.92975,599918,184,59320,2256,1759225,736,237280,9024,32,4,867412,1712166,27757184,6848664,34605848,4,4,12,4,49,16,12,20,20,20260807,5,1,1,1,0,0,0,6400,0.266667,1,0.0015,0
1687,15078.8,10,0,2.32121,7.04633,0,0,0,9.36754,361,361,0,1,2.03342,2.03342,1971,388,5,1288,0,0,0,0,0,3761,4631.46,0.992583,7.92975,599918,184,59320,2256,1759225,736,237280,9024,32,4,867412,1712166,27757184,6848664,34605848,4,4,12,4,49,16,12,20,20,20260807,5,1,1,1,0,0,0,6400,0.266667,1,0.0015,0
1688,15085.9,7,0,2.50358,4.46438,0,0,0,6.96796,361,361,0,1,2.03342,2.03342,1971,388,5,1288,0,0,0,0,0,3761,4631.46,0.992583,7.92975,599918,184,59320,2256,1759225,736,237280,9024,32,4,867412,1712166,27757184,6848664,34605848,4,4,12,4,49,16,12,20,20,20260807,5,1,1,1,0,0,0,6400,0.266667,1,0.0015,0
1689,15095.8,10,0,2.3525,7.42996,0,0,0,9.78246,361,361,0,1,2.03342,2.03342,1971,388,5,1288,0,0,0,0,0,3761,4631.46,0.992583,7.92975,599918,184,59320,2256,1759225,736,237280,9024,32,4,867412,1712166,27757184,6848664,34605848,4,4,12,4,49,16,12,20,20,20260807,5,1,1,1,0,0,0,6401,0.266708,1,0.0015,1
1690,15102.2,6,0,2.33363,4.03196,0,0,0,6.36558,361,361,0,1,2.03342,2.03342,1971,388,5,1288,0,0,0,0,0,3761,4631.46,0.992583,7.92975,599918,184,59320,2256,1759225,736,237280,9024,32,4,867412,1712166,27757184,6848664,34605848,4,4,12,4,49,16,12,20,20,20260807,5,1,1,1,0,0,0,6401,0.266708,1,0.0015,0
1691,15112.3,10,0,2.25862,7.72713,0,0,0,9.98575,361,361,0,1,2.03342,2.03342,1971,388,5,1288,0,0,0,0,0,3761,4631.46,0.992583,7.92975,599918,184,59320,2256,1759225,736,237280,9024,32,4,867412,1712166,27757184,6848664,34605848,4,4,12,4,49,16,12,20,20,20260807,5,1,1,1,0,0,0,6401,0.266708,1,0.0015,0
1692,15119,7,0,2.41312,4.18279,0,0,0,6.59592,361,361,0,1,2.03342,2.03342,1971,388,5,1288,0,0,0,0,0,3761,4631.46,0.992583,7.92975,599918,184,59320,2256,1759225,736,237280,9024,32,4,867412,1712166,27757184,6848664,34605848,4,4,12,4,49,16,12,20,20,20260807,5,1,1,1,0,0,0,6401,0.266708,1,0.0015,0
1693,15129,10,0,2.30992,7.59112,0,0,0,9.90104,361,361,0,1,2.03342,2.03342,1971,388,5,1288,0,0,0,0,0,3761,4631.46,0.992583,7.92975,599918,184,59320,2256,1759225,736,237280,9024,32,4,867412,1712166,27757184,6848664,34605848,4,4,12,4,49,16,12,20,20,20260807,5,1,1,1,0,0,0,6401,0.266708,1,0.0015,0
1694,15136.1,7,0,2.5515,4.50129,0,0,0,7.05279,361,361,0,1,2.03342,2.03342,1971,388,5,1288,0,0,0,0,0,3761,4631.46,0.992583,7.92975,599918,184,59320,2256,1759225,736,237280,9024,32,4,867412,1712166,27757184,6848664,34605848,4,4,12,4,49,16,12,20,20,20260807,5,1,1,1,0,0,0,6401,0.266708,1,0.0015,0
1695,15146.4,10,0,2.35842,7.84271,0,0,0,10.2011,361,361,0,1,2.03342,2.03342,1971,388,5,1288,0,0,0,0,0,3761,4631.46,0.992583,7.92975,599918,184,59320,2256,1759225,736,237280,9024,32,4,867412,1712166,27757184,6848664,34605848,4,4,12,4,49,16,12,20,20,20260807,5,1,1,1,0,0,0,6402,0.26675,1,0.0015,1
1696,15152.7,7,0,2.30142,3.95804,0,0,0,6.25946,361,361,0,1,2.03342,2.03342,1971,388,5,1288,0,0,0,0,0,3761,4631.46,0.992583,7.92975,599918,184,59320,2256,1759225,736,237280,9024,32,4,867412,1712166,27757184,6848664,34605848,4,4,12,4,49,16,12,20,20,20260807,5,1,1,1,0,0,0,6402,0.26675,1,0.0015,0
1697,15162.3,9,0,2.27546,7.20679,0,0,0,9.48225,361,361,0,1,2.03342,2.03342,1971,388,5,1288,0,0,0,0,0,3761,4631.46,0.992583,7.92975,599918,184,59320,2256,1759225,736,237280,9024,32,4,867412,1712166,27757184,6848664,34605848,4,4,12,4,49,16,12,20,20,20260807,5,1,1,1,0,0,0,6402,0.26675,1,0.0015,0
1698,15169,7,0,2.54379,4.08621,0,0,0,6.63,361,361,0,1,2.03342,2.03342,1971,388,5,1288,0,0,0,0,0,3761,4631.46,0.992583,7.92975,599918,184,59320,2256,1759225,736,237280,9024,32,4,867412,1712166,27757184,6848664,34605848,4,4,12,4,49,16,12,20,20,20260807,5,1,1,1,0,0,0,6402,0.26675,1,0.0015,0
1699,15179.5,10,0,2.22808,8.17592,0,0,0,10.404,361,361,0,1,2.03342,2.03342,1971,388,5,1288,0,0,0,0,0,3761,4631.46,0.992583,7.92975,599918,184,59320,2256,1759225,736,237280,9024,32,4,867412,1712166,27757184,6848664,34605848,4,4,12,4,49,16,12,20,20,20260807,5,1,1,1,0,0,0,6402,0.26675,1,0.0015,0
1700,15186.5,7,0,2.40217,4.51004,0,0,0,6.91221,361,361,0,1,2.03342,2.03342,1971,388,5,1288,0,0,0,0,0,3761,4631.46,0.992583,7.92975,599918,184,59320,2256,1759225,736,237280,9024,32,4,867412,1712166,27757184,6848664,34605848,4,4,12,4,49,16,12,20,20,20260807,5,1,1,1,0,0,0,6402,0.26675,1,0.0015,0
1701,15195.8,10,0,2.27838,6.99129,0,0,0,9.26967,361,361,0,1,2.03342,2.03342,1971,388,5,1288,0,0,0,0,0,3761,4631.46,0.992583,7.92975,599918,184,59320,2256,1759225,736,237280,9024,32,4,867412,1712166,27757184,6848664,34605848,4,4,12,4,49,16,12,20,20,20260807,5,1,1,1,0,0,0,6403,0.266792,1,0.0015,1
1702,15202.6,6,0,2.47688,4.156,0,0,0,6.63288,361,361,0,1,2.03342,2.03342,1971,388,5,1288,0,0,0,0,0,3761,4631.46,0.992583,7.92975,599918,184,59320,2256,1759225,736,237280,9024,32,4,867412,1712166,27757184,6848664,34605848,4,4,12,4,49,16,12,20,20,20260807,5,1,1,1,0,0,0,6403,0.266792,1,0.0015,0
1703,15212.4,10,0,2.43325,7.28613,0,0,0,9.71937,361,361,0,1,2.03342,2.03342,1971,388,5,1288,0,0,0,0,0,3761,4631.46,0.992583,7.92975,599918,184,59320,2256,1759225,736,237280,9024,32,4,867412,1712166,27757184,6848664,34605848,4,4,12,4,49,16,12,20,20,20260807,5,1,1,1,0,0,0,6403,0.266792,1,0.0015,0
1704,15218.7,7,0,2.35787,3.92392,0,0,0,6.28179,361,361,0,1,2.03342,2.03342,1971,388,5,1288,0,0,0,0,0,3761,4631.46,0.992583,7.92975,599918,184,59320,2256,1759225,736,237280,9024,32,4,867412,1712166,27757184,6848664,34605848,4,4,12,4,49,16,12,20,20,20260807,5,1,1,1,0,0,0,6403,0.266792,1,0.0015,0
1705,15229.3,10,0,2.42762,7.99208,0,0,0,10.4197,361,361,0,1,2.03342,2.03342,1971,388,5,1288,0,0,0,0,0,3761,4631.46,0.992583,7.92975,599918,184,59320,2256,1759225,736,237280,9024,32,4,867412,1712166,27757184,6848664,34605848,4,4,12,4,49,16,12,20,20,20260807,5,1,1,1,0,0,0,6403,0.266792,1,0.0015,0
1706,15235.5,6,0,2.27663,3.82258,0,0,0,6.09921,361,361,0,1,2.03342,2.03342,1971,388,5,1288,0,0,0,0,0,3761,4631.46,0.992583,7.92975,599918,184,59320,2256,1759225,736,237280,9024,32,4,867412,1712166,27757184,6848664,34605848,4,4,12,4,49,16,12,20,20,20260807,5,1,1,1,0,0,0,6403,0.266792,1,0.0015,0
1707,15245.7,11,0,2.45354,7.7165,0,0,0,10.17,361,361,0,1,2.03342,2.03342,1971,388,5,1288,0,0,0,0,0,3761,4631.46,0.992583,7.92975,599918,184,59320,2256,1759225,736,237280,9024,32,4,867412,1712166,27757184,6848664,34605848,4,4,12,4,49,16,12,20,20,20260807,5,1,1,1,0,0,0,6404,0.266833,1,0.0015,1
1708,15252,6,0,2.27621,3.90663,0,0,0,6.18283,361,361,0,1,2.03342,2.03342,1971,388,5,1288,0,0,0,0,0,3761,4631.46,0.992583,7.92975,599918,184,59320,2256,1759225,736,237280,9024,32,4,867412,1712166,27757184,6848664,34605848,4,4,12,4,49,16,12,20,20,20260807,5,1,1,1,0,0,0,6404,0.266833,1,0.0015,0
1709,15262.2,10,0,2.20854,7.95133,0,0,0,10.1599,361,361,0,1,2.03342,2.03342,1971,388,5,1288,0,0,0,0,0,3761,4631.46,0.992583,7.92975,599918,184,59320,2256,1759225,736,237280,9024,32,4,867412,1712166,27757184,6848664,34605848,4,4,12,4,49,16,12,20,20,20260807,5,1,1,1,0,0,0,6404,0.266833,1,0.0015,0
1710,15268.7,7,0,2.40888,3.94217,0,0,0,6.35104,361,361,0,1,2.03342,2.03342,1971,388,5,1288,0,0,0,0,0,3761,4631.46,0.992583,7.92975,599918,184,59320,2256,1759225,736,237280,9024,32,4,867412,1712166,27757184,6848664,34605848,4,4,12,4,49,16,12,20,20,20260807,5,1,1,1,0,0,0,6404,0.266833,1,0.0015,0
1711,15279,10,0,2.23621,8.01508,0,0,0,10.2513,361,361,0,1,2.03342,2.03342,1971,388,5,1288,0,0,0,0,0,3761,4631.46,0.992583,7.92975,599918,184,59320,2256,1759225,736,237280,9024,32,4,867412,1712166,27757184,6848664,34605848,4,4,12,4,49,16,12,20,20,20260807,5,1,1,1,0,0,0,6404,0.266833,1,0.0015,0
1712,15285.3,6,0,2.38654,3.85562,0,0,0,6.24217,361,361,0,1,2.03342,2.03342,1971,388,5,1288,0,0,0,0,0,3761,4631.46,0.992583,7.92975,599918,184,59320,2256,1759225,736,237280,9024,32,4,867412,1712166,27757184,6848664,34605848,4,4,12,4,49,16,12,20,20,20260807,5,1,1,1,0,0,0,6404,0.266833,1,0.0015,0
1713,15295.5,10,0,2.33242,7.74046,0,0,0,10.0729,361,361,0,1,2.03342,2.03342,1971,388,5,1288,0,0,0,0,0,3761,4631.46,0.992583,7.92975,599918,184,59320,2256,1759225,736,237280,9024,32,4,867412,1712166,27757184,6848664,34605848,4,4,12,4,49,16,12,20,20,20260807,5,1,1,1,0,0,0,6405,0.266875,1,0.0015,1
1714,15302,7,0,2.42621,3.99958,0,0,0,6.42579,361,361,0,1,2.03342,2.03342,1971,388,5,1288,0,0,0,0,0,3761,4631.46,0.992583,7.92975,599918,184,59320,2256,1759225,736,237280,9024,32,4,867412,1712166,27757184,6848664,34605848,4,4,12,4,49,16,12,20,20,20260807,5,1,1,1,0,0,0,6405,0.266875,1,0.0015,0
1715,15312.3,10,0,2.37525,7.89267,0,0,0,10.2679,361,361,0,1,2.03342,2.03342,1971,388,5,1288,0,0,0,0,0,3761,4631.46,0.992583,7.92975,599918,184,59320,2256,1759225,736,237280,9024,32,4,867412,1712166,27757184,6848664,34605848,4,4,12,4,49,16,12,20,20,20260807,5,1,1,1,0,0,0,6405,0.266875,1,0.0015,0
1716,15318.9,7,0,2.45617,4.03283,0,0,0,6.489,361,361,0,1,2.03342,2.03342,1971,388,5,1288,0,0,0,0,0,3761,4631.46,0.992583,7.92975,599918,184,59320,2256,1759225,736,237280,9024,32,4,867412,1712166,27757184,6848664,34605848,4,4,12,4,49,16,12,20,20,20260807,5,1,1,1,0,0,0,6405,0.266875,1,0.0015,0
1717,15329,10,0,2.25096,7.78229,0,0,0,10.0333,361,361,0,1,2.03342,2.03342,1971,388,5,1288,0,0,0,0,0,3761,4631.46,0.992583,7.92975,599918,184,59320,2256,1759225,736,237280,9024,32,4,867412,1712166,27757184,6848664,34605848,4,4,12,4,49,16,12,20,20,20260807,5,1,1,1,0,0,0,6405,0.266875,1,0.0015,0
1718,15335.8,7,0,2.37263,4.36163,0,0,0,6.73425,361,361,0,1,2.03342,2.03342,1971,388,5,1288,0,0,0,0,0,3761,4631.46,0.992583,7.92975,599918,184,59320,2256,1759225,736,237280,9024,32,4,867412,1712166,27757184,6848664,34605848,4,4,12,4,49,16,12,20,20,20260807,5,1,1,1,0,0,0,6405,0.266875,1,0.0015,0
1719,15345.6,9,0,2.35821,7.26638,0,0,0,9.62458,361,361,0,1,2.03342,2.03342,1971,388,5,1288,0,0,0,0,0,3761,4631.46,0.992583,7.92975,599918,184,59320,2256,1759225,736,237280,9024,32,4,867412,1712166,27757184,6848664,34605848,4,4,12,4,49,16,12,20,20,20260807,5,1,1,1,0,0,0,6406,0.266917,1,0.0015,1
1720,15352.1,7,0,2.428,3.97087,0,0,0,6.39888,361,361,0,1,2.03342,2.03342,1971,388,5,1288,0,0,0,0,0,3761,4631.46,0.992583,7.92975,599918,184,59320,2256,1759225,736,237280,9024,32,4,867412,1712166,27757184,6848664,34605848,4,4,12,4,49,16,12,20,20,20260807,5,1,1,1,0,0,0,6406,0.266917,1,0.0015,0
1721,15362.3,11,0,2.3715,7.82217,0,0,0,10.1937,361,361,0,1,2.03342,2.03342,1971,388,5,1288,0,0,0,0,0,3761,4631.46,0.992583,7.92975,599918,184,59320,2256,1759225,736,237280,9024,32,4,867412,1712166,27757184,6848664,34605848,4,4,12,4,49,16,12,20,20,20260807,5,1,1,1,0,0,0,6406,0.266917,1,0.0015,0
1722,15369.9,8,0,2.50496,4.98025,0,0,0,7.48521,361,361,0,1,2.03342,2.03342,1971,388,5,1288,0,0,0,0,0,3761,4631.46,0.992583,7.92975,599918,184,59320,2256,1759225,736,237280,9024,32,4,867412,1712166,27757184,6848664,34605848,4,4,12,4,49,16,12,20,20,20260807,5,1,1,1,0,0,0,6406,0.266917,1,0.0015,0
1723,15379.2,8,0,2.37533,6.83746,0,0,0,9.21279,361,361,0,1,2.03342,2.03342,1971,388,5,1288,0,0,0,0,0,3761,4631.46,0.992583,7.92975,599918,184,59320,2256,1759225,736,237280,9024,32,4,867412,1712166,27757184,6848664,34605848,4,4,12,4,49,16,12,20,20,20260807,5,1,1,1,0,0,0,6406,0.266917,1,0.0015,0
1724,15388.9,10,0,2.98088,6.645,0,0,0,9.62588,361,361,0,1,2.03342,2.03342,1971,388,5,1288,0,0,0,0,0,3761,4631.46,0.992583,7.92975,599918,184,59320,2256,1759225,736,237280,9024,32,4,867412,1712166,27757184,6848664,34605848,4,4,12,4,49,16,12,20,20,20260807,5,1,1,1,0,0,0,6406,0.266917,1,0.0015,0
1725,15395.6,6,0,2.30171,4.23429,0,0,0,6.536,361,361,0,1,2.03342,2.03342,1971,388,5,1288,0,0,0,0,0,3761,4631.46,0.992583,7.92975,599918,184,59320,2256,1759225,736,237280,9024,32,4,867412,1712166,27757184,6848664,34605848,4,4,12,4,49,16,12,20,20,20260807,5,1,1,1,0,0,0,6407,0.266958,1,0.0015,1
1726,15402.1,7,0,2.39279,4.0805,0,0,0,6.47329,361,361,0,1,2.03342,2.03342,1971,388,5,1288,0,0,0,0,0,3761,4631.46,0.992583,7.92975,599918,184,59320,2256,1759225,736,237280,9024,32,4,867412,1712166,27757184,6848664,34605848,4,4,12,4,49,16,12,20,20,20260807,5,1,1,1,0,0,0,6407,0.266958,1,0.0015,0
1727,15413,11,0,2.38392,8.40125,0,0,0,10.7852,361,361,0,1,2.03342,2.03342,1971,388,5,1288,0,0,0,0,0,3761,4631.46,0.992583,7.92975,599918,184,59320,2256,1759225,736,237280,9024,32,4,867412,1712166,27757184,6848664,34605848,4,4,12,4,49,16,12,20,20,20260807,5,1,1,1,0,0,0,6407,0.266958,1,0.0015,0
1728,15419.6,7,0,2.39804,4.16467,0,0,0,6.56271,361,361,0,1,2.03342,2.03342,1971,388,5,1288,0,0,0,0,0,3761,4631.46,0.992583,7.92975,599918,184,59320,2256,1759225,736,237280,9024,32,4,867412,1712166,27757184,6848664,34605848,4,4,12,4,49,16,12,20,20,20260807,5,1,1,1,0,0,0,6407,0.266958,1,0.0015,0
1729,15429.7,10,0,2.31117,7.64733,0,0,0,9.9585,361,361,0,1,2.03342,2.03342,1971,388,5,1288,0,0,0,0,0,3761,4631.46,0.992583,7.92975,599918,184,59320,2256,1759225,736,237280,9024,32,4,867412,1712166,27757184,6848664,34605848,4,4,12,4,49,16,12,20,20,20260807,5,1,1,1,0,0,0,6407,0.266958,1,0.0015,0
1730,15436.2,6,0,2.39925,4.07517,0,0,0,6.47442,361,361,0,1,2.03342,2.03342,1971,388,5,1288,0,0,0,0,0,3761,4631.46,0.992583,7.92975,599918,184,59320,2256,1759225,736,237280,9024,32,4,867412,1712166,27757184,6848664,34605848,4,4,12,4,49,16,12,20,20,20260807,5,1,1,1,0,0,0,6407,0.266958,1,0.0015,0
1731,15445.9,10,0,2.54275,7.04454,0,0,0,9.58729,361,361,0,1,2.03342,2.03342,1971,388,5,1288,0,0,0,0,0,3761,4631.46,0.992583,7.92975,599918,184,59320,2256,1759225,736,237280,9024,32,4,867412,1712166,27757184,6848664,34605848,4,4,12,4,49,16,12,20,20,20260807,5,1,1,1,0,0,0,6408,0.267,1,0.0015,1
1732,15452.5,6,0,2.38196,4.15758,0,0,0,6.53954,361,361,0,1,2.03342,2.03342,1971,388,5,1288,0,0,0,0,0,3761,4631.46,0.992583,7.92975,599918,184,59320,2256,1759225,736,237280,9024,32,4,867412,1712166,27757184,6848664,34605848,4,4,12,4,49,16,12,20,20,20260807,5,1,1,1,0,0,0,6408,0.267,1,0.0015,0
1733,15462.6,11,0,2.32075,7.66338,0,0,0,9.98413,361,361,0,1,2.03342,2.03342,1971,388,5,1288,0,0,0,0,0,3761,4631.46,0.992583,7.92975,599918,184,59320,2256,1759225,736,237280,9024,32,4,867412,1712166,27757184,6848664,34605848,4,4,12,4,49,16,12,20,20,20260807,5,1,1,1,0,0,0,6408,0.267,1,0.0015,0
1734,15469.5,6,0,2.31637,4.44746,0,0,0,6.76383,361,361,0,1,2.03342,2.03342,1971,388,5,1288,0,0,0,0,0,3761,4631.46,0.992583,7.92975,599918,184,59320,2256,1759225,736,237280,9024,32,4,867412,1712166,27757184,6848664,34605848,4,4,12,4,49,16,12,20,20,20260807,5,1,1,1,0,0,0,6408,0.267,1,0.0015,0
1735,15479.3,10,0,2.28775,7.44617,0,0,0,9.73392,361,361,0,1,2.03342,2.03342,1971,388,5,1288,0,0,0,0,0,3761,4631.46,0.992583,7.92975,599918,184,59320,2256,1759225,736,237280,9024,32,4,867412,1712166,27757184,6848664,34605848,4,4,12,4,49,16,12,20,20,20260807,5,1,1,1,0,0,0,6408,0.267,1,0.0015,0
1736,15486.6,7,0,2.18688,5.0135,0,0,0,7.20038,361,361,0,1,2.03342,2.03342,1971,388,5,1288,0,0,0,0,0,3761,4631.46,0.992583,7.92975,599918,184,59320,2256,1759225,736,237280,9024,32,4,867412,1712166,27757184,6848664,34605848,4,4,12,4,49,16,12,20,20,20260807,5,1,1,1,0,0,0,6408,0.267,1,0.0015,0
1737,15496,10,0,2.38129,6.95937,0,0,0,9.34067,361,361,0,1,2.03342,2.03342,1971,388,5,1288,0,0,0,0,0,3761,4631.46,0.992583,7.92975,599918,184,59320,2256,1759225,736,237280,9024,32,4,867412,1712166,27757184,6848664,34605848,4,4,12,4,49,16,12,20,20,20260807,5,1,1,1,0,0,0,6409,0.267042,1,0.0015,1
1738,15502.4,6,0,2.29042,4.07942,0,0,0,6.36983,361,361,0,1,2.03342,2.03342,1971,388,5,1288,0,0,0,0,0,3761,4631.46,0.992583,7.92975,599918,184,59320,2256,1759225,736,237280,9024,32,4,867412,1712166,27757184,6848664,34605848,4,4,12,4,49,16,12,20,20,20260807,5,1,1,1,0,0,0,6409,0.267042,1,0.0015,0
1739,15512.6,11,0,2.36738,7.75675,0,0,0,10.1241,361,361,0,1,2.03342,2.03342,1971,388,5,1288,0,0,0,0,0,3761,4631.46,0.992583,7.92975,599918,184,59320,2256,1759225,736,237280,9024,32,4,867412,1712166,27757184,6848664,34605848,4,4,12,4,49,16,12,20,20,20260807,5,1,1,1,0,0,0,6409,0.267042,1,0.0015,0
1740,15519.2,6,0,2.32088,4.18683,0,0,0,6.50771,361,361,0,1,2.03342,2.03342,1971,388,5,1288,0,0,0,0,0,3761,4631.46,0.992583,7.92975,599918,184,59320,2256,1759225,736,237280,9024,32,4,867412,1712166,27757184,6848664,34605848,4,4,12,4,49,16,12,20,20,20260807,5,1,1,1,0,0,0,6409,0.267042,1,0.0015,0
1741,15529.7,11,0,2.31908,8.06417,0,0,0,10.3833,361,361,0,1,2.03342,2.03342,1971,388,5,1288,0,0,0,0,0,3761,4631.46,0.992583,7.92975,599918,184,59320,2256,1759225,736,237280,9024,32,4,867412,1712166,27757184,6848664,34605848,4,4,12,4,49,16,12,20,20,20260807,5,1,1,1,0,0,0,6409,0.267042,1,0.0015,0
1742,15536.3,6,0,2.39946,4.13942,0,0,0,6.53887,361,361,0,1,2.03342,2.03342,1971,388,5,1288,0,0,0,0,0,3761,4631.46,0.992583,7.92975,599918,184,59320,2256,1759225,736,237280,9024,32,4,867412,1712166,27757184,6848664,34605848,4,4,12,4,49,16,12,20,20,20260807,5,1,1,1,0,0,0,6409,0.267042,1,0.0015,0
1743,15546.2,10,0,2.35487,7.41567,0,0,0,9.77054,361,361,0,1,2.03342,2.03342,1971,388,5,1288,0,0,0,0,0,3761,4631.46,0.992583,7.92975,599918,184,59320,2256,1759225,736,237280,9024,32,4,867412,1712166,27757184,6848664,34605848,4,4,12,4,49,16,12,20,20,20260807,5,1,1,1,0,0,0,6410,0.267083,1,0.0015,1
1744,15552.5,6,0,2.29383,3.94413,0,0,0,6.23796,361,361,0,1,2.03342,2.03342,1971,388,5,1288,0,0,0,0,0,3761,4631.46,0.992583,7.92975,599918,184,59320,2256,1759225,736,237280,9024,32,4,867412,1712166,27757184,6848664,34605848,4,4,12,4,49,16,12,20,20,20260807,5,1,1,1,0,0,0,6410,0.267083,1,0.0015,0
1745,15562.4,10,0,2.35142,7.45533,0,0,0,9.80675,361,361,0,1,2.03342,2.03342,1971,388,5,1288,0,0,0,0,0,3761,4631.46,0.992583,7.92975,599918,184,59320,2256,1759225,736,237280,9024,32,4,867412,1712166,27757184,6848664,34605848,4,4,12,4,49,16,12,20,20,20260807,5,1,1,1,0,0,0,6410,0.267083,1,0.0015,0
1746,15569,7,0,2.3505,4.14363,0,0,0,6.49413,361,361,0,1,2.03342,2.03342,1971,388,5,1288,0,0,0,0,0,3761,4631.46,0.992583,7.92975,599918,184,59320,2256,1759225,736,237280,9024,32,4,867412,1712166,27757184,6848664,34605848,4,4,12,4,49,16,12,20,20,20260807,5,1,1,1,0,0,0,6410,0.267083,1,0.0015,0
1747,15579.3,10,0,2.38937,7.779,0,0,0,10.1684,361,361,0,1,2.03342,2.03342,1971,388,5,1288,0,0,0,0,0,3761,4631.46,0.992583,7.92975,599918,184,59320,2256,1759225,736,237280,9024,32,4,867412,1712166,27757184,6848664,34605848,4,4,12,4,49,16,12,20,20,20260807,5,1,1,1,0,0,0,6410,0.267083,1,0.0015,0
1748,15586,7,0,2.47463,4.12892,0,0,0,6.60354,361,361,0,1,2.03342,2.03342,1971,388,5,1288,0,0,0,0,0,3761,4631.46,0.992583,7.92975,599918,184,59320,2256,1759225,736,237280,9024,32,4,867412,1712166,27757184,6848664,34605848,4,4,12,4,49,16,12,20,20,20260807,5,1,1,1,0,0,0,6410,0.267083,1,0.0015,0
1749,15596.3,10,0,2.36537,7.83154,0,0,0,10.1969,361,361,0,1,2.03342,2.03342,1971,388,5,1288,0,0,0,0,0,3761,4631.46,0.992583,7.92975,599918,184,59320,2256,1759225,736,237280,9024,32,4,867412,1712166,27757184,6848664,34605848,4,4,12,4,49,16,12,20,20,20260807,5,1,1,1,0,0,0,6411,0.267125,1,0.0015,1
1750,15602.9,7,0,2.40083,4.14104,0,0,0,6.54188,361,361,0,1,2.03342,2.03342,1971,388,5,1288,0,0,0,0,0,3761,4631.46,0.992583,7.92975,599918,184,59320,2256,1759225,736,237280,9024,32,4,867412,1712166,27757184,6848664,34605848,4,4,12,4,49,16,12,20,20,20260807,5,1,1,1,0,0,0,6411,0.267125,1,0.0015,0
1751,15612.5,9,0,2.493,7.03171,0,0,0,9.52471,361,361,0,1,2.03342,2.03342,1971,388,5,1288,0,0,0,0,0,3761,4631.46,0.992583,7.92975,599918,184,59320,2256,1759225,736,237280,9024,32,4,867412,1712166,27757184,6848664,34605848,4,4,12,4,49,16,12,20,20,20260807,5,1,1,1,0,0,0,6411,0.267125,1,0.0015,0
1752,15619.4,7,0,2.52308,4.2785,0,0,0,6.80158,361,361,0,1,2.03342,2.03342,1971,388,5,1288,0,0,0,0,0,3761,4631.46,0.992583,7.92975,599918,184,59320,2256,1759225,736,237280,9024,32,4,867412,1712166,27757184,6848664,34605848,4,4,12,4,49,16,12,20,20,20260807,5,1,1,1,0,0,0,6411,0.267125,1,0.0015,0
1753,15629.8,11,0,2.38313,7.93529,0,0,0,10.3184,361,361,0,1,2.03342,2.03342,1971,388,5,1288,0,0,0,0,0,3761,4631.46,0.992583,7.92975,599918,184,59320,2256,1759225,736,237280,9024,32,4,867412,1712166,27757184,6848664,34605848,4,4,12,4,49,16,12,20,20,20260807,5,1,1,1,0,0,0,6411,0.267125,1,0.0015,0
1754,15637.2,7,0,2.69342,4.68717,0,0,0,7.38058,361,361,0,1,2.03342,2.03342,1971,388,5,1288,0,0,0,0,0,3761,4631.46,0.992583,7.92975,599918,184,59320,2256,1759225,736,237280,9024,32,4,867412,1712166,27757184,6848664,34605848,4,4,12,4,49,16,12,20,20,20260807,5,1,1,1,0,0,0,6411,0.267125,1,0.0015,0
1755,15646.2,9,0,2.38029,6.48342,0,0,0,8.86371,361,361,0,1,2.03342,2.03342,1971,388,5,1288,0,0,0,0,0,3761,4631.46,0.992583,7.92975,599918,184,59320,2256,1759225,736,237280,9024,32,4,867412,1712166,27757184,6848664,34605848,4,4,12,4,49,16,12,20,20,20260807,5,1,1,1,0,0,0,6412,0.267167,1,0.0015,1
1756,15653.1,7,0,2.33312,4.48429,0,0,0,6.81742,361,361,0,1,2.03342,2.03342,1971,388,5,1288,0,0,0,0,0,3761,4631.46,0.992583,7.92975,599918,184,59320,2256,1759225,736,237280,9024,32,4,867412,1712166,27757184,6848664,34605848,4,4,12,4,49,16,12,20,20,20260807,5,1,1,1,0,0,0,6412,0.267167,1,0.0015,0
1757,15663.5,10,0,2.52904,7.77492,0,0,0,10.304,361,361,0,1,2.03342,2.03342,1971,388,5,1288,0,0,0,0,0,3761,4631.46,0.992583,7.92975,599918,184,59320,2256,1759225,736,237280,9024,32,4,867412,1712166,27757184,6848664,34605848,4,4,12,4,49,16,12,20,20,20260807,5,1,1,1,0,0,0,6412,0.267167,1,0.0015,0
1758,15672.6,9,0,4.05537,4.9235,0,0,0,8.97888,361,361,0,1,2.03342,2.03342,1971,388,5,1288,0,0,0,0,0,3761,4631.46,0.992583,7.92975,599918,184,59320,2256,1759225,736,237280,9024,32,4,867412,1712166,27757184,6848664,34605848,4,4,12,4,49,16,12,20,20,20260807,5,1,1,1,0,0,0,6412,0.267167,1,0.0015,0
1759,15679.3,7,0,2.35267,4.26487,0,0,0,6.61754,361,361,0,1,2.03342,2.03342,1971,388,5,1288,0,0,0,0,0,3761,4631.46,0.992583,7.92975,599918,184,59320,2256,1759225,736,237280,9024,32,4,867412,1712166,27757184,6848664,34605848,4,4,12,4,49,16,12,20,20,20260807,5,1,1,1,0,0,0,6412,0.267167,1,0.0015,0
1760,15685.9,7,0,2.23575,4.26783,0,0,0,6.50358,361,361,0,1,2.03342,2.03342,1971,388,5,1288,0,0,0,0,0,3761,4631.46,0.992583,7.92975,599918,184,59320,2256,1759225,736,237280,9024,32,4,867412,1712166,27757184,6848664,34605848,4,4,12,4,49,16,12,20,20,20260807,5,1,1,1,0,0,0,6412,0.267167,1,0.0015,0
1761,15696.1,10,0,2.3315,7.81025,0,0,0,10.1418,361,361,0,1,2.03342,2.03342,1971,388,5,1288,0,0,0,0,0,3761,4631.46,0.992583,7.92975,599918,184,59320,2256,1759225,736,237280,9024,32,4,867412,1712166,27757184,6848664,34605848,4,4,12,4,49,16,12,20,20,20260807,5,1,1,1,0,0,0,6413,0.267208,1,0.0015,1
1762,15702.9,7,0,2.25271,4.49808,0,0,0,6.75079,361,361,0,1,2.03342,2.03342,1971,388,5,1288,0,0,0,0,0,3761,4631.46,0.992583,7.92975,599918,184,59320,2256,1759225,736,237280,9024,32,4,867412,1712166,27757184,6848664,34605848,4,4,12,4,49,16,12,20,20,20260807,5,1,1,1,0,0,0,6413,0.267208,1,0.0015,0
1763,15712.5,9,0,2.68521,6.77675,0,0,0,9.46196,361,361,0,1,2.03342,2.03342,1971,388,5,1288,0,0,0,0,0,3761,4631.46,0.992583,7.92975,599918,184,59320,2256,1759225,736,237280,9024,32,4,867412,1712166,27757184,6848664,34605848,4,4,12,4,49,16,12,20,20,20260807,5,1,1,1,0,0,0,6413,0.267208,1,0.0015,0
1764,15719.3,7,0,2.34987,4.37063,0,0,0,6.7205,361,361,0,1,2.03342,2.03342,1971,388,5,1288,0,0,0,0,0,3761,4631.46,0.992583,7.92975,599918,184,59320,2256,1759225,736,237280,9024,32,4,867412,1712166,27757184,6848664,34605848,4,4,12,4,49,16,12,20,20,20260807,5,1,1,1,0,0,0,6413,0.267208,1,0.0015,0
1765,15729.1,10,0,2.48467,7.27075,0,0,0,9.75542,361,361,0,1,2.03342,2.03342,1971,388,5,1288,0,0,0,0,0,3761,4631.46,0.992583,7.92975,599918,184,59320,2256,1759225,736,237280,9024,32,4,867412,1712166,27757184,6848664,34605848,4,4,12,4,49,16,12,20,20,20260807,5,1,1,1,0,0,0,6413,0.267208,1,0.0015,0
1766,15736.2,7,0,2.34788,4.66788,0,0,0,7.01575,361,361,0,1,2.03342,2.03342,1971,388,5,1288,0,0,0,0,0,3761,4631.46,0.992583,7.92975,599918,184,59320,2256,1759225,736,237280,9024,32,4,867412,1712166,27757184,6848664,34605848,4,4,12,4,49,16,12,20,20,20260807,5,1,1,1,0,0,0,6413,0.267208,1,0.0015,0
1767,15745.9,10,0,2.33929,7.23504,0,0,0,9.57433,361,361,0,1,2.03342,2.03342,1971,388,5,1288,0,0,0,0,0,3761,4631.46,0.992583,7.92975,599918,184,59320,2256,1759225,736,237280,9024,32,4,867412,1712166,27757184,6848664,34605848,4,4,12,4,49,16,12,20,20,20260807,5,1,1,1,0,0,0,6414,0.26725,1,0.0015,1
1768,15752.9,7,0,2.37637,4.54304,0,0,0,6.91942,361,361,0,1,2.03342,2.03342,1971,388,5,1288,0,0,0,0,0,3761,4631.46,0.992583,7.92975,599918,184,59320,2256,1759225,736,237280,9024,32,4,867412,1712166,27757184,6848664,34605848,4,4,12,4,49,16,12,20,20,20260807,5,1,1,1,0,0,0,6414,0.26725,1,0.0015,0
1769,15762.9,10,0,2.29383,7.66254,0,0,0,9.95637,361,361,0,1,2.03342,2.03342,1971,388,5,1288,0,0,0,0,0,3761,4631.46,0.992583,7.92975,599918,184,59320,2256,1759225,736,237280,9024,32,4,867412,1712166,27757184,6848664,34605848,4,4,12,4,49,16,12,20,20,20260807,5,1,1,1,0,0,0,6414,0.26725,1,0.0015,0
1770,15769.7,7,0,2.335,4.37617,0,0,0,6.71117,361,361,0,1,2.03342,2.03342,1971,388,5,1288,0,0,0,0,0,3761,4631.46,0.992583,7.92975,599918,184,59320,2256,1759225,736,237280,9024,32,4,867412,1712166,27757184,6848664,34605848,4,4,12,4,49,16,12,20,20,20260807,5,1,1,1,0,0,0,6414,0.26725,1,0.0015,0
1771,15779.3,9,0,2.34308,7.19242,0,0,0,9.5355,361,361,0,1,2.03342,2.03342,1971,388,5,1288,0,0,0,0,0,3761,4631.46,0.992583,7.92975,599918,184,59320,2256,1759225,736,237280,9024,32,4,867412,1712166,27757184,6848664,34605848,4,4,12,4,49,16,12,20,20,20260807,5,1,1,1,0,0,0,6414,0.26725,1,0.0015,0
1772,15786,7,0,2.43771,4.11742,0,0,0,6.55513,361,361,0,1,2.03342,2.03342,1971,388,5,1288,0,0,0,0,0,3761,4631.46,0.992583,7.92975,599918,184,59320,2256,1759225,736,237280,9024,32,4,867412,1712166,27757184,6848664,34605848,4,4,12,4,49,16,12,20,20,20260807,5,1,1,1,0,0,0,6414,0.26725,1,0.0015,0
1773,15795.8,10,0,2.35879,7.35933,0,0,0,9.71813,361,361,0,1,2.03342,2.03342,1971,388,5,1288,0,0,0,0,0,3761,4631.46,0.992583,7.92975,599918,184,59320,2256,1759225,736,237280,9024,32,4,867412,1712166,27757184,6848664,34605848,4,4,12,4,49,16,12,20,20,20260807,5,1,1,1,0,0,0,6415,0.267292,1,0.0015,1
1774,15801.9,6,0,2.26846,3.79562,0,0,0,6.06408,361,361,0,1,2.03342,2.03342,1971,388,5,1288,0,0,0,0,0,3761,4631.46,0.992583,7.92975,599918,184,59320,2256,1759225,736,237280,9024,32,4,867412,1712166,27757184,6848664,34605848,4,4,12,4,49,16,12,20,20,20260807,5,1,1,1,0,0,0,6415,0.267292,1,0.0015,0
1775,15812.6,10,0,2.2725,8.27358,0,0,0,10.5461,361,361,0,1,2.03342,2.03342,1971,388,5,1288,0,0,0,0,0,3761,4631.46,0.992583,7.92975,599918,184,59320,2256,1759225,736,237280,9024,32,4,867412,1712166,27757184,6848664,34605848,4,4,12,4,49,16,12,20,20,20260807,5,1,1,1,0,0,0,6415,0.267292,1,0.0015,0
1776,15818.9,7,0,2.28533,3.91104,0,0,0,6.19637,361,361,0,1,2.03342,2.03342,1971,388,5,1288,0,0,0,0,0,3761,4631.46,0.992583,7.92975,599918,184,59320,2256,1759225,736,237280,9024,32,4,867412,1712166,27757184,6848664,34605848,4,4,12,4,49,16,12,20,20,20260807,5,1,1,1,0,0,0,6415,0.267292,1,0.0015,0
1777,15829.6,11,0,2.27804,8.42796,0,0,0,10.706,361,361,0,1,2.03342,2.03342,1971,388,5,1288,0,0,0,0,0,3761,4631.46,0.992583,7.92975,599918,184,59320,2256,1759225,736,237280,9024,32,4,867412,1712166,27757184,6848664,34605848,4,4,12,4,49,16,12,20,20,20260807,5,1,1,1,0,0,0,6415,0.267292,1,0.0015,0
1778,15836,6,0,2.272,3.97929,0,0,0,6.25129,361,361,0,1,2.03342,2.03342,1971,388,5,1288,0,0,0,0,0,3761,4631.46,0.992583,7.92975,599918,184,59320,2256,1759225,736,237280,9024,32,4,867412,1712166,27757184,6848664,34605848,4,4,12,4,49,16,12,20,20,20260807,5,1,1,1,0,0,0,6415,0.267292,1,0.0015,0
1779,15845.6,10,0,2.22379,7.34112,0,0,0,9.56492,361,361,0,1,2.03342,2.03342,1971,388,5,1288,0,0,0,0,0,3761,4631.46,0.992583,7.92975,599918,184,59320,2256,1759225,736,237280,9024,32,4,867412,1712166,27757184,6848664,34605848,4,4,12,4,49,16,12,20,20,20260807,5,1,1,1,0,0,0,6416,0.267333,1,0.0015,1
1780,15852.4,6,0,2.26958,4.44775,0,0,0,6.71733,361,361,0,1,2.03342,2.03342,1971,388,5,1288,0,0,0,0,0,3761,4631.46,0.992583,7.92975,599918,184,59320,2256,1759225,736,237280,9024,32,4,867412,1712166,27757184,6848664,34605848,4,4,12,4,49,16,12,20,20,20260807,5,1,1,1,0,0,0,6416,0.267333,1,0.0015,0
1781,15862.4,10,0,2.30229,7.62012,0,0,0,9.92242,361,361,0,1,2.03342,2.03342,1971,388,5,1288,0,0,0,0,0,3761,4631.46,0.992583,7.92975,599918,184,59320,2256,1759225,736,237280,9024,32,4,867412,1712166,27757184,6848664,34605848,4,4,12,4,49,16,12,20,20,20260807,5,1,1,1,0,0,0,6416,0.267333,1,0.0015,0
1782,15868.7,7,0,2.2515,3.90929,0,0,0,6.16079,361,361,0,1,2.03342,2.03342,1971,388,5,1288,0,0,0,0,0,3761,4631.46,0.992583,7.92975,599918,184,59320,2256,1759225,736,237280,9024,32,4,867412,1712166,27757184,6848664,34605848,4,4,12,4,49,16,12,20,20,20260807,5,1,1,1,0,0,0,6416,0.267333,1,0.0015,0
1783,15879.5,10,0,2.32571,8.44021,0,0,0,10.7659,361,361,0,1,2.03342,2.03342,1971,388,5,1288,0,0,0,0,0,3761,4631.46,0.992583,7.92975,599918,184,59320,2256,1759225,736,237280,9024,32,4,867412,1712166,27757184,6848664,34605848,4,4,12,4,49,16,12,20,20,20260807,5,1,1,1,0,0,0,6416,0.267333,1,0.0015,0
1784,15886,7,0,2.19467,4.21992,0,0,0,6.41458,361,361,0,1,2.03342,2.03342,1971,388,5,1288,0,0,0,0,0,3761,4631.46,0.992583,7.92975,599918,184,59320,2256,1759225,736,237280,9024,32,4,867412,1712166,27757184,6848664,34605848,4,4,12,4,49,16,12,20,20,20260807,5,1,1,1,0,0,0,6416,0.267333,1,0.0015,0
1785,15896,10,0,2.32621,7.60433,0,0,0,9.93054,361,361,0,1,2.03342,2.03342,1971,388,5,1288,0,0,0,0,0,3761,4631.46,0.992583,7.92975,599918,184,59320,2256,1759225,736,237280,9024,32,4,867412,1712166,27757184,6848664,34605848,4,4,12,4,49,16,12,20,20,20260807,5,1,1,1,0,0,0,6417,0.267375,1,0.0015,1
1786,15902.7,7,0,2.29192,4.3325,0,0,0,6.62442,361,361,0,1,2.03342,2.03342,1971,388,5,1288,0,0,0,0,0,3761,4631.46,0.992583,7.92975,599918,184,59320,2256,1759225,736,237280,9024,32,4,867412,1712166,27757184,6848664,34605848,4,4,12,4,49,16,12,20,20,20260807,5,1,1,1,0,0,0,6417,0.267375,1,0.0015,0
1787,15912.6,10,0,2.28213,7.51063,0,0,0,9.79275,361,361,0,1,2.03342,2.03342,1971,388,5,1288,0,0,0,0,0,3761,4631.46,0.992583,7.92975,599918,184,59320,2256,1759225,736,237280,9024,32,4,867412,1712166,27757184,6848664,34605848,4,4,12,4,49,16,12,20,20,20260807,5,1,1,1,0,0,0,6417,0.267375,1,0.0015,0
1788,15919.6,6,0,2.40454,4.4605,0,0,0,6.86504,361,361,0,1,2.03342,2.03342,1971,388,5,1288,0,0,0,0,0,3761,4631.46,0.992583,7.92975,599918,184,59320,2256,1759225,736,237280,9024,32,4,867412,1712166,27757184,6848664,34605848,4,4,12,4,49,16,12,20,20,20260807,5,1,1,1,0,0,0,6417,0.267375,1,0.0015,0
1789,15929.3,10,0,2.45375,7.13333,0,0,0,9.58708,361,361,0,1,2.03342,2.03342,1971,388,5,1288,0,0,0,0,0,3761,4631.46,0.992583,7.92975,599918,184,59320,2256,1759225,736,237280,9024,32,4,867412,1712166,27757184,6848664,34605848,4,4,12,4,49,16,12,20,20,20260807,5,1,1,1,0,0,0,6417,0.267375,1,0.0015,0
1790,15935.9,7,0,2.31275,4.24704,0,0,0,6.55979,361,361,0,1,2.03342,2.03342,1971,388,5,1288,0,0,0,0,0,3761,4631.46,0.992583,7.92975,599918,184,59320,2256,1759225,736,237280,9024,32,4,867412,1712166,27757184,6848664,34605848,4,4,12,4,49,16,12,20,20,20260807,5,1,1,1,0,0,0,6417,0.267375,1,0.0015,0
1791,15946.1,10,0,2.28354,7.871,0,0,0,10.1545,361,361,0,1,2.03342,2.03342,1971,388,5,1288,0,0,0,0,0,3761,4631.46,0.992583,7.92975,599918,184,59320,2256,1759225,736,237280,9024,32,4,867412,1712166,27757184,6848664,34605848,4,4,12,4,49,16,12,20,20,20260807,5,1,1,1,0,0,0,6418,0.267417,1,0.0015,1
1792,15952.6,7,0,2.31862,4.06575,0,0,0,6.38438,361,361,0,1,2.03342,2.03342,1971,388,5,1288,0,0,0,0,0,3761,4631.46,0.992583,7.92975,599918,184,59320,2256,1759225,736,237280,9024,32,4,867412,1712166,27757184,6848664,34605848,4,4,12,4,49,16,12,20,20,20260807,5,1,1,1,0,0,0,6418,0.267417,1,0.0015,0
1793,15962.7,10,0,2.40521,7.61808,0,0,0,10.0233,361,361,0,1,2.03342,2.03342,1971,388,5,1288,0,0,0,0,0,3761,4631.46,0.992583,7.92975,599918,184,59320,2256,1759225,736,237280,9024,32,4,867412,1712166,27757184,6848664,34605848,4,4,12,4,49,16,12,20,20,20260807,5,1,1,1,0,0,0,6418,0.267417,1,0.0015,0
1794,15969.2,6,0,2.28063,4.12962,0,0,0,6.41025,361,361,0,1,2.03342,2.03342,1971,388,5,1288,0,0,0,0,0,3761,4631.46,0.992583,7.92975,599918,184,59320,2256,1759225,736,237280,9024,32,4,867412,1712166,27757184,6848664,34605848,4,4,12,4,49,16,12,20,20,20260807,5,1,1,1,0,0,0,6418,0.267417,1,0.0015,0
1795,15979.1,10,0,2.41312,7.382,0,0,0,9.79513,361,361,0,1,2.03342,2.03342,1971,388,5,1288,0,0,0,0,0,3761,4631.46,0.992583,7.92975,599918,184,59320,2256,1759225,736,237280,9024,32,4,867412,1712166,27757184,6848664,34605848,4,4,12,4,49,16,12,20,20,20260807,5,1,1,1,0,0,0,6418,0.267417,1,0.0015,0
1796,15985.6,6,0,2.33867,4.08417,0,0,0,6.42283,361,361,0,1,2.03342,2.03342,1971,388,5,1288,0,0,0,0,0,3761,4631.46,0.992583,7.92975,599918,184,59320,2256,1759225,736,237280,9024,32,4,867412,1712166,27757184,6848664,34605848,4,4,12,4,49,16,12,20,20,20260807,5,1,1,1,0,0,0,6418,0.267417,1,0.0015,0
1797,15995.8,11,0,2.39179,7.79725,0,0,0,10.189,361,361,0,1,2.03342,2.03342,1971,388,5,1288,0,0,0,0,0,3761,4631.46,0.992583,7.92975,599918,184,59320,2256,1759225,736,237280,9024,32,4,867412,1712166,27757184,6848664,34605848,4,4,12,4,49,16,12,20,20,20260807,5,1,1,1,0,0,0,6419,0.267458,1,0.0015,1
1798,16002.4,6,0,2.36888,4.10954,0,0,0,6.47842,361,361,0,1,2.03342,2.03342,1971,388,5,1288,0,0,0,0,0,3761,4631.46,0.992583,7.92975,599918,184,59320,2256,1759225,736,237280,9024,32,4,867412,1712166,27757184,6848664,34605848,4,4,12,4,49,16,12,20,20,20260807,5,1,1,1,0,0,0,6419,0.267458,1,0.0015,0
1799,16012.8,11,0,2.35729,7.98867,0,0,0,10.346,361,361,0,1,2.03342,2.03342,1971,388,5,1288,0,0,0,0,0,3761,4631.46,0.992583,7.92975,599918,184,59320,2256,1759225,736,237280,9024,32,4,867412,1712166,27757184,6848664,34605848,4,4,12,4,49,16,12,20,20,20260807,5,1,1,1,0,0,0,6419,0.267458,1,0.0015,0
1800,16019.9,7,0,2.35883,4.60271,0,0,0,6.96154,361,361,0,1,2.03342,2.03342,1971,388,5,1288,0,0,0,0,0,3761,4631.46,0.992583,7.92975,599918,184,59320,2256,1759225,736,237280,9024,32,4,867412,1712166,27757184,6848664,34605848,4,4,12,4,49,16,12,20,20,20260807,5,1,1,1,0,0,0,6419,0.267458,1,0.0015,0
1801,16029.8,10,0,2.26517,7.58621,0,0,0,9.85138,361,361,0,1,2.03342,2.03342,1971,388,5,1288,0,0,0,0,0,3761,4631.46,0.992583,7.92975,599918,184,59320,2256,1759225,736,237280,9024,32,4,867412,1712166,27757184,6848664,34605848,4,4,12,4,49,16,12,20,20,20260807,5,1,1,1,0,0,0,6419,0.267458,1,0.0015,0
1802,16036.1,6,0,2.26908,3.91204,0,0,0,6.18112,361,361,0,1,2.03342,2.03342,1971,388,5,1288,0,0,0,0,0,3761,4631.46,0.992583,7.92975,599918,184,59320,2256,1759225,736,237280,9024,32,4,867412,1712166,27757184,6848664,34605848,4,4,12,4,49,16,12,20,20,20260807,5,1,1,1,0,0,0,6419,0.267458,1,0.0015,0
1803,16046.2,10,0,2.43283,7.56525,0,0,0,9.99808,361,361,0,1,2.03342,2.03342,1971,388,5,1288,0,0,0,0,0,3761,4631.46,0.992583,7.92975,599918,184,59320,2256,1759225,736,237280,9024,32,4,867412,1712166,27757184,6848664,34605848,4,4,12,4,49,16,12,20,20,20260807,5,1,1,1,0,0,0,6420,0.2675,1,0.0015,1
1804,16052.5,6,0,2.24454,3.94671,0,0,0,6.19125,361,361,0,1,2.03342,2.03342,1971,388,5,1288,0,0,0,0,0,3761,4631.46,0.992583,7.92975,599918,184,59320,2256,1759225,736,237280,9024,32,4,867412,1712166,27757184,6848664,34605848,4,4,12,4,49,16,12,20,20,20260807,5,1,1,1,0,0,0,6420,0.2675,1,0.0015,0
1805,16062.4,10,0,2.14279,7.69796,0,0,0,9.84075,361,361,0,1,2.03342,2.03342,1971,388,5,1288,0,0,0,0,0,3761,4631.46,0.992583,7.92975,599918,184,59320,2256,1759225,736,237280,9024,32,4,867412,1712166,27757184,6848664,34605848,4,4,12,4,49,16,12,20,20,20260807,5,1,1,1,0,0,0,6420,0.2675,1,0.0015,0
1806,16068.8,7,0,2.26033,4.04188,0,0,0,6.30221,361,361,0,1,2.03342,2.03342,1971,388,5,1288,0,0,0,0,0,3761,4631.46,0.992583,7.92975,599918,184,59320,2256,1759225,736,237280,9024,32,4,867412,1712166,27757184,6848664,34605848,4,4,12,4,49,16,12,20,20,20260807,5,1,1,1,0,0,0,6420,0.2675,1,0.0015,0
1807,16079.8,11,0,2.20854,8.71504,0,0,0,10.9236,361,361,0,1,2.03342,2.03342,1971,388,5,1288,0,0,0,0,0,3761,4631.46,0.992583,7.92975,599918,184,59320,2256,1759225,736,237280,9024,32,4,867412,1712166,27757184,6848664,34605848,4,4,12,4,49,16,12,20,20,20260807,5,1,1,1,0,0,0,6420,0.2675,1,0.0015,0
1808,16086.8,7,0,2.39233,4.56025,0,0,0,6.95258,361,361,0,1,2.03342,2.03342,1971,388,5,1288,0,0,0,0,0,3761,4631.46,0.992583,7.92975,599918,184,59320,2256,1759225,736,237280,9024,32,4,867412,1712166,27757184,6848664,34605848,4,4,12,4,49,16,12,20,20,20260807,5,1,1,1,0,0,0,6420,0.2675,1,0.0015,0
1809,16095.8,9,0,2.37538,6.55454,0,0,0,8.92992,361,361,0,1,2.03342,2.03342,1971,388,5,1288,0,0,0,0,0,3761,4631.46,0.992583,7.92975,599918,184,59320,2256,1759225,736,237280,9024,32,4,867412,1712166,27757184,6848664,34605848,4,4,12,4,49,16,12,20,20,20260807,5,1,1,1,0,0,0,6421,0.267542,1,0.0015,1
1810,16102.5,6,0,2.49525,4.14583,0,0,0,6.64108,361,361,0,1,2.03342,2.03342,1971,388,5,1288,0,0,0,0,0,3761,4631.46,0.992583,7.92975,599918,184,59320,2256,1759225,736,237280,9024,32,4,867412,1712166,27757184,6848664,34605848,4,4,12,4,49,16,12,20,20,20260807,5,1,1,1,0,0,0,6421,0.267542,1,0.0015,0
1811,16112.4,10,0,2.34958,7.45417,0,0,0,9.80375,361,361,0,1,2.03342,2.03342,1971,388,5,1288,0,0,0,0,0,3761,4631.46,0.992583,7.92975,599918,184,59320,2256,1759225,736,237280,9024,32,4,867412,1712166,27757184,6848664,34605848,4,4,12,4,49,16,12,20,20,20260807,5,1,1,1,0,0,0,6421,0.267542,1,0.0015,0
1812,16118.8,7,0,2.26721,3.98046,0,0,0,6.24767,361,361,0,1,2.03342,2.03342,1971,388,5,1288,0,0,0,0,0,3761,4631.46,0.992583,7.92975,599918,184,59320,2256,1759225,736,237280,9024,32,4,867412,1712166,27757184,6848664,34605848,4,4,12,4,49,16,12,20,20,20260807,5,1,1,1,0,0,0,6421,0.267542,1,0.0015,0
1813,16129.3,10,0,2.39396,8.04813,0,0,0,10.4421,361,361,0,1,2.03342,2.03342,1971,388,5,1288,0,0,0,0,0,3761,4631.46,0.992583,7.92975,599918,184,59320,2256,1759225,736,237280,9024,32,4,867412,1712166,27757184,6848664,34605848,4,4,12,4,49,16,12,20,20,20260807,5,1,1,1,0,0,0,6421,0.267542,1,0.0015,0
1814,16135.6,7,0,2.277,3.98312,0,0,0,6.26013,361,361,0,1,2.03342,2.03342,1971,388,5,1288,0,0,0,0,0,3761,4631.46,0.992583,7.92975,599918,184,59320,2256,1759225,736,237280,9024,32,4,867412,1712166,27757184,6848664,34605848,4,4,12,4,49,16,12,20,20,20260807,5,1,1,1,0,0,0,6421,0.267542,1,0.0015,0
1815,16146.2,10,0,2.27396,8.24938,0,0,0,10.5233,361,361,0,1,2.03342,2.03342,1971,388,5,1288,0,0,0,0,0,3761,4631.46,0.992583,7.92975,599918,184,59320,2256,1759225,736,237280,9024,32,4,867412,1712166,27757184,6848664,34605848,4,4,12,4,49,16,12,20,20,20260807,5,1,1,1,0,0,0,6422,0.267583,1,0.0015,1
1816,16152.8,7,0,2.3615,4.09625,0,0,0,6.45775,361,361,0,1,2.03342,2.03342,1971,388,5,1288,0,0,0,0,0,3761,4631.46,0.992583,7.92975,599918,184,59320,2256,1759225,736,237280,9024,32,4,867412,1712166,27757184,6848664,34605848,4,4,12,4,49,16,12,20,20,20260807,5,1,1,1,0,0,0,6422,0.267583,1,0.0015,0
1817,16162.8,10,0,2.27742,7.6215,0,0,0,9.89892,361,361,0,1,2.03342,2.03342,1971,388,5,1288,0,0,0,0,0,3761,4631.46,0.992583,7.92975,599918,184,59320,2256,1759225,736,237280,9024,32,4,867412,1712166,27757184,6848664,34605848,4,4,12,4,49,16,12,20,20,20260807,5,1,1,1,0,0,0,6422,0.267583,1,0.0015,0
1818,16169.1,6,0,2.26525,3.96129,0,0,0,6.22654,361,361,0,1,2.03342,2.03342,1971,388,5,1288,0,0,0,0,0,3761,4631.46,0.992583,7.92975,599918,184,59320,2256,1759225,736,237280,9024,32,4,867412,1712166,27757184,6848664,34605848,4,4,12,4,49,16,12,20,20,20260807,5,1,1,1,0,0,0,6422,0.267583,1,0.0015,0
1819,16179.4,10,0,2.30446,7.85896,0,0,0,10.1634,361,361,0,1,2.03342,2.03342,1971,388,5,1288,0,0,0,0,0,3761,4631.46,0.992583,7.92975,599918,184,59320,2256,1759225,736,237280,9024,32,4,867412,1712166,27757184,6848664,34605848,4,4,12,4,49,16,12,20,20,20260807,5,1,1,1,0,0,0,6422,0.267583,1,0.0015,0
1820,16185.8,7,0,2.40804,3.90488,0,0,0,6.31292,361,361,0,1,2.03342,2.03342,1971,388,5,1288,0,0,0,0,0,3761,4631.46,0.992583,7.92975,599918,184,59320,2256,1759225,736,237280,9024,32,4,867412,1712166,27757184,6848664,34605848,4,4,12,4,49,16,12,20,20,20260807,5,1,1,1,0,0,0,6422,0.267583,1,0.0015,0
1821,16196.2,10,0,2.30287,7.99042,0,0,0,10.2933,361,361,0,1,2.03342,2.03342,1971,388,5,1288,0,0,0,0,0,3761,4631.46,0.992583,7.92975,599918,184,59320,2256,1759225,736,237280,9024,32,4,867412,1712166,27757184,6848664,34605848,4,4,12,4,49,16,12,20,20,20260807,5,1,1,1,0,0,0,6423,0.267625,1,0.0015,1
1822,16202.8,7,0,2.41508,4.15221,0,0,0,6.56729,361,361,0,1,2.03342,2.03342,1971,388,5,1288,0,0,0,0,0,3761,4631.46,0.992583,7.92975,599918,184,59320,2256,1759225,736,237280,9024,32,4,867412,1712166,27757184,6848664,34605848,4,4,12,4,49,16,12,20,20,20260807,5,1,1,1,0,0,0,6423,0.267625,1,0.0015,0
1823,16212.9,10,0,2.34008,7.64733,0,0,0,9.98742,361,361,0,1,2.03342,2.03342,1971,388,5,1288,0,0,0,0,0,3761,4631.46,0.992583,7.92975,599918,184,59320,2256,1759225,736,237280,9024,32,4,867412,1712166,27757184,6848664,34605848,4,4,12,4,49,16,12,20,20,20260807,5,1,1,1,0,0,0,6423,0.267625,1,0.0015,0
1824,16219.5,6,0,2.31842,4.24313,0,0,0,6.56154,361,361,0,1,2.03342,2.03342,1971,388,5,1288,0,0,0,0,0,3761,4631.46,0.992583,7.92975,599918,184,59320,2256,1759225,736,237280,9024,32,4,867412,1712166,27757184,6848664,34605848,4,4,12,4,49,16,12,20,20,20260807,5,1,1,1,0,0,0,6423,0.267625,1,0.0015,0
1825,16229.4,10,0,2.28046,7.48179,0,0,0,9.76225,361,361,0,1,2.03342,2.03342,1971,388,5,1288,0,0,0,0,0,3761,4631.46,0.992583,7.92975,599918,184,59320,2256,1759225,736,237280,9024,32,4,867412,1712166,27757184,6848664,34605848,4,4,12,4,49,16,12,20,20,20260807,5,1,1,1,0,0,0,6423,0.267625,1,0.0015,0
1826,16235.8,7,0,2.30779,4.00429,0,0,0,6.31208,361,361,0,1,2.03342,2.03342,1971,388,5,1288,0,0,0,0,0,3761,4631.46,0.992583,7.92975,599918,184,59320,2256,1759225,736,237280,9024,32,4,867412,1712166,27757184,6848664,34605848,4,4,12,4,49,16,12,20,20,20260807,5,1,1,1,0,0,0,6423,0.267625,1,0.0015,0
1827,16246.3,10,0,2.35196,8.13075,0,0,0,10.4827,361,361,0,1,2.03342,2.03342,1971,388,5,1288,0,0,0,0,0,3761,4631.46,0.992583,7.92975,599918,184,59320,2256,1759225,736,237280,9024,32,4,867412,1712166,27757184,6848664,34605848,4,4,12,4,49,16,12,20,20,20260807,5,1,1,1,0,0,0,6424,0.267667,1,0.0015,1
1828,16253.5,7,0,2.37083,4.71525,0,0,0,7.08608,361,361,0,1,2.03342,2.03342,1971,388,5,1288,0,0,0,0,0,3761,4631.46,0.992583,7.92975,599918,184,59320,2256,1759225,736,237280,9024,32,4,867412,1712166,27757184,6848664,34605848,4,4,12,4,49,16,12,20,20,20260807,5,1,1,1,0,0,0,6424,0.267667,1,0.0015,0
1829,16262.6,10,0,2.30404,6.72246,0,0,0,9.0265,361,361,0,1,2.03342,2.03342,1971,388,5,1288,0,0,0,0,0,3761,4631.46,0.992583,7.92975,599918,184,59320,2256,1759225,736,237280,9024,32,4,867412,1712166,27757184,6848664,34605848,4,4,12,4,49,16,12,20,20,20260807,5,1,1,1,0,0,0,6424,0.267667,1,0.0015,0
1830,16274,11,0,2.35021,8.95688,0,0,0,11.3071,361,361,0,1,2.03342,2.03342,1971,388,5,1288,0,0,0,0,0,3761,4631.46,0.992583,7.92975,599918,184,59320,2256,1759225,736,237280,9024,32,4,867412,1712166,27757184,6848664,34605848,4,4,12,4,49,16,12,20,20,20260807,5,1,1,1,0,0,0,6424,0.267667,1,0.0015,0
1831,16282.2,8,0,2.38775,5.72462,0,0,0,8.11238,361,361,0,1,2.03342,2.03342,1971,388,5,1288,0,0,0,0,0,3761,4631.46,0.992583,7.92975,599918,184,59320,2256,1759225,736,237280,9024,32,4,867412,1712166,27757184,6848664,34605848,4,4,12,4,49,16,12,20,20,20260807,5,1,1,1,0,0,0,6424,0.267667,1,0.0015,0
1832,16295.9,14,0,2.34104,11.2138,0,0,0,13.5548,361,361,0,1,2.03342,2.03342,1971,388,5,1288,0,0,0,0,0,3761,4631.46,0.992583,7.92975,599918,184,59320,2256,1759225,736,237280,9024,32,4,867412,1712166,27757184,6848664,34605848,4,4,12,4,49,16,12,20,20,20260807,5,1,1,1,0,0,0,6424,0.267667,1,0.0015,0
1833,16302.9,7,0,2.32762,4.56654,0,0,0,6.89417,361,361,0,1,2.03342,2.03342,1971,388,5,1288,0,0,0,0,0,3761,4631.46,0.992583,7.92975,599918,184,59320,2256,1759225,736,237280,9024,32,4,867412,1712166,27757184,6848664,34605848,4,4,12,4,49,16,12,20,20,20260807,5,1,1,1,0,0,0,6425,0.267708,1,0.0015,1
1834,16312.4,9,0,2.27,7.21825,0,0,0,9.48825,361,361,0,1,2.03342,2.03342,1971,388,5,1288,0,0,0,0,0,3761,4631.46,0.992583,7.92975,599918,184,59320,2256,1759225,736,237280,9024,32,4,867412,1712166,27757184,6848664,34605848,4,4,12,4,49,16,12,20,20,20260807,5,1,1,1,0,0,0,6425,0.267708,1,0.0015,0
1835,16319,7,0,2.33058,4.10404,0,0,0,6.43462,361,361,0,1,2.03342,2.03342,1971,388,5,1288,0,0,0,0,0,3761,4631.46,0.992583,7.92975,599918,184,59320,2256,1759225,736,237280,9024,32,4,867412,1712166,27757184,6848664,34605848,4,4,12,4,49,16,12,20,20,20260807,5,1,1,1,0,0,0,6425,0.267708,1,0.0015,0
1836,16329.3,10,0,2.74571,7.47846,0,0,0,10.2242,361,361,0,1,2.03342,2.03342,1971,388,5,1288,0,0,0,0,0,3761,4631.46,0.992583,7.92975,599918,184,59320,2256,1759225,736,237280,9024,32,4,867412,1712166,27757184,6848664,34605848,4,4,12,4,49,16,12,20,20,20260807,5,1,1,1,0,0,0,6425,0.267708,1,0.0015,0
1837,16335.6,6,0,2.29029,3.91458,0,0,0,6.20488,361,361,0,1,2.03342,2.03342,1971,388,5,1288,0,0,0,0,0,3761,4631.46,0.992583,7.92975,599918,184,59320,2256,1759225,736,237280,9024,32,4,867412,1712166,27757184,6848664,34605848,4,4,12,4,49,16,12,20,20,20260807,5,1,1,1,0,0,0,6425,0.267708,1,0.0015,0
1838,16346,11,0,2.36121,7.99533,0,0,0,10.3565,361,361,0,1,2.03342,2.03342,1971,388,5,1288,0,0,0,0,0,3761,4631.46,0.992583,7.92975,599918,184,59320,2256,1759225,736,237280,9024,32,4,867412,1712166,27757184,6848664,34605848,4,4,12,4,49,16,12,20,20,20260807,5,1,1,1,0,0,0,6426,0.26775,1,0.0015,1
1839,16352.4,6,0,2.27375,4.00708,0,0,0,6.28083,361,361,0,1,2.03342,2.03342,1971,388,5,1288,0,0,0,0,0,3761,4631.46,0.992583,7.92975,599918,184,59320,2256,1759225,736,237280,9024,32,4,867412,1712166,27757184,6848664,34605848,4,4,12,4,49,16,12,20,20,20260807,5,1,1,1,0,0,0,6426,0.26775,1,0.0015,0
1840,16362.5,11,0,2.38571,7.66263,0,0,0,10.0483,361,361,0,1,2.03342,2.03342,1971,388,5,1288,0,0,0,0,0,3761,4631.46,0.992583,7.92975,599918,184,59320,2256,1759225,736,237280,9024,32,4,867412,1712166,27757184,6848664,34605848,4,4,12,4,49,16,12,20,20,20260807,5,1,1,1,0,0,0,6426,0.26775,1,0.0015,0
1841,16368.9,7,0,2.30213,4.01517,0,0,0,6.31729,361,361,0,1,2.03342,2.03342,1971,388,5,1288,0,0,0,0,0,3761,4631.46,0.992583,7.92975,599918,184,59320,2256,1759225,736,237280,9024,32,4,867412,1712166,27757184,6848664,34605848,4,4,12,4,49,16,12,20,20,20260807,5,1,1,1,0,0,0,6426,0.26775,1,0.0015,0
1842,16379.3,9,0,2.39812,7.89579,0,0,0,10.2939,361,361,0,1,2.03342,2.03342,1971,388,5,1288,0,0,0,0,0,3761,4631.46,0.992583,7.92975,599918,184,59320,2256,1759225,736,237280,9024,32,4,867412,1712166,27757184,6848664,34605848,4,4,12,4,49,16,12,20,20,20260807,5,1,1,1,0,0,0,6426,0.26775,1,0.0015,0
1843,16386,7,0,2.33971,4.24512,0,0,0,6.58483,361,361,0,1,2.03342,2.03342,1971,388,5,1288,0,0,0,0,0,3761,4631.46,0.992583,7.92975,599918,184,59320,2256,1759225,736,237280,9024,32,4,867412,1712166,27757184,6848664,34605848,4,4,12,4,49,16,12,20,20,20260807,5,1,1,1,0,0,0,6426,0.26775,1,0.0015,0
1844,16395.8,10,0,2.36125,7.34567,0,0,0,9.70692,361,361,0,1,2.03342,2.03342,1971,388,5,1288,0,0,0,0,0,3761,4631.46,0.992583,7.92975,599918,184,59320,2256,1759225,736,237280,9024,32,4,867412,1712166,27757184,6848664,34605848,4,4,12,4,49,16,12,20,20,20260807,5,1,1,1,0,0,0,6427,0.267792,1,0.0015,1
1845,16402.3,6,0,2.35838,4.09783,0,0,0,6.45621,361,361,0,1,2.03342,2.03342,1971,388,5,1288,0,0,0,0,0,3761,4631.46,0.992583,7.92975,599918,184,59320,2256,1759225,736,237280,9024,32,4,867412,1712166,27757184,6848664,34605848,4,4,12,4,49,16,12,20,20,20260807,5,1,1,1,0,0,0,6427,0.267792,1,0.0015,0
1846,16412.7,11,0,2.24867,8.03083,0,0,0,10.2795,361,361,0,1,2.03342,2.03342,1971,388,5,1288,0,0,0,0,0,3761,4631.46,0.992583,7.92975,599918,184,59320,2256,1759225,736,237280,9024,32,4,867412,1712166,27757184,6848664,34605848,4,4,12,4,49,16,12,20,20,20260807,5,1,1,1,0,0,0,6427,0.267792,1,0.0015,0
1847,16419.8,7,0,2.40208,4.59979,0,0,0,7.00188,361,361,0,1,2.03342,2.03342,1971,388,5,1288,0,0,0,0,0,3761,4631.46,0.992583,7.92975,599918,184,59320,2256,1759225,736,237280,9024,32,4,867412,1712166,27757184,6848664,34605848,4,4,12,4,49,16,12,20,20,20260807,5,1,1,1,0,0,0,6427,0.267792,1,0.0015,0
1848,16429.6,10,0,2.32463,7.4425,0,0,0,9.76713,361,361,0,1,2.03342,2.03342,1971,388,5,1288,0,0,0,0,0,3761,4631.46,0.992583,7.92975,599918,184,59320,2256,1759225,736,237280,9024,32,4,867412,1712166,27757184,6848664,34605848,4,4,12,4,49,16,12,20,20,20260807,5,1,1,1,0,0,0,6427,0.267792,1,0.0015,0
1849,16469.5,39,0,34.7463,4.99154,0,0,0,39.7379,361,361,0,1,2.03342,2.03342,1971,388,5,1288,0,0,0,0,0,3761,4631.46,0.992583,7.92975,599918,184,59320,2256,1759225,736,237280,9024,32,4,867412,1712166,27757184,6848664,34605848,4,4,12,4,49,16,12,20,20,20260807,5,1,1,1,0,0,0,6427,0.267792,1,0.0015,0
1850,16478.6,10,0,2.33767,4.38379,0,0,0,6.72146,361,361,0,1,2.03342,2.03342,1971,388,5,1288,0,0,0,0,0,3761,4631.46,0.992583,7.92975,599918,184,59320,2256,1759225,736,237280,9024,32,4,867412,1712166,27757184,6848664,34605848,4,4,12,4,49,16,12,20,20,20260807,5,1,1,1,0,0,0,6428,0.267833,1,0.0015,1
1851,16486.3,7,0,2.48571,5.05233,0,0,0,7.53804,361,361,0,1,2.03342,2.03342,1971,388,5,1288,0,0,0,0,0,3761,4631.46,0.992583,7.92975,599918,184,59320,2256,1759225,736,237280,9024,32,4,867412,1712166,27757184,6848664,34605848,4,4,12,4,49,16,12,20,20,20260807,5,1,1,1,0,0,0,6428,0.267833,1,0.0015,0
1852,16497,11,0,2.63729,7.99892,0,0,0,10.6362,361,361,0,1,2.03342,2.03342,1971,388,5,1288,0,0,0,0,0,3761,4631.46,0.992583,7.92975,599918,184,59320,2256,1759225,736,237280,9024,32,4,867412,1712166,27757184,6848664,34605848,4,4,12,4,49,16,12,20,20,20260807,5,1,1,1,0,0,0,6429,0.267875,1,0.0015,1
1853,16532.1,35,0,3.38958,31.6505,0,0,0,35.0401,361,361,0,1,2.03342,2.03342,1971,388,5,1288,0,0,0,0,0,3761,4631.46,0.992583,7.92975,599918,184,59320,2256,1759225,736,237280,9024,32,4,867412,1712166,27757184,6848664,34605848,4,4,12,4,49,16,12,20,20,20260807,5,1,1,1,0,0,0,6429,0.267875,1,0.0015,0
1854,16547.5,15,0,2.48067,12.8266,0,0,0,15.3073,361,361,0,1,2.03342,2.03342,1971,388,5,1288,0,0,0,0,0,3761,4631.46,0.992583,7.92975,599918,184,59320,2256,1759225,736,237280,9024,32,4,867412,1712166,27757184,6848664,34605848,4,4,12,4,49,16,12,20,20,20260807,5,1,1,1,0,0,0,6429,0.267875,1,0.0015,0
1855,16563.3,16,0,2.76908,12.8794,0,0,0,15.6485,361,361,0,1,2.03342,2.03342,1971,388,5,1288,0,0,0,0,0,3761,4631.46,0.992583,7.92975,599918,184,59320,2256,1759225,736,237280,9024,32,4,867412,1712166,27757184,6848664,34605848,4,4,12,4,49,16,12,20,20,20260807,5,1,1,1,0,0,0,6430,0.267917,1,0.0015,1
1856,16570.9,8,0,2.58862,4.91721,0,0,0,7.50583,361,361,0,1,2.03342,2.03342,1971,388,5,1288,0,0,0,0,0,3761,4631.46,0.992583,7.92975,599918,184,59320,2256,1759225,736,237280,9024,32,4,867412,1712166,27757184,6848664,34605848,4,4,12,4,49,16,12,20,20,20260807,5,1,1,1,0,0,0,6430,0.267917,1,0.0015,0
1857,16580.2,9,0,2.3955,6.90096,0,0,0,9.29646,361,361,0,1,2.03342,2.03342,1971,388,5,1288,0,0,0,0,0,3761,4631.46,0.992583,7.92975,599918,184,59320,2256,1759225,736,237280,9024,32,4,867412,1712166,27757184,6848664,34605848,4,4,12,4,49,16,12,20,20,20260807,5,1,1,1,0,0,0,6430,0.267917,1,0.0015,0
1858,16588.1,8,0,2.75325,5.01808,0,0,0,7.77133,361,361,0,1,2.03342,2.03342,1971,388,5,1288,0,0,0,0,0,3761,4631.46,0.992583,7.92975,599918,184,59320,2256,1759225,736,237280,9024,32,4,867412,1712166,27757184,6848664,34605848,4,4,12,4,49,16,12,20,20,20260807,5,1,1,1,0,0,0,6430,0.267917,1,0.0015,0
1859,16596.6,9,0,2.41104,5.98008,0,0,0,8.39113,361,361,0,1,2.03342,2.03342,1971,388,5,1288,0,0,0,0,0,3761,4631.46,0.992583,7.92975,599918,184,59320,2256,1759225,736,237280,9024,32,4,867412,1712166,27757184,6848664,34605848,4,4,12,4,49,16,12,20,20,20260807,5,1,1,1,0,0,0,6431,0.267958,1,0.0015,1
1860,16604,7,0,2.52229,4.78142,0,0,0,7.30371,361,361,0,1,2.03342,2.03342,1971,388,5,1288,0,0,0,0,0,3761,4631.46,0.992583,7.92975,599918,184,59320,2256,1759225,736,237280,9024,32,4,867412,1712166,27757184,6848664,34605848,4,4,12,4,49,16,12,20,20,20260807,5,1,1,1,0,0,0,6431,0.267958,1,0.0015,0
1861,16613.9,10,0,2.44829,7.35621,0,0,0,9.8045,361,361,0,1,2.03342,2.03342,1971,388,5,1288,0,0,0,0,0,3761,4631.46,0.992583,7.92975,599918,184,59320,2256,1759225,736,237280,9024,32,4,867412,1712166,27757184,6848664,34605848,4,4,12,4,49,16,12,20,20,20260807,5,1,1,1,0,0,0,6431,0.267958,1,0.0015,0
1862,16621.3,7,0,2.50671,4.84592,0,0,0,7.35262,361,361,0,1,2.03342,2.03342,1971,388,5,1288,0,0,0,0,0,3761,4631.46,0.992583,7.92975,599918,184,59320,2256,1759225,736,237280,9024,32,4,867412,1712166,27757184,6848664,34605848,4,4,12,4,49,16,12,20,20,20260807,5,1,1,1,0,0,0,6431,0.267958,1,0.0015,0
1863,16630.1,9,0,2.44625,6.23592,0,0,0,8.68217,361,361,0,1,2.03342,2.03342,1971,388,5,1288,0,0,0,0,0,3761,4631.46,0.992583,7.92975,599918,184,59320,2256,1759225,736,237280,9024,32,4,867412,1712166,27757184,6848664,34605848,4,4,12,4,49,16,12,20,20,20260807,5,1,1,1,0,0,0,6431,0.267958,1,0.0015,0
1864,16637.4,7,0,2.46825,4.80625,0,0,0,7.2745,361,361,0,1,2.03342,2.03342,1971,388,5,1288,0,0,0,0,0,3761,4631.46,0.992583,7.92975,599918,184,59320,2256,1759225,736,237280,9024,32,4,867412,1712166,27757184,6848664,34605848,4,4,12,4,49,16,12,20,20,20260807,5,1,1,1,0,0,0,6431,0.267958,1,0.0015,0
1865,16646.3,9,0,2.40879,6.34887,0,0,0,8.75767,361,361,0,1,2.03342,2.03342,1971,388,5,1288,0,0,0,0,0,3761,4631.46,0.992583,7.92975,599918,184,59320,2256,1759225,736,237280,9024,32,4,867412,1712166,27757184,6848664,34605848,4,4,12,4,49,16,12,20,20,20260807,5,1,1,1,0,0,0,6432,0.268,1,0.0015,1
1866,16652.4,6,0,2.25808,3.82337,0,0,0,6.08146,361,361,0,1,2.03342,2.03342,1971,388,5,1288,0,0,0,0,0,3761,4631.46,0.992583,7.92975,599918,184,59320,2256,1759225,736,237280,9024,32,4,867412,1712166,27757184,6848664,34605848,4,4,12,4,49,16,12,20,20,20260807,5,1,1,1,0,0,0,6432,0.268,1,0.0015,0
1867,16662.8,11,0,2.22271,8.07038,0,0,0,10.2931,361,361,0,1,2.03342,2.03342,1971,388,5,1288,0,0,0,0,0,3761,4631.46,0.992583,7.92975,599918,184,59320,2256,1759225,736,237280,9024,32,4,867412,1712166,27757184,6848664,34605848,4,4,12,4,49,16,12,20,20,20260807,5,1,1,1,0,0,0,6432,0.268,1,0.0015,0
1868,16669.7,7,0,2.49046,4.36146,0,0,0,6.85192,361,361,0,1,2.03342,2.03342,1971,388,5,1288,0,0,0,0,0,3761,4631.46,0.992583,7.92975,599918,184,59320,2256,1759225,736,237280,9024,32,4,867412,1712166,27757184,6848664,34605848,4,4,12,4,49,16,12,20,20,20260807,5,1,1,1,0,0,0,6432,0.268,1,0.0015,0
1869,16680,10,0,2.55421,7.64837,0,0,0,10.2026,361,361,0,1,2.03342,2.03342,1971,388,5,1288,0,0,0,0,0,3761,4631.46,0.992583,7.92975,599918,184,59320,2256,1759225,736,237280,9024,32,4,867412,1712166,27757184,6848664,34605848,4,4,12,4,49,16,12,20,20,20260807,5,1,1,1,0,0,0,6432,0.268,1,0.0015,0
1870,16696.6,17,0,2.29867,14.1966,0,0,0,16.4953,361,361,0,1,2.03342,2.03342,1971,388,5,1288,0,0,0,0,0,3761,4631.46,0.992583,7.92975,599918,184,59320,2256,1759225,736,237280,9024,32,4,867412,1712166,27757184,6848664,34605848,4,4,12,4,49,16,12,20,20,20260807,5,1,1,1,0,0,0,6432,0.268,1,0.0015,0
1871,16704.9,8,0,2.44421,4.26292,0,0,0,6.70712,361,361,0,1,2.03342,2.03342,1971,388,5,1288,0,0,0,0,0,3761,4631.46,0.992583,7.92975,599918,184,59320,2256,1759225,736,237280,9024,32,4,867412,1712166,27757184,6848664,34605848,4,4,12,4,49,16,12,20,20,20260807,5,1,1,1,0,0,0,6433,0.268042,1,0.0015,1
1872,16714.5,9,0,2.31429,7.25113,0,0,0,9.56542,361,361,0,1,2.03342,2.03342,1971,388,5,1288,0,0,0,0,0,3761,4631.46,0.992583,7.92975,599918,184,59320,2256,1759225,736,237280,9024,32,4,867412,1712166,27757184,6848664,34605848,4,4,12,4,49,16,12,20,20,20260807,5,1,1,1,0,0,0,6433,0.268042,1,0.0015,0
1873,16722,8,0,2.53696,4.88146,0,0,0,7.41842,361,361,0,1,2.03342,2.03342,1971,388,5,1288,0,0,0,0,0,3761,4631.46,0.992583,7.92975,599918,184,59320,2256,1759225,736,237280,9024,32,4,867412,1712166,27757184,6848664,34605848,4,4,12,4,49,16,12,20,20,20260807,5,1,1,1,0,0,0,6433,0.268042,1,0.0015,0
1874,16729.4,7,0,2.44379,4.82792,0,0,0,7.27171,361,361,0,1,2.03342,2.03342,1971,388,5,1288,0,0,0,0,0,3761,4631.46,0.992583,7.92975,599918,184,59320,2256,1759225,736,237280,9024,32,4,867412,1712166,27757184,6848664,34605848,4,4,12,4,49,16,12,20,20,20260807,5,1,1,1,0,0,0,6433,0.268042,1,0.0015,0
1875,16736.6,8,0,2.41188,4.73071,0,0,0,7.14258,361,361,0,1,2.03342,2.03342,1971,388,5,1288,0,0,0,0,0,3761,4631.46,0.992583,7.92975,599918,184,59320,2256,1759225,736,237280,9024,32,4,867412,1712166,27757184,6848664,34605848,4,4,12,4,49,16,12,20,20,20260807,5,1,1,1,0,0,0,6433,0.268042,1,0.0015,0
1876,16745.7,9,0,2.33325,6.68517,0,0,0,9.01842,361,361,0,1,2.03342,2.03342,1971,388,5,1288,0,0,0,0,0,3761,4631.46,0.992583,7.92975,599918,184,59320,2256,1759225,736,237280,9024,32,4,867412,1712166,27757184,6848664,34605848,4,4,12,4,49,16,12,20,20,20260807,5,1,1,1,0,0,0,6434,0.268083,1,0.0015,1
1877,16752.2,6,0,2.38817,4.07483,0,0,0,6.463,361,361,0,1,2.03342,2.03342,1971,388,5,1288,0,0,0,0,0,3761,4631.46,0.992583,7.92975,599918,184,59320,2256,1759225,736,237280,9024,32,4,867412,1712166,27757184,6848664,34605848,4,4,12,4,49,16,12,20,20,20260807,5,1,1,1,0,0,0,6434,0.268083,1,0.0015,0
1878,16762.8,11,0,2.43396,8.07333,0,0,0,10.5073,361,361,0,1,2.03342,2.03342,1971,388,5,1288,0,0,0,0,0,3761,4631.46,0.992583,7.92975,599918,184,59320,2256,1759225,736,237280,9024,32,4,867412,1712166,27757184,6848664,34605848,4,4,12,4,49,16,12,20,20,20260807,5,1,1,1,0,0,0,6434,0.268083,1,0.0015,0
1879,16769.1,6,0,2.38354,3.75346,0,0,0,6.137,361,361,0,1,2.03342,2.03342,1971,388,5,1288,0,0,0,0,0,3761,4631.46,0.992583,7.92975,599918,184,59320,2256,1759225,736,237280,9024,32,4,867412,1712166,27757184,6848664,34605848,4,4,12,4,49,16,12,20,20,20260807,5,1,1,1,0,0,0,6434,0.268083,1,0.0015,0
1880,16779.8,11,0,2.29271,8.365,0,0,0,10.6577,361,361,0,1,2.03342,2.03342,1971,388,5,1288,0,0,0,0,0,3761,4631.46,0.992583,7.92975,599918,184,59320,2256,1759225,736,237280,9024,32,4,867412,1712166,27757184,6848664,34605848,4,4,12,4,49,16,12,20,20,20260807,5,1,1,1,0,0,0,6434,0.268083,1,0.0015,0
1881,16786.3,6,0,2.3755,4.05013,0,0,0,6.42563,361,361,0,1,2.03342,2.03342,1971,388,5,1288,0,0,0,0,0,3761,4631.46,0.992583,7.92975,599918,184,59320,2256,1759225,736,237280,9024,32,4,867412,1712166,27757184,6848664,34605848,4,4,12,4,49,16,12,20,20,20260807,5,1,1,1,0,0,0,6434,0.268083,1,0.0015,0
1882,16795.9,10,0,2.26817,7.27242,0,0,0,9.54058,361,361,0,1,2.03342,2.03342,1971,388,5,1288,0,0,0,0,0,3761,4631.46,0.992583,7.92975,599918,184,59320,2256,1759225,736,237280,9024,32,4,867412,1712166,27757184,6848664,34605848,4,4,12,4,49,16,12,20,20,20260807,5,1,1,1,0,0,0,6435,0.268125,1,0.0015,1
1883,16802.4,6,0,2.38667,3.96271,0,0,0,6.34938,361,361,0,1,2.03342,2.03342,1971,388,5,1288,0,0,0,0,0,3761,4631.46,0.992583,7.92975,599918,184,59320,2256,1759225,736,237280,9024,32,4,867412,1712166,27757184,6848664,34605848,4,4,12,4,49,16,12,20,20,20260807,5,1,1,1,0,0,0,6435,0.268125,1,0.0015,0
1884,16812.3,10,0,2.32329,7.50942,0,0,0,9.83271,361,361,0,1,2.03342,2.03342,1971,388,5,1288,0,0,0,0,0,3761,4631.46,0.992583,7.92975,599918,184,59320,2256,1759225,736,237280,9024,32,4,867412,1712166,27757184,6848664,34605848,4,4,12,4,49,16,12,20,20,20260807,5,1,1,1,0,0,0,6435,0.268125,1,0.0015,0
1885,16819.7,8,0,2.42471,4.89712,0,0,0,7.32183,361,361,0,1,2.03342,2.03342,1971,388,5,1288,0,0,0,0,0,3761,4631.46,0.992583,7.92975,599918,184,59320,2256,1759225,736,237280,9024,32,4,867412,1712166,27757184,6848664,34605848,4,4,12,4,49,16,12,20,20,20260807,5,1,1,1,0,0,0,6435,0.268125,1,0.0015,0
1886,16832,12,0,2.32187,9.87571,0,0,0,12.1976,361,361,0,1,2.03342,2.03342,1971,388,5,1288,0,0,0,0,0,3761,4631.46,0.992583,7.92975,599918,184,59320,2256,1759225,736,237280,9024,32,4,867412,1712166,27757184,6848664,34605848,4,4,12,4,49,16,12,20,20,20260807,5,1,1,1,0,0,0,6435,0.268125,1,0.0015,0
1887,16840.1,8,0,2.29096,5.71713,0,0,0,8.00808,361,361,0,1,2.03342,2.03342,1971,388,5,1288,0,0,0,0,0,3761,4631.46,0.992583,7.92975,599918,184,59320,2256,1759225,736,237280,9024,32,4,867412,1712166,27757184,6848664,34605848,4,4,12,4,49,16,12,20,20,20260807,5,1,1,1,0,0,0,6435,0.268125,1,0.0015,0
1888,16846.3,6,0,2.28058,3.78075,0,0,0,6.06133,361,361,0,1,2.03342,2.03342,1971,388,5,1288,0,0,0,0,0,3761,4631.46,0.992583,7.92975,599918,184,59320,2256,1759225,736,237280,9024,32,4,867412,1712166,27757184,6848664,34605848,4,4,12,4,49,16,12,20,20,20260807,5,1,1,1,0,0,0,6436,0.268167,1,0.0015,1
1889,16852.7,7,0,2.32175,4.00625,0,0,0,6.328,361,361,0,1,2.03342,2.03342,1971,388,5,1288,0,0,0,0,0,3761,4631.46,0.992583,7.92975,599918,184,59320,2256,1759225,736,237280,9024,32,4,867412,1712166,27757184,6848664,34605848,4,4,12,4,49,16,12,20,20,20260807,5,1,1,1,0,0,0,6436,0.268167,1,0.0015,0
1890,16862.5,9,0,2.39629,7.31842,0,0,0,9.71471,361,361,0,1,2.03342,2.03342,1971,388,5,1288,0,0,0,0,0,3761,4631.46,0.992583,7.92975,599918,184,59320,2256,1759225,736,237280,9024,32,4,867412,1712166,27757184,6848664,34605848,4,4,12,4,49,16,12,20,20,20260807,5,1,1,1,0,0,0,6436,0.268167,1,0.0015,0
1891,16870.1,8,0,2.41508,5.15896,0,0,0,7.57404,361,361,0,1,2.03342,2.03342,1971,388,5,1288,0,0,0,0,0,3761,4631.46,0.992583,7.92975,599918,184,59320,2256,1759225,736,237280,9024,32,4,867412,1712166,27757184,6848664,34605848,4,4,12,4,49,16,12,20,20,20260807,5,1,1,1,0,0,0,6436,0.268167,1,0.0015,0
1892,16879,9,0,2.3875,6.42462,0,0,0,8.81212,361,361,0,1,2.03342,2.03342,1971,388,5,1288,0,0,0,0,0,3761,4631.46,0.992583,7.92975,599918,184,59320,2256,1759225,736,237280,9024,32,4,867412,1712166,27757184,6848664,34605848,4,4,12,4,49,16,12,20,20,20260807,5,1,1,1,0,0,0,6436,0.268167,1,0.0015,0
1893,16885.6,7,0,2.37704,4.13133,0,0,0,6.50838,361,361,0,1,2.03342,2.03342,1971,388,5,1288,0,0,0,0,0,3761,4631.46,0.992583,7.92975,599918,184,59320,2256,1759225,736,237280,9024,32,4,867412,1712166,27757184,6848664,34605848,4,4,12,4,49,16,12,20,20,20260807,5,1,1,1,0,0,0,6436,0.268167,1,0.0015,0
1894,16895.7,10,0,2.23971,7.80004,0,0,0,10.0397,361,361,0,1,2.03342,2.03342,1971,388,5,1288,0,0,0,0,0,3761,4631.46,0.992583,7.92975,599918,184,59320,2256,1759225,736,237280,9024,32,4,867412,1712166,27757184,6848664,34605848,4,4,12,4,49,16,12,20,20,20260807,5,1,1,1,0,0,0,6437,0.268208,1,0.0015,1
1895,16905.3,9,0,2.31212,7.14667,0,0,0,9.45879,361,361,0,1,2.03342,2.03342,1971,388,5,1288,0,0,0,0,0,3761,4631.46,0.992583,7.92975,599918,184,59320,2256,1759225,736,237280,9024,32,4,867412,1712166,27757184,6848664,34605848,4,4,12,4,49,16,12,20,20,20260807,5,1,1,1,0,0,0,6437,0.268208,1,0.0015,0
1896,16912.2,7,0,2.26579,4.61313,0,0,0,6.87892,361,361,0,1,2.03342,2.03342,1971,388,5,1288,0,0,0,0,0,3761,4631.46,0.992583,7.92975,599918,184,59320,2256,1759225,736,237280,9024,32,4,867412,1712166,27757184,6848664,34605848,4,4,12,4,49,16,12,20,20,20260807,5,1,1,1,0,0,0,6437,0.268208,1,0.0015,0
1897,16918.8,7,0,2.41513,4.05262,0,0,0,6.46775,361,361,0,1,2.03342,2.03342,1971,388,5,1288,0,0,0,0,0,3761,4631.46,0.992583,7.92975,599918,184,59320,2256,1759225,736,237280,9024,32,4,867412,1712166,27757184,6848664,34605848,4,4,12,4,49,16,12,20,20,20260807,5,1,1,1,0,0,0,6437,0.268208,1,0.0015,0
1898,16929.2,10,0,2.21888,8.05196,0,0,0,10.2708,361,361,0,1,2.03342,2.03342,1971,388,5,1288,0,0,0,0,0,3761,4631.46,0.992583,7.92975,599918,184,59320,2256,1759225,736,237280,9024,32,4,867412,1712166,27757184,6848664,34605848,4,4,12,4,49,16,12,20,20,20260807,5,1,1,1,0,0,0,6437,0.268208,1,0.0015,0
1899,16935.8,7,0,2.34658,4.17471,0,0,0,6.52129,361,361,0,1,2.03342,2.03342,1971,388,5,1288,0,0,0,0,0,3761,4631.46,0.992583,7.92975,599918,184,59320,2256,1759225,736,237280,9024,32,4,867412,1712166,27757184,6848664,34605848,4,4,12,4,49,16,12,20,20,20260807,5,1,1,1,0,0,0,6437,0.268208,1,0.0015,0
1900,16945.7,10,0,2.28142,7.49967,0,0,0,9.78108,361,361,0,1,2.03342,2.03342,1971,388,5,1288,0,0,0,0,0,3761,4631.46,0.992583,7.92975,599918,184,59320,2256,1759225,736,237280,9024,32,4,867412,1712166,27757184,6848664,34605848,4,4,12,4,49,16,12,20,20,20260807,5,1,1,1,0,0,0,6438,0.26825,1,0.0015,1
1901,16952.2,6,0,2.31725,4.14729,0,0,0,6.46454,361,361,0,1,2.03342,2.03342,1971,388,5,1288,0,0,0,0,0,3761,4631.46,0.992583,7.92975,599918,184,59320,2256,1759225,736,237280,9024,32,4,867412,1712166,27757184,6848664,34605848,4,4,12,4,49,16,12,20,20,20260807,5,1,1,1,0,0,0,6438,0.26825,1,0.0015,0
1902,16962.4,10,0,2.39513,7.75363,0,0,0,10.1487,361,361,0,1,2.03342,2.03342,1971,388,5,1288,0,0,0,0,0,3761,4631.46,0.992583,7.92975,599918,184,59320,2256,1759225,736,237280,9024,32,4,867412,1712166,27757184,6848664,34605848,4,4,12,4,49,16,12,20,20,20260807,5,1,1,1,0,0,0,6438,0.26825,1,0.0015,0
1903,16970.3,8,0,2.42058,5.40008,0,0,0,7.82067,361,361,0,1,2.03342,2.03342,1971,388,5,1288,0,0,0,0,0,3761,4631.46,0.992583,7.92975,599918,184,59320,2256,1759225,736,237280,9024,32,4,867412,1712166,27757184,6848664,34605848,4,4,12,4,49,16,12,20,20,20260807,5,1,1,1,0,0,0,6438,0.26825,1,0.0015,0
1904,16979.1,9,0,2.31279,6.32429,0,0,0,8.63708,361,361,0,1,2.03342,2.03342,1971,388,5,1288,0,0,0,0,0,3761,4631.46,0.992583,7.92975,599918,184,59320,2256,1759225,736,237280,9024,32,4,867412,1712166,27757184,6848664,34605848,4,4,12,4,49,16,12,20,20,20260807,5,1,1,1,0,0,0,6438,0.26825,1,0.0015,0
1905,16987,8,0,2.45879,5.40246,0,0,0,7.86125,361,361,0,1,2.03342,2.03342,1971,388,5,1288,0,0,0,0,0,3761,4631.46,0.992583,7.92975,599918,184,59320,2256,1759225,736,237280,9024,32,4,867412,1712166,27757184,6848664,34605848,4,4,12,4,49,16,12,20,20,20260807,5,1,1,1,0,0,0,6438,0.26825,1,0.0015,0
1906,16996.2,9,0,2.35846,6.7275,0,0,0,9.08596,361,361,0,1,2.03342,2.03342,1971,388,5,1288,0,0,0,0,0,3761,4631.46,0.992583,7.92975,599918,184,59320,2256,1759225,736,237280,9024,32,4,867412,1712166,27757184,6848664,34605848,4,4,12,4,49,16,12,20,20,20260807,5,1,1,1,0,0,0,6439,0.268292,1,0.0015,1
1907,17003,7,0,2.4695,4.27517,0,0,0,6.74467,361,361,0,1,2.03342,2.03342,1971,388,5,1288,0,0,0,0,0,3761,4631.46,0.992583,7.92975,599918,184,59320,2256,1759225,736,237280,9024,32,4,867412,1712166,27757184,6848664,34605848,4,4,12,4,49,16,12,20,20,20260807,5,1,1,1,0,0,0,6439,0.268292,1,0.0015,0
1908,17012.3,9,0,2.21942,6.95992,0,0,0,9.17933,361,361,0,1,2.03342,2.03342,1971,388,5,1288,0,0,0,0,0,3761,4631.46,0.992583,7.92975,599918,184,59320,2256,1759225,736,237280,9024,32,4,867412,1712166,27757184,6848664,34605848,4,4,12,4,49,16,12,20,20,20260807,5,1,1,1,0,0,0,6439,0.268292,1,0.0015,0
1909,17019.3,7,0,2.40617,4.55267,0,0,0,6.95883,361,361,0,1,2.03342,2.03342,1971,388,5,1288,0,0,0,0,0,3761,4631.46,0.992583,7.92975,599918,184,59320,2256,1759225,736,237280,9024,32,4,867412,1712166,27757184,6848664,34605848,4,4,12,4,49,16,12,20,20,20260807,5,1,1,1,0,0,0,6439,0.268292,1,0.0015,0
1910,17029.1,10,0,2.48217,7.24617,0,0,0,9.72833,361,361,0,1,2.03342,2.03342,1971,388,5,1288,0,0,0,0,0,3761,4631.46,0.992583,7.92975,599918,184,59320,2256,1759225,736,237280,9024,32,4,867412,1712166,27757184,6848664,34605848,4,4,12,4,49,16,12,20,20,20260807,5,1,1,1,0,0,0,6439,0.268292,1,0.0015,0
1911,17037.4,8,0,2.52117,5.682,0,0,0,8.20317,361,361,0,1,2.03342,2.03342,1971,388,5,1288,0,0,0,0,0,3761,4631.46,0.992583,7.92975,599918,184,59320,2256,1759225,736,237280,9024,32,4,867412,1712166,27757184,6848664,34605848,4,4,12,4,49,16,12,20,20,20260807,5,1,1,1,0,0,0,6439,0.268292,1,0.0015,0
1912,17047.6,11,0,2.43983,7.63537,0,0,0,10.0752,361,361,0,1,2.03342,2.03342,1971,388,5,1288,0,0,0,0,0,3761,4631.46,0.992583,7.92975,599918,184,59320,2256,1759225,736,237280,9024,32,4,867412,1712166,27757184,6848664,34605848,4,4,12,4,49,16,12,20,20,20260807,5,1,1,1,0,0,0,6440,0.268333,1,0.0015,1
1913,17062.8,15,0,2.30867,12.8257,0,0,0,15.1343,361,361,0,1,2.03342,2.03342,1971,388,5,1288,0,0,0,0,0,3761,4631.46,0.992583,7.92975,599918,184,59320,2256,1759225,736,237280,9024,32,4,867412,1712166,27757184,6848664,34605848,4,4,12,4,49,16,12,20,20,20260807,5,1,1,1,0,0,0,6440,0.268333,1,0.0015,0
1914,17070.6,8,0,2.85038,4.79758,0,0,0,7.64796,361,361,0,1,2.03342,2.03342,1971,388,5,1288,0,0,0,0,0,3761,4631.46,0.992583,7.92975,599918,184,59320,2256,1759225,736,237280,9024,32,4,867412,1712166,27757184,6848664,34605848,4,4,12,4,49,16,12,20,20,20260807,5,1,1,1,0,0,0,6440,0.268333,1,0.0015,0
1915,17079,8,0,2.28262,6.01083,0,0,0,8.29346,361,361,0,1,2.03342,2.03342,1971,388,5,1288,0,0,0,0,0,3761,4631.46,0.992583,7.92975,599918,184,59320,2256,1759225,736,237280,9024,32,4,867412,1712166,27757184,6848664,34605848,4,4,12,4,49,16,12,20,20,20260807,5,1,1,1,0,0,0,6440,0.268333,1,0.0015,0
1916,17085.4,6,0,2.34983,4.008,0,0,0,6.35783,361,361,0,1,2.03342,2.03342,1971,388,5,1288,0,0,0,0,0,3761,4631.46,0.992583,7.92975,599918,184,59320,2256,1759225,736,237280,9024,32,4,867412,1712166,27757184,6848664,34605848,4,4,12,4,49,16,12,20,20,20260807,5,1,1,1,0,0,0,6440,0.268333,1,0.0015,0
1917,17096.3,11,0,2.45388,8.38925,0,0,0,10.8431,361,361,0,1,2.03342,2.03342,1971,388,5,1288,0,0,0,0,0,3761,4631.46,0.992583,7.92975,599918,184,59320,2256,1759225,736,237280,9024,32,4,867412,1712166,27757184,6848664,34605848,4,4,12,4,49,16,12,20,20,20260807,5,1,1,1,0,0,0,6441,0.268375,1,0.0015,1
1918,17103.5,7,0,2.61354,4.46775,0,0,0,7.08129,361,361,0,1,2.03342,2.03342,1971,388,5,1288,0,0,0,0,0,3761,4631.46,0.992583,7.92975,599918,184,59320,2256,1759225,736,237280,9024,32,4,867412,1712166,27757184,6848664,34605848,4,4,12,4,49,16,12,20,20,20260807,5,1,1,1,0,0,0,6441,0.268375,1,0.0015,0
1919,17112.4,9,0,2.928,5.90875,0,0,0,8.83675,361,361,0,1,2.03342,2.03342,1971,388,5,1288,0,0,0,0,0,3761,4631.46,0.992583,7.92975,599918,184,59320,2256,1759225,736,237280,9024,32,4,867412,1712166,27757184,6848664,34605848,4,4,12,4,49,16,12,20,20,20260807,5,1,1,1,0,0,0,6441,0.268375,1,0.0015,0
1920,17119.1,7,0,2.34217,4.2335,0,0,0,6.57567,361,361,0,1,2.03342,2.03342,1971,388,5,1288,0,0,0,0,0,3761,4631.46,0.992583,7.92975,599918,184,59320,2256,1759225,736,237280,9024,32,4,867412,1712166,27757184,6848664,34605848,4,4,12,4,49,16,12,20,20,20260807,5,1,1,1,0,0,0,6441,0.268375,1,0.0015,0
1921,17129,10,0,2.25179,7.61808,0,0,0,9.86988,361,361,0,1,2.03342,2.03342,1971,388,5,1288,0,0,0,0,0,3761,4631.46,0.992583,7.92975,599918,184,59320,2256,1759225,736,237280,9024,32,4,867412,1712166,27757184,6848664,34605848,4,4,12,4,49,16,12,20,20,20260807,5,1,1,1,0,0,0,6441,0.268375,1,0.0015,0
1922,17135.7,7,0,2.43846,4.12287,0,0,0,6.56133,361,361,0,1,2.03342,2.03342,1971,388,5,1288,0,0,0,0,0,3761,4631.46,0.992583,7.92975,599918,184,59320,2256,1759225,736,237280,9024,32,4,867412,1712166,27757184,6848664,34605848,4,4,12,4,49,16,12,20,20,20260807,5,1,1,1,0,0,0,6441,0.268375,1,0.0015,0
1923,17145.9,10,0,5.52429,4.62196,0,0,0,10.1463,361,361,0,1,2.03342,2.03342,1971,388,5,1288,0,0,0,0,0,3761,4631.46,0.992583,7.92975,599918,184,59320,2256,1759225,736,237280,9024,32,4,867412,1712166,27757184,6848664,34605848,4,4,12,4,49,16,12,20,20,20260807,5,1,1,1,0,0,0,6442,0.268417,1,0.0015,1
1924,17153.8,8,0,2.43033,5.444,0,0,0,7.87433,361,361,0,1,2.03342,2.03342,1971,388,5,1288,0,0,0,0,0,3761,4631.46,0.992583,7.92975,599918,184,59320,2256,1759225,736,237280,9024,32,4,867412,1712166,27757184,6848664,34605848,4,4,12,4,49,16,12,20,20,20260807,5,1,1,1,0,0,0,6442,0.268417,1,0.0015,0
1925,17162.9,9,0,2.32904,6.61342,0,0,0,8.94246,361,361,0,1,2.03342,2.03342,1971,388,5,1288,0,0,0,0,0,3761,4631.46,0.992583,7.92975,599918,184,59320,2256,1759225,736,237280,9024,32,4,867412,1712166,27757184,6848664,34605848,4,4,12,4,49,16,12,20,20,20260807,5,1,1,1,0,0,0,6442,0.268417,1,0.0015,0
1926,17169.3,6,0,2.35288,3.95646,0,0,0,6.30933,361,361,0,1,2.03342,2.03342,1971,388,5,1288,0,0,0,0,0,3761,4631.46,0.992583,7.92975,599918,184,59320,2256,1759225,736,237280,9024,32,4,867412,1712166,27757184,6848664,34605848,4,4,12,4,49,16,12,20,20,20260807,5,1,1,1,0,0,0,6442,0.268417,1,0.0015,0
1927,17179.2,10,0,2.27967,7.55704,0,0,0,9.83671,361,361,0,1,2.03342,2.03342,1971,388,5,1288,0,0,0,0,0,3761,4631.46,0.992583,7.92975,599918,184,59320,2256,1759225,736,237280,9024,32,4,867412,1712166,27757184,6848664,34605848,4,4,12,4,49,16,12,20,20,20260807,5,1,1,1,0,0,0,6442,0.268417,1,0.0015,0
1928,17188.7,10,0,2.57925,6.80442,0,0,0,9.38367,361,361,0,1,2.03342,2.03342,1971,388,5,1288,0,0,0,0,0,3761,4631.46,0.992583,7.92975,599918,184,59320,2256,1759225,736,237280,9024,32,4,867412,1712166,27757184,6848664,34605848,4,4,12,4,49,16,12,20,20,20260807,5,1,1,1,0,0,0,6442,0.268417,1,0.0015,0
1929,17195.5,6,0,2.27904,4.5125,0,0,0,6.79154,361,361,0,1,2.03342,2.03342,1971,388,5,1288,0,0,0,0,0,3761,4631.46,0.992583,7.92975,599918,184,59320,2256,1759225,736,237280,9024,32,4,867412,1712166,27757184,6848664,34605848,4,4,12,4,49,16,12,20,20,20260807,5,1,1,1,0,0,0,6443,0.268458,1,0.0015,1
1930,17208.1,13,0,2.32875,10.1612,0,0,0,12.49,361,361,0,1,2.03342,2.03342,1971,388,5,1288,0,0,0,0,0,3761,4631.46,0.992583,7.92975,599918,184,59320,2256,1759225,736,237280,9024,32,4,867412,1712166,27757184,6848664,34605848,4,4,12,4,49,16,12,20,20,20260807,5,1,1,1,0,0,0,6443,0.268458,1,0.0015,0
1931,17229.3,21,0,2.26425,18.8319,0,0,0,21.0961,361,361,0,1,2.03342,2.03342,1971,388,5,1288,0,0,0,0,0,3761,4631.46,0.992583,7.92975,599918,184,59320,2256,1759225,736,237280,9024,32,4,867412,1712166,27757184,6848664,34605848,4,4,12,4,49,16,12,20,20,20260807,5,1,1,1,0,0,0,6443,0.268458,1,0.0015,0
1932,17236.1,7,0,2.38563,4.39475,0,0,0,6.78038,361,361,0,1,2.03342,2.03342,1971,388,5,1288,0,0,0,0,0,3761,4631.46,0.992583,7.92975,599918,184,59320,2256,1759225,736,237280,9024,32,4,867412,1712166,27757184,6848664,34605848,4,4,12,4,49,16,12,20,20,20260807,5,1,1,1,0,0,0,6443,0.268458,1,0.0015,0
1933,17245.5,9,0,2.73029,6.57862,0,0,0,9.30892,361,361,0,1,2.03342,2.03342,1971,388,5,1288,0,0,0,0,0,3761,4631.46,0.992583,7.92975,599918,184,59320,2256,1759225,736,237280,9024,32,4,867412,1712166,27757184,6848664,34605848,4,4,12,4,49,16,12,20,20,20260807,5,1,1,1,0,0,0,6444,0.2685,1,0.0015,1
1934,17252.7,8,0,2.25913,4.79892,0,0,0,7.05804,361,361,0,1,2.03342,2.03342,1971,388,5,1288,0,0,0,0,0,3761,4631.46,0.992583,7.92975,599918,184,59320,2256,1759225,736,237280,9024,32,4,867412,1712166,27757184,6848664,34605848,4,4,12,4,49,16,12,20,20,20260807,5,1,1,1,0,0,0,6444,0.2685,1,0.0015,0
1935,17263.1,10,0,2.46367,7.85483,0,0,0,10.3185,361,361,0,1,2.03342,2.03342,1971,388,5,1288,0,0,0,0,0,3761,4631.46,0.992583,7.92975,599918,184,59320,2256,1759225,736,237280,9024,32,4,867412,1712166,27757184,6848664,34605848,4,4,12,4,49,16,12,20,20,20260807,5,1,1,1,0,0,0,6444,0.2685,1,0.0015,0
1936,17269.9,7,0,2.41213,4.32342,0,0,0,6.73554,361,361,0,1,2.03342,2.03342,1971,388,5,1288,0,0,0,0,0,3761,4631.46,0.992583,7.92975,599918,184,59320,2256,1759225,736,237280,9024,32,4,867412,1712166,27757184,6848664,34605848,4,4,12,4,49,16,12,20,20,20260807,5,1,1,1,0,0,0,6444,0.2685,1,0.0015,0
1937,17283.3,13,0,2.3515,10.9439,0,0,0,13.2954,361,361,0,1,2.03342,2.03342,1971,388,5,1288,0,0,0,0,0,3761,4631.46,0.992583,7.92975,599918,184,59320,2256,1759225,736,237280,9024,32,4,867412,1712166,27757184,6848664,34605848,4,4,12,4,49,16,12,20,20,20260807,5,1,1,1,0,0,0,6444,0.2685,1,0.0015,0
1938,17296.2,13,0,2.52317,10.2672,0,0,0,12.7903,361,361,0,1,2.03342,2.03342,1971,388,5,1288,0,0,0,0,0,3761,4631.46,0.992583,7.92975,599918,184,59320,2256,1759225,736,237280,9024,32,4,867412,1712166,27757184,6848664,34605848,4,4,12,4,49,16,12,20,20,20260807,5,1,1,1,0,0,0,6445,0.268542,1,0.0015,1
1939,17303.3,7,0,2.40233,4.65463,0,0,0,7.05696,361,361,0,1,2.03342,2.03342,1971,388,5,1288,0,0,0,0,0,3761,4631.46,0.992583,7.92975,599918,184,59320,2256,1759225,736,237280,9024,32,4,867412,1712166,27757184,6848664,34605848,4,4,12,4,49,16,12,20,20,20260807,5,1,1,1,0,0,0,6445,0.268542,1,0.0015,0
1940,17315.5,12,0,2.37817,9.71125,0,0,0,12.0894,361,361,0,1,2.03342,2.03342,1971,388,5,1288,0,0,0,0,0,3761,4631.46,0.992583,7.92975,599918,184,59320,2256,1759225,736,237280,9024,32,4,867412,1712166,27757184,6848664,34605848,4,4,12,4,49,16,12,20,20,20260807,5,1,1,1,0,0,0,6445,0.268542,1,0.0015,0
1941,17323,8,0,2.40375,5.02283,0,0,0,7.42658,361,361,0,1,2.03342,2.03342,1971,388,5,1288,0,0,0,0,0,3761,4631.46,0.992583,7.92975,599918,184,59320,2256,1759225,736,237280,9024,32,4,867412,1712166,27757184,6848664,34605848,4,4,12,4,49,16,12,20,20,20260807,5,1,1,1,0,0,0,6445,0.268542,1,0.0015,0
1942,17329.8,7,0,2.37392,4.29838,0,0,0,6.67229,361,361,0,1,2.03342,2.03342,1971,388,5,1288,0,0,0,0,0,3761,4631.46,0.992583,7.92975,599918,184,59320,2256,1759225,736,237280,9024,32,4,867412,1712166,27757184,6848664,34605848,4,4,12,4,49,16,12,20,20,20260807,5,1,1,1,0,0,0,6445,0.268542,1,0.0015,0
1943,17337.2,7,0,2.38983,4.94846,0,0,0,7.33829,361,361,0,1,2.03342,2.03342,1971,388,5,1288,0,0,0,0,0,3761,4631.46,0.992583,7.92975,599918,184,59320,2256,1759225,736,237280,9024,32,4,867412,1712166,27757184,6848664,34605848,4,4,12,4,49,16,12,20,20,20260807,5,1,1,1,0,0,0,6445,0.268542,1,0.0015,0
1944,17346.8,10,0,2.37663,7.19512,0,0,0,9.57175,361,361,0,1,2.03342,2.03342,1971,388,5,1288,0,0,0,0,0,3761,4631.46,0.992583,7.92975,599918,184,59320,2256,1759225,736,237280,9024,32,4,867412,1712166,27757184,6848664,34605848,4,4,12,4,49,16,12,20,20,20260807,5,1,1,1,0,0,0,6446,0.268583,1,0.0015,1
1945,17354.4,7,0,2.41225,5.04129,0,0,0,7.45354,361,361,0,1,2.03342,2.03342,1971,388,5,1288,0,0,0,0,0,3761,4631.46,0.992583,7.92975,599918,184,59320,2256,1759225,736,237280,9024,32,4,867412,1712166,27757184,6848664,34605848,4,4,12,4,49,16,12,20,20,20260807,5,1,1,1,0,0,0,6446,0.268583,1,0.0015,0
1946,17362.3,9,0,2.35033,5.48725,0,0,0,7.83758,361,361,0,1,2.03342,2.03342,1971,388,5,1288,0,0,0,0,0,3761,4631.46,0.992583,7.92975,599918,184,59320,2256,1759225,736,237280,9024,32,4,867412,1712166,27757184,6848664,34605848,4,4,12,4,49,16,12,20,20,20260807,5,1,1,1,0,0,0,6446,0.268583,1,0.0015,0
1947,17369.1,7,0,2.58596,4.12125,0,0,0,6.70721,361,361,0,1,2.03342,2.03342,1971,388,5,1288,0,0,0,0,0,3761,4631.46,0.992583,7.92975,599918,184,59320,2256,1759225,736,237280,9024,32,4,867412,1712166,27757184,6848664,34605848,4,4,12,4,49,16,12,20,20,20260807,5,1,1,1,0,0,0,6446,0.268583,1,0.0015,0
1948,17380.3,10,0,2.30229,8.80242,0,0,0,11.1047,361,361,0,1,2.03342,2.03342,1971,388,5,1288,0,0,0,0,0,3761,4631.46,0.992583,7.92975,599918,184,59320,2256,1759225,736,237280,9024,32,4,867412,1712166,27757184,6848664,34605848,4,4,12,4,49,16,12,20,20,20260807,5,1,1,1,0,0,0,6446,0.268583,1,0.0015,0
1949,17387.4,7,0,2.39883,4.63146,0,0,0,7.03029,361,361,0,1,2.03342,2.03342,1971,388,5,1288,0,0,0,0,0,3761,4631.46,0.992583,7.92975,599918,184,59320,2256,1759225,736,237280,9024,32,4,867412,1712166,27757184,6848664,34605848,4,4,12,4,49,16,12,20,20,20260807,5,1,1,1,0,0,0,6446,0.268583,1,0.0015,0
1950,17396.1,9,0,2.38888,6.18875,0,0,0,8.57762,361,361,0,1,2.03342,2.03342,1971,388,5,1288,0,0,0,0,0,3761,4631.46,0.992583,7.92975,599918,184,59320,2256,1759225,736,237280,9024,32,4,867412,1712166,27757184,6848664,34605848,4,4,12,4,49,16,12,20,20,20260807,5,1,1,1,0,0,0,6447,0.268625,1,0.0015,1
1951,17403.2,7,0,2.37925,4.69163,0,0,0,7.07088,361,361,0,1,2.03342,2.03342,1971,388,5,1288,0,0,0,0,0,3761,4631.46,0.992583,7.92975,599918,184,59320,2256,1759225,736,237280,9024,32,4,867412,1712166,27757184,6848664,34605848,4,4,12,4,49,16,12,20,20,20260807,5,1,1,1,0,0,0,6447,0.268625,1,0.0015,0
1952,17412.8,10,0,2.36483,7.15508,0,0,0,9.51992,361,361,0,1,2.03342,2.03342,1971,388,5,1288,0,0,0,0,0,3761,4631.46,0.992583,7.92975,599918,184,59320,2256,1759225,736,237280,9024,32,4,867412,1712166,27757184,6848664,34605848,4,4,12,4,49,16,12,20,20,20260807,5,1,1,1,0,0,0,6447,0.268625,1,0.0015,0
1953,17420,7,0,2.37554,4.7255,0,0,0,7.10104,361,361,0,1,2.03342,2.03342,1971,388,5,1288,0,0,0,0,0,3761,4631.46,0.992583,7.92975,599918,184,59320,2256,1759225,736,237280,9024,32,4,867412,1712166,27757184,6848664,34605848,4,4,12,4,49,16,12,20,20,20260807,5,1,1,1,0,0,0,6447,0.268625,1,0.0015,0
1954,17429.9,10,0,2.23287,7.59738,0,0,0,9.83025,361,361,0,1,2.03342,2.03342,1971,388,5,1288,0,0,0,0,0,3761,4631.46,0.992583,7.92975,599918,184,59320,2256,1759225,736,237280,9024,32,4,867412,1712166,27757184,6848664,34605848,4,4,12,4,49,16,12,20,20,20260807,5,1,1,1,0,0,0,6447,0.268625,1,0.0015,0
1955,17436.5,6,0,2.20458,4.31996,0,0,0,6.52454,361,361,0,1,2.03342,2.03342,1971,388,5,1288,0,0,0,0,0,3761,4631.46,0.992583,7.92975,599918,184,59320,2256,1759225,736,237280,9024,32,4,867412,1712166,27757184,6848664,34605848,4,4,12,4,49,16,12,20,20,20260807,5,1,1,1,0,0,0,6447,0.268625,1,0.0015,0
1956,17446.6,11,0,2.3055,7.66958,0,0,0,9.97508,361,361,0,1,2.03342,2.03342,1971,388,5,1288,0,0,0,0,0,3761,4631.46,0.992583,7.92975,599918,184,59320,2256,1759225,736,237280,9024,32,4,867412,1712166,27757184,6848664,34605848,4,4,12,4,49,16,12,20,20,20260807,5,1,1,1,0,0,0,6448,0.268667,1,0.0015,1
1957,17453.2,6,0,2.35588,4.12517,0,0,0,6.48104,361,361,0,1,2.03342,2.03342,1971,388,5,1288,0,0,0,0,0,3761,4631.46,0.992583,7.92975,599918,184,59320,2256,1759225,736,237280,9024,32,4,867412,1712166,27757184,6848664,34605848,4,4,12,4,49,16,12,20,20,20260807,5,1,1,1,0,0,0,6448,0.268667,1,0.0015,0
1958,17462.7,10,0,2.24037,7.20054,0,0,0,9.44092,361,361,0,1,2.03342,2.03342,1971,388,5,1288,0,0,0,0,0,3761,4631.46,0.992583,7.92975,599918,184,59320,2256,1759225,736,237280,9024,32,4,867412,1712166,27757184,6848664,34605848,4,4,12,4,49,16,12,20,20,20260807,5,1,1,1,0,0,0,6448,0.268667,1,0.0015,0
1959,17469.2,6,0,2.42921,4.02533,0,0,0,6.45454,361,361,0,1,2.03342,2.03342,1971,388,5,1288,0,0,0,0,0,3761,4631.46,0.992583,7.92975,599918,184,59320,2256,1759225,736,237280,9024,32,4,867412,1712166,27757184,6848664,34605848,4,4,12,4,49,16,12,20,20,20260807,5,1,1,1,0,0,0,6448,0.268667,1,0.0015,0
1960,17479.1,10,0,2.28688,7.49,0,0,0,9.77688,361,361,0,1,2.03342,2.03342,1971,388,5,1288,0,0,0,0,0,3761,4631.46,0.992583,7.92975,599918,184,59320,2256,1759225,736,237280,9024,32,4,867412,1712166,27757184,6848664,34605848,4,4,12,4,49,16,12,20,20,20260807,5,1,1,1,0,0,0,6448,0.268667,1,0.0015,0
1961,17486,7,0,2.33,4.47421,0,0,0,6.80421,361,361,0,1,2.03342,2.03342,1971,388,5,1288,0,0,0,0,0,3761,4631.46,0.992583,7.92975,599918,184,59320,2256,1759225,736,237280,9024,32,4,867412,1712166,27757184,6848664,34605848,4,4,12,4,49,16,12,20,20,20260807,5,1,1,1,0,0,0,6448,0.268667,1,0.0015,0
1962,17495.8,10,0,2.37579,7.30612,0,0,0,9.68192,361,361,0,1,2.03342,2.03342,1971,388,5,1288,0,0,0,0,0,3761,4631.46,0.992583,7.92975,599918,184,59320,2256,1759225,736,237280,9024,32,4,867412,1712166,27757184,6848664,34605848,4,4,12,4,49,16,12,20,20,20260807,5,1,1,1,0,0,0,6449,0.268708,1,0.0015,1
1963,17502,6,0,2.31504,3.851,0,0,0,6.16604,361,361,0,1,2.03342,2.03342,1971,388,5,1288,0,0,0,0,0,3761,4631.46,0.992583,7.92975,599918,184,59320,2256,1759225,736,237280,9024,32,4,867412,1712166,27757184,6848664,34605848,4,4,12,4,49,16,12,20,20,20260807,5,1,1,1,0,0,0,6449,0.268708,1,0.0015,0
1964,17512.3,10,0,2.28675,7.94104,0,0,0,10.2278,361,361,0,1,2.03342,2.03342,1971,388,5,1288,0,0,0,0,0,3761,4631.46,0.992583,7.92975,599918,184,59320,2256,1759225,736,237280,9024,32,4,867412,1712166,27757184,6848664,34605848,4,4,12,4,49,16,12,20,20,20260807,5,1,1,1,0,0,0,6449,0.268708,1,0.0015,0
1965,17524,12,0,2.60217,9.02688,0,0,0,11.629,361,361,0,1,2.03342,2.03342,1971,388,5,1288,0,0,0,0,0,3761,4631.46,0.992583,7.92975,599918,184,59320,2256,1759225,736,237280,9024,32,4,867412,1712166,27757184,6848664,34605848,4,4,12,4,49,16,12,20,20,20260807,5,1,1,1,0,0,0,6449,0.268708,1,0.0015,0
1966,17530.1,6,0,2.29787,3.669,0,0,0,5.96687,361,361,0,1,2.03342,2.03342,1971,388,5,1288,0,0,0,0,0,3761,4631.46,0.992583,7.92975,599918,184,59320,2256,1759225,736,237280,9024,32,4,867412,1712166,27757184,6848664,34605848,4,4,12,4,49,16,12,20,20,20260807,5,1,1,1,0,0,0,6449,0.268708,1,0.0015,0
1967,17536.4,6,0,2.37988,3.84829,0,0,0,6.22817,361,361,0,1,2.03342,2.03342,1971,388,5,1288,0,0,0,0,0,3761,4631.46,0.992583,7.92975,599918,184,59320,2256,1759225,736,237280,9024,32,4,867412,1712166,27757184,6848664,34605848,4,4,12,4,49,16,12,20,20,20260807,5,1,1,1,0,0,0,6449,0.268708,1,0.0015,0
1968,17545.4,9,0,2.63937,6.312,0,0,0,8.95138,361,361,0,1,2.03342,2.03342,1971,388,5,1288,0,0,0,0,0,3761,4631.46,0.992583,7.92975,599918,184,59320,2256,1759225,736,237280,9024,32,4,867412,1712166,27757184,6848664,34605848,4,4,12,4,49,16,12,20,20,20260807,5,1,1,1,0,0,0,6450,0.26875,1,0.0015,1
1969,17552.4,7,0,2.30737,4.52971,0,0,0,6.83708,361,361,0,1,2.03342,2.03342,1971,388,5,1288,0,0,0,0,0,3761,4631.46,0.992583,7.92975,599918,184,59320,2256,1759225,736,237280,9024,32,4,867412,1712166,27757184,6848664,34605848,4,4,12,4,49,16,12,20,20,20260807,5,1,1,1,0,0,0,6450,0.26875,1,0.0015,0
1970,17562.4,10,0,2.29446,7.67575,0,0,0,9.97021,361,361,0,1,2.03342,2.03342,1971,388,5,1288,0,0,0,0,0,3761,4631.46,0.992583,7.92975,599918,184,59320,2256,1759225,736,237280,9024,32,4,867412,1712166,27757184,6848664,34605848,4,4,12,4,49,16,12,20,20,20260807,5,1,1,1,0,0,0,6450,0.26875,1,0.0015,0
1971,17569.1,7,0,2.42338,4.13654,0,0,0,6.55992,361,361,0,1,2.03342,2.03342,1971,388,5,1288,0,0,0,0,0,3761,4631.46,0.992583,7.92975,599918,184,59320,2256,1759225,736,237280,9024,32,4,867412,1712166,27757184,6848664,34605848,4,4,12,4,49,16,12,20,20,20260807,5,1,1,1,0,0,0,6450,0.26875,1,0.0015,0
1972,17579.1,10,0,2.41817,7.55717,0,0,0,9.97533,361,361,0,1,2.03342,2.03342,1971,388,5,1288,0,0,0,0,0,3761,4631.46,0.992583,7.92975,599918,184,59320,2256,1759225,736,237280,9024,32,4,867412,1712166,27757184,6848664,34605848,4,4,12,4,49,16,12,20,20,20260807,5,1,1,1,0,0,0,6450,0.26875,1,0.0015,0
1973,17585.6,7,0,2.38671,4.02242,0,0,0,6.40913,361,361,0,1,2.03342,2.03342,1971,388,5,1288,0,0,0,0,0,3761,4631.46,0.992583,7.92975,599918,184,59320,2256,1759225,736,237280,9024,32,4,867412,1712166,27757184,6848664,34605848,4,4,12,4,49,16,12,20,20,20260807,5,1,1,1,0,0,0,6450,0.26875,1,0.0015,0
1974,17596,10,0,2.48338,7.81408,0,0,0,10.2975,361,361,0,1,2.03342,2.03342,1971,388,5,1288,0,0,0,0,0,3761,4631.46,0.992583,7.92975,599918,184,59320,2256,1759225,736,237280,9024,32,4,867412,1712166,27757184,6848664,34605848,4,4,12,4,49,16,12,20,20,20260807,5,1,1,1,0,0,0,6451,0.268792,1,0.0015,1
1975,17602.5,6,0,2.35596,3.96988,0,0,0,6.32583,361,361,0,1,2.03342,2.03342,1971,388,5,1288,0,0,0,0,0,3761,4631.46,0.992583,7.92975,599918,184,59320,2256,1759225,736,237280,9024,32,4,867412,1712166,27757184,6848664,34605848,4,4,12,4,49,16,12,20,20,20260807,5,1,1,1,0,0,0,6451,0.268792,1,0.0015,0
1976,17612.4,10,0,2.35487,7.47504,0,0,0,9.82992,361,361,0,1,2.03342,2.03342,1971,388,5,1288,0,0,0,0,0,3761,4631.46,0.992583,7.92975,599918,184,59320,2256,1759225,736,237280,9024,32,4,867412,1712166,27757184,6848664,34605848,4,4,12,4,49,16,12,20,20,20260807,5,1,1,1,0,0,0,6451,0.268792,1,0.0015,0
1977,17618.7,7,0,2.35242,3.88321,0,0,0,6.23562,361,361,0,1,2.03342,2.03342,1971,388,5,1288,0,0,0,0,0,3761,4631.46,0.992583,7.92975,599918,184,59320,2256,1759225,736,237280,9024,32,4,867412,1712166,27757184,6848664,34605848,4,4,12,4,49,16,12,20,20,20260807,5,1,1,1,0,0,0,6451,0.268792,1,0.0015,0
1978,17629.1,10,0,2.55163,7.75554,0,0,0,10.3072,361,361,0,1,2.03342,2.03342,1971,388,5,1288,0,0,0,0,0,3761,4631.46,0.992583,7.92975,599918,184,59320,2256,1759225,736,237280,9024,32,4,867412,1712166,27757184,6848664,34605848,4,4,12,4,49,16,12,20,20,20260807,5,1,1,1,0,0,0,6451,0.268792,1,0.0015,0
1979,17635.8,7,0,2.36987,4.26592,0,0,0,6.63579,361,361,0,1,2.03342,2.03342,1971,388,5,1288,0,0,0,0,0,3761,4631.46,0.992583,7.92975,599918,184,59320,2256,1759225,736,237280,9024,32,4,867412,1712166,27757184,6848664,34605848,4,4,12,4,49,16,12,20,20,20260807,5,1,1,1,0,0,0,6451,0.268792,1,0.0015,0
1980,17645.8,10,0,2.34667,7.48688,0,0,0,9.83354,361,361,0,1,2.03342,2.03342,1971,388,5,1288,0,0,0,0,0,3761,4631.46,0.992583,7.92975,599918,184,59320,2256,1759225,736,237280,9024,32,4,867412,1712166,27757184,6848664,34605848,4,4,12,4,49,16,12,20,20,20260807,5,1,1,1,0,0,0,6452,0.268833,1,0.0015,1
1981,17652.8,7,0,2.41354,4.51562,0,0,0,6.92917,361,361,0,1,2.03342,2.03342,1971,388,5,1288,0,0,0,0,0,3761,4631.46,0.992583,7.92975,599918,184,59320,2256,1759225,736,237280,9024,32,4,867412,1712166,27757184,6848664,34605848,4,4,12,4,49,16,12,20,20,20260807,5,1,1,1,0,0,0,6452,0.268833,1,0.0015,0
1982,17662.5,9,0,2.23133,7.39633,0,0,0,9.62767,361,361,0,1,2.03342,2.03342,1971,388,5,1288,0,0,0,0,0,3761,4631.46,0.992583,7.92975,599918,184,59320,2256,1759225,736,237280,9024,32,4,867412,1712166,27757184,6848664,34605848,4,4,12,4,49,16,12,20,20,20260807,5,1,1,1,0,0,0,6452,0.268833,1,0.0015,0
1983,17668.6,7,0,2.28892,3.74671,0,0,0,6.03562,361,361,0,1,2.03342,2.03342,1971,388,5,1288,0,0,0,0,0,3761,4631.46,0.992583,7.92975,599918,184,59320,2256,1759225,736,237280,9024,32,4,867412,1712166,27757184,6848664,34605848,4,4,12,4,49,16,12,20,20,20260807,5,1,1,1,0,0,0,6452,0.268833,1,0.0015,0
1984,17679.4,10,0,2.52433,8.17142,0,0,0,10.6958,361,361,0,1,2.03342,2.03342,1971,388,5,1288,0,0,0,0,0,3761,4631.46,0.992583,7.92975,599918,184,59320,2256,1759225,736,237280,9024,32,4,867412,1712166,27757184,6848664,34605848,4,4,12,4,49,16,12,20,20,20260807,5,1,1,1,0,0,0,6452,0.268833,1,0.0015,0
1985,17687.3,8,0,2.263,5.52767,0,0,0,7.79067,361,361,0,1,2.03342,2.03342,1971,388,5,1288,0,0,0,0,0,3761,4631.46,0.992583,7.92975,599918,184,59320,2256,1759225,736,237280,9024,32,4,867412,1712166,27757184,6848664,34605848,4,4,12,4,49,16,12,20,20,20260807,5,1,1,1,0,0,0,6452,0.268833,1,0.0015,0
1986,17697.1,10,0,2.44725,7.25521,0,0,0,9.70246,361,361,0,1,2.03342,2.03342,1971,388,5,1288,0,0,0,0,0,3761,4631.46,0.992583,7.92975,599918,184,59320,2256,1759225,736,237280,9024,32,4,867412,1712166,27757184,6848664,34605848,4,4,12,4,49,16,12,20,20,20260807,5,1,1,1,0,0,0,6453,0.268875,1,0.0015,1
1987,17705.5,8,0,2.43129,5.94817,0,0,0,8.37946,361,361,0,1,2.03342,2.03342,1971,388,5,1288,0,0,0,0,0,3761,4631.46,0.992583,7.92975,599918,184,59320,2256,1759225,736,237280,9024,32,4,867412,1712166,27757184,6848664,34605848,4,4,12,4,49,16,12,20,20,20260807,5,1,1,1,0,0,0,6453,0.268875,1,0.0015,0
1988,17714.8,10,0,2.41179,6.78833,0,0,0,9.20012,361,361,0,1,2.03342,2.03342,1971,388,5,1288,0,0,0,0,0,3761,4631.46,0.992583,7.92975,599918,184,59320,2256,1759225,736,237280,9024,32,4,867412,1712166,27757184,6848664,34605848,4,4,12,4,49,16,12,20,20,20260807,5,1,1,1,0,0,0,6453,0.268875,1,0.0015,0
1989,17722.5,7,0,2.27179,5.33662,0,0,0,7.60842,361,361,0,1,2.03342,2.03342,1971,388,5,1288,0,0,0,0,0,3761,4631.46,0.992583,7.92975,599918,184,59320,2256,1759225,736,237280,9024,32,4,867412,1712166,27757184,6848664,34605848,4,4,12,4,49,16,12,20,20,20260807,5,1,1,1,0,0,0,6453,0.268875,1,0.0015,0
1990,17729.3,7,0,2.43858,4.28771,0,0,0,6.72629,361,361,0,1,2.03342,2.03342,1971,388,5,1288,0,0,0,0,0,3761,4631.46,0.992583,7.92975,599918,184,59320,2256,1759225,736,237280,9024,32,4,867412,1712166,27757184,6848664,34605848,4,4,12,4,49,16,12,20,20,20260807,5,1,1,1,0,0,0,6453,0.268875,1,0.0015,0
1991,17738.1,9,0,2.73121,5.98117,0,0,0,8.71237,361,361,0,1,2.03342,2.03342,1971,388,5,1288,0,0,0,0,0,3761,4631.46,0.992583,7.92975,599918,184,59320,2256,1759225,736,237280,9024,32,4,867412,1712166,27757184,6848664,34605848,4,4,12,4,49,16,12,20,20,20260807,5,1,1,1,0,0,0,6453,0.268875,1,0.0015,0
1992,17745.7,8,0,2.37833,5.11463,0,0,0,7.49296,361,361,0,1,2.03342,2.03342,1971,388,5,1288,0,0,0,0,0,3761,4631.46,0.992583,7.92975,599918,184,59320,2256,1759225,736,237280,9024,32,4,867412,1712166,27757184,6848664,34605848,4,4,12,4,49,16,12,20,20,20260807,5,1,1,1,0,0,0,6454,0.268917,1,0.0015,1
1993,17752.6,7,0,2.42808,4.41829,0,0,0,6.84638,361,361,0,1,2.03342,2.03342,1971,388,5,1288,0,0,0,0,0,3761,4631.46,0.992583,7.92975,599918,184,59320,2256,1759225,736,237280,9024,32,4,867412,1712166,27757184,6848664,34605848,4,4,12,4,49,16,12,20,20,20260807,5,1,1,1,0,0,0,6454,0.268917,1,0.0015,0
1994,17762.6,10,0,2.73321,7.17158,0,0,0,9.90479,361,361,0,1,2.03342,2.03342,1971,388,5,1288,0,0,0,0,0,3761,4631.46,0.992583,7.92975,599918,184,59320,2256,1759225,736,237280,9024,32,4,867412,1712166,27757184,6848664,34605848,4,4,12,4,49,16,12,20,20,20260807,5,1,1,1,0,0,0,6454,0.268917,1,0.0015,0
1995,17772.7,10,0,5.67213,4.321,0,0,0,9.99312,361,361,0,1,2.03342,2.03342,1971,388,5,1288,0,0,0,0,0,3761,4631.46,0.992583,7.92975,599918,184,59320,2256,1759225,736,237280,9024,32,4,867412,1712166,27757184,6848664,34605848,4,4,12,4,49,16,12,20,20,20260807,5,1,1,1,0,0,0,6454,0.268917,1,0.0015,0
1996,17779,6,0,2.32171,3.92408,0,0,0,6.24579,361,361,0,1,2.03342,2.03342,1971,388,5,1288,0,0,0,0,0,3761,4631.46,0.992583,7.92975,599918,184,59320,2256,1759225,736,237280,9024,32,4,867412,1712166,27757184,6848664,34605848,4,4,12,4,49,16,12,20,20,20260807,5,1,1,1,0,0,0,6454,0.268917,1,0.0015,0
1997,17785.5,6,0,2.52942,3.85854,0,0,0,6.38796,361,361,0,1,2.03342,2.03342,1971,388,5,1288,0,0,0,0,0,3761,4631.46,0.992583,7.92975,599918,184,59320,2256,1759225,736,237280,9024,32,4,867412,1712166,27757184,6848664,34605848,4,4,12,4,49,16,12,20,20,20260807,5,1,1,1,0,0,0,6454,0.268917,1,0.0015,0
1998,17795.7,11,0,2.38558,7.68425,0,0,0,10.0698,361,361,0,1,2.03342,2.03342,1971,388,5,1288,0,0,0,0,0,3761,4631.46,0.992583,7.92975,599918,184,59320,2256,1759225,736,237280,9024,32,4,867412,1712166,27757184,6848664,34605848,4,4,12,4,49,16,12,20,20,20260807,5,1,1,1,0,0,0,6455,0.268958,1,0.0015,1
1999,17802.5,6,0,2.46554,4.24879,0,0,0,6.71433,361,361,0,1,2.03342,2.03342,1971,388,5,1288,0,0,0,0,0,3761,4631.46,0.992583,7.92975,599918,184,59320,2256,1759225,736,237280,9024,32,4,867412,1712166,27757184,6848664,34605848,4,4,12,4,49,16,12,20,20,20260807,5,1,1,1,0,0,0,6455,0.268958,1,0.0015,0
2000,17812.3,10,0,2.27621,7.4725,0,0,0,9.74871,361,361,0,1,2.03342,2.03342,1971,388,5,1288,0,0,0,0,0,3761,4631.46,0.992583,7.92975,599918,184,59320,2256,1759225,736,237280,9024,32,4,867412,1712166,27757184,6848664,34605848,4,4,12,4,49,16,12,20,20,20260807,5,1,1,1,0,0,0,6455,0.268958,1,0.0015,0
2001,17819.8,8,0,2.38446,5.04442,0,0,0,7.42887,361,361,0,1,2.03342,2.03342,1971,388,5,1288,0,0,0,0,0,3761,4631.46,0.992583,7.92975,599918,184,59320,2256,1759225,736,237280,9024,32,4,867412,1712166,27757184,6848664,34605848,4,4,12,4,49,16,12,20,20,20260807,5,1,1,1,0,0,0,6455,0.268958,1,0.0015,0
2002,17828.9,9,0,2.30163,6.72037,0,0,0,9.022,361,361,0,1,2.03342,2.03342,1971,388,5,1288,0,0,0,0,0,3761,4631.46,0.992583,7.92975,599918,184,59320,2256,1759225,736,237280,9024,32,4,867412,1712166,27757184,6848664,34605848,4,4,12,4,49,16,12,20,20,20260807,5,1,1,1,0,0,0,6455,0.268958,1,0.0015,0
2003,17843.1,14,0,2.41012,11.69,0,0,0,14.1001,361,361,0,1,2.03342,2.03342,1971,388,5,1288,0,0,0,0,0,3761,4631.46,0.992583,7.92975,599918,184,59320,2256,1759225,736,237280,9024,32,4,867412,1712166,27757184,6848664,34605848,4,4,12,4,49,16,12,20,20,20260807,5,1,1,1,0,0,0,6455,0.268958,1,0.0015,0
2004,17852.6,10,0,2.26108,7.20979,0,0,0,9.47087,361,361,0,1,2.03342,2.03342,1971,388,5,1288,0,0,0,0,0,3761,4631.46,0.992583,7.92975,599918,184,59320,2256,1759225,736,237280,9024,32,4,867412,1712166,27757184,6848664,34605848,4,4,12,4,49,16,12,20,20,20260807,5,1,1,1,0,0,0,6456,0.269,1,0.0015,1
2005,17862.4,9,0,2.24446,7.39579,0,0,0,9.64025,361,361,0,1,2.03342,2.03342,1971,388,5,1288,0,0,0,0,0,3761,4631.46,0.992583,7.92975,599918,184,59320,2256,1759225,736,237280,9024,32,4,867412,1712166,27757184,6848664,34605848,4,4,12,4,49,16,12,20,20,20260807,5,1,1,1,0,0,0,6456,0.269,1,0.0015,0
2006,17869.3,7,0,2.36204,4.52267,0,0,0,6.88471,361,361,0,1,2.03342,2.03342,1971,388,5,1288,0,0,0,0,0,3761,4631.46,0.992583,7.92975,599918,184,59320,2256,1759225,736,237280,9024,32,4,867412,1712166,27757184,6848664,34605848,4,4,12,4,49,16,12,20,20,20260807,5,1,1,1,0,0,0,6456,0.269,1,0.0015,0
2007,17878.9,10,0,2.32733,7.21608,0,0,0,9.54342,361,361,0,1,2.03342,2.03342,1971,388,5,1288,0,0,0,0,0,3761,4631.46,0.992583,7.92975,599918,184,59320,2256,1759225,736,237280,9024,32,4,867412,1712166,27757184,6848664,34605848,4,4,12,4,49,16,12,20,20,20260807,5,1,1,1,0,0,0,6456,0.269,1,0.0015,0
2008,17885.7,7,0,2.31242,4.41754,0,0,0,6.72996,361,361,0,1,2.03342,2.03342,1971,388,5,1288,0,0,0,0,0,3761,4631.46,0.992583,7.92975,599918,184,59320,2256,1759225,736,237280,9024,32,4,867412,1712166,27757184,6848664,34605848,4,4,12,4,49,16,12,20,20,20260807,5,1,1,1,0,0,0,6456,0.269,1,0.0015,0
2009,17895.8,10,0,2.36204,7.62221,0,0,0,9.98425,361,361,0,1,2.03342,2.03342,1971,388,5,1288,0,0,0,0,0,3761,4631.46,0.992583,7.92975,599918,184,59320,2256,1759225,736,237280,9024,32,4,867412,1712166,27757184,6848664,34605848,4,4,12,4,49,16,12,20,20,20260807,5,1,1,1,0,0,0,6457,0.269042,1,0.0015,1
2010,17903.3,7,0,2.34092,5.08838,0,0,0,7.42929,361,361,0,1,2.03342,2.03342,1971,388,5,1288,0,0,0,0,0,3761,4631.46,0.992583,7.92975,599918,184,59320,2256,1759225,736,237280,9024,32,4,867412,1712166,27757184,6848664,34605848,4,4,12,4,49,16,12,20,20,20260807,5,1,1,1,0,0,0,6457,0.269042,1,0.0015,0
2011,17912.6,10,0,2.3195,6.80387,0,0,0,9.12337,361,361,0,1,2.03342,2.03342,1971,388,5,1288,0,0,0,0,0,3761,4631.46,0.992583,7.92975,599918,184,59320,2256,1759225,736,237280,9024,32,4,867412,1712166,27757184,6848664,34605848,4,4,12,4,49,16,12,20,20,20260807,5,1,1,1,0,0,0,6457,0.269042,1,0.0015,0
2012,17919.3,6,0,2.4335,4.16179,0,0,0,6.59529,361,361,0,1,2.03342,2.03342,1971,388,5,1288,0,0,0,0,0,3761,4631.46,0.992583,7.92975,599918,184,59320,2256,1759225,736,237280,9024,32,4,867412,1712166,27757184,6848664,34605848,4,4,12,4,49,16,12,20,20,20260807,5,1,1,1,0,0,0,6457,0.269042,1,0.0015,0
2013,17929.3,10,0,2.48517,7.41079,0,0,0,9.89596,361,361,0,1,2.03342,2.03342,1971,388,5,1288,0,0,0,0,0,3761,4631.46,0.992583,7.92975,599918,184,59320,2256,1759225,736,237280,9024,32,4,867412,1712166,27757184,6848664,34605848,4,4,12,4,49,16,12,20,20,20260807,5,1,1,1,0,0,0,6457,0.269042,1,0.0015,0
2014,17936.9,8,0,2.4995,5.06475,0,0,0,7.56425,361,361,0,1,2.03342,2.03342,1971,388,5,1288,0,0,0,0,0,3761,4631.46,0.992583,7.92975,599918,184,59320,2256,1759225,736,237280,9024,32,4,867412,1712166,27757184,6848664,34605848,4,4,12,4,49,16,12,20,20,20260807,5,1,1,1,0,0,0,6457,0.269042,1,0.0015,0
2015,17946,9,0,2.41017,6.566,0,0,0,8.97617,361,361,0,1,2.03342,2.03342,1971,388,5,1288,0,0,0,0,0,3761,4631.46,0.992583,7.92975,599918,184,59320,2256,1759225,736,237280,9024,32,4,867412,1712166,27757184,6848664,34605848,4,4,12,4,49,16,12,20,20,20260807,5,1,1,1,0,0,0,6458,0.269083,1,0.0015,1
2016,17952.6,7,0,2.41463,4.09962,0,0,0,6.51425,361,361,0,1,2.03342,2.03342,1971,388,5,1288,0,0,0,0,0,3761,4631.46,0.992583,7.92975,599918,184,59320,2256,1759225,736,237280,9024,32,4,867412,1712166,27757184,6848664,34605848,4,4,12,4,49,16,12,20,20,20260807,5,1,1,1,0,0,0,6458,0.269083,1,0.0015,0
2017,17963.4,10,0,2.59133,8.16404,0,0,0,10.7554,361,361,0,1,2.03342,2.03342,1971,388,5,1288,0,0,0,0,0,3761,4631.46,0.992583,7.92975,599918,184,59320,2256,1759225,736,237280,9024,32,4,867412,1712166,27757184,6848664,34605848,4,4,12,4,49,16,12,20,20,20260807,5,1,1,1,0,0,0,6458,0.269083,1,0.0015,0
2018,17970.2,7,0,2.33867,4.357,0,0,0,6.69567,361,361,0,1,2.03342,2.03342,1971,388,5,1288,0,0,0,0,0,3761,4631.46,0.992583,7.92975,599918,184,59320,2256,1759225,736,237280,9024,32,4,867412,1712166,27757184,6848664,34605848,4,4,12,4,49,16,12,20,20,20260807,5,1,1,1,0,0,0,6458,0.269083,1,0.0015,0
2019,17979.7,10,0,2.39983,7.03146,0,0,0,9.43129,361,361,0,1,2.03342,2.03342,1971,388,5,1288,0,0,0,0,0,3761,4631.46,0.992583,7.92975,599918,184,59320,2256,1759225,736,237280,9024,32,4,867412,1712166,27757184,6848664,34605848,4,4,12,4,49,16,12,20,20,20260807,5,1,1,1,0,0,0,6458,0.269083,1,0.0015,0
2020,17986.3,6,0,2.34063,4.16842,0,0,0,6.50904,361,361,0,1,2.03342,2.03342,1971,388,5,1288,0,0,0,0,0,3761,4631.46,0.992583,7.92975,599918,184,59320,2256,1759225,736,237280,9024,32,4,867412,1712166,27757184,6848664,34605848,4,4,12,4,49,16,12,20,20,20260807,5,1,1,1,0,0,0,6458,0.269083,1,0.0015,0
2021,17999.7,14,0,2.40604,10.9271,0,0,0,13.3331,361,361,0,1,2.03342,2.03342,1971,388,5,1288,0,0,0,0,0,3761,4631.46,0.992583,7.92975,599918,184,59320,2256,1759225,736,237280,9024,32,4,867412,1712166,27757184,6848664,34605848,4,4,12,4,49,16,12,20,20,20260807,5,1,1,1,0,0,0,6459,0.269125,1,0.0015,1
2022,18012.6,13,0,3.17729,9.58679,0,0,0,12.7641,361,361,0,1,2.03342,2.03342,1971,388,5,1288,0,0,0,0,0,3761,4631.46,0.992583,7.92975,599918,184,59320,2256,1759225,736,237280,9024,32,4,867412,1712166,27757184,6848664,34605848,4,4,12,4,49,16,12,20,20,20260807,5,1,1,1,0,0,0,6459,0.269125,1,0.0015,0
2023,18019.3,6,0,2.40892,4.2555,0,0,0,6.66442,361,361,0,1,2.03342,2.03342,1971,388,5,1288,0,0,0,0,0,3761,4631.46,0.992583,7.92975,599918,184,59320,2256,1759225,736,237280,9024,32,4,867412,1712166,27757184,6848664,34605848,4,4,12,4,49,16,12,20,20,20260807,5,1,1,1,0,0,0,6459,0.269125,1,0.0015,0
2024,18029.1,10,0,2.24496,7.45208,0,0,0,9.69704,361,361,0,1,2.03342,2.03342,1971,388,5,1288,0,0,0,0,0,3761,4631.46,0.992583,7.92975,599918,184,59320,2256,1759225,736,237280,9024,32,4,867412,1712166,27757184,6848664,34605848,4,4,12,4,49,16,12,20,20,20260807,5,1,1,1,0,0,0,6459,0.269125,1,0.0015,0
2025,18036.7,8,0,2.43667,5.03558,0,0,0,7.47225,361,361,0,1,2.03342,2.03342,1971,388,5,1288,0,0,0,0,0,3761,4631.46,0.992583,7.92975,599918,184,59320,2256,1759225,736,237280,9024,32,4,867412,1712166,27757184,6848664,34605848,4,4,12,4,49,16,12,20,20,20260807,5,1,1,1,0,0,0,6459,0.269125,1,0.0015,0
2026,18045.9,9,0,2.42738,6.70954,0,0,0,9.13692,361,361,0,1,2.03342,2.03342,1971,388,5,1288,0,0,0,0,0,3761,4631.46,0.992583,7.92975,599918,184,59320,2256,1759225,736,237280,9024,32,4,867412,1712166,27757184,6848664,34605848,4,4,12,4,49,16,12,20,20,20260807,5,1,1,1,0,0,0,6460,0.269167,1,0.0015,1
2027,18052.6,7,0,2.42554,4.19421,0,0,0,6.61975,361,361,0,1,2.03342,2.03342,1971,388,5,1288,0,0,0,0,0,3761,4631.46,0.992583,7.92975,599918,184,59320,2256,1759225,736,237280,9024,32,4,867412,1712166,27757184,6848664,34605848,4,4,12,4,49,16,12,20,20,20260807,5,1,1,1,0,0,0,6460,0.269167,1,0.0015,0
2028,18063.1,10,0,2.36179,8.02737,0,0,0,10.3892,361,361,0,1,2.03342,2.03342,1971,388,5,1288,0,0,0,0,0,3761,4631.46,0.992583,7.92975,599918,184,59320,2256,1759225,736,237280,9024,32,4,867412,1712166,27757184,6848664,34605848,4,4,12,4,49,16,12,20,20,20260807,5,1,1,1,0,0,0,6460,0.269167,1,0.0015,0
2029,18069.9,7,0,2.46683,4.25017,0,0,0,6.717,361,361,0,1,2.03342,2.03342,1971,388,5,1288,0,0,0,0,0,3761,4631.46,0.992583,7.92975,599918,184,59320,2256,1759225,736,237280,9024,32,4,867412,1712166,27757184,6848664,34605848,4,4,12,4,49,16,12,20,20,20260807,5,1,1,1,0,0,0,6460,0.269167,1,0.0015,0
2030,18079.4,9,0,2.29167,7.11392,0,0,0,9.40558,361,361,0,1,2.03342,2.03342,1971,388,5,1288,0,0,0,0,0,3761,4631.46,0.992583,7.92975,599918,184,59320,2256,1759225,736,237280,9024,32,4,867412,1712166,27757184,6848664,34605848,4,4,12,4,49,16,12,20,20,20260807,5,1,1,1,0,0,0,6460,0.269167,1,0.0015,0
2031,18085.7,7,0,2.24229,3.99833,0,0,0,6.24062,361,361,0,1,2.03342,2.03342,1971,388,5,1288,0,0,0,0,0,3761,4631.46,0.992583,7.92975,599918,184,59320,2256,1759225,736,237280,9024,32,4,867412,1712166,27757184,6848664,34605848,4,4,12,4,49,16,12,20,20,20260807,5,1,1,1,0,0,0,6460,0.269167,1,0.0015,0
2032,18095.8,10,0,2.45817,7.49492,0,0,0,9.95308,361,361,0,1,2.03342,2.03342,1971,388,5,1288,0,0,0,0,0,3761,4631.46,0.992583,7.92975,599918,184,59320,2256,1759225,736,237280,9024,32,4,867412,1712166,27757184,6848664,34605848,4,4,12,4,49,16,12,20,20,20260807,5,1,1,1,0,0,0,6461,0.269208,1,0.0015,1
2033,18102.6,7,0,2.39917,4.32704,0,0,0,6.72621,361,361,0,1,2.03342,2.03342,1971,388,5,1288,0,0,0,0,0,3761,4631.46,0.992583,7.92975,599918,184,59320,2256,1759225,736,237280,9024,32,4,867412,1712166,27757184,6848664,34605848,4,4,12,4,49,16,12,20,20,20260807,5,1,1,1,0,0,0,6461,0.269208,1,0.0015,0
2034,18112.8,10,0,2.34563,7.78492,0,0,0,10.1305,361,361,0,1,2.03342,2.03342,1971,388,5,1288,0,0,0,0,0,3761,4631.46,0.992583,7.92975,599918,184,59320,2256,1759225,736,237280,9024,32,4,867412,1712166,27757184,6848664,34605848,4,4,12,4,49,16,12,20,20,20260807,5,1,1,1,0,0,0,6461,0.269208,1,0.0015,0
2035,18119.4,6,0,2.38421,4.15108,0,0,0,6.53529,361,361,0,1,2.03342,2.03342,1971,388,5,1288,0,0,0,0,0,3761,4631.46,0.992583,7.92975,599918,184,59320,2256,1759225,736,237280,9024,32,4,867412,1712166,27757184,6848664,34605848,4,4,12,4,49,16,12,20,20,20260807,5,1,1,1,0,0,0,6461,0.269208,1,0.0015,0
2036,18129.3,10,0,2.38504,7.36913,0,0,0,9.75417,361,361,0,1,2.03342,2.03342,1971,388,5,1288,0,0,0,0,0,3761,4631.46,0.992583,7.92975,599918,184,59320,2256,1759225,736,237280,9024,32,4,867412,1712166,27757184,6848664,34605848,4,4,12,4,49,16,12,20,20,20260807,5,1,1,1,0,0,0,6461,0.269208,1,0.0015,0
2037,18138.5,9,0,2.34175,6.764,0,0,0,9.10575,361,361,0,1,2.03342,2.03342,1971,388,5,1288,0,0,0,0,0,3761,4631.46,0.992583,7.92975,599918,184,59320,2256,1759225,736,237280,9024,32,4,867412,1712166,27757184,6848664,34605848,4,4,12,4,49,16,12,20,20,20260807,5,1,1,1,0,0,0,6461,0.269208,1,0.0015,0
2038,18145.9,8,0,2.27621,5.03567,0,0,0,7.31187,361,361,0,1,2.03342,2.03342,1971,388,5,1288,0,0,0,0,0,3761,4631.46,0.992583,7.92975,599918,184,59320,2256,1759225,736,237280,9024,32,4,867412,1712166,27757184,6848664,34605848,4,4,12,4,49,16,12,20,20,20260807,5,1,1,1,0,0,0,6462,0.26925,1,0.0015,1
2039,18153.1,7,0,2.44992,4.66988,0,0,0,7.11979,361,361,0,1,2.03342,2.03342,1971,388,5,1288,0,0,0,0,0,3761,4631.46,0.992583,7.92975,599918,184,59320,2256,1759225,736,237280,9024,32,4,867412,1712166,27757184,6848664,34605848,4,4,12,4,49,16,12,20,20,20260807,5,1,1,1,0,0,0,6462,0.26925,1,0.0015,0
2040,18162.9,10,0,2.29317,7.41283,0,0,0,9.706,361,361,0,1,2.03342,2.03342,1971,388,5,1288,0,0,0,0,0,3761,4631.46,0.992583,7.92975,599918,184,59320,2256,1759225,736,237280,9024,32,4,867412,1712166,27757184,6848664,34605848,4,4,12,4,49,16,12,20,20,20260807,5,1,1,1,0,0,0,6462,0.26925,1,0.0015,0
2041,18169.6,7,0,2.38767,4.22804,0,0,0,6.61571,361,361,0,1,2.03342,2.03342,1971,388,5,1288,0,0,0,0,0,3761,4631.46,0.992583,7.92975,599918,184,59320,2256,1759225,736,237280,9024,32,4,867412,1712166,27757184,6848664,34605848,4,4,12,4,49,16,12,20,20,20260807,5,1,1,1,0,0,0,6462,0.26925,1,0.0015,0
2042,18179.2,9,0,2.46904,7.03308,0,0,0,9.50212,361,361,0,1,2.03342,2.03342,1971,388,5,1288,0,0,0,0,0,3761,4631.46,0.992583,7.92975,599918,184,59320,2256,1759225,736,237280,9024,32,4,867412,1712166,27757184,6848664,34605848,4,4,12,4,49,16,12,20,20,20260807,5,1,1,1,0,0,0,6462,0.26925,1,0.0015,0
2043,18186,7,0,2.39608,4.33154,0,0,0,6.72762,361,361,0,1,2.03342,2.03342,1971,388,5,1288,0,0,0,0,0,3761,4631.46,0.992583,7.92975,599918,184,59320,2256,1759225,736,237280,9024,32,4,867412,1712166,27757184,6848664,34605848,4,4,12,4,49,16,12,20,20,20260807,5,1,1,1,0,0,0,6462,0.26925,1,0.0015,0
2044,18196.2,10,0,2.59979,7.45233,0,0,0,10.0521,361,361,0,1,2.03342,2.03342,1971,388,5,1288,0,0,0,0,0,3761,4631.46,0.992583,7.92975,599918,184,59320,2256,1759225,736,237280,9024,32,4,867412,1712166,27757184,6848664,34605848,4,4,12,4,49,16,12,20,20,20260807,5,1,1,1,0,0,0,6463,0.269292,1,0.0015,1
2045,18202.8,7,0,2.51158,4.00012,0,0,0,6.51171,361,361,0,1,2.03342,2.03342,1971,388,5,1288,0,0,0,0,0,3761,4631.46,0.992583,7.92975,599918,184,59320,2256,1759225,736,237280,9024,32,4,867412,1712166,27757184,6848664,34605848,4,4,12,4,49,16,12,20,20,20260807,5,1,1,1,0,0,0,6463,0.269292,1,0.0015,0
2046,18212.3,9,0,2.33604,7.1375,0,0,0,9.47354,361,361,0,1,2.03342,2.03342,1971,388,5,1288,0,0,0,0,0,3761,4631.46,0.992583,7.92975,599918,184,59320,2256,1759225,736,237280,9024,32,4,867412,1712166,27757184,6848664,34605848,4,4,12,4,49,16,12,20,20,20260807,5,1,1,1,0,0,0,6463,0.269292,1,0.0015,0
2047,18219.1,7,0,2.33629,4.40371,0,0,0,6.74,361,361,0,1,2.03342,2.03342,1971,388,5,1288,0,0,0,0,0,3761,4631.46,0.992583,7.92975,599918,184,59320,2256,1759225,736,237280,9024,32,4,867412,1712166,27757184,6848664,34605848,4,4,12,4,49,16,12,20,20,20260807,5,1,1,1,0,0,0,6463,0.269292,1,0.0015,0
2048,18229.2,10,0,2.28858,7.74183,0,0,0,10.0304,361,361,0,1,2.03342,2.03342,1971,388,5,1288,0,0,0,0,0,3761,4631.46,0.992583,7.92975,599918,184,59320,2256,1759225,736,237280,9024,32,4,867412,1712166,27757184,6848664,34605848,4,4,12,4,49,16,12,20,20,20260807,5,1,1,1,0,0,0,6463,0.269292,1,0.0015,0
2049,18238.8,10,0,2.44171,4.02121,0,0,0,6.46292,361,361,0,1,2.03342,2.03342,1971,388,5,1288,0,0,0,0,0,3761,4631.46,0.992583,7.92975,599918,184,59320,2256,1759225,736,237280,9024,32,4,867412,1712166,27757184,6848664,34605848,4,4,12,4,49,16,12,20,20,20260807,5,1,1,1,0,0,0,6463,0.269292,1,0.0015,0
2050,18245.8,7,0,2.32579,4.60317,0,0,0,6.92896,361,361,0,1,2.03342,2.03342,1971,388,5,1288,0,0,0,0,0,3761,4631.46,0.992583,7.92975,599918,184,59320,2256,1759225,736,237280,9024,32,4,867412,1712166,27757184,6848664,34605848,4,4,12,4,49,16,12,20,20,20260807,5,1,1,1,0,0,0,6464,0.269333,1,0.0015,1
2051,18252.2,6,0,2.34025,4.03075,0,0,0,6.371,361,361,0,1,2.03342,2.03342,1971,388,5,1288,0,0,0,0,0,3761,4631.46,0.992583,7.92975,599918,184,59320,2256,1759225,736,237280,9024,32,4,867412,1712166,27757184,6848664,34605848,4,4,12,4,49,16,12,20,20,20260807,5,1,1,1,0,0,0,6464,0.269333,1,0.0015,0
2052,18262.4,10,0,2.68558,7.39687,0,0,0,10.0825,361,361,0,1,2.03342,2.03342,1971,388,5,1288,0,0,0,0,0,3761,4631.46,0.992583,7.92975,599918,184,59320,2256,1759225,736,237280,9024,32,4,867412,1712166,27757184,6848664,34605848,4,4,12,4,49,16,12,20,20,20260807,5,1,1,1,0,0,0,6464,0.269333,1,0.0015,0
2053,18269,7,0,2.44558,4.01017,0,0,0,6.45575,361,361,0,1,2.03342,2.03342,1971,388,5,1288,0,0,0,0,0,3761,4631.46,0.992583,7.92975,599918,184,59320,2256,1759225,736,237280,9024,32,4,867412,1712166,27757184,6848664,34605848,4,4,12,4,49,16,12,20,20,20260807,5,1,1,1,0,0,0,6464,0.269333,1,0.0015,0
2054,18279.2,10,0,2.8485,7.29408,0,0,0,10.1426,361,361,0,1,2.03342,2.03342,1971,388,5,1288,0,0,0,0,0,3761,4631.46,0.992583,7.92975,599918,184,59320,2256,1759225,736,237280,9024,32,4,867412,1712166,27757184,6848664,34605848,4,4,12,4,49,16,12,20,20,20260807,5,1,1,1,0,0,0,6464,0.269333,1,0.0015,0
2055,18287,8,0,2.41262,5.29458,0,0,0,7.70721,361,361,0,1,2.03342,2.03342,1971,388,5,1288,0,0,0,0,0,3761,4631.46,0.992583,7.92975,599918,184,59320,2256,1759225,736,237280,9024,32,4,867412,1712166,27757184,6848664,34605848,4,4,12,4,49,16,12,20,20,20260807,5,1,1,1,0,0,0,6464,0.269333,1,0.0015,0
2056,18295.6,9,0,2.32796,6.14071,0,0,0,8.46867,361,361,0,1,2.03342,2.03342,1971,388,5,1288,0,0,0,0,0,3761,4631.46,0.992583,7.92975,599918,184,59320,2256,1759225,736,237280,9024,32,4,867412,1712166,27757184,6848664,34605848,4,4,12,4,49,16,12,20,20,20260807,5,1,1,1,0,0,0,6465,0.269375,1,0.0015,1
2057,18301.7,6,0,2.22279,3.83854,0,0,0,6.06133,361,361,0,1,2.03342,2.03342,1971,388,5,1288,0,0,0,0,0,3761,4631.46,0.992583,7.92975,599918,184,59320,2256,1759225,736,237280,9024,32,4,867412,1712166,27757184,6848664,34605848,4,4,12,4,49,16,12,20,20,20260807,5,1,1,1,0,0,0,6465,0.269375,1,0.0015,0
2058,18312.2,10,0,2.34587,8.11187,0,0,0,10.4578,361,361,0,1,2.03342,2.03342,1971,388,5,1288,0,0,0,0,0,3761,4631.46,0.992583,7.92975,599918,184,59320,2256,1759225,736,237280,9024,32,4,867412,1712166,27757184,6848664,34605848,4,4,12,4,49,16,12,20,20,20260807,5,1,1,1,0,0,0,6465,0.269375,1,0.0015,0
2059,18318.6,7,0,2.36379,3.90246,0,0,0,6.26625,361,361,0,1,2.03342,2.03342,1971,388,5,1288,0,0,0,0,0,3761,4631.46,0.992583,7.92975,599918,184,59320,2256,1759225,736,237280,9024,32,4,867412,1712166,27757184,6848664,34605848,4,4,12,4,49,16,12,20,20,20260807,5,1,1,1,0,0,0,6465,0.269375,1,0.0015,0
2060,18329,10,0,2.31983,7.9875,0,0,0,10.3073,361,361,0,1,2.03342,2.03342,1971,388,5,1288,0,0,0,0,0,3761,4631.46,0.992583,7.92975,599918,184,59320,2256,1759225,736,237280,9024,32,4,867412,1712166,27757184,6848664,34605848,4,4,12,4,49,16,12,20,20,20260807,5,1,1,1,0,0,0,6465,0.269375,1,0.0015,0
2061,18335.3,6,0,2.36204,3.92779,0,0,0,6.28983,361,361,0,1,2.03342,2.03342,1971,388,5,1288,0,0,0,0,0,3761,4631.46,0.992583,7.92975,599918,184,59320,2256,1759225,736,237280,9024,32,4,867412,1712166,27757184,6848664,34605848,4,4,12,4,49,16,12,20,20,20260807,5,1,1,1,0,0,0,6465,0.269375,1,0.0015,0
2062,18345.7,11,0,2.30633,7.94658,0,0,0,10.2529,361,361,0,1,2.03342,2.03342,1971,388,5,1288,0,0,0,0,0,3761,4631.46,0.992583,7.92975,599918,184,59320,2256,1759225,736,237280,9024,32,4,867412,1712166,27757184,6848664,34605848,4,4,12,4,49,16,12,20,20,20260807,5,1,1,1,0,0,0,6466,0.269417,1,0.0015,1
2063,18352.1,6,0,2.32529,3.99979,0,0,0,6.32508,361,361,0,1,2.03342,2.03342,1971,388,5,1288,0,0,0,0,0,3761,4631.46,0.992583,7.92975,599918,184,59320,2256,1759225,736,237280,9024,32,4,867412,1712166,27757184,6848664,34605848,4,4,12,4,49,16,12,20,20,20260807,5,1,1,1,0,0,0,6466,0.269417,1,0.0015,0
2064,18362.5,11,0,2.30321,8.0695,0,0,0,10.3727,361,361,0,1,2.03342,2.03342,1971,388,5,1288,0,0,0,0,0,3761,4631.46,0.992583,7.92975,599918,184,59320,2256,1759225,736,237280,9024,32,4,867412,1712166,27757184,6848664,34605848,4,4,12,4,49,16,12,20,20,20260807,5,1,1,1,0,0,0,6466,0.269417,1,0.0015,0
2065,18368.9,7,0,2.43546,3.87221,0,0,0,6.30767,361,361,0,1,2.03342,2.03342,1971,388,5,1288,0,0,0,0,0,3761,4631.46,0.992583,7.92975,599918,184,59320,2256,1759225,736,237280,9024,32,4,867412,1712166,27757184,6848664,34605848,4,4,12,4,49,16,12,20,20,20260807,5,1,1,1,0,0,0,6466,0.269417,1,0.0015,0
2066,18379.1,9,0,2.308,7.81288,0,0,0,10.1209,361,361,0,1,2.03342,2.03342,1971,388,5,1288,0,0,0,0,0,3761,4631.46,0.992583,7.92975,599918,184,59320,2256,1759225,736,237280,9024,32,4,867412,1712166,27757184,6848664,34605848,4,4,12,4,49,16,12,20,20,20260807,5,1,1,1,0,0,0,6466,0.269417,1,0.0015,0
2067,18387.1,8,0,2.39704,5.44492,0,0,0,7.84196,361,361,0,1,2.03342,2.03342,1971,388,5,1288,0,0,0,0,0,3761,4631.46,0.992583,7.92975,599918,184,59320,2256,1759225,736,237280,9024,32,4,867412,1712166,27757184,6848664,34605848,4,4,12,4,49,16,12,20,20,20260807,5,1,1,1,0,0,0,6466,0.269417,1,0.0015,0
2068,18395.7,9,0,2.2825,6.25571,0,0,0,8.53821,361,361,0,1,2.03342,2.03342,1971,388,5,1288,0,0,0,0,0,3761,4631.46,0.992583,7.92975,599918,184,59320,2256,1759225,736,237280,9024,32,4,867412,1712166,27757184,6848664,34605848,4,4,12,4,49,16,12,20,20,20260807,5,1,1,1,0,0,0,6467,0.269458,1,0.0015,1
2069,18402.1,6,0,2.34442,3.9855,0,0,0,6.32992,361,361,0,1,2.03342,2.03342,1971,388,5,1288,0,0,0,0,0,3761,4631.46,0.992583,7.92975,599918,184,59320,2256,1759225,736,237280,9024,32,4,867412,1712166,27757184,6848664,34605848,4,4,12,4,49,16,12,20,20,20260807,5,1,1,1,0,0,0,6467,0.269458,1,0.0015,0
2070,18412.4,10,0,2.26754,7.97042,0,0,0,10.238,361,361,0,1,2.03342,2.03342,1971,388,5,1288,0,0,0,0,0,3761,4631.46,0.992583,7.92975,599918,184,59320,2256,1759225,736,237280,9024,32,4,867412,1712166,27757184,6848664,34605848,4,4,12,4,49,16,12,20,20,20260807,5,1,1,1,0,0,0,6467,0.269458,1,0.0015,0
2071,18419,7,0,2.27517,4.22079,0,0,0,6.49596,361,361,0,1,2.03342,2.03342,1971,388,5,1288,0,0,0,0,0,3761,4631.46,0.992583,7.92975,599918,184,59320,2256,1759225,736,237280,9024,32,4,867412,1712166,27757184,6848664,34605848,4,4,12,4,49,16,12,20,20,20260807,5,1,1,1,0,0,0,6467,0.269458,1,0.0015,0
2072,18429.1,10,0,2.33462,7.661,0,0,0,9.99563,361,361,0,1,2.03342,2.03342,1971,388,5,1288,0,0,0,0,0,3761,4631.46,0.992583,7.92975,599918,184,59320,2256,1759225,736,237280,9024,32,4,867412,1712166,27757184,6848664,34605848,4,4,12,4,49,16,12,20,20,20260807,5,1,1,1,0,0,0,6467,0.269458,1,0.0015,0
2073,18435.7,7,0,2.27771,4.27004,0,0,0,6.54775,361,361,0,1,2.03342,2.03342,1971,388,5,1288,0,0,0,0,0,3761,4631.46,0.992583,7.92975,599918,184,59320,2256,1759225,736,237280,9024,32,4,867412,1712166,27757184,6848664,34605848,4,4,12,4,49,16,12,20,20,20260807,5,1,1,1,0,0,0,6467,0.269458,1,0.0015,0
2074,18445.8,10,0,2.49746,7.47096,0,0,0,9.96842,361,361,0,1,2.03342,2.03342,1971,388,5,1288,0,0,0,0,0,3761,4631.46,0.992583,7.92975,599918,184,59320,2256,1759225,736,237280,9024,32,4,867412,1712166,27757184,6848664,34605848,4,4,12,4,49,16,12,20,20,20260807,5,1,1,1,0,0,0,6468,0.2695,1,0.0015,1
2075,18452.7,7,0,2.3355,4.4885,0,0,0,6.824,361,361,0,1,2.03342,2.03342,1971,388,5,1288,0,0,0,0,0,3761,4631.46,0.992583,7.92975,599918,184,59320,2256,1759225,736,237280,9024,32,4,867412,1712166,27757184,6848664,34605848,4,4,12,4,49,16,12,20,20,20260807,5,1,1,1,0,0,0,6468,0.2695,1,0.0015,0
2076,18462.5,9,0,2.53575,7.17592,0,0,0,9.71167,361,361,0,1,2.03342,2.03342,1971,388,5,1288,0,0,0,0,0,3761,4631.46,0.992583,7.92975,599918,184,59320,2256,1759225,736,237280,9024,32,4,867412,1712166,27757184,6848664,34605848,4,4,12,4,49,16,12,20,20,20260807,5,1,1,1,0,0,0,6468,0.2695,1,0.0015,0
2077,18469.4,7,0,2.35121,4.44262,0,0,0,6.79383,361,361,0,1,2.03342,2.03342,1971,388,5,1288,0,0,0,0,0,3761,4631.46,0.992583,7.92975,599918,184,59320,2256,1759225,736,237280,9024,32,4,867412,1712166,27757184,6848664,34605848,4,4,12,4,49,16,12,20,20,20260807,5,1,1,1,0,0,0,6468,0.2695,1,0.0015,0
2078,18479.1,10,0,2.44746,7.18583,0,0,0,9.63329,361,361,0,1,2.03342,2.03342,1971,388,5,1288,0,0,0,0,0,3761,4631.46,0.992583,7.92975,599918,184,59320,2256,1759225,736,237280,9024,32,4,867412,1712166,27757184,6848664,34605848,4,4,12,4,49,16,12,20,20,20260807,5,1,1,1,0,0,0,6468,0.2695,1,0.0015,0
2079,18485.2,6,0,2.36796,3.69996,0,0,0,6.06792,361,361,0,1,2.03342,2.03342,1971,388,5,1288,0,0,0,0,0,3761,4631.46,0.992583,7.92975,599918,184,59320,2256,1759225,736,237280,9024,32,4,867412,1712166,27757184,6848664,34605848,4,4,12,4,49,16,12,20,20,20260807,5,1,1,1,0,0,0,6468,0.2695,1,0.0015,0
2080,18495.7,11,0,2.565,7.83183,0,0,0,10.3968,361,361,0,1,2.03342,2.03342,1971,388,5,1288,0,0,0,0,0,3761,4631.46,0.992583,7.92975,599918,184,59320,2256,1759225,736,237280,9024,32,4,867412,1712166,27757184,6848664,34605848,4,4,12,4,49,16,12,20,20,20260807,5,1,1,1,0,0,0,6469,0.269542,1,0.0015,1
2081,18502.9,7,0,2.408,4.63262,0,0,0,7.04063,361,361,0,1,2.03342,2.03342,1971,388,5,1288,0,0,0,0,0,3761,4631.46,0.992583,7.92975,599918,184,59320,2256,1759225,736,237280,9024,32,4,867412,1712166,27757184,6848664,34605848,4,4,12,4,49,16,12,20,20,20260807,5,1,1,1,0,0,0,6469,0.269542,1,0.0015,0
2082,18512.8,10,0,2.44896,7.4295,0,0,0,9.87846,361,361,0,1,2.03342,2.03342,1971,388,5,1288,0,0,0,0,0,3761,4631.46,0.992583,7.92975,599918,184,59320,2256,1759225,736,237280,9024,32,4,867412,1712166,27757184,6848664,34605848,4,4,12,4,49,16,12,20,20,20260807,5,1,1,1,0,0,0,6469,0.269542,1,0.0015,0
2083,18523.5,10,0,2.40067,8.14896,0,0,0,10.5496,361,361,0,1,2.03342,2.03342,1971,388,5,1288,0,0,0,0,0,3761,4631.46,0.992583,7.92975,599918,184,59320,2256,1759225,736,237280,9024,32,4,867412,1712166,27757184,6848664,34605848,4,4,12,4,49,16,12,20,20,20260807,5,1,1,1,0,0,0,6469,0.269542,1,0.0015,0
2084,18530.4,7,0,2.43054,4.4155,0,0,0,6.84604,361,361,0,1,2.03342,2.03342,1971,388,5,1288,0,0,0,0,0,3761,4631.46,0.992583,7.92975,599918,184,59320,2256,1759225,736,237280,9024,32,4,867412,1712166,27757184,6848664,34605848,4,4,12,4,49,16,12,20,20,20260807,5,1,1,1,0,0,0,6469,0.269542,1,0.0015,0
2085,18537.1,7,0,2.39425,4.20504,0,0,0,6.59929,361,361,0,1,2.03342,2.03342,1971,388,5,1288,0,0,0,0,0,3761,4631.46,0.992583,7.92975,599918,184,59320,2256,1759225,736,237280,9024,32,4,867412,1712166,27757184,6848664,34605848,4,4,12,4,49,16,12,20,20,20260807,5,1,1,1,0,0,0,6469,0.269542,1,0.0015,0
2086,18545.9,9,0,2.51467,6.17117,0,0,0,8.68583,361,361,0,1,2.03342,2.03342,1971,388,5,1288,0,0,0,0,0,3761,4631.46,0.992583,7.92975,599918,184,59320,2256,1759225,736,237280,9024,32,4,867412,1712166,27757184,6848664,34605848,4,4,12,4,49,16,12,20,20,20260807,5,1,1,1,0,0,0,6470,0.269583,1,0.0015,1
2087,18552.4,6,0,2.45987,3.9745,0,0,0,6.43438,361,361,0,1,2.03342,2.03342,1971,388,5,1288,0,0,0,0,0,3761,4631.46,0.992583,7.92975,599918,184,59320,2256,1759225,736,237280,9024,32,4,867412,1712166,27757184,6848664,34605848,4,4,12,4,49,16,12,20,20,20260807,5,1,1,1,0,0,0,6470,0.269583,1,0.0015,0
2088,18565.6,14,0,2.40271,10.7073,0,0,0,13.11,361,361,0,1,2.03342,2.03342,1971,388,5,1288,0,0,0,0,0,3761,4631.46,0.992583,7.92975,599918,184,59320,2256,1759225,736,237280,9024,32,4,867412,1712166,27757184,6848664,34605848,4,4,12,4,49,16,12,20,20,20260807,5,1,1,1,0,0,0,6470,0.269583,1,0.0015,0
2089,18579.3,13,0,2.42246,11.172,0,0,0,13.5945,361,361,0,1,2.03342,2.03342,1971,388,5,1288,0,0,0,0,0,3761,4631.46,0.992583,7.92975,599918,184,59320,2256,1759225,736,237280,9024,32,4,867412,1712166,27757184,6848664,34605848,4,4,12,4,49,16,12,20,20,20260807,5,1,1,1,0,0,0,6470,0.269583,1,0.0015,0
2090,18586.8,8,0,2.41371,5.04413,0,0,0,7.45783,361,361,0,1,2.03342,2.03342,1971,388,5,1288,0,0,0,0,0,3761,4631.46,0.992583,7.92975,599918,184,59320,2256,1759225,736,237280,9024,32,4,867412,1712166,27757184,6848664,34605848,4,4,12,4,49,16,12,20,20,20260807,5,1,1,1,0,0,0,6470,0.269583,1,0.0015,0
2091,18595.9,9,0,2.48171,6.48421,0,0,0,8.96592,361,361,0,1,2.03342,2.03342,1971,388,5,1288,0,0,0,0,0,3761,4631.46,0.992583,7.92975,599918,184,59320,2256,1759225,736,237280,9024,32,4,867412,1712166,27757184,6848664,34605848,4,4,12,4,49,16,12,20,20,20260807,5,1,1,1,0,0,0,6471,0.269625,1,0.0015,1
2092,18602.2,6,0,2.39771,3.8895,0,0,0,6.28721,361,361,0,1,2.03342,2.03342,1971,388,5,1288,0,0,0,0,0,3761,4631.46,0.992583,7.92975,599918,184,59320,2256,1759225,736,237280,9024,32,4,867412,1712166,27757184,6848664,34605848,4,4,12,4,49,16,12,20,20,20260807,5,1,1,1,0,0,0,6471,0.269625,1,0.0015,0
2093,18612.5,10,0,2.28512,7.85592,0,0,0,10.141,361,361,0,1,2.03342,2.03342,1971,388,5,1288,0,0,0,0,0,3761,4631.46,0.992583,7.92975,599918,184,59320,2256,1759225,736,237280,9024,32,4,867412,1712166,27757184,6848664,34605848,4,4,12,4,49,16,12,20,20,20260807,5,1,1,1,0,0,0,6471,0.269625,1,0.0015,0
2094,18618.8,7,0,2.31729,3.90933,0,0,0,6.22663,361,361,0,1,2.03342,2.03342,1971,388,5,1288,0,0,0,0,0,3761,4631.46,0.992583,7.92975,599918,184,59320,2256,1759225,736,237280,9024,32,4,867412,1712166,27757184,6848664,34605848,4,4,12,4,49,16,12,20,20,20260807,5,1,1,1,0,0,0,6471,0.269625,1,0.0015,0
2095,18629.2,10,0,2.44862,7.85213,0,0,0,10.3008,361,361,0,1,2.03342,2.03342,1971,388,5,1288,0,0,0,0,0,3761,4631.46,0.992583,7.92975,599918,184,59320,2256,1759225,736,237280,9024,32,4,867412,1712166,27757184,6848664,34605848,4,4,12,4,49,16,12,20,20,20260807,5,1,1,1,0,0,0,6471,0.269625,1,0.0015,0
2096,18636.2,7,0,2.35996,4.59767,0,0,0,6.95763,361,361,0,1,2.03342,2.03342,1971,388,5,1288,0,0,0,0,0,3761,4631.46,0.992583,7.92975,599918,184,59320,2256,1759225,736,237280,9024,32,4,867412,1712166,27757184,6848664,34605848,4,4,12,4,49,16,12,20,20,20260807,5,1,1,1,0,0,0,6471,0.269625,1,0.0015,0
2097,18645.8,10,0,2.33675,7.15238,0,0,0,9.48912,361,361,0,1,2.03342,2.03342,1971,388,5,1288,0,0,0,0,0,3761,4631.46,0.992583,7.92975,599918,184,59320,2256,1759225,736,237280,9024,32,4,867412,1712166,27757184,6848664,34605848,4,4,12,4,49,16,12,20,20,20260807,5,1,1,1,0,0,0,6472,0.269667,1,0.0015,1
2098,18652.2,6,0,2.42192,3.86046,0,0,0,6.28238,361,361,0,1,2.03342,2.03342,1971,388,5,1288,0,0,0,0,0,3761,4631.46,0.992583,7.92975,599918,184,59320,2256,1759225,736,237280,9024,32,4,867412,1712166,27757184,6848664,34605848,4,4,12,4,49,16,12,20,20,20260807,5,1,1,1,0,0,0,6472,0.269667,1,0.0015,0
2099,18662.5,10,0,2.45725,7.74846,0,0,0,10.2057,361,361,0,1,2.03342,2.03342,1971,388,5,1288,0,0,0,0,0,3761,4631.46,0.992583,7.92975,599918,184,59320,2256,1759225,736,237280,9024,32,4,867412,1712166,27757184,6848664,34605848,4,4,12,4,49,16,12,20,20,20260807,5,1,1,1,0,0,0,6472,0.269667,1,0.0015,0
2100,18668.9,7,0,2.35575,3.97788,0,0,0,6.33362,361,361,0,1,2.03342,2.03342,1971,388,5,1288,0,0,0,0,0,3761,4631.46,0.992583,7.92975,599918,184,59320,2256,1759225,736,237280,9024,32,4,867412,1712166,27757184,6848664,34605848,4,4,12,4,49,16,12,20,20,20260807,5,1,1,1,0,0,0,6472,0.269667,1,0.0015,0
2101,18679.1,10,0,2.44488,7.70929,0,0,0,10.1542,361,361,0,1,2.03342,2.03342,1971,388,5,1288,0,0,0,0,0,3761,4631.46,0.992583,7.92975,599918,184,59320,2256,1759225,736,237280,9024,32,4,867412,1712166,27757184,6848664,34605848,4,4,12,4,49,16,12,20,20,20260807,5,1,1,1,0,0,0,6472,0.269667,1,0.0015,0
2102,18685.5,6,0,2.34958,3.8865,0,0,0,6.23608,361,361,0,1,2.03342,2.03342,1971,388,5,1288,0,0,0,0,0,3761,4631.46,0.992583,7.92975,599918,184,59320,2256,1759225,736,237280,9024,32,4,867412,1712166,27757184,6848664,34605848,4,4,12,4,49,16,12,20,20,20260807,5,1,1,1,0,0,0,6472,0.269667,1,0.0015,0
2103,18695.9,11,0,2.39479,7.92638,0,0,0,10.3212,361,361,0,1,2.03342,2.03342,1971,388,5,1288,0,0,0,0,0,3761,4631.46,0.992583,7.92975,599918,184,59320,2256,1759225,736,237280,9024,32,4,867412,1712166,27757184,6848664,34605848,4,4,12,4,49,16,12,20,20,20260807,5,1,1,1,0,0,0,6473,0.269708,1,0.0015,1
2104,18702.6,7,0,2.4235,4.23058,0,0,0,6.65408,361,361,0,1,2.03342,2.03342,1971,388,5,1288,0,0,0,0,0,3761,4631.46,0.992583,7.92975,599918,184,59320,2256,1759225,736,237280,9024,32,4,867412,1712166,27757184,6848664,34605848,4,4,12,4,49,16,12,20,20,20260807,5,1,1,1,0,0,0,6473,0.269708,1,0.0015,0
2105,18712.4,9,0,2.29696,7.4795,0,0,0,9.77646,361,361,0,1,2.03342,2.03342,1971,388,5,1288,0,0,0,0,0,3761,4631.46,0.992583,7.92975,599918,184,59320,2256,1759225,736,237280,9024,32,4,867412,1712166,27757184,6848664,34605848,4,4,12,4,49,16,12,20,20,20260807,5,1,1,1,0,0,0,6473,0.269708,1,0.0015,0
2106,18721.5,9,0,2.42046,6.51442,0,0,0,8.93487,361,361,0,1,2.03342,2.03342,1971,388,5,1288,0,0,0,0,0,3761,4631.46,0.992583,7.92975,599918,184,59320,2256,1759225,736,237280,9024,32,4,867412,1712166,27757184,6848664,34605848,4,4,12,4,49,16,12,20,20,20260807,5,1,1,1,0,0,0,6473,0.269708,1,0.0015,0
2107,18730.1,9,0,2.29408,6.23321,0,0,0,8.52729,361,361,0,1,2.03342,2.03342,1971,388,5,1288,0,0,0,0,0,3761,4631.46,0.992583,7.92975,599918,184,59320,2256,1759225,736,237280,9024,32,4,867412,1712166,27757184,6848664,34605848,4,4,12,4,49,16,12,20,20,20260807,5,1,1,1,0,0,0,6473,0.269708,1,0.0015,0
2108,18737.3,7,0,2.45796,4.66983,0,0,0,7.12779,361,361,0,1,2.03342,2.03342,1971,388,5,1288,0,0,0,0,0,3761,4631.46,0.992583,7.92975,599918,184,59320,2256,1759225,736,237280,9024,32,4,867412,1712166,27757184,6848664,34605848,4,4,12,4,49,16,12,20,20,20260807,5,1,1,1,0,0,0,6473,0.269708,1,0.0015,0
2109,18745.8,9,0,2.29867,6.06588,0,0,0,8.36454,361,361,0,1,2.03342,2.03342,1971,388,5,1288,0,0,0,0,0,3761,4631.46,0.992583,7.92975,599918,184,59320,2256,1759225,736,237280,9024,32,4,867412,1712166,27757184,6848664,34605848,4,4,12,4,49,16,12,20,20,20260807,5,1,1,1,0,0,0,6474,0.26975,1,0.0015,1
2110,18752,6,0,2.39358,3.7925,0,0,0,6.18608,361,361,0,1,2.03342,2.03342,1971,388,5,1288,0,0,0,0,0,3761,4631.46,0.992583,7.92975,599918,184,59320,2256,1759225,736,237280,9024,32,4,867412,1712166,27757184,6848664,34605848,4,4,12,4,49,16,12,20,20,20260807,5,1,1,1,0,0,0,6474,0.26975,1,0.0015,0
2111,18762.5,10,0,2.55754,7.8065,0,0,0,10.364,361,361,0,1,2.03342,2.03342,1971,388,5,1288,0,0,0,0,0,3761,4631.46,0.992583,7.92975,599918,184,59320,2256,1759225,736,237280,9024,32,4,867412,1712166,27757184,6848664,34605848,4,4,12,4,49,16,12,20,20,20260807,5,1,1,1,0,0,0,6474,0.26975,1,0.0015,0
2112,18768.9,7,0,2.44417,3.86329,0,0,0,6.30746,361,361,0,1,2.03342,2.03342,1971,388,5,1288,0,0,0,0,0,3761,4631.46,0.992583,7.92975,599918,184,59320,2256,1759225,736,237280,9024,32,4,867412,1712166,27757184,6848664,34605848,4,4,12,4,49,16,12,20,20,20260807,5,1,1,1,0,0,0,6474,0.26975,1,0.0015,0
2113,18779.2,10,0,2.40929,7.82129,0,0,0,10.2306,361,361,0,1,2.03342,2.03342,1971,388,5,1288,0,0,0,0,0,3761,4631.46,0.992583,7.92975,599918,184,59320,2256,1759225,736,237280,9024,32,4,867412,1712166,27757184,6848664,34605848,4,4,12,4,49,16,12,20,20,20260807,5,1,1,1,0,0,0,6474,0.26975,1,0.0015,0
2114,18786.2,7,0,2.48637,4.42829,0,0,0,6.91467,361,361,0,1,2.03342,2.03342,1971,388,5,1288,0,0,0,0,0,3761,4631.46,0.992583,7.92975,599918,184,59320,2256,1759225,736,237280,9024,32,4,867412,1712166,27757184,6848664,34605848,4,4,12,4,49,16,12,20,20,20260807,5,1,1,1,0,0,0,6474,0.26975,1,0.0015,0
2115,18795.7,10,0,2.52025,6.9215,0,0,0,9.44175,361,361,0,1,2.03342,2.03342,1971,388,5,1288,0,0,0,0,0,3761,4631.46,0.992583,7.92975,599918,184,59320,2256,1759225,736,237280,9024,32,4,867412,1712166,27757184,6848664,34605848,4,4,12,4,49,16,12,20,20,20260807,5,1,1,1,0,0,0,6475,0.269792,1,0.0015,1
2116,18802.6,7,0,2.42258,4.3625,0,0,0,6.78508,361,361,0,1,2.03342,2.03342,1971,388,5,1288,0,0,0,0,0,3761,4631.46,0.992583,7.92975,599918,184,59320,2256,1759225,736,237280,9024,32,4,867412,1712166,27757184,6848664,34605848,4,4,12,4,49,16,12,20,20,20260807,5,1,1,1,0,0,0,6475,0.269792,1,0.0015,0
2117,18812.4,9,0,2.65033,7.08733,0,0,0,9.73767,361,361,0,1,2.03342,2.03342,1971,388,5,1288,0,0,0,0,0,3761,4631.46,0.992583,7.92975,599918,184,59320,2256,1759225,736,237280,9024,32,4,867412,1712166,27757184,6848664,34605848,4,4,12,4,49,16,12,20,20,20260807,5,1,1,1,0,0,0,6475,0.269792,1,0.0015,0
2118,18818.7,7,0,2.47279,3.76308,0,0,0,6.23588,361,361,0,1,2.03342,2.03342,1971,388,5,1288,0,0,0,0,0,3761,4631.46,0.992583,7.92975,599918,184,59320,2256,1759225,736,237280,9024,32,4,867412,1712166,27757184,6848664,34605848,4,4,12,4,49,16,12,20,20,20260807,5,1,1,1,0,0,0,6475,0.269792,1,0.0015,0
2119,18829.1,10,0,2.39329,7.85721,0,0,0,10.2505,361,361,0,1,2.03342,2.03342,1971,388,5,1288,0,0,0,0,0,3761,4631.46,0.992583,7.92975,599918,184,59320,2256,1759225,736,237280,9024,32,4,867412,1712166,27757184,6848664,34605848,4,4,12,4,49,16,12,20,20,20260807,5,1,1,1,0,0,0,6475,0.269792,1,0.0015,0
2120,18836.3,7,0,2.38788,4.83025,0,0,0,7.21812,361,361,0,1,2.03342,2.03342,1971,388,5,1288,0,0,0,0,0,3761,4631.46,0.992583,7.92975,599918,184,59320,2256,1759225,736,237280,9024,32,4,867412,1712166,27757184,6848664,34605848,4,4,12,4,49,16,12,20,20,20260807,5,1,1,1,0,0,0,6475,0.269792,1,0.0015,0
2121,18845.7,10,0,2.46383,6.83563,0,0,0,9.29946,361,361,0,1,2.03342,2.03342,1971,388,5,1288,0,0,0,0,0,3761,4631.46,0.992583,7.92975,599918,184,59320,2256,1759225,736,237280,9024,32,4,867412,1712166,27757184,6848664,34605848,4,4,12,4,49,16,12,20,20,20260807,5,1,1,1,0,0,0,6476,0.269833,1,0.0015,1
2122,18853.1,7,0,2.38725,4.92504,0,0,0,7.31229,361,361,0,1,2.03342,2.03342,1971,388,5,1288,0,0,0,0,0,3761,4631.46,0.992583,7.92975,599918,184,59320,2256,1759225,736,237280,9024,32,4,867412,1712166,27757184,6848664,34605848,4,4,12,4,49,16,12,20,20,20260807,5,1,1,1,0,0,0,6476,0.269833,1,0.0015,0
2123,18862.4,9,0,2.53271,6.65892,0,0,0,9.19163,361,361,0,1,2.03342,2.03342,1971,388,5,1288,0,0,0,0,0,3761,4631.46,0.992583,7.92975,599918,184,59320,2256,1759225,736,237280,9024,32,4,867412,1712166,27757184,6848664,34605848,4,4,12,4,49,16,12,20,20,20260807,5,1,1,1,0,0,0,6476,0.269833,1,0.0015,0
2124,18868.8,7,0,2.37838,3.91342,0,0,0,6.29179,361,361,0,1,2.03342,2.03342,1971,388,5,1288,0,0,0,0,0,3761,4631.46,0.992583,7.92975,599918,184,59320,2256,1759225,736,237280,9024,32,4,867412,1712166,27757184,6848664,34605848,4,4,12,4,49,16,12,20,20,20260807,5,1,1,1,0,0,0,6476,0.269833,1,0.0015,0
2125,18879.3,10,0,2.48654,7.91525,0,0,0,10.4018,361,361,0,1,2.03342,2.03342,1971,388,5,1288,0,0,0,0,0,3761,4631.46,0.992583,7.92975,599918,184,59320,2256,1759225,736,237280,9024,32,4,867412,1712166,27757184,6848664,34605848,4,4,12,4,49,16,12,20,20,20260807,5,1,1,1,0,0,0,6476,0.269833,1,0.0015,0
2126,18885.5,6,0,2.38721,3.76204,0,0,0,6.14925,361,361,0,1,2.03342,2.03342,1971,388,5,1288,0,0,0,0,0,3761,4631.46,0.992583,7.92975,599918,184,59320,2256,1759225,736,237280,9024,32,4,867412,1712166,27757184,6848664,34605848,4,4,12,4,49,16,12,20,20,20260807,5,1,1,1,0,0,0,6476,0.269833,1,0.0015,0
2127,18895.9,11,0,2.29475,7.97412,0,0,0,10.2689,361,361,0,1,2.03342,2.03342,1971,388,5,1288,0,0,0,0,0,3761,4631.46,0.992583,7.92975,599918,184,59320,2256,1759225,736,237280,9024,32,4,867412,1712166,27757184,6848664,34605848,4,4,12,4,49,16,12,20,20,20260807,5,1,1,1,0,0,0,6477,0.269875,1,0.0015,1
2128,18902.3,6,0,2.25354,4.08162,0,0,0,6.33517,361,361,0,1,2.03342,2.03342,1971,388,5,1288,0,0,0,0,0,3761,4631.46,0.992583,7.92975,599918,184,59320,2256,1759225,736,237280,9024,32,4,867412,1712166,27757184,6848664,34605848,4,4,12,4,49,16,12,20,20,20260807,5,1,1,1,0,0,0,6477,0.269875,1,0.0015,0
2129,18912.7,11,0,2.62371,7.67725,0,0,0,10.301,361,361,0,1,2.03342,2.03342,1971,388,5,1288,0,0,0,0,0,3761,4631.46,0.992583,7.92975,599918,184,59320,2256,1759225,736,237280,9024,32,4,867412,1712166,27757184,6848664,34605848,4,4,12,4,49,16,12,20,20,20260807,5,1,1,1,0,0,0,6477,0.269875,1,0.0015,0
2130,18921.1,8,0,2.28646,6.09825,0,0,0,8.38471,361,361,0,1,2.03342,2.03342,1971,388,5,1288,0,0,0,0,0,3761,4631.46,0.992583,7.92975,599918,184,59320,2256,1759225,736,237280,9024,32,4,867412,1712166,27757184,6848664,34605848,4,4,12,4,49,16,12,20,20,20260807,5,1,1,1,0,0,0,6477,0.269875,1,0.0015,0
2131,18929.6,9,0,2.17013,6.17567,0,0,0,8.34579,361,361,0,1,2.03342,2.03342,1971,388,5,1288,0,0,0,0,0,3761,4631.46,0.992583,7.92975,599918,184,59320,2256,1759225,736,237280,9024,32,4,867412,1712166,27757184,6848664,34605848,4,4,12,4,49,16,12,20,20,20260807,5,1,1,1,0,0,0,6477,0.269875,1,0.0015,0
2132,18936,6,0,2.46396,3.9465,0,0,0,6.41046,361,361,0,1,2.03342,2.03342,1971,388,5,1288,0,0,0,0,0,3761,4631.46,0.992583,7.92975,599918,184,59320,2256,1759225,736,237280,9024,32,4,867412,1712166,27757184,6848664,34605848,4,4,12,4,49,16,12,20,20,20260807,5,1,1,1,0,0,0,6477,0.269875,1,0.0015,0
2133,18945.8,10,0,2.36296,7.33683,0,0,0,9.69979,361,361,0,1,2.03342,2.03342,1971,388,5,1288,0,0,0,0,0,3761,4631.46,0.992583,7.92975,599918,184,59320,2256,1759225,736,237280,9024,32,4,867412,1712166,27757184,6848664,34605848,4,4,12,4,49,16,12,20,20,20260807,5,1,1,1,0,0,0,6478,0.269917,1,0.0015,1
2134,18952.3,6,0,2.29417,4.12304,0,0,0,6.41721,361,361,0,1,2.03342,2.03342,1971,388,5,1288,0,0,0,0,0,3761,4631.46,0.992583,7.92975,599918,184,59320,2256,1759225,736,237280,9024,32,4,867412,1712166,27757184,6848664,34605848,4,4,12,4,49,16,12,20,20,20260807,5,1,1,1,0,0,0,6478,0.269917,1,0.0015,0
2135,18962.4,10,0,2.45917,7.47267,0,0,0,9.93183,361,361,0,1,2.03342,2.03342,1971,388,5,1288,0,0,0,0,0,3761,4631.46,0.992583,7.92975,599918,184,59320,2256,1759225,736,237280,9024,32,4,867412,1712166,27757184,6848664,34605848,4,4,12,4,49,16,12,20,20,20260807,5,1,1,1,0,0,0,6478,0.269917,1,0.0015,0
2136,18969.5,8,0,2.33583,4.72967,0,0,0,7.0655,361,361,0,1,2.03342,2.03342,1971,388,5,1288,0,0,0,0,0,3761,4631.46,0.992583,7.92975,599918,184,59320,2256,1759225,736,237280,9024,32,4,867412,1712166,27757184,6848664,34605848,4,4,12,4,49,16,12,20,20,20260807,5,1,1,1,0,0,0,6478,0.269917,1,0.0015,0
2137,18979.1,9,0,2.25975,7.22433,0,0,0,9.48408,361,361,0,1,2.03342,2.03342,1971,388,5,1288,0,0,0,0,0,3761,4631.46,0.992583,7.92975,599918,184,59320,2256,1759225,736,237280,9024,32,4,867412,1712166,27757184,6848664,34605848,4,4,12,4,49,16,12,20,20,20260807,5,1,1,1,0,0,0,6478,0.269917,1,0.0015,0
2138,18986.8,8,0,2.30938,5.28737,0,0,0,7.59675,361,361,0,1,2.03342,2.03342,1971,388,5,1288,0,0,0,0,0,3761,4631.46,0.992583,7.92975,599918,184,59320,2256,1759225,736,237280,9024,32,4,867412,1712166,27757184,6848664,34605848,4,4,12,4,49,16,12,20,20,20260807,5,1,1,1,0,0,0,6478,0.269917,1,0.0015,0
2139,18995.7,9,0,2.29679,6.53275,0,0,0,8.82954,361,361,0,1,2.03342,2.03342,1971,388,5,1288,0,0,0,0,0,3761,4631.46,0.992583,7.92975,599918,184,59320,2256,1759225,736,237280,9024,32,4,867412,1712166,27757184,6848664,34605848,4,4,12,4,49,16,12,20,20,20260807,5,1,1,1,0,0,0,6479,0.269958,1,0.0015,1
2140,19007.4,11,0,2.35575,9.29429,0,0,0,11.65,361,361,0,1,2.03342,2.03342,1971,388,5,1288,0,0,0,0,0,3761,4631.46,0.992583,7.92975,599918,184,59320,2256,1759225,736,237280,9024,32,4,867412,1712166,27757184,6848664,34605848,4,4,12,4,49,16,12,20,20,20260807,5,1,1,1,0,0,0,6479,0.269958,1,0.0015,0
2141,19013.7,7,0,2.38917,3.81117,0,0,0,6.20033,361,361,0,1,2.03342,2.03342,1971,388,5,1288,0,0,0,0,0,3761,4631.46,0.992583,7.92975,599918,184,59320,2256,1759225,736,237280,9024,32,4,867412,1712166,27757184,6848664,34605848,4,4,12,4,49,16,12,20,20,20260807,5,1,1,1,0,0,0,6479,0.269958,1,0.0015,0
2142,19020.3,6,0,2.43904,4.04608,0,0,0,6.48513,361,361,0,1,2.03342,2.03342,1971,388,5,1288,0,0,0,0,0,3761,4631.46,0.992583,7.92975,599918,184,59320,2256,1759225,736,237280,9024,32,4,867412,1712166,27757184,6848664,34605848,4,4,12,4,49,16,12,20,20,20260807,5,1,1,1,0,0,0,6479,0.269958,1,0.0015,0
2143,19029.2,9,0,2.28567,6.48225,0,0,0,8.76792,361,361,0,1,2.03342,2.03342,1971,388,5,1288,0,0,0,0,0,3761,4631.46,0.992583,7.92975,599918,184,59320,2256,1759225,736,237280,9024,32,4,867412,1712166,27757184,6848664,34605848,4,4,12,4,49,16,12,20,20,20260807,5,1,1,1,0,0,0,6479,0.269958,1,0.0015,0
2144,19036.6,8,0,2.3965,4.98079,0,0,0,7.37729,361,361,0,1,2.03342,2.03342,1971,388,5,1288,0,0,0,0,0,3761,4631.46,0.992583,7.92975,599918,184,59320,2256,1759225,736,237280,9024,32,4,867412,1712166,27757184,6848664,34605848,4,4,12,4,49,16,12,20,20,20260807,5,1,1,1,0,0,0,6479,0.269958,1,0.0015,0
2145,19045.8,9,0,2.30963,6.75379,0,0,0,9.06342,361,361,0,1,2.03342,2.03342,1971,388,5,1288,0,0,0,0,0,3761,4631.46,0.992583,7.92975,599918,184,59320,2256,1759225,736,237280,9024,32,4,867412,1712166,27757184,6848664,34605848,4,4,12,4,49,16,12,20,20,20260807,5,1,1,1,0,0,0,6480,0.27,1,0.0015,1
2146,19052.3,6,0,2.37492,4.10963,0,0,0,6.48454,361,361,0,1,2.03342,2.03342,1971,388,5,1288,0,0,0,0,0,3761,4631.46,0.992583,7.92975,599918,184,59320,2256,1759225,736,237280,9024,32,4,867412,1712166,27757184,6848664,34605848,4,4,12,4,49,16,12,20,20,20260807,5,1,1,1,0,0,0,6480,0.27,1,0.0015,0
2147,19062.5,10,0,2.63458,7.43987,0,0,0,10.0745,361,361,0,1,2.03342,2.03342,1971,388,5,1288,0,0,0,0,0,3761,4631.46,0.992583,7.92975,599918,184,59320,2256,1759225,736,237280,9024,32,4,867412,1712166,27757184,6848664,34605848,4,4,12,4,49,16,12,20,20,20260807,5,1,1,1,0,0,0,6480,0.27,1,0.0015,0
2148,19068.8,7,0,2.39892,3.81929,0,0,0,6.21821,361,361,0,1,2.03342,2.03342,1971,388,5,1288,0,0,0,0,0,3761,4631.46,0.992583,7.92975,599918,184,59320,2256,1759225,736,237280,9024,32,4,867412,1712166,27757184,6848664,34605848,4,4,12,4,49,16,12,20,20,20260807,5,1,1,1,0,0,0,6480,0.27,1,0.0015,0
2149,19079.1,10,0,2.5345,7.69796,0,0,0,10.2325,361,361,0,1,2.03342,2.03342,1971,388,5,1288,0,0,0,0,0,3761,4631.46,0.992583,7.92975,599918,184,59320,2256,1759225,736,237280,9024,32,4,867412,1712166,27757184,6848664,34605848,4,4,12,4,49,16,12,20,20,20260807,5,1,1,1,0,0,0,6480,0.27,1,0.0015,0
2150,19085.4,6,0,2.38783,3.80183,0,0,0,6.18967,361,361,0,1,2.03342,2.03342,1971,388,5,1288,0,0,0,0,0,3761,4631.46,0.992583,7.92975,599918,184,59320,2256,1759225,736,237280,9024,32,4,867412,1712166,27757184,6848664,34605848,4,4,12,4,49,16,12,20,20,20260807,5,1,1,1,0,0,0,6480,0.27,1,0.0015,0
2151,19095.8,11,0,2.44942,7.89925,0,0,0,10.3487,361,361,0,1,2.03342,2.03342,1971,388,5,1288,0,0,0,0,0,3761,4631.46,0.992583,7.92975,599918,184,59320,2256,1759225,736,237280,9024,32,4,867412,1712166,27757184,6848664,34605848,4,4,12,4,49,16,12,20,20,20260807,5,1,1,1,0,0,0,6481,0.270042,1,0.0015,1
2152,19102.6,7,0,2.35204,4.29863,0,0,0,6.65067,361,361,0,1,2.03342,2.03342,1971,388,5,1288,0,0,0,0,0,3761,4631.46,0.992583,7.92975,599918,184,59320,2256,1759225,736,237280,9024,32,4,867412,1712166,27757184,6848664,34605848,4,4,12,4,49,16,12,20,20,20260807,5,1,1,1,0,0,0,6481,0.270042,1,0.0015,0
2153,19112.5,9,0,2.40242,7.431,0,0,0,9.83342,361,361,0,1,2.03342,2.03342,1971,388,5,1288,0,0,0,0,0,3761,4631.46,0.992583,7.92975,599918,184,59320,2256,1759225,736,237280,9024,32,4,867412,1712166,27757184,6848664,34605848,4,4,12,4,49,16,12,20,20,20260807,5,1,1,1,0,0,0,6481,0.270042,1,0.0015,0
2154,19118.9,7,0,2.40338,3.96762,0,0,0,6.371,361,361,0,1,2.03342,2.03342,1971,388,5,1288,0,0,0,0,0,3761,4631.46,0.992583,7.92975,599918,184,59320,2256,1759225,736,237280,9024,32,4,867412,1712166,27757184,6848664,34605848,4,4,12,4,49,16,12,20,20,20260807,5,1,1,1,0,0,0,6481,0.270042,1,0.0015,0
2155,19129.1,10,0,2.38675,7.74346,0,0,0,10.1302,361,361,0,1,2.03342,2.03342,1971,388,5,1288,0,0,0,0,0,3761,4631.46,0.992583,7.92975,599918,184,59320,2256,1759225,736,237280,9024,32,4,867412,1712166,27757184,6848664,34605848,4,4,12,4,49,16,12,20,20,20260807,5,1,1,1,0,0,0,6481,0.270042,1,0.0015,0
2156,19138.4,9,0,2.30796,6.89687,0,0,0,9.20483,361,361,0,1,2.03342,2.03342,1971,388,5,1288,0,0,0,0,0,3761,4631.46,0.992583,7.92975,599918,184,59320,2256,1759225,736,237280,9024,32,4,867412,1712166,27757184,6848664,34605848,4,4,12,4,49,16,12,20,20,20260807,5,1,1,1,0,0,0,6481,0.270042,1,0.0015,0
2157,19145.7,8,0,2.25683,4.94013,0,0,0,7.19696,361,361,0,1,2.03342,2.03342,1971,388,5,1288,0,0,0,0,0,3761,4631.46,0.992583,7.92975,599918,184,59320,2256,1759225,736,237280,9024,32,4,867412,1712166,27757184,6848664,34605848,4,4,12,4,49,16,12,20,20,20260807,5,1,1,1,0,0,0,6482,0.270083,1,0.0015,1
2158,19153,7,0,2.40817,4.79225,0,0,0,7.20042,361,361,0,1,2.03342,2.03342,1971,388,5,1288,0,0,0,0,0,3761,4631.46,0.992583,7.92975,599918,184,59320,2256,1759225,736,237280,9024,32,4,867412,1712166,27757184,6848664,34605848,4,4,12,4,49,16,12,20,20,20260807,5,1,1,1,0,0,0,6482,0.270083,1,0.0015,0
2159,19162.5,9,0,2.37779,7.03604,0,0,0,9.41383,361,361,0,1,2.03342,2.03342,1971,388,5,1288,0,0,0,0,0,3761,4631.46,0.992583,7.92975,599918,184,59320,2256,1759225,736,237280,9024,32,4,867412,1712166,27757184,6848664,34605848,4,4,12,4,49,16,12,20,20,20260807,5,1,1,1,0,0,0,6482,0.270083,1,0.0015,0
2160,19168.9,7,0,2.40117,3.92229,0,0,0,6.32346,361,361,0,1,2.03342,2.03342,1971,388,5,1288,0,0,0,0,0,3761,4631.46,0.992583,7.92975,599918,184,59320,2256,1759225,736,237280,9024,32,4,867412,1712166,27757184,6848664,34605848,4,4,12,4,49,16,12,20,20,20260807,5,1,1,1,0,0,0,6482,0.270083,1,0.0015,0
2161,19179.3,10,0,2.34521,7.94121,0,0,0,10.2864,361,361,0,1,2.03342,2.03342,1971,388,5,1288,0,0,0,0,0,3761,4631.46,0.992583,7.92975,599918,184,59320,2256,1759225,736,237280,9024,32,4,867412,1712166,27757184,6848664,34605848,4,4,12,4,49,16,12,20,20,20260807,5,1,1,1,0,0,0,6482,0.270083,1,0.0015,0
2162,19185.8,7,0,2.35604,4.13646,0,0,0,6.4925,361,361,0,1,2.03342,2.03342,1971,388,5,1288,0,0,0,0,0,3761,4631.46,0.992583,7.92975,599918,184,59320,2256,1759225,736,237280,9024,32,4,867412,1712166,27757184,6848664,34605848,4,4,12,4,49,16,12,20,20,20260807,5,1,1,1,0,0,0,6482,0.270083,1,0.0015,0
2163,19196.1,10,0,2.342,7.82163,0,0,0,10.1636,361,361,0,1,2.03342,2.03342,1971,388,5,1288,0,0,0,0,0,3761,4631.46,0.992583,7.92975,599918,184,59320,2256,1759225,736,237280,9024,32,4,867412,1712166,27757184,6848664,34605848,4,4,12,4,49,16,12,20,20,20260807,5,1,1,1,0,0,0,6483,0.270125,1,0.0015,1
2164,19204.3,8,0,2.36079,5.72208,0,0,0,8.08287,361,361,0,1,2.03342,2.03342,1971,388,5,1288,0,0,0,0,0,3761,4631.46,0.992583,7.92975,599918,184,59320,2256,1759225,736,237280,9024,32,4,867412,1712166,27757184,6848664,34605848,4,4,12,4,49,16,12,20,20,20260807,5,1,1,1,0,0,0,6483,0.270125,1,0.0015,0
2165,19212.4,8,0,2.29133,5.732,0,0,0,8.02333,361,361,0,1,2.03342,2.03342,1971,388,5,1288,0,0,0,0,0,3761,4631.46,0.992583,7.92975,599918,184,59320,2256,1759225,736,237280,9024,32,4,867412,1712166,27757184,6848664,34605848,4,4,12,4,49,16,12,20,20,20260807,5,1,1,1,0,0,0,6483,0.270125,1,0.0015,0
2166,19220.6,9,0,2.36696,5.74746,0,0,0,8.11442,361,361,0,1,2.03342,2.03342,1971,388,5,1288,0,0,0,0,0,3761,4631.46,0.992583,7.92975,599918,184,59320,2256,1759225,736,237280,9024,32,4,867412,1712166,27757184,6848664,34605848,4,4,12,4,49,16,12,20,20,20260807,5,1,1,1,0,0,0,6483,0.270125,1,0.0015,0
2167,19229.2,8,0,2.35596,6.1355,0,0,0,8.49146,361,361,0,1,2.03342,2.03342,1971,388,5,1288,0,0,0,0,0,3761,4631.46,0.992583,7.92975,599918,184,59320,2256,1759225,736,237280,9024,32,4,867412,1712166,27757184,6848664,34605848,4,4,12,4,49,16,12,20,20,20260807,5,1,1,1,0,0,0,6483,0.270125,1,0.0015,0
2168,19236.2,7,0,2.35971,4.58042,0,0,0,6.94013,361,361,0,1,2.03342,2.03342,1971,388,5,1288,0,0,0,0,0,3761,4631.46,0.992583,7.92975,599918,184,59320,2256,1759225,736,237280,9024,32,4,867412,1712166,27757184,6848664,34605848,4,4,12,4,49,16,12,20,20,20260807,5,1,1,1,0,0,0,6483,0.270125,1,0.0015,0
2169,19245.9,10,0,2.55558,7.071,0,0,0,9.62658,361,361,0,1,2.03342,2.03342,1971,388,5,1288,0,0,0,0,0,3761,4631.46,0.992583,7.92975,599918,184,59320,2256,1759225,736,237280,9024,32,4,867412,1712166,27757184,6848664,34605848,4,4,12,4,49,16,12,20,20,20260807,5,1,1,1,0,0,0,6484,0.270167,1,0.0015,1
2170,19252.7,7,0,2.40575,4.30246,0,0,0,6.70821,361,361,0,1,2.03342,2.03342,1971,388,5,1288,0,0,0,0,0,3761,4631.46,0.992583,7.92975,599918,184,59320,2256,1759225,736,237280,9024,32,4,867412,1712166,27757184,6848664,34605848,4,4,12,4,49,16,12,20,20,20260807,5,1,1,1,0,0,0,6484,0.270167,1,0.0015,0
2171,19262.9,10,0,2.49713,7.63383,0,0,0,10.131,361,361,0,1,2.03342,2.03342,1971,388,5,1288,0,0,0,0,0,3761,4631.46,0.992583,7.92975,599918,184,59320,2256,1759225,736,237280,9024,32,4,867412,1712166,27757184,6848664,34605848,4,4,12,4,49,16,12,20,20,20260807,5,1,1,1,0,0,0,6484,0.270167,1,0.0015,0
2172,19270,7,0,2.4385,4.55408,0,0,0,6.99258,361,361,0,1,2.03342,2.03342,1971,388,5,1288,0,0,0,0,0,3761,4631.46,0.992583,7.92975,599918,184,59320,2256,1759225,736,237280,9024,32,4,867412,1712166,27757184,6848664,34605848,4,4,12,4,49,16,12,20,20,20260807,5,1,1,1,0,0,0,6484,0.270167,1,0.0015,0
2173,19279.1,9,0,2.52508,6.49637,0,0,0,9.02146,361,361,0,1,2.03342,2.03342,1971,388,5,1288,0,0,0,0,0,3761,4631.46,0.992583,7.92975,599918,184,59320,2256,1759225,736,237280,9024,32,4,867412,1712166,27757184,6848664,34605848,4,4,12,4,49,16,12,20,20,20260807,5,1,1,1,0,0,0,6484,0.270167,1,0.0015,0
2174,19285.6,7,0,2.36858,4.00988,0,0,0,6.37846,361,361,0,1,2.03342,2.03342,1971,388,5,1288,0,0,0,0,0,3761,4631.46,0.992583,7.92975,599918,184,59320,2256,1759225,736,237280,9024,32,4,867412,1712166,27757184,6848664,34605848,4,4,12,4,49,16,12,20,20,20260807,5,1,1,1,0,0,0,6484,0.270167,1,0.0015,0
2175,19296,10,0,2.75958,7.56425,0,0,0,10.3238,361,361,0,1,2.03342,2.03342,1971,388,5,1288,0,0,0,0,0,3761,4631.46,0.992583,7.92975,599918,184,59320,2256,1759225,736,237280,9024,32,4,867412,1712166,27757184,6848664,34605848,4,4,12,4,49,16,12,20,20,20260807,5,1,1,1,0,0,0,6485,0.270208,1,0.0015,1
2176,19303,7,0,2.36008,4.51112,0,0,0,6.87121,361,361,0,1,2.03342,2.03342,1971,388,5,1288,0,0,0,0,0,3761,4631.46,0.992583,7.92975,599918,184,59320,2256,1759225,736,237280,9024,32,4,867412,1712166,27757184,6848664,34605848,4,4,12,4,49,16,12,20,20,20260807,5,1,1,1,0,0,0,6485,0.270208,1,0.0015,0
2177,19312.5,9,0,2.49708,6.91846,0,0,0,9.41554,361,361,0,1,2.03342,2.03342,1971,388,5,1288,0,0,0,0,0,3761,4631.46,0.992583,7.92975,599918,184,59320,2256,1759225,736,237280,9024,32,4,867412,1712166,27757184,6848664,34605848,4,4,12,4,49,16,12,20,20,20260807,5,1,1,1,0,0,0,6485,0.270208,1,0.0015,0
2178,19319.9,8,0,2.34471,5.01013,0,0,0,7.35483,361,361,0,1,2.03342,2.03342,1971,388,5,1288,0,0,0,0,0,3761,4631.46,0.992583,7.92975,599918,184,59320,2256,1759225,736,237280,9024,32,4,867412,1712166,27757184,6848664,34605848,4,4,12,4,49,16,12,20,20,20260807,5,1,1,1,0,0,0,6485,0.270208,1,0.0015,0
2179,19329.5,9,0,2.27612,7.21421,0,0,0,9.49033,361,361,0,1,2.03342,2.03342,1971,388,5,1288,0,0,0,0,0,3761,4631.46,0.992583,7.92975,599918,184,59320,2256,1759225,736,237280,9024,32,4,867412,1712166,27757184,6848664,34605848,4,4,12,4,49,16,12,20,20,20260807,5,1,1,1,0,0,0,6485,0.270208,1,0.0015,0
2180,19336.1,7,0,2.52067,4.00329,0,0,0,6.52396,361,361,0,1,2.03342,2.03342,1971,388,5,1288,0,0,0,0,0,3761,4631.46,0.992583,7.92975,599918,184,59320,2256,1759225,736,237280,9024,32,4,867412,1712166,27757184,6848664,34605848,4,4,12,4,49,16,12,20,20,20260807,5,1,1,1,0,0,0,6485,0.270208,1,0.0015,0
2181,19345.9,10,0,2.34163,7.38308,0,0,0,9.72471,361,361,0,1,2.03342,2.03342,1971,388,5,1288,0,0,0,0,0,3761,4631.46,0.992583,7.92975,599918,184,59320,2256,1759225,736,237280,9024,32,4,867412,1712166,27757184,6848664,34605848,4,4,12,4,49,16,12,20,20,20260807,5,1,1,1,0,0,0,6486,0.27025,1,0.0015,1
2182,19352.4,6,0,2.37337,3.98433,0,0,0,6.35771,361,361,0,1,2.03342,2.03342,1971,388,5,1288,0,0,0,0,0,3761,4631.46,0.992583,7.92975,599918,184,59320,2256,1759225,736,237280,9024,32,4,867412,1712166,27757184,6848664,34605848,4,4,12,4,49,16,12,20,20,20260807,5,1,1,1,0,0,0,6486,0.27025,1,0.0015,0
2183,19363.3,12,0,2.46021,8.36562,0,0,0,10.8258,361,361,0,1,2.03342,2.03342,1971,388,5,1288,0,0,0,0,0,3761,4631.46,0.992583,7.92975,599918,184,59320,2256,1759225,736,237280,9024,32,4,867412,1712166,27757184,6848664,34605848,4,4,12,4,49,16,12,20,20,20260807,5,1,1,1,0,0,0,6486,0.27025,1,0.0015,0
2184,19373.9,10,0,2.40112,8.06583,0,0,0,10.467,361,361,0,1,2.03342,2.03342,1971,388,5,1288,0,0,0,0,0,3761,4631.46,0.992583,7.92975,599918,184,59320,2256,1759225,736,237280,9024,32,4,867412,1712166,27757184,6848664,34605848,4,4,12,4,49,16,12,20,20,20260807,5,1,1,1,0,0,0,6486,0.27025,1,0.0015,0
2185,19380.4,6,0,2.48712,3.941,0,0,0,6.42812,361,361,0,1,2.03342,2.03342,1971,388,5,1288,0,0,0,0,0,3761,4631.46,0.992583,7.92975,599918,184,59320,2256,1759225,736,237280,9024,32,4,867412,1712166,27757184,6848664,34605848,4,4,12,4,49,16,12,20,20,20260807,5,1,1,1,0,0,0,6486,0.27025,1,0.0015,0
2186,19396.2,16,0,2.46275,13.2476,0,0,0,15.7104,361,361,0,1,2.03342,2.03342,1971,388,5,1288,0,0,0,0,0,3761,4631.46,0.992583,7.92975,599918,184,59320,2256,1759225,736,237280,9024,32,4,867412,1712166,27757184,6848664,34605848,4,4,12,4,49,16,12,20,20,20260807,5,1,1,1,0,0,0,6486,0.27025,1,0.0015,0
2187,19403.2,7,0,2.44583,4.42683,0,0,0,6.87267,361,361,0,1,2.03342,2.03342,1971,388,5,1288,0,0,0,0,0,3761,4631.46,0.992583,7.92975,599918,184,59320,2256,1759225,736,237280,9024,32,4,867412,1712166,27757184,6848664,34605848,4,4,12,4,49,16,12,20,20,20260807,5,1,1,1,0,0,0,6487,0.270292,1,0.0015,1
2188,19412.6,10,0,2.31492,7.053,0,0,0,9.36792,361,361,0,1,2.03342,2.03342,1971,388,5,1288,0,0,0,0,0,3761,4631.46,0.992583,7.92975,599918,184,59320,2256,1759225,736,237280,9024,32,4,867412,1712166,27757184,6848664,34605848,4,4,12,4,49,16,12,20,20,20260807,5,1,1,1,0,0,0,6487,0.270292,1,0.0015,0
2189,19419.4,6,0,2.41737,4.3275,0,0,0,6.74488,361,361,0,1,2.03342,2.03342,1971,388,5,1288,0,0,0,0,0,3761,4631.46,0.992583,7.92975,599918,184,59320,2256,1759225,736,237280,9024,32,4,867412,1712166,27757184,6848664,34605848,4,4,12,4,49,16,12,20,20,20260807,5,1,1,1,0,0,0,6487,0.270292,1,0.0015,0
2190,19429.2,10,0,2.34871,7.37104,0,0,0,9.71975,361,361,0,1,2.03342,2.03342,1971,388,5,1288,0,0,0,0,0,3761,4631.46,0.992583,7.92975,599918,184,59320,2256,1759225,736,237280,9024,32,4,867412,1712166,27757184,6848664,34605848,4,4,12,4,49,16,12,20,20,20260807,5,1,1,1,0,0,0,6487,0.270292,1,0.0015,0
2191,19436.1,7,0,2.42263,4.38737,0,0,0,6.81,361,361,0,1,2.03342,2.03342,1971,388,5,1288,0,0,0,0,0,3761,4631.46,0.992583,7.92975,599918,184,59320,2256,1759225,736,237280,9024,32,4,867412,1712166,27757184,6848664,34605848,4,4,12,4,49,16,12,20,20,20260807,5,1,1,1,0,0,0,6487,0.270292,1,0.0015,0
2192,19445.9,10,0,2.31383,7.38979,0,0,0,9.70363,361,361,0,1,2.03342,2.03342,1971,388,5,1288,0,0,0,0,0,3761,4631.46,0.992583,7.92975,599918,184,59320,2256,1759225,736,237280,9024,32,4,867412,1712166,27757184,6848664,34605848,4,4,12,4,49,16,12,20,20,20260807,5,1,1,1,0,0,0,6488,0.270333,1,0.0015,1
2193,19453.7,8,0,2.36625,5.33158,0,0,0,7.69783,361,361,0,1,2.03342,2.03342,1971,388,5,1288,0,0,0,0,0,3761,4631.46,0.992583,7.92975,599918,184,59320,2256,1759225,736,237280,9024,32,4,867412,1712166,27757184,6848664,34605848,4,4,12,4,49,16,12,20,20,20260807,5,1,1,1,0,0,0,6488,0.270333,1,0.0015,0
2194,19462.8,9,0,2.31596,6.68571,0,0,0,9.00167,361,361,0,1,2.03342,2.03342,1971,388,5,1288,0,0,0,0,0,3761,4631.46,0.992583,7.92975,599918,184,59320,2256,1759225,736,237280,9024,32,4,867412,1712166,27757184,6848664,34605848,4,4,12,4,49,16,12,20,20,20260807,5,1,1,1,0,0,0,6488,0.270333,1,0.0015,0
2195,19469.1,6,0,2.40004,3.831,0,0,0,6.23104,361,361,0,1,2.03342,2.03342,1971,388,5,1288,0,0,0,0,0,3761,4631.46,0.992583,7.92975,599918,184,59320,2256,1759225,736,237280,9024,32,4,867412,1712166,27757184,6848664,34605848,4,4,12,4,49,16,12,20,20,20260807,5,1,1,1,0,0,0,6488,0.270333,1,0.0015,0
2196,19479.3,10,0,2.423,7.67658,0,0,0,10.0996,361,361,0,1,2.03342,2.03342,1971,388,5,1288,0,0,0,0,0,3761,4631.46,0.992583,7.92975,599918,184,59320,2256,1759225,736,237280,9024,32,4,867412,1712166,27757184,6848664,34605848,4,4,12,4,49,16,12,20,20,20260807,5,1,1,1,0,0,0,6488,0.270333,1,0.0015,0
2197,19485.8,7,0,2.41492,3.98462,0,0,0,6.39954,361,361,0,1,2.03342,2.03342,1971,388,5,1288,0,0,0,0,0,3761,4631.46,0.992583,7.92975,599918,184,59320,2256,1759225,736,237280,9024,32,4,867412,1712166,27757184,6848664,34605848,4,4,12,4,49,16,12,20,20,20260807,5,1,1,1,0,0,0,6488,0.270333,1,0.0015,0
2198,19496,10,0,2.50612,7.60908,0,0,0,10.1152,361,361,0,1,2.03342,2.03342,1971,388,5,1288,0,0,0,0,0,3761,4631.46,0.992583,7.92975,599918,184,59320,2256,1759225,736,237280,9024,32,4,867412,1712166,27757184,6848664,34605848,4,4,12,4,49,16,12,20,20,20260807,5,1,1,1,0,0,0,6489,0.270375,1,0.0015,1
2199,19502.6,7,0,2.39562,4.12742,0,0,0,6.52304,361,361,0,1,2.03342,2.03342,1971,388,5,1288,0,0,0,0,0,3761,4631.46,0.992583,7.92975,599918,184,59320,2256,1759225,736,237280,9024,32,4,867412,1712166,27757184,6848664,34605848,4,4,12,4,49,16,12,20,20,20260807,5,1,1,1,0,0,0,6489,0.270375,1,0.0015,0
2200,19512.6,10,0,2.54275,7.36,0,0,0,9.90275,361,361,0,1,2.03342,2.03342,1971,388,5,1288,0,0,0,0,0,3761,4631.46,0.992583,7.92975,599918,184,59320,2256,1759225,736,237280,9024,32,4,867412,1712166,27757184,6848664,34605848,4,4,12,4,49,16,12,20,20,20260807,5,1,1,1,0,0,0,6489,0.270375,1,0.0015,0
2201,19519.3,6,0,2.395,4.22,0,0,0,6.615,361,361,0,1,2.03342,2.03342,1971,388,5,1288,0,0,0,0,0,3761,4631.46,0.992583,7.92975,599918,184,59320,2256,1759225,736,237280,9024,32,4,867412,1712166,27757184,6848664,34605848,4,4,12,4,49,16,12,20,20,20260807,5,1,1,1,0,0,0,6489,0.270375,1,0.0015,0
2202,19529.2,10,0,2.64363,7.17475,0,0,0,9.81837,361,361,0,1,2.03342,2.03342,1971,388,5,1288,0,0,0,0,0,3761,4631.46,0.992583,7.92975,599918,184,59320,2256,1759225,736,237280,9024,32,4,867412,1712166,27757184,6848664,34605848,4,4,12,4,49,16,12,20,20,20260807,5,1,1,1,0,0,0,6489,0.270375,1,0.0015,0
2203,19535.7,7,0,2.38137,4.04583,0,0,0,6.42721,361,361,0,1,2.03342,2.03342,1971,388,5,1288,0,0,0,0,0,3761,4631.46,0.992583,7.92975,599918,184,59320,2256,1759225,736,237280,9024,32,4,867412,1712166,27757184,6848664,34605848,4,4,12,4,49,16,12,20,20,20260807,5,1,1,1,0,0,0,6489,0.270375,1,0.0015,0
2204,19545.9,10,0,2.35588,7.759,0,0,0,10.1149,361,361,0,1,2.03342,2.03342,1971,388,5,1288,0,0,0,0,0,3761,4631.46,0.992583,7.92975,599918,184,59320,2256,1759225,736,237280,9024,32,4,867412,1712166,27757184,6848664,34605848,4,4,12,4,49,16,12,20,20,20260807,5,1,1,1,0,0,0,6490,0.270417,1,0.0015,1
2205,19553.5,8,0,2.44,5.10979,0,0,0,7.54979,361,361,0,1,2.03342,2.03342,1971,388,5,1288,0,0,0,0,0,3761,4631.46,0.992583,7.92975,599918,184,59320,2256,1759225,736,237280,9024,32,4,867412,1712166,27757184,6848664,34605848,4,4,12,4,49,16,12,20,20,20260807,5,1,1,1,0,0,0,6490,0.270417,1,0.0015,0
2206,19562.8,9,0,2.41438,6.70038,0,0,0,9.11475,361,361,0,1,2.03342,2.03342,1971,388,5,1288,0,0,0,0,0,3761,4631.46,0.992583,7.92975,599918,184,59320,2256,1759225,736,237280,9024,32,4,867412,1712166,27757184,6848664,34605848,4,4,12,4,49,16,12,20,20,20260807,5,1,1,1,0,0,0,6490,0.270417,1,0.0015,0
2207,19569.9,7,0,2.42654,4.67817,0,0,0,7.10471,361,361,0,1,2.03342,2.03342,1971,388,5,1288,0,0,0,0,0,3761,4631.46,0.992583,7.92975,599918,184,59320,2256,1759225,736,237280,9024,32,4,867412,1712166,27757184,6848664,34605848,4,4,12,4,49,16,12,20,20,20260807,5,1,1,1,0,0,0,6490,0.270417,1,0.0015,0
2208,19579.2,9,0,2.49012,6.69212,0,0,0,9.18225,361,361,0,1,2.03342,2.03342,1971,388,5,1288,0,0,0,0,0,3761,4631.46,0.992583,7.92975,599918,184,59320,2256,1759225,736,237280,9024,32,4,867412,1712166,27757184,6848664,34605848,4,4,12,4,49,16,12,20,20,20260807,5,1,1,1,0,0,0,6490,0.270417,1,0.0015,0
2209,19590.8,12,0,2.36963,9.10392,0,0,0,11.4735,361,361,0,1,2.03342,2.03342,1971,388,5,1288,0,0,0,0,0,3761,4631.46,0.992583,7.92975,599918,184,59320,2256,1759225,736,237280,9024,32,4,867412,1712166,27757184,6848664,34605848,4,4,12,4,49,16,12,20,20,20260807,5,1,1,1,0,0,0,6490,0.270417,1,0.0015,0
2210,19597.3,6,0,2.49775,3.96496,0,0,0,6.46271,361,361,0,1,2.03342,2.03342,1971,388,5,1288,0,0,0,0,0,3761,4631.46,0.992583,7.92975,599918,184,59320,2256,1759225,736,237280,9024,32,4,867412,1712166,27757184,6848664,34605848,4,4,12,4,49,16,12,20,20,20260807,5,1,1,1,0,0,0,6491,0.270458,1,0.0015,1
2211,19604,7,0,2.39954,4.16425,0,0,0,6.56379,361,361,0,1,2.03342,2.03342,1971,388,5,1288,0,0,0,0,0,3761,4631.46,0.992583,7.92975,599918,184,59320,2256,1759225,736,237280,9024,32,4,867412,1712166,27757184,6848664,34605848,4,4,12,4,49,16,12,20,20,20260807,5,1,1,1,0,0,0,6491,0.270458,1,0.0015,0
2212,19612.8,9,0,2.62521,6.06967,0,0,0,8.69487,361,361,0,1,2.03342,2.03342,1971,388,5,1288,0,0,0,0,0,3761,4631.46,0.992583,7.92975,599918,184,59320,2256,1759225,736,237280,9024,32,4,867412,1712166,27757184,6848664,34605848,4,4,12,4,49,16,12,20,20,20260807,5,1,1,1,0,0,0,6491,0.270458,1,0.0015,0
2213,19620.5,8,0,2.31567,5.37171,0,0,0,7.68738,361,361,0,1,2.03342,2.03342,1971,388,5,1288,0,0,0,0,0,3761,4631.46,0.992583,7.92975,599918,184,59320,2256,1759225,736,237280,9024,32,4,867412,1712166,27757184,6848664,34605848,4,4,12,4,49,16,12,20,20,20260807,5,1,1,1,0,0,0,6491,0.270458,1,0.0015,0
2214,19629.4,8,0,2.31158,6.49483,0,0,0,8.80642,361,361,0,1,2.03342,2.03342,1971,388,5,1288,0,0,0,0,0,3761,4631.46,0.992583,7.92975,599918,184,59320,2256,1759225,736,237280,9024,32,4,867412,1712166,27757184,6848664,34605848,4,4,12,4,49,16,12,20,20,20260807,5,1,1,1,0,0,0,6491,0.270458,1,0.0015,0
2215,19637.9,9,0,2.42117,5.98738,0,0,0,8.40854,361,361,0,1,2.03342,2.03342,1971,388,5,1288,0,0,0,0,0,3761,4631.46,0.992583,7.92975,599918,184,59320,2256,1759225,736,237280,9024,32,4,867412,1712166,27757184,6848664,34605848,4,4,12,4,49,16,12,20,20,20260807,5,1,1,1,0,0,0,6491,0.270458,1,0.0015,0
2216,19645.9,8,0,2.3095,5.56979,0,0,0,7.87929,361,361,0,1,2.03342,2.03342,1971,388,5,1288,0,0,0,0,0,3761,4631.46,0.992583,7.92975,599918,184,59320,2256,1759225,736,237280,9024,32,4,867412,1712166,27757184,6848664,34605848,4,4,12,4,49,16,12,20,20,20260807,5,1,1,1,0,0,0,6492,0.2705,1,0.0015,1
2217,19652.8,7,0,2.35438,4.47879,0,0,0,6.83317,361,361,0,1,2.03342,2.03342,1971,388,5,1288,0,0,0,0,0,3761,4631.46,0.992583,7.92975,599918,184,59320,2256,1759225,736,237280,9024,32,4,867412,1712166,27757184,6848664,34605848,4,4,12,4,49,16,12,20,20,20260807,5,1,1,1,0,0,0,6492,0.2705,1,0.0015,0
2218,19662.7,10,0,2.53308,7.25671,0,0,0,9.78979,361,361,0,1,2.03342,2.03342,1971,388,5,1288,0,0,0,0,0,3761,4631.46,0.992583,7.92975,599918,184,59320,2256,1759225,736,237280,9024,32,4,867412,1712166,27757184,6848664,34605848,4,4,12,4,49,16,12,20,20,20260807,5,1,1,1,0,0,0,6492,0.2705,1,0.0015,0
2219,19671.4,8,0,2.37188,6.30604,0,0,0,8.67792,361,361,0,1,2.03342,2.03342,1971,388,5,1288,0,0,0,0,0,3761,4631.46,0.992583,7.92975,599918,184,59320,2256,1759225,736,237280,9024,32,4,867412,1712166,27757184,6848664,34605848,4,4,12,4,49,16,12,20,20,20260807,5,1,1,1,0,0,0,6492,0.2705,1,0.0015,0
2220,19679.3,8,0,2.53017,5.18133,0,0,0,7.7115,361,361,0,1,2.03342,2.03342,1971,388,5,1288,0,0,0,0,0,3761,4631.46,0.992583,7.92975,599918,184,59320,2256,1759225,736,237280,9024,32,4,867412,1712166,27757184,6848664,34605848,4,4,12,4,49,16,12,20,20,20260807,5,1,1,1,0,0,0,6492,0.2705,1,0.0015,0
2221,19685.7,7,0,2.3615,4.04333,0,0,0,6.40483,361,361,0,1,2.03342,2.03342,1971,388,5,1288,0,0,0,0,0,3761,4631.46,0.992583,7.92975,599918,184,59320,2256,1759225,736,237280,9024,32,4,867412,1712166,27757184,6848664,34605848,4,4,12,4,49,16,12,20,20,20260807,5,1,1,1,0,0,0,6492,0.2705,1,0.0015,0
2222,19696.4,10,0,2.28737,8.26492,0,0,0,10.5523,361,361,0,1,2.03342,2.03342,1971,388,5,1288,0,0,0,0,0,3761,4631.46,0.992583,7.92975,599918,184,59320,2256,1759225,736,237280,9024,32,4,867412,1712166,27757184,6848664,34605848,4,4,12,4,49,16,12,20,20,20260807,5,1,1,1,0,0,0,6493,0.270542,1,0.0015,1
2223,19702.9,7,0,2.36238,4.05138,0,0,0,6.41375,361,361,0,1,2.03342,2.03342,1971,388,5,1288,0,0,0,0,0,3761,4631.46,0.992583,7.92975,599918,184,59320,2256,1759225,736,237280,9024,32,4,867412,1712166,27757184,6848664,34605848,4,4,12,4,49,16,12,20,20,20260807,5,1,1,1,0,0,0,6493,0.270542,1,0.0015,0
2224,19712.7,10,0,2.28342,7.41258,0,0,0,9.696,361,361,0,1,2.03342,2.03342,1971,388,5,1288,0,0,0,0,0,3761,4631.46,0.992583,7.92975,599918,184,59320,2256,1759225,736,237280,9024,32,4,867412,1712166,27757184,6848664,34605848,4,4,12,4,49,16,12,20,20,20260807,5,1,1,1,0,0,0,6493,0.270542,1,0.0015,0
2225,19720.9,8,0,2.44908,5.72337,0,0,0,8.17246,361,361,0,1,2.03342,2.03342,1971,388,5,1288,0,0,0,0,0,3761,4631.46,0.992583,7.92975,599918,184,59320,2256,1759225,736,237280,9024,32,4,867412,1712166,27757184,6848664,34605848,4,4,12,4,49,16,12,20,20,20260807,5,1,1,1,0,0,0,6493,0.270542,1,0.0015,0
2226,19729.1,8,0,2.28713,5.83192,0,0,0,8.11904,361,361,0,1,2.03342,2.03342,1971,388,5,1288,0,0,0,0,0,3761,4631.46,0.992583,7.92975,599918,184,59320,2256,1759225,736,237280,9024,32,4,867412,1712166,27757184,6848664,34605848,4,4,12,4,49,16,12,20,20,20260807,5,1,1,1,0,0,0,6493,0.270542,1,0.0015,0
2227,19737.5,9,0,2.3945,5.95062,0,0,0,8.34512,361,361,0,1,2.03342,2.03342,1971,388,5,1288,0,0,0,0,0,3761,4631.46,0.992583,7.92975,599918,184,59320,2256,1759225,736,237280,9024,32,4,867412,1712166,27757184,6848664,34605848,4,4,12,4,49,16,12,20,20,20260807,5,1,1,1,0,0,0,6493,0.270542,1,0.0015,0
2228,19745.9,8,0,2.29829,5.98038,0,0,0,8.27867,361,361,0,1,2.03342,2.03342,1971,388,5,1288,0,0,0,0,0,3761,4631.46,0.992583,7.92975,599918,184,59320,2256,1759225,736,237280,9024,32,4,867412,1712166,27757184,6848664,34605848,4,4,12,4,49,16,12,20,20,20260807,5,1,1,1,0,0,0,6494,0.270583,1,0.0015,1
2229,19752.6,7,0,2.45058,4.1265,0,0,0,6.57708,361,361,0,1,2.03342,2.03342,1971,388,5,1288,0,0,0,0,0,3761,4631.46,0.992583,7.92975,599918,184,59320,2256,1759225,736,237280,9024,32,4,867412,1712166,27757184,6848664,34605848,4,4,12,4,49,16,12,20,20,20260807,5,1,1,1,0,0,0,6494,0.270583,1,0.0015,0
2230,19762.5,10,0,2.2675,7.56125,0,0,0,9.82875,361,361,0,1,2.03342,2.03342,1971,388,5,1288,0,0,0,0,0,3761,4631.46,0.992583,7.92975,599918,184,59320,2256,1759225,736,237280,9024,32,4,867412,1712166,27757184,6848664,34605848,4,4,12,4,49,16,12,20,20,20260807,5,1,1,1,0,0,0,6494,0.270583,1,0.0015,0
2231,19769.8,7,0,2.59121,4.61379,0,0,0,7.205,361,361,0,1,2.03342,2.03342,1971,388,5,1288,0,0,0,0,0,3761,4631.46,0.992583,7.92975,599918,184,59320,2256,1759225,736,237280,9024,32,4,867412,1712166,27757184,6848664,34605848,4,4,12,4,49,16,12,20,20,20260807,5,1,1,1,0,0,0,6494,0.270583,1,0.0015,0
2232,19779.5,9,0,2.45321,7.07637,0,0,0,9.52958,361,361,0,1,2.03342,2.03342,1971,388,5,1288,0,0,0,0,0,3761,4631.46,0.992583,7.92975,599918,184,59320,2256,1759225,736,237280,9024,32,4,867412,1712166,27757184,6848664,34605848,4,4,12,4,49,16,12,20,20,20260807,5,1,1,1,0,0,0,6494,0.270583,1,0.0015,0
2233,19786.3,7,0,2.43962,4.36733,0,0,0,6.80696,361,361,0,1,2.03342,2.03342,1971,388,5,1288,0,0,0,0,0,3761,4631.46,0.992583,7.92975,599918,184,59320,2256,1759225,736,237280,9024,32,4,867412,1712166,27757184,6848664,34605848,4,4,12,4,49,16,12,20,20,20260807,5,1,1,1,0,0,0,6494,0.270583,1,0.0015,0
2234,19795.8,10,0,2.33954,6.95642,0,0,0,9.29596,361,361,0,1,2.03342,2.03342,1971,388,5,1288,0,0,0,0,0,3761,4631.46,0.992583,7.92975,599918,184,59320,2256,1759225,736,237280,9024,32,4,867412,1712166,27757184,6848664,34605848,4,4,12,4,49,16,12,20,20,20260807,5,1,1,1,0,0,0,6495,0.270625,1,0.0015,1
2235,19802.4,6,0,2.45704,4.01392,0,0,0,6.47096,361,361,0,1,2.03342,2.03342,1971,388,5,1288,0,0,0,0,0,3761,4631.46,0.992583,7.92975,599918,184,59320,2256,1759225,736,237280,9024,32,4,867412,1712166,27757184,6848664,34605848,4,4,12,4,49,16,12,20,20,20260807,5,1,1,1,0,0,0,6495,0.270625,1,0.0015,0
2236,19812.6,11,0,3.44946,6.68692,0,0,0,10.1364,361,361,0,1,2.03342,2.03342,1971,388,5,1288,0,0,0,0,0,3761,4631.46,0.992583,7.92975,599918,184,59320,2256,1759225,736,237280,9024,32,4,867412,1712166,27757184,6848664,34605848,4,4,12,4,49,16,12,20,20,20260807,5,1,1,1,0,0,0,6495,0.270625,1,0.0015,0
2237,19819.2,6,0,2.38567,4.13604,0,0,0,6.52171,361,361,0,1,2.03342,2.03342,1971,388,5,1288,0,0,0,0,0,3761,4631.46,0.992583,7.92975,599918,184,59320,2256,1759225,736,237280,9024,32,4,867412,1712166,27757184,6848664,34605848,4,4,12,4,49,16,12,20,20,20260807,5,1,1,1,0,0,0,6495,0.270625,1,0.0015,0
2238,19829.2,10,0,2.42687,7.46971,0,0,0,9.89658,361,361,0,1,2.03342,2.03342,1971,388,5,1288,0,0,0,0,0,3761,4631.46,0.992583,7.92975,599918,184,59320,2256,1759225,736,237280,9024,32,4,867412,1712166,27757184,6848664,34605848,4,4,12,4,49,16,12,20,20,20260807,5,1,1,1,0,0,0,6495,0.270625,1,0.0015,0
2239,19836.4,7,0,2.38733,4.76129,0,0,0,7.14863,361,361,0,1,2.03342,2.03342,1971,388,5,1288,0,0,0,0,0,3761,4631.46,0.992583,7.92975,599918,184,59320,2256,1759225,736,237280,9024,32,4,867412,1712166,27757184,6848664,34605848,4,4,12,4,49,16,12,20,20,20260807,5,1,1,1,0,0,0,6495,0.270625,1,0.0015,0
2240,19846.2,10,0,2.53362,7.17367,0,0,0,9.70729,361,361,0,1,2.03342,2.03342,1971,388,5,1288,0,0,0,0,0,3761,4631.46,0.992583,7.92975,599918,184,59320,2256,1759225,736,237280,9024,32,4,867412,1712166,27757184,6848664,34605848,4,4,12,4,49,16,12,20,20,20260807,5,1,1,1,0,0,0,6496,0.270667,1,0.0015,1
2241,19852.5,7,0,2.36604,3.86921,0,0,0,6.23525,361,361,0,1,2.03342,2.03342,1971,388,5,1288,0,0,0,0,0,3761,4631.46,0.992583,7.92975,599918,184,59320,2256,1759225,736,237280,9024,32,4,867412,1712166,27757184,6848664,34605848,4,4,12,4,49,16,12,20,20,20260807,5,1,1,1,0,0,0,6496,0.270667,1,0.0015,0
2242,19862.4,9,0,2.27654,7.54225,0,0,0,9.81879,361,361,0,1,2.03342,2.03342,1971,388,5,1288,0,0,0,0,0,3761,4631.46,0.992583,7.92975,599918,184,59320,2256,1759225,736,237280,9024,32,4,867412,1712166,27757184,6848664,34605848,4,4,12,4,49,16,12,20,20,20260807,5,1,1,1,0,0,0,6496,0.270667,1,0.0015,0
2243,19871.2,9,0,2.40496,6.29617,0,0,0,8.70112,361,361,0,1,2.03342,2.03342,1971,388,5,1288,0,0,0,0,0,3761,4631.46,0.992583,7.92975,599918,184,59320,2256,1759225,736,237280,9024,32,4,867412,1712166,27757184,6848664,34605848,4,4,12,4,49,16,12,20,20,20260807,5,1,1,1,0,0,0,6496,0.270667,1,0.0015,0
2244,19879.7,9,0,2.31604,6.07567,0,0,0,8.39171,361,361,0,1,2.03342,2.03342,1971,388,5,1288,0,0,0,0,0,3761,4631.46,0.992583,7.92975,599918,184,59320,2256,1759225,736,237280,9024,32,4,867412,1712166,27757184,6848664,34605848,4,4,12,4,49,16,12,20,20,20260807,5,1,1,1,0,0,0,6496,0.270667,1,0.0015,0
2245,19886,6,0,2.37358,3.84863,0,0,0,6.22221,361,361,0,1,2.03342,2.03342,1971,388,5,1288,0,0,0,0,0,3761,4631.46,0.992583,7.92975,599918,184,59320,2256,1759225,736,237280,9024,32,4,867412,1712166,27757184,6848664,34605848,4,4,12,4,49,16,12,20,20,20260807,5,1,1,1,0,0,0,6496,0.270667,1,0.0015,0
2246,19897.2,11,0,2.33333,8.81742,0,0,0,11.1508,361,361,0,1,2.03342,2.03342,1971,388,5,1288,0,0,0,0,0,3761,4631.46,0.992583,7.92975,599918,184,59320,2256,1759225,736,237280,9024,32,4,867412,1712166,27757184,6848664,34605848,4,4,12,4,49,16,12,20,20,20260807,5,1,1,1,0,0,0,6497,0.270708,1,0.0015,1
2247,19903.7,7,0,2.4535,3.94896,0,0,0,6.40246,361,361,0,1,2.03342,2.03342,1971,388,5,1288,0,0,0,0,0,3761,4631.46,0.992583,7.92975,599918,184,59320,2256,1759225,736,237280,9024,32,4,867412,1712166,27757184,6848664,34605848,4,4,12,4,49,16,12,20,20,20260807,5,1,1,1,0,0,0,6497,0.270708,1,0.0015,0
2248,19912.9,9,0,2.40117,6.62808,0,0,0,9.02925,361,361,0,1,2.03342,2.03342,1971,388,5,1288,0,0,0,0,0,3761,4631.46,0.992583,7.92975,599918,184,59320,2256,1759225,736,237280,9024,32,4,867412,1712166,27757184,6848664,34605848,4,4,12,4,49,16,12,20,20,20260807,5,1,1,1,0,0,0,6497,0.270708,1,0.0015,0
2249,19920,7,0,2.39833,4.59687,0,0,0,6.99521,361,361,0,1,2.03342,2.03342,1971,388,5,1288,0,0,0,0,0,3761,4631.46,0.992583,7.92975,599918,184,59320,2256,1759225,736,237280,9024,32,4,867412,1712166,27757184,6848664,34605848,4,4,12,4,49,16,12,20,20,20260807,5,1,1,1,0,0,0,6497,0.270708,1,0.0015,0
2250,19929.2,9,0,2.42221,6.73825,0,0,0,9.16046,361,361,0,1,2.03342,2.03342,1971,388,5,1288,0,0,0,0,0,3761,4631.46,0.992583,7.92975,599918,184,59320,2256,1759225,736,237280,9024,32,4,867412,1712166,27757184,6848664,34605848,4,4,12,4,49,16,12,20,20,20260807,5,1,1,1,0,0,0,6497,0.270708,1,0.0015,0
2251,19935.6,7,0,2.42875,3.83442,0,0,0,6.26317,361,361,0,1,2.03342,2.03342,1971,388,5,1288,0,0,0,0,0,3761,4631.46,0.992583,7.92975,599918,184,59320,2256,1759225,736,237280,9024,32,4,867412,1712166,27757184,6848664,34605848,4,4,12,4,49,16,12,20,20,20260807,5,1,1,1,0,0,0,6497,0.270708,1,0.0015,0
2252,19945.7,10,0,2.79417,7.281,0,0,0,10.0752,361,361,0,1,2.03342,2.03342,1971,388,5,1288,0,0,0,0,0,3761,4631.46,0.992583,7.92975,599918,184,59320,2256,1759225,736,237280,9024,32,4,867412,1712166,27757184,6848664,34605848,4,4,12,4,49,16,12,20,20,20260807,5,1,1,1,0,0,0,6498,0.27075,1,0.0015,1
2253,19952.7,7,0,2.45008,4.452,0,0,0,6.90208,361,361,0,1,2.03342,2.03342,1971,388,5,1288,0,0,0,0,0,3761,4631.46,0.992583,7.92975,599918,184,59320,2256,1759225,736,237280,9024,32,4,867412,1712166,27757184,6848664,34605848,4,4,12,4,49,16,12,20,20,20260807,5,1,1,1,0,0,0,6498,0.27075,1,0.0015,0
2254,19962.7,10,0,2.37083,7.58517,0,0,0,9.956,361,361,0,1,2.03342,2.03342,1971,388,5,1288,0,0,0,0,0,3761,4631.46,0.992583,7.92975,599918,184,59320,2256,1759225,736,237280,9024,32,4,867412,1712166,27757184,6848664,34605848,4,4,12,4,49,16,12,20,20,20260807,5,1,1,1,0,0,0,6498,0.27075,1,0.0015,0
2255,19969.2,6,0,2.33838,4.01192,0,0,0,6.35029,361,361,0,1,2.03342,2.03342,1971,388,5,1288,0,0,0,0,0,3761,4631.46,0.992583,7.92975,599918,184,59320,2256,1759225,736,237280,9024,32,4,867412,1712166,27757184,6848664,34605848,4,4,12,4,49,16,12,20,20,20260807,5,1,1,1,0,0,0,6498,0.27075,1,0.0015,0
2256,19980.6,12,0,2.37913,8.97213,0,0,0,11.3513,361,361,0,1,2.03342,2.03342,1971,388,5,1288,0,0,0,0,0,3761,4631.46,0.992583,7.92975,599918,184,59320,2256,1759225,736,237280,9024,32,4,867412,1712166,27757184,6848664,34605848,4,4,12,4,49,16,12,20,20,20260807,5,1,1,1,0,0,0,6498,0.27075,1,0.0015,0
2257,19987.1,6,0,2.40775,3.98121,0,0,0,6.38896,361,361,0,1,2.03342,2.03342,1971,388,5,1288,0,0,0,0,0,3761,4631.46,0.992583,7.92975,599918,184,59320,2256,1759225,736,237280,9024,32,4,867412,1712166,27757184,6848664,34605848,4,4,12,4,49,16,12,20,20,20260807,5,1,1,1,0,0,0,6498,0.27075,1,0.0015,0
2258,19995.9,9,0,2.39546,6.36604,0,0,0,8.7615,361,361,0,1,2.03342,2.03342,1971,388,5,1288,0,0,0,0,0,3761,4631.46,0.992583,7.92975,599918,184,59320,2256,1759225,736,237280,9024,32,4,867412,1712166,27757184,6848664,34605848,4,4,12,4,49,16,12,20,20,20260807,5,1,1,1,0,0,0,6499,0.270792,1,0.0015,1
2259,20002.4,6,0,2.36788,3.95288,0,0,0,6.32075,361,361,0,1,2.03342,2.03342,1971,388,5,1288,0,0,0,0,0,3761,4631.46,0.992583,7.92975,599918,184,59320,2256,1759225,736,237280,9024,32,4,867412,1712166,27757184,6848664,34605848,4,4,12,4,49,16,12,20,20,20260807,5,1,1,1,0,0,0,6499,0.270792,1,0.0015,0
2260,20012.6,11,0,2.74317,7.39267,0,0,0,10.1358,361,361,0,1,2.03342,2.03342,1971,388,5,1288,0,0,0,0,0,3761,4631.46,0.992583,7.92975,599918,184,59320,2256,1759225,736,237280,9024,32,4,867412,1712166,27757184,6848664,34605848,4,4,12,4,49,16,12,20,20,20260807,5,1,1,1,0,0,0,6499,0.270792,1,0.0015,0
2261,20018.8,6,0,2.47792,3.70183,0,0,0,6.17975,361,361,0,1,2.03342,2.03342,1971,388,5,1288,0,0,0,0,0,3761,4631.46,0.992583,7.92975,599918,184,59320,2256,1759225,736,237280,9024,32,4,867412,1712166,27757184,6848664,34605848,4,4,12,4,49,16,12,20,20,20260807,5,1,1,1,0,0,0,6499,0.270792,1,0.0015,0
2262,20029.3,10,0,2.67333,7.67454,0,0,0,10.3479,361,361,0,1,2.03342,2.03342,1971,388,5,1288,0,0,0,0,0,3761,4631.46,0.992583,7.92975,599918,184,59320,2256,1759225,736,237280,9024,32,4,867412,1712166,27757184,6848664,34605848,4,4,12,4,49,16,12,20,20,20260807,5,1,1,1,0,0,0,6499,0.270792,1,0.0015,0
2263,20036.4,7,0,2.48667,4.50104,0,0,0,6.98771,361,361,0,1,2.03342,2.03342,1971,388,5,1288,0,0,0,0,0,3761,4631.46,0.992583,7.92975,599918,184,59320,2256,1759225,736,237280,9024,32,4,867412,1712166,27757184,6848664,34605848,4,4,12,4,49,16,12,20,20,20260807,5,1,1,1,0,0,0,6499,0.270792,1,0.0015,0
2264,20045.9,10,0,2.33233,7.07846,0,0,0,9.41079,361,361,0,1,2.03342,2.03342,1971,388,5,1288,0,0,0,0,0,3761,4631.46,0.992583,7.92975,599918,184,59320,2256,1759225,736,237280,9024,32,4,867412,1712166,27757184,6848664,34605848,4,4,12,4,49,16,12,20,20,20260807,5,1,1,1,0,0,0,6500,0.270833,1,0.0015,1
2265,20052.4,6,0,2.43158,3.98913,0,0,0,6.42071,361,361,0,1,2.03342,2.03342,1971,388,5,1288,0,0,0,0,0,3761,4631.46,0.992583,7.92975,599918,184,59320,2256,1759225,736,237280,9024,32,4,867412,1712166,27757184,6848664,34605848,4,4,12,4,49,16,12,20,20,20260807,5,1,1,1,0,0,0,6500,0.270833,1,0.0015,0
2266,20062.4,10,0,2.24054,7.73854,0,0,0,9.97908,361,361,0,1,2.03342,2.03342,1971,388,5,1288,0,0,0,0,0,3761,4631.46,0.992583,7.92975,599918,184,59320,2256,1759225,736,237280,9024,32,4,867412,1712166,27757184,6848664,34605848,4,4,12,4,49,16,12,20,20,20260807,5,1,1,1,0,0,0,6500,0.270833,1,0.0015,0
2267,20068.8,7,0,2.35075,3.982,0,0,0,6.33275,361,361,0,1,2.03342,2.03342,1971,388,5,1288,0,0,0,0,0,3761,4631.46,0.992583,7.92975,599918,184,59320,2256,1759225,736,237280,9024,32,4,867412,1712166,27757184,6848664,34605848,4,4,12,4,49,16,12,20,20,20260807,5,1,1,1,0,0,0,6500,0.270833,1,0.0015,0
2268,20079.2,10,0,2.36467,7.86971,0,0,0,10.2344,361,361,0,1,2.03342,2.03342,1971,388,5,1288,0,0,0,0,0,3761,4631.46,0.992583,7.92975,599918,184,59320,2256,1759225,736,237280,9024,32,4,867412,1712166,27757184,6848664,34605848,4,4,12,4,49,16,12,20,20,20260807,5,1,1,1,0,0,0,6500,0.270833,1,0.0015,0
2269,20091,12,0,2.37633,9.41563,0,0,0,11.792,361,361,0,1,2.03342,2.03342,1971,388,5,1288,0,0,0,0,0,3761,4631.46,0.992583,7.92975,599918,184,59320,2256,1759225,736,237280,9024,32,4,867412,1712166,27757184,6848664,34605848,4,4,12,4,49,16,12,20,20,20260807,5,1,1,1,0,0,0,6500,0.270833,1,0.0015,0
2270,20104.7,14,0,2.33817,11.2786,0,0,0,13.6167,361,361,0,1,2.03342,2.03342,1971,388,5,1288,0,0,0,0,0,3761,4631.46,0.992583,7.92975,599918,184,59320,2256,1759225,736,237280,9024,32,4,867412,1712166,27757184,6848664,34605848,4,4,12,4,49,16,12,20,20,20260807,5,1,1,1,0,0,0,6501,0.270875,1,0.0015,1
2271,20112.6,8,0,2.27075,5.46033,0,0,0,7.73108,361,361,0,1,2.03342,2.03342,1971,388,5,1288,0,0,0,0,0,3761,4631.46,0.992583,7.92975,599918,184,59320,2256,1759225,736,237280,9024,32,4,867412,1712166,27757184,6848664,34605848,4,4,12,4,49,16,12,20,20,20260807,5,1,1,1,0,0,0,6501,0.270875,1,0.0015,0
2272,20119.6,7,0,2.41138,4.59417,0,0,0,7.00554,361,361,0,1,2.03342,2.03342,1971,388,5,1288,0,0,0,0,0,3761,4631.46,0.992583,7.92975,599918,184,59320,2256,1759225,736,237280,9024,32,4,867412,1712166,27757184,6848664,34605848,4,4,12,4,49,16,12,20,20,20260807,5,1,1,1,0,0,0,6501,0.270875,1,0.0015,0
2273,20129.2,9,0,2.27458,7.19158,0,0,0,9.46617,361,361,0,1,2.03342,2.03342,1971,388,5,1288,0,0,0,0,0,3761,4631.46,0.992583,7.92975,599918,184,59320,2256,1759225,736,237280,9024,32,4,867412,1712166,27757184,6848664,34605848,4,4,12,4,49,16,12,20,20,20260807,5,1,1,1,0,0,0,6501,0.270875,1,0.0015,0
2274,20136.7,8,0,2.47375,4.93871,0,0,0,7.41246,361,361,0,1,2.03342,2.03342,1971,388,5,1288,0,0,0,0,0,3761,4631.46,0.992583,7.92975,599918,184,59320,2256,1759225,736,237280,9024,32,4,867412,1712166,27757184,6848664,34605848,4,4,12,4,49,16,12,20,20,20260807,5,1,1,1,0,0,0,6501,0.270875,1,0.0015,0
2275,20147.4,10,0,4.48971,6.14604,0,0,0,10.6357,361,361,0,1,2.03342,2.03342,1971,388,5,1288,0,0,0,0,0,3761,4631.46,0.992583,7.92975,599918,184,59320,2256,1759225,736,237280,9024,32,4,867412,1712166,27757184,6848664,34605848,4,4,12,4,49,16,12,20,20,20260807,5,1,1,1,0,0,0,6502,0.270917,1,0.0015,1
2276,20154.1,7,0,2.36063,4.23033,0,0,0,6.59096,361,361,0,1,2.03342,2.03342,1971,388,5,1288,0,0,0,0,0,3761,4631.46,0.992583,7.92975,599918,184,59320,2256,1759225,736,237280,9024,32,4,867412,1712166,27757184,6848664,34605848,4,4,12,4,49,16,12,20,20,20260807,5,1,1,1,0,0,0,6502,0.270917,1,0.0015,0
2277,20162.9,9,0,2.25963,6.40217,0,0,0,8.66179,361,361,0,1,2.03342,2.03342,1971,388,5,1288,0,0,0,0,0,3761,4631.46,0.992583,7.92975,599918,184,59320,2256,1759225,736,237280,9024,32,4,867412,1712166,27757184,6848664,34605848,4,4,12,4,49,16,12,20,20,20260807,5,1,1,1,0,0,0,6502,0.270917,1,0.0015,0
2278,20173.3,10,0,2.338,7.95675,0,0,0,10.2948,361,361,0,1,2.03342,2.03342,1971,388,5,1288,0,0,0,0,0,3761,4631.46,0.992583,7.92975,599918,184,59320,2256,1759225,736,237280,9024,32,4,867412,1712166,27757184,6848664,34605848,4,4,12,4,49,16,12,20,20,20260807,5,1,1,1,0,0,0,6502,0.270917,1,0.0015,0
2279,20180.6,8,0,2.57083,4.65379,0,0,0,7.22462,361,361,0,1,2.03342,2.03342,1971,388,5,1288,0,0,0,0,0,3761,4631.46,0.992583,7.92975,599918,184,59320,2256,1759225,736,237280,9024,32,4,867412,1712166,27757184,6848664,34605848,4,4,12,4,49,16,12,20,20,20260807,5,1,1,1,0,0,0,6502,0.270917,1,0.0015,0
2280,20187.1,6,0,2.4095,4.07742,0,0,0,6.48692,361,361,0,1,2.03342,2.03342,1971,388,5,1288,0,0,0,0,0,3761,4631.46,0.992583,7.92975,599918,184,59320,2256,1759225,736,237280,9024,32,4,867412,1712166,27757184,6848664,34605848,4,4,12,4,49,16,12,20,20,20260807,5,1,1,1,0,0,0,6502,0.270917,1,0.0015,0
2281,20196.3,9,0,2.28946,6.773,0,0,0,9.06246,361,361,0,1,2.03342,2.03342,1971,388,5,1288,0,0,0,0,0,3761,4631.46,0.992583,7.92975,599918,184,59320,2256,1759225,736,237280,9024,32,4,867412,1712166,27757184,6848664,34605848,4,4,12,4,49,16,12,20,20,20260807,5,1,1,1,0,0,0,6503,0.270958,1,0.0015,1
2282,20202.9,7,0,2.41471,4.09071,0,0,0,6.50542,361,361,0,1,2.03342,2.03342,1971,388,5,1288,0,0,0,0,0,3761,4631.46,0.992583,7.92975,599918,184,59320,2256,1759225,736,237280,9024,32,4,867412,1712166,27757184,6848664,34605848,4,4,12,4,49,16,12,20,20,20260807,5,1,1,1,0,0,0,6503,0.270958,1,0.0015,0
2283,20212.9,10,0,2.29117,7.63758,0,0,0,9.92875,361,361,0,1,2.03342,2.03342,1971,388,5,1288,0,0,0,0,0,3761,4631.46,0.992583,7.92975,599918,184,59320,2256,1759225,736,237280,9024,32,4,867412,1712166,27757184,6848664,34605848,4,4,12,4,49,16,12,20,20,20260807,5,1,1,1,0,0,0,6503,0.270958,1,0.0015,0
2284,20220.8,8,0,2.38621,5.43258,0,0,0,7.81879,361,361,0,1,2.03342,2.03342,1971,388,5,1288,0,0,0,0,0,3761,4631.46,0.992583,7.92975,599918,184,59320,2256,1759225,736,237280,9024,32,4,867412,1712166,27757184,6848664,34605848,4,4,12,4,49,16,12,20,20,20260807,5,1,1,1,0,0,0,6503,0.270958,1,0.0015,0
2285,20229.6,9,0,2.36537,6.3515,0,0,0,8.71687,361,361,0,1,2.03342,2.03342,1971,388,5,1288,0,0,0,0,0,3761,4631.46,0.992583,7.92975,599918,184,59320,2256,1759225,736,237280,9024,32,4,867412,1712166,27757184,6848664,34605848,4,4,12,4,49,16,12,20,20,20260807,5,1,1,1,0,0,0,6503,0.270958,1,0.0015,0
2286,20236.6,7,0,2.48571,4.46,0,0,0,6.94571,361,361,0,1,2.03342,2.03342,1971,388,5,1288,0,0,0,0,0,3761,4631.46,0.992583,7.92975,599918,184,59320,2256,1759225,736,237280,9024,32,4,867412,1712166,27757184,6848664,34605848,4,4,12,4,49,16,12,20,20,20260807,5,1,1,1,0,0,0,6503,0.270958,1,0.0015,0
2287,20246.1,9,0,2.84092,6.56558,0,0,0,9.4065,361,361,0,1,2.03342,2.03342,1971,388,5,1288,0,0,0,0,0,3761,4631.46,0.992583,7.92975,599918,184,59320,2256,1759225,736,237280,9024,32,4,867412,1712166,27757184,6848664,34605848,4,4,12,4,49,16,12,20,20,20260807,5,1,1,1,0,0,0,6504,0.271,1,0.0015,1
2288,20254.8,9,0,2.36367,6.2285,0,0,0,8.59217,361,361,0,1,2.03342,2.03342,1971,388,5,1288,0,0,0,0,0,3761,4631.46,0.992583,7.92975,599918,184,59320,2256,1759225,736,237280,9024,32,4,867412,1712166,27757184,6848664,34605848,4,4,12,4,49,16,12,20,20,20260807,5,1,1,1,0,0,0,6504,0.271,1,0.0015,0
2289,20262.5,7,0,2.36612,5.2075,0,0,0,7.57362,361,361,0,1,2.03342,2.03342,1971,388,5,1288,0,0,0,0,0,3761,4631.46,0.992583,7.92975,599918,184,59320,2256,1759225,736,237280,9024,32,4,867412,1712166,27757184,6848664,34605848,4,4,12,4,49,16,12,20,20,20260807,5,1,1,1,0,0,0,6504,0.271,1,0.0015,0
2290,20269.4,7,0,2.55271,4.29646,0,0,0,6.84917,361,361,0,1,2.03342,2.03342,1971,388,5,1288,0,0,0,0,0,3761,4631.46,0.992583,7.92975,599918,184,59320,2256,1759225,736,237280,9024,32,4,867412,1712166,27757184,6848664,34605848,4,4,12,4,49,16,12,20,20,20260807,5,1,1,1,0,0,0,6504,0.271,1,0.0015,0
2291,20279.5,11,0,2.34196,7.67338,0,0,0,10.0153,361,361,0,1,2.03342,2.03342,1971,388,5,1288,0,0,0,0,0,3761,4631.46,0.992583,7.92975,599918,184,59320,2256,1759225,736,237280,9024,32,4,867412,1712166,27757184,6848664,34605848,4,4,12,4,49,16,12,20,20,20260807,5,1,1,1,0,0,0,6504,0.271,1,0.0015,0
2292,20286,6,0,2.548,3.86133,0,0,0,6.40933,361,361,0,1,2.03342,2.03342,1971,388,5,1288,0,0,0,0,0,3761,4631.46,0.992583,7.92975,599918,184,59320,2256,1759225,736,237280,9024,32,4,867412,1712166,27757184,6848664,34605848,4,4,12,4,49,16,12,20,20,20260807,5,1,1,1,0,0,0,6504,0.271,1,0.0015,0
2293,20296.7,11,0,2.45758,8.17542,0,0,0,10.633,361,361,0,1,2.03342,2.03342,1971,388,5,1288,0,0,0,0,0,3761,4631.46,0.992583,7.92975,599918,184,59320,2256,1759225,736,237280,9024,32,4,867412,1712166,27757184,6848664,34605848,4,4,12,4,49,16,12,20,20,20260807,5,1,1,1,0,0,0,6505,0.271042,1,0.0015,1
2294,20303.5,6,0,2.40196,4.23879,0,0,0,6.64075,361,361,0,1,2.03342,2.03342,1971,388,5,1288,0,0,0,0,0,3761,4631.46,0.992583,7.92975,599918,184,59320,2256,1759225,736,237280,9024,32,4,867412,1712166,27757184,6848664,34605848,4,4,12,4,49,16,12,20,20,20260807,5,1,1,1,0,0,0,6505,0.271042,1,0.0015,0
2295,20319.4,16,0,6.9485,8.94225,0,0,0,15.8908,361,361,0,1,2.03342,2.03342,1971,388,5,1288,0,0,0,0,0,3761,4631.46,0.992583,7.92975,599918,184,59320,2256,1759225,736,237280,9024,32,4,867412,1712166,27757184,6848664,34605848,4,4,12,4,49,16,12,20,20,20260807,5,1,1,1,0,0,0,6505,0.271042,1,0.0015,0
2296,20329.3,10,0,2.41787,7.31133,0,0,0,9.72921,361,361,0,1,2.03342,2.03342,1971,388,5,1288,0,0,0,0,0,3761,4631.46,0.992583,7.92975,599918,184,59320,2256,1759225,736,237280,9024,32,4,867412,1712166,27757184,6848664,34605848,4,4,12,4,49,16,12,20,20,20260807,5,1,1,1,0,0,0,6505,0.271042,1,0.0015,0
2297,20335.9,7,0,2.58217,4.02146,0,0,0,6.60363,361,361,0,1,2.03342,2.03342,1971,388,5,1288,0,0,0,0,0,3761,4631.46,0.992583,7.92975,599918,184,59320,2256,1759225,736,237280,9024,32,4,867412,1712166,27757184,6848664,34605848,4,4,12,4,49,16,12,20,20,20260807,5,1,1,1,0,0,0,6505,0.271042,1,0.0015,0
2298,20345.8,10,0,2.60975,7.19883,0,0,0,9.80858,361,361,0,1,2.03342,2.03342,1971,388,5,1288,0,0,0,0,0,3761,4631.46,0.992583,7.92975,599918,184,59320,2256,1759225,736,237280,9024,32,4,867412,1712166,27757184,6848664,34605848,4,4,12,4,49,16,12,20,20,20260807,5,1,1,1,0,0,0,6506,0.271083,1,0.0015,1
2299,20352.6,7,0,2.5265,4.15271,0,0,0,6.67921,361,361,0,1,2.03342,2.03342,1971,388,5,1288,0,0,0,0,0,3761,4631.46,0.992583,7.92975,599918,184,59320,2256,1759225,736,237280,9024,32,4,867412,1712166,27757184,6848664,34605848,4,4,12,4,49,16,12,20,20,20260807,5,1,1,1,0,0,0,6506,0.271083,1,0.0015,0
2300,20363.7,12,0,2.36612,8.62942,0,0,0,10.9955,361,361,0,1,2.03342,2.03342,1971,388,5,1288,0,0,0,0,0,3761,4631.46,0.992583,7.92975,599918,184,59320,2256,1759225,736,237280,9024,32,4,867412,1712166,27757184,6848664,34605848,4,4,12,4,49,16,12,20,20,20260807,5,1,1,1,0,0,0,6506,0.271083,1,0.0015,0
2301,20380,15,0,2.38883,13.8139,0,0,0,16.2027,361,361,0,1,2.03342,2.03342,1971,388,5,1288,0,0,0,0,0,3761,4631.46,0.992583,7.92975,599918,184,59320,2256,1759225,736,237280,9024,32,4,867412,1712166,27757184,6848664,34605848,4,4,12,4,49,16,12,20,20,20260807,5,1,1,1,0,0,0,6506,0.271083,1,0.0015,0
2302,20386.9,7,0,2.37408,4.44696,0,0,0,6.82104,361,361,0,1,2.03342,2.03342,1971,388,5,1288,0,0,0,0,0,3761,4631.46,0.992583,7.92975,599918,184,59320,2256,1759225,736,237280,9024,32,4,867412,1712166,27757184,6848664,34605848,4,4,12,4,49,16,12,20,20,20260807,5,1,1,1,0,0,0,6506,0.271083,1,0.0015,0
2303,20396.9,10,0,2.47658,7.51642,0,0,0,9.993,361,361,0,1,2.03342,2.03342,1971,388,5,1288,0,0,0,0,0,3761,4631.46,0.992583,7.92975,599918,184,59320,2256,1759225,736,237280,9024,32,4,867412,1712166,27757184,6848664,34605848,4,4,12,4,49,16,12,20,20,20260807,5,1,1,1,0,0,0,6507,0.271125,1,0.0015,1
2304,20414.8,18,0,2.30671,15.487,0,0,0,17.7937,361,361,0,1,2.03342,2.03342,1971,388,5,1288,0,0,0,0,0,3761,4631.46,0.992583,7.92975,599918,184,59320,2256,1759225,736,237280,9024,32,4,867412,1712166,27757184,6848664,34605848,4,4,12,4,49,16,12,20,20,20260807,5,1,1,1,0,0,0,6507,0.271125,1,0.0015,0
2305,20421.9,7,0,2.41546,4.54938,0,0,0,6.96483,361,361,0,1,2.03342,2.03342,1971,388,5,1288,0,0,0,0,0,3761,4631.46,0.992583,7.92975,599918,184,59320,2256,1759225,736,237280,9024,32,4,867412,1712166,27757184,6848664,34605848,4,4,12,4,49,16,12,20,20,20260807,5,1,1,1,0,0,0,6507,0.271125,1,0.0015,0
2306,20429.4,7,0,2.26012,5.20321,0,0,0,7.46333,361,361,0,1,2.03342,2.03342,1971,388,5,1288,0,0,0,0,0,3761,4631.46,0.992583,7.92975,599918,184,59320,2256,1759225,736,237280,9024,32,4,867412,1712166,27757184,6848664,34605848,4,4,12,4,49,16,12,20,20,20260807,5,1,1,1,0,0,0,6507,0.271125,1,0.0015,0
2307,20436.9,8,0,2.51162,4.86712,0,0,0,7.37875,361,361,0,1,2.03342,2.03342,1971,388,5,1288,0,0,0,0,0,3761,4631.46,0.992583,7.92975,599918,184,59320,2256,1759225,736,237280,9024,32,4,867412,1712166,27757184,6848664,34605848,4,4,12,4,49,16,12,20,20,20260807,5,1,1,1,0,0,0,6507,0.271125,1,0.0015,0
2308,20445.9,9,0,2.43012,6.53417,0,0,0,8.96429,361,361,0,1,2.03342,2.03342,1971,388,5,1288,0,0,0,0,0,3761,4631.46,0.992583,7.92975,599918,184,59320,2256,1759225,736,237280,9024,32,4,867412,1712166,27757184,6848664,34605848,4,4,12,4,49,16,12,20,20,20260807,5,1,1,1,0,0,0,6508,0.271167,1,0.0015,1
2309,20453.7,8,0,2.45312,5.24587,0,0,0,7.699,361,361,0,1,2.03342,2.03342,1971,388,5,1288,0,0,0,0,0,3761,4631.46,0.992583,7.92975,599918,184,59320,2256,1759225,736,237280,9024,32,4,867412,1712166,27757184,6848664,34605848,4,4,12,4,49,16,12,20,20,20260807,5,1,1,1,0,0,0,6508,0.271167,1,0.0015,0
2310,20463.6,10,0,2.59512,7.13354,0,0,0,9.72867,361,361,0,1,2.03342,2.03342,1971,388,5,1288,0,0,0,0,0,3761,4631.46,0.992583,7.92975,599918,184,59320,2256,1759225,736,237280,9024,32,4,867412,1712166,27757184,6848664,34605848,4,4,12,4,49,16,12,20,20,20260807,5,1,1,1,0,0,0,6508,0.271167,1,0.0015,0
2311,20470.5,7,0,2.29258,4.583,0,0,0,6.87558,361,361,0,1,2.03342,2.03342,1971,388,5,1288,0,0,0,0,0,3761,4631.46,0.992583,7.92975,599918,184,59320,2256,1759225,736,237280,9024,32,4,867412,1712166,27757184,6848664,34605848,4,4,12,4,49,16,12,20,20,20260807,5,1,1,1,0,0,0,6508,0.271167,1,0.0015,0
2312,20479.8,9,0,2.63933,6.58883,0,0,0,9.22817,361,361,0,1,2.03342,2.03342,1971,388,5,1288,0,0,0,0,0,3761,4631.46,0.992583,7.92975,599918,184,59320,2256,1759225,736,237280,9024,32,4,867412,1712166,27757184,6848664,34605848,4,4,12,4,49,16,12,20,20,20260807,5,1,1,1,0,0,0,6508,0.271167,1,0.0015,0
2313,20487,7,0,2.35883,4.76558,0,0,0,7.12442,361,361,0,1,2.03342,2.03342,1971,388,5,1288,0,0,0,0,0,3761,4631.46,0.992583,7.92975,599918,184,59320,2256,1759225,736,237280,9024,32,4,867412,1712166,27757184,6848664,34605848,4,4,12,4,49,16,12,20,20,20260807,5,1,1,1,0,0,0,6508,0.271167,1,0.0015,0
2314,20496.9,10,0,2.37275,7.40446,0,0,0,9.77721,361,361,0,1,2.03342,2.03342,1971,388,5,1288,0,0,0,0,0,3761,4631.46,0.992583,7.92975,599918,184,59320,2256,1759225,736,237280,9024,32,4,867412,1712166,27757184,6848664,34605848,4,4,12,4,49,16,12,20,20,20260807,5,1,1,1,0,0,0,6509,0.271208,1,0.0015,1
2315,20504.3,7,0,2.42937,4.85071,0,0,0,7.28008,361,361,0,1,2.03342,2.03342,1971,388,5,1288,0,0,0,0,0,3761,4631.46,0.992583,7.92975,599918,184,59320,2256,1759225,736,237280,9024,32,4,867412,1712166,27757184,6848664,34605848,4,4,12,4,49,16,12,20,20,20260807,5,1,1,1,0,0,0,6509,0.271208,1,0.0015,0
2316,20512.5,8,0,2.37229,5.7415,0,0,0,8.11379,361,361,0,1,2.03342,2.03342,1971,388,5,1288,0,0,0,0,0,3761,4631.46,0.992583,7.92975,599918,184,59320,2256,1759225,736,237280,9024,32,4,867412,1712166,27757184,6848664,34605848,4,4,12,4,49,16,12,20,20,20260807,5,1,1,1,0,0,0,6509,0.271208,1,0.0015,0
2317,20519.6,8,0,2.56654,4.4455,0,0,0,7.01204,361,361,0,1,2.03342,2.03342,1971,388,5,1288,0,0,0,0,0,3761,4631.46,0.992583,7.92975,599918,184,59320,2256,1759225,736,237280,9024,32,4,867412,1712166,27757184,6848664,34605848,4,4,12,4,49,16,12,20,20,20260807,5,1,1,1,0,0,0,6509,0.271208,1,0.0015,0
2318,20529.4,9,0,2.32213,7.38783,0,0,0,9.70996,361,361,0,1,2.03342,2.03342,1971,388,5,1288,0,0,0,0,0,3761,4631.46,0.992583,7.92975,599918,184,59320,2256,1759225,736,237280,9024,32,4,867412,1712166,27757184,6848664,34605848,4,4,12,4,49,16,12,20,20,20260807,5,1,1,1,0,0,0,6509,0.271208,1,0.0015,0
2319,20536.2,7,0,2.42383,4.27192,0,0,0,6.69575,361,361,0,1,2.03342,2.03342,1971,388,5,1288,0,0,0,0,0,3761,4631.46,0.992583,7.92975,599918,184,59320,2256,1759225,736,237280,9024,32,4,867412,1712166,27757184,6848664,34605848,4,4,12,4,49,16,12,20,20,20260807,5,1,1,1,0,0,0,6509,0.271208,1,0.0015,0
2320,20546.3,10,0,3.45704,6.58067,0,0,0,10.0377,361,361,0,1,2.03342,2.03342,1971,388,5,1288,0,0,0,0,0,3761,4631.46,0.992583,7.92975,599918,184,59320,2256,1759225,736,237280,9024,32,4,867412,1712166,27757184,6848664,34605848,4,4,12,4,49,16,12,20,20,20260807,5,1,1,1,0,0,0,6510,0.27125,1,0.0015,1
2321,20553,7,0,2.46954,4.11988,0,0,0,6.58942,361,361,0,1,2.03342,2.03342,1971,388,5,1288,0,0,0,0,0,3761,4631.46,0.992583,7.92975,599918,184,59320,2256,1759225,736,237280,9024,32,4,867412,1712166,27757184,6848664,34605848,4,4,12,4,49,16,12,20,20,20260807,5,1,1,1,0,0,0,6510,0.27125,1,0.0015,0
2322,20562.6,10,0,2.663,6.88758,0,0,0,9.55058,361,361,0,1,2.03342,2.03342,1971,388,5,1288,0,0,0,0,0,3761,4631.46,0.992583,7.92975,599918,184,59320,2256,1759225,736,237280,9024,32,4,867412,1712166,27757184,6848664,34605848,4,4,12,4,49,16,12,20,20,20260807,5,1,1,1,0,0,0,6510,0.27125,1,0.0015,0
2323,20569.4,6,0,2.44325,4.318,0,0,0,6.76125,361,361,0,1,2.03342,2.03342,1971,388,5,1288,0,0,0,0,0,3761,4631.46,0.992583,7.92975,599918,184,59320,2256,1759225,736,237280,9024,32,4,867412,1712166,27757184,6848664,34605848,4,4,12,4,49,16,12,20,20,20260807,5,1,1,1,0,0,0,6510,0.27125,1,0.0015,0
2324,20579.3,10,0,2.52333,7.23058,0,0,0,9.75392,361,361,0,1,2.03342,2.03342,1971,388,5,1288,0,0,0,0,0,3761,4631.46,0.992583,7.92975,599918,184,59320,2256,1759225,736,237280,9024,32,4,867412,1712166,27757184,6848664,34605848,4,4,12,4,49,16,12,20,20,20260807,5,1,1,1,0,0,0,6510,0.27125,1,0.0015,0
2325,20586,7,0,2.41438,4.24292,0,0,0,6.65729,361,361,0,1,2.03342,2.03342,1971,388,5,1288,0,0,0,0,0,3761,4631.46,0.992583,7.92975,599918,184,59320,2256,1759225,736,237280,9024,32,4,867412,1712166,27757184,6848664,34605848,4,4,12,4,49,16,12,20,20,20260807,5,1,1,1,0,0,0,6510,0.27125,1,0.0015,0
2326,20596.5,10,0,3.14683,7.23492,0,0,0,10.3818,361,361,0,1,2.03342,2.03342,1971,388,5,1288,0,0,0,0,0,3761,4631.46,0.992583,7.92975,599918,184,59320,2256,1759225,736,237280,9024,32,4,867412,1712166,27757184,6848664,34605848,4,4,12,4,49,16,12,20,20,20260807,5,1,1,1,0,0,0,6511,0.271292,1,0.0015,1
2327,20603.1,7,0,2.52854,3.95012,0,0,0,6.47867,361,361,0,1,2.03342,2.03342,1971,388,5,1288,0,0,0,0,0,3761,4631.46,0.992583,7.92975,599918,184,59320,2256,1759225,736,237280,9024,32,4,867412,1712166,27757184,6848664,34605848,4,4,12,4,49,16,12,20,20,20260807,5,1,1,1,0,0,0,6511,0.271292,1,0.0015,0
2328,20612.5,10,0,2.45325,6.9355,0,0,0,9.38875,361,361,0,1,2.03342,2.03342,1971,388,5,1288,0,0,0,0,0,3761,4631.46,0.992583,7.92975,599918,184,59320,2256,1759225,736,237280,9024,32,4,867412,1712166,27757184,6848664,34605848,4,4,12,4,49,16,12,20,20,20260807,5,1,1,1,0,0,0,6511,0.271292,1,0.0015,0
2329,20619.4,6,0,2.4475,4.32167,0,0,0,6.76917,361,361,0,1,2.03342,2.03342,1971,388,5,1288,0,0,0,0,0,3761,4631.46,0.992583,7.92975,599918,184,59320,2256,1759225,736,237280,9024,32,4,867412,1712166,27757184,6848664,34605848,4,4,12,4,49,16,12,20,20,20260807,5,1,1,1,0,0,0,6511,0.271292,1,0.0015,0
2330,20629.2,10,0,2.64171,7.08942,0,0,0,9.73113,361,361,0,1,2.03342,2.03342,1971,388,5,1288,0,0,0,0,0,3761,4631.46,0.992583,7.92975,599918,184,59320,2256,1759225,736,237280,9024,32,4,867412,1712166,27757184,6848664,34605848,4,4,12,4,49,16,12,20,20,20260807,5,1,1,1,0,0,0,6511,0.271292,1,0.0015,0
2331,20635.8,7,0,2.42404,4.04317,0,0,0,6.46721,361,361,0,1,2.03342,2.03342,1971,388,5,1288,0,0,0,0,0,3761,4631.46,0.992583,7.92975,599918,184,59320,2256,1759225,736,237280,9024,32,4,867412,1712166,27757184,6848664,34605848,4,4,12,4,49,16,12,20,20,20260807,5,1,1,1,0,0,0,6511,0.271292,1,0.0015,0
2332,20645.9,10,0,3.10113,6.90054,0,0,0,10.0017,361,361,0,1,2.03342,2.03342,1971,388,5,1288,0,0,0,0,0,3761,4631.46,0.992583,7.92975,599918,184,59320,2256,1759225,736,237280,9024,32,4,867412,1712166,27757184,6848664,34605848,4,4,12,4,49,16,12,20,20,20260807,5,1,1,1,0,0,0,6512,0.271333,1,0.0015,1
2333,20652.4,6,0,2.44529,4.04925,0,0,0,6.49454,361,361,0,1,2.03342,2.03342,1971,388,5,1288,0,0,0,0,0,3761,4631.46,0.992583,7.92975,599918,184,59320,2256,1759225,736,237280,9024,32,4,867412,1712166,27757184,6848664,34605848,4,4,12,4,49,16,12,20,20,20260807,5,1,1,1,0,0,0,6512,0.271333,1,0.0015,0
2334,20662.6,11,0,2.37642,7.71587,0,0,0,10.0923,361,361,0,1,2.03342,2.03342,1971,388,5,1288,0,0,0,0,0,3761,4631.46,0.992583,7.92975,599918,184,59320,2256,1759225,736,237280,9024,32,4,867412,1712166,27757184,6848664,34605848,4,4,12,4,49,16,12,20,20,20260807,5,1,1,1,0,0,0,6512,0.271333,1,0.0015,0
2335,20671,8,0,2.48417,5.83788,0,0,0,8.32204,361,361,0,1,2.03342,2.03342,1971,388,5,1288,0,0,0,0,0,3761,4631.46,0.992583,7.92975,599918,184,59320,2256,1759225,736,237280,9024,32,4,867412,1712166,27757184,6848664,34605848,4,4,12,4,49,16,12,20,20,20260807,5,1,1,1,0,0,0,6512,0.271333,1,0.0015,0
2336,20679.3,8,0,2.30463,5.90392,0,0,0,8.20854,361,361,0,1,2.03342,2.03342,1971,388,5,1288,0,0,0,0,0,3761,4631.46,0.992583,7.92975,599918,184,59320,2256,1759225,736,237280,9024,32,4,867412,1712166,27757184,6848664,34605848,4,4,12,4,49,16,12,20,20,20260807,5,1,1,1,0,0,0,6512,0.271333,1,0.0015,0
2337,20686.3,7,0,2.44908,4.40996,0,0,0,6.85904,361,361,0,1,2.03342,2.03342,1971,388,5,1288,0,0,0,0,0,3761,4631.46,0.992583,7.92975,599918,184,59320,2256,1759225,736,237280,9024,32,4,867412,1712166,27757184,6848664,34605848,4,4,12,4,49,16,12,20,20,20260807,5,1,1,1,0,0,0,6512,0.271333,1,0.0015,0
2338,20695.8,10,0,2.60229,6.88083,0,0,0,9.48312,361,361,0,1,2.03342,2.03342,1971,388,5,1288,0,0,0,0,0,3761,4631.46,0.992583,7.92975,599918,184,59320,2256,1759225,736,237280,9024,32,4,867412,1712166,27757184,6848664,34605848,4,4,12,4,49,16,12,20,20,20260807,5,1,1,1,0,0,0,6513,0.271375,1,0.0015,1
2339,20705.2,9,0,2.50371,6.79638,0,0,0,9.30008,361,361,0,1,2.03342,2.03342,1971,388,5,1288,0,0,0,0,0,3761,4631.46,0.992583,7.92975,599918,184,59320,2256,1759225,736,237280,9024,32,4,867412,1712166,27757184,6848664,34605848,4,4,12,4,49,16,12,20,20,20260807,5,1,1,1,0,0,0,6513,0.271375,1,0.0015,0
2340,20712.5,8,0,2.40429,4.79512,0,0,0,7.19942,361,361,0,1,2.03342,2.03342,1971,388,5,1288,0,0,0,0,0,3761,4631.46,0.992583,7.92975,599918,184,59320,2256,1759225,736,237280,9024,32,4,867412,1712166,27757184,6848664,34605848,4,4,12,4,49,16,12,20,20,20260807,5,1,1,1,0,0,0,6513,0.271375,1,0.0015,0
2341,20719.7,7,0,2.45883,4.59312,0,0,0,7.05196,361,361,0,1,2.03342,2.03342,1971,388,5,1288,0,0,0,0,0,3761,4631.46,0.992583,7.92975,599918,184,59320,2256,1759225,736,237280,9024,32,4,867412,1712166,27757184,6848664,34605848,4,4,12,4,49,16,12,20,20,20260807,5,1,1,1,0,0,0,6513,0.271375,1,0.0015,0
2342,20729.3,9,0,2.49496,7.0495,0,0,0,9.54446,361,361,0,1,2.03342,2.03342,1971,388,5,1288,0,0,0,0,0,3761,4631.46,0.992583,7.92975,599918,184,59320,2256,1759225,736,237280,9024,32,4,867412,1712166,27757184,6848664,34605848,4,4,12,4,49,16,12,20,20,20260807,5,1,1,1,0,0,0,6513,0.271375,1,0.0015,0
2343,20737,8,0,2.4685,5.15596,0,0,0,7.62446,361,361,0,1,2.03342,2.03342,1971,388,5,1288,0,0,0,0,0,3761,4631.46,0.992583,7.92975,599918,184,59320,2256,1759225,736,237280,9024,32,4,867412,1712166,27757184,6848664,34605848,4,4,12,4,49,16,12,20,20,20260807,5,1,1,1,0,0,0,6513,0.271375,1,0.0015,0
2344,20745.8,9,0,2.52129,6.24817,0,0,0,8.76946,361,361,0,1,2.03342,2.03342,1971,388,5,1288,0,0,0,0,0,3761,4631.46,0.992583,7.92975,599918,184,59320,2256,1759225,736,237280,9024,32,4,867412,1712166,27757184,6848664,34605848,4,4,12,4,49,16,12,20,20,20260807,5,1,1,1,0,0,0,6514,0.271417,1,0.0015,1
2345,20752.6,7,0,2.33871,4.35429,0,0,0,6.693,361,361,0,1,2.03342,2.03342,1971,388,5,1288,0,0,0,0,0,3761,4631.46,0.992583,7.92975,599918,184,59320,2256,1759225,736,237280,9024,32,4,867412,1712166,27757184,6848664,34605848,4,4,12,4,49,16,12,20,20,20260807,5,1,1,1,0,0,0,6514,0.271417,1,0.0015,0
2346,20762.9,10,0,2.47838,7.71217,0,0,0,10.1905,361,361,0,1,2.03342,2.03342,1971,388,5,1288,0,0,0,0,0,3761,4631.46,0.992583,7.92975,599918,184,59320,2256,1759225,736,237280,9024,32,4,867412,1712166,27757184,6848664,34605848,4,4,12,4,49,16,12,20,20,20260807,5,1,1,1,0,0,0,6514,0.271417,1,0.0015,0
2347,20769.6,7,0,2.41179,4.21308,0,0,0,6.62488,361,361,0,1,2.03342,2.03342,1971,388,5,1288,0,0,0,0,0,3761,4631.46,0.992583,7.92975,599918,184,59320,2256,1759225,736,237280,9024,32,4,867412,1712166,27757184,6848664,34605848,4,4,12,4,49,16,12,20,20,20260807,5,1,1,1,0,0,0,6514,0.271417,1,0.0015,0
2348,20779.6,10,0,2.39258,7.502,0,0,0,9.89458,361,361,0,1,2.03342,2.03342,1971,388,5,1288,0,0,0,0,0,3761,4631.46,0.992583,7.92975,599918,184,59320,2256,1759225,736,237280,9024,32,4,867412,1712166,27757184,6848664,34605848,4,4,12,4,49,16,12,20,20,20260807,5,1,1,1,0,0,0,6514,0.271417,1,0.0015,0
2349,20788.3,8,0,2.43858,6.17925,0,0,0,8.61783,361,361,0,1,2.03342,2.03342,1971,388,5,1288,0,0,0,0,0,3761,4631.46,0.992583,7.92975,599918,184,59320,2256,1759225,736,237280,9024,32,4,867412,1712166,27757184,6848664,34605848,4,4,12,4,49,16,12,20,20,20260807,5,1,1,1,0,0,0,6514,0.271417,1,0.0015,0
2350,20797.6,10,0,2.3295,6.90183,0,0,0,9.23133,361,361,0,1,2.03342,2.03342,1971,388,5,1288,0,0,0,0,0,3761,4631.46,0.992583,7.92975,599918,184,59320,2256,1759225,736,237280,9024,32,4,867412,1712166,27757184,6848664,34605848,4,4,12,4,49,16,12,20,20,20260807,5,1,1,1,0,0,0,6515,0.271458,1,0.0015,1
2351,20813.9,16,0,2.35142,13.8417,0,0,0,16.1932,361,361,0,1,2.03342,2.03342,1971,388,5,1288,0,0,0,0,0,3761,4631.46,0.992583,7.92975,599918,184,59320,2256,1759225,736,237280,9024,32,4,867412,1712166,27757184,6848664,34605848,4,4,12,4,49,16,12,20,20,20260807,5,1,1,1,0,0,0,6515,0.271458,1,0.0015,0
2352,20820.8,7,0,2.41237,4.42167,0,0,0,6.83404,361,361,0,1,2.03342,2.03342,1971,388,5,1288,0,0,0,0,0,3761,4631.46,0.992583,7.92975,599918,184,59320,2256,1759225,736,237280,9024,32,4,867412,1712166,27757184,6848664,34605848,4,4,12,4,49,16,12,20,20,20260807,5,1,1,1,0,0,0,6515,0.271458,1,0.0015,0
2353,20830.2,9,0,2.45833,6.87525,0,0,0,9.33358,361,361,0,1,2.03342,2.03342,1971,388,5,1288,0,0,0,0,0,3761,4631.46,0.992583,7.92975,599918,184,59320,2256,1759225,736,237280,9024,32,4,867412,1712166,27757184,6848664,34605848,4,4,12,4,49,16,12,20,20,20260807,5,1,1,1,0,0,0,6515,0.271458,1,0.0015,0
2354,20837,7,0,2.42271,4.26221,0,0,0,6.68492,361,361,0,1,2.03342,2.03342,1971,388,5,1288,0,0,0,0,0,3761,4631.46,0.992583,7.92975,599918,184,59320,2256,1759225,736,237280,9024,32,4,867412,1712166,27757184,6848664,34605848,4,4,12,4,49,16,12,20,20,20260807,5,1,1,1,0,0,0,6515,0.271458,1,0.0015,0
2355,20846.2,9,0,2.48179,6.641,0,0,0,9.12279,361,361,0,1,2.03342,2.03342,1971,388,5,1288,0,0,0,0,0,3761,4631.46,0.992583,7.92975,599918,184,59320,2256,1759225,736,237280,9024,32,4,867412,1712166,27757184,6848664,34605848,4,4,12,4,49,16,12,20,20,20260807,5,1,1,1,0,0,0,6516,0.2715,1,0.0015,1
2356,20853.2,7,0,2.62637,4.24496,0,0,0,6.87133,361,361,0,1,2.03342,2.03342,1971,388,5,1288,0,0,0,0,0,3761,4631.46,0.992583,7.92975,599918,184,59320,2256,1759225,736,237280,9024,32,4,867412,1712166,27757184,6848664,34605848,4,4,12,4,49,16,12,20,20,20260807,5,1,1,1,0,0,0,6516,0.2715,1,0.0015,0
2357,20862.6,10,0,2.45992,6.88833,0,0,0,9.34825,361,361,0,1,2.03342,2.03342,1971,388,5,1288,0,0,0,0,0,3761,4631.46,0.992583,7.92975,599918,184,59320,2256,1759225,736,237280,9024,32,4,867412,1712166,27757184,6848664,34605848,4,4,12,4,49,16,12,20,20,20260807,5,1,1,1,0,0,0,6516,0.2715,1,0.0015,0
2358,20873.3,10,0,4.80588,5.79596,0,0,0,10.6018,361,361,0,1,2.03342,2.03342,1971,388,5,1288,0,0,0,0,0,3761,4631.46,0.992583,7.92975,599918,184,59320,2256,1759225,736,237280,9024,32,4,867412,1712166,27757184,6848664,34605848,4,4,12,4,49,16,12,20,20,20260807,5,1,1,1,0,0,0,6516,0.2715,1,0.0015,0
2359,20879.6,7,0,2.40638,3.77846,0,0,0,6.18483,361,361,0,1,2.03342,2.03342,1971,388,5,1288,0,0,0,0,0,3761,4631.46,0.992583,7.92975,599918,184,59320,2256,1759225,736,237280,9024,32,4,867412,1712166,27757184,6848664,34605848,4,4,12,4,49,16,12,20,20,20260807,5,1,1,1,0,0,0,6516,0.2715,1,0.0015,0
2360,20888.5,9,0,2.7645,6.08625,0,0,0,8.85075,361,361,0,1,2.03342,2.03342,1971,388,5,1288,0,0,0,0,0,3761,4631.46,0.992583,7.92975,599918,184,59320,2256,1759225,736,237280,9024,32,4,867412,1712166,27757184,6848664,34605848,4,4,12,4,49,16,12,20,20,20260807,5,1,1,1,0,0,0,6516,0.2715,1,0.0015,0
2361,20898.1,9,0,2.51525,6.96492,0,0,0,9.48017,361,361,0,1,2.03342,2.03342,1971,388,5,1288,0,0,0,0,0,3761,4631.46,0.992583,7.92975,599918,184,59320,2256,1759225,736,237280,9024,32,4,867412,1712166,27757184,6848664,34605848,4,4,12,4,49,16,12,20,20,20260807,5,1,1,1,0,0,0,6517,0.271542,1,0.0015,1
2362,20913.8,16,0,2.30362,13.3044,0,0,0,15.608,361,361,0,1,2.03342,2.03342,1971,388,5,1288,0,0,0,0,0,3761,4631.46,0.992583,7.92975,599918,184,59320,2256,1759225,736,237280,9024,32,4,867412,1712166,27757184,6848664,34605848,4,4,12,4,49,16,12,20,20,20260807,5,1,1,1,0,0,0,6517,0.271542,1,0.0015,0
2363,20925.2,11,0,2.86308,8.44158,0,0,0,11.3047,361,361,0,1,2.03342,2.03342,1971,388,5,1288,0,0,0,0,0,3761,4631.46,0.992583,7.92975,599918,184,59320,2256,1759225,736,237280,9024,32,4,867412,1712166,27757184,6848664,34605848,4,4,12,4,49,16,12,20,20,20260807,5,1,1,1,0,0,0,6517,0.271542,1,0.0015,0
2364,20936.5,12,0,5.0295,6.21292,0,0,0,11.2424,361,361,0,1,2.03342,2.03342,1971,388,5,1288,0,0,0,0,0,3761,4631.46,0.992583,7.92975,599918,184,59320,2256,1759225,736,237280,9024,32,4,867412,1712166,27757184,6848664,34605848,4,4,12,4,49,16,12,20,20,20260807,5,1,1,1,0,0,0,6517,0.271542,1,0.0015,0
2365,20948.6,12,0,2.71404,9.32888,0,0,0,12.0429,361,361,0,1,2.03342,2.03342,1971,388,5,1288,0,0,0,0,0,3761,4631.46,0.992583,7.92975,599918,184,59320,2256,1759225,736,237280,9024,32,4,867412,1712166,27757184,6848664,34605848,4,4,12,4,49,16,12,20,20,20260807,5,1,1,1,0,0,0,6518,0.271583,1,0.0015,1
2366,20965.7,17,0,2.61146,14.358,0,0,0,16.9695,361,361,0,1,2.03342,2.03342,1971,388,5,1288,0,0,0,0,0,3761,4631.46,0.992583,7.92975,599918,184,59320,2256,1759225,736,237280,9024,32,4,867412,1712166,27757184,6848664,34605848,4,4,12,4,49,16,12,20,20,20260807,5,1,1,1,0,0,0,6518,0.271583,1,0.0015,0
2367,20980.4,14,0,4.12292,10.4277,0,0,0,14.5506,361,361,0,1,2.03342,2.03342,1971,388,5,1288,0,0,0,0,0,3761,4631.46,0.992583,7.92975,599918,184,59320,2256,1759225,736,237280,9024,32,4,867412,1712166,27757184,6848664,34605848,4,4,12,4,49,16,12,20,20,20260807,5,1,1,1,0,0,0,6518,0.271583,1,0.0015,0
2368,20987.3,7,0,2.54946,4.321,0,0,0,6.87046,361,361,0,1,2.03342,2.03342,1971,388,5,1288,0,0,0,0,0,3761,4631.46,0.992583,7.92975,599918,184,59320,2256,1759225,736,237280,9024,32,4,867412,1712166,27757184,6848664,34605848,4,4,12,4,49,16,12,20,20,20260807,5,1,1,1,0,0,0,6518,0.271583,1,0.0015,0
2369,20997.6,11,0,3.02325,7.14562,0,0,0,10.1689,361,361,0,1,2.03342,2.03342,1971,388,5,1288,0,0,0,0,0,3761,4631.46,0.992583,7.92975,599918,184,59320,2256,1759225,736,237280,9024,32,4,867412,1712166,27757184,6848664,34605848,4,4,12,4,49,16,12,20,20,20260807,5,1,1,1,0,0,0,6519,0.271625,1,0.0015,1
2370,21007.1,9,0,2.67125,5.08725,0,0,0,7.7585,361,361,0,1,2.03342,2.03342,1971,388,5,1288,0,0,0,0,0,3761,4631.46,0.992583,7.92975,599918,184,59320,2256,1759225,736,237280,9024,32,4,867412,1712166,27757184,6848664,34605848,4,4,12,4,49,16,12,20,20,20260807,5,1,1,1,0,0,0,6519,0.271625,1,0.0015,0
2371,21015.2,8,0,3.22333,4.831,0,0,0,8.05433,361,361,0,1,2.03342,2.03342,1971,388,5,1288,0,0,0,0,0,3761,4631.46,0.992583,7.92975,599918,184,59320,2256,1759225,736,237280,9024,32,4,867412,1712166,27757184,6848664,34605848,4,4,12,4,49,16,12,20,20,20260807,5,1,1,1,0,0,0,6519,0.271625,1,0.0015,0
2372,21031.3,16,0,2.39425,13.645,0,0,0,16.0392,361,361,0,1,2.03342,2.03342,1971,388,5,1288,0,0,0,0,0,3761,4631.46,0.992583,7.92975,599918,184,59320,2256,1759225,736,237280,9024,32,4,867412,1712166,27757184,6848664,34605848,4,4,12,4,49,16,12,20,20,20260807,5,1,1,1,0,0,0,6519,0.271625,1,0.0015,0
2373,21046.2,15,0,2.33233,12.3748,0,0,0,14.7072,361,361,0,1,2.03342,2.03342,1971,388,5,1288,0,0,0,0,0,3761,4631.46,0.992583,7.92975,599918,184,59320,2256,1759225,736,237280,9024,32,4,867412,1712166,27757184,6848664,34605848,4,4,12,4,49,16,12,20,20,20260807,5,1,1,1,0,0,0,6519,0.271625,1,0.0015,0
2374,21053.1,7,0,2.561,4.26325,0,0,0,6.82425,361,361,0,1,2.03342,2.03342,1971,388,5,1288,0,0,0,0,0,3761,4631.46,0.992583,7.92975,599918,184,59320,2256,1759225,736,237280,9024,32,4,867412,1712166,27757184,6848664,34605848,4,4,12,4,49,16,12,20,20,20260807,5,1,1,1,0,0,0,6520,0.271667,1,0.0015,1
2375,21062.7,10,0,2.43296,7.07854,0,0,0,9.5115,361,361,0,1,2.03342,2.03342,1971,388,5,1288,0,0,0,0,0,3761,4631.46,0.992583,7.92975,599918,184,59320,2256,1759225,736,237280,9024,32,4,867412,1712166,27757184,6848664,34605848,4,4,12,4,49,16,12,20,20,20260807,5,1,1,1,0,0,0,6520,0.271667,1,0.0015,0
2376,21070.8,8,0,2.76642,5.25171,0,0,0,8.01812,361,361,0,1,2.03342,2.03342,1971,388,5,1288,0,0,0,0,0,3761,4631.46,0.992583,7.92975,599918,184,59320,2256,1759225,736,237280,9024,32,4,867412,1712166,27757184,6848664,34605848,4,4,12,4,49,16,12,20,20,20260807,5,1,1,1,0,0,0,6520,0.271667,1,0.0015,0
2377,21079.2,8,0,2.22883,6.12713,0,0,0,8.35596,361,361,0,1,2.03342,2.03342,1971,388,5,1288,0,0,0,0,0,3761,4631.46,0.992583,7.92975,599918,184,59320,2256,1759225,736,237280,9024,32,4,867412,1712166,27757184,6848664,34605848,4,4,12,4,49,16,12,20,20,20260807,5,1,1,1,0,0,0,6520,0.271667,1,0.0015,0
2378,21087.3,8,0,3.51492,4.50325,0,0,0,8.01817,361,361,0,1,2.03342,2.03342,1971,388,5,1288,0,0,0,0,0,3761,4631.46,0.992583,7.92975,599918,184,59320,2256,1759225,736,237280,9024,32,4,867412,1712166,27757184,6848664,34605848,4,4,12,4,49,16,12,20,20,20260807,5,1,1,1,0,0,0,6520,0.271667,1,0.0015,0
2379,21095.9,9,0,2.525,6.03287,0,0,0,8.55787,361,361,0,1,2.03342,2.03342,1971,388,5,1288,0,0,0,0,0,3761,4631.46,0.992583,7.92975,599918,184,59320,2256,1759225,736,237280,9024,32,4,867412,1712166,27757184,6848664,34605848,4,4,12,4,49,16,12,20,20,20260807,5,1,1,1,0,0,0,6521,0.271708,1,0.0015,1
2380,21102.9,7,0,2.5165,4.32979,0,0,0,6.84629,361,361,0,1,2.03342,2.03342,1971,388,5,1288,0,0,0,0,0,3761,4631.46,0.992583,7.92975,599918,184,59320,2256,1759225,736,237280,9024,32,4,867412,1712166,27757184,6848664,34605848,4,4,12,4,49,16,12,20,20,20260807,5,1,1,1,0,0,0,6521,0.271708,1,0.0015,0
2381,21112.6,10,0,2.42738,7.2315,0,0,0,9.65888,361,361,0,1,2.03342,2.03342,1971,388,5,1288,0,0,0,0,0,3761,4631.46,0.992583,7.92975,599918,184,59320,2256,1759225,736,237280,9024,32,4,867412,1712166,27757184,6848664,34605848,4,4,12,4,49,16,12,20,20,20260807,5,1,1,1,0,0,0,6521,0.271708,1,0.0015,0
2382,21120.5,8,0,3.17362,4.67488,0,0,0,7.8485,361,361,0,1,2.03342,2.03342,1971,388,5,1288,0,0,0,0,0,3761,4631.46,0.992583,7.92975,599918,184,59320,2256,1759225,736,237280,9024,32,4,867412,1712166,27757184,6848664,34605848,4,4,12,4,49,16,12,20,20,20260807,5,1,1,1,0,0,0,6521,0.271708,1,0.0015,0
2383,21129.7,9,0,2.35712,6.74971,0,0,0,9.10683,361,361,0,1,2.03342,2.03342,1971,388,5,1288,0,0,0,0,0,3761,4631.46,0.992583,7.92975,599918,184,59320,2256,1759225,736,237280,9024,32,4,867412,1712166,27757184,6848664,34605848,4,4,12,4,49,16,12,20,20,20260807,5,1,1,1,0,0,0,6521,0.271708,1,0.0015,0
2384,21140.4,10,0,2.3645,8.11737,0,0,0,10.4819,361,361,0,1,2.03342,2.03342,1971,388,5,1288,0,0,0,0,0,3761,4631.46,0.992583,7.92975,599918,184,59320,2256,1759225,736,237280,9024,32,4,867412,1712166,27757184,6848664,34605848,4,4,12,4,49,16,12,20,20,20260807,5,1,1,1,0,0,0,6521,0.271708,1,0.0015,0
2385,21150.5,10,0,2.34675,7.65321,0,0,0,9.99996,361,361,0,1,2.03342,2.03342,1971,388,5,1288,0,0,0,0,0,3761,4631.46,0.992583,7.92975,599918,184,59320,2256,1759225,736,237280,9024,32,4,867412,1712166,27757184,6848664,34605848,4,4,12,4,49,16,12,20,20,20260807,5,1,1,1,0,0,0,6522,0.27175,1,0.0015,1
2386,21157.7,8,0,2.92975,4.17958,0,0,0,7.10933,361,361,0,1,2.03342,2.03342,1971,388,5,1288,0,0,0,0,0,3761,4631.46,0.992583,7.92975,599918,184,59320,2256,1759225,736,237280,9024,32,4,867412,1712166,27757184,6848664,34605848,4,4,12,4,49,16,12,20,20,20260807,5,1,1,1,0,0,0,6522,0.27175,1,0.0015,0
2387,21164.2,6,0,2.34079,4.14217,0,0,0,6.48296,361,361,0,1,2.03342,2.03342,1971,388,5,1288,0,0,0,0,0,3761,4631.46,0.992583,7.92975,599918,184,59320,2256,1759225,736,237280,9024,32,4,867412,1712166,27757184,6848664,34605848,4,4,12,4,49,16,12,20,20,20260807,5,1,1,1,0,0,0,6522,0.27175,1,0.0015,0
2388,21171.2,7,0,2.60887,4.27575,0,0,0,6.88462,361,361,0,1,2.03342,2.03342,1971,388,5,1288,0,0,0,0,0,3761,4631.46,0.992583,7.92975,599918,184,59320,2256,1759225,736,237280,9024,32,4,867412,1712166,27757184,6848664,34605848,4,4,12,4,49,16,12,20,20,20260807,5,1,1,1,0,0,0,6522,0.27175,1,0.0015,0
2389,21179.5,9,0,2.41225,5.79671,0,0,0,8.20896,361,361,0,1,2.03342,2.03342,1971,388,5,1288,0,0,0,0,0,3761,4631.46,0.992583,7.92975,599918,184,59320,2256,1759225,736,237280,9024,32,4,867412,1712166,27757184,6848664,34605848,4,4,12,4,49,16,12,20,20,20260807,5,1,1,1,0,0,0,6522,0.27175,1,0.0015,0
2390,21186.3,6,0,2.62221,4.08625,0,0,0,6.70846,361,361,0,1,2.03342,2.03342,1971,388,5,1288,0,0,0,0,0,3761,4631.46,0.992583,7.92975,599918,184,59320,2256,1759225,736,237280,9024,32,4,867412,1712166,27757184,6848664,34605848,4,4,12,4,49,16,12,20,20,20260807,5,1,1,1,0,0,0,6522,0.27175,1,0.0015,0
2391,21196.4,10,0,2.58312,7.44963,0,0,0,10.0328,361,361,0,1,2.03342,2.03342,1971,388,5,1288,0,0,0,0,0,3761,4631.46,0.992583,7.92975,599918,184,59320,2256,1759225,736,237280,9024,32,4,867412,1712166,27757184,6848664,34605848,4,4,12,4,49,16,12,20,20,20260807,5,1,1,1,0,0,0,6523,0.271792,1,0.0015,1
2392,21202.9,7,0,2.46392,3.90229,0,0,0,6.36621,361,361,0,1,2.03342,2.03342,1971,388,5,1288,0,0,0,0,0,3761,4631.46,0.992583,7.92975,599918,184,59320,2256,1759225,736,237280,9024,32,4,867412,1712166,27757184,6848664,34605848,4,4,12,4,49,16,12,20,20,20260807,5,1,1,1,0,0,0,6523,0.271792,1,0.0015,0
2393,21212.5,9,0,2.55808,6.96183,0,0,0,9.51992,361,361,0,1,2.03342,2.03342,1971,388,5,1288,0,0,0,0,0,3761,4631.46,0.992583,7.92975,599918,184,59320,2256,1759225,736,237280,9024,32,4,867412,1712166,27757184,6848664,34605848,4,4,12,4,49,16,12,20,20,20260807,5,1,1,1,0,0,0,6523,0.271792,1,0.0015,0
2394,21219.4,7,0,2.58021,4.29825,0,0,0,6.87846,361,361,0,1,2.03342,2.03342,1971,388,5,1288,0,0,0,0,0,3761,4631.46,0.992583,7.92975,599918,184,59320,2256,1759225,736,237280,9024,32,4,867412,1712166,27757184,6848664,34605848,4,4,12,4,49,16,12,20,20,20260807,5,1,1,1,0,0,0,6523,0.271792,1,0.0015,0
2395,21229.2,10,0,2.68733,6.98438,0,0,0,9.67171,361,361,0,1,2.03342,2.03342,1971,388,5,1288,0,0,0,0,0,3761,4631.46,0.992583,7.92975,599918,184,59320,2256,1759225,736,237280,9024,32,4,867412,1712166,27757184,6848664,34605848,4,4,12,4,49,16,12,20,20,20260807,5,1,1,1,0,0,0,6523,0.271792,1,0.0015,0
2396,21236.3,7,0,2.58417,4.41475,0,0,0,6.99892,361,361,0,1,2.03342,2.03342,1971,388,5,1288,0,0,0,0,0,3761,4631.46,0.992583,7.92975,599918,184,59320,2256,1759225,736,237280,9024,32,4,867412,1712166,27757184,6848664,34605848,4,4,12,4,49,16,12,20,20,20260807,5,1,1,1,0,0,0,6523,0.271792,1,0.0015,0
2397,21247.5,11,0,2.63429,8.45196,0,0,0,11.0862,361,361,0,1,2.03342,2.03342,1971,388,5,1288,0,0,0,0,0,3761,4631.46,0.992583,7.92975,599918,184,59320,2256,1759225,736,237280,9024,32,4,867412,1712166,27757184,6848664,34605848,4,4,12,4,49,16,12,20,20,20260807,5,1,1,1,0,0,0,6524,0.271833,1,0.0015,1
2398,21263,16,0,2.39967,13.0645,0,0,0,15.4641,361,361,0,1,2.03342,2.03342,1971,388,5,1288,0,0,0,0,0,3761,4631.46,0.992583,7.92975,599918,184,59320,2256,1759225,736,237280,9024,32,4,867412,1712166,27757184,6848664,34605848,4,4,12,4,49,16,12,20,20,20260807,5,1,1,1,0,0,0,6524,0.271833,1,0.0015,0
2399,21270.3,7,0,2.52083,4.64225,0,0,0,7.16308,361,361,0,1,2.03342,2.03342,1971,388,5,1288,0,0,0,0,0,3761,4631.46,0.992583,7.92975,599918,184,59320,2256,1759225,736,237280,9024,32,4,867412,1712166,27757184,6848664,34605848,4,4,12,4,49,16,12,20,20,20260807,5,1,1,1,0,0,0,6524,0.271833,1,0.0015,0
2400,21279.4,9,0,2.43025,6.62704,0,0,0,9.05729,361,361,0,1,2.03342,2.03342,1971,388,5,1288,0,0,0,0,0,3761,4631.46,0.992583,7.92975,599918,184,59320,2256,1759225,736,237280,9024,32,4,867412,1712166,27757184,6848664,34605848,4,4,12,4,49,16,12,20,20,20260807,5,1,1,1,0,0,0,6524,0.271833,1,0.0015,0
2401,21286.6,8,0,2.61338,4.51813,0,0,0,7.1315,361,361,0,1,2.03342,2.03342,1971,388,5,1288,0,0,0,0,0,3761,4631.46,0.992583,7.92975,599918,184,59320,2256,1759225,736,237280,9024,32,4,867412,1712166,27757184,6848664,34605848,4,4,12,4,49,16,12,20,20,20260807,5,1,1,1,0,0,0,6524,0.271833,1,0.0015,0
2402,21295.9,9,0,2.42754,6.72275,0,0,0,9.15029,361,361,0,1,2.03342,2.03342,1971,388,5,1288,0,0,0,0,0,3761,4631.46,0.992583,7.92975,599918,184,59320,2256,1759225,736,237280,9024,32,4,867412,1712166,27757184,6848664,34605848,4,4,12,4,49,16,12,20,20,20260807,5,1,1,1,0,0,0,6525,0.271875,1,0.0015,1
2403,21303.2,7,0,3.2195,4.03004,0,0,0,7.24954,361,361,0,1,2.03342,2.03342,1971,388,5,1288,0,0,0,0,0,3761,4631.46,0.992583,7.92975,599918,184,59320,2256,1759225,736,237280,9024,32,4,867412,1712166,27757184,6848664,34605848,4,4,12,4,49,16,12,20,20,20260807,5,1,1,1,0,0,0,6525,0.271875,1,0.0015,0
2404,21313.9,11,0,2.45983,8.11221,0,0,0,10.572,361,361,0,1,2.03342,2.03342,1971,388,5,1288,0,0,0,0,0,3761,4631.46,0.992583,7.92975,599918,184,59320,2256,1759225,736,237280,9024,32,4,867412,1712166,27757184,6848664,34605848,4,4,12,4,49,16,12,20,20,20260807,5,1,1,1,0,0,0,6525,0.271875,1,0.0015,0
2405,21320.8,7,0,2.37096,4.49358,0,0,0,6.86454,361,361,0,1,2.03342,2.03342,1971,388,5,1288,0,0,0,0,0,3761,4631.46,0.992583,7.92975,599918,184,59320,2256,1759225,736,237280,9024,32,4,867412,1712166,27757184,6848664,34605848,4,4,12,4,49,16,12,20,20,20260807,5,1,1,1,0,0,0,6525,0.271875,1,0.0015,0
2406,21330,9,0,2.39237,6.69046,0,0,0,9.08283,361,361,0,1,2.03342,2.03342,1971,388,5,1288,0,0,0,0,0,3761,4631.46,0.992583,7.92975,599918,184,59320,2256,1759225,736,237280,9024,32,4,867412,1712166,27757184,6848664,34605848,4,4,12,4,49,16,12,20,20,20260807,5,1,1,1,0,0,0,6525,0.271875,1,0.0015,0
2407,21336.5,6,0,2.38929,4.00917,0,0,0,6.39846,361,361,0,1,2.03342,2.03342,1971,388,5,1288,0,0,0,0,0,3761,4631.46,0.992583,7.92975,599918,184,59320,2256,1759225,736,237280,9024,32,4,867412,1712166,27757184,6848664,34605848,4,4,12,4,49,16,12,20,20,20260807,5,1,1,1,0,0,0,6525,0.271875,1,0.0015,0
2408,21346.1,10,0,2.40908,7.16287,0,0,0,9.57196,361,361,0,1,2.03342,2.03342,1971,388,5,1288,0,0,0,0,0,3761,4631.46,0.992583,7.92975,599918,184,59320,2256,1759225,736,237280,9024,32,4,867412,1712166,27757184,6848664,34605848,4,4,12,4,49,16,12,20,20,20260807,5,1,1,1,0,0,0,6526,0.271917,1,0.0015,1
2409,21352.7,7,0,2.40112,4.08854,0,0,0,6.48967,361,361,0,1,2.03342,2.03342,1971,388,5,1288,0,0,0,0,0,3761,4631.46,0.992583,7.92975,599918,184,59320,2256,1759225,736,237280,9024,32,4,867412,1712166,27757184,6848664,34605848,4,4,12,4,49,16,12,20,20,20260807,5,1,1,1,0,0,0,6526,0.271917,1,0.0015,0
2410,21362.5,10,0,2.44404,7.26333,0,0,0,9.70738,361,361,0,1,2.03342,2.03342,1971,388,5,1288,0,0,0,0,0,3761,4631.46,0.992583,7.92975,599918,184,59320,2256,1759225,736,237280,9024,32,4,867412,1712166,27757184,6848664,34605848,4,4,12,4,49,16,12,20,20,20260807,5,1,1,1,0,0,0,6526,0.271917,1,0.0015,0
2411,21373.7,11,0,4.34229,6.77475,0,0,0,11.117,361,361,0,1,2.03342,2.03342,1971,388,5,1288,0,0,0,0,0,3761,4631.46,0.992583,7.92975,599918,184,59320,2256,1759225,736,237280,9024,32,4,867412,1712166,27757184,6848664,34605848,4,4,12,4,49,16,12,20,20,20260807,5,1,1,1,0,0,0,6526,0.271917,1,0.0015,0
2412,21380.5,6,0,2.52492,4.17283,0,0,0,6.69775,361,361,0,1,2.03342,2.03342,1971,388,5,1288,0,0,0,0,0,3761,4631.46,0.992583,7.92975,599918,184,59320,2256,1759225,736,237280,9024,32,4,867412,1712166,27757184,6848664,34605848,4,4,12,4,49,16,12,20,20,20260807,5,1,1,1,0,0,0,6526,0.271917,1,0.0015,0
2413,21387.7,8,0,2.46671,4.68213,0,0,0,7.14883,361,361,0,1,2.03342,2.03342,1971,388,5,1288,0,0,0,0,0,3761,4631.46,0.992583,7.92975,599918,184,59320,2256,1759225,736,237280,9024,32,4,867412,1712166,27757184,6848664,34605848,4,4,12,4,49,16,12,20,20,20260807,5,1,1,1,0,0,0,6526,0.271917,1,0.0015,0
2414,21396.3,8,0,2.87892,5.62946,0,0,0,8.50837,361,361,0,1,2.03342,2.03342,1971,388,5,1288,0,0,0,0,0,3761,4631.46,0.992583,7.92975,599918,184,59320,2256,1759225,736,237280,9024,32,4,867412,1712166,27757184,6848664,34605848,4,4,12,4,49,16,12,20,20,20260807,5,1,1,1,0,0,0,6527,0.271958,1,0.0015,1
2415,21404.6,9,0,2.53846,5.637,0,0,0,8.17546,361,361,0,1,2.03342,2.03342,1971,388,5,1288,0,0,0,0,0,3761,4631.46,0.992583,7.92975,599918,184,59320,2256,1759225,736,237280,9024,32,4,867412,1712166,27757184,6848664,34605848,4,4,12,4,49,16,12,20,20,20260807,5,1,1,1,0,0,0,6527,0.271958,1,0.0015,0
2416,21416.7,12,0,2.68133,9.38312,0,0,0,12.0645,361,361,0,1,2.03342,2.03342,1971,388,5,1288,0,0,0,0,0,3761,4631.46,0.992583,7.92975,599918,184,59320,2256,1759225,736,237280,9024,32,4,867412,1712166,27757184,6848664,34605848,4,4,12,4,49,16,12,20,20,20260807,5,1,1,1,0,0,0,6527,0.271958,1,0.0015,0
2417,21431,14,0,2.43133,11.7142,0,0,0,14.1455,361,361,0,1,2.03342,2.03342,1971,388,5,1288,0,0,0,0,0,3761,4631.46,0.992583,7.92975,599918,184,59320,2256,1759225,736,237280,9024,32,4,867412,1712166,27757184,6848664,34605848,4,4,12,4,49,16,12,20,20,20260807,5,1,1,1,0,0,0,6527,0.271958,1,0.0015,0
2418,21447,16,0,2.39308,13.5716,0,0,0,15.9647,361,361,0,1,2.03342,2.03342,1971,388,5,1288,0,0,0,0,0,3761,4631.46,0.992583,7.92975,599918,184,59320,2256,1759225,736,237280,9024,32,4,867412,1712166,27757184,6848664,34605848,4,4,12,4,49,16,12,20,20,20260807,5,1,1,1,0,0,0,6527,0.271958,1,0.0015,0
2419,21453.8,7,0,2.43792,4.30033,0,0,0,6.73825,361,361,0,1,2.03342,2.03342,1971,388,5,1288,0,0,0,0,0,3761,4631.46,0.992583,7.92975,599918,184,59320,2256,1759225,736,237280,9024,32,4,867412,1712166,27757184,6848664,34605848,4,4,12,4,49,16,12,20,20,20260807,5,1,1,1,0,0,0,6528,0.272,1,0.0015,1
2420,21463,9,0,2.52421,6.60283,0,0,0,9.12704,361,361,0,1,2.03342,2.03342,1971,388,5,1288,0,0,0,0,0,3761,4631.46,0.992583,7.92975,599918,184,59320,2256,1759225,736,237280,9024,32,4,867412,1712166,27757184,6848664,34605848,4,4,12,4,49,16,12,20,20,20260807,5,1,1,1,0,0,0,6528,0.272,1,0.0015,0
2421,21471,8,0,2.43079,5.45892,0,0,0,7.88971,361,361,0,1,2.03342,2.03342,1971,388,5,1288,0,0,0,0,0,3761,4631.46,0.992583,7.92975,599918,184,59320,2256,1759225,736,237280,9024,32,4,867412,1712166,27757184,6848664,34605848,4,4,12,4,49,16,12,20,20,20260807,5,1,1,1,0,0,0,6528,0.272,1,0.0015,0
2422,21479.8,9,0,2.47958,6.23404,0,0,0,8.71363,361,361,0,1,2.03342,2.03342,1971,388,5,1288,0,0,0,0,0,3761,4631.46,0.992583,7.92975,599918,184,59320,2256,1759225,736,237280,9024,32,4,867412,1712166,27757184,6848664,34605848,4,4,12,4,49,16,12,20,20,20260807,5,1,1,1,0,0,0,6528,0.272,1,0.0015,0
2423,21488.5,8,0,2.37162,6.20096,0,0,0,8.57258,361,361,0,1,2.03342,2.03342,1971,388,5,1288,0,0,0,0,0,3761,4631.46,0.992583,7.92975,599918,184,59320,2256,1759225,736,237280,9024,32,4,867412,1712166,27757184,6848664,34605848,4,4,12,4,49,16,12,20,20,20260807,5,1,1,1,0,0,0,6528,0.272,1,0.0015,0
2424,21496.4,8,0,2.32012,5.51863,0,0,0,7.83875,361,361,0,1,2.03342,2.03342,1971,388,5,1288,0,0,0,0,0,3761,4631.46,0.992583,7.92975,599918,184,59320,2256,1759225,736,237280,9024,32,4,867412,1712166,27757184,6848664,34605848,4,4,12,4,49,16,12,20,20,20260807,5,1,1,1,0,0,0,6529,0.272042,1,0.0015,1
2425,21503,7,0,2.46308,4.01142,0,0,0,6.4745,361,361,0,1,2.03342,2.03342,1971,388,5,1288,0,0,0,0,0,3761,4631.46,0.992583,7.92975,599918,184,59320,2256,1759225,736,237280,9024,32,4,867412,1712166,27757184,6848664,34605848,4,4,12,4,49,16,12,20,20,20260807,5,1,1,1,0,0,0,6529,0.272042,1,0.0015,0
2426,21512.6,10,0,2.68142,6.8975,0,0,0,9.57892,361,361,0,1,2.03342,2.03342,1971,388,5,1288,0,0,0,0,0,3761,4631.46,0.992583,7.92975,599918,184,59320,2256,1759225,736,237280,9024,32,4,867412,1712166,27757184,6848664,34605848,4,4,12,4,49,16,12,20,20,20260807,5,1,1,1,0,0,0,6529,0.272042,1,0.0015,0
2427,21520.7,8,0,2.5245,5.47571,0,0,0,8.00021,361,361,0,1,2.03342,2.03342,1971,388,5,1288,0,0,0,0,0,3761,4631.46,0.992583,7.92975,599918,184,59320,2256,1759225,736,237280,9024,32,4,867412,1712166,27757184,6848664,34605848,4,4,12,4,49,16,12,20,20,20260807,5,1,1,1,0,0,0,6529,0.272042,1,0.0015,0
2428,21529.4,8,0,2.36575,6.18179,0,0,0,8.54754,361,361,0,1,2.03342,2.03342,1971,388,5,1288,0,0,0,0,0,3761,4631.46,0.992583,7.92975,599918,184,59320,2256,1759225,736,237280,9024,32,4,867412,1712166,27757184,6848664,34605848,4,4,12,4,49,16,12,20,20,20260807,5,1,1,1,0,0,0,6529,0.272042,1,0.0015,0
2429,21536,7,0,2.53733,4.03204,0,0,0,6.56937,361,361,0,1,2.03342,2.03342,1971,388,5,1288,0,0,0,0,0,3761,4631.46,0.992583,7.92975,599918,184,59320,2256,1759225,736,237280,9024,32,4,867412,1712166,27757184,6848664,34605848,4,4,12,4,49,16,12,20,20,20260807,5,1,1,1,0,0,0,6529,0.272042,1,0.0015,0
2430,21545.9,10,0,2.40929,7.31433,0,0,0,9.72363,361,361,0,1,2.03342,2.03342,1971,388,5,1288,0,0,0,0,0,3761,4631.46,0.992583,7.92975,599918,184,59320,2256,1759225,736,237280,9024,32,4,867412,1712166,27757184,6848664,34605848,4,4,12,4,49,16,12,20,20,20260807,5,1,1,1,0,0,0,6530,0.272083,1,0.0015,1
2431,21552.6,7,0,2.57871,4.12404,0,0,0,6.70275,361,361,0,1,2.03342,2.03342,1971,388,5,1288,0,0,0,0,0,3761,4631.46,0.992583,7.92975,599918,184,59320,2256,1759225,736,237280,9024,32,4,867412,1712166,27757184,6848664,34605848,4,4,12,4,49,16,12,20,20,20260807,5,1,1,1,0,0,0,6530,0.272083,1,0.0015,0
2432,21562.5,10,0,2.60129,7.21725,0,0,0,9.81854,361,361,0,1,2.03342,2.03342,1971,388,5,1288,0,0,0,0,0,3761,4631.46,0.992583,7.92975,599918,184,59320,2256,1759225,736,237280,9024,32,4,867412,1712166,27757184,6848664,34605848,4,4,12,4,49,16,12,20,20,20260807,5,1,1,1,0,0,0,6530,0.272083,1,0.0015,0
2433,21571.5,9,0,2.47562,6.36654,0,0,0,8.84217,361,361,0,1,2.03342,2.03342,1971,388,5,1288,0,0,0,0,0,3761,4631.46,0.992583,7.92975,599918,184,59320,2256,1759225,736,237280,9024,32,4,867412,1712166,27757184,6848664,34605848,4,4,12,4,49,16,12,20,20,20260807,5,1,1,1,0,0,0,6530,0.272083,1,0.0015,0
2434,21580.1,8,0,2.501,5.98154,0,0,0,8.48254,361,361,0,1,2.03342,2.03342,1971,388,5,1288,0,0,0,0,0,3761,4631.46,0.992583,7.92975,599918,184,59320,2256,1759225,736,237280,9024,32,4,867412,1712166,27757184,6848664,34605848,4,4,12,4,49,16,12,20,20,20260807,5,1,1,1,0,0,0,6530,0.272083,1,0.0015,0
2435,21586.9,7,0,2.59,4.18967,0,0,0,6.77967,361,361,0,1,2.03342,2.03342,1971,388,5,1288,0,0,0,0,0,3761,4631.46,0.992583,7.92975,599918,184,59320,2256,1759225,736,237280,9024,32,4,867412,1712166,27757184,6848664,34605848,4,4,12,4,49,16,12,20,20,20260807,5,1,1,1,0,0,0,6530,0.272083,1,0.0015,0
2436,21599.5,13,0,2.51708,9.9685,0,0,0,12.4856,361,361,0,1,2.03342,2.03342,1971,388,5,1288,0,0,0,0,0,3761,4631.46,0.992583,7.92975,599918,184,59320,2256,1759225,736,237280,9024,32,4,867412,1712166,27757184,6848664,34605848,4,4,12,4,49,16,12,20,20,20260807,5,1,1,1,0,0,0,6531,0.272125,1,0.0015,1
2437,21613,13,0,2.50971,10.9361,0,0,0,13.4458,361,361,0,1,2.03342,2.03342,1971,388,5,1288,0,0,0,0,0,3761,4631.46,0.992583,7.92975,599918,184,59320,2256,1759225,736,237280,9024,32,4,867412,1712166,27757184,6848664,34605848,4,4,12,4,49,16,12,20,20,20260807,5,1,1,1,0,0,0,6531,0.272125,1,0.0015,0
2438,21619.7,7,0,2.43792,4.14438,0,0,0,6.58229,361,361,0,1,2.03342,2.03342,1971,388,5,1288,0,0,0,0,0,3761,4631.46,0.992583,7.92975,599918,184,59320,2256,1759225,736,237280,9024,32,4,867412,1712166,27757184,6848664,34605848,4,4,12,4,49,16,12,20,20,20260807,5,1,1,1,0,0,0,6531,0.272125,1,0.0015,0
2439,21629.2,9,0,2.33696,7.11792,0,0,0,9.45487,361,361,0,1,2.03342,2.03342,1971,388,5,1288,0,0,0,0,0,3761,4631.46,0.992583,7.92975,599918,184,59320,2256,1759225,736,237280,9024,32,4,867412,1712166,27757184,6848664,34605848,4,4,12,4,49,16,12,20,20,20260807,5,1,1,1,0,0,0,6531,0.272125,1,0.0015,0
2440,21636.3,7,0,2.53071,4.46612,0,0,0,6.99683,361,361,0,1,2.03342,2.03342,1971,388,5,1288,0,0,0,0,0,3761,4631.46,0.992583,7.92975,599918,184,59320,2256,1759225,736,237280,9024,32,4,867412,1712166,27757184,6848664,34605848,4,4,12,4,49,16,12,20,20,20260807,5,1,1,1,0,0,0,6531,0.272125,1,0.0015,0
2441,21645.9,10,0,2.49904,6.97013,0,0,0,9.46917,361,361,0,1,2.03342,2.03342,1971,388,5,1288,0,0,0,0,0,3761,4631.46,0.992583,7.92975,599918,184,59320,2256,1759225,736,237280,9024,32,4,867412,1712166,27757184,6848664,34605848,4,4,12,4,49,16,12,20,20,20260807,5,1,1,1,0,0,0,6532,0.272167,1,0.0015,1
2442,21652.6,7,0,2.4475,4.15633,0,0,0,6.60383,361,361,0,1,2.03342,2.03342,1971,388,5,1288,0,0,0,0,0,3761,4631.46,0.992583,7.92975,599918,184,59320,2256,1759225,736,237280,9024,32,4,867412,1712166,27757184,6848664,34605848,4,4,12,4,49,16,12,20,20,20260807,5,1,1,1,0,0,0,6532,0.272167,1,0.0015,0
2443,21662.6,10,0,2.71125,7.18013,0,0,0,9.89138,361,361,0,1,2.03342,2.03342,1971,388,5,1288,0,0,0,0,0,3761,4631.46,0.992583,7.92975,599918,184,59320,2256,1759225,736,237280,9024,32,4,867412,1712166,27757184,6848664,34605848,4,4,12,4,49,16,12,20,20,20260807,5,1,1,1,0,0,0,6532,0.272167,1,0.0015,0
2444,21669.4,6,0,2.44646,4.29946,0,0,0,6.74592,361,361,0,1,2.03342,2.03342,1971,388,5,1288,0,0,0,0,0,3761,4631.46,0.992583,7.92975,599918,184,59320,2256,1759225,736,237280,9024,32,4,867412,1712166,27757184,6848664,34605848,4,4,12,4,49,16,12,20,20,20260807,5,1,1,1,0,0,0,6532,0.272167,1,0.0015,0
2445,21680,11,0,2.59617,7.89738,0,0,0,10.4935,361,361,0,1,2.03342,2.03342,1971,388,5,1288,0,0,0,0,0,3761,4631.46,0.992583,7.92975,599918,184,59320,2256,1759225,736,237280,9024,32,4,867412,1712166,27757184,6848664,34605848,4,4,12,4,49,16,12,20,20,20260807,5,1,1,1,0,0,0,6532,0.272167,1,0.0015,0
2446,21687.2,7,0,2.61992,4.5595,0,0,0,7.17942,361,361,0,1,2.03342,2.03342,1971,388,5,1288,0,0,0,0,0,3761,4631.46,0.992583,7.92975,599918,184,59320,2256,1759225,736,237280,9024,32,4,867412,1712166,27757184,6848664,34605848,4,4,12,4,49,16,12,20,20,20260807,5,1,1,1,0,0,0,6532,0.272167,1,0.0015,0
2447,21701.3,14,0,2.42121,11.4844,0,0,0,13.9056,361,361,0,1,2.03342,2.03342,1971,388,5,1288,0,0,0,0,0,3761,4631.46,0.992583,7.92975,599918,184,59320,2256,1759225,736,237280,9024,32,4,867412,1712166,27757184,6848664,34605848,4,4,12,4,49,16,12,20,20,20260807,5,1,1,1,0,0,0,6533,0.272208,1,0.0015,1
2448,21708.5,7,0,2.5765,4.54533,0,0,0,7.12183,361,361,0,1,2.03342,2.03342,1971,388,5,1288,0,0,0,0,0,3761,4631.46,0.992583,7.92975,599918,184,59320,2256,1759225,736,237280,9024,32,4,867412,1712166,27757184,6848664,34605848,4,4,12,4,49,16,12,20,20,20260807,5,1,1,1,0,0,0,6533,0.272208,1,0.0015,0
2449,21729.4,21,0,2.43712,18.361,0,0,0,20.7982,361,361,0,1,2.03342,2.03342,1971,388,5,1288,0,0,0,0,0,3761,4631.46,0.992583,7.92975,599918,184,59320,2256,1759225,736,237280,9024,32,4,867412,1712166,27757184,6848664,34605848,4,4,12,4,49,16,12,20,20,20260807,5,1,1,1,0,0,0,6533,0.272208,1,0.0015,0
2450,21735.9,7,0,2.3845,4.04654,0,0,0,6.43104,361,361,0,1,2.03342,2.03342,1971,388,5,1288,0,0,0,0,0,3761,4631.46,0.992583,7.92975,599918,184,59320,2256,1759225,736,237280,9024,32,4,867412,1712166,27757184,6848664,34605848,4,4,12,4,49,16,12,20,20,20260807,5,1,1,1,0,0,0,6533,0.272208,1,0.0015,0
2451,21746.1,10,0,2.67567,7.41925,0,0,0,10.0949,361,361,0,1,2.03342,2.03342,1971,388,5,1288,0,0,0,0,0,3761,4631.46,0.992583,7.92975,599918,184,59320,2256,1759225,736,237280,9024,32,4,867412,1712166,27757184,6848664,34605848,4,4,12,4,49,16,12,20,20,20260807,5,1,1,1,0,0,0,6534,0.27225,1,0.0015,1
2452,21752.5,7,0,2.39542,3.96421,0,0,0,6.35963,361,361,0,1,2.03342,2.03342,1971,388,5,1288,0,0,0,0,0,3761,4631.46,0.992583,7.92975,599918,184,59320,2256,1759225,736,237280,9024,32,4,867412,1712166,27757184,6848664,34605848,4,4,12,4,49,16,12,20,20,20260807,5,1,1,1,0,0,0,6534,0.27225,1,0.0015,0
2453,21762.9,10,0,2.57213,7.76021,0,0,0,10.3323,361,361,0,1,2.03342,2.03342,1971,388,5,1288,0,0,0,0,0,3761,4631.46,0.992583,7.92975,599918,184,59320,2256,1759225,736,237280,9024,32,4,867412,1712166,27757184,6848664,34605848,4,4,12,4,49,16,12,20,20,20260807,5,1,1,1,0,0,0,6534,0.27225,1,0.0015,0
2454,21769,6,0,2.28004,3.71958,0,0,0,5.99962,361,361,0,1,2.03342,2.03342,1971,388,5,1288,0,0,0,0,0,3761,4631.46,0.992583,7.92975,599918,184,59320,2256,1759225,736,237280,9024,32,4,867412,1712166,27757184,6848664,34605848,4,4,12,4,49,16,12,20,20,20260807,5,1,1,1,0,0,0,6534,0.27225,1,0.0015,0
2455,21779.2,10,0,2.47842,7.63633,0,0,0,10.1148,361,361,0,1,2.03342,2.03342,1971,388,5,1288,0,0,0,0,0,3761,4631.46,0.992583,7.92975,599918,184,59320,2256,1759225,736,237280,9024,32,4,867412,1712166,27757184,6848664,34605848,4,4,12,4,49,16,12,20,20,20260807,5,1,1,1,0,0,0,6534,0.27225,1,0.0015,0
2456,21785.5,7,0,2.33812,3.88621,0,0,0,6.22433,361,361,0,1,2.03342,2.03342,1971,388,5,1288,0,0,0,0,0,3761,4631.46,0.992583,7.92975,599918,184,59320,2256,1759225,736,237280,9024,32,4,867412,1712166,27757184,6848664,34605848,4,4,12,4,49,16,12,20,20,20260807,5,1,1,1,0,0,0,6534,0.27225,1,0.0015,0
2457,21796.1,10,0,2.55542,7.96196,0,0,0,10.5174,361,361,0,1,2.03342,2.03342,1971,388,5,1288,0,0,0,0,0,3761,4631.46,0.992583,7.92975,599918,184,59320,2256,1759225,736,237280,9024,32,4,867412,1712166,27757184,6848664,34605848,4,4,12,4,49,16,12,20,20,20260807,5,1,1,1,0,0,0,6535,0.272292,1,0.0015,1
2458,21803,7,0,2.29096,4.51717,0,0,0,6.80813,361,361,0,1,2.03342,2.03342,1971,388,5,1288,0,0,0,0,0,3761,4631.46,0.992583,7.92975,599918,184,59320,2256,1759225,736,237280,9024,32,4,867412,1712166,27757184,6848664,34605848,4,4,12,4,49,16,12,20,20,20260807,5,1,1,1,0,0,0,6535,0.272292,1,0.0015,0
2459,21812.6,10,0,2.3715,7.13917,0,0,0,9.51067,361,361,0,1,2.03342,2.03342,1971,388,5,1288,0,0,0,0,0,3761,4631.46,0.992583,7.92975,599918,184,59320,2256,1759225,736,237280,9024,32,4,867412,1712166,27757184,6848664,34605848,4,4,12,4,49,16,12,20,20,20260807,5,1,1,1,0,0,0,6535,0.272292,1,0.0015,0
2460,21819.1,6,0,2.45925,3.98771,0,0,0,6.44696,361,361,0,1,2.03342,2.03342,1971,388,5,1288,0,0,0,0,0,3761,4631.46,0.992583,7.92975,599918,184,59320,2256,1759225,736,237280,9024,32,4,867412,1712166,27757184,6848664,34605848,4,4,12,4,49,16,12,20,20,20260807,5,1,1,1,0,0,0,6535,0.272292,1,0.0015,0
2461,21829.6,11,0,2.4115,8.00608,0,0,0,10.4176,361,361,0,1,2.03342,2.03342,1971,388,5,1288,0,0,0,0,0,3761,4631.46,0.992583,7.92975,599918,184,59320,2256,1759225,736,237280,9024,32,4,867412,1712166,27757184,6848664,34605848,4,4,12,4,49,16,12,20,20,20260807,5,1,1,1,0,0,0,6535,0.272292,1,0.0015,0
2462,21836.5,7,0,2.355,4.43296,0,0,0,6.78796,361,361,0,1,2.03342,2.03342,1971,388,5,1288,0,0,0,0,0,3761,4631.46,0.992583,7.92975,599918,184,59320,2256,1759225,736,237280,9024,32,4,867412,1712166,27757184,6848664,34605848,4,4,12,4,49,16,12,20,20,20260807,5,1,1,1,0,0,0,6535,0.272292,1,0.0015,0
2463,21845.8,9,0,2.40829,6.85463,0,0,0,9.26292,361,361,0,1,2.03342,2.03342,1971,388,5,1288,0,0,0,0,0,3761,4631.46,0.992583,7.92975,599918,184,59320,2256,1759225,736,237280,9024,32,4,867412,1712166,27757184,6848664,34605848,4,4,12,4,49,16,12,20,20,20260807,5,1,1,1,0,0,0,6536,0.272333,1,0.0015,1
2464,21852.5,6,0,2.34875,4.18654,0,0,0,6.53529,361,361,0,1,2.03342,2.03342,1971,388,5,1288,0,0,0,0,0,3761,4631.46,0.992583,7.92975,599918,184,59320,2256,1759225,736,237280,9024,32,4,867412,1712166,27757184,6848664,34605848,4,4,12,4,49,16,12,20,20,20260807,5,1,1,1,0,0,0,6536,0.272333,1,0.0015,0
2465,21862.8,11,0,2.42679,7.87775,0,0,0,10.3045,361,361,0,1,2.03342,2.03342,1971,388,5,1288,0,0,0,0,0,3761,4631.46,0.992583,7.92975,599918,184,59320,2256,1759225,736,237280,9024,32,4,867412,1712166,27757184,6848664,34605848,4,4,12,4,49,16,12,20,20,20260807,5,1,1,1,0,0,0,6536,0.272333,1,0.0015,0
2466,21869.3,6,0,2.31358,4.01092,0,0,0,6.3245,361,361,0,1,2.03342,2.03342,1971,388,5,1288,0,0,0,0,0,3761,4631.46,0.992583,7.92975,599918,184,59320,2256,1759225,736,237280,9024,32,4,867412,1712166,27757184,6848664,34605848,4,4,12,4,49,16,12,20,20,20260807,5,1,1,1,0,0,0,6536,0.272333,1,0.0015,0
2467,21879.3,10,0,2.41742,7.58804,0,0,0,10.0055,361,361,0,1,2.03342,2.03342,1971,388,5,1288,0,0,0,0,0,3761,4631.46,0.992583,7.92975,599918,184,59320,2256,1759225,736,237280,9024,32,4,867412,1712166,27757184,6848664,34605848,4,4,12,4,49,16,12,20,20,20260807,5,1,1,1,0,0,0,6536,0.272333,1,0.0015,0
2468,21886.1,7,0,2.5275,4.11354,0,0,0,6.64104,361,361,0,1,2.03342,2.03342,1971,388,5,1288,0,0,0,0,0,3761,4631.46,0.992583,7.92975,599918,184,59320,2256,1759225,736,237280,9024,32,4,867412,1712166,27757184,6848664,34605848,4,4,12,4,49,16,12,20,20,20260807,5,1,1,1,0,0,0,6536,0.272333,1,0.0015,0
2469,21896.2,10,0,2.50092,7.56129,0,0,0,10.0622,361,361,0,1,2.03342,2.03342,1971,388,5,1288,0,0,0,0,0,3761,4631.46,0.992583,7.92975,599918,184,59320,2256,1759225,736,237280,9024,32,4,867412,1712166,27757184,6848664,34605848,4,4,12,4,49,16,12,20,20,20260807,5,1,1,1,0,0,0,6537,0.272375,1,0.0015,1
2470,21903.3,7,0,2.40075,4.62896,0,0,0,7.02971,361,361,0,1,2.03342,2.03342,1971,388,5,1288,0,0,0,0,0,3761,4631.46,0.992583,7.92975,599918,184,59320,2256,1759225,736,237280,9024,32,4,867412,1712166,27757184,6848664,34605848,4,4,12,4,49,16,12,20,20,20260807,5,1,1,1,0,0,0,6537,0.272375,1,0.0015,0
2471,21912.8,10,0,2.32108,7.04421,0,0,0,9.36529,361,361,0,1,2.03342,2.03342,1971,388,5,1288,0,0,0,0,0,3761,4631.46,0.992583,7.92975,599918,184,59320,2256,1759225,736,237280,9024,32,4,867412,1712166,27757184,6848664,34605848,4,4,12,4,49,16,12,20,20,20260807,5,1,1,1,0,0,0,6537,0.272375,1,0.0015,0
2472,21919.3,6,0,2.36079,4.05967,0,0,0,6.42046,361,361,0,1,2.03342,2.03342,1971,388,5,1288,0,0,0,0,0,3761,4631.46,0.992583,7.92975,599918,184,59320,2256,1759225,736,237280,9024,32,4,867412,1712166,27757184,6848664,34605848,4,4,12,4,49,16,12,20,20,20260807,5,1,1,1,0,0,0,6537,0.272375,1,0.0015,0
2473,21930,11,0,2.38662,8.14229,0,0,0,10.5289,361,361,0,1,2.03342,2.03342,1971,388,5,1288,0,0,0,0,0,3761,4631.46,0.992583,7.92975,599918,184,59320,2256,1759225,736,237280,9024,32,4,867412,1712166,27757184,6848664,34605848,4,4,12,4,49,16,12,20,20,20260807,5,1,1,1,0,0,0,6537,0.272375,1,0.0015,0
2474,21936.5,7,0,2.50137,3.95225,0,0,0,6.45362,361,361,0,1,2.03342,2.03342,1971,388,5,1288,0,0,0,0,0,3761,4631.46,0.992583,7.92975,599918,184,59320,2256,1759225,736,237280,9024,32,4,867412,1712166,27757184,6848664,34605848,4,4,12,4,49,16,12,20,20,20260807,5,1,1,1,0,0,0,6537,0.272375,1,0.0015,0
2475,21950.1,13,0,2.41521,11.0202,0,0,0,13.4354,361,361,0,1,2.03342,2.03342,1971,388,5,1288,0,0,0,0,0,3761,4631.46,0.992583,7.92975,599918,184,59320,2256,1759225,736,237280,9024,32,4,867412,1712166,27757184,6848664,34605848,4,4,12,4,49,16,12,20,20,20260807,5,1,1,1,0,0,0,6538,0.272417,1,0.0015,1
2476,21962.7,13,0,2.32771,10.2531,0,0,0,12.5808,361,361,0,1,2.03342,2.03342,1971,388,5,1288,0,0,0,0,0,3761,4631.46,0.992583,7.92975,599918,184,59320,2256,1759225,736,237280,9024,32,4,867412,1712166,27757184,6848664,34605848,4,4,12,4,49,16,12,20,20,20260807,5,1,1,1,0,0,0,6538,0.272417,1,0.0015,0
2477,21970,7,0,2.52017,4.64004,0,0,0,7.16021,361,361,0,1,2.03342,2.03342,1971,388,5,1288,0,0,0,0,0,3761,4631.46,0.992583,7.92975,599918,184,59320,2256,1759225,736,237280,9024,32,4,867412,1712166,27757184,6848664,34605848,4,4,12,4,49,16,12,20,20,20260807,5,1,1,1,0,0,0,6538,0.272417,1,0.0015,0
2478,21980,10,0,2.41567,7.48929,0,0,0,9.90496,361,361,0,1,2.03342,2.03342,1971,388,5,1288,0,0,0,0,0,3761,4631.46,0.992583,7.92975,599918,184,59320,2256,1759225,736,237280,9024,32,4,867412,1712166,27757184,6848664,34605848,4,4,12,4,49,16,12,20,20,20260807,5,1,1,1,0,0,0,6538,0.272417,1,0.0015,0
2479,21987.2,7,0,2.42963,4.70662,0,0,0,7.13625,361,361,0,1,2.03342,2.03342,1971,388,5,1288,0,0,0,0,0,3761,4631.46,0.992583,7.92975,599918,184,59320,2256,1759225,736,237280,9024,32,4,867412,1712166,27757184,6848664,34605848,4,4,12,4,49,16,12,20,20,20260807,5,1,1,1,0,0,0,6538,0.272417,1,0.0015,0
2480,21996.4,9,0,2.29258,6.81904,0,0,0,9.11163,361,361,0,1,2.03342,2.03342,1971,388,5,1288,0,0,0,0,0,3761,4631.46,0.992583,7.92975,599918,184,59320,2256,1759225,736,237280,9024,32,4,867412,1712166,27757184,6848664,34605848,4,4,12,4,49,16,12,20,20,20260807,5,1,1,1,0,0,0,6539,0.272458,1,0.0015,1
2481,22003.1,7,0,2.38912,4.23858,0,0,0,6.62771,361,361,0,1,2.03342,2.03342,1971,388,5,1288,0,0,0,0,0,3761,4631.46,0.992583,7.92975,599918,184,59320,2256,1759225,736,237280,9024,32,4,867412,1712166,27757184,6848664,34605848,4,4,12,4,49,16,12,20,20,20260807,5,1,1,1,0,0,0,6539,0.272458,1,0.0015,0
2482,22012.8,10,0,2.41579,7.19967,0,0,0,9.61546,361,361,0,1,2.03342,2.03342,1971,388,5,1288,0,0,0,0,0,3761,4631.46,0.992583,7.92975,599918,184,59320,2256,1759225,736,237280,9024,32,4,867412,1712166,27757184,6848664,34605848,4,4,12,4,49,16,12,20,20,20260807,5,1,1,1,0,0,0,6539,0.272458,1,0.0015,0
2483,22019.4,6,0,2.36612,4.20621,0,0,0,6.57233,361,361,0,1,2.03342,2.03342,1971,388,5,1288,0,0,0,0,0,3761,4631.46,0.992583,7.92975,599918,184,59320,2256,1759225,736,237280,9024,32,4,867412,1712166,27757184,6848664,34605848,4,4,12,4,49,16,12,20,20,20260807,5,1,1,1,0,0,0,6539,0.272458,1,0.0015,0
2484,22029.3,10,0,2.37733,7.40325,0,0,0,9.78058,361,361,0,1,2.03342,2.03342,1971,388,5,1288,0,0,0,0,0,3761,4631.46,0.992583,7.92975,599918,184,59320,2256,1759225,736,237280,9024,32,4,867412,1712166,27757184,6848664,34605848,4,4,12,4,49,16,12,20,20,20260807,5,1,1,1,0,0,0,6539,0.272458,1,0.0015,0
2485,22035.8,7,0,2.53254,3.86692,0,0,0,6.39946,361,361,0,1,2.03342,2.03342,1971,388,5,1288,0,0,0,0,0,3761,4631.46,0.992583,7.92975,599918,184,59320,2256,1759225,736,237280,9024,32,4,867412,1712166,27757184,6848664,34605848,4,4,12,4,49,16,12,20,20,20260807,5,1,1,1,0,0,0,6539,0.272458,1,0.0015,0
2486,22045.9,10,0,2.46792,7.55692,0,0,0,10.0248,361,361,0,1,2.03342,2.03342,1971,388,5,1288,0,0,0,0,0,3761,4631.46,0.992583,7.92975,599918,184,59320,2256,1759225,736,237280,9024,32,4,867412,1712166,27757184,6848664,34605848,4,4,12,4,49,16,12,20,20,20260807,5,1,1,1,0,0,0,6540,0.2725,1,0.0015,1
2487,22051.8,6,0,2.30833,3.49704,0,0,0,5.80537,361,361,0,1,2.03342,2.03342,1971,388,5,1288,0,0,0,0,0,3761,4631.46,0.992583,7.92975,599918,184,59320,2256,1759225,736,237280,9024,32,4,867412,1712166,27757184,6848664,34605848,4,4,12,4,49,16,12,20,20,20260807,5,1,1,1,0,0,0,6540,0.2725,1,0.0015,0
2488,22062.4,10,0,2.33613,8.18538,0,0,0,10.5215,361,361,0,1,2.03342,2.03342,1971,388,5,1288,0,0,0,0,0,3761,4631.46,0.992583,7.92975,599918,184,59320,2256,1759225,736,237280,9024,32,4,867412,1712166,27757184,6848664,34605848,4,4,12,4,49,16,12,20,20,20260807,5,1,1,1,0,0,0,6540,0.2725,1,0.0015,0
2489,22068.9,7,0,2.40154,4.04058,0,0,0,6.44212,361,361,0,1,2.03342,2.03342,1971,388,5,1288,0,0,0,0,0,3761,4631.46,0.992583,7.92975,599918,184,59320,2256,1759225,736,237280,9024,32,4,867412,1712166,27757184,6848664,34605848,4,4,12,4,49,16,12,20,20,20260807,5,1,1,1,0,0,0,6540,0.2725,1,0.0015,0
2490,22079.4,10,0,2.39492,7.95525,0,0,0,10.3502,361,361,0,1,2.03342,2.03342,1971,388,5,1288,0,0,0,0,0,3761,4631.46,0.992583,7.92975,599918,184,59320,2256,1759225,736,237280,9024,32,4,867412,1712166,27757184,6848664,34605848,4,4,12,4,49,16,12,20,20,20260807,5,1,1,1,0,0,0,6540,0.2725,1,0.0015,0
2491,22085.8,7,0,2.44638,3.8865,0,0,0,6.33287,361,361,0,1,2.03342,2.03342,1971,388,5,1288,0,0,0,0,0,3761,4631.46,0.992583,7.92975,599918,184,59320,2256,1759225,736,237280,9024,32,4,867412,1712166,27757184,6848664,34605848,4,4,12,4,49,16,12,20,20,20260807,5,1,1,1,0,0,0,6540,0.2725,1,0.0015,0
2492,22095.9,10,0,2.41854,7.60017,0,0,0,10.0187,361,361,0,1,2.03342,2.03342,1971,388,5,1288,0,0,0,0,0,3761,4631.46,0.992583,7.92975,599918,184,59320,2256,1759225,736,237280,9024,32,4,867412,1712166,27757184,6848664,34605848,4,4,12,4,49,16,12,20,20,20260807,5,1,1,1,0,0,0,6541,0.272542,1,0.0015,1
2493,22102.2,6,0,2.40167,3.85767,0,0,0,6.25933,361,361,0,1,2.03342,2.03342,1971,388,5,1288,0,0,0,0,0,3761,4631.46,0.992583,7.92975,599918,184,59320,2256,1759225,736,237280,9024,32,4,867412,1712166,27757184,6848664,34605848,4,4,12,4,49,16,12,20,20,20260807,5,1,1,1,0,0,0,6541,0.272542,1,0.0015,0
2494,22112.5,11,0,2.39396,7.77658,0,0,0,10.1705,361,361,0,1,2.03342,2.03342,1971,388,5,1288,0,0,0,0,0,3761,4631.46,0.992583,7.92975,599918,184,59320,2256,1759225,736,237280,9024,32,4,867412,1712166,27757184,6848664,34605848,4,4,12,4,49,16,12,20,20,20260807,5,1,1,1,0,0,0,6541,0.272542,1,0.0015,0
2495,22118.7,6,0,2.31225,3.83646,0,0,0,6.14871,361,361,0,1,2.03342,2.03342,1971,388,5,1288,0,0,0,0,0,3761,4631.46,0.992583,7.92975,599918,184,59320,2256,1759225,736,237280,9024,32,4,867412,1712166,27757184,6848664,34605848,4,4,12,4,49,16,12,20,20,20260807,5,1,1,1,0,0,0,6541,0.272542,1,0.0015,0
2496,22129.1,10,0,2.37158,7.91508,0,0,0,10.2867,361,361,0,1,2.03342,2.03342,1971,388,5,1288,0,0,0,0,0,3761,4631.46,0.992583,7.92975,599918,184,59320,2256,1759225,736,237280,9024,32,4,867412,1712166,27757184,6848664,34605848,4,4,12,4,49,16,12,20,20,20260807,5,1,1,1,0,0,0,6541,0.272542,1,0.0015,0
2497,22138.4,9,0,2.3565,6.85825,0,0,0,9.21475,361,361,0,1,2.03342,2.03342,1971,388,5,1288,0,0,0,0,0,3761,4631.46,0.992583,7.92975,599918,184,59320,2256,1759225,736,237280,9024,32,4,867412,1712166,27757184,6848664,34605848,4,4,12,4,49,16,12,20,20,20260807,5,1,1,1,0,0,0,6541,0.272542,1,0.0015,0
2498,22145.9,8,0,2.32825,5.02604,0,0,0,7.35429,361,361,0,1,2.03342,2.03342,1971,388,5,1288,0,0,0,0,0,3761,4631.46,0.992583,7.92975,599918,184,59320,2256,1759225,736,237280,9024,32,4,867412,1712166,27757184,6848664,34605848,4,4,12,4,49,16,12,20,20,20260807,5,1,1,1,0,0,0,6542,0.272583,1,0.0015,1
2499,22152.4,6,0,2.43121,4.01658,0,0,0,6.44779,361,361,0,1,2.03342,2.03342,1971,388,5,1288,0,0,0,0,0,3761,4631.46,0.992583,7.92975,599918,184,59320,2256,1759225,736,237280,9024,32,4,867412,1712166,27757184,6848664,34605848,4,4,12,4,49,16,12,20,20,20260807,5,1,1,1,0,0,0,6542,0.272583,1,0.0015,0
2500,22162.9,11,0,2.43933,7.99712,0,0,0,10.4365,361,361,0,1,2.03342,2.03342,1971,388,5,1288,0,0,0,0,0,3761,4631.46,0.992583,7.92975,599918,184,59320,2256,1759225,736,237280,9024,32,4,867412,1712166,27757184,6848664,34605848,4,4,12,4,49,16,12,20,20,20260807,5,1,1,1,0,0,0,6542,0.272583,1,0.0015,0
2501,22169.1,6,0,2.40592,3.69833,0,0,0,6.10425,361,361,0,1,2.03342,2.03342,1971,388,5,1288,0,0,0,0,0,3761,4631.46,0.992583,7.92975,599918,184,59320,2256,1759225,736,237280,9024,32,4,867412,1712166,27757184,6848664,34605848,4,4,12,4,49,16,12,20,20,20260807,5,1,1,1,0,0,0,6542,0.272583,1,0.0015,0
2502,22179.4,10,0,2.45667,7.77354,0,0,0,10.2302,361,361,0,1,2.03342,2.03342,1971,388,5,1288,0,0,0,0,0,3761,4631.46,0.992583,7.92975,599918,184,59320,2256,1759225,736,237280,9024,32,4,867412,1712166,27757184,6848664,34605848,4,4,12,4,49,16,12,20,20,20260807,5,1,1,1,0,0,0,6542,0.272583,1,0.0015,0
2503,22186.7,8,0,3.09871,4.06029,0,0,0,7.159,361,361,0,1,2.03342,2.03342,1971,388,5,1288,0,0,0,0,0,3761,4631.46,0.992583,7.92975,599918,184,59320,2256,1759225,736,237280,9024,32,4,867412,1712166,27757184,6848664,34605848,4,4,12,4,49,16,12,20,20,20260807,5,1,1,1,0,0,0,6542,0.272583,1,0.0015,0
2504,22195.8,9,0,2.29237,6.75029,0,0,0,9.04267,361,361,0,1,2.03342,2.03342,1971,388,5,1288,0,0,0,0,0,3761,4631.46,0.992583,7.92975,599918,184,59320,2256,1759225,736,237280,9024,32,4,867412,1712166,27757184,6848664,34605848,4,4,12,4,49,16,12,20,20,20260807,5,1,1,1,0,0,0,6543,0.272625,1,0.0015,1
2505,22201.7,6,0,2.33879,3.54425,0,0,0,5.88304,361,361,0,1,2.03342,2.03342,1971,388,5,1288,0,0,0,0,0,3761,4631.46,0.992583,7.92975,599918,184,59320,2256,1759225,736,237280,9024,32,4,867412,1712166,27757184,6848664,34605848,4,4,12,4,49,16,12,20,20,20260807,5,1,1,1,0,0,0,6543,0.272625,1,0.0015,0
2506,22212.6,11,0,2.46104,8.35971,0,0,0,10.8208,361,361,0,1,2.03342,2.03342,1971,388,5,1288,0,0,0,0,0,3761,4631.46,0.992583,7.92975,599918,184,59320,2256,1759225,736,237280,9024,32,4,867412,1712166,27757184,6848664,34605848,4,4,12,4,49,16,12,20,20,20260807,5,1,1,1,0,0,0,6543,0.272625,1,0.0015,0
2507,22219.4,6,0,2.38338,4.32704,0,0,0,6.71042,361,361,0,1,2.03342,2.03342,1971,388,5,1288,0,0,0,0,0,3761,4631.46,0.992583,7.92975,599918,184,59320,2256,1759225,736,237280,9024,32,4,867412,1712166,27757184,6848664,34605848,4,4,12,4,49,16,12,20,20,20260807,5,1,1,1,0,0,0,6543,0.272625,1,0.0015,0
2508,22229.6,11,0,2.54142,7.50742,0,0,0,10.0488,361,361,0,1,2.03342,2.03342,1971,388,5,1288,0,0,0,0,0,3761,4631.46,0.992583,7.92975,599918,184,59320,2256,1759225,736,237280,9024,32,4,867412,1712166,27757184,6848664,34605848,4,4,12,4,49,16,12,20,20,20260807,5,1,1,1,0,0,0,6543,0.272625,1,0.0015,0
2509,22236.3,6,0,2.37237,4.29213,0,0,0,6.6645,361,361,0,1,2.03342,2.03342,1971,388,5,1288,0,0,0,0,0,3761,4631.46,0.992583,7.92975,599918,184,59320,2256,1759225,736,237280,9024,32,4,867412,1712166,27757184,6848664,34605848,4,4,12,4,49,16,12,20,20,20260807,5,1,1,1,0,0,0,6543,0.272625,1,0.0015,0
2510,22245.9,10,0,2.50838,6.96871,0,0,0,9.47708,361,361,0,1,2.03342,2.03342,1971,388,5,1288,0,0,0,0,0,3761,4631.46,0.992583,7.92975,599918,184,59320,2256,1759225,736,237280,9024,32,4,867412,1712166,27757184,6848664,34605848,4,4,12,4,49,16,12,20,20,20260807,5,1,1,1,0,0,0,6544,0.272667,1,0.0015,1
2511,22252.3,6,0,2.46796,3.89167,0,0,0,6.35963,361,361,0,1,2.03342,2.03342,1971,388,5,1288,0,0,0,0,0,3761,4631.46,0.992583,7.92975,599918,184,59320,2256,1759225,736,237280,9024,32,4,867412,1712166,27757184,6848664,34605848,4,4,12,4,49,16,12,20,20,20260807,5,1,1,1,0,0,0,6544,0.272667,1,0.0015,0
2512,22263,11,0,4.22154,6.37688,0,0,0,10.5984,361,361,0,1,2.03342,2.03342,1971,388,5,1288,0,0,0,0,0,3761,4631.46,0.992583,7.92975,599918,184,59320,2256,1759225,736,237280,9024,32,4,867412,1712166,27757184,6848664,34605848,4,4,12,4,49,16,12,20,20,20260807,5,1,1,1,0,0,0,6544,0.272667,1,0.0015,0
2513,22269.4,6,0,2.50025,3.74404,0,0,0,6.24429,361,361,0,1,2.03342,2.03342,1971,388,5,1288,0,0,0,0,0,3761,4631.46,0.992583,7.92975,599918,184,59320,2256,1759225,736,237280,9024,32,4,867412,1712166,27757184,6848664,34605848,4,4,12,4,49,16,12,20,20,20260807,5,1,1,1,0,0,0,6544,0.272667,1,0.0015,0
2514,22279.4,10,0,2.46654,7.44817,0,0,0,9.91471,361,361,0,1,2.03342,2.03342,1971,388,5,1288,0,0,0,0,0,3761,4631.46,0.992583,7.92975,599918,184,59320,2256,1759225,736,237280,9024,32,4,867412,1712166,27757184,6848664,34605848,4,4,12,4,49,16,12,20,20,20260807,5,1,1,1,0,0,0,6544,0.272667,1,0.0015,0
2515,22286.1,7,0,2.41533,4.25708,0,0,0,6.67242,361,361,0,1,2.03342,2.03342,1971,388,5,1288,0,0,0,0,0,3761,4631.46,0.992583,7.92975,599918,184,59320,2256,1759225,736,237280,9024,32,4,867412,1712166,27757184,6848664,34605848,4,4,12,4,49,16,12,20,20,20260807,5,1,1,1,0,0,0,6544,0.272667,1,0.0015,0
2516,22295.8,10,0,2.52663,7.09588,0,0,0,9.6225,361,361,0,1,2.03342,2.03342,1971,388,5,1288,0,0,0,0,0,3761,4631.46,0.992583,7.92975,599918,184,59320,2256,1759225,736,237280,9024,32,4,867412,1712166,27757184,6848664,34605848,4,4,12,4,49,16,12,20,20,20260807,5,1,1,1,0,0,0,6545,0.272708,1,0.0015,1
2517,22302.5,7,0,2.63254,3.97733,0,0,0,6.60987,361,361,0,1,2.03342,2.03342,1971,388,5,1288,0,0,0,0,0,3761,4631.46,0.992583,7.92975,599918,184,59320,2256,1759225,736,237280,9024,32,4,867412,1712166,27757184,6848664,34605848,4,4,12,4,49,16,12,20,20,20260807,5,1,1,1,0,0,0,6545,0.272708,1,0.0015,0
2518,22312.5,10,0,2.43683,7.45567,0,0,0,9.8925,361,361,0,1,2.03342,2.03342,1971,388,5,1288,0,0,0,0,0,3761,4631.46,0.992583,7.92975,599918,184,59320,2256,1759225,736,237280,9024,32,4,867412,1712166,27757184,6848664,34605848,4,4,12,4,49,16,12,20,20,20260807,5,1,1,1,0,0,0,6545,0.272708,1,0.0015,0
2519,22319.1,6,0,2.50117,3.98946,0,0,0,6.49062,361,361,0,1,2.03342,2.03342,1971,388,5,1288,0,0,0,0,0,3761,4631.46,0.992583,7.92975,599918,184,59320,2256,1759225,736,237280,9024,32,4,867412,1712166,27757184,6848664,34605848,4,4,12,4,49,16,12,20,20,20260807,5,1,1,1,0,0,0,6545,0.272708,1,0.0015,0
2520,22329.8,11,0,2.43254,8.24675,0,0,0,10.6793,361,361,0,1,2.03342,2.03342,1971,388,5,1288,0,0,0,0,0,3761,4631.46,0.992583,7.92975,599918,184,59320,2256,1759225,736,237280,9024,32,4,867412,1712166,27757184,6848664,34605848,4,4,12,4,49,16,12,20,20,20260807,5,1,1,1,0,0,0,6545,0.272708,1,0.0015,0
2521,22336.4,6,0,2.29608,4.19542,0,0,0,6.4915,361,361,0,1,2.03342,2.03342,1971,388,5,1288,0,0,0,0,0,3761,4631.46,0.992583,7.92975,599918,184,59320,2256,1759225,736,237280,9024,32,4,867412,1712166,27757184,6848664,34605848,4,4,12,4,49,16,12,20,20,20260807,5,1,1,1,0,0,0,6545,0.272708,1,0.0015,0
2522,22345.8,10,0,2.46183,6.85892,0,0,0,9.32075,361,361,0,1,2.03342,2.03342,1971,388,5,1288,0,0,0,0,0,3761,4631.46,0.992583,7.92975,599918,184,59320,2256,1759225,736,237280,9024,32,4,867412,1712166,27757184,6848664,34605848,4,4,12,4,49,16,12,20,20,20260807,5,1,1,1,0,0,0,6546,0.27275,1,0.0015,1
2523,22352.4,6,0,2.55479,3.89458,0,0,0,6.44937,361,361,0,1,2.03342,2.03342,1971,388,5,1288,0,0,0,0,0,3761,4631.46,0.992583,7.92975,599918,184,59320,2256,1759225,736,237280,9024,32,4,867412,1712166,27757184,6848664,34605848,4,4,12,4,49,16,12,20,20,20260807,5,1,1,1,0,0,0,6546,0.27275,1,0.0015,0
2524,22362.9,12,0,2.38858,8.07054,0,0,0,10.4591,361,361,0,1,2.03342,2.03342,1971,388,5,1288,0,0,0,0,0,3761,4631.46,0.992583,7.92975,599918,184,59320,2256,1759225,736,237280,9024,32,4,867412,1712166,27757184,6848664,34605848,4,4,12,4,49,16,12,20,20,20260807,5,1,1,1,0,0,0,6546,0.27275,1,0.0015,0
2525,22369.3,6,0,2.43913,3.898,0,0,0,6.33713,361,361,0,1,2.03342,2.03342,1971,388,5,1288,0,0,0,0,0,3761,4631.46,0.992583,7.92975,599918,184,59320,2256,1759225,736,237280,9024,32,4,867412,1712166,27757184,6848664,34605848,4,4,12,4,49,16,12,20,20,20260807,5,1,1,1,0,0,0,6546,0.27275,1,0.0015,0
2526,22379.2,9,0,2.46021,7.34592,0,0,0,9.80612,361,361,0,1,2.03342,2.03342,1971,388,5,1288,0,0,0,0,0,3761,4631.46,0.992583,7.92975,599918,184,59320,2256,1759225,736,237280,9024,32,4,867412,1712166,27757184,6848664,34605848,4,4,12,4,49,16,12,20,20,20260807,5,1,1,1,0,0,0,6546,0.27275,1,0.0015,0
2527,22385.6,7,0,2.39525,3.88475,0,0,0,6.28,361,361,0,1,2.03342,2.03342,1971,388,5,1288,0,0,0,0,0,3761,4631.46,0.992583,7.92975,599918,184,59320,2256,1759225,736,237280,9024,32,4,867412,1712166,27757184,6848664,34605848,4,4,12,4,49,16,12,20,20,20260807,5,1,1,1,0,0,0,6546,0.27275,1,0.0015,0
2528,22395.8,10,0,2.55117,7.54383,0,0,0,10.095,361,361,0,1,2.03342,2.03342,1971,388,5,1288,0,0,0,0,0,3761,4631.46,0.992583,7.92975,599918,184,59320,2256,1759225,736,237280,9024,32,4,867412,1712166,27757184,6848664,34605848,4,4,12,4,49,16,12,20,20,20260807,5,1,1,1,0,0,0,6547,0.272792,1,0.0015,1
2529,22402.3,6,0,2.30796,4.15767,0,0,0,6.46563,361,361,0,1,2.03342,2.03342,1971,388,5,1288,0,0,0,0,0,3761,4631.46,0.992583,7.92975,599918,184,59320,2256,1759225,736,237280,9024,32,4,867412,1712166,27757184,6848664,34605848,4,4,12,4,49,16,12,20,20,20260807,5,1,1,1,0,0,0,6547,0.272792,1,0.0015,0
2530,22413.1,11,0,2.45463,8.19475,0,0,0,10.6494,361,361,0,1,2.03342,2.03342,1971,388,5,1288,0,0,0,0,0,3761,4631.46,0.992583,7.92975,599918,184,59320,2256,1759225,736,237280,9024,32,4,867412,1712166,27757184,6848664,34605848,4,4,12,4,49,16,12,20,20,20260807,5,1,1,1,0,0,0,6547,0.272792,1,0.0015,0
2531,22420,7,0,2.65217,4.13096,0,0,0,6.78313,361,361,0,1,2.03342,2.03342,1971,388,5,1288,0,0,0,0,0,3761,4631.46,0.992583,7.92975,599918,184,59320,2256,1759225,736,237280,9024,32,4,867412,1712166,27757184,6848664,34605848,4,4,12,4,49,16,12,20,20,20260807,5,1,1,1,0,0,0,6547,0.272792,1,0.0015,0
2532,22429.7,10,0,2.24583,7.42579,0,0,0,9.67163,361,361,0,1,2.03342,2.03342,1971,388,5,1288,0,0,0,0,0,3761,4631.46,0.992583,7.92975,599918,184,59320,2256,1759225,736,237280,9024,32,4,867412,1712166,27757184,6848664,34605848,4,4,12,4,49,16,12,20,20,20260807,5,1,1,1,0,0,0,6547,0.272792,1,0.0015,0
2533,22436.3,6,0,2.42004,4.04704,0,0,0,6.46708,361,361,0,1,2.03342,2.03342,1971,388,5,1288,0,0,0,0,0,3761,4631.46,0.992583,7.92975,599918,184,59320,2256,1759225,736,237280,9024,32,4,867412,1712166,27757184,6848664,34605848,4,4,12,4,49,16,12,20,20,20260807,5,1,1,1,0,0,0,6547,0.272792,1,0.0015,0
2534,22446,10,0,3.01133,6.70292,0,0,0,9.71425,361,361,0,1,2.03342,2.03342,1971,388,5,1288,0,0,0,0,0,3761,4631.46,0.992583,7.92975,599918,184,59320,2256,1759225,736,237280,9024,32,4,867412,1712166,27757184,6848664,34605848,4,4,12,4,49,16,12,20,20,20260807,5,1,1,1,0,0,0,6548,0.272833,1,0.0015,1
2535,22452.4,6,0,2.25871,4.03313,0,0,0,6.29183,361,361,0,1,2.03342,2.03342,1971,388,5,1288,0,0,0,0,0,3761,4631.46,0.992583,7.92975,599918,184,59320,2256,1759225,736,237280,9024,32,4,867412,1712166,27757184,6848664,34605848,4,4,12,4,49,16,12,20,20,20260807,5,1,1,1,0,0,0,6548,0.272833,1,0.0015,0
2536,22462.7,11,0,2.93479,7.24575,0,0,0,10.1805,361,361,0,1,2.03342,2.03342,1971,388,5,1288,0,0,0,0,0,3761,4631.46,0.992583,7.92975,599918,184,59320,2256,1759225,736,237280,9024,32,4,867412,1712166,27757184,6848664,34605848,4,4,12,4,49,16,12,20,20,20260807,5,1,1,1,0,0,0,6548,0.272833,1,0.0015,0
2537,22470,7,0,2.42121,4.78671,0,0,0,7.20792,361,361,0,1,2.03342,2.03342,1971,388,5,1288,0,0,0,0,0,3761,4631.46,0.992583,7.92975,599918,184,59320,2256,1759225,736,237280,9024,32,4,867412,1712166,27757184,6848664,34605848,4,4,12,4,49,16,12,20,20,20260807,5,1,1,1,0,0,0,6548,0.272833,1,0.0015,0
2538,22479.1,9,0,2.29175,6.76217,0,0,0,9.05392,361,361,0,1,2.03342,2.03342,1971,388,5,1288,0,0,0,0,0,3761,4631.46,0.992583,7.92975,599918,184,59320,2256,1759225,736,237280,9024,32,4,867412,1712166,27757184,6848664,34605848,4,4,12,4,49,16,12,20,20,20260807,5,1,1,1,0,0,0,6548,0.272833,1,0.0015,0
2539,22491.2,12,0,2.37817,9.65788,0,0,0,12.036,361,361,0,1,2.03342,2.03342,1971,388,5,1288,0,0,0,0,0,3761,4631.46,0.992583,7.92975,599918,184,59320,2256,1759225,736,237280,9024,32,4,867412,1712166,27757184,6848664,34605848,4,4,12,4,49,16,12,20,20,20260807,5,1,1,1,0,0,0,6548,0.272833,1,0.0015,0
2540,22497.7,7,0,2.42738,3.91771,0,0,0,6.34508,361,361,0,1,2.03342,2.03342,1971,388,5,1288,0,0,0,0,0,3761,4631.46,0.992583,7.92975,599918,184,59320,2256,1759225,736,237280,9024,32,4,867412,1712166,27757184,6848664,34605848,4,4,12,4,49,16,12,20,20,20260807,5,1,1,1,0,0,0,6549,0.272875,1,0.0015,1
2541,22504.3,6,0,2.3705,4.19292,0,0,0,6.56342,361,361,0,1,2.03342,2.03342,1971,388,5,1288,0,0,0,0,0,3761,4631.46,0.992583,7.92975,599918,184,59320,2256,1759225,736,237280,9024,32,4,867412,1712166,27757184,6848664,34605848,4,4,12,4,49,16,12,20,20,20260807,5,1,1,1,0,0,0,6549,0.272875,1,0.0015,0
2542,22512.6,9,0,2.34004,5.80975,0,0,0,8.14979,361,361,0,1,2.03342,2.03342,1971,388,5,1288,0,0,0,0,0,3761,4631.46,0.992583,7.92975,599918,184,59320,2256,1759225,736,237280,9024,32,4,867412,1712166,27757184,6848664,34605848,4,4,12,4,49,16,12,20,20,20260807,5,1,1,1,0,0,0,6549,0.272875,1,0.0015,0
2543,22519.7,7,0,2.61071,4.41404,0,0,0,7.02475,361,361,0,1,2.03342,2.03342,1971,388,5,1288,0,0,0,0,0,3761,4631.46,0.992583,7.92975,599918,184,59320,2256,1759225,736,237280,9024,32,4,867412,1712166,27757184,6848664,34605848,4,4,12,4,49,16,12,20,20,20260807,5,1,1,1,0,0,0,6549,0.272875,1,0.0015,0
2544,22529.5,10,0,2.42258,7.27062,0,0,0,9.69321,361,361,0,1,2.03342,2.03342,1971,388,5,1288,0,0,0,0,0,3761,4631.46,0.992583,7.92975,599918,184,59320,2256,1759225,736,237280,9024,32,4,867412,1712166,27757184,6848664,34605848,4,4,12,4,49,16,12,20,20,20260807,5,1,1,1,0,0,0,6549,0.272875,1,0.0015,0
2545,22536.1,6,0,2.40775,4.07333,0,0,0,6.48108,361,361,0,1,2.03342,2.03342,1971,388,5,1288,0,0,0,0,0,3761,4631.46,0.992583,7.92975,599918,184,59320,2256,1759225,736,237280,9024,32,4,867412,1712166,27757184,6848664,34605848,4,4,12,4,49,16,12,20,20,20260807,5,1,1,1,0,0,0,6549,0.272875,1,0.0015,0
2546,22546,10,0,2.73113,7.09254,0,0,0,9.82367,361,361,0,1,2.03342,2.03342,1971,388,5,1288,0,0,0,0,0,3761,4631.46,0.992583,7.92975,599918,184,59320,2256,1759225,736,237280,9024,32,4,867412,1712166,27757184,6848664,34605848,4,4,12,4,49,16,12,20,20,20260807,5,1,1,1,0,0,0,6550,0.272917,1,0.0015,1
2547,22552.9,7,0,2.51279,4.37063,0,0,0,6.88342,361,361,0,1,2.03342,2.03342,1971,388,5,1288,0,0,0,0,0,3761,4631.46,0.992583,7.92975,599918,184,59320,2256,1759225,736,237280,9024,32,4,867412,1712166,27757184,6848664,34605848,4,4,12,4,49,16,12,20,20,20260807,5,1,1,1,0,0,0,6550,0.272917,1,0.0015,0
2548,22562.7,10,0,2.461,7.26271,0,0,0,9.72371,361,361,0,1,2.03342,2.03342,1971,388,5,1288,0,0,0,0,0,3761,4631.46,0.992583,7.92975,599918,184,59320,2256,1759225,736,237280,9024,32,4,867412,1712166,27757184,6848664,34605848,4,4,12,4,49,16,12,20,20,20260807,5,1,1,1,0,0,0,6550,0.272917,1,0.0015,0
2549,22569.5,7,0,2.38596,4.31854,0,0,0,6.7045,361,361,0,1,2.03342,2.03342,1971,388,5,1288,0,0,0,0,0,3761,4631.46,0.992583,7.92975,599918,184,59320,2256,1759225,736,237280,9024,32,4,867412,1712166,27757184,6848664,34605848,4,4,12,4,49,16,12,20,20,20260807,5,1,1,1,0,0,0,6550,0.272917,1,0.0015,0
2550,22579.3,9,0,2.44275,7.192,0,0,0,9.63475,361,361,0,1,2.03342,2.03342,1971,388,5,1288,0,0,0,0,0,3761,4631.46,0.992583,7.92975,599918,184,59320,2256,1759225,736,237280,9024,32,4,867412,1712166,27757184,6848664,34605848,4,4,12,4,49,16,12,20,20,20260807,5,1,1,1,0,0,0,6550,0.272917,1,0.0015,0
2551,22586.1,7,0,2.47996,4.24783,0,0,0,6.72779,361,361,0,1,2.03342,2.03342,1971,388,5,1288,0,0,0,0,0,3761,4631.46,0.992583,7.92975,599918,184,59320,2256,1759225,736,237280,9024,32,4,867412,1712166,27757184,6848664,34605848,4,4,12,4,49,16,12,20,20,20260807,5,1,1,1,0,0,0,6550,0.272917,1,0.0015,0
2552,22596,10,0,2.51358,7.34446,0,0,0,9.85804,361,361,0,1,2.03342,2.03342,1971,388,5,1288,0,0,0,0,0,3761,4631.46,0.992583,7.92975,599918,184,59320,2256,1759225,736,237280,9024,32,4,867412,1712166,27757184,6848664,34605848,4,4,12,4,49,16,12,20,20,20260807,5,1,1,1,0,0,0,6551,0.272958,1,0.0015,1
2553,22603.4,7,0,2.43358,4.86092,0,0,0,7.2945,361,361,0,1,2.03342,2.03342,1971,388,5,1288,0,0,0,0,0,3761,4631.46,0.992583,7.92975,599918,184,59320,2256,1759225,736,237280,9024,32,4,867412,1712166,27757184,6848664,34605848,4,4,12,4,49,16,12,20,20,20260807,5,1,1,1,0,0,0,6551,0.272958,1,0.0015,0
2554,22613,10,0,2.44579,7.054,0,0,0,9.49979,361,361,0,1,2.03342,2.03342,1971,388,5,1288,0,0,0,0,0,3761,4631.46,0.992583,7.92975,599918,184,59320,2256,1759225,736,237280,9024,32,4,867412,1712166,27757184,6848664,34605848,4,4,12,4,49,16,12,20,20,20260807,5,1,1,1,0,0,0,6551,0.272958,1,0.0015,0
2555,22619.9,7,0,2.39629,4.39108,0,0,0,6.78737,361,361,0,1,2.03342,2.03342,1971,388,5,1288,0,0,0,0,0,3761,4631.46,0.992583,7.92975,599918,184,59320,2256,1759225,736,237280,9024,32,4,867412,1712166,27757184,6848664,34605848,4,4,12,4,49,16,12,20,20,20260807,5,1,1,1,0,0,0,6551,0.272958,1,0.0015,0
2556,22629.3,9,0,2.44425,6.87133,0,0,0,9.31558,361,361,0,1,2.03342,2.03342,1971,388,5,1288,0,0,0,0,0,3761,4631.46,0.992583,7.92975,599918,184,59320,2256,1759225,736,237280,9024,32,4,867412,1712166,27757184,6848664,34605848,4,4,12,4,49,16,12,20,20,20260807,5,1,1,1,0,0,0,6551,0.272958,1,0.0015,0
2557,22636.5,8,0,2.56458,4.6095,0,0,0,7.17408,361,361,0,1,2.03342,2.03342,1971,388,5,1288,0,0,0,0,0,3761,4631.46,0.992583,7.92975,599918,184,59320,2256,1759225,736,237280,9024,32,4,867412,1712166,27757184,6848664,34605848,4,4,12,4,49,16,12,20,20,20260807,5,1,1,1,0,0,0,6551,0.272958,1,0.0015,0
2558,22647,10,0,2.27237,8.07237,0,0,0,10.3447,361,361,0,1,2.03342,2.03342,1971,388,5,1288,0,0,0,0,0,3761,4631.46,0.992583,7.92975,599918,184,59320,2256,1759225,736,237280,9024,32,4,867412,1712166,27757184,6848664,34605848,4,4,12,4,49,16,12,20,20,20260807,5,1,1,1,0,0,0,6552,0.273,1,0.0015,1
2559,22653.6,7,0,2.39975,4.18254,0,0,0,6.58229,361,361,0,1,2.03342,2.03342,1971,388,5,1288,0,0,0,0,0,3761,4631.46,0.992583,7.92975,599918,184,59320,2256,1759225,736,237280,9024,32,4,867412,1712166,27757184,6848664,34605848,4,4,12,4,49,16,12,20,20,20260807,5,1,1,1,0,0,0,6552,0.273,1,0.0015,0
2560,22663.7,10,0,2.25367,7.71067,0,0,0,9.96433,361,361,0,1,2.03342,2.03342,1971,388,5,1288,0,0,0,0,0,3761,4631.46,0.992583,7.92975,599918,184,59320,2256,1759225,736,237280,9024,32,4,867412,1712166,27757184,6848664,34605848,4,4,12,4,49,16,12,20,20,20260807,5,1,1,1,0,0,0,6552,0.273,1,0.0015,0
2561,22670.8,7,0,2.33637,4.72046,0,0,0,7.05683,361,361,0,1,2.03342,2.03342,1971,388,5,1288,0,0,0,0,0,3761,4631.46,0.992583,7.92975,599918,184,59320,2256,1759225,736,237280,9024,32,4,867412,1712166,27757184,6848664,34605848,4,4,12,4,49,16,12,20,20,20260807,5,1,1,1,0,0,0,6552,0.273,1,0.0015,0
2562,22679.6,9,0,2.48925,6.23837,0,0,0,8.72762,361,361,0,1,2.03342,2.03342,1971,388,5,1288,0,0,0,0,0,3761,4631.46,0.992583,7.92975,599918,184,59320,2256,1759225,736,237280,9024,32,4,867412,1712166,27757184,6848664,34605848,4,4,12,4,49,16,12,20,20,20260807,5,1,1,1,0,0,0,6552,0.273,1,0.0015,0
2563,22686.7,7,0,2.48275,4.52242,0,0,0,7.00517,361,361,0,1,2.03342,2.03342,1971,388,5,1288,0,0,0,0,0,3761,4631.46,0.992583,7.92975,599918,184,59320,2256,1759225,736,237280,9024,32,4,867412,1712166,27757184,6848664,34605848,4,4,12,4,49,16,12,20,20,20260807,5,1,1,1,0,0,0,6552,0.273,1,0.0015,0
2564,22698.6,12,0,2.46279,9.3115,0,0,0,11.7743,361,361,0,1,2.03342,2.03342,1971,388,5,1288,0,0,0,0,0,3761,4631.46,0.992583,7.92975,599918,184,59320,2256,1759225,736,237280,9024,32,4,867412,1712166,27757184,6848664,34605848,4,4,12,4,49,16,12,20,20,20260807,5,1,1,1,0,0,0,6553,0.273042,1,0.0015,1
2565,22705.5,7,0,2.28096,4.56042,0,0,0,6.84138,361,361,0,1,2.03342,2.03342,1971,388,5,1288,0,0,0,0,0,3761,4631.46,0.992583,7.92975,599918,184,59320,2256,1759225,736,237280,9024,32,4,867412,1712166,27757184,6848664,34605848,4,4,12,4,49,16,12,20,20,20260807,5,1,1,1,0,0,0,6553,0.273042,1,0.0015,0
2566,22712.7,7,0,2.39717,4.70879,0,0,0,7.10596,361,361,0,1,2.03342,2.03342,1971,388,5,1288,0,0,0,0,0,3761,4631.46,0.992583,7.92975,599918,184,59320,2256,1759225,736,237280,9024,32,4,867412,1712166,27757184,6848664,34605848,4,4,12,4,49,16,12,20,20,20260807,5,1,1,1,0,0,0,6553,0.273042,1,0.0015,0
2567,22719.4,6,0,2.52246,4.06817,0,0,0,6.59063,361,361,0,1,2.03342,2.03342,1971,388,5,1288,0,0,0,0,0,3761,4631.46,0.992583,7.92975,599918,184,59320,2256,1759225,736,237280,9024,32,4,867412,1712166,27757184,6848664,34605848,4,4,12,4,49,16,12,20,20,20260807,5,1,1,1,0,0,0,6553,0.273042,1,0.0015,0
2568,22729.8,11,0,2.36937,7.9615,0,0,0,10.3309,361,361,0,1,2.03342,2.03342,1971,388,5,1288,0,0,0,0,0,3761,4631.46,0.992583,7.92975,599918,184,59320,2256,1759225,736,237280,9024,32,4,867412,1712166,27757184,6848664,34605848,4,4,12,4,49,16,12,20,20,20260807,5,1,1,1,0,0,0,6553,0.273042,1,0.0015,0
2569,22737.9,8,0,2.41779,5.60033,0,0,0,8.01812,361,361,0,1,2.03342,2.03342,1971,388,5,1288,0,0,0,0,0,3761,4631.46,0.992583,7.92975,599918,184,59320,2256,1759225,736,237280,9024,32,4,867412,1712166,27757184,6848664,34605848,4,4,12,4,49,16,12,20,20,20260807,5,1,1,1,0,0,0,6553,0.273042,1,0.0015,0
2570,22746,8,0,2.37925,5.58308,0,0,0,7.96233,361,361,0,1,2.03342,2.03342,1971,388,5,1288,0,0,0,0,0,3761,4631.46,0.992583,7.92975,599918,184,59320,2256,1759225,736,237280,9024,32,4,867412,1712166,27757184,6848664,34605848,4,4,12,4,49,16,12,20,20,20260807,5,1,1,1,0,0,0,6554,0.273083,1,0.0015,1
2571,22753.2,7,0,2.53917,4.63837,0,0,0,7.17754,361,361,0,1,2.03342,2.03342,1971,388,5,1288,0,0,0,0,0,3761,4631.46,0.992583,7.92975,599918,184,59320,2256,1759225,736,237280,9024,32,4,867412,1712166,27757184,6848664,34605848,4,4,12,4,49,16,12,20,20,20260807,5,1,1,1,0,0,0,6554,0.273083,1,0.0015,0
2572,22768.7,16,0,2.52233,12.8266,0,0,0,15.3489,361,361,0,1,2.03342,2.03342,1971,388,5,1288,0,0,0,0,0,3761,4631.46,0.992583,7.92975,599918,184,59320,2256,1759225,736,237280,9024,32,4,867412,1712166,27757184,6848664,34605848,4,4,12,4,49,16,12,20,20,20260807,5,1,1,1,0,0,0,6554,0.273083,1,0.0015,0
2573,22779.8,11,0,2.46329,8.62804,0,0,0,11.0913,361,361,0,1,2.03342,2.03342,1971,388,5,1288,0,0,0,0,0,3761,4631.46,0.992583,7.92975,599918,184,59320,2256,1759225,736,237280,9024,32,4,867412,1712166,27757184,6848664,34605848,4,4,12,4,49,16,12,20,20,20260807,5,1,1,1,0,0,0,6554,0.273083,1,0.0015,0
2574,22786.5,6,0,2.47871,4.053,0,0,0,6.53171,361,361,0,1,2.03342,2.03342,1971,388,5,1288,0,0,0,0,0,3761,4631.46,0.992583,7.92975,599918,184,59320,2256,1759225,736,237280,9024,32,4,867412,1712166,27757184,6848664,34605848,4,4,12,4,49,16,12,20,20,20260807,5,1,1,1,0,0,0,6554,0.273083,1,0.0015,0
2575,22796.8,11,0,2.44683,7.81796,0,0,0,10.2648,361,361,0,1,2.03342,2.03342,1971,388,5,1288,0,0,0,0,0,3761,4631.46,0.992583,7.92975,599918,184,59320,2256,1759225,736,237280,9024,32,4,867412,1712166,27757184,6848664,34605848,4,4,12,4,49,16,12,20,20,20260807,5,1,1,1,0,0,0,6555,0.273125,1,0.0015,1
2576,22803.6,7,0,2.45838,4.28633,0,0,0,6.74471,361,361,0,1,2.03342,2.03342,1971,388,5,1288,0,0,0,0,0,3761,4631.46,0.992583,7.92975,599918,184,59320,2256,1759225,736,237280,9024,32,4,867412,1712166,27757184,6848664,34605848,4,4,12,4,49,16,12,20,20,20260807,5,1,1,1,0,0,0,6555,0.273125,1,0.0015,0
2577,22812.6,9,0,2.50904,6.38717,0,0,0,8.89621,361,361,0,1,2.03342,2.03342,1971,388,5,1288,0,0,0,0,0,3761,4631.46,0.992583,7.92975,599918,184,59320,2256,1759225,736,237280,9024,32,4,867412,1712166,27757184,6848664,34605848,4,4,12,4,49,16,12,20,20,20260807,5,1,1,1,0,0,0,6555,0.273125,1,0.0015,0
2578,22819.1,6,0,2.48479,3.8905,0,0,0,6.37529,361,361,0,1,2.03342,2.03342,1971,388,5,1288,0,0,0,0,0,3761,4631.46,0.992583,7.92975,599918,184,59320,2256,1759225,736,237280,9024,32,4,867412,1712166,27757184,6848664,34605848,4,4,12,4,49,16,12,20,20,20260807,5,1,1,1,0,0,0,6555,0.273125,1,0.0015,0
2579,22829.3,10,0,2.51504,7.60388,0,0,0,10.1189,361,361,0,1,2.03342,2.03342,1971,388,5,1288,0,0,0,0,0,3761,4631.46,0.992583,7.92975,599918,184,59320,2256,1759225,736,237280,9024,32,4,867412,1712166,27757184,6848664,34605848,4,4,12,4,49,16,12,20,20,20260807,5,1,1,1,0,0,0,6555,0.273125,1,0.0015,0
2580,22836,7,0,2.48821,4.17962,0,0,0,6.66783,361,361,0,1,2.03342,2.03342,1971,388,5,1288,0,0,0,0,0,3761,4631.46,0.992583,7.92975,599918,184,59320,2256,1759225,736,237280,9024,32,4,867412,1712166,27757184,6848664,34605848,4,4,12,4,49,16,12,20,20,20260807,5,1,1,1,0,0,0,6555,0.273125,1,0.0015,0
2581,22845.9,10,0,2.6375,7.14771,0,0,0,9.78521,361,361,0,1,2.03342,2.03342,1971,388,5,1288,0,0,0,0,0,3761,4631.46,0.992583,7.92975,599918,184,59320,2256,1759225,736,237280,9024,32,4,867412,1712166,27757184,6848664,34605848,4,4,12,4,49,16,12,20,20,20260807,5,1,1,1,0,0,0,6556,0.273167,1,0.0015,1
2582,22852.5,7,0,2.52113,4.01267,0,0,0,6.53379,361,361,0,1,2.03342,2.03342,1971,388,5,1288,0,0,0,0,0,3761,4631.46,0.992583,7.92975,599918,184,59320,2256,1759225,736,237280,9024,32,4,867412,1712166,27757184,6848664,34605848,4,4,12,4,49,16,12,20,20,20260807,5,1,1,1,0,0,0,6556,0.273167,1,0.0015,0
2583,22862.6,10,0,4.64804,5.36008,0,0,0,10.0081,361,361,0,1,2.03342,2.03342,1971,388,5,1288,0,0,0,0,0,3761,4631.46,0.992583,7.92975,599918,184,59320,2256,1759225,736,237280,9024,32,4,867412,1712166,27757184,6848664,34605848,4,4,12,4,49,16,12,20,20,20260807,5,1,1,1,0,0,0,6556,0.273167,1,0.0015,0
2584,22868.9,6,0,2.42529,3.79117,0,0,0,6.21646,361,361,0,1,2.03342,2.03342,1971,388,5,1288,0,0,0,0,0,3761,4631.46,0.992583,7.92975,599918,184,59320,2256,1759225,736,237280,9024,32,4,867412,1712166,27757184,6848664,34605848,4,4,12,4,49,16,12,20,20,20260807,5,1,1,1,0,0,0,6556,0.273167,1,0.0015,0
2585,22879.3,10,0,2.42946,7.80367,0,0,0,10.2331,361,361,0,1,2.03342,2.03342,1971,388,5,1288,0,0,0,0,0,3761,4631.46,0.992583,7.92975,599918,184,59320,2256,1759225,736,237280,9024,32,4,867412,1712166,27757184,6848664,34605848,4,4,12,4,49,16,12,20,20,20260807,5,1,1,1,0,0,0,6556,0.273167,1,0.0015,0
2586,22885.6,7,0,2.41083,3.893,0,0,0,6.30383,361,361,0,1,2.03342,2.03342,1971,388,5,1288,0,0,0,0,0,3761,4631.46,0.992583,7.92975,599918,184,59320,2256,1759225,736,237280,9024,32,4,867412,1712166,27757184,6848664,34605848,4,4,12,4,49,16,12,20,20,20260807,5,1,1,1,0,0,0,6556,0.273167,1,0.0015,0
2587,22896.1,10,0,2.45092,7.89658,0,0,0,10.3475,361,361,0,1,2.03342,2.03342,1971,388,5,1288,0,0,0,0,0,3761,4631.46,0.992583,7.92975,599918,184,59320,2256,1759225,736,237280,9024,32,4,867412,1712166,27757184,6848664,34605848,4,4,12,4,49,16,12,20,20,20260807,5,1,1,1,0,0,0,6557,0.273208,1,0.0015,1
2588,22903.6,8,0,2.358,5.10321,0,0,0,7.46121,361,361,0,1,2.03342,2.03342,1971,388,5,1288,0,0,0,0,0,3761,4631.46,0.992583,7.92975,599918,184,59320,2256,1759225,736,237280,9024,32,4,867412,1712166,27757184,6848664,34605848,4,4,12,4,49,16,12,20,20,20260807,5,1,1,1,0,0,0,6557,0.273208,1,0.0015,0
2589,22912.8,9,0,2.56721,6.53067,0,0,0,9.09788,361,361,0,1,2.03342,2.03342,1971,388,5,1288,0,0,0,0,0,3761,4631.46,0.992583,7.92975,599918,184,59320,2256,1759225,736,237280,9024,32,4,867412,1712166,27757184,6848664,34605848,4,4,12,4,49,16,12,20,20,20260807,5,1,1,1,0,0,0,6557,0.273208,1,0.0015,0
2590,22919.9,7,0,2.43767,4.6055,0,0,0,7.04317,361,361,0,1,2.03342,2.03342,1971,388,5,1288,0,0,0,0,0,3761,4631.46,0.992583,7.92975,599918,184,59320,2256,1759225,736,237280,9024,32,4,867412,1712166,27757184,6848664,34605848,4,4,12,4,49,16,12,20,20,20260807,5,1,1,1,0,0,0,6557,0.273208,1,0.0015,0
2591,22929.5,10,0,2.49667,7.02079,0,0,0,9.51746,361,361,0,1,2.03342,2.03342,1971,388,5,1288,0,0,0,0,0,3761,4631.46,0.992583,7.92975,599918,184,59320,2256,1759225,736,237280,9024,32,4,867412,1712166,27757184,6848664,34605848,4,4,12,4,49,16,12,20,20,20260807,5,1,1,1,0,0,0,6557,0.273208,1,0.0015,0
2592,22936.1,6,0,2.61,3.93254,0,0,0,6.54254,361,361,0,1,2.03342,2.03342,1971,388,5,1288,0,0,0,0,0,3761,4631.46,0.992583,7.92975,599918,184,59320,2256,1759225,736,237280,9024,32,4,867412,1712166,27757184,6848664,34605848,4,4,12,4,49,16,12,20,20,20260807,5,1,1,1,0,0,0,6557,0.273208,1,0.0015,0
2593,22946.1,10,0,2.36362,7.45604,0,0,0,9.81967,361,361,0,1,2.03342,2.03342,1971,388,5,1288,0,0,0,0,0,3761,4631.46,0.992583,7.92975,599918,184,59320,2256,1759225,736,237280,9024,32,4,867412,1712166,27757184,6848664,34605848,4,4,12,4,49,16,12,20,20,20260807,5,1,1,1,0,0,0,6558,0.27325,1,0.0015,1
2594,22955.1,9,0,2.48779,6.52333,0,0,0,9.01112,361,361,0,1,2.03342,2.03342,1971,388,5,1288,0,0,0,0,0,3761,4631.46,0.992583,7.92975,599918,184,59320,2256,1759225,736,237280,9024,32,4,867412,1712166,27757184,6848664,34605848,4,4,12,4,49,16,12,20,20,20260807,5,1,1,1,0,0,0,6558,0.27325,1,0.0015,0
2595,22962.6,8,0,2.35667,4.96729,0,0,0,7.32396,361,361,0,1,2.03342,2.03342,1971,388,5,1288,0,0,0,0,0,3761,4631.46,0.992583,7.92975,599918,184,59320,2256,1759225,736,237280,9024,32,4,867412,1712166,27757184,6848664,34605848,4,4,12,4,49,16,12,20,20,20260807,5,1,1,1,0,0,0,6558,0.27325,1,0.0015,0
2596,22968.9,6,0,2.4045,3.89737,0,0,0,6.30187,361,361,0,1,2.03342,2.03342,1971,388,5,1288,0,0,0,0,0,3761,4631.46,0.992583,7.92975,599918,184,59320,2256,1759225,736,237280,9024,32,4,867412,1712166,27757184,6848664,34605848,4,4,12,4,49,16,12,20,20,20260807,5,1,1,1,0,0,0,6558,0.27325,1,0.0015,0
2597,22979.6,11,0,2.43454,8.11817,0,0,0,10.5527,361,361,0,1,2.03342,2.03342,1971,388,5,1288,0,0,0,0,0,3761,4631.46,0.992583,7.92975,599918,184,59320,2256,1759225,736,237280,9024,32,4,867412,1712166,27757184,6848664,34605848,4,4,12,4,49,16,12,20,20,20260807,5,1,1,1,0,0,0,6558,0.27325,1,0.0015,0
2598,22987,7,0,2.45158,4.87929,0,0,0,7.33087,361,361,0,1,2.03342,2.03342,1971,388,5,1288,0,0,0,0,0,3761,4631.46,0.992583,7.92975,599918,184,59320,2256,1759225,736,237280,9024,32,4,867412,1712166,27757184,6848664,34605848,4,4,12,4,49,16,12,20,20,20260807,5,1,1,1,0,0,0,6558,0.27325,1,0.0015,0
2599,22998,11,0,2.50767,8.37913,0,0,0,10.8868,361,361,0,1,2.03342,2.03342,1971,388,5,1288,0,0,0,0,0,3761,4631.46,0.992583,7.92975,599918,184,59320,2256,1759225,736,237280,9024,32,4,867412,1712166,27757184,6848664,34605848,4,4,12,4,49,16,12,20,20,20260807,5,1,1,1,0,0,0,6559,0.273292,1,0.0015,1
2600,23004.9,7,0,2.40604,4.43842,0,0,0,6.84446,361,361,0,1,2.03342,2.03342,1971,388,5,1288,0,0,0,0,0,3761,4631.46,0.992583,7.92975,599918,184,59320,2256,1759225,736,237280,9024,32,4,867412,1712166,27757184,6848664,34605848,4,4,12,4,49,16,12,20,20,20260807,5,1,1,1,0,0,0,6559,0.273292,1,0.0015,0
2601,23013,8,0,2.37067,5.60687,0,0,0,7.97754,361,361,0,1,2.03342,2.03342,1971,388,5,1288,0,0,0,0,0,3761,4631.46,0.992583,7.92975,599918,184,59320,2256,1759225,736,237280,9024,32,4,867412,1712166,27757184,6848664,34605848,4,4,12,4,49,16,12,20,20,20260807,5,1,1,1,0,0,0,6559,0.273292,1,0.0015,0
2602,23022.5,10,0,2.39358,7.03004,0,0,0,9.42362,361,361,0,1,2.03342,2.03342,1971,388,5,1288,0,0,0,0,0,3761,4631.46,0.992583,7.92975,599918,184,59320,2256,1759225,736,237280,9024,32,4,867412,1712166,27757184,6848664,34605848,4,4,12,4,49,16,12,20,20,20260807,5,1,1,1,0,0,0,6559,0.273292,1,0.0015,0
2603,23029.4,6,0,2.35592,4.46329,0,0,0,6.81921,361,361,0,1,2.03342,2.03342,1971,388,5,1288,0,0,0,0,0,3761,4631.46,0.992583,7.92975,599918,184,59320,2256,1759225,736,237280,9024,32,4,867412,1712166,27757184,6848664,34605848,4,4,12,4,49,16,12,20,20,20260807,5,1,1,1,0,0,0,6559,0.273292,1,0.0015,0
2604,23036.1,7,0,2.51208,4.10821,0,0,0,6.62029,361,361,0,1,2.03342,2.03342,1971,388,5,1288,0,0,0,0,0,3761,4631.46,0.992583,7.92975,599918,184,59320,2256,1759225,736,237280,9024,32,4,867412,1712166,27757184,6848664,34605848,4,4,12,4,49,16,12,20,20,20260807,5,1,1,1,0,0,0,6559,0.273292,1,0.0015,0
2605,23046.1,10,0,2.47404,7.43687,0,0,0,9.91092,361,361,0,1,2.03342,2.03342,1971,388,5,1288,0,0,0,0,0,3761,4631.46,0.992583,7.92975,599918,184,59320,2256,1759225,736,237280,9024,32,4,867412,1712166,27757184,6848664,34605848,4,4,12,4,49,16,12,20,20,20260807,5,1,1,1,0,0,0,6560,0.273333,1,0.0015,1
2606,23053.1,7,0,2.38917,4.59742,0,0,0,6.98658,361,361,0,1,2.03342,2.03342,1971,388,5,1288,0,0,0,0,0,3761,4631.46,0.992583,7.92975,599918,184,59320,2256,1759225,736,237280,9024,32,4,867412,1712166,27757184,6848664,34605848,4,4,12,4,49,16,12,20,20,20260807,5,1,1,1,0,0,0,6560,0.273333,1,0.0015,0
2607,23063,10,0,2.474,7.29771,0,0,0,9.77171,361,361,0,1,2.03342,2.03342,1971,388,5,1288,0,0,0,0,0,3761,4631.46,0.992583,7.92975,599918,184,59320,2256,1759225,736,237280,9024,32,4,867412,1712166,27757184,6848664,34605848,4,4,12,4,49,16,12,20,20,20260807,5,1,1,1,0,0,0,6560,0.273333,1,0.0015,0
2608,23069.4,6,0,2.43508,3.87425,0,0,0,6.30933,361,361,0,1,2.03342,2.03342,1971,388,5,1288,0,0,0,0,0,3761,4631.46,0.992583,7.92975,599918,184,59320,2256,1759225,736,237280,9024,32,4,867412,1712166,27757184,6848664,34605848,4,4,12,4,49,16,12,20,20,20260807,5,1,1,1,0,0,0,6560,0.273333,1,0.0015,0
2609,23079.2,10,0,2.60121,7.08296,0,0,0,9.68417,361,361,0,1,2.03342,2.03342,1971,388,5,1288,0,0,0,0,0,3761,4631.46,0.992583,7.92975,599918,184,59320,2256,1759225,736,237280,9024,32,4,867412,1712166,27757184,6848664,34605848,4,4,12,4,49,16,12,20,20,20260807,5,1,1,1,0,0,0,6560,0.273333,1,0.0015,0
2610,23087.8,9,0,2.44638,6.10392,0,0,0,8.55029,361,361,0,1,2.03342,2.03342,1971,388,5,1288,0,0,0,0,0,3761,4631.46,0.992583,7.92975,599918,184,59320,2256,1759225,736,237280,9024,32,4,867412,1712166,27757184,6848664,34605848,4,4,12,4,49,16,12,20,20,20260807,5,1,1,1,0,0,0,6560,0.273333,1,0.0015,0
2611,23096,8,0,2.31379,5.76525,0,0,0,8.07904,361,361,0,1,2.03342,2.03342,1971,388,5,1288,0,0,0,0,0,3761,4631.46,0.992583,7.92975,599918,184,59320,2256,1759225,736,237280,9024,32,4,867412,1712166,27757184,6848664,34605848,4,4,12,4,49,16,12,20,20,20260807,5,1,1,1,0,0,0,6561,0.273375,1,0.0015,1
2612,23102.5,7,0,2.37554,4.06571,0,0,0,6.44125,361,361,0,1,2.03342,2.03342,1971,388,5,1288,0,0,0,0,0,3761,4631.46,0.992583,7.92975,599918,184,59320,2256,1759225,736,237280,9024,32,4,867412,1712166,27757184,6848664,34605848,4,4,12,4,49,16,12,20,20,20260807,5,1,1,1,0,0,0,6561,0.273375,1,0.0015,0
2613,23112.6,10,0,2.75017,7.28829,0,0,0,10.0385,361,361,0,1,2.03342,2.03342,1971,388,5,1288,0,0,0,0,0,3761,4631.46,0.992583,7.92975,599918,184,59320,2256,1759225,736,237280,9024,32,4,867412,1712166,27757184,6848664,34605848,4,4,12,4,49,16,12,20,20,20260807,5,1,1,1,0,0,0,6561,0.273375,1,0.0015,0
2614,23120,7,0,2.48137,4.8425,0,0,0,7.32388,361,361,0,1,2.03342,2.03342,1971,388,5,1288,0,0,0,0,0,3761,4631.46,0.992583,7.92975,599918,184,59320,2256,1759225,736,237280,9024,32,4,867412,1712166,27757184,6848664,34605848,4,4,12,4,49,16,12,20,20,20260807,5,1,1,1,0,0,0,6561,0.273375,1,0.0015,0
2615,23129.3,9,0,2.47392,6.67633,0,0,0,9.15025,361,361,0,1,2.03342,2.03342,1971,388,5,1288,0,0,0,0,0,3761,4631.46,0.992583,7.92975,599918,184,59320,2256,1759225,736,237280,9024,32,4,867412,1712166,27757184,6848664,34605848,4,4,12,4,49,16,12,20,20,20260807,5,1,1,1,0,0,0,6561,0.273375,1,0.0015,0
2616,23140.4,11,0,2.33604,8.72342,0,0,0,11.0595,361,361,0,1,2.03342,2.03342,1971,388,5,1288,0,0,0,0,0,3761,4631.46,0.992583,7.92975,599918,184,59320,2256,1759225,736,237280,9024,32,4,867412,1712166,27757184,6848664,34605848,4,4,12,4,49,16,12,20,20,20260807,5,1,1,1,0,0,0,6561,0.273375,1,0.0015,0
2617,23146.9,7,0,2.36271,4.00483,0,0,0,6.36754,361,361,0,1,2.03342,2.03342,1971,388,5,1288,0,0,0,0,0,3761,4631.46,0.992583,7.92975,599918,184,59320,2256,1759225,736,237280,9024,32,4,867412,1712166,27757184,6848664,34605848,4,4,12,4,49,16,12,20,20,20260807,5,1,1,1,0,0,0,6562,0.273417,1,0.0015,1
2618,23153.5,7,0,2.50279,4.05392,0,0,0,6.55671,361,361,0,1,2.03342,2.03342,1971,388,5,1288,0,0,0,0,0,3761,4631.46,0.992583,7.92975,599918,184,59320,2256,1759225,736,237280,9024,32,4,867412,1712166,27757184,6848664,34605848,4,4,12,4,49,16,12,20,20,20260807,5,1,1,1,0,0,0,6562,0.273417,1,0.0015,0
2619,23162.7,9,0,2.46612,6.70308,0,0,0,9.16921,361,361,0,1,2.03342,2.03342,1971,388,5,1288,0,0,0,0,0,3761,4631.46,0.992583,7.92975,599918,184,59320,2256,1759225,736,237280,9024,32,4,867412,1712166,27757184,6848664,34605848,4,4,12,4,49,16,12,20,20,20260807,5,1,1,1,0,0,0,6562,0.273417,1,0.0015,0
2620,23169.3,6,0,2.46142,4.04271,0,0,0,6.50413,361,361,0,1,2.03342,2.03342,1971,388,5,1288,0,0,0,0,0,3761,4631.46,0.992583,7.92975,599918,184,59320,2256,1759225,736,237280,9024,32,4,867412,1712166,27757184,6848664,34605848,4,4,12,4,49,16,12,20,20,20260807,5,1,1,1,0,0,0,6562,0.273417,1,0.0015,0
2621,23179.5,11,0,2.50117,7.57896,0,0,0,10.0801,361,361,0,1,2.03342,2.03342,1971,388,5,1288,0,0,0,0,0,3761,4631.46,0.992583,7.92975,599918,184,59320,2256,1759225,736,237280,9024,32,4,867412,1712166,27757184,6848664,34605848,4,4,12,4,49,16,12,20,20,20260807,5,1,1,1,0,0,0,6562,0.273417,1,0.0015,0
2622,23186.5,7,0,2.48942,4.3855,0,0,0,6.87492,361,361,0,1,2.03342,2.03342,1971,388,5,1288,0,0,0,0,0,3761,4631.46,0.992583,7.92975,599918,184,59320,2256,1759225,736,237280,9024,32,4,867412,1712166,27757184,6848664,34605848,4,4,12,4,49,16,12,20,20,20260807,5,1,1,1,0,0,0,6562,0.273417,1,0.0015,0
2623,23196.8,10,0,2.42242,7.778,0,0,0,10.2004,361,361,0,1,2.03342,2.03342,1971,388,5,1288,0,0,0,0,0,3761,4631.46,0.992583,7.92975,599918,184,59320,2256,1759225,736,237280,9024,32,4,867412,1712166,27757184,6848664,34605848,4,4,12,4,49,16,12,20,20,20260807,5,1,1,1,0,0,0,6563,0.273458,1,0.0015,1
2624,23203.8,7,0,2.40417,4.59563,0,0,0,6.99979,361,361,0,1,2.03342,2.03342,1971,388,5,1288,0,0,0,0,0,3761,4631.46,0.992583,7.92975,599918,184,59320,2256,1759225,736,237280,9024,32,4,867412,1712166,27757184,6848664,34605848,4,4,12,4,49,16,12,20,20,20260807,5,1,1,1,0,0,0,6563,0.273458,1,0.0015,0
2625,23212.9,9,0,2.41363,6.56367,0,0,0,8.97729,361,361,0,1,2.03342,2.03342,1971,388,5,1288,0,0,0,0,0,3761,4631.46,0.992583,7.92975,599918,184,59320,2256,1759225,736,237280,9024,32,4,867412,1712166,27757184,6848664,34605848,4,4,12,4,49,16,12,20,20,20260807,5,1,1,1,0,0,0,6563,0.273458,1,0.0015,0
2626,23220.3,7,0,2.64733,4.60958,0,0,0,7.25692,361,361,0,1,2.03342,2.03342,1971,388,5,1288,0,0,0,0,0,3761,4631.46,0.992583,7.92975,599918,184,59320,2256,1759225,736,237280,9024,32,4,867412,1712166,27757184,6848664,34605848,4,4,12,4,49,16,12,20,20,20260807,5,1,1,1,0,0,0,6563,0.273458,1,0.0015,0
2627,23229.7,10,0,2.39188,6.93933,0,0,0,9.33121,361,361,0,1,2.03342,2.03342,1971,388,5,1288,0,0,0,0,0,3761,4631.46,0.992583,7.92975,599918,184,59320,2256,1759225,736,237280,9024,32,4,867412,1712166,27757184,6848664,34605848,4,4,12,4,49,16,12,20,20,20260807,5,1,1,1,0,0,0,6563,0.273458,1,0.0015,0
2628,23237,7,0,2.47121,4.79783,0,0,0,7.26904,361,361,0,1,2.03342,2.03342,1971,388,5,1288,0,0,0,0,0,3761,4631.46,0.992583,7.92975,599918,184,59320,2256,1759225,736,237280,9024,32,4,867412,1712166,27757184,6848664,34605848,4,4,12,4,49,16,12,20,20,20260807,5,1,1,1,0,0,0,6563,0.273458,1,0.0015,0
2629,23246.6,10,0,2.46021,7.00875,0,0,0,9.46896,361,361,0,1,2.03342,2.03342,1971,388,5,1288,0,0,0,0,0,3761,4631.46,0.992583,7.92975,599918,184,59320,2256,1759225,736,237280,9024,32,4,867412,1712166,27757184,6848664,34605848,4,4,12,4,49,16,12,20,20,20260807,5,1,1,1,0,0,0,6564,0.2735,1,0.0015,1
2630,23253.6,7,0,2.51921,4.41783,0,0,0,6.93704,361,361,0,1,2.03342,2.03342,1971,388,5,1288,0,0,0,0,0,3761,4631.46,0.992583,7.92975,599918,184,59320,2256,1759225,736,237280,9024,32,4,867412,1712166,27757184,6848664,34605848,4,4,12,4,49,16,12,20,20,20260807,5,1,1,1,0,0,0,6564,0.2735,1,0.0015,0
2631,23262.6,9,0,2.47192,6.44971,0,0,0,8.92163,361,361,0,1,2.03342,2.03342,1971,388,5,1288,0,0,0,0,0,3761,4631.46,0.992583,7.92975,599918,184,59320,2256,1759225,736,237280,9024,32,4,867412,1712166,27757184,6848664,34605848,4,4,12,4,49,16,12,20,20,20260807,5,1,1,1,0,0,0,6564,0.2735,1,0.0015,0
2632,23269.6,7,0,2.38833,4.51283,0,0,0,6.90117,361,361,0,1,2.03342,2.03342,1971,388,5,1288,0,0,0,0,0,3761,4631.46,0.992583,7.92975,599918,184,59320,2256,1759225,736,237280,9024,32,4,867412,1712166,27757184,6848664,34605848,4,4,12,4,49,16,12,20,20,20260807,5,1,1,1,0,0,0,6564,0.2735,1,0.0015,0
2633,23279.9,10,0,2.29158,7.90879,0,0,0,10.2004,361,361,0,1,2.03342,2.03342,1971,388,5,1288,0,0,0,0,0,3761,4631.46,0.992583,7.92975,599918,184,59320,2256,1759225,736,237280,9024,32,4,867412,1712166,27757184,6848664,34605848,4,4,12,4,49,16,12,20,20,20260807,5,1,1,1,0,0,0,6564,0.2735,1,0.0015,0
2634,23287.3,7,0,2.56229,4.83429,0,0,0,7.39658,361,361,0,1,2.03342,2.03342,1971,388,5,1288,0,0,0,0,0,3761,4631.46,0.992583,7.92975,599918,184,59320,2256,1759225,736,237280,9024,32,4,867412,1712166,27757184,6848664,34605848,4,4,12,4,49,16,12,20,20,20260807,5,1,1,1,0,0,0,6564,0.2735,1,0.0015,0
2635,23296.8,10,0,2.352,7.00387,0,0,0,9.35587,361,361,0,1,2.03342,2.03342,1971,388,5,1288,0,0,0,0,0,3761,4631.46,0.992583,7.92975,599918,184,59320,2256,1759225,736,237280,9024,32,4,867412,1712166,27757184,6848664,34605848,4,4,12,4,49,16,12,20,20,20260807,5,1,1,1,0,0,0,6565,0.273542,1,0.0015,1
2636,23305.4,8,0,2.54492,5.96233,0,0,0,8.50725,361,361,0,1,2.03342,2.03342,1971,388,5,1288,0,0,0,0,0,3761,4631.46,0.992583,7.92975,599918,184,59320,2256,1759225,736,237280,9024,32,4,867412,1712166,27757184,6848664,34605848,4,4,12,4,49,16,12,20,20,20260807,5,1,1,1,0,0,0,6565,0.273542,1,0.0015,0
2637,23313.3,8,0,2.37242,5.38262,0,0,0,7.75504,361,361,0,1,2.03342,2.03342,1971,388,5,1288,0,0,0,0,0,3761,4631.46,0.992583,7.92975,599918,184,59320,2256,1759225,736,237280,9024,32,4,867412,1712166,27757184,6848664,34605848,4,4,12,4,49,16,12,20,20,20260807,5,1,1,1,0,0,0,6565,0.273542,1,0.0015,0
2638,23320.3,7,0,2.47592,4.41371,0,0,0,6.88962,361,361,0,1,2.03342,2.03342,1971,388,5,1288,0,0,0,0,0,3761,4631.46,0.992583,7.92975,599918,184,59320,2256,1759225,736,237280,9024,32,4,867412,1712166,27757184,6848664,34605848,4,4,12,4,49,16,12,20,20,20260807,5,1,1,1,0,0,0,6565,0.273542,1,0.0015,0
2639,23330,10,0,2.41867,7.25462,0,0,0,9.67329,361,361,0,1,2.03342,2.03342,1971,388,5,1288,0,0,0,0,0,3761,4631.46,0.992583,7.92975,599918,184,59320,2256,1759225,736,237280,9024,32,4,867412,1712166,27757184,6848664,34605848,4,4,12,4,49,16,12,20,20,20260807,5,1,1,1,0,0,0,6565,0.273542,1,0.0015,0
2640,23337,7,0,2.47838,4.38267,0,0,0,6.86104,361,361,0,1,2.03342,2.03342,1971,388,5,1288,0,0,0,0,0,3761,4631.46,0.992583,7.92975,599918,184,59320,2256,1759225,736,237280,9024,32,4,867412,1712166,27757184,6848664,34605848,4,4,12,4,49,16,12,20,20,20260807,5,1,1,1,0,0,0,6565,0.273542,1,0.0015,0
2641,23347.6,11,0,2.54875,7.95583,0,0,0,10.5046,361,361,0,1,2.03342,2.03342,1971,388,5,1288,0,0,0,0,0,3761,4631.46,0.992583,7.92975,599918,184,59320,2256,1759225,736,237280,9024,32,4,867412,1712166,27757184,6848664,34605848,4,4,12,4,49,16,12,20,20,20260807,5,1,1,1,0,0,0,6566,0.273583,1,0.0015,1
2642,23363.1,16,0,2.39883,12.9961,0,0,0,15.395,361,361,0,1,2.03342,2.03342,1971,388,5,1288,0,0,0,0,0,3761,4631.46,0.992583,7.92975,599918,184,59320,2256,1759225,736,237280,9024,32,4,867412,1712166,27757184,6848664,34605848,4,4,12,4,49,16,12,20,20,20260807,5,1,1,1,0,0,0,6566,0.273583,1,0.0015,0
2643,23370.2,7,0,2.52983,4.47946,0,0,0,7.00929,361,361,0,1,2.03342,2.03342,1971,388,5,1288,0,0,0,0,0,3761,4631.46,0.992583,7.92975,599918,184,59320,2256,1759225,736,237280,9024,32,4,867412,1712166,27757184,6848664,34605848,4,4,12,4,49,16,12,20,20,20260807,5,1,1,1,0,0,0,6566,0.273583,1,0.0015,0
2644,23380.4,9,0,2.32342,7.78413,0,0,0,10.1075,361,361,0,1,2.03342,2.03342,1971,388,5,1288,0,0,0,0,0,3761,4631.46,0.992583,7.92975,599918,184,59320,2256,1759225,736,237280,9024,32,4,867412,1712166,27757184,6848664,34605848,4,4,12,4,49,16,12,20,20,20260807,5,1,1,1,0,0,0,6566,0.273583,1,0.0015,0
2645,23387.5,8,0,2.57021,4.42554,0,0,0,6.99575,361,361,0,1,2.03342,2.03342,1971,388,5,1288,0,0,0,0,0,3761,4631.46,0.992583,7.92975,599918,184,59320,2256,1759225,736,237280,9024,32,4,867412,1712166,27757184,6848664,34605848,4,4,12,4,49,16,12,20,20,20260807,5,1,1,1,0,0,0,6566,0.273583,1,0.0015,0
2646,23396.9,9,0,2.30367,7.05504,0,0,0,9.35871,361,361,0,1,2.03342,2.03342,1971,388,5,1288,0,0,0,0,0,3761,4631.46,0.992583,7.92975,599918,184,59320,2256,1759225,736,237280,9024,32,4,867412,1712166,27757184,6848664,34605848,4,4,12,4,49,16,12,20,20,20260807,5,1,1,1,0,0,0,6567,0.273625,1,0.0015,1
2647,23404.3,7,0,2.68371,4.62154,0,0,0,7.30525,361,361,0,1,2.03342,2.03342,1971,388,5,1288,0,0,0,0,0,3761,4631.46,0.992583,7.92975,599918,184,59320,2256,1759225,736,237280,9024,32,4,867412,1712166,27757184,6848664,34605848,4,4,12,4,49,16,12,20,20,20260807,5,1,1,1,0,0,0,6567,0.273625,1,0.0015,0
2648,23413.4,9,0,2.54883,6.4465,0,0,0,8.99533,361,361,0,1,2.03342,2.03342,1971,388,5,1288,0,0,0,0,0,3761,4631.46,0.992583,7.92975,599918,184,59320,2256,1759225,736,237280,9024,32,4,867412,1712166,27757184,6848664,34605848,4,4,12,4,49,16,12,20,20,20260807,5,1,1,1,0,0,0,6567,0.273625,1,0.0015,0
2649,23420.7,8,0,2.68508,4.60067,0,0,0,7.28575,361,361,0,1,2.03342,2.03342,1971,388,5,1288,0,0,0,0,0,3761,4631.46,0.992583,7.92975,599918,184,59320,2256,1759225,736,237280,9024,32,4,867412,1712166,27757184,6848664,34605848,4,4,12,4,49,16,12,20,20,20260807,5,1,1,1,0,0,0,6567,0.273625,1,0.0015,0
2650,23430.5,10,0,2.39233,7.29658,0,0,0,9.68892,361,361,0,1,2.03342,2.03342,1971,388,5,1288,0,0,0,0,0,3761,4631.46,0.992583,7.92975,599918,184,59320,2256,1759225,736,237280,9024,32,4,867412,1712166,27757184,6848664,34605848,4,4,12,4,49,16,12,20,20,20260807,5,1,1,1,0,0,0,6567,0.273625,1,0.0015,0
2651,23438,7,0,2.542,4.87525,0,0,0,7.41725,361,361,0,1,2.03342,2.03342,1971,388,5,1288,0,0,0,0,0,3761,4631.46,0.992583,7.92975,599918,184,59320,2256,1759225,736,237280,9024,32,4,867412,1712166,27757184,6848664,34605848,4,4,12,4,49,16,12,20,20,20260807,5,1,1,1,0,0,0,6567,0.273625,1,0.0015,0
2652,23448.4,10,0,2.88496,4.69767,0,0,0,7.58263,361,361,0,1,2.03342,2.03342,1971,388,5,1288,0,0,0,0,0,3761,4631.46,0.992583,7.92975,599918,184,59320,2256,1759225,736,237280,9024,32,4,867412,1712166,27757184,6848664,34605848,4,4,12,4,49,16,12,20,20,20260807,5,1,1,1,0,0,0,6568,0.273667,1,0.0015,1
2653,23456.2,8,0,2.86525,4.76354,0,0,0,7.62879,361,361,0,1,2.03342,2.03342,1971,388,5,1288,0,0,0,0,0,3761,4631.46,0.992583,7.92975,599918,184,59320,2256,1759225,736,237280,9024,32,4,867412,1712166,27757184,6848664,34605848,4,4,12,4,49,16,12,20,20,20260807,5,1,1,1,0,0,0,6568,0.273667,1,0.0015,0
2654,23463.9,8,0,2.53308,5.09021,0,0,0,7.62329,361,361,0,1,2.03342,2.03342,1971,388,5,1288,0,0,0,0,0,3761,4631.46,0.992583,7.92975,599918,184,59320,2256,1759225,736,237280,9024,32,4,867412,1712166,27757184,6848664,34605848,4,4,12,4,49,16,12,20,20,20260807,5,1,1,1,0,0,0,6568,0.273667,1,0.0015,0
2655,23471.5,8,0,2.6485,4.85429,0,0,0,7.50279,361,361,0,1,2.03342,2.03342,1971,388,5,1288,0,0,0,0,0,3761,4631.46,0.992583,7.92975,599918,184,59320,2256,1759225,736,237280,9024,32,4,867412,1712166,27757184,6848664,34605848,4,4,12,4,49,16,12,20,20,20260807,5,1,1,1,0,0,0,6568,0.273667,1,0.0015,0
2656,23480.1,8,0,2.38979,6.14725,0,0,0,8.53704,361,361,0,1,2.03342,2.03342,1971,388,5,1288,0,0,0,0,0,3761,4631.46,0.992583,7.92975,599918,184,59320,2256,1759225,736,237280,9024,32,4,867412,1712166,27757184,6848664,34605848,4,4,12,4,49,16,12,20,20,20260807,5,1,1,1,0,0,0,6568,0.273667,1,0.0015,0
2657,23487.2,7,0,2.43042,4.61396,0,0,0,7.04437,361,361,0,1,2.03342,2.03342,1971,388,5,1288,0,0,0,0,0,3761,4631.46,0.992583,7.92975,599918,184,59320,2256,1759225,736,237280,9024,32,4,867412,1712166,27757184,6848664,34605848,4,4,12,4,49,16,12,20,20,20260807,5,1,1,1,0,0,0,6568,0.273667,1,0.0015,0
2658,23497.5,11,0,2.51229,7.68942,0,0,0,10.2017,361,361,0,1,2.03342,2.03342,1971,388,5,1288,0,0,0,0,0,3761,4631.46,0.992583,7.92975,599918,184,59320,2256,1759225,736,237280,9024,32,4,867412,1712166,27757184,6848664,34605848,4,4,12,4,49,16,12,20,20,20260807,5,1,1,1,0,0,0,6569,0.273708,1,0.0015,1
2659,23504.6,7,0,2.40146,4.57146,0,0,0,6.97292,361,361,0,1,2.03342,2.03342,1971,388,5,1288,0,0,0,0,0,3761,4631.46,0.992583,7.92975,599918,184,59320,2256,1759225,736,237280,9024,32,4,867412,1712166,27757184,6848664,34605848,4,4,12,4,49,16,12,20,20,20260807,5,1,1,1,0,0,0,6569,0.273708,1,0.0015,0
2660,23513.4,8,0,2.43579,6.30879,0,0,0,8.74458,361,361,0,1,2.03342,2.03342,1971,388,5,1288,0,0,0,0,0,3761,4631.46,0.992583,7.92975,599918,184,59320,2256,1759225,736,237280,9024,32,4,867412,1712166,27757184,6848664,34605848,4,4,12,4,49,16,12,20,20,20260807,5,1,1,1,0,0,0,6569,0.273708,1,0.0015,0
2661,23520.2,7,0,2.346,4.36104,0,0,0,6.70704,361,361,0,1,2.03342,2.03342,1971,388,5,1288,0,0,0,0,0,3761,4631.46,0.992583,7.92975,599918,184,59320,2256,1759225,736,237280,9024,32,4,867412,1712166,27757184,6848664,34605848,4,4,12,4,49,16,12,20,20,20260807,5,1,1,1,0,0,0,6569,0.273708,1,0.0015,0
2662,23531.1,11,0,4.74621,6.0335,0,0,0,10.7797,361,361,0,1,2.03342,2.03342,1971,388,5,1288,0,0,0,0,0,3761,4631.46,0.992583,7.92975,599918,184,59320,2256,1759225,736,237280,9024,32,4,867412,1712166,27757184,6848664,34605848,4,4,12,4,49,16,12,20,20,20260807,5,1,1,1,0,0,0,6569,0.273708,1,0.0015,0
2663,23546.4,15,0,2.35537,12.8645,0,0,0,15.2198,361,361,0,1,2.03342,2.03342,1971,388,5,1288,0,0,0,0,0,3761,4631.46,0.992583,7.92975,599918,184,59320,2256,1759225,736,237280,9024,32,4,867412,1712166,27757184,6848664,34605848,4,4,12,4,49,16,12,20,20,20260807,5,1,1,1,0,0,0,6569,0.273708,1,0.0015,0
2664,23553.5,8,0,2.47504,4.57083,0,0,0,7.04587,361,361,0,1,2.03342,2.03342,1971,388,5,1288,0,0,0,0,0,3761,4631.46,0.992583,7.92975,599918,184,59320,2256,1759225,736,237280,9024,32,4,867412,1712166,27757184,6848664,34605848,4,4,12,4,49,16,12,20,20,20260807,5,1,1,1,0,0,0,6570,0.27375,1,0.0015,1
2665,23562.6,9,0,2.37883,6.59296,0,0,0,8.97179,361,361,0,1,2.03342,2.03342,1971,388,5,1288,0,0,0,0,0,3761,4631.46,0.992583,7.92975,599918,184,59320,2256,1759225,736,237280,9024,32,4,867412,1712166,27757184,6848664,34605848,4,4,12,4,49,16,12,20,20,20260807,5,1,1,1,0,0,0,6570,0.27375,1,0.0015,0
2666,23569.4,6,0,2.51354,4.214,0,0,0,6.72754,361,361,0,1,2.03342,2.03342,1971,388,5,1288,0,0,0,0,0,3761,4631.46,0.992583,7.92975,599918,184,59320,2256,1759225,736,237280,9024,32,4,867412,1712166,27757184,6848664,34605848,4,4,12,4,49,16,12,20,20,20260807,5,1,1,1,0,0,0,6570,0.27375,1,0.0015,0
2667,23580,11,0,2.40875,8.12979,0,0,0,10.5385,361,361,0,1,2.03342,2.03342,1971,388,5,1288,0,0,0,0,0,3761,4631.46,0.992583,7.92975,599918,184,59320,2256,1759225,736,237280,9024,32,4,867412,1712166,27757184,6848664,34605848,4,4,12,4,49,16,12,20,20,20260807,5,1,1,1,0,0,0,6570,0.27375,1,0.0015,0
2668,23591.5,12,0,7.08808,4.29867,0,0,0,11.3867,361,361,0,1,2.03342,2.03342,1971,388,5,1288,0,0,0,0,0,3761,4631.46,0.992583,7.92975,599918,184,59320,2256,1759225,736,237280,9024,32,4,867412,1712166,27757184,6848664,34605848,4,4,12,4,49,16,12,20,20,20260807,5,1,1,1,0,0,0,6570,0.27375,1,0.0015,0
2669,23598.3,6,0,2.43217,4.30542,0,0,0,6.73758,361,361,0,1,2.03342,2.03342,1971,388,5,1288,0,0,0,0,0,3761,4631.46,0.992583,7.92975,599918,184,59320,2256,1759225,736,237280,9024,32,4,867412,1712166,27757184,6848664,34605848,4,4,12,4,49,16,12,20,20,20260807,5,1,1,1,0,0,0,6571,0.273792,1,0.0015,1
2670,23608,10,0,2.84096,6.73487,0,0,0,9.57583,361,361,0,1,2.03342,2.03342,1971,388,5,1288,0,0,0,0,0,3761,4631.46,0.992583,7.92975,599918,184,59320,2256,1759225,736,237280,9024,32,4,867412,1712166,27757184,6848664,34605848,4,4,12,4,49,16,12,20,20,20260807,5,1,1,1,0,0,0,6571,0.273792,1,0.0015,0
2671,23620.3,12,0,2.51475,9.65442,0,0,0,12.1692,361,361,0,1,2.03342,2.03342,1971,388,5,1288,0,0,0,0,0,3761,4631.46,0.992583,7.92975,599918,184,59320,2256,1759225,736,237280,9024,32,4,867412,1712166,27757184,6848664,34605848,4,4,12,4,49,16,12,20,20,20260807,5,1,1,1,0,0,0,6571,0.273792,1,0.0015,0
2672,23627.4,7,0,2.74804,4.30033,0,0,0,7.04838,361,361,0,1,2.03342,2.03342,1971,388,5,1288,0,0,0,0,0,3761,4631.46,0.992583,7.92975,599918,184,59320,2256,1759225,736,237280,9024,32,4,867412,1712166,27757184,6848664,34605848,4,4,12,4,49,16,12,20,20,20260807,5,1,1,1,0,0,0,6571,0.273792,1,0.0015,0
2673,23634.1,7,0,2.56425,4.0505,0,0,0,6.61475,361,361,0,1,2.03342,2.03342,1971,388,5,1288,0,0,0,0,0,3761,4631.46,0.992583,7.92975,599918,184,59320,2256,1759225,736,237280,9024,32,4,867412,1712166,27757184,6848664,34605848,4,4,12,4,49,16,12,20,20,20260807,5,1,1,1,0,0,0,6571,0.273792,1,0.0015,0
2674,23646.4,12,0,2.29188,9.91362,0,0,0,12.2055,361,361,0,1,2.03342,2.03342,1971,388,5,1288,0,0,0,0,0,3761,4631.46,0.992583,7.92975,599918,184,59320,2256,1759225,736,237280,9024,32,4,867412,1712166,27757184,6848664,34605848,4,4,12,4,49,16,12,20,20,20260807,5,1,1,1,0,0,0,6572,0.273833,1,0.0015,1
2675,23653.8,8,0,2.31087,5.07417,0,0,0,7.38504,361,361,0,1,2.03342,2.03342,1971,388,5,1288,0,0,0,0,0,3761,4631.46,0.992583,7.92975,599918,184,59320,2256,1759225,736,237280,9024,32,4,867412,1712166,27757184,6848664,34605848,4,4,12,4,49,16,12,20,20,20260807,5,1,1,1,0,0,0,6572,0.273833,1,0.0015,0
2676,23666.2,12,0,2.29371,9.97162,0,0,0,12.2653,361,361,0,1,2.03342,2.03342,1971,388,5,1288,0,0,0,0,0,3761,4631.46,0.992583,7.92975,599918,184,59320,2256,1759225,736,237280,9024,32,4,867412,1712166,27757184,6848664,34605848,4,4,12,4,49,16,12,20,20,20260807,5,1,1,1,0,0,0,6572,0.273833,1,0.0015,0
2677,23673.2,7,0,2.42279,4.53188,0,0,0,6.95467,361,361,0,1,2.03342,2.03342,1971,388,5,1288,0,0,0,0,0,3761,4631.46,0.992583,7.92975,599918,184,59320,2256,1759225,736,237280,9024,32,4,867412,1712166,27757184,6848664,34605848,4,4,12,4,49,16,12,20,20,20260807,5,1,1,1,0,0,0,6572,0.273833,1,0.0015,0
2678,23679.4,6,0,2.3345,3.77729,0,0,0,6.11179,361,361,0,1,2.03342,2.03342,1971,388,5,1288,0,0,0,0,0,3761,4631.46,0.992583,7.92975,599918,184,59320,2256,1759225,736,237280,9024,32,4,867412,1712166,27757184,6848664,34605848,4,4,12,4,49,16,12,20,20,20260807,5,1,1,1,0,0,0,6572,0.273833,1,0.0015,0
2679,23687.1,8,0,2.54496,5.04842,0,0,0,7.59337,361,361,0,1,2.03342,2.03342,1971,388,5,1288,0,0,0,0,0,3761,4631.46,0.992583,7.92975,599918,184,59320,2256,1759225,736,237280,9024,32,4,867412,1712166,27757184,6848664,34605848,4,4,12,4,49,16,12,20,20,20260807,5,1,1,1,0,0,0,6572,0.273833,1,0.0015,0
2680,23696.2,9,0,2.46367,6.46575,0,0,0,8.92942,361,361,0,1,2.03342,2.03342,1971,388,5,1288,0,0,0,0,0,3761,4631.46,0.992583,7.92975,599918,184,59320,2256,1759225,736,237280,9024,32,4,867412,1712166,27757184,6848664,34605848,4,4,12,4,49,16,12,20,20,20260807,5,1,1,1,0,0,0,6573,0.273875,1,0.0015,1
2681,23703.2,7,0,2.37688,4.569,0,0,0,6.94588,361,361,0,1,2.03342,2.03342,1971,388,5,1288,0,0,0,0,0,3761,4631.46,0.992583,7.92975,599918,184,59320,2256,1759225,736,237280,9024,32,4,867412,1712166,27757184,6848664,34605848,4,4,12,4,49,16,12,20,20,20260807,5,1,1,1,0,0,0,6573,0.273875,1,0.0015,0
2682,23716.2,13,0,2.33975,10.5553,0,0,0,12.8951,361,361,0,1,2.03342,2.03342,1971,388,5,1288,0,0,0,0,0,3761,4631.46,0.992583,7.92975,599918,184,59320,2256,1759225,736,237280,9024,32,4,867412,1712166,27757184,6848664,34605848,4,4,12,4,49,16,12,20,20,20260807,5,1,1,1,0,0,0,6573,0.273875,1,0.0015,0
2683,23730.2,14,0,2.61925,11.3011,0,0,0,13.9204,361,361,0,1,2.03342,2.03342,1971,388,5,1288,0,0,0,0,0,3761,4631.46,0.992583,7.92975,599918,184,59320,2256,1759225,736,237280,9024,32,4,867412,1712166,27757184,6848664,34605848,4,4,12,4,49,16,12,20,20,20260807,5,1,1,1,0,0,0,6573,0.273875,1,0.0015,0
2684,23738.4,8,0,2.37525,5.79537,0,0,0,8.17062,361,361,0,1,2.03342,2.03342,1971,388,5,1288,0,0,0,0,0,3761,4631.46,0.992583,7.92975,599918,184,59320,2256,1759225,736,237280,9024,32,4,867412,1712166,27757184,6848664,34605848,4,4,12,4,49,16,12,20,20,20260807,5,1,1,1,0,0,0,6573,0.273875,1,0.0015,0
2685,23746.1,8,0,2.40325,5.21229,0,0,0,7.61554,361,361,0,1,2.03342,2.03342,1971,388,5,1288,0,0,0,0,0,3761,4631.46,0.992583,7.92975,599918,184,59320,2256,1759225,736,237280,9024,32,4,867412,1712166,27757184,6848664,34605848,4,4,12,4,49,16,12,20,20,20260807,5,1,1,1,0,0,0,6574,0.273917,1,0.0015,1
2686,23753.4,7,0,2.66679,4.53517,0,0,0,7.20196,361,361,0,1,2.03342,2.03342,1971,388,5,1288,0,0,0,0,0,3761,4631.46,0.992583,7.92975,599918,184,59320,2256,1759225,736,237280,9024,32,4,867412,1712166,27757184,6848664,34605848,4,4,12,4,49,16,12,20,20,20260807,5,1,1,1,0,0,0,6574,0.273917,1,0.0015,0
2687,23763,10,0,2.36129,7.14813,0,0,0,9.50942,361,361,0,1,2.03342,2.03342,1971,388,5,1288,0,0,0,0,0,3761,4631.46,0.992583,7.92975,599918,184,59320,2256,1759225,736,237280,9024,32,4,867412,1712166,27757184,6848664,34605848,4,4,12,4,49,16,12,20,20,20260807,5,1,1,1,0,0,0,6574,0.273917,1,0.0015,0
2688,23770.5,8,0,2.70892,4.65842,0,0,0,7.36733,361,361,0,1,2.03342,2.03342,1971,388,5,1288,0,0,0,0,0,3761,4631.46,0.992583,7.92975,599918,184,59320,2256,1759225,736,237280,9024,32,4,867412,1712166,27757184,6848664,34605848,4,4,12,4,49,16,12,20,20,20260807,5,1,1,1,0,0,0,6574,0.273917,1,0.0015,0
2689,23780.6,10,0,2.46,7.60663,0,0,0,10.0666,361,361,0,1,2.03342,2.03342,1971,388,5,1288,0,0,0,0,0,3761,4631.46,0.992583,7.92975,599918,184,59320,2256,1759225,736,237280,9024,32,4,867412,1712166,27757184,6848664,34605848,4,4,12,4,49,16,12,20,20,20260807,5,1,1,1,0,0,0,6574,0.273917,1,0.0015,0
2690,23787.5,7,0,2.44738,4.39938,0,0,0,6.84675,361,361,0,1,2.03342,2.03342,1971,388,5,1288,0,0,0,0,0,3761,4631.46,0.992583,7.92975,599918,184,59320,2256,1759225,736,237280,9024,32,4,867412,1712166,27757184,6848664,34605848,4,4,12,4,49,16,12,20,20,20260807,5,1,1,1,0,0,0,6574,0.273917,1,0.0015,0
2691,23796.5,9,0,2.34158,6.46129,0,0,0,8.80288,361,361,0,1,2.03342,2.03342,1971,388,5,1288,0,0,0,0,0,3761,4631.46,0.992583,7.92975,599918,184,59320,2256,1759225,736,237280,9024,32,4,867412,1712166,27757184,6848664,34605848,4,4,12,4,49,16,12,20,20,20260807,5,1,1,1,0,0,0,6575,0.273958,1,0.0015,1
2692,23804,7,0,2.50317,4.95204,0,0,0,7.45521,361,361,0,1,2.03342,2.03342,1971,388,5,1288,0,0,0,0,0,3761,4631.46,0.992583,7.92975,599918,184,59320,2256,1759225,736,237280,9024,32,4,867412,1712166,27757184,6848664,34605848,4,4,12,4,49,16,12,20,20,20260807,5,1,1,1,0,0,0,6575,0.273958,1,0.0015,0
2693,23814.1,10,0,2.3505,7.61996,0,0,0,9.97046,361,361,0,1,2.03342,2.03342,1971,388,5,1288,0,0,0,0,0,3761,4631.46,0.992583,7.92975,599918,184,59320,2256,1759225,736,237280,9024,32,4,867412,1712166,27757184,6848664,34605848,4,4,12,4,49,16,12,20,20,20260807,5,1,1,1,0,0,0,6575,0.273958,1,0.0015,0
2694,23821.7,8,0,2.69671,4.8625,0,0,0,7.55921,361,361,0,1,2.03342,2.03342,1971,388,5,1288,0,0,0,0,0,3761,4631.46,0.992583,7.92975,599918,184,59320,2256,1759225,736,237280,9024,32,4,867412,1712166,27757184,6848664,34605848,4,4,12,4,49,16,12,20,20,20260807,5,1,1,1,0,0,0,6575,0.273958,1,0.0015,0
2695,23830,8,0,2.62896,5.59912,0,0,0,8.22808,361,361,0,1,2.03342,2.03342,1971,388,5,1288,0,0,0,0,0,3761,4631.46,0.992583,7.92975,599918,184,59320,2256,1759225,736,237280,9024,32,4,867412,1712166,27757184,6848664,34605848,4,4,12,4,49,16,12,20,20,20260807,5,1,1,1,0,0,0,6575,0.273958,1,0.0015,0
2696,23837,7,0,2.39058,4.45783,0,0,0,6.84842,361,361,0,1,2.03342,2.03342,1971,388,5,1288,0,0,0,0,0,3761,4631.46,0.992583,7.92975,599918,184,59320,2256,1759225,736,237280,9024,32,4,867412,1712166,27757184,6848664,34605848,4,4,12,4,49,16,12,20,20,20260807,5,1,1,1,0,0,0,6575,0.273958,1,0.0015,0
2697,23847.4,10,0,2.50417,7.86021,0,0,0,10.3644,361,361,0,1,2.03342,2.03342,1971,388,5,1288,0,0,0,0,0,3761,4631.46,0.992583,7.92975,599918,184,59320,2256,1759225,736,237280,9024,32,4,867412,1712166,27757184,6848664,34605848,4,4,12,4,49,16,12,20,20,20260807,5,1,1,1,0,0,0,6576,0.274,1,0.0015,1
2698,23855.3,8,0,2.45288,5.36996,0,0,0,7.82283,361,361,0,1,2.03342,2.03342,1971,388,5,1288,0,0,0,0,0,3761,4631.46,0.992583,7.92975,599918,184,59320,2256,1759225,736,237280,9024,32,4,867412,1712166,27757184,6848664,34605848,4,4,12,4,49,16,12,20,20,20260807,5,1,1,1,0,0,0,6576,0.274,1,0.0015,0
2699,23863.7,9,0,2.33304,5.96679,0,0,0,8.29983,361,361,0,1,2.03342,2.03342,1971,388,5,1288,0,0,0,0,0,3761,4631.46,0.992583,7.92975,599918,184,59320,2256,1759225,736,237280,9024,32,4,867412,1712166,27757184,6848664,34605848,4,4,12,4,49,16,12,20,20,20260807,5,1,1,1,0,0,0,6576,0.274,1,0.0015,0
2700,23870.7,7,0,2.20325,4.64958,0,0,0,6.85283,361,361,0,1,2.03342,2.03342,1971,388,5,1288,0,0,0,0,0,3761,4631.46,0.992583,7.92975,599918,184,59320,2256,1759225,736,237280,9024,32,4,867412,1712166,27757184,6848664,34605848,4,4,12,4,49,16,12,20,20,20260807,5,1,1,1,0,0,0,6576,0.274,1,0.0015,0
2701,23880,9,0,2.51017,6.79029,0,0,0,9.30046,361,361,0,1,2.03342,2.03342,1971,388,5,1288,0,0,0,0,0,3761,4631.46,0.992583,7.92975,599918,184,59320,2256,1759225,736,237280,9024,32,4,867412,1712166,27757184,6848664,34605848,4,4,12,4,49,16,12,20,20,20260807,5,1,1,1,0,0,0,6576,0.274,1,0.0015,0
2702,23887,7,0,2.39083,4.46125,0,0,0,6.85208,361,361,0,1,2.03342,2.03342,1971,388,5,1288,0,0,0,0,0,3761,4631.46,0.992583,7.92975,599918,184,59320,2256,1759225,736,237280,9024,32,4,867412,1712166,27757184,6848664,34605848,4,4,12,4,49,16,12,20,20,20260807,5,1,1,1,0,0,0,6576,0.274,1,0.0015,0
2703,23897.2,10,0,2.36954,7.76383,0,0,0,10.1334,361,361,0,1,2.03342,2.03342,1971,388,5,1288,0,0,0,0,0,3761,4631.46,0.992583,7.92975,599918,184,59320,2256,1759225,736,237280,9024,32,4,867412,1712166,27757184,6848664,34605848,4,4,12,4,49,16,12,20,20,20260807,5,1,1,1,0,0,0,6577,0.274042,1,0.0015,1
2704,23916.9,20,0,2.43258,17.1498,0,0,0,19.5824,361,361,0,1,2.03342,2.03342,1971,388,5,1288,0,0,0,0,0,3761,4631.46,0.992583,7.92975,599918,184,59320,2256,1759225,736,237280,9024,32,4,867412,1712166,27757184,6848664,34605848,4,4,12,4,49,16,12,20,20,20260807,5,1,1,1,0,0,0,6577,0.274042,1,0.0015,0
2705,23930.1,13,0,2.59833,10.5328,0,0,0,13.1311,361,361,0,1,2.03342,2.03342,1971,388,5,1288,0,0,0,0,0,3761,4631.46,0.992583,7.92975,599918,184,59320,2256,1759225,736,237280,9024,32,4,867412,1712166,27757184,6848664,34605848,4,4,12,4,49,16,12,20,20,20260807,5,1,1,1,0,0,0,6577,0.274042,1,0.0015,0
2706,23937.4,7,0,2.50062,4.69108,0,0,0,7.19171,361,361,0,1,2.03342,2.03342,1971,388,5,1288,0,0,0,0,0,3761,4631.46,0.992583,7.92975,599918,184,59320,2256,1759225,736,237280,9024,32,4,867412,1712166,27757184,6848664,34605848,4,4,12,4,49,16,12,20,20,20260807,5,1,1,1,0,0,0,6577,0.274042,1,0.0015,0
2707,23946.8,10,0,2.4075,6.91846,0,0,0,9.32596,361,361,0,1,2.03342,2.03342,1971,388,5,1288,0,0,0,0,0,3761,4631.46,0.992583,7.92975,599918,184,59320,2256,1759225,736,237280,9024,32,4,867412,1712166,27757184,6848664,34605848,4,4,12,4,49,16,12,20,20,20260807,5,1,1,1,0,0,0,6578,0.274083,1,0.0015,1
2708,23953.9,7,0,2.49162,4.53313,0,0,0,7.02475,361,361,0,1,2.03342,2.03342,1971,388,5,1288,0,0,0,0,0,3761,4631.46,0.992583,7.92975,599918,184,59320,2256,1759225,736,237280,9024,32,4,867412,1712166,27757184,6848664,34605848,4,4,12,4,49,16,12,20,20,20260807,5,1,1,1,0,0,0,6578,0.274083,1,0.0015,0
2709,23964.5,11,0,2.48617,8.01525,0,0,0,10.5014,361,361,0,1,2.03342,2.03342,1971,388,5,1288,0,0,0,0,0,3761,4631.46,0.992583,7.92975,599918,184,59320,2256,1759225,736,237280,9024,32,4,867412,1712166,27757184,6848664,34605848,4,4,12,4,49,16,12,20,20,20260807,5,1,1,1,0,0,0,6578,0.274083,1,0.0015,0
2710,23972.7,8,0,2.672,5.43504,0,0,0,8.10704,361,361,0,1,2.03342,2.03342,1971,388,5,1288,0,0,0,0,0,3761,4631.46,0.992583,7.92975,599918,184,59320,2256,1759225,736,237280,9024,32,4,867412,1712166,27757184,6848664,34605848,4,4,12,4,49,16,12,20,20,20260807,5,1,1,1,0,0,0,6578,0.274083,1,0.0015,0
2711,23980.1,7,0,2.34375,4.94846,0,0,0,7.29221,361,361,0,1,2.03342,2.03342,1971,388,5,1288,0,0,0,0,0,3761,4631.46,0.992583,7.92975,599918,184,59320,2256,1759225,736,237280,9024,32,4,867412,1712166,27757184,6848664,34605848,4,4,12,4,49,16,12,20,20,20260807,5,1,1,1,0,0,0,6578,0.274083,1,0.0015,0
2712,23987,7,0,2.44458,4.44946,0,0,0,6.89404,361,361,0,1,2.03342,2.03342,1971,388,5,1288,0,0,0,0,0,3761,4631.46,0.992583,7.92975,599918,184,59320,2256,1759225,736,237280,9024,32,4,867412,1712166,27757184,6848664,34605848,4,4,12,4,49,16,12,20,20,20260807,5,1,1,1,0,0,0,6578,0.274083,1,0.0015,0
2713,23997.6,11,0,2.48637,7.9415,0,0,0,10.4279,361,361,0,1,2.03342,2.03342,1971,388,5,1288,0,0,0,0,0,3761,4631.46,0.992583,7.92975,599918,184,59320,2256,1759225,736,237280,9024,32,4,867412,1712166,27757184,6848664,34605848,4,4,12,4,49,16,12,20,20,20260807,5,1,1,1,0,0,0,6579,0.274125,1,0.0015,1
2714,24004.9,7,0,2.65817,4.58758,0,0,0,7.24575,361,361,0,1,2.03342,2.03342,1971,388,5,1288,0,0,0,0,0,3761,4631.46,0.992583,7.92975,599918,184,59320,2256,1759225,736,237280,9024,32,4,867412,1712166,27757184,6848664,34605848,4,4,12,4,49,16,12,20,20,20260807,5,1,1,1,0,0,0,6579,0.274125,1,0.0015,0
2715,24014.3,9,0,2.29992,6.935,0,0,0,9.23492,361,361,0,1,2.03342,2.03342,1971,388,5,1288,0,0,0,0,0,3761,4631.46,0.992583,7.92975,599918,184,59320,2256,1759225,736,237280,9024,32,4,867412,1712166,27757184,6848664,34605848,4,4,12,4,49,16,12,20,20,20260807,5,1,1,1,0,0,0,6579,0.274125,1,0.0015,0
2716,24021.8,8,0,2.49463,4.93625,0,0,0,7.43088,361,361,0,1,2.03342,2.03342,1971,388,5,1288,0,0,0,0,0,3761,4631.46,0.992583,7.92975,599918,184,59320,2256,1759225,736,237280,9024,32,4,867412,1712166,27757184,6848664,34605848,4,4,12,4,49,16,12,20,20,20260807,5,1,1,1,0,0,0,6579,0.274125,1,0.0015,0
2717,24029.4,8,0,3.03958,4.53971,0,0,0,7.57929,361,361,0,1,2.03342,2.03342,1971,388,5,1288,0,0,0,0,0,3761,4631.46,0.992583,7.92975,599918,184,59320,2256,1759225,736,237280,9024,32,4,867412,1712166,27757184,6848664,34605848,4,4,12,4,49,16,12,20,20,20260807,5,1,1,1,0,0,0,6579,0.274125,1,0.0015,0
2718,24036.5,7,0,2.598,4.34208,0,0,0,6.94008,361,361,0,1,2.03342,2.03342,1971,388,5,1288,0,0,0,0,0,3761,4631.46,0.992583,7.92975,599918,184,59320,2256,1759225,736,237280,9024,32,4,867412,1712166,27757184,6848664,34605848,4,4,12,4,49,16,12,20,20,20260807,5,1,1,1,0,0,0,6579,0.274125,1,0.0015,0
2719,24046.1,9,0,2.46833,7.129,0,0,0,9.59733,361,361,0,1,2.03342,2.03342,1971,388,5,1288,0,0,0,0,0,3761,4631.46,0.992583,7.92975,599918,184,59320,2256,1759225,736,237280,9024,32,4,867412,1712166,27757184,6848664,34605848,4,4,12,4,49,16,12,20,20,20260807,5,1,1,1,0,0,0,6580,0.274167,1,0.0015,1
2720,24053.3,7,0,2.53788,4.49546,0,0,0,7.03333,361,361,0,1,2.03342,2.03342,1971,388,5,1288,0,0,0,0,0,3761,4631.46,0.992583,7.92975,599918,184,59320,2256,1759225,736,237280,9024,32,4,867412,1712166,27757184,6848664,34605848,4,4,12,4,49,16,12,20,20,20260807,5,1,1,1,0,0,0,6580,0.274167,1,0.0015,0
2721,24064.4,11,0,2.42696,8.63042,0,0,0,11.0574,361,361,0,1,2.03342,2.03342,1971,388,5,1288,0,0,0,0,0,3761,4631.46,0.992583,7.92975,599918,184,59320,2256,1759225,736,237280,9024,32,4,867412,1712166,27757184,6848664,34605848,4,4,12,4,49,16,12,20,20,20260807,5,1,1,1,0,0,0,6580,0.274167,1,0.0015,0
2722,24071.8,8,0,2.28688,5.00504,0,0,0,7.29192,361,361,0,1,2.03342,2.03342,1971,388,5,1288,0,0,0,0,0,3761,4631.46,0.992583,7.92975,599918,184,59320,2256,1759225,736,237280,9024,32,4,867412,1712166,27757184,6848664,34605848,4,4,12,4,49,16,12,20,20,20260807,5,1,1,1,0,0,0,6580,0.274167,1,0.0015,0
2723,24079.9,8,0,2.33229,5.69538,0,0,0,8.02767,361,361,0,1,2.03342,2.03342,1971,388,5,1288,0,0,0,0,0,3761,4631.46,0.992583,7.92975,599918,184,59320,2256,1759225,736,237280,9024,32,4,867412,1712166,27757184,6848664,34605848,4,4,12,4,49,16,12,20,20,20260807,5,1,1,1,0,0,0,6580,0.274167,1,0.0015,0
2724,24086.8,7,0,2.44967,4.31033,0,0,0,6.76,361,361,0,1,2.03342,2.03342,1971,388,5,1288,0,0,0,0,0,3761,4631.46,0.992583,7.92975,599918,184,59320,2256,1759225,736,237280,9024,32,4,867412,1712166,27757184,6848664,34605848,4,4,12,4,49,16,12,20,20,20260807,5,1,1,1,0,0,0,6580,0.274167,1,0.0015,0
2725,24096.8,10,0,2.60312,7.40946,0,0,0,10.0126,361,361,0,1,2.03342,2.03342,1971,388,5,1288,0,0,0,0,0,3761,4631.46,0.992583,7.92975,599918,184,59320,2256,1759225,736,237280,9024,32,4,867412,1712166,27757184,6848664,34605848,4,4,12,4,49,16,12,20,20,20260807,5,1,1,1,0,0,0,6581,0.274208,1,0.0015,1
2726,24104.2,7,0,2.26463,4.96096,0,0,0,7.22558,361,361,0,1,2.03342,2.03342,1971,388,5,1288,0,0,0,0,0,3761,4631.46,0.992583,7.92975,599918,184,59320,2256,1759225,736,237280,9024,32,4,867412,1712166,27757184,6848664,34605848,4,4,12,4,49,16,12,20,20,20260807,5,1,1,1,0,0,0,6581,0.274208,1,0.0015,0
2727,24114.6,11,0,2.36983,8.00729,0,0,0,10.3771,361,361,0,1,2.03342,2.03342,1971,388,5,1288,0,0,0,0,0,3761,4631.46,0.992583,7.92975,599918,184,59320,2256,1759225,736,237280,9024,32,4,867412,1712166,27757184,6848664,34605848,4,4,12,4,49,16,12,20,20,20260807,5,1,1,1,0,0,0,6581,0.274208,1,0.0015,0
2728,24121.9,7,0,2.3835,4.79708,0,0,0,7.18058,361,361,0,1,2.03342,2.03342,1971,388,5,1288,0,0,0,0,0,3761,4631.46,0.992583,7.92975,599918,184,59320,2256,1759225,736,237280,9024,32,4,867412,1712166,27757184,6848664,34605848,4,4,12,4,49,16,12,20,20,20260807,5,1,1,1,0,0,0,6581,0.274208,1,0.0015,0
2729,24130.8,9,0,2.47621,6.34975,0,0,0,8.82596,361,361,0,1,2.03342,2.03342,1971,388,5,1288,0,0,0,0,0,3761,4631.46,0.992583,7.92975,599918,184,59320,2256,1759225,736,237280,9024,32,4,867412,1712166,27757184,6848664,34605848,4,4,12,4,49,16,12,20,20,20260807,5,1,1,1,0,0,0,6581,0.274208,1,0.0015,0
2730,24138.4,7,0,2.4085,4.85942,0,0,0,7.26792,361,361,0,1,2.03342,2.03342,1971,388,5,1288,0,0,0,0,0,3761,4631.46,0.992583,7.92975,599918,184,59320,2256,1759225,736,237280,9024,32,4,867412,1712166,27757184,6848664,34605848,4,4,12,4,49,16,12,20,20,20260807,5,1,1,1,0,0,0,6581,0.274208,1,0.0015,0
2731,24146.9,9,0,2.50992,5.82287,0,0,0,8.33279,361,361,0,1,2.03342,2.03342,1971,388,5,1288,0,0,0,0,0,3761,4631.46,0.992583,7.92975,599918,184,59320,2256,1759225,736,237280,9024,32,4,867412,1712166,27757184,6848664,34605848,4,4,12,4,49,16,12,20,20,20260807,5,1,1,1,0,0,0,6582,0.27425,1,0.0015,1
2732,24153.6,7,0,2.55996,4.14354,0,0,0,6.7035,361,361,0,1,2.03342,2.03342,1971,388,5,1288,0,0,0,0,0,3761,4631.46,0.992583,7.92975,599918,184,59320,2256,1759225,736,237280,9024,32,4,867412,1712166,27757184,6848664,34605848,4,4,12,4,49,16,12,20,20,20260807,5,1,1,1,0,0,0,6582,0.27425,1,0.0015,0
2733,24163.7,10,0,2.71238,7.247,0,0,0,9.95937,361,361,0,1,2.03342,2.03342,1971,388,5,1288,0,0,0,0,0,3761,4631.46,0.992583,7.92975,599918,184,59320,2256,1759225,736,237280,9024,32,4,867412,1712166,27757184,6848664,34605848,4,4,12,4,49,16,12,20,20,20260807,5,1,1,1,0,0,0,6582,0.27425,1,0.0015,0
2734,24171.4,7,0,2.40604,5.18454,0,0,0,7.59058,361,361,0,1,2.03342,2.03342,1971,388,5,1288,0,0,0,0,0,3761,4631.46,0.992583,7.92975,599918,184,59320,2256,1759225,736,237280,9024,32,4,867412,1712166,27757184,6848664,34605848,4,4,12,4,49,16,12,20,20,20260807,5,1,1,1,0,0,0,6582,0.27425,1,0.0015,0
2735,24180.1,9,0,2.45392,6.17792,0,0,0,8.63183,361,361,0,1,2.03342,2.03342,1971,388,5,1288,0,0,0,0,0,3761,4631.46,0.992583,7.92975,599918,184,59320,2256,1759225,736,237280,9024,32,4,867412,1712166,27757184,6848664,34605848,4,4,12,4,49,16,12,20,20,20260807,5,1,1,1,0,0,0,6582,0.27425,1,0.0015,0
2736,24188.3,8,0,2.70267,5.30312,0,0,0,8.00579,361,361,0,1,2.03342,2.03342,1971,388,5,1288,0,0,0,0,0,3761,4631.46,0.992583,7.92975,599918,184,59320,2256,1759225,736,237280,9024,32,4,867412,1712166,27757184,6848664,34605848,4,4,12,4,49,16,12,20,20,20260807,5,1,1,1,0,0,0,6582,0.27425,1,0.0015,0
2737,24196.8,9,0,2.44642,6.05037,0,0,0,8.49679,361,361,0,1,2.03342,2.03342,1971,388,5,1288,0,0,0,0,0,3761,4631.46,0.992583,7.92975,599918,184,59320,2256,1759225,736,237280,9024,32,4,867412,1712166,27757184,6848664,34605848,4,4,12,4,49,16,12,20,20,20260807,5,1,1,1,0,0,0,6583,0.274292,1,0.0015,1
2738,24203.7,7,0,2.46304,4.35067,0,0,0,6.81371,361,361,0,1,2.03342,2.03342,1971,388,5,1288,0,0,0,0,0,3761,4631.46,0.992583,7.92975,599918,184,59320,2256,1759225,736,237280,9024,32,4,867412,1712166,27757184,6848664,34605848,4,4,12,4,49,16,12,20,20,20260807,5,1,1,1,0,0,0,6583,0.274292,1,0.0015,0
2739,24214,10,0,2.42204,7.79542,0,0,0,10.2175,361,361,0,1,2.03342,2.03342,1971,388,5,1288,0,0,0,0,0,3761,4631.46,0.992583,7.92975,599918,184,59320,2256,1759225,736,237280,9024,32,4,867412,1712166,27757184,6848664,34605848,4,4,12,4,49,16,12,20,20,20260807,5,1,1,1,0,0,0,6583,0.274292,1,0.0015,0
2740,24221.8,8,0,2.60371,5.0585,0,0,0,7.66221,361,361,0,1,2.03342,2.03342,1971,388,5,1288,0,0,0,0,0,3761,4631.46,0.992583,7.92975,599918,184,59320,2256,1759225,736,237280,9024,32,4,867412,1712166,27757184,6848664,34605848,4,4,12,4,49,16,12,20,20,20260807,5,1,1,1,0,0,0,6583,0.274292,1,0.0015,0
2741,24229.4,7,0,2.28904,5.20954,0,0,0,7.49858,361,361,0,1,2.03342,2.03342,1971,388,5,1288,0,0,0,0,0,3761,4631.46,0.992583,7.92975,599918,184,59320,2256,1759225,736,237280,9024,32,4,867412,1712166,27757184,6848664,34605848,4,4,12,4,49,16,12,20,20,20260807,5,1,1,1,0,0,0,6583,0.274292,1,0.0015,0
2742,24237,8,0,2.47071,5.06004,0,0,0,7.53075,361,361,0,1,2.03342,2.03342,1971,388,5,1288,0,0,0,0,0,3761,4631.46,0.992583,7.92975,599918,184,59320,2256,1759225,736,237280,9024,32,4,867412,1712166,27757184,6848664,34605848,4,4,12,4,49,16,12,20,20,20260807,5,1,1,1,0,0,0,6583,0.274292,1,0.0015,0
2743,24246.8,10,0,2.4665,7.33171,0,0,0,9.79821,361,361,0,1,2.03342,2.03342,1971,388,5,1288,0,0,0,0,0,3761,4631.46,0.992583,7.92975,599918,184,59320,2256,1759225,736,237280,9024,32,4,867412,1712166,27757184,6848664,34605848,4,4,12,4,49,16,12,20,20,20260807,5,1,1,1,0,0,0,6584,0.274333,1,0.0015,1
2744,24253.9,7,0,2.62317,4.34108,0,0,0,6.96425,361,361,0,1,2.03342,2.03342,1971,388,5,1288,0,0,0,0,0,3761,4631.46,0.992583,7.92975,599918,184,59320,2256,1759225,736,237280,9024,32,4,867412,1712166,27757184,6848664,34605848,4,4,12,4,49,16,12,20,20,20260807,5,1,1,1,0,0,0,6584,0.274333,1,0.0015,0
2745,24264.4,10,0,2.53054,7.91829,0,0,0,10.4488,361,361,0,1,2.03342,2.03342,1971,388,5,1288,0,0,0,0,0,3761,4631.46,0.992583,7.92975,599918,184,59320,2256,1759225,736,237280,9024,32,4,867412,1712166,27757184,6848664,34605848,4,4,12,4,49,16,12,20,20,20260807,5,1,1,1,0,0,0,6584,0.274333,1,0.0015,0
2746,24272,8,0,2.41125,5.09254,0,0,0,7.50379,361,361,0,1,2.03342,2.03342,1971,388,5,1288,0,0,0,0,0,3761,4631.46,0.992583,7.92975,599918,184,59320,2256,1759225,736,237280,9024,32,4,867412,1712166,27757184,6848664,34605848,4,4,12,4,49,16,12,20,20,20260807,5,1,1,1,0,0,0,6584,0.274333,1,0.0015,0
2747,24280.4,8,0,2.4415,5.83846,0,0,0,8.27996,361,361,0,1,2.03342,2.03342,1971,388,5,1288,0,0,0,0,0,3761,4631.46,0.992583,7.92975,599918,184,59320,2256,1759225,736,237280,9024,32,4,867412,1712166,27757184,6848664,34605848,4,4,12,4,49,16,12,20,20,20260807,5,1,1,1,0,0,0,6584,0.274333,1,0.0015,0
2748,24288.5,9,0,2.54438,5.44738,0,0,0,7.99175,361,361,0,1,2.03342,2.03342,1971,388,5,1288,0,0,0,0,0,3761,4631.46,0.992583,7.92975,599918,184,59320,2256,1759225,736,237280,9024,32,4,867412,1712166,27757184,6848664,34605848,4,4,12,4,49,16,12,20,20,20260807,5,1,1,1,0,0,0,6584,0.274333,1,0.0015,0
2749,24297.1,8,0,2.23254,6.29938,0,0,0,8.53192,361,361,0,1,2.03342,2.03342,1971,388,5,1288,0,0,0,0,0,3761,4631.46,0.992583,7.92975,599918,184,59320,2256,1759225,736,237280,9024,32,4,867412,1712166,27757184,6848664,34605848,4,4,12,4,49,16,12,20,20,20260807,5,1,1,1,0,0,0,6585,0.274375,1,0.0015,1
2750,24304.2,7,0,2.47292,4.53338,0,0,0,7.00629,361,361,0,1,2.03342,2.03342,1971,388,5,1288,0,0,0,0,0,3761,4631.46,0.992583,7.92975,599918,184,59320,2256,1759225,736,237280,9024,32,4,867412,1712166,27757184,6848664,34605848,4,4,12,4,49,16,12,20,20,20260807,5,1,1,1,0,0,0,6585,0.274375,1,0.0015,0
2751,24312.6,9,0,2.50896,5.84021,0,0,0,8.34917,361,361,0,1,2.03342,2.03342,1971,388,5,1288,0,0,0,0,0,3761,4631.46,0.992583,7.92975,599918,184,59320,2256,1759225,736,237280,9024,32,4,867412,1712166,27757184,6848664,34605848,4,4,12,4,49,16,12,20,20,20260807,5,1,1,1,0,0,0,6585,0.274375,1,0.0015,0
2752,24319,6,0,2.40883,3.89775,0,0,0,6.30658,361,361,0,1,2.03342,2.03342,1971,388,5,1288,0,0,0,0,0,3761,4631.46,0.992583,7.92975,599918,184,59320,2256,1759225,736,237280,9024,32,4,867412,1712166,27757184,6848664,34605848,4,4,12,4,49,16,12,20,20,20260807,5,1,1,1,0,0,0,6585,0.274375,1,0.0015,0
2753,24329.3,10,0,2.65583,7.59317,0,0,0,10.249,361,361,0,1,2.03342,2.03342,1971,388,5,1288,0,0,0,0,0,3761,4631.46,0.992583,7.92975,599918,184,59320,2256,1759225,736,237280,9024,32,4,867412,1712166,27757184,6848664,34605848,4,4,12,4,49,16,12,20,20,20260807,5,1,1,1,0,0,0,6585,0.274375,1,0.0015,0
2754,24336.1,7,0,2.40687,4.30671,0,0,0,6.71358,361,361,0,1,2.03342,2.03342,1971,388,5,1288,0,0,0,0,0,3761,4631.46,0.992583,7.92975,599918,184,59320,2256,1759225,736,237280,9024,32,4,867412,1712166,27757184,6848664,34605848,4,4,12,4,49,16,12,20,20,20260807,5,1,1,1,0,0,0,6585,0.274375,1,0.0015,0
2755,24345.9,10,0,2.66154,7.05308,0,0,0,9.71462,361,361,0,1,2.03342,2.03342,1971,388,5,1288,0,0,0,0,0,3761,4631.46,0.992583,7.92975,599918,184,59320,2256,1759225,736,237280,9024,32,4,867412,1712166,27757184,6848664,34605848,4,4,12,4,49,16,12,20,20,20260807,5,1,1,1,0,0,0,6586,0.274417,1,0.0015,1
2756,24352.9,7,0,2.35663,4.49167,0,0,0,6.84829,361,361,0,1,2.03342,2.03342,1971,388,5,1288,0,0,0,0,0,3761,4631.46,0.992583,7.92975,599918,184,59320,2256,1759225,736,237280,9024,32,4,867412,1712166,27757184,6848664,34605848,4,4,12,4,49,16,12,20,20,20260807,5,1,1,1,0,0,0,6586,0.274417,1,0.0015,0
2757,24362.8,11,0,2.37958,7.50908,0,0,0,9.88867,361,361,0,1,2.03342,2.03342,1971,388,5,1288,0,0,0,0,0,3761,4631.46,0.992583,7.92975,599918,184,59320,2256,1759225,736,237280,9024,32,4,867412,1712166,27757184,6848664,34605848,4,4,12,4,49,16,12,20,20,20260807,5,1,1,1,0,0,0,6586,0.274417,1,0.0015,0
2758,24369.5,7,0,2.42508,4.12408,0,0,0,6.54917,361,361,0,1,2.03342,2.03342,1971,388,5,1288,0,0,0,0,0,3761,4631.46,0.992583,7.92975,599918,184,59320,2256,1759225,736,237280,9024,32,4,867412,1712166,27757184,6848664,34605848,4,4,12,4,49,16,12,20,20,20260807,5,1,1,1,0,0,0,6586,0.274417,1,0.0015,0
2759,24379.4,9,0,2.63292,7.26337,0,0,0,9.89629,361,361,0,1,2.03342,2.03342,1971,388,5,1288,0,0,0,0,0,3761,4631.46,0.992583,7.92975,599918,184,59320,2256,1759225,736,237280,9024,32,4,867412,1712166,27757184,6848664,34605848,4,4,12,4,49,16,12,20,20,20260807,5,1,1,1,0,0,0,6586,0.274417,1,0.0015,0
2760,24386,6,0,2.41463,4.05517,0,0,0,6.46979,361,361,0,1,2.03342,2.03342,1971,388,5,1288,0,0,0,0,0,3761,4631.46,0.992583,7.92975,599918,184,59320,2256,1759225,736,237280,9024,32,4,867412,1712166,27757184,6848664,34605848,4,4,12,4,49,16,12,20,20,20260807,5,1,1,1,0,0,0,6586,0.274417,1,0.0015,0
2761,24396.2,10,0,2.59183,7.56679,0,0,0,10.1586,361,361,0,1,2.03342,2.03342,1971,388,5,1288,0,0,0,0,0,3761,4631.46,0.992583,7.92975,599918,184,59320,2256,1759225,736,237280,9024,32,4,867412,1712166,27757184,6848664,34605848,4,4,12,4,49,16,12,20,20,20260807,5,1,1,1,0,0,0,6587,0.274458,1,0.0015,1
2762,24403.4,7,0,2.57204,4.21417,0,0,0,6.78621,361,361,0,1,2.03342,2.03342,1971,388,5,1288,0,0,0,0,0,3761,4631.46,0.992583,7.92975,599918,184,59320,2256,1759225,736,237280,9024,32,4,867412,1712166,27757184,6848664,34605848,4,4,12,4,49,16,12,20,20,20260807,5,1,1,1,0,0,0,6587,0.274458,1,0.0015,0
2763,24412.8,10,0,2.44292,6.91312,0,0,0,9.35604,361,361,0,1,2.03342,2.03342,1971,388,5,1288,0,0,0,0,0,3761,4631.46,0.992583,7.92975,599918,184,59320,2256,1759225,736,237280,9024,32,4,867412,1712166,27757184,6848664,34605848,4,4,12,4,49,16,12,20,20,20260807,5,1,1,1,0,0,0,6587,0.274458,1,0.0015,0
2764,24420,7,0,2.46042,4.58008,0,0,0,7.0405,361,361,0,1,2.03342,2.03342,1971,388,5,1288,0,0,0,0,0,3761,4631.46,0.992583,7.92975,599918,184,59320,2256,1759225,736,237280,9024,32,4,867412,1712166,27757184,6848664,34605848,4,4,12,4,49,16,12,20,20,20260807,5,1,1,1,0,0,0,6587,0.274458,1,0.0015,0
2765,24429.7,10,0,2.45433,7.20767,0,0,0,9.662,361,361,0,1,2.03342,2.03342,1971,388,5,1288,0,0,0,0,0,3761,4631.46,0.992583,7.92975,599918,184,59320,2256,1759225,736,237280,9024,32,4,867412,1712166,27757184,6848664,34605848,4,4,12,4,49,16,12,20,20,20260807,5,1,1,1,0,0,0,6587,0.274458,1,0.0015,0
2766,24436.6,7,0,2.47308,4.20033,0,0,0,6.67342,361,361,0,1,2.03342,2.03342,1971,388,5,1288,0,0,0,0,0,3761,4631.46,0.992583,7.92975,599918,184,59320,2256,1759225,736,237280,9024,32,4,867412,1712166,27757184,6848664,34605848,4,4,12,4,49,16,12,20,20,20260807,5,1,1,1,0,0,0,6587,0.274458,1,0.0015,0
2767,24447.7,11,0,2.49542,8.50225,0,0,0,10.9977,361,361,0,1,2.03342,2.03342,1971,388,5,1288,0,0,0,0,0,3761,4631.46,0.992583,7.92975,599918,184,59320,2256,1759225,736,237280,9024,32,4,867412,1712166,27757184,6848664,34605848,4,4,12,4,49,16,12,20,20,20260807,5,1,1,1,0,0,0,6588,0.2745,1,0.0015,1
2768,24454.7,7,0,2.37425,4.52917,0,0,0,6.90342,361,361,0,1,2.03342,2.03342,1971,388,5,1288,0,0,0,0,0,3761,4631.46,0.992583,7.92975,599918,184,59320,2256,1759225,736,237280,9024,32,4,867412,1712166,27757184,6848664,34605848,4,4,12,4,49,16,12,20,20,20260807,5,1,1,1,0,0,0,6588,0.2745,1,0.0015,0
2769,24465.5,11,0,2.42129,8.32558,0,0,0,10.7469,361,361,0,1,2.03342,2.03342,1971,388,5,1288,0,0,0,0,0,3761,4631.46,0.992583,7.92975,599918,184,59320,2256,1759225,736,237280,9024,32,4,867412,1712166,27757184,6848664,34605848,4,4,12,4,49,16,12,20,20,20260807,5,1,1,1,0,0,0,6588,0.2745,1,0.0015,0
2770,24472.1,6,0,2.34275,4.19579,0,0,0,6.53854,361,361,0,1,2.03342,2.03342,1971,388,5,1288,0,0,0,0,0,3761,4631.46,0.992583,7.92975,599918,184,59320,2256,1759225,736,237280,9024,32,4,867412,1712166,27757184,6848664,34605848,4,4,12,4,49,16,12,20,20,20260807,5,1,1,1,0,0,0,6588,0.2745,1,0.0015,0
2771,24479.5,8,0,2.3525,4.89912,0,0,0,7.25162,361,361,0,1,2.03342,2.03342,1971,388,5,1288,0,0,0,0,0,3761,4631.46,0.992583,7.92975,599918,184,59320,2256,1759225,736,237280,9024,32,4,867412,1712166,27757184,6848664,34605848,4,4,12,4,49,16,12,20,20,20260807,5,1,1,1,0,0,0,6588,0.2745,1,0.0015,0
2772,24485.9,6,0,2.51892,3.87588,0,0,0,6.39479,361,361,0,1,2.03342,2.03342,1971,388,5,1288,0,0,0,0,0,3761,4631.46,0.992583,7.92975,599918,184,59320,2256,1759225,736,237280,9024,32,4,867412,1712166,27757184,6848664,34605848,4,4,12,4,49,16,12,20,20,20260807,5,1,1,1,0,0,0,6588,0.2745,1,0.0015,0
2773,24496.1,10,0,2.53704,7.56654,0,0,0,10.1036,361,361,0,1,2.03342,2.03342,1971,388,5,1288,0,0,0,0,0,3761,4631.46,0.992583,7.92975,599918,184,59320,2256,1759225,736,237280,9024,32,4,867412,1712166,27757184,6848664,34605848,4,4,12,4,49,16,12,20,20,20260807,5,1,1,1,0,0,0,6589,0.274542,1,0.0015,1
2774,24502.4,7,0,2.45758,3.77842,0,0,0,6.236,361,361,0,1,2.03342,2.03342,1971,388,5,1288,0,0,0,0,0,3761,4631.46,0.992583,7.92975,599918,184,59320,2256,1759225,736,237280,9024,32,4,867412,1712166,27757184,6848664,34605848,4,4,12,4,49,16,12,20,20,20260807,5,1,1,1,0,0,0,6589,0.274542,1,0.0015,0
2775,24513.1,10,0,2.46592,8.06046,0,0,0,10.5264,361,361,0,1,2.03342,2.03342,1971,388,5,1288,0,0,0,0,0,3761,4631.46,0.992583,7.92975,599918,184,59320,2256,1759225,736,237280,9024,32,4,867412,1712166,27757184,6848664,34605848,4,4,12,4,49,16,12,20,20,20260807,5,1,1,1,0,0,0,6589,0.274542,1,0.0015,0
2776,24518.9,6,0,2.21858,3.49608,0,0,0,5.71467,361,361,0,1,2.03342,2.03342,1971,388,5,1288,0,0,0,0,0,3761,4631.46,0.992583,7.92975,599918,184,59320,2256,1759225,736,237280,9024,32,4,867412,1712166,27757184,6848664,34605848,4,4,12,4,49,16,12,20,20,20260807,5,1,1,1,0,0,0,6589,0.274542,1,0.0015,0
2777,24529.6,11,0,2.56,8.06929,0,0,0,10.6293,361,361,0,1,2.03342,2.03342,1971,388,5,1288,0,0,0,0,0,3761,4631.46,0.992583,7.92975,599918,184,59320,2256,1759225,736,237280,9024,32,4,867412,1712166,27757184,6848664,34605848,4,4,12,4,49,16,12,20,20,20260807,5,1,1,1,0,0,0,6589,0.274542,1,0.0015,0
2778,24535.6,6,0,2.28817,3.67325,0,0,0,5.96142,361,361,0,1,2.03342,2.03342,1971,388,5,1288,0,0,0,0,0,3761,4631.46,0.992583,7.92975,599918,184,59320,2256,1759225,736,237280,9024,32,4,867412,1712166,27757184,6848664,34605848,4,4,12,4,49,16,12,20,20,20260807,5,1,1,1,0,0,0,6589,0.274542,1,0.0015,0
2779,24545.8,10,0,2.42033,7.61642,0,0,0,10.0367,361,361,0,1,2.03342,2.03342,1971,388,5,1288,0,0,0,0,0,3761,4631.46,0.992583,7.92975,599918,184,59320,2256,1759225,736,237280,9024,32,4,867412,1712166,27757184,6848664,34605848,4,4,12,4,49,16,12,20,20,20260807,5,1,1,1,0,0,0,6590,0.274583,1,0.0015,1
2780,24552.3,6,0,2.23271,4.23742,0,0,0,6.47013,361,361,0,1,2.03342,2.03342,1971,388,5,1288,0,0,0,0,0,3761,4631.46,0.992583,7.92975,599918,184,59320,2256,1759225,736,237280,9024,32,4,867412,1712166,27757184,6848664,34605848,4,4,12,4,49,16,12,20,20,20260807,5,1,1,1,0,0,0,6590,0.274583,1,0.0015,0
2781,24562.3,10,0,2.26983,7.62017,0,0,0,9.89,361,361,0,1,2.03342,2.03342,1971,388,5,1288,0,0,0,0,0,3761,4631.46,0.992583,7.92975,599918,184,59320,2256,1759225,736,237280,9024,32,4,867412,1712166,27757184,6848664,34605848,4,4,12,4,49,16,12,20,20,20260807,5,1,1,1,0,0,0,6590,0.274583,1,0.0015,0
2782,24568.4,7,0,2.15587,3.915,0,0,0,6.07088,361,361,0,1,2.03342,2.03342,1971,388,5,1288,0,0,0,0,0,3761,4631.46,0.992583,7.92975,599918,184,59320,2256,1759225,736,237280,9024,32,4,867412,1712166,27757184,6848664,34605848,4,4,12,4,49,16,12,20,20,20260807,5,1,1,1,0,0,0,6590,0.274583,1,0.0015,0
2783,24579,10,0,2.31679,8.21696,0,0,0,10.5337,361,361,0,1,2.03342,2.03342,1971,388,5,1288,0,0,0,0,0,3761,4631.46,0.992583,7.92975,599918,184,59320,2256,1759225,736,237280,9024,32,4,867412,1712166,27757184,6848664,34605848,4,4,12,4,49,16,12,20,20,20260807,5,1,1,1,0,0,0,6590,0.274583,1,0.0015,0
2784,24585.4,7,0,2.24754,4.05879,0,0,0,6.30633,361,361,0,1,2.03342,2.03342,1971,388,5,1288,0,0,0,0,0,3761,4631.46,0.992583,7.92975,599918,184,59320,2256,1759225,736,237280,9024,32,4,867412,1712166,27757184,6848664,34605848,4,4,12,4,49,16,12,20,20,20260807,5,1,1,1,0,0,0,6590,0.274583,1,0.0015,0
2785,24595.7,10,0,2.28171,7.95204,0,0,0,10.2338,361,361,0,1,2.03342,2.03342,1971,388,5,1288,0,0,0,0,0,3761,4631.46,0.992583,7.92975,599918,184,59320,2256,1759225,736,237280,9024,32,4,867412,1712166,27757184,6848664,34605848,4,4,12,4,49,16,12,20,20,20260807,5,1,1,1,0,0,0,6591,0.274625,1,0.0015,1
2786,24602.4,7,0,2.27321,4.33792,0,0,0,6.61113,361,361,0,1,2.03342,2.03342,1971,388,5,1288,0,0,0,0,0,3761,4631.46,0.992583,7.92975,599918,184,59320,2256,1759225,736,237280,9024,32,4,867412,1712166,27757184,6848664,34605848,4,4,12,4,49,16,12,20,20,20260807,5,1,1,1,0,0,0,6591,0.274625,1,0.0015,0
2787,24612.3,9,0,2.29283,7.52208,0,0,0,9.81492,361,361,0,1,2.03342,2.03342,1971,388,5,1288,0,0,0,0,0,3761,4631.46,0.992583,7.92975,599918,184,59320,2256,1759225,736,237280,9024,32,4,867412,1712166,27757184,6848664,34605848,4,4,12,4,49,16,12,20,20,20260807,5,1,1,1,0,0,0,6591,0.274625,1,0.0015,0
2788,24618.9,7,0,2.14838,4.36079,0,0,0,6.50917,361,361,0,1,2.03342,2.03342,1971,388,5,1288,0,0,0,0,0,3761,4631.46,0.992583,7.92975,599918,184,59320,2256,1759225,736,237280,9024,32,4,867412,1712166,27757184,6848664,34605848,4,4,12,4,49,16,12,20,20,20260807,5,1,1,1,0,0,0,6591,0.274625,1,0.0015,0
2789,24629.1,10,0,2.39979,7.681,0,0,0,10.0808,361,361,0,1,2.03342,2.03342,1971,388,5,1288,0,0,0,0,0,3761,4631.46,0.992583,7.92975,599918,184,59320,2256,1759225,736,237280,9024,32,4,867412,1712166,27757184,6848664,34605848,4,4,12,4,49,16,12,20,20,20260807,5,1,1,1,0,0,0,6591,0.274625,1,0.0015,0
2790,24635.8,7,0,2.34392,4.20812,0,0,0,6.55204,361,361,0,1,2.03342,2.03342,1971,388,5,1288,0,0,0,0,0,3761,4631.46,0.992583,7.92975,599918,184,59320,2256,1759225,736,237280,9024,32,4,867412,1712166,27757184,6848664,34605848,4,4,12,4,49,16,12,20,20,20260807,5,1,1,1,0,0,0,6591,0.274625,1,0.0015,0
2791,24646.4,10,0,2.59558,7.94242,0,0,0,10.538,361,361,0,1,2.03342,2.03342,1971,388,5,1288,0,0,0,0,0,3761,4631.46,0.992583,7.92975,599918,184,59320,2256,1759225,736,237280,9024,32,4,867412,1712166,27757184,6848664,34605848,4,4,12,4,49,16,12,20,20,20260807,5,1,1,1,0,0,0,6592,0.274667,1,0.0015,1
2792,24653.3,7,0,2.51821,4.295,0,0,0,6.81321,361,361,0,1,2.03342,2.03342,1971,388,5,1288,0,0,0,0,0,3761,4631.46,0.992583,7.92975,599918,184,59320,2256,1759225,736,237280,9024,32,4,867412,1712166,27757184,6848664,34605848,4,4,12,4,49,16,12,20,20,20260807,5,1,1,1,0,0,0,6592,0.274667,1,0.0015,0
2793,24663.3,10,0,2.32217,7.61658,0,0,0,9.93875,361,361,0,1,2.03342,2.03342,1971,388,5,1288,0,0,0,0,0,3761,4631.46,0.992583,7.92975,599918,184,59320,2256,1759225,736,237280,9024,32,4,867412,1712166,27757184,6848664,34605848,4,4,12,4,49,16,12,20,20,20260807,5,1,1,1,0,0,0,6592,0.274667,1,0.0015,0
2794,24669.6,7,0,2.31575,3.88413,0,0,0,6.19987,361,361,0,1,2.03342,2.03342,1971,388,5,1288,0,0,0,0,0,3761,4631.46,0.992583,7.92975,599918,184,59320,2256,1759225,736,237280,9024,32,4,867412,1712166,27757184,6848664,34605848,4,4,12,4,49,16,12,20,20,20260807,5,1,1,1,0,0,0,6592,0.274667,1,0.0015,0
2795,24679.3,9,0,2.27962,7.36021,0,0,0,9.63983,361,361,0,1,2.03342,2.03342,1971,388,5,1288,0,0,0,0,0,3761,4631.46,0.992583,7.92975,599918,184,59320,2256,1759225,736,237280,9024,32,4,867412,1712166,27757184,6848664,34605848,4,4,12,4,49,16,12,20,20,20260807,5,1,1,1,0,0,0,6592,0.274667,1,0.0015,0
2796,24686.6,8,0,2.34888,4.84396,0,0,0,7.19283,361,361,0,1,2.03342,2.03342,1971,388,5,1288,0,0,0,0,0,3761,4631.46,0.992583,7.92975,599918,184,59320,2256,1759225,736,237280,9024,32,4,867412,1712166,27757184,6848664,34605848,4,4,12,4,49,16,12,20,20,20260807,5,1,1,1,0,0,0,6592,0.274667,1,0.0015,0
2797,24695.8,9,0,2.56962,6.51254,0,0,0,9.08217,361,361,0,1,2.03342,2.03342,1971,388,5,1288,0,0,0,0,0,3761,4631.46,0.992583,7.92975,599918,184,59320,2256,1759225,736,237280,9024,32,4,867412,1712166,27757184,6848664,34605848,4,4,12,4,49,16,12,20,20,20260807,5,1,1,1,0,0,0,6593,0.274708,1,0.0015,1
2798,24703.3,7,0,2.2725,5.14971,0,0,0,7.42221,361,361,0,1,2.03342,2.03342,1971,388,5,1288,0,0,0,0,0,3761,4631.46,0.992583,7.92975,599918,184,59320,2256,1759225,736,237280,9024,32,4,867412,1712166,27757184,6848664,34605848,4,4,12,4,49,16,12,20,20,20260807,5,1,1,1,0,0,0,6593,0.274708,1,0.0015,0
2799,24713.6,11,0,2.35629,7.89829,0,0,0,10.2546,361,361,0,1,2.03342,2.03342,1971,388,5,1288,0,0,0,0,0,3761,4631.46,0.992583,7.92975,599918,184,59320,2256,1759225,736,237280,9024,32,4,867412,1712166,27757184,6848664,34605848,4,4,12,4,49,16,12,20,20,20260807,5,1,1,1,0,0,0,6593,0.274708,1,0.0015,0
2800,24721,7,0,2.5855,4.753,0,0,0,7.3385,361,361,0,1,2.03342,2.03342,1971,388,5,1288,0,0,0,0,0,3761,4631.46,0.992583,7.92975,599918,184,59320,2256,1759225,736,237280,9024,32,4,867412,1712166,27757184,6848664,34605848,4,4,12,4,49,16,12,20,20,20260807,5,1,1,1,0,0,0,6593,0.274708,1,0.0015,0
2801,24729.3,8,0,2.27175,5.88433,0,0,0,8.15608,361,361,0,1,2.03342,2.03342,1971,388,5,1288,0,0,0,0,0,3761,4631.46,0.992583,7.92975,599918,184,59320,2256,1759225,736,237280,9024,32,4,867412,1712166,27757184,6848664,34605848,4,4,12,4,49,16,12,20,20,20260807,5,1,1,1,0,0,0,6593,0.274708,1,0.0015,0
2802,24735.9,7,0,2.38333,4.10471,0,0,0,6.48804,361,361,0,1,2.03342,2.03342,1971,388,5,1288,0,0,0,0,0,3761,4631.46,0.992583,7.92975,599918,184,59320,2256,1759225,736,237280,9024,32,4,867412,1712166,27757184,6848664,34605848,4,4,12,4,49,16,12,20,20,20260807,5,1,1,1,0,0,0,6593,0.274708,1,0.0015,0
2803,24745.7,10,0,2.47483,7.27108,0,0,0,9.74592,361,361,0,1,2.03342,2.03342,1971,388,5,1288,0,0,0,0,0,3761,4631.46,0.992583,7.92975,599918,184,59320,2256,1759225,736,237280,9024,32,4,867412,1712166,27757184,6848664,34605848,4,4,12,4,49,16,12,20,20,20260807,5,1,1,1,0,0,0,6594,0.27475,1,0.0015,1
2804,24752,6,0,2.12887,4.0075,0,0,0,6.13638,361,361,0,1,2.03342,2.03342,1971,388,5,1288,0,0,0,0,0,3761,4631.46,0.992583,7.92975,599918,184,59320,2256,1759225,736,237280,9024,32,4,867412,1712166,27757184,6848664,34605848,4,4,12,4,49,16,12,20,20,20260807,5,1,1,1,0,0,0,6594,0.27475,1,0.0015,0
2805,24762.3,10,0,2.45962,7.83404,0,0,0,10.2937,361,361,0,1,2.03342,2.03342,1971,388,5,1288,0,0,0,0,0,3761,4631.46,0.992583,7.92975,599918,184,59320,2256,1759225,736,237280,9024,32,4,867412,1712166,27757184,6848664,34605848,4,4,12,4,49,16,12,20,20,20260807,5,1,1,1,0,0,0,6594,0.27475,1,0.0015,0
2806,24768.7,7,0,2.24154,3.99333,0,0,0,6.23487,361,361,0,1,2.03342,2.03342,1971,388,5,1288,0,0,0,0,0,3761,4631.46,0.992583,7.92975,599918,184,59320,2256,1759225,736,237280,9024,32,4,867412,1712166,27757184,6848664,34605848,4,4,12,4,49,16,12,20,20,20260807,5,1,1,1,0,0,0,6594,0.27475,1,0.0015,0
2807,24779.1,10,0,2.65533,7.68908,0,0,0,10.3444,361,361,0,1,2.03342,2.03342,1971,388,5,1288,0,0,0,0,0,3761,4631.46,0.992583,7.92975,599918,184,59320,2256,1759225,736,237280,9024,32,4,867412,1712166,27757184,6848664,34605848,4,4,12,4,49,16,12,20,20,20260807,5,1,1,1,0,0,0,6594,0.27475,1,0.0015,0
2808,24785.1,6,0,2.41771,3.50233,0,0,0,5.92004,361,361,0,1,2.03342,2.03342,1971,388,5,1288,0,0,0,0,0,3761,4631.46,0.992583,7.92975,599918,184,59320,2256,1759225,736,237280,9024,32,4,867412,1712166,27757184,6848664,34605848,4,4,12,4,49,16,12,20,20,20260807,5,1,1,1,0,0,0,6594,0.27475,1,0.0015,0
2809,24795.9,11,0,2.32063,8.42458,0,0,0,10.7452,361,361,0,1,2.03342,2.03342,1971,388,5,1288,0,0,0,0,0,3761,4631.46,0.992583,7.92975,599918,184,59320,2256,1759225,736,237280,9024,32,4,867412,1712166,27757184,6848664,34605848,4,4,12,4,49,16,12,20,20,20260807,5,1,1,1,0,0,0,6595,0.274792,1,0.0015,1
2810,24801.6,6,0,2.32425,3.30975,0,0,0,5.634,361,361,0,1,2.03342,2.03342,1971,388,5,1288,0,0,0,0,0,3761,4631.46,0.992583,7.92975,599918,184,59320,2256,1759225,736,237280,9024,32,4,867412,1712166,27757184,6848664,34605848,4,4,12,4,49,16,12,20,20,20260807,5,1,1,1,0,0,0,6595,0.274792,1,0.0015,0
2811,24812.5,11,0,2.43838,8.36313,0,0,0,10.8015,361,361,0,1,2.03342,2.03342,1971,388,5,1288,0,0,0,0,0,3761,4631.46,0.992583,7.92975,599918,184,59320,2256,1759225,736,237280,9024,32,4,867412,1712166,27757184,6848664,34605848,4,4,12,4,49,16,12,20,20,20260807,5,1,1,1,0,0,0,6595,0.274792,1,0.0015,0
2812,24818.6,6,0,2.43975,3.59025,0,0,0,6.03,361,361,0,1,2.03342,2.03342,1971,388,5,1288,0,0,0,0,0,3761,4631.46,0.992583,7.92975,599918,184,59320,2256,1759225,736,237280,9024,32,4,867412,1712166,27757184,6848664,34605848,4,4,12,4,49,16,12,20,20,20260807,5,1,1,1,0,0,0,6595,0.274792,1,0.0015,0
2813,24829.1,10,0,2.61108,7.83625,0,0,0,10.4473,361,361,0,1,2.03342,2.03342,1971,388,5,1288,0,0,0,0,0,3761,4631.46,0.992583,7.92975,599918,184,59320,2256,1759225,736,237280,9024,32,4,867412,1712166,27757184,6848664,34605848,4,4,12,4,49,16,12,20,20,20260807,5,1,1,1,0,0,0,6595,0.274792,1,0.0015,0
2814,24834.8,6,0,2.19588,3.40754,0,0,0,5.60342,361,361,0,1,2.03342,2.03342,1971,388,5,1288,0,0,0,0,0,3761,4631.46,0.992583,7.92975,599918,184,59320,2256,1759225,736,237280,9024,32,4,867412,1712166,27757184,6848664,34605848,4,4,12,4,49,16,12,20,20,20260807,5,1,1,1,0,0,0,6595,0.274792,1,0.0015,0
2815,24846.3,11,0,2.40488,8.94621,0,0,0,11.3511,361,361,0,1,2.03342,2.03342,1971,388,5,1288,0,0,0,0,0,3761,4631.46,0.992583,7.92975,599918,184,59320,2256,1759225,736,237280,9024,32,4,867412,1712166,27757184,6848664,34605848,4,4,12,4,49,16,12,20,20,20260807,5,1,1,1,0,0,0,6596,0.274833,1,0.0015,1
2816,24852.1,6,0,2.18342,3.56571,0,0,0,5.74913,361,361,0,1,2.03342,2.03342,1971,388,5,1288,0,0,0,0,0,3761,4631.46,0.992583,7.92975,599918,184,59320,2256,1759225,736,237280,9024,32,4,867412,1712166,27757184,6848664,34605848,4,4,12,4,49,16,12,20,20,20260807,5,1,1,1,0,0,0,6596,0.274833,1,0.0015,0
2817,24862.5,11,0,2.26925,8.10463,0,0,0,10.3739,361,361,0,1,2.03342,2.03342,1971,388,5,1288,0,0,0,0,0,3761,4631.46,0.992583,7.92975,599918,184,59320,2256,1759225,736,237280,9024,32,4,867412,1712166,27757184,6848664,34605848,4,4,12,4,49,16,12,20,20,20260807,5,1,1,1,0,0,0,6596,0.274833,1,0.0015,0
2818,24868.8,6,0,2.311,3.82367,0,0,0,6.13467,361,361,0,1,2.03342,2.03342,1971,388,5,1288,0,0,0,0,0,3761,4631.46,0.992583,7.92975,599918,184,59320,2256,1759225,736,237280,9024,32,4,867412,1712166,27757184,6848664,34605848,4,4,12,4,49,16,12,20,20,20260807,5,1,1,1,0,0,0,6596,0.274833,1,0.0015,0
2819,24882.3,13,0,2.75767,10.6333,0,0,0,13.3909,361,361,0,1,2.03342,2.03342,1971,388,5,1288,0,0,0,0,0,3761,4631.46,0.992583,7.92975,599918,184,59320,2256,1759225,736,237280,9024,32,4,867412,1712166,27757184,6848664,34605848,4,4,12,4,49,16,12,20,20,20260807,5,1,1,1,0,0,0,6596,0.274833,1,0.0015,0
2820,24889.2,7,0,2.57275,4.26363,0,0,0,6.83638,361,361,0,1,2.03342,2.03342,1971,388,5,1288,0,0,0,0,0,3761,4631.46,0.992583,7.92975,599918,184,59320,2256,1759225,736,237280,9024,32,4,867412,1712166,27757184,6848664,34605848,4,4,12,4,49,16,12,20,20,20260807,5,1,1,1,0,0,0,6596,0.274833,1,0.0015,0
2821,24914.1,25,0,2.3055,22.489,0,0,0,24.7945,361,361,0,1,2.03342,2.03342,1971,388,5,1288,0,0,0,0,0,3761,4631.46,0.992583,7.92975,599918,184,59320,2256,1759225,736,237280,9024,32,4,867412,1712166,27757184,6848664,34605848,4,4,12,4,49,16,12,20,20,20260807,5,1,1,1,0,0,0,6597,0.274875,1,0.0015,1
2822,24927.5,14,0,2.92871,7.31158,0,0,0,10.2403,361,361,0,1,2.03342,2.03342,1971,388,5,1288,0,0,0,0,0,3761,4631.46,0.992583,7.92975,599918,184,59320,2256,1759225,736,237280,9024,32,4,867412,1712166,27757184,6848664,34605848,4,4,12,4,49,16,12,20,20,20260807,5,1,1,1,0,0,0,6597,0.274875,1,0.0015,0
2823,24935.2,7,0,2.85867,4.70483,0,0,0,7.5635,361,361,0,1,2.03342,2.03342,1971,388,5,1288,0,0,0,0,0,3761,4631.46,0.992583,7.92975,599918,184,59320,2256,1759225,736,237280,9024,32,4,867412,1712166,27757184,6848664,34605848,4,4,12,4,49,16,12,20,20,20260807,5,1,1,1,0,0,0,6597,0.274875,1,0.0015,0
2824,24947.2,12,0,2.73342,9.18337,0,0,0,11.9168,361,361,0,1,2.03342,2.03342,1971,388,5,1288,0,0,0,0,0,3761,4631.46,0.992583,7.92975,599918,184,59320,2256,1759225,736,237280,9024,32,4,867412,1712166,27757184,6848664,34605848,4,4,12,4,49,16,12,20,20,20260807,5,1,1,1,0,0,0,6598,0.274917,1,0.0015,1
2825,24957.5,11,0,4.00321,6.23821,0,0,0,10.2414,361,361,0,1,2.03342,2.03342,1971,388,5,1288,0,0,0,0,0,3761,4631.46,0.992583,7.92975,599918,184,59320,2256,1759225,736,237280,9024,32,4,867412,1712166,27757184,6848664,34605848,4,4,12,4,49,16,12,20,20,20260807,5,1,1,1,0,0,0,6598,0.274917,1,0.0015,0
2826,24965.6,8,0,2.25517,5.754,0,0,0,8.00917,361,361,0,1,2.03342,2.03342,1971,388,5,1288,0,0,0,0,0,3761,4631.46,0.992583,7.92975,599918,184,59320,2256,1759225,736,237280,9024,32,4,867412,1712166,27757184,6848664,34605848,4,4,12,4,49,16,12,20,20,20260807,5,1,1,1,0,0,0,6598,0.274917,1,0.0015,0
2827,24973.1,7,0,2.29558,5.06242,0,0,0,7.358,361,361,0,1,2.03342,2.03342,1971,388,5,1288,0,0,0,0,0,3761,4631.46,0.992583,7.92975,599918,184,59320,2256,1759225,736,237280,9024,32,4,867412,1712166,27757184,6848664,34605848,4,4,12,4,49,16,12,20,20,20260807,5,1,1,1,0,0,0,6598,0.274917,1,0.0015,0
2828,24980.5,8,0,2.29,5.08283,0,0,0,7.37283,361,361,0,1,2.03342,2.03342,1971,388,5,1288,0,0,0,0,0,3761,4631.46,0.992583,7.92975,599918,184,59320,2256,1759225,736,237280,9024,32,4,867412,1712166,27757184,6848664,34605848,4,4,12,4,49,16,12,20,20,20260807,5,1,1,1,0,0,0,6598,0.274917,1,0.0015,0
2829,24987.5,7,0,2.28008,4.64358,0,0,0,6.92367,361,361,0,1,2.03342,2.03342,1971,388,5,1288,0,0,0,0,0,3761,4631.46,0.992583,7.92975,599918,184,59320,2256,1759225,736,237280,9024,32,4,867412,1712166,27757184,6848664,34605848,4,4,12,4,49,16,12,20,20,20260807,5,1,1,1,0,0,0,6598,0.274917,1,0.0015,0
2830,25000.7,13,0,2.1985,10.9537,0,0,0,13.1522,361,361,0,1,2.03342,2.03342,1971,388,5,1288,0,0,0,0,0,3761,4631.46,0.992583,7.92975,599918,184,59320,2256,1759225,736,237280,9024,32,4,867412,1712166,27757184,6848664,34605848,4,4,12,4,49,16,12,20,20,20260807,5,1,1,1,0,0,0,6599,0.274958,1,0.0015,1
2831,25007.5,7,0,2.43042,4.27554,0,0,0,6.70596,361,361,0,1,2.03342,2.03342,1971,388,5,1288,0,0,0,0,0,3761,4631.46,0.992583,7.92975,599918,184,59320,2256,1759225,736,237280,9024,32,4,867412,1712166,27757184,6848664,34605848,4,4,12,4,49,16,12,20,20,20260807,5,1,1,1,0,0,0,6599,0.274958,1,0.0015,0
2832,25014.2,6,0,2.12317,4.46183,0,0,0,6.585,361,361,0,1,2.03342,2.03342,1971,388,5,1288,0,0,0,0,0,3761,4631.46,0.992583,7.92975,599918,184,59320,2256,1759225,736,237280,9024,32,4,867412,1712166,27757184,6848664,34605848,4,4,12,4,49,16,12,20,20,20260807,5,1,1,1,0,0,0,6599,0.274958,1,0.0015,0
2833,25021.2,7,0,2.20333,4.63721,0,0,0,6.84054,361,361,0,1,2.03342,2.03342,1971,388,5,1288,0,0,0,0,0,3761,4631.46,0.992583,7.92975,599918,184,59320,2256,1759225,736,237280,9024,32,4,867412,1712166,27757184,6848664,34605848,4,4,12,4,49,16,12,20,20,20260807,5,1,1,1,0,0,0,6599,0.274958,1,0.0015,0
2834,25030,9,0,2.31154,6.44867,0,0,0,8.76021,361,361,0,1,2.03342,2.03342,1971,388,5,1288,0,0,0,0,0,3761,4631.46,0.992583,7.92975,599918,184,59320,2256,1759225,736,237280,9024,32,4,867412,1712166,27757184,6848664,34605848,4,4,12,4,49,16,12,20,20,20260807,5,1,1,1,0,0,0,6599,0.274958,1,0.0015,0
2835,25036.7,7,0,2.17833,4.44254,0,0,0,6.62087,361,361,0,1,2.03342,2.03342,1971,388,5,1288,0,0,0,0,0,3761,4631.46,0.992583,7.92975,599918,184,59320,2256,1759225,736,237280,9024,32,4,867412,1712166,27757184,6848664,34605848,4,4,12,4,49,16,12,20,20,20260807,5,1,1,1,0,0,0,6599,0.274958,1,0.0015,0
2836,25046.3,9,0,2.44379,7.08212,0,0,0,9.52592,361,361,0,1,2.03342,2.03342,1971,388,5,1288,0,0,0,0,0,3761,4631.46,0.992583,7.92975,599918,184,59320,2256,1759225,736,237280,9024,32,4,867412,1712166,27757184,6848664,34605848,4,4,12,4,49,16,12,20,20,20260807,5,1,1,1,0,0,0,6600,0.275,1,0.0015,1
2837,25054.4,8,0,2.65679,5.34058,0,0,0,7.99737,361,361,0,1,2.03342,2.03342,1971,388,5,1288,0,0,0,0,0,3761,4631.46,0.992583,7.92975,599918,184,59320,2256,1759225,736,237280,9024,32,4,867412,1712166,27757184,6848664,34605848,4,4,12,4,49,16,12,20,20,20260807,5,1,1,1,0,0,0,6600,0.275,1,0.0015,0
2838,25062.8,9,0,2.28621,6.00504,0,0,0,8.29125,361,361,0,1,2.03342,2.03342,1971,388,5,1288,0,0,0,0,0,3761,4631.46,0.992583,7.92975,599918,184,59320,2256,1759225,736,237280,9024,32,4,867412,1712166,27757184,6848664,34605848,4,4,12,4,49,16,12,20,20,20260807,5,1,1,1,0,0,0,6600,0.275,1,0.0015,0
2839,25069.6,7,0,2.58783,4.13267,0,0,0,6.7205,361,361,0,1,2.03342,2.03342,1971,388,5,1288,0,0,0,0,0,3761,4631.46,0.992583,7.92975,599918,184,59320,2256,1759225,736,237280,9024,32,4,867412,1712166,27757184,6848664,34605848,4,4,12,4,49,16,12,20,20,20260807,5,1,1,1,0,0,0,6600,0.275,1,0.0015,0
2840,25079.7,10,0,2.57642,7.48937,0,0,0,10.0658,361,361,0,1,2.03342,2.03342,1971,388,5,1288,0,0,0,0,0,3761,4631.46,0.992583,7.92975,599918,184,59320,2256,1759225,736,237280,9024,32,4,867412,1712166,27757184,6848664,34605848,4,4,12,4,49,16,12,20,20,20260807,5,1,1,1,0,0,0,6600,0.275,1,0.0015,0
2841,25086.3,6,0,2.29354,4.25896,0,0,0,6.5525,361,361,0,1,2.03342,2.03342,1971,388,5,1288,0,0,0,0,0,3761,4631.46,0.992583,7.92975,599918,184,59320,2256,1759225,736,237280,9024,32,4,867412,1712166,27757184,6848664,34605848,4,4,12,4,49,16,12,20,20,20260807,5,1,1,1,0,0,0,6600,0.275,1,0.0015,0
2842,25096,10,0,2.53458,6.98796,0,0,0,9.52254,361,361,0,1,2.03342,2.03342,1971,388,5,1288,0,0,0,0,0,3761,4631.46,0.992583,7.92975,599918,184,59320,2256,1759225,736,237280,9024,32,4,867412,1712166,27757184,6848664,34605848,4,4,12,4,49,16,12,20,20,20260807,5,1,1,1,0,0,0,6601,0.275042,1,0.0015,1
2843,25102.4,6,0,2.31588,4.00687,0,0,0,6.32275,361,361,0,1,2.03342,2.03342,1971,388,5,1288,0,0,0,0,0,3761,4631.46,0.992583,7.92975,599918,184,59320,2256,1759225,736,237280,9024,32,4,867412,1712166,27757184,6848664,34605848,4,4,12,4,49,16,12,20,20,20260807,5,1,1,1,0,0,0,6601,0.275042,1,0.0015,0
2844,25116.7,15,0,2.52379,11.6574,0,0,0,14.1812,361,361,0,1,2.03342,2.03342,1971,388,5,1288,0,0,0,0,0,3761,4631.46,0.992583,7.92975,599918,184,59320,2256,1759225,736,237280,9024,32,4,867412,1712166,27757184,6848664,34605848,4,4,12,4,49,16,12,20,20,20260807,5,1,1,1,0,0,0,6601,0.275042,1,0.0015,0
2845,25129.6,13,0,2.30379,10.5171,0,0,0,12.8209,361,361,0,1,2.03342,2.03342,1971,388,5,1288,0,0,0,0,0,3761,4631.46,0.992583,7.92975,599918,184,59320,2256,1759225,736,237280,9024,32,4,867412,1712166,27757184,6848664,34605848,4,4,12,4,49,16,12,20,20,20260807,5,1,1,1,0,0,0,6601,0.275042,1,0.0015,0
2846,25138.3,8,0,2.22788,6.43392,0,0,0,8.66179,361,361,0,1,2.03342,2.03342,1971,388,5,1288,0,0,0,0,0,3761,4631.46,0.992583,7.92975,599918,184,59320,2256,1759225,736,237280,9024,32,4,867412,1712166,27757184,6848664,34605848,4,4,12,4,49,16,12,20,20,20260807,5,1,1,1,0,0,0,6601,0.275042,1,0.0015,0
2847,25146,8,0,2.24837,5.34025,0,0,0,7.58863,361,361,0,1,2.03342,2.03342,1971,388,5,1288,0,0,0,0,0,3761,4631.46,0.992583,7.92975,599918,184,59320,2256,1759225,736,237280,9024,32,4,867412,1712166,27757184,6848664,34605848,4,4,12,4,49,16,12,20,20,20260807,5,1,1,1,0,0,0,6602,0.275083,1,0.0015,1
2848,25152.1,6,0,2.25804,3.74404,0,0,0,6.00208,361,361,0,1,2.03342,2.03342,1971,388,5,1288,0,0,0,0,0,3761,4631.46,0.992583,7.92975,599918,184,59320,2256,1759225,736,237280,9024,32,4,867412,1712166,27757184,6848664,34605848,4,4,12,4,49,16,12,20,20,20260807,5,1,1,1,0,0,0,6602,0.275083,1,0.0015,0
2849,25162.7,11,0,2.38925,8.08829,0,0,0,10.4775,361,361,0,1,2.03342,2.03342,1971,388,5,1288,0,0,0,0,0,3761,4631.46,0.992583,7.92975,599918,184,59320,2256,1759225,736,237280,9024,32,4,867412,1712166,27757184,6848664,34605848,4,4,12,4,49,16,12,20,20,20260807,5,1,1,1,0,0,0,6602,0.275083,1,0.0015,0
2850,25169.5,7,0,2.33792,4.44854,0,0,0,6.78646,361,361,0,1,2.03342,2.03342,1971,388,5,1288,0,0,0,0,0,3761,4631.46,0.992583,7.92975,599918,184,59320,2256,1759225,736,237280,9024,32,4,867412,1712166,27757184,6848664,34605848,4,4,12,4,49,16,12,20,20,20260807,5,1,1,1,0,0,0,6602,0.275083,1,0.0015,0
2851,25186.6,17,0,2.71292,14.3095,0,0,0,17.0224,361,361,0,1,2.03342,2.03342,1971,388,5,1288,0,0,0,0,0,3761,4631.46,0.992583,7.92975,599918,184,59320,2256,1759225,736,237280,9024,32,4,867412,1712166,27757184,6848664,34605848,4,4,12,4,49,16,12,20,20,20260807,5,1,1,1,0,0,0,6602,0.275083,1,0.0015,0
2852,25195.9,9,0,2.35196,6.82492,0,0,0,9.17688,361,361,0,1,2.03342,2.03342,1971,388,5,1288,0,0,0,0,0,3761,4631.46,0.992583,7.92975,599918,184,59320,2256,1759225,736,237280,9024,32,4,867412,1712166,27757184,6848664,34605848,4,4,12,4,49,16,12,20,20,20260807,5,1,1,1,0,0,0,6603,0.275125,1,0.0015,1
2853,25202.2,6,0,2.49204,3.71238,0,0,0,6.20442,361,361,0,1,2.03342,2.03342,1971,388,5,1288,0,0,0,0,0,3761,4631.46,0.992583,7.92975,599918,184,59320,2256,1759225,736,237280,9024,32,4,867412,1712166,27757184,6848664,34605848,4,4,12,4,49,16,12,20,20,20260807,5,1,1,1,0,0,0,6603,0.275125,1,0.0015,0
2854,25212.5,11,0,2.38967,7.90317,0,0,0,10.2928,361,361,0,1,2.03342,2.03342,1971,388,5,1288,0,0,0,0,0,3761,4631.46,0.992583,7.92975,599918,184,59320,2256,1759225,736,237280,9024,32,4,867412,1712166,27757184,6848664,34605848,4,4,12,4,49,16,12,20,20,20260807,5,1,1,1,0,0,0,6603,0.275125,1,0.0015,0
2855,25219.3,6,0,2.36296,4.29221,0,0,0,6.65517,361,361,0,1,2.03342,2.03342,1971,388,5,1288,0,0,0,0,0,3761,4631.46,0.992583,7.92975,599918,184,59320,2256,1759225,736,237280,9024,32,4,867412,1712166,27757184,6848664,34605848,4,4,12,4,49,16,12,20,20,20260807,5,1,1,1,0,0,0,6603,0.275125,1,0.0015,0
2856,25229.3,10,0,2.703,7.24771,0,0,0,9.95071,361,361,0,1,2.03342,2.03342,1971,388,5,1288,0,0,0,0,0,3761,4631.46,0.992583,7.92975,599918,184,59320,2256,1759225,736,237280,9024,32,4,867412,1712166,27757184,6848664,34605848,4,4,12,4,49,16,12,20,20,20260807,5,1,1,1,0,0,0,6603,0.275125,1,0.0015,0
2857,25236.2,7,0,2.44871,4.37467,0,0,0,6.82338,361,361,0,1,2.03342,2.03342,1971,388,5,1288,0,0,0,0,0,3761,4631.46,0.992583,7.92975,599918,184,59320,2256,1759225,736,237280,9024,32,4,867412,1712166,27757184,6848664,34605848,4,4,12,4,49,16,12,20,20,20260807,5,1,1,1,0,0,0,6603,0.275125,1,0.0015,0
2858,25247.9,12,0,2.65329,8.99096,0,0,0,11.6442,361,361,0,1,2.03342,2.03342,1971,388,5,1288,0,0,0,0,0,3761,4631.46,0.992583,7.92975,599918,184,59320,2256,1759225,736,237280,9024,32,4,867412,1712166,27757184,6848664,34605848,4,4,12,4,49,16,12,20,20,20260807,5,1,1,1,0,0,0,6604,0.275167,1,0.0015,1
2859,25262.8,15,0,2.34317,12.3959,0,0,0,14.7391,361,361,0,1,2.03342,2.03342,1971,388,5,1288,0,0,0,0,0,3761,4631.46,0.992583,7.92975,599918,184,59320,2256,1759225,736,237280,9024,32,4,867412,1712166,27757184,6848664,34605848,4,4,12,4,49,16,12,20,20,20260807,5,1,1,1,0,0,0,6604,0.275167,1,0.0015,0
2860,25269.4,7,0,2.45042,4.07229,0,0,0,6.52271,361,361,0,1,2.03342,2.03342,1971,388,5,1288,0,0,0,0,0,3761,4631.46,0.992583,7.92975,599918,184,59320,2256,1759225,736,237280,9024,32,4,867412,1712166,27757184,6848664,34605848,4,4,12,4,49,16,12,20,20,20260807,5,1,1,1,0,0,0,6604,0.275167,1,0.0015,0
2861,25279.5,10,0,2.62125,7.30196,0,0,0,9.92321,361,361,0,1,2.03342,2.03342,1971,388,5,1288,0,0,0,0,0,3761,4631.46,0.992583,7.92975,599918,184,59320,2256,1759225,736,237280,9024,32,4,867412,1712166,27757184,6848664,34605848,4,4,12,4,49,16,12,20,20,20260807,5,1,1,1,0,0,0,6604,0.275167,1,0.0015,0
2862,25285.9,6,0,2.31175,4.06842,0,0,0,6.38017,361,361,0,1,2.03342,2.03342,1971,388,5,1288,0,0,0,0,0,3761,4631.46,0.992583,7.92975,599918,184,59320,2256,1759225,736,237280,9024,32,4,867412,1712166,27757184,6848664,34605848,4,4,12,4,49,16,12,20,20,20260807,5,1,1,1,0,0,0,6604,0.275167,1,0.0015,0
2863,25296.3,10,0,2.83504,7.50221,0,0,0,10.3372,361,361,0,1,2.03342,2.03342,1971,388,5,1288,0,0,0,0,0,3761,4631.46,0.992583,7.92975,599918,184,59320,2256,1759225,736,237280,9024,32,4,867412,1712166,27757184,6848664,34605848,4,4,12,4,49,16,12,20,20,20260807,5,1,1,1,0,0,0,6605,0.275208,1,0.0015,1
2864,25302.8,7,0,2.46775,3.86004,0,0,0,6.32779,361,361,0,1,2.03342,2.03342,1971,388,5,1288,0,0,0,0,0,3761,4631.46,0.992583,7.92975,599918,184,59320,2256,1759225,736,237280,9024,32,4,867412,1712166,27757184,6848664,34605848,4,4,12,4,49,16,12,20,20,20260807,5,1,1,1,0,0,0,6605,0.275208,1,0.0015,0
2865,25313.8,11,0,2.36146,8.58362,0,0,0,10.9451,361,361,0,1,2.03342,2.03342,1971,388,5,1288,0,0,0,0,0,3761,4631.46,0.992583,7.92975,599918,184,59320,2256,1759225,736,237280,9024,32,4,867412,1712166,27757184,6848664,34605848,4,4,12,4,49,16,12,20,20,20260807,5,1,1,1,0,0,0,6605,0.275208,1,0.0015,0
2866,25320.8,7,0,2.50758,4.34358,0,0,0,6.85117,361,361,0,1,2.03342,2.03342,1971,388,5,1288,0,0,0,0,0,3761,4631.46,0.992583,7.92975,599918,184,59320,2256,1759225,736,237280,9024,32,4,867412,1712166,27757184,6848664,34605848,4,4,12,4,49,16,12,20,20,20260807,5,1,1,1,0,0,0,6605,0.275208,1,0.0015,0
2867,25329.6,9,0,2.74267,6.05367,0,0,0,8.79633,361,361,0,1,2.03342,2.03342,1971,388,5,1288,0,0,0,0,0,3761,4631.46,0.992583,7.92975,599918,184,59320,2256,1759225,736,237280,9024,32,4,867412,1712166,27757184,6848664,34605848,4,4,12,4,49,16,12,20,20,20260807,5,1,1,1,0,0,0,6605,0.275208,1,0.0015,0
2868,25336.5,7,0,2.58154,4.13854,0,0,0,6.72008,361,361,0,1,2.03342,2.03342,1971,388,5,1288,0,0,0,0,0,3761,4631.46,0.992583,7.92975,599918,184,59320,2256,1759225,736,237280,9024,32,4,867412,1712166,27757184,6848664,34605848,4,4,12,4,49,16,12,20,20,20260807,5,1,1,1,0,0,0,6605,0.275208,1,0.0015,0
2869,25346,9,0,2.55329,6.92417,0,0,0,9.47746,361,361,0,1,2.03342,2.03342,1971,388,5,1288,0,0,0,0,0,3761,4631.46,0.992583,7.92975,599918,184,59320,2256,1759225,736,237280,9024,32,4,867412,1712166,27757184,6848664,34605848,4,4,12,4,49,16,12,20,20,20260807,5,1,1,1,0,0,0,6606,0.27525,1,0.0015,1
2870,25352.1,6,0,2.28879,3.75663,0,0,0,6.04542,361,361,0,1,2.03342,2.03342,1971,388,5,1288,0,0,0,0,0,3761,4631.46,0.992583,7.92975,599918,184,59320,2256,1759225,736,237280,9024,32,4,867412,1712166,27757184,6848664,34605848,4,4,12,4,49,16,12,20,20,20260807,5,1,1,1,0,0,0,6606,0.27525,1,0.0015,0
2871,25362.7,12,0,2.73787,7.72696,0,0,0,10.4648,361,361,0,1,2.03342,2.03342,1971,388,5,1288,0,0,0,0,0,3761,4631.46,0.992583,7.92975,599918,184,59320,2256,1759225,736,237280,9024,32,4,867412,1712166,27757184,6848664,34605848,4,4,12,4,49,16,12,20,20,20260807,5,1,1,1,0,0,0,6606,0.27525,1,0.0015,0
2872,25369.6,7,0,2.47379,4.39425,0,0,0,6.86804,361,361,0,1,2.03342,2.03342,1971,388,5,1288,0,0,0,0,0,3761,4631.46,0.992583,7.92975,599918,184,59320,2256,1759225,736,237280,9024,32,4,867412,1712166,27757184,6848664,34605848,4,4,12,4,49,16,12,20,20,20260807,5,1,1,1,0,0,0,6606,0.27525,1,0.0015,0
2873,25379.5,9,0,2.90137,6.91621,0,0,0,9.81758,361,361,0,1,2.03342,2.03342,1971,388,5,1288,0,0,0,0,0,3761,4631.46,0.992583,7.92975,599918,184,59320,2256,1759225,736,237280,9024,32,4,867412,1712166,27757184,6848664,34605848,4,4,12,4,49,16,12,20,20,20260807,5,1,1,1,0,0,0,6606,0.27525,1,0.0015,0
2874,25388.1,8,0,2.43067,6.03492,0,0,0,8.46558,361,361,0,1,2.03342,2.03342,1971,388,5,1288,0,0,0,0,0,3761,4631.46,0.992583,7.92975,599918,184,59320,2256,1759225,736,237280,9024,32,4,867412,1712166,27757184,6848664,34605848,4,4,12,4,49,16,12,20,20,20260807,5,1,1,1,0,0,0,6606,0.27525,1,0.0015,0
2875,25395.9,8,0,2.40612,5.24583,0,0,0,7.65196,361,361,0,1,2.03342,2.03342,1971,388,5,1288,0,0,0,0,0,3761,4631.46,0.992583,7.92975,599918,184,59320,2256,1759225,736,237280,9024,32,4,867412,1712166,27757184,6848664,34605848,4,4,12,4,49,16,12,20,20,20260807,5,1,1,1,0,0,0,6607,0.275292,1,0.0015,1
2876,25403,7,0,2.30471,4.78258,0,0,0,7.08729,361,361,0,1,2.03342,2.03342,1971,388,5,1288,0,0,0,0,0,3761,4631.46,0.992583,7.92975,599918,184,59320,2256,1759225,736,237280,9024,32,4,867412,1712166,27757184,6848664,34605848,4,4,12,4,49,16,12,20,20,20260807,5,1,1,1,0,0,0,6607,0.275292,1,0.0015,0
2877,25413.6,11,0,2.69638,7.7615,0,0,0,10.4579,361,361,0,1,2.03342,2.03342,1971,388,5,1288,0,0,0,0,0,3761,4631.46,0.992583,7.92975,599918,184,59320,2256,1759225,736,237280,9024,32,4,867412,1712166,27757184,6848664,34605848,4,4,12,4,49,16,12,20,20,20260807,5,1,1,1,0,0,0,6607,0.275292,1,0.0015,0
2878,25420.4,6,0,2.59567,4.11471,0,0,0,6.71037,361,361,0,1,2.03342,2.03342,1971,388,5,1288,0,0,0,0,0,3761,4631.46,0.992583,7.92975,599918,184,59320,2256,1759225,736,237280,9024,32,4,867412,1712166,27757184,6848664,34605848,4,4,12,4,49,16,12,20,20,20260807,5,1,1,1,0,0,0,6607,0.275292,1,0.0015,0
2879,25430.2,10,0,2.48683,7.21979,0,0,0,9.70663,361,361,0,1,2.03342,2.03342,1971,388,5,1288,0,0,0,0,0,3761,4631.46,0.992583,7.92975,599918,184,59320,2256,1759225,736,237280,9024,32,4,867412,1712166,27757184,6848664,34605848,4,4,12,4,49,16,12,20,20,20260807,5,1,1,1,0,0,0,6607,0.275292,1,0.0015,0
2880,25436.8,7,0,2.48433,4.09204,0,0,0,6.57637,361,361,0,1,2.03342,2.03342,1971,388,5,1288,0,0,0,0,0,3761,4631.46,0.992583,7.92975,599918,184,59320,2256,1759225,736,237280,9024,32,4,867412,1712166,27757184,6848664,34605848,4,4,12,4,49,16,12,20,20,20260807,5,1,1,1,0,0,0,6607,0.275292,1,0.0015,0
2881,25445.9,9,0,2.54058,6.47625,0,0,0,9.01683,361,361,0,1,2.03342,2.03342,1971,388,5,1288,0,0,0,0,0,3761,4631.46,0.992583,7.92975,599918,184,59320,2256,1759225,736,237280,9024,32,4,867412,1712166,27757184,6848664,34605848,4,4,12,4,49,16,12,20,20,20260807,5,1,1,1,0,0,0,6608,0.275333,1,0.0015,1
2882,25452.9,7,0,2.64562,4.23388,0,0,0,6.8795,361,361,0,1,2.03342,2.03342,1971,388,5,1288,0,0,0,0,0,3761,4631.46,0.992583,7.92975,599918,184,59320,2256,1759225,736,237280,9024,32,4,867412,1712166,27757184,6848664,34605848,4,4,12,4,49,16,12,20,20,20260807,5,1,1,1,0,0,0,6608,0.275333,1,0.0015,0
2883,25462.8,10,0,2.44667,7.35883,0,0,0,9.8055,361,361,0,1,2.03342,2.03342,1971,388,5,1288,0,0,0,0,0,3761,4631.46,0.992583,7.92975,599918,184,59320,2256,1759225,736,237280,9024,32,4,867412,1712166,27757184,6848664,34605848,4,4,12,4,49,16,12,20,20,20260807,5,1,1,1,0,0,0,6608,0.275333,1,0.0015,0
2884,25470.3,7,0,2.70621,4.70567,0,0,0,7.41188,361,361,0,1,2.03342,2.03342,1971,388,5,1288,0,0,0,0,0,3761,4631.46,0.992583,7.92975,599918,184,59320,2256,1759225,736,237280,9024,32,4,867412,1712166,27757184,6848664,34605848,4,4,12,4,49,16,12,20,20,20260807,5,1,1,1,0,0,0,6608,0.275333,1,0.0015,0
2885,25481.4,12,0,2.45008,8.58887,0,0,0,11.039,361,361,0,1,2.03342,2.03342,1971,388,5,1288,0,0,0,0,0,3761,4631.46,0.992583,7.92975,599918,184,59320,2256,1759225,736,237280,9024,32,4,867412,1712166,27757184,6848664,34605848,4,4,12,4,49,16,12,20,20,20260807,5,1,1,1,0,0,0,6608,0.275333,1,0.0015,0
2886,25488.6,7,0,2.43775,4.68296,0,0,0,7.12071,361,361,0,1,2.03342,2.03342,1971,388,5,1288,0,0,0,0,0,3761,4631.46,0.992583,7.92975,599918,184,59320,2256,1759225,736,237280,9024,32,4,867412,1712166,27757184,6848664,34605848,4,4,12,4,49,16,12,20,20,20260807,5,1,1,1,0,0,0,6608,0.275333,1,0.0015,0
2887,25496.1,7,0,2.47267,4.899,0,0,0,7.37167,361,361,0,1,2.03342,2.03342,1971,388,5,1288,0,0,0,0,0,3761,4631.46,0.992583,7.92975,599918,184,59320,2256,1759225,736,237280,9024,32,4,867412,1712166,27757184,6848664,34605848,4,4,12,4,49,16,12,20,20,20260807,5,1,1,1,0,0,0,6609,0.275375,1,0.0015,1
2888,25503.4,7,0,2.603,4.58587,0,0,0,7.18888,361,361,0,1,2.03342,2.03342,1971,388,5,1288,0,0,0,0,0,3761,4631.46,0.992583,7.92975,599918,184,59320,2256,1759225,736,237280,9024,32,4,867412,1712166,27757184,6848664,34605848,4,4,12,4,49,16,12,20,20,20260807,5,1,1,1,0,0,0,6609,0.275375,1,0.0015,0
2889,25512.8,10,0,2.49792,6.82812,0,0,0,9.32604,361,361,0,1,2.03342,2.03342,1971,388,5,1288,0,0,0,0,0,3761,4631.46,0.992583,7.92975,599918,184,59320,2256,1759225,736,237280,9024,32,4,867412,1712166,27757184,6848664,34605848,4,4,12,4,49,16,12,20,20,20260807,5,1,1,1,0,0,0,6609,0.275375,1,0.0015,0
2890,25520.1,7,0,2.37046,4.91275,0,0,0,7.28321,361,361,0,1,2.03342,2.03342,1971,388,5,1288,0,0,0,0,0,3761,4631.46,0.992583,7.92975,599918,184,59320,2256,1759225,736,237280,9024,32,4,867412,1712166,27757184,6848664,34605848,4,4,12,4,49,16,12,20,20,20260807,5,1,1,1,0,0,0,6609,0.275375,1,0.0015,0
2891,25531.2,11,0,2.491,8.51908,0,0,0,11.0101,361,361,0,1,2.03342,2.03342,1971,388,5,1288,0,0,0,0,0,3761,4631.46,0.992583,7.92975,599918,184,59320,2256,1759225,736,237280,9024,32,4,867412,1712166,27757184,6848664,34605848,4,4,12,4,49,16,12,20,20,20260807,5,1,1,1,0,0,0,6609,0.275375,1,0.0015,0
2892,25546.4,15,0,2.38904,12.705,0,0,0,15.094,361,361,0,1,2.03342,2.03342,1971,388,5,1288,0,0,0,0,0,3761,4631.46,0.992583,7.92975,599918,184,59320,2256,1759225,736,237280,9024,32,4,867412,1712166,27757184,6848664,34605848,4,4,12,4,49,16,12,20,20,20260807,5,1,1,1,0,0,0,6609,0.275375,1,0.0015,0
2893,25553.4,7,0,2.416,4.47342,0,0,0,6.88942,361,361,0,1,2.03342,2.03342,1971,388,5,1288,0,0,0,0,0,3761,4631.46,0.992583,7.92975,599918,184,59320,2256,1759225,736,237280,9024,32,4,867412,1712166,27757184,6848664,34605848,4,4,12,4,49,16,12,20,20,20260807,5,1,1,1,0,0,0,6610,0.275417,1,0.0015,1
2894,25563.3,10,0,2.44454,7.38775,0,0,0,9.83229,361,361,0,1,2.03342,2.03342,1971,388,5,1288,0,0,0,0,0,3761,4631.46,0.992583,7.92975,599918,184,59320,2256,1759225,736,237280,9024,32,4,867412,1712166,27757184,6848664,34605848,4,4,12,4,49,16,12,20,20,20260807,5,1,1,1,0,0,0,6610,0.275417,1,0.0015,0
2895,25573.4,11,0,2.45258,7.58208,0,0,0,10.0347,361,361,0,1,2.03342,2.03342,1971,388,5,1288,0,0,0,0,0,3761,4631.46,0.992583,7.92975,599918,184,59320,2256,1759225,736,237280,9024,32,4,867412,1712166,27757184,6848664,34605848,4,4,12,4,49,16,12,20,20,20260807,5,1,1,1,0,0,0,6610,0.275417,1,0.0015,0
2896,25580.3,6,0,2.47512,4.29604,0,0,0,6.77117,361,361,0,1,2.03342,2.03342,1971,388,5,1288,0,0,0,0,0,3761,4631.46,0.992583,7.92975,599918,184,59320,2256,1759225,736,237280,9024,32,4,867412,1712166,27757184,6848664,34605848,4,4,12,4,49,16,12,20,20,20260807,5,1,1,1,0,0,0,6610,0.275417,1,0.0015,0
2897,25588.7,9,0,2.58775,5.72863,0,0,0,8.31638,361,361,0,1,2.03342,2.03342,1971,388,5,1288,0,0,0,0,0,3761,4631.46,0.992583,7.92975,599918,184,59320,2256,1759225,736,237280,9024,32,4,867412,1712166,27757184,6848664,34605848,4,4,12,4,49,16,12,20,20,20260807,5,1,1,1,0,0,0,6610,0.275417,1,0.0015,0
2898,25596.2,7,0,2.59933,4.86383,0,0,0,7.46317,361,361,0,1,2.03342,2.03342,1971,388,5,1288,0,0,0,0,0,3761,4631.46,0.992583,7.92975,599918,184,59320,2256,1759225,736,237280,9024,32,4,867412,1712166,27757184,6848664,34605848,4,4,12,4,49,16,12,20,20,20260807,5,1,1,1,0,0,0,6611,0.275458,1,0.0015,1
2899,25603.5,8,0,2.83913,4.35746,0,0,0,7.19658,361,361,0,1,2.03342,2.03342,1971,388,5,1288,0,0,0,0,0,3761,4631.46,0.992583,7.92975,599918,184,59320,2256,1759225,736,237280,9024,32,4,867412,1712166,27757184,6848664,34605848,4,4,12,4,49,16,12,20,20,20260807,5,1,1,1,0,0,0,6611,0.275458,1,0.0015,0
2900,25613.1,9,0,2.80104,6.73692,0,0,0,9.53796,361,361,0,1,2.03342,2.03342,1971,388,5,1288,0,0,0,0,0,3761,4631.46,0.992583,7.92975,599918,184,59320,2256,1759225,736,237280,9024,32,4,867412,1712166,27757184,6848664,34605848,4,4,12,4,49,16,12,20,20,20260807,5,1,1,1,0,0,0,6611,0.275458,1,0.0015,0
2901,25620.3,7,0,2.72921,4.29692,0,0,0,7.02613,361,361,0,1,2.03342,2.03342,1971,388,5,1288,0,0,0,0,0,3761,4631.46,0.992583,7.92975,599918,184,59320,2256,1759225,736,237280,9024,32,4,867412,1712166,27757184,6848664,34605848,4,4,12,4,49,16,12,20,20,20260807,5,1,1,1,0,0,0,6611,0.275458,1,0.0015,0
2902,25630,10,0,2.56192,7.10425,0,0,0,9.66617,361,361,0,1,2.03342,2.03342,1971,388,5,1288,0,0,0,0,0,3761,4631.46,0.992583,7.92975,599918,184,59320,2256,1759225,736,237280,9024,32,4,867412,1712166,27757184,6848664,34605848,4,4,12,4,49,16,12,20,20,20260807,5,1,1,1,0,0,0,6611,0.275458,1,0.0015,0
2903,25637,7,0,2.49946,4.41358,0,0,0,6.91304,361,361,0,1,2.03342,2.03342,1971,388,5,1288,0,0,0,0,0,3761,4631.46,0.992583,7.92975,599918,184,59320,2256,1759225,736,237280,9024,32,4,867412,1712166,27757184,6848664,34605848,4,4,12,4,49,16,12,20,20,20260807,5,1,1,1,0,0,0,6611,0.275458,1,0.0015,0
2904,25646.3,9,0,2.32329,6.86554,0,0,0,9.18883,361,361,0,1,2.03342,2.03342,1971,388,5,1288,0,0,0,0,0,3761,4631.46,0.992583,7.92975,599918,184,59320,2256,1759225,736,237280,9024,32,4,867412,1712166,27757184,6848664,34605848,4,4,12,4,49,16,12,20,20,20260807,5,1,1,1,0,0,0,6612,0.2755,1,0.0015,1
2905,25653,7,0,2.53683,4.07275,0,0,0,6.60958,361,361,0,1,2.03342,2.03342,1971,388,5,1288,0,0,0,0,0,3761,4631.46,0.992583,7.92975,599918,184,59320,2256,1759225,736,237280,9024,32,4,867412,1712166,27757184,6848664,34605848,4,4,12,4,49,16,12,20,20,20260807,5,1,1,1,0,0,0,6612,0.2755,1,0.0015,0
2906,25663.2,10,0,2.43383,7.72683,0,0,0,10.1607,361,361,0,1,2.03342,2.03342,1971,388,5,1288,0,0,0,0,0,3761,4631.46,0.992583,7.92975,599918,184,59320,2256,1759225,736,237280,9024,32,4,867412,1712166,27757184,6848664,34605848,4,4,12,4,49,16,12,20,20,20260807,5,1,1,1,0,0,0,6612,0.2755,1,0.0015,0
2907,25670.6,8,0,2.62554,4.66662,0,0,0,7.29217,361,361,0,1,2.03342,2.03342,1971,388,5,1288,0,0,0,0,0,3761,4631.46,0.992583,7.92975,599918,184,59320,2256,1759225,736,237280,9024,32,4,867412,1712166,27757184,6848664,34605848,4,4,12,4,49,16,12,20,20,20260807,5,1,1,1,0,0,0,6612,0.2755,1,0.0015,0
2908,25679.8,9,0,2.72125,6.3435,0,0,0,9.06475,361,361,0,1,2.03342,2.03342,1971,388,5,1288,0,0,0,0,0,3761,4631.46,0.992583,7.92975,599918,184,59320,2256,1759225,736,237280,9024,32,4,867412,1712166,27757184,6848664,34605848,4,4,12,4,49,16,12,20,20,20260807,5,1,1,1,0,0,0,6612,0.2755,1,0.0015,0
2909,25687.1,7,0,2.76846,4.45967,0,0,0,7.22813,361,361,0,1,2.03342,2.03342,1971,388,5,1288,0,0,0,0,0,3761,4631.46,0.992583,7.92975,599918,184,59320,2256,1759225,736,237280,9024,32,4,867412,1712166,27757184,6848664,34605848,4,4,12,4,49,16,12,20,20,20260807,5,1,1,1,0,0,0,6612,0.2755,1,0.0015,0
2910,25696.3,9,0,2.25883,6.86487,0,0,0,9.12371,361,361,0,1,2.03342,2.03342,1971,388,5,1288,0,0,0,0,0,3761,4631.46,0.992583,7.92975,599918,184,59320,2256,1759225,736,237280,9024,32,4,867412,1712166,27757184,6848664,34605848,4,4,12,4,49,16,12,20,20,20260807,5,1,1,1,0,0,0,6613,0.275542,1,0.0015,1
2911,25703.4,7,0,2.55508,4.44079,0,0,0,6.99587,361,361,0,1,2.03342,2.03342,1971,388,5,1288,0,0,0,0,0,3761,4631.46,0.992583,7.92975,599918,184,59320,2256,1759225,736,237280,9024,32,4,867412,1712166,27757184,6848664,34605848,4,4,12,4,49,16,12,20,20,20260807,5,1,1,1,0,0,0,6613,0.275542,1,0.0015,0
2912,25713.7,11,0,2.30317,7.93063,0,0,0,10.2338,361,361,0,1,2.03342,2.03342,1971,388,5,1288,0,0,0,0,0,3761,4631.46,0.992583,7.92975,599918,184,59320,2256,1759225,736,237280,9024,32,4,867412,1712166,27757184,6848664,34605848,4,4,12,4,49,16,12,20,20,20260807,5,1,1,1,0,0,0,6613,0.275542,1,0.0015,0
2913,25720.6,7,0,2.33408,4.51163,0,0,0,6.84571,361,361,0,1,2.03342,2.03342,1971,388,5,1288,0,0,0,0,0,3761,4631.46,0.992583,7.92975,599918,184,59320,2256,1759225,736,237280,9024,32,4,867412,1712166,27757184,6848664,34605848,4,4,12,4,49,16,12,20,20,20260807,5,1,1,1,0,0,0,6613,0.275542,1,0.0015,0
2914,25729.7,9,0,2.78112,6.26571,0,0,0,9.04683,361,361,0,1,2.03342,2.03342,1971,388,5,1288,0,0,0,0,0,3761,4631.46,0.992583,7.92975,599918,184,59320,2256,1759225,736,237280,9024,32,4,867412,1712166,27757184,6848664,34605848,4,4,12,4,49,16,12,20,20,20260807,5,1,1,1,0,0,0,6613,0.275542,1,0.0015,0
2915,25736.7,7,0,2.39275,4.47708,0,0,0,6.86983,361,361,0,1,2.03342,2.03342,1971,388,5,1288,0,0,0,0,0,3761,4631.46,0.992583,7.92975,599918,184,59320,2256,1759225,736,237280,9024,32,4,867412,1712166,27757184,6848664,34605848,4,4,12,4,49,16,12,20,20,20260807,5,1,1,1,0,0,0,6613,0.275542,1,0.0015,0
2916,25746.9,10,0,2.93038,7.13033,0,0,0,10.0607,361,361,0,1,2.03342,2.03342,1971,388,5,1288,0,0,0,0,0,3761,4631.46,0.992583,7.92975,599918,184,59320,2256,1759225,736,237280,9024,32,4,867412,1712166,27757184,6848664,34605848,4,4,12,4,49,16,12,20,20,20260807,5,1,1,1,0,0,0,6614,0.275583,1,0.0015,1
2917,25753.8,7,0,2.32658,4.45492,0,0,0,6.7815,361,361,0,1,2.03342,2.03342,1971,388,5,1288,0,0,0,0,0,3761,4631.46,0.992583,7.92975,599918,184,59320,2256,1759225,736,237280,9024,32,4,867412,1712166,27757184,6848664,34605848,4,4,12,4,49,16,12,20,20,20260807,5,1,1,1,0,0,0,6614,0.275583,1,0.0015,0
2918,25763.4,9,0,2.28375,7.26575,0,0,0,9.5495,361,361,0,1,2.03342,2.03342,1971,388,5,1288,0,0,0,0,0,3761,4631.46,0.992583,7.92975,599918,184,59320,2256,1759225,736,237280,9024,32,4,867412,1712166,27757184,6848664,34605848,4,4,12,4,49,16,12,20,20,20260807,5,1,1,1,0,0,0,6614,0.275583,1,0.0015,0
2919,25770.3,7,0,2.46021,4.39238,0,0,0,6.85258,361,361,0,1,2.03342,2.03342,1971,388,5,1288,0,0,0,0,0,3761,4631.46,0.992583,7.92975,599918,184,59320,2256,1759225,736,237280,9024,32,4,867412,1712166,27757184,6848664,34605848,4,4,12,4,49,16,12,20,20,20260807,5,1,1,1,0,0,0,6614,0.275583,1,0.0015,0
2920,25779.9,10,0,2.34287,7.14858,0,0,0,9.49146,361,361,0,1,2.03342,2.03342,1971,388,5,1288,0,0,0,0,0,3761,4631.46,0.992583,7.92975,599918,184,59320,2256,1759225,736,237280,9024,32,4,867412,1712166,27757184,6848664,34605848,4,4,12,4,49,16,12,20,20,20260807,5,1,1,1,0,0,0,6614,0.275583,1,0.0015,0
2921,25786.5,7,0,2.45121,4.06067,0,0,0,6.51187,361,361,0,1,2.03342,2.03342,1971,388,5,1288,0,0,0,0,0,3761,4631.46,0.992583,7.92975,599918,184,59320,2256,1759225,736,237280,9024,32,4,867412,1712166,27757184,6848664,34605848,4,4,12,4,49,16,12,20,20,20260807,5,1,1,1,0,0,0,6614,0.275583,1,0.0015,0
2922,25796.5,10,0,2.32075,7.599,0,0,0,9.91975,361,361,0,1,2.03342,2.03342,1971,388,5,1288,0,0,0,0,0,3761,4631.46,0.992583,7.92975,599918,184,59320,2256,1759225,736,237280,9024,32,4,867412,1712166,27757184,6848664,34605848,4,4,12,4,49,16,12,20,20,20260807,5,1,1,1,0,0,0,6615,0.275625,1,0.0015,1
2923,25803.2,6,0,2.44142,4.17196,0,0,0,6.61337,361,361,0,1,2.03342,2.03342,1971,388,5,1288,0,0,0,0,0,3761,4631.46,0.992583,7.92975,599918,184,59320,2256,1759225,736,237280,9024,32,4,867412,1712166,27757184,6848664,34605848,4,4,12,4,49,16,12,20,20,20260807,5,1,1,1,0,0,0,6615,0.275625,1,0.0015,0
2924,25813.2,10,0,2.41946,7.4785,0,0,0,9.89796,361,361,0,1,2.03342,2.03342,1971,388,5,1288,0,0,0,0,0,3761,4631.46,0.992583,7.92975,599918,184,59320,2256,1759225,736,237280,9024,32,4,867412,1712166,27757184,6848664,34605848,4,4,12,4,49,16,12,20,20,20260807,5,1,1,1,0,0,0,6615,0.275625,1,0.0015,0
2925,25820.2,7,0,2.44758,4.43408,0,0,0,6.88167,361,361,0,1,2.03342,2.03342,1971,388,5,1288,0,0,0,0,0,3761,4631.46,0.992583,7.92975,599918,184,59320,2256,1759225,736,237280,9024,32,4,867412,1712166,27757184,6848664,34605848,4,4,12,4,49,16,12,20,20,20260807,5,1,1,1,0,0,0,6615,0.275625,1,0.0015,0
2926,25830.1,10,0,2.20729,7.67717,0,0,0,9.88446,361,361,0,1,2.03342,2.03342,1971,388,5,1288,0,0,0,0,0,3761,4631.46,0.992583,7.92975,599918,184,59320,2256,1759225,736,237280,9024,32,4,867412,1712166,27757184,6848664,34605848,4,4,12,4,49,16,12,20,20,20260807,5,1,1,1,0,0,0,6615,0.275625,1,0.0015,0
2927,25836.8,7,0,2.30538,4.26875,0,0,0,6.57413,361,361,0,1,2.03342,2.03342,1971,388,5,1288,0,0,0,0,0,3761,4631.46,0.992583,7.92975,599918,184,59320,2256,1759225,736,237280,9024,32,4,867412,1712166,27757184,6848664,34605848,4,4,12,4,49,16,12,20,20,20260807,5,1,1,1,0,0,0,6615,0.275625,1,0.0015,0
2928,25846.8,10,0,2.37242,7.55396,0,0,0,9.92638,361,361,0,1,2.03342,2.03342,1971,388,5,1288,0,0,0,0,0,3761,4631.46,0.992583,7.92975,599918,184,59320,2256,1759225,736,237280,9024,32,4,867412,1712166,27757184,6848664,34605848,4,4,12,4,49,16,12,20,20,20260807,5,1,1,1,0,0,0,6616,0.275667,1,0.0015,1
2929,25853.5,7,0,2.43258,4.14283,0,0,0,6.57542,361,361,0,1,2.03342,2.03342,1971,388,5,1288,0,0,0,0,0,3761,4631.46,0.992583,7.92975,599918,184,59320,2256,1759225,736,237280,9024,32,4,867412,1712166,27757184,6848664,34605848,4,4,12,4,49,16,12,20,20,20260807,5,1,1,1,0,0,0,6616,0.275667,1,0.0015,0
2930,25863,9,0,2.50308,6.94867,0,0,0,9.45175,361,361,0,1,2.03342,2.03342,1971,388,5,1288,0,0,0,0,0,3761,4631.46,0.992583,7.92975,599918,184,59320,2256,1759225,736,237280,9024,32,4,867412,1712166,27757184,6848664,34605848,4,4,12,4,49,16,12,20,20,20260807,5,1,1,1,0,0,0,6616,0.275667,1,0.0015,0
2931,25870.4,8,0,2.61463,4.68004,0,0,0,7.29467,361,361,0,1,2.03342,2.03342,1971,388,5,1288,0,0,0,0,0,3761,4631.46,0.992583,7.92975,599918,184,59320,2256,1759225,736,237280,9024,32,4,867412,1712166,27757184,6848664,34605848,4,4,12,4,49,16,12,20,20,20260807,5,1,1,1,0,0,0,6616,0.275667,1,0.0015,0
2932,25879.7,9,0,2.30967,6.8565,0,0,0,9.16617,361,361,0,1,2.03342,2.03342,1971,388,5,1288,0,0,0,0,0,3761,4631.46,0.992583,7.92975,599918,184,59320,2256,1759225,736,237280,9024,32,4,867412,1712166,27757184,6848664,34605848,4,4,12,4,49,16,12,20,20,20260807,5,1,1,1,0,0,0,6616,0.275667,1,0.0015,0
2933,25886.3,6,0,2.62242,3.97954,0,0,0,6.60196,361,361,0,1,2.03342,2.03342,1971,388,5,1288,0,0,0,0,0,3761,4631.46,0.992583,7.92975,599918,184,59320,2256,1759225,736,237280,9024,32,4,867412,1712166,27757184,6848664,34605848,4,4,12,4,49,16,12,20,20,20260807,5,1,1,1,0,0,0,6616,0.275667,1,0.0015,0
2934,25896.6,11,0,2.52504,7.67096,0,0,0,10.196,361,361,0,1,2.03342,2.03342,1971,388,5,1288,0,0,0,0,0,3761,4631.46,0.992583,7.92975,599918,184,59320,2256,1759225,736,237280,9024,32,4,867412,1712166,27757184,6848664,34605848,4,4,12,4,49,16,12,20,20,20260807,5,1,1,1,0,0,0,6617,0.275708,1,0.0015,1
2935,25903.9,7,0,2.53354,4.66892,0,0,0,7.20246,361,361,0,1,2.03342,2.03342,1971,388,5,1288,0,0,0,0,0,3761,4631.46,0.992583,7.92975,599918,184,59320,2256,1759225,736,237280,9024,32,4,867412,1712166,27757184,6848664,34605848,4,4,12,4,49,16,12,20,20,20260807,5,1,1,1,0,0,0,6617,0.275708,1,0.0015,0
2936,25913.3,9,0,5.33808,3.97133,0,0,0,9.30942,361,361,0,1,2.03342,2.03342,1971,388,5,1288,0,0,0,0,0,3761,4631.46,0.992583,7.92975,599918,184,59320,2256,1759225,736,237280,9024,32,4,867412,1712166,27757184,6848664,34605848,4,4,12,4,49,16,12,20,20,20260807,5,1,1,1,0,0,0,6617,0.275708,1,0.0015,0
2937,25920.8,8,0,2.55367,4.838,0,0,0,7.39167,361,361,0,1,2.03342,2.03342,1971,388,5,1288,0,0,0,0,0,3761,4631.46,0.992583,7.92975,599918,184,59320,2256,1759225,736,237280,9024,32,4,867412,1712166,27757184,6848664,34605848,4,4,12,4,49,16,12,20,20,20260807,5,1,1,1,0,0,0,6617,0.275708,1,0.0015,0
2938,25929.8,9,0,2.67583,6.29383,0,0,0,8.96967,361,361,0,1,2.03342,2.03342,1971,388,5,1288,0,0,0,0,0,3761,4631.46,0.992583,7.92975,599918,184,59320,2256,1759225,736,237280,9024,32,4,867412,1712166,27757184,6848664,34605848,4,4,12,4,49,16,12,20,20,20260807,5,1,1,1,0,0,0,6617,0.275708,1,0.0015,0
2939,25936.3,6,0,2.22908,4.19963,0,0,0,6.42871,361,361,0,1,2.03342,2.03342,1971,388,5,1288,0,0,0,0,0,3761,4631.46,0.992583,7.92975,599918,184,59320,2256,1759225,736,237280,9024,32,4,867412,1712166,27757184,6848664,34605848,4,4,12,4,49,16,12,20,20,20260807,5,1,1,1,0,0,0,6617,0.275708,1,0.0015,0
2940,25946.5,11,0,2.92963,7.14317,0,0,0,10.0728,361,361,0,1,2.03342,2.03342,1971,388,5,1288,0,0,0,0,0,3761,4631.46,0.992583,7.92975,599918,184,59320,2256,1759225,736,237280,9024,32,4,867412,1712166,27757184,6848664,34605848,4,4,12,4,49,16,12,20,20,20260807,5,1,1,1,0,0,0,6618,0.27575,1,0.0015,1
2941,25953.1,6,0,2.42758,4.10554,0,0,0,6.53313,361,361,0,1,2.03342,2.03342,1971,388,5,1288,0,0,0,0,0,3761,4631.46,0.992583,7.92975,599918,184,59320,2256,1759225,736,237280,9024,32,4,867412,1712166,27757184,6848664,34605848,4,4,12,4,49,16,12,20,20,20260807,5,1,1,1,0,0,0,6618,0.27575,1,0.0015,0
2942,25963.4,10,0,2.45933,7.6955,0,0,0,10.1548,361,361,0,1,2.03342,2.03342,1971,388,5,1288,0,0,0,0,0,3761,4631.46,0.992583,7.92975,599918,184,59320,2256,1759225,736,237280,9024,32,4,867412,1712166,27757184,6848664,34605848,4,4,12,4,49,16,12,20,20,20260807,5,1,1,1,0,0,0,6618,0.27575,1,0.0015,0
2943,25970.9,8,0,2.391,4.97987,0,0,0,7.37087,361,361,0,1,2.03342,2.03342,1971,388,5,1288,0,0,0,0,0,3761,4631.46,0.992583,7.92975,599918,184,59320,2256,1759225,736,237280,9024,32,4,867412,1712166,27757184,6848664,34605848,4,4,12,4,49,16,12,20,20,20260807,5,1,1,1,0,0,0,6618,0.27575,1,0.0015,0
2944,25980,9,0,2.50521,6.48738,0,0,0,8.99258,361,361,0,1,2.03342,2.03342,1971,388,5,1288,0,0,0,0,0,3761,4631.46,0.992583,7.92975,599918,184,59320,2256,1759225,736,237280,9024,32,4,867412,1712166,27757184,6848664,34605848,4,4,12,4,49,16,12,20,20,20260807,5,1,1,1,0,0,0,6618,0.27575,1,0.0015,0
2945,25986.4,6,0,2.25308,4.05788,0,0,0,6.31096,361,361,0,1,2.03342,2.03342,1971,388,5,1288,0,0,0,0,0,3761,4631.46,0.992583,7.92975,599918,184,59320,2256,1759225,736,237280,9024,32,4,867412,1712166,27757184,6848664,34605848,4,4,12,4,49,16,12,20,20,20260807,5,1,1,1,0,0,0,6618,0.27575,1,0.0015,0
2946,25996,10,0,2.4815,7.07963,0,0,0,9.56113,361,361,0,1,2.03342,2.03342,1971,388,5,1288,0,0,0,0,0,3761,4631.46,0.992583,7.92975,599918,184,59320,2256,1759225,736,237280,9024,32,4,867412,1712166,27757184,6848664,34605848,4,4,12,4,49,16,12,20,20,20260807,5,1,1,1,0,0,0,6619,0.275792,1,0.0015,1
2947,26002.6,7,0,2.37733,4.15196,0,0,0,6.52929,361,361,0,1,2.03342,2.03342,1971,388,5,1288,0,0,0,0,0,3761,4631.46,0.992583,7.92975,599918,184,59320,2256,1759225,736,237280,9024,32,4,867412,1712166,27757184,6848664,34605848,4,4,12,4,49,16,12,20,20,20260807,5,1,1,1,0,0,0,6619,0.275792,1,0.0015,0
2948,26013.2,10,0,2.47162,8.02679,0,0,0,10.4984,361,361,0,1,2.03342,2.03342,1971,388,5,1288,0,0,0,0,0,3761,4631.46,0.992583,7.92975,599918,184,59320,2256,1759225,736,237280,9024,32,4,867412,1712166,27757184,6848664,34605848,4,4,12,4,49,16,12,20,20,20260807,5,1,1,1,0,0,0,6619,0.275792,1,0.0015,0
2949,26019.9,7,0,2.27263,4.31646,0,0,0,6.58908,361,361,0,1,2.03342,2.03342,1971,388,5,1288,0,0,0,0,0,3761,4631.46,0.992583,7.92975,599918,184,59320,2256,1759225,736,237280,9024,32,4,867412,1712166,27757184,6848664,34605848,4,4,12,4,49,16,12,20,20,20260807,5,1,1,1,0,0,0,6619,0.275792,1,0.0015,0
2950,26029.9,10,0,2.29392,7.57954,0,0,0,9.87346,361,361,0,1,2.03342,2.03342,1971,388,5,1288,0,0,0,0,0,3761,4631.46,0.992583,7.92975,599918,184,59320,2256,1759225,736,237280,9024,32,4,867412,1712166,27757184,6848664,34605848,4,4,12,4,49,16,12,20,20,20260807,5,1,1,1,0,0,0,6619,0.275792,1,0.0015,0
2951,26036.7,7,0,2.43487,4.32038,0,0,0,6.75525,361,361,0,1,2.03342,2.03342,1971,388,5,1288,0,0,0,0,0,3761,4631.46,0.992583,7.92975,599918,184,59320,2256,1759225,736,237280,9024,32,4,867412,1712166,27757184,6848664,34605848,4,4,12,4,49,16,12,20,20,20260807,5,1,1,1,0,0,0,6619,0.275792,1,0.0015,0
2952,26046.8,10,0,2.59225,7.43046,0,0,0,10.0227,361,361,0,1,2.03342,2.03342,1971,388,5,1288,0,0,0,0,0,3761,4631.46,0.992583,7.92975,599918,184,59320,2256,1759225,736,237280,9024,32,4,867412,1712166,27757184,6848664,34605848,4,4,12,4,49,16,12,20,20,20260807,5,1,1,1,0,0,0,6620,0.275833,1,0.0015,1
2953,26053.8,7,0,2.22121,4.65242,0,0,0,6.87362,361,361,0,1,2.03342,2.03342,1971,388,5,1288,0,0,0,0,0,3761,4631.46,0.992583,7.92975,599918,184,59320,2256,1759225,736,237280,9024,32,4,867412,1712166,27757184,6848664,34605848,4,4,12,4,49,16,12,20,20,20260807,5,1,1,1,0,0,0,6620,0.275833,1,0.0015,0
2954,26063.8,10,0,2.48954,7.42158,0,0,0,9.91113,361,361,0,1,2.03342,2.03342,1971,388,5,1288,0,0,0,0,0,3761,4631.46,0.992583,7.92975,599918,184,59320,2256,1759225,736,237280,9024,32,4,867412,1712166,27757184,6848664,34605848,4,4,12,4,49,16,12,20,20,20260807,5,1,1,1,0,0,0,6620,0.275833,1,0.0015,0
2955,26070.8,7,0,2.45025,4.53812,0,0,0,6.98837,361,361,0,1,2.03342,2.03342,1971,388,5,1288,0,0,0,0,0,3761,4631.46,0.992583,7.92975,599918,184,59320,2256,1759225,736,237280,9024,32,4,867412,1712166,27757184,6848664,34605848,4,4,12,4,49,16,12,20,20,20260807,5,1,1,1,0,0,0,6620,0.275833,1,0.0015,0
2956,26080,9,0,2.24054,6.84979,0,0,0,9.09033,361,361,0,1,2.03342,2.03342,1971,388,5,1288,0,0,0,0,0,3761,4631.46,0.992583,7.92975,599918,184,59320,2256,1759225,736,237280,9024,32,4,867412,1712166,27757184,6848664,34605848,4,4,12,4,49,16,12,20,20,20260807,5,1,1,1,0,0,0,6620,0.275833,1,0.0015,0
2957,26087,7,0,2.35775,4.52013,0,0,0,6.87788,361,361,0,1,2.03342,2.03342,1971,388,5,1288,0,0,0,0,0,3761,4631.46,0.992583,7.92975,599918,184,59320,2256,1759225,736,237280,9024,32,4,867412,1712166,27757184,6848664,34605848,4,4,12,4,49,16,12,20,20,20260807,5,1,1,1,0,0,0,6620,0.275833,1,0.0015,0
2958,26096.7,10,0,2.44317,7.23058,0,0,0,9.67375,361,361,0,1,2.03342,2.03342,1971,388,5,1288,0,0,0,0,0,3761,4631.46,0.992583,7.92975,599918,184,59320,2256,1759225,736,237280,9024,32,4,867412,1712166,27757184,6848664,34605848,4,4,12,4,49,16,12,20,20,20260807,5,1,1,1,0,0,0,6621,0.275875,1,0.0015,1
2959,26103.5,7,0,2.37692,4.31013,0,0,0,6.68704,361,361,0,1,2.03342,2.03342,1971,388,5,1288,0,0,0,0,0,3761,4631.46,0.992583,7.92975,599918,184,59320,2256,1759225,736,237280,9024,32,4,867412,1712166,27757184,6848664,34605848,4,4,12,4,49,16,12,20,20,20260807,5,1,1,1,0,0,0,6621,0.275875,1,0.0015,0
2960,26113.7,10,0,2.28229,7.79767,0,0,0,10.08,361,361,0,1,2.03342,2.03342,1971,388,5,1288,0,0,0,0,0,3761,4631.46,0.992583,7.92975,599918,184,59320,2256,1759225,736,237280,9024,32,4,867412,1712166,27757184,6848664,34605848,4,4,12,4,49,16,12,20,20,20260807,5,1,1,1,0,0,0,6621,0.275875,1,0.0015,0
2961,26120.3,6,0,2.43358,4.099,0,0,0,6.53258,361,361,0,1,2.03342,2.03342,1971,388,5,1288,0,0,0,0,0,3761,4631.46,0.992583,7.92975,599918,184,59320,2256,1759225,736,237280,9024,32,4,867412,1712166,27757184,6848664,34605848,4,4,12,4,49,16,12,20,20,20260807,5,1,1,1,0,0,0,6621,0.275875,1,0.0015,0
2962,26130.5,11,0,2.34229,7.78575,0,0,0,10.128,361,361,0,1,2.03342,2.03342,1971,388,5,1288,0,0,0,0,0,3761,4631.46,0.992583,7.92975,599918,184,59320,2256,1759225,736,237280,9024,32,4,867412,1712166,27757184,6848664,34605848,4,4,12,4,49,16,12,20,20,20260807,5,1,1,1,0,0,0,6621,0.275875,1,0.0015,0
2963,26137.5,7,0,2.57571,4.33162,0,0,0,6.90733,361,361,0,1,2.03342,2.03342,1971,388,5,1288,0,0,0,0,0,3761,4631.46,0.992583,7.92975,599918,184,59320,2256,1759225,736,237280,9024,32,4,867412,1712166,27757184,6848664,34605848,4,4,12,4,49,16,12,20,20,20260807,5,1,1,1,0,0,0,6621,0.275875,1,0.0015,0
2964,26147.1,9,0,2.424,7.13179,0,0,0,9.55579,361,361,0,1,2.03342,2.03342,1971,388,5,1288,0,0,0,0,0,3761,4631.46,0.992583,7.92975,599918,184,59320,2256,1759225,736,237280,9024,32,4,867412,1712166,27757184,6848664,34605848,4,4,12,4,49,16,12,20,20,20260807,5,1,1,1,0,0,0,6622,0.275917,1,0.0015,1
2965,26154.2,7,0,2.33746,4.58983,0,0,0,6.92729,361,361,0,1,2.03342,2.03342,1971,388,5,1288,0,0,0,0,0,3761,4631.46,0.992583,7.92975,599918,184,59320,2256,1759225,736,237280,9024,32,4,867412,1712166,27757184,6848664,34605848,4,4,12,4,49,16,12,20,20,20260807,5,1,1,1,0,0,0,6622,0.275917,1,0.0015,0
2966,26165.4,11,0,2.50396,8.64825,0,0,0,11.1522,361,361,0,1,2.03342,2.03342,1971,388,5,1288,0,0,0,0,0,3761,4631.46,0.992583,7.92975,599918,184,59320,2256,1759225,736,237280,9024,32,4,867412,1712166,27757184,6848664,34605848,4,4,12,4,49,16,12,20,20,20260807,5,1,1,1,0,0,0,6622,0.275917,1,0.0015,0
2967,26180.3,15,0,2.28388,12.5478,0,0,0,14.8316,361,361,0,1,2.03342,2.03342,1971,388,5,1288,0,0,0,0,0,3761,4631.46,0.992583,7.92975,599918,184,59320,2256,1759225,736,237280,9024,32,4,867412,1712166,27757184,6848664,34605848,4,4,12,4,49,16,12,20,20,20260807,5,1,1,1,0,0,0,6622,0.275917,1,0.0015,0
2968,26186.7,7,0,2.28633,3.99092,0,0,0,6.27725,361,361,0,1,2.03342,2.03342,1971,388,5,1288,0,0,0,0,0,3761,4631.46,0.992583,7.92975,599918,184,59320,2256,1759225,736,237280,9024,32,4,867412,1712166,27757184,6848664,34605848,4,4,12,4,49,16,12,20,20,20260807,5,1,1,1,0,0,0,6622,0.275917,1,0.0015,0
2969,26196.4,10,0,2.40367,7.29021,0,0,0,9.69388,361,361,0,1,2.03342,2.03342,1971,388,5,1288,0,0,0,0,0,3761,4631.46,0.992583,7.92975,599918,184,59320,2256,1759225,736,237280,9024,32,4,867412,1712166,27757184,6848664,34605848,4,4,12,4,49,16,12,20,20,20260807,5,1,1,1,0,0,0,6623,0.275958,1,0.0015,1
2970,26202.3,5,0,2.2025,3.56738,0,0,0,5.76987,361,361,0,1,2.03342,2.03342,1971,388,5,1288,0,0,0,0,0,3761,4631.46,0.992583,7.92975,599918,184,59320,2256,1759225,736,237280,9024,32,4,867412,1712166,27757184,6848664,34605848,4,4,12,4,49,16,12,20,20,20260807,5,1,1,1,0,0,0,6623,0.275958,1,0.0015,0
2971,26212.6,11,0,2.40567,7.78662,0,0,0,10.1923,361,361,0,1,2.03342,2.03342,1971,388,5,1288,0,0,0,0,0,3761,4631.46,0.992583,7.92975,599918,184,59320,2256,1759225,736,237280,9024,32,4,867412,1712166,27757184,6848664,34605848,4,4,12,4,49,16,12,20,20,20260807,5,1,1,1,0,0,0,6623,0.275958,1,0.0015,0
2972,26218.6,6,0,2.28392,3.64479,0,0,0,5.92871,361,361,0,1,2.03342,2.03342,1971,388,5,1288,0,0,0,0,0,3761,4631.46,0.992583,7.92975,599918,184,59320,2256,1759225,736,237280,9024,32,4,867412,1712166,27757184,6848664,34605848,4,4,12,4,49,16,12,20,20,20260807,5,1,1,1,0,0,0,6623,0.275958,1,0.0015,0
2973,26229.4,10,0,2.54562,8.15029,0,0,0,10.6959,361,361,0,1,2.03342,2.03342,1971,388,5,1288,0,0,0,0,0,3761,4631.46,0.992583,7.92975,599918,184,59320,2256,1759225,736,237280,9024,32,4,867412,1712166,27757184,6848664,34605848,4,4,12,4,49,16,12,20,20,20260807,5,1,1,1,0,0,0,6623,0.275958,1,0.0015,0
2974,26235.8,7,0,2.10408,4.29242,0,0,0,6.3965,361,361,0,1,2.03342,2.03342,1971,388,5,1288,0,0,0,0,0,3761,4631.46,0.992583,7.92975,599918,184,59320,2256,1759225,736,237280,9024,32,4,867412,1712166,27757184,6848664,34605848,4,4,12,4,49,16,12,20,20,20260807,5,1,1,1,0,0,0,6623,0.275958,1,0.0015,0
2975,26247.6,12,0,2.35092,9.30154,0,0,0,11.6525,361,361,0,1,2.03342,2.03342,1971,388,5,1288,0,0,0,0,0,3761,4631.46,0.992583,7.92975,599918,184,59320,2256,1759225,736,237280,9024,32,4,867412,1712166,27757184,6848664,34605848,4,4,12,4,49,16,12,20,20,20260807,5,1,1,1,0,0,0,6624,0.276,1,0.0015,1
2976,26254,6,0,2.27483,4.0755,0,0,0,6.35033,361,361,0,1,2.03342,2.03342,1971,388,5,1288,0,0,0,0,0,3761,4631.46,0.992583,7.92975,599918,184,59320,2256,1759225,736,237280,9024,32,4,867412,1712166,27757184,6848664,34605848,4,4,12,4,49,16,12,20,20,20260807,5,1,1,1,0,0,0,6624,0.276,1,0.0015,0
2977,26263,9,0,2.45667,6.41642,0,0,0,8.87308,361,361,0,1,2.03342,2.03342,1971,388,5,1288,0,0,0,0,0,3761,4631.46,0.992583,7.92975,599918,184,59320,2256,1759225,736,237280,9024,32,4,867412,1712166,27757184,6848664,34605848,4,4,12,4,49,16,12,20,20,20260807,5,1,1,1,0,0,0,6624,0.276,1,0.0015,0
2978,26269.6,7,0,2.49725,4.06779,0,0,0,6.56504,361,361,0,1,2.03342,2.03342,1971,388,5,1288,0,0,0,0,0,3761,4631.46,0.992583,7.92975,599918,184,59320,2256,1759225,736,237280,9024,32,4,867412,1712166,27757184,6848664,34605848,4,4,12,4,49,16,12,20,20,20260807,5,1,1,1,0,0,0,6624,0.276,1,0.0015,0
2979,26279.6,10,0,2.39679,7.52442,0,0,0,9.92121,361,361,0,1,2.03342,2.03342,1971,388,5,1288,0,0,0,0,0,3761,4631.46,0.992583,7.92975,599918,184,59320,2256,1759225,736,237280,9024,32,4,867412,1712166,27757184,6848664,34605848,4,4,12,4,49,16,12,20,20,20260807,5,1,1,1,0,0,0,6624,0.276,1,0.0015,0
2980,26286,6,0,2.25513,4.0055,0,0,0,6.26063,361,361,0,1,2.03342,2.03342,1971,388,5,1288,0,0,0,0,0,3761,4631.46,0.992583,7.92975,599918,184,59320,2256,1759225,736,237280,9024,32,4,867412,1712166,27757184,6848664,34605848,4,4,12,4,49,16,12,20,20,20260807,5,1,1,1,0,0,0,6624,0.276,1,0.0015,0
2981,26296.7,11,0,2.44429,8.1995,0,0,0,10.6438,361,361,0,1,2.03342,2.03342,1971,388,5,1288,0,0,0,0,0,3761,4631.46,0.992583,7.92975,599918,184,59320,2256,1759225,736,237280,9024,32,4,867412,1712166,27757184,6848664,34605848,4,4,12,4,49,16,12,20,20,20260807,5,1,1,1,0,0,0,6625,0.276042,1,0.0015,1
2982,26303,6,0,2.29212,3.92733,0,0,0,6.21946,361,361,0,1,2.03342,2.03342,1971,388,5,1288,0,0,0,0,0,3761,4631.46,0.992583,7.92975,599918,184,59320,2256,1759225,736,237280,9024,32,4,867412,1712166,27757184,6848664,34605848,4,4,12,4,49,16,12,20,20,20260807,5,1,1,1,0,0,0,6625,0.276042,1,0.0015,0
2983,26312.7,10,0,2.38617,7.20829,0,0,0,9.59446,361,361,0,1,2.03342,2.03342,1971,388,5,1288,0,0,0,0,0,3761,4631.46,0.992583,7.92975,599918,184,59320,2256,1759225,736,237280,9024,32,4,867412,1712166,27757184,6848664,34605848,4,4,12,4,49,16,12,20,20,20260807,5,1,1,1,0,0,0,6625,0.276042,1,0.0015,0
2984,26319,6,0,2.35104,3.92013,0,0,0,6.27117,361,361,0,1,2.03342,2.03342,1971,388,5,1288,0,0,0,0,0,3761,4631.46,0.992583,7.92975,599918,184,59320,2256,1759225,736,237280,9024,32,4,867412,1712166,27757184,6848664,34605848,4,4,12,4,49,16,12,20,20,20260807,5,1,1,1,0,0,0,6625,0.276042,1,0.0015,0
2985,26329.9,11,0,2.42792,8.3365,0,0,0,10.7644,361,361,0,1,2.03342,2.03342,1971,388,5,1288,0,0,0,0,0,3761,4631.46,0.992583,7.92975,599918,184,59320,2256,1759225,736,237280,9024,32,4,867412,1712166,27757184,6848664,34605848,4,4,12,4,49,16,12,20,20,20260807,5,1,1,1,0,0,0,6625,0.276042,1,0.0015,0
2986,26336.3,6,0,2.33396,3.97433,0,0,0,6.30829,361,361,0,1,2.03342,2.03342,1971,388,5,1288,0,0,0,0,0,3761,4631.46,0.992583,7.92975,599918,184,59320,2256,1759225,736,237280,9024,32,4,867412,1712166,27757184,6848664,34605848,4,4,12,4,49,16,12,20,20,20260807,5,1,1,1,0,0,0,6625,0.276042,1,0.0015,0
2987,26345.9,10,0,2.36937,7.2185,0,0,0,9.58788,361,361,0,1,2.03342,2.03342,1971,388,5,1288,0,0,0,0,0,3761,4631.46,0.992583,7.92975,599918,184,59320,2256,1759225,736,237280,9024,32,4,867412,1712166,27757184,6848664,34605848,4,4,12,4,49,16,12,20,20,20260807,5,1,1,1,0,0,0,6626,0.276083,1,0.0015,1
2988,26356.8,12,0,6.85929,3.9335,0,0,0,10.7928,361,361,0,1,2.03342,2.03342,1971,388,5,1288,0,0,0,0,0,3761,4631.46,0.992583,7.92975,599918,184,59320,2256,1759225,736,237280,9024,32,4,867412,1712166,27757184,6848664,34605848,4,4,12,4,49,16,12,20,20,20260807,5,1,1,1,0,0,0,6626,0.276083,1,0.0015,0
2989,26363.5,7,0,2.24971,4.38367,0,0,0,6.63338,361,361,0,1,2.03342,2.03342,1971,388,5,1288,0,0,0,0,0,3761,4631.46,0.992583,7.92975,599918,184,59320,2256,1759225,736,237280,9024,32,4,867412,1712166,27757184,6848664,34605848,4,4,12,4,49,16,12,20,20,20260807,5,1,1,1,0,0,0,6626,0.276083,1,0.0015,0
2990,26369.7,6,0,2.26417,3.78146,0,0,0,6.04563,361,361,0,1,2.03342,2.03342,1971,388,5,1288,0,0,0,0,0,3761,4631.46,0.992583,7.92975,599918,184,59320,2256,1759225,736,237280,9024,32,4,867412,1712166,27757184,6848664,34605848,4,4,12,4,49,16,12,20,20,20260807,5,1,1,1,0,0,0,6626,0.276083,1,0.0015,0
2991,26379.6,9,0,2.41633,7.43296,0,0,0,9.84929,361,361,0,1,2.03342,2.03342,1971,388,5,1288,0,0,0,0,0,3761,4631.46,0.992583,7.92975,599918,184,59320,2256,1759225,736,237280,9024,32,4,867412,1712166,27757184,6848664,34605848,4,4,12,4,49,16,12,20,20,20260807,5,1,1,1,0,0,0,6626,0.276083,1,0.0015,0
2992,26387.1,7,0,2.34975,5.05746,0,0,0,7.40721,361,361,0,1,2.03342,2.03342,1971,388,5,1288,0,0,0,0,0,3761,4631.46,0.992583,7.92975,599918,184,59320,2256,1759225,736,237280,9024,32,4,867412,1712166,27757184,6848664,34605848,4,4,12,4,49,16,12,20,20,20260807,5,1,1,1,0,0,0,6626,0.276083,1,0.0015,0
2993,26397,10,0,2.59833,7.19987,0,0,0,9.79821,361,361,0,1,2.03342,2.03342,1971,388,5,1288,0,0,0,0,0,3761,4631.46,0.992583,7.92975,599918,184,59320,2256,1759225,736,237280,9024,32,4,867412,1712166,27757184,6848664,34605848,4,4,12,4,49,16,12,20,20,20260807,5,1,1,1,0,0,0,6627,0.276125,1,0.0015,1
2994,26404,7,0,2.47171,4.46333,0,0,0,6.93504,361,361,0,1,2.03342,2.03342,1971,388,5,1288,0,0,0,0,0,3761,4631.46,0.992583,7.92975,599918,184,59320,2256,1759225,736,237280,9024,32,4,867412,1712166,27757184,6848664,34605848,4,4,12,4,49,16,12,20,20,20260807,5,1,1,1,0,0,0,6627,0.276125,1,0.0015,0
2995,26413.8,10,0,2.53633,7.22546,0,0,0,9.76179,361,361,0,1,2.03342,2.03342,1971,388,5,1288,0,0,0,0,0,3761,4631.46,0.992583,7.92975,599918,184,59320,2256,1759225,736,237280,9024,32,4,867412,1712166,27757184,6848664,34605848,4,4,12,4,49,16,12,20,20,20260807,5,1,1,1,0,0,0,6627,0.276125,1,0.0015,0
2996,26420.9,7,0,2.35421,4.59638,0,0,0,6.95058,361,361,0,1,2.03342,2.03342,1971,388,5,1288,0,0,0,0,0,3761,4631.46,0.992583,7.92975,599918,184,59320,2256,1759225,736,237280,9024,32,4,867412,1712166,27757184,6848664,34605848,4,4,12,4,49,16,12,20,20,20260807,5,1,1,1,0,0,0,6627,0.276125,1,0.0015,0
2997,26429.8,9,0,2.50121,6.36192,0,0,0,8.86313,361,361,0,1,2.03342,2.03342,1971,388,5,1288,0,0,0,0,0,3761,4631.46,0.992583,7.92975,599918,184,59320,2256,1759225,736,237280,9024,32,4,867412,1712166,27757184,6848664,34605848,4,4,12,4,49,16,12,20,20,20260807,5,1,1,1,0,0,0,6627,0.276125,1,0.0015,0
2998,26436.6,7,0,2.373,4.299,0,0,0,6.672,361,361,0,1,2.03342,2.03342,1971,388,5,1288,0,0,0,0,0,3761,4631.46,0.992583,7.92975,599918,184,59320,2256,1759225,736,237280,9024,32,4,867412,1712166,27757184,6848664,34605848,4,4,12,4,49,16,12,20,20,20260807,5,1,1,1,0,0,0,6627,0.276125,1,0.0015,0
2999,26446.8,10,0,2.42308,7.71317,0,0,0,10.1363,361,361,0,1,2.03342,2.03342,1971,388,5,1288,0,0,0,0,0,3761,4631.46,0.992583,7.92975,599918,184,59320,2256,1759225,736,237280,9024,32,4,867412,1712166,27757184,6848664,34605848,4,4,12,4,49,16,12,20,20,20260807,5,1,1,1,0,0,0,6628,0.276167,1,0.0015,1
3000,26453.8,7,0,2.54675,4.37296,0,0,0,6.91971,361,361,0,1,2.03342,2.03342,1971,388,5,1288,0,0,0,0,0,3761,4631.46,0.992583,7.92975,599918,184,59320,2256,1759225,736,237280,9024,32,4,867412,1712166,27757184,6848664,34605848,4,4,12,4,49,16,12,20,20,20260807,5,1,1,1,0,0,0,6628,0.276167,1,0.0015,0
3001,26464.3,10,0,2.21775,8.15113,0,0,0,10.3689,361,361,0,1,2.03342,2.03342,1971,388,5,1288,0,0,0,0,0,3761,4631.46,0.992583,7.92975,599918,184,59320,2256,1759225,736,237280,9024,32,4,867412,1712166,27757184,6848664,34605848,4,4,12,4,49,16,12,20,20,20260807,5,1,1,1,0,0,0,6628,0.276167,1,0.0015,0
3002,26471.3,7,0,2.47737,4.46996,0,0,0,6.94733,361,361,0,1,2.03342,2.03342,1971,388,5,1288,0,0,0,0,0,3761,4631.46,0.992583,7.92975,599918,184,59320,2256,1759225,736,237280,9024,32,4,867412,1712166,27757184,6848664,34605848,4,4,12,4,49,16,12,20,20,20260807,5,1,1,1,0,0,0,6628,0.276167,1,0.0015,0
3003,26479.9,9,0,2.31529,6.16733,0,0,0,8.48263,361,361,0,1,2.03342,2.03342,1971,388,5,1288,0,0,0,0,0,3761,4631.46,0.992583,7.92975,599918,184,59320,2256,1759225,736,237280,9024,32,4,867412,1712166,27757184,6848664,34605848,4,4,12,4,49,16,12,20,20,20260807,5,1,1,1,0,0,0,6628,0.276167,1,0.0015,0
3004,26486.7,7,0,2.3275,4.40304,0,0,0,6.73054,361,361,0,1,2.03342,2.03342,1971,388,5,1288,0,0,0,0,0,3761,4631.46,0.992583,7.92975,599918,184,59320,2256,1759225,736,237280,9024,32,4,867412,1712166,27757184,6848664,34605848,4,4,12,4,49,16,12,20,20,20260807,5,1,1,1,0,0,0,6628,0.276167,1,0.0015,0
3005,26495.9,9,0,2.46813,6.67721,0,0,0,9.14533,361,361,0,1,2.03342,2.03342,1971,388,5,1288,0,0,0,0,0,3761,4631.46,0.992583,7.92975,599918,184,59320,2256,1759225,736,237280,9024,32,4,867412,1712166,27757184,6848664,34605848,4,4,12,4,49,16,12,20,20,20260807,5,1,1,1,0,0,0,6629,0.276208,1,0.0015,1
3006,26502.3,6,0,2.42283,3.94508,0,0,0,6.36792,361,361,0,1,2.03342,2.03342,1971,388,5,1288,0,0,0,0,0,3761,4631.46,0.992583,7.92975,599918,184,59320,2256,1759225,736,237280,9024,32,4,867412,1712166,27757184,6848664,34605848,4,4,12,4,49,16,12,20,20,20260807,5,1,1,1,0,0,0,6629,0.276208,1,0.0015,0
3007,26512.7,11,0,2.52942,7.77129,0,0,0,10.3007,361,361,0,1,2.03342,2.03342,1971,388,5,1288,0,0,0,0,0,3761,4631.46,0.992583,7.92975,599918,184,59320,2256,1759225,736,237280,9024,32,4,867412,1712166,27757184,6848664,34605848,4,4,12,4,49,16,12,20,20,20260807,5,1,1,1,0,0,0,6629,0.276208,1,0.0015,0
3008,26519.2,6,0,2.269,4.11042,0,0,0,6.37942,361,361,0,1,2.03342,2.03342,1971,388,5,1288,0,0,0,0,0,3761,4631.46,0.992583,7.92975,599918,184,59320,2256,1759225,736,237280,9024,32,4,867412,1712166,27757184,6848664,34605848,4,4,12,4,49,16,12,20,20,20260807,5,1,1,1,0,0,0,6629,0.276208,1,0.0015,0
3009,26529.5,11,0,2.22579,8.01325,0,0,0,10.239,361,361,0,1,2.03342,2.03342,1971,388,5,1288,0,0,0,0,0,3761,4631.46,0.992583,7.92975,599918,184,59320,2256,1759225,736,237280,9024,32,4,867412,1712166,27757184,6848664,34605848,4,4,12,4,49,16,12,20,20,20260807,5,1,1,1,0,0,0,6629,0.276208,1,0.0015,0
3010,26538,8,0,2.31792,6.081,0,0,0,8.39892,361,361,0,1,2.03342,2.03342,1971,388,5,1288,0,0,0,0,0,3761,4631.46,0.992583,7.92975,599918,184,59320,2256,1759225,736,237280,9024,32,4,867412,1712166,27757184,6848664,34605848,4,4,12,4,49,16,12,20,20,20260807,5,1,1,1,0,0,0,6629,0.276208,1,0.0015,0
3011,26546.1,8,0,2.40921,5.65708,0,0,0,8.06629,361,361,0,1,2.03342,2.03342,1971,388,5,1288,0,0,0,0,0,3761,4631.46,0.992583,7.92975,599918,184,59320,2256,1759225,736,237280,9024,32,4,867412,1712166,27757184,6848664,34605848,4,4,12,4,49,16,12,20,20,20260807,5,1,1,1,0,0,0,6630,0.27625,1,0.0015,1
3012,26552.5,7,0,2.36379,3.96325,0,0,0,6.32704,361,361,0,1,2.03342,2.03342,1971,388,5,1288,0,0,0,0,0,3761,4631.46,0.992583,7.92975,599918,184,59320,2256,1759225,736,237280,9024,32,4,867412,1712166,27757184,6848664,34605848,4,4,12,4,49,16,12,20,20,20260807,5,1,1,1,0,0,0,6630,0.27625,1,0.0015,0
3013,26562.6,10,0,2.55833,7.41825,0,0,0,9.97658,361,361,0,1,2.03342,2.03342,1971,388,5,1288,0,0,0,0,0,3761,4631.46,0.992583,7.92975,599918,184,59320,2256,1759225,736,237280,9024,32,4,867412,1712166,27757184,6848664,34605848,4,4,12,4,49,16,12,20,20,20260807,5,1,1,1,0,0,0,6630,0.27625,1,0.0015,0
3014,26569.4,6,0,2.36592,4.29979,0,0,0,6.66571,361,361,0,1,2.03342,2.03342,1971,388,5,1288,0,0,0,0,0,3761,4631.46,0.992583,7.92975,599918,184,59320,2256,1759225,736,237280,9024,32,4,867412,1712166,27757184,6848664,34605848,4,4,12,4,49,16,12,20,20,20260807,5,1,1,1,0,0,0,6630,0.27625,1,0.0015,0
3015,26579.7,11,0,2.45583,7.76721,0,0,0,10.223,361,361,0,1,2.03342,2.03342,1971,388,5,1288,0,0,0,0,0,3761,4631.46,0.992583,7.92975,599918,184,59320,2256,1759225,736,237280,9024,32,4,867412,1712166,27757184,6848664,34605848,4,4,12,4,49,16,12,20,20,20260807,5,1,1,1,0,0,0,6630,0.27625,1,0.0015,0
3016,26586.4,6,0,2.44742,4.11642,0,0,0,6.56383,361,361,0,1,2.03342,2.03342,1971,388,5,1288,0,0,0,0,0,3761,4631.46,0.992583,7.92975,599918,184,59320,2256,1759225,736,237280,9024,32,4,867412,1712166,27757184,6848664,34605848,4,4,12,4,49,16,12,20,20,20260807,5,1,1,1,0,0,0,6630,0.27625,1,0.0015,0
3017,26596.8,11,0,2.42188,7.85825,0,0,0,10.2801,361,361,0,1,2.03342,2.03342,1971,388,5,1288,0,0,0,0,0,3761,4631.46,0.992583,7.92975,599918,184,59320,2256,1759225,736,237280,9024,32,4,867412,1712166,27757184,6848664,34605848,4,4,12,4,49,16,12,20,20,20260807,5,1,1,1,0,0,0,6631,0.276292,1,0.0015,1
3018,26603.5,7,0,2.52363,4.11412,0,0,0,6.63775,361,361,0,1,2.03342,2.03342,1971,388,5,1288,0,0,0,0,0,3761,4631.46,0.992583,7.92975,599918,184,59320,2256,1759225,736,237280,9024,32,4,867412,1712166,27757184,6848664,34605848,4,4,12,4,49,16,12,20,20,20260807,5,1,1,1,0,0,0,6631,0.276292,1,0.0015,0
3019,26613.5,10,0,2.59192,7.28383,0,0,0,9.87575,361,361,0,1,2.03342,2.03342,1971,388,5,1288,0,0,0,0,0,3761,4631.46,0.992583,7.92975,599918,184,59320,2256,1759225,736,237280,9024,32,4,867412,1712166,27757184,6848664,34605848,4,4,12,4,49,16,12,20,20,20260807,5,1,1,1,0,0,0,6631,0.276292,1,0.0015,0
3020,26619.9,6,0,2.376,3.91829,0,0,0,6.29429,361,361,0,1,2.03342,2.03342,1971,388,5,1288,0,0,0,0,0,3761,4631.46,0.992583,7.92975,599918,184,59320,2256,1759225,736,237280,9024,32,4,867412,1712166,27757184,6848664,34605848,4,4,12,4,49,16,12,20,20,20260807,5,1,1,1,0,0,0,6631,0.276292,1,0.0015,0
3021,26629.6,10,0,2.43812,7.18829,0,0,0,9.62642,361,361,0,1,2.03342,2.03342,1971,388,5,1288,0,0,0,0,0,3761,4631.46,0.992583,7.92975,599918,184,59320,2256,1759225,736,237280,9024,32,4,867412,1712166,27757184,6848664,34605848,4,4,12,4,49,16,12,20,20,20260807,5,1,1,1,0,0,0,6631,0.276292,1,0.0015,0
3022,26636.3,6,0,2.50304,4.12587,0,0,0,6.62892,361,361,0,1,2.03342,2.03342,1971,388,5,1288,0,0,0,0,0,3761,4631.46,0.992583,7.92975,599918,184,59320,2256,1759225,736,237280,9024,32,4,867412,1712166,27757184,6848664,34605848,4,4,12,4,49,16,12,20,20,20260807,5,1,1,1,0,0,0,6631,0.276292,1,0.0015,0
3023,26646.2,10,0,2.34358,7.48042,0,0,0,9.824,361,361,0,1,2.03342,2.03342,1971,388,5,1288,0,0,0,0,0,3761,4631.46,0.992583,7.92975,599918,184,59320,2256,1759225,736,237280,9024,32,4,867412,1712166,27757184,6848664,34605848,4,4,12,4,49,16,12,20,20,20260807,5,1,1,1,0,0,0,6632,0.276333,1,0.0015,1
3024,26653.1,7,0,2.36854,4.40583,0,0,0,6.77438,361,361,0,1,2.03342,2.03342,1971,388,5,1288,0,0,0,0,0,3761,4631.46,0.992583,7.92975,599918,184,59320,2256,1759225,736,237280,9024,32,4,867412,1712166,27757184,6848664,34605848,4,4,12,4,49,16,12,20,20,20260807,5,1,1,1,0,0,0,6632,0.276333,1,0.0015,0
3025,26663.8,11,0,2.85283,7.74038,0,0,0,10.5932,361,361,0,1,2.03342,2.03342,1971,388,5,1288,0,0,0,0,0,3761,4631.46,0.992583,7.92975,599918,184,59320,2256,1759225,736,237280,9024,32,4,867412,1712166,27757184,6848664,34605848,4,4,12,4,49,16,12,20,20,20260807,5,1,1,1,0,0,0,6632,0.276333,1,0.0015,0
3026,26670.9,7,0,2.3275,4.73013,0,0,0,7.05762,361,361,0,1,2.03342,2.03342,1971,388,5,1288,0,0,0,0,0,3761,4631.46,0.992583,7.92975,599918,184,59320,2256,1759225,736,237280,9024,32,4,867412,1712166,27757184,6848664,34605848,4,4,12,4,49,16,12,20,20,20260807,5,1,1,1,0,0,0,6632,0.276333,1,0.0015,0
3027,26679.6,9,0,2.33442,6.25154,0,0,0,8.58596,361,361,0,1,2.03342,2.03342,1971,388,5,1288,0,0,0,0,0,3761,4631.46,0.992583,7.92975,599918,184,59320,2256,1759225,736,237280,9024,32,4,867412,1712166,27757184,6848664,34605848,4,4,12,4,49,16,12,20,20,20260807,5,1,1,1,0,0,0,6632,0.276333,1,0.0015,0
3028,26686.2,6,0,2.36375,4.13796,0,0,0,6.50171,361,361,0,1,2.03342,2.03342,1971,388,5,1288,0,0,0,0,0,3761,4631.46,0.992583,7.92975,599918,184,59320,2256,1759225,736,237280,9024,32,4,867412,1712166,27757184,6848664,34605848,4,4,12,4,49,16,12,20,20,20260807,5,1,1,1,0,0,0,6632,0.276333,1,0.0015,0
3029,26697.5,12,0,2.45167,8.76729,0,0,0,11.219,361,361,0,1,2.03342,2.03342,1971,388,5,1288,0,0,0,0,0,3761,4631.46,0.992583,7.92975,599918,184,59320,2256,1759225,736,237280,9024,32,4,867412,1712166,27757184,6848664,34605848,4,4,12,4,49,16,12,20,20,20260807,5,1,1,1,0,0,0,6633,0.276375,1,0.0015,1
3030,26705.2,7,0,2.56621,5.02742,0,0,0,7.59363,361,361,0,1,2.03342,2.03342,1971,388,5,1288,0,0,0,0,0,3761,4631.46,0.992583,7.92975,599918,184,59320,2256,1759225,736,237280,9024,32,4,867412,1712166,27757184,6848664,34605848,4,4,12,4,49,16,12,20,20,20260807,5,1,1,1,0,0,0,6633,0.276375,1,0.0015,0
3031,26714.9,10,0,2.46008,7.14504,0,0,0,9.60512,361,361,0,1,2.03342,2.03342,1971,388,5,1288,0,0,0,0,0,3761,4631.46,0.992583,7.92975,599918,184,59320,2256,1759225,736,237280,9024,32,4,867412,1712166,27757184,6848664,34605848,4,4,12,4,49,16,12,20,20,20260807,5,1,1,1,0,0,0,6633,0.276375,1,0.0015,0
3032,26721.8,7,0,2.47008,4.389,0,0,0,6.85908,361,361,0,1,2.03342,2.03342,1971,388,5,1288,0,0,0,0,0,3761,4631.46,0.992583,7.92975,599918,184,59320,2256,1759225,736,237280,9024,32,4,867412,1712166,27757184,6848664,34605848,4,4,12,4,49,16,12,20,20,20260807,5,1,1,1,0,0,0,6633,0.276375,1,0.0015,0
3033,26729.6,8,0,2.89383,4.79308,0,0,0,7.68692,361,361,0,1,2.03342,2.03342,1971,388,5,1288,0,0,0,0,0,3761,4631.46,0.992583,7.92975,599918,184,59320,2256,1759225,736,237280,9024,32,4,867412,1712166,27757184,6848664,34605848,4,4,12,4,49,16,12,20,20,20260807,5,1,1,1,0,0,0,6633,0.276375,1,0.0015,0
3034,26737.8,8,0,2.55483,5.60696,0,0,0,8.16179,361,361,0,1,2.03342,2.03342,1971,388,5,1288,0,0,0,0,0,3761,4631.46,0.992583,7.92975,599918,184,59320,2256,1759225,736,237280,9024,32,4,867412,1712166,27757184,6848664,34605848,4,4,12,4,49,16,12,20,20,20260807,5,1,1,1,0,0,0,6633,0.276375,1,0.0015,0
3035,26746.3,8,0,2.49658,5.87058,0,0,0,8.36717,361,361,0,1,2.03342,2.03342,1971,388,5,1288,0,0,0,0,0,3761,4631.46,0.992583,7.92975,599918,184,59320,2256,1759225,736,237280,9024,32,4,867412,1712166,27757184,6848664,34605848,4,4,12,4,49,16,12,20,20,20260807,5,1,1,1,0,0,0,6634,0.276417,1,0.0015,1
3036,26757.2,11,0,2.22533,8.57683,0,0,0,10.8022,361,361,0,1,2.03342,2.03342,1971,388,5,1288,0,0,0,0,0,3761,4631.46,0.992583,7.92975,599918,184,59320,2256,1759225,736,237280,9024,32,4,867412,1712166,27757184,6848664,34605848,4,4,12,4,49,16,12,20,20,20260807,5,1,1,1,0,0,0,6634,0.276417,1,0.0015,0
3037,26763.5,7,0,2.29088,3.93546,0,0,0,6.22633,361,361,0,1,2.03342,2.03342,1971,388,5,1288,0,0,0,0,0,3761,4631.46,0.992583,7.92975,599918,184,59320,2256,1759225,736,237280,9024,32,4,867412,1712166,27757184,6848664,34605848,4,4,12,4,49,16,12,20,20,20260807,5,1,1,1,0,0,0,6634,0.276417,1,0.0015,0
3038,26770.2,6,0,2.33675,4.29329,0,0,0,6.63004,361,361,0,1,2.03342,2.03342,1971,388,5,1288,0,0,0,0,0,3761,4631.46,0.992583,7.92975,599918,184,59320,2256,1759225,736,237280,9024,32,4,867412,1712166,27757184,6848664,34605848,4,4,12,4,49,16,12,20,20,20260807,5,1,1,1,0,0,0,6634,0.276417,1,0.0015,0
3039,26779.4,10,0,2.39692,6.71742,0,0,0,9.11433,361,361,0,1,2.03342,2.03342,1971,388,5,1288,0,0,0,0,0,3761,4631.46,0.992583,7.92975,599918,184,59320,2256,1759225,736,237280,9024,32,4,867412,1712166,27757184,6848664,34605848,4,4,12,4,49,16,12,20,20,20260807,5,1,1,1,0,0,0,6634,0.276417,1,0.0015,0
3040,26785.9,6,0,2.30667,4.11625,0,0,0,6.42292,361,361,0,1,2.03342,2.03342,1971,388,5,1288,0,0,0,0,0,3761,4631.46,0.992583,7.92975,599918,184,59320,2256,1759225,736,237280,9024,32,4,867412,1712166,27757184,6848664,34605848,4,4,12,4,49,16,12,20,20,20260807,5,1,1,1,0,0,0,6634,0.276417,1,0.0015,0
3041,26796.3,10,0,2.559,7.708,0,0,0,10.267,361,361,0,1,2.03342,2.03342,1971,388,5,1288,0,0,0,0,0,3761,4631.46,0.992583,7.92975,599918,184,59320,2256,1759225,736,237280,9024,32,4,867412,1712166,27757184,6848664,34605848,4,4,12,4,49,16,12,20,20,20260807,5,1,1,1,0,0,0,6635,0.276458,1,0.0015,1
3042,26802.9,7,0,2.46767,4.04633,0,0,0,6.514,361,361,0,1,2.03342,2.03342,1971,388,5,1288,0,0,0,0,0,3761,4631.46,0.992583,7.92975,599918,184,59320,2256,1759225,736,237280,9024,32,4,867412,1712166,27757184,6848664,34605848,4,4,12,4,49,16,12,20,20,20260807,5,1,1,1,0,0,0,6635,0.276458,1,0.0015,0
3043,26812.8,10,0,2.509,7.33638,0,0,0,9.84538,361,361,0,1,2.03342,2.03342,1971,388,5,1288,0,0,0,0,0,3761,4631.46,0.992583,7.92975,599918,184,59320,2256,1759225,736,237280,9024,32,4,867412,1712166,27757184,6848664,34605848,4,4,12,4,49,16,12,20,20,20260807,5,1,1,1,0,0,0,6635,0.276458,1,0.0015,0
3044,26819.1,6,0,2.39908,3.77862,0,0,0,6.17771,361,361,0,1,2.03342,2.03342,1971,388,5,1288,0,0,0,0,0,3761,4631.46,0.992583,7.92975,599918,184,59320,2256,1759225,736,237280,9024,32,4,867412,1712166,27757184,6848664,34605848,4,4,12,4,49,16,12,20,20,20260807,5,1,1,1,0,0,0,6635,0.276458,1,0.0015,0
3045,26829.5,11,0,2.76142,7.59508,0,0,0,10.3565,361,361,0,1,2.03342,2.03342,1971,388,5,1288,0,0,0,0,0,3761,4631.46,0.992583,7.92975,599918,184,59320,2256,1759225,736,237280,9024,32,4,867412,1712166,27757184,6848664,34605848,4,4,12,4,49,16,12,20,20,20260807,5,1,1,1,0,0,0,6635,0.276458,1,0.0015,0
3046,26840.9,11,0,2.26562,9.06079,0,0,0,11.3264,361,361,0,1,2.03342,2.03342,1971,388,5,1288,0,0,0,0,0,3761,4631.46,0.992583,7.92975,599918,184,59320,2256,1759225,736,237280,9024,32,4,867412,1712166,27757184,6848664,34605848,4,4,12,4,49,16,12,20,20,20260807,5,1,1,1,0,0,0,6635,0.276458,1,0.0015,0
3047,26847.9,7,0,2.24921,4.69483,0,0,0,6.94404,361,361,0,1,2.03342,2.03342,1971,388,5,1288,0,0,0,0,0,3761,4631.46,0.992583,7.92975,599918,184,59320,2256,1759225,736,237280,9024,32,4,867412,1712166,27757184,6848664,34605848,4,4,12,4,49,16,12,20,20,20260807,5,1,1,1,0,0,0,6636,0.2765,1,0.0015,1
3048,26855.2,7,0,2.49583,4.73212,0,0,0,7.22796,361,361,0,1,2.03342,2.03342,1971,388,5,1288,0,0,0,0,0,3761,4631.46,0.992583,7.92975,599918,184,59320,2256,1759225,736,237280,9024,32,4,867412,1712166,27757184,6848664,34605848,4,4,12,4,49,16,12,20,20,20260807,5,1,1,1,0,0,0,6636,0.2765,1,0.0015,0
3049,26863.4,8,0,2.80521,5.20571,0,0,0,8.01092,361,361,0,1,2.03342,2.03342,1971,388,5,1288,0,0,0,0,0,3761,4631.46,0.992583,7.92975,599918,184,59320,2256,1759225,736,237280,9024,32,4,867412,1712166,27757184,6848664,34605848,4,4,12,4,49,16,12,20,20,20260807,5,1,1,1,0,0,0,6636,0.2765,1,0.0015,0
3050,26869.7,7,0,2.504,3.77821,0,0,0,6.28221,361,361,0,1,2.03342,2.03342,1971,388,5,1288,0,0,0,0,0,3761,4631.46,0.992583,7.92975,599918,184,59320,2256,1759225,736,237280,9024,32,4,867412,1712166,27757184,6848664,34605848,4,4,12,4,49,16,12,20,20,20260807,5,1,1,1,0,0,0,6636,0.2765,1,0.0015,0
3051,26879.5,10,0,2.40942,7.24512,0,0,0,9.65454,361,361,0,1,2.03342,2.03342,1971,388,5,1288,0,0,0,0,0,3761,4631.46,0.992583,7.92975,599918,184,59320,2256,1759225,736,237280,9024,32,4,867412,1712166,27757184,6848664,34605848,4,4,12,4,49,16,12,20,20,20260807,5,1,1,1,0,0,0,6636,0.2765,1,0.0015,0
3052,26885.8,6,0,2.32729,3.90287,0,0,0,6.23017,361,361,0,1,2.03342,2.03342,1971,388,5,1288,0,0,0,0,0,3761,4631.46,0.992583,7.92975,599918,184,59320,2256,1759225,736,237280,9024,32,4,867412,1712166,27757184,6848664,34605848,4,4,12,4,49,16,12,20,20,20260807,5,1,1,1,0,0,0,6636,0.2765,1,0.0015,0
3053,26896.2,10,0,2.58763,7.79979,0,0,0,10.3874,361,361,0,1,2.03342,2.03342,1971,388,5,1288,0,0,0,0,0,3761,4631.46,0.992583,7.92975,599918,184,59320,2256,1759225,736,237280,9024,32,4,867412,1712166,27757184,6848664,34605848,4,4,12,4,49,16,12,20,20,20260807,5,1,1,1,0,0,0,6637,0.276542,1,0.0015,1
3054,26903.9,8,0,2.46513,5.06671,0,0,0,7.53183,361,361,0,1,2.03342,2.03342,1971,388,5,1288,0,0,0,0,0,3761,4631.46,0.992583,7.92975,599918,184,59320,2256,1759225,736,237280,9024,32,4,867412,1712166,27757184,6848664,34605848,4,4,12,4,49,16,12,20,20,20260807,5,1,1,1,0,0,0,6637,0.276542,1,0.0015,0
3055,26912.8,9,0,2.40608,6.40017,0,0,0,8.80625,361,361,0,1,2.03342,2.03342,1971,388,5,1288,0,0,0,0,0,3761,4631.46,0.992583,7.92975,599918,184,59320,2256,1759225,736,237280,9024,32,4,867412,1712166,27757184,6848664,34605848,4,4,12,4,49,16,12,20,20,20260807,5,1,1,1,0,0,0,6637,0.276542,1,0.0015,0
3056,26919.8,7,0,2.513,4.41783,0,0,0,6.93083,361,361,0,1,2.03342,2.03342,1971,388,5,1288,0,0,0,0,0,3761,4631.46,0.992583,7.92975,599918,184,59320,2256,1759225,736,237280,9024,32,4,867412,1712166,27757184,6848664,34605848,4,4,12,4,49,16,12,20,20,20260807,5,1,1,1,0,0,0,6637,0.276542,1,0.0015,0
3057,26930.4,11,0,2.44467,8.06475,0,0,0,10.5094,361,361,0,1,2.03342,2.03342,1971,388,5,1288,0,0,0,0,0,3761,4631.46,0.992583,7.92975,599918,184,59320,2256,1759225,736,237280,9024,32,4,867412,1712166,27757184,6848664,34605848,4,4,12,4,49,16,12,20,20,20260807,5,1,1,1,0,0,0,6637,0.276542,1,0.0015,0
3058,26936.9,6,0,2.32762,4.13825,0,0,0,6.46587,361,361,0,1,2.03342,2.03342,1971,388,5,1288,0,0,0,0,0,3761,4631.46,0.992583,7.92975,599918,184,59320,2256,1759225,736,237280,9024,32,4,867412,1712166,27757184,6848664,34605848,4,4,12,4,49,16,12,20,20,20260807,5,1,1,1,0,0,0,6637,0.276542,1,0.0015,0
3059,26946,9,0,2.34833,6.61758,0,0,0,8.96592,361,361,0,1,2.03342,2.03342,1971,388,5,1288,0,0,0,0,0,3761,4631.46,0.992583,7.92975,599918,184,59320,2256,1759225,736,237280,9024,32,4,867412,1712166,27757184,6848664,34605848,4,4,12,4,49,16,12,20,20,20260807,5,1,1,1,0,0,0,6638,0.276583,1,0.0015,1
3060,26952.5,7,0,2.42317,4.04312,0,0,0,6.46629,361,361,0,1,2.03342,2.03342,1971,388,5,1288,0,0,0,0,0,3761,4631.46,0.992583,7.92975,599918,184,59320,2256,1759225,736,237280,9024,32,4,867412,1712166,27757184,6848664,34605848,4,4,12,4,49,16,12,20,20,20260807,5,1,1,1,0,0,0,6638,0.276583,1,0.0015,0
3061,26963,10,0,2.52062,7.82371,0,0,0,10.3443,361,361,0,1,2.03342,2.03342,1971,388,5,1288,0,0,0,0,0,3761,4631.46,0.992583,7.92975,599918,184,59320,2256,1759225,736,237280,9024,32,4,867412,1712166,27757184,6848664,34605848,4,4,12,4,49,16,12,20,20,20260807,5,1,1,1,0,0,0,6638,0.276583,1,0.0015,0
3062,26969.6,7,0,2.42079,4.15617,0,0,0,6.57696,361,361,0,1,2.03342,2.03342,1971,388,5,1288,0,0,0,0,0,3761,4631.46,0.992583,7.92975,599918,184,59320,2256,1759225,736,237280,9024,32,4,867412,1712166,27757184,6848664,34605848,4,4,12,4,49,16,12,20,20,20260807,5,1,1,1,0,0,0,6638,0.276583,1,0.0015,0
3063,26980.8,11,0,2.34354,8.78712,0,0,0,11.1307,361,361,0,1,2.03342,2.03342,1971,388,5,1288,0,0,0,0,0,3761,4631.46,0.992583,7.92975,599918,184,59320,2256,1759225,736,237280,9024,32,4,867412,1712166,27757184,6848664,34605848,4,4,12,4,49,16,12,20,20,20260807,5,1,1,1,0,0,0,6638,0.276583,1,0.0015,0
3064,26987.4,6,0,2.35304,4.08488,0,0,0,6.43792,361,361,0,1,2.03342,2.03342,1971,388,5,1288,0,0,0,0,0,3761,4631.46,0.992583,7.92975,599918,184,59320,2256,1759225,736,237280,9024,32,4,867412,1712166,27757184,6848664,34605848,4,4,12,4,49,16,12,20,20,20260807,5,1,1,1,0,0,0,6638,0.276583,1,0.0015,0
3065,26996.8,10,0,2.5975,6.74629,0,0,0,9.34379,361,361,0,1,2.03342,2.03342,1971,388,5,1288,0,0,0,0,0,3761,4631.46,0.992583,7.92975,599918,184,59320,2256,1759225,736,237280,9024,32,4,867412,1712166,27757184,6848664,34605848,4,4,12,4,49,16,12,20,20,20260807,5,1,1,1,0,0,0,6639,0.276625,1,0.0015,1
3066,27003.5,7,0,2.25513,4.34754,0,0,0,6.60267,361,361,0,1,2.03342,2.03342,1971,388,5,1288,0,0,0,0,0,3761,4631.46,0.992583,7.92975,599918,184,59320,2256,1759225,736,237280,9024,32,4,867412,1712166,27757184,6848664,34605848,4,4,12,4,49,16,12,20,20,20260807,5,1,1,1,0,0,0,6639,0.276625,1,0.0015,0
3067,27012.8,9,0,2.37292,6.89483,0,0,0,9.26775,361,361,0,1,2.03342,2.03342,1971,388,5,1288,0,0,0,0,0,3761,4631.46,0.992583,7.92975,599918,184,59320,2256,1759225,736,237280,9024,32,4,867412,1712166,27757184,6848664,34605848,4,4,12,4,49,16,12,20,20,20260807,5,1,1,1,0,0,0,6639,0.276625,1,0.0015,0
3068,27021.4,9,0,3.28,5.25125,0,0,0,8.53125,361,361,0,1,2.03342,2.03342,1971,388,5,1288,0,0,0,0,0,3761,4631.46,0.992583,7.92975,599918,184,59320,2256,1759225,736,237280,9024,32,4,867412,1712166,27757184,6848664,34605848,4,4,12,4,49,16,12,20,20,20260807,5,1,1,1,0,0,0,6639,0.276625,1,0.0015,0
3069,27030.2,8,0,2.22842,6.48625,0,0,0,8.71467,361,361,0,1,2.03342,2.03342,1971,388,5,1288,0,0,0,0,0,3761,4631.46,0.992583,7.92975,599918,184,59320,2256,1759225,736,237280,9024,32,4,867412,1712166,27757184,6848664,34605848,4,4,12,4,49,16,12,20,20,20260807,5,1,1,1,0,0,0,6639,0.276625,1,0.0015,0
3070,27037,7,0,2.41296,4.22858,0,0,0,6.64154,361,361,0,1,2.03342,2.03342,1971,388,5,1288,0,0,0,0,0,3761,4631.46,0.992583,7.92975,599918,184,59320,2256,1759225,736,237280,9024,32,4,867412,1712166,27757184,6848664,34605848,4,4,12,4,49,16,12,20,20,20260807,5,1,1,1,0,0,0,6639,0.276625,1,0.0015,0
3071,27046.2,9,0,2.67904,6.44929,0,0,0,9.12833,361,361,0,1,2.03342,2.03342,1971,388,5,1288,0,0,0,0,0,3761,4631.46,0.992583,7.92975,599918,184,59320,2256,1759225,736,237280,9024,32,4,867412,1712166,27757184,6848664,34605848,4,4,12,4,49,16,12,20,20,20260807,5,1,1,1,0,0,0,6640,0.276667,1,0.0015,1
3072,27052.8,7,0,2.43104,4.10129,0,0,0,6.53233,361,361,0,1,2.03342,2.03342,1971,388,5,1288,0,0,0,0,0,3761,4631.46,0.992583,7.92975,599918,184,59320,2256,1759225,736,237280,9024,32,4,867412,1712166,27757184,6848664,34605848,4,4,12,4,49,16,12,20,20,20260807,5,1,1,1,0,0,0,6640,0.276667,1,0.0015,0
3073,27062.8,10,0,2.66925,7.27779,0,0,0,9.94704,361,361,0,1,2.03342,2.03342,1971,388,5,1288,0,0,0,0,0,3761,4631.46,0.992583,7.92975,599918,184,59320,2256,1759225,736,237280,9024,32,4,867412,1712166,27757184,6848664,34605848,4,4,12,4,49,16,12,20,20,20260807,5,1,1,1,0,0,0,6640,0.276667,1,0.0015,0
3074,27069.9,7,0,2.431,4.53596,0,0,0,6.96696,361,361,0,1,2.03342,2.03342,1971,388,5,1288,0,0,0,0,0,3761,4631.46,0.992583,7.92975,599918,184,59320,2256,1759225,736,237280,9024,32,4,867412,1712166,27757184,6848664,34605848,4,4,12,4,49,16,12,20,20,20260807,5,1,1,1,0,0,0,6640,0.276667,1,0.0015,0
3075,27079.4,10,0,2.71167,6.75992,0,0,0,9.47158,361,361,0,1,2.03342,2.03342,1971,388,5,1288,0,0,0,0,0,3761,4631.46,0.992583,7.92975,599918,184,59320,2256,1759225,736,237280,9024,32,4,867412,1712166,27757184,6848664,34605848,4,4,12,4,49,16,12,20,20,20260807,5,1,1,1,0,0,0,6640,0.276667,1,0.0015,0
3076,27086.3,6,0,2.44521,4.3625,0,0,0,6.80771,361,361,0,1,2.03342,2.03342,1971,388,5,1288,0,0,0,0,0,3761,4631.46,0.992583,7.92975,599918,184,59320,2256,1759225,736,237280,9024,32,4,867412,1712166,27757184,6848664,34605848,4,4,12,4,49,16,12,20,20,20260807,5,1,1,1,0,0,0,6640,0.276667,1,0.0015,0
3077,27096.2,10,0,3.01908,6.75808,0,0,0,9.77717,361,361,0,1,2.03342,2.03342,1971,388,5,1288,0,0,0,0,0,3761,4631.46,0.992583,7.92975,599918,184,59320,2256,1759225,736,237280,9024,32,4,867412,1712166,27757184,6848664,34605848,4,4,12,4,49,16,12,20,20,20260807,5,1,1,1,0,0,0,6641,0.276708,1,0.0015,1
3078,27102.8,7,0,2.43604,4.07758,0,0,0,6.51363,361,361,0,1,2.03342,2.03342,1971,388,5,1288,0,0,0,0,0,3761,4631.46,0.992583,7.92975,599918,184,59320,2256,1759225,736,237280,9024,32,4,867412,1712166,27757184,6848664,34605848,4,4,12,4,49,16,12,20,20,20260807,5,1,1,1,0,0,0,6641,0.276708,1,0.0015,0
3079,27113,10,0,2.41483,7.67658,0,0,0,10.0914,361,361,0,1,2.03342,2.03342,1971,388,5,1288,0,0,0,0,0,3761,4631.46,0.992583,7.92975,599918,184,59320,2256,1759225,736,237280,9024,32,4,867412,1712166,27757184,6848664,34605848,4,4,12,4,49,16,12,20,20,20260807,5,1,1,1,0,0,0,6641,0.276708,1,0.0015,0
3080,27119.4,6,0,2.36371,3.96371,0,0,0,6.32742,361,361,0,1,2.03342,2.03342,1971,388,5,1288,0,0,0,0,0,3761,4631.46,0.992583,7.92975,599918,184,59320,2256,1759225,736,237280,9024,32,4,867412,1712166,27757184,6848664,34605848,4,4,12,4,49,16,12,20,20,20260807,5,1,1,1,0,0,0,6641,0.276708,1,0.0015,0
3081,27130.2,11,0,2.61808,8.09579,0,0,0,10.7139,361,361,0,1,2.03342,2.03342,1971,388,5,1288,0,0,0,0,0,3761,4631.46,0.992583,7.92975,599918,184,59320,2256,1759225,736,237280,9024,32,4,867412,1712166,27757184,6848664,34605848,4,4,12,4,49,16,12,20,20,20260807,5,1,1,1,0,0,0,6641,0.276708,1,0.0015,0
3082,27136.5,7,0,2.36058,3.90317,0,0,0,6.26375,361,361,0,1,2.03342,2.03342,1971,388,5,1288,0,0,0,0,0,3761,4631.46,0.992583,7.92975,599918,184,59320,2256,1759225,736,237280,9024,32,4,867412,1712166,27757184,6848664,34605848,4,4,12,4,49,16,12,20,20,20260807,5,1,1,1,0,0,0,6641,0.276708,1,0.0015,0
3083,27146.1,9,0,2.49538,6.98254,0,0,0,9.47792,361,361,0,1,2.03342,2.03342,1971,388,5,1288,0,0,0,0,0,3761,4631.46,0.992583,7.92975,599918,184,59320,2256,1759225,736,237280,9024,32,4,867412,1712166,27757184,6848664,34605848,4,4,12,4,49,16,12,20,20,20260807,5,1,1,1,0,0,0,6642,0.27675,1,0.0015,1
3084,27155.7,10,0,2.46796,7.07354,0,0,0,9.5415,361,361,0,1,2.03342,2.03342,1971,388,5,1288,0,0,0,0,0,3761,4631.46,0.992583,7.92975,599918,184,59320,2256,1759225,736,237280,9024,32,4,867412,1712166,27757184,6848664,34605848,4,4,12,4,49,16,12,20,20,20260807,5,1,1,1,0,0,0,6642,0.27675,1,0.0015,0
3085,27162.7,7,0,2.44937,4.39187,0,0,0,6.84125,361,361,0,1,2.03342,2.03342,1971,388,5,1288,0,0,0,0,0,3761,4631.46,0.992583,7.92975,599918,184,59320,2256,1759225,736,237280,9024,32,4,867412,1712166,27757184,6848664,34605848,4,4,12,4,49,16,12,20,20,20260807,5,1,1,1,0,0,0,6642,0.27675,1,0.0015,0
3086,27170.1,7,0,2.617,4.71529,0,0,0,7.33229,361,361,0,1,2.03342,2.03342,1971,388,5,1288,0,0,0,0,0,3761,4631.46,0.992583,7.92975,599918,184,59320,2256,1759225,736,237280,9024,32,4,867412,1712166,27757184,6848664,34605848,4,4,12,4,49,16,12,20,20,20260807,5,1,1,1,0,0,0,6642,0.27675,1,0.0015,0
3087,27179.2,9,0,2.42917,6.58996,0,0,0,9.01913,361,361,0,1,2.03342,2.03342,1971,388,5,1288,0,0,0,0,0,3761,4631.46,0.992583,7.92975,599918,184,59320,2256,1759225,736,237280,9024,32,4,867412,1712166,27757184,6848664,34605848,4,4,12,4,49,16,12,20,20,20260807,5,1,1,1,0,0,0,6642,0.27675,1,0.0015,0
3088,27185.9,7,0,2.31904,4.30746,0,0,0,6.6265,361,361,0,1,2.03342,2.03342,1971,388,5,1288,0,0,0,0,0,3761,4631.46,0.992583,7.92975,599918,184,59320,2256,1759225,736,237280,9024,32,4,867412,1712166,27757184,6848664,34605848,4,4,12,4,49,16,12,20,20,20260807,5,1,1,1,0,0,0,6642,0.27675,1,0.0015,0
3089,27195.9,10,0,2.366,7.60758,0,0,0,9.97358,361,361,0,1,2.03342,2.03342,1971,388,5,1288,0,0,0,0,0,3761,4631.46,0.992583,7.92975,599918,184,59320,2256,1759225,736,237280,9024,32,4,867412,1712166,27757184,6848664,34605848,4,4,12,4,49,16,12,20,20,20260807,5,1,1,1,0,0,0,6643,0.276792,1,0.0015,1
3090,27202.3,6,0,2.33221,3.99962,0,0,0,6.33183,361,361,0,1,2.03342,2.03342,1971,388,5,1288,0,0,0,0,0,3761,4631.46,0.992583,7.92975,599918,184,59320,2256,1759225,736,237280,9024,32,4,867412,1712166,27757184,6848664,34605848,4,4,12,4,49,16,12,20,20,20260807,5,1,1,1,0,0,0,6643,0.276792,1,0.0015,0
3091,27212.6,11,0,2.41542,7.80896,0,0,0,10.2244,361,361,0,1,2.03342,2.03342,1971,388,5,1288,0,0,0,0,0,3761,4631.46,0.992583,7.92975,599918,184,59320,2256,1759225,736,237280,9024,32,4,867412,1712166,27757184,6848664,34605848,4,4,12,4,49,16,12,20,20,20260807,5,1,1,1,0,0,0,6643,0.276792,1,0.0015,0
3092,27219.4,7,0,2.21992,4.45875,0,0,0,6.67867,361,361,0,1,2.03342,2.03342,1971,388,5,1288,0,0,0,0,0,3761,4631.46,0.992583,7.92975,599918,184,59320,2256,1759225,736,237280,9024,32,4,867412,1712166,27757184,6848664,34605848,4,4,12,4,49,16,12,20,20,20260807,5,1,1,1,0,0,0,6643,0.276792,1,0.0015,0
3093,27229.9,10,0,2.19667,8.23479,0,0,0,10.4315,361,361,0,1,2.03342,2.03342,1971,388,5,1288,0,0,0,0,0,3761,4631.46,0.992583,7.92975,599918,184,59320,2256,1759225,736,237280,9024,32,4,867412,1712166,27757184,6848664,34605848,4,4,12,4,49,16,12,20,20,20260807,5,1,1,1,0,0,0,6643,0.276792,1,0.0015,0
3094,27236,6,0,2.3505,3.67912,0,0,0,6.02963,361,361,0,1,2.03342,2.03342,1971,388,5,1288,0,0,0,0,0,3761,4631.46,0.992583,7.92975,599918,184,59320,2256,1759225,736,237280,9024,32,4,867412,1712166,27757184,6848664,34605848,4,4,12,4,49,16,12,20,20,20260807,5,1,1,1,0,0,0,6643,0.276792,1,0.0015,0
3095,27246.1,10,0,2.58433,7.3925,0,0,0,9.97683,361,361,0,1,2.03342,2.03342,1971,388,5,1288,0,0,0,0,0,3761,4631.46,0.992583,7.92975,599918,184,59320,2256,1759225,736,237280,9024,32,4,867412,1712166,27757184,6848664,34605848,4,4,12,4,49,16,12,20,20,20260807,5,1,1,1,0,0,0,6644,0.276833,1,0.0015,1
3096,27252.3,6,0,2.32492,3.80925,0,0,0,6.13417,361,361,0,1,2.03342,2.03342,1971,388,5,1288,0,0,0,0,0,3761,4631.46,0.992583,7.92975,599918,184,59320,2256,1759225,736,237280,9024,32,4,867412,1712166,27757184,6848664,34605848,4,4,12,4,49,16,12,20,20,20260807,5,1,1,1,0,0,0,6644,0.276833,1,0.0015,0
3097,27262.9,11,0,2.41842,8.13371,0,0,0,10.5521,361,361,0,1,2.03342,2.03342,1971,388,5,1288,0,0,0,0,0,3761,4631.46,0.992583,7.92975,599918,184,59320,2256,1759225,736,237280,9024,32,4,867412,1712166,27757184,6848664,34605848,4,4,12,4,49,16,12,20,20,20260807,5,1,1,1,0,0,0,6644,0.276833,1,0.0015,0
3098,27269.1,6,0,2.23342,3.85062,0,0,0,6.08404,361,361,0,1,2.03342,2.03342,1971,388,5,1288,0,0,0,0,0,3761,4631.46,0.992583,7.92975,599918,184,59320,2256,1759225,736,237280,9024,32,4,867412,1712166,27757184,6848664,34605848,4,4,12,4,49,16,12,20,20,20260807,5,1,1,1,0,0,0,6644,0.276833,1,0.0015,0
3099,27279.7,11,0,2.61788,7.87342,0,0,0,10.4913,361,361,0,1,2.03342,2.03342,1971,388,5,1288,0,0,0,0,0,3761,4631.46,0.992583,7.92975,599918,184,59320,2256,1759225,736,237280,9024,32,4,867412,1712166,27757184,6848664,34605848,4,4,12,4,49,16,12,20,20,20260807,5,1,1,1,0,0,0,6644,0.276833,1,0.0015,0
3100,27286.3,6,0,2.40375,4.13779,0,0,0,6.54154,361,361,0,1,2.03342,2.03342,1971,388,5,1288,0,0,0,0,0,3761,4631.46,0.992583,7.92975,599918,184,59320,2256,1759225,736,237280,9024,32,4,867412,1712166,27757184,6848664,34605848,4,4,12,4,49,16,12,20,20,20260807,5,1,1,1,0,0,0,6644,0.276833,1,0.0015,0
3101,27296.4,10,0,2.40475,7.57925,0,0,0,9.984,361,361,0,1,2.03342,2.03342,1971,388,5,1288,0,0,0,0,0,3761,4631.46,0.992583,7.92975,599918,184,59320,2256,1759225,736,237280,9024,32,4,867412,1712166,27757184,6848664,34605848,4,4,12,4,49,16,12,20,20,20260807,5,1,1,1,0,0,0,6645,0.276875,1,0.0015,1
3102,27303,7,0,2.41883,4.14392,0,0,0,6.56275,361,361,0,1,2.03342,2.03342,1971,388,5,1288,0,0,0,0,0,3761,4631.46,0.992583,7.92975,599918,184,59320,2256,1759225,736,237280,9024,32,4,867412,1712166,27757184,6848664,34605848,4,4,12,4,49,16,12,20,20,20260807,5,1,1,1,0,0,0,6645,0.276875,1,0.0015,0
3103,27313.6,11,0,2.413,8.0695,0,0,0,10.4825,361,361,0,1,2.03342,2.03342,1971,388,5,1288,0,0,0,0,0,3761,4631.46,0.992583,7.92975,599918,184,59320,2256,1759225,736,237280,9024,32,4,867412,1712166,27757184,6848664,34605848,4,4,12,4,49,16,12,20,20,20260807,5,1,1,1,0,0,0,6645,0.276875,1,0.0015,0
3104,27319.7,6,0,2.42767,3.635,0,0,0,6.06267,361,361,0,1,2.03342,2.03342,1971,388,5,1288,0,0,0,0,0,3761,4631.46,0.992583,7.92975,599918,184,59320,2256,1759225,736,237280,9024,32,4,867412,1712166,27757184,6848664,34605848,4,4,12,4,49,16,12,20,20,20260807,5,1,1,1,0,0,0,6645,0.276875,1,0.0015,0
3105,27329.5,10,0,2.43812,7.304,0,0,0,9.74212,361,361,0,1,2.03342,2.03342,1971,388,5,1288,0,0,0,0,0,3761,4631.46,0.992583,7.92975,599918,184,59320,2256,1759225,736,237280,9024,32,4,867412,1712166,27757184,6848664,34605848,4,4,12,4,49,16,12,20,20,20260807,5,1,1,1,0,0,0,6645,0.276875,1,0.0015,0
3106,27336.2,6,0,2.28246,4.25892,0,0,0,6.54138,361,361,0,1,2.03342,2.03342,1971,388,5,1288,0,0,0,0,0,3761,4631.46,0.992583,7.92975,599918,184,59320,2256,1759225,736,237280,9024,32,4,867412,1712166,27757184,6848664,34605848,4,4,12,4,49,16,12,20,20,20260807,5,1,1,1,0,0,0,6645,0.276875,1,0.0015,0
3107,27346,10,0,2.5405,7.19379,0,0,0,9.73429,361,361,0,1,2.03342,2.03342,1971,388,5,1288,0,0,0,0,0,3761,4631.46,0.992583,7.92975,599918,184,59320,2256,1759225,736,237280,9024,32,4,867412,1712166,27757184,6848664,34605848,4,4,12,4,49,16,12,20,20,20260807,5,1,1,1,0,0,0,6646,0.276917,1,0.0015,1
3108,27353.7,8,0,2.39454,5.22283,0,0,0,7.61738,361,361,0,1,2.03342,2.03342,1971,388,5,1288,0,0,0,0,0,3761,4631.46,0.992583,7.92975,599918,184,59320,2256,1759225,736,237280,9024,32,4,867412,1712166,27757184,6848664,34605848,4,4,12,4,49,16,12,20,20,20260807,5,1,1,1,0,0,0,6646,0.276917,1,0.0015,0
3109,27362.3,9,0,2.24313,6.29417,0,0,0,8.53729,361,361,0,1,2.03342,2.03342,1971,388,5,1288,0,0,0,0,0,3761,4631.46,0.992583,7.92975,599918,184,59320,2256,1759225,736,237280,9024,32,4,867412,1712166,27757184,6848664,34605848,4,4,12,4,49,16,12,20,20,20260807,5,1,1,1,0,0,0,6646,0.276917,1,0.0015,0
3110,27372.8,10,0,2.10412,8.30221,0,0,0,10.4063,361,361,0,1,2.03342,2.03342,1971,388,5,1288,0,0,0,0,0,3761,4631.46,0.992583,7.92975,599918,184,59320,2256,1759225,736,237280,9024,32,4,867412,1712166,27757184,6848664,34605848,4,4,12,4,49,16,12,20,20,20260807,5,1,1,1,0,0,0,6646,0.276917,1,0.0015,0
3111,27379.8,7,0,2.22463,4.65433,0,0,0,6.87896,361,361,0,1,2.03342,2.03342,1971,388,5,1288,0,0,0,0,0,3761,4631.46,0.992583,7.92975,599918,184,59320,2256,1759225,736,237280,9024,32,4,867412,1712166,27757184,6848664,34605848,4,4,12,4,49,16,12,20,20,20260807,5,1,1,1,0,0,0,6646,0.276917,1,0.0015,0
3112,27387.1,7,0,2.44925,4.82429,0,0,0,7.27354,361,361,0,1,2.03342,2.03342,1971,388,5,1288,0,0,0,0,0,3761,4631.46,0.992583,7.92975,599918,184,59320,2256,1759225,736,237280,9024,32,4,867412,1712166,27757184,6848664,34605848,4,4,12,4,49,16,12,20,20,20260807,5,1,1,1,0,0,0,6646,0.276917,1,0.0015,0
3113,27395.9,9,0,2.52521,6.13629,0,0,0,8.6615,361,361,0,1,2.03342,2.03342,1971,388,5,1288,0,0,0,0,0,3761,4631.46,0.992583,7.92975,599918,184,59320,2256,1759225,736,237280,9024,32,4,867412,1712166,27757184,6848664,34605848,4,4,12,4,49,16,12,20,20,20260807,5,1,1,1,0,0,0,6647,0.276958,1,0.0015,1
3114,27403,7,0,2.20375,4.82392,0,0,0,7.02767,361,361,0,1,2.03342,2.03342,1971,388,5,1288,0,0,0,0,0,3761,4631.46,0.992583,7.92975,599918,184,59320,2256,1759225,736,237280,9024,32,4,867412,1712166,27757184,6848664,34605848,4,4,12,4,49,16,12,20,20,20260807,5,1,1,1,0,0,0,6647,0.276958,1,0.0015,0
3115,27413.4,11,0,2.30421,8.09358,0,0,0,10.3978,361,361,0,1,2.03342,2.03342,1971,388,5,1288,0,0,0,0,0,3761,4631.46,0.992583,7.92975,599918,184,59320,2256,1759225,736,237280,9024,32,4,867412,1712166,27757184,6848664,34605848,4,4,12,4,49,16,12,20,20,20260807,5,1,1,1,0,0,0,6647,0.276958,1,0.0015,0
3116,27420.1,6,0,2.31438,4.24854,0,0,0,6.56292,361,361,0,1,2.03342,2.03342,1971,388,5,1288,0,0,0,0,0,3761,4631.46,0.992583,7.92975,599918,184,59320,2256,1759225,736,237280,9024,32,4,867412,1712166,27757184,6848664,34605848,4,4,12,4,49,16,12,20,20,20260807,5,1,1,1,0,0,0,6647,0.276958,1,0.0015,0
3117,27430.4,11,0,2.35617,7.90225,0,0,0,10.2584,361,361,0,1,2.03342,2.03342,1971,388,5,1288,0,0,0,0,0,3761,4631.46,0.992583,7.92975,599918,184,59320,2256,1759225,736,237280,9024,32,4,867412,1712166,27757184,6848664,34605848,4,4,12,4,49,16,12,20,20,20260807,5,1,1,1,0,0,0,6647,0.276958,1,0.0015,0
3118,27436.8,6,0,2.38108,3.87225,0,0,0,6.25333,361,361,0,1,2.03342,2.03342,1971,388,5,1288,0,0,0,0,0,3761,4631.46,0.992583,7.92975,599918,184,59320,2256,1759225,736,237280,9024,32,4,867412,1712166,27757184,6848664,34605848,4,4,12,4,49,16,12,20,20,20260807,5,1,1,1,0,0,0,6647,0.276958,1,0.0015,0
3119,27446.4,10,0,2.25621,7.29025,0,0,0,9.54646,361,361,0,1,2.03342,2.03342,1971,388,5,1288,0,0,0,0,0,3761,4631.46,0.992583,7.92975,599918,184,59320,2256,1759225,736,237280,9024,32,4,867412,1712166,27757184,6848664,34605848,4,4,12,4,49,16,12,20,20,20260807,5,1,1,1,0,0,0,6648,0.277,1,0.0015,1
3120,27452.5,6,0,2.26871,3.80446,0,0,0,6.07317,361,361,0,1,2.03342,2.03342,1971,388,5,1288,0,0,0,0,0,3761,4631.46,0.992583,7.92975,599918,184,59320,2256,1759225,736,237280,9024,32,4,867412,1712166,27757184,6848664,34605848,4,4,12,4,49,16,12,20,20,20260807,5,1,1,1,0,0,0,6648,0.277,1,0.0015,0
3121,27462.7,10,0,2.22,7.8575,0,0,0,10.0775,361,361,0,1,2.03342,2.03342,1971,388,5,1288,0,0,0,0,0,3761,4631.46,0.992583,7.92975,599918,184,59320,2256,1759225,736,237280,9024,32,4,867412,1712166,27757184,6848664,34605848,4,4,12,4,49,16,12,20,20,20260807,5,1,1,1,0,0,0,6648,0.277,1,0.0015,0
3122,27469.3,6,0,2.41483,4.09333,0,0,0,6.50817,361,361,0,1,2.03342,2.03342,1971,388,5,1288,0,0,0,0,0,3761,4631.46,0.992583,7.92975,599918,184,59320,2256,1759225,736,237280,9024,32,4,867412,1712166,27757184,6848664,34605848,4,4,12,4,49,16,12,20,20,20260807,5,1,1,1,0,0,0,6648,0.277,1,0.0015,0
3123,27479.5,11,0,2.14321,7.97687,0,0,0,10.1201,361,361,0,1,2.03342,2.03342,1971,388,5,1288,0,0,0,0,0,3761,4631.46,0.992583,7.92975,599918,184,59320,2256,1759225,736,237280,9024,32,4,867412,1712166,27757184,6848664,34605848,4,4,12,4,49,16,12,20,20,20260807,5,1,1,1,0,0,0,6648,0.277,1,0.0015,0
3124,27485.2,5,0,2.15746,3.47704,0,0,0,5.6345,361,361,0,1,2.03342,2.03342,1971,388,5,1288,0,0,0,0,0,3761,4631.46,0.992583,7.92975,599918,184,59320,2256,1759225,736,237280,9024,32,4,867412,1712166,27757184,6848664,34605848,4,4,12,4,49,16,12,20,20,20260807,5,1,1,1,0,0,0,6648,0.277,1,0.0015,0
3125,27495.8,11,0,2.35804,8.14796,0,0,0,10.506,361,361,0,1,2.03342,2.03342,1971,388,5,1288,0,0,0,0,0,3761,4631.46,0.992583,7.92975,599918,184,59320,2256,1759225,736,237280,9024,32,4,867412,1712166,27757184,6848664,34605848,4,4,12,4,49,16,12,20,20,20260807,5,1,1,1,0,0,0,6649,0.277042,1,0.0015,1
3126,27501.8,6,0,2.22558,3.71442,0,0,0,5.94,361,361,0,1,2.03342,2.03342,1971,388,5,1288,0,0,0,0,0,3761,4631.46,0.992583,7.92975,599918,184,59320,2256,1759225,736,237280,9024,32,4,867412,1712166,27757184,6848664,34605848,4,4,12,4,49,16,12,20,20,20260807,5,1,1,1,0,0,0,6649,0.277042,1,0.0015,0
3127,27512.4,11,0,2.48654,8.03842,0,0,0,10.525,361,361,0,1,2.03342,2.03342,1971,388,5,1288,0,0,0,0,0,3761,4631.46,0.992583,7.92975,599918,184,59320,2256,1759225,736,237280,9024,32,4,867412,1712166,27757184,6848664,34605848,4,4,12,4,49,16,12,20,20,20260807,5,1,1,1,0,0,0,6649,0.277042,1,0.0015,0
3128,27518.4,5,0,2.12454,3.73858,0,0,0,5.86313,361,361,0,1,2.03342,2.03342,1971,388,5,1288,0,0,0,0,0,3761,4631.46,0.992583,7.92975,599918,184,59320,2256,1759225,736,237280,9024,32,4,867412,1712166,27757184,6848664,34605848,4,4,12,4,49,16,12,20,20,20260807,5,1,1,1,0,0,0,6649,0.277042,1,0.0015,0
3129,27529.5,12,0,2.39383,8.70237,0,0,0,11.0962,361,361,0,1,2.03342,2.03342,1971,388,5,1288,0,0,0,0,0,3761,4631.46,0.992583,7.92975,599918,184,59320,2256,1759225,736,237280,9024,32,4,867412,1712166,27757184,6848664,34605848,4,4,12,4,49,16,12,20,20,20260807,5,1,1,1,0,0,0,6649,0.277042,1,0.0015,0
3130,27535.1,5,0,2.16567,3.35504,0,0,0,5.52071,361,361,0,1,2.03342,2.03342,1971,388,5,1288,0,0,0,0,0,3761,4631.46,0.992583,7.92975,599918,184,59320,2256,1759225,736,237280,9024,32,4,867412,1712166,27757184,6848664,34605848,4,4,12,4,49,16,12,20,20,20260807,5,1,1,1,0,0,0,6649,0.277042,1,0.0015,0
3131,27546,11,0,2.42308,8.40825,0,0,0,10.8313,361,361,0,1,2.03342,2.03342,1971,388,5,1288,0,0,0,0,0,3761,4631.46,0.992583,7.92975,599918,184,59320,2256,1759225,736,237280,9024,32,4,867412,1712166,27757184,6848664,34605848,4,4,12,4,49,16,12,20,20,20260807,5,1,1,1,0,0,0,6650,0.277083,1,0.0015,1
3132,27551.5,6,0,2.15563,3.20233,0,0,0,5.35796,361,361,0,1,2.03342,2.03342,1971,388,5,1288,0,0,0,0,0,3761,4631.46,0.992583,7.92975,599918,184,59320,2256,1759225,736,237280,9024,32,4,867412,1712166,27757184,6848664,34605848,4,4,12,4,49,16,12,20,20,20260807,5,1,1,1,0,0,0,6650,0.277083,1,0.0015,0
3133,27563,11,0,2.32917,9.11533,0,0,0,11.4445,361,361,0,1,2.03342,2.03342,1971,388,5,1288,0,0,0,0,0,3761,4631.46,0.992583,7.92975,599918,184,59320,2256,1759225,736,237280,9024,32,4,867412,1712166,27757184,6848664,34605848,4,4,12,4,49,16,12,20,20,20260807,5,1,1,1,0,0,0,6650,0.277083,1,0.0015,0
3134,27568.7,6,0,2.26796,3.37683,0,0,0,5.64479,361,361,0,1,2.03342,2.03342,1971,388,5,1288,0,0,0,0,0,3761,4631.46,0.992583,7.92975,599918,184,59320,2256,1759225,736,237280,9024,32,4,867412,1712166,27757184,6848664,34605848,4,4,12,4,49,16,12,20,20,20260807,5,1,1,1,0,0,0,6650,0.277083,1,0.0015,0
3135,27579.9,11,0,2.21,8.929,0,0,0,11.139,361,361,0,1,2.03342,2.03342,1971,388,5,1288,0,0,0,0,0,3761,4631.46,0.992583,7.92975,599918,184,59320,2256,1759225,736,237280,9024,32,4,867412,1712166,27757184,6848664,34605848,4,4,12,4,49,16,12,20,20,20260807,5,1,1,1,0,0,0,6650,0.277083,1,0.0015,0
3136,27586.2,6,0,2.19921,4.03383,0,0,0,6.23304,361,361,0,1,2.03342,2.03342,1971,388,5,1288,0,0,0,0,0,3761,4631.46,0.992583,7.92975,599918,184,59320,2256,1759225,736,237280,9024,32,4,867412,1712166,27757184,6848664,34605848,4,4,12,4,49,16,12,20,20,20260807,5,1,1,1,0,0,0,6650,0.277083,1,0.0015,0
3137,27596.2,10,0,2.25721,7.5595,0,0,0,9.81671,361,361,0,1,2.03342,2.03342,1971,388,5,1288,0,0,0,0,0,3761,4631.46,0.992583,7.92975,599918,184,59320,2256,1759225,736,237280,9024,32,4,867412,1712166,27757184,6848664,34605848,4,4,12,4,49,16,12,20,20,20260807,5,1,1,1,0,0,0,6651,0.277125,1,0.0015,1
3138,27602.5,7,0,2.33467,3.86942,0,0,0,6.20408,361,361,0,1,2.03342,2.03342,1971,388,5,1288,0,0,0,0,0,3761,4631.46,0.992583,7.92975,599918,184,59320,2256,1759225,736,237280,9024,32,4,867412,1712166,27757184,6848664,34605848,4,4,12,4,49,16,12,20,20,20260807,5,1,1,1,0,0,0,6651,0.277125,1,0.0015,0
3139,27612.6,10,0,2.10838,7.88375,0,0,0,9.99212,361,361,0,1,2.03342,2.03342,1971,388,5,1288,0,0,0,0,0,3761,4631.46,0.992583,7.92975,599918,184,59320,2256,1759225,736,237280,9024,32,4,867412,1712166,27757184,6848664,34605848,4,4,12,4,49,16,12,20,20,20260807,5,1,1,1,0,0,0,6651,0.277125,1,0.0015,0
3140,27619.1,6,0,2.27671,4.24242,0,0,0,6.51912,361,361,0,1,2.03342,2.03342,1971,388,5,1288,0,0,0,0,0,3761,4631.46,0.992583,7.92975,599918,184,59320,2256,1759225,736,237280,9024,32,4,867412,1712166,27757184,6848664,34605848,4,4,12,4,49,16,12,20,20,20260807,5,1,1,1,0,0,0,6651,0.277125,1,0.0015,0
3141,27629.3,10,0,2.22658,7.82008,0,0,0,10.0467,361,361,0,1,2.03342,2.03342,1971,388,5,1288,0,0,0,0,0,3761,4631.46,0.992583,7.92975,599918,184,59320,2256,1759225,736,237280,9024,32,4,867412,1712166,27757184,6848664,34605848,4,4,12,4,49,16,12,20,20,20260807,5,1,1,1,0,0,0,6651,0.277125,1,0.0015,0
3142,27636.3,7,0,2.10137,4.83867,0,0,0,6.94004,361,361,0,1,2.03342,2.03342,1971,388,5,1288,0,0,0,0,0,3761,4631.46,0.992583,7.92975,599918,184,59320,2256,1759225,736,237280,9024,32,4,867412,1712166,27757184,6848664,34605848,4,4,12,4,49,16,12,20,20,20260807,5,1,1,1,0,0,0,6651,0.277125,1,0.0015,0
3143,27646.1,10,0,2.33242,7.41975,0,0,0,9.75217,361,361,0,1,2.03342,2.03342,1971,388,5,1288,0,0,0,0,0,3761,4631.46,0.992583,7.92975,599918,184,59320,2256,1759225,736,237280,9024,32,4,867412,1712166,27757184,6848664,34605848,4,4,12,4,49,16,12,20,20,20260807,5,1,1,1,0,0,0,6652,0.277167,1,0.0015,1
3144,27652.5,7,0,2.25004,4.10675,0,0,0,6.35679,361,361,0,1,2.03342,2.03342,1971,388,5,1288,0,0,0,0,0,3761,4631.46,0.992583,7.92975,599918,184,59320,2256,1759225,736,237280,9024,32,4,867412,1712166,27757184,6848664,34605848,4,4,12,4,49,16,12,20,20,20260807,5,1,1,1,0,0,0,6652,0.277167,1,0.0015,0
3145,27662.8,10,0,2.57246,7.62929,0,0,0,10.2018,361,361,0,1,2.03342,2.03342,1971,388,5,1288,0,0,0,0,0,3761,4631.46,0.992583,7.92975,599918,184,59320,2256,1759225,736,237280,9024,32,4,867412,1712166,27757184,6848664,34605848,4,4,12,4,49,16,12,20,20,20260807,5,1,1,1,0,0,0,6652,0.277167,1,0.0015,0
3146,27669.4,7,0,2.14583,4.34237,0,0,0,6.48821,361,361,0,1,2.03342,2.03342,1971,388,5,1288,0,0,0,0,0,3761,4631.46,0.992583,7.92975,599918,184,59320,2256,1759225,736,237280,9024,32,4,867412,1712166,27757184,6848664,34605848,4,4,12,4,49,16,12,20,20,20260807,5,1,1,1,0,0,0,6652,0.277167,1,0.0015,0
3147,27679,9,0,2.18333,7.37067,0,0,0,9.554,361,361,0,1,2.03342,2.03342,1971,388,5,1288,0,0,0,0,0,3761,4631.46,0.992583,7.92975,599918,184,59320,2256,1759225,736,237280,9024,32,4,867412,1712166,27757184,6848664,34605848,4,4,12,4,49,16,12,20,20,20260807,5,1,1,1,0,0,0,6652,0.277167,1,0.0015,0
3148,27686,7,0,2.23779,4.71325,0,0,0,6.95104,361,361,0,1,2.03342,2.03342,1971,388,5,1288,0,0,0,0,0,3761,4631.46,0.992583,7.92975,599918,184,59320,2256,1759225,736,237280,9024,32,4,867412,1712166,27757184,6848664,34605848,4,4,12,4,49,16,12,20,20,20260807,5,1,1,1,0,0,0,6652,0.277167,1,0.0015,0
3149,27696.2,10,0,2.46092,7.5775,0,0,0,10.0384,361,361,0,1,2.03342,2.03342,1971,388,5,1288,0,0,0,0,0,3761,4631.46,0.992583,7.92975,599918,184,59320,2256,1759225,736,237280,9024,32,4,867412,1712166,27757184,6848664,34605848,4,4,12,4,49,16,12,20,20,20260807,5,1,1,1,0,0,0,6653,0.277208,1,0.0015,1
3150,27701.7,6,0,2.06654,3.35604,0,0,0,5.42258,361,361,0,1,2.03342,2.03342,1971,388,5,1288,0,0,0,0,0,3761,4631.46,0.992583,7.92975,599918,184,59320,2256,1759225,736,237280,9024,32,4,867412,1712166,27757184,6848664,34605848,4,4,12,4,49,16,12,20,20,20260807,5,1,1,1,0,0,0,6653,0.277208,1,0.0015,0
3151,27712.7,11,0,2.09337,8.86937,0,0,0,10.9627,361,361,0,1,2.03342,2.03342,1971,388,5,1288,0,0,0,0,0,3761,4631.46,0.992583,7.92975,599918,184,59320,2256,1759225,736,237280,9024,32,4,867412,1712166,27757184,6848664,34605848,4,4,12,4,49,16,12,20,20,20260807,5,1,1,1,0,0,0,6653,0.277208,1,0.0015,0
3152,27721.4,9,0,2.13517,6.39042,0,0,0,8.52558,361,361,0,1,2.03342,2.03342,1971,388,5,1288,0,0,0,0,0,3761,4631.46,0.992583,7.92975,599918,184,59320,2256,1759225,736,237280,9024,32,4,867412,1712166,27757184,6848664,34605848,4,4,12,4,49,16,12,20,20,20260807,5,1,1,1,0,0,0,6653,0.277208,1,0.0015,0
3153,27728.8,7,0,2.20113,5.18117,0,0,0,7.38229,361,361,0,1,2.03342,2.03342,1971,388,5,1288,0,0,0,0,0,3761,4631.46,0.992583,7.92975,599918,184,59320,2256,1759225,736,237280,9024,32,4,867412,1712166,27757184,6848664,34605848,4,4,12,4,49,16,12,20,20,20260807,5,1,1,1,0,0,0,6653,0.277208,1,0.0015,0
3154,27734.6,6,0,2.04229,3.67308,0,0,0,5.71537,361,361,0,1,2.03342,2.03342,1971,388,5,1288,0,0,0,0,0,3761,4631.46,0.992583,7.92975,599918,184,59320,2256,1759225,736,237280,9024,32,4,867412,1712166,27757184,6848664,34605848,4,4,12,4,49,16,12,20,20,20260807,5,1,1,1,0,0,0,6653,0.277208,1,0.0015,0
3155,27746.2,11,0,2.44117,9.08625,0,0,0,11.5274,361,361,0,1,2.03342,2.03342,1971,388,5,1288,0,0,0,0,0,3761,4631.46,0.992583,7.92975,599918,184,59320,2256,1759225,736,237280,9024,32,4,867412,1712166,27757184,6848664,34605848,4,4,12,4,49,16,12,20,20,20260807,5,1,1,1,0,0,0,6654,0.27725,1,0.0015,1
3156,27752,6,0,2.1565,3.50908,0,0,0,5.66558,361,361,0,1,2.03342,2.03342,1971,388,5,1288,0,0,0,0,0,3761,4631.46,0.992583,7.92975,599918,184,59320,2256,1759225,736,237280,9024,32,4,867412,1712166,27757184,6848664,34605848,4,4,12,4,49,16,12,20,20,20260807,5,1,1,1,0,0,0,6654,0.27725,1,0.0015,0
3157,27762.9,11,0,2.22608,8.65092,0,0,0,10.877,361,361,0,1,2.03342,2.03342,1971,388,5,1288,0,0,0,0,0,3761,4631.46,0.992583,7.92975,599918,184,59320,2256,1759225,736,237280,9024,32,4,867412,1712166,27757184,6848664,34605848,4,4,12,4,49,16,12,20,20,20260807,5,1,1,1,0,0,0,6654,0.27725,1,0.0015,0
3158,27769.3,6,0,2.46513,3.84071,0,0,0,6.30583,361,361,0,1,2.03342,2.03342,1971,388,5,1288,0,0,0,0,0,3761,4631.46,0.992583,7.92975,599918,184,59320,2256,1759225,736,237280,9024,32,4,867412,1712166,27757184,6848664,34605848,4,4,12,4,49,16,12,20,20,20260807,5,1,1,1,0,0,0,6654,0.27725,1,0.0015,0
3159,27779.4,10,0,2.30662,7.67887,0,0,0,9.9855,361,361,0,1,2.03342,2.03342,1971,388,5,1288,0,0,0,0,0,3761,4631.46,0.992583,7.92975,599918,184,59320,2256,1759225,736,237280,9024,32,4,867412,1712166,27757184,6848664,34605848,4,4,12,4,49,16,12,20,20,20260807,5,1,1,1,0,0,0,6654,0.27725,1,0.0015,0
3160,27787.3,8,0,2.06429,5.75533,0,0,0,7.81963,361,361,0,1,2.03342,2.03342,1971,388,5,1288,0,0,0,0,0,3761,4631.46,0.992583,7.92975,599918,184,59320,2256,1759225,736,237280,9024,32,4,867412,1712166,27757184,6848664,34605848,4,4,12,4,49,16,12,20,20,20260807,5,1,1,1,0,0,0,6654,0.27725,1,0.0015,0
3161,27796.5,10,0,2.21342,6.95971,0,0,0,9.17313,361,361,0,1,2.03342,2.03342,1971,388,5,1288,0,0,0,0,0,3761,4631.46,0.992583,7.92975,599918,184,59320,2256,1759225,736,237280,9024,32,4,867412,1712166,27757184,6848664,34605848,4,4,12,4,49,16,12,20,20,20260807,5,1,1,1,0,0,0,6655,0.277292,1,0.0015,1
3162,27803.2,6,0,2.58913,4.03087,0,0,0,6.62,361,361,0,1,2.03342,2.03342,1971,388,5,1288,0,0,0,0,0,3761,4631.46,0.992583,7.92975,599918,184,59320,2256,1759225,736,237280,9024,32,4,867412,1712166,27757184,6848664,34605848,4,4,12,4,49,16,12,20,20,20260807,5,1,1,1,0,0,0,6655,0.277292,1,0.0015,0
3163,27812.8,10,0,2.26183,7.18738,0,0,0,9.44921,361,361,0,1,2.03342,2.03342,1971,388,5,1288,0,0,0,0,0,3761,4631.46,0.992583,7.92975,599918,184,59320,2256,1759225,736,237280,9024,32,4,867412,1712166,27757184,6848664,34605848,4,4,12,4,49,16,12,20,20,20260807,5,1,1,1,0,0,0,6655,0.277292,1,0.0015,0
3164,27819.6,7,0,2.09013,4.61829,0,0,0,6.70842,361,361,0,1,2.03342,2.03342,1971,388,5,1288,0,0,0,0,0,3761,4631.46,0.992583,7.92975,599918,184,59320,2256,1759225,736,237280,9024,32,4,867412,1712166,27757184,6848664,34605848,4,4,12,4,49,16,12,20,20,20260807,5,1,1,1,0,0,0,6655,0.277292,1,0.0015,0
3165,27829.6,10,0,2.51525,7.44329,0,0,0,9.95854,361,361,0,1,2.03342,2.03342,1971,388,5,1288,0,0,0,0,0,3761,4631.46,0.992583,7.92975,599918,184,59320,2256,1759225,736,237280,9024,32,4,867412,1712166,27757184,6848664,34605848,4,4,12,4,49,16,12,20,20,20260807,5,1,1,1,0,0,0,6655,0.277292,1,0.0015,0
3166,27836.8,7,0,2.44238,4.61129,0,0,0,7.05367,361,361,0,1,2.03342,2.03342,1971,388,5,1288,0,0,0,0,0,3761,4631.46,0.992583,7.92975,599918,184,59320,2256,1759225,736,237280,9024,32,4,867412,1712166,27757184,6848664,34605848,4,4,12,4,49,16,12,20,20,20260807,5,1,1,1,0,0,0,6655,0.277292,1,0.0015,0
3167,27845.6,9,0,2.20342,6.581,0,0,0,8.78442,361,361,0,1,2.03342,2.03342,1971,388,5,1288,0,0,0,0,0,3761,4631.46,0.992583,7.92975,599918,184,59320,2256,1759225,736,237280,9024,32,4,867412,1712166,27757184,6848664,34605848,4,4,12,4,49,16,12,20,20,20260807,5,1,1,1,0,0,0,6656,0.277333,1,0.0015,1
3168,27852.8,7,0,2.11375,4.98,0,0,0,7.09375,361,361,0,1,2.03342,2.03342,1971,388,5,1288,0,0,0,0,0,3761,4631.46,0.992583,7.92975,599918,184,59320,2256,1759225,736,237280,9024,32,4,867412,1712166,27757184,6848664,34605848,4,4,12,4,49,16,12,20,20,20260807,5,1,1,1,0,0,0,6656,0.277333,1,0.0015,0
3169,27862.7,10,0,2.40392,7.40717,0,0,0,9.81108,361,361,0,1,2.03342,2.03342,1971,388,5,1288,0,0,0,0,0,3761,4631.46,0.992583,7.92975,599918,184,59320,2256,1759225,736,237280,9024,32,4,867412,1712166,27757184,6848664,34605848,4,4,12,4,49,16,12,20,20,20260807,5,1,1,1,0,0,0,6656,0.277333,1,0.0015,0
3170,27868.7,6,0,2.15854,3.82342,0,0,0,5.98196,361,361,0,1,2.03342,2.03342,1971,388,5,1288,0,0,0,0,0,3761,4631.46,0.992583,7.92975,599918,184,59320,2256,1759225,736,237280,9024,32,4,867412,1712166,27757184,6848664,34605848,4,4,12,4,49,16,12,20,20,20260807,5,1,1,1,0,0,0,6656,0.277333,1,0.0015,0
3171,27879.6,11,0,2.24629,8.52375,0,0,0,10.77,361,361,0,1,2.03342,2.03342,1971,388,5,1288,0,0,0,0,0,3761,4631.46,0.992583,7.92975,599918,184,59320,2256,1759225,736,237280,9024,32,4,867412,1712166,27757184,6848664,34605848,4,4,12,4,49,16,12,20,20,20260807,5,1,1,1,0,0,0,6656,0.277333,1,0.0015,0
3172,27885.9,6,0,2.10508,4.10804,0,0,0,6.21312,361,361,0,1,2.03342,2.03342,1971,388,5,1288,0,0,0,0,0,3761,4631.46,0.992583,7.92975,599918,184,59320,2256,1759225,736,237280,9024,32,4,867412,1712166,27757184,6848664,34605848,4,4,12,4,49,16,12,20,20,20260807,5,1,1,1,0,0,0,6656,0.277333,1,0.0015,0
3173,27895.9,10,0,2.49179,7.436,0,0,0,9.92779,361,361,0,1,2.03342,2.03342,1971,388,5,1288,0,0,0,0,0,3761,4631.46,0.992583,7.92975,599918,184,59320,2256,1759225,736,237280,9024,32,4,867412,1712166,27757184,6848664,34605848,4,4,12,4,49,16,12,20,20,20260807,5,1,1,1,0,0,0,6657,0.277375,1,0.0015,1
3174,27904,8,0,2.02267,6.00729,0,0,0,8.02996,361,361,0,1,2.03342,2.03342,1971,388,5,1288,0,0,0,0,0,3761,4631.46,0.992583,7.92975,599918,184,59320,2256,1759225,736,237280,9024,32,4,867412,1712166,27757184,6848664,34605848,4,4,12,4,49,16,12,20,20,20260807,5,1,1,1,0,0,0,6657,0.277375,1,0.0015,0
3175,27912.8,9,0,2.27204,6.4605,0,0,0,8.73254,361,361,0,1,2.03342,2.03342,1971,388,5,1288,0,0,0,0,0,3761,4631.46,0.992583,7.92975,599918,184,59320,2256,1759225,736,237280,9024,32,4,867412,1712166,27757184,6848664,34605848,4,4,12,4,49,16,12,20,20,20260807,5,1,1,1,0,0,0,6657,0.277375,1,0.0015,0
3176,27918.5,6,0,2.14733,3.51271,0,0,0,5.66004,361,361,0,1,2.03342,2.03342,1971,388,5,1288,0,0,0,0,0,3761,4631.46,0.992583,7.92975,599918,184,59320,2256,1759225,736,237280,9024,32,4,867412,1712166,27757184,6848664,34605848,4,4,12,4,49,16,12,20,20,20260807,5,1,1,1,0,0,0,6657,0.277375,1,0.0015,0
3177,27930.7,12,0,2.09375,10.0776,0,0,0,12.1714,361,361,0,1,2.03342,2.03342,1971,388,5,1288,0,0,0,0,0,3761,4631.46,0.992583,7.92975,599918,184,59320,2256,1759225,736,237280,9024,32,4,867412,1712166,27757184,6848664,34605848,4,4,12,4,49,16,12,20,20,20260807,5,1,1,1,0,0,0,6657,0.277375,1,0.0015,0
3178,27937.8,7,0,2.28017,4.66638,0,0,0,6.94654,361,361,0,1,2.03342,2.03342,1971,388,5,1288,0,0,0,0,0,3761,4631.46,0.992583,7.92975,599918,184,59320,2256,1759225,736,237280,9024,32,4,867412,1712166,27757184,6848664,34605848,4,4,12,4,49,16,12,20,20,20260807,5,1,1,1,0,0,0,6657,0.277375,1,0.0015,0
3179,27946.3,8,0,2.39283,6.08692,0,0,0,8.47975,361,361,0,1,2.03342,2.03342,1971,388,5,1288,0,0,0,0,0,3761,4631.46,0.992583,7.92975,599918,184,59320,2256,1759225,736,237280,9024,32,4,867412,1712166,27757184,6848664,34605848,4,4,12,4,49,16,12,20,20,20260807,5,1,1,1,0,0,0,6658,0.277417,1,0.0015,1
3180,27953,7,0,2.25896,4.20212,0,0,0,6.46108,361,361,0,1,2.03342,2.03342,1971,388,5,1288,0,0,0,0,0,3761,4631.46,0.992583,7.92975,599918,184,59320,2256,1759225,736,237280,9024,32,4,867412,1712166,27757184,6848664,34605848,4,4,12,4,49,16,12,20,20,20260807,5,1,1,1,0,0,0,6658,0.277417,1,0.0015,0
3181,27962.7,10,0,2.47237,7.19567,0,0,0,9.66804,361,361,0,1,2.03342,2.03342,1971,388,5,1288,0,0,0,0,0,3761,4631.46,0.992583,7.92975,599918,184,59320,2256,1759225,736,237280,9024,32,4,867412,1712166,27757184,6848664,34605848,4,4,12,4,49,16,12,20,20,20260807,5,1,1,1,0,0,0,6658,0.277417,1,0.0015,0
3182,27968.8,6,0,2.31133,3.69479,0,0,0,6.00612,361,361,0,1,2.03342,2.03342,1971,388,5,1288,0,0,0,0,0,3761,4631.46,0.992583,7.92975,599918,184,59320,2256,1759225,736,237280,9024,32,4,867412,1712166,27757184,6848664,34605848,4,4,12,4,49,16,12,20,20,20260807,5,1,1,1,0,0,0,6658,0.277417,1,0.0015,0
3183,27979.7,11,0,2.74975,8.01962,0,0,0,10.7694,361,361,0,1,2.03342,2.03342,1971,388,5,1288,0,0,0,0,0,3761,4631.46,0.992583,7.92975,599918,184,59320,2256,1759225,736,237280,9024,32,4,867412,1712166,27757184,6848664,34605848,4,4,12,4,49,16,12,20,20,20260807,5,1,1,1,0,0,0,6658,0.277417,1,0.0015,0
3184,27986.4,7,0,2.43008,4.26588,0,0,0,6.69596,361,361,0,1,2.03342,2.03342,1971,388,5,1288,0,0,0,0,0,3761,4631.46,0.992583,7.92975,599918,184,59320,2256,1759225,736,237280,9024,32,4,867412,1712166,27757184,6848664,34605848,4,4,12,4,49,16,12,20,20,20260807,5,1,1,1,0,0,0,6658,0.277417,1,0.0015,0
3185,27995.8,9,0,2.61221,6.59337,0,0,0,9.20558,361,361,0,1,2.03342,2.03342,1971,388,5,1288,0,0,0,0,0,3761,4631.46,0.992583,7.92975,599918,184,59320,2256,1759225,736,237280,9024,32,4,867412,1712166,27757184,6848664,34605848,4,4,12,4,49,16,12,20,20,20260807,5,1,1,1,0,0,0,6659,0.277458,1,0.0015,1
3186,28001.6,6,0,2.11496,3.63458,0,0,0,5.74954,361,361,0,1,2.03342,2.03342,1971,388,5,1288,0,0,0,0,0,3761,4631.46,0.992583,7.92975,599918,184,59320,2256,1759225,736,237280,9024,32,4,867412,1712166,27757184,6848664,34605848,4,4,12,4,49,16,12,20,20,20260807,5,1,1,1,0,0,0,6659,0.277458,1,0.0015,0
3187,28013.4,12,0,2.37637,9.33362,0,0,0,11.71,361,361,0,1,2.03342,2.03342,1971,388,5,1288,0,0,0,0,0,3761,4631.46,0.992583,7.92975,599918,184,59320,2256,1759225,736,237280,9024,32,4,867412,1712166,27757184,6848664,34605848,4,4,12,4,49,16,12,20,20,20260807,5,1,1,1,0,0,0,6659,0.277458,1,0.0015,0
3188,28020.2,6,0,2.46062,4.24742,0,0,0,6.70804,361,361,0,1,2.03342,2.03342,1971,388,5,1288,0,0,0,0,0,3761,4631.46,0.992583,7.92975,599918,184,59320,2256,1759225,736,237280,9024,32,4,867412,1712166,27757184,6848664,34605848,4,4,12,4,49,16,12,20,20,20260807,5,1,1,1,0,0,0,6659,0.277458,1,0.0015,0
3189,28029.7,10,0,2.21475,7.18521,0,0,0,9.39996,361,361,0,1,2.03342,2.03342,1971,388,5,1288,0,0,0,0,0,3761,4631.46,0.992583,7.92975,599918,184,59320,2256,1759225,736,237280,9024,32,4,867412,1712166,27757184,6848664,34605848,4,4,12,4,49,16,12,20,20,20260807,5,1,1,1,0,0,0,6659,0.277458,1,0.0015,0
3190,28035.7,6,0,2.21146,3.79229,0,0,0,6.00375,361,361,0,1,2.03342,2.03342,1971,388,5,1288,0,0,0,0,0,3761,4631.46,0.992583,7.92975,599918,184,59320,2256,1759225,736,237280,9024,32,4,867412,1712166,27757184,6848664,34605848,4,4,12,4,49,16,12,20,20,20260807,5,1,1,1,0,0,0,6659,0.277458,1,0.0015,0
3191,28046.6,11,0,2.41033,8.36671,0,0,0,10.777,361,361,0,1,2.03342,2.03342,1971,388,5,1288,0,0,0,0,0,3761,4631.46,0.992583,7.92975,599918,184,59320,2256,1759225,736,237280,9024,32,4,867412,1712166,27757184,6848664,34605848,4,4,12,4,49,16,12,20,20,20260807,5,1,1,1,0,0,0,6660,0.2775,1,0.0015,1
3192,28053.1,6,0,2.298,4.08083,0,0,0,6.37883,361,361,0,1,2.03342,2.03342,1971,388,5,1288,0,0,0,0,0,3761,4631.46,0.992583,7.92975,599918,184,59320,2256,1759225,736,237280,9024,32,4,867412,1712166,27757184,6848664,34605848,4,4,12,4,49,16,12,20,20,20260807,5,1,1,1,0,0,0,6660,0.2775,1,0.0015,0
3193,28063.2,10,0,2.18621,7.89054,0,0,0,10.0768,361,361,0,1,2.03342,2.03342,1971,388,5,1288,0,0,0,0,0,3761,4631.46,0.992583,7.92975,599918,184,59320,2256,1759225,736,237280,9024,32,4,867412,1712166,27757184,6848664,34605848,4,4,12,4,49,16,12,20,20,20260807,5,1,1,1,0,0,0,6660,0.2775,1,0.0015,0
3194,28069.4,6,0,2.15333,3.87887,0,0,0,6.03221,361,361,0,1,2.03342,2.03342,1971,388,5,1288,0,0,0,0,0,3761,4631.46,0.992583,7.92975,599918,184,59320,2256,1759225,736,237280,9024,32,4,867412,1712166,27757184,6848664,34605848,4,4,12,4,49,16,12,20,20,20260807,5,1,1,1,0,0,0,6660,0.2775,1,0.0015,0
3195,28080,11,0,2.16296,8.37958,0,0,0,10.5425,361,361,0,1,2.03342,2.03342,1971,388,5,1288,0,0,0,0,0,3761,4631.46,0.992583,7.92975,599918,184,59320,2256,1759225,736,237280,9024,32,4,867412,1712166,27757184,6848664,34605848,4,4,12,4,49,16,12,20,20,20260807,5,1,1,1,0,0,0,6660,0.2775,1,0.0015,0
3196,28085.8,6,0,2.26179,3.50925,0,0,0,5.77104,361,361,0,1,2.03342,2.03342,1971,388,5,1288,0,0,0,0,0,3761,4631.46,0.992583,7.92975,599918,184,59320,2256,1759225,736,237280,9024,32,4,867412,1712166,27757184,6848664,34605848,4,4,12,4,49,16,12,20,20,20260807,5,1,1,1,0,0,0,6660,0.2775,1,0.0015,0
3197,28096.9,11,0,2.29046,8.71438,0,0,0,11.0048,361,361,0,1,2.03342,2.03342,1971,388,5,1288,0,0,0,0,0,3761,4631.46,0.992583,7.92975,599918,184,59320,2256,1759225,736,237280,9024,32,4,867412,1712166,27757184,6848664,34605848,4,4,12,4,49,16,12,20,20,20260807,5,1,1,1,0,0,0,6661,0.277542,1,0.0015,1
3198,28103.4,7,0,2.35267,4.05729,0,0,0,6.40996,361,361,0,1,2.03342,2.03342,1971,388,5,1288,0,0,0,0,0,3761,4631.46,0.992583,7.92975,599918,184,59320,2256,1759225,736,237280,9024,32,4,867412,1712166,27757184,6848664,34605848,4,4,12,4,49,16,12,20,20,20260807,5,1,1,1,0,0,0,6661,0.277542,1,0.0015,0
3199,28113.2,9,0,2.47725,7.22825,0,0,0,9.7055,361,361,0,1,2.03342,2.03342,1971,388,5,1288,0,0,0,0,0,3761,4631.46,0.992583,7.92975,599918,184,59320,2256,1759225,736,237280,9024,32,4,867412,1712166,27757184,6848664,34605848,4,4,12,4,49,16,12,20,20,20260807,5,1,1,1,0,0,0,6661,0.277542,1,0.0015,0
3200,28119.5,7,0,2.35929,3.85387,0,0,0,6.21317,361,361,0,1,2.03342,2.03342,1971,388,5,1288,0,0,0,0,0,3761,4631.46,0.992583,7.92975,599918,184,59320,2256,1759225,736,237280,9024,32,4,867412,1712166,27757184,6848664,34605848,4,4,12,4,49,16,12,20,20,20260807,5,1,1,1,0,0,0,6661,0.277542,1,0.0015,0
3201,28129.4,10,0,2.22579,7.62271,0,0,0,9.8485,361,361,0,1,2.03342,2.03342,1971,388,5,1288,0,0,0,0,0,3761,4631.46,0.992583,7.92975,599918,184,59320,2256,1759225,736,237280,9024,32,4,867412,1712166,27757184,6848664,34605848,4,4,12,4,49,16,12,20,20,20260807,5,1,1,1,0,0,0,6661,0.277542,1,0.0015,0
3202,28136,6,0,2.38196,4.10738,0,0,0,6.48933,361,361,0,1,2.03342,2.03342,1971,388,5,1288,0,0,0,0,0,3761,4631.46,0.992583,7.92975,599918,184,59320,2256,1759225,736,237280,9024,32,4,867412,1712166,27757184,6848664,34605848,4,4,12,4,49,16,12,20,20,20260807,5,1,1,1,0,0,0,6661,0.277542,1,0.0015,0
3203,28147.1,11,0,2.52592,8.45333,0,0,0,10.9793,361,361,0,1,2.03342,2.03342,1971,388,5,1288,0,0,0,0,0,3761,4631.46,0.992583,7.92975,599918,184,59320,2256,1759225,736,237280,9024,32,4,867412,1712166,27757184,6848664,34605848,4,4,12,4,49,16,12,20,20,20260807,5,1,1,1,0,0,0,6662,0.277583,1,0.0015,1
3204,28153.5,7,0,2.32408,4.02121,0,0,0,6.34529,361,361,0,1,2.03342,2.03342,1971,388,5,1288,0,0,0,0,0,3761,4631.46,0.992583,7.92975,599918,184,59320,2256,1759225,736,237280,9024,32,4,867412,1712166,27757184,6848664,34605848,4,4,12,4,49,16,12,20,20,20260807,5,1,1,1,0,0,0,6662,0.277583,1,0.0015,0
3205,28163.5,10,0,2.43579,7.46879,0,0,0,9.90458,361,361,0,1,2.03342,2.03342,1971,388,5,1288,0,0,0,0,0,3761,4631.46,0.992583,7.92975,599918,184,59320,2256,1759225,736,237280,9024,32,4,867412,1712166,27757184,6848664,34605848,4,4,12,4,49,16,12,20,20,20260807,5,1,1,1,0,0,0,6662,0.277583,1,0.0015,0
3206,28170.1,6,0,2.28863,4.30713,0,0,0,6.59575,361,361,0,1,2.03342,2.03342,1971,388,5,1288,0,0,0,0,0,3761,4631.46,0.992583,7.92975,599918,184,59320,2256,1759225,736,237280,9024,32,4,867412,1712166,27757184,6848664,34605848,4,4,12,4,49,16,12,20,20,20260807,5,1,1,1,0,0,0,6662,0.277583,1,0.0015,0
3207,28180,10,0,2.38121,7.36554,0,0,0,9.74675,361,361,0,1,2.03342,2.03342,1971,388,5,1288,0,0,0,0,0,3761,4631.46,0.992583,7.92975,599918,184,59320,2256,1759225,736,237280,9024,32,4,867412,1712166,27757184,6848664,34605848,4,4,12,4,49,16,12,20,20,20260807,5,1,1,1,0,0,0,6662,0.277583,1,0.0015,0
3208,28186.5,7,0,2.30804,4.107,0,0,0,6.41504,361,361,0,1,2.03342,2.03342,1971,388,5,1288,0,0,0,0,0,3761,4631.46,0.992583,7.92975,599918,184,59320,2256,1759225,736,237280,9024,32,4,867412,1712166,27757184,6848664,34605848,4,4,12,4,49,16,12,20,20,20260807,5,1,1,1,0,0,0,6662,0.277583,1,0.0015,0
3209,28196.5,10,0,2.3135,7.6515,0,0,0,9.965,361,361,0,1,2.03342,2.03342,1971,388,5,1288,0,0,0,0,0,3761,4631.46,0.992583,7.92975,599918,184,59320,2256,1759225,736,237280,9024,32,4,867412,1712166,27757184,6848664,34605848,4,4,12,4,49,16,12,20,20,20260807,5,1,1,1,0,0,0,6663,0.277625,1,0.0015,1
3210,28202.9,6,0,2.10062,4.18996,0,0,0,6.29058,361,361,0,1,2.03342,2.03342,1971,388,5,1288,0,0,0,0,0,3761,4631.46,0.992583,7.92975,599918,184,59320,2256,1759225,736,237280,9024,32,4,867412,1712166,27757184,6848664,34605848,4,4,12,4,49,16,12,20,20,20260807,5,1,1,1,0,0,0,6663,0.277625,1,0.0015,0
3211,28213.1,10,0,2.27375,7.79938,0,0,0,10.0731,361,361,0,1,2.03342,2.03342,1971,388,5,1288,0,0,0,0,0,3761,4631.46,0.992583,7.92975,599918,184,59320,2256,1759225,736,237280,9024,32,4,867412,1712166,27757184,6848664,34605848,4,4,12,4,49,16,12,20,20,20260807,5,1,1,1,0,0,0,6663,0.277625,1,0.0015,0
3212,28220.2,7,0,2.35158,4.68975,0,0,0,7.04133,361,361,0,1,2.03342,2.03342,1971,388,5,1288,0,0,0,0,0,3761,4631.46,0.992583,7.92975,599918,184,59320,2256,1759225,736,237280,9024,32,4,867412,1712166,27757184,6848664,34605848,4,4,12,4,49,16,12,20,20,20260807,5,1,1,1,0,0,0,6663,0.277625,1,0.0015,0
3213,28230.1,10,0,2.44221,7.32479,0,0,0,9.767,361,361,0,1,2.03342,2.03342,1971,388,5,1288,0,0,0,0,0,3761,4631.46,0.992583,7.92975,599918,184,59320,2256,1759225,736,237280,9024,32,4,867412,1712166,27757184,6848664,34605848,4,4,12,4,49,16,12,20,20,20260807,5,1,1,1,0,0,0,6663,0.277625,1,0.0015,0
3214,28236.8,7,0,2.48608,4.15742,0,0,0,6.6435,361,361,0,1,2.03342,2.03342,1971,388,5,1288,0,0,0,0,0,3761,4631.46,0.992583,7.92975,599918,184,59320,2256,1759225,736,237280,9024,32,4,867412,1712166,27757184,6848664,34605848,4,4,12,4,49,16,12,20,20,20260807,5,1,1,1,0,0,0,6663,0.277625,1,0.0015,0
3215,28246,9,0,2.41312,6.68596,0,0,0,9.09908,361,361,0,1,2.03342,2.03342,1971,388,5,1288,0,0,0,0,0,3761,4631.46,0.992583,7.92975,599918,184,59320,2256,1759225,736,237280,9024,32,4,867412,1712166,27757184,6848664,34605848,4,4,12,4,49,16,12,20,20,20260807,5,1,1,1,0,0,0,6664,0.277667,1,0.0015,1
3216,28252.5,7,0,2.31946,4.09467,0,0,0,6.41413,361,361,0,1,2.03342,2.03342,1971,388,5,1288,0,0,0,0,0,3761,4631.46,0.992583,7.92975,599918,184,59320,2256,1759225,736,237280,9024,32,4,867412,1712166,27757184,6848664,34605848,4,4,12,4,49,16,12,20,20,20260807,5,1,1,1,0,0,0,6664,0.277667,1,0.0015,0
3217,28263.2,10,0,2.12,8.54475,0,0,0,10.6647,361,361,0,1,2.03342,2.03342,1971,388,5,1288,0,0,0,0,0,3761,4631.46,0.992583,7.92975,599918,184,59320,2256,1759225,736,237280,9024,32,4,867412,1712166,27757184,6848664,34605848,4,4,12,4,49,16,12,20,20,20260807,5,1,1,1,0,0,0,6664,0.277667,1,0.0015,0
3218,28269.9,7,0,2.322,4.25042,0,0,0,6.57242,361,361,0,1,2.03342,2.03342,1971,388,5,1288,0,0,0,0,0,3761,4631.46,0.992583,7.92975,599918,184,59320,2256,1759225,736,237280,9024,32,4,867412,1712166,27757184,6848664,34605848,4,4,12,4,49,16,12,20,20,20260807,5,1,1,1,0,0,0,6664,0.277667,1,0.0015,0
3219,28279.2,9,0,2.34125,6.94071,0,0,0,9.28196,361,361,0,1,2.03342,2.03342,1971,388,5,1288,0,0,0,0,0,3761,4631.46,0.992583,7.92975,599918,184,59320,2256,1759225,736,237280,9024,32,4,867412,1712166,27757184,6848664,34605848,4,4,12,4,49,16,12,20,20,20260807,5,1,1,1,0,0,0,6664,0.277667,1,0.0015,0
3220,28285.6,7,0,2.42533,3.82442,0,0,0,6.24975,361,361,0,1,2.03342,2.03342,1971,388,5,1288,0,0,0,0,0,3761,4631.46,0.992583,7.92975,599918,184,59320,2256,1759225,736,237280,9024,32,4,867412,1712166,27757184,6848664,34605848,4,4,12,4,49,16,12,20,20,20260807,5,1,1,1,0,0,0,6664,0.277667,1,0.0015,0
3221,28296.3,10,0,2.80329,7.83546,0,0,0,10.6387,361,361,0,1,2.03342,2.03342,1971,388,5,1288,0,0,0,0,0,3761,4631.46,0.992583,7.92975,599918,184,59320,2256,1759225,736,237280,9024,32,4,867412,1712166,27757184,6848664,34605848,4,4,12,4,49,16,12,20,20,20260807,5,1,1,1,0,0,0,6665,0.277708,1,0.0015,1
3222,28302.7,7,0,2.43967,3.86596,0,0,0,6.30563,361,361,0,1,2.03342,2.03342,1971,388,5,1288,0,0,0,0,0,3761,4631.46,0.992583,7.92975,599918,184,59320,2256,1759225,736,237280,9024,32,4,867412,1712166,27757184,6848664,34605848,4,4,12,4,49,16,12,20,20,20260807,5,1,1,1,0,0,0,6665,0.277708,1,0.0015,0
3223,28313.1,10,0,2.46283,7.87333,0,0,0,10.3362,361,361,0,1,2.03342,2.03342,1971,388,5,1288,0,0,0,0,0,3761,4631.46,0.992583,7.92975,599918,184,59320,2256,1759225,736,237280,9024,32,4,867412,1712166,27757184,6848664,34605848,4,4,12,4,49,16,12,20,20,20260807,5,1,1,1,0,0,0,6665,0.277708,1,0.0015,0
3224,28319.9,7,0,2.44088,4.24625,0,0,0,6.68712,361,361,0,1,2.03342,2.03342,1971,388,5,1288,0,0,0,0,0,3761,4631.46,0.992583,7.92975,599918,184,59320,2256,1759225,736,237280,9024,32,4,867412,1712166,27757184,6848664,34605848,4,4,12,4,49,16,12,20,20,20260807,5,1,1,1,0,0,0,6665,0.277708,1,0.0015,0
3225,28330,10,0,2.25646,7.79471,0,0,0,10.0512,361,361,0,1,2.03342,2.03342,1971,388,5,1288,0,0,0,0,0,3761,4631.46,0.992583,7.92975,599918,184,59320,2256,1759225,736,237280,9024,32,4,867412,1712166,27757184,6848664,34605848,4,4,12,4,49,16,12,20,20,20260807,5,1,1,1,0,0,0,6665,0.277708,1,0.0015,0
3226,28336.1,6,0,2.16921,3.79521,0,0,0,5.96442,361,361,0,1,2.03342,2.03342,1971,388,5,1288,0,0,0,0,0,3761,4631.46,0.992583,7.92975,599918,184,59320,2256,1759225,736,237280,9024,32,4,867412,1712166,27757184,6848664,34605848,4,4,12,4,49,16,12,20,20,20260807,5,1,1,1,0,0,0,6665,0.277708,1,0.0015,0
3227,28345.7,10,0,2.34,7.19267,0,0,0,9.53267,361,361,0,1,2.03342,2.03342,1971,388,5,1288,0,0,0,0,0,3761,4631.46,0.992583,7.92975,599918,184,59320,2256,1759225,736,237280,9024,32,4,867412,1712166,27757184,6848664,34605848,4,4,12,4,49,16,12,20,20,20260807,5,1,1,1,0,0,0,6666,0.27775,1,0.0015,1
3228,28352.6,7,0,2.21733,4.61542,0,0,0,6.83275,361,361,0,1,2.03342,2.03342,1971,388,5,1288,0,0,0,0,0,3761,4631.46,0.992583,7.92975,599918,184,59320,2256,1759225,736,237280,9024,32,4,867412,1712166,27757184,6848664,34605848,4,4,12,4,49,16,12,20,20,20260807,5,1,1,1,0,0,0,6666,0.27775,1,0.0015,0
3229,28363.1,11,0,2.35838,8.12146,0,0,0,10.4798,361,361,0,1,2.03342,2.03342,1971,388,5,1288,0,0,0,0,0,3761,4631.46,0.992583,7.92975,599918,184,59320,2256,1759225,736,237280,9024,32,4,867412,1712166,27757184,6848664,34605848,4,4,12,4,49,16,12,20,20,20260807,5,1,1,1,0,0,0,6666,0.27775,1,0.0015,0
3230,28370.3,7,0,2.444,4.62179,0,0,0,7.06579,361,361,0,1,2.03342,2.03342,1971,388,5,1288,0,0,0,0,0,3761,4631.46,0.992583,7.92975,599918,184,59320,2256,1759225,736,237280,9024,32,4,867412,1712166,27757184,6848664,34605848,4,4,12,4,49,16,12,20,20,20260807,5,1,1,1,0,0,0,6666,0.27775,1,0.0015,0
3231,28379.9,9,0,2.51433,7.03554,0,0,0,9.54988,361,361,0,1,2.03342,2.03342,1971,388,5,1288,0,0,0,0,0,3761,4631.46,0.992583,7.92975,599918,184,59320,2256,1759225,736,237280,9024,32,4,867412,1712166,27757184,6848664,34605848,4,4,12,4,49,16,12,20,20,20260807,5,1,1,1,0,0,0,6666,0.27775,1,0.0015,0
3232,28386.7,7,0,2.40208,4.33446,0,0,0,6.73654,361,361,0,1,2.03342,2.03342,1971,388,5,1288,0,0,0,0,0,3761,4631.46,0.992583,7.92975,599918,184,59320,2256,1759225,736,237280,9024,32,4,867412,1712166,27757184,6848664,34605848,4,4,12,4,49,16,12,20,20,20260807,5,1,1,1,0,0,0,6666,0.27775,1,0.0015,0
3233,28396.6,10,0,2.22317,7.59942,0,0,0,9.82258,361,361,0,1,2.03342,2.03342,1971,388,5,1288,0,0,0,0,0,3761,4631.46,0.992583,7.92975,599918,184,59320,2256,1759225,736,237280,9024,32,4,867412,1712166,27757184,6848664,34605848,4,4,12,4,49,16,12,20,20,20260807,5,1,1,1,0,0,0,6667,0.277792,1,0.0015,1
3234,28403.3,6,0,2.23725,4.40775,0,0,0,6.645,361,361,0,1,2.03342,2.03342,1971,388,5,1288,0,0,0,0,0,3761,4631.46,0.992583,7.92975,599918,184,59320,2256,1759225,736,237280,9024,32,4,867412,1712166,27757184,6848664,34605848,4,4,12,4,49,16,12,20,20,20260807,5,1,1,1,0,0,0,6667,0.277792,1,0.0015,0
3235,28412.7,10,0,2.38321,6.74708,0,0,0,9.13029,361,361,0,1,2.03342,2.03342,1971,388,5,1288,0,0,0,0,0,3761,4631.46,0.992583,7.92975,599918,184,59320,2256,1759225,736,237280,9024,32,4,867412,1712166,27757184,6848664,34605848,4,4,12,4,49,16,12,20,20,20260807,5,1,1,1,0,0,0,6667,0.277792,1,0.0015,0
3236,28419.6,7,0,2.34925,4.47483,0,0,0,6.82408,361,361,0,1,2.03342,2.03342,1971,388,5,1288,0,0,0,0,0,3761,4631.46,0.992583,7.92975,599918,184,59320,2256,1759225,736,237280,9024,32,4,867412,1712166,27757184,6848664,34605848,4,4,12,4,49,16,12,20,20,20260807,5,1,1,1,0,0,0,6667,0.277792,1,0.0015,0
3237,28430.1,10,0,2.59337,7.88525,0,0,0,10.4786,361,361,0,1,2.03342,2.03342,1971,388,5,1288,0,0,0,0,0,3761,4631.46,0.992583,7.92975,599918,184,59320,2256,1759225,736,237280,9024,32,4,867412,1712166,27757184,6848664,34605848,4,4,12,4,49,16,12,20,20,20260807,5,1,1,1,0,0,0,6667,0.277792,1,0.0015,0
3238,28437,7,0,2.47167,4.26346,0,0,0,6.73513,361,361,0,1,2.03342,2.03342,1971,388,5,1288,0,0,0,0,0,3761,4631.46,0.992583,7.92975,599918,184,59320,2256,1759225,736,237280,9024,32,4,867412,1712166,27757184,6848664,34605848,4,4,12,4,49,16,12,20,20,20260807,5,1,1,1,0,0,0,6667,0.277792,1,0.0015,0
3239,28446.2,9,0,2.23117,6.90146,0,0,0,9.13263,361,361,0,1,2.03342,2.03342,1971,388,5,1288,0,0,0,0,0,3761,4631.46,0.992583,7.92975,599918,184,59320,2256,1759225,736,237280,9024,32,4,867412,1712166,27757184,6848664,34605848,4,4,12,4,49,16,12,20,20,20260807,5,1,1,1,0,0,0,6668,0.277833,1,0.0015,1
3240,28453.2,7,0,2.49087,4.47317,0,0,0,6.96404,361,361,0,1,2.03342,2.03342,1971,388,5,1288,0,0,0,0,0,3761,4631.46,0.992583,7.92975,599918,184,59320,2256,1759225,736,237280,9024,32,4,867412,1712166,27757184,6848664,34605848,4,4,12,4,49,16,12,20,20,20260807,5,1,1,1,0,0,0,6668,0.277833,1,0.0015,0
3241,28463.7,11,0,2.16379,8.20308,0,0,0,10.3669,361,361,0,1,2.03342,2.03342,1971,388,5,1288,0,0,0,0,0,3761,4631.46,0.992583,7.92975,599918,184,59320,2256,1759225,736,237280,9024,32,4,867412,1712166,27757184,6848664,34605848,4,4,12,4,49,16,12,20,20,20260807,5,1,1,1,0,0,0,6668,0.277833,1,0.0015,0
3242,28471.2,7,0,2.82146,4.66083,0,0,0,7.48229,361,361,0,1,2.03342,2.03342,1971,388,5,1288,0,0,0,0,0,3761,4631.46,0.992583,7.92975,599918,184,59320,2256,1759225,736,237280,9024,32,4,867412,1712166,27757184,6848664,34605848,4,4,12,4,49,16,12,20,20,20260807,5,1,1,1,0,0,0,6668,0.277833,1,0.0015,0
3243,28480,9,0,2.25671,6.47946,0,0,0,8.73617,361,361,0,1,2.03342,2.03342,1971,388,5,1288,0,0,0,0,0,3761,4631.46,0.992583,7.92975,599918,184,59320,2256,1759225,736,237280,9024,32,4,867412,1712166,27757184,6848664,34605848,4,4,12,4,49,16,12,20,20,20260807,5,1,1,1,0,0,0,6668,0.277833,1,0.0015,0
3244,28487.2,7,0,2.78358,4.29138,0,0,0,7.07496,361,361,0,1,2.03342,2.03342,1971,388,5,1288,0,0,0,0,0,3761,4631.46,0.992583,7.92975,599918,184,59320,2256,1759225,736,237280,9024,32,4,867412,1712166,27757184,6848664,34605848,4,4,12,4,49,16,12,20,20,20260807,5,1,1,1,0,0,0,6668,0.277833,1,0.0015,0
3245,28496.5,10,0,2.98683,6.24496,0,0,0,9.23179,361,361,0,1,2.03342,2.03342,1971,388,5,1288,0,0,0,0,0,3761,4631.46,0.992583,7.92975,599918,184,59320,2256,1759225,736,237280,9024,32,4,867412,1712166,27757184,6848664,34605848,4,4,12,4,49,16,12,20,20,20260807,5,1,1,1,0,0,0,6669,0.277875,1,0.0015,1
3246,28504,7,0,2.86317,4.58804,0,0,0,7.45121,361,361,0,1,2.03342,2.03342,1971,388,5,1288,0,0,0,0,0,3761,4631.46,0.992583,7.92975,599918,184,59320,2256,1759225,736,237280,9024,32,4,867412,1712166,27757184,6848664,34605848,4,4,12,4,49,16,12,20,20,20260807,5,1,1,1,0,0,0,6669,0.277875,1,0.0015,0
3247,28513.5,10,0,2.66992,6.70358,0,0,0,9.3735,361,361,0,1,2.03342,2.03342,1971,388,5,1288,0,0,0,0,0,3761,4631.46,0.992583,7.92975,599918,184,59320,2256,1759225,736,237280,9024,32,4,867412,1712166,27757184,6848664,34605848,4,4,12,4,49,16,12,20,20,20260807,5,1,1,1,0,0,0,6669,0.277875,1,0.0015,0
3248,28520,6,0,2.39583,4.03008,0,0,0,6.42592,361,361,0,1,2.03342,2.03342,1971,388,5,1288,0,0,0,0,0,3761,4631.46,0.992583,7.92975,599918,184,59320,2256,1759225,736,237280,9024,32,4,867412,1712166,27757184,6848664,34605848,4,4,12,4,49,16,12,20,20,20260807,5,1,1,1,0,0,0,6669,0.277875,1,0.0015,0
3249,28530,10,0,2.53179,7.32192,0,0,0,9.85371,361,361,0,1,2.03342,2.03342,1971,388,5,1288,0,0,0,0,0,3761,4631.46,0.992583,7.92975,599918,184,59320,2256,1759225,736,237280,9024,32,4,867412,1712166,27757184,6848664,34605848,4,4,12,4,49,16,12,20,20,20260807,5,1,1,1,0,0,0,6669,0.277875,1,0.0015,0
3250,28537.4,8,0,2.56704,4.75783,0,0,0,7.32487,361,361,0,1,2.03342,2.03342,1971,388,5,1288,0,0,0,0,0,3761,4631.46,0.992583,7.92975,599918,184,59320,2256,1759225,736,237280,9024,32,4,867412,1712166,27757184,6848664,34605848,4,4,12,4,49,16,12,20,20,20260807,5,1,1,1,0,0,0,6669,0.277875,1,0.0015,0
3251,28547,9,0,2.35787,7.20279,0,0,0,9.56067,361,361,0,1,2.03342,2.03342,1971,388,5,1288,0,0,0,0,0,3761,4631.46,0.992583,7.92975,599918,184,59320,2256,1759225,736,237280,9024,32,4,867412,1712166,27757184,6848664,34605848,4,4,12,4,49,16,12,20,20,20260807,5,1,1,1,0,0,0,6670,0.277917,1,0.0015,1
3252,28554.5,8,0,2.35679,5.07688,0,0,0,7.43367,361,361,0,1,2.03342,2.03342,1971,388,5,1288,0,0,0,0,0,3761,4631.46,0.992583,7.92975,599918,184,59320,2256,1759225,736,237280,9024,32,4,867412,1712166,27757184,6848664,34605848,4,4,12,4,49,16,12,20,20,20260807,5,1,1,1,0,0,0,6670,0.277917,1,0.0015,0
3253,28563.5,9,0,3.11475,5.79654,0,0,0,8.91129,361,361,0,1,2.03342,2.03342,1971,388,5,1288,0,0,0,0,0,3761,4631.46,0.992583,7.92975,599918,184,59320,2256,1759225,736,237280,9024,32,4,867412,1712166,27757184,6848664,34605848,4,4,12,4,49,16,12,20,20,20260807,5,1,1,1,0,0,0,6670,0.277917,1,0.0015,0
3254,28570.9,7,0,2.54904,4.71525,0,0,0,7.26429,361,361,0,1,2.03342,2.03342,1971,388,5,1288,0,0,0,0,0,3761,4631.46,0.992583,7.92975,599918,184,59320,2256,1759225,736,237280,9024,32,4,867412,1712166,27757184,6848664,34605848,4,4,12,4,49,16,12,20,20,20260807,5,1,1,1,0,0,0,6670,0.277917,1,0.0015,0
3255,28580.1,9,0,2.63762,6.42208,0,0,0,9.05971,361,361,0,1,2.03342,2.03342,1971,388,5,1288,0,0,0,0,0,3761,4631.46,0.992583,7.92975,599918,184,59320,2256,1759225,736,237280,9024,32,4,867412,1712166,27757184,6848664,34605848,4,4,12,4,49,16,12,20,20,20260807,5,1,1,1,0,0,0,6670,0.277917,1,0.0015,0
3256,28587.4,8,0,2.39192,4.78646,0,0,0,7.17837,361,361,0,1,2.03342,2.03342,1971,388,5,1288,0,0,0,0,0,3761,4631.46,0.992583,7.92975,599918,184,59320,2256,1759225,736,237280,9024,32,4,867412,1712166,27757184,6848664,34605848,4,4,12,4,49,16,12,20,20,20260807,5,1,1,1,0,0,0,6670,0.277917,1,0.0015,0
3257,28596.6,9,0,2.4465,6.74229,0,0,0,9.18879,361,361,0,1,2.03342,2.03342,1971,388,5,1288,0,0,0,0,0,3761,4631.46,0.992583,7.92975,599918,184,59320,2256,1759225,736,237280,9024,32,4,867412,1712166,27757184,6848664,34605848,4,4,12,4,49,16,12,20,20,20260807,5,1,1,1,0,0,0,6671,0.277958,1,0.0015,1
3258,28603.7,7,0,2.37642,4.63563,0,0,0,7.01204,361,361,0,1,2.03342,2.03342,1971,388,5,1288,0,0,0,0,0,3761,4631.46,0.992583,7.92975,599918,184,59320,2256,1759225,736,237280,9024,32,4,867412,1712166,27757184,6848664,34605848,4,4,12,4,49,16,12,20,20,20260807,5,1,1,1,0,0,0,6671,0.277958,1,0.0015,0
3259,28613.1,9,0,2.57167,6.67275,0,0,0,9.24442,361,361,0,1,2.03342,2.03342,1971,388,5,1288,0,0,0,0,0,3761,4631.46,0.992583,7.92975,599918,184,59320,2256,1759225,736,237280,9024,32,4,867412,1712166,27757184,6848664,34605848,4,4,12,4,49,16,12,20,20,20260807,5,1,1,1,0,0,0,6671,0.277958,1,0.0015,0
3260,28619.6,7,0,2.33529,4.11975,0,0,0,6.45504,361,361,0,1,2.03342,2.03342,1971,388,5,1288,0,0,0,0,0,3761,4631.46,0.992583,7.92975,599918,184,59320,2256,1759225,736,237280,9024,32,4,867412,1712166,27757184,6848664,34605848,4,4,12,4,49,16,12,20,20,20260807,5,1,1,1,0,0,0,6671,0.277958,1,0.0015,0
3261,28629.7,10,0,2.42458,7.54629,0,0,0,9.97087,361,361,0,1,2.03342,2.03342,1971,388,5,1288,0,0,0,0,0,3761,4631.46,0.992583,7.92975,599918,184,59320,2256,1759225,736,237280,9024,32,4,867412,1712166,27757184,6848664,34605848,4,4,12,4,49,16,12,20,20,20260807,5,1,1,1,0,0,0,6671,0.277958,1,0.0015,0
3262,28636.1,6,0,2.32325,4.08379,0,0,0,6.40704,361,361,0,1,2.03342,2.03342,1971,388,5,1288,0,0,0,0,0,3761,4631.46,0.992583,7.92975,599918,184,59320,2256,1759225,736,237280,9024,32,4,867412,1712166,27757184,6848664,34605848,4,4,12,4,49,16,12,20,20,20260807,5,1,1,1,0,0,0,6671,0.277958,1,0.0015,0
3263,28653.1,17,0,2.49925,14.3449,0,0,0,16.8441,361,361,0,1,2.03342,2.03342,1971,388,5,1288,0,0,0,0,0,3761,4631.46,0.992583,7.92975,599918,184,59320,2256,1759225,736,237280,9024,32,4,867412,1712166,27757184,6848664,34605848,4,4,12,4,49,16,12,20,20,20260807,5,1,1,1,0,0,0,6672,0.278,1,0.0015,1
3264,28663.8,11,0,2.62,7.99558,0,0,0,10.6156,361,361,0,1,2.03342,2.03342,1971,388,5,1288,0,0,0,0,0,3761,4631.46,0.992583,7.92975,599918,184,59320,2256,1759225,736,237280,9024,32,4,867412,1712166,27757184,6848664,34605848,4,4,12,4,49,16,12,20,20,20260807,5,1,1,1,0,0,0,6672,0.278,1,0.0015,0
3265,28670.4,7,0,2.61063,3.91592,0,0,0,6.52654,361,361,0,1,2.03342,2.03342,1971,388,5,1288,0,0,0,0,0,3761,4631.46,0.992583,7.92975,599918,184,59320,2256,1759225,736,237280,9024,32,4,867412,1712166,27757184,6848664,34605848,4,4,12,4,49,16,12,20,20,20260807,5,1,1,1,0,0,0,6672,0.278,1,0.0015,0
3266,28680.8,10,0,2.73246,7.50725,0,0,0,10.2397,361,361,0,1,2.03342,2.03342,1971,388,5,1288,0,0,0,0,0,3761,4631.46,0.992583,7.92975,599918,184,59320,2256,1759225,736,237280,9024,32,4,867412,1712166,27757184,6848664,34605848,4,4,12,4,49,16,12,20,20,20260807,5,1,1,1,0,0,0,6672,0.278,1,0.0015,0
3267,28687,6,0,2.30488,3.85771,0,0,0,6.16258,361,361,0,1,2.03342,2.03342,1971,388,5,1288,0,0,0,0,0,3761,4631.46,0.992583,7.92975,599918,184,59320,2256,1759225,736,237280,9024,32,4,867412,1712166,27757184,6848664,34605848,4,4,12,4,49,16,12,20,20,20260807,5,1,1,1,0,0,0,6672,0.278,1,0.0015,0
3268,28696.5,10,0,2.26825,7.15667,0,0,0,9.42492,361,361,0,1,2.03342,2.03342,1971,388,5,1288,0,0,0,0,0,3761,4631.46,0.992583,7.92975,599918,184,59320,2256,1759225,736,237280,9024,32,4,867412,1712166,27757184,6848664,34605848,4,4,12,4,49,16,12,20,20,20260807,5,1,1,1,0,0,0,6673,0.278042,1,0.0015,1
3269,28703,6,0,2.48037,3.89192,0,0,0,6.37229,361,361,0,1,2.03342,2.03342,1971,388,5,1288,0,0,0,0,0,3761,4631.46,0.992583,7.92975,599918,184,59320,2256,1759225,736,237280,9024,32,4,867412,1712166,27757184,6848664,34605848,4,4,12,4,49,16,12,20,20,20260807,5,1,1,1,0,0,0,6673,0.278042,1,0.0015,0
3270,28713.9,11,0,2.68583,8.20071,0,0,0,10.8865,361,361,0,1,2.03342,2.03342,1971,388,5,1288,0,0,0,0,0,3761,4631.46,0.992583,7.92975,599918,184,59320,2256,1759225,736,237280,9024,32,4,867412,1712166,27757184,6848664,34605848,4,4,12,4,49,16,12,20,20,20260807,5,1,1,1,0,0,0,6673,0.278042,1,0.0015,0
3271,28720.9,7,0,2.25529,4.61033,0,0,0,6.86562,361,361,0,1,2.03342,2.03342,1971,388,5,1288,0,0,0,0,0,3761,4631.46,0.992583,7.92975,599918,184,59320,2256,1759225,736,237280,9024,32,4,867412,1712166,27757184,6848664,34605848,4,4,12,4,49,16,12,20,20,20260807,5,1,1,1,0,0,0,6673,0.278042,1,0.0015,0
3272,28729.6,9,0,2.37796,6.27546,0,0,0,8.65342,361,361,0,1,2.03342,2.03342,1971,388,5,1288,0,0,0,0,0,3761,4631.46,0.992583,7.92975,599918,184,59320,2256,1759225,736,237280,9024,32,4,867412,1712166,27757184,6848664,34605848,4,4,12,4,49,16,12,20,20,20260807,5,1,1,1,0,0,0,6673,0.278042,1,0.0015,0
3273,28736.1,6,0,2.56137,3.85625,0,0,0,6.41763,361,361,0,1,2.03342,2.03342,1971,388,5,1288,0,0,0,0,0,3761,4631.46,0.992583,7.92975,599918,184,59320,2256,1759225,736,237280,9024,32,4,867412,1712166,27757184,6848664,34605848,4,4,12,4,49,16,12,20,20,20260807,5,1,1,1,0,0,0,6673,0.278042,1,0.0015,0
3274,28747.6,12,0,2.35862,9.02879,0,0,0,11.3874,361,361,0,1,2.03342,2.03342,1971,388,5,1288,0,0,0,0,0,3761,4631.46,0.992583,7.92975,599918,184,59320,2256,1759225,736,237280,9024,32,4,867412,1712166,27757184,6848664,34605848,4,4,12,4,49,16,12,20,20,20260807,5,1,1,1,0,0,0,6674,0.278083,1,0.0015,1
3275,28755.1,7,0,2.55112,4.86412,0,0,0,7.41525,361,361,0,1,2.03342,2.03342,1971,388,5,1288,0,0,0,0,0,3761,4631.46,0.992583,7.92975,599918,184,59320,2256,1759225,736,237280,9024,32,4,867412,1712166,27757184,6848664,34605848,4,4,12,4,49,16,12,20,20,20260807,5,1,1,1,0,0,0,6674,0.278083,1,0.0015,0
3276,28762.8,8,0,2.22388,5.41854,0,0,0,7.64242,361,361,0,1,2.03342,2.03342,1971,388,5,1288,0,0,0,0,0,3761,4631.46,0.992583,7.92975,599918,184,59320,2256,1759225,736,237280,9024,32,4,867412,1712166,27757184,6848664,34605848,4,4,12,4,49,16,12,20,20,20260807,5,1,1,1,0,0,0,6674,0.278083,1,0.0015,0
3277,28769.5,7,0,2.29454,4.33733,0,0,0,6.63187,361,361,0,1,2.03342,2.03342,1971,388,5,1288,0,0,0,0,0,3761,4631.46,0.992583,7.92975,599918,184,59320,2256,1759225,736,237280,9024,32,4,867412,1712166,27757184,6848664,34605848,4,4,12,4,49,16,12,20,20,20260807,5,1,1,1,0,0,0,6674,0.278083,1,0.0015,0
3278,28780,10,0,2.31046,8.08021,0,0,0,10.3907,361,361,0,1,2.03342,2.03342,1971,388,5,1288,0,0,0,0,0,3761,4631.46,0.992583,7.92975,599918,184,59320,2256,1759225,736,237280,9024,32,4,867412,1712166,27757184,6848664,34605848,4,4,12,4,49,16,12,20,20,20260807,5,1,1,1,0,0,0,6674,0.278083,1,0.0015,0
3279,28786.2,6,0,2.29858,3.78262,0,0,0,6.08121,361,361,0,1,2.03342,2.03342,1971,388,5,1288,0,0,0,0,0,3761,4631.46,0.992583,7.92975,599918,184,59320,2256,1759225,736,237280,9024,32,4,867412,1712166,27757184,6848664,34605848,4,4,12,4,49,16,12,20,20,20260807,5,1,1,1,0,0,0,6674,0.278083,1,0.0015,0
3280,28796.6,11,0,2.29825,8.03279,0,0,0,10.331,361,361,0,1,2.03342,2.03342,1971,388,5,1288,0,0,0,0,0,3761,4631.46,0.992583,7.92975,599918,184,59320,2256,1759225,736,237280,9024,32,4,867412,1712166,27757184,6848664,34605848,4,4,12,4,49,16,12,20,20,20260807,5,1,1,1,0,0,0,6675,0.278125,1,0.0015,1
3281,28803,6,0,2.32183,4.02717,0,0,0,6.349,361,361,0,1,2.03342,2.03342,1971,388,5,1288,0,0,0,0,0,3761,4631.46,0.992583,7.92975,599918,184,59320,2256,1759225,736,237280,9024,32,4,867412,1712166,27757184,6848664,34605848,4,4,12,4,49,16,12,20,20,20260807,5,1,1,1,0,0,0,6675,0.278125,1,0.0015,0
3282,28813.4,11,0,2.34271,7.95146,0,0,0,10.2942,361,361,0,1,2.03342,2.03342,1971,388,5,1288,0,0,0,0,0,3761,4631.46,0.992583,7.92975,599918,184,59320,2256,1759225,736,237280,9024,32,4,867412,1712166,27757184,6848664,34605848,4,4,12,4,49,16,12,20,20,20260807,5,1,1,1,0,0,0,6675,0.278125,1,0.0015,0
3283,28820,6,0,2.35929,4.15454,0,0,0,6.51383,361,361,0,1,2.03342,2.03342,1971,388,5,1288,0,0,0,0,0,3761,4631.46,0.992583,7.92975,599918,184,59320,2256,1759225,736,237280,9024,32,4,867412,1712166,27757184,6848664,34605848,4,4,12,4,49,16,12,20,20,20260807,5,1,1,1,0,0,0,6675,0.278125,1,0.0015,0
3284,28829.6,10,0,2.38837,7.18146,0,0,0,9.56983,361,361,0,1,2.03342,2.03342,1971,388,5,1288,0,0,0,0,0,3761,4631.46,0.992583,7.92975,599918,184,59320,2256,1759225,736,237280,9024,32,4,867412,1712166,27757184,6848664,34605848,4,4,12,4,49,16,12,20,20,20260807,5,1,1,1,0,0,0,6675,0.278125,1,0.0015,0
3285,28836.1,6,0,2.45329,3.95404,0,0,0,6.40733,361,361,0,1,2.03342,2.03342,1971,388,5,1288,0,0,0,0,0,3761,4631.46,0.992583,7.92975,599918,184,59320,2256,1759225,736,237280,9024,32,4,867412,1712166,27757184,6848664,34605848,4,4,12,4,49,16,12,20,20,20260807,5,1,1,1,0,0,0,6675,0.278125,1,0.0015,0
3286,28846.2,10,0,2.34083,7.66596,0,0,0,10.0068,361,361,0,1,2.03342,2.03342,1971,388,5,1288,0,0,0,0,0,3761,4631.46,0.992583,7.92975,599918,184,59320,2256,1759225,736,237280,9024,32,4,867412,1712166,27757184,6848664,34605848,4,4,12,4,49,16,12,20,20,20260807,5,1,1,1,0,0,0,6676,0.278167,1,0.0015,1
3287,28853.6,8,0,2.23904,5.12988,0,0,0,7.36892,361,361,0,1,2.03342,2.03342,1971,388,5,1288,0,0,0,0,0,3761,4631.46,0.992583,7.92975,599918,184,59320,2256,1759225,736,237280,9024,32,4,867412,1712166,27757184,6848664,34605848,4,4,12,4,49,16,12,20,20,20260807,5,1,1,1,0,0,0,6676,0.278167,1,0.0015,0
3288,28863.3,9,0,2.22196,7.31604,0,0,0,9.538,361,361,0,1,2.03342,2.03342,1971,388,5,1288,0,0,0,0,0,3761,4631.46,0.992583,7.92975,599918,184,59320,2256,1759225,736,237280,9024,32,4,867412,1712166,27757184,6848664,34605848,4,4,12,4,49,16,12,20,20,20260807,5,1,1,1,0,0,0,6676,0.278167,1,0.0015,0
3289,28869.6,7,0,2.35479,3.93012,0,0,0,6.28492,361,361,0,1,2.03342,2.03342,1971,388,5,1288,0,0,0,0,0,3761,4631.46,0.992583,7.92975,599918,184,59320,2256,1759225,736,237280,9024,32,4,867412,1712166,27757184,6848664,34605848,4,4,12,4,49,16,12,20,20,20260807,5,1,1,1,0,0,0,6676,0.278167,1,0.0015,0
3290,28879.8,10,0,2.40321,7.68863,0,0,0,10.0918,361,361,0,1,2.03342,2.03342,1971,388,5,1288,0,0,0,0,0,3761,4631.46,0.992583,7.92975,599918,184,59320,2256,1759225,736,237280,9024,32,4,867412,1712166,27757184,6848664,34605848,4,4,12,4,49,16,12,20,20,20260807,5,1,1,1,0,0,0,6676,0.278167,1,0.0015,0
3291,28886,6,0,2.32812,3.71025,0,0,0,6.03838,361,361,0,1,2.03342,2.03342,1971,388,5,1288,0,0,0,0,0,3761,4631.46,0.992583,7.92975,599918,184,59320,2256,1759225,736,237280,9024,32,4,867412,1712166,27757184,6848664,34605848,4,4,12,4,49,16,12,20,20,20260807,5,1,1,1,0,0,0,6676,0.278167,1,0.0015,0
3292,28896.5,11,0,2.39004,8.10396,0,0,0,10.494,361,361,0,1,2.03342,2.03342,1971,388,5,1288,0,0,0,0,0,3761,4631.46,0.992583,7.92975,599918,184,59320,2256,1759225,736,237280,9024,32,4,867412,1712166,27757184,6848664,34605848,4,4,12,4,49,16,12,20,20,20260807,5,1,1,1,0,0,0,6677,0.278208,1,0.0015,1
3293,28902.7,6,0,2.24767,3.85571,0,0,0,6.10337,361,361,0,1,2.03342,2.03342,1971,388,5,1288,0,0,0,0,0,3761,4631.46,0.992583,7.92975,599918,184,59320,2256,1759225,736,237280,9024,32,4,867412,1712166,27757184,6848664,34605848,4,4,12,4,49,16,12,20,20,20260807,5,1,1,1,0,0,0,6677,0.278208,1,0.0015,0
3294,28913.1,10,0,2.28158,7.98858,0,0,0,10.2702,361,361,0,1,2.03342,2.03342,1971,388,5,1288,0,0,0,0,0,3761,4631.46,0.992583,7.92975,599918,184,59320,2256,1759225,736,237280,9024,32,4,867412,1712166,27757184,6848664,34605848,4,4,12,4,49,16,12,20,20,20260807,5,1,1,1,0,0,0,6677,0.278208,1,0.0015,0
3295,28919.8,7,0,2.37929,4.30129,0,0,0,6.68058,361,361,0,1,2.03342,2.03342,1971,388,5,1288,0,0,0,0,0,3761,4631.46,0.992583,7.92975,599918,184,59320,2256,1759225,736,237280,9024,32,4,867412,1712166,27757184,6848664,34605848,4,4,12,4,49,16,12,20,20,20260807,5,1,1,1,0,0,0,6677,0.278208,1,0.0015,0
3296,28929.6,10,0,2.53613,7.16229,0,0,0,9.69842,361,361,0,1,2.03342,2.03342,1971,388,5,1288,0,0,0,0,0,3761,4631.46,0.992583,7.92975,599918,184,59320,2256,1759225,736,237280,9024,32,4,867412,1712166,27757184,6848664,34605848,4,4,12,4,49,16,12,20,20,20260807,5,1,1,1,0,0,0,6677,0.278208,1,0.0015,0
3297,28936.6,7,0,2.46488,4.399,0,0,0,6.86388,361,361,0,1,2.03342,2.03342,1971,388,5,1288,0,0,0,0,0,3761,4631.46,0.992583,7.92975,599918,184,59320,2256,1759225,736,237280,9024,32,4,867412,1712166,27757184,6848664,34605848,4,4,12,4,49,16,12,20,20,20260807,5,1,1,1,0,0,0,6677,0.278208,1,0.0015,0
3298,28946.5,10,0,2.36454,7.46263,0,0,0,9.82717,361,361,0,1,2.03342,2.03342,1971,388,5,1288,0,0,0,0,0,3761,4631.46,0.992583,7.92975,599918,184,59320,2256,1759225,736,237280,9024,32,4,867412,1712166,27757184,6848664,34605848,4,4,12,4,49,16,12,20,20,20260807,5,1,1,1,0,0,0,6678,0.27825,1,0.0015,1
3299,28954.7,8,0,2.50571,5.64746,0,0,0,8.15317,361,361,0,1,2.03342,2.03342,1971,388,5,1288,0,0,0,0,0,3761,4631.46,0.992583,7.92975,599918,184,59320,2256,1759225,736,237280,9024,32,4,867412,1712166,27757184,6848664,34605848,4,4,12,4,49,16,12,20,20,20260807,5,1,1,1,0,0,0,6678,0.27825,1,0.0015,0
3300,28964.6,10,0,3.07979,6.64229,0,0,0,9.72208,361,361,0,1,2.03342,2.03342,1971,388,5,1288,0,0,0,0,0,3761,4631.46,0.992583,7.92975,599918,184,59320,2256,1759225,736,237280,9024,32,4,867412,1712166,27757184,6848664,34605848,4,4,12,4,49,16,12,20,20,20260807,5,1,1,1,0,0,0,6678,0.27825,1,0.0015,0
3301,28971.6,7,0,2.50867,4.44858,0,0,0,6.95725,361,361,0,1,2.03342,2.03342,1971,388,5,1288,0,0,0,0,0,3761,4631.46,0.992583,7.92975,599918,184,59320,2256,1759225,736,237280,9024,32,4,867412,1712166,27757184,6848664,34605848,4,4,12,4,49,16,12,20,20,20260807,5,1,1,1,0,0,0,6678,0.27825,1,0.0015,0
3302,28980.9,9,0,2.48813,6.71717,0,0,0,9.20529,361,361,0,1,2.03342,2.03342,1971,388,5,1288,0,0,0,0,0,3761,4631.46,0.992583,7.92975,599918,184,59320,2256,1759225,736,237280,9024,32,4,867412,1712166,27757184,6848664,34605848,4,4,12,4,49,16,12,20,20,20260807,5,1,1,1,0,0,0,6678,0.27825,1,0.0015,0
3303,28988.7,8,0,2.62554,5.07204,0,0,0,7.69758,361,361,0,1,2.03342,2.03342,1971,388,5,1288,0,0,0,0,0,3761,4631.46,0.992583,7.92975,599918,184,59320,2256,1759225,736,237280,9024,32,4,867412,1712166,27757184,6848664,34605848,4,4,12,4,49,16,12,20,20,20260807,5,1,1,1,0,0,0,6678,0.27825,1,0.0015,0
3304,28997.1,8,0,2.52275,5.81408,0,0,0,8.33683,361,361,0,1,2.03342,2.03342,1971,388,5,1288,0,0,0,0,0,3761,4631.46,0.992583,7.92975,599918,184,59320,2256,1759225,736,237280,9024,32,4,867412,1712166,27757184,6848664,34605848,4,4,12,4,49,16,12,20,20,20260807,5,1,1,1,0,0,0,6679,0.278292,1,0.0015,1
3305,29004.8,8,0,2.551,4.95904,0,0,0,7.51004,361,361,0,1,2.03342,2.03342,1971,388,5,1288,0,0,0,0,0,3761,4631.46,0.992583,7.92975,599918,184,59320,2256,1759225,736,237280,9024,32,4,867412,1712166,27757184,6848664,34605848,4,4,12,4,49,16,12,20,20,20260807,5,1,1,1,0,0,0,6679,0.278292,1,0.0015,0
3306,29014.2,9,0,2.62504,6.70971,0,0,0,9.33475,361,361,0,1,2.03342,2.03342,1971,388,5,1288,0,0,0,0,0,3761,4631.46,0.992583,7.92975,599918,184,59320,2256,1759225,736,237280,9024,32,4,867412,1712166,27757184,6848664,34605848,4,4,12,4,49,16,12,20,20,20260807,5,1,1,1,0,0,0,6679,0.278292,1,0.0015,0
3307,29020.8,7,0,2.43958,4.06071,0,0,0,6.50029,361,361,0,1,2.03342,2.03342,1971,388,5,1288,0,0,0,0,0,3761,4631.46,0.992583,7.92975,599918,184,59320,2256,1759225,736,237280,9024,32,4,867412,1712166,27757184,6848664,34605848,4,4,12,4,49,16,12,20,20,20260807,5,1,1,1,0,0,0,6679,0.278292,1,0.0015,0
3308,29031.6,11,0,2.35175,8.36379,0,0,0,10.7155,361,361,0,1,2.03342,2.03342,1971,388,5,1288,0,0,0,0,0,3761,4631.46,0.992583,7.92975,599918,184,59320,2256,1759225,736,237280,9024,32,4,867412,1712166,27757184,6848664,34605848,4,4,12,4,49,16,12,20,20,20260807,5,1,1,1,0,0,0,6679,0.278292,1,0.0015,0
3309,29038.8,7,0,2.61154,4.4935,0,0,0,7.10504,361,361,0,1,2.03342,2.03342,1971,388,5,1288,0,0,0,0,0,3761,4631.46,0.992583,7.92975,599918,184,59320,2256,1759225,736,237280,9024,32,4,867412,1712166,27757184,6848664,34605848,4,4,12,4,49,16,12,20,20,20260807,5,1,1,1,0,0,0,6679,0.278292,1,0.0015,0
3310,29047.9,9,0,2.54696,6.48496,0,0,0,9.03192,361,361,0,1,2.03342,2.03342,1971,388,5,1288,0,0,0,0,0,3761,4631.46,0.992583,7.92975,599918,184,59320,2256,1759225,736,237280,9024,32,4,867412,1712166,27757184,6848664,34605848,4,4,12,4,49,16,12,20,20,20260807,5,1,1,1,0,0,0,6680,0.278333,1,0.0015,1
3311,29054.7,7,0,2.60338,4.10104,0,0,0,6.70442,361,361,0,1,2.03342,2.03342,1971,388,5,1288,0,0,0,0,0,3761,4631.46,0.992583,7.92975,599918,184,59320,2256,1759225,736,237280,9024,32,4,867412,1712166,27757184,6848664,34605848,4,4,12,4,49,16,12,20,20,20260807,5,1,1,1,0,0,0,6680,0.278333,1,0.0015,0
3312,29064.7,10,0,2.25379,7.62842,0,0,0,9.88221,361,361,0,1,2.03342,2.03342,1971,388,5,1288,0,0,0,0,0,3761,4631.46,0.992583,7.92975,599918,184,59320,2256,1759225,736,237280,9024,32,4,867412,1712166,27757184,6848664,34605848,4,4,12,4,49,16,12,20,20,20260807,5,1,1,1,0,0,0,6680,0.278333,1,0.0015,0
3313,29071.8,7,0,2.49858,4.57225,0,0,0,7.07083,361,361,0,1,2.03342,2.03342,1971,388,5,1288,0,0,0,0,0,3761,4631.46,0.992583,7.92975,599918,184,59320,2256,1759225,736,237280,9024,32,4,867412,1712166,27757184,6848664,34605848,4,4,12,4,49,16,12,20,20,20260807,5,1,1,1,0,0,0,6680,0.278333,1,0.0015,0
3314,29081.3,9,0,2.49708,6.86875,0,0,0,9.36583,361,361,0,1,2.03342,2.03342,1971,388,5,1288,0,0,0,0,0,3761,4631.46,0.992583,7.92975,599918,184,59320,2256,1759225,736,237280,9024,32,4,867412,1712166,27757184,6848664,34605848,4,4,12,4,49,16,12,20,20,20260807,5,1,1,1,0,0,0,6680,0.278333,1,0.0015,0
3315,29088.1,7,0,2.35338,4.429,0,0,0,6.78238,361,361,0,1,2.03342,2.03342,1971,388,5,1288,0,0,0,0,0,3761,4631.46,0.992583,7.92975,599918,184,59320,2256,1759225,736,237280,9024,32,4,867412,1712166,27757184,6848664,34605848,4,4,12,4,49,16,12,20,20,20260807,5,1,1,1,0,0,0,6680,0.278333,1,0.0015,0
3316,29097,9,0,2.52225,6.26442,0,0,0,8.78667,361,361,0,1,2.03342,2.03342,1971,388,5,1288,0,0,0,0,0,3761,4631.46,0.992583,7.92975,599918,184,59320,2256,1759225,736,237280,9024,32,4,867412,1712166,27757184,6848664,34605848,4,4,12,4,49,16,12,20,20,20260807,5,1,1,1,0,0,0,6681,0.278375,1,0.0015,1
3317,29103.7,7,0,2.46367,4.15362,0,0,0,6.61729,361,361,0,1,2.03342,2.03342,1971,388,5,1288,0,0,0,0,0,3761,4631.46,0.992583,7.92975,599918,184,59320,2256,1759225,736,237280,9024,32,4,867412,1712166,27757184,6848664,34605848,4,4,12,4,49,16,12,20,20,20260807,5,1,1,1,0,0,0,6681,0.278375,1,0.0015,0
3318,29113.8,10,0,2.30287,7.72229,0,0,0,10.0252,361,361,0,1,2.03342,2.03342,1971,388,5,1288,0,0,0,0,0,3761,4631.46,0.992583,7.92975,599918,184,59320,2256,1759225,736,237280,9024,32,4,867412,1712166,27757184,6848664,34605848,4,4,12,4,49,16,12,20,20,20260807,5,1,1,1,0,0,0,6681,0.278375,1,0.0015,0
3319,29120.6,7,0,2.31813,4.34867,0,0,0,6.66679,361,361,0,1,2.03342,2.03342,1971,388,5,1288,0,0,0,0,0,3761,4631.46,0.992583,7.92975,599918,184,59320,2256,1759225,736,237280,9024,32,4,867412,1712166,27757184,6848664,34605848,4,4,12,4,49,16,12,20,20,20260807,5,1,1,1,0,0,0,6681,0.278375,1,0.0015,0
3320,29130.4,10,0,2.37867,7.35108,0,0,0,9.72975,361,361,0,1,2.03342,2.03342,1971,388,5,1288,0,0,0,0,0,3761,4631.46,0.992583,7.92975,599918,184,59320,2256,1759225,736,237280,9024,32,4,867412,1712166,27757184,6848664,34605848,4,4,12,4,49,16,12,20,20,20260807,5,1,1,1,0,0,0,6681,0.278375,1,0.0015,0
3321,29137.1,6,0,2.43938,4.03054,0,0,0,6.46992,361,361,0,1,2.03342,2.03342,1971,388,5,1288,0,0,0,0,0,3761,4631.46,0.992583,7.92975,599918,184,59320,2256,1759225,736,237280,9024,32,4,867412,1712166,27757184,6848664,34605848,4,4,12,4,49,16,12,20,20,20260807,5,1,1,1,0,0,0,6681,0.278375,1,0.0015,0
3322,29146.7,10,0,2.36275,7.11225,0,0,0,9.475,361,361,0,1,2.03342,2.03342,1971,388,5,1288,0,0,0,0,0,3761,4631.46,0.992583,7.92975,599918,184,59320,2256,1759225,736,237280,9024,32,4,867412,1712166,27757184,6848664,34605848,4,4,12,4,49,16,12,20,20,20260807,5,1,1,1,0,0,0,6682,0.278417,1,0.0015,1
3323,29153,6,0,2.36621,3.84571,0,0,0,6.21192,361,361,0,1,2.03342,2.03342,1971,388,5,1288,0,0,0,0,0,3761,4631.46,0.992583,7.92975,599918,184,59320,2256,1759225,736,237280,9024,32,4,867412,1712166,27757184,6848664,34605848,4,4,12,4,49,16,12,20,20,20260807,5,1,1,1,0,0,0,6682,0.278417,1,0.0015,0
3324,29163.5,11,0,2.32362,8.12167,0,0,0,10.4453,361,361,0,1,2.03342,2.03342,1971,388,5,1288,0,0,0,0,0,3761,4631.46,0.992583,7.92975,599918,184,59320,2256,1759225,736,237280,9024,32,4,867412,1712166,27757184,6848664,34605848,4,4,12,4,49,16,12,20,20,20260807,5,1,1,1,0,0,0,6682,0.278417,1,0.0015,0
3325,29169.9,6,0,2.40383,3.92475,0,0,0,6.32858,361,361,0,1,2.03342,2.03342,1971,388,5,1288,0,0,0,0,0,3761,4631.46,0.992583,7.92975,599918,184,59320,2256,1759225,736,237280,9024,32,4,867412,1712166,27757184,6848664,34605848,4,4,12,4,49,16,12,20,20,20260807,5,1,1,1,0,0,0,6682,0.278417,1,0.0015,0
3326,29180.8,11,0,2.27308,8.54,0,0,0,10.8131,361,361,0,1,2.03342,2.03342,1971,388,5,1288,0,0,0,0,0,3761,4631.46,0.992583,7.92975,599918,184,59320,2256,1759225,736,237280,9024,32,4,867412,1712166,27757184,6848664,34605848,4,4,12,4,49,16,12,20,20,20260807,5,1,1,1,0,0,0,6682,0.278417,1,0.0015,0
3327,29187.3,6,0,2.34142,4.065,0,0,0,6.40642,361,361,0,1,2.03342,2.03342,1971,388,5,1288,0,0,0,0,0,3761,4631.46,0.992583,7.92975,599918,184,59320,2256,1759225,736,237280,9024,32,4,867412,1712166,27757184,6848664,34605848,4,4,12,4,49,16,12,20,20,20260807,5,1,1,1,0,0,0,6682,0.278417,1,0.0015,0
3328,29196.3,9,0,2.29067,6.61471,0,0,0,8.90537,361,361,0,1,2.03342,2.03342,1971,388,5,1288,0,0,0,0,0,3761,4631.46,0.992583,7.92975,599918,184,59320,2256,1759225,736,237280,9024,32,4,867412,1712166,27757184,6848664,34605848,4,4,12,4,49,16,12,20,20,20260807,5,1,1,1,0,0,0,6683,0.278458,1,0.0015,1
3329,29202.8,7,0,2.57437,3.81721,0,0,0,6.39158,361,361,0,1,2.03342,2.03342,1971,388,5,1288,0,0,0,0,0,3761,4631.46,0.992583,7.92975,599918,184,59320,2256,1759225,736,237280,9024,32,4,867412,1712166,27757184,6848664,34605848,4,4,12,4,49,16,12,20,20,20260807,5,1,1,1,0,0,0,6683,0.278458,1,0.0015,0
3330,29213,10,0,2.36271,7.805,0,0,0,10.1677,361,361,0,1,2.03342,2.03342,1971,388,5,1288,0,0,0,0,0,3761,4631.46,0.992583,7.92975,599918,184,59320,2256,1759225,736,237280,9024,32,4,867412,1712166,27757184,6848664,34605848,4,4,12,4,49,16,12,20,20,20260807,5,1,1,1,0,0,0,6683,0.278458,1,0.0015,0
3331,29219.4,7,0,2.49087,3.78425,0,0,0,6.27513,361,361,0,1,2.03342,2.03342,1971,388,5,1288,0,0,0,0,0,3761,4631.46,0.992583,7.92975,599918,184,59320,2256,1759225,736,237280,9024,32,4,867412,1712166,27757184,6848664,34605848,4,4,12,4,49,16,12,20,20,20260807,5,1,1,1,0,0,0,6683,0.278458,1,0.0015,0
3332,29229.7,10,0,2.25438,7.94262,0,0,0,10.197,361,361,0,1,2.03342,2.03342,1971,388,5,1288,0,0,0,0,0,3761,4631.46,0.992583,7.92975,599918,184,59320,2256,1759225,736,237280,9024,32,4,867412,1712166,27757184,6848664,34605848,4,4,12,4,49,16,12,20,20,20260807,5,1,1,1,0,0,0,6683,0.278458,1,0.0015,0
3333,29235.8,6,0,2.31654,3.674,0,0,0,5.99054,361,361,0,1,2.03342,2.03342,1971,388,5,1288,0,0,0,0,0,3761,4631.46,0.992583,7.92975,599918,184,59320,2256,1759225,736,237280,9024,32,4,867412,1712166,27757184,6848664,34605848,4,4,12,4,49,16,12,20,20,20260807,5,1,1,1,0,0,0,6683,0.278458,1,0.0015,0
3334,29246.2,10,0,2.21929,8.08596,0,0,0,10.3052,361,361,0,1,2.03342,2.03342,1971,388,5,1288,0,0,0,0,0,3761,4631.46,0.992583,7.92975,599918,184,59320,2256,1759225,736,237280,9024,32,4,867412,1712166,27757184,6848664,34605848,4,4,12,4,49,16,12,20,20,20260807,5,1,1,1,0,0,0,6684,0.2785,1,0.0015,1
3335,29252.8,7,0,2.33992,4.23042,0,0,0,6.57033,361,361,0,1,2.03342,2.03342,1971,388,5,1288,0,0,0,0,0,3761,4631.46,0.992583,7.92975,599918,184,59320,2256,1759225,736,237280,9024,32,4,867412,1712166,27757184,6848664,34605848,4,4,12,4,49,16,12,20,20,20260807,5,1,1,1,0,0,0,6684,0.2785,1,0.0015,0
3336,29262.8,10,0,2.46071,7.42662,0,0,0,9.88733,361,361,0,1,2.03342,2.03342,1971,388,5,1288,0,0,0,0,0,3761,4631.46,0.992583,7.92975,599918,184,59320,2256,1759225,736,237280,9024,32,4,867412,1712166,27757184,6848664,34605848,4,4,12,4,49,16,12,20,20,20260807,5,1,1,1,0,0,0,6684,0.2785,1,0.0015,0
3337,29268.9,6,0,2.40117,3.58887,0,0,0,5.99004,361,361,0,1,2.03342,2.03342,1971,388,5,1288,0,0,0,0,0,3761,4631.46,0.992583,7.92975,599918,184,59320,2256,1759225,736,237280,9024,32,4,867412,1712166,27757184,6848664,34605848,4,4,12,4,49,16,12,20,20,20260807,5,1,1,1,0,0,0,6684,0.2785,1,0.0015,0
3338,29279.8,11,0,2.31438,8.59158,0,0,0,10.906,361,361,0,1,2.03342,2.03342,1971,388,5,1288,0,0,0,0,0,3761,4631.46,0.992583,7.92975,599918,184,59320,2256,1759225,736,237280,9024,32,4,867412,1712166,27757184,6848664,34605848,4,4,12,4,49,16,12,20,20,20260807,5,1,1,1,0,0,0,6684,0.2785,1,0.0015,0
3339,29285.9,6,0,2.31358,3.67742,0,0,0,5.991,361,361,0,1,2.03342,2.03342,1971,388,5,1288,0,0,0,0,0,3761,4631.46,0.992583,7.92975,599918,184,59320,2256,1759225,736,237280,9024,32,4,867412,1712166,27757184,6848664,34605848,4,4,12,4,49,16,12,20,20,20260807,5,1,1,1,0,0,0,6684,0.2785,1,0.0015,0
3340,29296.6,11,0,2.32138,8.26233,0,0,0,10.5837,361,361,0,1,2.03342,2.03342,1971,388,5,1288,0,0,0,0,0,3761,4631.46,0.992583,7.92975,599918,184,59320,2256,1759225,736,237280,9024,32,4,867412,1712166,27757184,6848664,34605848,4,4,12,4,49,16,12,20,20,20260807,5,1,1,1,0,0,0,6685,0.278542,1,0.0015,1
3341,29303,6,0,2.48642,3.797,0,0,0,6.28342,361,361,0,1,2.03342,2.03342,1971,388,5,1288,0,0,0,0,0,3761,4631.46,0.992583,7.92975,599918,184,59320,2256,1759225,736,237280,9024,32,4,867412,1712166,27757184,6848664,34605848,4,4,12,4,49,16,12,20,20,20260807,5,1,1,1,0,0,0,6685,0.278542,1,0.0015,0
3342,29313.5,11,0,2.33892,8.16563,0,0,0,10.5045,361,361,0,1,2.03342,2.03342,1971,388,5,1288,0,0,0,0,0,3761,4631.46,0.992583,7.92975,599918,184,59320,2256,1759225,736,237280,9024,32,4,867412,1712166,27757184,6848664,34605848,4,4,12,4,49,16,12,20,20,20260807,5,1,1,1,0,0,0,6685,0.278542,1,0.0015,0
3343,29320.4,7,0,2.3175,4.41113,0,0,0,6.72863,361,361,0,1,2.03342,2.03342,1971,388,5,1288,0,0,0,0,0,3761,4631.46,0.992583,7.92975,599918,184,59320,2256,1759225,736,237280,9024,32,4,867412,1712166,27757184,6848664,34605848,4,4,12,4,49,16,12,20,20,20260807,5,1,1,1,0,0,0,6685,0.278542,1,0.0015,0
3344,29329.5,9,0,2.61725,6.48867,0,0,0,9.10592,361,361,0,1,2.03342,2.03342,1971,388,5,1288,0,0,0,0,0,3761,4631.46,0.992583,7.92975,599918,184,59320,2256,1759225,736,237280,9024,32,4,867412,1712166,27757184,6848664,34605848,4,4,12,4,49,16,12,20,20,20260807,5,1,1,1,0,0,0,6685,0.278542,1,0.0015,0
3345,29335.8,6,0,2.44263,3.74887,0,0,0,6.1915,361,361,0,1,2.03342,2.03342,1971,388,5,1288,0,0,0,0,0,3761,4631.46,0.992583,7.92975,599918,184,59320,2256,1759225,736,237280,9024,32,4,867412,1712166,27757184,6848664,34605848,4,4,12,4,49,16,12,20,20,20260807,5,1,1,1,0,0,0,6685,0.278542,1,0.0015,0
3346,29346.1,10,0,2.42671,7.76187,0,0,0,10.1886,361,361,0,1,2.03342,2.03342,1971,388,5,1288,0,0,0,0,0,3761,4631.46,0.992583,7.92975,599918,184,59320,2256,1759225,736,237280,9024,32,4,867412,1712166,27757184,6848664,34605848,4,4,12,4,49,16,12,20,20,20260807,5,1,1,1,0,0,0,6686,0.278583,1,0.0015,1
3347,29352.5,7,0,2.25062,4.02158,0,0,0,6.27221,361,361,0,1,2.03342,2.03342,1971,388,5,1288,0,0,0,0,0,3761,4631.46,0.992583,7.92975,599918,184,59320,2256,1759225,736,237280,9024,32,4,867412,1712166,27757184,6848664,34605848,4,4,12,4,49,16,12,20,20,20260807,5,1,1,1,0,0,0,6686,0.278583,1,0.0015,0
3348,29362.9,11,0,2.44571,7.87925,0,0,0,10.325,361,361,0,1,2.03342,2.03342,1971,388,5,1288,0,0,0,0,0,3761,4631.46,0.992583,7.92975,599918,184,59320,2256,1759225,736,237280,9024,32,4,867412,1712166,27757184,6848664,34605848,4,4,12,4,49,16,12,20,20,20260807,5,1,1,1,0,0,0,6686,0.278583,1,0.0015,0
3349,29369.6,7,0,2.31683,4.28033,0,0,0,6.59717,361,361,0,1,2.03342,2.03342,1971,388,5,1288,0,0,0,0,0,3761,4631.46,0.992583,7.92975,599918,184,59320,2256,1759225,736,237280,9024,32,4,867412,1712166,27757184,6848664,34605848,4,4,12,4,49,16,12,20,20,20260807,5,1,1,1,0,0,0,6686,0.278583,1,0.0015,0
3350,29379.6,9,0,2.41383,7.54004,0,0,0,9.95388,361,361,0,1,2.03342,2.03342,1971,388,5,1288,0,0,0,0,0,3761,4631.46,0.992583,7.92975,599918,184,59320,2256,1759225,736,237280,9024,32,4,867412,1712166,27757184,6848664,34605848,4,4,12,4,49,16,12,20,20,20260807,5,1,1,1,0,0,0,6686,0.278583,1,0.0015,0
3351,29386.3,6,0,2.23813,4.36304,0,0,0,6.60117,361,361,0,1,2.03342,2.03342,1971,388,5,1288,0,0,0,0,0,3761,4631.46,0.992583,7.92975,599918,184,59320,2256,1759225,736,237280,9024,32,4,867412,1712166,27757184,6848664,34605848,4,4,12,4,49,16,12,20,20,20260807,5,1,1,1,0,0,0,6686,0.278583,1,0.0015,0
3352,29396.2,10,0,2.36204,7.52483,0,0,0,9.88687,361,361,0,1,2.03342,2.03342,1971,388,5,1288,0,0,0,0,0,3761,4631.46,0.992583,7.92975,599918,184,59320,2256,1759225,736,237280,9024,32,4,867412,1712166,27757184,6848664,34605848,4,4,12,4,49,16,12,20,20,20260807,5,1,1,1,0,0,0,6687,0.278625,1,0.0015,1
3353,29402.8,7,0,2.35629,4.16696,0,0,0,6.52325,361,361,0,1,2.03342,2.03342,1971,388,5,1288,0,0,0,0,0,3761,4631.46,0.992583,7.92975,599918,184,59320,2256,1759225,736,237280,9024,32,4,867412,1712166,27757184,6848664,34605848,4,4,12,4,49,16,12,20,20,20260807,5,1,1,1,0,0,0,6687,0.278625,1,0.0015,0
3354,29412.8,10,0,2.35658,7.53596,0,0,0,9.89254,361,361,0,1,2.03342,2.03342,1971,388,5,1288,0,0,0,0,0,3761,4631.46,0.992583,7.92975,599918,184,59320,2256,1759225,736,237280,9024,32,4,867412,1712166,27757184,6848664,34605848,4,4,12,4,49,16,12,20,20,20260807,5,1,1,1,0,0,0,6687,0.278625,1,0.0015,0
3355,29419.6,7,0,2.35775,4.32096,0,0,0,6.67871,361,361,0,1,2.03342,2.03342,1971,388,5,1288,0,0,0,0,0,3761,4631.46,0.992583,7.92975,599918,184,59320,2256,1759225,736,237280,9024,32,4,867412,1712166,27757184,6848664,34605848,4,4,12,4,49,16,12,20,20,20260807,5,1,1,1,0,0,0,6687,0.278625,1,0.0015,0
3356,29430.3,10,0,2.41383,8.25404,0,0,0,10.6679,361,361,0,1,2.03342,2.03342,1971,388,5,1288,0,0,0,0,0,3761,4631.46,0.992583,7.92975,599918,184,59320,2256,1759225,736,237280,9024,32,4,867412,1712166,27757184,6848664,34605848,4,4,12,4,49,16,12,20,20,20260807,5,1,1,1,0,0,0,6687,0.278625,1,0.0015,0
3357,29436.9,7,0,2.30392,4.1575,0,0,0,6.46142,361,361,0,1,2.03342,2.03342,1971,388,5,1288,0,0,0,0,0,3761,4631.46,0.992583,7.92975,599918,184,59320,2256,1759225,736,237280,9024,32,4,867412,1712166,27757184,6848664,34605848,4,4,12,4,49,16,12,20,20,20260807,5,1,1,1,0,0,0,6687,0.278625,1,0.0015,0
3358,29446.8,10,0,2.30417,7.54371,0,0,0,9.84788,361,361,0,1,2.03342,2.03342,1971,388,5,1288,0,0,0,0,0,3761,4631.46,0.992583,7.92975,599918,184,59320,2256,1759225,736,237280,9024,32,4,867412,1712166,27757184,6848664,34605848,4,4,12,4,49,16,12,20,20,20260807,5,1,1,1,0,0,0,6688,0.278667,1,0.0015,1
3359,29453.6,7,0,2.55942,4.14363,0,0,0,6.70304,361,361,0,1,2.03342,2.03342,1971,388,5,1288,0,0,0,0,0,3761,4631.46,0.992583,7.92975,599918,184,59320,2256,1759225,736,237280,9024,32,4,867412,1712166,27757184,6848664,34605848,4,4,12,4,49,16,12,20,20,20260807,5,1,1,1,0,0,0,6688,0.278667,1,0.0015,0
3360,29463.7,10,0,2.36883,7.62758,0,0,0,9.99642,361,361,0,1,2.03342,2.03342,1971,388,5,1288,0,0,0,0,0,3761,4631.46,0.992583,7.92975,599918,184,59320,2256,1759225,736,237280,9024,32,4,867412,1712166,27757184,6848664,34605848,4,4,12,4,49,16,12,20,20,20260807,5,1,1,1,0,0,0,6688,0.278667,1,0.0015,0
3361,29470.1,6,0,2.42862,3.88433,0,0,0,6.31296,361,361,0,1,2.03342,2.03342,1971,388,5,1288,0,0,0,0,0,3761,4631.46,0.992583,7.92975,599918,184,59320,2256,1759225,736,237280,9024,32,4,867412,1712166,27757184,6848664,34605848,4,4,12,4,49,16,12,20,20,20260807,5,1,1,1,0,0,0,6688,0.278667,1,0.0015,0
3362,29479.3,10,0,2.36125,6.79883,0,0,0,9.16008,361,361,0,1,2.03342,2.03342,1971,388,5,1288,0,0,0,0,0,3761,4631.46,0.992583,7.92975,599918,184,59320,2256,1759225,736,237280,9024,32,4,867412,1712166,27757184,6848664,34605848,4,4,12,4,49,16,12,20,20,20260807,5,1,1,1,0,0,0,6688,0.278667,1,0.0015,0
3363,29486.1,6,0,2.231,4.39971,0,0,0,6.63071,361,361,0,1,2.03342,2.03342,1971,388,5,1288,0,0,0,0,0,3761,4631.46,0.992583,7.92975,599918,184,59320,2256,1759225,736,237280,9024,32,4,867412,1712166,27757184,6848664,34605848,4,4,12,4,49,16,12,20,20,20260807,5,1,1,1,0,0,0,6688,0.278667,1,0.0015,0
3364,29498.2,12,0,2.39712,9.63796,0,0,0,12.0351,361,361,0,1,2.03342,2.03342,1971,388,5,1288,0,0,0,0,0,3761,4631.46,0.992583,7.92975,599918,184,59320,2256,1759225,736,237280,9024,32,4,867412,1712166,27757184,6848664,34605848,4,4,12,4,49,16,12,20,20,20260807,5,1,1,1,0,0,0,6689,0.278708,1,0.0015,1
3365,29504.9,7,0,2.42775,4.11263,0,0,0,6.54038,361,361,0,1,2.03342,2.03342,1971,388,5,1288,0,0,0,0,0,3761,4631.46,0.992583,7.92975,599918,184,59320,2256,1759225,736,237280,9024,32,4,867412,1712166,27757184,6848664,34605848,4,4,12,4,49,16,12,20,20,20260807,5,1,1,1,0,0,0,6689,0.278708,1,0.0015,0
3366,29513,8,0,2.26633,5.82846,0,0,0,8.09479,361,361,0,1,2.03342,2.03342,1971,388,5,1288,0,0,0,0,0,3761,4631.46,0.992583,7.92975,599918,184,59320,2256,1759225,736,237280,9024,32,4,867412,1712166,27757184,6848664,34605848,4,4,12,4,49,16,12,20,20,20260807,5,1,1,1,0,0,0,6689,0.278708,1,0.0015,0
3367,29519.8,7,0,2.53354,4.16904,0,0,0,6.70258,361,361,0,1,2.03342,2.03342,1971,388,5,1288,0,0,0,0,0,3761,4631.46,0.992583,7.92975,599918,184,59320,2256,1759225,736,237280,9024,32,4,867412,1712166,27757184,6848664,34605848,4,4,12,4,49,16,12,20,20,20260807,5,1,1,1,0,0,0,6689,0.278708,1,0.0015,0
3368,29531.5,12,0,2.48004,9.07929,0,0,0,11.5593,361,361,0,1,2.03342,2.03342,1971,388,5,1288,0,0,0,0,0,3761,4631.46,0.992583,7.92975,599918,184,59320,2256,1759225,736,237280,9024,32,4,867412,1712166,27757184,6848664,34605848,4,4,12,4,49,16,12,20,20,20260807,5,1,1,1,0,0,0,6689,0.278708,1,0.0015,0
3369,29538.5,7,0,2.35154,4.57429,0,0,0,6.92583,361,361,0,1,2.03342,2.03342,1971,388,5,1288,0,0,0,0,0,3761,4631.46,0.992583,7.92975,599918,184,59320,2256,1759225,736,237280,9024,32,4,867412,1712166,27757184,6848664,34605848,4,4,12,4,49,16,12,20,20,20260807,5,1,1,1,0,0,0,6689,0.278708,1,0.0015,0
3370,29547.3,8,0,2.315,6.43879,0,0,0,8.75379,361,361,0,1,2.03342,2.03342,1971,388,5,1288,0,0,0,0,0,3761,4631.46,0.992583,7.92975,599918,184,59320,2256,1759225,736,237280,9024,32,4,867412,1712166,27757184,6848664,34605848,4,4,12,4,49,16,12,20,20,20260807,5,1,1,1,0,0,0,6690,0.27875,1,0.0015,1
3371,29553.7,7,0,2.30421,4.06225,0,0,0,6.36646,361,361,0,1,2.03342,2.03342,1971,388,5,1288,0,0,0,0,0,3761,4631.46,0.992583,7.92975,599918,184,59320,2256,1759225,736,237280,9024,32,4,867412,1712166,27757184,6848664,34605848,4,4,12,4,49,16,12,20,20,20260807,5,1,1,1,0,0,0,6690,0.27875,1,0.0015,0
3372,29563.2,9,0,2.32133,7.05675,0,0,0,9.37808,361,361,0,1,2.03342,2.03342,1971,388,5,1288,0,0,0,0,0,3761,4631.46,0.992583,7.92975,599918,184,59320,2256,1759225,736,237280,9024,32,4,867412,1712166,27757184,6848664,34605848,4,4,12,4,49,16,12,20,20,20260807,5,1,1,1,0,0,0,6690,0.27875,1,0.0015,0
3373,29569.6,7,0,2.21658,4.10517,0,0,0,6.32175,361,361,0,1,2.03342,2.03342,1971,388,5,1288,0,0,0,0,0,3761,4631.46,0.992583,7.92975,599918,184,59320,2256,1759225,736,237280,9024,32,4,867412,1712166,27757184,6848664,34605848,4,4,12,4,49,16,12,20,20,20260807,5,1,1,1,0,0,0,6690,0.27875,1,0.0015,0
3374,29579.7,10,0,2.42612,7.55488,0,0,0,9.981,361,361,0,1,2.03342,2.03342,1971,388,5,1288,0,0,0,0,0,3761,4631.46,0.992583,7.92975,599918,184,59320,2256,1759225,736,237280,9024,32,4,867412,1712166,27757184,6848664,34605848,4,4,12,4,49,16,12,20,20,20260807,5,1,1,1,0,0,0,6690,0.27875,1,0.0015,0
3375,29586,6,0,2.33129,3.87342,0,0,0,6.20471,361,361,0,1,2.03342,2.03342,1971,388,5,1288,0,0,0,0,0,3761,4631.46,0.992583,7.92975,599918,184,59320,2256,1759225,736,237280,9024,32,4,867412,1712166,27757184,6848664,34605848,4,4,12,4,49,16,12,20,20,20260807,5,1,1,1,0,0,0,6690,0.27875,1,0.0015,0
3376,29597.2,11,0,2.38929,8.7205,0,0,0,11.1098,361,361,0,1,2.03342,2.03342,1971,388,5,1288,0,0,0,0,0,3761,4631.46,0.992583,7.92975,599918,184,59320,2256,1759225,736,237280,9024,32,4,867412,1712166,27757184,6848664,34605848,4,4,12,4,49,16,12,20,20,20260807,5,1,1,1,0,0,0,6691,0.278792,1,0.0015,1
3377,29604.3,7,0,2.37571,4.64896,0,0,0,7.02467,361,361,0,1,2.03342,2.03342,1971,388,5,1288,0,0,0,0,0,3761,4631.46,0.992583,7.92975,599918,184,59320,2256,1759225,736,237280,9024,32,4,867412,1712166,27757184,6848664,34605848,4,4,12,4,49,16,12,20,20,20260807,5,1,1,1,0,0,0,6691,0.278792,1,0.0015,0
3378,29613.5,10,0,2.21929,6.88563,0,0,0,9.10492,361,361,0,1,2.03342,2.03342,1971,388,5,1288,0,0,0,0,0,3761,4631.46,0.992583,7.92975,599918,184,59320,2256,1759225,736,237280,9024,32,4,867412,1712166,27757184,6848664,34605848,4,4,12,4,49,16,12,20,20,20260807,5,1,1,1,0,0,0,6691,0.278792,1,0.0015,0
3379,29620.1,6,0,2.41196,4.09721,0,0,0,6.50917,361,361,0,1,2.03342,2.03342,1971,388,5,1288,0,0,0,0,0,3761,4631.46,0.992583,7.92975,599918,184,59320,2256,1759225,736,237280,9024,32,4,867412,1712166,27757184,6848664,34605848,4,4,12,4,49,16,12,20,20,20260807,5,1,1,1,0,0,0,6691,0.278792,1,0.0015,0
3380,29629.5,10,0,2.39375,6.871,0,0,0,9.26475,361,361,0,1,2.03342,2.03342,1971,388,5,1288,0,0,0,0,0,3761,4631.46,0.992583,7.92975,599918,184,59320,2256,1759225,736,237280,9024,32,4,867412,1712166,27757184,6848664,34605848,4,4,12,4,49,16,12,20,20,20260807,5,1,1,1,0,0,0,6691,0.278792,1,0.0015,0
3381,29635.9,6,0,2.46963,3.88771,0,0,0,6.35733,361,361,0,1,2.03342,2.03342,1971,388,5,1288,0,0,0,0,0,3761,4631.46,0.992583,7.92975,599918,184,59320,2256,1759225,736,237280,9024,32,4,867412,1712166,27757184,6848664,34605848,4,4,12,4,49,16,12,20,20,20260807,5,1,1,1,0,0,0,6691,0.278792,1,0.0015,0
3382,29646.8,11,0,2.49742,8.34917,0,0,0,10.8466,361,361,0,1,2.03342,2.03342,1971,388,5,1288,0,0,0,0,0,3761,4631.46,0.992583,7.92975,599918,184,59320,2256,1759225,736,237280,9024,32,4,867412,1712166,27757184,6848664,34605848,4,4,12,4,49,16,12,20,20,20260807,5,1,1,1,0,0,0,6692,0.278833,1,0.0015,1
3383,29653.7,7,0,2.3905,4.35167,0,0,0,6.74217,361,361,0,1,2.03342,2.03342,1971,388,5,1288,0,0,0,0,0,3761,4631.46,0.992583,7.92975,599918,184,59320,2256,1759225,736,237280,9024,32,4,867412,1712166,27757184,6848664,34605848,4,4,12,4,49,16,12,20,20,20260807,5,1,1,1,0,0,0,6692,0.278833,1,0.0015,0
3384,29663.5,10,0,2.23838,7.56571,0,0,0,9.80408,361,361,0,1,2.03342,2.03342,1971,388,5,1288,0,0,0,0,0,3761,4631.46,0.992583,7.92975,599918,184,59320,2256,1759225,736,237280,9024,32,4,867412,1712166,27757184,6848664,34605848,4,4,12,4,49,16,12,20,20,20260807,5,1,1,1,0,0,0,6692,0.278833,1,0.0015,0
3385,29671.1,7,0,2.53321,4.88692,0,0,0,7.42012,361,361,0,1,2.03342,2.03342,1971,388,5,1288,0,0,0,0,0,3761,4631.46,0.992583,7.92975,599918,184,59320,2256,1759225,736,237280,9024,32,4,867412,1712166,27757184,6848664,34605848,4,4,12,4,49,16,12,20,20,20260807,5,1,1,1,0,0,0,6692,0.278833,1,0.0015,0
3386,29679.9,9,0,2.56558,6.22329,0,0,0,8.78888,361,361,0,1,2.03342,2.03342,1971,388,5,1288,0,0,0,0,0,3761,4631.46,0.992583,7.92975,599918,184,59320,2256,1759225,736,237280,9024,32,4,867412,1712166,27757184,6848664,34605848,4,4,12,4,49,16,12,20,20,20260807,5,1,1,1,0,0,0,6692,0.278833,1,0.0015,0
3387,29686.7,7,0,2.41333,4.28221,0,0,0,6.69554,361,361,0,1,2.03342,2.03342,1971,388,5,1288,0,0,0,0,0,3761,4631.46,0.992583,7.92975,599918,184,59320,2256,1759225,736,237280,9024,32,4,867412,1712166,27757184,6848664,34605848,4,4,12,4,49,16,12,20,20,20260807,5,1,1,1,0,0,0,6692,0.278833,1,0.0015,0
3388,29696.7,10,0,2.41054,7.389,0,0,0,9.79954,361,361,0,1,2.03342,2.03342,1971,388,5,1288,0,0,0,0,0,3761,4631.46,0.992583,7.92975,599918,184,59320,2256,1759225,736,237280,9024,32,4,867412,1712166,27757184,6848664,34605848,4,4,12,4,49,16,12,20,20,20260807,5,1,1,1,0,0,0,6693,0.278875,1,0.0015,1
3389,29703.4,7,0,2.43987,4.19558,0,0,0,6.63546,361,361,0,1,2.03342,2.03342,1971,388,5,1288,0,0,0,0,0,3761,4631.46,0.992583,7.92975,599918,184,59320,2256,1759225,736,237280,9024,32,4,867412,1712166,27757184,6848664,34605848,4,4,12,4,49,16,12,20,20,20260807,5,1,1,1,0,0,0,6693,0.278875,1,0.0015,0
3390,29713.1,9,0,2.57412,7.02954,0,0,0,9.60367,361,361,0,1,2.03342,2.03342,1971,388,5,1288,0,0,0,0,0,3761,4631.46,0.992583,7.92975,599918,184,59320,2256,1759225,736,237280,9024,32,4,867412,1712166,27757184,6848664,34605848,4,4,12,4,49,16,12,20,20,20260807,5,1,1,1,0,0,0,6693,0.278875,1,0.0015,0
3391,29719.7,7,0,2.58271,3.98183,0,0,0,6.56454,361,361,0,1,2.03342,2.03342,1971,388,5,1288,0,0,0,0,0,3761,4631.46,0.992583,7.92975,599918,184,59320,2256,1759225,736,237280,9024,32,4,867412,1712166,27757184,6848664,34605848,4,4,12,4,49,16,12,20,20,20260807,5,1,1,1,0,0,0,6693,0.278875,1,0.0015,0
3392,29729.5,10,0,2.39288,7.27046,0,0,0,9.66333,361,361,0,1,2.03342,2.03342,1971,388,5,1288,0,0,0,0,0,3761,4631.46,0.992583,7.92975,599918,184,59320,2256,1759225,736,237280,9024,32,4,867412,1712166,27757184,6848664,34605848,4,4,12,4,49,16,12,20,20,20260807,5,1,1,1,0,0,0,6693,0.278875,1,0.0015,0
3393,29735.8,6,0,2.45983,3.79387,0,0,0,6.25371,361,361,0,1,2.03342,2.03342,1971,388,5,1288,0,0,0,0,0,3761,4631.46,0.992583,7.92975,599918,184,59320,2256,1759225,736,237280,9024,32,4,867412,1712166,27757184,6848664,34605848,4,4,12,4,49,16,12,20,20,20260807,5,1,1,1,0,0,0,6693,0.278875,1,0.0015,0
3394,29746.1,10,0,2.39825,7.83054,0,0,0,10.2288,361,361,0,1,2.03342,2.03342,1971,388,5,1288,0,0,0,0,0,3761,4631.46,0.992583,7.92975,599918,184,59320,2256,1759225,736,237280,9024,32,4,867412,1712166,27757184,6848664,34605848,4,4,12,4,49,16,12,20,20,20260807,5,1,1,1,0,0,0,6694,0.278917,1,0.0015,1
3395,29752.8,7,0,2.43117,4.13508,0,0,0,6.56625,361,361,0,1,2.03342,2.03342,1971,388,5,1288,0,0,0,0,0,3761,4631.46,0.992583,7.92975,599918,184,59320,2256,1759225,736,237280,9024,32,4,867412,1712166,27757184,6848664,34605848,4,4,12,4,49,16,12,20,20,20260807,5,1,1,1,0,0,0,6694,0.278917,1,0.0015,0
3396,29763.5,11,0,2.32008,8.309,0,0,0,10.6291,361,361,0,1,2.03342,2.03342,1971,388,5,1288,0,0,0,0,0,3761,4631.46,0.992583,7.92975,599918,184,59320,2256,1759225,736,237280,9024,32,4,867412,1712166,27757184,6848664,34605848,4,4,12,4,49,16,12,20,20,20260807,5,1,1,1,0,0,0,6694,0.278917,1,0.0015,0
3397,29770.3,6,0,2.4035,4.30254,0,0,0,6.70604,361,361,0,1,2.03342,2.03342,1971,388,5,1288,0,0,0,0,0,3761,4631.46,0.992583,7.92975,599918,184,59320,2256,1759225,736,237280,9024,32,4,867412,1712166,27757184,6848664,34605848,4,4,12,4,49,16,12,20,20,20260807,5,1,1,1,0,0,0,6694,0.278917,1,0.0015,0
3398,29780,10,0,2.23275,7.38771,0,0,0,9.62046,361,361,0,1,2.03342,2.03342,1971,388,5,1288,0,0,0,0,0,3761,4631.46,0.992583,7.92975,599918,184,59320,2256,1759225,736,237280,9024,32,4,867412,1712166,27757184,6848664,34605848,4,4,12,4,49,16,12,20,20,20260807,5,1,1,1,0,0,0,6694,0.278917,1,0.0015,0
3399,29787.8,8,0,2.33513,5.39104,0,0,0,7.72617,361,361,0,1,2.03342,2.03342,1971,388,5,1288,0,0,0,0,0,3761,4631.46,0.992583,7.92975,599918,184,59320,2256,1759225,736,237280,9024,32,4,867412,1712166,27757184,6848664,34605848,4,4,12,4,49,16,12,20,20,20260807,5,1,1,1,0,0,0,6694,0.278917,1,0.0015,0
3400,29797.4,10,0,2.35658,7.16829,0,0,0,9.52487,361,361,0,1,2.03342,2.03342,1971,388,5,1288,0,0,0,0,0,3761,4631.46,0.992583,7.92975,599918,184,59320,2256,1759225,736,237280,9024,32,4,867412,1712166,27757184,6848664,34605848,4,4,12,4,49,16,12,20,20,20260807,5,1,1,1,0,0,0,6695,0.278958,1,0.0015,1
3401,29803.9,6,0,2.37729,4.05442,0,0,0,6.43171,361,361,0,1,2.03342,2.03342,1971,388,5,1288,0,0,0,0,0,3761,4631.46,0.992583,7.92975,599918,184,59320,2256,1759225,736,237280,9024,32,4,867412,1712166,27757184,6848664,34605848,4,4,12,4,49,16,12,20,20,20260807,5,1,1,1,0,0,0,6695,0.278958,1,0.0015,0
3402,29813.5,10,0,2.37696,7.08875,0,0,0,9.46571,361,361,0,1,2.03342,2.03342,1971,388,5,1288,0,0,0,0,0,3761,4631.46,0.992583,7.92975,599918,184,59320,2256,1759225,736,237280,9024,32,4,867412,1712166,27757184,6848664,34605848,4,4,12,4,49,16,12,20,20,20260807,5,1,1,1,0,0,0,6695,0.278958,1,0.0015,0
3403,29819.9,6,0,2.20704,4.15717,0,0,0,6.36421,361,361,0,1,2.03342,2.03342,1971,388,5,1288,0,0,0,0,0,3761,4631.46,0.992583,7.92975,599918,184,59320,2256,1759225,736,237280,9024,32,4,867412,1712166,27757184,6848664,34605848,4,4,12,4,49,16,12,20,20,20260807,5,1,1,1,0,0,0,6695,0.278958,1,0.0015,0
3404,29829.9,10,0,2.22396,7.71713,0,0,0,9.94108,361,361,0,1,2.03342,2.03342,1971,388,5,1288,0,0,0,0,0,3761,4631.46,0.992583,7.92975,599918,184,59320,2256,1759225,736,237280,9024,32,4,867412,1712166,27757184,6848664,34605848,4,4,12,4,49,16,12,20,20,20260807,5,1,1,1,0,0,0,6695,0.278958,1,0.0015,0
3405,29836.8,7,0,2.55437,4.20846,0,0,0,6.76283,361,361,0,1,2.03342,2.03342,1971,388,5,1288,0,0,0,0,0,3761,4631.46,0.992583,7.92975,599918,184,59320,2256,1759225,736,237280,9024,32,4,867412,1712166,27757184,6848664,34605848,4,4,12,4,49,16,12,20,20,20260807,5,1,1,1,0,0,0,6695,0.278958,1,0.0015,0
3406,29846.5,10,0,2.42954,7.20937,0,0,0,9.63892,361,361,0,1,2.03342,2.03342,1971,388,5,1288,0,0,0,0,0,3761,4631.46,0.992583,7.92975,599918,184,59320,2256,1759225,736,237280,9024,32,4,867412,1712166,27757184,6848664,34605848,4,4,12,4,49,16,12,20,20,20260807,5,1,1,1,0,0,0,6696,0.279,1,0.0015,1
3407,29852.8,6,0,2.37071,3.80354,0,0,0,6.17425,361,361,0,1,2.03342,2.03342,1971,388,5,1288,0,0,0,0,0,3761,4631.46,0.992583,7.92975,599918,184,59320,2256,1759225,736,237280,9024,32,4,867412,1712166,27757184,6848664,34605848,4,4,12,4,49,16,12,20,20,20260807,5,1,1,1,0,0,0,6696,0.279,1,0.0015,0
3408,29863.5,11,0,2.32258,8.25671,0,0,0,10.5793,361,361,0,1,2.03342,2.03342,1971,388,5,1288,0,0,0,0,0,3761,4631.46,0.992583,7.92975,599918,184,59320,2256,1759225,736,237280,9024,32,4,867412,1712166,27757184,6848664,34605848,4,4,12,4,49,16,12,20,20,20260807,5,1,1,1,0,0,0,6696,0.279,1,0.0015,0
3409,29869.7,6,0,2.31521,3.8835,0,0,0,6.19871,361,361,0,1,2.03342,2.03342,1971,388,5,1288,0,0,0,0,0,3761,4631.46,0.992583,7.92975,599918,184,59320,2256,1759225,736,237280,9024,32,4,867412,1712166,27757184,6848664,34605848,4,4,12,4,49,16,12,20,20,20260807,5,1,1,1,0,0,0,6696,0.279,1,0.0015,0
3410,29879.7,10,0,2.37625,7.54583,0,0,0,9.92208,361,361,0,1,2.03342,2.03342,1971,388,5,1288,0,0,0,0,0,3761,4631.46,0.992583,7.92975,599918,184,59320,2256,1759225,736,237280,9024,32,4,867412,1712166,27757184,6848664,34605848,4,4,12,4,49,16,12,20,20,20260807,5,1,1,1,0,0,0,6696,0.279,1,0.0015,0
3411,29886.6,7,0,2.42008,4.40208,0,0,0,6.82217,361,361,0,1,2.03342,2.03342,1971,388,5,1288,0,0,0,0,0,3761,4631.46,0.992583,7.92975,599918,184,59320,2256,1759225,736,237280,9024,32,4,867412,1712166,27757184,6848664,34605848,4,4,12,4,49,16,12,20,20,20260807,5,1,1,1,0,0,0,6696,0.279,1,0.0015,0
3412,29896.3,9,0,2.18517,7.36188,0,0,0,9.54704,361,361,0,1,2.03342,2.03342,1971,388,5,1288,0,0,0,0,0,3761,4631.46,0.992583,7.92975,599918,184,59320,2256,1759225,736,237280,9024,32,4,867412,1712166,27757184,6848664,34605848,4,4,12,4,49,16,12,20,20,20260807,5,1,1,1,0,0,0,6697,0.279042,1,0.0015,1
3413,29903.5,8,0,2.33454,4.83537,0,0,0,7.16992,361,361,0,1,2.03342,2.03342,1971,388,5,1288,0,0,0,0,0,3761,4631.46,0.992583,7.92975,599918,184,59320,2256,1759225,736,237280,9024,32,4,867412,1712166,27757184,6848664,34605848,4,4,12,4,49,16,12,20,20,20260807,5,1,1,1,0,0,0,6697,0.279042,1,0.0015,0
3414,29912.8,9,0,2.44963,6.75042,0,0,0,9.20004,361,361,0,1,2.03342,2.03342,1971,388,5,1288,0,0,0,0,0,3761,4631.46,0.992583,7.92975,599918,184,59320,2256,1759225,736,237280,9024,32,4,867412,1712166,27757184,6848664,34605848,4,4,12,4,49,16,12,20,20,20260807,5,1,1,1,0,0,0,6697,0.279042,1,0.0015,0
3415,29918.8,6,0,2.3495,3.57867,0,0,0,5.92817,361,361,0,1,2.03342,2.03342,1971,388,5,1288,0,0,0,0,0,3761,4631.46,0.992583,7.92975,599918,184,59320,2256,1759225,736,237280,9024,32,4,867412,1712166,27757184,6848664,34605848,4,4,12,4,49,16,12,20,20,20260807,5,1,1,1,0,0,0,6697,0.279042,1,0.0015,0
3416,29929.8,11,0,2.90488,7.90729,0,0,0,10.8122,361,361,0,1,2.03342,2.03342,1971,388,5,1288,0,0,0,0,0,3761,4631.46,0.992583,7.92975,599918,184,59320,2256,1759225,736,237280,9024,32,4,867412,1712166,27757184,6848664,34605848,4,4,12,4,49,16,12,20,20,20260807,5,1,1,1,0,0,0,6697,0.279042,1,0.0015,0
3417,29936.9,7,0,2.71229,4.30008,0,0,0,7.01237,361,361,0,1,2.03342,2.03342,1971,388,5,1288,0,0,0,0,0,3761,4631.46,0.992583,7.92975,599918,184,59320,2256,1759225,736,237280,9024,32,4,867412,1712166,27757184,6848664,34605848,4,4,12,4,49,16,12,20,20,20260807,5,1,1,1,0,0,0,6697,0.279042,1,0.0015,0
3418,29946.3,9,0,2.42362,6.8855,0,0,0,9.30912,361,361,0,1,2.03342,2.03342,1971,388,5,1288,0,0,0,0,0,3761,4631.46,0.992583,7.92975,599918,184,59320,2256,1759225,736,237280,9024,32,4,867412,1712166,27757184,6848664,34605848,4,4,12,4,49,16,12,20,20,20260807,5,1,1,1,0,0,0,6698,0.279083,1,0.0015,1
3419,29953.2,7,0,2.45637,4.4275,0,0,0,6.88387,361,361,0,1,2.03342,2.03342,1971,388,5,1288,0,0,0,0,0,3761,4631.46,0.992583,7.92975,599918,184,59320,2256,1759225,736,237280,9024,32,4,867412,1712166,27757184,6848664,34605848,4,4,12,4,49,16,12,20,20,20260807,5,1,1,1,0,0,0,6698,0.279083,1,0.0015,0
3420,29962.8,10,0,2.53575,6.91025,0,0,0,9.446,361,361,0,1,2.03342,2.03342,1971,388,5,1288,0,0,0,0,0,3761,4631.46,0.992583,7.92975,599918,184,59320,2256,1759225,736,237280,9024,32,4,867412,1712166,27757184,6848664,34605848,4,4,12,4,49,16,12,20,20,20260807,5,1,1,1,0,0,0,6698,0.279083,1,0.0015,0
3421,29969.8,7,0,2.84042,4.09733,0,0,0,6.93775,361,361,0,1,2.03342,2.03342,1971,388,5,1288,0,0,0,0,0,3761,4631.46,0.992583,7.92975,599918,184,59320,2256,1759225,736,237280,9024,32,4,867412,1712166,27757184,6848664,34605848,4,4,12,4,49,16,12,20,20,20260807,5,1,1,1,0,0,0,6698,0.279083,1,0.0015,0
3422,29980.1,10,0,2.39158,7.81996,0,0,0,10.2115,361,361,0,1,2.03342,2.03342,1971,388,5,1288,0,0,0,0,0,3761,4631.46,0.992583,7.92975,599918,184,59320,2256,1759225,736,237280,9024,32,4,867412,1712166,27757184,6848664,34605848,4,4,12,4,49,16,12,20,20,20260807,5,1,1,1,0,0,0,6698,0.279083,1,0.0015,0
3423,29986.6,7,0,2.47654,3.98896,0,0,0,6.4655,361,361,0,1,2.03342,2.03342,1971,388,5,1288,0,0,0,0,0,3761,4631.46,0.992583,7.92975,599918,184,59320,2256,1759225,736,237280,9024,32,4,867412,1712166,27757184,6848664,34605848,4,4,12,4,49,16,12,20,20,20260807,5,1,1,1,0,0,0,6698,0.279083,1,0.0015,0
3424,29996.4,10,0,2.62133,7.09021,0,0,0,9.71154,361,361,0,1,2.03342,2.03342,1971,388,5,1288,0,0,0,0,0,3761,4631.46,0.992583,7.92975,599918,184,59320,2256,1759225,736,237280,9024,32,4,867412,1712166,27757184,6848664,34605848,4,4,12,4,49,16,12,20,20,20260807,5,1,1,1,0,0,0,6699,0.279125,1,0.0015,1
3425,30003.5,7,0,2.75537,4.21558,0,0,0,6.97096,361,361,0,1,2.03342,2.03342,1971,388,5,1288,0,0,0,0,0,3761,4631.46,0.992583,7.92975,599918,184,59320,2256,1759225,736,237280,9024,32,4,867412,1712166,27757184,6848664,34605848,4,4,12,4,49,16,12,20,20,20260807,5,1,1,1,0,0,0,6699,0.279125,1,0.0015,0
